#host_mono_ns,seq,pos_x,pos_y,pos_z,quat_x,quat_y,quat_z,quat_w
24008964763391,11624,-0.610256732,0.0100785717,-1.24218583,0.0970563218,0.792940974,0.422547609,-0.428110182
24008981542193,11640,-0.609191954,0.00766780972,-1.23878646,0.0968185961,0.794548213,0.429018855,-0.418643296
24008998453235,11657,-0.608328283,0.00614885241,-1.23469627,0.0945040658,0.798606634,0.432377458,-0.407855719
24009014863443,11674,-0.607870758,0.00559480488,-1.23006248,0.0903458446,0.804673493,0.432778329,-0.396284133
24009031548079,11690,-0.60760355,0.00589384139,-1.22541285,0.0854590982,0.811623812,0.431645036,-0.384247452
24009048219902,11707,-0.607470751,0.0069706589,-1.22036445,0.0796802193,0.819852054,0.42969051,-0.369945586
24009064862558,11723,-0.608076215,0.00838515162,-1.21541107,0.0738653913,0.828131735,0.427352905,-0.355121523
24009083780683,11741,-0.60922116,0.0100998953,-1.20974779,0.0670273677,0.837866664,0.42428562,-0.336851031
24009098720110,11757,-0.610269129,0.0115636587,-1.20470452,0.0604419485,0.846753597,0.421162277,-0.319339216
24009114863964,11773,-0.611694813,0.0129959583,-1.19967294,0.05307642,0.855773687,0.41749382,-0.300887406
24009131526360,11789,-0.613266289,0.0140002966,-1.19466543,0.0450268537,0.864869535,0.413290918,-0.281360865
24009148203860,11806,-0.615318537,0.0148880482,-1.18941057,0.0361800082,0.874288082,0.408861488,-0.259120941
24009164878599,11823,-0.61784637,0.0157791823,-1.1844883,0.0274598915,0.883037806,0.405270368,-0.235045135
24009181936777,11839,-0.620434821,0.0161867365,-1.18013573,0.0195778422,0.890317023,0.403205127,-0.210660771
24009198194485,11855,-0.623469889,0.0164037421,-1.17604065,0.0119697833,0.896539927,0.402362764,-0.184870899
24009214880527,11872,-0.626960099,0.0163511932,-1.17195654,0.00388940447,0.901970208,0.402406693,-0.156535983
24009231531516,11889,-0.630872071,0.0159512609,-1.16817141,-0.00472654868,0.906311512,0.40285778,-0.127603516
24009248211152,11905,-0.634794831,0.0153294504,-1.16485846,-0.0135095296,0.909493804,0.403316528,-0.0998713225
24009265121568,11922,-0.639092088,0.0145042092,-1.16156459,-0.023507975,0.911931217,0.403662533,-0.0698955655
24009281528704,11938,-0.643414676,0.0137111396,-1.15871465,-0.0331808887,0.913321972,0.403774232,-0.0413330272
24009298463235,11955,-0.648073494,0.0127339661,-1.15580571,-0.0433754846,0.91403538,0.403160542,-0.0109361671
24009314863547,11972,-0.652985752,0.0116597936,-1.1532433,-0.0530668683,0.913993418,0.401787043,0.0191620253
24009331535058,11988,-0.657330096,0.0106419474,-1.15104163,-0.0614763722,0.913174689,0.400162548,0.0469323173
24009348345006,12004,-0.661691844,0.00962147117,-1.14906776,-0.0692483485,0.911809027,0.397896022,0.074079223
24009364875787,12022,-0.666627944,0.00857186317,-1.14712238,-0.0772940144,0.909980357,0.393994033,0.103586674
24009381572610,12038,-0.670713544,0.00778331608,-1.14527154,-0.0836704671,0.908151984,0.389624894,0.128264353
24009398207818,12054,-0.674998522,0.00713160634,-1.14341474,-0.0891274214,0.906103909,0.385126889,0.150696188
24009414888808,12071,-0.679508626,0.00647180527,-1.14108086,-0.0937521756,0.903973699,0.380277097,0.171555907
24009431587870,12088,-0.683632493,0.00562924892,-1.13783741,-0.0970559865,0.902379394,0.374906152,0.189042449
24009448194068,12104,-0.687316537,0.00443343073,-1.13401937,-0.0988859162,0.901759207,0.368988544,0.202236131
24009464892506,12120,-0.691138446,0.00268048048,-1.13003278,-0.0995803103,0.902042091,0.362328917,0.212418348
24009481582037,12138,-0.695128083,-0.000162146986,-1.12528825,-0.0989571884,0.90345192,0.353844941,0.220852733
24009498457714,12154,-0.698213696,-0.00372939557,-1.12058759,-0.0971021503,0.905724108,0.345196307,0.225996986
24009514866516,12170,-0.701514125,-0.00850448757,-1.11580741,-0.0943525583,0.908758581,0.335810512,0.229100063
24009531525422,12187,-0.704745948,-0.0148597583,-1.11049128,-0.0909209773,0.912268281,0.325950086,0.230773821
24009548236203,12203,-0.707658768,-0.0220586658,-1.10543847,-0.0874464139,0.915495992,0.317344755,0.231327862
24009564862245,12220,-0.710472465,-0.031080775,-1.10003269,-0.0836855844,0.918748796,0.30874601,0.23145926
24009581539016,12237,-0.712827384,-0.0415089875,-1.09456527,-0.0797604918,0.921707511,0.300881118,0.231439084
24009598649068,12254,-0.715288043,-0.0532161146,-1.08937073,-0.0753035694,0.924555421,0.293636709,0.230876967
24009614881308,12270,-0.717235267,-0.0650960654,-1.08439314,-0.0700971633,0.927686751,0.286041647,0.229486078
24009631537401,12286,-0.719334781,-0.0777864009,-1.07908058,-0.063970603,0.93170321,0.276234925,0.227005094
24009648197037,12303,-0.721210778,-0.0919635966,-1.0729928,-0.0562999584,0.936780334,0.263499737,0.223250687
24009664864901,12319,-0.722958267,-0.105728187,-1.06732237,-0.0484855957,0.94160533,0.251331359,0.218772024
24009681608026,12336,-0.725142598,-0.12092346,-1.06162572,-0.0402719267,0.946107209,0.240636617,0.212963477
24009698253391,12353,-0.726597786,-0.136796907,-1.05633545,-0.0325870365,0.949575305,0.233853623,0.206294373
24009714877818,12369,-0.727799296,-0.152434409,-1.05193007,-0.0261925384,0.951956749,0.230920106,0.199420154
24009731528808,12385,-0.728602409,-0.168734804,-1.04788351,-0.0207793899,0.953894973,0.230140522,0.191541344
24009748206776,12401,-0.729170978,-0.185487092,-1.04432344,-0.0163919814,0.955706298,0.230372384,0.182442829
24009764867974,12419,-0.730035901,-0.204665691,-1.04106641,-0.0126218041,0.957455635,0.232027486,0.171122074
24009781538808,12435,-0.730027258,-0.221950859,-1.03851891,-0.0105433026,0.958497703,0.235199615,0.160786167
24009798208860,12451,-0.729593635,-0.239379525,-1.03632724,-0.00961108506,0.95906359,0.239645004,0.15058212
24009814861828,12469,-0.72924006,-0.258957624,-1.03414333,-0.00978784543,0.959357738,0.245155185,0.139412761
24009831544380,12485,-0.729169309,-0.276140511,-1.0325675,-0.0107934484,0.95966202,0.249102369,0.129924268
24009848197245,12501,-0.729360163,-0.293150902,-1.03107607,-0.0125861159,0.960179329,0.251223743,0.121589564
24009864885058,12518,-0.729599476,-0.310881287,-1.02954113,-0.0150536858,0.960941255,0.25156489,0.114369862
24009881568443,12535,-0.729979813,-0.328078896,-1.02834594,-0.0180184059,0.961773574,0.250860423,0.108333416
24009898293703,12551,-0.730160952,-0.343829542,-1.0274477,-0.0210606605,0.962407887,0.250229359,0.103502877
24009914862922,12568,-0.730471313,-0.360059053,-1.02692807,-0.0242420323,0.962722838,0.250481665,0.0991770029
24009931601255,12585,-0.730566025,-0.375799328,-1.02679121,-0.0272625666,0.96273464,0.251501888,0.0956325531
24009948196985,12601,-0.73067838,-0.390042722,-1.02705467,-0.0297458656,0.962812424,0.252062917,0.0925839543
24009964864224,12617,-0.731120527,-0.403592855,-1.02775955,-0.0321550518,0.963180304,0.251467824,0.0895188749
24009981588078,12634,-0.731056333,-0.417338043,-1.02880454,-0.0345478281,0.963781595,0.249933586,0.0863984451
24009998225474,12650,-0.730790734,-0.429534227,-1.03021526,-0.0365838706,0.964421034,0.24809742,0.0836741924
24010014922037,12666,-0.730742753,-0.440891325,-1.0321945,-0.0383194424,0.965119004,0.245978221,0.0810657889
24010031528599,12684,-0.730629206,-0.452519238,-1.03495872,-0.0400332436,0.966118217,0.242706671,0.0781440511
24010048191828,12700,-0.730459988,-0.461578965,-1.03788626,-0.0415761024,0.967256904,0.238723636,0.0754761845
24010064865682,12717,-0.730031192,-0.469643563,-1.04166508,-0.0434395112,0.968674242,0.233459681,0.0726625174
24010081527766,12734,-0.729509413,-0.475904077,-1.04616654,-0.0452445745,0.970324457,0.227122694,0.0695609003
24010098345630,12750,-0.728844762,-0.480105221,-1.05091882,-0.0467807874,0.972184479,0.219629467,0.0665720925
24010114862037,12766,-0.728242338,-0.482500196,-1.05629408,-0.0481591821,0.974270344,0.210853919,0.0633921623
24010131526620,12783,-0.727347672,-0.483005077,-1.06260693,-0.0494668037,0.976651847,0.20032905,0.05977045
24010148194693,12800,-0.726348698,-0.481388122,-1.06954706,-0.0507625453,0.979051769,0.189053223,0.0560332537
24010164859485,12816,-0.725396812,-0.477953225,-1.0766679,-0.0518519357,0.981262565,0.178043321,0.0523049273
24010181801047,12832,-0.72437185,-0.472563952,-1.08423245,-0.0527271293,0.983364224,0.167016774,0.0481679849
24010198203391,12850,-0.723344147,-0.46406877,-1.09322977,-0.0535194539,0.985610902,0.154333904,0.0434504375
24010214856672,12866,-0.722452164,-0.454403549,-1.10156095,-0.0538931414,0.987571359,0.142279446,0.0394318439
24010231530839,12882,-0.72156167,-0.442798644,-1.10991514,-0.054016199,0.989496946,0.129178703,0.0359287895
24010248191568,12899,-0.720522642,-0.428236187,-1.11871707,-0.0534559861,0.991490543,0.114096187,0.0327272899
24010264880943,12915,-0.719584107,-0.412625641,-1.12691057,-0.052438762,0.993250132,0.0990715623,0.0298216641
24010281527089,12932,-0.718548894,-0.394488543,-1.13537347,-0.0510442071,0.994936168,0.0823689252,0.0266829524
24010298215839,12948,-0.717283845,-0.376182675,-1.14317775,-0.0499210283,0.996274948,0.0662491992,0.0235647187
24010314875005,12965,-0.715952277,-0.355726391,-1.15129638,-0.0491464101,0.997392058,0.0490131639,0.0197848212
24010331529068,12982,-0.714534104,-0.334624857,-1.15931332,-0.0487393998,0.998175383,0.0319920182,0.0157158878
24010348317766,12998,-0.712548196,-0.314696014,-1.16711974,-0.0483131148,0.998621464,0.0167048983,0.0119204884
24010364863964,13015,-0.710227549,-0.293423593,-1.17521513,-0.0476861335,0.998828948,0.00249700015,0.00778331421
24010381564901,13032,-0.708166361,-0.271940649,-1.18279886,-0.0471020229,0.998848677,-0.0087567037,0.00249533099
24010398210891,13048,-0.706081092,-0.251746863,-1.18959403,-0.0467494354,0.998754323,-0.017156763,-0.00317225489
24010414859328,13064,-0.703661382,-0.231593728,-1.19593978,-0.0465624891,0.99859482,-0.023702953,-0.00886432268
24010431542036,13081,-0.701244831,-0.210377976,-1.20241642,-0.046197921,0.998422265,-0.0283097308,-0.0147419488
24010448195266,13098,-0.698780119,-0.189520746,-1.20857608,-0.045216281,0.998303771,-0.030275885,-0.0207020044
24010464859172,13114,-0.696535707,-0.170089424,-1.21387506,-0.0432750061,0.998257995,-0.0299286135,-0.0266945008
24010482118391,13132,-0.69471401,-0.148172304,-1.21934998,-0.0406107157,0.998262823,-0.0269646738,-0.0330936201
24010498214589,13147,-0.693220675,-0.129962236,-1.22349119,-0.0380815901,0.998268962,-0.023116,-0.0384018198
24010515020370,13164,-0.691456974,-0.10944204,-1.22784948,-0.0352632925,0.998222649,-0.0168798808,-0.0449804328
24010531532297,13181,-0.689486444,-0.0890821218,-1.23206604,-0.0324627869,0.99806875,-0.00873930287,-0.0522364266
24010548207349,13197,-0.687792003,-0.0701697692,-1.23593366,-0.0299261175,0.997773588,0.000175787369,-0.0596014932
24010564904589,13213,-0.686677098,-0.0515018813,-1.23985279,-0.0274244044,0.997284412,0.00979130343,-0.0676459521
24010581653078,13231,-0.685496747,-0.0308200754,-1.24421871,-0.0244038571,0.996501625,0.0202820394,-0.0773157999
24010598213078,13247,-0.684170008,-0.0127400458,-1.24793458,-0.0216751136,0.99565661,0.0286241397,-0.0859004781
24010614872714,13263,-0.68262887,0.00493233278,-1.25167739,-0.0189423151,0.994746447,0.0357235,-0.0940461308
24010631527245,13279,-0.681204438,0.0218194462,-1.25545216,-0.0162294358,0.993850529,0.0417193733,-0.10127826
24010648211880,13297,-0.67971915,0.0394183509,-1.25976944,-0.0131331524,0.992937267,0.0473302938,-0.107994996
24010664874328,13313,-0.678339362,0.0536107011,-1.26383364,-0.0106943138,0.992251158,0.0510009639,-0.1127932
24010681857870,13329,-0.676867723,0.0663236082,-1.26822805,-0.00893473905,0.991642952,0.0534444824,-0.117081821
24010698439641,13346,-0.674826682,0.0780823827,-1.27345145,-0.00777328806,0.991026819,0.0552855246,-0.12144541
24010714875370,13363,-0.672151506,0.0879440308,-1.27932799,-0.00702769915,0.990360081,0.0573652871,-0.125883713
24010731557245,13379,-0.669663966,0.0958417207,-1.28514314,-0.00621675793,0.98962611,0.0604120344,-0.130199984
24010748198859,13396,-0.666745067,0.1027143,-1.29163718,-0.00520025427,0.988635778,0.0654237419,-0.135248199
24010764860786,13412,-0.663705826,0.107985616,-1.29802012,-0.00380017865,0.987380266,0.0718397871,-0.141084865
24010781733130,13428,-0.660414457,0.112235829,-1.30450785,-0.00165372435,0.985762656,0.0789041147,-0.148470238
24010798197870,13446,-0.656569362,0.115843013,-1.31167328,0.000948736095,0.98368609,0.0859205499,-0.15804565
24010814875057,13462,-0.652767599,0.118050054,-1.31830359,0.00349894864,0.981685221,0.0911325961,-0.167262584
24010831536359,13478,-0.648919404,0.119740546,-1.32479358,0.00644434383,0.979545712,0.0951578841,-0.177183002
24010848195318,13495,-0.644743145,0.121087968,-1.33138025,0.00966061186,0.977100313,0.0975763276,-0.188840181
24010864868390,13512,-0.640300155,0.121986225,-1.33784389,0.0128283137,0.974430263,0.0983428881,-0.201617911
24010881572974,13528,-0.63595587,0.122495577,-1.34376717,0.0157756843,0.971693516,0.0981015339,-0.214333966
24010898210422,13544,-0.631305635,0.12253236,-1.34966207,0.0185852628,0.968735933,0.0974595845,-0.227391466
24010914865109,13562,-0.625981987,0.122224256,-1.35605979,0.0217704717,0.965063751,0.0968314186,-0.242490649
24010931531099,13578,-0.621051788,0.121537983,-1.3617599,0.0243873894,0.961476743,0.0963568017,-0.256287277
24010948248026,13594,-0.615870655,0.120632641,-1.36728907,0.0266810674,0.957585096,0.0961368233,-0.270327091
24010964865474,13611,-0.610009551,0.119674034,-1.37286544,0.0288606677,0.952892959,0.0965522453,-0.286076576
24010981640890,13628,-0.603616774,0.118604004,-1.37843204,0.0308735557,0.947667003,0.0975317582,-0.302426338
24010998223026,13644,-0.59737581,0.117565364,-1.38354731,0.0329062305,0.94231534,0.0989484489,-0.318069577
24011014894693,13661,-0.590482593,0.116407052,-1.38901317,0.0353372954,0.93625921,0.101061843,-0.334599108
24011031836255,13678,-0.583369851,0.115398586,-1.39421833,0.0381276794,0.929803431,0.103230722,-0.351219803
24011048199015,13694,-0.576536894,0.114687197,-1.39883804,0.0408819988,0.923253357,0.105033927,-0.367287159
24011064864224,13710,-0.56965065,0.114030451,-1.40347826,0.0436652265,0.916305363,0.106260732,-0.383649141
24011081595630,13727,-0.562294364,0.113366783,-1.40846109,0.0465105847,0.908616662,0.10689611,-0.401030838
24011098446724,13744,-0.554921865,0.11267899,-1.41355419,0.0494501106,0.900647283,0.107059427,-0.418243319
24011115079276,13760,-0.548089206,0.112034097,-1.41834819,0.0523651168,0.892774284,0.106992505,-0.434470534
24011131526567,13776,-0.541405737,0.111305162,-1.42329454,0.0554007776,0.884480059,0.106917277,-0.450771153
24011148198651,13794,-0.53415519,0.110354677,-1.42886329,0.0586649366,0.874824405,0.106746688,-0.468877316
24011164857140,13810,-0.527934074,0.109463938,-1.43375981,0.0611138865,0.866237879,0.106758624,-0.484251678
24011181575161,13826,-0.522022128,0.108404368,-1.43868136,0.0632843524,0.857863069,0.107615508,-0.498482585
24011198496047,13842,-0.516536295,0.107119024,-1.44331241,0.065355666,0.849738717,0.10963539,-0.511520028
24011214862349,13860,-0.510784566,0.105435669,-1.4483453,0.0676580667,0.840928733,0.112859152,-0.524903893
24011231546203,13876,-0.506040931,0.103978992,-1.45249987,0.0694617853,0.83352387,0.116152987,-0.535650611
24011248192974,13892,-0.501673579,0.10265819,-1.45635545,0.0709102377,0.82678026,0.119616963,-0.545066953
24011264901099,13909,-0.497450471,0.101415701,-1.46007144,0.0722061694,0.820447206,0.123434022,-0.55354923
24011281589588,13926,-0.493731141,0.100361876,-1.46332037,0.0734609738,0.815091312,0.127240419,-0.560392201
24011298214536,13942,-0.49074322,0.0995181054,-1.46607304,0.0746445283,0.811009228,0.130458385,-0.565396249
24011314862453,13959,-0.487913728,0.0988633931,-1.46845067,0.0757004172,0.807842255,0.133084387,-0.569165111
24011331531515,13976,-0.485486805,0.0984324813,-1.47043467,0.0765233412,0.805823922,0.13452971,-0.57157135
24011348193859,13992,-0.483651072,0.0982068181,-1.47189975,0.0771132112,0.804682076,0.134975567,-0.572993755
24011364867609,14008,-0.48227191,0.0980778486,-1.47297144,0.0775211155,0.80419904,0.135006353,-0.573609412
24011381593338,14025,-0.481284022,0.0979828537,-1.47379792,0.0776746944,0.804451764,0.134706452,-0.573304653
24011398245578,14042,-0.480672479,0.097991541,-1.47412419,0.0775821432,0.805610597,0.134145901,-0.571819425
24011414900682,14058,-0.480488062,0.0980548412,-1.47401452,0.0772554949,0.807563305,0.133596212,-0.569232047
24011431541359,14075,-0.480751187,0.0979947448,-1.47360039,0.0765321106,0.810538173,0.133085042,-0.565207183
24011448205838,14091,-0.481631339,0.0978584662,-1.47310352,0.075551115,0.814347386,0.132477671,-0.559982181
24011464906515,14107,-0.482954323,0.0978644788,-1.47210681,0.0741495937,0.819143593,0.131841481,-0.553284228
24011481531515,14125,-0.484814346,0.0979491025,-1.47030962,0.0721971914,0.825393856,0.131555095,-0.544247985
24011498234588,14141,-0.486984789,0.0980057046,-1.46836162,0.0702783838,0.831454337,0.131823033,-0.535133064
24011514863234,14157,-0.489630282,0.0980678648,-1.46590602,0.0681027472,0.8379758,0.132490352,-0.524980962
24011531532192,14174,-0.493165374,0.0980582833,-1.46314788,0.0655665174,0.845553279,0.133353636,-0.512793839
24011548221046,14191,-0.497244567,0.0980989933,-1.4597851,0.0628587231,0.85386759,0.134089828,-0.498977929
24011564865630,14207,-0.501635075,0.0982431918,-1.45597899,0.0601356775,0.862255394,0.134733722,-0.48450613
24011581602349,14223,-0.506636798,0.0984414816,-1.45183527,0.0571751185,0.87111336,0.135419041,-0.468566209
24011598288911,14241,-0.512985408,0.0986408293,-1.4466536,0.0537587442,0.881634116,0.136118382,-0.448668152
24011614883338,14257,-0.519594908,0.0986280888,-1.44205034,0.0506449156,0.891443014,0.136432841,-0.429127812
24011631530786,14273,-0.526646078,0.0986922979,-1.43705916,0.0473849773,0.901431799,0.136294514,-0.408165693
24011648194276,14289,-0.53405726,0.0988883525,-1.4317863,0.0438278653,0.911270916,0.135910839,-0.386254787
24011664886880,14307,-0.543035269,0.0990597308,-1.4257071,0.0394525044,0.921943009,0.135427907,-0.360726893
24011681513494,14323,-0.551603615,0.0991729647,-1.41999269,0.0353200361,0.930976391,0.135028467,-0.337346762
24011698222765,14339,-0.560819685,0.0991082489,-1.41447818,0.031322699,0.939457655,0.134772509,-0.313487768
24011714868182,14356,-0.571073174,0.0989943072,-1.40844345,0.0273658391,0.947730839,0.134844974,-0.287878901
24011731526828,14373,-0.581821322,0.0987648666,-1.40249813,0.0235417616,0.955216825,0.135101184,-0.262210429
24011748249796,14389,-0.592346191,0.0984523073,-1.39697456,0.0199560747,0.961559594,0.135348335,-0.238087833
24011765061203,14406,-0.603908896,0.0981575251,-1.39084697,0.0161134582,0.967523515,0.135718912,-0.21264796
24011781635265,14422,-0.61533618,0.0977596045,-1.38543344,0.0122921737,0.972414851,0.136187822,-0.188974395
24011798251411,14439,-0.627822518,0.0971864164,-1.3799758,0.00792832859,0.976842225,0.136945769,-0.164201856
24011814863755,14456,-0.64032346,0.0964634567,-1.37464845,0.00335307163,0.980500817,0.13790983,-0.139956608
24011831550421,14472,-0.652334034,0.0957501903,-1.36968994,-0.00104735151,0.983310342,0.138909355,-0.117490172
24011848194640,14488,-0.664807558,0.0950823724,-1.36461997,-0.00549663557,0.985590637,0.13979128,-0.0950756744
24011864878234,14506,-0.679047585,0.0943461657,-1.35910463,-0.0103586297,0.987555027,0.140562549,-0.0697863549
24011881529171,14522,-0.691675603,0.0938098654,-1.35433102,-0.0144880991,0.988715827,0.141409069,-0.0472715423
24011898210317,14538,-0.704349935,0.0933916867,-1.34976268,-0.0185960103,0.98932302,0.142412648,-0.0247549564
24011914860786,14555,-0.717740178,0.0929789618,-1.34500241,-0.022854412,0.989409506,0.143338293,-0.000827521435
24011931525890,14572,-0.730933607,0.0926031396,-1.34049523,-0.0268921591,0.988968551,0.143820688,0.0231029596
24011948199275,14588,-0.743244052,0.0923084021,-1.33641648,-0.0303345565,0.98811084,0.143671453,0.0455566682
24011964875682,14604,-0.755454838,0.0920793861,-1.33240068,-0.0332286209,0.986840963,0.142993107,0.0677778572
24011981531984,14621,-0.768192828,0.0919259042,-1.3283478,-0.0357461609,0.985080361,0.141660914,0.0909460261
24011998199848,14638,-0.780682564,0.0918230712,-1.32447731,-0.0377905183,0.982935369,0.139612123,0.113659248
24012014861619,14654,-0.792104959,0.091789037,-1.32098544,-0.0395387523,0.980520248,0.137441427,0.134635016
24012031548338,14671,-0.803804874,0.0918265954,-1.31742859,-0.0411255099,0.977482021,0.135567576,0.156394169
24012048198442,14687,-0.814454854,0.0918441117,-1.31427217,-0.0423287563,0.974218309,0.134499922,0.176115692
24012064944900,14704,-0.825367153,0.0918432176,-1.31110728,-0.0432801209,0.970386744,0.134067237,0.196220353
24012081550734,14721,-0.835464954,0.0919078141,-1.30816722,-0.0440108478,0.966263235,0.134094223,0.215446517
24012098228182,14737,-0.844126344,0.0920891613,-1.30553174,-0.0444781855,0.962245524,0.134016275,0.232690647
24012114865317,14753,-0.852714956,0.0924033225,-1.30261064,-0.0447892211,0.95829767,0.133231282,0.248815164
24012131534380,14770,-0.861855805,0.0929326266,-1.29903913,-0.0450455174,0.954194069,0.131656185,0.264860719
24012148196984,14787,-0.870713115,0.0936415195,-1.29527378,-0.0454998203,0.949962795,0.130096734,0.280313134
24012164861255,14803,-0.878734589,0.0944619477,-1.29158282,-0.0461285226,0.945836902,0.128994137,0.294321686
24012181531202,14820,-0.886881292,0.0953729749,-1.28752887,-0.0469560698,0.941386461,0.128158808,0.308483303
24012198228234,14837,-0.894773722,0.0961992443,-1.28345191,-0.0480530187,0.936893284,0.127606228,0.321929574
24012215104796,14853,-0.90188992,0.0969625562,-1.2795527,-0.0493122004,0.932593346,0.127187476,0.334157646
24012231532609,14870,-0.909186065,0.0976893082,-1.27542818,-0.0507361442,0.927950919,0.126643196,0.346834987
24012248192973,14886,-0.915746689,0.0982729495,-1.2714653,-0.0521107949,0.923503399,0.125827432,0.358599365
24012264862140,14903,-0.922433734,0.0987502784,-1.26723146,-0.0536328033,0.918699861,0.124711044,0.370892674
24012281526932,14919,-0.9285478,0.0989991277,-1.26337743,-0.0554258339,0.914087176,0.123539083,0.382244468
24012298286723,14936,-0.934775829,0.0991327316,-1.25919724,-0.0575714,0.90901947,0.122298226,0.394223779
24012314952973,14952,-0.940422237,0.0992094576,-1.25509977,-0.0597582348,0.904006839,0.121025957,0.405651897
24012331526150,14969,-0.946179271,0.0992663577,-1.25070274,-0.0619137846,0.898439288,0.119079851,0.418083251
24012348198702,14986,-0.951800823,0.0992708653,-1.2463181,-0.0636996925,0.892621398,0.116565377,0.430792332
24012364860057,15002,-0.956836283,0.0991991013,-1.24226367,-0.0651744679,0.88686949,0.114156246,0.442925662
24012381905994,15018,-0.961620569,0.0990917608,-1.23812854,-0.0664998591,0.880854428,0.111837074,0.455154628
24012398196984,15036,-0.966799319,0.0988358259,-1.23347592,-0.0677551925,0.873719931,0.109309062,0.4691208
24012414858650,15052,-0.971199751,0.0985207111,-1.22930467,-0.0686806068,0.866959929,0.107170209,0.481848598
24012431529119,15068,-0.975471318,0.0982587487,-1.22513187,-0.0696672797,0.859696627,0.105366044,0.494940698
24012448191723,15084,-0.979372919,0.0980523452,-1.22063208,-0.0707744062,0.851960063,0.103879675,0.508295298
24012465500421,15102,-0.98359102,0.0978697017,-1.21542215,-0.0721887052,0.842823505,0.102230966,0.523436904
24012481564536,15118,-0.987203836,0.0977251232,-1.21083117,-0.073667407,0.834331691,0.100731671,0.536951482
24012498225786,15134,-0.990523636,0.0976106599,-1.20597219,-0.075387843,0.825485945,0.0993510783,0.550471723
24012514864744,15151,-0.994096339,0.0975915939,-1.20069003,-0.0774799511,0.815713823,0.0978012905,0.564838767
24012531527921,15168,-0.997500241,0.0976894349,-1.19504929,-0.0797403753,0.805467248,0.0959606543,0.579357982
24012548203077,15184,-1.00079358,0.0978693143,-1.18961871,-0.0819989517,0.795237422,0.0938087702,0.593357921
24012564882140,15201,-1.00424397,0.0981196761,-1.18369246,-0.084373869,0.78363955,0.0909651667,0.608699918
24012581534119,15217,-1.00743043,0.0983800739,-1.17794526,-0.0865714625,0.771945477,0.0880037025,0.623587251
24012598233286,15234,-1.01095486,0.0986390412,-1.17196882,-0.0889493451,0.758597732,0.0845435783,0.639898419
24012614858025,15251,-1.01433134,0.0988592505,-1.16582644,-0.0913126767,0.744241536,0.0805908293,0.65671283
24012631531984,15267,-1.01759958,0.0990025699,-1.16013718,-0.0934127122,0.729874671,0.0762657374,0.672860086
24012648215421,15283,-1.02085412,0.0990522504,-1.15458262,-0.0953684822,0.714599788,0.071369417,0.689317405
24012664890317,15301,-1.02406466,0.0989963189,-1.14827716,-0.0976312831,0.69630754,0.0658848062,0.708013475
24012681547348,15317,-1.02661991,0.098906368,-1.14262927,-0.0998750925,0.679249227,0.0614852794,0.724475741
24012698251879,15333,-1.02912605,0.0987729579,-1.13713467,-0.1021576,0.661510289,0.0575230978,0.740715265
24012714866463,15349,-1.03154647,0.0986075848,-1.13188553,-0.104499772,0.643244505,0.0539727025,0.756573439
24012731534900,15366,-1.03383958,0.0984225869,-1.12636304,-0.106824994,0.623435915,0.0506256521,0.772886276
24012748196515,15383,-1.03594494,0.0983014107,-1.12116611,-0.108799078,0.603417635,0.0477212034,0.788525641
24012764884223,15399,-1.03753054,0.098153688,-1.11657083,-0.110369161,0.584457815,0.0453136973,0.802604795
24012781581567,15416,-1.03892386,0.0979927629,-1.11190081,-0.111927375,0.564203322,0.0431519076,0.816874981
24012798202036,15433,-1.04010844,0.097840026,-1.10751557,-0.113356143,0.543732047,0.0416200757,0.830526173
24012815077504,15449,-1.04084551,0.0975946635,-1.1034925,-0.114432432,0.52417773,0.0406577624,0.842905641
24012831529640,15465,-1.04140317,0.0973778516,-1.09981441,-0.115455635,0.504385352,0.0399255827,0.854793191
24012848227400,15483,-1.04157937,0.0971783474,-1.09595001,-0.116285488,0.481924087,0.0391812958,0.867578089
24012864872973,15499,-1.04142523,0.0969192237,-1.09274209,-0.116788864,0.461632371,0.0386557057,0.878499627
24012881525421,15516,-1.04089606,0.0964802727,-1.08951485,-0.117478944,0.439900845,0.0384815708,0.889497101
24012898270369,15532,-1.03999674,0.0959923714,-1.08656478,-0.118350223,0.419495583,0.0386579446,0.899178743
24012914878546,15548,-1.03880286,0.0955177248,-1.0838424,-0.11920435,0.399263978,0.0390039161,0.908216596
24012931550890,15565,-1.03708136,0.095003143,-1.08101702,-0.119939767,0.378228426,0.0395757928,0.917055905
24012948197348,15582,-1.03505206,0.0945258364,-1.07840955,-0.120469227,0.357931286,0.0401718356,0.925072253
24012964858077,15598,-1.03303337,0.0942543149,-1.07599652,-0.120544061,0.339351386,0.0405755602,0.932021141
24012981589327,15614,-1.03078341,0.0940557867,-1.07370651,-0.120239481,0.321050167,0.0406940579,0.938516557
24012998197817,15632,-1.02779567,0.0938090459,-1.07149911,-0.119684599,0.300560892,0.0404352024,0.945359051
24013014940525,15648,-1.02468514,0.0936619863,-1.06968307,-0.119096547,0.282319874,0.0397962146,0.951066732
24013031540681,15664,-1.02126241,0.093601808,-1.0679431,-0.118339874,0.264164388,0.0387296826,0.956406236
24013048190265,15681,-1.01747835,0.0937234387,-1.0661763,-0.117137894,0.244900614,0.037223652,0.96172595
24013064869327,15698,-1.01347554,0.093971923,-1.06453478,-0.115420416,0.225551769,0.0353600606,0.966723502
24013081580369,15714,-1.00945842,0.0943224877,-1.06319427,-0.113368101,0.207285613,0.0333810151,0.971115887
24013098206463,15731,-1.0049324,0.0948633701,-1.06201172,-0.110887989,0.187761605,0.0310744084,0.975440323
24013114863129,15747,-1.00039589,0.0954056531,-1.06091201,-0.108450666,0.169383705,0.0287656058,0.979142606
24013131549640,15764,-0.995268464,0.0959978402,-1.05976212,-0.105851494,0.149934351,0.0262275971,0.982663393
24013148228077,15780,-0.990221143,0.0965059325,-1.05875278,-0.103513531,0.131762207,0.0238477327,0.985573411
24013164862765,15797,-0.984645367,0.0969045907,-1.05787396,-0.101223081,0.112590931,0.0214453712,0.988239527
24013181529796,15813,-0.979179382,0.0972302482,-1.05722761,-0.0992392376,0.0947147012,0.0192954503,0.990357757
24013198196358,15830,-0.973102808,0.0975869447,-1.05659902,-0.0972644687,0.0760405064,0.01715298,0.992201269
24013214860317,15847,-0.966679811,0.0979356617,-1.05618799,-0.09556593,0.0576722138,0.0152250035,0.993634403
24013231652140,15863,-0.960522413,0.0982452631,-1.05592227,-0.0943122059,0.040825434,0.0134880235,0.994613826
24013248195577,15879,-0.954280138,0.0985408798,-1.05578899,-0.0931559354,0.0243343916,0.0117433975,0.995284855
24013264910369,15897,-0.947044969,0.0988135487,-1.05585063,-0.0919441134,0.00643074792,0.00978638977,0.995695293
24013281528962,15913,-0.940402627,0.0989833847,-1.0560385,-0.0910496265,-0.00892843865,0.00790280569,0.995775044
24013298201827,15929,-0.933532953,0.099113591,-1.05639362,-0.0902613327,-0.0239718743,0.00577829313,0.9956128
24013314979275,15946,-0.926014841,0.0991747379,-1.05695438,-0.0893796682,-0.0394476466,0.00336983777,0.995210469
24013331527608,15962,-0.918298841,0.0990858674,-1.05789018,-0.0886827484,-0.0537541285,0.000979114324,0.994607985
24013348203806,15979,-0.909967184,0.0989578515,-1.05897486,-0.0883445367,-0.0686242506,-0.00161378738,0.993721962
24013364880733,15996,-0.901909709,0.0988804325,-1.05994308,-0.0883313194,-0.0830075964,-0.00412003184,0.992617965
24013381603598,16012,-0.894139647,0.0987886563,-1.0609622,-0.0885543078,-0.0960937515,-0.00643341523,0.991404414
24013399188077,16029,-0.885546446,0.0987051651,-1.06230211,-0.0891485214,-0.109329313,-0.00892224163,0.989959598
24013414858806,16046,-0.876473844,0.0986717045,-1.06411529,-0.0898991004,-0.122046322,-0.0113770636,0.98837924
24013431534171,16062,-0.867941082,0.0987837985,-1.06595397,-0.0906256288,-0.133585662,-0.013543413,0.986792088
24013448190994,16078,-0.859461069,0.0990094692,-1.06782925,-0.091178894,-0.144735232,-0.0154295815,0.985139608
24013464863285,16095,-0.850218892,0.099364683,-1.07007778,-0.0913248137,-0.156064391,-0.0170980264,0.983367383
24013481992139,16112,-0.840545952,0.0998850316,-1.07274485,-0.0909933522,-0.166765168,-0.018500939,0.981614709
24013498205681,16128,-0.831112325,0.100440674,-1.07551956,-0.0905589312,-0.176208302,-0.0196972769,0.979980469
24013514862087,16145,-0.821179986,0.101056024,-1.07851434,-0.0902554318,-0.185517833,-0.020871941,0.97826457
24013531599848,16161,-0.811969459,0.101626582,-1.08116066,-0.0900379196,-0.193805084,-0.0219190624,0.976653695
24013548197764,16178,-0.802018702,0.102203131,-1.08414888,-0.0897118375,-0.202340707,-0.0229707155,0.974926889
24013564896306,16194,-0.792170405,0.10267061,-1.08734035,-0.0892485008,-0.21016261,-0.0239034519,0.973290801
24013581598546,16211,-0.78144592,0.103064224,-1.09085548,-0.0887318552,-0.218192339,-0.024877537,0.9715451
24013598196462,16227,-0.771386504,0.10332714,-1.09427559,-0.0883292034,-0.225428268,-0.0257912409,0.969904602
24013614863910,16244,-0.760466397,0.103415087,-1.09804618,-0.0881166309,-0.232961893,-0.0268143937,0.968114257
24013631531723,16261,-0.74950546,0.103354074,-1.10190308,-0.0882404074,-0.240210474,-0.0277656689,0.96630311
24013648209431,16277,-0.739227951,0.103129849,-1.10555279,-0.0885723531,-0.246766552,-0.0284348205,0.964599788
24013664893337,16293,-0.728877187,0.102738656,-1.10928082,-0.0890427381,-0.253080934,-0.0289303679,0.962904215
24013681523702,16310,-0.717985988,0.102183066,-1.11322093,-0.0895862132,-0.259597063,-0.029337706,0.961105108
24013698260994,16327,-0.707162082,0.101428457,-1.11709869,-0.0900203362,-0.266220242,-0.0296457913,0.959241509
24013714914379,16343,-0.696889877,0.100517437,-1.12092042,-0.0904804766,-0.272613436,-0.0298605785,0.957394183
24013731578806,16360,-0.685857236,0.0993471444,-1.12512672,-0.0910257772,-0.279588521,-0.0299779531,0.955325007
24013748209691,16377,-0.674800634,0.0979813263,-1.1293391,-0.0916564763,-0.286818892,-0.0300251152,0.953117311
24013764864900,16393,-0.664433002,0.096464321,-1.13328886,-0.092397131,-0.293924421,-0.0301022325,0.950875998
24013781880629,16410,-0.653556764,0.0946192294,-1.13747704,-0.0934535116,-0.301556319,-0.0301924199,0.948376894
24013798206254,16426,-0.64355886,0.0927419811,-1.14145494,-0.0948046744,-0.308601201,-0.0302645117,0.945971251
24013814866358,16443,-0.633117676,0.0906998515,-1.14565146,-0.0967252851,-0.315748185,-0.0304146335,0.94340992
24013831540837,16459,-0.623641729,0.0888243392,-1.14971673,-0.0988616794,-0.321839064,-0.030690426,0.941118598
24013848263389,16475,-0.614436567,0.087080434,-1.15388358,-0.101215594,-0.327123374,-0.0311218183,0.939029932
24013864878650,16493,-0.604454339,0.0853085145,-1.15874314,-0.104209885,-0.331890553,-0.0317466669,0.937006474
24013881618598,16509,-0.596126318,0.0839754194,-1.16336036,-0.107199118,-0.334716499,-0.0324300751,0.93563962
24013898220316,16525,-0.588168025,0.0829996765,-1.16818762,-0.11049597,-0.335814834,-0.0333547071,0.934829712
24013914895577,16542,-0.580206573,0.0823318735,-1.17363632,-0.114137501,-0.334771246,-0.0345411822,0.934723437
24013931522868,16559,-0.572804272,0.0820337236,-1.17925179,-0.117525406,-0.331905991,-0.0356579535,0.935283244
24013948216358,16575,-0.566226721,0.0820747018,-1.18472588,-0.120508455,-0.328040004,-0.0366805941,0.93622756
24013964856514,16591,-0.559991002,0.082445085,-1.1904074,-0.123251505,-0.323191911,-0.0378138795,0.937510669
24013981530525,16608,-0.553743958,0.0831625834,-1.19660175,-0.125550285,-0.316945583,-0.0392555147,0.939277172
24013998204431,16625,-0.547917008,0.0840742514,-1.20300162,-0.126852572,-0.309462279,-0.0410672203,0.941517413
24014014859900,16641,-0.542921901,0.085092254,-1.20905495,-0.127187759,-0.301298231,-0.0431356505,0.944024324
24014031705733,16658,-0.537882805,0.086211212,-1.21562374,-0.127067626,-0.291800886,-0.0456938148,0.946899235
24014048192608,16674,-0.533196867,0.087212503,-1.22187102,-0.126848668,-0.282349885,-0.0483430289,0.949658394
24014064860525,16691,-0.528485954,0.0881887972,-1.22845232,-0.126679569,-0.271935612,-0.0513727181,0.95255667
24014081839796,16708,-0.524134278,0.0890199468,-1.23503864,-0.126591191,-0.261411756,-0.0545457043,0.955334187
24014098229743,16724,-0.520312548,0.0896900073,-1.24112177,-0.126441479,-0.251720399,-0.0576103963,0.957773685
24014114858858,16740,-0.516703308,0.0902673975,-1.24706042,-0.126136929,-0.242616072,-0.0607521497,0.959966779
24014131524795,16758,-0.512753606,0.0908220112,-1.25368237,-0.125856176,-0.233914614,-0.0643176883,0.961929023
24014148204900,16774,-0.509289384,0.0911862478,-1.2594713,-0.125853568,-0.228110284,-0.0673641339,0.963114083
24014164862087,16790,-0.505639017,0.0913760811,-1.2651819,-0.126054704,-0.224299237,-0.0701995939,0.963780105
24014181590108,16807,-0.501714528,0.0914789885,-1.27114856,-0.126318112,-0.222722709,-0.0729128644,0.963909864
24014198197035,16824,-0.497991472,0.0915290788,-1.27710581,-0.12633507,-0.223833472,-0.0752573013,0.963470042
24014214857504,16840,-0.494662881,0.091560252,-1.28265917,-0.125786081,-0.227204427,-0.0771393552,0.962603569
24014231531045,16856,-0.491304129,0.091617547,-1.28822005,-0.124586783,-0.232550189,-0.0787878409,0.961348534
24014248212452,16873,-0.487560034,0.091739893,-1.29407108,-0.122662924,-0.240484253,-0.0803593993,0.959512174
24014264859327,16890,-0.483779967,0.091890797,-1.29986966,-0.120190397,-0.25081709,-0.0815741718,0.957074106
24014281526775,16906,-0.480300486,0.091966778,-1.30525911,-0.117225699,-0.262604594,-0.0822174996,0.954220772
24014298213129,16922,-0.476871073,0.0919819921,-1.31047344,-0.113586031,-0.276149571,-0.0823129863,0.950822949
24014314860785,16940,-0.472942352,0.0921133533,-1.31639922,-0.109291852,-0.292969167,-0.0819466859,0.946313441
24014331533025,16956,-0.469735682,0.0923402607,-1.32140756,-0.105806999,-0.30875963,-0.0813975111,0.941725492
24014348256879,16972,-0.466499627,0.0926806852,-1.32640517,-0.102997676,-0.325156927,-0.0810051113,0.936537623
24014364858441,16989,-0.462182283,0.0931203365,-1.33205354,-0.100818314,-0.34320876,-0.0809812322,0.93031472
24014381533077,17006,-0.457731187,0.0937726721,-1.33774459,-0.09924227,-0.361508816,-0.0814322159,0.923488617
24014398193754,17022,-0.453911275,0.0947514921,-1.34314156,-0.0977517664,-0.378795654,-0.0821215212,0.916632175
24014414883389,17039,-0.449878901,0.0960309207,-1.34877598,-0.0957435519,-0.397250235,-0.0828398764,0.90893513
24014431640056,17056,-0.445630133,0.0974232182,-1.35442924,-0.0932438225,-0.415626287,-0.0834267288,0.900888681
24014448191931,17072,-0.441404402,0.0987501442,-1.35973001,-0.0906505063,-0.432652533,-0.0840260535,0.893047631
24014464880733,17088,-0.437116414,0.0999874845,-1.36484206,-0.0879855677,-0.449202627,-0.0848949328,0.885024548
24014481525316,17105,-0.432518125,0.101215549,-1.37003779,-0.0851166248,-0.466030747,-0.0860150978,0.876454175
24014498481150,17121,-0.428198189,0.102233216,-1.37465417,-0.0824198723,-0.481027246,-0.087137945,0.868462324
24014514873545,17138,-0.423472971,0.103008121,-1.37940705,-0.0797117501,-0.496107697,-0.0884575993,0.860057294
24014531539275,17155,-0.418592542,0.103420421,-1.38402522,-0.0774401128,-0.510410428,-0.0900505185,0.851689637
24014548207035,17171,-0.413980067,0.103467613,-1.38812149,-0.0759639218,-0.523259759,-0.0919637159,0.843783975
24014564856670,17188,-0.409123749,0.10319908,-1.39212584,-0.0750068799,-0.536376297,-0.0943976343,0.835322499
24014581578181,17204,-0.40455997,0.102728814,-1.3956368,-0.0744190216,-0.548243999,-0.0967473388,0.827363491
24014598203962,17221,-0.399525642,0.102098539,-1.39927423,-0.073973313,-0.560203314,-0.0990830362,0.819074392
24014614861879,17238,-0.394360125,0.101383895,-1.40278482,-0.073650822,-0.571301103,-0.101158909,0.811145842
24014631537920,17254,-0.389400601,0.100635096,-1.40598106,-0.0735409036,-0.580862582,-0.102861017,0.804120719
24014648190577,17270,-0.38448295,0.0998339579,-1.40900338,-0.0736501962,-0.589576483,-0.104353696,0.797549725
24014665213389,17288,-0.378846794,0.0989075005,-1.41233706,-0.0738164559,-0.598547757,-0.105809845,0.790630221
24014681567972,17304,-0.373585701,0.0980669856,-1.41530704,-0.0737954378,-0.605911434,-0.106821969,0.784865975
24014698207608,17320,-0.368240446,0.0972239226,-1.41818345,-0.0734704211,-0.612679362,-0.10747879,0.779534757
24014714872139,17337,-0.362345278,0.0963373035,-1.42126667,-0.0728617162,-0.619208217,-0.107822187,0.774368644
24014731526670,17354,-0.356205404,0.0955049694,-1.42440295,-0.0721721798,-0.625106633,-0.108055741,0.769647241
24014748203389,17370,-0.350272566,0.0946746469,-1.42732453,-0.0715253577,-0.630096197,-0.108281396,0.765596628
24014764860681,17386,-0.344134301,0.0937593505,-1.43018997,-0.0708239004,-0.634548545,-0.108450733,0.761951864
24014781643597,17404,-0.336991966,0.0927107781,-1.43337059,-0.0700912848,-0.638986707,-0.108538277,0.758289397
24014798237920,17420,-0.33051452,0.0917586684,-1.4361912,-0.0696063787,-0.642372072,-0.108503997,0.755473375
24014814864483,17436,-0.323853642,0.0908243135,-1.43907046,-0.0692664161,-0.645184457,-0.108268626,0.753138125
24014831618597,17453,-0.316534787,0.089885138,-1.44219065,-0.0691874325,-0.647405446,-0.107687071,0.751320779
24014848199639,17469,-0.309280485,0.0890639424,-1.44507837,-0.069501996,-0.648542881,-0.106806815,0.750435889
24014864867399,17486,-0.301261932,0.0882707611,-1.44808948,-0.0700625703,-0.648618698,-0.105431214,0.75051266
24014881554899,17502,-0.29350391,0.0876068473,-1.45088458,-0.0706790537,-0.64768374,-0.103693955,0.751503706
24014898218649,17519,-0.284914851,0.0870001465,-1.45380783,-0.0713580549,-0.645667851,-0.10143549,0.753479958
24014914909899,17535,-0.276601791,0.0865270197,-1.45654869,-0.0719563961,-0.642912865,-0.099022828,0.756095171
24014931528337,17552,-0.267486811,0.0861503929,-1.45950222,-0.0726264641,-0.639153838,-0.0963162184,0.759559751
24014948226722,17569,-0.258064032,0.0858973116,-1.46243525,-0.0734533146,-0.634614646,-0.0937682539,0.763594449
24014964877608,17585,-0.248876065,0.0857693851,-1.46505976,-0.0745347589,-0.629652143,-0.0916265771,0.767845988
24014981534170,17601,-0.239392638,0.0857990086,-1.46765685,-0.0759216622,-0.62393558,-0.0897362083,0.772585154
24014998222712,17618,-0.229112118,0.0860705823,-1.47053123,-0.0776299164,-0.617037594,-0.087850742,0.778151989
24015014865889,17635,-0.218576312,0.0866113752,-1.47346878,-0.0792934373,-0.609343886,-0.0858329311,0.784248292
24015031541097,17651,-0.208556131,0.0872510076,-1.47629488,-0.0805773064,-0.601575613,-0.0835293531,0.790339828
24015048228441,17668,-0.197737366,0.0880789831,-1.47923648,-0.0817879736,-0.592769444,-0.0807362199,0.797130346
24015064861878,17685,-0.186911225,0.0890414342,-1.48227572,-0.0832349136,-0.583327949,-0.0777762756,0.804208517
24015082332556,17702,-0.176291838,0.090084821,-1.48549426,-0.0851251632,-0.573055089,-0.0747183412,0.811651945
24015098258545,17718,-0.166422397,0.0911714286,-1.48857915,-0.0871165991,-0.562530279,-0.0716761798,0.819043934
24015114875785,17734,-0.156780809,0.0922139063,-1.49194467,-0.0890825391,-0.55136019,-0.0684615374,0.826667607
24015131529066,17751,-0.146643758,0.093250066,-1.49582982,-0.0910772681,-0.538904488,-0.0650089085,0.834901631
24015148206566,17767,-0.137474567,0.0941074193,-1.49974179,-0.0929557383,-0.526567698,-0.0618149079,0.842772067
24015164896514,17784,-0.128386945,0.0947681665,-1.50421214,-0.0951952115,-0.512720466,-0.0585209914,0.851252615
24015182026566,17800,-0.120145157,0.095203124,-1.50864995,-0.0977131128,-0.49904415,-0.0555694513,0.859255075
24015198249326,17817,-0.111752704,0.0954678878,-1.51355803,-0.100828499,-0.484047741,-0.0526994243,0.86761409
24015214864951,17833,-0.104263417,0.0955352858,-1.51814926,-0.10393814,-0.469675988,-0.050168328,0.875262499
24015231550680,17850,-0.096680969,0.0953851193,-1.52310622,-0.107254237,-0.454383701,-0.0475126952,0.883048475
24015248211618,17867,-0.0895441025,0.0950532109,-1.52804804,-0.110795438,-0.439165026,-0.0451636836,0.890403688
24015264899118,17883,-0.0831389725,0.0945886225,-1.53264582,-0.114481486,-0.424895585,-0.0433682092,0.896926403
24015281559483,17900,-0.0765863508,0.0939253271,-1.53762817,-0.118812993,-0.409794658,-0.0419084616,0.903435469
24015298201930,17917,-0.0703249648,0.0931471437,-1.54251337,-0.123448879,-0.394915164,-0.0409490727,0.909464478
24015314860472,17933,-0.0646329522,0.092253074,-1.54706335,-0.127827898,-0.381385595,-0.0404996164,0.914639235
24015331529430,17949,-0.0591540933,0.091253981,-1.55150151,-0.132004678,-0.368476182,-0.040395245,0.919330359
24015348356462,17966,-0.0534673706,0.0901389942,-1.55619454,-0.136248112,-0.355447769,-0.0404619277,0.923826933
24015364859483,17983,-0.0478888601,0.0890456289,-1.56102693,-0.140562326,-0.343064636,-0.0407266244,0.927841723
24015381601722,17999,-0.042751804,0.0879972577,-1.56557345,-0.144787222,-0.332016647,-0.0411185026,0.931187928
24015398213180,18015,-0.0376738384,0.0868255571,-1.57004154,-0.149041489,-0.321655929,-0.0415997915,0.934127212
24015414860212,18033,-0.032041423,0.0854652226,-1.57492256,-0.153569937,-0.311051875,-0.0421301313,0.936956882
24015431537087,18049,-0.0270608291,0.084198311,-1.57932794,-0.157329574,-0.302529424,-0.0426097102,0.939099431
24015448192607,18065,-0.0219633952,0.0829053968,-1.58388555,-0.160986751,-0.294741392,-0.0432134345,0.940926909
24015464889535,18082,-0.0166011006,0.0815253556,-1.58876348,-0.164729893,-0.287266374,-0.043976903,0.942554057
24015481571618,18099,-0.0115448236,0.0800743699,-1.59353757,-0.16825375,-0.280603617,-0.0448307134,0.943897486
24015498206253,18115,-0.00692567974,0.0786924586,-1.59797132,-0.171303928,-0.275252283,-0.0456208885,0.944886208
24015514922347,18131,-0.00231706351,0.0773479789,-1.60259473,-0.173903987,-0.271000504,-0.0464039631,0.945601881
24015531525472,18148,0.00258909911,0.0759857669,-1.60769033,-0.17629537,-0.267410934,-0.0472092927,0.946140945
24015548198910,18165,0.00747550279,0.0746669322,-1.61284089,-0.178421289,-0.264622122,-0.0480493754,0.946484208
24015564858701,18181,0.0120195523,0.0735095963,-1.61770213,-0.180330947,-0.262827754,-0.0489162542,0.946577787
24015581679222,18198,0.0167221911,0.0723727643,-1.62301779,-0.182258889,-0.261931241,-0.04983503,0.946409166
24015599536930,18216,0.0215474442,0.0712331235,-1.62903595,-0.183871433,-0.262129039,-0.0505328253,0.946005344
24015614862660,18231,0.0255259946,0.0703906119,-1.63426864,-0.184764937,-0.263067096,-0.0507038869,0.945561647
24015631528076,18247,0.029651843,0.0695661604,-1.64016235,-0.185308263,-0.264578849,-0.0505183078,0.945043266
24015648200680,18264,0.0337754488,0.0687717944,-1.64673376,-0.185425848,-0.266248286,-0.0499938168,0.944579124
24015664861305,18281,0.0376928002,0.0679770857,-1.65363491,-0.185094088,-0.267473638,-0.0492885113,0.944335043
24015681595212,18297,0.041190289,0.0670852959,-1.66057909,-0.184780777,-0.268081605,-0.0483925752,0.944270372
24015698206514,18313,0.0444901474,0.0660954267,-1.66778564,-0.184888199,-0.268069506,-0.0471947156,0.944313407
24015714864430,18331,0.0479961224,0.0648265183,-1.67629051,-0.185737222,-0.2671386,-0.0457228236,0.944482982
24015731527399,18347,0.0510060564,0.0637223125,-1.68411589,-0.187872171,-0.265431166,-0.0447122492,0.944590509
24015748195003,18363,0.0538518131,0.0626235753,-1.69223034,-0.191598013,-0.263088971,-0.0437235981,0.94454366
24015764921982,18381,0.0567425042,0.0613607466,-1.70176518,-0.197002813,-0.259636164,-0.0423626155,0.944449306
24015781536514,18397,0.0592059642,0.0602620356,-1.71049857,-0.202363014,-0.255869418,-0.0407281332,0.944415867
24015798194014,18413,0.0617685169,0.0591514148,-1.71943116,-0.208335668,-0.251514316,-0.0389217846,0.944363296
24015814860680,18429,0.0646022111,0.0580822006,-1.72836423,-0.214804232,-0.246638685,-0.0369878039,0.944277704
24015831530784,18447,0.0677014589,0.0566784143,-1.73848069,-0.2223178,-0.240779489,-0.0345907323,0.944141746
24015848210732,18463,0.0705620199,0.0552783906,-1.74730074,-0.228967398,-0.235754788,-0.032820724,0.943883717
24015864867503,18479,0.0736358762,0.0537699535,-1.75593328,-0.235370114,-0.231660292,-0.0317361765,0.943359554
24015881643128,18496,0.0768467262,0.0519026183,-1.76509643,-0.24166517,-0.228684306,-0.0311627593,0.94251281
24015898564066,18513,0.0804237574,0.0498217084,-1.77402771,-0.247603968,-0.227380112,-0.0310802981,0.941288829
24015914862920,18529,0.0842120647,0.0476816483,-1.78210413,-0.253329903,-0.227976561,-0.0313969962,0.939608932
24015931544430,18546,0.0887458548,0.045327276,-1.79016364,-0.259728789,-0.230847076,-0.0320841484,0.937134624
24015948198389,18562,0.0933273062,0.0429050922,-1.79733384,-0.265980542,-0.235925496,-0.0328821093,0.9340837
24015964860784,18579,0.0984889418,0.04004547,-1.80459344,-0.27289018,-0.243511513,-0.033929307,0.930097818
24015981716461,18595,0.103812441,0.037277095,-1.81097245,-0.279347807,-0.252208441,-0.0350893177,0.925810218
24015998191878,18612,0.109761491,0.0343273431,-1.81726718,-0.285795987,-0.262629926,-0.036513932,0.920876205
24016014915732,18629,0.116312578,0.0316089205,-1.82304668,-0.292046338,-0.273496985,-0.0382575355,0.915666342
24016031529326,18645,0.122684345,0.0292595662,-1.82804346,-0.298032165,-0.283634871,-0.0402423143,0.910554051
24016048194066,18661,0.129003793,0.0270790979,-1.8327111,-0.304004371,-0.293726206,-0.0426794887,0.905253947
24016064890107,18678,0.135936201,0.0250969604,-1.83721912,-0.309740275,-0.304629296,-0.0456897505,0.899541259
24016081547607,18695,0.14304173,0.0235533342,-1.84117723,-0.31403327,-0.315647155,-0.0490290597,0.894061625
24016099561826,18712,0.150482208,0.022595197,-1.8445946,-0.316721469,-0.326445997,-0.0525202043,0.889023125
24016114914795,18728,0.15743807,0.0221571848,-1.84749317,-0.317798495,-0.336207151,-0.0557365566,0.88479507
24016131528284,18745,0.164895162,0.022240214,-1.85044551,-0.317814529,-0.345896333,-0.0590000786,0.880834103
24016148227034,18761,0.171934888,0.0227248222,-1.85289621,-0.316937774,-0.354044616,-0.0616746098,0.877723813
24016164860680,18777,0.178828269,0.0234255716,-1.85491014,-0.315158963,-0.361061186,-0.06379807,0.875351131
24016181576461,18794,0.186096668,0.0244236514,-1.85675955,-0.312551528,-0.367068201,-0.0654804781,0.873661757
24016198279951,18810,0.192637786,0.0255335718,-1.85838687,-0.309692591,-0.371099651,-0.0667830408,0.872877777
24016214859795,18827,0.199287474,0.0268996693,-1.8600657,-0.306222945,-0.373272926,-0.0680318922,0.873078763
24016231541878,18843,0.205239326,0.0281967111,-1.86159873,-0.302489966,-0.372944683,-0.0690445974,0.874439776
24016248194274,18860,0.211180314,0.0294861495,-1.86319351,-0.298159122,-0.369945914,-0.0698766634,0.877130806
24016264866982,18877,0.217015654,0.0308963023,-1.86493444,-0.293738097,-0.364540488,-0.0706225783,0.880818188
24016281550732,18893,0.222145051,0.0323666185,-1.86653066,-0.289522886,-0.357712001,-0.0712062269,0.884956717
24016298218024,18910,0.227166668,0.0341227427,-1.86809742,-0.284694195,-0.348773897,-0.0715924948,0.890045285
24016314860732,18927,0.231805474,0.036091879,-1.8695842,-0.27901721,-0.337781668,-0.0714349374,0.896074772
24016331524482,18943,0.236121014,0.0381713361,-1.87114632,-0.272801369,-0.325662285,-0.0706816539,0.902511835
24016348206930,18960,0.240586117,0.0406057909,-1.87276173,-0.264819056,-0.311797708,-0.0692709237,0.909865201
24016364861357,18976,0.244525403,0.0431048162,-1.87406766,-0.255819082,-0.298310608,-0.067566514,0.917061746
24016381530107,18993,0.248563677,0.0459563844,-1.87538767,-0.245318264,-0.283584177,-0.0657285005,0.924704731
24016398200732,19009,0.252075076,0.048663348,-1.87637353,-0.23530522,-0.269460976,-0.0639262497,0.931630731
24016414857138,19026,0.255778104,0.0517350473,-1.87734497,-0.224371448,-0.253932089,-0.0616001189,0.93881917
24016431543597,19042,0.259039342,0.0548379086,-1.87808919,-0.213479951,-0.238470346,-0.0586801246,0.945576489
24016448195472,19059,0.262286454,0.058405526,-1.87873101,-0.201971501,-0.221057698,-0.0551513545,0.952522695
24016464861253,19076,0.265236676,0.062079452,-1.87916243,-0.191230461,-0.202633932,-0.051571846,0.959015548
24016481526982,19092,0.267604709,0.0654919297,-1.87930274,-0.181899935,-0.18430084,-0.048326958,0.964681387
24016498205315,19108,0.269727111,0.0690353885,-1.87939012,-0.173497587,-0.16518122,-0.0452940129,0.969825864
24016514866357,19125,0.271692336,0.072736755,-1.87917078,-0.165655792,-0.144606709,-0.0421422273,0.974613369
24016531530992,19142,0.273663312,0.0763595402,-1.87872994,-0.158857271,-0.124140181,-0.0388810858,0.978693962
24016548223388,19158,0.275323927,0.079638727,-1.87816441,-0.153036445,-0.104944564,-0.0357329808,0.981982529
24016564861617,19175,0.276736319,0.0828622133,-1.87742424,-0.146978214,-0.0846411809,-0.0324713029,0.984976649
24016581533076,19192,0.277913153,0.0858204067,-1.87664521,-0.141040012,-0.0645360798,-0.0295651052,0.987455666
24016598200836,19208,0.278702676,0.0882476866,-1.87573481,-0.135812029,-0.0459284745,-0.0273801759,0.989290714
24016614887190,19224,0.27938956,0.090371348,-1.87480712,-0.131242901,-0.0278933495,-0.0256270505,0.990626335
24016631538336,19241,0.280211449,0.0923594758,-1.87403524,-0.127553135,-0.00973653886,-0.023931019,0.991495252
24016648196253,19258,0.28075698,0.0939652473,-1.87326479,-0.124933586,0.00753340498,-0.0222608019,0.991886735
24016664864899,19274,0.280706197,0.0950737894,-1.87220752,-0.123068355,0.023369126,-0.0205602366,0.991909981
24016682952711,19292,0.280431241,0.0959721282,-1.87072706,-0.121278547,0.0411013924,-0.0183481555,0.991597533
24016698487867,19308,0.280064136,0.0965517461,-1.86936378,-0.120090313,0.0570308417,-0.016083831,0.990993083
24016714865107,19324,0.279051691,0.0968954787,-1.867751,-0.119556151,0.0732821003,-0.0136233168,0.99002552
24016731525263,19340,0.277688026,0.0970904678,-1.86608124,-0.119900174,0.0898579359,-0.0111715076,0.988647938
24016748202190,19357,0.275736362,0.0970839709,-1.86403215,-0.120779634,0.107739687,-0.00887902081,0.986775339
24016764859326,19373,0.273661047,0.0969433263,-1.86180985,-0.121770762,0.124591067,-0.00721151102,0.984681129
24016781537711,19390,0.271215677,0.0967958495,-1.85930729,-0.123075351,0.142578289,-0.005892477,0.982084095
24016798204013,19407,0.267822623,0.0965622514,-1.85623288,-0.12454199,0.160671651,-0.00494213821,0.979106486
24016814860732,19423,0.264041543,0.0963364914,-1.85307884,-0.126002893,0.177940503,-0.00417871773,0.975931883
24016831530628,19439,0.259796232,0.0961340517,-1.84948599,-0.127492294,0.195285916,-0.00330487965,0.972418725
24016848195680,19457,0.25507614,0.0960454494,-1.84500301,-0.129157051,0.215149626,-0.00193796458,0.96800077
24016864868701,19473,0.250479221,0.0959370062,-1.84061372,-0.130806863,0.233282,-0.000268716831,0.963570952
24016881552451,19489,0.245160908,0.095674485,-1.83550715,-0.132539853,0.251763999,0.00186184619,0.958668172
24016898202607,19506,0.239351228,0.0953397155,-1.82973552,-0.134549394,0.271799505,0.00490537658,0.952889025
24016914865576,19523,0.233211398,0.0947748572,-1.82328618,-0.136881068,0.292435378,0.00892867334,0.946396053
24016931524899,19539,0.227520555,0.0940295607,-1.81654012,-0.13954173,0.312501758,0.0137924301,0.939510763
24016948275419,19555,0.221299425,0.0930121541,-1.80939245,-0.14276506,0.333147258,0.0195401274,0.931798995
24016964946721,19573,0.213183075,0.0915345475,-1.80091727,-0.146403268,0.357091367,0.0264283642,0.922146082
24016981533440,19589,0.205977201,0.0901872888,-1.79311228,-0.149154663,0.378910184,0.0325211659,0.91275537
24016998200211,19605,0.198585123,0.0888232589,-1.78510201,-0.151535496,0.40078181,0.0385188982,0.902733266
24017014861669,19622,0.190158695,0.0873311013,-1.77629924,-0.153926745,0.423314214,0.0449250974,0.891680062
24017031600628,19639,0.181055322,0.085820809,-1.76716733,-0.156141996,0.444871038,0.051313512,0.880384266
24017048191982,19655,0.171934053,0.0844718367,-1.7581867,-0.157724485,0.464312285,0.0573033281,0.86962837
24017064867763,19671,0.162337676,0.0832227394,-1.74897349,-0.158797532,0.483023077,0.0632006824,0.858765244
24017081524221,19689,0.15093784,0.081859529,-1.73823071,-0.159692854,0.503401279,0.0695003197,0.846318543
24017098213180,19705,0.140498638,0.0807590485,-1.72830617,-0.160186529,0.520978451,0.0746504739,0.835074365
24017114862815,19721,0.129485965,0.0796746984,-1.71808672,-0.16036877,0.53802067,0.0793049932,0.82372719
24017131524013,19738,0.117256641,0.078610301,-1.70671284,-0.160409182,0.555767238,0.0837584808,0.811403811
24017148196461,19755,0.104733795,0.0775900781,-1.69496226,-0.160440639,0.572946668,0.0878855288,0.79891628
24017164873909,19771,0.0928582624,0.0765665099,-1.68362403,-0.160737365,0.588237107,0.0920027867,0.787195146
24017181531201,19787,0.0809049308,0.0756884664,-1.67210114,-0.161911011,0.6024912,0.0966849104,0.775526404
24017198376253,19804,0.0679513067,0.0750361755,-1.65998292,-0.163720295,0.61641109,0.101710752,0.763471067
24017214863076,19821,0.0548710413,0.0745946243,-1.64790118,-0.165344745,0.629144132,0.106137894,0.752046227
24017231526930,19837,0.0425710194,0.0742846206,-1.63654888,-0.166290745,0.640218735,0.10966038,0.741917789
24017248242086,19854,0.0294587724,0.074026674,-1.62474585,-0.166855186,0.651032925,0.112938657,0.731819928
24017264862659,19871,0.0162870437,0.0737854987,-1.61336827,-0.16714561,0.660878539,0.1158389,0.722414911
24017281532242,19887,0.00389968231,0.0735060498,-1.60312295,-0.167341977,0.669308066,0.118283473,0.714165568
24017298244898,19903,-0.0083594732,0.0731337219,-1.59335148,-0.167704538,0.676877558,0.120600976,0.706517875
24017314873128,19920,-0.0212179534,0.0726771653,-1.58344257,-0.168327883,0.683722794,0.122963719,0.699334621
24017331543857,19937,-0.0338722505,0.0721188486,-1.57396424,-0.169383273,0.689362228,0.125284985,0.693103671
24017348210992,19953,-0.0455870032,0.0715216696,-1.56554306,-0.171024323,0.693675697,0.127534047,0.687967896
24017366683909,19972,-0.0593035594,0.0706742555,-1.55630279,-0.173538342,0.697864413,0.130341738,0.682554543
24017381644326,19986,-0.0693054348,0.0700261593,-1.54990888,-0.175424546,0.700621843,0.132587224,0.678804815
24017398199065,20003,-0.0814016908,0.0694015622,-1.54253733,-0.177745283,0.703632772,0.135346428,0.674528658
24017414863284,20019,-0.0927103236,0.0689707547,-1.53602779,-0.179760948,0.706105411,0.137865499,0.670890689
24017431534690,20036,-0.10466107,0.0685674772,-1.52956474,-0.181694925,0.70838064,0.140482128,0.667419374
24017448292034,20053,-0.116485663,0.0681275278,-1.52354658,-0.183579654,0.710329831,0.142902017,0.664310992
24017464900367,20069,-0.127540946,0.0676515549,-1.51825941,-0.185602143,0.711697459,0.144930542,0.661841154
24017481527346,20086,-0.139201641,0.0671703443,-1.51303148,-0.187912822,0.712691903,0.146965504,0.659666777
24017498217659,20102,-0.150021076,0.0667438805,-1.50849783,-0.18985869,0.713334382,0.148616955,0.658043206
24017514889430,20119,-0.161620706,0.0661059096,-1.5040555,-0.19169125,0.713676751,0.150066718,0.656810462
24017531529378,20136,-0.173332155,0.0652559102,-1.49984634,-0.193605319,0.713682652,0.151545346,0.655902505
24017548236930,20152,-0.184241459,0.0643818006,-1.49617779,-0.195542425,0.713432014,0.152865902,0.655293763
24017564862294,20168,-0.194984347,0.0634429157,-1.49274051,-0.197502434,0.713019371,0.153838634,0.654927433
24017581528023,20185,-0.206305534,0.0623849928,-1.48929942,-0.199560583,0.71247822,0.154665083,0.654697716
24017598195836,20202,-0.217528701,0.0613106042,-1.48617411,-0.201422915,0.711898208,0.155264825,0.654616475
24017615166044,20219,-0.228678361,0.0601413995,-1.48318994,-0.202902868,0.711313069,0.155462518,0.654748499
24017631735784,20235,-0.239109978,0.0590362549,-1.48062181,-0.203843489,0.710556686,0.155494347,0.655269921
24017648212294,20252,-0.250195444,0.0578540787,-1.47809243,-0.204105929,0.709744394,0.155156255,0.656148136
24017664860002,20268,-0.260637611,0.0567373261,-1.47587943,-0.20353809,0.709130585,0.15441899,0.657161295
24017682192555,20285,-0.271699905,0.0556231588,-1.47381067,-0.202133164,0.708858907,0.153310567,0.658146858
24017698299013,20301,-0.281894624,0.0545530245,-1.47202563,-0.200260207,0.709156394,0.151915357,0.658722103
24017714956513,20318,-0.292552292,0.0534155071,-1.47022128,-0.198033914,0.70985955,0.150069207,0.659060955
24017731531877,20334,-0.303030878,0.052515693,-1.46843266,-0.195910752,0.710784435,0.148280114,0.659103632
24017748203700,20350,-0.313662529,0.0517103374,-1.46668983,-0.19379127,0.711979985,0.146739915,0.658784389
24017765350211,20368,-0.325990468,0.0510215983,-1.46495509,-0.19148317,0.713591397,0.145579875,0.657972753
24017781536044,20384,-0.337272644,0.0506568253,-1.46353948,-0.189757273,0.71514833,0.145226389,0.656859517
24017798219482,20400,-0.348823667,0.050545916,-1.46214461,-0.188234821,0.716970623,0.145395905,0.655271649
24017814862398,20417,-0.361391097,0.0507189259,-1.46071148,-0.186606079,0.719511032,0.145484149,0.652929187
24017831530575,20434,-0.374421775,0.0511032045,-1.45924866,-0.184723705,0.722683549,0.145131305,0.650032759
24017848192607,20450,-0.387150228,0.0517104641,-1.45773423,-0.182902932,0.725986362,0.144798741,0.646934152
24017864862398,20466,-0.400244445,0.0526100621,-1.45620513,-0.181111455,0.729529679,0.14488323,0.643423617
24017881562086,20483,-0.414605141,0.0539128631,-1.45464015,-0.179569706,0.733663321,0.145678341,0.638960719
24017898198596,20500,-0.429401457,0.0556906983,-1.45300961,-0.178725466,0.738343894,0.147364914,0.633394957
24017914870575,20516,-0.443565071,0.0577127263,-1.45135772,-0.178227812,0.743160486,0.148943231,0.6275056
24017931529482,20532,-0.458033621,0.0598614961,-1.44938147,-0.177606761,0.748125613,0.149834991,0.621541142
24017948201304,20550,-0.474418759,0.0624788553,-1.44683349,-0.176428452,0.753594458,0.149880618,0.615227044
24017964889013,20566,-0.488762349,0.064967297,-1.44439185,-0.174948201,0.758342564,0.149293393,0.609935462
24017981554065,20582,-0.502983034,0.0673950016,-1.44160044,-0.173288479,0.763117611,0.148860693,0.60453546
24017998199169,20599,-0.517831802,0.0698906481,-1.43829381,-0.171256378,0.768180013,0.148857981,0.598675251
24018014861669,20616,-0.532251537,0.0723235533,-1.43477929,-0.168728217,0.773563266,0.149247348,0.592330992
24018031526929,20632,-0.545472026,0.0743514746,-1.43111277,-0.166085839,0.779357195,0.149837479,0.585291922
24018048197190,20648,-0.558253407,0.0760058314,-1.42717421,-0.163548112,0.785920143,0.150722668,0.576943815
24018064862242,20666,-0.572110236,0.077470243,-1.42241156,-0.1613985,0.793893099,0.15212065,0.566165805
24018081524221,20682,-0.584056377,0.0784196556,-1.41779029,-0.160120025,0.801044226,0.153758034,0.555921197
24018098330106,20698,-0.595664144,0.0790084079,-1.41298318,-0.159294382,0.807906508,0.155586228,0.545623839
24018114861096,20715,-0.607692182,0.0793325976,-1.40764892,-0.158520326,0.814689755,0.15745084,0.535127282
24018131633023,20732,-0.619639456,0.0793184415,-1.40229559,-0.157622695,0.820918977,0.159188479,0.52526778
24018148196044,20748,-0.630696595,0.0790490359,-1.39713955,-0.15668337,0.826283753,0.160741776,0.516592383
24018164860679,20764,-0.641491354,0.0785879642,-1.39185405,-0.155706137,0.831210017,0.162042901,0.508515179
24018181684950,20782,-0.653541684,0.0777914673,-1.38583839,-0.154573813,0.836150587,0.163248569,0.500308931
24018198208388,20798,-0.66415441,0.0768662468,-1.38025498,-0.153579161,0.839942455,0.164303064,0.493877232
24018214865002,20814,-0.674716592,0.0757090151,-1.37455964,-0.152553216,0.843190968,0.165524811,0.48821947
24018231532034,20831,-0.685914457,0.0742250457,-1.36843455,-0.151281357,0.846097052,0.16684024,0.483112931
24018248208700,20847,-0.69621551,0.0726878345,-1.3627733,-0.149947882,0.848321438,0.167865872,0.479257256
24018264898231,20864,-0.707129061,0.0709626377,-1.35669649,-0.148427069,0.850107729,0.168979019,0.476164222
24018281546044,20881,-0.718365133,0.069158718,-1.35032642,-0.147076353,0.851260126,0.170127168,0.474111319
24018298200679,20897,-0.729087114,0.0674259067,-1.34419608,-0.146147162,0.851736307,0.171182051,0.473162889
24018314862919,20913,-0.739875734,0.0656923428,-1.3379097,-0.145847827,0.851486742,0.172375798,0.473270953
24018331526044,20931,-0.752131939,0.0638471916,-1.33067346,-0.146286726,0.850144923,0.17382586,0.47501415
24018348230471,20947,-0.763263702,0.0623519346,-1.32404649,-0.147136346,0.847933412,0.174974024,0.478271842
24018364860367,20964,-0.77536428,0.0609958842,-1.31685698,-0.14840883,0.844647884,0.175848216,0.483344853
24018381609325,20980,-0.787027061,0.0599786937,-1.30990219,-0.149894372,0.840801895,0.176326156,0.489380151
24018398196929,20996,-0.79909724,0.0591961592,-1.30260944,-0.151787311,0.836147964,0.176434413,0.49667713
24018414879221,21013,-0.812512517,0.0586268455,-1.29456222,-0.153820381,0.83043617,0.175655916,0.505826116
24018431555419,21030,-0.826105118,0.0581886321,-1.28631461,-0.15555428,0.823952973,0.173762649,0.51644069
24018448197867,21046,-0.838840783,0.0578851923,-1.27856147,-0.156898946,0.817144692,0.171553835,0.52747196
24018464869325,21062,-0.851734042,0.0576929003,-1.27080548,-0.158357963,0.80961895,0.169511661,0.539171457
24018481670992,21079,-0.86564213,0.0575239062,-1.26250219,-0.160328344,0.800738692,0.167681381,0.552263916
24018498212554,21096,-0.879636467,0.0575226769,-1.25439417,-0.163133889,0.790679514,0.166594282,0.566091478
24018514863752,21112,-0.892868042,0.0577929914,-1.24705446,-0.16700013,0.779908121,0.16665186,0.579725444
24018531528075,21129,-0.906829715,0.0582297146,-1.23970175,-0.172138542,0.767227829,0.167083055,0.594821811
24018548234742,21146,-0.920802414,0.0587562546,-1.2326014,-0.177055806,0.75375551,0.167237669,0.610356867
24018564864585,21162,-0.934065104,0.0593529642,-1.22606432,-0.181016728,0.741297543,0.16645138,0.624503732
24018581685888,21178,-0.947181046,0.0600170344,-1.2199136,-0.184352562,0.729211271,0.165248707,0.637932539
24018598197085,21195,-0.961069405,0.0606443807,-1.21374345,-0.187326118,0.717064619,0.163739339,0.651088893
24018614864273,21212,-0.974824727,0.0612250492,-1.20803475,-0.190074861,0.705761969,0.162091091,0.662946522
24018631537398,21228,-0.987437367,0.0617992431,-1.20306563,-0.192669868,0.695919156,0.160355642,0.672949493
24018648196929,21245,-1.0002749,0.0624575168,-1.19817054,-0.195611715,0.686092913,0.158437565,0.68257606
24018665006148,21262,-1.01270974,0.0630919561,-1.19366241,-0.198803708,0.676768422,0.156928599,0.691256106
24018681530054,21278,-1.02413797,0.0636273175,-1.18978405,-0.202023208,0.668402731,0.155865163,0.698663414
24018698224950,21295,-1.03596711,0.0641425997,-1.18602622,-0.205359727,0.659908831,0.154633865,0.70600009
24018714868596,21311,-1.04698658,0.0645567253,-1.18277335,-0.208108544,0.652217567,0.153325379,0.712596953
24018731538596,21328,-1.05867922,0.0649646968,-1.17966676,-0.210665658,0.644438982,0.152007386,0.719174623
24018748228127,21344,-1.06960952,0.0652302653,-1.17697418,-0.21265845,0.637507856,0.150504634,0.725057662
24018764864377,21361,-1.08112669,0.0653484836,-1.17428052,-0.21448949,0.630571485,0.148706019,0.730931222
24018781724794,21377,-1.09200311,0.0653536171,-1.17194235,-0.216073439,0.624405742,0.146752402,0.736134171
24018798198596,21394,-1.10362077,0.0651858598,-1.16964865,-0.217571825,0.618167102,0.144684389,0.741349041
24018814893127,21411,-1.11534512,0.0647825599,-1.16749287,-0.218875512,0.612478137,0.142723486,0.746052384
24018831542294,21427,-1.12634599,0.0641826242,-1.16569221,-0.220002756,0.607869446,0.140780523,0.749849617
24018848206200,21443,-1.13726437,0.0634157136,-1.16415012,-0.221385464,0.603943646,0.138582557,0.753017604
24018864867450,21460,-1.14887822,0.0624127612,-1.16268754,-0.223196715,0.600461602,0.136090636,0.755717218
24018881525575,21477,-1.16047466,0.0612301975,-1.16136253,-0.225153789,0.597603202,0.133754268,0.757816494
24018898264221,21493,-1.17143726,0.060032852,-1.16025221,-0.22720395,0.595359504,0.131692633,0.759330332
24018914933596,21509,-1.18243337,0.0587423295,-1.1594485,-0.229323864,0.593490839,0.12987408,0.760468245
24018931528544,21527,-1.1950804,0.0572577566,-1.1589365,-0.231774271,0.591960788,0.12790975,0.761250436
24018948197189,21543,-1.20646453,0.05597689,-1.15871632,-0.233846769,0.591512978,0.126164943,0.76125592
24018964857033,21559,-1.21789277,0.0547760129,-1.15873849,-0.235666886,0.591924608,0.124108396,0.760712564
24018981829898,21577,-1.23094678,0.0535333231,-1.15905201,-0.237692267,0.592776895,0.121353529,0.759862721
24018998195627,21593,-1.24270082,0.0524985343,-1.15955424,-0.2393751,0.59409821,0.118696101,0.758721471
24019014902137,21609,-1.25459039,0.0516172275,-1.16029716,-0.240799576,0.596230626,0.116257571,0.756973505
24019031528648,21625,-1.26657224,0.050902009,-1.16110396,-0.242139265,0.599201441,0.11415121,0.7545169
24019048195679,21643,-1.28017581,0.0503631756,-1.16215789,-0.243924946,0.603355169,0.111663803,0.750995576
24019065966669,21660,-1.2931273,0.0502375215,-1.16316271,-0.246306926,0.607641935,0.109742649,0.747034669
24019081548960,21675,-1.30457866,0.0504653156,-1.16382909,-0.249078304,0.611574471,0.10875164,0.743040919
24019098215054,21692,-1.31766582,0.0511616319,-1.16458452,-0.25251779,0.616366804,0.107528381,0.738081574
24019114921304,21709,-1.33078527,0.052134946,-1.16525316,-0.255252838,0.621173978,0.104931131,0.733470142
24019131525835,21725,-1.34293377,0.053156592,-1.16586828,-0.256944835,0.625376284,0.101331465,0.72980535
24019148209377,21741,-1.35488307,0.0542612448,-1.16643059,-0.258196294,0.629132569,0.0976043567,0.72663635
24019164938231,21759,-1.36802077,0.0555996746,-1.16715336,-0.259014726,0.633323669,0.0938776582,0.723187029
24019181533804,21775,-1.37933815,0.0567710921,-1.16786933,-0.25920853,0.63703686,0.091132082,0.720201373
24019198288283,21791,-1.39028466,0.0578117743,-1.16841424,-0.259438485,0.640388727,0.089374885,0.717360497
24019214899064,21808,-1.40150893,0.058863163,-1.16895735,-0.259742439,0.643386364,0.0887423083,0.714641631
24019231547971,21824,-1.41181326,0.0598054081,-1.1694175,-0.260011435,0.645702899,0.0890536606,0.712412298
24019248198752,21841,-1.42246795,0.0607986003,-1.17001045,-0.259808898,0.647557318,0.0895692483,0.710736454
24019264861616,21857,-1.43234217,0.061736621,-1.17072797,-0.259149134,0.648764014,0.0898803324,0.709837019
24019281550366,21874,-1.4428618,0.0627029911,-1.171597,-0.258217543,0.649293303,0.0898939446,0.70969075
24019298203127,21891,-1.45331657,0.0636082217,-1.1726712,-0.257029176,0.648908556,0.0893395394,0.710543633
24019314877346,21907,-1.4630096,0.0643414482,-1.17386007,-0.255694389,0.64771682,0.0884522423,0.712221563
24019331534221,21924,-1.47317231,0.0650468171,-1.17548013,-0.254231989,0.645581603,0.0873276144,0.714817703
24019348222294,21941,-1.48329008,0.0656555519,-1.17729282,-0.252633601,0.642455816,0.0857871845,0.718378305
24019364900991,21957,-1.49283981,0.0660975054,-1.17905927,-0.250906914,0.638806045,0.0836590156,0.722477496
24019381536981,21973,-1.50257194,0.066437006,-1.18116426,-0.249028027,0.63463968,0.081105575,0.727075994
24019398198543,21990,-1.51299012,0.0666316599,-1.18359554,-0.247105345,0.629662633,0.0784104541,0.732335865
24019415061981,22007,-1.52333879,0.0665911958,-1.18601811,-0.245270923,0.624107242,0.0760801956,0.737932384
24019431544741,22023,-1.53298104,0.0662944019,-1.18831301,-0.243609086,0.618424773,0.0740341097,0.743454397
24019448217241,22039,-1.54258585,0.0657123923,-1.19054723,-0.241670415,0.612386465,0.0718872771,0.74927336
24019464895887,22056,-1.55267894,0.0648131222,-1.19288111,-0.239305317,0.60570997,0.069828853,0.755627096
24019481536460,22073,-1.56257653,0.0637547374,-1.19525063,-0.237140223,0.598821282,0.0682458505,0.761918783
24019498252085,22089,-1.57184017,0.0627048388,-1.19748068,-0.235416964,0.592164755,0.0670412853,0.767740309
24019514864793,22106,-1.58172381,0.0615497604,-1.19970834,-0.234065279,0.584947586,0.0656032786,0.773786783
24019531644741,22123,-1.59179342,0.0604729801,-1.20183897,-0.23318994,0.577628434,0.0639293194,0.779667258
24019548197554,22139,-1.60134768,0.0594673827,-1.20371389,-0.232574821,0.570772409,0.0622386783,0.785018563
24019564863700,22156,-1.61159515,0.0584416464,-1.2056334,-0.231963068,0.56348604,0.0605497099,0.790575922
24019581718335,22172,-1.62140274,0.0576089919,-1.20739496,-0.231379747,0.556521297,0.0591191426,0.795771599
24019598215158,22189,-1.63197303,0.0569160804,-1.20922613,-0.230640888,0.548976183,0.0572440736,0.801344573
24019615182502,22205,-1.64211202,0.0564834401,-1.21095026,-0.229704678,0.541784346,0.0548210591,0.806659877
24019631538231,22222,-1.6530807,0.0561023429,-1.21254814,-0.22850357,0.534097493,0.0513577126,0.812335193
24019648219481,22238,-1.66350615,0.0559071973,-1.21399331,-0.227525815,0.52704978,0.0475344323,0.817429543
24019664987710,22255,-1.67470419,0.0558662489,-1.21541345,-0.226992697,0.519877911,0.0431650393,0.822397709
24019681562814,22272,-1.68607557,0.0559203625,-1.21659732,-0.227212086,0.512897551,0.0388489626,0.826922953
24019698201043,22288,-1.6968838,0.0562017784,-1.21768177,-0.228186443,0.506329358,0.0353012122,0.830852211
24019714910523,22304,-1.70782781,0.0567328855,-1.21870923,-0.229619369,0.499995649,0.0322304852,0.83441025
24019731537606,22321,-1.71966755,0.0575866476,-1.21984541,-0.231087849,0.493356943,0.0288586598,0.838071942
24019748213023,22338,-1.73162782,0.0587109849,-1.22117579,-0.231673345,0.4866606,0.0251882151,0.841934979
24019764867658,22354,-1.74271405,0.0598936304,-1.22264123,-0.23130554,0.480223477,0.0212831572,0.845831096
24019781653023,22371,-1.75424087,0.0611080676,-1.22440207,-0.230127111,0.473213673,0.0168025028,0.850192964
24019798201200,22388,-1.76553476,0.0621712804,-1.2263751,-0.228588268,0.466107249,0.0127166817,0.854593396
24019814872450,22404,-1.77584445,0.0630427152,-1.22847414,-0.227431834,0.459382474,0.00990680885,0.858571112
24019831536668,22421,-1.78622925,0.0637382269,-1.23082626,-0.226767361,0.452129781,0.00807364378,0.862606525
24019848201929,22437,-1.79544401,0.064222753,-1.23318589,-0.226679102,0.445168495,0.00706587033,0.866251528
24019865047345,22453,-1.80422497,0.0645953342,-1.23563778,-0.226962239,0.438020736,0.00653395895,0.869817972
24019881533908,22470,-1.81315422,0.0649349168,-1.23835719,-0.227347925,0.43040368,0.00593519537,0.873516142
24019898204533,22487,-1.82175708,0.0653296113,-1.24128735,-0.22761327,0.42297861,0.00483666826,0.877073526
24019915176772,22504,-1.83010149,0.065760076,-1.24431574,-0.227640331,0.415806055,0.0031488121,0.880497277
24019931547345,22520,-1.83780539,0.0662513301,-1.24733794,-0.22748372,0.409214497,0.00128503179,0.883624971
24019948257293,22536,-1.84529245,0.0667086318,-1.25042486,-0.227111563,0.402978063,-0.000769227103,0.886582494
24019964867241,22553,-1.85309184,0.0671236068,-1.25381005,-0.226392359,0.397043645,-0.00298566907,0.889434576
24019981734012,22570,-1.86076641,0.0674675629,-1.25734138,-0.225600094,0.391807199,-0.00484635588,0.891946316
24019998667345,22586,-1.86795831,0.0677003711,-1.26081371,-0.224899277,0.387642205,-0.00651657581,0.893930316
24020014887450,22602,-1.8753792,0.0679213926,-1.26458859,-0.22408846,0.384368151,-0.00855317246,0.895529151
24020031528699,22620,-1.88374805,0.067978099,-1.26894987,-0.223012626,0.381695718,-0.0112003246,0.896910429
24020048217033,22636,-1.89122057,0.067791298,-1.27295971,-0.222154707,0.380004495,-0.0134017169,0.897810876
24020064888647,22652,-1.8987267,0.067387633,-1.27714884,-0.221579418,0.378852189,-0.01493851,0.898415565
24020088206564,22676,-1.90994203,0.0663170069,-1.28368771,-0.221098974,0.377812803,-0.0157244317,0.898958027
24020098341564,22685,-1.91428077,0.0658014491,-1.2863636,-0.220942706,0.377645075,-0.0156856216,0.89906764
24020114861252,22702,-1.92264879,0.0647045225,-1.29178417,-0.220596015,0.377767265,-0.0153605603,0.899106979
24020131529377,22719,-1.93087363,0.063492693,-1.29733253,-0.220149308,0.378445089,-0.0147739919,0.898941219
24020148203283,22735,-1.93864989,0.0623690933,-1.30277658,-0.219726697,0.379945785,-0.014024769,0.898423493
24020165402189,22752,-1.94713151,0.0611590743,-1.30891716,-0.219270349,0.382707983,-0.0129167177,0.897378623
24020181555054,22769,-1.95571458,0.059909679,-1.31524181,-0.218904436,0.386698842,-0.0110599743,0.895780385
24020198192293,22785,-1.96374857,0.0587444454,-1.32120562,-0.218729168,0.391428858,-0.00851515215,0.893794477
24020215216824,22802,-1.97254896,0.0575377531,-1.32780659,-0.218450233,0.397262871,-0.0055243033,0.891308665
24020231529585,22818,-1.98103285,0.0565686822,-1.33423603,-0.217819825,0.403334618,-0.00286747585,0.88874495
24020248209064,22835,-1.99039304,0.0557584763,-1.34145212,-0.216683522,0.410446137,-0.000425485196,0.885766447
24020264908804,22851,-1.99957597,0.0551740378,-1.34846461,-0.215037629,0.41778636,0.00150857272,0.882729411
24020281525522,22868,-2.00971746,0.0546268784,-1.3560425,-0.212604001,0.426663041,0.00361483661,0.879059255
24020298372918,22884,-2.01966095,0.0540990606,-1.36329925,-0.210095406,0.436285645,0.00660179835,0.874912202
24020314859585,22901,-2.03053164,0.0537840575,-1.37087858,-0.207994267,0.448020428,0.0118155386,0.869411588
24020331566460,22917,-2.04109621,0.0538881421,-1.37781513,-0.206856638,0.460924745,0.0183159113,0.862799704
24020348226564,22933,-2.05183744,0.0542508103,-1.38438118,-0.206310332,0.475547254,0.0258452408,0.854764819
24020364869012,22951,-2.06418824,0.0547459014,-1.39143384,-0.205995262,0.493408769,0.0348904394,0.84433192
24020381623491,22967,-2.07532334,0.0554494597,-1.39730203,-0.205802053,0.510019839,0.0432039909,0.834061623
24020398200366,22983,-2.0862565,0.0565106571,-1.40245914,-0.204682589,0.527362168,0.051601965,0.823001504
24020415073491,23000,-2.09768105,0.0577806905,-1.40725398,-0.202215776,0.546668828,0.0602688678,0.810326934
24020431529637,23017,-2.1087966,0.0591512993,-1.41143572,-0.199089631,0.566565633,0.0690894276,0.796613753
24020448196043,23033,-2.11881781,0.0604627617,-1.41490364,-0.195861682,0.585734367,0.0774212927,0.782661796
24020464899741,23050,-2.12892246,0.0618594401,-1.4179827,-0.192470044,0.60656023,0.0859696716,0.766582847
24020481530106,23066,-2.1379714,0.06312415,-1.42048907,-0.189562932,0.626409709,0.0934789181,0.750292361
24020498261251,23082,-2.14638233,0.0642940179,-1.42247927,-0.186961249,0.646270096,0.100464307,0.732998908
24020514863595,23100,-2.15483212,0.0654720217,-1.42400229,-0.184222847,0.668348551,0.108107232,0.712520242
24020531541824,23116,-2.1614759,0.0663208216,-1.42489457,-0.18182379,0.687936962,0.11470861,0.693198979
24020548219949,23132,-2.16731811,0.0670596883,-1.42538023,-0.179341033,0.707716942,0.120992072,0.672558248
24020564860783,23150,-2.17309976,0.0677077025,-1.42563784,-0.176292151,0.730000734,0.127739191,0.647844732
24020581920470,23166,-2.17743421,0.0681197867,-1.42551506,-0.173241794,0.749471962,0.133571923,0.624850094
24020598214428,23182,-2.18093896,0.0685041547,-1.42501163,-0.169924393,0.768524766,0.139149666,0.600943387
24020614863022,23199,-2.1839273,0.068796508,-1.42424738,-0.166301623,0.788290083,0.144505605,0.574509084
24020631558751,23215,-2.18586206,0.0689696819,-1.42319524,-0.162864029,0.806279242,0.148936406,0.548823297
24020648195574,23232,-2.18692923,0.0689691156,-1.42181742,-0.159025878,0.824593902,0.15345785,0.520774841
24020664893856,23249,-2.18703294,0.0688436553,-1.42021751,-0.154886052,0.841941297,0.158324763,0.492014736
24020681538908,23265,-2.18632984,0.0687349886,-1.41868258,-0.15064998,0.857407272,0.163335189,0.464197129
24020698554428,23282,-2.18478751,0.0686020702,-1.41697311,-0.145721361,0.873047292,0.168776229,0.433668435
24020714867918,23299,-2.18242764,0.0683860257,-1.41516066,-0.140176758,0.887754023,0.174019083,0.402443498
24020731530366,23315,-2.17952037,0.0681428239,-1.41349864,-0.134491742,0.900507748,0.178730085,0.372898489
24020748203595,23331,-2.17595029,0.0679200068,-1.41172075,-0.12855649,0.91224587,0.183033034,0.343190312
24020764869741,23348,-2.17153811,0.0677263811,-1.40972233,-0.121849343,0.923719049,0.186923429,0.311376899
24020781527397,23365,-2.16682935,0.0676346049,-1.40777409,-0.114895165,0.934167385,0.19008255,0.279283136
24020798194324,23381,-2.16193771,0.0675953329,-1.40591252,-0.108130567,0.942937791,0.192567229,0.249186844
24020814892605,23397,-2.15644813,0.067569226,-1.4040463,-0.101057798,0.950591922,0.194919899,0.219473451
24020831524897,23414,-2.1501472,0.0675921887,-1.40202951,-0.0931700543,0.957536697,0.197253212,0.188504934
24020848199689,23431,-2.14279246,0.0672863126,-1.40003109,-0.0850861296,0.96340847,0.199098587,0.15800105
24020864866408,23447,-2.13565135,0.0670263618,-1.39816177,-0.077276051,0.967911422,0.200866729,0.129725054
24020881547918,23464,-2.12837911,0.0671002194,-1.39624751,-0.0686566979,0.971557617,0.203046113,0.100669935
24020898201199,23480,-2.12132573,0.0671853796,-1.39446568,-0.0604214743,0.974124193,0.204750478,0.0742207021
24020914864480,23497,-2.11367679,0.0673317164,-1.39240837,-0.0521609634,0.976035833,0.206138194,0.0462639742
24020931531720,23513,-2.1062777,0.0674822479,-1.39048254,-0.0446032323,0.977026939,0.207428887,0.0200550668
24020948209272,23530,-2.09816504,0.0675245076,-1.38838148,-0.0363928638,0.977241635,0.208848566,-0.00753264083
24020964860470,23547,-2.0897758,0.0674766004,-1.38643813,-0.0280147046,0.976573765,0.210468128,-0.0349588171
24020981546043,23563,-2.08166122,0.0674266964,-1.38456035,-0.020401733,0.975230336,0.211719692,-0.0606997348
24020998192085,23579,-2.07329106,0.067388989,-1.38233876,-0.0131067932,0.973230541,0.212657109,-0.0861833841
24021014898282,23596,-2.06416988,0.0674677119,-1.37988269,-0.00630997121,0.970464349,0.212963447,-0.113162503
24021031523699,23613,-2.05487418,0.0676202998,-1.37733865,-0.000419762131,0.967031062,0.212636262,-0.14013052
24021048209168,23629,-2.04600692,0.0677027106,-1.37489414,0.00487247296,0.963173389,0.211879909,-0.165469885
24021064864116,23646,-2.0365324,0.0676615387,-1.37239456,0.0105954865,0.958364129,0.210875958,-0.19224295
24021081531512,23663,-2.02711415,0.0676468611,-1.37002659,0.0160819031,0.952897489,0.209687755,-0.218537822
24021098298907,23679,-2.01840353,0.0676977187,-1.36786366,0.0204515196,0.947379649,0.208073631,-0.242402479
24021114867709,23696,-2.00934529,0.067687884,-1.36556947,0.023872178,0.941411138,0.205655366,-0.266235322
24021131529532,23712,-2.0008471,0.0676439777,-1.36355472,0.0263184421,0.935758352,0.202976748,-0.287165642
24021148199012,23729,-1.99153459,0.0679124892,-1.36219442,0.0287028588,0.929283381,0.200933784,-0.308600515
24021164861355,23745,-1.98313117,0.0682292953,-1.36094713,0.0310217012,0.922762871,0.199805871,-0.328061014
24021181605522,23762,-1.97487009,0.0682081953,-1.35892665,0.0331167504,0.915797055,0.197980717,-0.347883224
24021198198022,23779,-1.96672106,0.0681043565,-1.35684824,0.034832675,0.908663094,0.195438623,-0.36731708
24021214860053,23795,-1.95920002,0.068056047,-1.354936,0.0363580883,0.90173465,0.192976519,-0.385114163
24021231536876,23812,-1.95151722,0.0679409802,-1.35269594,0.0377152078,0.894112468,0.190383822,-0.403601974
24021248191564,23828,-1.94454491,0.067877546,-1.35070086,0.0386441313,0.886702001,0.188002348,-0.420620292
24021265167814,23845,-1.93743467,0.0677848607,-1.3486557,0.039238289,0.878561378,0.185820132,-0.438247859
24021281537397,23861,-1.93111575,0.0676704645,-1.34673047,0.039562393,0.870683789,0.184333593,-0.454274893
24021298212449,23878,-1.92479408,0.0676748604,-1.34493959,0.0400084034,0.862336636,0.183212638,-0.470327586
24021314897709,23894,-1.91916859,0.0677245408,-1.34309363,0.0406026393,0.854599237,0.182460681,-0.484478861
24021331525418,23911,-1.91356158,0.0679224432,-1.34106421,0.0412643775,0.846441567,0.181917831,-0.498738408
24021348206511,23928,-1.90828228,0.0683290586,-1.33899331,0.041745346,0.838280499,0.18161875,-0.512404025
24021364865261,23944,-1.90366662,0.0688925683,-1.33702433,0.0420717001,0.830548048,0.181553975,-0.524841011
24021381618647,23960,-1.89938831,0.0696352944,-1.33506191,0.0424689986,0.822802722,0.181646511,-0.536839485
24021398194845,23977,-1.89511263,0.0705839097,-1.33283722,0.0430954248,0.814638555,0.181711674,-0.549079001
24021414860886,23994,-1.89122593,0.0716483742,-1.3306123,0.0437599383,0.806830645,0.181454599,-0.560520887
24021431981720,24010,-1.88775551,0.0727137104,-1.32825422,0.044262249,0.800023913,0.180890322,-0.570334494
24021448244741,24027,-1.88441467,0.0737749264,-1.32549202,0.0446691774,0.793313563,0.180199862,-0.579815745
24021464861355,24044,-1.88139665,0.0747695565,-1.32259881,0.045174703,0.78717196,0.179530203,-0.588292956
24021481592970,24060,-1.87852848,0.0756630972,-1.31965852,0.0457413644,0.782156885,0.178896472,-0.595091999
24021498220261,24076,-1.87601423,0.0764447078,-1.31648505,0.0464743562,0.777917981,0.178169563,-0.600782335
24021514927449,24094,-1.87394524,0.0771753713,-1.312554,0.0473908186,0.773914218,0.17729187,-0.606117606
24021531528699,24110,-1.87199461,0.0776855797,-1.30911064,0.0481714793,0.770968199,0.176511481,-0.610025644
24021548196355,24126,-1.87024236,0.0780337751,-1.30563426,0.0490155369,0.768422186,0.175686255,-0.613399744
24021564891616,24142,-1.86864555,0.0782192871,-1.30226803,0.0502848029,0.766128004,0.174756825,-0.616424739
24021581586251,24160,-1.86732721,0.0782701969,-1.29855359,0.0524399914,0.763512671,0.173581615,-0.619812846
24021598213126,24176,-1.8663795,0.078159824,-1.29537892,0.0545408353,0.760881543,0.172372773,-0.623195171
24021614862657,24192,-1.86585391,0.0779642314,-1.29233122,0.0565037839,0.757660449,0.170934647,-0.627327204
24021631528699,24209,-1.8655442,0.0776540786,-1.28923702,0.0585973002,0.753503025,0.168985337,-0.632647991
24021648212866,24226,-1.86580336,0.0773072094,-1.28617382,0.0611064024,0.748419523,0.166656226,-0.639030576
24021664863907,24242,-1.86643422,0.0769502819,-1.28337717,0.0640843213,0.742492795,0.164527476,-0.646164358
24021681696095,24259,-1.86732197,0.076619871,-1.28050864,0.0680653453,0.734840035,0.162669346,-0.654916763
24021698199220,24276,-1.86869347,0.076436758,-1.27758479,0.072458759,0.726016521,0.160870507,-0.664658129
24021714869845,24292,-1.86988568,0.0762935579,-1.27491379,0.0766126886,0.716996431,0.158931598,-0.67437923
24021731543022,24308,-1.8714211,0.0763219893,-1.27189946,0.0806664824,0.707324684,0.156912357,-0.684516847
24021748254845,24324,-1.87286556,0.0764738023,-1.26884139,0.0845473781,0.697264433,0.154984623,-0.694732964
24021764870105,24341,-1.87410915,0.0767483711,-1.26550567,0.0882509425,0.686632335,0.153147325,-0.705190539
24021781603386,24358,-1.87551296,0.0772242993,-1.26166582,0.0913880765,0.676410973,0.1515674,-0.71494329
24021798196928,24375,-1.87647963,0.0777067617,-1.25807333,0.0939657837,0.666995764,0.150398731,-0.723648727
24021814889376,24391,-1.87756383,0.0782003254,-1.25437832,0.0959322527,0.658861578,0.149584353,-0.730974019
24021831544532,24408,-1.87847698,0.078638792,-1.2505337,0.0974083096,0.651048124,0.148956299,-0.737875402
24021848196720,24424,-1.87886381,0.0788886324,-1.24730718,0.0980261117,0.644434392,0.148756042,-0.743617475
24021864899115,24441,-1.87978029,0.0790791959,-1.24331391,0.0978472978,0.638002098,0.148911506,-0.749135971
24021881567084,24457,-1.88077998,0.0791039392,-1.23938394,0.0971825123,0.632618129,0.149425238,-0.753672302
24021898223855,24474,-1.88152373,0.0789229274,-1.23548067,0.0962868035,0.627748787,0.150287136,-0.75767684
24021914886407,24490,-1.8820039,0.0786224529,-1.23192227,0.0951817483,0.623879731,0.151458368,-0.760772645
24021931525574,24507,-1.88243663,0.0781478882,-1.2285136,0.093632929,0.620472908,0.153120711,-0.763413608
24021948250938,24524,-1.88278937,0.0776304975,-1.22514737,0.0917347446,0.617916286,0.155293405,-0.765276611
24021964860001,24540,-1.88301837,0.0771202743,-1.22193277,0.0896999165,0.616528749,0.157622382,-0.76616025
24021981546355,24556,-1.88321328,0.0765659586,-1.21885371,0.0875776634,0.61627835,0.159811482,-0.766153753
24021998194376,24574,-1.88331318,0.0759462416,-1.21555102,0.0853241235,0.617238045,0.161886051,-0.765199363
24022014860938,24590,-1.88344157,0.0753732994,-1.21284282,0.0834690109,0.618737638,0.163385436,-0.763872981
24022031544220,24606,-1.88360536,0.074870944,-1.21044111,0.0818705112,0.620318115,0.164641872,-0.762493134
24022048208230,24623,-1.88397348,0.0744821876,-1.20820332,0.0804136992,0.621662676,0.165768445,-0.761308134
24022064860886,24640,-1.88446677,0.0742256939,-1.20641673,0.0791584328,0.622558117,0.166644171,-0.760516346
24022081531407,24656,-1.88501227,0.0741096362,-1.20522952,0.078010492,0.622981727,0.167103067,-0.760187328
24022098214949,24672,-1.88576818,0.0740957111,-1.20445204,0.0768087655,0.622940063,0.167192802,-0.760324121
24022114945470,24689,-1.88657582,0.0741841719,-1.20407259,0.0755240992,0.622538686,0.166875422,-0.760851145
24022131526928,24706,-1.8875891,0.0743005574,-1.2040596,0.0743528008,0.621829271,0.166096494,-0.761716545
24022148196667,24722,-1.88861561,0.0744802803,-1.20450568,0.0734547898,0.620736897,0.164996058,-0.762932837
24022164857709,24739,-1.8897357,0.0748005807,-1.20549011,0.0726757199,0.61900872,0.163570151,-0.764716446
24022181548595,24756,-1.89098883,0.0751674026,-1.20695698,0.0719510168,0.616715133,0.162017509,-0.766965449
24022198273595,24772,-1.89214063,0.0755535811,-1.20886993,0.0713971555,0.614264965,0.160430178,-0.769313514
24022214862657,24789,-1.89350843,0.0759448931,-1.21132255,0.0711428747,0.611540735,0.158521116,-0.771898806
24022231545469,24805,-1.89492416,0.0762901902,-1.21398044,0.0711679757,0.608855367,0.156534791,-0.7744205
24022248191615,24821,-1.89633548,0.0766394883,-1.21686649,0.0711479858,0.60612464,0.154261604,-0.777016222
24022264869167,24839,-1.8979044,0.0769957379,-1.22052586,0.0711648762,0.603123128,0.15132837,-0.77992171
24022281599584,24855,-1.89937091,0.0773236305,-1.22419477,0.0714917704,0.600470841,0.148556501,-0.782467008
24022298209897,24871,-1.90094209,0.0776938424,-1.22813904,0.0720694214,0.597776234,0.145627335,-0.785023689
24022314865313,24888,-1.90272832,0.0780628771,-1.23278964,0.0726178363,0.59482497,0.142157346,-0.78784591
24022331527397,24905,-1.90472496,0.0784099028,-1.23771656,0.0729329586,0.591534257,0.138353512,-0.790965497
24022348195678,24921,-1.90669286,0.0787608624,-1.24283254,0.0731413513,0.587951899,0.134620398,-0.794254601
24022364928959,24937,-1.9086864,0.079152748,-1.24842393,0.073311612,0.583807528,0.130904883,-0.797908664
24022381741355,24955,-1.91109955,0.0795806199,-1.25519025,0.0735628903,0.578602195,0.126803711,-0.802327156
24022398194063,24971,-1.91345572,0.0798806399,-1.26181972,0.0738898292,0.573620856,0.123135053,-0.806434929
24022414859272,24987,-1.91597116,0.0801165253,-1.26878345,0.0743400082,0.56828934,0.119406223,-0.810717583
24022431533282,25003,-1.91861379,0.0802988708,-1.2761544,0.0750905499,0.562726617,0.115642846,-0.815062582
24022448227553,25021,-1.92186201,0.0806492567,-1.28492141,0.0762427822,0.556125462,0.111451484,-0.820054948
24022464895730,25037,-1.92486608,0.080947265,-1.29308939,0.0776252672,0.55003643,0.107848629,-0.824501634
24022481531563,25053,-1.92786109,0.0810691789,-1.30162728,0.07944718,0.543817163,0.104377076,-0.828888714
24022498387553,25071,-1.93128729,0.0812201947,-1.31157279,0.0819799155,0.536673903,0.100602694,-0.833750367
24022514864167,25087,-1.93432379,0.0813395381,-1.32072115,0.0846043155,0.530145288,0.0973131359,-0.838044286
24022531540834,25103,-1.93718314,0.0814848393,-1.33022201,0.0875043944,0.52342546,0.0940677747,-0.842330158
24022548226094,25119,-1.94000041,0.0816663057,-1.33990812,0.0906255543,0.516666055,0.0908221677,-0.846519113
24022564866251,25137,-1.94330466,0.0818480775,-1.35085797,0.0944803208,0.509041488,0.087067619,-0.851099014
24022581534896,25153,-1.94606197,0.081981957,-1.36072338,0.0981625319,0.502144337,0.0836477801,-0.855113089
24022598206199,25169,-1.94873464,0.0820706487,-1.37066865,0.101916328,0.495188236,0.0801674277,-0.859054685
24022615212709,25187,-1.95178044,0.0820929557,-1.38189137,0.106144831,0.487325817,0.0762162805,-0.863387465
24022631530834,25203,-1.95442808,0.0819972157,-1.39191401,0.110092916,0.480378687,0.0727865398,-0.86707443
24022648196876,25219,-1.95696735,0.0817945302,-1.40200222,0.114227369,0.473409951,0.0696363673,-0.870623887
24022664893855,25235,-1.95941353,0.0815026388,-1.41206419,0.118478671,0.466488659,0.0667619705,-0.874010265
24022681527240,25252,-1.96202552,0.0810699612,-1.422611,0.123083882,0.459267259,0.0639887378,-0.877399206
24022698293386,25269,-1.96458244,0.0805422068,-1.43297684,0.127791211,0.452098966,0.0614904687,-0.88062191
24022714859428,25286,-1.96708238,0.0798997134,-1.4430722,0.132661507,0.445006907,0.0593550056,-0.883655429
24022731527917,25302,-1.96950316,0.0792198479,-1.45213258,0.13722682,0.438487381,0.0577009656,-0.886322856
24022748522448,25318,-1.97170639,0.078460291,-1.46095979,0.141706765,0.432263374,0.056403216,-0.8887555
24022764860938,25335,-1.97356999,0.0775655583,-1.4701488,0.146411374,0.426197231,0.0554316305,-0.890980899
24022781692240,25352,-1.97519398,0.0766043365,-1.47891796,0.151100382,0.420844138,0.0548215099,-0.892778575
24022798276251,25368,-1.97659874,0.0755872801,-1.48679709,0.155271232,0.416505545,0.0545329601,-0.894114196
24022814860365,25384,-1.97786903,0.0744751319,-1.49419379,0.159065843,0.41283685,0.0545172505,-0.895148993
24022831555782,25402,-1.97899354,0.0731902421,-1.50203562,0.162981316,0.409635246,0.0548066385,-0.895897508
24022848193646,25418,-1.97969604,0.0720071048,-1.50852227,0.166237339,0.407409519,0.0554446951,-0.896274865
24022864876250,25434,-1.98020661,0.0707780719,-1.51450849,0.169491813,0.405697644,0.0564003848,-0.896382213
24022881965417,25452,-1.98055255,0.0693338662,-1.52071285,0.173048794,0.404645294,0.0576318614,-0.896099865
24022898210990,25468,-1.98064113,0.0680285916,-1.52560997,0.176064655,0.404557437,0.0588158444,-0.895474851
24022914879115,25484,-1.98054349,0.0667706728,-1.52988291,0.178883269,0.405406564,0.0600339435,-0.894450903
24022931527240,25500,-1.9802525,0.0656320229,-1.53359103,0.181312606,0.407428086,0.0612723194,-0.892957985
24022948197761,25517,-1.97973621,0.0645716786,-1.53688514,0.18333976,0.411014229,0.062517032,-0.890811741
24022964863594,25534,-1.97904539,0.0636643171,-1.53944838,0.184725896,0.41599679,0.0636350587,-0.888129294
24022981525625,25550,-1.97823167,0.062997371,-1.54114413,0.185380608,0.421808064,0.0647592917,-0.885165632
24022998193855,25567,-1.97723329,0.0624730065,-1.54228485,0.185440168,0.429085165,0.066192396,-0.881542087
24023014897657,25583,-1.97622967,0.0621367507,-1.54256392,0.185131192,0.436879754,0.0678082407,-0.877647161
24023031528490,25600,-1.97509909,0.0619410686,-1.54213989,0.184394851,0.446196139,0.0697663352,-0.872949123
24023048207292,25617,-1.9739126,0.0619123951,-1.54092824,0.182914346,0.456457466,0.0720324591,-0.867755949
24023064862448,25633,-1.97274292,0.0620570444,-1.53905797,0.180673108,0.466989636,0.0742334351,-0.862419486
24023081542292,25650,-1.9714694,0.0624033809,-1.53630602,0.177592516,0.479051828,0.0764689967,-0.856225967
24023098206563,25666,-1.97029591,0.0628913119,-1.53284669,0.174154758,0.490985543,0.0785720721,-0.849958777
24023114867969,25683,-1.96896994,0.063594453,-1.52843726,0.169901222,0.504072726,0.080946736,-0.842906833
24023131534948,25699,-1.967839,0.0644141361,-1.52342188,0.165354431,0.516583145,0.0835504532,-0.83595407
24023148195730,25716,-1.96669018,0.0654665381,-1.51723647,0.160154939,0.529942811,0.0869192332,-0.828224659
24023168313855,25736,-1.96515679,0.0669455975,-1.50885713,0.153281197,0.545970023,0.0915915519,-0.818555236
24023181534167,25749,-1.96416783,0.0679701269,-1.50269556,0.147923782,0.556684971,0.094917275,-0.811918199
24023198201146,25766,-1.96299028,0.0693312213,-1.49390769,0.139959842,0.570828617,0.0996276885,-0.80289495
24023214942865,25782,-1.96222055,0.0705866516,-1.4846698,0.13182199,0.584076703,0.10462518,-0.794059753
24023231535521,25798,-1.96158206,0.071773693,-1.47467816,0.123158462,0.597078979,0.110151723,-0.784981132
24023248194115,25816,-1.96080399,0.0729799718,-1.46275854,0.112711437,0.611307561,0.116760373,-0.774574935
24023264864688,25832,-1.96030486,0.0738838762,-1.45133138,0.10299582,0.623539627,0.122888036,-0.765172362
24023281620469,25849,-1.959988,0.0745512396,-1.43848777,0.092362538,0.636197805,0.129761174,-0.754906416
24023299145417,25866,-1.95976579,0.0748166218,-1.42509449,0.0815280154,0.64849174,0.136953741,-0.744348943
24023314865157,25881,-1.95954406,0.0747168362,-1.41288686,0.0720006451,0.658997297,0.143599421,-0.734790921
24023331541719,25898,-1.95943999,0.0742231309,-1.39854121,0.0614227019,0.670402527,0.151478887,-0.723769248
24023348197813,25915,-1.95931685,0.0732801408,-1.38387728,0.0510423891,0.68109858,0.159696773,-0.712738693
24023364857917,25931,-1.95903146,0.0719503015,-1.36996627,0.0413790345,0.690366447,0.167624995,-0.702555299
24023381609740,25948,-1.95866764,0.0701010674,-1.35509503,0.0313497931,0.699325323,0.176474139,-0.691966951
24023398203959,25964,-1.95832491,0.0679355264,-1.34108245,0.0220461246,0.706871867,0.185215101,-0.682306111
24023414861250,25981,-1.95816231,0.0652364343,-1.3260448,0.0122909388,0.713812411,0.194984615,-0.672533929
24023431530209,25997,-1.95771956,0.0623109974,-1.31217289,0.00351483654,0.719364762,0.20445098,-0.663853765
24023448192240,26014,-1.95683527,0.058795847,-1.29786301,-0.00528575247,0.724120259,0.214440823,-0.655467033
24023464906198,26030,-1.95584393,0.0551833361,-1.28465748,-0.0129404701,0.727528155,0.223630965,-0.648478746
24023481533282,26047,-1.95470762,0.0510716513,-1.271052,-0.0205018092,0.730031729,0.233224064,-0.642059147
24023498204115,26064,-1.95347905,0.0467579886,-1.25786972,-0.027666118,0.731335521,0.242811516,-0.636730373
24023514863177,26080,-1.95194101,0.0424033552,-1.24601436,-0.0341390781,0.731511593,0.251757264,-0.632727146
24023531535886,26097,-1.95011747,0.0375122651,-1.23391747,-0.0404458791,0.730784416,0.261172712,-0.629370451
24023548203334,26114,-1.94833386,0.0324212685,-1.22219765,-0.0460005105,0.729242921,0.270584583,-0.626795709
24023564876615,26130,-1.94656277,0.0274877027,-1.21164596,-0.050651703,0.727218807,0.279432654,-0.624903679
24023581536927,26146,-1.94464588,0.0225158408,-1.20162678,-0.0547785275,0.724891067,0.288074136,-0.623334348
24023598208906,26163,-1.94244051,0.0172912255,-1.1915946,-0.0586572215,0.722244203,0.296748549,-0.621983111
24023614966667,26180,-1.94018304,0.0122719854,-1.18221831,-0.06199966,0.719556689,0.304752916,-0.620902538
24023631560104,26196,-1.93796587,0.00775709748,-1.1740967,-0.0646229386,0.716917157,0.311677277,-0.620250762
24023648194948,26212,-1.93561971,0.00357944518,-1.16668129,-0.0667315051,0.714088202,0.318048298,-0.620056689
24023664864375,26230,-1.93300724,-0.00061865896,-1.1591984,-0.0684024692,0.710798919,0.324454039,-0.620335042
24023681524115,26246,-1.93065488,-0.00394229591,-1.15339816,-0.069428198,0.707860291,0.329353631,-0.620999038
24023698235209,26262,-1.92829466,-0.00670225918,-1.14824939,-0.0701960027,0.704902232,0.333376378,-0.622129917
24023715031615,26279,-1.92581308,-0.00908195972,-1.14367187,-0.0706949085,0.701657653,0.336713612,-0.623941243
24023731531094,26296,-1.92350578,-0.0109166652,-1.14005828,-0.070743382,0.698446095,0.339154571,-0.626212955
24023748195625,26312,-1.92147493,-0.0120242089,-1.13752556,-0.0703976527,0.69559139,0.340698719,-0.628586709
24023764860104,26328,-1.91950059,-0.0124092102,-1.13586664,-0.0698392168,0.692855,0.341491222,-0.63123548
24023781640781,26345,-1.91759145,-0.0120651945,-1.13506448,-0.0689491034,0.689943969,0.341606438,-0.63445127
24023798213177,26362,-1.91596103,-0.0111077279,-1.13539255,-0.0675628558,0.687060475,0.340867072,-0.638116658
24023814873333,26378,-1.9146899,-0.0095987469,-1.13670969,-0.0656968504,0.684362471,0.339280039,-0.642044485
24023831529740,26394,-1.91371024,-0.00746580958,-1.13898373,-0.0631633028,0.681680501,0.336831003,-0.64642632
24023848219063,26412,-1.9129473,-0.00423740596,-1.14246535,-0.0595169812,0.678550959,0.333019823,-0.652015567
24023864863854,26428,-1.91255021,-0.000726863742,-1.14648914,-0.0556792244,0.675782979,0.328510761,-0.657493591
24023882149948,26444,-1.91247404,0.00320214778,-1.1516192,-0.0513889417,0.673130393,0.32294777,-0.663294435
24023898212604,26461,-1.91265106,0.0079087466,-1.15818036,-0.0464002043,0.670535564,0.31598407,-0.669614196
24023914867292,26477,-1.9130733,0.0128260329,-1.16529858,-0.0410646871,0.668320715,0.308493823,-0.675642431
24023931552292,26495,-1.91420257,0.0187686011,-1.17401588,-0.0341669694,0.665997446,0.298965603,-0.682568431
24023948212396,26511,-1.91563535,0.0243280232,-1.18264723,-0.0273303892,0.664071679,0.289423257,-0.688836753
24023966327344,26528,-1.91757524,0.0303690434,-1.19284308,-0.0196386557,0.662111402,0.278206825,-0.695574522
24023981816771,26544,-1.91973388,0.0361731201,-1.20323813,-0.012190355,0.660274088,0.266679913,-0.701976776
24023998205104,26561,-1.92247975,0.0423079357,-1.2150234,-0.00389880547,0.65820241,0.253646642,-0.708814383
24024014884740,26577,-1.92529225,0.0480005443,-1.22677732,0.00427086325,0.656006396,0.240778431,-0.715306342
24024031549740,26593,-1.92841804,0.0535241738,-1.23915887,0.0125452783,0.653483033,0.227529913,-0.721825957
24024048302500,26610,-1.93190014,0.0591737106,-1.25313151,0.0213640407,0.650254011,0.213214934,-0.728870869
24024064869115,26627,-1.93553257,0.0644420534,-1.26771474,0.0303870589,0.646546006,0.19875212,-0.735902548
24024081555781,26643,-1.93925714,0.0688606724,-1.28163481,0.039105963,0.642806888,0.185083836,-0.742303252
24024098208073,26660,-1.94316864,0.0730543584,-1.29676855,0.0483255014,0.63856107,0.17047739,-0.748893738
24024114875469,26676,-1.9470253,0.0763942301,-1.3112154,0.0571445525,0.634252787,0.156886145,-0.754880548
24024131527240,26693,-1.95101535,0.0793440044,-1.32690549,0.066858381,0.629281461,0.142787144,-0.761016905
24024148227240,26709,-1.95472395,0.0814476162,-1.34173512,0.0762965679,0.624320745,0.129869878,-0.766509235
24024164861042,26726,-1.95864308,0.0828594565,-1.35738266,0.08664646,0.61884141,0.116684616,-0.771953702
24024181565885,26743,-1.9622339,0.083591029,-1.37312138,0.0971431956,0.613087833,0.104254067,-0.777056992
24024198198385,26759,-1.96568871,0.0836149678,-1.38766992,0.10702686,0.60736537,0.0933476537,-0.781625688
24024214865000,26776,-1.9691608,0.0830466747,-1.40297949,0.117479183,0.601004958,0.0825919211,-0.786238134
24024231567552,26792,-1.97201455,0.0820499063,-1.41731918,0.127298549,0.59487617,0.0732380077,-0.790287077
24024248197083,26809,-1.9747715,0.0803377256,-1.43223453,0.137650132,0.588511884,0.0642136782,-0.794092476
24024264868906,26826,-1.97739029,0.0780575648,-1.44656754,0.147890776,0.582360625,0.0561987981,-0.797387004
24024281643385,26842,-1.97969377,0.0755833983,-1.45947981,0.157386258,0.57662946,0.0495153479,-0.800172627
24024298205208,26858,-1.98155749,0.0728708953,-1.47199714,0.166862532,0.570822001,0.0435599759,-0.802758873
24024314987292,26875,-1.98336077,0.0696953237,-1.48457944,0.176946044,0.564650834,0.0380823761,-0.805238724
24024331525365,26892,-1.98498905,0.0663142055,-1.496418,0.186771661,0.558430195,0.0338303857,-0.807544231
24024348197552,26908,-1.98623967,0.0631400347,-1.50680125,0.195377529,0.552414834,0.0308596846,-0.809761226
24024364889219,26925,-1.987221,0.0598686673,-1.51696098,0.203657374,0.54599458,0.0286562294,-0.812153041
24024381533958,26941,-1.98780107,0.0569837727,-1.52569711,0.210395038,0.540377557,0.0272707473,-0.814237356
24024398323854,26958,-1.98822439,0.0542550012,-1.5339098,0.216611892,0.535145044,0.0263704471,-0.816090524
24024414861771,26974,-1.98827124,0.0520274229,-1.5408144,0.221733421,0.53068018,0.026194429,-0.817634821
24024431531979,26991,-1.98822796,0.049951043,-1.54715323,0.226239607,0.526184857,0.0268232543,-0.819283664
24024448203489,27008,-1.98826456,0.0482508242,-1.55245519,0.2297851,0.522138894,0.0282043107,-0.820837557
24024464875208,27024,-1.98819542,0.0470783114,-1.55652332,0.232147381,0.518930256,0.0298805702,-0.822147369
24024482043594,27041,-1.98801196,0.0462729,-1.55979061,0.233474448,0.516319335,0.0320141576,-0.823334217
24024498200573,27057,-1.98756456,0.0460692123,-1.56198514,0.233725652,0.514662623,0.0343856476,-0.824204028
24024514900364,27074,-1.98685408,0.046380844,-1.56337011,0.233087748,0.513841987,0.0372317173,-0.824772954
24024531527917,27091,-1.98614907,0.0469539426,-1.56370831,0.231435508,0.514006615,0.0403924696,-0.824986875
24024548200573,27107,-1.98534262,0.0477756597,-1.56323111,0.228839323,0.515121162,0.0435613059,-0.824854672
24024564895312,27123,-1.98440063,0.048792202,-1.56203341,0.225595251,0.517150283,0.0469452366,-0.824292719
24024581679583,27140,-1.98328674,0.0500413552,-1.55995762,0.221752495,0.520165801,0.050826937,-0.82320714
24024598197604,27157,-1.98207855,0.0513971969,-1.55713081,0.217358515,0.523894906,0.0548793562,-0.821752846
24024614861458,27173,-1.98066998,0.0528276563,-1.55376482,0.21264188,0.528049052,0.0587921888,-0.820055604
24024631535156,27189,-1.97919548,0.0542994849,-1.54979444,0.207392648,0.532842338,0.0629927367,-0.817984939
24024648245677,27206,-1.97763658,0.0559037551,-1.54496801,0.201199681,0.538645744,0.068026565,-0.815323234
24024664929583,27223,-1.97601855,0.0575332344,-1.53948331,0.194450557,0.545219958,0.0736316144,-0.812097609
24024681570312,27239,-1.9745717,0.0589586161,-1.5337497,0.187660784,0.552176893,0.0792223811,-0.808460295
24024698208854,27256,-1.97307575,0.060391847,-1.52701366,0.179910123,0.560329437,0.0854971036,-0.803961217
24024715094323,27273,-1.97169018,0.0617077351,-1.51956379,0.17155683,0.569354057,0.0918990001,-0.79872328
24024731544375,27289,-1.97052932,0.062917456,-1.51191235,0.163248405,0.578943491,0.0980587751,-0.792817116
24024748223177,27306,-1.96939528,0.0641342476,-1.50312555,0.154109627,0.590354443,0.104938239,-0.785315216
24024764859323,27322,-1.9683491,0.0651360601,-1.49429739,0.145031601,0.602239907,0.111742958,-0.777037024
24024781534427,27338,-1.96747375,0.0659681261,-1.48505664,0.135611832,0.615040183,0.118569046,-0.767643511
24024798867031,27356,-1.96688652,0.0666593313,-1.47433126,0.125121206,0.629925311,0.126230985,-0.756045341
24024815045052,27372,-1.96670532,0.0670850873,-1.46461451,0.116053954,0.643286824,0.133096218,-0.744982541
24024831609896,27388,-1.96668887,0.0672045499,-1.45482552,0.107011721,0.65674454,0.139943168,-0.733246922
24024848229010,27404,-1.96680689,0.0669870079,-1.44502449,0.0981966928,0.670273185,0.146957397,-0.720759869
24024864888229,27422,-1.96720219,0.0664878413,-1.43408716,0.0884134546,0.685371637,0.15428853,-0.706147194
24024881530052,27438,-1.9677186,0.0657792538,-1.4244684,0.0796021521,0.698867738,0.160472408,-0.692456484
24024898212500,27454,-1.96839809,0.0648325533,-1.41494703,0.0712206587,0.712192476,0.166668057,-0.678182364
24024914864271,27471,-1.96919858,0.0634828955,-1.40497708,0.0630997494,0.725709975,0.173588276,-0.66274482
24024931526406,27488,-1.97023332,0.0618123077,-1.39529109,0.0558907837,0.738515913,0.180918112,-0.647100568
24024948226875,27504,-1.97134364,0.0600515977,-1.38644969,0.0498205386,0.749914467,0.188079283,-0.632275641
24024964891562,27521,-1.97267234,0.0579890013,-1.37730658,0.0437857471,0.761258483,0.195746124,-0.616645634
24024981546354,27537,-1.97418606,0.0559183806,-1.36908662,0.038367182,0.771352887,0.202955827,-0.601956487
24024998204479,27554,-1.97575569,0.0536178425,-1.360901,0.0331083685,0.78138262,0.210491493,-0.586547792
24025014863281,27571,-1.97729588,0.0513576865,-1.35333204,0.0285984613,0.790792525,0.217536688,-0.571408033
24025031553385,27587,-1.97878766,0.0493373871,-1.34656417,0.0248451401,0.799367428,0.223252177,-0.557272792
24025048194166,27603,-1.9804486,0.0475370735,-1.34010959,0.021446405,0.807630479,0.228255317,-0.543297946
24025064867812,27620,-1.98231304,0.0458956361,-1.33379126,0.0181904919,0.815746725,0.232879281,-0.529144347
24025081532239,27637,-1.98413229,0.0445180386,-1.3281275,0.0151720783,0.823018432,0.236624196,-0.516158402
24025098212968,27653,-1.98583746,0.0435006022,-1.3234452,0.0124687785,0.829069078,0.23936744,-0.505165637
24025114884687,27670,-1.98758674,0.0426853895,-1.31906247,0.00984245539,0.834653139,0.241921067,-0.494703501
24025131529687,27687,-1.98924506,0.0421469957,-1.3152653,0.00755186845,0.839312911,0.243973315,-0.485771418
24025148214010,27703,-1.99063325,0.0417962074,-1.31226516,0.00543362601,0.842923641,0.245302051,-0.478828937
24025164872135,27719,-1.99180698,0.0415662229,-1.30982828,0.00361063331,0.845859051,0.246169314,-0.4731915
24025181525937,27736,-1.99284244,0.041462034,-1.30780733,0.00249414449,0.848395407,0.246796951,-0.468305856
24025198214270,27753,-1.99359882,0.0414362699,-1.30628216,0.00212171325,0.850265205,0.247209951,-0.464684695
24025214864323,27769,-1.99402833,0.0415527225,-1.30535007,0.00220983126,0.851487577,0.247299343,-0.462392747
24025231530729,27785,-1.99415159,0.0418262705,-1.30494976,0.0025009925,0.852255404,0.246869043,-0.461205244
24025248235052,27803,-1.99399114,0.0422855988,-1.30513573,0.00333316461,0.852495551,0.245782718,-0.461336255
24025264877395,27819,-1.99361801,0.0428086072,-1.30580461,0.00470781047,0.852078199,0.244418219,-0.462817848
24025281525833,27835,-1.99297965,0.0434651151,-1.30695891,0.00670549273,0.850924909,0.242776856,-0.465769619
24025298218437,27852,-1.99204314,0.0443246365,-1.30878437,0.00960048474,0.848897934,0.240616411,-0.470514566
24025315258125,27869,-1.9909246,0.0453337654,-1.31116545,0.0132366996,0.846056879,0.237901837,-0.476880759
24025331534947,27885,-1.98972595,0.0464272574,-1.3138783,0.0169802718,0.842523158,0.234746262,-0.48452118
24025348194687,27901,-1.98832762,0.0476326793,-1.31715226,0.0207964554,0.838022232,0.23096627,-0.493903667
24025364891875,27918,-1.98652589,0.0490416735,-1.32135522,0.0251904223,0.83190465,0.226435944,-0.505991042
24025381643281,27934,-1.98464942,0.0504702404,-1.32589626,0.02981936,0.824807882,0.221834242,-0.519222915
24025398194531,27951,-1.98262882,0.0520016178,-1.33124685,0.0352285728,0.815934598,0.216615498,-0.534871578
24025414870260,27968,-1.98060358,0.0535225421,-1.33717048,0.0409662537,0.805860102,0.211057812,-0.551693738
24025431535677,27984,-1.97872651,0.0548589081,-1.34327388,0.0466523468,0.795422435,0.205475897,-0.568248451
24025448207031,28001,-1.97693741,0.0561389774,-1.35019696,0.0529558733,0.783332527,0.199288875,-0.586404145
24025464866979,28018,-1.97532701,0.0572542399,-1.35762191,0.0592771769,0.770167172,0.193038464,-0.60503298
24025481524843,28034,-1.97386682,0.0581019372,-1.36509943,0.0652938262,0.756745636,0.187140733,-0.62293756
24025498289166,28051,-1.97248495,0.0588129796,-1.37344444,0.0721344948,0.741446197,0.181238666,-0.642033279
24025514890468,28067,-1.97137523,0.0592702664,-1.38153124,0.0790838748,0.726381838,0.17604512,-0.659638822
24025531526041,28084,-1.97014046,0.0595366359,-1.39050627,0.0871130675,0.709789097,0.170883983,-0.677797496
24025548210052,28100,-1.96897352,0.0595618188,-1.39928138,0.0956255272,0.693458796,0.166680068,-0.694397926
24025564866093,28117,-1.96782303,0.0593763702,-1.40878534,0.106132641,0.675224781,0.162978515,-0.711509228
24025581698177,28133,-1.9665029,0.0591104962,-1.41828883,0.117160857,0.657045305,0.160031512,-0.727292717
24025598198385,28150,-1.9650476,0.0586011931,-1.42885268,0.129076645,0.636279225,0.157211363,-0.744158983
24025614860364,28167,-1.96382642,0.0578308851,-1.43953085,0.141558856,0.614153981,0.154686391,-0.760820687
24025631528072,28183,-1.96301401,0.0569314957,-1.44968522,0.154274806,0.592583776,0.1527282,-0.775704801
24025648194427,28200,-1.96275699,0.0556293502,-1.46058059,0.168046325,0.570391834,0.150796577,-0.78973031
24025664905677,28217,-1.96310306,0.0538756773,-1.47167802,0.181207344,0.552235425,0.148244232,-0.800139725
24025681542916,28233,-1.96396768,0.051688347,-1.48216295,0.191530108,0.539592326,0.143600255,-0.807177365
24025698211093,28249,-1.96522391,0.0489232019,-1.49247491,0.199063599,0.529417276,0.136661261,-0.813274145
24025714859687,28266,-1.96709502,0.0457393751,-1.50279319,0.206475765,0.51829952,0.128530636,-0.819886148
24025731525104,28283,-1.96921384,0.0430377163,-1.51221514,0.216374785,0.503642559,0.122598521,-0.827342629
24025748240885,28299,-1.97136939,0.0411003791,-1.52022326,0.227652043,0.486570239,0.118979447,-0.835025668
24025764862968,28315,-1.97365201,0.0395722874,-1.52743673,0.239251614,0.467252314,0.116377369,-0.843143106
24025781559999,28333,-1.97587323,0.0381731912,-1.5348978,0.249892145,0.444717884,0.11419946,-0.852489591
24025798193697,28349,-1.97744644,0.037091285,-1.54108036,0.256269038,0.425924003,0.112640269,-0.860364556
24025814860781,28365,-1.97856176,0.0360038579,-1.54682481,0.259629995,0.408725947,0.110318549,-0.867966175
24025831541718,28382,-1.9794625,0.0349302515,-1.55244064,0.262318432,0.392070144,0.107392214,-0.875178277
24025848197343,28399,-1.9802382,0.0343163311,-1.55724227,0.26555565,0.376981109,0.104848146,-0.881119907
24025864868854,28415,-1.9810704,0.0343686119,-1.56106555,0.269254029,0.365032971,0.104045346,-0.88511461
24025881535156,28431,-1.98221922,0.0348862559,-1.56449604,0.27227819,0.356156498,0.104627326,-0.887733281
24025898206041,28449,-1.98370826,0.0357634723,-1.5677793,0.27295813,0.348736078,0.105584361,-0.890353262
24025914883958,28465,-1.98525035,0.0364263505,-1.57040012,0.270548493,0.346283078,0.104207851,-0.89220643
24025931530989,28481,-1.98683667,0.0366401672,-1.57262349,0.264683992,0.3464818,0.10000857,-0.894366324
24025948199166,28498,-1.98869228,0.0368631929,-1.57449436,0.2564542,0.349307805,0.0946790352,-0.896242857
24025964863281,28515,-1.99070811,0.0372557342,-1.57579637,0.247129723,0.354224592,0.0895088762,-0.897463143
24025981659322,28531,-1.9925977,0.037789654,-1.57651711,0.23857598,0.360364765,0.0845263153,-0.8978163
24025998209478,28547,-1.99430203,0.038306646,-1.57689846,0.230839401,0.367396921,0.0797221735,-0.897428036
24026014886874,28565,-1.99594712,0.0388081707,-1.57673991,0.221090689,0.375936985,0.073891528,-0.896844745
24026031526770,28581,-1.99717247,0.0391593874,-1.57617879,0.212019965,0.383316129,0.0690985173,-0.896293342
24026048218176,28597,-1.99806738,0.0395662822,-1.57520425,0.204215601,0.390084594,0.0654294416,-0.895460248
24026064863749,28613,-1.99862909,0.040233463,-1.57370245,0.199616045,0.395967156,0.0636198521,-0.894044697
24026081621510,28631,-1.99891531,0.0409965143,-1.57137418,0.196077004,0.4016729,0.0622685701,-0.892376184
24026098199583,28647,-1.99885142,0.0415079221,-1.56884277,0.192023799,0.406520814,0.061005298,-0.891148806
24026114865260,28663,-1.99846613,0.041913826,-1.56607461,0.187855765,0.411428273,0.0603597835,-0.889827967
24026131549791,28680,-1.99765408,0.042405013,-1.56282842,0.18476136,0.417063326,0.0602913313,-0.887854993
24026148195520,28697,-1.99639738,0.0429714546,-1.55953526,0.183013722,0.424659848,0.0612088516,-0.884547114
24026164865312,28713,-1.99445248,0.0433459952,-1.55686867,0.180129051,0.435353428,0.0621334463,-0.879863799
24026181913072,28730,-1.99175715,0.0433176272,-1.55433655,0.17319122,0.44950211,0.0612938367,-0.87418294
24026198221405,28747,-1.98886323,0.0430776179,-1.55176151,0.164656699,0.464743674,0.0605227686,-0.867893219
24026214886249,28763,-1.98599541,0.0429170132,-1.54926312,0.157351613,0.478783846,0.0613363944,-0.861536086
24026231527343,28779,-1.98284042,0.0427008532,-1.54690182,0.149769142,0.492789567,0.0625621378,-0.854876399
24026248198072,28796,-1.97917068,0.042243287,-1.54459894,0.14172475,0.508307934,0.063007094,-0.847093463
24026264918020,28812,-1.9753257,0.0417655297,-1.54246521,0.135398611,0.522868752,0.0639306903,-0.839159369
24026281591770,28829,-1.97099304,0.0411796533,-1.53993833,0.130045786,0.537336886,0.0654670447,-0.830705345
24026298224999,28845,-1.96682346,0.0403561257,-1.53723788,0.126214191,0.550052166,0.0665207952,-0.822853386
24026314875624,28862,-1.9624126,0.0393562093,-1.53407073,0.123762719,0.562832177,0.0678387806,-0.81443274
24026331538280,28879,-1.95778823,0.0384668559,-1.5308181,0.122752741,0.574951291,0.0701550171,-0.805879116
24026348231614,28895,-1.95307255,0.0377973057,-1.52775657,0.121723913,0.586429477,0.0733898059,-0.797432005
24026364852655,28912,-1.9478569,0.0371980853,-1.52451932,0.119429618,0.599215806,0.0774356276,-0.787833035
24026381531249,28928,-1.94275522,0.0368566737,-1.52149355,0.117904484,0.611619115,0.0828167349,-0.777921557
24026398199687,28945,-1.93701506,0.0365377255,-1.51823235,0.118686281,0.625879765,0.0891880617,-0.765658975
24026414862030,28962,-1.93076468,0.0357791409,-1.51516199,0.11986737,0.641176581,0.0937887356,-0.752148986
24026431567655,28978,-1.92480969,0.0347902998,-1.51243329,0.120602444,0.655329168,0.0966932476,-0.739357293
24026448194062,28994,-1.91900003,0.0336124301,-1.51009953,0.12072435,0.669358313,0.0990150869,-0.726347864
24026464862499,29012,-1.91288424,0.031853348,-1.5078826,0.119845256,0.685487211,0.0998689756,-0.711175501
24026481562655,29028,-1.90795541,0.0298768301,-1.50613213,0.118294194,0.699347973,0.0986426547,-0.697988927
24026498258489,29044,-1.90353429,0.027445931,-1.50469029,0.116871528,0.711908102,0.0957476795,-0.685828269
24026514892812,29061,-1.89947438,0.0244353004,-1.50347102,0.11572405,0.723392785,0.0906510279,-0.674606085
24026531528072,29078,-1.89599299,0.0209399275,-1.50257647,0.114840448,0.733023405,0.0822643712,-0.665372908
24026548198489,29094,-1.89345944,0.0171794873,-1.50192785,0.115021467,0.74073118,0.0713967681,-0.658019722
24026564868332,29110,-1.89185131,0.0130484067,-1.501665,0.116362527,0.747944295,0.0579258017,-0.65090996
24026581531770,29127,-1.89085174,0.0086614266,-1.50195515,0.118332982,0.755923331,0.0405355468,-0.642599523
24026598292551,29143,-1.89053535,0.00464935601,-1.50290823,0.118519172,0.764038503,0.0218931772,-0.633813143
24026614864530,29160,-1.89084673,0.00029822439,-1.50483179,0.115082644,0.772970974,0.000609602372,-0.623916328
24026631532707,29177,-1.89189684,-0.00401107594,-1.50776005,0.108660206,0.78176409,-0.0204412527,-0.613693833
24026648194114,29193,-1.89372826,-0.00800767355,-1.51103413,0.100018509,0.789331257,-0.039664574,-0.60446614
24026664866614,29210,-1.89662695,-0.012063425,-1.51493537,0.0884835869,0.796154082,-0.0600011796,-0.595574737
24026681554582,29227,-1.90073276,-0.0156310927,-1.51932931,0.0754868984,0.801561415,-0.0802114606,-0.587679505
24026698220416,29243,-1.90577257,-0.0187185407,-1.52373779,0.0618297234,0.805590987,-0.0997329056,-0.580735505
24026714881509,29259,-1.91180503,-0.0217273943,-1.52863646,0.0463476405,0.80933845,-0.120069914,-0.573067546
24026731560676,29276,-1.91905534,-0.0252285227,-1.53434837,0.0279425215,0.813308239,-0.141611427,-0.563644588
24026748197030,29293,-1.92701912,-0.0290008429,-1.54052699,0.00810296088,0.816784739,-0.162231579,-0.553604603
24026764896301,29309,-1.9351896,-0.032679081,-1.54674423,-0.0101366173,0.818952024,-0.180609465,-0.544605494
24026781534843,29326,-1.94443691,-0.0367437415,-1.55336893,-0.027291663,0.819413185,-0.199205101,-0.536781669
24026798195676,29342,-1.95367301,-0.0407214202,-1.55959952,-0.0401718616,0.818077147,-0.215433225,-0.531718552
24026814908228,29359,-1.96391892,-0.045215454,-1.56627798,-0.0498323031,0.815012574,-0.229813337,-0.529582083
24026831526249,29376,-1.97432971,-0.0497564301,-1.57290602,-0.0554178394,0.809950709,-0.241197988,-0.531725764
24026848210572,29392,-1.98411465,-0.0541356802,-1.57912946,-0.0573225282,0.802919567,-0.249783933,-0.538184345
24026864867551,29408,-1.99389839,-0.0584340803,-1.58518839,-0.0563269556,0.79404521,-0.256446123,-0.54822886
24026881528228,29426,-2.0047853,-0.0631401539,-1.59181488,-0.052395612,0.783064008,-0.261859626,-0.561689496
24026898316874,29442,-2.01412511,-0.0674298331,-1.5976423,-0.0470656417,0.772756457,-0.264646918,-0.574973404
24026914863436,29458,-2.02281928,-0.0717517063,-1.60321069,-0.041136466,0.761380553,-0.265385985,-0.590065956
24026931533384,29474,-2.03070354,-0.0760269016,-1.6085875,-0.0353215076,0.748504996,-0.263719857,-0.607408047
24026948205311,29492,-2.03837967,-0.0804736316,-1.61458266,-0.0292719025,0.732489705,-0.259626776,-0.628646135
24026964883749,29508,-2.04392719,-0.0840588883,-1.61989594,-0.0255024135,0.716983736,-0.255513221,-0.648071706
24026981539947,29524,-2.04828382,-0.0874754637,-1.62537336,-0.0224166755,0.700680435,-0.251402378,-0.667339027
24026998202395,29541,-2.05151105,-0.0907529518,-1.63111687,-0.0191918928,0.682985187,-0.246360958,-0.687363982
24027015106718,29558,-2.05322933,-0.0935736373,-1.63645101,-0.0159624722,0.665161729,-0.239680186,-0.707006693
24027031533541,29574,-2.0535388,-0.0957304835,-1.64115167,-0.0127715031,0.648612022,-0.230518177,-0.725259125
24027048196718,29591,-2.05267811,-0.0971929654,-1.64605832,-0.00972659141,0.631941855,-0.217899472,-0.743690014
24027064891041,29608,-2.05057788,-0.0978269577,-1.6508764,-0.0081216488,0.616355956,-0.204768807,-0.760334969
24027081547863,29624,-2.04758382,-0.0976153016,-1.65509379,-0.00752007775,0.60291636,-0.193152115,-0.774033368
24027098216718,29640,-2.04393578,-0.0965479314,-1.65896034,-0.00722944876,0.591076612,-0.183411196,-0.785453081
24027114862655,29657,-2.03931618,-0.0945613384,-1.66271675,-0.00720701925,0.580544353,-0.176000953,-0.794946551
24027131532551,29674,-2.03410959,-0.0917512476,-1.66635633,-0.00774424197,0.572246015,-0.172848254,-0.801622212
24027149400780,29691,-2.02832341,-0.0881211683,-1.66967273,-0.00912306737,0.565808237,-0.174821496,-0.805738926
24027164867551,29707,-2.02251434,-0.0840031579,-1.67235422,-0.0107941814,0.561574697,-0.182247981,-0.807033539
24027181592759,29723,-2.01647758,-0.0792601854,-1.67461026,-0.0131439948,0.559319854,-0.194579482,-0.805684447
24027198202447,29740,-2.00978255,-0.0736182109,-1.67644989,-0.0161017142,0.559010088,-0.212123409,-0.801406384
24027214858957,29756,-2.0033505,-0.0678632483,-1.67770886,-0.0184752271,0.560564876,-0.231580809,-0.794856012
24027231562915,29773,-1.99630141,-0.0613910742,-1.6784476,-0.0202906337,0.564007998,-0.25377813,-0.785544395
24027248195624,29789,-1.98947346,-0.0549941584,-1.67845535,-0.0225582663,0.568068564,-0.27462551,-0.775480509
24027264931926,29806,-1.98198783,-0.0478976183,-1.67733693,-0.0261438359,0.572920322,-0.294824004,-0.764302075
24027281529270,29823,-1.97441781,-0.0407029465,-1.67492211,-0.030412484,0.579394042,-0.311674327,-0.752487063
24027298196353,29839,-1.96725583,-0.0340717584,-1.67160368,-0.0352888256,0.587542713,-0.324265778,-0.740540385
24027314911197,29855,-1.95969224,-0.0274629183,-1.66670609,-0.0411878787,0.597008109,-0.332303464,-0.729012609
24027331526509,29873,-1.950984,-0.020312082,-1.65911889,-0.0484367423,0.608117402,-0.334689766,-0.718213081
24027348218020,29889,-1.94320524,-0.014594717,-1.6507082,-0.0545836352,0.61860019,-0.331608236,-0.710204542
24027364865103,29905,-1.93518233,-0.00959384441,-1.64071286,-0.0603408851,0.630030394,-0.325384021,-0.702528298
24027381567395,29922,-1.92632532,-0.00534190424,-1.62827635,-0.0653397143,0.64319551,-0.316430658,-0.694191635
24027398198436,29939,-1.91738999,-0.00242866576,-1.61408603,-0.0682751685,0.657438815,-0.305307448,-0.685492575
24027414910676,29955,-1.90911222,-0.000951562077,-1.59951794,-0.0694298223,0.671706557,-0.293364197,-0.676703334
24027431539634,29971,-1.9006294,-0.000878077,-1.58386362,-0.0690312535,0.686813951,-0.280675828,-0.666890085
24027448197707,29988,-1.8916595,-0.00245439447,-1.56616235,-0.0669944286,0.703664184,-0.266289175,-0.655330896
24027464861145,30005,-1.88269138,-0.00574425235,-1.54739523,-0.0638937876,0.721153498,-0.250784934,-0.642621279
24027481526665,30021,-1.87422729,-0.010428804,-1.5289346,-0.0598761514,0.738405645,-0.235545695,-0.629039109
24027498202395,30038,-1.86537778,-0.0170862358,-1.50865746,-0.0544519983,0.757081449,-0.219279885,-0.613008201
24027514868749,30055,-1.85653746,-0.0255407188,-1.48759031,-0.0482723415,0.775281727,-0.203104094,-0.596118152
24027531533124,30071,-1.84867156,-0.0351133645,-1.46733844,-0.0414401442,0.792163253,-0.187613636,-0.579276562
24027548205936,30087,-1.84116113,-0.0456977449,-1.44700301,-0.0335165523,0.808694303,-0.172614858,-0.561332583
24027564868176,30104,-1.83333004,-0.0576223992,-1.42526007,-0.0240789838,0.825324595,-0.158377126,-0.541457653
24027581585467,30121,-1.82603502,-0.0704857036,-1.40348101,-0.0133264791,0.840884864,-0.146231487,-0.520914137
24027598263332,30137,-1.81942666,-0.0832271427,-1.38309908,-0.00261138659,0.854369581,-0.137134999,-0.501238406
24027614864217,30153,-1.81271529,-0.0962315425,-1.36289132,0.00819975603,0.86666733,-0.130766153,-0.481373906
24027631526509,30171,-1.80501926,-0.111064054,-1.34044623,0.0207394417,0.879113317,-0.127072975,-0.458892435
24027648196509,30187,-1.79845905,-0.124412954,-1.32088673,0.0325315669,0.888930678,-0.125945821,-0.439183116
24027664868644,30203,-1.7921952,-0.137480304,-1.30198336,0.0453064218,0.897861779,-0.124951676,-0.419736445
24027681546822,30220,-1.78574264,-0.150580436,-1.28266716,0.0600151606,0.906470001,-0.122887574,-0.399511039
24027698314426,30237,-1.77955103,-0.162855417,-1.26410604,0.075543426,0.914062142,-0.120404981,-0.379850477
24027714882967,30253,-1.77359474,-0.173502043,-1.24732387,0.0906242728,0.920431077,-0.118009172,-0.361480027
24027731535207,30269,-1.76739252,-0.18315658,-1.23125482,0.106006272,0.926067233,-0.115760088,-0.343164474
24027748229634,30287,-1.76037502,-0.193177536,-1.21415222,0.122476362,0.931202114,-0.115593314,-0.323265254
24027764843592,30303,-1.7539376,-0.201362208,-1.19951618,0.135471866,0.934775174,-0.118728429,-0.306180209
24027781542238,30319,-1.74702239,-0.208794966,-1.1852982,0.146853715,0.937689066,-0.124017432,-0.289470077
24027798195676,30336,-1.73912072,-0.215797469,-1.1709348,0.15666385,0.940114081,-0.131045714,-0.272890061
24027814862030,30353,-1.73085356,-0.221810862,-1.15745962,0.163759008,0.941654563,-0.139315322,-0.258961439
24027831530780,30369,-1.72280896,-0.226389021,-1.14534616,0.168523088,0.942501545,-0.146811858,-0.248469532
24027848190415,30385,-1.71457839,-0.230074242,-1.13421404,0.171712622,0.943210661,-0.15290831,-0.239765644
24027864971874,30402,-1.70557499,-0.232941046,-1.12321591,0.173262894,0.943965197,-0.157563567,-0.232558236
24027881542394,30419,-1.69623852,-0.234345615,-1.11288154,0.173354641,0.944755733,-0.159920231,-0.227618992
24027898201144,30435,-1.68724823,-0.234339416,-1.10440922,0.172439784,0.94559741,-0.160118148,-0.224660188
24027914869842,30452,-1.6772449,-0.232756034,-1.09654093,0.170644179,0.946490407,-0.159156412,-0.222947881
24027931529686,30469,-1.6666038,-0.229555786,-1.08997822,0.168034151,0.947300553,-0.158091635,-0.222245947
24027948229269,30485,-1.65598309,-0.225273147,-1.08560026,0.165590703,0.94778347,-0.157965407,-0.222110704
24027964863957,30501,-1.64472592,-0.21982421,-1.08310187,0.16457969,0.947597027,-0.159764126,-0.222371206
24027981533436,30518,-1.63214266,-0.212933958,-1.08218026,0.166917592,0.946179867,-0.165094003,-0.222769395
24027998249530,30535,-1.61909711,-0.20527631,-1.08297384,0.174221471,0.943241775,-0.174259678,-0.222655609
24028014865728,30551,-1.60650492,-0.197662532,-1.08542669,0.185144737,0.939017653,-0.186187997,-0.222039267
24028031628124,30568,-1.59274721,-0.189356446,-1.08953118,0.199797243,0.932659805,-0.202808574,-0.221574962
24028048197446,30584,-1.57925534,-0.181773797,-1.09517837,0.215719178,0.924597204,-0.222058505,-0.221980542
24028064863436,30601,-1.5646435,-0.174192309,-1.102687,0.235083997,0.913743675,-0.245124221,-0.222984746
24028081585988,30618,-1.55013502,-0.167196631,-1.11109579,0.257314235,0.900420189,-0.269868881,-0.22406207
24028098209426,30634,-1.53646946,-0.161516801,-1.1201365,0.281137824,0.885495484,-0.293907285,-0.224672794
24028114968123,30650,-1.52295291,-0.156717241,-1.12996662,0.307756126,0.868437648,-0.317628831,-0.224085405
24028131525780,30667,-1.50871956,-0.152911782,-1.14161289,0.338962883,0.848316312,-0.341649324,-0.22077024
24028148196978,30684,-1.49462891,-0.150666803,-1.15392959,0.372618109,0.826228976,-0.364462435,-0.213702112
24028164869530,30700,-1.48157692,-0.150152847,-1.16583788,0.406018168,0.803636491,-0.38484028,-0.203016415
24028181552915,30717,-1.46783483,-0.151528925,-1.17899704,0.442542791,0.777955413,-0.404829472,-0.187227726
24028198207655,30733,-1.45487046,-0.15450339,-1.19149923,0.477224439,0.752158344,-0.422078848,-0.16841647
24028214868748,30750,-1.44106364,-0.159545451,-1.20482862,0.513944745,0.722521186,-0.439259589,-0.144481719
24028231557863,30767,-1.42727196,-0.166590244,-1.21843362,0.549625814,0.690328181,-0.455551803,-0.117606021
24028248220780,30783,-1.41426969,-0.174940854,-1.23124731,0.581010878,0.658206403,-0.470000237,-0.0910522267
24028264866040,30800,-1.40015507,-0.185685992,-1.24417424,0.611532271,0.62258476,-0.484373778,-0.0616333634
24028281601613,30816,-1.3865695,-0.197581679,-1.2555443,0.63793546,0.587441266,-0.496837735,-0.0332174115
24028298203540,30833,-1.37199736,-0.21189186,-1.26714754,0.664194286,0.54851675,-0.50790292,-0.00317117688
24028314872394,30849,-1.35811687,-0.226935804,-1.27776945,0.687326014,0.510936677,-0.515688419,0.0243349262
24028331548905,30866,-1.34332633,-0.244472861,-1.28863335,0.70966965,0.470155686,-0.522140205,0.0518878251
24028348240623,30882,-1.32946706,-0.262168199,-1.29806137,0.728390634,0.431012362,-0.527231514,0.0755145997
24028365025103,30899,-1.31499124,-0.28197515,-1.3072871,0.745936036,0.389764607,-0.531339705,0.0966502652
24028381548696,30915,-1.30180228,-0.301611125,-1.31572008,0.759835184,0.351874113,-0.535058022,0.112018153
24028398213280,30932,-1.28840339,-0.323127508,-1.32423508,0.770859122,0.311968356,-0.541095078,0.125172317
24028414887759,30948,-1.27651668,-0.343461603,-1.33183646,0.777930856,0.274303049,-0.548828721,0.135530725
24028431533540,30965,-1.26517427,-0.364981115,-1.33970928,0.783113658,0.235827565,-0.557424963,0.142813683
24028448205988,30982,-1.25500941,-0.386109769,-1.34787893,0.785242498,0.200738817,-0.567668974,0.144395933
24028464895623,30998,-1.24664629,-0.40530169,-1.355389,0.783025444,0.168964565,-0.581384242,0.142529249
24028481558228,31014,-1.2396965,-0.423164934,-1.36273384,0.777626276,0.138033718,-0.597618282,0.13819018
24028498343748,31032,-1.23314965,-0.441542685,-1.37168181,0.769735694,0.10732276,-0.615634501,0.130318969
24028514874790,31048,-1.22865927,-0.456286013,-1.37995398,0.761221528,0.0853865221,-0.631028473,0.122695133
24028531551300,31064,-1.22527194,-0.469190508,-1.38841903,0.750962734,0.0675926805,-0.646663845,0.115378484
24028548258540,31081,-1.22229922,-0.480612606,-1.39816272,0.737988412,0.0529771522,-0.664362073,0.105781399
24028564864738,31098,-1.21971154,-0.489220828,-1.40851545,0.722410321,0.0425415821,-0.68373096,0.093944177
24028581695936,31114,-1.21803927,-0.494202882,-1.41819263,0.706111014,0.0367371663,-0.702423513,0.0816018581
24028598203696,31131,-1.21705425,-0.496086419,-1.42843497,0.688165545,0.0346759558,-0.721502662,0.0682619959
24028614865780,31148,-1.21604145,-0.494570285,-1.43926609,0.670122623,0.0361577086,-0.739305973,0.0552725531
24028631537967,31164,-1.21528327,-0.490128726,-1.44938397,0.653449535,0.0405733846,-0.75463593,0.0433834493
24028648190832,31180,-1.21501279,-0.483091474,-1.4591378,0.637590289,0.0484971777,-0.768196285,0.0316413268
24028664872498,31197,-1.21467412,-0.472642004,-1.46940613,0.622314572,0.0613820702,-0.780136764,0.0185348708
24028681545571,31214,-1.21365952,-0.459244281,-1.47930861,0.608263195,0.0791313499,-0.789772809,0.00361573207
24028698199894,31230,-1.21211886,-0.444349676,-1.48813248,0.594974935,0.0999069735,-0.797397614,-0.0134353479
24028714895780,31247,-1.21023858,-0.426171541,-1.49629176,0.580101013,0.126337633,-0.803902745,-0.0355266258
24028731578957,31264,-1.20771849,-0.406159073,-1.50321579,0.564010561,0.156852901,-0.808334529,-0.0623266362
24028748199373,31280,-1.20489132,-0.385540724,-1.50821316,0.547561944,0.188666582,-0.809980333,-0.0922644436
24028764862342,31296,-1.20157325,-0.363674849,-1.5116303,0.52997911,0.222843185,-0.808361173,-0.126551494
24028781611352,31313,-1.19749963,-0.339542389,-1.51370394,0.510017812,0.260559231,-0.802643955,-0.16659376
24028798238852,31329,-1.19348764,-0.316168755,-1.51377475,0.48991245,0.296254486,-0.793268025,-0.207231909
24028814863644,31346,-1.1889025,-0.291420221,-1.51247358,0.467224628,0.333983272,-0.778852284,-0.252082556
24028831530675,31363,-1.18422973,-0.266673893,-1.5091753,0.443289906,0.37083298,-0.75995034,-0.297409624
24028848202967,31379,-1.17955065,-0.243878871,-1.50441897,0.419333518,0.403492957,-0.738755167,-0.339990795
24028864937446,31396,-1.17421877,-0.220329851,-1.49766767,0.391940802,0.435635418,-0.713226497,-0.384593666
24028882231873,31413,-1.16862881,-0.197796255,-1.488819,0.363052189,0.465285778,-0.684825897,-0.427452654
24028898219686,31429,-1.16310644,-0.178117976,-1.47929168,0.335322887,0.490199775,-0.655709505,-0.46616292
24028914872915,31445,-1.15725327,-0.159901947,-1.46878326,0.307207435,0.511415303,-0.624577463,-0.503965437
24028931536248,31462,-1.15043008,-0.14201352,-1.45636487,0.276791245,0.530133963,-0.589621723,-0.542854428
24028948199477,31479,-1.14303637,-0.125948906,-1.44252491,0.245845988,0.545454919,-0.552954912,-0.579896212
24028964891665,31495,-1.13525236,-0.112839513,-1.4284234,0.215537727,0.556799948,-0.516465724,-0.613824487
24028981532498,31512,-1.12643754,-0.101188645,-1.41265213,0.18164517,0.566091955,-0.475055277,-0.648743033
24028998195988,31528,-1.11775303,-0.0923952311,-1.39707947,0.148873642,0.573632836,-0.433183998,-0.679068267
24029014892290,31545,-1.1079905,-0.0854378492,-1.38046658,0.11289715,0.580597103,-0.386370182,-0.707728267
24029031525831,31562,-1.09761953,-0.0809083134,-1.3635478,0.0759931207,0.586628079,-0.337700784,-0.732154846
24029048245311,31578,-1.08709383,-0.0789856017,-1.34795415,0.0419719256,0.59159869,-0.290720731,-0.7508201
24029064864634,31594,-1.07605731,-0.0791006386,-1.33255041,0.00977046136,0.595696211,-0.2437381,-0.765272737
24029081525988,31611,-1.06398487,-0.0815002695,-1.31588757,-0.0222226959,0.598533988,-0.194710806,-0.776756763
24029098224477,31627,-1.05237114,-0.085756354,-1.30015767,-0.0496673957,0.599645138,-0.149439812,-0.784618795
24029114874009,31644,-1.04003489,-0.0923129022,-1.28324389,-0.0750271007,0.599943817,-0.102613777,-0.789879084
24029131729581,31661,-1.02743137,-0.100837499,-1.26678705,-0.0955949798,0.600132525,-0.0578940511,-0.792054892
24029148271717,31677,-1.01599765,-0.110337317,-1.25112069,-0.110140607,0.600791097,-0.0181495603,-0.79157424
24029164859217,31694,-1.00437534,-0.122118041,-1.23415148,-0.120731197,0.602792203,0.0206679441,-0.788440526
24029181558175,31710,-0.993637502,-0.134422004,-1.21830153,-0.126319066,0.607215762,0.0525809228,-0.7826671
24029198194946,31727,-0.982765973,-0.14837727,-1.20112193,-0.127467811,0.616201103,0.079618834,-0.773116469
24029214894425,31743,-0.972714543,-0.162738681,-1.18505216,-0.123661749,0.629595459,0.0973953009,-0.760809779
24029231550623,31760,-0.962446988,-0.178842917,-1.16798198,-0.113505311,0.648695409,0.10791906,-0.744757891
24029248193436,31777,-0.952708483,-0.195168868,-1.15077281,-0.0963414684,0.67086041,0.110335104,-0.726973832
24029264906456,31793,-0.943571448,-0.210820317,-1.13473749,-0.0741182715,0.692487955,0.105868801,-0.709759653
24029281529894,31809,-0.934396625,-0.226424992,-1.11845803,-0.0461335666,0.713788688,0.0958940685,-0.692229629
24029298336040,31825,-0.925479829,-0.241547555,-1.10177255,-0.0128993653,0.734200776,0.0823707506,-0.673793733
24029314863331,31843,-0.916356683,-0.257714421,-1.082739,0.0290328562,0.755063832,0.065731667,-0.651701689
24029331526248,31859,-0.908777118,-0.271378666,-1.06627369,0.0673533604,0.770546973,0.0503101163,-0.631814778
24029348236404,31876,-0.900836051,-0.284520328,-1.04852736,0.106826678,0.783550024,0.0331359021,-0.611178756
24029364863279,31893,-0.892454267,-0.295788735,-1.03092062,0.143455371,0.793922961,0.0154240578,-0.590651333
24029381640206,31909,-0.883922517,-0.305145293,-1.01484096,0.17318143,0.802110553,-0.00188667804,-0.571509778
24029398206144,31925,-0.875318408,-0.312650859,-0.998567879,0.196572334,0.808966935,-0.0207761005,-0.553624511
24029414864633,31943,-0.864938915,-0.318767279,-0.981001019,0.216179565,0.815082192,-0.0431266092,-0.535768211
24029431598435,31959,-0.854825854,-0.322242439,-0.966371357,0.228324294,0.819452047,-0.0627941489,-0.521941841
24029448196352,31975,-0.844093978,-0.32412529,-0.95271945,0.23625809,0.823399484,-0.0822073594,-0.509350002
24029464888071,31992,-0.832297146,-0.323964715,-0.938492596,0.241121367,0.827388763,-0.102050409,-0.496864259
24029481599842,32009,-0.819696963,-0.32075116,-0.924562931,0.243084267,0.831047654,-0.119603112,-0.485762209
24029498238331,32025,-0.807050407,-0.314976245,-0.912746131,0.241942942,0.834540844,-0.133565933,-0.476618618
24029514900467,32042,-0.793949842,-0.306257933,-0.901498497,0.237226591,0.839206398,-0.146288469,-0.466964662
24029531527602,32058,-0.780534446,-0.295787871,-0.893393159,0.230139643,0.844790101,-0.157788157,-0.456583381
24029548205258,32075,-0.76671946,-0.282330424,-0.886553109,0.221070156,0.851380229,-0.171368495,-0.443748385
24029564877758,32091,-0.754315197,-0.268081814,-0.882006526,0.213149801,0.856931508,-0.187032089,-0.430412114
24029581655779,32108,-0.740487397,-0.251437128,-0.879680455,0.207941562,0.860882461,-0.207727551,-0.415320247
24029598206404,32124,-0.729016542,-0.234587759,-0.878318071,0.207614467,0.861992657,-0.231388628,-0.400405139
24029614876196,32141,-0.717794836,-0.215990186,-0.878206372,0.213135391,0.859889865,-0.26002726,-0.384120733
24029631535102,32158,-0.704818368,-0.198125049,-0.880626738,0.224793971,0.854404926,-0.290269375,-0.367700458
24029648203904,32174,-0.690949559,-0.181400523,-0.884634674,0.239386573,0.846676588,-0.318248212,-0.35291785
24029664864998,32190,-0.678252518,-0.164433017,-0.889774442,0.25462833,0.837582946,-0.344121426,-0.339410931
24029681530883,32207,-0.665450454,-0.147985086,-0.896426976,0.268323809,0.827347696,-0.368607551,-0.328065127
24029698227706,32224,-0.652027786,-0.133497745,-0.903994322,0.275928825,0.817779541,-0.389206469,-0.321898073
24029714935883,32240,-0.640127063,-0.12140511,-0.911536038,0.275983095,0.810543358,-0.404748499,-0.320985168
24029731523487,32257,-0.625056207,-0.110354796,-0.918496132,0.268606007,0.805311203,-0.416666299,-0.32513687
24029748211456,32273,-0.611061454,-0.101899236,-0.925355732,0.255288929,0.802926838,-0.422653705,-0.333916038
24029764861508,32290,-0.599560499,-0.0953664184,-0.933781922,0.235737488,0.80331701,-0.422953993,-0.346727073
24029781539790,32306,-0.587202489,-0.0912082121,-0.94129765,0.214273557,0.806081831,-0.417675912,-0.360368937
24029798198383,32323,-0.573132694,-0.0887074471,-0.948954582,0.190305755,0.810728014,-0.406382024,-0.375975519
24029814914269,32340,-0.560885191,-0.0881482735,-0.956590652,0.167021275,0.81591326,-0.389655143,-0.393139154
24029831527550,32356,-0.550582647,-0.0891936272,-0.96394819,0.146825746,0.820741236,-0.369367719,-0.410357803
24029848194685,32373,-0.538831651,-0.0916571692,-0.97170639,0.127970234,0.825634956,-0.34416458,-0.428370506
24029864891612,32389,-0.528061867,-0.0951302871,-0.979881823,0.112701371,0.82973516,-0.318143308,-0.444548011
24029881526769,32406,-0.518088222,-0.0995793119,-0.989628017,0.0988677517,0.833135545,-0.289010704,-0.461067408
24029898308539,32422,-0.507749975,-0.104239054,-0.999581695,0.0874583349,0.834836841,-0.261897951,-0.476243705
24029914943748,32439,-0.498928577,-0.109535001,-1.01173151,0.076211974,0.834806502,-0.235881388,-0.491578966
24029931554425,32456,-0.489116997,-0.114713609,-1.02429593,0.0658016726,0.833487809,-0.213548526,-0.505336761
24029948201248,32472,-0.480067044,-0.119640335,-1.03725469,0.0568299443,0.831276536,-0.196051911,-0.517023623
24029964876717,32489,-0.47134316,-0.124145404,-1.05250025,0.0481130518,0.827586532,-0.181037858,-0.529160678
24029981834217,32505,-0.462280393,-0.127767995,-1.06764817,0.0409110598,0.823065877,-0.169165,-0.540621996
24029998201404,32522,-0.454752117,-0.131483793,-1.0848794,0.0342171304,0.817648351,-0.158170938,-0.552505493
24030014858279,32538,-0.447895944,-0.13453643,-1.10184455,0.0286958925,0.812075138,-0.148620442,-0.563580096
24030031534946,32555,-0.439317465,-0.136992067,-1.12051427,0.0233931541,0.805343866,-0.138304412,-0.575973988
24030048212602,32572,-0.429697484,-0.13817507,-1.1398226,0.0182932038,0.797468901,-0.127360985,-0.589481115
24030064870467,32588,-0.421868861,-0.138605192,-1.15877879,0.0134831788,0.78875345,-0.116916649,-0.603338003
24030081529841,32605,-0.415255338,-0.138676405,-1.17937136,0.00813691411,0.777699053,-0.106041618,-0.619574904
24030098226091,32621,-0.408793956,-0.138075903,-1.19887412,0.00277210935,0.765342772,-0.0961817503,-0.636389673
24030114905987,32638,-0.403186619,-0.136943132,-1.21980238,-0.00335498061,0.750383139,-0.0863027871,-0.65533638
24030131525675,32654,-0.398200244,-0.13539806,-1.23934364,-0.00995553099,0.735180378,-0.077641286,-0.673336864
24030148353591,32671,-0.394009531,-0.13336499,-1.26031935,-0.0180550907,0.718560517,-0.0692988187,-0.691767752
24030164887550,32687,-0.3921009,-0.131153211,-1.28013968,-0.0265285969,0.70279175,-0.0624227077,-0.708154917
24030181580675,32704,-0.389385402,-0.128478035,-1.30054843,-0.0357278287,0.68593806,-0.0559655018,-0.724624336
24030198208383,32721,-0.385872483,-0.125555575,-1.32032359,-0.044383537,0.668933213,-0.0501035675,-0.740302742
24030214864841,32737,-0.384404629,-0.122493066,-1.33867764,-0.0512668304,0.65302527,-0.04491603,-0.754262805
24030231641612,32753,-0.384519756,-0.119051456,-1.35667944,-0.0563401431,0.637570381,-0.0398486406,-0.767295182
24030248193071,32770,-0.384968728,-0.114801705,-1.37480104,-0.0597957708,0.62155956,-0.0341809914,-0.780333221
24030264866873,32787,-0.385980546,-0.110241294,-1.39209545,-0.0614552498,0.605805039,-0.0280732755,-0.792739272
24030281629633,32803,-0.388697028,-0.105743021,-1.40744209,-0.0616339371,0.591209829,-0.0224745627,-0.803845286
24030298206404,32820,-0.390805095,-0.100766435,-1.42240024,-0.0615568198,0.575826168,-0.01720866,-0.815069854
24030314940675,32837,-0.393873692,-0.0958097875,-1.4364742,-0.0619312972,0.560849547,-0.0128193032,-0.8254987
24030331548227,32853,-0.397625446,-0.0912362486,-1.44884729,-0.0630102083,0.547688901,-0.00975402445,-0.834249079
24030348220258,32869,-0.40070346,-0.0867513493,-1.46008229,-0.064867653,0.535490632,-0.00777039304,-0.842010438
24030364877550,32886,-0.403045833,-0.0818654597,-1.47084081,-0.067117326,0.523231626,-0.00614067866,-0.84952116
24030381537810,32903,-0.405395448,-0.0769509748,-1.48051667,-0.068631798,0.5118016,-0.00463479664,-0.856345356
24030398193591,32919,-0.408048034,-0.0724877864,-1.48842204,-0.0689369887,0.501982868,-0.00309907668,-0.86212033
24030415694425,32936,-0.410142392,-0.0676200464,-1.49539649,-0.068144843,0.492823988,-0.000524962379,-0.867456377
24030431530466,32952,-0.411940694,-0.0629559234,-1.50109744,-0.0664742365,0.486184627,0.00249891891,-0.871320546
24030448234633,32969,-0.413011372,-0.0578238554,-1.5060817,-0.0647147819,0.481049299,0.0056806514,-0.874283314
24030464861456,32985,-0.413501382,-0.0528382212,-1.50963104,-0.0637089461,0.477172077,0.00869084056,-0.876454532
24030481749529,33002,-0.414004356,-0.0470220037,-1.5120641,-0.0626998916,0.474276543,0.0119699286,-0.878058851
24030498186925,33019,-0.413597822,-0.0399481766,-1.51308751,-0.0609500669,0.47318837,0.0148010999,-0.878725708
24030514870414,33035,-0.413155824,-0.0318989456,-1.51321375,-0.0589887239,0.473565936,0.0165300146,-0.878625274
24030531553800,33051,-0.412170321,-0.0221203156,-1.51215398,-0.0573890284,0.474974573,0.0175432172,-0.877951026
24030548198539,33069,-0.411145866,-0.00897951424,-1.5101198,-0.0570579581,0.477994084,0.017679764,-0.876329541
24030564863123,33085,-0.410088211,0.00470281392,-1.50712633,-0.0590952151,0.482366771,0.0163072646,-0.873821557
24030581863748,33101,-0.408715427,0.0201599058,-1.50322425,-0.06388776,0.488097101,0.0129100028,-0.870352209
24030598255779,33118,-0.407824367,0.0380806699,-1.49920583,-0.0719655901,0.494424909,0.00673524151,-0.866209984
24030614873591,33135,-0.406170607,0.0576915145,-1.49317753,-0.0827624425,0.499821514,-0.00167471706,-0.862163603
24030631533018,33151,-0.405020863,0.0771661699,-1.48729479,-0.0945378318,0.50369525,-0.0113064712,-0.858618557
24030648193748,33167,-0.403903455,0.0971476585,-1.48114634,-0.107403129,0.506133616,-0.0221510995,-0.855454624
24030664898070,33184,-0.40289396,0.118897229,-1.47414112,-0.121742375,0.506745338,-0.0339045823,-0.852782786
24030681670518,33201,-0.403511614,0.140485421,-1.46873307,-0.135859519,0.505580187,-0.0450946614,-0.850821614
24030698209268,33217,-0.403980941,0.160373122,-1.46270716,-0.148662627,0.503367841,-0.0547238365,-0.849426687
24030714882810,33234,-0.404336005,0.180704594,-1.45560765,-0.161109835,0.500468373,-0.0642127246,-0.84820509
24030731550362,33250,-0.404889047,0.198771238,-1.44937706,-0.171421289,0.497273564,-0.0723574311,-0.847406685
24030748204893,33267,-0.405807048,0.21646224,-1.44300878,-0.181028008,0.493233114,-0.0797414556,-0.847107589
24030764863956,33283,-0.407480448,0.231444359,-1.43771791,-0.188829556,0.4889884,-0.084896706,-0.847364366
24030781566925,33300,-0.409102738,0.24544017,-1.43208671,-0.196082294,0.484440863,-0.0883431807,-0.847976625
24030798194060,33317,-0.410702646,0.257224232,-1.42682445,-0.202544495,0.480016351,-0.0896845981,-0.848832607
24030814868227,33333,-0.411808044,0.266185701,-1.42176187,-0.207622305,0.476005286,-0.0887666866,-0.849960327
24030831579789,33350,-0.413376898,0.273558617,-1.41735768,-0.21149905,0.471714973,-0.0856857002,-0.851710737
24030848194477,33366,-0.415170431,0.278453499,-1.41403246,-0.213883191,0.467646748,-0.0812975839,-0.853786409
24030864864789,33383,-0.416202992,0.28129831,-1.40987372,-0.215578541,0.463916719,-0.0755880252,-0.855916917
24030881534737,33399,-0.41673398,0.281724691,-1.40589249,-0.216710329,0.461529821,-0.0700595602,-0.857390523
24030898235935,33416,-0.417559445,0.279726416,-1.40243387,-0.21793808,0.459745318,-0.0645599514,-0.858469129
24030914932393,33433,-0.418398976,0.275035381,-1.39954591,-0.219830915,0.458296567,-0.0597378798,-0.859109998
24030931542393,33449,-0.418629944,0.268063962,-1.39677393,-0.222673357,0.457611918,-0.0559617691,-0.858997226
24030948205518,33466,-0.418590605,0.257961869,-1.39415324,-0.226451486,0.458084494,-0.052773308,-0.857958853
24030964862081,33482,-0.418444574,0.245937705,-1.39188695,-0.230045855,0.459396273,-0.0502374619,-0.856452167
24030981661299,33499,-0.418159932,0.230593979,-1.38934755,-0.233323231,0.461054564,-0.047618892,-0.854822516
24030998262341,33516,-0.418088108,0.212784171,-1.38693774,-0.235592365,0.462931007,-0.0448181853,-0.853336096
24031014865310,33532,-0.417998672,0.193823174,-1.38451278,-0.236470193,0.465506375,-0.0419710092,-0.851835787
24031031529789,33548,-0.418181986,0.172975212,-1.38249874,-0.235999539,0.469173074,-0.0394299291,-0.850074232
24031048212029,33564,-0.418177217,0.150096118,-1.38023174,-0.234749958,0.473132849,-0.0377737768,-0.848298848
24031064862654,33582,-0.418107063,0.122102104,-1.37775612,-0.232457638,0.476883709,-0.0365613624,-0.846881747
24031081551612,33598,-0.418281674,0.0956231654,-1.37609887,-0.228558153,0.480086058,-0.0359629355,-0.84615916
24031098216664,33614,-0.418323874,0.0677530244,-1.37434816,-0.222295642,0.483740211,-0.0360106416,-0.845744312
24031114877185,33632,-0.418624401,0.0352568366,-1.37294817,-0.211830199,0.488436401,-0.0361125655,-0.845726848
24031131530466,33648,-0.418956071,0.00576766673,-1.37152803,-0.198997617,0.493601441,-0.0348776244,-0.845896661
24031148198174,33664,-0.419578165,-0.0240542628,-1.37017715,-0.183201477,0.500192225,-0.0324713103,-0.845689416
24031164882289,33681,-0.420635104,-0.0558211543,-1.36875117,-0.163558245,0.508719981,-0.0290393829,-0.8447541
24031181559685,33698,-0.421810776,-0.0871357545,-1.36705422,-0.141046658,0.518337727,-0.0244924724,-0.843108535
24031198204633,33714,-0.423285991,-0.115774937,-1.36626303,-0.117553495,0.527930081,-0.0197701268,-0.840880573
24031214866456,33730,-0.42476207,-0.143255904,-1.36584282,-0.0926405489,0.537463069,-0.0161678717,-0.838027358
24031231530310,33747,-0.426309615,-0.170890868,-1.36550045,-0.0650754645,0.546146512,-0.0151905222,-0.835020065
24031248228383,33764,-0.427739829,-0.197012976,-1.36529315,-0.0370262004,0.551871181,-0.0185019597,-0.832901537
24031264869424,33780,-0.428948402,-0.220252901,-1.36544192,-0.0105810873,0.553755999,-0.0258184895,-0.832211375
24031281573122,33797,-0.430186152,-0.243381187,-1.3660022,0.016554229,0.551394761,-0.0371459797,-0.833252668
24031298357654,33814,-0.431172103,-0.264772326,-1.36652637,0.0417301133,0.544819295,-0.0506371297,-0.835982263
24031314862185,33830,-0.431974083,-0.28336218,-1.36740959,0.0629237071,0.535721898,-0.0634408742,-0.839653492
24031331552237,33846,-0.432719529,-0.30047965,-1.36828899,0.0810095742,0.524792671,-0.0742479339,-0.844107449
24031348242810,33863,-0.433440417,-0.316978395,-1.3694098,0.0967437327,0.51248461,-0.0818554312,-0.849293709
24031364859841,33880,-0.434155881,-0.331765026,-1.37097764,0.108868562,0.500714004,-0.0846725702,-0.854554713
24031381572185,33896,-0.434760243,-0.34406215,-1.37190425,0.117451452,0.491170466,-0.0828057751,-0.859127462
24031398200466,33913,-0.435218662,-0.355390519,-1.37254298,0.124604389,0.483592838,-0.0767887384,-0.862968862
24031414868539,33929,-0.435376108,-0.364400595,-1.37288761,0.129924983,0.478937507,-0.0683533028,-0.865486145
24031431541612,33946,-0.434992135,-0.372166961,-1.37277377,0.13427712,0.476469696,-0.0577292331,-0.866956532
24031448198331,33963,-0.433988929,-0.378201604,-1.37189293,0.137343526,0.476760954,-0.0470018424,-0.866964102
24031464885049,33979,-0.432386398,-0.382395744,-1.3702544,0.139160007,0.479616255,-0.0378514603,-0.865546107
24031481528591,33995,-0.429988027,-0.385193437,-1.36789489,0.140035778,0.4845846,-0.0300073475,-0.862941146
24031499662341,34014,-0.426205695,-0.386835456,-1.36374605,0.13957651,0.492595077,-0.0228480324,-0.858688891
24031514860101,34029,-0.42242679,-0.386794925,-1.35967171,0.13803713,0.50040102,-0.0190341938,-0.854507089
24031531524633,34045,-0.417783976,-0.38590759,-1.35430145,0.135647207,0.509973228,-0.0165446866,-0.849266469
24031548228591,34061,-0.412444681,-0.384121239,-1.3479805,0.132583901,0.520437956,-0.0150400233,-0.843409598
24031564862653,34079,-0.405573845,-0.381175637,-1.33975446,0.127862066,0.533124626,-0.0139394999,-0.8362028
24031581533643,34095,-0.398948312,-0.378034294,-1.33125281,0.122536063,0.54554379,-0.0131196044,-0.828972161
24031598205205,34111,-0.391925693,-0.374263436,-1.32177913,0.116382904,0.559417307,-0.0121785868,-0.820584536
24031614861716,34128,-0.384248525,-0.369833469,-1.31049514,0.108870201,0.575774789,-0.0111086825,-0.810251415
24031631554164,34145,-0.376447141,-0.364993185,-1.29808342,0.100511082,0.593509734,-0.0102106761,-0.798460722
24031648194737,34161,-0.369042695,-0.36030966,-1.28507078,0.0924125165,0.611144543,-0.00961549487,-0.786047041
24031664885987,34177,-0.361763388,-0.355575562,-1.27087057,0.0843436569,0.629402339,-0.00950081646,-0.77243042
24031681528851,34195,-0.353978753,-0.350029618,-1.25362802,0.0752387866,0.650314391,-0.010370478,-0.755859077
24031698196091,34211,-0.347507298,-0.345062405,-1.23703814,0.0675756708,0.668880761,-0.0119957374,-0.740194678
24031714898955,34227,-0.34139654,-0.340264708,-1.2194382,0.0608330034,0.687079012,-0.0139703704,-0.723896861
24031731531612,34244,-0.335452199,-0.335478991,-1.19957852,0.0544698462,0.705952585,-0.016386956,-0.70597136
24031748203070,34261,-0.330447555,-0.330875427,-1.17822695,0.0488348156,0.724705279,-0.0189415738,-0.687065244
24031764921768,34278,-0.326293409,-0.326521695,-1.15586197,0.0438159928,0.743660808,-0.0213663634,-0.666777492
24031781599372,34294,-0.323188454,-0.322685331,-1.13444531,0.0394707546,0.7616418,-0.0235525109,-0.646366119
24031798204268,34310,-0.321039736,-0.318979263,-1.11291695,0.0355662182,0.779598892,-0.0257974267,-0.62473613
24031814860674,34326,-0.319660515,-0.315320313,-1.09138143,0.0323198661,0.797281623,-0.0284239911,-0.602071166
24031831609997,34344,-0.319470465,-0.311478615,-1.06704521,0.0294705629,0.816549182,-0.0324714631,-0.575608015
24031848194893,34360,-0.32041502,-0.308648556,-1.04549563,0.0278719962,0.83293581,-0.0372249261,-0.551412284
24031864874580,34376,-0.322175115,-0.306197077,-1.02403188,0.0276581496,0.848414779,-0.0429620557,-0.526860237
24031883801507,34396,-0.325727522,-0.303438514,-0.997366011,0.0295238812,0.866011262,-0.0509642288,-0.496543616
24031898274268,34410,-0.328903496,-0.301897466,-0.979112566,0.0323244855,0.877150774,-0.0564683154,-0.475786686
24031914908591,34426,-0.333225399,-0.300394386,-0.958871365,0.0368887335,0.888854265,-0.0620503016,-0.452467829
24031931530414,34443,-0.338496655,-0.299245238,-0.938438654,0.0426401682,0.900155425,-0.0666566864,-0.428321242
24031948200518,34459,-0.343994409,-0.298364848,-0.920100212,0.0482518114,0.909761965,-0.0694183782,-0.40643099
24031964860414,34476,-0.350363046,-0.297453195,-0.901541114,0.0540264137,0.918966651,-0.0708726794,-0.384133637
24031981528487,34492,-0.356690198,-0.296798766,-0.885129094,0.0593250804,0.926733255,-0.0715273768,-0.364046574
24031998237080,34509,-0.363641888,-0.296125025,-0.868741393,0.0648036227,0.933948517,-0.0722188354,-0.343984246
24032014891039,34525,-0.37025255,-0.295579344,-0.854564667,0.0700016916,0.939763606,-0.0732687265,-0.326459765
24032031643695,34542,-0.377545029,-0.295152724,-0.840649009,0.0755326152,0.944954276,-0.0748332068,-0.309445173
24032048202705,34559,-0.385188431,-0.294849485,-0.827831447,0.0808598623,0.949278533,-0.0767333731,-0.2940135
24032064876872,34575,-0.392252922,-0.294799358,-0.817201376,0.0858261585,0.952808082,-0.0787815377,-0.2803289
24032081589424,34591,-0.39915818,-0.294973046,-0.807928801,0.0907347426,0.955952406,-0.0807657689,-0.26720643
24032098289164,34609,-0.406918049,-0.295272857,-0.798937619,0.096055463,0.959045887,-0.0821487829,-0.253487468
24032114863695,34625,-0.413628846,-0.295587748,-0.792367756,0.100787632,0.961397529,-0.0824885517,-0.242388979
24032131524789,34641,-0.419824839,-0.296005219,-0.787273765,0.105664805,0.963404119,-0.0822877064,-0.232198954
24032148247080,34658,-0.425887644,-0.296568185,-0.783347666,0.111030683,0.965163529,-0.0813726112,-0.222508699
24032164861455,34675,-0.431372821,-0.297254086,-0.780855298,0.116353594,0.96649456,-0.0798390135,-0.214420125
24032181635049,34691,-0.435809225,-0.298035353,-0.779770494,0.121108115,0.967347026,-0.0781127214,-0.208497286
24032198201820,34707,-0.439522356,-0.298882753,-0.779760182,0.125351176,0.967903852,-0.0760294572,-0.204129189
24032214857028,34725,-0.442543149,-0.299945414,-0.781165957,0.129297197,0.968241811,-0.0733595267,-0.201018482
24032231549164,34741,-0.444249302,-0.300855517,-0.783530414,0.131923512,0.968274057,-0.0708325431,-0.200060859
24032248292393,34757,-0.445001334,-0.301705837,-0.786992848,0.133694813,0.968037069,-0.0681331903,-0.200967312
24032264906143,34774,-0.444785118,-0.302485555,-0.791798949,0.134658322,0.967481971,-0.065235205,-0.203936622
24032281535674,34791,-0.443547398,-0.303070247,-0.797722697,0.135055333,0.966562867,-0.0627338514,-0.208760113
24032298215986,34807,-0.441459656,-0.303473204,-0.804430366,0.135062903,0.9652614,-0.0610096417,-0.215188935
24032314867757,34824,-0.43856892,-0.303652793,-0.8124277,0.134636745,0.963314295,-0.0596929155,-0.224355429
24032331527497,34840,-0.435308218,-0.303746521,-0.820714712,0.13381888,0.960901678,-0.0590735413,-0.235097334
24032348313851,34856,-0.431511462,-0.30357492,-0.829865515,0.132517904,0.957995951,-0.0591957904,-0.247343287
24032364865309,34873,-0.426939398,-0.302931935,-0.840754449,0.130482301,0.954518259,-0.0597613603,-0.261338741
24032384321351,34893,-0.420914233,-0.301991552,-0.854848623,0.126881227,0.949797332,-0.0610422157,-0.279392153
24032398215778,34906,-0.41666168,-0.301279604,-0.864480555,0.123818338,0.946264803,-0.0620080382,-0.292244941
24032414860934,34923,-0.410901189,-0.300387591,-0.87797296,0.119251713,0.941058278,-0.0631453842,-0.31016317
24032431546247,34940,-0.405031919,-0.29960531,-0.892490089,0.114213213,0.935161173,-0.0640347451,-0.329133034
24032448218643,34956,-0.399149001,-0.298792392,-0.907392085,0.109288596,0.928883731,-0.0644516796,-0.347961336
24032464870830,34972,-0.393233299,-0.29786402,-0.923199058,0.104333997,0.921724141,-0.0641332418,-0.368002743
24032481543538,34990,-0.387078494,-0.296904713,-0.941629052,0.0989210308,0.912457108,-0.0628829002,-0.392023474
24032498219788,35006,-0.382043123,-0.296257287,-0.958901048,0.0940059647,0.903151691,-0.0612335876,-0.414403826
24032514863851,35022,-0.377297729,-0.295673341,-0.976837873,0.0889256522,0.892987192,-0.058953736,-0.437253505
24032531523851,35038,-0.372931838,-0.29538402,-0.995552182,0.0836159587,0.882000029,-0.0559338927,-0.460386455
24032548205934,35056,-0.36860913,-0.295125455,-1.01728606,0.0772754848,0.8687042,-0.0516262576,-0.486534983
24032564867236,35072,-0.365132332,-0.294840038,-1.03713322,0.0713805854,0.856251001,-0.0471523255,-0.509426951
24032581532445,35088,-0.362184465,-0.294684142,-1.05752838,0.0652316436,0.843249917,-0.0420564488,-0.531888902
24032598332445,35105,-0.359761268,-0.294487387,-1.07937765,0.0585816093,0.828744829,-0.0358678363,-0.555395186
24032614858538,35122,-0.35810867,-0.294191182,-1.10130847,0.0517874695,0.813415587,-0.0288506038,-0.578654349
24032631532288,35138,-0.357184172,-0.293830991,-1.12190604,0.0453842618,0.798318326,-0.0213781726,-0.600142598
24032648255257,35154,-0.357100755,-0.293351173,-1.14231694,0.0392013378,0.782673955,-0.0132561931,-0.621054888
24032664917445,35172,-0.35800612,-0.292481631,-1.16491985,0.0325038992,0.764506459,-0.00385253131,-0.643784583
24032681531820,35188,-0.359295458,-0.291470766,-1.18449795,0.0269139111,0.748177469,0.00436118478,-0.662938297
24032698205257,35204,-0.361052662,-0.290450275,-1.20343113,0.0217231922,0.732033253,0.0120334113,-0.680816114
24032714881351,35221,-0.363448352,-0.289090425,-1.22293305,0.0168656316,0.715397358,0.0194512568,-0.698243499
24032731556559,35238,-0.366483986,-0.287442029,-1.24175155,0.0129008992,0.699546993,0.0260081161,-0.713996708
24032748206559,35254,-0.369743228,-0.28583163,-1.25874937,0.0100214332,0.685348153,0.0317451172,-0.727454305
24032764876715,35270,-0.373240441,-0.284160733,-1.2750833,0.00803915411,0.671947658,0.0371799767,-0.739621103
24032781685153,35288,-0.377574235,-0.28228274,-1.29253507,0.00669948477,0.658041775,0.0426480025,-0.751742899
24032798200309,35304,-0.381777942,-0.280712575,-1.30720055,0.00583294081,0.646734595,0.0471368767,-0.761234879
24032814896247,35320,-0.386211455,-0.279353857,-1.32118547,0.00513385888,0.636333525,0.0516711734,-0.769664526
24032831527965,35337,-0.391091466,-0.278079778,-1.33524537,0.0043180706,0.626023352,0.0566428751,-0.777732491
24032848297861,35353,-0.395749509,-0.277108133,-1.34751904,0.00344974501,0.616905272,0.0618151613,-0.784598589
24032864873070,35370,-0.400672138,-0.27647379,-1.35945034,0.00267920829,0.607993662,0.0681022555,-0.791011214
24032881560830,35386,-0.405108929,-0.276365399,-1.36961317,0.00213973597,0.600351572,0.0750911608,-0.796200216
24032898253434,35403,-0.4095442,-0.276820779,-1.3790468,0.00180298707,0.593128085,0.0840028077,-0.80071187
24032914875674,35420,-0.413625866,-0.277739495,-1.38708353,0.0018320377,0.587306321,0.0945006087,-0.803826869
24032931613174,35436,-0.416981131,-0.27905789,-1.39330924,0.00226229848,0.583567202,0.105337538,-0.805200696
24032948220361,35453,-0.419939756,-0.280940443,-1.39858198,0.00328730233,0.581482649,0.117181368,-0.805068791
24032964890726,35469,-0.422094524,-0.283161223,-1.40231204,0.00491905725,0.58092308,0.12799944,-0.80381614
24032981589007,35486,-0.423571289,-0.286121845,-1.40476644,0.00736026373,0.581546366,0.138373375,-0.801624954
24032998203174,35502,-0.424098134,-0.289447069,-1.4057014,0.0102131702,0.583193958,0.146524712,-0.798943698
24033014876195,35519,-0.423669487,-0.293508291,-1.40518188,0.0137834512,0.585849106,0.153536215,-0.795624018
24033031565361,35535,-0.422532439,-0.29778257,-1.40312505,0.0175074097,0.589135826,0.158650756,-0.792112589
24033048193278,35552,-0.420673609,-0.302838981,-1.39920056,0.0216589663,0.593600571,0.162492067,-0.787886858
24033064873174,35569,-0.41803956,-0.308382899,-1.39348519,0.0261798147,0.599313736,0.164899126,-0.782908618
24033081527340,35585,-0.414792597,-0.313983798,-1.38645148,0.0306878909,0.606113791,0.166087583,-0.77723819
24033098224788,35601,-0.410897911,-0.319912821,-1.37778735,0.035132546,0.614470124,0.166538507,-0.770361722
24033114875205,35619,-0.406082302,-0.326784879,-1.36637485,0.0399475396,0.626052916,0.166263431,-0.760801256
24033131528174,35635,-0.401322246,-0.333100051,-1.35474133,0.0441759713,0.638188601,0.165544257,-0.750572443
24033148199007,35651,-0.396328628,-0.339503944,-1.3417604,0.0482108071,0.651656449,0.164559692,-0.738877416
24033164861299,35668,-0.390818447,-0.346465558,-1.3263514,0.0523947105,0.666957617,0.163139656,-0.725126028
24033181626976,35685,-0.385041714,-0.353500903,-1.30932152,0.0566483624,0.682780683,0.161139205,-0.710377157
24033198244684,35701,-0.379635662,-0.359896928,-1.2922833,0.0609869212,0.697926283,0.158433661,-0.695757389
24033214862913,35717,-0.374111086,-0.366237551,-1.27394974,0.0658672154,0.713324428,0.154753983,-0.680353582
24033231529736,35735,-0.368023068,-0.373061657,-1.25203466,0.0723282695,0.730956018,0.149203166,-0.661974609
24033248190986,35751,-0.362757355,-0.378780663,-1.23129416,0.0790108889,0.746847332,0.142806619,-0.644657075
24033264862028,35767,-0.357714325,-0.384102255,-1.20948017,0.086476706,0.762957096,0.134928212,-0.626268804
24033281573903,35784,-0.352815509,-0.389184266,-1.18562615,0.0951718614,0.780229568,0.1250792,-0.605424881
24033298234372,35801,-0.348274618,-0.39379704,-1.16096008,0.104558721,0.797429979,0.114425339,-0.583163619
24033314860882,35817,-0.344471753,-0.397605747,-1.13706827,0.113671288,0.813247979,0.10444697,-0.561068058
24033331529788,35833,-0.341165692,-0.400809526,-1.11266816,0.12282975,0.82850647,0.0950359926,-0.53801316
24033348211767,35851,-0.337887138,-0.403736115,-1.08478415,0.133327201,0.844876051,0.0853889212,-0.510996222
24033364896299,35867,-0.335375011,-0.405723751,-1.05971074,0.142751947,0.858506083,0.0777186975,-0.486363113
24033381565361,35883,-0.333283752,-0.40713805,-1.0344491,0.151910484,0.871146619,0.0709417835,-0.461512834
24033398205882,35900,-0.331495881,-0.408101231,-1.00751889,0.161027804,0.883587182,0.0644008368,-0.434966981
24033414860049,35917,-0.329893053,-0.408454597,-0.980615377,0.169191822,0.895118296,0.0582691915,-0.408340752
24033431528903,35933,-0.32878992,-0.408330113,-0.955393195,0.175842419,0.905099511,0.0527140833,-0.383530557
24033448201299,35949,-0.328064233,-0.407806695,-0.930307329,0.181370437,0.91421169,0.0473925099,-0.359271139
24033464875361,35966,-0.327630788,-0.406608403,-0.903935969,0.186140865,0.923027575,0.0420268252,-0.33407411
24033481778642,35982,-0.327633262,-0.404921263,-0.879519582,0.19003357,0.930608571,0.0370797105,-0.31061241
24033498236976,35999,-0.327827811,-0.402704895,-0.853989184,0.193665177,0.937923312,0.0318947807,-0.285965741
24033514858382,36016,-0.328087598,-0.400120497,-0.828915358,0.197066769,0.944464087,0.0270523578,-0.261573106
24033531533226,36032,-0.328107834,-0.397384852,-0.805600524,0.200271592,0.949868023,0.0229374468,-0.238989457
24033548263174,36049,-0.328014255,-0.394181907,-0.78117919,0.20329991,0.954850674,0.0194547009,-0.215756312
24033564858382,36066,-0.327691615,-0.39069888,-0.757235765,0.205826715,0.959143639,0.0172872879,-0.193339318
24033581683903,36082,-0.326887786,-0.387159407,-0.734914243,0.20779787,0.962614059,0.0162692554,-0.173001558
24033598227601,36098,-0.325698495,-0.383410096,-0.712695777,0.209301203,0.965583742,0.0158432946,-0.153590679
24033614889163,36115,-0.323698461,-0.379126161,-0.689199567,0.210106224,0.968269825,0.0158181451,-0.134382918
24033631535257,36132,-0.321223855,-0.374606192,-0.665865958,0.209841594,0.970583022,0.0161236394,-0.116941072
24033648210569,36148,-0.318504125,-0.37016809,-0.644068062,0.208631337,0.972528756,0.0162210856,-0.101969473
24033664920830,36164,-0.315249652,-0.365589052,-0.622362971,0.206994027,0.974251926,0.0158360954,-0.0879545063
24033681531142,36182,-0.311019421,-0.360396504,-0.598184466,0.204862475,0.975904763,0.0151308542,-0.073568657
24033698436507,36198,-0.30662325,-0.355645031,-0.577046871,0.202416599,0.977168798,0.0145887369,-0.0628962964
24033714860986,36214,-0.301871002,-0.350744605,-0.556218922,0.198930159,0.978383362,0.0141446888,-0.0547062792
24033731560309,36232,-0.296071351,-0.34505111,-0.533244073,0.194350079,0.979699969,0.013720789,-0.0471997336
24033748207809,36248,-0.290620238,-0.339874983,-0.513231516,0.190599531,0.980726361,0.0133050522,-0.0408727303
24033764858173,36264,-0.284923762,-0.334724039,-0.493589312,0.18743816,0.981570542,0.0130960317,-0.0348535962
24033781541975,36280,-0.279035032,-0.329645187,-0.47445032,0.184455693,0.982307673,0.0127826771,-0.0297406744
24033798202392,36298,-0.272334039,-0.324013412,-0.453559577,0.181139588,0.983067811,0.0116088819,-0.0251292568
24033814864944,36314,-0.266006052,-0.319213808,-0.435657978,0.178349063,0.983683169,0.00909893867,-0.0218270048
24033831553382,36330,-0.259546071,-0.314621717,-0.418498784,0.175473407,0.98427999,0.00522579253,-0.0193587635
24033848199580,36348,-0.252197176,-0.309790254,-0.400225103,0.172271326,0.984894574,0.000124622355,-0.0174731184
24033865892913,36365,-0.245403513,-0.305595577,-0.384033799,0.169363067,0.985401154,-0.00484588929,-0.0166553389
24033881547080,36380,-0.239349857,-0.30219996,-0.370708615,0.166986972,0.985776007,-0.00883012358,-0.016827099
24033898207028,36396,-0.2327867,-0.298914582,-0.357607901,0.164979547,0.986061335,-0.0122541701,-0.0177400224
24033914883694,36414,-0.22576268,-0.295531154,-0.344382823,0.16390872,0.986171484,-0.0149055496,-0.0194337647
24033931532028,36430,-0.219651163,-0.292778671,-0.334109455,0.164347962,0.986041784,-0.0159508791,-0.0213768873
24033948386923,36446,-0.214013457,-0.290375769,-0.325294107,0.165946037,0.98573339,-0.0155499456,-0.023448104
24033964898538,36463,-0.20836553,-0.288194716,-0.317783087,0.168573618,0.985270739,-0.0138621256,-0.0251461845
24033981531194,36480,-0.202957392,-0.286547095,-0.311943293,0.171885774,0.98471421,-0.011777427,-0.0255832952
24033998224684,36496,-0.198473871,-0.285675377,-0.307629585,0.174981207,0.984204471,-0.0102120051,-0.0248783212
24034014863694,36512,-0.194195509,-0.285455197,-0.304822952,0.177504674,0.983788848,-0.00953850802,-0.0236790292
24034031528850,36530,-0.189384446,-0.286031604,-0.30387795,0.17966935,0.983422279,-0.0099775577,-0.0223597623
24034048198173,36546,-0.185878634,-0.287416935,-0.304374546,0.181243271,0.983134747,-0.011374481,-0.0216251016
24034064866038,36562,-0.182980359,-0.289520591,-0.306441307,0.182827786,0.982817352,-0.0132134119,-0.0216699988
24034081531142,36578,-0.180732399,-0.292280793,-0.309955448,0.185071394,0.982356787,-0.0147232702,-0.0225192159
24034098211819,36595,-0.178993642,-0.296009451,-0.314933598,0.18895483,0.981563449,-0.0157953035,-0.0240793638
24034114869215,36612,-0.178112119,-0.300535679,-0.320715576,0.194478273,0.980430543,-0.0158512406,-0.0261316523
24034131529632,36629,-0.177751482,-0.305809021,-0.327393055,0.200899437,0.979115725,-0.0136940852,-0.0280054975
24034148199215,36645,-0.177799106,-0.311173081,-0.333860517,0.20741652,0.977801979,-0.00916913617,-0.0282432474
24034164861819,36662,-0.177814171,-0.317448497,-0.340680122,0.214690417,0.976339459,-0.00180081057,-0.0258080531
24034181535048,36678,-0.17767188,-0.323568314,-0.346717119,0.221317902,0.974943638,0.00779838301,-0.0210360717
24034198218538,36695,-0.17722249,-0.330219835,-0.35216397,0.227770105,0.97339952,0.0205982812,-0.0137817776
24034214859684,36711,-0.17643398,-0.33673951,-0.356334925,0.233281389,0.971790433,0.0342679992,-0.00538079953
24034231543017,36728,-0.175479263,-0.343460858,-0.359399796,0.238807261,0.969768167,0.0500033684,0.00453432743
24034248193798,36744,-0.174191862,-0.350013018,-0.361142129,0.244071901,0.967445016,0.0655410662,0.0135495514
24034264861194,36761,-0.172696307,-0.356642812,-0.361659646,0.249345332,0.964640141,0.0827597678,0.0211472902
24034281525413,36778,-0.171260864,-0.36261344,-0.360688925,0.254132837,0.961632311,0.099900417,0.0264538936
24034298216923,36794,-0.169797421,-0.367989868,-0.358610004,0.258454889,0.9587363,0.11460495,0.0298578534
24034314892340,36811,-0.167975768,-0.373408675,-0.355106473,0.262889326,0.955659688,0.128596112,0.0326620266
24034331540986,36827,-0.165626228,-0.378320783,-0.350651979,0.266760588,0.952714682,0.141121045,0.0354747139
24034348204996,36844,-0.1626333,-0.382894427,-0.344368696,0.270346344,0.949608505,0.153836757,0.0386121236
24034364859267,36860,-0.159608901,-0.386511326,-0.336834669,0.273508668,0.946869969,0.164073572,0.041353438
24034381699944,36877,-0.155867904,-0.390205741,-0.327170193,0.27720511,0.944224834,0.172195733,0.0441080965
24034398222496,36894,-0.15208438,-0.393658787,-0.316123754,0.281324297,0.942018449,0.17691581,0.0464620963
24034414858590,36910,-0.148762405,-0.396605462,-0.30463016,0.285221517,0.940557301,0.178074375,0.0478557758
24034431532548,36926,-0.14548713,-0.399293005,-0.292060733,0.28859359,0.939752579,0.176744357,0.0483769141
24034448193798,36943,-0.141650066,-0.401820213,-0.277435303,0.291476816,0.93952626,0.17316775,0.0484220013
24034464901715,36960,-0.137486473,-0.403941691,-0.261838228,0.293037355,0.940136075,0.167302296,0.04778428
24034481561246,36976,-0.133390456,-0.405361176,-0.246559381,0.292661577,0.941565156,0.160190567,0.0462954976
24034498221038,36993,-0.128487587,-0.406062961,-0.229525283,0.290186584,0.94374603,0.152194694,0.0444072597
24034514867704,37009,-0.123510815,-0.405959249,-0.212929964,0.286642194,0.946161926,0.144100711,0.0430000648
24034531530673,37026,-0.117540918,-0.405293256,-0.194638595,0.28226909,0.94890672,0.13466914,0.0420049354
24034548231142,37043,-0.111122802,-0.403793782,-0.176000282,0.277220637,0.951790452,0.12470369,0.0411434397
24034564864319,37059,-0.104889326,-0.401697397,-0.158354163,0.272455633,0.954505742,0.11435663,0.040116515
24034581560777,37075,-0.098428838,-0.398961008,-0.140613467,0.268330842,0.957053363,0.102792703,0.0384855308
24034598197444,37093,-0.0909462124,-0.394775242,-0.120756045,0.264037162,0.959655285,0.0898055956,0.0357937068
24034614910725,37109,-0.0841610953,-0.389966577,-0.103419662,0.260451227,0.961677313,0.0790128186,0.0331502222
24034631555725,37125,-0.0775830895,-0.38423872,-0.0865773186,0.257839948,0.963252544,0.0685564056,0.031033935
24034648200517,37141,-0.0710881203,-0.378092706,-0.0699949339,0.256924361,0.964184403,0.0585744791,0.030123787
24034664943798,37159,-0.0637978613,-0.371265322,-0.0514251776,0.257677287,0.964538813,0.0484244488,0.0303719956
24034681566090,37175,-0.0574185401,-0.365230173,-0.0349038579,0.258682072,0.964628696,0.0401021019,0.0310956705
24034698283642,37191,-0.051129207,-0.359169781,-0.0186066628,0.258831859,0.964832723,0.032541737,0.0323249958
24034714873850,37208,-0.0443592854,-0.352613419,-0.0019492507,0.25685212,0.965480208,0.026242774,0.0344438031
24034731528173,37225,-0.0373041108,-0.345781654,0.0138100758,0.252231449,0.966708362,0.022001598,0.0370155685
24034748206923,37241,-0.0307230242,-0.339156687,0.0275924951,0.245028138,0.968521535,0.0199972503,0.0390836336
24034764982027,37257,-0.024016656,-0.332263768,0.0403411761,0.235799327,0.97075814,0.0193342119,0.0406638943
24034781718850,37275,-0.0163446181,-0.324400455,0.0535188764,0.224168792,0.973500252,0.0182758383,0.0413715728
24034798388329,37291,-0.00969562307,-0.317459166,0.0640811548,0.213080868,0.976071537,0.0160140563,0.0403058343
24034814901454,37307,-0.00299936533,-0.31024766,0.0735282823,0.201966494,0.978572845,0.0125757018,0.0380352102
24034831528277,37324,0.00405047461,-0.302548021,0.0824932605,0.191743404,0.98078686,0.00733007211,0.035183847
24034848199423,37341,0.011000257,-0.295075864,0.0904409662,0.184342146,0.982342184,0.000531220925,0.0319622345
24034864863590,37357,0.0178625025,-0.288084507,0.097151652,0.180080205,0.983219981,-0.00641509239,0.0284346715
24034881633381,37373,0.025103543,-0.281245202,0.103194937,0.178552538,0.983528435,-0.01404214,0.0243649762
24034898216402,37390,0.0328056216,-0.274346054,0.108677417,0.179673463,0.983274877,-0.0228620023,0.0191126745
24034914872860,37407,0.0406063721,-0.267729074,0.113114968,0.182697594,0.982593298,-0.0311746895,0.0126609411
24034931548225,37423,0.048104845,-0.261858582,0.116302289,0.186441377,0.981713116,-0.0380861685,0.00533973752
24034948201142,37440,0.0560642257,-0.255960017,0.118424028,0.190566123,0.980670989,-0.0442119874,-0.00380217889
24034964866558,37457,0.0639514253,-0.250359565,0.119129308,0.194168732,0.97965318,-0.0487902351,-0.0140621951
24034981577235,37473,0.0714015961,-0.245513275,0.118750684,0.196892187,0.978715181,-0.0524656363,-0.0244439114
24034998204006,37489,0.0788862333,-0.241223842,0.117586307,0.199243307,0.977689266,-0.0563566238,-0.0353523567
24035014979683,37506,0.0869286656,-0.237457439,0.115567997,0.201203108,0.976477623,-0.0610972606,-0.047706835
24035031524215,37523,0.0948866159,-0.23464264,0.112758093,0.202376544,0.975159943,-0.0663944036,-0.060816668
24035048199423,37539,0.102207571,-0.23300907,0.109256178,0.202814117,0.97378701,-0.0720549375,-0.0735761374
24035065194110,37556,0.110055789,-0.232081726,0.104992986,0.202475086,0.972229064,-0.0782757998,-0.0874500945
24035081552444,37572,0.11759942,-0.231838062,0.100503936,0.201608643,0.970598221,-0.0839993581,-0.101179004
24035098260256,37589,0.125484467,-0.232343197,0.095105879,0.200141922,0.96855402,-0.0898992345,-0.117322274
24035114870621,37606,0.133301213,-0.233433962,0.0893038139,0.198399261,0.966174006,-0.0946994275,-0.134824663
24035131533173,37622,0.140629768,-0.234969839,0.0834426507,0.197092786,0.963581562,-0.0979655534,-0.151880875
24035148228642,37638,0.147953272,-0.236614212,0.0774080232,0.195916981,0.960623205,-0.0998439342,-0.169855312
24035164881819,37655,0.155802786,-0.238099203,0.0709296241,0.194425181,0.957214117,-0.0997626781,-0.189703643
24035181733069,37672,0.163550809,-0.239728451,0.064225167,0.192569152,0.953646481,-0.0980864614,-0.209414974
24035198194162,37688,0.170727938,-0.241421491,0.0579225346,0.190311477,0.950098097,-0.0958116427,-0.2278492
24035215245465,37705,0.178650752,-0.242610753,0.0516895205,0.186988488,0.946078002,-0.0928868577,-0.247677103
24035231536662,37722,0.186644986,-0.243205845,0.0458281934,0.182434276,0.941825092,-0.089597784,-0.267685413
24035248194944,37738,0.194157466,-0.243284479,0.0408137664,0.17715314,0.937585592,-0.0865723565,-0.286453128
24035264867444,37754,0.201629564,-0.242898479,0.0363404229,0.170844913,0.93308109,-0.0838046148,-0.305202335
24035281580204,37771,0.209474057,-0.241679519,0.0321435481,0.162211984,0.928056657,-0.0806319863,-0.325417697
24035298201090,37788,0.217017189,-0.239872798,0.0286065266,0.151425436,0.922902942,-0.0777070895,-0.345372409
24035315035673,37804,0.223870769,-0.23736833,0.0259554833,0.139721677,0.918053687,-0.0761245415,-0.36312598
24035331538746,37820,0.230350032,-0.234246731,0.0240546316,0.127008513,0.913243771,-0.07607802,-0.379561335
24035348203225,37838,0.237086251,-0.230013624,0.0228272378,0.112023175,0.907930791,-0.0779272541,-0.396282345
24035364860048,37854,-0.0516479351,-0.0876548812,-0.626322627,-0.0883978307,-0.846978724,0.0931478217,0.515884161
24035381528537,37870,-0.609428704,0.0868396983,-1.29979086,-0.0604481027,-0.752972424,0.107838631,0.646335483
24035398599892,37888,-0.765247822,0.132577121,-1.43392944,-0.0430714004,-0.720871389,0.114594035,0.682171226
24035414859110,37904,-0.760680676,0.137470141,-1.43439376,-0.0327423625,-0.71337837,0.12078321,0.689514816
24035431533642,37920,-0.755931795,0.142277732,-1.4339546,-0.0239938647,-0.706122637,0.128592938,0.695901573
24035448197496,37937,-0.750605166,0.147162467,-1.43268061,-0.0161514692,-0.698801875,0.137708753,0.701748788
24035464873902,37953,-0.745373011,0.151415989,-1.43074751,-0.00983646512,-0.692691386,0.146529078,0.706124067
24035481574631,37969,-0.73994869,0.155202806,-1.42806506,-0.00414448231,-0.687520802,0.155058235,0.709404647
24035498205725,37986,-0.733767331,0.158656299,-1.42463803,0.00115754013,-0.683364332,0.163281739,0.711583436
24035514884423,38003,-0.727092028,0.161676928,-1.42072916,0.00533951074,-0.680630267,0.170274943,0.712545037
24035531530777,38020,-0.720329463,0.164104536,-1.41632533,0.00828871503,-0.678697526,0.175880536,0.712998629
24035548237391,38036,-0.712943733,0.166142151,-1.41168261,0.0101240454,-0.677329779,0.179589376,0.713350892
24035564885881,38053,-0.703854442,0.168222189,-1.40624809,0.0112568447,-0.676724374,0.181647539,0.71338743
24035581552079,38069,-0.694505811,0.17004323,-1.40080702,0.0117658423,-0.677242935,0.18210499,0.712770224
24035598213381,38086,-0.683484852,0.172104999,-1.39474046,0.0119896624,-0.678700864,0.180928022,0.711678624
24035614860360,38102,-0.672535598,0.174179018,-1.38871264,0.0122994948,-0.680819273,0.178148732,0.710349858
24035631528329,38119,-0.660100043,0.176784322,-1.3821435,0.0132568898,-0.684198797,0.174004033,0.708109438
24035648252183,38135,-0.648023486,0.179652035,-1.37586069,0.014835814,-0.688953936,0.169784546,0.704482555
24035664878954,38152,-0.634673357,0.183386117,-1.36920309,0.0169963483,-0.69546777,0.165795177,0.698961973
24035681524006,38169,-0.621225893,0.187924087,-1.36224377,0.0196533445,-0.702437162,0.162126854,0.692755878
24035698226871,38185,-0.608963966,0.193042576,-1.35532486,0.0222393591,-0.709219873,0.159460992,0.686356187
24035714883121,38201,-0.596458972,0.199249178,-1.34822178,0.0247479863,-0.716394484,0.158942163,0.67889899
24035731530777,38218,-0.583480895,0.206566751,-1.34044003,0.027264934,-0.724266946,0.161262855,0.669842064
24035748206662,38235,-0.570634484,0.214799494,-1.33254325,0.0296007711,-0.731992602,0.165904447,0.66014117
24035764860829,38251,-0.558909476,0.22330749,-1.3250978,0.0321619362,-0.738438964,0.171566516,0.651335955
24035781533121,38268,-0.547081709,0.232985422,-1.31706035,0.0358552895,-0.744342983,0.177882388,0.642670929
24035798193589,38285,-0.535887182,0.243402198,-1.30892885,0.0406903997,-0.749996543,0.183720604,0.634110689
24035814865256,38301,-0.526229501,0.253555626,-1.30135095,0.0462090708,-0.755365193,0.188426271,0.625926375
24035831574371,38317,-0.516969621,0.263875425,-1.29383874,0.0524490736,-0.760754347,0.192070961,0.617746532
24035848196350,38334,-0.507784843,0.274803281,-1.28602326,0.0599057749,-0.766151488,0.194616437,0.609547079
24035864941089,38351,-0.498939395,0.285473585,-1.27836275,0.0681241304,-0.771265864,0.196221471,0.601668835
24035881526818,38367,-0.490726978,0.295181364,-1.27120113,0.0761800334,-0.775788009,0.197689533,0.594363868
24035898682704,38384,-0.482394606,0.304967761,-1.26358116,0.0847130418,-0.779727221,0.199258968,0.587490499
24035914866193,38401,-0.474431902,0.314047784,-1.25584006,0.0924926549,-0.782628715,0.20001024,0.582179785
24035931567912,38417,-0.467404395,0.321852744,-1.24842119,0.0989759043,-0.784517169,0.199771434,0.578643203
24035948198850,38433,-0.460551292,0.328853846,-1.24095356,0.104752026,-0.786042452,0.198854595,0.575865626
24035964875829,38450,-0.453626931,0.335259467,-1.23300171,0.110217236,-0.787676156,0.197493702,0.573074698
24035981558381,38467,-0.446769834,0.340539634,-1.22512102,0.115102753,-0.789299667,0.195937663,0.570408642
24035998218016,38483,-0.440136343,0.344453782,-1.2177819,0.119151153,-0.79060632,0.193986312,0.568431258
24036014977391,38500,-0.433394074,0.347429305,-1.2099942,0.122882165,-0.791673064,0.19098112,0.567168415
24036031543277,38517,-0.426622629,0.349240243,-1.20233798,0.125777215,-0.792651415,0.187053159,0.566475987
24036048206662,38533,-0.420604497,0.349805474,-1.19523203,0.127549589,-0.793418586,0.182550296,0.566474617
24036064928902,38549,-0.414622068,0.349335045,-1.18813777,0.128585696,-0.793731272,0.17731306,0.567465067
24036081528589,38566,-0.408184767,0.347663492,-1.18058205,0.12915124,-0.793574274,0.171544805,0.569326103
24036098202079,38583,-0.40175885,0.344744444,-1.17307782,0.1295003,-0.792929292,0.166543841,0.571625888
24036114892443,38599,-0.395481914,0.341011614,-1.16610479,0.12951681,-0.791940331,0.162580937,0.574128389
24036131529370,38615,-0.389713347,0.336185545,-1.15915513,0.129346624,-0.790538669,0.159460589,0.576966584
24036149564735,38634,-0.382770509,0.329537481,-1.15116036,0.129033133,-0.788189054,0.157031924,0.580904007
24036164862183,38649,-0.377946675,0.323572248,-1.14500141,0.128498569,-0.785865784,0.156137094,0.584400892
24036181541037,38665,-0.373312533,0.316567302,-1.13865232,0.127605543,-0.782773137,0.156234637,0.588705301
24036198238797,38682,-0.368963629,0.308319807,-1.13225996,0.126400054,-0.778204083,0.157484055,0.594659746
24036214863120,38699,-0.366013229,0.299253315,-1.12597096,0.124940231,-0.771781921,0.159034222,0.602868795
24036231549422,38715,-0.363892555,0.290462077,-1.1202029,0.123474613,-0.764140666,0.160303771,0.612491548
24036248193589,38731,-0.36288783,0.281234741,-1.11446321,0.122207128,-0.75522548,0.161209002,0.623467326
24036264867235,38748,-0.362494469,0.271233618,-1.10859871,0.121039875,-0.744406581,0.160990104,0.636624217
24036281554370,38765,-0.362909079,0.261036187,-1.10324562,0.12022382,-0.732021093,0.159321949,0.651389241
24036298216141,38782,-0.364305317,0.250614405,-1.09807706,0.119878665,-0.717980206,0.156655431,0.667527258
24036314876818,38797,-0.365570366,0.241648525,-1.09369206,0.119691946,-0.704317629,0.153590292,0.682657063
24036331529318,38815,-0.368316174,0.230752021,-1.08866775,0.119337313,-0.686252892,0.1491974,0.701823175
24036348198745,38831,-0.371326655,0.221186295,-1.08418131,0.118504152,-0.668768227,0.14475897,0.719549
24036364859579,38847,-0.375287771,0.211634278,-1.07986772,0.116783261,-0.649968266,0.139904872,0.737786949
24036381624475,38864,-0.380318731,0.201666698,-1.07516825,0.113619909,-0.628621399,0.134512097,0.757517159
24036398264162,38881,-0.385513693,0.192207187,-1.07037151,0.108968355,-0.606096387,0.129081368,0.777245879
24036414918381,38897,-0.391299188,0.18355523,-1.06582022,0.103463262,-0.584186256,0.124198362,0.795359492
24036431524422,38914,-0.397922456,0.174889818,-1.060974,0.0963828713,-0.560963154,0.119247831,0.813517451
24036448276402,38930,-0.405062497,0.167103991,-1.05638528,0.0886866599,-0.539238513,0.114810511,0.82956326
24036464888797,38947,-0.413264632,0.159233794,-1.0515213,0.0795590952,-0.515808284,0.110193782,0.845854402
24036481593902,38964,-0.421947718,0.151792958,-1.04663396,0.0696760938,-0.491732985,0.105653889,0.861499429
24036498297495,38980,-0.430764854,0.145246595,-1.04180872,0.0600147732,-0.468278348,0.101443261,0.875684261
24036514878172,38996,-0.439895779,0.139217138,-1.03695416,0.0504292287,-0.443978876,0.097332187,0.889306605
24036531529787,39013,-0.450273931,0.133284658,-1.03146863,0.0411026813,-0.41729477,0.0932965204,0.903034627
24036548204527,39030,-0.460908145,0.127871901,-1.02563703,0.0329914391,-0.390387923,0.0897575468,0.915670455
24036564924995,39046,-0.471179366,0.123068497,-1.01988995,0.0269461777,-0.365395427,0.0872163326,0.926365733
24036581692339,39063,-0.482294679,0.118225127,-1.01338124,0.0221726056,-0.339421511,0.0850724205,0.936517
24036598209474,39080,-0.493367791,0.113800399,-1.00664437,0.018199116,-0.314389288,0.0830469877,0.945479453
24036614896610,39096,-0.504038334,0.110046156,-1.00006378,0.0147804236,-0.291981131,0.0812911168,0.952848554
24036631538537,39112,-0.514653087,0.106688708,-0.993283272,0.0113104191,-0.270935535,0.0797244012,0.959223688
24036648200829,39129,-0.526101232,0.103396997,-0.986201704,0.00702899834,-0.250160575,0.0784211233,0.964997649
24036664887756,39146,-0.537525237,0.100414328,-0.979248881,0.00195950666,-0.230709225,0.0778360814,0.969902575
24036681528433,39162,-0.547890306,0.0980329216,-0.97284323,-0.00335044041,-0.213071138,0.0781375393,0.973901451
24036698239787,39178,-0.558217168,0.0960991755,-0.966765642,-0.00904823653,-0.195843726,0.0792527348,0.977385461
24036714859943,39196,-0.569321096,0.0944083333,-0.960452378,-0.0157375205,-0.177044064,0.0811996758,0.980721414
24036731528433,39212,-0.579061687,0.0933592469,-0.955482006,-0.0215880703,-0.160595432,0.0830315202,0.983284771
24036748207756,39228,-0.58843112,0.0927425623,-0.951041162,-0.0269856006,-0.143968463,0.0839917511,0.985642076
24036764859006,39245,-0.597876132,0.0926638469,-0.946953535,-0.0320840441,-0.12624751,0.0829448476,0.988004267
24036781700829,39261,-0.6065467,0.0934579298,-0.943868339,-0.0359190479,-0.110288158,0.0795945749,0.990056098
24036798197079,39278,-0.615203559,0.0955605358,-0.941481352,-0.0384131558,-0.0946696252,0.0734257475,0.992053866
24036814859526,39295,-0.623735309,0.09922418,-0.939859867,-0.0392959863,-0.0806090534,0.0647338107,0.993865013
24036831538641,39311,-0.631223023,0.104372531,-0.939069092,-0.0387867093,-0.0688200742,0.0547317266,0.995371282
24036848195464,39327,-0.63838172,0.111211643,-0.938765764,-0.0367475078,-0.0583048314,0.0435588993,0.996670842
24036864867287,39345,-0.645888746,0.121235326,-0.939105272,-0.0327288173,-0.0482075252,0.0306358244,0.997830808
24036881611558,39361,-0.65176934,0.132415742,-0.940309167,-0.0276124366,-0.0410834178,0.0197962765,0.998577952
24036898200516,39377,-0.657337487,0.145654202,-0.942157149,-0.0206132606,-0.0355829671,0.0103259999,0.999100745
24036914891766,39393,-0.662020028,0.160908744,-0.944657564,-0.0113686975,-0.0312604047,0.00247554109,0.999443591
24036931527131,39411,-0.666431308,0.180185676,-0.947920799,0.00198735157,-0.0271958876,-0.00449568266,0.999618113
24036948196089,39427,-0.66934222,0.198940739,-0.951058686,0.0166791733,-0.0238401406,-0.00935971458,0.999532878
24036964866610,39443,-0.670967102,0.21898976,-0.954265773,0.033563111,-0.0205518939,-0.0132877445,0.999136984
24036981577495,39460,-0.671343505,0.241301179,-0.957454324,0.0534295365,-0.0172601789,-0.0168893114,0.998279572
24036998202391,39477,-0.669964731,0.264318347,-0.960299015,0.0746683851,-0.0145954611,-0.020589767,0.996888995
24037014862547,39493,-0.667304635,0.286144048,-0.962548614,0.0951867551,-0.0130573874,-0.0245395452,0.995071292
24037031524162,39510,-0.662730634,0.308914661,-0.964538157,0.117227659,-0.0129710482,-0.0294965506,0.992582202
24037048193433,39527,-0.656851649,0.330856621,-0.966115177,0.1385037,-0.0153379291,-0.0343856737,0.989646018
24037064862183,39543,-0.650131285,0.350408256,-0.967365503,0.156372607,-0.0193956401,-0.0379740149,0.986777365
24037081570828,39559,-0.642050982,0.368632793,-0.968422055,0.171264291,-0.0237339418,-0.0408512652,0.984091759
24037098225776,39576,-0.632436156,0.386357993,-0.969224811,0.182987913,-0.0281012096,-0.0435782857,0.981746793
24037114860568,39593,-0.621751308,0.402125478,-0.969719887,0.19001545,-0.032647755,-0.0460943878,0.980154932
24037131548797,39609,-0.610940993,0.415099561,-0.970129013,0.192476407,-0.0372389592,-0.0484274924,0.979398251
24037148196297,39625,-0.599602222,0.426127166,-0.970337808,0.19123736,-0.0419731513,-0.0510502569,0.979316294
24037164909005,39643,-0.586434782,0.436178625,-0.970330954,0.186810538,-0.0475062989,-0.0547741167,0.979716778
24037181537703,39659,-0.574458659,0.443115264,-0.970287442,0.18160145,-0.0535844006,-0.0592963845,0.980119169
24037198198641,39675,-0.562354803,0.448088199,-0.970276594,0.176878646,-0.0623833425,-0.0643262863,0.980145097
24037214885672,39692,-0.54955101,0.451334208,-0.970586419,0.17384629,-0.0750570595,-0.0693425238,0.979456842
24037231548797,39708,-0.53741765,0.452287167,-0.971081614,0.173306257,-0.0895783603,-0.0734125152,0.978034377
24037248201922,39725,-0.524335265,0.451132357,-0.971870184,0.175148994,-0.107404366,-0.0764506608,0.975675404
24037264870203,39742,-0.511225224,0.447928905,-0.972766638,0.179685786,-0.127136126,-0.0773554221,0.972402036
24037281542443,39758,-0.498962879,0.443099052,-0.973336577,0.185872108,-0.146754324,-0.0765650198,0.968531132
24037298249682,39775,-0.486106455,0.436274737,-0.973546326,0.192892551,-0.168556347,-0.0749894679,0.963720858
24037314861714,39792,-0.473737359,0.427858263,-0.973183393,0.199226946,-0.191717044,-0.0729327053,0.958245337
24037331607339,39808,-0.46269691,0.418562829,-0.97228086,0.203849673,-0.214499518,-0.0706010312,0.952602148
24037348227807,39824,-0.45222941,0.407904565,-0.970699489,0.206213057,-0.237535164,-0.0684640855,0.946766019
24037364879214,39841,-0.441742331,0.395220697,-0.968246043,0.205464467,-0.261989474,-0.0666365996,0.940587878
24037381531141,39858,-0.431838095,0.381283998,-0.96496731,0.201512918,-0.286485106,-0.0644523501,0.934432864
24037398195672,39874,-0.422882706,0.366963029,-0.961009145,0.195217669,-0.309097111,-0.0617471598,0.928728402
24037414867912,39890,-0.414247096,0.351495177,-0.956203759,0.186763331,-0.330680043,-0.0586943291,0.923214614
24037431633485,39908,-0.405141979,0.3328484,-0.950025082,0.174904168,-0.35423407,-0.0546404384,0.917028487
24037448192755,39924,-0.397864848,0.315558493,-0.944168925,0.162722677,-0.375013113,-0.0499246754,0.911259592
24037464868589,39940,-0.391335815,0.297720492,-0.937978089,0.149562567,-0.394951433,-0.043956276,0.905379593
24037481537495,39957,-0.385219961,0.278247416,-0.931051314,0.134320647,-0.414349198,-0.03583261,0.899438024
24037498202234,39974,-0.379963905,0.258440912,-0.923872292,0.117645159,-0.431498319,-0.0256538838,0.894041836
24037514868693,39990,-0.37571764,0.239528134,-0.916980445,0.100817963,-0.445621639,-0.0142387515,0.889412403
24037531529057,40006,-0.372406274,0.220707759,-0.909977317,0.0822810009,-0.457623303,-0.00161147397,0.885329425
24037548219005,40023,-0.370037824,0.200978875,-0.9024176,0.0607765689,-0.467560083,0.0125231165,0.881780624
24037564857026,40040,-0.368786007,0.18162632,-0.894875109,0.0380351767,-0.474207848,0.0271136016,0.879172921
24037581532547,40056,-0.368597984,0.163796574,-0.88790679,0.0161915235,-0.477734327,0.0414911583,0.877374649
24037598240359,40073,-0.369216532,0.145060584,-0.880564332,-0.00709548406,-0.47900784,0.0576443486,0.875887156
24037614872443,40089,-0.370537639,0.127773851,-0.87365514,-0.0291160513,-0.478064895,0.0737976581,0.874734402
24037631528901,40106,-0.372753561,0.110013083,-0.866378188,-0.0523248166,-0.474677682,0.0920872614,0.8737638
24037648191297,40122,-0.375466228,0.0940409601,-0.859711647,-0.0730513036,-0.469161212,0.110598855,0.873108983
24037664868380,40139,-0.379034698,0.0777342469,-0.852850437,-0.0923339501,-0.46042484,0.131525755,0.873031795
24037681630203,40155,-0.383155942,0.0628824607,-0.846649885,-0.107284747,-0.449260592,0.151453853,0.873908818
24037698205099,40172,-0.388262898,0.0478388555,-0.840388715,-0.119359449,-0.434160054,0.171850652,0.876199603
24037714864682,40189,-0.394246608,0.0335544012,-0.834548593,-0.127316132,-0.415635496,0.190455303,0.880207181
24037731525880,40205,-0.400662005,0.0209689178,-0.829309762,-0.131577626,-0.395159692,0.204989165,0.885728836
24037748198953,40222,-0.408416897,0.0086473329,-0.823943555,-0.133752435,-0.370640099,0.216134682,0.893320858
24037764894578,40239,-0.417266667,-0.00270602945,-0.818690181,-0.133897915,-0.343838573,0.222796664,0.902334869
24037781689995,40255,-0.426548451,-0.0124206506,-0.813877583,-0.132706046,-0.316867143,0.2249154,0.911809921
24037798232703,40271,-0.436927527,-0.0211247541,-0.809139788,-0.13117668,-0.288389117,0.222976387,0.921903491
24037814862286,40288,-0.448933601,-0.0291446559,-0.80407393,-0.129847839,-0.256586403,0.217195004,0.932807267
24037831533120,40305,-0.461854041,-0.035948731,-0.79866606,-0.128429547,-0.223267511,0.208793133,0.943431497
24037848388901,40321,-0.474765301,-0.041060131,-0.793034971,-0.12692152,-0.190997973,0.199251115,0.952738047
24037864863172,40338,-0.488903344,-0.045036599,-0.78640312,-0.124853693,-0.156187728,0.188475698,0.961506069
24037881584057,40355,-0.502970815,-0.0476446152,-0.778993666,-0.121839978,-0.121378884,0.178186253,0.968850851
24037898201714,40371,-0.515944779,-0.0488883257,-0.771426916,-0.118357368,-0.089397341,0.169528097,0.974299729
24037914870776,40387,-0.528650641,-0.0490541048,-0.763308167,-0.114637531,-0.0586400703,0.161624879,0.978415608
24037931557182,40404,-0.541791141,-0.0478223599,-0.754206181,-0.110720582,-0.0276968256,0.153257772,0.981573224
24037948194005,40421,-0.55421412,-0.0453631431,-0.744598329,-0.106994338,0.000896226265,0.144757047,0.983665049
24037964865255,40437,-0.564836562,-0.0420608521,-0.735063791,-0.103592359,0.025862623,0.136392176,0.984884262
24037981581349,40453,-0.574446201,-0.0378674529,-0.725219965,-0.100208901,0.0491279811,0.127639428,0.985521615
24037998193953,40471,-0.584299743,-0.0325136036,-0.713866889,-0.0962390378,0.0734222084,0.11741697,0.985677719
24038014977338,40487,-0.592239201,-0.0273295417,-0.703628361,-0.0923433602,0.094087936,0.107978098,0.985373557
24038031533432,40504,-0.599824846,-0.0216537677,-0.692721546,-0.0879787579,0.115936622,0.0978108421,0.984505773
24038048194161,40520,-0.606046379,-0.0162472203,-0.682430208,-0.0839129835,0.136923105,0.0887113884,0.983026445
24038064884838,40536,-0.611312509,-0.0110280961,-0.672307551,-0.0798705667,0.158328474,0.0808072314,0.980827689
24038081575255,40553,-0.615956008,-0.00600309297,-0.661978245,-0.0755990222,0.181196585,0.0745462924,0.977699101
24038098224266,40570,-0.619558811,-0.00155622512,-0.65226227,-0.0716685802,0.203773633,0.0707342997,0.973825753
24038114864734,40586,-0.622049451,0.00188336149,-0.643815219,-0.0683452338,0.223931223,0.0693573281,0.96972847
24038131531818,40602,-0.623662829,0.0047098957,-0.636188626,-0.0655878484,0.241906002,0.0701321885,0.965536773
24038148200984,40620,-0.62473011,0.0070858784,-0.628765881,-0.0635400265,0.258456975,0.0731806755,0.961148977
24038164859838,40636,-0.625052035,0.00849982165,-0.623256624,-0.0629943386,0.26930964,0.0773223937,0.957875431
24038181539370,40652,-0.624717712,0.0094377473,-0.618892014,-0.0637621656,0.276170969,0.0825305358,0.955433309
24038198196193,40669,-0.623867154,0.00981075317,-0.615625143,-0.0656546205,0.279154629,0.0893792883,0.953820527
24038214859890,40686,-0.62245357,0.00959819928,-0.613891125,-0.068379648,0.278520912,0.0977661684,0.952991188
24038231558484,40703,-0.620576799,0.00871378742,-0.613746643,-0.0720618665,0.275431991,0.107296109,0.952592254
24038248195307,40719,-0.61828196,0.00743721426,-0.615133405,-0.0762937441,0.271022767,0.116502449,0.952445924
24038265742807,40736,-0.615464568,0.00581682101,-0.618143618,-0.0810807124,0.264957517,0.125619039,0.952598214
24038281526193,40751,-0.612903833,0.00424260646,-0.622146964,-0.0852942616,0.258366436,0.132670105,0.953084707
24038298236713,40769,-0.609666944,0.0024214834,-0.628685415,-0.0896749198,0.249336883,0.139370561,0.954130769
24038314929265,40785,-0.606937885,0.000898916274,-0.635785222,-0.0926646888,0.24073413,0.143152714,0.95549345
24038331527338,40801,-0.604230464,-0.000174455345,-0.644334793,-0.0947159901,0.231451303,0.144554481,0.957373083
24038348207495,40818,-0.60168308,-0.000697139651,-0.654512525,-0.0953228101,0.220199376,0.143717811,0.960089087
24038364861349,40835,-0.599744081,-0.000476192683,-0.665691376,-0.0942813754,0.207142219,0.141258538,0.963456929
24038381682182,40851,-0.598226786,0.00064136833,-0.67740941,-0.0921015292,0.19384782,0.138053387,0.966892779
24038398224526,40867,-0.597097993,0.00242968649,-0.689905465,-0.0891282186,0.180474713,0.1346751,0.970230758
24038414881349,40885,-0.596044481,0.00527212024,-0.705215633,-0.085085623,0.166170791,0.131295517,0.973606348
24038431700776,40901,-0.595297992,0.00864892825,-0.719446778,-0.0808165073,0.154377058,0.128575787,0.976270854
24038448198276,40917,-0.594726026,0.0128414743,-0.734329998,-0.0758559555,0.142879128,0.126294076,0.978714108
24038464889109,40934,-0.594376981,0.0178009849,-0.750935674,-0.0696676522,0.130749613,0.124338701,0.981117129
24038481663380,40951,-0.594538331,0.022782838,-0.76802808,-0.0625772104,0.118867874,0.122421801,0.983345091
24038498199578,40967,-0.594913185,0.0276305825,-0.784837544,-0.0554333068,0.107777484,0.120111994,0.985334635
24038514877182,40983,-0.595633388,0.032484822,-0.801829994,-0.0479774512,0.0964961648,0.117436998,0.987215936
24038531566245,41001,-0.596763372,0.0379743949,-0.821254671,-0.0397374108,0.0836519301,0.11465919,0.989078641
24038548194786,41017,-0.597964644,0.0427030623,-0.838570535,-0.0338371657,0.0728328004,0.112400599,0.990412354
24038564860203,41033,-0.59924072,0.0470559224,-0.855630696,-0.0299704503,0.0632742122,0.109878026,0.991476238
24038581535463,41050,-0.600559652,0.051467333,-0.873523593,-0.0274891071,0.0544949658,0.106827371,0.992402434
24038599728588,41068,-0.602147758,0.05586043,-0.891862988,-0.0257793888,0.0461895168,0.103351168,0.993237436
24038614863224,41083,-0.603547573,0.0593386032,-0.906938314,-0.0247505065,0.039867878,0.100173853,0.993862748
24038631525359,41099,-0.605133772,0.0626253709,-0.922704756,-0.0236049276,0.0339829512,0.0966144875,0.994461477
24038648198380,41116,-0.606846273,0.0655795559,-0.939066529,-0.0223720409,0.0290481113,0.0927930325,0.995010197
24038664863640,41133,-0.608503819,0.0682072788,-0.955121338,-0.0210447442,0.0249648429,0.0893345475,0.995466352
24038681550099,41149,-0.610106289,0.070384942,-0.969756544,-0.0194844119,0.021228103,0.0867179856,0.995816112
24038698846140,41167,-0.61192441,0.0724574775,-0.985784948,-0.0177569315,0.0171263516,0.0849833265,0.996076941
24038714914682,41182,-0.613438964,0.0738309622,-0.998538256,-0.0167826563,0.0144518996,0.0844300017,0.996183336
24038731528015,41199,-0.615057468,0.0750324056,-1.01215863,-0.0161425136,0.0125317564,0.0843032897,0.996230602
24038748217338,41215,-0.616522968,0.0760433227,-1.02406704,-0.0157834031,0.0115031917,0.084402889,0.996240318
24038764863015,41232,-0.617956758,0.0771175995,-1.03559363,-0.0155515606,0.0112161497,0.084234871,0.996261477
24038781554213,41249,-0.619170964,0.0782184973,-1.04591775,-0.0154305575,0.011596255,0.0834743306,0.996322989
24038798197390,41265,-0.620174646,0.0792941302,-1.05445981,-0.0151262581,0.0121483747,0.0822411552,0.996423662
24038814921609,41282,-0.6210109,0.0802827626,-1.06237555,-0.0138461031,0.0126796588,0.0806199312,0.996568143
24038831537651,41298,-0.621634662,0.081111148,-1.06873143,-0.0115567185,0.012986525,0.0790618211,0.996718168
24038848190567,41315,-0.622159839,0.0817732736,-1.07428551,-0.00829734281,0.0129293548,0.0779178962,0.99684149
24038864868171,41331,-0.622422934,0.0821820498,-1.07837236,-0.00470916228,0.0126057565,0.0775891468,0.996894598
24038881543484,41348,-0.622446418,0.082539767,-1.08140635,-0.000942145241,0.0120155755,0.0780865029,0.996873796
24038898198588,41365,-0.622163832,0.0826829672,-1.08298779,0.00217170827,0.0110986475,0.0792679191,0.996789217
24038914860411,41381,-0.621807933,0.082649529,-1.08315599,0.00421230029,0.00959998462,0.0810202211,0.996657372
24038931529265,41397,-0.621524572,0.0824649632,-1.08204591,0.00541811297,0.0075180335,0.0831751898,0.996491909
24038948197338,41414,-0.621276021,0.082168892,-1.07958221,0.00624638097,0.00527271628,0.0853463933,0.996317863
24038965052182,41431,-0.62099725,0.0816537738,-1.07578731,0.00703384541,0.00336616207,0.0871521607,0.99616456
24038981536140,41447,-0.620666683,0.0809358656,-1.07100368,0.00806925818,0.00198789942,0.0886234418,0.996030569
24038998203276,41464,-0.620233178,0.080158338,-1.06472492,0.0098426519,0.00111238624,0.0899067745,0.995900929
24039014950932,41481,-0.619687974,0.079372257,-1.05708838,0.0122651765,0.000749145285,0.0907312334,0.995799661
24039031558067,41497,-0.619112909,0.0786171034,-1.04874694,0.0147026675,0.000770618848,0.0909816995,0.995743811
24039048196140,41513,-0.618318856,0.0778093114,-1.03912592,0.0169243105,0.00112303777,0.0908589289,0.995719373
24039064865255,41530,-0.617404997,0.0769400001,-1.02771866,0.0187755413,0.00184967194,0.0905881822,0.995709777
24039082305828,41547,-0.616542518,0.0761870295,-1.01526046,0.0199945699,0.00306024565,0.0902966931,0.995709479
24039098203536,41563,-0.615531743,0.0755864531,-1.00232852,0.020502774,0.00469014375,0.089942202,0.995724857
24039115048484,41580,-0.614337444,0.0749785528,-0.987563133,0.0205057897,0.00692731095,0.0896142572,0.995741367
24039131550671,41596,-0.612822294,0.0743939355,-0.972464919,0.0201575868,0.00965013821,0.0894258022,0.995742738
24039148203484,41613,-0.611032307,0.0737409815,-0.955624461,0.0195310693,0.0131811611,0.0895861685,0.995700359
24039164859526,41630,-0.60922575,0.0729673728,-0.938475728,0.0190103315,0.0172672961,0.0904223472,0.995572329
24039181563380,41646,-0.607322335,0.0720167756,-0.92192173,0.0187610406,0.0214620475,0.0917635486,0.995372772
24039198251661,41662,-0.605374336,0.0707894415,-0.905085981,0.0183627866,0.0258302111,0.0934035331,0.995123863
24039214918171,41679,-0.603112698,0.0692688525,-0.886801779,0.0172758121,0.0306059457,0.0952785239,0.994830072
24039231532963,41696,-0.60089612,0.0676143765,-0.868392229,0.0151360016,0.0358291343,0.0972641334,0.994498312
24039248349734,41712,-0.598855317,0.0660419315,-0.851038814,0.0117661497,0.0416149795,0.099268049,0.994120598
24039264865255,41729,-0.596618295,0.064293623,-0.832586944,0.00676261401,0.0488521084,0.101539098,0.993608415
24039281856765,41746,-0.594408631,0.0623630583,-0.814223588,0.000724616926,0.0570748411,0.103933983,0.992945015
24039298207390,41762,-0.592321694,0.0603939295,-0.797116995,-0.00531654665,0.065529041,0.106284603,0.992159963
24039314863223,41778,-0.590312243,0.058208704,-0.78041333,-0.0110805836,0.0746454373,0.10867428,0.991208971
24039331534317,41795,-0.588157415,0.0555915162,-0.763223171,-0.0166521985,0.0851104259,0.111205272,0.990006208
24039348197703,41812,-0.586087227,0.0526932776,-0.746653318,-0.0213519931,0.0964714438,0.113565929,0.988605201
24039364870463,41828,-0.584206998,0.0496718138,-0.731618941,-0.0248690024,0.107983835,0.115844153,0.987066984
24039381621036,41844,-0.582207024,0.0463180505,-0.717160404,-0.0280788597,0.120387211,0.118305951,0.98525238
24039398200880,41862,-0.579936504,0.0423061252,-0.701641202,-0.0327329077,0.135301426,0.121035591,0.982838988
24039422258640,41885,-0.577094316,0.0372653753,-0.6829108,-0.0415082462,0.155284166,0.124122635,0.97916168
24039431526765,41894,-0.576065481,0.0353744105,-0.675941229,-0.0457177237,0.163315326,0.125063702,0.977546513
24039448226296,41911,-0.574303448,0.0319092646,-0.663281441,-0.0548173375,0.178302631,0.126380786,0.974285007
24039464923484,41928,-0.572651982,0.028659299,-0.651493311,-0.0645854324,0.192528829,0.127182662,0.970868707
24039481529317,41944,-0.571232498,0.0258182958,-0.641369045,-0.073182404,0.20502755,0.127717689,0.967624068
24039498290046,41960,-0.569985628,0.023181159,-0.632246196,-0.0807230026,0.21656175,0.128331915,0.964425147
24039514867650,41977,-0.568997681,0.0205888078,-0.623794734,-0.0873955488,0.227835044,0.129374981,0.961101115
24039531530202,41994,-0.568229139,0.0181311294,-0.616582751,-0.0922283307,0.238467962,0.131097227,0.957831204
24039548229057,42010,-0.567688942,0.0158873908,-0.611096978,-0.0950559676,0.248083636,0.13345857,0.954781532
24039564861765,42027,-0.567318857,0.0135738514,-0.6067397,-0.0967569724,0.257710516,0.136839241,0.951576829
24039581706869,42044,-0.567140102,0.0113437958,-0.603841007,-0.0977200493,0.26626271,0.140852556,0.948533356
24039598208744,42060,-0.567246497,0.0093167536,-0.602481008,-0.0984706283,0.272736996,0.144673064,0.946038008
24039614860880,42076,-0.567513466,0.00736645237,-0.60234952,-0.0995640978,0.27717948,0.148000047,0.944115818
24039631672077,42093,-0.56799078,0.0054285787,-0.603535652,-0.101089612,0.279093772,0.150491685,0.942995131
24039648192911,42110,-0.568717003,0.00364215672,-0.605995119,-0.102796316,0.2776407,0.15178825,0.943031788
24039664863380,42126,-0.569639385,0.00207255036,-0.609508395,-0.104633883,0.273352623,0.151872948,0.944068253
24039681556504,42143,-0.57082963,0.000518795103,-0.614571929,-0.106717028,0.266485512,0.150912836,0.945950449
24039698437650,42160,-0.572147787,-0.000902459025,-0.620949388,-0.108507894,0.257979125,0.149367109,0.948347151
24039714879734,42176,-0.573548377,-0.00204692408,-0.628178596,-0.109570771,0.248972952,0.147737712,0.950883985
24039731528432,42192,-0.575071633,-0.00300234556,-0.636494994,-0.109945148,0.239648387,0.145887211,0.953518629
24039748204577,42209,-0.576781213,-0.00373125076,-0.646524906,-0.109655604,0.229694009,0.143569618,0.956349373
24039764859265,42226,-0.578630626,-0.0041400604,-0.65770781,-0.10873457,0.219223931,0.141135156,0.959269822
24039781529629,42242,-0.580544531,-0.00427535549,-0.669220507,-0.107267268,0.208483085,0.13863945,0.962189019
24039798506973,42259,-0.582837641,-0.00408617035,-0.68250072,-0.105300508,0.195875242,0.135467455,0.965501606
24039814881609,42275,-0.585278809,-0.00358942896,-0.69582814,-0.103276394,0.182911843,0.131763324,0.968770206
24039831531973,42292,-0.588206232,-0.00276372954,-0.710931361,-0.100862868,0.168185145,0.126930907,0.972331762
24039848193588,42308,-0.591299534,-0.00170089304,-0.725984335,-0.0986093059,0.153674617,0.121695608,0.975628316
24039864861713,42325,-0.59487462,-0.00028783083,-0.7427665,-0.0965699628,0.138110399,0.115909405,0.978858948
24039881603223,42341,-0.598393321,0.00116379559,-0.759307325,-0.0947477892,0.123932652,0.110596269,0.981545746
24039898213484,42358,-0.602196753,0.00270586833,-0.777577221,-0.0925400406,0.109547108,0.1052792,0.984048843
24039914863744,42375,-0.605900347,0.00417738035,-0.796383262,-0.0896668509,0.0957558751,0.100268714,0.986274242
24039931528171,42391,-0.609166145,0.00543614849,-0.814435959,-0.0861528292,0.0834457278,0.0957118422,0.988156736
24039948194004,42408,-0.612225473,0.00678290799,-0.833733618,-0.0819090381,0.0714208335,0.090735957,0.989927828
24039964885411,42424,-0.614616096,0.00824533403,-0.851682961,-0.0779114589,0.0610960349,0.0857128799,0.991388142
24039981527338,42441,-0.616559565,0.0101109091,-0.870436788,-0.0736176744,0.0505316406,0.0802050903,0.992771029
24039998254109,42457,-0.617757499,0.012102697,-0.887861907,-0.0692293569,0.0402567536,0.0753616393,0.993935347
24040014862234,42474,-0.618416131,0.0142876301,-0.90610373,-0.0641517937,0.0289351158,0.0707943365,0.99500531
24040031537338,42490,-0.618502259,0.0162963327,-0.922932923,-0.0589016154,0.0184472688,0.0667715445,0.995857418
24040048219265,42507,-0.61812222,0.0183285177,-0.94046092,-0.052773945,0.00753853237,0.0631593391,0.996578693
24040064863952,42524,-0.617356181,0.0202328488,-0.957605958,-0.0465020277,-0.00336520397,0.06092868,0.99705267
24040081554994,42540,-0.616325378,0.0218684077,-0.973238647,-0.0410690233,-0.0134474998,0.0602100417,0.997249842
24040098205202,42557,-0.61497587,0.0234521404,-0.98922503,-0.0362930261,-0.0233822446,0.060375426,0.997241676
24040114861140,42573,-0.6135059,0.0248298738,-1.00351465,-0.0329471268,-0.0316025652,0.060690172,0.997112095
24040131573536,42590,-0.6117329,0.0263323877,-1.01774395,-0.0307628922,-0.0391505472,0.0605443604,0.99692291
24040148197129,42606,-0.609690249,0.0278442241,-1.03004062,-0.0297679435,-0.0455894396,0.0597877987,0.996725082
24040164858692,42623,-0.606993139,0.0295837149,-1.0417515,-0.0294317771,-0.0521531627,0.0583641529,0.996497631
24040181589213,42640,-0.603703022,0.0314778835,-1.05205929,-0.0294135157,-0.0583612211,0.0562860966,0.996273398
24040198203796,42656,-0.599925041,0.0334178023,-1.06046188,-0.0296780374,-0.0636915267,0.0538940467,0.996071339
24040215024890,42673,-0.594985127,0.0357032754,-1.06801045,-0.0298852492,-0.0686205775,0.0508461483,0.995898008
24040231552442,42689,-0.589275777,0.0381757021,-1.07378733,-0.0296148155,-0.0730523989,0.0474597886,0.995757997
24040248193640,42706,-0.582015693,0.0412619524,-1.07862544,-0.0291694328,-0.0787997916,0.0438010991,0.995500505
24040264869421,42722,-0.574027061,0.0444743,-1.08210516,-0.0285999812,-0.0856771767,0.0406558104,0.9950822
24040281529890,42739,-0.564287722,0.0480803587,-1.08470154,-0.0278388057,-0.0943929181,0.0375822037,0.994435787
24040298335306,42755,-0.553950667,0.0517709255,-1.08613598,-0.0271388274,-0.103903025,0.0346943028,0.993611634
24040314872858,42772,-0.541776121,0.0560933203,-1.08665705,-0.0259143747,-0.115911163,0.0319355689,0.992407799
24040331531192,42788,-0.529299438,0.0605054572,-1.08629596,-0.0241033267,-0.129226461,0.0302258506,0.990861237
24040348205358,42805,-0.515054405,0.0654327273,-1.08500564,-0.0218835026,-0.14479658,0.029428795,0.988781631
24040364858119,42822,-0.499891877,0.0704589561,-1.08279216,-0.0195679795,-0.160915375,0.0293709412,0.986337066
24040381536140,42838,-0.4848786,0.0751779824,-1.0798316,-0.0166487098,-0.176476255,0.0299339015,0.983708739
24040398197963,42855,-0.468272388,0.0801758766,-1.07566142,-0.0122833727,-0.194072366,0.031018097,0.980419815
24040414859785,42871,-0.452480435,0.0848940909,-1.07058311,-0.00726268627,-0.212319106,0.0324997008,0.976632774
24040431652546,42888,-0.435349524,0.0896958262,-1.06404543,-0.00148923532,-0.233062401,0.0345469974,0.971846819
24040448209733,42904,-0.418584764,0.0937527567,-1.05686986,0.00376215437,-0.253288507,0.0369705334,0.966676831
24040464873379,42921,-0.400699407,0.0977348536,-1.04787016,0.0082375342,-0.275989711,0.0402973257,0.96028018
24040481529004,42937,-0.38417986,0.101358593,-1.03801084,0.0111962743,-0.298613936,0.0438031591,0.953302562
24040498196556,42955,-0.365922362,0.105249412,-1.02545488,0.0134727731,-0.324992537,0.0474896803,0.944427431
24040514894160,42971,-0.350031286,0.108468428,-1.01312172,0.014833075,-0.348826736,0.050257694,0.935721219
24040531527858,42987,-0.334569395,0.111320786,-0.99983573,0.0158808902,-0.372862488,0.0525300615,0.926262438
24040548245202,43003,-0.319552302,0.11371851,-0.985889256,0.0171938688,-0.397077799,0.0546021275,0.915997982
24040564867546,43021,-0.303336084,0.11599981,-0.969622731,0.0194292478,-0.42439428,0.0567055643,0.903491318
24040581527390,43037,-0.289576411,0.117611468,-0.954773188,0.0220360179,-0.448312581,0.0584180802,0.891693711
24040598232546,43053,-0.276172876,0.118657209,-0.939826608,0.0248438139,-0.471387118,0.0602765568,0.879513323
24040614863431,43071,-0.261743128,0.119241081,-0.92296654,0.0276852529,-0.495973438,0.0627084151,0.865627885
24040631533952,43087,-0.249423444,0.119288079,-0.907895088,0.0292725135,-0.516557634,0.0650693327,0.853274524
24040648266712,43103,-0.237655401,0.119059846,-0.892775238,0.0293925442,-0.536004901,0.0674386173,0.841003537
24040664865202,43119,-0.226674795,0.118662685,-0.877740443,0.027797116,-0.554191411,0.0697449744,0.82899636
24040681525931,43137,-0.215135768,0.118045889,-0.860986948,0.0239140447,-0.572994769,0.0721956715,0.816022635
24040698224473,43153,-0.205627561,0.117403343,-0.846310437,0.0191974752,-0.588419259,0.0742820278,0.804907799
24040714860202,43169,-0.196875021,0.116699442,-0.832035959,0.0139231868,-0.603124797,0.0763927624,0.793858171
24040731526348,43185,-0.188836753,0.115930967,-0.818175495,0.0088520553,-0.617390811,0.0786515996,0.782664835
24040748194369,43203,-0.180591062,0.115018465,-0.803291976,0.00415397622,-0.632928073,0.0817016438,0.76987642
24040764860202,43219,-0.173898697,0.114165992,-0.790815473,0.000910342147,-0.646081328,0.0849386305,0.758527339
24040781553119,43235,-0.16784659,0.113333151,-0.779077172,-0.00170838786,-0.658411205,0.0887405574,0.74740684
24040798375306,43253,-0.161869347,0.112624682,-0.767012298,-0.00448721834,-0.670993865,0.0937623829,0.735496998
24040814862650,43269,-0.157321855,0.112338655,-0.757381618,-0.0071020443,-0.680566669,0.0982819125,0.726029873
24040831535723,43285,-0.153595924,0.112557113,-0.748887777,-0.00998485833,-0.688482523,0.10204313,0.717968881
24040848211660,43302,-0.150498345,0.113420352,-0.741345644,-0.0132992398,-0.695498109,0.105456106,0.710622668
24040864863848,43319,-0.148105681,0.114867218,-0.735389471,-0.0161363911,-0.701127708,0.10884352,0.704494655
24040881571452,43335,-0.146411866,0.116712406,-0.731200874,-0.0179656092,-0.705008686,0.111867659,0.700089812
24040898721556,43351,-0.145238996,0.118956469,-0.728441536,-0.0188246779,-0.707633674,0.11477413,0.696941316
24040914882962,43368,-0.14455533,0.121734805,-0.727150261,-0.0183434281,-0.709061563,0.118125468,0.694940031
24040931528952,43385,-0.144348055,0.124974661,-0.727511227,-0.0168230515,-0.709048927,0.121391863,0.694428325
24040948203431,43401,-0.14471145,0.128445581,-0.729458332,-0.0149527872,-0.707623541,0.123829357,0.695493877
24040964859108,43418,-0.145746499,0.132509038,-0.73327589,-0.0128192101,-0.704518139,0.125418365,0.698398292
24040981712025,43434,-0.147263974,0.136752665,-0.738454103,-0.0110885473,-0.700216711,0.125606865,0.702706635
24040998200983,43451,-0.149511576,0.14185369,-0.745584607,-0.0101912385,-0.694354475,0.124021649,0.708792388
24041014860983,43467,-0.152125806,0.147221699,-0.753674388,-0.0100460146,-0.687555075,0.121098451,0.715892673
24041031599837,43484,-0.155516416,0.153655052,-0.76368171,-0.00981880818,-0.678782701,0.116534397,0.724967182
24041048191608,43501,-0.159543484,0.160946846,-0.774940908,-0.00866089296,-0.668252885,0.110133521,0.735685885
24041064866556,43517,-0.163870916,0.168714806,-0.786571622,-0.00592810661,-0.656908691,0.102314532,0.746972382
24041081574473,43534,-0.169149637,0.178128928,-0.799829662,-0.00036795513,-0.64344418,0.0922458023,0.759914637
24041098408327,43551,-0.175067395,0.188814536,-0.813725591,0.00829718728,-0.628590941,0.0803037658,0.773534656
24041114862858,43567,-0.181188971,0.200013623,-0.82732141,0.0192019325,-0.613772511,0.0678836852,0.786324561
24041131542181,43583,-0.18769297,0.212284207,-0.841267228,0.0325644277,-0.598161519,0.0552451983,0.798805594
24041148214733,43600,-0.195062727,0.226376042,-0.856291294,0.0488771126,-0.580242515,0.0424152352,0.811868608
24041164859785,43617,-0.202936321,0.241384178,-0.871222436,0.0661231428,-0.560640752,0.0304767862,0.824852049
24041181655098,43633,-0.210717648,0.256245643,-0.884926796,0.082024619,-0.540808976,0.0204097256,0.836887717
24041198193691,43650,-0.219373822,0.272708923,-0.898891747,0.0979159027,-0.51872611,0.0108899167,0.849245071
24041214859368,43666,-0.227871686,0.288643688,-0.911275268,0.11120373,-0.497652024,0.00242565805,0.860215247
24041231875462,43683,-0.237157285,0.305872798,-0.923634887,0.122993685,-0.475845903,-0.00612943619,0.870864928
24041248209577,43699,-0.245670751,0.322026908,-0.934719026,0.131894231,-0.456198007,-0.0134808505,0.879946411
24041264863327,43716,-0.254755914,0.338970661,-0.945696175,0.13913025,-0.43614459,-0.0205990039,0.888817489
24041281566191,43732,-0.263894856,0.354729652,-0.954904735,0.143741131,-0.418099225,-0.0267561469,0.896557629
24041298199993,43749,-0.273753613,0.370976448,-0.963619769,0.14683874,-0.399500132,-0.0325559825,0.904310942
24041314903743,43766,-0.283290416,0.38647157,-0.971594155,0.148599967,-0.381125569,-0.0375617556,0.911729395
24041331528275,43782,-0.291974664,0.400163889,-0.978410482,0.149177194,-0.363752276,-0.0416888706,0.918527365
24041348197962,43799,-0.301020652,0.413665563,-0.984975636,0.148920178,-0.344685823,-0.045553714,0.925710261
24041364861452,43815,-0.309398174,0.425197929,-0.990625381,0.14814575,-0.325697511,-0.0489044935,0.932514012
24041381528535,43832,-0.318077981,0.436119914,-0.995979667,0.146901235,-0.304453313,-0.0527150482,0.939653873
24041398294368,43848,-0.326031089,0.445220709,-1.00043881,0.145440638,-0.284358114,-0.0569221564,0.945910871
24041414897493,43865,-0.334251285,0.45350796,-1.00466812,0.14399305,-0.264182866,-0.0621641204,0.951634943
24041431525723,43882,-0.342300951,0.460283607,-1.00858843,0.14304401,-0.246232197,-0.0678262636,0.95619446
24041448213848,43898,-0.349772632,0.465176523,-1.0120182,0.142792389,-0.231560752,-0.0729815662,0.959512234
24041464871973,43915,-0.357560694,0.46865499,-1.01542163,0.143209592,-0.217576638,-0.0781749263,0.962309837
24041481744525,43931,-0.364598185,0.470264792,-1.01840305,0.144038737,-0.205536559,-0.0827680081,0.964446485
24041498415254,43948,-0.371771425,0.47019434,-1.02123535,0.145165503,-0.194259122,-0.0870045796,0.966240466
24041514866243,43964,-0.378435433,0.468467653,-1.02352011,0.145715371,-0.184971884,-0.0902642235,0.967680156
24041531552441,43981,-0.385323435,0.464797288,-1.02531564,0.145109877,-0.175835833,-0.093176119,0.969197154
24041548199785,43997,-0.391610354,0.459702611,-1.02669251,0.143529952,-0.167852968,-0.0955919325,0.970611572
24041564873066,44014,-0.398022026,0.452600211,-1.02796209,0.141180187,-0.160341293,-0.097885564,0.971996605
24041581592493,44030,-0.403769344,0.444361448,-1.02888262,0.138394579,-0.154431313,-0.099727042,0.973166227
24041598203743,44047,-0.409702361,0.43399775,-1.02960682,0.134718716,-0.149343878,-0.101393223,0.974303186
24041614978170,44064,-0.415297568,0.421972722,-1.02991271,0.130174339,-0.145279765,-0.102765411,0.97539109
24041631529525,44080,-0.420367807,0.409295619,-1.02997303,0.125357032,-0.142625123,-0.103448935,0.976341188
24041648197077,44096,-0.425222456,0.395389229,-1.02958989,0.120218217,-0.140956685,-0.103582643,0.977215171
24041664869420,44114,-0.430377841,0.378290445,-1.02862418,0.113859974,-0.140016198,-0.103288695,0.978142619
24041681529733,44130,-0.434781551,0.361900061,-1.02746344,0.107697792,-0.140007317,-0.102614984,0.978912354
24041698261504,44146,-0.438995808,0.344555199,-1.02580976,0.100701295,-0.140631139,-0.101653084,0.979667723
24041714903118,44163,-0.443314493,0.325192153,-1.02362406,0.0921039432,-0.141863361,-0.100436799,0.98046124
24041731533327,44180,-0.447571695,0.305011153,-1.02083755,0.0826085508,-0.143609628,-0.0988980308,0.981209099
24041748211400,44196,-0.451383412,0.28545624,-1.01773536,0.0728873312,-0.145610631,-0.0970197916,0.981871843
24041764859993,44212,-0.454885304,0.265465558,-1.01418698,0.0627346188,-0.148076683,-0.0941308364,0.982485175
24041781576972,44230,-0.458445579,0.242444292,-1.00961804,0.0514694639,-0.151331455,-0.0890806317,0.98311466
24041798206452,44246,-0.461229444,0.221539766,-1.00528276,0.0414275154,-0.154667139,-0.0830155686,0.983600676
24041814868639,44262,-0.463701993,0.200385794,-1.00046039,0.0311830547,-0.15878208,-0.0754320696,0.983933926
24041831560462,44279,-0.465952873,0.17790781,-0.995037973,0.0200573578,-0.163784444,-0.0659531876,0.984084606
24041848194264,44296,-0.467736393,0.155519053,-0.989498079,0.00867980439,-0.1687565,-0.0555742607,0.984051585
24041864866972,44312,-0.468960196,0.134668723,-0.98396796,-0.00216516759,-0.172999978,-0.0459606126,0.983846486
24041881527545,44328,-0.469849646,0.114295512,-0.978178859,-0.0129931923,-0.177032366,-0.036956206,0.98342514
24041898316399,44346,-0.470485777,0.0922303349,-0.971351206,-0.0249833725,-0.18158786,-0.0276054889,0.982669652
24041914884316,44362,-0.470697165,0.0734569132,-0.965170622,-0.0352401212,-0.18559733,-0.0195297804,0.981799543
24041931527337,44378,-0.47048223,0.0554731041,-0.95880568,-0.0450458005,-0.189185604,-0.0112377154,0.980843246
24041948201868,44394,-0.469943196,0.0383468084,-0.952347457,-0.0546817258,-0.192303404,-0.00215313933,0.979808509
24041964886139,44411,-0.469085276,0.0211415105,-0.945529819,-0.0645869896,-0.194896623,0.00877132919,0.978655696
24041981974524,44429,-0.467869401,0.00408383831,-0.938322365,-0.0747803301,-0.196397707,0.0213694684,0.977435052
24041998217389,44445,-0.466757238,-0.0100468621,-0.932038188,-0.084459424,-0.196759179,0.0329673253,0.976250768
24042014862962,44461,-0.465739816,-0.0231742859,-0.925890625,-0.0949803665,-0.196353436,0.0444727242,0.974908412
24042031530358,44477,-0.464938462,-0.0353195779,-0.920015454,-0.105980314,-0.194973797,0.055381719,0.973491848
24042048200202,44495,-0.46441564,-0.0477926992,-0.913816988,-0.119115628,-0.19183284,0.0661056489,0.971926808
24042064867181,44511,-0.464185774,-0.0576481856,-0.908593714,-0.131131396,-0.187593997,0.0738896504,0.970645905
24042081539837,44528,-0.464242041,-0.0667397454,-0.903572798,-0.143236682,-0.182719365,0.0810231045,0.969294667
24042098206868,44544,-0.464715302,-0.0740090758,-0.899433494,-0.153267339,-0.178447574,0.0869339854,0.968043506
24042114868274,44560,-0.465649426,-0.0799685717,-0.8958866,-0.161751226,-0.174395382,0.0915952176,0.966971159
24042131529733,44577,-0.467299461,-0.0848458856,-0.892837822,-0.168409258,-0.17046237,0.0950666368,0.966200471
24042148199004,44594,-0.46972391,-0.0882515386,-0.890543103,-0.171775371,-0.167202666,0.0976762995,0.96591717
24042164876868,44610,-0.472706974,-0.0900845677,-0.88892442,-0.172064364,-0.164414972,0.0995792374,0.966149926
24042181532649,44626,-0.47641021,-0.090553835,-0.887714386,-0.170290977,-0.161030799,0.100813724,0.966905713
24042198256347,44644,-0.48153013,-0.0896524489,-0.886853814,-0.166296899,-0.155532673,0.101711676,0.968405783
24042214863170,44660,-0.486836791,-0.0875478759,-0.886458158,-0.161457241,-0.148975432,0.102636009,0.97015661
24042231530097,44676,-0.49290055,-0.084506616,-0.886262178,-0.155800819,-0.141086593,0.104024984,0.972110868
24042248222493,44693,-0.500208616,-0.0806456134,-0.886076927,-0.148845032,-0.13119708,0.105822511,0.974389136
24042264913170,44710,-0.508280575,-0.0761151537,-0.885825515,-0.141148925,-0.120067164,0.107813686,0.976748288
24042282150462,44727,-0.517075419,-0.0709494576,-0.885468602,-0.132943869,-0.108281173,0.109688096,0.979065716
24042298404472,44742,-0.525378346,-0.0659021437,-0.884986401,-0.12548393,-0.0976374373,0.110790111,0.981043458
24042314867962,44759,-0.535488546,-0.0599239245,-0.884202898,-0.116947852,-0.0854762495,0.111189336,0.983185649
24042331565774,44776,-0.546236575,-0.0538271889,-0.883178532,-0.108412623,-0.0729571357,0.11031495,0.985268831
24042348199212,44792,-0.556865871,-0.0479929112,-0.881917536,-0.10055358,-0.0606430732,0.108302563,0.987158537
24042364858587,44809,-0.568733513,-0.0418408252,-0.880311906,-0.0924953371,-0.0470471829,0.105280526,0.989013255
24042381530410,44825,-0.580342054,-0.0361505821,-0.878612816,-0.0852497742,-0.0336456597,0.101973586,0.990556359
24042398383847,44842,-0.593035579,-0.0302927084,-0.876540899,-0.0782018006,-0.0183796659,0.0980975628,0.991929293
24042414896868,44859,-0.606124878,-0.0246418193,-0.874254286,-0.0718010515,-0.00189695996,0.0941628516,0.99296242
24042431566347,44875,-0.61863327,-0.0195338652,-0.871957958,-0.0661270842,0.0146584064,0.0905514881,0.993585825
24042448194160,44891,-0.631227374,-0.0146613419,-0.869587541,-0.06072402,0.0318135135,0.0870913193,0.993838906
24042464867753,44909,-0.64554292,-0.00950304419,-0.866838694,-0.0547593422,0.0512859039,0.0834695697,0.993682086
24042481524108,44925,-0.658262193,-0.00522838905,-0.864261925,-0.0493824966,0.0686875731,0.080354318,0.993169963
24042498203535,44941,-0.670857549,-0.00118257478,-0.861544013,-0.0440534465,0.0862952843,0.0771236196,0.992302537
24042514889056,44957,-0.68309325,0.0027276203,-0.858554304,-0.038885165,0.104121737,0.0735198334,0.991080999
24042531528847,44975,-0.696193695,0.0071529448,-0.854857624,-0.0331429988,0.123948395,0.0693081617,0.989310265
24042548217389,44991,-0.707131743,0.0110161789,-0.851325631,-0.0281857811,0.140982151,0.0658328086,0.987418711
24042564860358,45007,-0.717234671,0.0146248043,-0.847626686,-0.0235606711,0.157289311,0.0628536046,0.985268712
24042581712545,45025,-0.727480173,0.0184212439,-0.843392015,-0.0186415017,0.174415097,0.0602003112,0.982653439
24042598343222,45041,-0.735648394,0.0215490088,-0.839627981,-0.0145205902,0.187994897,0.0585806854,0.980313957
24042614860358,45057,-0.742899239,0.0244648289,-0.83597821,-0.0109217213,0.199523509,0.0578694828,0.978121817
24042631569055,45073,-0.749273121,0.0271034464,-0.83242178,-0.00803723559,0.208969757,0.0581049286,0.976161301
24042648194212,45091,-0.755346298,0.0297542866,-0.828661978,-0.00591250462,0.217462912,0.0593656786,0.974243641
24042664882128,45107,-0.759763479,0.0317566022,-0.825609803,-0.00501138624,0.223461404,0.0612912141,0.972770929
24042681529889,45123,-0.763316393,0.0332997665,-0.822849929,-0.00474851066,0.228320956,0.0636859834,0.971489131
24042698469837,45140,-0.766073644,0.0344710052,-0.820375621,-0.00508448808,0.232405335,0.0661584809,0.970353007
24042714889941,45157,-0.767735541,0.0351866707,-0.818338811,-0.0061420626,0.235411569,0.0678330436,0.969506264
24042731526868,45173,-0.768319368,0.0355071016,-0.816906214,-0.00776395109,0.237087369,0.0685189515,0.96903789
24042748388170,45189,-0.767993152,0.0355245508,-0.816005349,-0.0098681841,0.237629578,0.0682287812,0.968906462
24042764858170,45207,-0.766553462,0.0352224596,-0.815655351,-0.0126849646,0.236852795,0.0666366443,0.969174683
24042781539732,45223,-0.764316142,0.0347082689,-0.815937817,-0.0153636122,0.23460266,0.0643436611,0.969837904
24042798516035,45240,-0.760955811,0.0339578167,-0.816841602,-0.0181637127,0.230436549,0.061533805,0.970970035
24042814861503,45256,-0.756771266,0.0331381932,-0.81836617,-0.020761665,0.225044876,0.0590731278,0.972334385
24042831564524,45273,-0.751212835,0.0322250649,-0.82060051,-0.0236247238,0.218010828,0.0570121929,0.973993242
24042848194628,45289,-0.744826794,0.0313815773,-0.823345065,-0.0262176767,0.210040078,0.055667989,0.975754619
24042864863274,45305,-0.737419784,0.0305846129,-0.826615393,-0.0284477975,0.200583473,0.0549034774,0.977723181
24042881550774,45323,-0.727961779,0.029799521,-0.830748439,-0.0306625627,0.188269585,0.0543799438,0.980131209
24042898459212,45339,-0.718536973,0.0292558074,-0.834818959,-0.0323113427,0.175837368,0.0539218187,0.982410133
24042914884576,45355,-0.708335757,0.0288879089,-0.839081466,-0.0333728231,0.162013039,0.0535042658,0.984771729
24042931535253,45372,-0.69644922,0.0285655111,-0.843942642,-0.0340311527,0.146010593,0.053184215,0.987266064
24042948197232,45389,-0.683743417,0.0284735467,-0.848912299,-0.0344464406,0.128876165,0.0531348996,0.989636838
24042964859472,45405,-0.671171546,0.0286189429,-0.853758216,-0.034451969,0.112044156,0.0534160882,0.991668284
24042981688951,45421,-0.657921672,0.0289469752,-0.858706355,-0.0342943259,0.094819136,0.0540498495,0.993434429
24042998196451,45438,-0.643392026,0.0296325386,-0.863671541,-0.0341358222,0.0760179982,0.0551347658,0.994995594
24043014863066,45455,-0.628355801,0.0305587482,-0.868536115,-0.0335017219,0.0566343963,0.0564829037,0.996232867
24043031528014,45471,-0.613799095,0.0316803716,-0.872949481,-0.0323891677,0.0378265455,0.0578988492,0.99707967
24043048195618,45488,-0.597940445,0.0331947654,-0.877429903,-0.0310003329,0.0171514601,0.059538044,0.997597098
24043064861503,45504,-0.582730651,0.0347970016,-0.881503224,-0.0293375533,-0.00286402507,0.0612663962,0.997686088
24043081553326,45521,-0.566459954,0.0365846716,-0.885653436,-0.0272769146,-0.0244259071,0.0635981932,0.997303724
24043098394837,45537,-0.550917864,0.0383684263,-0.889449537,-0.0256519727,-0.0447589941,0.0664166361,0.996457458
24043114867962,45554,-0.534147859,0.0404229946,-0.893377185,-0.0246673655,-0.0665823594,0.07043273,0.994986236
24043131527128,45571,-0.517139316,0.0426967144,-0.897451401,-0.0243265592,-0.0889955834,0.0756942183,0.992853701
24043148205357,45587,-0.501001835,0.0449590981,-0.901388526,-0.024396278,-0.110693865,0.0812933818,0.990223825
24043164859941,45604,-0.48384881,0.0473937728,-0.905666828,-0.0248470604,-0.134447739,0.0872388035,0.986760259
24043181566972,45620,-0.467778057,0.0497331843,-0.909910023,-0.025202306,-0.15725179,0.0924562067,0.982898057
24043198342649,45637,-0.45084852,0.0523126647,-0.914566278,-0.0253027771,-0.181244776,0.0973908529,0.97827667
24043214858743,45654,-0.434039474,0.0551410504,-0.919238448,-0.0256607141,-0.204184428,0.101478711,0.973320246
24043231530566,45670,-0.418350041,0.0581604056,-0.923355162,-0.0262000542,-0.22434321,0.104211509,0.968567848
24043248194472,45687,-0.402236819,0.0618432835,-0.927164376,-0.0265912712,-0.244603097,0.105928861,0.963452876
24043264864941,45703,-0.387506455,0.0657497197,-0.930337906,-0.0263583399,-0.262741148,0.106566906,0.958600998
24043281556711,45720,-0.371941119,0.0702491626,-0.933559,-0.0250931717,-0.280788332,0.106221728,0.953543484
24043298201295,45736,-0.357718259,0.0747873113,-0.936388433,-0.0227640104,-0.296888769,0.105228208,0.948823452
24043314862805,45753,-0.343676865,0.0800992101,-0.939034581,-0.0194249768,-0.313455135,0.104098476,0.943680108
24043331524576,45769,-0.331754625,0.0856641456,-0.941285312,-0.0158922113,-0.328008711,0.103374884,0.938867092
24043348379784,45786,-0.320076764,0.0922818631,-0.943629801,-0.012283287,-0.341626555,0.102976002,0.934096575
24043364859316,45803,-0.309341311,0.0998041183,-0.946050286,-0.0096145235,-0.353469968,0.103101753,0.929697037
24043381623743,45819,-0.300222367,0.107841223,-0.948555589,-0.00785067677,-0.363093227,0.103844553,0.925914705
24043398364784,45836,-0.291498125,0.117541626,-0.951470137,-0.00620984659,-0.371685982,0.104857489,0.922396839
24043414970774,45852,-0.284241647,0.12785615,-0.954402208,-0.00478655612,-0.378772736,0.105420329,0.919453561
24043431607545,45869,-0.277204663,0.140207842,-0.958075285,-0.00296569779,-0.385920197,0.105595969,0.916464031
24043448194576,45885,-0.270987749,0.153120339,-0.962309659,-1.97185982e-05,-0.392113417,0.105125524,0.913890481
24043464863586,45901,-0.265351981,0.167359948,-0.967019081,0.00473764632,-0.397356331,0.103288002,0.911820829
24043481528378,45917,-0.26042828,0.182988897,-0.971929967,0.0116163893,-0.401370049,0.0998843983,0.910379231
24043498348013,45935,-0.255755186,0.201994389,-0.97762543,0.0220016595,-0.404053509,0.0948334709,0.909540236
24043515131763,45951,-0.252154082,0.219889298,-0.982834101,0.033022929,-0.404138088,0.089834027,0.90967679
24043531527076,45968,-0.249173909,0.239667326,-0.988234043,0.0457395725,-0.401266903,0.084162578,0.910938799
24043548195201,45985,-0.246765599,0.259934694,-0.99324888,0.059192203,-0.395706087,0.0783992186,0.91310823
24043564856555,46001,-0.244910464,0.279093385,-0.99753195,0.0722615495,-0.389201701,0.0731933787,0.91539228
24043581646138,46018,-0.243619412,0.299282342,-1.00164783,0.085698694,-0.382108599,0.0682303682,0.917602003
24043598452961,46034,-0.242701665,0.317978263,-1.00517106,0.0972905606,-0.375116527,0.0640035123,0.919633448
24043614862128,46051,-0.242043495,0.337273151,-1.00850677,0.108027905,-0.367151648,0.059711054,0.921935141
24043631528482,46067,-0.242082238,0.354777396,-1.0109483,0.116801016,-0.35954693,0.0558510907,0.92410183
24043648194315,46084,-0.242786348,0.372462809,-1.01263547,0.124643333,-0.351981997,0.0520434752,0.926209688
24043664867388,46100,-0.243900865,0.388163686,-1.01366746,0.130314082,-0.345406324,0.0489632785,0.928070784
24043681721763,46117,-0.245503053,0.403814018,-1.01422703,0.13460204,-0.338066429,0.0456974395,0.930325329
24043698207076,46133,-0.247262135,0.417408198,-1.01434922,0.137146518,-0.330737293,0.0424302071,0.932739735
24043714861190,46151,-0.249577284,0.431402624,-1.01438308,0.138729945,-0.322481275,0.0386482887,0.935556591
24043731541659,46167,-0.252011567,0.442602426,-1.01441765,0.139253199,-0.314992875,0.0354117267,0.938154638
24043748194472,46183,-0.254555255,0.452571541,-1.01443005,0.139461339,-0.306633711,0.0323561989,0.94099915
24043764915201,46199,-0.257262051,0.46125719,-1.0142256,0.139648974,-0.297283441,0.0289658532,0.944077253
24043781563430,46217,-0.260536551,0.469401807,-1.01391208,0.14013721,-0.287190974,0.0252425652,0.947230577
24043798212857,46233,-0.263407916,0.475122303,-1.0137639,0.141231239,-0.279197127,0.0225725714,0.949522674
24043814941868,46249,-0.266448319,0.479217708,-1.0134716,0.142708361,-0.271676481,0.0207020082,0.9515239
24043831541034,46267,-0.269812822,0.482023537,-1.01298428,0.144189537,-0.263482988,0.0191891566,0.953634024
24043848222492,46283,-0.272888005,0.482956469,-1.0122689,0.144958735,-0.257074684,0.018359391,0.955281436
24043864898430,46299,-0.276114762,0.48247847,-1.01134539,0.145174801,-0.251993299,0.0180119351,0.956608236
24043881677336,46315,-0.279433191,0.480665535,-1.01030278,0.144678906,-0.248246431,0.017953407,0.957663536
24043898248013,46333,-0.28340435,0.4769274,-1.00873196,0.143051326,-0.245365605,0.0180929713,0.95864737
24043914872753,46349,-0.287012577,0.472114593,-1.00715339,0.140869886,-0.243672624,0.0184568744,0.959394991
24043931526711,46365,-0.290699571,0.465912968,-1.00527036,0.138377711,-0.242524847,0.0191460233,0.960034788
24043948221242,46382,-0.294629306,0.457894057,-1.00290155,0.135446772,-0.241881102,0.0202519596,0.960592389
24043964861659,46399,-0.298697054,0.448421597,-1.00001645,0.132133633,-0.241740808,0.021444086,0.961063147
24043981555461,46415,-0.302758515,0.438341081,-0.996843994,0.128217816,-0.241886616,0.0222761389,0.961537778
24043998356867,46432,-0.30730316,0.42673406,-0.993242204,0.122751944,-0.242251918,0.0223580673,0.962157071
24044015009003,46448,-0.311998606,0.415213078,-0.989622056,0.116646908,-0.242813841,0.0212510154,0.962799788
24044031564992,46464,-0.317063332,0.403490365,-0.986027122,0.109939769,-0.243685037,0.0185060985,0.963425338
24044048232597,46482,-0.323351383,0.390327096,-0.982049227,0.10191723,-0.245190561,0.013122024,0.964013636
24044064865826,46498,-0.329536736,0.379128903,-0.97880578,0.0940572098,-0.247362405,0.00687832618,0.964322448
24044081535722,46514,-0.336226255,0.368794978,-0.976012588,0.0858299658,-0.249843031,0.000369974237,0.964474738
24044101376086,46533,-0.344891012,0.357727617,-0.973116875,0.0765388012,-0.251792341,-0.00654394506,0.964727819
24044114872284,46548,-0.352027416,0.350077599,-0.971521318,0.0697480142,-0.252111286,-0.0106121982,0.965123057
24044131528013,46564,-0.360090226,0.343029588,-0.970403194,0.0630871132,-0.251329511,-0.0128940074,0.96575743
24044148208169,46580,-0.36857295,0.337152094,-0.969606459,0.0576166436,-0.248562589,-0.0130829671,0.966812253
24044164859784,46598,-0.378549427,0.332008988,-0.96891129,0.0522613935,-0.242487565,-0.0114480173,0.968678296
24044181531451,46614,-0.387968302,0.328682363,-0.968450546,0.048195906,-0.234918371,-0.00867790915,0.97078073
24044198780201,46631,-0.398475081,0.326355964,-0.968251884,0.0450129583,-0.225023955,-0.00507437857,0.973299801
24044215135044,46646,-0.408323407,0.325321615,-0.968179226,0.0430793166,-0.21496661,-0.00218050135,0.97566843
24044231545774,46664,-0.42078191,0.325314522,-0.96825254,0.0418656021,-0.201509893,0.000316797174,0.978591323
24044248205826,46680,-0.432431728,0.326306701,-0.968377054,0.0419081859,-0.188313931,0.00145407987,0.981213272
24044264865149,46696,-0.444582134,0.328044057,-0.968513191,0.0429565683,-0.17421183,0.00157152396,0.983769536
24044281532596,46713,-0.457924455,0.330495149,-0.968742669,0.0452601798,-0.158778101,0.00102277484,0.986275792
24044298262701,46730,-0.471619993,0.333476901,-0.968914032,0.0490635596,-0.143136621,3.11055555e-05,0.988486111
24044314870930,46746,-0.484605253,0.336718887,-0.969089568,0.0541800633,-0.128781199,-0.00109667354,0.99019134
24044331537805,46763,-0.498661101,0.3404814,-0.969008923,0.0612994023,-0.114903994,-0.00199241261,0.991481483
24044348211919,46780,-0.512628436,0.344413131,-0.968989313,0.0699581131,-0.10279648,-0.00182471529,0.992237568
24044364942909,46796,-0.525143325,0.348244488,-0.969412267,0.0789020956,-0.0924423113,-0.00046041279,0.992586851
24044381535617,46813,-0.537950337,0.352455646,-0.969863355,0.0884743631,-0.082294777,0.00219985191,0.992670655
24044398199107,46829,-0.549674809,0.356534153,-0.970107317,0.0971124992,-0.0736033842,0.00608016178,0.992529511
24044414859680,46846,-0.561658561,0.360970885,-0.970074475,0.105181664,-0.0646256432,0.0115366196,0.992283881
24044431530044,46862,-0.572304606,0.365293354,-0.969791234,0.110901311,-0.055584114,0.0173204411,0.992124677
24044448235253,46879,-0.58287394,0.370090306,-0.969119549,0.114525244,-0.0449725911,0.0233564191,0.992127061
24044464860617,46895,-0.592115343,0.374856859,-0.968267679,0.115946613,-0.0344891511,0.0284413286,0.992248952
24044481537649,46912,-0.601199508,0.380124331,-0.967310786,0.116314657,-0.023609722,0.0326516479,0.992394745
24044498246711,46929,-0.609540522,0.385442764,-0.966289043,0.116315462,-0.0135372924,0.0349994563,0.992503166
24044514865148,46945,-0.616706371,0.390457958,-0.965492308,0.116973571,-0.00496863853,0.0353577472,0.992493033
24044531563378,46961,-0.623179317,0.3954162,-0.964935243,0.119053639,0.00273721013,0.0340642147,0.992299557
24044549837336,46980,-0.629806578,0.401361048,-0.964695454,0.123224862,0.0102718715,0.0310142897,0.991840899
24044564862544,46995,-0.634159863,0.406155825,-0.964852929,0.127799809,0.0144979861,0.028415136,0.991286874
24044581532492,47011,-0.63788718,0.411353558,-0.965364218,0.133571863,0.017629534,0.0262180641,0.990535438
24044598203117,47027,-0.64051944,0.416725814,-0.966146886,0.139300421,0.0200296957,0.0247827321,0.989737391
24044614904784,47045,-0.642018914,0.423043162,-0.967065096,0.145051628,0.0218063928,0.0242842045,0.988885641
24044631532284,47061,-0.642143846,0.428894609,-0.967973053,0.149456024,0.0219006836,0.0252463203,0.988203406
24044648195305,47077,-0.641053796,0.434982181,-0.968792677,0.152689695,0.0203955248,0.0274551138,0.987682223
24044664865826,47094,-0.638514638,0.441808075,-0.969472468,0.154615417,0.0171918925,0.030550601,0.98735261
24044681527180,47111,-0.634712875,0.449033976,-0.970086753,0.155933157,0.0119427536,0.0340965725,0.98710674
24044698215513,47127,-0.630077302,0.456108391,-0.970496118,0.157351702,0.00477870461,0.0374485962,0.986820757
24044714986763,47144,-0.624244153,0.463917315,-0.970839977,0.159153566,-0.00494999066,0.0405561179,0.986408055
24044731532284,47160,-0.617973566,0.47135365,-0.970996857,0.161363035,-0.0153788514,0.0432693064,0.985826254
24044748201971,47177,-0.610511601,0.479438573,-0.971066415,0.163802877,-0.0268406682,0.0459990725,0.985054553
24044764862075,47193,-0.602797329,0.487422556,-0.971089303,0.165743753,-0.0380632393,0.048606623,0.984234512
24044781705878,47210,-0.593945444,0.49614203,-0.971036673,0.168136626,-0.0507656559,0.0519319549,0.983084977
24044798357700,47227,-0.584442616,0.505007982,-0.971071541,0.171207815,-0.063623555,0.0555079766,0.981610358
24044814921086,47243,-0.574868202,0.513421416,-0.971035302,0.174427763,-0.0756955445,0.0585194007,0.980010509
24044831567284,47260,-0.564131737,0.522464693,-0.9710989,0.178391069,-0.0890008658,0.0612109117,0.978012681
24044848190773,47276,-0.55343926,0.531009912,-0.971248269,0.182920352,-0.101897828,0.0630418435,0.975798488
24044864891138,47292,-0.542078137,0.539510787,-0.971292138,0.188291982,-0.114794351,0.0635361299,0.973309636
24044881528325,47310,-0.528534055,0.548797667,-0.971054316,0.195345849,-0.129711539,0.0627440214,0.97009182
24044898201190,47326,-0.515888333,0.556598127,-0.97055608,0.202724725,-0.143209636,0.0615081079,0.966752589
24044914889628,47342,-0.502732515,0.563872933,-0.969841897,0.21074456,-0.156290591,0.0602796115,0.963081777
24044931537961,47359,-0.488442451,0.570708275,-0.968207002,0.218827322,-0.169724718,0.0593800507,0.959052742
24044948207075,47376,-0.473697782,0.576479375,-0.965879679,0.225858733,-0.182711348,0.0592490695,0.955036104
24044964858742,47392,-0.459530562,0.58089155,-0.963220775,0.231063426,-0.194841564,0.0601108298,0.951332331
24044981574002,47409,-0.444405228,0.584301233,-0.959661245,0.234396145,-0.207950115,0.0620060489,0.94761306
24044998251398,47425,-0.429998517,0.586154878,-0.955789506,0.235327497,-0.220621496,0.0642137825,0.94436419
24045014861711,47442,-0.414935768,0.586533964,-0.951173186,0.234277189,-0.235184714,0.0667022839,0.940932095
24045031529523,47458,-0.401059806,0.585396767,-0.946546078,0.231493711,-0.250117749,0.0688165054,0.937611878
24045048194836,47475,-0.386356294,0.582550108,-0.941403866,0.226687059,-0.266674548,0.0702524185,0.934110463
24045064865148,47492,-0.372206569,0.578095436,-0.93601197,0.22033672,-0.28362444,0.0709452853,0.930578113
24045081554107,47508,-0.35953325,0.572460949,-0.930784822,0.213728324,-0.299928188,0.071274966,0.92697531
24045098372336,47525,-0.346509039,0.564805806,-0.925273478,0.206895635,-0.317749351,0.0717348531,0.922541976
24045114862700,47541,-0.335153341,0.55606705,-0.920072496,0.200830355,-0.335015595,0.0726821497,0.91768682
24045131574107,47558,-0.324056804,0.545127034,-0.914393187,0.194900289,-0.352878958,0.0742880628,0.912124813
24045148204523,47574,-0.3140288,0.533362448,-0.909311891,0.189854369,-0.368562847,0.0761572719,0.9068169
24045164861294,47591,-0.303610653,0.519281089,-0.904329836,0.185529932,-0.384007692,0.0780921951,0.901120603
24045181647388,47608,-0.293808609,0.503627717,-0.899524093,0.18234928,-0.39866212,0.0793327019,0.895278573
24045198201659,47624,-0.285679996,0.487543404,-0.894924283,0.17977573,-0.412162095,0.0794711262,0.889655888
24045214864211,47640,-0.27877444,0.470144749,-0.890164554,0.176722512,-0.425181508,0.0784724355,0.884212613
24045231525409,47657,-0.272382021,0.450408369,-0.885376155,0.172330186,-0.437767029,0.0761519521,0.879126489
24045248196450,47674,-0.26707226,0.429475129,-0.88085711,0.166292608,-0.449138582,0.0728631541,0.874821305
24045264865565,47690,-0.263028145,0.408811092,-0.876674592,0.158627763,-0.459294915,0.0694675595,0.871240318
24045281526086,47707,-0.25958091,0.385996103,-0.872313797,0.147927612,-0.469653875,0.0660127848,0.867862344
24045298410565,47723,-0.257479608,0.363768011,-0.868188024,0.135605395,-0.478922844,0.0632599369,0.865010083
24045314865200,47740,-0.256204009,0.339649647,-0.864086688,0.120550856,-0.488434017,0.0614623949,0.862045288
24045331525513,47757,-0.255864918,0.315087974,-0.860350788,0.103968605,-0.497470081,0.0614197217,0.859035313
24045348203377,47773,-0.256408304,0.291879922,-0.857217014,0.0875080377,-0.504857004,0.0632050633,0.856426835
24045364857440,47789,-0.257852882,0.268842041,-0.854479313,0.0704605803,-0.510698199,0.0667281225,0.854265809
24045381644419,47805,-0.260359228,0.246211126,-0.852064848,0.0525560156,-0.514800549,0.0716785714,0.85269016
24045398208638,47823,-0.264350563,0.221568108,-0.849788904,0.0317376629,-0.516649783,0.0788267478,0.85196954
24045414863429,47839,-0.269021481,0.200496167,-0.848052263,0.0132094417,-0.515120685,0.0862491652,0.852664828
24045431558325,47855,-0.274679065,0.180390283,-0.846547127,-0.00467686541,-0.510502756,0.0945054963,0.854654193
24045448195669,47873,-0.282205909,0.159036994,-0.845229089,-0.0229905341,-0.502285659,0.104525283,0.858053088
24045464895877,47889,-0.290009022,0.141224086,-0.844498575,-0.0369007215,-0.492905498,0.11364875,0.861838996
24045481524836,47905,-0.298770577,0.124467157,-0.84433794,-0.0481340103,-0.481814742,0.122730158,0.866299629
24045498344367,47922,-0.309065759,0.107776828,-0.844823956,-0.0571066812,-0.467938066,0.131663471,0.872030675
24045514864575,47939,-0.320330262,0.0922615528,-0.845953882,-0.0633633807,-0.451535195,0.139634013,0.87897867
24045531526711,47955,-0.331795514,0.0787586048,-0.847494125,-0.067210272,-0.433653206,0.146467239,0.886552393
24045548297700,47971,-0.344103515,0.0664933771,-0.84940809,-0.0698253363,-0.41337803,0.152669773,0.894949794
24045564863273,47988,-0.358160615,0.0549479723,-0.851707339,-0.072113581,-0.389220566,0.158379838,0.904556692
24045581530825,48005,-0.373158306,0.0448892042,-0.854135752,-0.074157171,-0.362601906,0.163057193,0.914567113
24045598199054,48021,-0.388010323,0.036744941,-0.856510758,-0.0758053362,-0.335970849,0.166208103,0.923987091
24045614862752,48038,-0.404425859,0.0295241904,-0.859265447,-0.0768490136,-0.307041734,0.167463854,0.933689237
24045631720461,48055,-0.421487093,0.0237821117,-0.862309933,-0.076910831,-0.278315723,0.166236535,0.942862928
24045648214367,48071,-0.438001335,0.0196984317,-0.865358591,-0.0765635744,-0.25117299,0.162396818,0.951145351
24045664881606,48087,-0.454764068,0.0169257484,-0.868497849,-0.0763492435,-0.223266482,0.155380905,0.959259987
24045681549158,48104,-0.472546518,0.0155215887,-0.871854067,-0.0762503892,-0.192974731,0.144553483,0.967497289
24045698230513,48121,-0.489956707,0.0156695656,-0.875217319,-0.0755841509,-0.162784681,0.131184489,0.974976361
24045714938742,48137,-0.506286383,0.0171548165,-0.878178835,-0.0742912218,-0.135306105,0.116909251,0.981073618
24045731563586,48154,-0.523902059,0.0202372279,-0.881082296,-0.0729101524,-0.10789407,0.100832529,0.986344695
24045748199002,48171,-0.540866613,0.024611963,-0.884384751,-0.0716168582,-0.0820868835,0.0851647928,0.990393758
24045764859731,48187,-0.555514812,0.0296825096,-0.888396204,-0.0698224604,-0.0591778494,0.0716930255,0.993218482
24045781645513,48203,-0.569265246,0.0356721915,-0.893343091,-0.0675945058,-0.0388229452,0.0599511005,0.995153069
24045798335773,48220,-0.583506584,0.0427755378,-0.899573028,-0.0646889508,-0.020943623,0.0500970855,0.996427178
24045814871033,48237,-0.597213566,0.0504867956,-0.90700537,-0.0609407313,-0.00530723808,0.0422358401,0.997233331
24045831531033,48253,-0.609561265,0.0583802089,-0.914912581,-0.0568120629,0.00882891379,0.0353091806,0.997721255
24045848193169,48269,-0.621269763,0.066937685,-0.923733532,-0.0517331809,0.0217539445,0.0292760432,0.997994721
24045864867960,48287,-0.63389051,0.0768572912,-0.934667528,-0.0436768867,0.0343236029,0.0246819444,0.998150826
24045881574054,48303,-0.644788802,0.0856654271,-0.944959402,-0.0348726176,0.0447323322,0.0225656442,0.998135209
24045898225617,48319,-0.654990613,0.0945502371,-0.955561996,-0.0252098646,0.055546917,0.0214487948,0.997907341
24045914871085,48336,-0.665264547,0.104046412,-0.966544271,-0.0139516555,0.0675821081,0.0208293051,0.997398734
24045931601294,48353,-0.674700737,0.113651246,-0.977014184,-0.0019404327,0.0794066191,0.0207894798,0.996623695
24045948192700,48369,-0.682602465,0.123005584,-0.986004889,0.00939683151,0.0903702676,0.0205419865,0.99565208
24045964866919,48385,-0.689283252,0.132815585,-0.993825555,0.0199559946,0.101320028,0.0194207132,0.994464159
24045981586294,48402,-0.695011497,0.143702716,-1.00084174,0.0300181322,0.112349026,0.0173769481,0.993063271
24045998200148,48419,-0.699530602,0.154998571,-1.00641346,0.0388629623,0.122103855,0.0148021374,0.991645694
24046014894471,48435,-0.702309549,0.166011751,-1.01059759,0.0460632779,0.129609019,0.0121553801,0.990420103
24046031531398,48452,-0.704074144,0.178008854,-1.01383543,0.0532414354,0.135173306,0.00979732908,0.989342034
24046048201971,48469,-0.704626322,0.190008372,-1.01595807,0.0599348769,0.138100818,0.00782411266,0.988572121
24046064868325,48485,-0.704371393,0.201273754,-1.01723242,0.0653725863,0.138489217,0.0063610319,0.988183558
24046081527596,48501,-0.70390588,0.212377489,-1.01796114,0.070501931,0.137461588,0.00551071204,0.987979472
24046098342908,48518,-0.70291996,0.223707259,-1.01829934,0.0756441653,0.136569709,0.00522578647,0.987724364
24046114862231,48535,-0.701582015,0.234330088,-1.01802909,0.0800918564,0.136948735,0.00550302491,0.987319708
24046131538169,48551,-0.699712396,0.243449315,-1.01732063,0.084161222,0.138613552,0.00586220948,0.986746609
24046148196815,48567,-0.697470725,0.251505911,-1.01615548,0.0882975385,0.140696794,0.00623171357,0.986087799
24046164874471,48585,-0.69469732,0.259022564,-1.01426566,0.0926139876,0.142556012,0.00624107849,0.985424578
24046181620929,48601,-0.691771746,0.264212906,-1.01208186,0.0960595906,0.143356025,0.00561727118,0.984982252
24046198183533,48617,-0.688578963,0.267995656,-1.00928783,0.0994237587,0.143325582,0.004281478,0.984659553
24046214947179,48634,-0.684745073,0.270537972,-1.00576353,0.102593839,0.142462075,0.00214116438,0.984466672
24046231574731,48650,-0.680807889,0.271431029,-1.00167108,0.104776815,0.141072348,-6.738722e-05,0.984439194
24046248198585,48668,-0.675600052,0.270645678,-0.996291578,0.105836727,0.139593184,-0.00232850853,0.984533906
24046264870356,48684,-0.670271993,0.268461913,-0.990772724,0.105114363,0.138494417,-0.0039425008,0.984761298
24046281527908,48700,-0.664513648,0.264889717,-0.984423339,0.103290729,0.137264058,-0.00504948059,0.985121369
24046298333117,48717,-0.657583237,0.25968346,-0.977027774,0.100428894,0.136016756,-0.0058196364,0.985585928
24046314865929,48734,-0.650078297,0.253225744,-0.968650818,0.0964946374,0.134966508,-0.00659775827,0.986118376
24046331541554,48750,-0.642298818,0.246111214,-0.960048556,0.0918433294,0.133311033,-0.00728527736,0.98678261
24046348198794,48766,-0.63403213,0.238275602,-0.950568855,0.0863698721,0.130389214,-0.00753776915,0.987664998
24046364860512,48783,-0.624800205,0.229391903,-0.939483464,0.0797600597,0.126359299,-0.00765575655,0.988743186
24046381528481,48800,-0.615019262,0.220087379,-0.927534521,0.0721255913,0.121784553,-0.00795482099,0.989900589
24046398365512,48816,-0.605726302,0.211258084,-0.915362,0.0642770007,0.116610944,-0.00786964688,0.99106431
24046414858325,48832,-0.596239805,0.20246017,-0.902597904,0.0563692413,0.11061658,-0.00684167258,0.992239773
24046431544367,48850,-0.585535765,0.192932948,-0.887642682,0.0473526865,0.103533901,-0.00443825731,0.993488193
24046448194575,48866,-0.575992346,0.184904486,-0.873977304,0.0392882116,0.0971673653,-0.000664953026,0.994492114
24046464871137,48882,-0.566432893,0.177298903,-0.860066712,0.0317115337,0.0908776894,0.00494252471,0.995344758
24046481616919,48900,-0.555890501,0.169449463,-0.844193757,0.024144914,0.083751224,0.0131267644,0.996107697
24046498199783,48916,-0.546697021,0.163330585,-0.829958797,0.0182619877,0.07720007,0.021530237,0.996615887
24046514898794,48932,-0.537744224,0.158116773,-0.815643191,0.0136291049,0.0706377104,0.0304656196,0.996943593
24046531528377,48948,-0.528862715,0.15372631,-0.801376164,0.0107416064,0.0642741621,0.0395135209,0.99709183
24046548226971,48966,-0.519239545,0.149963647,-0.785328865,0.00911219139,0.0574693196,0.0495289899,0.997076333
24046564864054,48982,-0.511168063,0.147707731,-0.771098614,0.0089628892,0.0519379787,0.0583435483,0.996904314
24046581543429,48998,-0.50340867,0.146455646,-0.757060528,0.0103482278,0.047522787,0.0672863647,0.996547639
24046598206294,49015,-0.495438784,0.146135151,-0.74241519,0.0137693379,0.0449157767,0.0766689703,0.995949209
24046614863169,49032,-0.487608254,0.146556646,-0.728055418,0.0188473631,0.0441369116,0.0857063532,0.995163977
24046631528898,49048,-0.480566382,0.1475178,-0.714866042,0.0246901084,0.0441742353,0.0939021558,0.994294465
24046648211346,49064,-0.473925442,0.149114296,-0.701933801,0.0308706835,0.0446091928,0.101207659,0.993385196
24046664870877,49082,-0.467145741,0.151753426,-0.687656522,0.0372746177,0.0452340096,0.10708423,0.992520809
24046681527491,49098,-0.462146223,0.154662177,-0.675222456,0.0431569293,0.045637235,0.110327087,0.99190861
24046698239731,49114,-0.457901567,0.157765269,-0.66308713,0.0502696335,0.0468418337,0.112161867,0.99131155
24046714864262,49131,-0.453816831,0.161239311,-0.650694788,0.058666084,0.0497221164,0.112780534,0.990639508
24046731541710,49148,-0.450349271,0.164856747,-0.638587058,0.0675644055,0.0538143367,0.112342648,0.989908159
24046748199991,49164,-0.447557867,0.168319255,-0.627531648,0.0762235001,0.0588984378,0.110145137,0.989236653
24046764857804,49180,-0.444974124,0.171931848,-0.616841078,0.0836504176,0.0650232509,0.105341628,0.988775909
24046781575200,49197,-0.442811459,0.175971568,-0.605553031,0.0899336264,0.0725239441,0.0971773416,0.988538742
24046798324314,49214,-0.441567004,0.180301026,-0.594404399,0.0952258036,0.0813105032,0.086354211,0.9883641
24046814891502,49230,-0.440915108,0.184488878,-0.584245086,0.099646233,0.0910788476,0.0750675127,0.987998068
24046831533377,49247,-0.440655202,0.188666135,-0.574112952,0.104458772,0.103633903,0.0634893253,0.98707521
24046848213221,49263,-0.440658152,0.192017913,-0.56537044,0.109806664,0.117693678,0.0547836348,0.985438704
24046864865043,49280,-0.440722197,0.194909915,-0.557212114,0.116522208,0.134915933,0.0489600301,0.982763052
24046881563741,49296,-0.441026419,0.197029904,-0.550764203,0.123177379,0.152746081,0.0469329096,0.979435205
24046898360356,49313,-0.44147715,0.198464066,-0.545187831,0.129783839,0.17277424,0.0474456884,0.975220084
24046914903585,49329,-0.442179322,0.198997214,-0.541150331,0.134643063,0.191399336,0.0493024662,0.970982373
24046931528012,49346,-0.443142802,0.198624432,-0.537912309,0.137523308,0.209316209,0.0519050434,0.966736734
24046948193585,49363,-0.44446528,0.197474524,-0.535808086,0.137437984,0.22452116,0.0542993806,0.963199258
24046964858585,49379,-0.446134359,0.19577983,-0.534934044,0.134561554,0.235935807,0.0561497472,0.960767806
24046981538845,49396,-0.448243201,0.19327189,-0.535149217,0.12901105,0.24484846,0.0578302331,0.959198177
24046998324991,49412,-0.450630188,0.190308422,-0.536486149,0.121869259,0.250721931,0.0594174378,0.958517611
24047014883481,49429,-0.453302383,0.186499432,-0.539018512,0.112925276,0.2549465,0.0614249296,0.958372116
24047031669366,49446,-0.456191599,0.182292297,-0.542834878,0.103223182,0.257406682,0.0641384721,0.9586308
24047048192179,49462,-0.459157348,0.178002506,-0.547606587,0.0940570161,0.258274943,0.067622602,0.959100902
24047064861606,49479,-0.462514788,0.173047066,-0.553822279,0.0845663399,0.257894903,0.0722809434,0.959747016
24047081527387,49495,-0.465879083,0.168040559,-0.560633779,0.0760228038,0.256473243,0.0773956701,0.960443616
24047098297595,49512,-0.469595701,0.162396669,-0.568696678,0.0676090568,0.253928304,0.0831754431,0.961265504
24047114901762,49529,-0.473563164,0.1567408,-0.577583909,0.0597842857,0.250056446,0.0889160335,0.962284565
24047131524939,49545,-0.477569342,0.151336819,-0.586700797,0.0528776124,0.244813949,0.0941269696,0.963540494
24047149919991,49563,-0.482445598,0.145161152,-0.597490251,0.0455604754,0.237011343,0.0996491686,0.965308249
24047164861397,49578,-0.48683542,0.139999539,-0.606637001,0.0396370813,0.229432821,0.103759125,0.966966212
24047181603793,49595,-0.492128015,0.134305209,-0.617195845,0.0331101753,0.220357254,0.107719287,0.968887508
24047198238429,49611,-0.497325927,0.129350722,-0.627397239,0.0277546179,0.211780757,0.110914618,0.970606327
24047214864991,49627,-0.502683818,0.124636307,-0.637928486,0.0240562111,0.202696294,0.114698589,0.972203612
24047231539262,49645,-0.508983552,0.119458191,-0.65012598,0.0231999997,0.191372737,0.120852821,0.973772466
24047248190929,49661,-0.514824629,0.114824504,-0.661260307,0.0250835903,0.181322828,0.127643779,0.97478199
24047264865356,49677,-0.520689785,0.110352568,-0.672673583,0.0279526804,0.172434196,0.134632871,0.975376427
24047281611085,49693,-0.526520491,0.106363468,-0.684379399,0.0313936807,0.164563596,0.141884267,0.975603461
24047298199470,49711,-0.533220649,0.102360971,-0.697968602,0.0367133543,0.155490786,0.152209088,0.975349844
24047314866814,49727,-0.539304137,0.0990951583,-0.710412323,0.0419681296,0.147109225,0.163840875,0.974553108
24047331531658,49743,-0.545513272,0.0960396156,-0.723080516,0.0458025336,0.13972275,0.17632626,0.973287642
24047348219106,49760,-0.552148998,0.0932114348,-0.736657917,0.0475547351,0.133781299,0.188692167,0.971718311
24047364861397,49777,-0.558933198,0.0910457745,-0.750271559,0.0478049517,0.128855065,0.199644357,0.970182121
24047381560460,49793,-0.565603375,0.0897048861,-0.763071537,0.0478109568,0.123353705,0.21022442,0.968660831
24047398197804,49810,-0.572908342,0.0888104737,-0.776767373,0.0491286553,0.115724161,0.224603817,0.96630615
24047414883377,49826,-0.580131173,0.0880700424,-0.789934456,0.0523878038,0.107290737,0.243384644,0.962552965
24047431548845,49843,-0.587935984,0.0873501897,-0.804293871,0.0573367551,0.0982226357,0.268438071,0.95655942
24047448193272,49859,-0.595363855,0.0869480073,-0.818018079,0.0629272163,0.0892915577,0.296632618,0.948723555
24047464868845,49876,-0.603519976,0.0867680013,-0.83267194,0.0702456981,0.0783132687,0.332747936,0.937129378
24047481532127,49893,-0.611925185,0.0867962614,-0.847322702,0.077918008,0.0657335445,0.375416666,0.921232998
24047498400356,49909,-0.620247304,0.0869660228,-0.860906124,0.082979843,0.0531769097,0.419636279,0.902325869
24047514867335,49926,-0.629582047,0.0871971697,-0.875010967,0.0849406943,0.0400894471,0.467972994,0.878737271
24047531530564,49942,-0.638925493,0.087248534,-0.887989223,0.0846391842,0.0284045469,0.512541533,0.854008496
24047548198168,49959,-0.64938736,0.0870394558,-0.901598632,0.0837577134,0.016549265,0.557290733,0.825916409
24047564862439,49976,-0.660157442,0.0865752548,-0.915105283,0.0834490284,0.00606583711,0.597613215,0.797407091
24047581532804,49992,-0.670448244,0.0858897865,-0.927708745,0.0836175382,-0.00209657266,0.630575716,0.771607459
24047598221137,50008,-0.680792749,0.0850520357,-0.940088689,0.0839551538,-0.00905392598,0.658957243,0.747425675
24047614873376,50024,-0.691136539,0.0841521025,-0.95207715,0.0851221308,-0.0142597482,0.68307507,0.725230575
24047631529679,50042,-0.702432394,0.0831038505,-0.965132058,0.0882036686,-0.0169793796,0.704022706,0.704474211
24047648194418,50058,-0.712254047,0.0820384622,-0.976414204,0.0921355113,-0.0175980199,0.716729343,0.691014111
24047664862751,50074,-0.721953213,0.0808608308,-0.9874264,0.0964144543,-0.0172591191,0.724689186,0.682079256
24047681527543,50091,-0.732204139,0.0796125606,-0.99879396,0.100110345,-0.0164797828,0.730061114,0.675808549
24047698208793,50108,-0.742692173,0.078413479,-1.00960255,0.101228334,-0.0162266064,0.735230029,0.670019686
24047714865929,50124,-0.752502799,0.0777202547,-1.01915789,0.0997388661,-0.0151041327,0.7411924,0.663670063
24047731530824,50141,-0.762717247,0.0777767003,-1.02877903,0.0961035341,-0.0127245188,0.748729169,0.655749083
24047748252751,50157,-0.772070587,0.0786501318,-1.03736031,0.0919065624,-0.0105435243,0.75738287,0.646384776
24047764863064,50174,-0.781785309,0.0805078745,-1.04591358,0.0874851868,-0.00873959996,0.768040597,0.634337187
24047781579835,50191,-0.791356325,0.0831136703,-1.05401301,0.0827773362,-0.00841064751,0.77943176,0.620937526
24047798196970,50207,-0.800182104,0.0860591829,-1.06135535,0.0778868869,-0.00989162084,0.790183902,0.607820034
24047814864626,50224,-0.809495747,0.0895620584,-1.06870759,0.073300153,-0.0118122017,0.800393581,0.594859421
24047831562178,50240,-0.817755401,0.093159616,-1.07544351,0.0707302392,-0.013613089,0.807282865,0.585752845
24047848198168,50257,-0.826066911,0.0970385671,-1.0824542,0.0703069568,-0.0162628517,0.811274707,0.580194712
24047864882126,50274,-0.833768964,0.101089008,-1.08926928,0.0716595575,-0.0183021557,0.811896086,0.579098284
24047881534678,50290,-0.840019405,0.105368569,-1.09546876,0.0745501965,-0.0174532086,0.807942927,0.584265351
24047898201137,50307,-0.845755994,0.110099882,-1.10180736,0.0798671171,-0.0145337814,0.797029376,0.598459899
24047914894678,50323,-0.850067914,0.114419028,-1.1077702,0.0882454813,-0.010422904,0.778589725,0.621210337
24047931529626,50340,-0.853983879,0.118329473,-1.11415863,0.100638524,-0.00528986007,0.747907102,0.656108975
24047948194835,50356,-0.857308805,0.121075094,-1.12008381,0.113094203,-0.00249453518,0.707588971,0.697510839
24047964860303,50373,-0.86089468,0.122759089,-1.12616146,0.1243205,-0.00288745388,0.652801692,0.747252345
24047981712491,50390,-0.864992976,0.123365998,-1.13207865,0.132598922,-0.00522977812,0.586048186,0.799335837
24047998441449,50406,-0.869379461,0.12309929,-1.13771248,0.136766091,-0.0093494812,0.513865054,0.846847355
24048014862491,50422,-0.874605,0.122401923,-1.14321804,0.136386096,-0.0150626767,0.4364402,0.889208615
24048031531241,50439,-0.880320072,0.121649921,-1.14899731,0.130656034,-0.0204489734,0.352686912,0.926349223
24048048195199,50456,-0.885847092,0.121024862,-1.15467823,0.119520031,-0.0239980016,0.272623479,0.954366565
24048064868949,50472,-0.890736699,0.120570607,-1.16001141,0.106012806,-0.0258416962,0.204962403,0.972668469
24048081629210,50489,-0.895507276,0.120043606,-1.16581213,0.0911416188,-0.0267603043,0.144306287,0.984963357
24048098401553,50505,-0.899550259,0.119646944,-1.1712985,0.0782217905,-0.027212698,0.099363476,0.991598606
24048114863689,50522,-0.902967751,0.119277656,-1.1771946,0.0666173995,-0.0279743541,0.0649342388,0.995270431
24048131594053,50539,-0.905587316,0.11870005,-1.18312955,0.0584797338,-0.0305057578,0.0439103171,0.996855795
24048148202908,50555,-0.907385111,0.117861331,-1.1889261,0.0539612807,-0.0359796248,0.0354317687,0.997265458
24048164929470,50572,-0.908658683,0.116657406,-1.19510865,0.0509041585,-0.0454080328,0.0358764194,0.99702549
24048181581033,50588,-0.909627438,0.11537458,-1.20079255,0.0486273468,-0.0565936901,0.0416897684,0.996340632
24048198222230,50605,-0.910654247,0.114127845,-1.20680249,0.045841381,-0.0691439882,0.0492016971,0.995337605
24048214883220,50621,-0.911853135,0.113203906,-1.21212232,0.0424337834,-0.0808091387,0.05389091,0.994366705
24048231531970,50637,-0.913444579,0.112361357,-1.21726573,0.0379911885,-0.0925267339,0.0548434034,0.993472576
24048248311814,50654,-0.915695965,0.111655846,-1.22270358,0.0320235118,-0.104116336,0.0509179831,0.992744505
24048264884887,50671,-0.918503761,0.111534357,-1.22785664,0.025864888,-0.112673737,0.0409669764,0.992450237
24048281526553,50687,-0.921480179,0.111957118,-1.232481,0.0217957702,-0.117597274,0.0268730894,0.992458403
24048298260355,50704,-0.925112069,0.112785183,-1.2374388,0.021111507,-0.12110731,0.010184709,0.992362618
24048314967439,50721,-0.929036796,0.113924161,-1.24250293,0.0248513389,-0.123264737,-0.00541457394,0.992047846
24048331533428,50737,-0.93284744,0.115354002,-1.24729967,0.0325325839,-0.123683684,-0.0174712557,0.991634369
24048348227751,50754,-0.936969459,0.117275447,-1.25241947,0.0443300419,-0.122595794,-0.0256413426,0.991134524
24048364860928,50770,-0.940836072,0.119325489,-1.25732005,0.0578135252,-0.120805129,-0.0282348339,0.990588963
24048381564835,50787,-0.944981337,0.121645913,-1.26273799,0.0736038908,-0.119549058,-0.0260597356,0.989753246
24048398207282,50803,-0.949112594,0.123990789,-1.26812124,0.0880342126,-0.120263487,-0.0206302982,0.988615751
24048414861449,50820,-0.95397079,0.126754686,-1.27407539,0.100757554,-0.122695148,-0.0124066696,0.987238526
24048431538116,50836,-0.959119678,0.129708469,-1.27987313,0.108897991,-0.125253066,-0.00200311793,0.98612833
24048448193741,50853,-0.965026319,0.133333296,-1.28608668,0.113179371,-0.126717329,0.014304243,0.985357106
24048464862803,50870,-0.971015632,0.137421861,-1.29233623,0.113239586,-0.125777796,0.0399971604,0.98476243
24048481583532,50886,-0.976537585,0.141562894,-1.29837561,0.109662034,-0.122795381,0.0765824541,0.983377159
24048498443689,50903,-0.982223868,0.146183252,-1.30479598,0.102668524,-0.11772684,0.131156474,0.978977859
24048514868480,50920,-0.987627387,0.151117042,-1.3110944,0.0927243531,-0.110525399,0.201400682,0.968826175
24048531530303,50936,-0.992757201,0.156139955,-1.31664658,0.0805195868,-0.103140831,0.279599518,0.951158583
24048548276970,50953,-0.998712301,0.16180031,-1.32233369,0.0649585128,-0.0977784693,0.371022612,0.921174288
24048564863741,50969,-1.00535643,0.166975319,-1.32788122,0.049394682,-0.0977044851,0.459538817,0.881384254
24048581530928,50986,-1.01409209,0.171616942,-1.33400357,0.0332602412,-0.103889473,0.551133335,0.827256203
24048598354887,51002,-1.02403152,0.174679607,-1.33982396,0.0185886249,-0.114310198,0.63146019,0.766710997
24048614861449,51019,-1.03621364,0.176129192,-1.34593117,0.00312272669,-0.128949568,0.708174646,0.694154859
24048631530616,51035,-1.04894018,0.175502717,-1.35168254,-0.0111652212,-0.146169066,0.771306753,0.619351208
24048648195928,51052,-1.06329572,0.172667921,-1.35758162,-0.0249832626,-0.166330859,0.82840848,0.534274638
24048664859834,51068,-1.07748699,0.168257535,-1.36301315,-0.0361283273,-0.184196815,0.872543395,0.45103687
24048681532959,51084,-1.09218454,0.162359491,-1.3684808,-0.0453520082,-0.199452668,0.907668769,0.366468608
24048699141553,51103,-1.10956788,0.153733462,-1.37500966,-0.0522771254,-0.213601187,0.938165545,0.26737076
24048714863116,51118,-1.12285137,0.146055609,-1.38031852,-0.0534565374,-0.220747843,0.954437196,0.193552583
24048731524678,51134,-1.13659632,0.137429878,-1.38603187,-0.0513251275,-0.223158136,0.965703666,0.122403331
24048748200043,51151,-1.15066409,0.127960443,-1.39215636,-0.0467581265,-0.219650671,0.972658873,0.0591783263
24048764885928,51168,-1.16389072,0.118444085,-1.39831316,-0.0400307849,-0.210855767,0.976627111,0.0116988523
24048781546866,51184,-1.17563105,0.109927073,-1.40400743,-0.0315655805,-0.19839336,0.979463458,-0.017176114
24048798198897,51200,-1.18683851,0.102250278,-1.40958869,-0.0214712396,-0.182784334,0.982437193,-0.0307579674
24048814864209,51218,-1.19885266,0.0948220789,-1.41553175,-0.00915676542,-0.162960976,0.986182868,-0.0283439681
24048831530980,51234,-1.20916235,0.089508906,-1.42048311,0.00267778523,-0.144504905,0.989427209,-0.0120460428
24048848228689,51250,-1.21920311,0.0854925811,-1.42524338,0.0157787912,-0.126654059,0.991722345,0.0140215401
24048864927178,51268,-1.23026049,0.0827580541,-1.43052006,0.0312571377,-0.108213969,0.992303252,0.0514494926
24048881534834,51284,-1.24005449,0.0819532275,-1.43519843,0.044680696,-0.0940870047,0.990432262,0.0905278996
24048898203584,51300,-1.24986327,0.0825629234,-1.43998337,0.0580721162,-0.0817192942,0.9858163,0.134595305
24048914861918,51316,-1.25953054,0.0844904631,-1.44526255,0.0720551908,-0.0698543191,0.977900684,0.183408573
24048931681970,51334,-1.27037871,0.0879939049,-1.45200133,0.0874269307,-0.0562094711,0.964219749,0.243879795
24048948195459,51350,-1.27977014,0.0920154974,-1.45853186,0.0989847109,-0.0428602993,0.946982205,0.302637935
24048964861657,51366,-1.28903699,0.0968207046,-1.46550047,0.107937776,-0.0271223579,0.923867643,0.36617285
24048981689261,51384,-1.2992605,0.102994815,-1.47408986,0.115963377,-0.0063632424,0.888800919,0.443333983
24048998199886,51400,-1.30827546,0.108300254,-1.48238361,0.121809199,0.0132550495,0.847744405,0.516058505
24049014893845,51416,-1.31772125,0.113096498,-1.49098229,0.125265956,0.0323803723,0.796355247,0.590828538
24049031535043,51432,-1.32766354,0.117343634,-1.49976349,0.124720864,0.0509297773,0.734675705,0.664907932
24049048193011,51450,-1.33966815,0.121740147,-1.50996268,0.119235843,0.0730343685,0.652832508,0.744485438
24049064863636,51466,-1.35098541,0.125313774,-1.51942575,0.111248836,0.0939414799,0.569305003,0.809129536
24049081526553,51482,-1.36308169,0.128488854,-1.52923143,0.101285517,0.115099348,0.476837039,0.865517199
24049098415668,51499,-1.37671673,0.131825805,-1.53988349,0.0881344825,0.136835441,0.370732218,0.914366484
24049114868688,51516,-1.39050949,0.134729236,-1.55035925,0.0721415356,0.156686395,0.259714723,0.950154364
24049131525303,51532,-1.40377045,0.136901274,-1.55971622,0.0550562516,0.172758177,0.154348701,0.971236289
24049148194886,51548,-1.41699326,0.138981909,-1.56893671,0.0363196284,0.184530452,0.0521200337,0.980771601
24049164860459,51565,-1.43079102,0.140979603,-1.57859135,0.0159113295,0.190780908,-0.048450619,0.980307102
24049181530355,51582,-1.44397533,0.143299356,-1.58760536,-0.00388166588,0.190591097,-0.137821391,0.971938968
24049198295043,51598,-1.45550609,0.145797193,-1.5957725,-0.0217127632,0.184140012,-0.209492058,0.960069895
24049214865668,51615,-1.46711469,0.148527637,-1.60410488,-0.0388771445,0.170461342,-0.271135598,0.946528971
24049231614730,51631,-1.47741818,0.151043862,-1.61129248,-0.0533820093,0.151969805,-0.316690683,0.934752762
24049248193168,51648,-1.48757792,0.153870106,-1.61775208,-0.0683636218,0.128414169,-0.354627013,0.923621118
24049264871709,51664,-1.49643624,0.15658243,-1.62321293,-0.0825350657,0.103967369,-0.383621663,0.913900018
24049281704418,51681,-1.50513184,0.159330457,-1.62870133,-0.0981869698,0.0767203346,-0.410545856,0.903285921
24049298293063,51698,-1.51309323,0.162087291,-1.63332617,-0.115777843,0.0494953208,-0.435988188,0.891100526
24049314880407,51714,-1.51999772,0.16484493,-1.63689089,-0.135090545,0.0250623021,-0.460170865,0.877134681
24049331529834,51731,-1.52652979,0.167980909,-1.64034355,-0.15780431,0.00154051674,-0.486806631,0.859136105
24049348207595,51747,-1.53202844,0.170714319,-1.64295185,-0.179755658,-0.017074408,-0.511993229,0.839797199
24049364859053,51764,-1.5375725,0.173121959,-1.64486194,-0.202044308,-0.0328561105,-0.537517309,0.818030477
24049381549157,51780,-1.54247534,0.174477041,-1.64643502,-0.220462188,-0.0452063531,-0.55910188,0.797971249
24049398553949,51798,-1.54774737,0.174618095,-1.64805841,-0.237065002,-0.0575427748,-0.579388916,0.777687311
24049414862855,51813,-1.55205774,0.173778698,-1.6492219,-0.247743681,-0.066707544,-0.592408597,0.763691902
24049431527178,51830,-1.55673969,0.17190218,-1.65006649,-0.256942272,-0.0763179958,-0.602898538,0.751445055
24049448197282,51847,-1.56107235,0.169676065,-1.65157604,-0.264004827,-0.0864901468,-0.608962417,0.742957413
24049464859209,51863,-1.56494558,0.167251468,-1.65302575,-0.269743919,-0.0968538895,-0.611176789,0.737780809
24049481643897,51880,-1.56874979,0.164354399,-1.65420759,-0.275979489,-0.107654773,-0.610848844,0.73424077
24049498315303,51896,-1.57159603,0.161533266,-1.65597522,-0.282504231,-0.116668507,-0.608468652,0.73235625
24049514871292,51913,-1.57395577,0.15830496,-1.65768647,-0.28990677,-0.124053515,-0.603182256,0.732622743
24049531525407,51929,-1.57514846,0.15552941,-1.66063929,-0.297402471,-0.127988711,-0.594367445,0.736137271
24049548197803,51946,-1.5760169,0.152295679,-1.66440606,-0.304364741,-0.128033713,-0.58039695,0.744385004
24049564883897,51963,-1.57632732,0.148667842,-1.66888535,-0.308294117,-0.123832658,-0.562095523,0.757409334
24049581557230,51979,-1.57606995,0.145489573,-1.67488492,-0.309185624,-0.117354959,-0.540616751,0.773541033
24049598316344,51995,-1.576105,0.142320722,-1.6814512,-0.306984425,-0.109234788,-0.514032781,0.793472528
24049614876917,52012,-1.57620466,0.138894409,-1.68994689,-0.300967097,-0.0980217457,-0.4792974,0.818587005
24049631531657,52029,-1.57622182,0.135727301,-1.69876266,-0.290574133,-0.0843947828,-0.439488739,0.845750451
24049648199469,52045,-1.5756743,0.133245051,-1.70799863,-0.278396755,-0.0708734244,-0.398410916,0.871057451
24049664860876,52062,-1.5754391,0.131558031,-1.71849799,-0.263816327,-0.0574246421,-0.351422995,0.896440387
24049681527074,52079,-1.57566845,0.130497098,-1.72870946,-0.246448383,-0.0452939235,-0.304374009,0.919003844
24049698257022,52095,-1.57611775,0.130604804,-1.73882079,-0.229260981,-0.0357100666,-0.263068408,0.936461031
24049714862490,52112,-1.5774473,0.131886274,-1.7489922,-0.211372942,-0.0282671079,-0.222324267,0.951364517
24049731530876,52128,-1.57956314,0.133915216,-1.75826836,-0.194461122,-0.0231918506,-0.185309917,0.962967932
24049748200303,52144,-1.58211982,0.136891559,-1.76747096,-0.177284807,-0.0186243635,-0.148709014,0.972681284
24049764860459,52161,-1.58459556,0.141100913,-1.7772398,-0.158788487,-0.0131470989,-0.110433899,0.981028974
24049782024313,52178,-1.58722162,0.146349058,-1.78640461,-0.137868226,-0.00701717613,-0.0727426261,0.987750888
24049798205094,52194,-1.59020483,0.151815459,-1.7939595,-0.115375414,-0.00137730152,-0.0375524051,0.992610991
24049814878740,52211,-1.59345329,0.15786913,-1.80128253,-0.0893427879,0.00412644213,0.00053593464,0.995992243
24049831529313,52228,-1.59701371,0.163839117,-1.8070879,-0.0616376847,0.0100278407,0.0390608683,0.997283578
24049848193428,52244,-1.60056126,0.168696508,-1.8118391,-0.0362544023,0.0154644437,0.0750949606,0.996397197
24049864868532,52260,-1.60436976,0.173185453,-1.81592286,-0.0130308382,0.0196762979,0.110631287,0.993581295
24049881617907,52278,-1.60902357,0.17727688,-1.81948984,0.0107082408,0.0239136294,0.148148417,0.988618016
24049898226449,52294,-1.61328828,0.179785639,-1.8224262,0.0280039981,0.0278769657,0.176668748,0.983476937
24049914859730,52310,-1.61785734,0.181433514,-1.82476151,0.0412977524,0.0314732678,0.197490439,0.978928745
24049931531032,52326,-1.62270439,0.181393594,-1.82834375,0.0518633612,0.0333775096,0.209140316,0.975938797
24049948428636,52344,-1.62887359,0.179631531,-1.83248556,0.0621444695,0.0332090519,0.211138666,0.97491318
24049964861136,52360,-1.63495898,0.17653051,-1.83559394,0.0695083588,0.0321549699,0.203548551,0.976064861
24049981547282,52376,-1.64143217,0.171713829,-1.83911014,0.0753943771,0.0313633829,0.189374551,0.978503644
24049998204209,52393,-1.64872205,0.164955705,-1.84311664,0.0809873641,0.0312866457,0.17032896,0.981555045
24050014864001,52410,-1.65623486,0.156495899,-1.84827447,0.0857215449,0.0323879384,0.150374785,0.984373033
24050032373271,52427,-1.6633364,0.146463737,-1.85311806,0.0891547948,0.0346476436,0.131645784,0.986671388
24050048195876,52443,-1.66935968,0.135717109,-1.85766494,0.0907198936,0.0376535319,0.115868084,0.988396108
24050064899938,52460,-1.67551005,0.123247825,-1.86232352,0.0901817977,0.0412592217,0.101508558,0.98987931
24050081546448,52476,-1.68112564,0.110910833,-1.86571789,0.0874559656,0.0442327522,0.0903681144,0.991074443
24050098201865,52492,-1.68650532,0.0981989577,-1.86879146,0.0824469924,0.0461771339,0.081649445,0.992171168
24050115086605,52509,-1.69200909,0.0844559595,-1.87106597,0.0747850612,0.0466852933,0.0754000768,0.993248522
24050131558636,52526,-1.69669735,0.070766747,-1.87247741,0.0655099079,0.0453403965,0.0721615776,0.994205952
24050148202646,52542,-1.7006011,0.0577967204,-1.87326634,0.0558272302,0.0416343957,0.0725390911,0.994931221
24050165061396,52559,-1.70457327,0.043794021,-1.8737874,0.0448267311,0.0348528102,0.0773170218,0.995388389
24050181532959,52575,-1.70784044,0.0305250362,-1.87406087,0.0341120139,0.0270511862,0.0849691331,0.995432019
24050198272178,52591,-1.71088493,0.0173546523,-1.87387192,0.0232947581,0.0188223645,0.0947513804,0.995050371
24050214864000,52609,-1.71411264,0.00284051523,-1.87386358,0.0108223166,0.00964535959,0.107787073,0.994068325
24050231536188,52625,-1.71674001,-0.00962537155,-1.87336349,-0.000723633682,0.00248298841,0.120729499,0.992682159
24050248194261,52641,-1.71930397,-0.0214377176,-1.87293053,-0.0127486028,-0.00262545957,0.133629799,0.990945876
24050264864157,52658,-1.72165728,-0.0334488079,-1.87246442,-0.0262419768,-0.00542203058,0.146339357,0.988871515
24050281658011,52675,-1.72355473,-0.044807598,-1.87140048,-0.040519882,-0.00615904573,0.157458648,0.986674786
24050298365980,52691,-1.72544479,-0.0546149239,-1.87058353,-0.0547177792,-0.00572272483,0.166182518,0.984559119
24050314874573,52707,-1.72760487,-0.0635251179,-1.86950994,-0.0691418648,-0.00445849122,0.17349951,0.982393742
24050331527594,52725,-1.73044097,-0.0724771768,-1.86842811,-0.0849374533,-0.00162649318,0.180397958,0.979918182
24050348201188,52741,-1.73317921,-0.0797829404,-1.86777282,-0.0980056748,0.00169751688,0.186257169,0.977599263
24050364862178,52757,-1.73611891,-0.0865272433,-1.86757171,-0.109631836,0.00556852622,0.192393482,0.975158811
24050381710459,52774,-1.7395916,-0.0929350033,-1.86787236,-0.120368488,0.0103206355,0.199239373,0.972475529
24050398206709,52791,-1.74336994,-0.0983286798,-1.86838996,-0.129254907,0.0153346099,0.206042886,0.96984762
24050414882230,52807,-1.7473315,-0.102466963,-1.86942005,-0.135752693,0.0202215444,0.212281272,0.967522085
24050431566865,52824,-1.75199556,-0.105824828,-1.87097704,-0.140624613,0.0256876573,0.218724698,0.965258777
24050448242438,52840,-1.75676739,-0.107930511,-1.87330759,-0.143353358,0.0312595479,0.224161386,0.963443995
24050464947646,52857,-1.76230097,-0.10895218,-1.87649345,-0.144356087,0.0376969054,0.228936806,0.961939871
24050481528219,52874,-1.76837063,-0.10847564,-1.87996364,-0.143843606,0.0441318937,0.232593581,0.96086508
24050498352698,52890,-1.7746073,-0.106446922,-1.8838259,-0.142386392,0.0496692024,0.234606743,0.960322261
24050514860198,52906,-1.78150535,-0.102741227,-1.88823736,-0.140086576,0.054173775,0.234884962,0.960348964
24050531533896,52923,-1.78991461,-0.0968182385,-1.89383602,-0.136670411,0.0572500415,0.233230069,0.961065769
24050548201552,52940,-1.79920816,-0.0885981619,-1.90003669,-0.131939143,0.0585084185,0.229366317,0.962579846
24050564860563,52956,-1.80864632,-0.0786737651,-1.90621257,-0.125644818,0.0580428652,0.224076048,0.964693964
24050581597125,52972,-1.81889367,-0.0667276606,-1.91288638,-0.117001213,0.0559103861,0.217967987,0.967302859
24050598441500,52989,-1.8306247,-0.0518866293,-1.92036462,-0.105224878,0.0521584339,0.210953668,0.970415294
24050614865250,53006,-1.84329689,-0.0348940417,-1.92829013,-0.0906178802,0.0479559451,0.203546837,0.973682344
24050631554365,53022,-1.85596311,-0.0169044547,-1.93583739,-0.0741482675,0.0445465893,0.19662343,0.97665602
24050648200875,53039,-1.86998701,0.00403942913,-1.94374216,-0.0539776273,0.0420109965,0.189911619,0.979415715
24050664915146,53055,-1.88375151,0.0254514944,-1.95105183,-0.0326992385,0.0408865809,0.184085205,0.98151499
24050681530823,53072,-1.89900434,0.0499961972,-1.95840573,-0.00822086446,0.0410597101,0.177956432,0.983147085
24050698197177,53089,-1.91466069,0.0759834796,-1.96527219,0.0171908159,0.0424548052,0.171466738,0.98412466
24050714983948,53105,-1.92960203,0.101455815,-1.97114241,0.041383367,0.0446136296,0.164647251,0.984473646
24050731528532,53121,-1.9448173,0.127586842,-1.9764123,0.06525857,0.047304742,0.156761453,0.984342158
24050748239052,53139,-1.96186137,0.157787636,-1.98143649,0.0909874886,0.0508901291,0.14592281,0.983787656
24050765017229,53155,-1.97683406,0.18501924,-1.9847815,0.112388879,0.0546089187,0.134148344,0.983051836
24050781535927,53171,-1.99155366,0.212431669,-1.98729396,0.132074192,0.0588081367,0.120548807,0.982123196
24050798208323,53187,-2.00582266,0.239919648,-1.98904383,0.150284067,0.0632473081,0.10554368,0.980956256
24050814863115,53205,-2.02150416,0.270439804,-1.99006414,0.169974178,0.0680279881,0.087628983,0.979184449
24050831530198,53221,-2.03501439,0.297007442,-1.99035478,0.18801035,0.0720984265,0.0713914186,0.976912081
24050848195094,53237,-2.04854989,0.322633684,-1.99003875,0.206382617,0.0762154832,0.0558214895,0.973900139
24050864869156,53254,-2.06278563,0.348567456,-1.98938596,0.225602433,0.0813357309,0.040958453,0.969953895
24050881688584,53271,-2.07655191,0.373024255,-1.98853314,0.24391681,0.0887082368,0.027887933,0.965327799
24050898364469,53287,-2.08910656,0.394732386,-1.98727429,0.259263426,0.0975978076,0.0173809435,0.960705519
24050914865198,53304,-2.10202551,0.416377008,-1.98556554,0.273462832,0.107618012,0.00857261661,0.955804884
24050931615406,53321,-2.11501193,0.43626824,-1.98358619,0.284896493,0.117851533,0.00225747121,0.951283336
24050948200615,53337,-2.12738276,0.453395098,-1.98149407,0.292401463,0.128106266,-0.00117090496,0.947675526
24050964898479,53353,-2.14006138,0.468724102,-1.9791925,0.297066629,0.140222415,-0.00246759085,0.944501519
24050981544834,53370,-2.15351081,0.48298189,-1.97661662,0.299331546,0.155855119,-0.00272767921,0.941330135
24050998202906,53387,-2.16671586,0.495332688,-1.97397101,0.29901737,0.17222552,-0.00316648558,0.938571811
24051014863531,53403,-2.17930961,0.505060196,-1.97136104,0.297091305,0.185944498,-0.00387876946,0.936560988
24051031527281,53420,-2.19278646,0.513367772,-1.96861911,0.293951064,0.198663697,-0.0048854351,0.93493408
24051048222333,53436,-2.20567179,0.519066513,-1.96610808,0.290149182,0.209652394,-0.00627265731,0.933713019
24051064971500,53452,-2.21875477,0.522638559,-1.96370077,0.286337256,0.219587326,-0.00833582226,0.932589352
24051081554886,53470,-2.23366618,0.524030149,-1.96116316,0.283275694,0.228827462,-0.0119725065,0.931262374
24051098200563,53486,-2.24704957,0.522896945,-1.95896733,0.281547576,0.234550893,-0.0159041956,0.930303097
24051114862906,53502,-2.26027179,0.519622624,-1.95681286,0.27993077,0.238668516,-0.019961508,0.929665387
24051131716344,53519,-2.27418566,0.513538837,-1.95448446,0.277704298,0.242596328,-0.0239252709,0.929222763
24051148199365,53536,-2.2876358,0.504974604,-1.95217526,0.274825573,0.246747822,-0.0271896794,0.928895652
24051164861708,53552,-2.30005598,0.494673401,-1.95002997,0.271606714,0.25104478,-0.0295348857,0.928619444
24051181690979,53569,-2.31286168,0.481572509,-1.94780087,0.267187446,0.256359369,-0.0316322371,0.92838043
24051198269417,53586,-2.32506967,0.46650067,-1.94565094,0.260763943,0.262899816,-0.0340230018,0.928293288
24051214904573,53601,-2.335567,0.451454908,-1.94376743,0.253227413,0.269378036,-0.0369239971,0.928411543
24051231526500,53617,-2.34637785,0.433789194,-1.94182014,0.243477687,0.276052266,-0.0408904962,0.928892732
24051248197906,53635,-2.35838461,0.411949098,-1.93962359,0.230932087,0.282929927,-0.0462615937,0.929774702
24051264866240,53651,-2.36868834,0.391012639,-1.93775487,0.218943164,0.28897205,-0.0515022166,0.930541098
24051281524833,53669,-2.37963295,0.366099447,-1.9357841,0.204493672,0.295922577,-0.0567998141,0.931335628
24051298225510,53685,-2.38884616,0.342792213,-1.93401074,0.190811113,0.302023679,-0.0599574782,0.932082653
24051314865823,53701,-2.39739633,0.318613082,-1.93231165,0.176192164,0.307965398,-0.0606037192,0.932974219
24051331527698,53718,-2.40577626,0.292218208,-1.93056047,0.159701988,0.314520031,-0.0577147827,0.933938742
24051348236656,53734,-2.41281438,0.266829371,-1.92883575,0.143446252,0.321397394,-0.0522213094,0.93455863
24051364857802,53751,-2.41941118,0.239644721,-1.92658913,0.125025854,0.329067558,-0.0446051843,0.934929669
24051388148427,53774,-2.42691326,0.203226343,-1.92308116,0.0988609567,0.338659257,-0.0330797806,0.935116172
24051398274000,53784,-2.42966914,0.18764399,-1.92144573,0.087419562,0.342053026,-0.027948292,0.935187936
24051414906604,53801,-2.43386841,0.16165106,-1.91849542,0.0683777705,0.345722973,-0.0185599308,0.935657918
24051431529260,53817,-2.43741655,0.137774467,-1.91573286,0.0516245253,0.346902102,-0.00787462201,0.936446428
24051448195042,53834,-2.44086623,0.11314702,-1.91285038,0.0355799124,0.347625226,0.00623073708,0.93693763
24051464830667,53850,-2.44331884,0.0911248401,-1.91020393,0.0208783895,0.349395812,0.0228899606,0.936462879
24051481546344,53866,-2.44493055,0.0705592334,-1.90758002,0.00548635982,0.352856368,0.043395225,0.934654593
24051498218531,53884,-2.44616437,0.0494450442,-1.90477765,-0.0124140698,0.35939002,0.0705239549,0.930436015
24051514947854,53900,-2.44679976,0.0329721384,-1.90274513,-0.0299152751,0.367949426,0.0973046944,0.924256504
24051531523167,53916,-2.44751096,0.0189269893,-1.9010303,-0.0492421202,0.378698409,0.125414431,0.915660441
24051548204469,53933,-2.44876552,0.00668426603,-1.89975154,-0.0687251613,0.391297191,0.153471574,0.904770553
24051564862750,53950,-2.45105481,-0.00299452245,-1.89904833,-0.0845292881,0.4035559,0.175959781,0.893887997
24051581577594,53966,-2.45438552,-0.00999264792,-1.89837265,-0.0967292041,0.413457096,0.190954894,0.885004461
24051598225771,53982,-2.45884299,-0.0151105635,-1.89744937,-0.105786294,0.421696126,0.199932843,0.878070951
24051614865719,53999,-2.4648912,-0.0185988769,-1.89627934,-0.111827321,0.430159569,0.204677254,0.872103572
24051631540771,54016,-2.47174287,-0.0200114734,-1.89497483,-0.115863211,0.440493256,0.206575066,0.865949392
24051648201969,54033,-2.47949266,-0.0193869323,-1.89333367,-0.118900508,0.454249829,0.207333565,0.858214796
24051664863010,54049,-2.48744726,-0.017221041,-1.89171624,-0.120704278,0.470845938,0.208074674,0.848787129
24051681547490,54065,-2.49588871,-0.0136124901,-1.8901602,-0.122138128,0.490734488,0.209103614,0.836981356
24051698211864,54082,-2.5057714,-0.00818586349,-1.88795829,-0.123282224,0.513833106,0.210060611,0.822588384
24051714869521,54099,-2.51626182,-0.00149349868,-1.88522089,-0.122397594,0.536790311,0.21030201,0.807866395
24051731526656,54115,-2.52681994,0.0054660067,-1.88179743,-0.119295754,0.55746305,0.210185617,0.794245243
24051748208271,54132,-2.53832603,0.0136351921,-1.87735736,-0.115628287,0.579047024,0.208794355,0.7795766
24051764883896,54149,-2.55002904,0.022484079,-1.87211215,-0.11152254,0.600714266,0.20651181,0.764236927
24051781552698,54165,-2.56114602,0.0312657319,-1.86650383,-0.106755942,0.621401846,0.203704238,0.748977721
24051798205614,54181,-2.57198358,0.0403158329,-1.86053205,-0.101248868,0.642136097,0.200980023,0.732814431
24051814863219,54198,-2.58322787,0.0502906255,-1.85368907,-0.0956461206,0.664041281,0.198132187,0.714594126
24051831526031,54215,-2.59396982,0.0605903901,-1.84627616,-0.0900741741,0.685072958,0.195062459,0.6960693
24051848196812,54231,-2.60359645,0.0701403841,-1.83849704,-0.0841310248,0.70317024,0.192602843,0.679248035
24051864865042,54247,-2.61256695,0.0795540065,-1.82990909,-0.078630656,0.720053256,0.189825237,0.662802339
24051881906292,54265,-2.62175751,0.0901212096,-1.81965792,-0.0744330361,0.73805052,0.185634166,0.644423127
24051898200927,54281,-2.62922692,0.0993184,-1.81001532,-0.0711324662,0.752569258,0.18163918,0.628957033
24051914874833,54297,-2.63589191,0.108290955,-1.79985476,-0.0670563132,0.765641749,0.177977532,0.614508092
24051931530354,54314,-2.64236546,0.117428623,-1.78882146,-0.062978372,0.778802991,0.173820302,0.599404752
24051948198062,54331,-2.64796329,0.126293749,-1.77759981,-0.0595722124,0.791138947,0.168686926,0.584888935
24051964858531,54347,-2.65259528,0.134274885,-1.76671052,-0.0554785542,0.801292002,0.162953109,0.572974265
24051982004416,54364,-2.65666866,0.142261744,-1.75483108,-0.0501847342,0.810688078,0.156359643,0.561976969
24051998198427,54380,-2.65932369,0.149209216,-1.74317503,-0.0455714464,0.81892103,0.150440902,0.551959395
24052014860250,54397,-2.66148829,0.155805543,-1.72985733,-0.0413493104,0.827307999,0.145045936,0.541122437
24052031536760,54413,-2.6625731,0.162092477,-1.71784186,-0.0370756947,0.834489048,0.140863597,0.53142345
24052048193323,54430,-2.66290832,0.168991357,-1.70595145,-0.0317687169,0.841131866,0.13738142,0.522124887
24052065141552,54446,-2.66242719,0.175308079,-1.69486058,-0.0261021499,0.846663296,0.134699076,0.514136374
24052081540354,54462,-2.66149402,0.181490079,-1.68392444,-0.0193460938,0.851713479,0.132338315,0.506652296
24052098244260,54480,-2.65994596,0.188204452,-1.67162311,-0.00966839213,0.856710553,0.130228832,0.498993069
24052114860510,54496,-2.65739965,0.194013044,-1.66097772,0.00160725787,0.860332966,0.129053921,0.493122518
24052131527854,54512,-2.65442181,0.19951202,-1.65042698,0.0155079104,0.863321722,0.12872833,0.487713307
24052148613843,54530,-2.65056682,0.205502152,-1.63869166,0.0338604189,0.865895987,0.12999092,0.481850624
24052164901500,54546,-2.64672351,0.210682064,-1.62821233,0.0530342944,0.86715728,0.133102328,0.476979434
24052181533218,54562,-2.64246869,0.215573743,-1.61760092,0.0752852857,0.867329776,0.138536885,0.472100347
24052198207073,54579,-2.63738179,0.22034137,-1.60631645,0.101914987,0.866352439,0.147144809,0.466256708
24052214861916,54596,-2.63208771,0.224557817,-1.59491622,0.130912274,0.863919914,0.158411607,0.459793746
24052231599729,54611,-2.6269958,0.227822453,-1.58510876,0.158427447,0.859868944,0.170091242,0.454527408
24052248240146,54629,-2.62045312,0.230991453,-1.5735724,0.194595531,0.851638079,0.186196312,0.449640006
24052264867698,54645,-2.61428475,0.232871458,-1.56345344,0.229658231,0.840917587,0.202301756,0.446305662
24052281540250,54661,-2.60762548,0.233604461,-1.55407107,0.266403019,0.826982081,0.220205441,0.443440795
24052298263583,54678,-2.60034513,0.233279824,-1.54445243,0.306429774,0.808385551,0.241220891,0.440937907
24052314933323,54695,-2.59302878,0.231806159,-1.5348736,0.347003222,0.785620987,0.263547271,0.439239621
24052331529781,54712,-2.585675,0.228798285,-1.52555311,0.387486398,0.758380473,0.287021369,0.438556939
24052348199208,54728,-2.57879853,0.224884391,-1.51693356,0.424745768,0.728560627,0.310462713,0.438638121
24052364855770,54744,-2.57207799,0.219575807,-1.50834024,0.46034354,0.69546026,0.334827632,0.438530982
24052381586500,54761,-2.56514335,0.212506786,-1.49938583,0.495171905,0.657790601,0.361095011,0.437866211
24052398614000,54778,-2.55854177,0.204301894,-1.49050045,0.526614547,0.61815995,0.386893868,0.436885238
24052414863323,54794,-2.55290604,0.195178941,-1.48217654,0.553651154,0.57965678,0.409779161,0.43537274
24052431538687,54811,-2.5475316,0.184147805,-1.47341216,0.579559267,0.538441598,0.432152748,0.432938576
24052448208166,54827,-2.54327726,0.172619849,-1.46533358,0.600987792,0.500437319,0.451087236,0.429996014
24052464864729,54844,-2.53972554,0.159328938,-1.45681655,0.621297121,0.461512744,0.468543261,0.425984919
24052482058791,54861,-2.53711343,0.145239472,-1.44850791,0.640339792,0.424176902,0.483192742,0.420194924
24052498217750,54877,-2.53546715,0.131612912,-1.44081867,0.657482624,0.391368955,0.494562864,0.412255526
24052514862489,54893,-2.53444195,0.117937759,-1.43288946,0.674094677,0.361340433,0.503800392,0.401515514
24052531527333,54910,-2.53395224,0.103401706,-1.4246614,0.691875637,0.331809402,0.511733651,0.386444479
24052548202593,54927,-2.53388643,0.0894219652,-1.41673291,0.709268689,0.304381013,0.518698514,0.367752731
24052564974416,54943,-2.53416705,0.0769542456,-1.40935564,0.723885894,0.280691803,0.525209546,0.348362207
24052581639104,54959,-2.53472042,0.0652141422,-1.40244234,0.736389935,0.259717137,0.53139627,0.328473538
24052598201656,54977,-2.53560305,0.0529433191,-1.39559329,0.747796893,0.23996307,0.537538528,0.307034284
24052614863427,54993,-2.53672838,0.042624861,-1.39038157,0.754777074,0.226474762,0.542548656,0.290966928
24052631525822,55009,-2.53820252,0.0329933465,-1.38617396,0.758740366,0.216950804,0.547268689,0.278823435
24052648197958,55026,-2.54025173,0.0235364288,-1.38297248,0.76017487,0.209848776,0.552103937,0.270700842
24052664878947,55043,-2.54294682,0.015014559,-1.38124597,0.758860946,0.204755366,0.557181716,0.267869323
24052681524572,55059,-2.54616117,0.00805138052,-1.3808943,0.755198419,0.201596245,0.56260097,0.269285232
24052698287281,55076,-2.55034947,0.00168534368,-1.3816793,0.748837829,0.198982507,0.569837928,0.273738265
24052714866135,55092,-2.5551374,-0.00338902324,-1.3839469,0.740468681,0.195617601,0.578896701,0.279854476
24052731527489,55109,-2.56110477,-0.00781328976,-1.38810253,0.728934228,0.190660149,0.59153831,0.287029594
24052748201864,55125,-2.56763172,-0.0106647164,-1.39343858,0.715491951,0.184961915,0.60626173,0.293780863
24052764862177,55142,-2.57546282,-0.0123544931,-1.40034425,0.698718488,0.178307414,0.624087811,0.300854385
24052781586760,55158,-2.58367848,-0.0128180459,-1.4083215,0.681143224,0.171933889,0.641991496,0.30713138
24052798276812,55175,-2.59320879,-0.012228623,-1.41859305,0.660521448,0.164608553,0.661820292,0.314021319
24052814859624,55192,-2.60331368,-0.0109375864,-1.43026257,0.637562633,0.156159341,0.682183981,0.322107464
24052831529937,55208,-2.61318588,-0.00905741006,-1.44267654,0.614355385,0.147470698,0.700834692,0.331135303
24052848194052,55224,-2.62316775,-0.00684136897,-1.45622659,0.590414047,0.137208313,0.718210876,0.341699243
24052864900927,55241,-2.6338098,-0.00421458483,-1.47194755,0.564487875,0.124368124,0.73499012,0.354507476
24052881525093,55258,-2.64430189,-0.00131588429,-1.48882401,0.53793329,0.110583872,0.75011003,0.36842081
24052898237854,55274,-2.65390587,0.00154489279,-1.50553691,0.512542427,0.0972173885,0.762978315,0.38172403
24052914864677,55290,-2.66307783,0.00461243838,-1.52313972,0.487061888,0.0832421705,0.774758518,0.39444989
24052931528374,55308,-2.67293549,0.00818420947,-1.54347527,0.458373457,0.0669564083,0.787003756,0.407474905
24052948213791,55324,-2.68131137,0.0114279836,-1.56199431,0.432981819,0.052754458,0.797065079,0.417649388
24052964859364,55340,-2.68925786,0.0147611275,-1.58080125,0.4081918,0.0398748629,0.806246936,0.426327765
24052981527906,55358,-2.69753695,0.0185856223,-1.60251522,0.382147431,0.0282993112,0.81534338,0.434025049
24052998426187,55374,-2.70403886,0.0220171958,-1.62243676,0.360873103,0.0200766195,0.822533667,0.439096689
24053014849937,55390,-2.70964098,0.0255636498,-1.64258039,0.340431631,0.0137209706,0.829076171,0.44334057
24053031539676,55406,-2.71434212,0.0290992111,-1.66279054,0.320082873,0.00993514247,0.834730983,0.447964847
24053048194676,55424,-2.71833849,0.0327094644,-1.6854651,0.297108859,0.00837698858,0.839429617,0.454988211
24053064859676,55440,-2.7209096,0.0358217135,-1.70546949,0.276922464,0.00936943013,0.84168303,0.463460773
24053081547749,55456,-2.72250271,0.0388469398,-1.72517765,0.256911457,0.0121599669,0.842012167,0.47419852
24053098238635,55474,-2.7228508,0.0420615748,-1.74695301,0.234352067,0.0166836586,0.83956027,0.489836156
24053114938322,55490,-2.72196937,0.0447703302,-1.76599336,0.214122266,0.0207123663,0.834300816,0.507607043
24053131529156,55506,-2.71993303,0.0470166877,-1.78448176,0.19360216,0.0236862954,0.826012909,0.52882874
24053148208895,55522,-2.71708202,0.0488795824,-1.80253434,0.172253981,0.025398938,0.81480062,0.552976966
24053164906239,55540,-2.71285987,0.0503956042,-1.82205415,0.146452338,0.0261783041,0.798968315,0.582680106
24053181534572,55556,-2.70822048,0.0514589623,-1.83880424,0.122368559,0.0266424529,0.782116413,0.610417962
24053198225197,55572,-2.70250249,0.0524829254,-1.855093,0.0983653814,0.0261856131,0.763116837,0.638193727
24053214864676,55589,-2.69516349,0.0532966293,-1.87152791,0.0736455321,0.0239233468,0.741695762,0.666251779
24053231528114,55606,-2.68723941,0.0543448888,-1.88757682,0.0495435856,0.0201984234,0.719971657,0.691938102
24053248242333,55622,-2.678792,0.0554366447,-1.90188146,0.0275870264,0.0154731218,0.699654222,0.713781238
24053264886239,55639,-2.66929078,0.0566116124,-1.91674018,0.00577378459,0.00887438376,0.679119349,0.733951509
24053281672697,55655,-2.65964699,0.0576763973,-1.93054342,-0.0126751559,0.0019655535,0.66143775,0.749890387
24053298304624,55672,-2.64812994,0.0585538335,-1.9445312,-0.030147355,-0.00526865479,0.644062698,0.764360309
24053314868999,55688,-2.63663697,0.0594808534,-1.95767844,-0.045008827,-0.0123368427,0.629445553,0.775641978
24053331607437,55705,-2.62316728,0.0602279864,-1.97087622,-0.0592945665,-0.0203865804,0.616275311,0.785030842
24053348398218,55722,-2.60901165,0.0610727668,-1.9839865,-0.0729452893,-0.029021237,0.605434597,0.792013764
24053364874572,55738,-2.5950098,0.061818596,-1.99624097,-0.0860112011,-0.0379016548,0.596217513,0.797301888
24053381603947,55755,-2.57920408,0.0622289628,-2.00868058,-0.100324161,-0.0486289673,0.585942566,0.802646697
24053398194260,55771,-2.56372023,0.0623991825,-2.02034235,-0.114319481,-0.0606192201,0.574679017,0.808084369
24053414923947,55787,-2.54719472,0.0618426017,-2.03123617,-0.128305316,-0.0743229762,0.560663402,0.814659774
24053431531916,55804,-2.52918935,0.0608118437,-2.04272628,-0.14260596,-0.0908528939,0.54214263,0.823098242
24053448194468,55821,-2.51047778,0.0592024177,-2.05370808,-0.155994177,-0.109585673,0.520280957,0.832444966
24053464869937,55837,-2.49269152,0.0572211146,-2.06365538,-0.167403281,-0.12817055,0.497336119,0.841549337
24053481546499,55854,-2.47380114,0.055074472,-2.07427597,-0.178034529,-0.147568822,0.471027881,0.851269543
24053498262228,55870,-2.45554543,0.0526409,-2.08359027,-0.184979469,-0.164538994,0.443125039,0.86159718
24053514872489,55887,-2.43638182,0.0498258807,-2.09373188,-0.187535033,-0.18225731,0.40987736,0.87384975
24053531529051,55904,-2.41682506,0.0464243814,-2.10366726,-0.184727103,-0.201219857,0.373695433,0.886418819
24053548203739,55920,-2.39893961,0.0426734984,-2.11306024,-0.177400425,-0.219469175,0.336512536,0.898399532
24053564861030,55937,-2.38113976,0.0387679338,-2.12331891,-0.166392431,-0.238561749,0.293571413,0.910613954
24053581573322,55953,-2.36497188,0.0350649245,-2.13276172,-0.154259726,-0.255955666,0.252106756,0.920398235
24053598207228,55969,-2.34951043,0.0316954926,-2.14247704,-0.140950844,-0.272339672,0.212131262,0.927881658
24053614861343,55987,-2.33251286,0.0283738263,-2.15329933,-0.12654227,-0.28980577,0.17073378,0.933193266
24053631557801,56003,-2.31808758,0.0260958783,-2.16293478,-0.116137199,-0.304239422,0.138374284,0.935309112
24053648202385,56019,-2.30367899,0.0243803449,-2.17186069,-0.108217828,-0.317064583,0.111266792,0.935616732
24053664991135,56037,-2.28786731,0.0228903852,-2.18164086,-0.102419674,-0.329432964,0.0874789953,0.934522092
24053681531551,56053,-2.27475381,0.022588443,-2.19116879,-0.100022644,-0.338757515,0.0716417506,0.932794929
24053698231655,56069,-2.26199985,0.0232397169,-2.20082545,-0.0995483622,-0.347055912,0.0598539151,0.930623412
24053714886239,56086,-2.24917388,0.0251692832,-2.21146321,-0.100544982,-0.355313152,0.0510640852,0.927920163
24053731527853,56103,-2.23669314,0.0284709707,-2.22278881,-0.102849305,-0.363394082,0.0451626927,0.92483902
24053748204468,56119,-2.22542048,0.032937251,-2.2337265,-0.105249964,-0.370789707,0.0418087095,0.92178607
24053764864364,56135,-2.21422887,0.0385723524,-2.24454546,-0.106609948,-0.377633691,0.0406862907,0.918897092
24053781547957,56152,-2.20226669,0.0459385626,-2.25615835,-0.105517507,-0.383844137,0.0419655964,0.916388929
24053798228114,56169,-2.19075656,0.0550808646,-2.26787019,-0.100974731,-0.388226926,0.045131363,0.914902806
24053814927645,56185,-2.17938638,0.0651822537,-2.27831388,-0.0937595516,-0.390659124,0.0485229343,0.914461732
24053831548062,56201,-2.16823626,0.077165328,-2.28875542,-0.0843167976,-0.391983241,0.0518529899,0.914631665
24053848199416,56219,-2.15583515,0.0930010676,-2.30003333,-0.0710968897,-0.392668664,0.0549174622,0.915281773
24053864860926,56235,-2.14502168,0.109078959,-2.30953979,-0.0574743524,-0.392878741,0.0562256686,0.916068673
24053881601395,56251,-2.13507533,0.126844049,-2.31880021,-0.0423482768,-0.393005878,0.0562172942,0.916838408
24053898205666,56268,-2.12473726,0.146989226,-2.32755208,-0.025207432,-0.393429428,0.055363182,0.91734004
24053914867541,56285,-2.11547661,0.168190062,-2.33593202,-0.00786505919,-0.394332111,0.0549097396,0.917292356
24053931529259,56301,-2.10664749,0.188322738,-2.3424778,0.00790515728,-0.395461082,0.0549818203,0.916801572
24053948204416,56317,-2.09836173,0.208617747,-2.34833217,0.0223589912,-0.396546781,0.0552978963,0.916074753
