#host_mono_ns,seq,pos_x,pos_y,pos_z,quat_x,quat_y,quat_z,quat_w
26885570892919,22404,-0.493823349,0.256462425,-0.811699688,0.134543642,0.156238839,0.0922184587,0.974157691
26885587656513,22420,-0.500102758,0.257905811,-0.805957675,0.137231335,0.169278353,0.0838825405,0.972356021
26885604316669,22438,-0.50674361,0.259161592,-0.799281836,0.138806522,0.183986366,0.0747250915,0.970205128
26885621002606,22454,-0.512030363,0.259914488,-0.793220341,0.139026284,0.197314426,0.0673508793,0.968092263
26885637667658,22470,-0.516751945,0.260308474,-0.787184834,0.13836807,0.21088852,0.0607541092,0.965758383
26885654339533,22487,-0.520967126,0.260186821,-0.780993938,0.137119442,0.224907026,0.0544916019,0.963143706
26885670998908,22504,-0.524432302,0.259497941,-0.775039196,0.135400131,0.2377152,0.0487876944,0.96061337
26885687654065,22520,-0.527032554,0.258356243,-0.769548416,0.133090362,0.248282775,0.0437353738,0.958504021
26885704348544,22536,-0.528955758,0.256709903,-0.764310539,0.129890516,0.257382572,0.0389090404,0.956749082
26885720997138,22554,-0.53039974,0.254252315,-0.758874297,0.125227764,0.266199589,0.0342623517,0.955134511
26885737668440,22570,-0.530864298,0.25146392,-0.754509687,0.120379403,0.273124158,0.0313859545,0.953900874
26885754403127,22586,-0.530706525,0.248175651,-0.750680387,0.115092725,0.279003114,0.0299482774,0.952897787
26885770994429,22602,-0.529954791,0.244351804,-0.747286975,0.109505154,0.283556253,0.029863853,0.952214658
26885787704794,22620,-0.528474331,0.239501923,-0.744059145,0.102819756,0.287030637,0.031061003,0.951880634
26885804325627,22636,-0.52674973,0.234833166,-0.741856992,0.0966176465,0.288728446,0.0330017693,0.951951623
26885821045992,22652,-0.524610758,0.229760423,-0.74020946,0.0903929099,0.289046198,0.0358377881,0.952363968
26885837773960,22669,-0.522036731,0.224042982,-0.739027858,0.0837088004,0.287972987,0.0398040675,0.953142226
26885854327346,22686,-0.519202411,0.218040407,-0.73831296,0.0767430663,0.285820067,0.0447118469,0.954158485
26885870993908,22702,-0.516292274,0.212262347,-0.73817271,0.0700940192,0.283194065,0.0499379449,0.955193281
26885887657763,22718,-0.513254642,0.206457362,-0.738665938,0.0635687187,0.279820442,0.05559735,0.956330776
26885904330471,22736,-0.509712279,0.19982399,-0.73985827,0.0569240265,0.274814725,0.0622854941,0.957787633
26885921000783,22752,-0.506496608,0.193893537,-0.741346836,0.0517177992,0.269200921,0.0681717396,0.959275126
26885937654898,22768,-0.503286183,0.188021585,-0.743048191,0.046526771,0.26258269,0.0735581666,0.960976064
26885954398596,22785,-0.500004053,0.182041451,-0.745038748,0.0407524556,0.254744142,0.0784263909,0.962961078
26885970996981,22801,-0.497107148,0.176743135,-0.747032225,0.0352463499,0.247267753,0.0821948349,0.964811087
26885987663700,22818,-0.494229555,0.171591446,-0.749162257,0.0296139438,0.240040854,0.0853822976,0.966547132
26886004346565,22834,-0.491708755,0.167244732,-0.75111115,0.0252185836,0.234362781,0.0876682624,0.967859745
26886020998231,22851,-0.489257276,0.163147137,-0.753057659,0.0220291726,0.229757264,0.0892813802,0.968893766
26886037664012,22868,-0.487097561,0.159687579,-0.754895985,0.0205446072,0.226538479,0.0897517428,0.969640613
26886054332190,22884,-0.485402375,0.156976297,-0.756406546,0.0207354389,0.224329278,0.0887892395,0.970238626
26886070992867,22901,-0.483937383,0.154673055,-0.757697046,0.0226867776,0.222010806,0.0863626599,0.970947027
26886087662450,22918,-0.482742131,0.152907431,-0.758622944,0.026235966,0.21941404,0.0830772594,0.971734226
26886104323387,22934,-0.481821179,0.151701748,-0.759204149,0.0304673314,0.217095777,0.0797931179,0.972406447
26886120991721,22950,-0.481037974,0.150955766,-0.759583235,0.035205245,0.215015173,0.0768686384,0.9729442
26886137686825,22968,-0.480254591,0.150534198,-0.759720683,0.0407452285,0.212829635,0.0746043772,0.973384619
26886154379481,22984,-0.479544222,0.15052186,-0.759604931,0.0454880744,0.211111739,0.0736935958,0.973618031
26886170995471,23000,-0.478732228,0.150741965,-0.759232104,0.0499361195,0.209667966,0.0736586004,0.97371465
26886187960887,23018,-0.477755964,0.151253179,-0.758660316,0.0544233099,0.208044752,0.0742574707,0.973776877
26886204318492,23034,-0.476892442,0.151970059,-0.75812,0.0578750335,0.206289142,0.0748068467,0.973909318
26886221004429,23050,-0.476046205,0.152870655,-0.75749445,0.0608231612,0.204034269,0.0748896077,0.974198222
26886237654794,23066,-0.47524339,0.153969049,-0.75688082,0.0632889196,0.201302424,0.0743344128,0.974651933
26886254388544,23084,-0.474382102,0.155354321,-0.75626111,0.0655048937,0.19821763,0.072931245,0.975243568
26886270987606,23100,-0.473675042,0.156892642,-0.755966604,0.0668052882,0.195927888,0.070892185,0.975768268
26886287664481,23116,-0.47309804,0.158824801,-0.75599283,0.0676099062,0.193907484,0.068038106,0.976319432
26886304346096,23132,-0.472680658,0.161140218,-0.756327033,0.0682632923,0.191926956,0.0644089356,0.976911306
26886320997189,23149,-0.472373486,0.164055541,-0.757028639,0.0688473657,0.189724311,0.0596213304,0.97760427
26886337713283,23166,-0.472208261,0.167422205,-0.757986009,0.0691658556,0.18703559,0.0538796335,0.978432775
26886354385835,23182,-0.472234786,0.171103239,-0.759158731,0.0692499653,0.183805168,0.0477585569,0.979356527
26886370989689,23199,-0.472404063,0.175527155,-0.760652959,0.0692740232,0.180026039,0.0410723761,0.980359554
26886388045210,23216,-0.472610474,0.180565998,-0.762298584,0.0688036606,0.176191539,0.0347530469,0.981333256
26886404332137,23232,-0.472812772,0.185942382,-0.76393503,0.0682155788,0.172642723,0.0294456054,0.982178211
26886421017450,23249,-0.473039627,0.192210272,-0.76575321,0.0682772547,0.169248834,0.0242612753,0.982906163
26886437669012,23265,-0.473305196,0.198609829,-0.767560005,0.0690161735,0.166155756,0.0197546259,0.983483016
26886454341721,23282,-0.473660648,0.205844656,-0.769548953,0.070435524,0.162672549,0.0151788304,0.984045804
26886470989064,23299,-0.474169463,0.213542238,-0.771550059,0.0724160969,0.158809707,0.0106412852,0.984592438
26886487657814,23315,-0.474845558,0.221262693,-0.773422003,0.0745706186,0.154955417,0.00647766609,0.985081792
26886504327919,23331,-0.47565347,0.229334459,-0.775301099,0.0769667998,0.151214257,0.00270094094,0.985496402
26886520994898,23348,-0.476607412,0.238119513,-0.777362466,0.0799457654,0.147809848,-0.000594345329,0.985779166
26886537649533,23365,-0.477667093,0.2469908,-0.77954036,0.0831741393,0.145302579,-0.00322861737,0.985879779
26886554398283,23381,-0.478820503,0.255302161,-0.781734169,0.0860214382,0.143604726,-0.00503660878,0.98587662
26886571094898,23398,-0.480180502,0.26387471,-0.78417182,0.0887516811,0.142676398,-0.00637152325,0.985761702
26886587665471,23415,-0.481536508,0.271995276,-0.786748707,0.0910610855,0.142773107,-0.00754594756,0.985528767
26886604325054,23431,-0.48279056,0.279013067,-0.789382517,0.093040809,0.142931595,-0.00870213844,0.98531127
26886620995835,23447,-0.484037817,0.285183668,-0.792182446,0.0949915126,0.142433539,-0.0100113321,0.985184789
26886637685575,23464,-0.485316664,0.290709585,-0.795379996,0.0964467078,0.141423658,-0.0115208086,0.985172451
26886654326200,23481,-0.486445814,0.295080006,-0.798802137,0.0967838541,0.14066194,-0.0131494431,0.985228002
26886671085887,23496,-0.487262249,0.297858626,-0.801935494,0.0960382,0.140364304,-0.0147572979,0.985320687
26886687659116,23514,-0.488062173,0.299727589,-0.805753648,0.0939893499,0.139812931,-0.0168330856,0.985563338
26886704344325,23530,-0.488643408,0.300055504,-0.809141517,0.091395624,0.138702318,-0.0188180413,0.985928237
26886720996825,23546,-0.489205211,0.299128532,-0.812577784,0.0886701718,0.137074172,-0.020699529,0.986366987
26886737746721,23564,-0.489802927,0.296475679,-0.816551387,0.0859312862,0.135199085,-0.0224524494,0.986829758
26886754373491,23580,-0.490263462,0.292659432,-0.820102453,0.0836511701,0.13348873,-0.0232894365,0.987239063
26886771031096,23596,-0.490632176,0.28752473,-0.823588729,0.0812605172,0.131647587,-0.0234211124,0.9876827
26886787659273,23613,-0.490924925,0.280820191,-0.827185512,0.0783900023,0.129519001,-0.0229973011,0.98820591
26886804326564,23630,-0.491101176,0.273040324,-0.830677688,0.0746966898,0.127358049,-0.0218934081,0.988797784
26886821217866,23646,-0.4911111,0.264760017,-0.833848,0.0701507255,0.125598967,-0.0199853387,0.989396036
26886837778908,23662,-0.490955532,0.255538017,-0.836919367,0.0648434982,0.124175809,-0.0172664374,0.989988685
26886854340054,23680,-0.490529209,0.244202569,-0.840275049,0.0583977178,0.122235894,-0.0135138882,0.990689397
26886870992345,23696,-0.489974827,0.23345153,-0.843282104,0.0528240837,0.119291373,-0.00945710763,0.991407931
26886887678023,23712,-0.489260197,0.222083732,-0.846430898,0.0481339768,0.115113154,-0.00482237572,0.992173851
26886904342033,23729,-0.488336593,0.209404126,-0.849854946,0.0435210094,0.109417923,0.000492308638,0.993042588
26886921000939,23746,-0.487351686,0.196417391,-0.853222311,0.0380363762,0.102696061,0.0058465302,0.993968189
26886937695887,23762,-0.486359626,0.184165239,-0.856309414,0.0321603268,0.0960888416,0.010888949,0.994793475
26886954373908,23778,-0.48527205,0.172016636,-0.859348953,0.0257334262,0.0898242369,0.0163658448,0.995490611
26886971098335,23795,-0.484013319,0.159445286,-0.86250478,0.0178729501,0.0839885771,0.0226634834,0.996048629
26886987663231,23812,-0.482752055,0.147456259,-0.865453601,0.00944826193,0.0786889642,0.0287194382,0.996440709
26887004327606,23828,-0.481624603,0.13676931,-0.868067443,0.00226895837,0.0736871138,0.0337101445,0.996708989
26887020994689,23845,-0.480489731,0.126054376,-0.870756686,-0.00426131813,0.0679759458,0.0384168774,0.996937931
26887037717606,23861,-0.479547322,0.116589665,-0.873143315,-0.00965333637,0.06179142,0.0424300693,0.99714011
26887054325314,23878,-0.478902131,0.107357591,-0.875555038,-0.0146479849,0.0542503782,0.0462441072,0.997348487
26887070993231,23895,-0.478648096,0.0990386754,-0.877812028,-0.0194559898,0.0466548912,0.049503319,0.997494042
26887087659012,23911,-0.478726655,0.0921238661,-0.879737496,-0.0244413782,0.0404448509,0.0521962531,0.997518122
26887104337345,23928,-0.479249328,0.0857858732,-0.881587982,-0.0294665266,0.0349131264,0.0549603142,0.997442842
26887120987606,23945,-0.48042798,0.0804972351,-0.883242309,-0.0335257165,0.0296939742,0.0575953685,0.997335017
26887137689064,23961,-0.482325822,0.0766039789,-0.884678125,-0.0363369435,0.0247527584,0.0597711504,0.997243464
26887154351772,23977,-0.484977394,0.0736557692,-0.88595885,-0.0378304645,0.0199966878,0.0616433658,0.997180641
26887170996929,23993,-0.488410681,0.0715773106,-0.887077808,-0.0378103703,0.01546859,0.0634118393,0.997150958
26887187660262,24011,-0.493293226,0.0703438222,-0.888231516,-0.0360368341,0.0106034568,0.0657756776,0.997127175
26887204324585,24027,-0.49848038,0.0701490194,-0.889188528,-0.0332118683,0.00711385533,0.0682762116,0.997088134
26887221142345,24043,-0.504402637,0.0707510412,-0.890042186,-0.0298289098,0.0052630445,0.070829168,0.99702853
26887237692814,24060,-0.511411786,0.0722400397,-0.890690923,-0.0260126963,0.00541103166,0.073042132,0.996974885
26887254380262,24077,-0.519147873,0.0745102763,-0.891120434,-0.0217068661,0.0071959584,0.0743351355,0.99697113
26887270992502,24093,-0.527091026,0.0771975592,-0.891343474,-0.0170091335,0.00983626395,0.0742101669,0.997049034
26887287658595,24110,-0.536210954,0.0805061907,-0.891365111,-0.0112858489,0.0132038174,0.0723561496,0.997227669
26887304323283,24127,-0.545926452,0.0841986015,-0.891205311,-0.00457331259,0.0170397647,0.0688669086,0.997469902
26887321006199,24143,-0.555476964,0.087922819,-0.890797317,0.00236337679,0.0213739686,0.064422816,0.997691035
26887337664793,24159,-0.56536603,0.0919286758,-0.890127063,0.0092211999,0.026600061,0.0591028407,0.997854888
26887354524012,24177,-0.576800048,0.0967601165,-0.889007807,0.0164494086,0.033561226,0.0521315187,0.99794066
26887370996304,24193,-0.587186933,0.101272613,-0.887721181,0.0223304275,0.0406788252,0.0449391566,0.997911394
26887387658543,24209,-0.597827137,0.106046021,-0.886184454,0.0276335124,0.0485351272,0.0367097557,0.997764111
26887404347502,24225,-0.608737528,0.11107944,-0.884420633,0.0326879658,0.0568594486,0.0277336668,0.997461498
26887421014220,24242,-0.620559692,0.11660292,-0.882425487,0.0382222123,0.0660628676,0.0178204291,0.996923864
26887437660418,24259,-0.632550478,0.122270212,-0.880278349,0.0436894633,0.075704433,0.0079445662,0.996141016
26887454332293,24275,-0.643847346,0.127699688,-0.878192008,0.0486434922,0.0853361487,-0.0011458128,0.9951635
26887470997293,24292,-0.655756116,0.133496299,-0.875786781,0.0536882728,0.0960571691,-0.0106943864,0.993869364
26887487659481,24309,-0.667498052,0.139321402,-0.873033941,0.0580573045,0.106909402,-0.0203148965,0.992364407
26887504427033,24325,-0.678297222,0.144820899,-0.87024039,0.0616568401,0.11721985,-0.029548252,0.990749717
26887521087033,24342,-0.689448714,0.150635809,-0.86710012,0.0653187111,0.128293157,-0.0392600931,0.988803864
26887537656981,24358,-0.699476421,0.15597567,-0.864119768,0.0685953796,0.138866216,-0.0478610322,0.986772656
26887554319429,24375,-0.709548056,0.161466897,-0.86087966,0.0719601959,0.150109634,-0.0561138876,0.984449148
26887570990262,24391,-0.718374074,0.166417688,-0.85779196,0.0752209201,0.160443142,-0.0631481409,0.98214668
26887587669168,24408,-0.727029264,0.171457738,-0.854541183,0.0786596239,0.170732543,-0.0700028613,0.979674816
26887604336929,24424,-0.734542787,0.176036984,-0.851450503,0.0817311928,0.179557979,-0.0757872313,0.977412581
26887621048439,24441,-0.741792321,0.180632904,-0.84828639,0.0847718492,0.188134998,-0.0811382532,0.975108027
26887637661512,24458,-0.748306811,0.184916154,-0.845281124,0.0874056295,0.195994303,-0.0855948627,0.972944021
26887654324481,24474,-0.753712833,0.1886179,-0.842678308,0.0894379392,0.202699289,-0.0890072286,0.971077561
26887671005314,24490,-0.758481443,0.192055404,-0.840279102,0.0911824852,0.208605036,-0.0917032212,0.969412327
26887687665522,24508,-0.763164163,0.195613846,-0.837841213,0.092994377,0.21432659,-0.0937952772,0.967790663
26887704322918,24524,-0.766685486,0.19842571,-0.836033165,0.0944906175,0.218761548,-0.09468624,0.966565847
26887720989481,24540,-0.769665658,0.20091942,-0.834577382,0.0958482176,0.222634077,-0.0945457518,0.965561211
26887737715106,24557,-0.772265971,0.203233108,-0.833485484,0.0972042307,0.226062953,-0.0934391767,0.964736283
26887754415678,24574,-0.774293542,0.205238789,-0.832836151,0.0983943418,0.228459075,-0.0915866345,0.96422869
26887771003803,24590,-0.775699794,0.206803262,-0.832688391,0.0993342996,0.229705662,-0.089327842,0.964048088
26887787753908,24606,-0.776587784,0.208022639,-0.833018482,0.100145511,0.230327144,-0.0869606957,0.964032292
26887804325158,24623,-0.776988566,0.209008142,-0.833809495,0.10060598,0.230124623,-0.0845494717,0.964247167
26887821050731,24640,-0.776837289,0.209737197,-0.835080266,0.100556679,0.228831992,-0.0823765397,0.964747906
26887837682033,24656,-0.776123226,0.210195616,-0.836651683,0.100188203,0.226819232,-0.0808117241,0.965393662
26887854354428,24673,-0.774688542,0.210406065,-0.838795781,0.0995961428,0.22389695,-0.079544194,0.966242015
26887871086408,24690,-0.77258271,0.210434467,-0.841396332,0.0985818282,0.220185786,-0.0784293264,0.967289388
26887887654741,24706,-0.769990087,0.210467935,-0.844169497,0.0969731212,0.215957329,-0.0774855912,0.968480587
26887904374480,24723,-0.76654011,0.210659921,-0.847489238,0.0947873592,0.210725412,-0.0766810998,0.969912469
26887921007449,24739,-0.762725949,0.211054191,-0.850888073,0.092770122,0.20490402,-0.0758232772,0.971421123
26887937706668,24755,-0.75835824,0.211713508,-0.854557991,0.091357246,0.198246613,-0.0743834451,0.973046422
26887956255730,24774,-0.752569199,0.212891951,-0.859245658,0.0906074941,0.189861029,-0.0716442838,0.974992394
26887970991824,24789,-0.747532785,0.214284152,-0.863241792,0.0905975327,0.183212936,-0.0687210411,0.976474583
26887987764376,24804,-0.742148042,0.216105223,-0.867416143,0.0908991545,0.176388204,-0.0652856529,0.977937818
26888004325835,24822,-0.735433698,0.218850359,-0.872457922,0.091313377,0.16746904,-0.0606403276,0.9797647
26888021182762,24838,-0.729287624,0.221885502,-0.87690872,0.0917957053,0.159042984,-0.0562947728,0.981381595
26888038145887,24855,-0.7226578,0.225722447,-0.881651521,0.09243837,0.149938241,-0.0516841374,0.983006835
26888054435991,24872,-0.715999186,0.230144158,-0.886457682,0.0933124572,0.140773162,-0.047067266,0.984510303
26888071026824,24888,-0.709848583,0.234727457,-0.890987933,0.094643347,0.131909758,-0.0426003672,0.9858132
26888087671824,24905,-0.703508735,0.239938051,-0.895743132,0.0968198031,0.122320823,-0.0375897847,0.987041354
26888104373022,24921,-0.69766742,0.245086327,-0.900162697,0.0995288119,0.113490999,-0.0325337276,0.988005757
26888121013126,24937,-0.691977322,0.250308335,-0.904512107,0.102503493,0.104943253,-0.0271377992,0.988809109
26888137658230,24955,-0.685745835,0.256135017,-0.909145653,0.10553553,0.0955830738,-0.0207341276,0.989593983
26888154474168,24971,-0.680377603,0.261209339,-0.912996173,0.107671656,0.0873317569,-0.014871981,0.990231752
26888170988387,24987,-0.675212383,0.266070276,-0.916598022,0.109424815,0.0789622143,-0.00894624088,0.990813375
26888187659064,25004,-0.66992557,0.270830601,-0.920109093,0.110986374,0.0697258562,-0.00256626145,0.991369665
26888204351199,25020,-0.66513741,0.274825245,-0.923127472,0.112288944,0.0607904233,0.00352098327,0.991808176
26888221007345,25037,-0.660265923,0.278445452,-0.926028252,0.11393632,0.0515296385,0.00964192208,0.992103934
26888237948960,25054,-0.655711591,0.281342506,-0.928560257,0.115768172,0.0423574932,0.0152373882,0.992255747
26888254388595,25070,-0.651745141,0.283280432,-0.930479348,0.117496967,0.0334686078,0.020172203,0.992304146
26888271453543,25087,-0.647787511,0.284387767,-0.932133198,0.119475983,0.0238688253,0.0253286045,0.992226958
26888287709480,25102,-0.644420087,0.284496367,-0.933318317,0.120957233,0.015616348,0.0297307037,0.99208951
26888304324532,25120,-0.640571654,0.28352657,-0.934226155,0.121742733,0.00559186703,0.0345900841,0.991943061
26888321000418,25137,-0.637264669,0.28160274,-0.934523761,0.121483877,-0.0043991562,0.0386244506,0.991831958
26888337807762,25153,-0.63446331,0.278955251,-0.934256911,0.120506801,-0.0139311198,0.041797433,0.991734385
26888354422397,25169,-0.631875217,0.275505602,-0.933557034,0.118834011,-0.0232569743,0.0444641858,0.991645396
26888372000939,25187,-0.629134893,0.270585239,-0.9324072,0.116615064,-0.0334038883,0.0470950194,0.991497457
26888387907709,25203,-0.626827717,0.265265673,-0.931107461,0.114535242,-0.0424653664,0.0491597019,0.991292953
26888404515105,25220,-0.62450695,0.258712828,-0.929455638,0.111827657,-0.0522598922,0.0509472005,0.991043866
26888421326512,25236,-0.622510135,0.251813084,-0.927626431,0.108580627,-0.0613312125,0.0520826317,0.990826011
26888437825157,25253,-0.62055248,0.243925422,-0.925477624,0.104468517,-0.0706795081,0.0525823459,0.990619004
26888454391251,25269,-0.618923724,0.236042574,-0.9233253,0.100306392,-0.0795342848,0.0525593273,0.990378976
26888471073751,25285,-0.617630005,0.227741376,-0.921091139,0.0961047634,-0.088665247,0.0521822833,0.990040123
26888487673230,25302,-0.616710663,0.218573481,-0.918669105,0.0917311534,-0.098307997,0.0515004471,0.989580035
26888504595209,25318,-0.616368771,0.209805548,-0.916351557,0.087446548,-0.106740929,0.0508602411,0.989127278
26888521094584,25335,-0.616597354,0.200594515,-0.913897276,0.0824633911,-0.114553101,0.0508947968,0.988679469
26888537658543,25352,-0.617423892,0.191568136,-0.911474407,0.0769654214,-0.121067405,0.0524255261,0.988266468
26888554441355,25369,-0.618828416,0.182818562,-0.909200609,0.0706436113,-0.126600638,0.055896733,0.987854958
26888571072084,25385,-0.620732903,0.174879447,-0.9072541,0.0635649189,-0.131156921,0.0607562326,0.987454355
26888587673334,25402,-0.623430908,0.166766092,-0.905261397,0.0548018292,-0.135713771,0.0669959262,0.986959994
26888604489689,25418,-0.626631796,0.159376413,-0.9033795,0.045593854,-0.140567958,0.0732212216,0.986306548
26888620993647,25434,-0.630558074,0.152124643,-0.901515484,0.0353228375,-0.146972775,0.0790531635,0.985343575
26888637659949,25451,-0.635372519,0.144492656,-0.8997159,0.0238345731,-0.155222923,0.0844290629,0.983976424
26888654460314,25468,-0.640527308,0.136678308,-0.898248196,0.0129162278,-0.163848147,0.0886072442,0.982413232
26888670994220,25484,-0.645534873,0.129062131,-0.8970837,0.00299060694,-0.172002554,0.0912881494,0.980853021
26888687665574,25500,-0.650609016,0.121203341,-0.896072626,-0.0067184004,-0.17986609,0.0927146226,0.979289114
26888704431772,25518,-0.656276464,0.112189256,-0.895201206,-0.017194299,-0.186997354,0.0927150473,0.977824271
26888720995626,25534,-0.661108971,0.104288556,-0.894704401,-0.0264424589,-0.190442547,0.0911677778,0.977098227
26888737758282,25550,-0.665706575,0.0965866148,-0.894544959,-0.0352521427,-0.190834835,0.0886970982,0.976970971
26888754332084,25567,-0.67039299,0.0885446519,-0.894809425,-0.043839246,-0.189122871,0.085933052,0.97720331
26888770998647,25584,-0.675018609,0.0806844831,-0.895642638,-0.0520847179,-0.186026782,0.082937561,0.977651596
26888787998647,25600,-0.679390311,0.0735857934,-0.897043169,-0.0599173717,-0.181962281,0.0794860423,0.978254437
26888804363751,25617,-0.684036791,0.0664820522,-0.899152219,-0.0682819858,-0.17642428,0.0753120035,0.979050696
26888821010574,25633,-0.688537955,0.0603608638,-0.90169996,-0.0760276169,-0.170499429,0.0715403929,0.979812086
26888837847188,25649,-0.693225145,0.0549530946,-0.904767752,-0.0828019679,-0.16424723,0.0685773343,0.9805426
26888854322970,25667,-0.698710382,0.0497056656,-0.908869386,-0.0876304805,-0.156864867,0.0667514279,0.981457353
26888870990418,25683,-0.703802586,0.0457755402,-0.913110435,-0.0891962275,-0.150273964,0.066929169,0.98233515
26888887659116,25699,-0.709122896,0.0425944999,-0.917892516,-0.0881315768,-0.143648684,0.0692304969,0.983262479
26888904571563,25716,-0.715085089,0.0401614532,-0.923518181,-0.0838603973,-0.136628866,0.0746653676,0.984238327
26888920966772,25733,-0.721381009,0.0388190076,-0.929558575,-0.0773543268,-0.130028293,0.0845229775,0.98486793
26888937656980,25749,-0.727532685,0.0385824963,-0.935538292,-0.0704149604,-0.123718731,0.098689504,0.984883666
26888954342970,25766,-0.734203458,0.0392704085,-0.942039609,-0.0628991872,-0.115984261,0.118692398,0.984125733
26888971010782,25782,-0.740655422,0.0406021215,-0.948217273,-0.056504786,-0.10778179,0.141366541,0.982448936
26888987652032,25799,-0.747709036,0.0427729115,-0.954749227,-0.0508573502,-0.0991536528,0.168401897,0.979399264
26889004322501,25815,-0.754588485,0.0454451293,-0.96084708,-0.0464469008,-0.0923358575,0.19604297,0.975132763
26889020997761,25832,-0.762197018,0.0487554595,-0.967342317,-0.0423002206,-0.0864258185,0.227440581,0.969026446
26889037660209,25848,-0.769499242,0.0521637052,-0.97345978,-0.0389970876,-0.081662789,0.25824824,0.961830735
26889054343751,25865,-0.777482629,0.0558556914,-0.980083644,-0.0359139889,-0.0778509229,0.291134655,0.952832639
26889070993803,25882,-0.785651922,0.0593803898,-0.986864746,-0.0328254066,-0.0764268935,0.323347777,0.942617536
26889087650938,25898,-0.793435335,0.0624401048,-0.993341446,-0.0299841538,-0.0771382749,0.352721065,0.932061434
26889104442240,25915,-0.801890552,0.0653727204,-1.0004431,-0.0278045163,-0.0789821297,0.382678092,0.92007947
26889120986615,25932,-0.810388863,0.0679840147,-1.00792944,-0.0269218627,-0.0805398822,0.411163062,0.907597721
26889137762345,25948,-0.818453431,0.0700234324,-1.01550639,-0.0276205894,-0.0804717615,0.436783969,0.895534039
26889154445470,25965,-0.826946616,0.0717156902,-1.02409804,-0.0303190127,-0.0774310231,0.462771058,0.882569075
26889170991199,25982,-0.835210562,0.0731137171,-1.03310299,-0.0344320014,-0.0706688911,0.48661235,0.870074034
26889187662397,25998,-0.842963517,0.0741704851,-1.04183137,-0.0380741693,-0.0638399646,0.506159186,0.859230936
26889204331095,26014,-0.850809574,0.0746895522,-1.05074883,-0.0395112298,-0.0601221286,0.522895396,0.8493554
26889221050678,26031,-0.859238088,0.074549146,-1.06049538,-0.0384486951,-0.0609633923,0.537793219,0.839990258
26889237693490,26047,-0.867124796,0.0740400106,-1.06984353,-0.0365822241,-0.0651166216,0.549991071,0.831824124
26889254396667,26064,-0.875428557,0.0735495836,-1.07997882,-0.0353163332,-0.0711536482,0.562316716,0.823097706
26889270988178,26081,-0.883611917,0.0731318444,-1.09035695,-0.0352086686,-0.0786087215,0.575618565,0.813169301
26889287663490,26097,-0.891234159,0.0728159249,-1.10026217,-0.0366938487,-0.0874245092,0.589685202,0.802048624
26889304327136,26114,-0.899364829,0.0728370994,-1.11077511,-0.0407851711,-0.0983283296,0.60546124,0.788723588
26889320992449,26130,-0.907124698,0.0731822476,-1.12051535,-0.046717193,-0.110928424,0.620192289,0.775160611
26889337657917,26147,-0.915553272,0.0736619979,-1.13101053,-0.0536417179,-0.127975449,0.635801554,0.759276807
26889354335105,26163,-0.923566997,0.0742200464,-1.14084983,-0.0601939484,-0.146512419,0.649949431,0.743287683
26889370994376,26180,-0.932392836,0.0749062598,-1.15131986,-0.0672441795,-0.167669713,0.663653135,0.72589922
26889387662240,26196,-0.9409917,0.0756604522,-1.16137278,-0.0732565373,-0.187937587,0.675447404,0.709284067
26889404354011,26212,-0.949818969,0.0766287744,-1.17151332,-0.0783916041,-0.206879228,0.686344147,0.69281137
26889420993907,26230,-0.960062504,0.0779966265,-1.18298697,-0.0836378336,-0.225492701,0.697545111,0.674973011
26889437667501,26246,-0.969428599,0.0794854537,-1.19281471,-0.0882176906,-0.240633324,0.706404805,0.659776986
26889454326563,26262,-0.979167342,0.0811161846,-1.20237541,-0.0924338549,-0.255082995,0.714036822,0.645399272
26889470993751,26280,-0.990707397,0.0829733461,-1.21281791,-0.0965643898,-0.270826191,0.72068125,0.630830467
26889487656511,26296,-1.00147963,0.0845298022,-1.22180688,-0.0993757173,-0.284015834,0.724878967,0.619685411
26889504327240,26312,-1.01261854,0.0860800147,-1.23072338,-0.10125304,-0.295708984,0.728166103,0.609982133
26889520989219,26329,-1.02476656,0.0879457816,-1.23990095,-0.102925964,-0.306845009,0.73092097,0.600838542
26889537657397,26346,-1.0373522,0.0901728421,-1.24883127,-0.104896463,-0.316723615,0.732417285,0.593504667
26889554325626,26362,-1.04939175,0.0927790552,-1.2568723,-0.106363378,-0.324593395,0.732754529,0.588554859
26889571020053,26378,-1.06159568,0.0958748683,-1.26472819,-0.106707305,-0.330556571,0.732592523,0.585366666
26889587663751,26395,-1.07456851,0.0994647965,-1.27287316,-0.106244981,-0.334890097,0.732097507,0.583604217
26889604424480,26411,-1.08658493,0.102980927,-1.28004611,-0.105817288,-0.337736696,0.730953395,0.58347559
26889621956251,26430,-1.10099828,0.106936872,-1.28844512,-0.105867133,-0.340993553,0.728273749,0.5849213
26889637682917,26445,-1.11245203,0.109947912,-1.29491067,-0.106064655,-0.343225449,0.724961281,0.587688565
26889654344271,26461,-1.12475252,0.113030665,-1.30189204,-0.104917027,-0.343977869,0.721451342,0.591759741
26889670992449,26478,-1.13755667,0.116212063,-1.30959415,-0.101881437,-0.341174811,0.719060481,0.5968014
26889687660938,26495,-1.14997101,0.119500227,-1.31777382,-0.0978894979,-0.331728458,0.718301237,0.603669882
26889704328386,26511,-1.16144621,0.122756831,-1.32634258,-0.0928181559,-0.31458813,0.719282568,0.612414658
26889721012657,26527,-1.17239738,0.126191258,-1.33551276,-0.0850680619,-0.288057595,0.721823096,0.623504341
26889737653282,26545,-1.18431258,0.129986763,-1.34660423,-0.0728456378,-0.248763919,0.725462914,0.637584209
26889754420782,26561,-1.19453692,0.133167341,-1.35691929,-0.0586036779,-0.207602903,0.728001237,0.650754154
26889771007449,26577,-1.204566,0.135953411,-1.36749542,-0.0419889018,-0.161958471,0.727821231,0.665043414
26889787657605,26593,-1.21458161,0.138238594,-1.37805152,-0.0243186411,-0.114641294,0.723083735,0.680746615
26889804321459,26611,-1.22588575,0.140128866,-1.38959968,-0.00428098813,-0.0635651872,0.711425126,0.699868262
26889820990261,26627,-1.23621202,0.141072392,-1.39943194,0.0130107831,-0.0219130218,0.695899069,0.717687309
26889837666042,26643,-1.24668062,0.141572013,-1.40867925,0.0282506794,0.015514059,0.676310241,0.735911489
26889854330157,26660,-1.25813591,0.1417294,-1.41784286,0.0404934138,0.0499763526,0.652791619,0.754801869
26889870996407,26677,-1.26959789,0.141981527,-1.42622566,0.0485500768,0.0793844461,0.62843883,0.772273123
26889887658438,26693,-1.28001964,0.142402574,-1.43365252,0.0540484264,0.103872262,0.606193841,0.786650121
26889904330886,26710,-1.29093194,0.143086001,-1.44134545,0.0587883443,0.127871871,0.583448827,0.799862683
26889920987865,26726,-1.3011024,0.14393343,-1.44857645,0.0629434735,0.149334088,0.562100589,0.811036646
26889937656459,26743,-1.3119247,0.144691557,-1.45625806,0.0684787557,0.171020105,0.538830876,0.822024345
26889954326251,26759,-1.32203698,0.145315751,-1.46360981,0.0742673948,0.189245522,0.516693234,0.831684232
26889970993490,26776,-1.33270597,0.146064922,-1.47138345,0.079501234,0.205614343,0.49307248,0.841594815
26889987800990,26792,-1.34276748,0.14699544,-1.47852099,0.083878383,0.21776557,0.470601112,0.850927293
26890004333490,26809,-1.35347724,0.148257345,-1.48605168,0.0883924738,0.226916939,0.446857184,0.860821843
26890021198126,26826,-1.36418712,0.14976871,-1.49357843,0.0922119096,0.232928813,0.423993379,0.870328009
26890037655105,26842,-1.37424433,0.151485503,-1.50094497,0.0947337002,0.236807033,0.403960764,0.878500819
26890054384376,26858,-1.38417232,0.153456897,-1.50865293,0.0960260257,0.239923924,0.386104494,0.885516107
26890070999428,26875,-1.39458489,0.155867919,-1.51704884,0.0962202251,0.242696747,0.369951129,0.891614318
26890087654688,26892,-1.40487206,0.158658192,-1.5255022,0.0956455544,0.244287997,0.356827438,0.896576583
26890104758907,26909,-1.41489208,0.161781058,-1.53397286,0.0946603939,0.243976459,0.345910758,0.901033163
26890120996198,26925,-1.42423761,0.164867043,-1.54202831,0.0932103246,0.240832016,0.336523354,0.905573785
26890137673125,26941,-1.43367338,0.167902634,-1.5500294,0.0916029513,0.234685004,0.327987701,0.910470188
26890154325990,26959,-1.44423652,0.171355382,-1.55917966,0.0896799639,0.226865128,0.319974542,0.915481329
26890170991303,26975,-1.45349908,0.174429819,-1.56769097,0.0871430188,0.221314847,0.314886272,0.918843031
26890187637032,26991,-1.46260846,0.177640051,-1.57634902,0.0835343152,0.217889354,0.311368763,0.921192586
26890204321303,27007,-1.4716835,0.181192324,-1.5850178,0.0793539211,0.216072828,0.307662934,0.923232913
26890221028282,27024,-1.4816134,0.184894159,-1.5944227,0.0749424621,0.214289039,0.301133156,0.92616564
26890237693334,27040,-1.49100423,0.188300356,-1.60343075,0.0712905303,0.211479515,0.290070623,0.930619776
26890254324896,27058,-1.50175619,0.191690072,-1.61370742,0.0683950558,0.205700517,0.270253152,0.938068569
26890270987761,27074,-1.51174247,0.194435343,-1.62294376,0.0673244968,0.199124783,0.246176824,0.946157396
26890287657865,27090,-1.52182257,0.197272122,-1.632303,0.067764692,0.193698853,0.217100337,0.954335511
26890304337917,27108,-1.53328252,0.200525254,-1.64305973,0.0693949759,0.189418852,0.18120414,0.962533116
26890321012657,27124,-1.54332983,0.203680128,-1.65284324,0.0720268711,0.187049255,0.148934364,0.968319893
26890337655990,27140,-1.55306721,0.206920803,-1.66287339,0.0756162852,0.185561568,0.117994376,0.972587466
26890354325469,27157,-1.56255198,0.210719243,-1.67357695,0.0791139677,0.18293193,0.0878770724,0.975989044
26890370988073,27174,-1.57104516,0.214871541,-1.68438876,0.0817349255,0.176742092,0.062307585,0.978876591
26890387665677,27190,-1.57814944,0.219158038,-1.69459629,0.083738029,0.167689785,0.0436649099,0.981306076
26890404925625,27207,-1.58443904,0.224233374,-1.70521319,0.0846429169,0.15658018,0.0297453292,0.98358202
26890421075105,27223,-1.58923638,0.229247302,-1.71505034,0.0837074891,0.1453612,0.0216197204,0.985594153
26890437660730,27240,-1.59316576,0.234655887,-1.7251693,0.0810910165,0.132451341,0.0179565549,0.987703621
26890454349271,27256,-1.5957557,0.239604592,-1.73470795,0.077228643,0.121184312,0.0178549495,0.98946017
26890470998282,27273,-1.59724367,0.244598627,-1.74482214,0.071808137,0.111522503,0.0186828487,0.990988016
26890487725052,27289,-1.59780431,0.248941094,-1.75411189,0.0659407899,0.103415765,0.018090345,0.992285073
26890504336719,27306,-1.59805501,0.253095418,-1.76389432,0.0599242151,0.0939056799,0.014292337,0.993673325
26890520985365,27323,-1.59791768,0.256935894,-1.77345216,0.0549031533,0.0835477486,0.00584730692,0.994973004
26890537654479,27339,-1.59796667,0.260099381,-1.7825129,0.0500148982,0.073970899,-0.00578398909,0.995988667
26890558365834,27356,-1.5980612,0.263551861,-1.79362607,0.0437307917,0.0650728345,-0.0208220761,0.9967044
26890571024948,27372,-1.59812832,0.265859514,-1.80229747,0.0391498655,0.0625091791,-0.0307957716,0.996800721
26890587663542,27389,-1.59815693,0.268508941,-1.81313217,0.0328171216,0.0647087693,-0.0404620245,0.996543407
26890604322240,27405,-1.59801304,0.271129727,-1.82330847,0.0256293416,0.0711213201,-0.0461986437,0.996067584
26890621010573,27421,-1.59827602,0.273757637,-1.833758,0.0172576644,0.0803695843,-0.0479184277,0.995463133
26890637676563,27439,-1.59835672,0.276791185,-1.84519792,0.00710790837,0.0943563581,-0.0454635434,0.994474471
26890654421198,27455,-1.59848857,0.279717356,-1.85566974,-0.00253842375,0.108527757,-0.0414656885,0.993224978
26890670994896,27471,-1.59909475,0.282774955,-1.86602592,-0.0109488126,0.119378746,-0.0367409438,0.992108345
26890687653177,27488,-1.60012949,0.286067814,-1.87662697,-0.0178177673,0.12572065,-0.0316783153,0.991399765
26890704354427,27505,-1.60183322,0.289249539,-1.88707972,-0.0244190842,0.131089255,-0.0264510959,0.990716815
26890720971979,27521,-1.60334694,0.29240337,-1.89629674,-0.0307149068,0.138677031,-0.0215052702,0.9896276
26890737729427,27537,-1.60528302,0.295660138,-1.90575504,-0.0365646556,0.148464426,-0.0162319802,0.988108277
26890754321615,27555,-1.60768151,0.299632698,-1.91599393,-0.0424192548,0.159678787,-0.0101756696,0.986204743
26890771037448,27571,-1.60983312,0.303255141,-1.92450118,-0.04667129,0.168057173,-0.00571155502,0.984655321
26890787676250,27587,-1.61245024,0.306864887,-1.93271554,-0.0500118658,0.175021663,-0.00308417412,0.983288765
26890804324115,27604,-1.61557817,0.310785025,-1.94093013,-0.0529801212,0.181482539,-0.00237895432,0.981963098
26890821628490,27621,-1.61896884,0.314591676,-1.94871032,-0.0557887964,0.186806396,-0.00257249479,0.980808079
26890837673594,27637,-1.62230039,0.318235219,-1.95531416,-0.0587809645,0.190996006,-0.00241988851,0.979826331
26890854339011,27653,-1.62538409,0.321920782,-1.96157205,-0.0629065931,0.194462314,-0.00187640218,0.978888988
26890871014115,27670,-1.62840915,0.326107413,-1.96775937,-0.0685575679,0.19658646,-0.00116871798,0.978085995
26890887654792,27687,-1.63133895,0.330658138,-1.97320068,-0.0742782354,0.195979744,-0.000478900911,0.977790654
26890904349688,27703,-1.63401759,0.334861517,-1.97783828,-0.078501761,0.192892849,0.000681443431,0.978074372
26890920991094,27720,-1.63681567,0.339241147,-1.98214316,-0.0826481357,0.188398659,0.00276465341,0.978604913
26890937653594,27736,-1.63915944,0.343079776,-1.98586774,-0.0869190022,0.183920413,0.00578891765,0.979073465
26890954376511,27753,-1.64128065,0.347211093,-1.98926651,-0.0928324312,0.179331139,0.0103162015,0.979344726
26890970990938,27770,-1.64285612,0.351662278,-1.99225521,-0.100537121,0.175649107,0.0146073578,0.979196787
26890987663542,27786,-1.64398181,0.355956286,-1.99480414,-0.108289458,0.172701895,0.016842857,0.978858411
26891004319427,27802,-1.64510548,0.360212564,-1.99674487,-0.115048543,0.16997005,0.0168579277,0.978565216
26891020988542,27819,-1.64577854,0.364289254,-1.99849999,-0.121172607,0.16827625,0.0142557835,0.978160083
26891037661875,27836,-1.64613509,0.3682307,-1.99972045,-0.127515137,0.167145535,0.00934377406,0.977606773
26891054356615,27852,-1.64620185,0.37204349,-2.00070429,-0.133274183,0.165501878,0.00259462395,0.977159381
26891070993386,27869,-1.64603508,0.376142949,-2.00139999,-0.138296217,0.162863731,-0.00630644802,0.976887822
26891087654063,27886,-1.64565349,0.38031742,-2.00153494,-0.143271476,0.159452781,-0.0154834948,0.976631165
26891104330729,27902,-1.64478779,0.384124547,-2.0016005,-0.14832516,0.155974507,-0.0230650268,0.976288736
26891120988906,27918,-1.64361608,0.387957364,-2.00147605,-0.152820125,0.152642101,-0.0292083863,0.975957692
26891137657917,27936,-1.64172828,0.392187923,-2.00160909,-0.15772453,0.149047136,-0.0339854136,0.975578308
26891154425417,27952,-1.63978994,0.396062493,-2.00161719,-0.162722051,0.145410419,-0.0361859612,0.975227118
26891170991094,27968,-1.63782549,0.400170565,-2.00137162,-0.167774796,0.140881136,-0.0373411328,0.974992216
26891187686927,27984,-1.63577127,0.404280722,-2.00136256,-0.172100693,0.135210603,-0.0383537486,0.975001812
26891204324896,28002,-1.63378716,0.408909738,-2.00138879,-0.176159322,0.127748445,-0.0393770449,0.975242376
26891220990208,28018,-1.63237643,0.412863404,-2.00162601,-0.179102466,0.120707758,-0.039900735,0.975581884
26891237663281,28035,-1.63135564,0.416787356,-2.00153422,-0.181494415,0.113873705,-0.0401652418,0.97595048
26891254376615,28051,-1.63067007,0.42021963,-2.00111651,-0.184839085,0.107898906,-0.0402900539,0.975996494
26891270991302,28068,-1.63042247,0.423844188,-2.00043106,-0.190423101,0.10092964,-0.0399374962,0.975683033
26891287653594,28084,-1.63079834,0.427300006,-1.99957907,-0.197501525,0.0935873091,-0.0394081324,0.975029051
26891304345573,28101,-1.63163269,0.430832356,-1.99860811,-0.207370266,0.0850986615,-0.039067056,0.973770797
26891321038698,28117,-1.63312268,0.43410778,-1.99726033,-0.21865502,0.0760974959,-0.0391097777,0.972044051
26891337655833,28134,-1.63530505,0.437327296,-1.99582314,-0.23175177,0.0654935464,-0.0395589173,0.969761193
26891354340573,28151,-1.63793969,0.440486073,-1.99452043,-0.247248054,0.053820923,-0.0404746719,0.966609299
26891370988177,28167,-1.64173949,0.44399488,-1.99465466,-0.267873436,0.0392814241,-0.0389027148,0.961866677
26891387671771,28183,-1.64657164,0.447230399,-1.9956646,-0.284559309,0.0262395088,-0.0337538831,0.957704604
26891404347812,28200,-1.65171337,0.450666606,-1.99730301,-0.300267488,0.0185425188,-0.0306621064,0.953181803
26891421012656,28217,-1.65673018,0.453822017,-1.9998349,-0.310139477,0.0134070693,-0.0291362666,0.950149894
26891438519687,28234,-1.66192067,0.455593854,-2.00275183,-0.306661725,0.00911684241,-0.026189398,0.951414585
26891454551667,28250,-1.66660726,0.456220061,-2.0057857,-0.294215858,0.0075897933,-0.0222156122,0.955450654
26891470987135,28266,-1.67127776,0.456488669,-2.00870872,-0.27715224,0.00876546558,-0.0182683915,0.960612357
26891488101771,28283,-1.67680132,0.456936002,-2.01131415,-0.257456243,0.0101300692,-0.0155737791,0.966111422
26891504386406,28299,-1.6825062,0.457871228,-2.01412129,-0.241961673,0.00716144545,-0.0148780625,0.970145285
26891521003698,28316,-1.68924177,0.45960629,-2.01759529,-0.229405805,-0.000420612545,-0.0146295773,0.973220825
26891537656667,28333,-1.69592154,0.461647421,-2.02186084,-0.218087941,-0.00743152294,-0.0131437583,0.975812376
26891554324062,28349,-1.70231831,0.46372056,-2.02607989,-0.209072456,-0.0121899769,-0.0118698869,0.977752149
26891571102500,28366,-1.7096833,0.465957373,-2.03038478,-0.202073961,-0.0169216003,-0.0132314339,0.979134679
26891587792969,28382,-1.71702397,0.467920005,-2.03456211,-0.196983919,-0.0214151181,-0.0175139382,0.980016351
26891604321094,28399,-1.72535241,0.470018804,-2.03908348,-0.193081737,-0.0257082973,-0.0235819537,0.980562329
26891621054114,28415,-1.73340034,0.472108185,-2.04367185,-0.190291733,-0.0286055878,-0.0286897719,0.980891347
26891637659323,28432,-1.74222291,0.474503517,-2.04878211,-0.188464448,-0.0307875928,-0.032166902,0.981070101
26891654333229,28449,-1.75107026,0.477072895,-2.05412221,-0.187953338,-0.0321692079,-0.0341301113,0.981057525
26891670996614,28465,-1.75919306,0.479578495,-2.05940223,-0.188871279,-0.0326288864,-0.0354702845,0.98081851
26891687655833,28481,-1.76736772,0.481968373,-2.06456804,-0.190413639,-0.0323584974,-0.03702439,0.98047173
26891704339531,28499,-1.77621663,0.484481573,-2.0704596,-0.191595569,-0.0318891332,-0.0396135077,0.980155587
26891720995312,28515,-1.78423417,0.486596018,-2.07576561,-0.191770196,-0.0317941196,-0.0423769616,0.98000896
26891737652187,28531,-1.79217958,0.48866418,-2.0814507,-0.190804437,-0.0316293687,-0.0449136123,0.980089784
26891754870052,28548,-1.80044985,0.49078083,-2.08768225,-0.188763797,-0.0312763043,-0.0470565036,0.980395734
26891770994531,28565,-1.80873501,0.492791325,-2.09391665,-0.186147735,-0.0310388096,-0.0488177948,0.980817258
26891787657552,28581,-1.8161782,0.494609445,-2.10005951,-0.183230683,-0.0312356912,-0.0503948145,0.981280446
26891804395156,28597,-1.82348549,0.496274412,-2.10625458,-0.180254817,-0.0318625681,-0.0517232157,0.981742203
26891821020989,28614,-1.8306694,0.497861385,-2.11335969,-0.177365124,-0.0327209644,-0.0528243519,0.982181609
26891837776250,28630,-1.83723319,0.499106109,-2.1201725,-0.175296664,-0.0335401483,-0.0536387227,0.982481062
26891854336927,28647,-1.84379601,0.500243068,-2.12761188,-0.17422843,-0.0344010629,-0.0544944443,0.982594252
26891870995677,28664,-1.84987032,0.500992775,-2.13540316,-0.174359918,-0.0352306291,-0.0557764918,0.982469618
26891887808489,28680,-1.85527599,0.501198947,-2.14285159,-0.175597608,-0.0367130227,-0.0582200699,0.982053041
26891904358229,28697,-1.86026621,0.500940561,-2.15112066,-0.177771553,-0.0404015072,-0.0622061528,0.981272399
26891920993281,28714,-1.86470532,0.500083625,-2.15961695,-0.180900186,-0.0468626767,-0.0669750571,0.980098724
26891937652135,28730,-1.86778891,0.49891454,-2.168226,-0.184863374,-0.0551526211,-0.0722560734,0.978551447
26891954324635,28746,-1.87014008,0.497350514,-2.17716718,-0.189254329,-0.0651682019,-0.0783279762,0.976627171
26891971008802,28764,-1.87200856,0.495005488,-2.18759871,-0.193885431,-0.0784059316,-0.085946925,0.974101663
26891987662708,28780,-1.87259853,0.492337018,-2.19734955,-0.196622476,-0.091776751,-0.0935658738,0.971680105
26892004322916,28796,-1.87242365,0.489049256,-2.20740032,-0.196886674,-0.106538638,-0.101710111,0.969298899
26892021061979,28812,-1.87144613,0.485141933,-2.21780968,-0.194690466,-0.122418739,-0.11010997,0.966946304
26892037659375,28830,-1.86981142,0.480073273,-2.22990084,-0.190647274,-0.141485706,-0.119032286,0.964088619
26892054441250,28846,-1.86743164,0.475040376,-2.24125504,-0.186102316,-0.159353152,-0.126061931,0.961291313
26892070994427,28862,-1.86458671,0.469699115,-2.25325537,-0.181325793,-0.1777336,-0.131717622,0.958218277
26892087658073,28879,-1.86136961,0.463698328,-2.2667408,-0.17671226,-0.196879044,-0.136086226,0.954720974
26892104326979,28896,-1.8576057,0.45709756,-2.28094769,-0.172086328,-0.215075567,-0.138394952,0.951302111
26892120987448,28912,-1.85392308,0.450357854,-2.29483175,-0.167402849,-0.230859935,-0.138963431,0.948350787
26892137707239,28928,-1.84989274,0.443176925,-2.30917549,-0.162289053,-0.24515219,-0.138936684,0.945652902
26892154327500,28946,-1.84532702,0.434494764,-2.32582021,-0.156289965,-0.259985596,-0.138107583,0.94281882
26892170995156,28962,-1.84113777,0.426245511,-2.34109807,-0.150809065,-0.272119433,-0.136668906,0.94049418
26892187657760,28978,-1.83689559,0.417463303,-2.35670567,-0.145304039,-0.283088773,-0.135059074,0.938353121
26892204440208,28995,-1.83268297,0.407503963,-2.37357068,-0.139925301,-0.294185281,-0.132769316,0.93608135
26892220990156,29012,-1.82840037,0.396971047,-2.39065099,-0.135139108,-0.304731458,-0.129968584,0.933801055
26892237724323,29028,-1.82452893,0.386507928,-2.40672636,-0.131210834,-0.313866884,-0.127286136,0.931702495
26892254370000,29045,-1.82034969,0.37482518,-2.42369795,-0.127477184,-0.322856098,-0.124390364,0.929537833
26892271019948,29061,-1.81655669,0.363345265,-2.43952107,-0.124581702,-0.330665261,-0.121920012,0.927510321
26892287654948,29078,-1.81292772,0.350766003,-2.45623183,-0.122465476,-0.338453293,-0.11932373,0.925318003
26892304351093,29094,-1.80948293,0.338701844,-2.47183824,-0.121406019,-0.345021844,-0.116407335,0.923401296
26892320987708,29111,-1.80589056,0.325629503,-2.48797822,-0.121615179,-0.350430638,-0.113051005,0.921752453
26892337662552,29127,-1.80222619,0.313428909,-2.50285578,-0.12282677,-0.354058862,-0.110140741,0.920556843
26892354514062,29144,-1.79829574,0.300584853,-2.51815414,-0.124570966,-0.357381195,-0.107387267,0.91936326
26892370989166,29161,-1.79476154,0.287924916,-2.53291368,-0.126663819,-0.360821068,-0.10496489,0.91801244
26892387664270,29177,-1.79146838,0.276393205,-2.54649186,-0.129261032,-0.363772511,-0.103494272,0.916651607
26892404417291,29193,-1.78815794,0.265158296,-2.55970979,-0.132348686,-0.365811795,-0.102816761,0.915474892
26892421026354,29211,-1.78438818,0.253270358,-2.57444787,-0.136055976,-0.367054999,-0.102848664,0.914429724
26892437699114,29227,-1.78111196,0.24334538,-2.58743596,-0.138842732,-0.368331671,-0.102534473,0.913532257
26892454323385,29243,-1.77799106,0.233938694,-2.60048604,-0.139470875,-0.370272368,-0.101054244,0.912816763
26892470988437,29260,-1.77496922,0.224450409,-2.61460638,-0.138678074,-0.372582138,-0.0982793868,0.912300467
26892487653802,29277,-1.77234316,0.215475142,-2.62906146,-0.138638347,-0.373860329,-0.0949424654,0.912136912
26892504359062,29293,-1.77014434,0.207859427,-2.64301181,-0.140463248,-0.373097241,-0.0920723155,0.91246444
26892521018229,29309,-1.76815176,0.201282233,-2.65716481,-0.144146234,-0.370308459,-0.089469552,0.913284659
26892537653802,29327,-1.76622272,0.195296273,-2.67349434,-0.150338218,-0.365348518,-0.0864353627,0.914575279
26892554326354,29343,-1.76483548,0.190798387,-2.68830895,-0.15626502,-0.359776706,-0.0832638741,0.916083574
26892570988802,29360,-1.7638272,0.186583906,-2.70445657,-0.162647247,-0.352900296,-0.0790080726,0.918022335
26892587659843,29376,-1.76335347,0.183185026,-2.72017217,-0.169192702,-0.345740378,-0.0742759928,0.919956863
26892604352552,29392,-1.7633009,0.18027769,-2.73638439,-0.175781235,-0.338500708,-0.0688181072,0.921836436
26892620987083,29409,-1.76364803,0.177831769,-2.75430822,-0.181597412,-0.330944866,-0.0624698214,0.923902333
26892637664583,29426,-1.76444232,0.17589739,-2.77287841,-0.185144693,-0.323470533,-0.0557988621,0.926269352
26892654325677,29442,-1.76565564,0.174386442,-2.79084039,-0.186337277,-0.316042244,-0.0492144078,0.92896378
26892671015885,29458,-1.76737416,0.173066676,-2.80918336,-0.185864449,-0.307329178,-0.0428163074,0.932292879
26892687679218,29476,-1.76988113,0.171857417,-2.83009505,-0.184064135,-0.295733511,-0.0369471237,0.936641395
26892704331145,29492,-1.77263248,0.171221465,-2.84891987,-0.181570545,-0.284968227,-0.032912083,0.940607309
26892720992135,29508,-1.77595234,0.171042189,-2.86798882,-0.178016439,-0.27477175,-0.029586684,0.944423258
26892737671874,29524,-1.77977645,0.171224147,-2.8871994,-0.173525125,-0.26502043,-0.0271103028,0.948112965
26892754326145,29542,-1.78464627,0.171729341,-2.90878654,-0.168128535,-0.253524214,-0.0252657179,0.952270925
26892771014374,29558,-1.78937042,0.172370747,-2.92784739,-0.163632676,-0.24205932,-0.0241807699,0.956058025
26892787660416,29574,-1.79441059,0.173167661,-2.94678855,-0.159636945,-0.229235351,-0.0229864325,0.959916055
26892804362708,29592,-1.80027747,0.174293771,-2.96783495,-0.155263722,-0.212943211,-0.0216686167,0.964406013
26892821053645,29608,-1.80554426,0.175470769,-2.9863162,-0.151211709,-0.197467476,-0.0203249753,0.968363822
26892837669687,29624,-1.81078982,0.176702037,-3.00465035,-0.146556333,-0.181748599,-0.018555196,0.972185433
26892854322447,29641,-1.81619489,0.177840069,-3.02385759,-0.14099066,-0.16501531,-0.0164287798,0.976023436
26892871057343,29658,-1.82149172,0.178825349,-3.04279256,-0.135003,-0.148567319,-0.0141353905,0.979541838
26892887653333,29674,-1.8262378,0.179639816,-3.06027555,-0.129177481,-0.133581206,-0.0124099255,0.982504606
26892904342968,29690,-1.83058894,0.180279315,-3.07733393,-0.123545058,-0.119556248,-0.011246765,0.985046446
26892920992239,29707,-1.83466995,0.180861294,-3.09504676,-0.117944457,-0.10626813,-0.0107581848,0.98725909
26892937704114,29724,-1.83805561,0.181203917,-3.11229086,-0.112723142,-0.0953816399,-0.0109014809,0.98897779
26892954324374,29740,-1.84053791,0.181189358,-3.12795377,-0.108364552,-0.0874093771,-0.0115848649,0.990193188
26892970985937,29757,-1.84223425,0.180751979,-3.14385819,-0.104841001,-0.0808309093,-0.0133494893,0.991108775
26892987807499,29773,-1.84293187,0.180100843,-3.15820122,-0.102518305,-0.0766013861,-0.0156652555,0.991653621
26893004322604,29790,-1.84268081,0.179325089,-3.17288971,-0.100705914,-0.0745194182,-0.018002538,0.991958261
26893021009426,29807,-1.84122467,0.17838113,-3.18708134,-0.0997235924,-0.0747996196,-0.0193080623,0.992011845
26893037716093,29823,-1.83870292,0.177381337,-3.19995332,-0.0995141566,-0.0765505508,-0.0192881674,0.991899669
26893054320729,29839,-1.83505201,0.17618987,-3.21245074,-0.0999314934,-0.0791847706,-0.0181873571,0.991671681
26893071034843,29856,-1.82993591,0.174837738,-3.22542906,-0.10096246,-0.0829585046,-0.0159649011,0.991296947
26893087649947,29873,-1.82346737,0.17341353,-3.2382443,-0.102085896,-0.0878109112,-0.0130230365,0.990806818
26893104344062,29889,-1.81621134,0.171936512,-3.25009108,-0.103122957,-0.0937320888,-0.010334068,0.990188479
26893120990676,29906,-1.80753231,0.170309275,-3.26227951,-0.104511023,-0.1021652,-0.00822505355,0.98922807
26893137652447,29923,-1.79790175,0.16856496,-3.27417779,-0.106325932,-0.1127223,-0.00740717165,0.987893581
26893154367083,29939,-1.78809702,0.167072088,-3.28495669,-0.108483247,-0.124443039,-0.00777081912,0.986247897
26893170992187,29956,-1.77687073,0.165630177,-3.29595089,-0.110645898,-0.138110101,-0.00887867808,0.984176993
26893187672708,29972,-1.7653749,0.164289281,-3.30582857,-0.111667335,-0.151382491,-0.0103841219,0.982092679
26893204953437,29989,-1.75223351,0.162778288,-3.31592846,-0.111638978,-0.165922776,-0.012128396,0.979724169
26893221042135,30006,-1.73815024,0.161021888,-3.32556748,-0.110577576,-0.180945307,-0.0142086633,0.977153778
26893238819426,30023,-1.7231729,0.159173712,-3.33422661,-0.108336411,-0.196787998,-0.0170026589,0.974294007
26893254339791,30038,-1.70947874,0.157354176,-3.34117365,-0.105533987,-0.212028995,-0.0199981891,0.971342623
26893271083801,30055,-1.69351232,0.155057937,-3.3483305,-0.101955146,-0.231054634,-0.0234437305,0.967300057
26893287658697,30072,-1.67709029,0.152543455,-3.35466576,-0.0984440073,-0.25127241,-0.0268254299,0.96252346
26893304327187,30088,-1.66134787,0.150043041,-3.35982156,-0.095807001,-0.270659953,-0.0301488321,0.957421184
26893320990416,30104,-1.64542627,0.147542253,-3.36407518,-0.0943390876,-0.290356338,-0.0333901569,0.951671422
26893337658333,30122,-1.62739599,0.14467445,-3.36795855,-0.0941795558,-0.312816709,-0.036403168,0.944431484
26893354757760,30138,-1.61132097,0.14202638,-3.37068725,-0.0952089801,-0.332495749,-0.0383402556,0.93750304
26893371000103,30154,-1.59531808,0.139312476,-3.37274671,-0.0968444794,-0.351399362,-0.0398193151,0.930351615
26893387657187,30170,-1.57939613,0.136555821,-3.37429404,-0.0987512395,-0.369684041,-0.0405946337,0.92300272
26893406053697,30189,-1.56060696,0.133163258,-3.37580228,-0.101065055,-0.390775084,-0.0405416228,0.914022505
26893420990624,30204,-1.54597819,0.130431786,-3.37679911,-0.102806881,-0.406963885,-0.0399357267,0.906761467
26893437667083,30220,-1.53061378,0.127675802,-3.37755775,-0.104679435,-0.42388621,-0.0390550196,0.89879781
26893454375572,30237,-1.51471424,0.124895439,-3.37881875,-0.106938675,-0.441625893,-0.0380555503,0.889990211
26893470996770,30254,-1.49918783,0.122383982,-3.38006163,-0.110236749,-0.459127992,-0.0370862223,0.880723596
26893487653280,30270,-1.48496294,0.120536141,-3.38111949,-0.11519888,-0.475182325,-0.0361553319,0.871564031
26893504367239,30287,-1.47019362,0.119131282,-3.3826797,-0.122139715,-0.491452247,-0.0348632075,0.861592233
26893520989114,30303,-1.45659411,0.118342638,-3.38447547,-0.129478171,-0.505818486,-0.0330348052,0.852227569
26893537654322,30320,-1.44245386,0.117953442,-3.3874886,-0.137477681,-0.520007312,-0.0300825238,0.842488766
26893554325364,30337,-1.4285475,0.118006237,-3.3911984,-0.144646898,-0.532922328,-0.0258643199,0.833307922
26893571004374,30353,-1.41572523,0.11849238,-3.39549375,-0.15033938,-0.543738961,-0.0208836105,0.825415015
26893587661457,30369,-1.40313554,0.119351484,-3.40081429,-0.155110508,-0.55309701,-0.0154378414,0.818404675
26893604417030,30386,-1.39011574,0.120770454,-3.40778589,-0.159126922,-0.561307132,-0.00979641452,0.812106431
26893621093437,30403,-1.37749445,0.122833498,-3.41649413,-0.162035316,-0.567790091,-0.00488024298,0.807053447
26893637730989,30419,-1.36591446,0.125437379,-3.42546296,-0.16313234,-0.572417259,-0.000865460432,0.803570569
26893654404062,30435,-1.35483575,0.128410399,-3.43572879,-0.162199125,-0.575546324,0.00272992044,0.801517606
26893670994530,30453,-1.34291458,0.132058442,-3.44877791,-0.15889515,-0.577177644,0.00603101961,0.800988197
26893687655624,30469,-1.33270252,0.135594904,-3.46131563,-0.15437904,-0.57700485,0.00816866383,0.801976204
26893704564895,30484,-1.32360005,0.139066517,-3.47427392,-0.1493323,-0.575465679,0.00956641138,0.80401969
26893720993853,30502,-1.31333435,0.143495858,-3.49094534,-0.142949164,-0.571920216,0.0104351304,0.807690501
26893737656249,30518,-1.30486679,0.147641525,-3.50696707,-0.137390748,-0.567743182,0.0108418418,0.811587334
26893754327551,30535,-1.29663885,0.152107507,-3.52507234,-0.131600365,-0.562845588,0.011860962,0.815932274
26893771059947,30552,-1.28923965,0.156404257,-3.54412174,-0.126118213,-0.557391822,0.0138678886,0.820497632
26893787675520,30568,-1.28307152,0.160209596,-3.56300759,-0.121606611,-0.551264048,0.0164499115,0.825257063
26893804322551,30585,-1.27741015,0.164019302,-3.58375359,-0.117893182,-0.543325603,0.0198406409,0.830966294
26893822172239,30603,-1.27247488,0.167734861,-3.60644889,-0.11556337,-0.533131123,0.0236912481,0.837767959
26893837657082,30618,-1.2692194,0.17072019,-3.62576389,-0.114975005,-0.523322046,0.0265062228,0.843926728
26893854339374,30634,-1.26673591,0.173696488,-3.64663482,-0.115257978,-0.511723638,0.0288477335,0.850895047
26893871085051,30651,-1.26506138,0.176638037,-3.66925192,-0.115777649,-0.498161435,0.0303515103,0.858783841
26893887656145,30668,-1.26428592,0.179363325,-3.69232678,-0.115844555,-0.48338747,0.0308538787,0.867159009
26893904337812,30684,-1.26452279,0.181430697,-3.71433997,-0.114834636,-0.468468845,0.0308090355,0.875443161
26893920995155,30701,-1.26581824,0.183119848,-3.73792696,-0.112502955,-0.451567739,0.0304459073,0.884591877
26893937691249,30717,-1.26806545,0.184265941,-3.76018476,-0.109735914,-0.434613705,0.029892249,0.893406689
26893954486822,30734,-1.27135766,0.185165241,-3.7835598,-0.106693335,-0.415325314,0.0290535111,0.902927101
26893970989322,30751,-1.27560091,0.185691759,-3.80643368,-0.103902012,-0.394990116,0.0277811512,0.912368059
26893987659582,30767,-1.28051448,0.185930729,-3.82753325,-0.101975136,-0.375711679,0.0263930298,0.920730889
26894004328020,30784,-1.28662169,0.186045244,-3.84936094,-0.10067638,-0.355604291,0.0248053651,0.9288674
26894020992968,30800,-1.29321313,0.185948566,-3.8692255,-0.100319959,-0.33721602,0.0228866618,0.935787082
26894037658541,30817,-1.30083942,0.185774252,-3.88980269,-0.101117238,-0.318459034,0.0204217713,0.942306876
26894054326301,30833,-1.30862606,0.185361579,-3.90862012,-0.102504827,-0.301539004,0.017871486,0.94775933
26894070999843,30849,-1.31676888,0.18483302,-3.9268868,-0.104071498,-0.285298437,0.0153330024,0.952648342
26894087663853,30867,-1.32600474,0.184142828,-3.94694567,-0.105734304,-0.26772961,0.0127430018,0.957590103
26894104394218,30883,-1.33433008,0.183209375,-3.96428752,-0.106843166,-0.252472252,0.0108503904,0.961626053
26894120991614,30899,-1.34263802,0.182236016,-3.98124218,-0.107493319,-0.23733601,0.00924653281,0.965417743
26894137658801,30916,-1.35155463,0.181040064,-3.99880481,-0.107960097,-0.221521124,0.00754502462,0.969131649
26894154333853,30933,-1.36023009,0.179861039,-4.01602459,-0.10819672,-0.206592649,0.00571592571,0.972409546
26894171023280,30949,-1.36814785,0.178780034,-4.03188992,-0.108051389,-0.193586826,0.00398572162,0.975106776
26894187659374,30965,-1.37563431,0.177623451,-4.0474391,-0.107760064,-0.181356087,0.00209940295,0.977493465
26894204351926,30982,-1.38268757,0.176382914,-4.06384277,-0.107653029,-0.169135109,-2.83391673e-05,0.979695976
26894221004374,30999,-1.38888085,0.175051764,-4.08008194,-0.107833281,-0.15796046,-0.0021846313,0.981537402
26894237676509,31015,-1.39386106,0.173827708,-4.09515285,-0.108313695,-0.148587093,-0.00435580639,0.982940078
26894254381509,31032,-1.39827681,0.17252779,-4.11092615,-0.109182924,-0.140025273,-0.00670973258,0.984086931
26894271043905,31048,-1.40140617,0.171357036,-4.1256547,-0.110170119,-0.133200124,-0.00880066305,0.984907508
26894287689426,31065,-1.40335655,0.170200795,-4.14130497,-0.111371897,-0.12713775,-0.0110131083,0.985551119
26894304481145,31082,-1.40402114,0.169025019,-4.15688992,-0.112545304,-0.122606598,-0.0129879294,0.985967815
26894321002916,31098,-1.40355611,0.167934,-4.17142248,-0.113428734,-0.120054074,-0.0144104464,0.986160934
26894337677811,31115,-1.40182316,0.166771695,-4.18669653,-0.114149339,-0.119088076,-0.0156170903,0.986176491
26894354322603,31131,-1.39885974,0.165733546,-4.20099115,-0.114674151,-0.119802743,-0.0166032631,0.986012995
26894371023280,31148,-1.39426541,0.164606467,-4.21600056,-0.114659198,-0.12230105,-0.0176282097,0.985690117
26894387668124,31164,-1.38857901,0.163567737,-4.22987366,-0.113956608,-0.126361638,-0.0186984781,0.985239625
26894404319061,31181,-1.38104522,0.162548512,-4.24419308,-0.112204254,-0.132473737,-0.0202353597,0.984607279
26894421014478,31198,-1.37201798,0.161536485,-4.25784063,-0.10935805,-0.1404939,-0.0225769076,0.98376447
26894437647238,31214,-1.36210179,0.160718769,-4.27005577,-0.106135808,-0.150006235,-0.02553281,0.982640028
26894454590624,31230,-1.35094571,0.160074651,-4.28141594,-0.102883197,-0.161404073,-0.0291061774,0.98107934
26894471028801,31247,-1.33757532,0.159627035,-4.29271078,-0.0995750055,-0.175429702,-0.0331948996,0.978880703
26894487812707,31264,-1.32250929,0.159412205,-4.30316401,-0.0964574665,-0.191057742,-0.0373145193,0.976115048
26894504327499,31280,-1.30696917,0.159362122,-4.31196022,-0.0935223475,-0.207015306,-0.0413751304,0.972978115
26894521022082,31296,-1.29009891,0.159432501,-4.31966686,-0.0899977908,-0.224252671,-0.0457099639,0.969289362
26894537660936,31314,-1.26960611,0.159726605,-4.32663584,-0.0842784941,-0.245441824,-0.0515050665,0.964366496
26894554433645,31330,-1.25007951,0.160339236,-4.33133411,-0.0768812895,-0.266801268,-0.0571873374,0.958976567
26894570987551,31346,-1.22962105,0.161105275,-4.3343997,-0.0670940429,-0.290846914,-0.0624765232,0.952367127
26894587666040,31363,-1.20697343,0.162124097,-4.33568525,-0.0553894006,-0.318550825,-0.0673699602,0.943884909
26894604318176,31380,-1.18344259,0.163455829,-4.33491278,-0.0437132008,-0.347921878,-0.071147114,0.933797419
26894620994165,31397,-1.1595099,0.165125176,-4.33197451,-0.0329582691,-0.378717989,-0.0731655881,0.922026694
26894638445780,31414,-1.13561511,0.167392999,-4.32678556,-0.0238890313,-0.410488486,-0.0734049901,0.908592463
26894654365051,31429,-1.11500537,0.169854343,-4.3204484,-0.0174103677,-0.439290553,-0.0720615834,0.895280898
26894670999270,31445,-1.0937798,0.172977805,-4.31184912,-0.0116909314,-0.470823884,-0.0684271529,0.879491866
26894687659113,31463,-1.07119918,0.177101225,-4.29959631,-0.00635537831,-0.506576717,-0.0614599362,0.859978139
26894704286874,31479,-1.05263519,0.181056321,-4.28691196,-0.00267211674,-0.538106263,-0.0529686436,0.841206849
26894721023540,31495,-1.03570986,0.18513748,-4.27327824,-0.000261115318,-0.569292247,-0.0425708815,0.821032345
26894737670780,31512,-1.01964021,0.189530969,-4.25802517,0.000772627536,-0.601456642,-0.0303496979,0.7983284
26894754451926,31529,-1.00565708,0.193961635,-4.24184275,0.000380897225,-0.631806731,-0.0184783489,0.774905562
26894771249738,31546,-0.994056702,0.198336199,-4.22455883,-0.00125712855,-0.660260737,-0.0081982445,0.750990748
26894787663957,31562,-0.985283136,0.202412054,-4.20808601,-0.00381358876,-0.685516357,-0.000352989504,0.728047252
26894804371509,31578,-0.978382468,0.206341356,-4.19209766,-0.0069226413,-0.709034324,0.00534270052,0.705119789
26894820997134,31595,-0.973110914,0.210241556,-4.17536402,-0.0103373257,-0.732110858,0.00884895679,0.681049585
26894837669790,31611,-0.969860077,0.213737354,-4.15982533,-0.0132059678,-0.752504945,0.0104579879,0.65837121
26894854382134,31628,-0.967980266,0.217137456,-4.14378643,-0.0154177258,-0.77307111,0.0112882499,0.634031475
26894871070624,31645,-0.967613161,0.220055401,-4.12816811,-0.0164833628,-0.792491555,0.0115504581,0.609550655
26894887679374,31661,-0.968864679,0.222192869,-4.1139555,-0.0167278908,-0.80981946,0.0116886925,0.586324215
26894904368749,31678,-0.971842289,0.223739341,-4.09954834,-0.0164703056,-0.827067554,0.0117734009,0.561737895
26894920998801,31694,-0.975493729,0.224758536,-4.08653545,-0.0159774777,-0.842019141,0.0111234905,0.539096236
26894937652655,31711,-0.980158508,0.225431398,-4.07351923,-0.0155588686,-0.856591225,0.00942422636,0.515675008
26894954326509,31728,-0.985769451,0.22566694,-4.06105137,-0.0149470158,-0.869798183,0.00700563844,0.493131459
26894971012342,31744,-0.990906298,0.225491613,-4.05013466,-0.0142718963,-0.881229937,0.00429128902,0.472453028
26894987773801,31760,-0.996455729,0.224886179,-4.04006004,-0.013710577,-0.891768456,0.00146618148,0.452282041
26895004323124,31777,-1.00385046,0.223844826,-4.02982903,-0.0131193325,-0.901830852,-0.00151089299,0.431887478
26895021118853,31794,-1.0120014,0.222454458,-4.02033567,-0.0124871116,-0.910759866,-0.00447583525,0.412723392
26895037656978,31810,-1.02033377,0.220967144,-4.01206923,-0.0118692443,-0.918296397,-0.00698362757,0.395654142
26895055530936,31827,-1.0292002,0.219373792,-4.00407934,-0.0111463498,-0.925639212,-0.00900460035,0.378136098
26895071013072,31843,-1.03789806,0.21779424,-3.99719286,-0.0102730393,-0.9319942,-0.010514047,0.362174988
26895087656196,31860,-1.04805362,0.216005027,-3.99049544,-0.00927135069,-0.938165963,-0.0122678475,0.345844239
26895104341717,31876,-1.0578053,0.214337632,-3.98484159,-0.00854080264,-0.943510175,-0.0142014679,0.330928802
26895120990624,31893,-1.06847596,0.212680846,-3.97942948,-0.00813515764,-0.948681295,-0.0165211223,0.315697312
26895137702863,31909,-1.07831562,0.211320639,-3.97506475,-0.00813125819,-0.95321697,-0.0189732537,0.301581442
26895154401144,31926,-1.08913732,0.2099884,-3.97089791,-0.0085890498,-0.957867682,-0.0214796923,0.286276788
26895170991249,31943,-1.10070515,0.208742291,-3.96704102,-0.00935235992,-0.962341428,-0.0237391014,0.270643741
26895187657707,31959,-1.11182976,0.207641572,-3.96396041,-0.0102737555,-0.966319382,-0.025798114,0.255843401
26895204325051,31976,-1.12420082,0.206514195,-3.96128106,-0.0112930741,-0.970193684,-0.0279188044,0.240452349
26895220997707,31993,-1.13678181,0.205575317,-3.95921278,-0.0126148546,-0.973675966,-0.0299718305,0.225605279
26895237810363,32009,-1.14911008,0.204815924,-3.95797777,-0.0140642533,-0.976521373,-0.0317022093,0.212610558
26895254341353,32025,-1.16161764,0.20426099,-3.95767188,-0.0155095654,-0.979001641,-0.0333269238,0.200510859
26895271089634,32042,-1.17504561,0.203915536,-3.95828795,-0.0171015188,-0.981451035,-0.0347589068,0.187758356
26895287656613,32059,-1.18898284,0.20365569,-3.95979428,-0.0185785815,-0.983782649,-0.0355883278,0.174814329
26895304362967,32075,-1.20206654,0.203497201,-3.9620595,-0.0195951629,-0.985834301,-0.0360821821,0.162618682
26895320999894,32091,-1.21508467,0.203395903,-3.96530104,-0.0204357933,-0.987793922,-0.0363469087,0.150081277
26895337652238,32109,-1.22914577,0.203287408,-3.9699707,-0.0214545932,-0.989918113,-0.0362247862,0.135239378
26895354353592,32125,-1.24124634,0.203132838,-3.97496343,-0.0225609075,-0.99163413,-0.0360370018,0.121877283
26895370994373,32141,-1.25316668,0.202854961,-3.98075271,-0.0239423122,-0.99311018,-0.0360972136,0.108885311
26895387730832,32158,-1.26522589,0.202427313,-3.98773837,-0.0257438272,-0.994441628,-0.0365953669,0.0953099355
26895404322394,32175,-1.27660656,0.201902628,-3.99568462,-0.0278170817,-0.9955585,-0.0374789722,0.0817609355
26895420988488,32191,-1.28656614,0.201251715,-4.00376034,-0.0297422837,-0.996418774,-0.0385880657,0.0691092163
26895437705103,32207,-1.29573047,0.200586408,-4.01264334,-0.0318784043,-0.997092068,-0.039782133,0.0566441491
26895454324946,32225,-1.30510139,0.199787036,-4.02345037,-0.0349190421,-0.997599125,-0.0409393981,0.0435979106
26895471011717,32241,-1.31257939,0.19897674,-4.03364277,-0.0375393033,-0.997836828,-0.0418599993,0.0340626799
26895487669426,32257,-1.31901026,0.198232561,-4.04455805,-0.0398966633,-0.997944951,-0.0426243059,0.02640789
26895504343176,32274,-1.32475269,0.197410494,-4.05658722,-0.042276293,-0.998002231,-0.0427066311,0.0195060726
26895520994530,32291,-1.32952833,0.196430713,-4.06889009,-0.0446603335,-0.998016536,-0.0422072932,0.0136761805
26895537652498,32307,-1.332986,0.195347875,-4.0808053,-0.046748966,-0.997976482,-0.0420788378,0.00931705534
26895554333800,32323,-1.33558905,0.194229066,-4.09292316,-0.0484395884,-0.997900784,-0.0425689556,0.00596225262
26895570995415,32340,-1.33767855,0.193082675,-4.10581064,-0.0496235043,-0.997814059,-0.0435494669,0.00283417851
26895587658592,32357,-1.3390969,0.192050934,-4.11857128,-0.0499082692,-0.997745454,-0.0448588841,-0.00098523451
26895604324165,32373,-1.33987021,0.191115454,-4.13050461,-0.0491968505,-0.997734606,-0.0454825945,-0.00605637208
26895620988800,32390,-1.3400383,0.189964145,-4.14314938,-0.0481413975,-0.997764885,-0.0444716103,-0.0130410139
26895637687134,32406,-1.33957577,0.188568532,-4.15506411,-0.0470109582,-0.997826278,-0.0420877934,-0.0190086942
26895654409790,32423,-1.33873892,0.186819702,-4.16784239,-0.0450684614,-0.997973442,-0.0386557579,-0.0228847079
26895670993853,32440,-1.33778393,0.185088649,-4.18065453,-0.0422842503,-0.998186648,-0.0347204059,-0.0250986964
26895687665155,32456,-1.33663392,0.183610111,-4.19272184,-0.0394071005,-0.998376012,-0.0305115897,-0.0275961235
26895704347915,32472,-1.33541429,0.182311013,-4.20476866,-0.036994148,-0.99849087,-0.02604503,-0.0311297774
26895720990571,32489,-1.33407998,0.181135669,-4.21767569,-0.0351362713,-0.998520732,-0.0217450932,-0.0353417099
26895737658280,32506,-1.33274937,0.180094063,-4.23067188,-0.0346730947,-0.998437703,-0.018486727,-0.0397263803
26895754348436,32522,-1.33159697,0.179113269,-4.24275875,-0.0349171832,-0.998281538,-0.0167621523,-0.0439755246
26895770995884,32539,-1.33015203,0.17842336,-4.25536966,-0.0364125036,-0.997964799,-0.0171836372,-0.0494483337
26895787668644,32556,-1.3287077,0.178167552,-4.26750946,-0.0397478752,-0.997583032,-0.0178902838,-0.0541129038
26895804321248,32572,-1.32758331,0.178115606,-4.27829456,-0.0442540124,-0.997304976,-0.0184406098,-0.0555376969
26895821017134,32588,-1.32667744,0.178185612,-4.28861952,-0.0497926436,-0.997064888,-0.0199490488,-0.0546301976
26895837765102,32605,-1.32567799,0.178213254,-4.29891253,-0.0555538721,-0.996847212,-0.0217937548,-0.0522922762
26895854329269,32622,-1.32440007,0.178291306,-4.3083334,-0.0602740757,-0.996663034,-0.0236771647,-0.0496918708
26895871002030,32638,-1.3230356,0.178621739,-4.3163619,-0.0637103319,-0.996564507,-0.0251099449,-0.0465807281
26895887653280,32655,-1.32153702,0.179072753,-4.3238368,-0.0665218234,-0.996598125,-0.0252471715,-0.0415892489
26895904388436,32671,-1.32003546,0.179308757,-4.32983875,-0.069247447,-0.996643305,-0.0248272531,-0.0359253995
26895920996613,32688,-1.31831539,0.179151565,-4.33508253,-0.0726042911,-0.996621907,-0.0251030363,-0.0290386584
26895937648644,32704,-1.31664085,0.178699195,-4.33903551,-0.0754683688,-0.996563792,-0.026705917,-0.0212614387
26895954367186,32721,-1.31500268,0.178191647,-4.34224844,-0.0773503929,-0.996479392,-0.0298843533,-0.0123588853
26895970988488,32738,-1.31320739,0.177532077,-4.34455204,-0.0783734843,-0.996363044,-0.0331113338,-0.00469321292
26895987669269,32754,-1.31148446,0.176509619,-4.34561968,-0.0784852281,-0.996285141,-0.0354328044,0.000782589836
26896004335884,32771,-1.31001902,0.174965709,-4.34529829,-0.0771113113,-0.996298015,-0.0376501419,0.00515641971
26896020990102,32787,-1.30873907,0.173157111,-4.343853,-0.0743179098,-0.996412635,-0.0396825783,0.0080047939
26896037693488,32803,-1.3078295,0.171134949,-4.34141016,-0.0702242404,-0.996629357,-0.0413983837,0.00920225773
26896054326144,32821,-1.30731368,0.168803588,-4.33767843,-0.0644509345,-0.996964633,-0.0429846384,0.00774812326
26896071000207,32837,-1.30710626,0.166701704,-4.3335309,-0.0585123114,-0.99731046,-0.0439362749,0.00422464637
26896087658748,32853,-1.30731487,0.164498806,-4.32841349,-0.0519646741,-0.997650325,-0.0446445383,-0.000605694309
26896104326457,32871,-1.30796516,0.161763996,-4.32166481,-0.0444403701,-0.997937679,-0.0457585379,-0.0071965172
26896121103279,32887,-1.30888438,0.15939334,-4.3149147,-0.038113188,-0.99805361,-0.0472978838,-0.0141203608
26896137656821,32903,-1.30984163,0.157253191,-4.30758333,-0.0325533934,-0.997989237,-0.0494630039,-0.0226104483
26896154403540,32919,-1.31119478,0.155227885,-4.29948044,-0.0277909711,-0.997701645,-0.0524050184,-0.0327554345
26896171001144,32936,-1.31324899,0.153154716,-4.28988838,-0.0232307836,-0.997125864,-0.0563381463,-0.045015756
26896187662811,32953,-1.31570816,0.151076794,-4.27942085,-0.018917812,-0.996270895,-0.0604060926,-0.058632113
26896204321769,32969,-1.31887054,0.149070323,-4.26872158,-0.0148787731,-0.995233119,-0.0635544434,-0.0724608153
26896220989686,32986,-1.3230561,0.146834284,-4.25665045,-0.0105232485,-0.993908703,-0.0654625967,-0.0880304798
26896238263384,33003,-1.32796586,0.14460592,-4.24388885,-0.00620779069,-0.992365301,-0.0656090751,-0.104250044
26896254327290,33019,-1.33330929,0.142447114,-4.23154259,-0.00219836575,-0.990717053,-0.0643665567,-0.119715996
26896271038019,33036,-1.33969295,0.140246063,-4.21801853,0.00200202269,-0.988748014,-0.0619019866,-0.136167496
26896287653852,33052,-1.34635234,0.138336733,-4.20493031,0.00598690752,-0.986628354,-0.0587415807,-0.15191479
26896304353019,33069,-1.35406435,0.136464775,-4.19106865,0.0106880246,-0.984017015,-0.0547974706,-0.169096231
26896320994738,33086,-1.36219096,0.135016531,-4.17720366,0.0159099251,-0.980892181,-0.0508494973,-0.187114447
26896337654373,33102,-1.37032235,0.134058788,-4.16431665,0.0213417113,-0.97743088,-0.047571823,-0.204720184
26896354457029,33118,-1.37870622,0.133613601,-4.15168524,0.0273596402,-0.973504305,-0.0447721966,-0.222567767
26896371012550,33135,-1.38771188,0.13366811,-4.1384511,0.0333397947,-0.968777299,-0.0419762656,-0.242068514
26896387661456,33152,-1.39705276,0.133970112,-4.12540436,0.0377181843,-0.963550508,-0.038936656,-0.261976808
26896404361300,33168,-1.40607643,0.134477049,-4.11336756,0.0400857888,-0.958500862,-0.0359903872,-0.27995342
26896421043488,33184,-1.41549671,0.135279223,-4.10175419,0.0412023813,-0.953543305,-0.032761313,-0.296621442
26896437799894,33202,-1.42615151,0.136506066,-4.08900404,0.0407071039,-0.947749019,-0.0287347659,-0.315101802
26896454345779,33218,-1.43543661,0.137800261,-4.07774258,0.0389128774,-0.942225397,-0.0250487737,-0.331767559
26896470995467,33234,-1.44469082,0.139245212,-4.06668758,0.0370232873,-0.936571121,-0.0215075705,-0.347852379
26896487681925,33251,-1.45420647,0.140969425,-4.05528641,0.0357641689,-0.930508673,-0.0180180017,-0.364074051
26896504338748,33267,-1.4627831,0.142783672,-4.04481888,0.035224881,-0.92453444,-0.0149376309,-0.3791731
26896520996613,33284,-1.47191203,0.144972101,-4.03390265,0.0351393111,-0.917776883,-0.0120215854,-0.395355999
26896537678331,33301,-1.48093212,0.14735809,-4.02330732,0.0352469422,-0.910733998,-0.00956925843,-0.411375344
26896554330831,33317,-1.48944831,0.149614826,-4.01360178,0.0350465178,-0.904114485,-0.00757574383,-0.425783187
26896571015988,33334,-1.49863756,0.151820809,-4.0036993,0.0344343223,-0.897346914,-0.00568967592,-0.439943701
26896587706925,33350,-1.50722659,0.153782994,-3.99490023,0.033524543,-0.891215384,-0.0039517195,-0.452322572
26896604381404,33367,-1.51639032,0.155943587,-3.98607588,0.0323254652,-0.88459909,-0.00194823777,-0.465226561
26896620998644,33384,-1.52545071,0.157995686,-3.97779107,0.0310216546,-0.877468407,0.000185075129,-0.478630245
26896637680675,33400,-1.533903,0.159779906,-3.97066784,0.0302874558,-0.870266378,0.0021105581,-0.49164483
26896654406456,33417,-1.54269385,0.161386356,-3.96396422,0.0300593134,-0.861865342,0.00350632938,-0.506233573
26896671011508,33433,-1.55094564,0.16269137,-3.95830798,0.0301831197,-0.853288352,0.00434749993,-0.520546913
26896687653331,33449,-1.55913615,0.163896114,-3.95332003,0.0304741357,-0.844447672,0.00469947699,-0.534749925
26896704372967,33466,-1.56752634,0.165004462,-3.94916725,0.0314184017,-0.835253477,0.00438704481,-0.548949361
26896721001665,33483,-1.5759089,0.165979087,-3.94624853,0.0328602158,-0.826294601,0.00381250912,-0.562265873
26896737658071,33499,-1.58363056,0.166608527,-3.94467044,0.0344083272,-0.817578852,0.00334760407,-0.574777961
26896754562446,33516,-1.59177852,0.166911989,-3.94405913,0.035914287,-0.807747066,0.00298217614,-0.588426769
26896770991873,33533,-1.59981823,0.166899443,-3.94465852,0.03770997,-0.797880292,0.00330670015,-0.601626277
26896787658748,33549,-1.60717654,0.166622773,-3.94639659,0.0399254039,-0.788522363,0.00429263944,-0.613693774
26896804335050,33565,-1.61477327,0.166099697,-3.94900799,0.0422357284,-0.778477371,0.00558426045,-0.626225233
26896821008227,33582,-1.62224936,0.165210947,-3.95307159,0.0448025316,-0.766583681,0.00697497465,-0.640541673
26896837712654,33599,-1.62953579,0.164035201,-3.95821977,0.0478725918,-0.753664315,0.008036335,-0.65546459
26896854337810,33615,-1.63619494,0.162608624,-3.96393466,0.05103736,-0.740789711,0.00870980043,-0.669738829
26896871056977,33632,-1.64308512,0.16077441,-3.97090387,0.054485295,-0.726678967,0.00884864572,-0.684756041
26896887655987,33649,-1.64999688,0.158687353,-3.97871518,0.0579078309,-0.7125507,0.00829866156,-0.699177623
26896904395623,33665,-1.65610051,0.156539783,-3.98696518,0.060588818,-0.698993742,0.00712579861,-0.712520838
26896921107394,33681,-1.66220105,0.154272437,-3.99581146,0.0622003414,-0.684986174,0.00525394594,-0.725877106
26896937660258,33698,-1.66840971,0.151657492,-4.00593424,0.0630455688,-0.669860482,0.00273644505,-0.739800513
26896954326092,33715,-1.67441809,0.148941427,-4.01662636,0.0633999258,-0.654728711,-0.000190575709,-0.753200293
26896970990310,33731,-1.67984223,0.146361887,-4.02717113,0.0632192418,-0.640491068,-0.00301556126,-0.765353143
26896987672237,33748,-1.68522429,0.143754065,-4.03887033,0.0627706721,-0.625422478,-0.00599555438,-0.777734339
26897004411873,33764,-1.69002008,0.141589105,-4.05017805,0.0624678358,-0.611359119,-0.00899798702,-0.788832664
26897021196977,33781,-1.69450212,0.139577955,-4.06271553,0.0623451769,-0.596656919,-0.0121259652,-0.79997915
26897037657810,33798,-1.69868994,0.137871668,-4.07552767,0.0623854324,-0.582450986,-0.0149933854,-0.810329676
26897054335050,33814,-1.7022984,0.136549041,-4.08781099,0.0623316914,-0.569505692,-0.0173392333,-0.819437265
26897070991508,33830,-1.70571303,0.135469481,-4.10030031,0.0616980977,-0.556813419,-0.0193217043,-0.828117669
26897087977862,33847,-1.70917535,0.13457638,-4.11374712,0.0602025054,-0.543533802,-0.0211870354,-0.836957455
26897104349008,33864,-1.71213293,0.133950919,-4.12748909,0.0585490242,-0.530691922,-0.0229900479,-0.84522754
26897120994269,33880,-1.71492636,0.133575112,-4.14043665,0.0574836321,-0.519482017,-0.024675699,-0.852188528
26897137679321,33897,-1.71731508,0.133370996,-4.15445757,0.0571819916,-0.508670807,-0.0262022298,-0.85866046
26897154466664,33914,-1.71972561,0.133326024,-4.16837311,0.0580573976,-0.498943537,-0.0274545867,-0.864251673
26897171068852,33930,-1.72237575,0.133405283,-4.1811471,0.0599048249,-0.490475774,-0.0285053309,-0.868926048
26897187656717,33947,-1.72498941,0.133601874,-4.19466686,0.0626292825,-0.482165039,-0.0290822107,-0.873354852
26897204318019,33963,-1.72737789,0.133888543,-4.20726061,0.0657959506,-0.474710256,-0.0291925762,-0.877193809
26897220992289,33980,-1.72967827,0.134279802,-4.22056866,0.068946436,-0.466456503,-0.0293586906,-0.881364226
26897237663227,33996,-1.73191047,0.134654373,-4.2329011,0.0709838048,-0.458322674,-0.0295658838,-0.885453284
26897254350831,34013,-1.73435545,0.135150656,-4.24573517,0.072552368,-0.449601114,-0.0300655384,-0.889770269
26897271134633,34029,-1.7366997,0.135785714,-4.25767326,0.0736830682,-0.441691339,-0.0308926199,-0.893602431
26897287660831,34046,-1.73930609,0.136676833,-4.2702508,0.0745785311,-0.434031874,-0.0320983157,-0.89723134
26897304321196,34062,-1.74177706,0.137708753,-4.28197479,0.0753448382,-0.427930385,-0.0334115624,-0.900045753
26897320995831,34079,-1.74467564,0.13894394,-4.29417467,0.0761368945,-0.422889054,-0.0346103013,-0.902313769
26897337662498,34095,-1.74778211,0.140173793,-4.3053751,0.0767293647,-0.419351041,-0.035190206,-0.903891027
26897354540362,34113,-1.75138354,0.141768396,-4.31768656,0.0772323087,-0.41637376,-0.0349108651,-0.905234396
26897370986925,34129,-1.75472212,0.143380657,-4.32827711,0.0776221976,-0.414036244,-0.0340945311,-0.906303704
26897387756404,34145,-1.75827825,0.145105183,-4.3385191,0.0776383951,-0.41176635,-0.0329552479,-0.907377958
26897404319164,34162,-1.76216102,0.147118941,-4.34906578,0.0770771429,-0.409685433,-0.0315693319,-0.90841639
26897421078435,34179,-1.76624918,0.149253026,-4.35920191,0.0758638158,-0.408107251,-0.0305926297,-0.909262002
26897437675102,34195,-1.77018011,0.151246309,-4.36841249,0.0740691498,-0.407294899,-0.0305080861,-0.909776866
26897454319789,34211,-1.77430081,0.153164834,-4.37717056,0.0718673468,-0.407387942,-0.0312186889,-0.909887671
26897471023956,34228,-1.77875721,0.155187458,-4.38606024,0.0693979263,-0.408366084,-0.0328168049,-0.909584641
26897487654633,34245,-1.78319097,0.157165781,-4.39458799,0.0669873208,-0.41004625,-0.0348662809,-0.908933043
26897504330571,34261,-1.78754556,0.158957094,-4.40210581,0.0650220811,-0.411958665,-0.0365605578,-0.908143997
26897520992185,34278,-1.79228902,0.160840273,-4.40952301,0.0632521138,-0.413687587,-0.0377746075,-0.907433093
26897537652029,34295,-1.79729843,0.162683591,-4.41626167,0.0618996844,-0.414764702,-0.0382042453,-0.907016695
26897554351873,34311,-1.80228615,0.164230585,-4.42199421,0.0608805753,-0.415419728,-0.0377363898,-0.906805396
26897570989998,34327,-1.80766439,0.16550234,-4.42709303,0.0599432401,-0.416266918,-0.0364432819,-0.906532168
26897587708800,34344,-1.81372964,0.166543052,-4.43185329,0.0589242131,-0.417789817,-0.0345008262,-0.905974269
26897604977810,34360,-1.81960475,0.167262554,-4.43584728,0.0582078323,-0.419944257,-0.0323723815,-0.905102611
26897620991143,34377,-1.82617283,0.167797983,-4.43948317,0.0578606911,-0.423155636,-0.0300721191,-0.903707504
26897637701196,34393,-1.83256888,0.16809617,-4.44240046,0.058151491,-0.427308857,-0.0280240905,-0.901798368
26897654363487,34411,-1.84009349,0.168145835,-4.4448266,0.0591927096,-0.433278888,-0.0258289743,-0.898943007
26897671004893,34427,-1.84696412,0.168108553,-4.44641685,0.0606539212,-0.439192832,-0.0241131149,-0.896018624
26897687658175,34443,-1.85396612,0.168047786,-4.44766092,0.0624684058,-0.445291281,-0.0226903223,-0.892915785
26897704326612,34460,-1.86168981,0.167945012,-4.44840336,0.0646554008,-0.451887548,-0.0216080453,-0.889466465
26897720994998,34476,-1.86908031,0.167911291,-4.44862986,0.0664995611,-0.458262146,-0.0212839544,-0.88607043
26897737658852,34493,-1.87731051,0.167821437,-4.44829607,0.0676599219,-0.465534687,-0.0217605904,-0.882171333
26897754486352,34510,-1.88568568,0.167760357,-4.44743776,0.067802079,-0.47344479,-0.0232224651,-0.877902925
26897770992393,34526,-1.89345276,0.167836666,-4.44613886,0.0669501796,-0.481356561,-0.0255845431,-0.873589754
26897787655362,34542,-1.90126812,0.16797334,-4.4443326,0.0653446317,-0.489658326,-0.0287974533,-0.868985415
26897804333695,34560,-1.91000402,0.168210447,-4.44185734,0.063063547,-0.499398381,-0.032937672,-0.863446295
26897821002706,34576,-1.91793501,0.168479651,-4.4390316,0.0608509146,-0.507909298,-0.0368145742,-0.858469605
26897837680310,34592,-1.92585242,0.168824717,-4.43571568,0.0586331934,-0.515939772,-0.0405880325,-0.853651583
26897854364373,34609,-1.93425059,0.16922152,-4.43167734,0.0565857589,-0.52405864,-0.0440086424,-0.848660111
26897871008331,34625,-1.94216585,0.169632316,-4.42737103,0.0552695952,-0.531375408,-0.0465319827,-0.844049931
26897887652758,34642,-1.95049357,0.170099959,-4.42233229,0.0545293242,-0.538764775,-0.0484663472,-0.839291453
26897904335727,34659,-1.95891953,0.170510635,-4.41672945,0.0543527715,-0.546060443,-0.0494517237,-0.834516883
26897920996925,34675,-1.96688962,0.170914322,-4.41100216,0.0545112863,-0.553105533,-0.0494232178,-0.829855502
26897937668383,34691,-1.97491062,0.171328396,-4.4048748,0.0546052195,-0.560372055,-0.0485645644,-0.825010955
26897954337758,34709,-1.9839083,0.17181173,-4.39780569,0.0544052981,-0.568770707,-0.0468734689,-0.81935513
26897970986404,34725,-1.99204779,0.172187179,-4.39138222,0.0539856255,-0.57635808,-0.0450500399,-0.814166725
26897987663800,34741,-2.00034666,0.172480524,-4.38482046,0.0534298532,-0.583864927,-0.0430801734,-0.808944523
26898004327654,34758,-2.0091846,0.172825754,-4.37791681,0.0528256185,-0.591308236,-0.0411036648,-0.803663254
26898020992445,34775,-2.01815534,0.173184395,-4.37113094,0.0522072054,-0.598092675,-0.0393147208,-0.798757792
26898037723122,34791,-2.02662492,0.17351371,-4.36482668,0.0517469458,-0.60394305,-0.0378145315,-0.794446468
26898054414841,34807,-2.03531957,0.17374675,-4.35860109,0.0512342304,-0.609264731,-0.0366310403,-0.790461779
26898071023956,34824,-2.04475069,0.173828006,-4.35231352,0.0504258461,-0.61454165,-0.0355923995,-0.786466181
26898087668643,34841,-2.05421019,0.173765838,-4.34660053,0.0494919978,-0.619565785,-0.0346462764,-0.782616496
26898104348018,34857,-2.0633316,0.173575193,-4.3416996,0.0485411696,-0.623781323,-0.033866629,-0.779354692
26898120990727,34874,-2.0731864,0.173208356,-4.3370223,0.0474942625,-0.627591014,-0.0329074189,-0.776396155
26898137654737,34891,-2.08324599,0.172601551,-4.33290863,0.0468328781,-0.630728364,-0.0315981917,-0.773944497
26898154326664,34907,-2.09289217,0.171914861,-4.32957458,0.0466384962,-0.632775187,-0.0303079933,-0.77233541
26898170997185,34923,-2.10263348,0.171099126,-4.32683945,0.0467269383,-0.633980632,-0.0289663598,-0.771392405
26898195502029,34948,-2.11812568,0.169676661,-4.32385492,0.0476407111,-0.634671986,-0.0268931929,-0.77084285
26898204325362,34956,-2.12318039,0.169222057,-4.32322264,0.0481164493,-0.634552956,-0.026383739,-0.770928919
26898221022341,34973,-2.13407373,0.168229118,-4.32238054,0.0492871106,-0.633596659,-0.0255675223,-0.771668673
26898237660987,34990,-2.14512658,0.167230815,-4.32226419,0.0504313633,-0.631710827,-0.0249631777,-0.773159146
26898254323956,35006,-2.15575194,0.166234553,-4.3228097,0.0513860062,-0.629163206,-0.0245310944,-0.77518481
26898271064008,35022,-2.16656327,0.165183872,-4.32392073,0.0519907326,-0.625721753,-0.0242518168,-0.777933896
26898287665883,35040,-2.17890716,0.163948223,-4.3257513,0.0519706681,-0.620653927,-0.0243228544,-0.781982243
26898304353487,35056,-2.19000816,0.162820101,-4.32782364,0.0517877527,-0.615573823,-0.0250422508,-0.785977006
26898320992966,35072,-2.20101857,0.161784083,-4.33031988,0.0520961583,-0.610640287,-0.0264222641,-0.789750814
26898337654581,35089,-2.21271229,0.160751849,-4.33343601,0.0531846732,-0.605767131,-0.0284092166,-0.793353915
26898354328227,35105,-2.22361732,0.159944728,-4.33669996,0.054893557,-0.60116303,-0.0304917768,-0.796655476
26898370992393,35123,-2.23587513,0.159252137,-4.34056997,0.05741743,-0.595362365,-0.0326993056,-0.800735712
26898387659320,35139,-2.24683523,0.158674598,-4.34419346,0.0599091388,-0.589607,-0.0339261368,-0.804750681
26898404322289,35155,-2.25772953,0.158031836,-4.34793329,0.0621964596,-0.583455563,-0.0341554098,-0.809039295
26898421048174,35171,-2.26862979,0.157261699,-4.35174227,0.0640843213,-0.577124,-0.0334456898,-0.813451052
26898437808070,35189,-2.28069496,0.15636453,-4.35625887,0.0656265318,-0.569902658,-0.0320495889,-0.818460107
26898454406404,35205,-2.29134035,0.155436009,-4.36041021,0.0664975196,-0.563718379,-0.0306044687,-0.822716892
26898470993018,35221,-2.30178809,0.154511571,-4.3647089,0.0674332157,-0.55803448,-0.0293245967,-0.826553404
26898487653851,35239,-2.31295538,0.153621122,-4.36986303,0.0689037293,-0.55214864,-0.028423829,-0.830407321
26898504429529,35255,-2.3225019,0.152859122,-4.37461567,0.0706259459,-0.547173917,-0.0279745683,-0.833564818
26898520995414,35271,-2.33199644,0.152161717,-4.37918377,0.0727109015,-0.542296231,-0.0279061813,-0.836569965
26898537658279,35288,-2.3422308,0.151492327,-4.38369942,0.0752437636,-0.537391186,-0.0280491225,-0.839501262
26898554332393,35305,-2.35230589,0.15101333,-4.38810921,0.077945143,-0.53292805,-0.0282992218,-0.842087567
26898571033487,35321,-2.36158252,0.150736317,-4.39229107,0.0802739188,-0.529334366,-0.0283705406,-0.844130576
26898587659476,35338,-2.37144876,0.150590062,-4.3966465,0.0822284892,-0.526130199,-0.0283099562,-0.845945656
26898604331143,35354,-2.38090038,0.150599092,-4.40054321,0.0834603757,-0.523517489,-0.0283940751,-0.847441852
26898621197966,35371,-2.39121008,0.150714368,-4.40453053,0.084039107,-0.52126652,-0.0289307814,-0.848753095
26898637662653,35387,-2.40112543,0.150889948,-4.40814877,0.0841171071,-0.519947708,-0.030018568,-0.849516094
26898654358643,35404,-2.41196513,0.151167557,-4.41177893,0.0838676393,-0.519498765,-0.0315962024,-0.849758148
26898671007341,35421,-2.42309165,0.151536822,-4.41514444,0.0830799863,-0.519778788,-0.0334944278,-0.849591553
26898687659476,35437,-2.43383741,0.151932716,-4.41795206,0.0819025487,-0.520812631,-0.0356053449,-0.848986804
26898704635935,35454,-2.44559526,0.152400583,-4.42046595,0.0807246566,-0.52349776,-0.0380569771,-0.847340226
26898720996143,35470,-2.45666432,0.152918696,-4.4224968,0.0801153556,-0.527882695,-0.0400795564,-0.844579875
26898737682758,35487,-2.46821237,0.153655022,-4.42431402,0.0802207366,-0.534121335,-0.0412888788,-0.840579808
26898754369424,35504,-2.47972202,0.154658422,-4.42569208,0.0811709091,-0.540682673,-0.0418806151,-0.836253345
26898771016612,35520,-2.49061513,0.15565221,-4.42655802,0.0821078494,-0.546370566,-0.0418919772,-0.832455814
26898787721508,35536,-2.50152183,0.156648159,-4.42704582,0.08298181,-0.55184418,-0.041294802,-0.828780293
26898804317601,35553,-2.51299596,0.157742023,-4.42727041,0.083712019,-0.557740748,-0.0402937904,-0.824799418
26898820992549,35569,-2.52374625,0.158729315,-4.42725706,0.0834275857,-0.563108385,-0.0394638218,-0.821213424
26898837657497,35586,-2.53525877,0.159775466,-4.42698383,0.0818322152,-0.568631768,-0.0392616875,-0.817569494
26898854386247,35602,-2.54613948,0.160671741,-4.42649746,0.0795642436,-0.574281812,-0.0401512831,-0.813792348
26898871217966,35619,-2.55768418,0.161546588,-4.42582273,0.0768058449,-0.581677258,-0.0421625823,-0.808687031
26898887659424,35635,-2.56855488,0.162426889,-4.42508316,0.0742258579,-0.590189338,-0.0445444621,-0.802610099
26898904352237,35652,-2.58014774,0.163379997,-4.42406845,0.071683526,-0.599957824,-0.0475751385,-0.795392275
26898921136351,35669,-2.59182858,0.164234072,-4.42264748,0.0692932159,-0.609745562,-0.051477544,-0.787882566
26898937654893,35686,-2.60358691,0.164992347,-4.42084169,0.0672047883,-0.620283723,-0.0559478886,-0.779488027
26898954628539,35701,-2.6139307,0.165676892,-4.41906643,0.0656325445,-0.630800843,-0.0598447435,-0.770844519
26898970988851,35719,-2.62620902,0.166601911,-4.41678858,0.0638139024,-0.644252419,-0.0640908182,-0.759446442
26898987676039,35735,-2.63713741,0.167452097,-4.4144969,0.0614075772,-0.655668795,-0.0674290061,-0.749520481
26899004346612,35751,-2.64815426,0.168253958,-4.41187716,0.0579940379,-0.6662907,-0.0703627765,-0.740096271
26899023081976,35769,-2.66048455,0.16896005,-4.40856123,0.0532100126,-0.678467751,-0.0734817833,-0.729006648
26899037670049,35785,-2.67131543,0.169531092,-4.40546799,0.0486480594,-0.690360188,-0.0756113008,-0.71785742
26899054336247,35801,-2.68210578,0.170204848,-4.40212345,0.0438853651,-0.702041566,-0.0771657974,-0.706581354
26899070989945,35817,-2.69258666,0.171082065,-4.39838505,0.0386362262,-0.71203208,-0.0782261863,-0.696705282
26899087651872,35835,-2.70372915,0.172443509,-4.39369392,0.0331154838,-0.721041441,-0.0780669898,-0.687683225
26899104320049,35851,-2.71292901,0.173943177,-4.38898563,0.0294815991,-0.727101147,-0.076679185,-0.681597531
26899120994893,35867,-2.72134447,0.175577849,-4.38373899,0.0270534176,-0.731137872,-0.0746046305,-0.677598476
26899137653435,35884,-2.72949123,0.177418038,-4.37760115,0.0257051755,-0.73371315,-0.0720076263,-0.675143838
26899154321820,35901,-2.73662376,0.179496199,-4.37117386,0.0254974756,-0.735511184,-0.0698151067,-0.673423469
26899170988018,35917,-2.74244833,0.181781918,-4.36499596,0.0258342121,-0.737587452,-0.0679115579,-0.671331108
26899187673018,35933,-2.74745178,0.184175074,-4.35868692,0.0259825606,-0.740695775,-0.0655885488,-0.668126464
26899204322080,35951,-2.7520895,0.186711818,-4.35138893,0.0254897438,-0.745358348,-0.0623942427,-0.663248301
26899221006924,35967,-2.75537324,0.188748077,-4.3446188,0.0243638549,-0.750109792,-0.0588929914,-0.658235013
26899238628070,35984,-2.7575717,0.190541878,-4.33727837,0.0225978848,-0.755108297,-0.0541576073,-0.652968466
26899254373903,36000,-2.75836277,0.191760108,-4.33027124,0.0203411318,-0.759167135,-0.0490189306,-0.648728549
26899271007497,36017,-2.75793505,0.192231238,-4.32288599,0.0176341049,-0.762588859,-0.0431382209,-0.645202577
26899287680257,36033,-2.7566154,0.19169113,-4.31607246,0.0153676914,-0.764891803,-0.0378182046,-0.642864048
26899304348070,36050,-2.75404668,0.190091968,-4.30901003,0.0138945533,-0.766474903,-0.0332391672,-0.641263127
26899321235934,36067,-2.74975824,0.187441438,-4.30226421,0.0135983387,-0.76762414,-0.0300180726,-0.640052617
26899337650830,36083,-2.74450636,0.184059903,-4.29624081,0.0140216406,-0.76890713,-0.0281174518,-0.638588011
26899354322497,36099,-2.73814511,0.179648906,-4.29066992,0.014710526,-0.770703554,-0.0270892363,-0.636447906
26899371006403,36116,-2.73054671,0.173681155,-4.28519726,0.0152579853,-0.773093045,-0.0271694735,-0.633526742
26899387664216,36133,-2.72196102,0.166610718,-4.28028965,0.0158448145,-0.776157498,-0.0282059982,-0.629708588
26899404329737,36149,-2.71282005,0.159153298,-4.27624369,0.0168545023,-0.77960825,-0.0297820028,-0.625331938
26899421148747,36165,-2.70312476,0.150973707,-4.27244568,0.0182432272,-0.783075571,-0.0320209228,-0.620833755
26899437659320,36182,-2.69185233,0.141507298,-4.26862812,0.020030193,-0.786443949,-0.0348371454,-0.616353035
26899454402601,36199,-2.67998099,0.131407857,-4.26482248,0.0223941635,-0.789302349,-0.0382501073,-0.612402797
26899470994736,36215,-2.66814637,0.121486157,-4.26117802,0.0252722595,-0.791470289,-0.042758666,-0.609186232
26899487676664,36232,-2.65475392,0.110631317,-4.25725698,0.0288305338,-0.793565571,-0.0492042191,-0.60580641
26899504352653,36248,-2.64191222,0.100326516,-4.25349808,0.0326067321,-0.79575789,-0.0567321256,-0.602069557
26899520997549,36265,-2.62744093,0.0894775987,-4.24950647,0.0362886935,-0.798353493,-0.0665611327,-0.597398162
26899537651716,36282,-2.61232281,0.0787279904,-4.24549246,0.0386669189,-0.801360726,-0.0778967291,-0.591826081
26899554372132,36298,-2.59767652,0.0689353943,-4.24183416,0.0392996222,-0.804667234,-0.0892549753,-0.585661769
26899571103799,36314,-2.58264065,0.0595009588,-4.23799801,0.0375848971,-0.808175385,-0.100805499,-0.579032123
26899587669476,36332,-2.56544638,0.0491707921,-4.23349905,0.0323320068,-0.812389493,-0.113057598,-0.571135759
26899604322236,36348,-2.5499115,0.0403180867,-4.2296567,0.0252469257,-0.816695571,-0.122534126,-0.563344002
26899621006611,36364,-2.53430319,0.0318125598,-4.22564363,0.0166467968,-0.821393609,-0.130852059,-0.554899216
26899638120934,36381,-2.51726532,0.02328825,-4.22123861,0.00647096941,-0.826715708,-0.138415188,-0.545289457
26899654375414,36398,-2.49969459,0.0152384453,-4.21675158,-0.0038756053,-0.832572639,-0.144556686,-0.534706533
26899671017080,36414,-2.4829824,0.00786750391,-4.21230078,-0.0132813044,-0.838553309,-0.149592191,-0.523711979
26899687659945,36430,-2.46630335,0.000568274409,-4.20749521,-0.0221674927,-0.844934762,-0.154141784,-0.511697412
26899704346299,36447,-2.44832659,-0.0071057789,-4.20225716,-0.0308269057,-0.85202688,-0.158328995,-0.4980281
26899721040986,36464,-2.42995691,-0.0148826428,-4.19695234,-0.0385195315,-0.859119415,-0.162244588,-0.483845919
26899737649320,36480,-2.41254544,-0.0223607495,-4.19182634,-0.0447741896,-0.865738153,-0.165620387,-0.470173061
26899754405622,36496,-2.39501715,-0.0301323943,-4.18661356,-0.0503202155,-0.87230593,-0.168539032,-0.456228942
26899770989841,36514,-2.37535167,-0.0393653512,-4.1804862,-0.0561260469,-0.879668534,-0.171688572,-0.439950317
26899787661351,36530,-2.35803103,-0.0480372719,-4.17489958,-0.0606039762,-0.886458158,-0.174532816,-0.424331874
26899804332497,36546,-2.34078407,-0.0571596809,-4.16926718,-0.0645456314,-0.893294275,-0.177701548,-0.407776266
26899831996403,36574,-2.31135631,-0.0746037513,-4.15848398,-0.0723071918,-0.904429972,-0.184131742,-0.377986312
26899837798278,36580,-2.30500293,-0.0786556005,-4.15615463,-0.0741810873,-0.906645954,-0.185712188,-0.371485323
26899854376924,36596,-2.2884171,-0.0900357962,-4.14958668,-0.0792203993,-0.912507236,-0.190307423,-0.353323966
26899871023122,36613,-2.27126169,-0.102806173,-4.1421895,-0.084361732,-0.918777049,-0.19596459,-0.33215937
26899887656403,36629,-2.25489664,-0.114861578,-4.13509655,-0.0885446817,-0.924467504,-0.202503979,-0.310663462
26899904327236,36646,-2.23716664,-0.127312347,-4.12745667,-0.0918413401,-0.930080116,-0.210222915,-0.286919087
26899920987653,36663,-2.21936417,-0.139315531,-4.11970234,-0.0936471447,-0.935121119,-0.217453688,-0.263614625
26899937655465,36679,-2.20282197,-0.150010824,-4.11194658,-0.0937564299,-0.939199865,-0.223204374,-0.243501827
26899954327757,36695,-2.18609309,-0.160071149,-4.10394192,-0.0920945778,-0.942878783,-0.227238894,-0.225523308
26899970999007,36712,-2.16841459,-0.170011342,-4.09522915,-0.0881608203,-0.946713328,-0.229273334,-0.208315343
26899987680934,36728,-2.15198922,-0.178543031,-4.08676338,-0.0836922303,-0.950065672,-0.22958906,-0.19406113
26900004322809,36745,-2.13408566,-0.186494619,-4.07804155,-0.0789231881,-0.953319848,-0.229063198,-0.180229306
26900021019424,36762,-2.11658072,-0.192890674,-4.0692544,-0.073697567,-0.956408858,-0.228542402,-0.166190222
26900037684372,36778,-2.10006285,-0.197289169,-4.06106424,-0.0684277415,-0.959128559,-0.228451803,-0.152314752
26900054353122,36795,-2.08278036,-0.200225502,-4.05224943,-0.0632203296,-0.961592972,-0.229064137,-0.137374535
26900070988174,36812,-2.06574798,-0.201423615,-4.04327726,-0.0583604798,-0.963608921,-0.230308831,-0.122514538
26900087655726,36828,-2.04941225,-0.200885594,-4.03496075,-0.0536196493,-0.965227067,-0.231585905,-0.108763866
26900104372393,36844,-2.0334177,-0.198591486,-4.02648163,-0.0486923605,-0.966757238,-0.23209098,-0.0956206396
26900120998695,36861,-2.01623845,-0.19420065,-4.01745939,-0.0433113053,-0.968460679,-0.230890572,-0.0830521509
26900137680101,36878,-1.99956036,-0.187927559,-4.00830841,-0.0382018015,-0.970305562,-0.227668643,-0.0722140893
26900154405726,36894,-1.98421741,-0.180335432,-3.99953508,-0.0335895158,-0.972266853,-0.222698316,-0.0630432963
26900171005101,36911,-1.96782053,-0.17039828,-3.99013543,-0.0286565032,-0.974592865,-0.215553954,-0.0537049212
26900187659163,36928,-1.9524765,-0.158770874,-3.98052454,-0.0243195463,-0.977041721,-0.206910327,-0.0445673317
26900204333590,36944,-1.93851638,-0.14643383,-3.97133708,-0.0215180591,-0.979345441,-0.197728887,-0.0363708176
26900221001299,36960,-1.92480707,-0.132887766,-3.96199441,-0.0201519858,-0.981566846,-0.187905937,-0.0284936856
26900237915413,36978,-1.90980613,-0.116502143,-3.95153069,-0.019772511,-0.983898997,-0.1765403,-0.0196315181
26900254321924,36994,-1.89699197,-0.10111028,-3.94232297,-0.0200932492,-0.985803902,-0.166273043,-0.0118420664
26900270985570,37010,-1.88451195,-0.0851315409,-3.93316364,-0.0208292492,-0.987555861,-0.155821115,-0.00440838793
26900287654892,37027,-1.87104201,-0.067748785,-3.92365646,-0.0217036027,-0.98929137,-0.144291729,0.0033899087
26900304450986,37043,-1.8586148,-0.0512269065,-3.91498041,-0.0220893919,-0.990807295,-0.1329965,0.0111759836
26900320992913,37060,-1.84540641,-0.0336414054,-3.90602803,-0.0221295618,-0.992251217,-0.120662086,0.0197111964
26900337653903,37076,-1.8331939,-0.0172812007,-3.89788461,-0.0215442218,-0.993435144,-0.10886772,0.027755538
26900354344059,37093,-1.82024586,-0.000180438161,-3.88958979,-0.0203668941,-0.994478226,-0.0965709835,0.0356703773
26900370991976,37109,-1.80798435,0.0156424753,-3.88210034,-0.0189500898,-0.995268703,-0.0853413045,0.0424024984
26900387706924,37126,-1.79514492,0.0319566764,-3.87452936,-0.0172249638,-0.99589628,-0.0737925917,0.0494828634
26900404321403,37143,-1.78231204,0.0476252027,-3.86734176,-0.0155279106,-0.996270895,-0.0632485598,0.0565941557
26900420985413,37159,-1.77047443,0.0616853274,-3.86083794,-0.0143482191,-0.996423006,-0.0542807057,0.0631579235
26900437859736,37175,-1.75864458,0.0750522316,-3.85471916,-0.0133820325,-0.996408701,-0.0459911488,0.0698253065
26900454322705,37192,-1.74623859,0.0884668455,-3.84866714,-0.0124622686,-0.996185064,-0.037930876,0.0775977224
26900471004580,37209,-1.7342546,0.100913048,-3.84291625,-0.0115397917,-0.995726645,-0.0304387882,0.0864226222
26900487654267,37225,-1.72292733,0.111585394,-3.83764195,-0.0107927648,-0.995093107,-0.0236853063,0.0954588279
26900504335778,37242,-1.71089149,0.121793151,-3.83217645,-0.00992032886,-0.994225621,-0.0168992076,0.105505995
26900520990934,37259,-1.69862795,0.130957514,-3.82708025,-0.00879499316,-0.993203402,-0.0108985594,0.115545936
26900537653694,37275,-1.68698728,0.138675734,-3.82246566,-0.00704974262,-0.992103219,-0.00581519911,0.125090614
26900554366403,37291,-1.67522013,0.145502269,-3.81814909,-0.00453540776,-0.990871668,-0.00105851714,0.134728417
26900571027496,37309,-1.6618886,0.15203473,-3.8138628,-0.00138445769,-0.989322901,0.00394482771,0.145680219
26900587656246,37325,-1.65013051,0.156806245,-3.81043482,0.00118475663,-0.98775655,0.0078908233,0.155798823
26900604327653,37341,-1.6381588,0.160605028,-3.80735993,0.00313479709,-0.985954285,0.011121707,0.166615561
26900621072965,37358,-1.62543273,0.163637266,-3.80442286,0.00447952701,-0.983659029,0.0134234987,0.179484501
26900637995361,37375,-1.61264551,0.165788919,-3.80196548,0.00503261061,-0.980933487,0.0145598333,0.193732426
26900654341611,37391,-1.60081661,0.167019516,-3.80008078,0.00476538064,-0.978071153,0.0149126807,0.20768176
26900670995101,37407,-1.58888805,0.167536914,-3.7986002,0.00385146379,-0.974977911,0.0146897836,0.221782625
26900687652861,37425,-1.57496226,0.167297095,-3.79746008,0.0025601224,-0.971129954,0.0137309954,0.238142028
26900704325049,37441,-1.56288493,0.166348591,-3.79666758,0.00141467422,-0.967322588,0.0122380424,0.253249466
26900721089424,37457,-1.55076957,0.164777413,-3.79627252,0.000510889513,-0.963208854,0.0102009242,0.268559873
26900737692392,37473,-1.53872621,0.162594154,-3.79620552,-0.0001102565,-0.958870471,0.00774302101,0.283738464
26900754326559,37491,-1.52505088,0.15954189,-3.79678941,-0.000688582892,-0.953690469,0.00456490833,0.300754488
26900771008903,37507,-1.51274049,0.156351492,-3.79815292,-0.00149730837,-0.948625684,0.00112211495,0.316395223
26900787658694,37523,-1.50073063,0.152764261,-3.80001903,-0.00286780926,-0.942850232,-0.00305359298,0.33319062
26900804340778,37540,-1.48808885,0.148678288,-3.80248547,-0.00525312638,-0.935877979,-0.00790356379,0.352196604
26900820990882,37557,-1.47566617,0.144501016,-3.80548072,-0.00891708862,-0.928106368,-0.0130342869,0.37198028
26900837657340,37573,-1.46398878,0.14064309,-3.8088882,-0.0130529264,-0.92000252,-0.0180950928,0.391277075
26900854363538,37589,-1.45248437,0.136937737,-3.81295776,-0.0170997977,-0.911155462,-0.0230617188,0.411061585
26900870991819,37607,-1.43981123,0.133010581,-3.81822491,-0.0211820062,-0.900653422,-0.0280136932,0.433116704
26900887657496,37623,-1.42876399,0.129684955,-3.82344198,-0.0243473966,-0.891243219,-0.0312128682,0.451794833
26900904570934,37640,-1.4177748,0.126353681,-3.82958174,-0.0270053856,-0.881237566,-0.0330929235,0.470739782
26900920991767,37656,-1.40757596,0.123496801,-3.83583879,-0.0290434696,-0.87165153,-0.0337742195,0.488097697
26900937675569,37672,-1.39777505,0.120876998,-3.84263372,-0.0308559574,-0.861595392,-0.0338683538,0.505523682
26900954323642,37689,-1.38787568,0.118514575,-3.85019112,-0.0327318087,-0.850326657,-0.0337889045,0.524148405
26900970999684,37706,-1.37841713,0.116577953,-3.85801411,-0.0348189361,-0.838597298,-0.0336023048,0.542598605
26900987693642,37722,-1.37040377,0.115097076,-3.86544371,-0.0368576832,-0.827144623,-0.0338291973,0.559757829
26901004338798,37739,-1.36271846,0.113937125,-3.87311554,-0.0389859565,-0.814897478,-0.0345848948,0.577257335
26901021029996,37756,-1.35603809,0.113091893,-3.88042331,-0.0406868905,-0.803133368,-0.0354828611,0.593348384
26901037660100,37772,-1.35026073,0.112503558,-3.88671017,-0.0414878353,-0.793016255,-0.0362307355,0.606705368
26901054350778,37788,-1.34516084,0.112085454,-3.89235902,-0.0411329828,-0.784003139,-0.0368937068,0.618292928
26901070993017,37805,-1.3404423,0.111744843,-3.89752007,-0.0395464003,-0.775691092,-0.0375605673,0.628751695
26901087747757,37822,-1.33611619,0.111409917,-3.90156341,-0.0372526757,-0.768500328,-0.0383818671,0.637609959
26901104339580,37838,-1.33275855,0.111116186,-3.90421724,-0.0351411626,-0.762437105,-0.0395959318,0.644892991
26901120993330,37855,-1.32962811,0.110751748,-3.90594172,-0.0335509107,-0.756650329,-0.0414294228,0.651642799
26901137655309,37871,-1.32712257,0.110253915,-3.90667725,-0.0326703638,-0.751709342,-0.0434373729,0.657251
26901154323434,37888,-1.32479286,0.109661281,-3.90639305,-0.0321749561,-0.746971548,-0.0456852838,0.662503719
26901170990465,37904,-1.32269394,0.108962089,-3.90527654,-0.0320532992,-0.743344069,-0.0476747118,0.666437864
26901187670048,37921,-1.32052767,0.108014405,-3.90315557,-0.0321970247,-0.740700483,-0.0491485409,0.669261277
26901204329996,37937,-1.31825125,0.107023396,-3.90008092,-0.0324200876,-0.739281356,-0.0497398078,0.670774221
26901221235048,37954,-1.31605077,0.105764903,-3.89569044,-0.0327975936,-0.738572121,-0.0494891964,0.671555161
26901237685100,37971,-1.31375396,0.104251988,-3.8902247,-0.033279717,-0.738223433,-0.0486053228,0.671979308
26901254326871,37987,-1.31124127,0.102603249,-3.88428068,-0.0337103903,-0.737992108,-0.047442086,0.672295034
26901270993434,38004,-1.30856359,0.100645468,-3.87690496,-0.033868853,-0.737915814,-0.0462158993,0.672456205
26901287653330,38020,-1.30607951,0.0985738039,-3.86894512,-0.0333500654,-0.738386989,-0.045301687,0.672026992
26901304332861,38037,-1.30359292,0.0961041152,-3.85940099,-0.0316214375,-0.739760816,-0.0449622944,0.670621037
26901321076923,38053,-1.301332,0.0935691446,-3.8492465,-0.0288157072,-0.742027402,-0.0455398001,0.668199956
26901337657548,38070,-1.29917634,0.0906454921,-3.83741236,-0.0248965099,-0.745672584,-0.0471066572,0.664178848
26901354323382,38086,-1.29728889,0.0877210349,-3.82513285,-0.0208832622,-0.750371695,-0.0493034013,0.658844054
26901370985725,38103,-1.29569328,0.0844095498,-3.8108139,-0.0167686027,-0.756475031,-0.0523350425,0.651709616
26901387731038,38119,-1.29448438,0.0812033489,-3.79633737,-0.0133458208,-0.763078809,-0.0555631109,0.643774331
26901404356246,38137,-1.2930088,0.0777134746,-3.77887702,-0.0101465723,-0.771311641,-0.0590275265,0.633633316
26901421115777,38153,-1.29220498,0.0747030452,-3.76249504,-0.00782699976,-0.778972626,-0.0616799891,0.623968005
26901437664736,38169,-1.29134583,0.0718325377,-3.74531579,-0.0059033446,-0.786853731,-0.0638298094,0.613801479
26901454328069,38185,-1.29005265,0.0690723509,-3.72749186,-0.00403821329,-0.794937968,-0.065015018,0.603183568
26901470994996,38203,-1.28868651,0.0660905391,-3.70676994,-0.00173649751,-0.803893507,-0.0651264489,0.591194391
26901487680829,38219,-1.28755629,0.0636376739,-3.68762612,0.000447215425,-0.811455905,-0.0649720207,0.580790699
26901504367913,38235,-1.28670824,0.0614147522,-3.66797566,0.00298403041,-0.818877935,-0.0651365519,0.570252001
26901521061559,38253,-1.28596878,0.0592657514,-3.64523578,0.00629899232,-0.827862859,-0.0657701567,0.55702585
26901537655204,38269,-1.28583968,0.0576375164,-3.62472844,0.00954796467,-0.836739123,-0.0670022368,0.543403387
26901554311038,38285,-1.28601742,0.0563163124,-3.60393882,0.013020779,-0.846333861,-0.068776235,0.528033555
26901571013538,38302,-1.28644192,0.0550480299,-3.58145142,0.0169241708,-0.85702157,-0.0704815611,0.510156929
26901587657704,38319,-1.28726304,0.0539665371,-3.55865431,0.0206206311,-0.867936969,-0.0715891346,0.49105522
26901604321559,38335,-1.28824747,0.0532221831,-3.53685713,0.0235051569,-0.878224671,-0.0718298033,0.472238809
26901620995569,38351,-1.28966749,0.0523682088,-3.51495528,0.0257045813,-0.888323903,-0.0709682181,0.452971846
26901637664736,38368,-1.29165387,0.0515049137,-3.49140596,0.0272511616,-0.898580134,-0.0691368729,0.432471216
26901654355152,38385,-1.29432905,0.0505975075,-3.46781135,0.0280547235,-0.908346415,-0.0667287111,0.41190663
26901670995517,38401,-1.29723656,0.0497015826,-3.44565868,0.0282035414,-0.917395294,-0.0639609769,0.391790003
26901687653642,38418,-1.30050528,0.0487776697,-3.42220664,0.0275233965,-0.927033544,-0.0608049445,0.368990719
26901704479527,38435,-1.30418599,0.0476634987,-3.39910364,0.0260617845,-0.936373472,-0.0580892824,0.345182866
26901720991923,38451,-1.3079567,0.0466843471,-3.37737846,0.024220271,-0.944529951,-0.056317769,0.322652876
26901737682600,38467,-1.31222749,0.04564045,-3.35593796,0.022030957,-0.951945245,-0.0553230233,0.300423473
26901754327340,38484,-1.31742716,0.0444132946,-3.33361745,0.0194320437,-0.958956242,-0.0552257374,0.277444422
26901770990256,38501,-1.32318139,0.0432017557,-3.31156731,0.016855903,-0.965061605,-0.0559206158,0.255430996
26901787680048,38517,-1.32920766,0.0419637375,-3.29113865,0.0149275539,-0.970046759,-0.056880638,0.235693008
26901804333486,38534,-1.33618188,0.0404906683,-3.26968074,0.0132841859,-0.974774837,-0.0576832518,0.215198413
26901823341559,38552,-1.34430981,0.0384984873,-3.24749088,0.0121677136,-0.97933358,-0.0579690114,0.193384081
26901837879475,38566,-1.35113013,0.0366841257,-3.23056459,0.0116511723,-0.982646704,-0.0578974374,0.175834119
26901854421767,38584,-1.36042845,0.0340381712,-3.20920515,0.0110125626,-0.98657012,-0.057854455,0.152351648
26901871071923,38600,-1.3693645,0.0313744172,-3.19070101,0.0106704291,-0.989563704,-0.0583453886,0.13132301
26901887654736,38616,-1.37899351,0.0286347792,-3.17262912,0.0107297525,-0.992025375,-0.0597152896,0.110474266
26901904775569,38634,-1.39062452,0.0254557207,-3.15323138,0.0111512095,-0.994206131,-0.0622108206,0.0869467258
26901921237183,38649,-1.40098453,0.0227936991,-3.13761997,0.0118893627,-0.995543063,-0.064907521,0.0673779398
26901937654944,38667,-1.41420543,0.0197715797,-3.1196835,0.0133753475,-0.996564209,-0.0687201321,0.0442541316
26901954612079,38683,-1.42665815,0.0172175393,-3.1044445,0.0149584822,-0.997002244,-0.0720621422,0.023873169
26901970987444,38699,-1.43965733,0.0148123726,-3.08968759,0.0165253077,-0.997068524,-0.0746358186,0.00329134613
26901987699475,38715,-1.45315599,0.0125654899,-3.07555795,0.0177060571,-0.996783912,-0.0761272088,-0.0176934004
26902004415725,38733,-1.46908438,0.0101001449,-3.06037593,0.0181441195,-0.996052742,-0.0764234811,-0.0413438119
26902020994163,38749,-1.4838326,0.00801285356,-3.04763818,0.0176085718,-0.995042562,-0.075876072,-0.0618321784
26902039345204,38767,-1.50085974,0.00573641807,-3.03396511,0.0159078408,-0.993481815,-0.0752177313,-0.0841609985
26902054401611,38783,-1.51616168,0.00375641137,-3.02249622,0.013432337,-0.991695523,-0.07489907,-0.103681102
26902071019111,38798,-1.53044379,0.00189933181,-3.01266384,0.010575369,-0.989661098,-0.0748597234,-0.121881925
26902087655413,38816,-1.5476613,-0.000405825675,-3.00152802,0.00655518891,-0.98678571,-0.0752282292,-0.143358484
26902104329840,38832,-1.56318855,-0.00256037712,-2.99172306,0.00260206778,-0.983900487,-0.0759867206,-0.161737844
26902121010360,38848,-1.57875597,-0.00487408787,-2.9820776,-0.0016025498,-0.980745673,-0.0771329999,-0.179404199
26902137652288,38865,-1.59536624,-0.00764925778,-2.97243261,-0.00617878046,-0.977098465,-0.0789623559,-0.197497904
26902154340673,38882,-1.61171603,-0.0105079561,-2.96299958,-0.0105740074,-0.973232269,-0.0814569369,-0.214643732
26902170998329,38898,-1.62633538,-0.0133247897,-2.95469117,-0.0142186061,-0.969483614,-0.0844569877,-0.229709476
26902187958590,38914,-1.64054692,-0.0162293129,-2.9468317,-0.0173614621,-0.965692878,-0.0880795568,-0.243675917
26902204325673,38931,-1.65569043,-0.0191318616,-2.93813467,-0.0204629619,-0.961628795,-0.0924597606,-0.2574929
26902221004683,38948,-1.67042518,-0.0220050067,-2.92989206,-0.023354264,-0.957468987,-0.0973655283,-0.270606041
26902237669371,38964,-1.68393159,-0.0244257413,-2.92208171,-0.0257835388,-0.953534067,-0.102492049,-0.282140732
26902254373485,38981,-1.69790947,-0.0266025178,-2.91338515,-0.0280838721,-0.949341238,-0.108446814,-0.293601453
26902271024319,38997,-1.71055472,-0.0281963684,-2.90515733,-0.0298611708,-0.945381522,-0.114275433,-0.30381465
26902287653277,39014,-1.72391415,-0.0289755054,-2.89592028,-0.0311239995,-0.941174269,-0.120639443,-0.314115494
26902304325725,39031,-1.73695612,-0.0286833122,-2.88616371,-0.0312817656,-0.937022209,-0.126848325,-0.32391423
26902321021142,39047,-1.74828839,-0.0272984467,-2.87662268,-0.0300505795,-0.933315873,-0.131873563,-0.332607687
26902337705777,39064,-1.7596153,-0.0243911445,-2.86621928,-0.0271527842,-0.929742336,-0.135617167,-0.341247559
26902354398017,39080,-1.769678,-0.0203947611,-2.85590625,-0.0234986264,-0.92679131,-0.137028903,-0.348896444
26902370988850,39097,-1.77993178,-0.0148763917,-2.84448004,-0.019227244,-0.924243867,-0.136178643,-0.35617283
26902387730256,39113,-1.78927481,-0.00850024819,-2.83336234,-0.0154704014,-0.922500551,-0.133231834,-0.361942977
26902404319735,39130,-1.79862773,-0.00055090338,-2.82091665,-0.0122704953,-0.921325922,-0.128289834,-0.366810381
26902420997496,39147,-1.80748522,0.00856801867,-2.8081131,-0.0102883242,-0.920686305,-0.122208402,-0.370534807
26902437662027,39163,-1.81559324,0.0183601417,-2.79560065,-0.00962511916,-0.920460701,-0.115976512,-0.373107255
26902454338017,39179,-1.82357275,0.0291007198,-2.78293061,-0.00972896907,-0.920479715,-0.109670252,-0.374959975
26902470991142,39197,-1.83223438,0.0423030034,-2.76843071,-0.0100061279,-0.920713902,-0.102560647,-0.37638697
26902487655725,39213,-1.83952594,0.055100821,-2.75508904,-0.0100499392,-0.92096734,-0.0962452143,-0.377432197
26902504351402,39229,-1.84647584,0.0686382055,-2.74167752,-0.00975212734,-0.92119211,-0.0897995606,-0.378478527
26902521003017,39245,-1.85317659,0.0830024704,-2.72804737,-0.00887837261,-0.921547353,-0.0828381851,-0.379222363
26902537651194,39263,-1.86038876,0.0998896584,-2.7123816,-0.00699856877,-0.9220649,-0.074106276,-0.379810065
26902554366037,39279,-1.86651576,0.115689695,-2.69823146,-0.00500336988,-0.922490895,-0.065416351,-0.380402863
26902571001558,39295,-1.87245393,0.132275164,-2.68411613,-0.00284554251,-0.922998607,-0.0555847213,-0.380756825
26902587680569,39312,-1.87854588,0.150582597,-2.66892147,-0.000503265997,-0.923867583,-0.0439260341,-0.380182892
26902604333798,39329,-1.88425422,0.169568345,-2.65356469,0.00150932453,-0.925274372,-0.0314907879,-0.377986163
26902621023954,39345,-1.88920546,0.18774125,-2.63946676,0.00294364616,-0.927176833,-0.0189342014,-0.374133855
26902638833798,39363,-1.89474297,0.208680511,-2.62337732,0.00390244508,-0.929887116,-0.00402457081,-0.367802411
26902654332756,39378,-1.89904666,0.225992829,-2.61018348,0.00462541357,-0.932538569,0.00848194119,-0.360941142
26902671156558,39395,-1.90372837,0.245679364,-2.59557366,0.00594936125,-0.935819447,0.0222096853,-0.351729035
26902687659058,39411,-1.90815818,0.264534414,-2.58181,0.00759821758,-0.938697278,0.0344818346,-0.342929721
26902704322235,39428,-1.91269469,0.284564644,-2.5673449,0.00956911687,-0.941058993,0.0467807502,-0.334855229
26902721014839,39445,-1.91720212,0.304567039,-2.55303669,0.0117372703,-0.942709565,0.058014404,-0.328321964
26902737655516,39461,-1.9213568,0.323090225,-2.53992033,0.0138098914,-0.943904102,0.0674225241,-0.322968364
26902754334996,39477,-1.92550886,0.341454387,-2.52680588,0.0156514272,-0.945037663,0.0757684857,-0.317676008
26902770990412,39495,-1.92998838,0.361934036,-2.51237202,0.0171364713,-0.946379304,0.0836741254,-0.311562568
26902787658589,39510,-1.93357909,0.37863642,-2.5006721,0.01773105,-0.947593272,0.0892362595,-0.306250781
26902804381610,39528,-1.93786287,0.398184329,-2.48652101,0.0176151935,-0.949204445,0.0953128785,-0.299359471
26902820999527,39544,-1.94141686,0.414716572,-2.47447228,0.0168900136,-0.950832307,0.100749373,-0.292373449
26902837665412,39560,-1.94487143,0.430361748,-2.46260953,0.0159853082,-0.952483058,0.106819734,-0.284798175
26902854327027,39577,-1.94794548,0.44597733,-2.450454,0.0148686823,-0.953845739,0.113795266,-0.277502954
26902871077183,39594,-1.95064425,0.460259885,-2.43857908,0.0138615379,-0.954814196,0.120644942,-0.271261126
26902887656298,39610,-1.95320606,0.472512394,-2.42730761,0.0135642597,-0.95573771,0.12599431,-0.265531421
26902904327756,39627,-1.95554829,0.484343886,-2.41585088,0.0140916239,-0.956907392,0.129487455,-0.25954327
26902921082704,39643,-1.95740926,0.494398713,-2.40531182,0.0147135705,-0.958127499,0.130391985,-0.254505605
26902937653589,39660,-1.95900369,0.503953457,-2.39457631,0.0152448807,-0.959612072,0.12889193,-0.24959825
26902954319371,39676,-1.96052659,0.511862934,-2.38451695,0.0155068487,-0.961206377,0.125607371,-0.245080844
26902971002391,39693,-1.96221292,0.518967986,-2.37399149,0.0151257245,-0.962841272,0.121747158,-0.240594208
26902987666558,39709,-1.96390605,0.524451077,-2.36405158,0.0137842512,-0.964015782,0.118950509,-0.237348646
26903004322027,39726,-1.96573567,0.528948724,-2.35335541,0.0113126226,-0.964670956,0.11730817,-0.235628575
26903021006662,39743,-1.96746588,0.531859994,-2.34275436,0.00785363838,-0.964632392,0.117260054,-0.235950932
26903037654423,39759,-1.96943974,0.533130527,-2.33235669,0.00430148235,-0.964174926,0.118099436,-0.237488449
26903054354683,39775,-1.97154689,0.533132732,-2.32209396,0.00104688492,-0.963606,0.118776061,-0.239488453
26903071002183,39793,-1.97400689,0.53147459,-2.31066275,-0.00172879698,-0.963041782,0.118852533,-0.241705805
26903087791662,39809,-1.97615731,0.52844286,-2.30067801,-0.00304989866,-0.962686837,0.118029922,-0.243503094
26903104349996,39825,-1.97817481,0.524017632,-2.29106665,-0.00314314174,-0.962498963,0.11620827,-0.245115325
26903120990933,39841,-1.98030055,0.51815933,-2.28154302,-0.00198347191,-0.962457836,0.113824539,-0.24640435
26903137682287,39859,-1.98271191,0.509873927,-2.27114439,0.000622836465,-0.962390542,0.11103899,-0.247940511
26903154336141,39875,-1.98492193,0.500938654,-2.26176572,0.00354324188,-0.962074578,0.108777039,-0.250135124
26903171006766,39891,-1.98707318,0.490609348,-2.25256562,0.00660358788,-0.961521566,0.106912784,-0.252987027
26903187684683,39908,-1.98949695,0.478065103,-2.24289966,0.0098064905,-0.960873008,0.105028197,-0.256117254
26903204320464,39925,-1.99236798,0.463956714,-2.23309398,0.0127927093,-0.960302711,0.10261739,-0.259084284
26903221046089,39941,-1.99527788,0.449499846,-2.22423983,0.0152849481,-0.959877491,0.0995713845,-0.26170072
26903237665464,39957,-1.99833405,0.433795452,-2.2154758,0.0177288149,-0.959651828,0.0956347585,-0.263833672
26903254517912,39974,-2.00153637,0.415841967,-2.20666623,0.0204903428,-0.959573925,0.0905417502,-0.265707165
26903271082808,39991,-2.00480509,0.39679426,-2.19804645,0.0233928692,-0.95950222,0.0848484933,-0.267598569
26903287706610,40008,-2.00809765,0.376722097,-2.18939853,0.0266306568,-0.959418058,0.0787336156,-0.26946041
26903304324370,40024,-2.01112747,0.356994599,-2.18164062,0.0300502721,-0.959389448,0.072348319,-0.270988524
26903320990308,40041,-2.01444244,0.334982336,-2.17375636,0.0338905193,-0.959401608,0.0649443939,-0.272364318
26903337662756,40057,-2.01759648,0.313414305,-2.16700459,0.0376415923,-0.959380805,0.0569564961,-0.273729175
26903354468745,40074,-2.02110004,0.289849967,-2.1603663,0.041354835,-0.959095001,0.0468089208,-0.276107758
26903370993537,40090,-2.02453661,0.267338216,-2.15462995,0.0442382805,-0.958299875,0.0354115218,-0.280090183
26903387709162,40106,-2.02791142,0.244806439,-2.14962792,0.046204634,-0.956808448,0.0225529522,-0.286136568
26903404332391,40124,-2.03180003,0.219546705,-2.14467716,0.0471774526,-0.954291463,0.00714183878,-0.295044392
26903421080360,40140,-2.035151,0.197063684,-2.14109373,0.0466597416,-0.951421976,-0.00606095884,-0.304273576
26903438112443,40157,-2.03892374,0.173358008,-2.13776755,0.0444036238,-0.947891414,-0.0193382967,-0.314890862
26903454321766,40173,-2.04293489,0.151582807,-2.13477421,0.0407695733,-0.944363296,-0.0313138664,-0.324862063
26903471025256,40189,-2.04712796,0.130336881,-2.13226533,0.0362339802,-0.940978646,-0.0426422656,-0.333808303
26903487655881,40206,-2.05168247,0.108450569,-2.13026738,0.0313737728,-0.937676251,-0.0541963838,-0.341821104
26903504330777,40223,-2.05619025,0.0875577927,-2.12869334,0.0272649284,-0.934308827,-0.0655748695,-0.349318922
26903521020308,40238,-2.06004405,0.0698428079,-2.12734461,0.0242580622,-0.930815935,-0.0753156915,-0.356820494
26903537652131,40256,-2.06436658,0.0494805314,-2.12558866,0.0215138197,-0.926120698,-0.0861756206,-0.366621584
26903554324579,40272,-2.06801653,0.0323014185,-2.12420321,0.0203659032,-0.921943426,-0.0952685922,-0.374872655
26903570986610,40289,-2.07152629,0.0151535571,-2.12293673,0.0199673213,-0.917669654,-0.10434708,-0.382877827
26903587659787,40306,-2.07474637,-0.00108700618,-2.12167335,0.0193556901,-0.913542211,-0.112739049,-0.39032805
26903604357235,40322,-2.0776763,-0.0157598034,-2.12052011,0.018518826,-0.910050988,-0.120347492,-0.396208048
26903621001714,40338,-2.08028603,-0.0297708921,-2.11933184,0.0177554078,-0.907236934,-0.128062353,-0.400257349
26903637661402,40356,-2.08333182,-0.0447573885,-2.11820984,0.016863009,-0.904728949,-0.136775196,-0.403080434
26903654324006,40372,-2.08585906,-0.057399109,-2.11757779,0.0153899658,-0.902450204,-0.144732386,-0.405461967
26903670999787,40388,-2.08832216,-0.0694833323,-2.11680841,0.0135585703,-0.899935782,-0.152780876,-0.40815416
26903687701558,40404,-2.09108019,-0.0810548961,-2.11566424,0.0123466654,-0.89731741,-0.160923794,-0.410819471
26903704332860,40422,-2.09421182,-0.0933514386,-2.11415982,0.012351091,-0.894332767,-0.170471892,-0.413468003
26903720989891,40438,-2.09733295,-0.103604645,-2.11248183,0.0137704099,-0.891759813,-0.179260701,-0.4152596
26903737652599,40454,-2.10070872,-0.11301443,-2.11062002,0.0164655317,-0.889145672,-0.188199878,-0.416808963
26903754325099,40472,-2.105021,-0.122641951,-2.1081109,0.0205618944,-0.886085391,-0.198227376,-0.418492466
26903771147912,40488,-2.10960269,-0.130313471,-2.10522199,0.0248070322,-0.883563221,-0.206459895,-0.419612795
26903787659735,40504,-2.11485195,-0.137100488,-2.10203552,0.0295421127,-0.881485105,-0.213393033,-0.420207888
26903804331245,40521,-2.12116647,-0.143384606,-2.09865165,0.0346926935,-0.879655182,-0.219122335,-0.420700073
26903821066974,40537,-2.12785125,-0.148166031,-2.09551001,0.0392072424,-0.877979517,-0.223074406,-0.421725869
26903837663537,40554,-2.13580823,-0.151967645,-2.09215164,0.0433484241,-0.875966191,-0.22614257,-0.423867613
26903854481558,40571,-2.14455223,-0.154431611,-2.08866811,0.0473191291,-0.873827219,-0.228332728,-0.426674366
26903870998849,40587,-2.15340686,-0.155559078,-2.08556819,0.0513658337,-0.871806085,-0.229652181,-0.42962268
26903887680516,40604,-2.16354537,-0.155582249,-2.08241987,0.0554629974,-0.869533956,-0.230090216,-0.433466434
26903904325204,40620,-2.1736455,-0.154558226,-2.07965589,0.0586296618,-0.867106199,-0.229597494,-0.438148975
26903920993016,40637,-2.18475366,-0.152421355,-2.07722592,0.0611128695,-0.864118516,-0.228223711,-0.44438538
26903937682235,40653,-2.19568253,-0.149506763,-2.07507968,0.0626028106,-0.861050725,-0.225934401,-0.45124957
26903954476506,40670,-2.20773101,-0.145706609,-2.07312536,0.0632613599,-0.857598305,-0.222465515,-0.459382564
26903970989839,40687,-2.22017455,-0.141449913,-2.07153296,0.0629935414,-0.853993058,-0.218425989,-0.467993379
26903988133954,40703,-2.2323525,-0.137184262,-2.07035279,0.0618775338,-0.850688815,-0.214443579,-0.475934535
26904004323120,40719,-2.24505401,-0.132809505,-2.06974769,0.0599874705,-0.847609103,-0.210678697,-0.483295858
26904022517651,40738,-2.26080251,-0.12756224,-2.06979656,0.0569383949,-0.84415561,-0.206986442,-0.491239309
26904037718381,40753,-2.27351928,-0.123327203,-2.0705049,0.0539696068,-0.841421247,-0.204500079,-0.497269928
26904054380776,40770,-2.28807282,-0.118462376,-2.07183599,0.0499933474,-0.838030219,-0.201480687,-0.504590452
26904070995047,40786,-2.30162072,-0.113753542,-2.07352543,0.0455084741,-0.834354699,-0.19783555,-0.512486458
26904087655985,40802,-2.31480646,-0.108901814,-2.0755806,0.0403399132,-0.830055833,-0.193578497,-0.52144742
26904104330203,40819,-2.32820964,-0.103650168,-2.07811356,0.0341789313,-0.824950635,-0.188851401,-0.531623423
26904121007599,40835,-2.33999443,-0.0985395536,-2.08087158,0.0279422812,-0.820030451,-0.184698671,-0.540976584
26904137655099,40852,-2.35174251,-0.0929766446,-2.08407927,0.0211564898,-0.814984202,-0.180945769,-0.550101757
26904154383120,40869,-2.36246729,-0.0872452706,-2.08758497,0.0141715938,-0.809976876,-0.178215116,-0.558548272
26904170999474,40885,-2.37161994,-0.0818406269,-2.0908525,0.00722695934,-0.805026233,-0.176722094,-0.566259503
26904187674631,40901,-2.37985349,-0.0765358657,-2.0940392,0.00014311113,-0.799824119,-0.176149815,-0.573805273
26904204328276,40919,-2.38794374,-0.0707274079,-2.09759569,-0.0071553099,-0.793930471,-0.176211044,-0.581870258
26904220995256,40935,-2.3942039,-0.0658346266,-2.10042691,-0.0129603269,-0.788525999,-0.176597193,-0.588958621
26904237684891,40951,-2.39932656,-0.0612530336,-2.10301161,-0.0183873773,-0.782854497,-0.176984832,-0.596219063
26904254332651,40968,-2.4037745,-0.0567296036,-2.10512662,-0.0235118661,-0.77687639,-0.177322164,-0.603711188
26904270990360,40985,-2.40708709,-0.052598495,-2.10667109,-0.0276354495,-0.77159816,-0.177652538,-0.610173941
26904287670933,41001,-2.4091866,-0.0491282046,-2.1076777,-0.0305634998,-0.767630935,-0.177915007,-0.614943027
26904304388849,41017,-2.41036844,-0.0460241251,-2.1080513,-0.0331428237,-0.76456207,-0.178439692,-0.61847049
26904321015255,41035,-2.41038799,-0.0429155231,-2.10781956,-0.0360317454,-0.762106299,-0.179490954,-0.62103039
26904337655099,41051,-2.40964365,-0.0404272936,-2.10680342,-0.038503889,-0.76087451,-0.180728316,-0.622032702
26904354333745,41068,-2.40784025,-0.0380612165,-2.10493302,-0.0407657586,-0.760367036,-0.182353869,-0.622034848
26904370993276,41084,-2.40530562,-0.0360273235,-2.10230684,-0.0426086299,-0.760502398,-0.184135705,-0.62122035
26904387659735,41100,-2.40212059,-0.0341756977,-2.09887409,-0.0440781936,-0.761217177,-0.186224744,-0.619617641
26904404325568,41117,-2.39800286,-0.0325038359,-2.09448481,-0.0454173535,-0.762605786,-0.188721955,-0.617052436
26904421028485,41134,-2.39347219,-0.0310960673,-2.08928633,-0.0463378914,-0.764686882,-0.191545963,-0.613528371
26904437662183,41150,-2.38876295,-0.0301061273,-2.08377957,-0.0464718714,-0.767188072,-0.194508895,-0.609449923
26904454400047,41166,-2.38395882,-0.0293030553,-2.07743287,-0.0455420315,-0.770216525,-0.197405115,-0.604750931
26904471004370,41183,-2.37855148,-0.0285534747,-2.06996608,-0.0433439612,-0.773966193,-0.200059846,-0.599227607
26904487655151,41200,-2.37274456,-0.0278977938,-2.06195307,-0.0402801447,-0.778309464,-0.202063978,-0.593112171
26904504333537,41216,-2.36742568,-0.0273140147,-2.05367899,-0.0368611626,-0.78300792,-0.203190699,-0.586731195
26904521051870,41233,-2.3617475,-0.0266791657,-2.04434347,-0.033022508,-0.788681746,-0.203426257,-0.579230845
26904537660412,41250,-2.35625553,-0.026162073,-2.03442121,-0.0295648109,-0.795324266,-0.202146456,-0.570720673
26904554497807,41266,-2.35117602,-0.0257051848,-2.02474022,-0.0265628304,-0.802227616,-0.199926794,-0.561920464
26904571021193,41283,-2.3457818,-0.0250727162,-2.01422548,-0.0229050145,-0.809682667,-0.197090566,-0.552308559
26904587657130,41299,-2.34084582,-0.0242478251,-2.00376916,-0.0190947205,-0.816293478,-0.194009349,-0.543747008
26904604317026,41315,-2.33591652,-0.0230720304,-1.99280572,-0.0149888406,-0.822178781,-0.190823451,-0.536082029
26904621007078,41333,-2.33044195,-0.0214083157,-1.97987342,-0.00989515893,-0.828077972,-0.18748863,-0.528239548
26904638213485,41349,-2.3254447,-0.0196919963,-1.96798909,-0.00499067595,-0.833087504,-0.184545696,-0.521424294
26904654652235,41366,-2.31993508,-0.0175818726,-1.95489669,0.000411177636,-0.838387251,-0.181440085,-0.513990402
26904670992026,41381,-2.31500244,-0.0154597238,-1.94307041,0.00506213633,-0.843198776,-0.178818136,-0.506965756
26904687663068,41399,-2.30904341,-0.0126317926,-1.92879713,0.0105950013,-0.849375904,-0.175634578,-0.497595131
26904704476401,41415,-2.30372548,-0.00980297476,-1.9159404,0.0152176656,-0.855014145,-0.172504216,-0.488836944
26904721092495,41431,-2.29840732,-0.00662100315,-1.90293729,0.0192422364,-0.860539079,-0.168550014,-0.480305344
26904737651818,41449,-2.29235888,-0.00275427476,-1.88796592,0.0230355021,-0.866373539,-0.163025409,-0.471475482
26904754326141,41464,-2.28724742,0.000660762191,-1.87542677,0.0258363634,-0.870886862,-0.157880127,-0.464717597
26904770985828,41482,-2.28101897,0.00496772677,-1.86036646,0.0290572848,-0.876101494,-0.151317343,-0.456842512
26904787669526,41498,-2.27541661,0.00918094441,-1.84696102,0.0318849757,-0.880528927,-0.145597637,-0.449948251
26904805396922,41515,-2.26958084,0.0141736977,-1.83289218,0.034697745,-0.884962201,-0.139943212,-0.44277963
26904821215672,41530,-2.26453543,0.018898163,-1.8205477,0.0370108858,-0.888798296,-0.135160103,-0.436347961
26904837679057,41548,-2.25847316,0.0249592066,-1.80595994,0.0399840288,-0.893413961,-0.129755318,-0.428224683
26904854335047,41564,-2.25306273,0.0306867883,-1.79298222,0.0429895632,-0.897358358,-0.125382587,-0.420926601
26904871398589,41581,-2.24742198,0.0372661278,-1.77922511,0.046251215,-0.90115428,-0.121169366,-0.413642108
26904887654526,41598,-2.24202085,0.0444798246,-1.76566374,0.0495414846,-0.904552281,-0.117331102,-0.406895995
26904904328537,41614,-2.2371695,0.0517779961,-1.75284421,0.0524485298,-0.907504439,-0.113975301,-0.400867283
26904920991870,41630,-2.23257113,0.0595920682,-1.73996055,0.0552276485,-0.910449445,-0.110401429,-0.394769937
26904937656766,41647,-2.22799206,0.0686776638,-1.7262553,0.058468394,-0.913690805,-0.106221505,-0.387901545
26904954510516,41664,-2.2236824,0.0786190331,-1.71257031,0.062016435,-0.91704458,-0.101667367,-0.380587637
26904970989318,41680,-2.21989822,0.0887367874,-1.69981945,0.0652413145,-0.92037195,-0.0967723802,-0.373221397
26904987656766,41696,-2.21647501,0.0997250229,-1.68732858,0.068063736,-0.923924506,-0.0911618099,-0.365267575
26905004316818,41713,-2.21334648,0.112393379,-1.67443144,0.0704471096,-0.927814603,-0.0844137669,-0.356471181
26905020998068,41730,-2.21074224,0.126057699,-1.66202819,0.0721205473,-0.931608617,-0.0765844062,-0.34790656
26905037659891,41746,-2.20870972,0.139744818,-1.65091383,0.0732485726,-0.935005069,-0.0678102002,-0.340297043
26905054327286,41763,-2.20697427,0.155198678,-1.63979244,0.0739783421,-0.93827647,-0.0569994487,-0.33303985
26905071534214,41780,-2.2057755,0.171349525,-1.62947536,0.0740351081,-0.941096067,-0.044815287,-0.326877326
26905087652495,41796,-2.20532393,0.186995819,-1.62055159,0.0738247484,-0.943423212,-0.0323546566,-0.321645409
26905104329995,41813,-2.20544243,0.204173982,-1.61199188,0.0738847628,-0.945641577,-0.0188040528,-0.316147983
26905121138172,41829,-2.2059226,0.220785856,-1.60487151,0.0744481534,-0.947493851,-0.00630672043,-0.31092307
26905137658016,41845,-2.20688581,0.237769946,-1.59865451,0.0753963068,-0.949076295,0.00578700146,-0.305836827
26905154351297,41863,-2.20857334,0.25733912,-1.59282267,0.0766498521,-0.950459123,0.0188213754,-0.300662726
26905171055880,41879,-2.21060538,0.275069684,-1.58864939,0.0775170326,-0.951356769,0.0300062709,-0.296666652
26905187658953,41895,-2.21323466,0.292852402,-1.58541071,0.0779655948,-0.951995015,0.0411022343,-0.293150812
26905204341088,41912,-2.21672297,0.311580092,-1.58302128,0.0777776986,-0.952296913,0.0530670658,-0.290284663
26905221016349,41928,-2.22063804,0.328908145,-1.58165646,0.0764405951,-0.952060103,0.0644923896,-0.289100647
26905237698016,41945,-2.22547579,0.346820682,-1.58110893,0.0734840408,-0.951280355,0.0765495822,-0.289492756
26905254379161,41961,-2.23051953,0.362923205,-1.58145821,0.0696682036,-0.950300813,0.0870687291,-0.290678144
26905271014578,41978,-2.23642373,0.379176199,-1.58278871,0.0653450117,-0.949257255,0.0968630239,-0.29199028
26905287678172,41995,-2.24274254,0.394464493,-1.58504164,0.0611771457,-0.94815284,0.104940064,-0.293685496
26905304350047,42012,-2.2493329,0.408516854,-1.58813512,0.0572295897,-0.946954727,0.111142248,-0.296055555
26905320995151,42028,-2.25590634,0.420579433,-1.59183562,0.054310929,-0.945939183,0.114922419,-0.298399657
26905337687651,42044,-2.26255131,0.431213826,-1.59623361,0.0524326563,-0.945137918,0.116746925,-0.300558388
26905354331401,42061,-2.26981139,0.440950215,-1.60163939,0.0519924723,-0.94448936,0.116995692,-0.302570224
26905370998536,42078,-2.27731633,0.448948026,-1.60772455,0.0532279685,-0.943815827,0.116302229,-0.304716885
26905387710880,42094,-2.28463984,0.454795331,-1.61395776,0.0556020588,-0.942822158,0.115748599,-0.307566494
26905404324005,42110,-2.29233384,0.459005207,-1.62056804,0.0585276634,-0.94124341,0.115918927,-0.311766207
26905421044265,42127,-2.3008213,0.461510688,-1.62793982,0.0620109066,-0.938951671,0.117116496,-0.317503035
26905437882859,42144,-2.30963826,0.462109894,-1.63566923,0.0660826415,-0.936064601,0.119228944,-0.324346542
26905454482807,42160,-2.31818628,0.460863233,-1.64328551,0.070464544,-0.932650864,0.121801063,-0.332207412
26905471028328,42177,-2.32732868,0.457859099,-1.65162778,0.0752508044,-0.928214848,0.124641545,-0.342372596
26905487654474,42194,-2.33644176,0.453275919,-1.66027641,0.0804915279,-0.92330271,0.126947343,-0.353436738
26905504336349,42210,-2.34490061,0.447491944,-1.66877913,0.0859962106,-0.918510318,0.127899662,-0.36412257
26905520997651,42226,-2.35324597,0.44054389,-1.67751539,0.091651544,-0.913618922,0.127601281,-0.374991328
26905537675463,42243,-2.36199784,0.431989282,-1.68704391,0.0977997854,-0.908446252,0.126217306,-0.386302829
26905554393380,42260,-2.37037897,0.422373801,-1.69681835,0.104212031,-0.903328538,0.12397477,-0.39719978
26905570991088,42276,-2.37784028,0.412358671,-1.70624423,0.110439226,-0.898384631,0.121713147,-0.407301247
26905587670672,42293,-2.38539433,0.400968134,-1.71628296,0.116922863,-0.892782509,0.11920324,-0.418400645
26905604325203,42309,-2.39223456,0.389863849,-1.72566545,0.122525156,-0.887178242,0.116470605,-0.429344714
26905621143953,42326,-2.39930105,0.377544433,-1.73571336,0.127386212,-0.880991399,0.112905316,-0.44145143
26905637815620,42343,-2.40619588,0.364643574,-1.74584472,0.13054584,-0.874620259,0.108156919,-0.454201907
26905654334057,42359,-2.41253519,0.352159232,-1.75554657,0.13184388,-0.868453503,0.101793975,-0.466951579
26905670995567,42375,-2.41873336,0.339346856,-1.765576,0.131760567,-0.86219722,0.0931639746,-0.480182976
26905687655724,42392,-2.42513132,0.325467467,-1.77679265,0.130485371,-0.85543561,0.082070753,-0.49443689
26905704331140,42409,-2.43134379,0.311569691,-1.78846371,0.128099859,-0.848229945,0.0697856322,-0.509142876
26905721034317,42425,-2.43699408,0.298315704,-1.79963982,0.124728225,-0.840815723,0.0584290139,-0.523505449
26905737660307,42441,-2.44240379,0.284937084,-1.81115305,0.120525718,-0.832811296,0.048332002,-0.538110495
26905754324370,42459,-2.44811773,0.269652188,-1.82419717,0.115139402,-0.82319206,0.0386540741,-0.554620385
26905770987599,42475,-2.45265627,0.256179303,-1.83585453,0.110473655,-0.81433928,0.0308504459,-0.568942368
26905787657651,42491,-2.45667338,0.243075445,-1.84760904,0.106756315,-0.805419564,0.0233570356,-0.582543552
26905804370567,42508,-2.46051908,0.229566604,-1.86010873,0.104448587,-0.796132505,0.0154832406,-0.595838785
26905820995776,42525,-2.46380782,0.21670565,-1.87276769,0.103635594,-0.786935985,0.0077997027,-0.608219266
26905837689942,42541,-2.4665153,0.205023557,-1.88447821,0.103762299,-0.778026342,0.000608374365,-0.619603217
26905854324369,42557,-2.46893215,0.193750665,-1.89604235,0.104418568,-0.768925786,-0.00655887136,-0.630719423
26905870989994,42574,-2.4712348,0.182397634,-1.90822423,0.105224513,-0.759445369,-0.013897391,-0.641854763
26905887689838,42591,-2.47347736,0.171671391,-1.92020929,0.105390802,-0.750181258,-0.0208126437,-0.652447581
26905904336869,42607,-2.47554016,0.162216544,-1.93145633,0.10423518,-0.741315126,-0.0272195935,-0.662454545
26905920992338,42624,-2.47770882,0.15271391,-1.94335246,0.101198822,-0.731750429,-0.0340172388,-0.673159003
26905937653536,42641,-2.47985077,0.143799275,-1.95544004,0.0969629735,-0.722609162,-0.0406879857,-0.683212101
26905954324734,42657,-2.48177123,0.136011824,-1.9667387,0.0928337649,-0.714633763,-0.0469489694,-0.69171983
26905971018119,42674,-2.48374724,0.128562525,-1.97853732,0.0885958076,-0.706321359,-0.0538509972,-0.700257897
26905987665776,42690,-2.48546529,0.122318566,-1.98949969,0.0849266425,-0.698273361,-0.0604204163,-0.708202779
26906004321713,42707,-2.48710346,0.116309479,-2.00086641,0.0817583129,-0.689568758,-0.0668854713,-0.716475368
26906020993849,42723,-2.48853111,0.111329503,-2.01142359,0.0796215162,-0.681468248,-0.0719859079,-0.723933399
26906037663067,42740,-2.48983598,0.106670678,-2.02225566,0.0777558982,-0.67311734,-0.0761454552,-0.731484175
26906054350880,42756,-2.49063706,0.102953121,-2.03262186,0.0758911446,-0.665440023,-0.0789993182,-0.738369346
26906070991192,42773,-2.49120522,0.0996510908,-2.0433805,0.0737304837,-0.65764159,-0.0810945258,-0.745315492
26906087654994,42790,-2.49172878,0.0968815908,-2.05325484,0.0717056468,-0.650446117,-0.0824616477,-0.751650393
26906104326140,42806,-2.49199796,0.0948842466,-2.06222105,0.0701666549,-0.644003332,-0.0832995549,-0.757230163
26906121192494,42823,-2.49201846,0.0934182107,-2.0711937,0.0688251406,-0.637037873,-0.0837440342,-0.763172805
26906137762807,42840,-2.49165606,0.092579782,-2.08004165,0.067479834,-0.629260063,-0.083762072,-0.769715726
26906154411921,42856,-2.49103761,0.0922732502,-2.08823895,0.0660738274,-0.621143937,-0.0834766105,-0.776431739
26906170990776,42872,-2.49030209,0.0923008248,-2.09600401,0.0644485876,-0.612751484,-0.0831717178,-0.783239722
26906187657963,42889,-2.48940277,0.0926795751,-2.10369372,0.0626030043,-0.60439539,-0.0827838629,-0.789894938
26906204320046,42906,-2.48835874,0.0934111178,-2.11079264,0.0607247688,-0.596987724,-0.082333006,-0.795700669
26906221313484,42922,-2.48712969,0.0942594633,-2.11735654,0.0591257885,-0.590795636,-0.0816704482,-0.800496519
26906237824161,42939,-2.48580432,0.0953469798,-2.12355518,0.0580627285,-0.585137248,-0.0804851204,-0.804838657
26906254440463,42956,-2.48459768,0.0964850336,-2.12936974,0.058107689,-0.580436587,-0.0787506402,-0.808402896
26906271034473,42972,-2.48342752,0.0976814479,-2.13430715,0.0589232109,-0.576664448,-0.0765651688,-0.811248362
26906287666088,42988,-2.48227024,0.0990837663,-2.13824129,0.0596710779,-0.57292074,-0.0739554167,-0.814083517
26906304340828,43005,-2.48110151,0.100524008,-2.14200568,0.05973842,-0.568666041,-0.0707412064,-0.817340732
26906320998484,43021,-2.48012757,0.101815835,-2.14486408,0.0590381362,-0.564813554,-0.0675085559,-0.820330918
26906337653015,43038,-2.47930145,0.103063047,-2.1473093,0.0575806387,-0.561442137,-0.0643664822,-0.822997093
26906354350828,43055,-2.47853994,0.104234725,-2.14910746,0.0554615967,-0.559149086,-0.0620620549,-0.824878633
26906370991296,43071,-2.47781587,0.105218053,-2.15032792,0.0532231182,-0.558001339,-0.0610916354,-0.825875103
26906387714005,43088,-2.47711062,0.106157884,-2.15112805,0.0510532074,-0.55788219,-0.0611871667,-0.826085508
26906404323640,43105,-2.47657418,0.107073307,-2.15113187,0.0492908806,-0.558697522,-0.0620574541,-0.825576425
26906421009213,43121,-2.47626328,0.107789606,-2.15056252,0.0480425656,-0.559823096,-0.0634340495,-0.82478255
26906437699057,43137,-2.47601604,0.108383052,-2.14938474,0.0472510383,-0.561186671,-0.0651010871,-0.823771119
26906454339786,43154,-2.47583199,0.108804792,-2.14775229,0.0470105968,-0.56310463,-0.0669194981,-0.822328985
26906470996505,43171,-2.47575569,0.109094895,-2.14565206,0.0472350381,-0.565824807,-0.068327181,-0.820330799
26906487668692,43187,-2.47570944,0.109277219,-2.14314771,0.0474435352,-0.568974257,-0.0689748004,-0.818083107
26906504331713,43203,-2.47574568,0.109244734,-2.14034128,0.0473240092,-0.572369456,-0.0690316334,-0.815713346
26906521010411,43220,-2.47594213,0.109070167,-2.13683343,0.0469495505,-0.576488674,-0.068480663,-0.812875807
26906537654838,43237,-2.4762671,0.108700857,-2.13293242,0.0467020907,-0.581458092,-0.0673595145,-0.809436977
26906554327286,43253,-2.47660279,0.108264521,-2.1289022,0.0468640625,-0.586747169,-0.0660834014,-0.805707514
26906570987182,43270,-2.47689915,0.107784979,-2.12421823,0.0473823249,-0.592557907,-0.0649579614,-0.801505208
26906587668067,43286,-2.47712684,0.10727594,-2.11949778,0.0480307862,-0.598117173,-0.0643299818,-0.797377348
26906604353432,43303,-2.47731662,0.106707305,-2.11408401,0.0489059202,-0.604489684,-0.0643039569,-0.79250586
26906620989109,43320,-2.47740006,0.106064871,-2.10838985,0.049929712,-0.611570656,-0.0649179444,-0.786939681
26906637771192,43336,-2.47740817,0.105438888,-2.10270667,0.050689552,-0.618707359,-0.0659176484,-0.781208515
26906654357234,43352,-2.47727537,0.104794353,-2.09669232,0.0509438515,-0.625985086,-0.06718079,-0.775263965
26906670986400,43370,-2.47697306,0.104105867,-2.08956218,0.0506911539,-0.634383678,-0.0685319677,-0.76830405
26906687665255,43386,-2.47644997,0.103541493,-2.08286238,0.0500493459,-0.642116904,-0.0693886429,-0.761817694
26906704338848,43402,-2.47565794,0.102986127,-2.0758934,0.049024418,-0.650166035,-0.0697303489,-0.754995704
26906721805932,43420,-2.47463536,0.102388382,-2.06775737,0.0477214307,-0.659455836,-0.0695372745,-0.746997595
26906737663223,43435,-2.47352386,0.101872817,-2.06075549,0.0467702448,-0.667091012,-0.0691121221,-0.740287602
26906754324473,43452,-2.47201824,0.101324446,-2.05257392,0.0460186228,-0.675364137,-0.0685260445,-0.732850492
26906770991921,43469,-2.47021055,0.100833505,-2.04409885,0.0457480252,-0.683236003,-0.0680185705,-0.725582004
26906787656400,43485,-2.46815181,0.100388318,-2.03589344,0.0460050181,-0.690553844,-0.0676876307,-0.718635738
26906804699577,43502,-2.46570373,0.0999492183,-2.02696657,0.0465143248,-0.698491275,-0.0674562082,-0.710912108
26906820993588,43519,-2.46286964,0.0994837135,-2.01781535,0.0468688756,-0.706780612,-0.0672597587,-0.702666759
26906837680411,43535,-2.45992446,0.0989998579,-2.00908804,0.0468955226,-0.714913964,-0.0672271699,-0.69439137
26906854320463,43551,-2.45668769,0.0985302031,-2.00026202,0.0467135422,-0.723281503,-0.0674089193,-0.685666025
26906871015463,43567,-2.4531467,0.0980629399,-1.99132848,0.04647642,-0.7316221,-0.067902945,-0.676726162
26906887668536,43585,-2.4488194,0.0975292102,-1.9811424,0.046218507,-0.740661204,-0.0691004619,-0.666715801
26906904357182,43601,-2.44459915,0.0970843881,-1.97190189,0.0458830111,-0.748483896,-0.0708145946,-0.657762885
26906920990515,43618,-2.4398303,0.0965982974,-1.96200097,0.045492921,-0.756927371,-0.073108539,-0.64780128
26906937651036,43634,-2.43496299,0.0962321609,-1.95247447,0.0451466031,-0.765155315,-0.0755830705,-0.637798071
26906954324109,43651,-2.42941809,0.0959025174,-1.9422735,0.0447746627,-0.774247289,-0.0780411959,-0.626455128
26906970990984,43667,-2.423769,0.0956451595,-1.93267763,0.044347655,-0.78318119,-0.0795194507,-0.615091264
26906988550202,43685,-2.41695118,0.095390588,-1.92180991,0.0438764244,-0.793547571,-0.079902336,-0.601641595
26907007147702,43703,-2.40978599,0.0950741917,-1.91090465,0.0435780548,-0.804010391,-0.0788317993,-0.587753236
26907021308796,43718,-2.40341735,0.0948309526,-1.90175033,0.0434824303,-0.812594593,-0.0770024881,-0.576081574
26907037780984,43734,-2.39624143,0.0945783705,-1.89202881,0.04360459,-0.821447372,-0.0747537017,-0.563679755
26907054334473,43750,-2.38862991,0.0945021138,-1.88232875,0.043945156,-0.829969823,-0.0728693753,-0.551279426
26907071175411,43766,-2.38059688,0.09448497,-1.87276626,0.0443591774,-0.838233829,-0.0716482401,-0.538760602
26907087667650,43783,-2.37162399,0.094420895,-1.86287069,0.044811178,-0.846867144,-0.0712217167,-0.525105357
26907104324838,43800,-2.36217952,0.0944890231,-1.8531692,0.045136068,-0.855408728,-0.0716608092,-0.510982752
26907120987911,43816,-2.35296917,0.0945586115,-1.84425902,0.04495015,-0.863354921,-0.0724456236,-0.497342348
26907137652754,43833,-2.34283066,0.0946903154,-1.83493805,0.0440726168,-0.871760726,-0.0733534694,-0.482400417
26907154909317,43850,-2.33230472,0.0947718695,-1.82591259,0.0428711623,-0.880201876,-0.0741401687,-0.466808289
26907170992390,43866,-2.3220098,0.0948827639,-1.81770587,0.0418157987,-0.888069868,-0.0743856281,-0.451719075
26907187655567,43883,-2.31064749,0.0950473398,-1.80920362,0.040832106,-0.896005571,-0.0741854608,-0.435893744
26907204321921,43899,-2.29957938,0.0952073783,-1.80145121,0.0402619168,-0.903013766,-0.0735829845,-0.421343982
26907221109838,43915,-2.28812003,0.0955067277,-1.79392827,0.0402153581,-0.909698129,-0.0725594759,-0.406899422
26907237675879,43933,-2.27481651,0.0957310945,-1.78590381,0.0406644866,-0.916945219,-0.0711078942,-0.390514523
26907254325359,43949,-2.26263332,0.095894061,-1.7792331,0.0412893966,-0.923170924,-0.070154205,-0.375671476
26907270989004,43965,-2.25018978,0.0960668474,-1.77299416,0.0419094488,-0.929207623,-0.0698244274,-0.360473931
26907287662181,43982,-2.23682666,0.0962333232,-1.766886,0.0423154905,-0.935430884,-0.0701702237,-0.343881756
26907304332338,43999,-2.22329783,0.0964536667,-1.76134062,0.042343121,-0.941406846,-0.0712490454,-0.32693094
26907321009056,44015,-2.21042418,0.0966144651,-1.75660431,0.0420474336,-0.946732402,-0.0725582317,-0.310910195
26907337666088,44031,-2.19753408,0.0968131572,-1.75231791,0.0414833017,-0.951673508,-0.0739173666,-0.295183003
26907354389629,44049,-2.18290401,0.0969660878,-1.74802482,0.0407791398,-0.956726909,-0.0754096657,-0.278072268
26907370987338,44065,-2.16985607,0.0970759168,-1.74459398,0.0403320082,-0.960840464,-0.0767224282,-0.263197005
26907387699994,44081,-2.15685892,0.0973008648,-1.74158096,0.0401670672,-0.964688659,-0.0779980272,-0.24835217
26907405903171,44100,-2.14136791,0.0977322981,-1.73881567,0.0403690562,-0.968914568,-0.0794895887,-0.230773225
26907421023692,44114,-2.129951,0.0982095301,-1.73729897,0.0406619161,-0.971767247,-0.0806859732,-0.217955992
26907437717858,44131,-2.11608481,0.0988446027,-1.73593271,0.0410465673,-0.974992752,-0.082013309,-0.202430427
26907454416608,44147,-2.10314322,0.0994771421,-1.73513544,0.041312445,-0.977838099,-0.0829742476,-0.187726572
26907471060931,44164,-2.08955336,0.100192532,-1.73472857,0.0413792357,-0.980640054,-0.0837211236,-0.172115237
26907487686765,44181,-2.0761621,0.100939438,-1.734671,0.0410520695,-0.983156443,-0.0843324736,-0.156863734
26907504329890,44197,-2.06381893,0.101694554,-1.73493862,0.0404058062,-0.985271156,-0.0848095864,-0.142882898
26907520996296,44213,-2.05170107,0.102467179,-1.73550522,0.039512556,-0.987174928,-0.0851903334,-0.129101038
26907537684369,44231,-2.03845596,0.103366598,-1.73645365,0.0383302309,-0.989083052,-0.0854189694,-0.113794781
26907554409942,44247,-2.02696586,0.104103528,-1.73756349,0.0371349156,-0.9905532,-0.08530242,-0.10074196
26907570995410,44263,-2.01587081,0.104820251,-1.73890305,0.0358927958,-0.991807878,-0.0849317834,-0.0884057358
26907588124369,44280,-2.00446582,0.105539016,-1.74050367,0.0347458087,-0.992929578,-0.0844976977,-0.0757879466
26907604329525,44297,-1.99343979,0.106151447,-1.74222052,0.0340692811,-0.993860364,-0.0841477737,-0.0632465854
26907621876140,44313,-1.98359907,0.106722072,-1.74389613,0.0338129178,-0.994561136,-0.0839155242,-0.0516048558
26907637660775,44329,-1.97403312,0.107231818,-1.74575853,0.033733651,-0.995092034,-0.0837285593,-0.0405405499
26907654372338,44347,-1.96369064,0.107758418,-1.7481364,0.0336930677,-0.995522022,-0.0834556147,-0.0289113875
26907671075358,44363,-1.95495021,0.108158328,-1.75035644,0.0336296596,-0.995806634,-0.082902804,-0.019113604
26907687655983,44379,-1.94661462,0.108463243,-1.75259507,0.033289846,-0.996009648,-0.0822057202,-0.00994377863
26907704330567,44396,-1.93834329,0.108710498,-1.75498438,0.0323307775,-0.996152878,-0.0814433843,-0.00108987163
26907721264994,44413,-1.93056762,0.108865544,-1.75737107,0.0307610799,-0.996230602,-0.0808088779,0.00694873976
26907737648952,44429,-1.92375958,0.108950377,-1.75955904,0.0290373117,-0.996226728,-0.0805593356,0.0141207958
26907754483223,44446,-1.91695857,0.108948678,-1.76189971,0.0271346644,-0.99612236,-0.0808811411,0.021499468
26907770988067,44462,-1.91102946,0.108913109,-1.76406622,0.0254328419,-0.995937705,-0.0816362873,0.0282268934
26907787657337,44478,-1.90554881,0.108848855,-1.76615238,0.0240341555,-0.995687783,-0.0826556012,0.0345871113
26907804318067,44496,-1.89977968,0.108671799,-1.76842201,0.023161605,-0.995358765,-0.083909452,0.0410338379
26907820992077,44512,-1.89512551,0.10845603,-1.77020538,0.0230155215,-0.995070934,-0.0848272666,0.0459186248
26907837719942,44528,-1.89084816,0.108166806,-1.77181768,0.023338249,-0.994819164,-0.0853978619,0.0499746054
26907854323431,44545,-1.88683403,0.107845828,-1.77330542,0.0239238106,-0.994596839,-0.0856486484,0.0535648726
26907870989421,44562,-1.88343036,0.107506096,-1.77450907,0.0244923867,-0.994421542,-0.0856269822,0.0565159731
26907887675879,44578,-1.88072455,0.107059747,-1.77542973,0.0247568414,-0.994299471,-0.0855462402,0.0586306863
26907904387494,44595,-1.8784616,0.106514849,-1.77614248,0.0246450324,-0.994194746,-0.0857168287,0.0601845011
26907921134733,44611,-1.87681961,0.106010616,-1.77662325,0.0243034288,-0.994105756,-0.0861686692,0.0611407608
26907937660879,44627,-1.87568045,0.105547085,-1.77696645,0.0239042584,-0.994018853,-0.08688768,0.0616905764
26907954395931,44645,-1.87502813,0.105042696,-1.77708983,0.0234153122,-0.993935168,-0.0880366936,0.0615968443
26907970989525,44661,-1.87489378,0.10456486,-1.77689469,0.023116637,-0.993901312,-0.0890923589,0.0607328378
26907987672077,44677,-1.87526453,0.104082912,-1.77642727,0.023107918,-0.993920147,-0.0900294632,0.0590214804
26908004367806,44694,-1.87636626,0.103608802,-1.77563334,0.0234863926,-0.994005978,-0.0907764211,0.0562156625
26908021000514,44711,-1.87817216,0.103224583,-1.77453434,0.0241016988,-0.994168282,-0.091159299,0.0523312688
26908037660254,44727,-1.88043106,0.10284245,-1.77322888,0.0246973746,-0.994383097,-0.0911455452,0.0478002653
26908054336973,44743,-1.8831135,0.102466382,-1.7717427,0.0252678432,-0.994615912,-0.0909889042,0.0426819064
26908071087702,44761,-1.8869071,0.102089271,-1.76979136,0.0259819869,-0.994861841,-0.0908261538,0.0364075638
26908087682650,44776,-1.89071727,0.101842314,-1.76797426,0.0266449023,-0.995050311,-0.0907158852,0.0305881482
26908104327962,44793,-1.89563656,0.101649985,-1.76578784,0.0275796298,-0.995231032,-0.0906462222,0.0231923871
26908120987806,44810,-1.9012711,0.101460993,-1.76338661,0.0287544411,-0.995360076,-0.0906147212,0.014848901
26908137669212,44827,-1.90755594,0.101286933,-1.76085174,0.0301388334,-0.995435953,-0.0903836116,0.00546778552
26908154321712,44843,-1.91409385,0.101106897,-1.75834,0.0314801745,-0.995446563,-0.0898730904,-0.00425467873
26908171023587,44860,-1.92174625,0.100938559,-1.75560737,0.0327891037,-0.995381117,-0.088897787,-0.0154471407
26908187733327,44876,-1.92956412,0.100798279,-1.75303102,0.0336746238,-0.995237291,-0.0874745846,-0.0267787986
26908204324004,44892,-1.93799412,0.100650907,-1.75046718,0.0341924876,-0.994988918,-0.0856160671,-0.0387022756
26908220999994,44910,-1.94815791,0.100461856,-1.74769688,0.0344865732,-0.994525433,-0.0834468901,-0.052597113
26908237673327,44926,-1.95773196,0.100220501,-1.74538481,0.034811195,-0.99391216,-0.0816614628,-0.0652547926
26908254402494,44942,-1.96786046,0.100051992,-1.74340856,0.0353931859,-0.993084073,-0.0800087154,-0.0782950372
26908270987494,44959,-1.97911787,0.09985587,-1.7415185,0.0364155695,-0.991930068,-0.078493312,-0.0926688239
26908287652546,44976,-1.99089193,0.0994814932,-1.73970413,0.0378595479,-0.990471125,-0.0772553384,-0.107541755
26908304326764,44992,-2.00244594,0.0990482867,-1.73824322,0.039625641,-0.988838732,-0.0762257949,-0.121727087
26908320990619,45009,-2.01501918,0.0985717177,-1.73698258,0.0417096019,-0.986837506,-0.0751853511,-0.136964545
26908337711348,45025,-2.02718687,0.0981261283,-1.73612857,0.0434604399,-0.984710455,-0.0742629394,-0.151464731
26908354323535,45042,-2.04047513,0.0975898355,-1.73556006,0.044893682,-0.982227623,-0.0733512193,-0.166832775
26908370987702,45058,-2.05336428,0.0970078334,-1.73539805,0.0457883999,-0.979703844,-0.0724462643,-0.181205466
26908387655514,45075,-2.06733227,0.0963457823,-1.73565733,0.0463347808,-0.976802349,-0.0712521002,-0.196554065
26908404358587,45091,-2.08050776,0.0956540629,-1.73624682,0.0464055352,-0.97377938,-0.0699132532,-0.211453304
26908422667650,45109,-2.09549308,0.0947349742,-1.73741615,0.0461491272,-0.970015705,-0.0682176426,-0.22866182
26908438025358,45125,-2.10882163,0.0938779265,-1.73886883,0.0456983075,-0.966365397,-0.0667131022,-0.244129062
26908454341712,45141,-2.1220448,0.0929316133,-1.7409116,0.0452317558,-0.962495029,-0.0652046278,-0.259433836
26908471000931,45157,-2.13521767,0.0919443965,-1.74342465,0.0450724885,-0.958396375,-0.0637890771,-0.274546742
26908487653848,45175,-2.14998698,0.0908227041,-1.74659193,0.0450752787,-0.95339185,-0.0624220334,-0.29174602
26908504425566,45191,-2.16303682,0.089692384,-1.74987423,0.0451830178,-0.948610365,-0.0612810254,-0.307150543
26908521000150,45207,-2.17589521,0.0885523558,-1.75359726,0.0455465056,-0.943512678,-0.0600933693,-0.322642684
26908537651452,45224,-2.189291,0.0873263702,-1.75798929,0.0459310561,-0.937516153,-0.0584863797,-0.339901775
26908554347129,45241,-2.20238543,0.085962534,-1.76270545,0.0461533889,-0.930744708,-0.0563682057,-0.358339012
26908570987493,45257,-2.21436095,0.08452259,-1.76740384,0.046549689,-0.923746884,-0.0540708266,-0.376299441
26908587665150,45273,-2.22601748,0.0829912126,-1.77239692,0.0472368523,-0.916129231,-0.0517735593,-0.394709319
26908604374264,45290,-2.23805332,0.0813313574,-1.77809811,0.0481449813,-0.907379806,-0.0494730212,-0.414603859
26908621081868,45306,-2.24904656,0.0797261521,-1.78385186,0.0491653234,-0.898756564,-0.0475324541,-0.433082223
26908639289837,45325,-2.26165366,0.0778425932,-1.79091001,0.0504891649,-0.888346553,-0.0459584631,-0.454069525
26908654347389,45340,-2.27136207,0.0763353258,-1.79665792,0.0513410307,-0.880111217,-0.0452246629,-0.469811887
26908671004837,45356,-2.28142786,0.0748090819,-1.80292368,0.052152086,-0.871261954,-0.0448378101,-0.485975742
26908687661816,45372,-2.29119277,0.0734844059,-1.80926502,0.0530786775,-0.862114787,-0.0449555703,-0.50191617
26908704323014,45390,-2.30182433,0.0721600205,-1.81638813,0.0544811524,-0.85133028,-0.0451310501,-0.519838274
26908721018275,45406,-2.31091428,0.0711380541,-1.82254052,0.05610184,-0.841320217,-0.0450455993,-0.535727322
26908737655618,45422,-2.31983542,0.0702309161,-1.82859099,0.0578493662,-0.831049919,-0.0445836298,-0.551381826
26908754553848,45439,-2.32900238,0.0693247765,-1.83496702,0.0596132576,-0.819952369,-0.0436792672,-0.567641199
26908770988952,45455,-2.33735895,0.0685386509,-1.84093654,0.0610306337,-0.809313953,-0.0425790511,-0.58264339
26908787659160,45473,-2.34648395,0.0677080825,-1.84767234,0.0624404997,-0.797190428,-0.0411310643,-0.599080026
26908804346191,45489,-2.35424161,0.0669882819,-1.85375321,0.0636704639,-0.786162496,-0.039809417,-0.61344099
26908820997025,45505,-2.36175609,0.066261366,-1.85995972,0.0647680163,-0.774536669,-0.0384180546,-0.628030419
26908837658066,45522,-2.36930704,0.0654234439,-1.86660135,0.0657797828,-0.76105696,-0.0370413437,-0.644277394
26908854384212,45539,-2.37647462,0.0645238161,-1.87337458,0.0665891021,-0.746131361,-0.0360905156,-0.661476612
26908870992181,45555,-2.38282728,0.0636233091,-1.87980306,0.0670491233,-0.730959892,-0.0355496742,-0.678187549
26908887655202,45571,-2.38880062,0.0626997501,-1.88620293,0.0671118647,-0.714996099,-0.0354082994,-0.694998384
26908904404264,45589,-2.39505863,0.0615438484,-1.89358497,0.0668235794,-0.696547091,-0.0356161445,-0.713504195
26908920999577,45605,-2.40000606,0.0603495911,-1.9002533,0.0664297342,-0.679916799,-0.0359643996,-0.729388058
26908937676035,45622,-2.40474319,0.059078943,-1.90744233,0.0663327128,-0.662016392,-0.0363000222,-0.745665312
26908954338483,45638,-2.40850663,0.0578841269,-1.91420078,0.0668396354,-0.64480716,-0.0362342745,-0.760554612
26908970989316,45654,-2.41161847,0.05682889,-1.92088711,0.0680622309,-0.626857042,-0.0355742387,-0.77534014
26908987660827,45671,-2.41440749,0.0558826998,-1.92777967,0.0698800385,-0.606410742,-0.0341347717,-0.791339099
26909004319785,45688,-2.41669798,0.0549492948,-1.93432295,0.0718431398,-0.584403157,-0.0317619257,-0.807652652
26909021017597,45704,-2.41852498,0.0541367717,-1.94024312,0.073644951,-0.562483251,-0.0291110724,-0.823007643
26909037655566,45721,-2.42002344,0.0532757193,-1.94640136,0.0752910525,-0.538511813,-0.02634909,-0.838833749
26909054324889,45737,-2.42104602,0.0525403284,-1.95229673,0.0764475316,-0.515821934,-0.0240856763,-0.852938116
26909070997597,45754,-2.42161369,0.0519137532,-1.95849633,0.0773488581,-0.4918468,-0.0223921947,-0.866950154
26909087654316,45771,-2.42166281,0.0514338017,-1.96448755,0.0780203491,-0.467956364,-0.021656489,-0.880034447
26909104622545,45787,-2.4213798,0.051061336,-1.97014642,0.0783435553,-0.44554022,-0.0218176283,-0.891560614
26909120990618,45804,-2.42068958,0.0506987311,-1.9761579,0.0786342323,-0.421970785,-0.0231290478,-0.902896702
26909137700097,45820,-2.41976643,0.0503620468,-1.98190796,0.0791653395,-0.400203854,-0.0254102517,-0.91264677
26909154332389,45837,-2.41833472,0.0500040352,-1.98807168,0.0802459866,-0.377778649,-0.0286970474,-0.921965539
26909170987962,45853,-2.41652942,0.0497581996,-1.99388134,0.0819694847,-0.35741511,-0.0321197622,-0.92978698
26909187664681,45870,-2.41410756,0.0495410338,-2.00008345,0.0842899159,-0.336113751,-0.0357180089,-0.937361777
26909204320618,45886,-2.41128945,0.0491811782,-2.00593734,0.0863567591,-0.315849483,-0.0386669412,-0.944079757
26909220989264,45903,-2.40799689,0.0484715439,-2.01233768,0.0880684182,-0.293764055,-0.0410949402,-0.950924814
26909237673327,45920,-2.40431857,0.0475622714,-2.01882744,0.0892499685,-0.2715877,-0.0423860066,-0.957328558
26909254364108,45936,-2.40069461,0.0465954281,-2.02493548,0.0899555087,-0.250726849,-0.0426758304,-0.962924123
26909271000097,45953,-2.39649773,0.0454465225,-2.03165197,0.090357013,-0.228480473,-0.0425790846,-0.96841073
26909287654941,45969,-2.39202666,0.0442869589,-2.03827333,0.0907883123,-0.207691327,-0.042573534,-0.973041296
26909304350045,45986,-2.38688946,0.0429737493,-2.04554439,0.0916529,-0.186297476,-0.0429865383,-0.977264106
26909320987389,46003,-2.38126874,0.0416608974,-2.05303383,0.0928674936,-0.166111752,-0.0438820645,-0.98074311
26909337655045,46019,-2.37556958,0.0403954647,-2.06036139,0.0942879468,-0.147978023,-0.0451953635,-0.983447909
26909354371139,46035,-2.36957669,0.0391747206,-2.06775498,0.0960524678,-0.13010475,-0.0471341312,-0.985710442
26909371005045,46051,-2.36334109,0.0379469059,-2.07519865,0.0983039588,-0.112293869,-0.049584318,-0.987556458
26909387669472,46069,-2.35603881,0.0365868844,-2.08369732,0.101305678,-0.0927212164,-0.0523018949,-0.989143312
26909404320097,46085,-2.34940028,0.0354856104,-2.09134483,0.104153514,-0.0755589306,-0.054435391,-0.990191758
26909420997858,46102,-2.3422122,0.0342771038,-2.09969616,0.106804162,-0.057198938,-0.056437742,-0.991027713
26909437714576,46118,-2.33525038,0.033176247,-2.10758877,0.108782798,-0.0401121415,-0.0579073615,-0.991566539
26909454332910,46135,-2.32774758,0.032034494,-2.1161828,0.110566892,-0.0224541128,-0.0588367321,-0.991871476
26909470991816,46152,-2.31998372,0.031076815,-2.12482285,0.112175196,-0.0055603236,-0.0589101166,-0.99192512
26909487655306,46168,-2.31232476,0.0303980112,-2.13293028,0.113771014,0.00972381979,-0.0581450127,-0.991756439
26909504337858,46184,-2.30443859,0.0298277792,-2.14118099,0.115647219,0.0247204248,-0.0566710718,-0.9913643
26909521044316,46201,-2.29592514,0.0294022057,-2.14987612,0.117861331,0.040445663,-0.0546220429,-0.990701437
26909537661764,46218,-2.28705454,0.0290819816,-2.15885997,0.119944602,0.0559681393,-0.0520843044,-0.989832401
26909554342701,46234,-2.27843189,0.0288404189,-2.16753125,0.121627912,0.0705217347,-0.0496084355,-0.988823771
26909571008795,46250,-2.26958156,0.0286028869,-2.17633653,0.122928262,0.0848701522,-0.0472439229,-0.987650633
26909587658587,46268,-2.25943494,0.0284250416,-2.1860714,0.124122649,0.100113988,-0.0447012112,-0.986191034
26909604463483,46284,-2.25036001,0.0284094512,-2.19431901,0.125188485,0.112754755,-0.0424847715,-0.984788954
26909621031920,46300,-2.24105573,0.0283652209,-2.20268512,0.126321778,0.125244752,-0.0404575169,-0.983219087
26909638734420,46317,-2.23109221,0.0283459909,-2.21137047,0.127379358,0.138383448,-0.0382223874,-0.981409013
26909654375774,46334,-2.22077084,0.0282569453,-2.21999645,0.128286451,0.151401907,-0.0351023376,-0.979483485
26909670998222,46350,-2.21102548,0.0281430706,-2.22804451,0.128798991,0.163960323,-0.0314449146,-0.97751677
26909687653639,46366,-2.20150161,0.028016489,-2.23600531,0.12875776,0.176884249,-0.027300667,-0.975391269
26909704379733,46383,-2.19134736,0.0277582407,-2.24461818,0.128406942,0.190720439,-0.0226017721,-0.972947359
26909720990670,46400,-2.1811347,0.0275607519,-2.25325584,0.128056318,0.20371823,-0.0176347923,-0.970458388
26909737671920,46416,-2.17125273,0.0274329111,-2.26175046,0.127833545,0.215019941,-0.0129856244,-0.968120098
26909754323951,46433,-2.160712,0.0273330063,-2.27078438,0.127884194,0.226329386,-0.00851839036,-0.965581715
26909770992337,46449,-2.15086913,0.0272762403,-2.27923489,0.128187209,0.236753538,-0.00519007444,-0.963062286
26909787678847,46466,-2.14031506,0.0271707252,-2.28839684,0.128550485,0.247387618,-0.00276064826,-0.960347116
26909804318326,46482,-2.13039804,0.0270156041,-2.29689646,0.129000634,0.256215781,-0.00105755788,-0.957972467
26909821269941,46499,-2.11987305,0.0268890336,-2.30595136,0.129785761,0.264314502,0.000381507067,-0.955663919
26909837846399,46516,-2.10930824,0.0268537104,-2.31514049,0.13051492,0.271462917,0.00161509903,-0.953557074
26909854515774,46532,-2.09950638,0.0269229934,-2.32381511,0.131036684,0.277793318,0.002598088,-0.951658309
26909870989837,46549,-2.08923292,0.0270972773,-2.33315134,0.131430745,0.28397128,0.0037263874,-0.949774921
26909887674212,46565,-2.07955217,0.0272794217,-2.34220123,0.131538615,0.289106607,0.00517271226,-0.94820261
26909904405097,46582,-2.06933212,0.0274240226,-2.35207415,0.131523147,0.294273555,0.00709957769,-0.94660145
26909920987597,46599,-2.05931425,0.0274831802,-2.36221623,0.131532609,0.29956916,0.00887165498,-0.944922686
26909937653014,46615,-2.04998398,0.0274057649,-2.3719058,0.131628007,0.30447036,0.0100637572,-0.943329513
26909954627701,46632,-2.04013705,0.0271650776,-2.38228416,0.132188126,0.309040844,0.0110377921,-0.941752791
26909971006764,46648,-2.03108239,0.0268538408,-2.39223576,0.133254528,0.312788695,0.0117399292,-0.940355599
26909987655357,46665,-2.02163124,0.0264369398,-2.40298295,0.134849489,0.316674799,0.0123288017,-0.938818753
26910004323951,46681,-2.01284933,0.0259149782,-2.41316271,0.136707708,0.320376068,0.0129396589,-0.937284827
26910020987128,46698,-2.00367832,0.0252345093,-2.42413163,0.138666138,0.32409516,0.0139673026,-0.935702384
26910038058066,46715,-1.99471211,0.0244496986,-2.43530536,0.140237734,0.327340692,0.0156876296,-0.934310138
26910054329160,46731,-1.9865222,0.023694519,-2.44599366,0.14149031,0.330041856,0.0179903656,-0.933128715
26910070993691,46747,-1.97865105,0.0229991153,-2.45671511,0.142483696,0.332394391,0.0209801625,-0.932079554
26910087756035,46765,-1.97012496,0.0224769302,-2.46898365,0.143082172,0.334257185,0.0252725184,-0.931214809
26910104373378,46781,-1.96276152,0.0222331285,-2.47998166,0.143100485,0.335260451,0.0293585137,-0.930731356
26910121260878,46797,-1.95559454,0.0220442414,-2.49080801,0.142549232,0.335676998,0.0332438648,-0.930535078
26910137653899,46813,-1.94840288,0.0219470225,-2.50161743,0.141483605,0.335709006,0.0365827493,-0.930560946
26910154359889,46831,-1.9404794,0.0219566859,-2.51368046,0.139931932,0.335708231,0.0392067172,-0.930688977
26910170987024,46847,-1.93380427,0.0221060999,-2.52424002,0.138567775,0.335870504,0.0403857008,-0.930784106
26910187660149,46863,-1.92728937,0.022378616,-2.53467751,0.137675121,0.336242139,0.0405684337,-0.93077445
26910204372493,46880,-1.92056692,0.0227253549,-2.54562068,0.137323081,0.336684197,0.0398035459,-0.930699706
26910220989837,46897,-1.91400981,0.0231199339,-2.55643654,0.137428045,0.337094635,0.0382377282,-0.930601239
26910237673743,46913,-1.9080075,0.0235896781,-2.56654143,0.13768521,0.337490141,0.0362522714,-0.930499375
26910254413118,46929,-1.90218449,0.0241751596,-2.57657981,0.137851804,0.337828487,0.0341489203,-0.930431485
26910270993326,46946,-1.89610207,0.0247614644,-2.58722687,0.137770578,0.338056564,0.0322267786,-0.93042922
26910287685774,46962,-1.89040232,0.0251276158,-2.59729791,0.137206897,0.338273108,0.0310072619,-0.930475295
26910304337232,46979,-1.88442922,0.0253233016,-2.60806918,0.135959715,0.338834822,0.0307310373,-0.930463135
26910320994159,46996,-1.87865043,0.0254311077,-2.618999,0.133943439,0.340123504,0.031721469,-0.930252135
26910337655618,47012,-1.87350762,0.0254764855,-2.62946844,0.131345347,0.342099339,0.0339021347,-0.929821014
26910354488534,47030,-1.86797559,0.0253943577,-2.6415503,0.127983645,0.344789654,0.0378695466,-0.929142714
26910371024784,47045,-1.86348581,0.0252396837,-2.65192032,0.125078067,0.347149223,0.0420975611,-0.928477645
26910387671295,47062,-1.85857904,0.0250131674,-2.66393352,0.121897921,0.349501759,0.0470539965,-0.927779794
26910404335878,47079,-1.85387731,0.0247768685,-2.67620873,0.119233243,0.350855976,0.0516620204,-0.927369714
26910421007284,47095,-1.84963942,0.0245562531,-2.68796921,0.11732015,0.350808233,0.0553912856,-0.927416563
26910438383274,47111,-1.84540117,0.0243001804,-2.69982958,0.116251066,0.349422097,0.0584298372,-0.927887857
26910454430514,47128,-1.84087133,0.0241324268,-2.71265554,0.115962766,0.347135335,0.0608150586,-0.928628683
26910470995201,47145,-1.83640444,0.0239840746,-2.7256794,0.116182566,0.344938606,0.062334355,-0.929318786
26910487654264,47161,-1.83232331,0.0237797797,-2.73795319,0.116523474,0.343490064,0.0631962419,-0.929754376
26910504440722,47178,-1.82813966,0.0236483514,-2.75117064,0.116854094,0.342820674,0.0637179166,-0.929924309
26910520996503,47195,-1.82391489,0.0234063528,-2.7646625,0.116854243,0.342706412,0.0639482364,-0.929950535
26910537798326,47211,-1.81996739,0.0230905674,-2.7774229,0.116589941,0.342812806,0.0640633628,-0.929936647
26910554328066,47227,-1.81602085,0.0228041559,-2.79031205,0.116328478,0.343093425,0.0641261712,-0.929861546
26910570988170,47245,-1.81167817,0.0225793496,-2.8049109,0.116026953,0.343467414,0.0642310381,-0.9297539
26910587656555,47261,-1.80784523,0.0224216171,-2.81796455,0.115835093,0.343610108,0.0646098256,-0.929698884
26910604322805,47277,-1.80390668,0.022294119,-2.8312881,0.115827091,0.34363538,0.0653922856,-0.929635823
26910620993222,47293,-1.79998112,0.0222328715,-2.84474468,0.115903996,0.343833089,0.0663995817,-0.929481745
26910637821086,47311,-1.79535043,0.0222090073,-2.8601265,0.115907699,0.344650149,0.0675910786,-0.929092705
26910654319316,47327,-1.79117012,0.0222884603,-2.87373734,0.115818888,0.346026391,0.0686251894,-0.928516209
26910670995149,47343,-1.78692997,0.0224607475,-2.88740659,0.115484953,0.347678602,0.069681704,-0.927861691
26910687668951,47360,-1.78232288,0.0227164775,-2.90207791,0.114743114,0.349632353,0.0709791481,-0.927120984
26910704632961,47377,-1.77775192,0.0231121778,-2.91672421,0.11371766,0.352312565,0.0721733719,-0.92614001
26910721075461,47394,-1.77302706,0.0236895382,-2.93155026,0.11229521,0.355667681,0.0732649416,-0.924944699
26910737651763,47410,-1.7684623,0.0244476162,-2.9455471,0.11084532,0.359068662,0.0745393932,-0.923702896
26910754359993,47426,-1.76391232,0.0253513865,-2.95949936,0.109516524,0.362520963,0.0759427324,-0.922397614
26910771006920,47442,-1.75935376,0.0264457799,-2.97326469,0.108145513,0.36580801,0.0772475824,-0.921152472
26910787659732,47460,-1.75417578,0.0279147588,-2.98844457,0.10682717,0.369298816,0.0787025616,-0.919789255
26910804326243,47476,-1.74957073,0.0293995515,-3.00172448,0.105907552,0.372522384,0.0799642205,-0.91848594
26910820996086,47493,-1.74466133,0.0312616639,-3.01548076,0.104496092,0.376089782,0.0813416392,-0.917071819
26910837904315,47509,-1.74008214,0.0332349427,-3.02812314,0.102645449,0.379461765,0.0829219371,-0.915749252
26910854340201,47526,-1.73529124,0.0356792659,-3.0410943,0.100165389,0.38338232,0.0847195163,-0.914225161
26910870991347,47542,-1.73081005,0.0380612984,-3.05288649,0.0969997942,0.387504399,0.086127758,-0.912695706
26910887679836,47558,-1.72630942,0.0402636826,-3.06432319,0.0931625664,0.391686618,0.0873109549,-0.911196589
26910904336763,47576,-1.72094989,0.0426619425,-3.07654834,0.0887275189,0.396126449,0.088723138,-0.909582019
26910921031972,47592,-1.71614039,0.0446572378,-3.08677053,0.0846782029,0.399698883,0.0903767943,-0.908241451
26910937654263,47608,-1.71141481,0.0464873575,-3.09633064,0.0801784471,0.403193474,0.0928643867,-0.906853199
26910954339472,47626,-1.70613289,0.0482329875,-3.10642219,0.074350521,0.407956988,0.0971263424,-0.904770494
26910970988534,47642,-1.70132911,0.0495226197,-3.11486435,0.0681241304,0.413595855,0.1024822,-0.902105927
26910987649888,47658,-1.69650769,0.0505965836,-3.12272692,0.0606799014,0.420660824,0.10945303,-0.898544729
26911004374368,47674,-1.6918503,0.0514321364,-3.12992477,0.0521139465,0.428778052,0.117898636,-0.89416641
26911021001555,47692,-1.68634927,0.0522632897,-3.13711309,0.0416425876,0.438991368,0.128589869,-0.888266444
26911037902805,47708,-1.68169475,0.0528054088,-3.14267755,0.0320274346,0.448933423,0.138445184,-0.882193863
26911054335565,47724,-1.67692244,0.0533161312,-3.14749837,0.0220445152,0.459613413,0.148266017,-0.875378072
26911071042492,47741,-1.67197335,0.0536875464,-3.15152168,0.0112454407,0.471988499,0.158104479,-0.867238939
26911087658899,47758,-1.66794968,0.053715039,-3.15406179,0.000542331429,0.485643595,0.16648145,-0.858157277
26911104328482,47774,-1.6644901,0.0534879901,-3.15525341,-0.00954270642,0.499846369,0.172921404,-0.848622859
26911120991503,47790,-1.66120553,0.0528622121,-3.15560889,-0.019569179,0.515825391,0.178306714,-0.837704003
26911137657388,47808,-1.65783894,0.0517922752,-3.15488529,-0.0308648795,0.537085891,0.18374154,-0.822693884
26911154328326,47824,-1.65554023,0.0505857617,-3.15312505,-0.0409218334,0.559835434,0.188991755,-0.805724442
26911170989003,47840,-1.65388727,0.0493193232,-3.15045071,-0.0502030998,0.586173654,0.19587028,-0.784547567
26911187658117,47857,-1.65275466,0.0479491688,-3.14673042,-0.0592129081,0.616034687,0.205983415,-0.758001268
26911204337180,47874,-1.65212679,0.0463597998,-3.14208436,-0.0680760592,0.645244181,0.218766347,-0.728811979
26911221028951,47890,-1.65168631,0.0445949212,-3.13658237,-0.0766209662,0.670734107,0.231952921,-0.70031631
26911237672805,47906,-1.65158439,0.042381715,-3.12983322,-0.0853010044,0.693692863,0.244840726,-0.671987414
26911254361294,47924,-1.65157008,0.0392173231,-3.12083673,-0.0955386013,0.71616447,0.257916898,-0.64145124
26911271005201,47940,-1.65186369,0.0358972773,-3.11143064,-0.104409747,0.733141303,0.268041968,-0.616243422
26911287665513,47956,-1.65308964,0.0321922973,-3.10036039,-0.112169608,0.747677207,0.276777625,-0.59311974
26911304534367,47973,-1.65511918,0.0277905092,-3.08703446,-0.119062424,0.7615605,0.284034938,-0.57024008
26911321025878,47990,-1.65787482,0.0229233131,-3.07251763,-0.12377803,0.775090933,0.288925707,-0.548119545
26911337654107,48006,-1.6610477,0.0180022493,-3.058074,-0.125493348,0.788368225,0.291337729,-0.527114213
26911354352336,48023,-1.66512263,0.0124710277,-3.04168844,-0.124436192,0.803343117,0.291939884,-0.503911376
26911370998847,48039,-1.66973627,0.00708945841,-3.02519917,-0.121012092,0.817965031,0.291209131,-0.4811306
26911387677128,48055,-1.67477965,0.00159426033,-3.00804067,-0.11565347,0.832715929,0.289317608,-0.457716018
26911404319211,48072,-1.6805166,-0.00445274264,-2.98917699,-0.10865289,0.848303199,0.285295844,-0.432645947
26911420991086,48089,-1.68667471,-0.0106879249,-2.96963263,-0.100297645,0.863549769,0.279128522,-0.407810688
26911437683222,48105,-1.69253087,-0.0165585577,-2.95106435,-0.0912501141,0.877274692,0.271683514,-0.38503325
26911454333378,48122,-1.69884229,-0.0227404311,-2.93097305,-0.081267871,0.890856981,0.262330741,-0.361872852
26911471007232,48139,-1.70505977,-0.0287327915,-2.91065121,-0.0706693307,0.903259695,0.252219081,-0.339872569
26911487663013,48155,-1.7104528,-0.0341615081,-2.89175987,-0.0595011376,0.913971782,0.242229983,-0.320062339
26911504621242,48171,-1.7155745,-0.0394963473,-2.87285566,-0.0471792892,0.923865914,0.231438711,-0.301134676
26911521005826,48188,-1.72095895,-0.0448111296,-2.85251069,-0.0328940153,0.933448732,0.219060734,-0.282141834
26911537652076,48205,-1.72634602,-0.049511496,-2.83188224,-0.0174350627,0.942126095,0.20611389,-0.263840228
26911554484628,48221,-1.73127496,-0.0533819124,-2.81228137,-0.00206580781,0.949477613,0.193402186,-0.247150838
26911570990565,48238,-1.73645198,-0.0568051822,-2.791188,0.0145978527,0.956368446,0.179095149,-0.230372116
26911587709940,48254,-1.7412684,-0.0594674423,-2.77116346,0.0303953066,0.961909771,0.165001437,-0.215824872
26911604322440,48271,-1.74632132,-0.0617702603,-2.74982882,0.0465792827,0.966735423,0.149770677,-0.202044263
26911620985930,48288,-1.75140727,-0.0634872019,-2.7285037,0.0614264384,0.970689952,0.134454265,-0.189499155
26911637745826,48304,-1.75604308,-0.0645578653,-2.70855832,0.0743249208,0.973793447,0.120633572,-0.177903697
26911654348951,48320,-1.76052487,-0.0652048662,-2.68877673,0.0860544667,0.976334631,0.108041309,-0.166410387
26911670990201,48338,-1.76550734,-0.0653960481,-2.66668987,0.0971105099,0.978614867,0.0956423506,-0.154061645
26911687657492,48354,-1.76970625,-0.0650668293,-2.64726233,0.105319284,0.980289996,0.0861035362,-0.143267661
26911704338065,48370,-1.77372122,-0.064387545,-2.62796855,0.112522647,0.981725156,0.0775000155,-0.13246946
26911721617076,48388,-1.77831554,-0.0631291419,-2.60623264,0.119625978,0.983020842,0.0686065704,-0.121048942
26911737754888,48404,-1.7823863,-0.0614754707,-2.58708835,0.125314444,0.983876348,0.0614118017,-0.111858375
26911754343273,48420,-1.78657746,-0.0595059879,-2.5680213,0.130931646,0.98446703,0.0549198836,-0.103273995
26911771023169,48436,-1.7910167,-0.0573659539,-2.54894042,0.136478856,0.984851956,0.0490761846,-0.0950353146
26911787710096,48453,-1.79583502,-0.0548051298,-2.52890372,0.14180389,0.985155165,0.0435563214,-0.086394161
26911804345148,48470,-1.80085409,-0.0518414825,-2.50901866,0.146492988,0.985410631,0.0386983976,-0.0775127634
26911821167023,48486,-1.80551982,-0.0486345105,-2.49065614,0.150675729,0.9855811,0.0347407646,-0.0687016398
26911837715357,48503,-1.81064188,-0.0449907109,-2.47142386,0.155216262,0.985596836,0.0312190335,-0.0594331175
26911854356346,48520,-1.81610227,-0.0411452875,-2.45249438,0.159500539,0.985461771,0.0284505133,-0.0511411391
26911870989836,48536,-1.82150316,-0.037466377,-2.43494487,0.163334996,0.985228479,0.0266857371,-0.0439822637
26911887680930,48552,-1.82728124,-0.0339349099,-2.41740561,0.166830346,0.984945953,0.0256714392,-0.0372845344
26911904326398,48569,-1.83320606,-0.030186411,-2.39909267,0.170087382,0.984612286,0.0257161055,-0.0307847466
26911920991607,48586,-1.83936548,-0.0266304202,-2.38088703,0.172549903,0.98429209,0.0273380447,-0.0254615508
26911937679732,48602,-1.84526491,-0.0234870408,-2.36376214,0.173862293,0.98406893,0.0301181469,-0.0217548758
26911954327336,48619,-1.85174584,-0.0202517416,-2.34582067,0.174251527,0.98393333,0.0340632983,-0.0187438
26911971258846,48635,-1.85834038,-0.0172624942,-2.32934833,0.173667625,0.983935237,0.0379925705,-0.0163593218
26911987694836,48651,-1.86498833,-0.01421877,-2.31334972,0.172439948,0.984062076,0.0412774645,-0.0135125769
26912004363586,48669,-1.87249553,-0.0108365007,-2.29568529,0.171602041,0.984175622,0.0433242172,-0.00861221831
26912021064367,48685,-1.87874079,-0.00779319368,-2.28033304,0.171960175,0.984157026,0.0430838056,-0.00291763572
26912037660305,48701,-1.88500941,-0.00488900766,-2.26515365,0.173254579,0.984028637,0.040743459,0.00323878159
26912054448950,48718,-1.8917948,-0.00248419307,-2.24936962,0.175660029,0.983724773,0.0363723822,0.0103133423
26912071232700,48735,-1.89864552,-9.39518213e-05,-2.23385811,0.179423884,0.983128786,0.0305191241,0.0182620399
26912087661763,48751,-1.90533304,0.00257676467,-2.21941423,0.184057638,0.98225826,0.0245169569,0.0262767747
26912104338117,48768,-1.91215563,0.00536726043,-2.20468354,0.189716399,0.981040418,0.0190419406,0.034711469
26912120997700,48784,-1.91877282,0.00830021873,-2.19131351,0.194939345,0.979809582,0.0151125947,0.0417553857
26912137696502,48801,-1.92572737,0.0114274872,-2.17791343,0.19971469,0.97857666,0.0121389078,0.0485231243
26912154430930,48818,-1.93249583,0.0149599547,-2.16518712,0.203550085,0.977452993,0.00983963814,0.0552829616
26912171004732,48834,-1.93874276,0.0186306182,-2.15353608,0.206547767,0.97645998,0.00772841554,0.0616794005
26912187660044,48850,-1.94477558,0.0223973468,-2.14245176,0.208844647,0.975616276,0.00513991667,0.0673083663
26912204318273,48868,-1.95116794,0.0271702781,-2.13060474,0.210944593,0.974818587,0.00114266085,0.0723177195
26912221101242,48884,-1.95636809,0.0316821449,-2.12057924,0.213358864,0.974017978,-0.00414435193,0.0758275986
26912238146607,48900,-1.96151781,0.0365545936,-2.1113112,0.217037797,0.972929478,-0.0113820089,0.0785699412
26912254417284,48917,-1.96637905,0.0421304069,-2.10237765,0.2226381,0.971311212,-0.0204540398,0.0810464323
26912271017596,48933,-1.97061241,0.0476499051,-2.09481668,0.22940518,0.969295204,-0.0295429584,0.0834713131
26912287656346,48950,-1.97475266,0.0538944639,-2.08795762,0.23796007,0.966632903,-0.0391767509,0.086378105
26912304343430,48967,-1.9780513,0.0605491549,-2.08221841,0.248045027,0.963404596,-0.0482378192,0.0894344822
26912321008846,48983,-1.98087621,0.0671140775,-2.07754731,0.259218544,0.959773004,-0.056336455,0.0920206085
26912337653690,49000,-1.98320925,0.0743136033,-2.07351041,0.27283898,0.955202937,-0.0649316534,0.0944997147
26912354323898,49016,-1.9850378,0.0813724101,-2.07049537,0.286775529,0.950274944,-0.0733845308,0.0967062712
26912370992388,49033,-1.98636281,0.08912763,-2.06803656,0.301850826,0.944558561,-0.0828661397,0.0991385058
26912387661971,49049,-1.98700964,0.0965586826,-2.06653523,0.315565079,0.938910306,-0.0922183618,0.101794094
26912404323690,49066,-1.98755431,0.104582176,-2.06578875,0.32919997,0.932788312,-0.102389157,0.10511788
26912420997232,49083,-1.98765266,0.11254786,-2.06596613,0.341723144,0.926666379,-0.112587199,0.108807027
26912437661711,49099,-1.98739314,0.120197043,-2.06700444,0.35215956,0.921176851,-0.121538691,0.112451695
26912454338690,49115,-1.98666608,0.127936572,-2.0692153,0.36081475,0.916314244,-0.129432082,0.115880445
26912471011502,49132,-1.98548186,0.136053026,-2.07254744,0.367583305,0.912162721,-0.13678439,0.118877195
26912487763742,49148,-1.98405612,0.14347145,-2.07627511,0.371578336,0.909237146,-0.143305138,0.121165723
26912504355304,49166,-1.98202145,0.151393175,-2.08134127,0.373347789,0.907033503,-0.150872469,0.123041905
26912521009263,49182,-1.97984433,0.158078268,-2.08671689,0.372481912,0.906022549,-0.158154309,0.123965986
26912537654732,49198,-1.97716534,0.1641545,-2.09308958,0.369640857,0.905769169,-0.165871829,0.124235868
26912554391242,49214,-1.97427344,0.169827774,-2.09985304,0.365329832,0.906167328,-0.173497245,0.123667762
26912571024575,49231,-1.97087395,0.175429821,-2.10759068,0.359826475,0.907094598,-0.181253821,0.121866331
26912587670096,49248,-1.96704364,0.18052575,-2.11611485,0.354075432,0.908205152,-0.188819155,0.11891745
26912604321190,49265,-1.96317708,0.185367912,-2.12491465,0.348277599,0.909384966,-0.196179777,0.115044802
26912621353429,49281,-1.95936251,0.189535856,-2.13374949,0.342744887,0.910537362,-0.202966109,0.110690892
26912637660669,49298,-1.95507741,0.193803698,-2.14366603,0.336761981,0.911743939,-0.210183635,0.105533205
26912654498273,49314,-1.95074344,0.197577268,-2.15355206,0.331226915,0.912725985,-0.217131183,0.100369744
26912670991815,49331,-1.9458847,0.201446444,-2.1645,0.325974971,0.913400531,-0.224739462,0.0945096835
26912687652336,49347,-1.94111097,0.205015048,-2.17519855,0.32176286,0.913685203,-0.232131273,0.0881089717
26912704325773,49364,-1.93581796,0.208609074,-2.18708563,0.317974985,0.913640022,-0.240171224,0.0804469585
26912721007648,49381,-1.93047011,0.21230942,-2.19940066,0.314455181,0.913431108,-0.24814491,0.0720115528
26912737684836,49397,-1.92534947,0.215740561,-2.2116251,0.310989529,0.913250089,-0.255414695,0.0634283796
26912754603638,49413,-1.92010391,0.219105303,-2.22441268,0.30716905,0.913130462,-0.262472451,0.0542972609
26912770986502,49431,-1.91391861,0.222683787,-2.23964715,0.302216977,0.913087368,-0.27026388,0.0435184464
26912787653638,49448,-1.90788829,0.225869179,-2.25468087,0.296990693,0.912974715,-0.277816623,0.0330406465
26912804320408,49463,-1.90244603,0.228588015,-2.2681303,0.292217642,0.912662148,-0.284794927,0.0234216638
26912821011606,49480,-1.89609277,0.231262028,-2.28386497,0.287035674,0.911939979,-0.292987138,0.0116023095
26912837807544,49496,-1.89013946,0.233715177,-2.29891133,0.282602906,0.910836399,-0.300852597,-0.000702566002
26912854398429,49513,-1.88362455,0.236023739,-2.31533527,0.278512388,0.909187555,-0.309166342,-0.0150028206
26912870993638,49530,-1.87712646,0.238055244,-2.33213544,0.27482298,0.907276094,-0.316853374,-0.0304371659
26912887651815,49546,-1.87109423,0.239725873,-2.3481648,0.271389693,0.905470192,-0.323062539,-0.0458476953
26912904584054,49562,-1.86497569,0.24082455,-2.36462951,0.267870694,0.903758109,-0.328022271,-0.062193092
26912920988429,49580,-1.85812116,0.241636038,-2.38350248,0.263740331,0.902001679,-0.331920266,-0.0816267207
26912937652804,49596,-1.85205197,0.241894618,-2.4006145,0.259839207,0.900541067,-0.333952993,-0.099923797
26912954396867,49612,-1.84598565,0.241847485,-2.41792464,0.255730063,0.899003148,-0.334941268,-0.119204879
26912970986711,49628,-1.83994913,0.24159202,-2.43537354,0.251373053,0.897187114,-0.335302919,-0.139423206
26912987813846,49646,-1.83327758,0.240827635,-2.45514083,0.246053472,0.894671142,-0.335352331,-0.162972584
26913004327700,49662,-1.82750547,0.239713386,-2.47260737,0.240809351,0.892051935,-0.33512944,-0.18423526
26913021343481,49679,-1.82162058,0.238028467,-2.49113894,0.234619826,0.889044523,-0.334382117,-0.206741408
26913037685148,49695,-1.8161217,0.23604688,-2.5085783,0.228298962,0.886293173,-0.332755238,-0.227239877
26913054324992,49711,-1.8106271,0.233739436,-2.525949,0.221944004,0.883639753,-0.329915017,-0.24713932
26913071164158,49729,-1.80456734,0.230824813,-2.54548693,0.215661123,0.880412757,-0.325094432,-0.269587129
26913087665773,49745,-1.79944861,0.228039145,-2.56281662,0.211370051,0.876894951,-0.319606662,-0.290223241
26913104331294,49761,-1.79461288,0.225128546,-2.58003283,0.208375514,0.872618973,-0.313514203,-0.311166644
26913121014523,49778,-1.78955793,0.221899942,-2.59821391,0.20622094,0.867218494,-0.307233185,-0.333185732
26913137654419,49795,-1.78472054,0.218642294,-2.61610675,0.204380676,0.860895634,-0.301536798,-0.355194151
26913154402283,49811,-1.78025138,0.215400174,-2.63280535,0.202356607,0.854245305,-0.296691567,-0.375886917
26913170994627,49828,-1.77563572,0.211754382,-2.6502974,0.199666142,0.846568942,-0.292067289,-0.397682279
26913187789263,49844,-1.77142525,0.208224341,-2.66645193,0.196927443,0.838815928,-0.287885487,-0.418006539
26913204353117,49861,-1.76693881,0.204410806,-2.68336868,0.194369629,0.830295801,-0.282706738,-0.439210922
26913221020512,49878,-1.76272297,0.200640827,-2.69989228,0.192353085,0.821580589,-0.276582569,-0.459899664
26913237671867,49894,-1.7588284,0.197113499,-2.71517181,0.190608814,0.81322372,-0.270040512,-0.478971452
26913254330356,49910,-1.75498152,0.193665251,-2.73021674,0.188597247,0.804659307,-0.262905747,-0.497830331
26913271039992,49926,-1.75112748,0.190169439,-2.74496651,0.186142996,0.795807183,-0.255530089,-0.516474783
26913287652075,49944,-1.74671257,0.18606022,-2.76123023,0.182632267,0.785536289,-0.247217461,-0.537086308
26913304346033,49960,-1.74282181,0.18233791,-2.77549934,0.178744197,0.776406825,-0.239409357,-0.554911017
26913321011346,49976,-1.73873281,0.178454787,-2.78966403,0.174008638,0.767559826,-0.230950296,-0.572044551
26913337707023,49994,-1.73385286,0.17398189,-2.80552578,0.16784741,0.757902801,-0.22085233,-0.590453207
26913354335981,50010,-1.72955263,0.169916078,-2.81937838,0.162037432,0.749438941,-0.211496785,-0.606097639
26913370986294,50026,-1.72535431,0.165821999,-2.8330071,0.156228691,0.741091192,-0.201886967,-0.620981693
26913387660669,50043,-1.72094309,0.161466986,-2.84734511,0.150169685,0.732330561,-0.191844165,-0.635874927
26913404323846,50059,-1.71687639,0.15729247,-2.86053872,0.144848302,0.724119842,-0.182600647,-0.649096727
26913420994315,50076,-1.7127552,0.152907088,-2.87429929,0.139947787,0.715352178,-0.173074558,-0.662367821
26913438981346,50094,-1.70844829,0.148157671,-2.88846827,0.135450274,0.705953062,-0.164004341,-0.675563514
26913454339262,50109,-1.70506299,0.14409937,-2.89988589,0.132195145,0.698021114,-0.157215893,-0.685984075
26913470991606,50126,-1.70163894,0.139513612,-2.91255665,0.129048735,0.688916922,-0.149899155,-0.697330713
26913487652908,50142,-1.69853044,0.135217458,-2.92443109,0.126261771,0.680268824,-0.143208817,-0.707660615
26913504581919,50158,-1.69546735,0.130981445,-2.93627501,0.123311512,0.671650708,-0.136715859,-0.717626929
26913520988637,50176,-1.6920346,0.126229376,-2.94940758,0.119622573,0.662158132,-0.129885569,-0.728262901
26913537653585,50192,-1.68918514,0.121994063,-2.96119785,0.116218135,0.653972387,-0.124498807,-0.737098038
26913554325669,50209,-1.68621218,0.117512867,-2.97374058,0.11303927,0.645405352,-0.119672924,-0.745890379
26913571010929,50225,-1.68328595,0.113379374,-2.98544669,0.111171462,0.63697648,-0.115647584,-0.754007638
26913587739262,50241,-1.68044293,0.109400079,-2.99714923,0.110976696,0.627916515,-0.111966766,-0.762147307
26913604322856,50258,-1.67743933,0.105391964,-3.00943661,0.11264731,0.617720604,-0.108345181,-0.770709574
26913620988273,50275,-1.6745435,0.101619728,-3.02174759,0.115727358,0.607282937,-0.105106086,-0.778952777
26913637692231,50291,-1.67175472,0.0981986001,-3.0333147,0.11936447,0.597520828,-0.102205642,-0.786304653
26913654340981,50308,-1.66870344,0.0946561396,-3.04588103,0.123541445,0.587202191,-0.0991554037,-0.793788016
26913671220981,50324,-1.66578984,0.091445148,-3.0578239,0.127331212,0.577447116,-0.0963234827,-0.800664306
26913687669575,50341,-1.66256142,0.0882706344,-3.07047224,0.130985618,0.566992462,-0.093337439,-0.807867825
26913704360096,50358,-1.65922546,0.0854127556,-3.08328009,0.134119824,0.55628562,-0.0903298706,-0.81510663
26913720989366,50374,-1.6558162,0.0830272883,-3.09512997,0.136483848,0.545937836,-0.087229386,-0.822018921
26913737654262,50390,-1.65220296,0.0809996873,-3.10698223,0.138220355,0.535372853,-0.0836924836,-0.829015493
26913754343585,50407,-1.6481365,0.0791199133,-3.11943698,0.139089748,0.524114072,-0.079332985,-0.836459696
26913771000148,50424,-1.64383137,0.0773063824,-3.13191462,0.13874127,0.513189137,-0.0745931864,-0.843696415
26913787688481,50440,-1.63959503,0.0757249519,-3.14357734,0.137452453,0.503375769,-0.0701293051,-0.850177407
26913804330564,50457,-1.63480413,0.0742230862,-3.15565062,0.135440215,0.493355662,-0.0654953718,-0.856718481
26913820986554,50474,-1.62985945,0.07286679,-3.16781187,0.133178964,0.483868212,-0.0609812699,-0.862795591
26913839145929,50491,-1.62477434,0.0717062056,-3.17942834,0.131086439,0.475350052,-0.0567214191,-0.8681252
26913854382283,50506,-1.62006032,0.0707526878,-3.18950677,0.129698962,0.46859926,-0.0531255603,-0.872221708
26913871137960,50524,-1.61433876,0.0697365403,-3.20121002,0.128867239,0.461342216,-0.0489347205,-0.876448512
26913887744054,50540,-1.60921669,0.0689335465,-3.2113142,0.129052669,0.455804706,-0.045461975,-0.879500329
26913904339106,50556,-1.60401678,0.0681987554,-3.22138143,0.129928857,0.451249152,-0.0423007943,-0.881874919
26913921006085,50573,-1.59853387,0.0675904453,-3.23152614,0.131407514,0.447681785,-0.0394769162,-0.883603215
26913937686814,50590,-1.59312916,0.0669566393,-3.24192238,0.132953227,0.445132017,-0.0375279486,-0.884744406
26913954409523,50606,-1.58797812,0.066218093,-3.25154519,0.134140089,0.443119347,-0.0367212407,-0.885609031
26913971061502,50623,-1.58235025,0.065298453,-3.26139688,0.13525331,0.440882981,-0.036791224,-0.886552393
26913987677023,50639,-1.57706177,0.0643260777,-3.27072072,0.136230111,0.438326627,-0.0372108258,-0.887652278
26914004329262,50655,-1.57188094,0.0632965416,-3.279778,0.137075737,0.435418487,-0.037655741,-0.888933659
26914020996814,50672,-1.56645823,0.0620884374,-3.28965998,0.138029635,0.432280272,-0.0378385633,-0.890308857
26914037664679,50689,-1.56121671,0.0608774424,-3.29932284,0.139137849,0.429543912,-0.0375493616,-0.89147222
26914054490825,50705,-1.55629969,0.0596057028,-3.30856824,0.140176132,0.427455187,-0.0368700624,-0.892341495
26914070999366,50721,-1.55146539,0.0582694113,-3.31795216,0.141120732,0.425754756,-0.0357880555,-0.893049359
26914087652752,50739,-1.54625869,0.0569002666,-3.32814002,0.14216578,0.424348891,-0.0346483439,-0.893597484
26914104335929,50755,-1.54163158,0.0556565374,-3.33733034,0.143048972,0.423281163,-0.0341067165,-0.893983662
26914120988220,50771,-1.53695726,0.0543903783,-3.3464942,0.143688187,0.422221899,-0.0340963863,-0.894382358
26914137671918,50788,-1.53185117,0.0528965294,-3.35655427,0.14392969,0.421145529,-0.0347674973,-0.894825041
26914154328950,50805,-1.52672029,0.0513560027,-3.36647868,0.143537313,0.42005229,-0.0359827764,-0.895353794
26914170994054,50821,-1.52177989,0.0497641489,-3.37605739,0.142889872,0.419079959,-0.0374013409,-0.895854712
26914187724054,50837,-1.5167582,0.0480969474,-3.38583994,0.142263129,0.418266863,-0.0387896039,-0.896275282
26914204332283,50855,-1.51108158,0.0463646911,-3.39661455,0.141786695,0.417975247,-0.0399358273,-0.896436512
26914221015252,50871,-1.50582767,0.0447956696,-3.40659499,0.141641378,0.418699622,-0.0404729322,-0.896097302
26914237697595,50887,-1.50055432,0.0432926491,-3.41653943,0.141656637,0.42040801,-0.0404405445,-0.895296097
26914254329210,50904,-1.49454713,0.0417057723,-3.42756152,0.141856089,0.423024982,-0.0396315902,-0.894067168
26914271022908,50920,-1.48867142,0.0402327701,-3.43807983,0.142139792,0.426070601,-0.0383112021,-0.892632306
26914287895043,50937,-1.48235476,0.0388241485,-3.4491365,0.142381027,0.429895312,-0.0364389643,-0.890836596
26914304487387,50954,-1.4755373,0.0375103988,-3.46078777,0.14248006,0.434553474,-0.0341214947,-0.888649821
26914320998168,50970,-1.46885848,0.036329098,-3.47178149,0.142110437,0.439821839,-0.0315378234,-0.886209249
26914337698793,50987,-1.46124756,0.0350547172,-3.48372388,0.141250253,0.446111172,-0.0281524323,-0.883312404
26914354333012,51003,-1.45394206,0.033927165,-3.49505258,0.140319765,0.452436686,-0.0242741425,-0.880353451
26914370998689,51020,-1.44599783,0.0328096785,-3.50737,0.13929379,0.459429055,-0.0194743052,-0.877008021
26914387655304,51036,-1.43827868,0.0319311172,-3.51916146,0.138273507,0.466315717,-0.0145837618,-0.873623252
26914404322595,51053,-1.43022645,0.0313176326,-3.53140068,0.137062818,0.474091381,-0.00939115603,-0.869691372
26914420996918,51070,-1.42195022,0.0308726281,-3.5438118,0.135667831,0.482264519,-0.00454372168,-0.865444779
26914438575460,51087,-1.4135648,0.0305473469,-3.55621147,0.134071022,0.49074921,-0.000403820333,-0.860924006
26914454337960,51102,-1.40597296,0.0304018036,-3.5671742,0.132755488,0.498390704,0.00252002664,-0.856724203
26914471009991,51120,-1.39676416,0.0304294229,-3.58042097,0.131595016,0.50738138,0.00511074858,-0.851599038
26914487668741,51136,-1.38875318,0.0306702219,-3.59212255,0.131144017,0.514671147,0.00688957004,-0.847270608
26914504339783,51152,-1.38082898,0.0312639028,-3.60364366,0.131310642,0.521115839,0.00869490299,-0.843279421
26914521028689,51169,-1.37254906,0.0324605033,-3.6155324,0.132015347,0.527648747,0.0108717643,-0.839071214
26914537657335,51186,-1.36422873,0.0341111496,-3.62743902,0.132839367,0.534855664,0.0129984934,-0.834334612
26914554506866,51202,-1.35632837,0.03579887,-3.63862848,0.133158952,0.542571902,0.0145154065,-0.829261005
26914570992804,51219,-1.34783792,0.0374636836,-3.65043879,0.132579774,0.551170707,0.015506383,-0.823646188
26914587664262,51235,-1.33963394,0.0389703996,-3.66155314,0.131054953,0.558913827,0.0157936793,-0.818651676
26914604341241,51251,-1.3312006,0.0405430645,-3.6725049,0.128718033,0.565859795,0.0151310135,-0.814251482
26914621005564,51269,-1.32133317,0.0422985964,-3.68469572,0.125398412,0.572282672,0.0132995835,-0.810303032
26914637664418,51285,-1.31245601,0.0440253653,-3.69522738,0.122282222,0.576643765,0.0109397136,-0.807718694
26914654372491,51301,-1.30346167,0.0457531922,-3.7057426,0.119150907,0.579785049,0.00798402075,-0.805970669
26914671009366,51318,-1.29378307,0.0476201661,-3.71673942,0.116005868,0.582150936,0.00465259096,-0.80474925
26914687666033,51334,-1.28470111,0.0496020876,-3.72679019,0.113595188,0.58420676,0.00178221823,-0.80361408
26914704348272,51351,-1.27502823,0.0517804623,-3.73751044,0.11172504,0.586916566,-0.000741034688,-0.801901519
26914720996606,51368,-1.2655673,0.0539694391,-3.74804568,0.110558935,0.590417385,-0.00268590404,-0.799485326
26914737654939,51384,-1.25684559,0.0558568016,-3.75802064,0.109962881,0.594089746,-0.0038190498,-0.796838105
26914754339314,51401,-1.24769402,0.0577410758,-3.76859498,0.10960713,0.597851396,-0.00435536029,-0.794066131
26914771049991,51418,-1.23845077,0.059444122,-3.77921844,0.109505542,0.601005256,-0.00440611364,-0.791695595
26914787786033,51434,-1.22964633,0.0607476123,-3.78936243,0.109689385,0.603091776,-0.00400998769,-0.790083885
26914804328012,51450,-1.22106433,0.061963506,-3.79929256,0.11011184,0.604429483,-0.00311941747,-0.789006233
26914820986293,51468,-1.21161473,0.0631462932,-3.8105309,0.110428669,0.60562098,-0.00157397625,-0.788052261
26914837670512,51484,-1.20328939,0.0640628785,-3.82037187,0.110240079,0.607064188,4.89985177e-05,-0.786969006
26914854354001,51500,-1.19466937,0.064745754,-3.83042169,0.109374903,0.609126687,0.00196170597,-0.785492182
26914870990564,51516,-1.18590689,0.0651607066,-3.8405931,0.10767664,0.611940026,0.00389640918,-0.783530414
26914887654314,51534,-1.17612135,0.0653299093,-3.85172868,0.104821548,0.615823686,0.00596509594,-0.780857325
26914904380876,51550,-1.16721475,0.0652104914,-3.86162281,0.101906434,0.619370162,0.0080765523,-0.778415382
26914920992647,51566,-1.15808105,0.0650536567,-3.87131429,0.0991820619,0.622625113,0.0107069118,-0.776135564
26914937690460,51582,-1.14858174,0.0647159144,-3.88115263,0.0968357921,0.625428617,0.0135781039,-0.774130225
26914954322751,51599,-1.13820469,0.0642484426,-3.89157939,0.0948495641,0.627908528,0.016710246,-0.772305191
26914970986449,51616,-1.12762213,0.0636754185,-3.90197992,0.0932691768,0.629787266,0.0198942907,-0.77089113
26914987658845,51633,-1.11679816,0.0629505143,-3.91260862,0.0916991234,0.630951405,0.0231422521,-0.770036459
26915004331033,51649,-1.10650003,0.0623128191,-3.92265868,0.0899975747,0.63171351,0.0261510499,-0.769515932
26915021020356,51666,-1.09544337,0.0615639724,-3.93366504,0.0881419703,0.632737339,0.0290632639,-0.768784583
26915037847335,51682,-1.08506441,0.0608819723,-3.94414473,0.0865957066,0.634111881,0.0313950181,-0.767735422
26915054352543,51699,-1.07398689,0.0601234399,-3.95559549,0.0852797851,0.635500491,0.0335764401,-0.766641498
26915071102960,51715,-1.06367564,0.0594551452,-3.96658802,0.0845141709,0.636263609,0.0353839919,-0.766011715
26915087671449,51732,-1.05300653,0.0590390489,-3.97821927,0.0845017061,0.636504889,0.0368298106,-0.765744448
26915104327491,51749,-1.04247737,0.0588529408,-3.99010992,0.0852673575,0.636346519,0.0374039486,-0.765763462
26915121006397,51765,-1.03279984,0.0588512644,-4.00146437,0.0864721835,0.635931492,0.0371018797,-0.765987754
26915137705616,51781,-1.02305532,0.0589071363,-4.01319551,0.0879910737,0.635290265,0.0361480415,-0.76639235
26915154532491,51798,-1.0129261,0.0590821281,-4.02598619,0.08963269,0.634459078,0.0345504209,-0.766964197
26915170990772,51815,-1.00324345,0.0593905635,-4.03906679,0.0911975503,0.633531332,0.0326610878,-0.767629087
26915187881241,51831,-0.994345188,0.0597922765,-4.05176497,0.0927923396,0.632406831,0.031047307,-0.768431723
26915205274210,51849,-0.984651625,0.0604856648,-4.06643677,0.0947448239,0.630516112,0.0297889318,-0.769795835
26915221008324,51865,-0.976145327,0.0612740777,-4.08000946,0.0964551494,0.628068388,0.02926578,-0.771602333
26915237777022,51880,-0.96855998,0.0622090958,-4.09284401,0.0976825655,0.625074267,0.0293450356,-0.773872912
26915254325668,51897,-0.96059978,0.0634311885,-4.10738373,0.0982794911,0.620927513,0.0297442432,-0.777113557
26915271073064,51914,-0.953003705,0.0646581575,-4.12216854,0.0979583189,0.616013646,0.0299049281,-0.781048715
26915287665095,51931,-0.945780754,0.0658600405,-4.13704109,0.0971317068,0.610389709,0.0294877533,-0.785570085
26915304330147,51947,-0.939349592,0.0669151619,-4.15110874,0.096387513,0.604578257,0.0284274872,-0.790181339
26915321009470,51964,-0.932845235,0.0680698603,-4.165977,0.096110031,0.598195195,0.0265054945,-0.795124471
26915337655668,51981,-0.92665565,0.0691990331,-4.18078613,0.096673727,0.591848612,0.0238341857,-0.799875855
26915354328428,51997,-0.921124101,0.0702273026,-4.19464207,0.0980852321,0.586118162,0.0208496619,-0.803996384
26915371004418,52013,-0.915578485,0.0712003559,-4.20842695,0.100241102,0.58069545,0.0177029073,-0.807732165
26915387656345,52030,-0.909778297,0.0721222758,-4.2230792,0.103113078,0.57520014,0.0145304697,-0.811357737
26915404332855,52047,-0.904387116,0.0729435682,-4.23766136,0.106115907,0.569913983,0.0116942748,-0.814739704
26915420992126,52063,-0.899480104,0.073529318,-4.25139713,0.108480372,0.565038919,0.00939051434,-0.817847729
26915437785772,52080,-0.894547164,0.0739816353,-4.26591015,0.11017824,0.559949279,0.00727982074,-0.821136177
26915454339157,52096,-0.88981849,0.0741745234,-4.27964687,0.110769637,0.555195987,0.00549433148,-0.824292064
26915470986553,52113,-0.884979784,0.0740835518,-4.29428768,0.110450223,0.550182998,0.00382330152,-0.827698529
26915487673741,52130,-0.880328596,0.0737133026,-4.30909157,0.109780923,0.545188487,0.00239047292,-0.831090808
26915504335824,52146,-0.875908852,0.0731219798,-4.32323217,0.109254077,0.540459692,0.00117304118,-0.834245443
26915520996762,52162,-0.871850193,0.0723559335,-4.33724737,0.109168693,0.535651624,1.14351315e-05,-0.837352753
26915537658116,52180,-0.867351055,0.0712718219,-4.35312033,0.109747306,0.530164719,-0.00110130117,-0.840761423
26915554321085,52196,-0.863424778,0.0701895058,-4.36727285,0.110626213,0.525433958,-0.00182061677,-0.843609929
26915570993012,52212,-0.859280586,0.0690952837,-4.38160133,0.111498982,0.521137357,-0.00237011514,-0.846155047
26915587657907,52228,-0.855065644,0.0678771883,-4.39607763,0.11214494,0.517372906,-0.00273948023,-0.848375738
26915605657282,52247,-0.850245237,0.0661928505,-4.41322279,0.112409934,0.513442457,-0.00280289631,-0.850725055
26915620993689,52262,-0.84616971,0.0647475421,-4.42692184,0.112280384,0.510647953,-0.00257233903,-0.852423191
26915637665095,52278,-0.841828525,0.0631269962,-4.44152975,0.112027153,0.507821679,-0.00204210402,-0.854144573
26915654356241,52295,-0.837023973,0.0614166595,-4.45718002,0.111903839,0.504971147,-0.00101173145,-0.855850816
26915670996553,52312,-0.832082033,0.0596744567,-4.47283697,0.112008542,0.502270758,0.000768716214,-0.857425034
26915687745303,52329,-0.827086508,0.0580409542,-4.48840761,0.11233186,0.499755085,0.00349074858,-0.858844697
26915704779678,52345,-0.822143376,0.0566742085,-4.50314856,0.11279127,0.497746021,0.00683796499,-0.859930396
26915721003376,52361,-0.817497253,0.0552482642,-4.51757097,0.113165826,0.496402204,0.01062233,-0.860619247
26915737653637,52378,-0.812415183,0.0538143888,-4.53282356,0.113179959,0.495955825,0.0146902567,-0.860814929
26915754450303,52394,-0.807708919,0.0525078103,-4.54703569,0.112554125,0.496465415,0.017986767,-0.860540628
26915771256032,52411,-0.802774191,0.0512262136,-4.56204367,0.111298338,0.49773401,0.0203762855,-0.8599177
26915787696501,52428,-0.797686994,0.0500789545,-4.57705975,0.110118262,0.499323398,0.0214210656,-0.859122396
26915804323116,52444,-0.793007731,0.049044244,-4.59096432,0.10967198,0.500590563,0.0210645236,-0.858450651
26915821315251,52461,-0.787814736,0.0482334532,-4.60563421,0.110377267,0.501069009,0.0195068307,-0.858117878
26915837665407,52477,-0.782738745,0.0477496982,-4.6191783,0.112428196,0.500449419,0.0178531744,-0.858249187
26915854366501,52494,-0.776987195,0.0477168337,-4.63338184,0.115656897,0.499450624,0.0163145978,-0.858432591
26915871017491,52510,-0.771412075,0.0478621274,-4.64668608,0.118660986,0.499166757,0.0149511881,-0.858212471
26915887655303,52527,-0.76545471,0.047957316,-4.66079235,0.121000491,0.499842495,0.0138648935,-0.857510448
26915904323376,52544,-0.759202659,0.0480318703,-4.67492247,0.121907204,0.501202643,0.0131780235,-0.856598437
26915920989730,52560,-0.752935648,0.0478521921,-4.68813562,0.121277817,0.50267607,0.012656224,-0.855831921
26915937669261,52576,-0.746215343,0.0475851819,-4.70129681,0.119846769,0.504017591,0.0120836077,-0.855252564
26915954571189,52594,-0.738404989,0.047110673,-4.71585703,0.118496545,0.504849732,0.0116002969,-0.854956627
26915970996189,52610,-0.731198192,0.0467448123,-4.72859526,0.118215315,0.504503727,0.0116883526,-0.855198503
26915987659782,52626,-0.723804951,0.0464266613,-4.74115658,0.119044602,0.503169358,0.0123671228,-0.855859876
26916004323116,52642,-0.716337562,0.0459907167,-4.75348949,0.12095499,0.501282513,0.0136004509,-0.856680155
26916020999314,52660,-0.707773209,0.045513887,-4.76728106,0.124017827,0.499175757,0.0153899929,-0.857441723
26916037707491,52676,-0.700245857,0.0449002236,-4.77942753,0.127054706,0.497600079,0.0170516297,-0.857881486
26916054341866,52692,-0.692840099,0.0443157032,-4.79140663,0.129814297,0.496223241,0.0185690522,-0.858234286
26916070994105,52710,-0.684383392,0.0436028056,-4.80481768,0.132198468,0.494741321,0.0197149664,-0.858700156
26916087654001,52726,-0.676711082,0.042915035,-4.81676579,0.133455545,0.493247122,0.0200378764,-0.859357595
26916104352543,52742,-0.668923557,0.0422136411,-4.82865858,0.133959144,0.491415232,0.0196805019,-0.860336423
26916120986918,52759,-0.660440862,0.0413372442,-4.84120798,0.134055018,0.488995045,0.0187243354,-0.861720741
26916137652907,52775,-0.65225476,0.0406813845,-4.85305214,0.134108409,0.48622033,0.0176206194,-0.863304257
26916154343011,52792,-0.643495679,0.0399317332,-4.86565495,0.134562105,0.482894301,0.0165122245,-0.86512059
26916170987543,52809,-0.634943366,0.0391804166,-4.87821388,0.135578901,0.479282677,0.0156704653,-0.866983831
26916187666918,52825,-0.626891494,0.0385545194,-4.8901391,0.13680467,0.475710303,0.0151178641,-0.868766785
26916204441866,52841,-0.618691564,0.0378564931,-4.90227985,0.137894705,0.472007155,0.0146249225,-0.870620787
26916220996345,52858,-0.609992445,0.0371885151,-4.91538095,0.138519257,0.467876822,0.0139641324,-0.872759223
26916237891605,52875,-0.601252794,0.0364776552,-4.92863894,0.138365582,0.463440627,0.0129018128,-0.875163615
26916254377803,52891,-0.592998028,0.0360149331,-4.94114208,0.137406901,0.458721191,0.0114506735,-0.877817273
26916270995147,52907,-0.584823608,0.0356200188,-4.95369911,0.135961071,0.453444272,0.00949266739,-0.880802393
26916287657022,52925,-0.575837612,0.0351823345,-4.96776867,0.13422434,0.446824372,0.00681545259,-0.884469032
26916304330251,52941,-0.56805712,0.0350864083,-4.98008251,0.132814407,0.440295547,0.00441048713,-0.887964368
26916321010199,52957,-0.560486794,0.0351937413,-4.99224997,0.131585062,0.433332264,0.00234891637,-0.89157331
26916337670251,52974,-0.552813888,0.0357953943,-5.00495768,0.130445644,0.425958335,0.000501307251,-0.89528954
26916354418793,52991,-0.545494795,0.0366999768,-5.01759768,0.129130259,0.419003308,-0.00141917088,-0.898754478
26916370994365,53007,-0.5390172,0.0378176235,-5.02949762,0.12758866,0.412602693,-0.00363264908,-0.901924074
26916387662438,53023,-0.532988846,0.0391590223,-5.0413065,0.125856131,0.405732512,-0.00655561034,-0.905261517
26916404328063,53041,-0.526696622,0.0407916717,-5.05431032,0.12421371,0.396756083,-0.0107815759,-0.909417033
26916421039886,53057,-0.5215047,0.0424803607,-5.06562471,0.1235324,0.387416869,-0.0150421169,-0.913466871
26916437655563,53073,-0.516616881,0.0443679318,-5.07687187,0.123670109,0.377257466,-0.0195381865,-0.917605996
26916454419574,53089,-0.512059331,0.0465505533,-5.08803368,0.124279842,0.366935104,-0.0238916986,-0.921597779
26916471007022,53107,-0.507436752,0.048996076,-5.10057545,0.124688774,0.355821073,-0.0282946173,-0.925766408
26916487662907,53123,-0.503758073,0.0509128831,-5.11183977,0.124307923,0.346789062,-0.0319700502,-0.929119349
26916504378376,53139,-0.500452459,0.052619312,-5.12317085,0.123045444,0.338311225,-0.035542354,-0.932277977
26916520988480,53157,-0.497338921,0.0542918891,-5.13587475,0.120956354,0.328637421,-0.0396388769,-0.935839653
26916537655563,53173,-0.495106846,0.0557345599,-5.1470232,0.119101912,0.319188565,-0.043346867,-0.939177573
26916554450563,53189,-0.493217528,0.057138402,-5.15804338,0.117630631,0.308605969,-0.0468913689,-0.942722976
26916570989417,53206,-0.491663277,0.0586222708,-5.16960049,0.116662964,0.296465576,-0.050416939,-0.946549654
26916587706813,53222,-0.490578949,0.0599560514,-5.18033314,0.116220541,0.284752905,-0.0532534756,-0.950038254
26916604339574,53239,-0.489804655,0.0611739978,-5.19165087,0.116008416,0.272644997,-0.0554998145,-0.953481257
26916621027907,53256,-0.489516854,0.0623261668,-5.20286846,0.115755677,0.261392236,-0.0570063591,-0.956569433
26916637757178,53272,-0.489429116,0.0632881075,-5.21347094,0.11523442,0.251866937,-0.0580604374,-0.959121048
26916654355511,53289,-0.489255726,0.0641170889,-5.22509861,0.114229269,0.242737576,-0.0591526255,-0.9615255
26916670988897,53305,-0.489209235,0.0647357255,-5.23613596,0.112757035,0.234457672,-0.0603545047,-0.963676691
26916687655459,53322,-0.489280522,0.065268524,-5.2478013,0.110615209,0.225319818,-0.0618276522,-0.966008604
26916704339313,53338,-0.489392847,0.0656311065,-5.2588706,0.108319141,0.216114327,-0.0633902252,-0.968268216
26916721056553,53355,-0.489717603,0.0658560991,-5.27053261,0.105883971,0.205565959,-0.0650452152,-0.970721602
26916737654001,53372,-0.490161747,0.0660845488,-5.28219604,0.103543147,0.194387466,-0.0662243068,-0.973194063
26916754378324,53388,-0.490754485,0.0662819147,-5.29313564,0.101356275,0.183925971,-0.0667011365,-0.975422561
26916770987334,53404,-0.491226673,0.0664617717,-5.3044939,0.0990583301,0.174116865,-0.0664405078,-0.97747457
26916787720147,53422,-0.491955161,0.0666374415,-5.31738377,0.0961864069,0.164178431,-0.0651501268,-0.979565799
26916804320199,53438,-0.492886961,0.0668031126,-5.32864809,0.0933106616,0.156320602,-0.0632883981,-0.981250048
26916820999886,53454,-0.493782699,0.0670932382,-5.34016085,0.0902651697,0.149102435,-0.0608671643,-0.982810199
26916838537907,53471,-0.495024741,0.0674661472,-5.35227346,0.0870238841,0.141940296,-0.0580263101,-0.984333694
26916854326657,53488,-0.496388912,0.0680064932,-5.36434412,0.0837687999,0.134914204,-0.0552431755,-0.985763252
26916870991553,53504,-0.497732997,0.0686640665,-5.37577248,0.0809117183,0.128154546,-0.0529626831,-0.987028241
26916887726553,53520,-0.49902299,0.0694693848,-5.38734341,0.078265816,0.121129185,-0.0510566011,-0.98822844
26916904363115,53537,-0.500324667,0.0705971867,-5.39981079,0.0755251423,0.113539502,-0.0492701568,-0.989432812
26916920994678,53554,-0.501766443,0.0720005706,-5.4123702,0.0727075785,0.106367484,-0.0476514064,-0.990519524
26916937657490,53570,-0.503094971,0.0736595392,-5.4244523,0.0700775087,0.10035798,-0.0464643873,-0.991392195
26916954318480,53586,-0.504491627,0.0755295008,-5.43663406,0.06752716,0.0947158933,-0.0455996171,-0.992164195
26916971153896,53604,-0.505999029,0.0779811591,-5.45060492,0.0648036748,0.0883078799,-0.044871632,-0.992969692
26916987655511,53620,-0.507328272,0.0805212781,-5.46312952,0.062436942,0.0823004991,-0.0445962064,-0.993649602
26917004323063,53636,-0.508691907,0.0833068117,-5.47551346,0.0599428639,0.075620763,-0.0445198193,-0.994337201
26917021130199,53653,-0.509946227,0.0866639316,-5.48868608,0.0574285984,0.067740351,-0.0442542844,-0.995065212
26917038737386,53671,-0.511246085,0.0905809253,-5.5022974,0.0547390655,0.0590656959,-0.0432692282,-0.995812595
26917054350251,53686,-0.512261212,0.0941535905,-5.51345587,0.0520865209,0.0522205569,-0.0417895168,-0.996400356
26917070999001,53703,-0.513429046,0.0983729064,-5.52589417,0.0486266166,0.0454825424,-0.0394025482,-0.997002602
26917087679313,53720,-0.514625192,0.102764413,-5.5381794,0.0447295755,0.0399308242,-0.0366370492,-0.997528195
26917104332803,53736,-0.515704811,0.107166618,-5.54944754,0.0407326445,0.0351289958,-0.0339926705,-0.99797368
26917120990303,53752,-0.516793072,0.111840434,-5.55999708,0.0371625908,0.0300974771,-0.0315250307,-0.998358309
26917137684157,53769,-0.517987609,0.117275186,-5.57059097,0.0344992466,0.0244517699,-0.0294722095,-0.998670757
26917154342907,53786,-0.519011676,0.123196051,-5.58059645,0.0328738131,0.0188272782,-0.0282686334,-0.998882234
26917170987959,53802,-0.519644022,0.129157752,-5.58952427,0.0319724493,0.0138759091,-0.0277555268,-0.999006987
26917187655251,53819,-0.520265818,0.135810435,-5.59865618,0.031350892,0.00919294544,-0.0275091249,-0.999087512
26917204324261,53835,-0.521011174,0.142263383,-5.60686445,0.0307161249,0.00541949598,-0.0272174049,-0.999142826
26917221283219,53852,-0.521983624,0.149258152,-5.61530399,0.0300481487,0.00177988689,-0.0267568193,-0.999188721
26917237665251,53869,-0.523016751,0.156205744,-5.62361813,0.0299968794,-0.00239756983,-0.0260970909,-0.999206424
26917254323323,53885,-0.523993134,0.162708476,-5.6312952,0.0308919419,-0.00761934975,-0.0251832698,-0.999176383
26917271074417,53901,-0.525055826,0.169050425,-5.63880777,0.0328127891,-0.0144472048,-0.0237908568,-0.999073923
26917287679105,53918,-0.526392519,0.175506875,-5.64649963,0.0357867889,-0.023411857,-0.0212830193,-0.998858511
26917304527907,53935,-0.527827024,0.181727707,-5.65391302,0.0391405076,-0.0329062454,-0.0175707266,-0.998537183
26917321371813,53951,-0.529215813,0.187157214,-5.66089773,0.0419312045,-0.0408440195,-0.0137975514,-0.998189986
26917338116605,53969,-0.530859172,0.192683458,-5.66878223,0.0444045179,-0.0487548895,-0.00966287125,-0.997776449
26917354779990,53985,-0.532387912,0.197033867,-5.67574215,0.0462719947,-0.0556603372,-0.00616122829,-0.997358024
26917371445303,54001,-0.533889472,0.20092994,-5.68275023,0.0478133336,-0.0628268942,-0.00297136093,-0.996874034
26917388118271,54017,-0.535339415,0.204525217,-5.6898036,0.0490897894,-0.0699313954,-0.000127292355,-0.996343255
26917404782021,54034,-0.536923587,0.20807071,-5.69726992,0.050061211,-0.0768223628,0.00219205953,-0.995784879
26917421463792,54051,-0.538503766,0.21129851,-5.70474291,0.0504669733,-0.0835766643,0.00416559959,-0.995213926
26917438132490,54067,-0.540058136,0.214003503,-5.71181774,0.0506482311,-0.0901631266,0.00596694136,-0.994620442
26917454778948,54084,-0.541795492,0.216652304,-5.71949863,0.0504973195,-0.0972728431,0.00782365538,-0.993945062
26917471595042,54101,-0.543676674,0.219054505,-5.72725248,0.0497492999,-0.104507372,0.00966160372,-0.993232071
26917488124365,54117,-0.545583487,0.221081972,-5.73464251,0.0488881283,-0.111556299,0.0115403486,-0.992487848
26917504787490,54133,-0.547640562,0.222944021,-5.7420392,0.0481937975,-0.118786328,0.0135848569,-0.991656542
26917521465771,54150,-0.550005019,0.22474952,-5.74973869,0.047679916,-0.126806542,0.0160292331,-0.99065125
26917538283844,54167,-0.552482545,0.226577431,-5.75739717,0.0475419611,-0.135492563,0.0189166404,-0.989456296
26917554889625,54184,-0.555170715,0.22840558,-5.76494122,0.0476011261,-0.144790173,0.0221272707,-0.988069057
26917571489313,54200,-0.557911634,0.230114639,-5.77192831,0.0473155044,-0.15394561,0.0250332206,-0.986628234
26917588126605,54216,-0.560821891,0.231969714,-5.77886391,0.0467853509,-0.163535669,0.0275662355,-0.985041857
26917604799469,54233,-0.5641523,0.234145373,-5.78615093,0.0461101383,-0.174283996,0.0299188904,-0.983160138
26917621450042,54250,-0.567799687,0.236606121,-5.79331303,0.0449994951,-0.185351864,0.0317698829,-0.981127083
26917638127386,54266,-0.571572959,0.239232704,-5.79987097,0.0434397198,-0.195835859,0.0322938152,-0.979141712
26917654822542,54282,-0.575479388,0.242178321,-5.80629206,0.0418032818,-0.20699966,0.0314628482,-0.976940989
26917671444313,54300,-0.579829991,0.245753735,-5.81342077,0.0404182896,-0.220589355,0.0290140752,-0.974096954
26917688149313,54316,-0.583577096,0.249218151,-5.81979799,0.0397799723,-0.23289977,0.0255662668,-0.971350491
26917704780459,54332,-0.587272227,0.253021955,-5.82617092,0.039839372,-0.2448899,0.0211956222,-0.968500137
26917721458219,54349,-0.591203451,0.257334888,-5.8328476,0.0405780226,-0.25716579,0.0162281077,-0.965378582
26917738113688,54366,-0.595124245,0.261968642,-5.83953667,0.0418393686,-0.268874377,0.0114619397,-0.9621979
26917754792021,54382,-0.598819792,0.266436249,-5.84580755,0.0431108847,-0.279305071,0.00757486094,-0.959204257
26917771476396,54399,-0.60276407,0.271297842,-5.85260391,0.0440660007,-0.289946526,0.0044389856,-0.956017554
26917788125563,54415,-0.606500268,0.275894642,-5.85896206,0.044304233,-0.299673438,0.00247545214,-0.953009427
26917804794677,54431,-0.610372543,0.280326217,-5.86508274,0.0436050743,-0.309500277,0.00161078258,-0.949897707
26917821757282,54449,-0.614890695,0.285172403,-5.87180185,0.041925922,-0.32080701,0.00189907337,-0.946214259
26917838568844,54465,-0.618746817,0.289285511,-5.87756777,0.0400535166,-0.330662817,0.00287515018,-0.94289434
26917854912177,54481,-0.622563064,0.29334414,-5.88310242,0.0382464938,-0.340105325,0.00406765426,-0.939600468
26917871443219,54498,-0.626596034,0.297579616,-5.88877821,0.0370709337,-0.349517167,0.00500737736,-0.936182976
26917888151344,54515,-0.631210506,0.30165115,-5.89426088,0.037028987,-0.358296454,0.00519262766,-0.932858884
26917905229261,54531,-0.635998905,0.305389404,-5.89931059,0.0378515758,-0.366025686,0.00463157659,-0.92982316
26917921459261,54548,-0.640774488,0.309250712,-5.90471554,0.0392798893,-0.373520613,0.00320980442,-0.926784277
26917938113688,54564,-0.645503998,0.312780619,-5.90986824,0.0405576564,-0.38004756,0.00137456576,-0.924076319
26917954779000,54581,-0.650417507,0.316376209,-5.91545296,0.0411654115,-0.386432499,-0.000541541958,-0.921398401
26917971456396,54597,-0.655260205,0.319620728,-5.92069244,0.0409044288,-0.391984969,-0.00222258642,-0.919059157
26917988155615,54614,-0.66074729,0.322918475,-5.92625713,0.0400734991,-0.39779532,-0.00360509171,-0.916591525
26918004778584,54630,-0.666033149,0.325958103,-5.93147993,0.0391106382,-0.403515071,-0.00413264427,-0.914127409
26918021481917,54647,-0.672063708,0.32921946,-5.93692923,0.0380717106,-0.409875453,-0.0037520288,-0.911338925
26918038285302,54664,-0.678066552,0.33245796,-5.94239521,0.0370558128,-0.416383505,-0.00249161758,-0.908430278
26918054778219,54680,-0.684505939,0.335456043,-5.94733095,0.0360324271,-0.422880828,-0.000596271537,-0.905468464
26918071486031,54696,-0.691214561,0.338504076,-5.95218563,0.0348192453,-0.429861665,0.00191297696,-0.902221203
26918088110406,54714,-0.698664248,0.342076242,-5.95768642,0.0330417231,-0.438264936,0.00525915157,-0.898222923
26918104823688,54730,-0.705885231,0.345396876,-5.9624753,0.0309480745,-0.446122944,0.00848803204,-0.894396186
26918121486865,54746,-0.713348925,0.348927259,-5.96724415,0.0282063205,-0.454075634,0.0119689265,-0.890436113
26918138107594,54763,-0.722038984,0.352872252,-5.97214651,0.0244632978,-0.462424397,0.0158115476,-0.886180222
26918154852854,54780,-0.730744421,0.357078075,-5.97698069,0.0203501619,-0.470483989,0.0196515284,-0.881954968
26918171449677,54796,-0.739338279,0.361396074,-5.98147392,0.016482655,-0.477635592,0.0231443699,-0.878098488
26918188096292,54813,-0.748899996,0.366381735,-5.9860754,0.0125152962,-0.48440057,0.0265767481,-0.874352992
26918204819469,54829,-0.757668197,0.371482968,-5.99024248,0.00875572488,-0.490043849,0.0294535737,-0.871156096
26918221456188,54846,-0.767497182,0.377372116,-5.9944458,0.00419244682,-0.495785087,0.0321907178,-0.867838383
26918238209938,54862,-0.776505589,0.383320928,-5.99832153,-0.000913064287,-0.501280129,0.0343629457,-0.864602029
26918254778479,54879,-0.786201537,0.390092373,-6.00220156,-0.00701870956,-0.50757587,0.036249429,-0.860815585
26918271445927,54895,-0.795461476,0.396895885,-6.00567436,-0.0129143754,-0.513979316,0.0378142819,-0.856871426
26918288113792,54912,-0.805430889,0.404652864,-6.00926733,-0.0186374635,-0.521180809,0.0396555625,-0.85232079
26918304787333,54929,-0.815309644,0.413026184,-6.01269865,-0.0232698675,-0.528402627,0.0420587249,-0.84763217
26918321649990,54945,-0.823978722,0.421475947,-6.01578093,-0.0266114958,-0.534868777,0.0452536494,-0.843302608
26918338111344,54962,-0.833623588,0.431026846,-6.01857901,-0.0295198616,-0.541565239,0.050220713,-0.838637948
26918354778636,54978,-0.842353404,0.440467864,-6.02095938,-0.0322571732,-0.547932208,0.0564558208,-0.833992004
26918371443740,54995,-0.851270497,0.450828075,-6.02316189,-0.0359859914,-0.555172265,0.0643571094,-0.828460634
26918388119886,55011,-0.859488487,0.460760862,-6.02489138,-0.0408021286,-0.562679708,0.0723106116,-0.822494984
26918404811969,55028,-0.867475092,0.471386671,-6.0265336,-0.0470614359,-0.571375966,0.0802426189,-0.815399289
26918421467490,55045,-0.874991179,0.481973529,-6.02779245,-0.0536522269,-0.580873966,0.0866670907,-0.807586372
26918438139938,55061,-0.881672859,0.491955429,-6.02871704,-0.0592210777,-0.590348423,0.0909371004,-0.799820125
26918454895094,55078,-0.888334274,0.502564192,-6.02926493,-0.0636213049,-0.600248814,0.0933808014,-0.791791558
26918471456604,55094,-0.894256651,0.512541711,-6.02947235,-0.0660340264,-0.608791232,0.0937810317,-0.784995437
26918488133740,55111,-0.900447845,0.523133576,-6.0294776,-0.0669527948,-0.616912425,0.0930066034,-0.778643787
26918504789625,55127,-0.906157136,0.532987237,-6.02915287,-0.0668275803,-0.623601377,0.0918394029,-0.773447454
26918521468271,55144,-0.91198653,0.543266833,-6.02848101,-0.066529125,-0.629950523,0.0905003101,-0.76846987
26918538111708,55161,-0.917699039,0.553214014,-6.02744293,-0.0671932474,-0.636443138,0.0895962566,-0.763149858
26918554783896,55177,-0.922808528,0.562241673,-6.02631855,-0.0689567402,-0.643189132,0.0893873349,-0.757339239
26918571448896,55194,-0.927920997,0.571584523,-6.02484035,-0.0718563423,-0.650978625,0.0899944231,-0.750309646
26918588112594,55210,-0.932442009,0.580057085,-6.02314281,-0.0752780437,-0.658750296,0.0918307975,-0.742932379
26918604778323,55226,-0.936628282,0.58807385,-6.02118778,-0.0788843036,-0.666683793,0.0952486172,-0.735008657
26918621508896,55243,-0.940683722,0.596080244,-6.01862717,-0.0823087916,-0.674790919,0.100423537,-0.726496875
26918638239469,55260,-0.94410038,0.603424907,-6.01555014,-0.0849416107,-0.682214558,0.106775679,-0.718308568
26918654845354,55276,-0.946571708,0.609710157,-6.0120244,-0.0864040628,-0.688757837,0.112905115,-0.710914493
26918671506448,55293,-0.948493421,0.615842879,-6.00789547,-0.0867894515,-0.695593596,0.11839816,-0.703277409
26918688262073,55308,-0.94976604,0.620773256,-6.00402117,-0.0867448151,-0.701750576,0.121833123,-0.696547329
26918704815042,55326,-0.950703859,0.626082122,-5.99902582,-0.0870067552,-0.70944345,0.123960517,-0.688297629
26918721450667,55343,-0.950979233,0.630489528,-5.99420595,-0.0879855752,-0.716855526,0.124209121,-0.680403411
26918738133115,55359,-0.950857639,0.633966506,-5.98942327,-0.0896429792,-0.72370863,0.123687789,-0.672986865
26918754863687,55376,-0.950314641,0.636992276,-5.98398066,-0.091595985,-0.730558932,0.122842088,-0.665435016
26918771443375,55392,-0.949338198,0.639230311,-5.97842836,-0.093031995,-0.736828625,0.122291982,-0.658386946
26918788134156,55409,-0.947957456,0.641036332,-5.97208738,-0.0937822387,-0.743782341,0.122675829,-0.650340974
26918805079260,55425,-0.946280837,0.64233917,-5.96575403,-0.093549259,-0.750737429,0.123895682,-0.64209944
26918821459521,55442,-0.944106817,0.643302798,-5.95864773,-0.0920865908,-0.758690536,0.125995904,-0.63248229
26918838118583,55458,-0.942067146,0.643909633,-5.95169401,-0.0893078074,-0.766678512,0.128674626,-0.622632444
26918854778219,55475,-0.939508915,0.644249201,-5.94392395,-0.0847321525,-0.775272071,0.131428689,-0.611964226
26918871495615,55492,-0.936974585,0.644578755,-5.93588638,-0.0789461061,-0.783881962,0.133851185,-0.601149201
26918888114156,55508,-0.935013354,0.644906998,-5.92807674,-0.0733209923,-0.791878045,0.135967493,-0.590818107
26918906105354,55526,-0.932801485,0.645164132,-5.91896486,-0.0676940903,-0.80047071,0.137603015,-0.579421878
26918921456500,55541,-0.930940092,0.645307899,-5.91126251,-0.0638565943,-0.807330489,0.137976035,-0.570177495
26918938111135,55558,-0.928673148,0.645234525,-5.90243912,-0.0603862181,-0.814827919,0.136995733,-0.560036778
26918954820458,55574,-0.926220775,0.645091891,-5.89418125,-0.0576354191,-0.821518719,0.134304151,-0.551132977
26918971489989,55591,-0.922954798,0.644724011,-5.88540792,-0.0550789535,-0.828192234,0.129986376,-0.542372167
26918988125042,55607,-0.919464648,0.644110739,-5.87713814,-0.0531098209,-0.833879113,0.125107944,-0.534951448
26919004780146,55624,-0.91556716,0.643154681,-5.86847019,-0.0513967164,-0.839267373,0.119846947,-0.527849734
26919021513479,55640,-0.911447227,0.641712189,-5.86027622,-0.0499740839,-0.843666852,0.11525625,-0.521962523
26919038115250,55657,-0.906662226,0.639677405,-5.85142994,-0.0485948958,-0.84753871,0.110588759,-0.516804397
26919054779104,55674,-0.901333153,0.636980593,-5.84243774,-0.0473888926,-0.850879788,0.105899267,-0.512389719
26919071450875,55690,-0.89597708,0.633878767,-5.8340106,-0.0465879329,-0.853946447,0.101874448,-0.508159995
26919088112646,55707,-0.890046299,0.629899979,-5.82521439,-0.0461293831,-0.857215047,0.098166503,-0.503406227
26919104778687,55723,-0.88412118,0.625285864,-5.81700516,-0.0458190478,-0.86007309,0.0951585695,-0.499119103
26919121441552,55740,-0.877545297,0.619420588,-5.80831814,-0.0454631373,-0.862662911,0.092451565,-0.495175302
26919138110302,55757,-0.870362997,0.612215161,-5.79967976,-0.0444367863,-0.864982843,0.089666076,-0.49172166
26919154789833,55773,-0.863460481,0.604428709,-5.79156256,-0.0421516895,-0.866983891,0.0858308375,-0.489075929
26919171457385,55789,-0.856633902,0.595809221,-5.7834096,-0.0390446484,-0.86864841,0.0800817832,-0.487352461
26919188116916,55807,-0.848780453,0.585009933,-5.7743125,-0.0347466767,-0.870451868,0.0712649673,-0.485826731
26919204777489,55823,-0.841790259,0.574604213,-5.76631737,-0.0305830985,-0.871994674,0.0609711707,-0.484739691
26919221571344,55839,-0.834663093,0.563210368,-5.75845242,-0.0266597141,-0.873479605,0.0488654226,-0.483668208
26919238167281,55856,-0.827221632,0.549918473,-5.75016451,-0.0225845333,-0.87522459,0.0351184048,-0.481911421
26919254782281,55873,-0.819895267,0.535657823,-5.74206638,-0.0181932729,-0.8769086,0.0213729683,-0.47983709
26919271442802,55889,-0.812921286,0.521356702,-5.73451233,-0.0142209716,-0.87800771,0.00934488978,-0.478343874
26919288115823,55905,-0.805772722,0.506159484,-5.72704649,-0.0101983957,-0.878801763,-0.00116580154,-0.47707662
26919304860875,55922,-0.797926307,0.489121735,-5.71934605,-0.00491612125,-0.879639924,-0.0112689193,-0.475481361
26919321449677,55938,-0.790526092,0.472320557,-5.71214056,0.00128876173,-0.880409122,-0.0199959278,-0.473791391
26919338116135,55956,-0.782090485,0.452668041,-5.70415211,0.00890262239,-0.881015301,-0.028150728,-0.472165734
26919354780041,55972,-0.774461389,0.434636474,-5.69716692,0.0158621874,-0.881165981,-0.0336752348,-0.471339613
26919371443635,55988,-0.766661108,0.416088462,-5.69025373,0.0226375926,-0.881032109,-0.0382243507,-0.470965952
26919388132177,56005,-0.758228004,0.395890951,-5.683074,0.0295796394,-0.881099224,-0.0421325341,-0.470121443
26919404776396,56022,-0.749836683,0.375403851,-5.67603445,0.0361042991,-0.881593645,-0.0450854897,-0.468461782
26919421950041,56038,-0.741992354,0.355993122,-5.6695137,0.0416677967,-0.882346332,-0.0467337631,-0.466416955
26919442817229,56060,-0.731230259,0.3288773,-5.6607008,0.0481115468,-0.883650005,-0.0463494584,-0.463357002
26919454796031,56071,-0.725774169,0.31528762,-5.65642023,0.0511109121,-0.884357512,-0.045389995,-0.461778343
26919471453166,56088,-0.717302263,0.294314951,-5.6498456,0.0558531843,-0.885431767,-0.0441206284,-0.459286958
26919488117177,56105,-0.708935976,0.273422688,-5.64321852,0.0608214624,-0.886528134,-0.043510817,-0.456591219
26919505123375,56121,-0.701133192,0.254001856,-5.63702297,0.0652733669,-0.887565315,-0.0438851267,-0.453917801
26919521446187,56137,-0.693418503,0.234701991,-5.63084364,0.0687894896,-0.888555825,-0.0460820124,-0.451235116
26919538110458,56154,-0.685084939,0.214473188,-5.62443638,0.0711056963,-0.889616489,-0.0512986891,-0.44821316
26919554780770,56171,-0.677004337,0.194390312,-5.61809587,0.0722387731,-0.890885711,-0.0596073717,-0.444467336
26919571450250,56187,-0.669796348,0.175800264,-5.61217117,0.072925739,-0.89217186,-0.0702335164,-0.440202773
26919588132645,56202,-0.663258612,0.158911794,-5.60668659,0.0731994733,-0.893044114,-0.0817916393,-0.436376154
26919604792541,56220,-0.655942738,0.138923913,-5.59989738,0.071836032,-0.893392026,-0.0948694646,-0.433232218
26919621450250,56237,-0.649471104,0.12010169,-5.59316015,0.0683270991,-0.893103838,-0.105186746,-0.432010174
26919638803062,56254,-0.643274367,0.101215281,-5.58630085,0.0636224076,-0.892678738,-0.113911577,-0.431394398
26919654781500,56270,-0.637545705,0.0836557448,-5.57981253,0.0592250638,-0.892515182,-0.121288508,-0.430346608
26919671469208,56286,-0.632056057,0.0666387975,-5.57325459,0.0552165136,-0.892385185,-0.129014105,-0.428900093
26919688115562,56303,-0.626507759,0.049184259,-5.56624985,0.0513757244,-0.892098606,-0.138730153,-0.426936328
26919704787281,56320,-0.62093699,0.0325287282,-5.55935764,0.0487844609,-0.891839206,-0.150067821,-0.423937142
26919721844729,56336,-0.616124034,0.0176607966,-5.55306721,0.0479520373,-0.891557395,-0.161422357,-0.420438856
26919738113895,56353,-0.611522794,0.00270460546,-5.54633188,0.0476521514,-0.890873551,-0.172787845,-0.41739437
26919754924000,56369,-0.607552648,-0.0108752511,-5.53979445,0.0466445014,-0.889891982,-0.181970447,-0.415696293
26919771441239,56386,-0.60391587,-0.0249375403,-5.53262329,0.044277031,-0.888819754,-0.190235868,-0.414547205
26919788117177,56402,-0.600975811,-0.0377212502,-5.52566671,0.0408430547,-0.888114333,-0.196840689,-0.413326204
26919804808843,56419,-0.598374665,-0.0506985337,-5.51832771,0.0364164561,-0.887638152,-0.203246176,-0.41165933
26919821443687,56435,-0.596372426,-0.0622127801,-5.51144886,0.0321632586,-0.887100816,-0.209420979,-0.410073936
26919838129677,56452,-0.594544351,-0.0737703145,-5.50418234,0.0279272441,-0.88621664,-0.216270551,-0.408738643
26919854785145,56469,-0.593345761,-0.0848395973,-5.49677372,0.0240591075,-0.885219216,-0.222780988,-0.407647908
26919871447958,56485,-0.592645049,-0.0949269682,-5.48966026,0.0209532026,-0.884381235,-0.228386223,-0.40653488
26919888133843,56502,-0.591951787,-0.105301052,-5.48217869,0.0179965664,-0.883625209,-0.233840585,-0.405217439
26919904799416,56518,-0.591685653,-0.114729702,-5.47502851,0.0152092958,-0.883078396,-0.238734648,-0.403666914
26919921521239,56534,-0.591562867,-0.123801187,-5.46796322,0.012617182,-0.882569075,-0.244278178,-0.401548058
26919938114833,56552,-0.591841936,-0.133479834,-5.45998955,0.0103920354,-0.881810069,-0.252302438,-0.398304611
26919954782229,56568,-0.592196763,-0.141755357,-5.45296907,0.00923702586,-0.88093859,-0.26094079,-0.394679517
26919971465875,56584,-0.592615604,-0.149713486,-5.44601107,0.00894199219,-0.879850328,-0.270597994,-0.390589625
26919988118218,56601,-0.593436956,-0.157857329,-5.4385519,0.00913950801,-0.878348291,-0.281472474,-0.386256397
26920005233062,56618,-0.59440124,-0.165841967,-5.43122005,0.00945554674,-0.876600742,-0.292000592,-0.382383853
26920021447333,56635,-0.595838368,-0.173641145,-5.42372274,0.00984631851,-0.874795735,-0.301679164,-0.378979236
26920038110562,56651,-0.59742713,-0.18082805,-5.41680288,0.0106190639,-0.873176455,-0.309919894,-0.376031727
26920054800093,56667,-0.599130332,-0.187813416,-5.40998316,0.01181053,-0.871588528,-0.317271799,-0.373540789
26920071456552,56684,-0.601286054,-0.195071623,-5.40260792,0.0134938387,-0.869874775,-0.324030221,-0.371672213
26920088113166,56701,-0.6036762,-0.202336535,-5.39528561,0.0157089457,-0.868106246,-0.329974174,-0.370488793
26920104801812,56717,-0.606127024,-0.209130704,-5.38839912,0.0184955038,-0.866420031,-0.335323691,-0.369502872
26920121444833,56734,-0.608996868,-0.216197476,-5.38119602,0.0221976619,-0.864775717,-0.340945035,-0.368003577
26920138134208,56751,-0.612317562,-0.222699568,-5.37399626,0.0267136171,-0.863424897,-0.346336186,-0.365834832
26920154875354,56765,-0.61529851,-0.227677703,-5.36801767,0.0306047462,-0.862252176,-0.350768626,-0.364068717
26920171447645,56783,-0.619572997,-0.2335504,-5.3600235,0.0349350944,-0.860536695,-0.356364846,-0.362298667
26920188129312,56800,-0.624092162,-0.238452882,-5.3521595,0.0382820517,-0.858961582,-0.361178547,-0.360928804
26920204884312,56817,-0.628821969,-0.242860034,-5.34431314,0.0411389768,-0.857772291,-0.365025669,-0.359569967
26920221452333,56833,-0.63380909,-0.246203929,-5.33633566,0.0432134047,-0.856938839,-0.36774984,-0.358536661
26920238117072,56850,-0.639477015,-0.249005824,-5.32757139,0.0443878621,-0.85633409,-0.369634151,-0.357899874
26920254776708,56866,-0.645231545,-0.250892013,-5.31897211,0.0446939319,-0.856155276,-0.370413959,-0.357483208
26920271535718,56883,-0.651789784,-0.252049565,-5.30937624,0.0445939675,-0.856355667,-0.370494187,-0.356931984
26920288116968,56899,-0.658155859,-0.252518296,-5.30021095,0.0442800522,-0.856889725,-0.369976193,-0.356225908
26920304784468,56916,-0.665294051,-0.252265513,-5.2898798,0.0436322019,-0.857604206,-0.369053483,-0.355543047
26920321475822,56932,-0.672193408,-0.251328796,-5.27991819,0.0424854979,-0.8582201,-0.368179798,-0.355101436
26920338109051,56949,-0.679585755,-0.249518842,-5.26881838,0.0408639088,-0.859062493,-0.367178768,-0.354290247
26920355262176,56965,-0.686695635,-0.247000739,-5.25798082,0.0390692204,-0.860431373,-0.365760684,-0.352633893
26920371443895,56982,-0.694471955,-0.243525699,-5.24620914,0.036621239,-0.862558186,-0.363716573,-0.349803597
26920388115510,56999,-0.702379048,-0.239303261,-5.23404264,0.0333503783,-0.865087271,-0.361590058,-0.346070021
26920404811239,57015,-0.71001792,-0.234564245,-5.22258139,0.0300201476,-0.86780417,-0.35949403,-0.341729164
26920421444468,57031,-0.71800673,-0.228767216,-5.21064329,0.0270540267,-0.870696247,-0.356992126,-0.337213337
26920438564416,57049,-0.72705704,-0.22139132,-5.19700003,0.0238261893,-0.873739839,-0.353437096,-0.333306521
26920454779364,57065,-0.735126615,-0.214358658,-5.18475342,0.0208950751,-0.876102626,-0.34960416,-0.331337512
26920471456239,57081,-0.743258595,-0.206776485,-5.17229986,0.0183261167,-0.878460765,-0.344797671,-0.33028096
26920488111916,57098,-0.751830518,-0.198300794,-5.15897942,0.015950514,-0.881359518,-0.337888867,-0.329821408
26920504785458,57115,-0.760334909,-0.189495638,-5.14535904,0.0134483352,-0.884755909,-0.32875061,-0.330074519
26920521581031,57131,-0.768348455,-0.180879131,-5.13243628,0.0106964167,-0.888321161,-0.318325192,-0.330817491
26920538142489,57148,-0.776841938,-0.171510682,-5.11850977,0.00749946339,-0.892419755,-0.305920899,-0.331576854
26920554796656,57164,-0.78482312,-0.162506372,-5.10543442,0.00468552532,-0.896387696,-0.293991446,-0.331717193
26920571463478,57181,-0.793260455,-0.152712703,-5.09163952,0.00232908386,-0.900395095,-0.282127261,-0.331191093
26920588120093,57197,-0.80109179,-0.143253237,-5.07860756,0.000992976362,-0.903761804,-0.272038937,-0.330467194
26920604892333,57214,-0.80938071,-0.132946521,-5.06493759,0.000393592753,-0.90684247,-0.262128562,-0.330038249
26920621449416,57230,-0.816996038,-0.123125806,-5.05210686,0.000371852453,-0.909230947,-0.253323585,-0.330342561
26920638214156,57247,-0.824979007,-0.112627238,-5.03853178,0.00068608264,-0.911277711,-0.244153783,-0.331604302
26920654780770,57264,-0.833059251,-0.102192312,-5.02498102,0.00101690076,-0.913093448,-0.234480798,-0.333583951
26920671449468,57280,-0.840662539,-0.0924478769,-5.01220512,0.000987537089,-0.914743185,-0.224547029,-0.335890859
26920688238478,57297,-0.848739564,-0.0821002051,-4.99867773,0.000160083116,-0.916421592,-0.213127181,-0.338745087
26920704798687,57313,-0.856737912,-0.0723867416,-4.98572969,-0.00157338288,-0.917949617,-0.201908886,-0.341465712
26920721444208,57329,-0.864767075,-0.0626353845,-4.97271967,-0.00389678823,-0.919443905,-0.190924823,-0.343737543
26920738115197,57346,-0.873081684,-0.0522048399,-4.95896816,-0.0063702669,-0.921053827,-0.180036813,-0.345262319
26920754792228,57363,-0.881230474,-0.0417054147,-4.94525051,-0.00849702116,-0.922632933,-0.17002286,-0.346075982
26920771451030,57379,-0.888729393,-0.0317746252,-4.93234968,-0.0101360772,-0.92391187,-0.161389709,-0.346752733
26920788126551,57396,-0.896747291,-0.0211496949,-4.91856575,-0.0114485724,-0.925013423,-0.152829289,-0.347652704
26920804786395,57412,-0.904179931,-0.011088524,-4.90560389,-0.0121504962,-0.925821245,-0.144937217,-0.348856151
26920821443739,57429,-0.912116647,-0.000289227813,-4.8917408,-0.0124481106,-0.926345408,-0.136462718,-0.350866288
26920838193739,57446,-0.919926822,0.0106481351,-4.87780046,-0.0128091741,-0.926453769,-0.12741524,-0.353955925
26920854889208,57462,-0.927365124,0.0210240223,-4.8645668,-0.0135458615,-0.926335752,-0.118179902,-0.357424349
26920871471603,57479,-0.935377836,0.0322200283,-4.85047674,-0.0144973807,-0.926300347,-0.107767269,-0.36075452
26920888116760,57496,-0.943443894,0.0436734408,-4.83638191,-0.0154203484,-0.926438332,-0.0968500078,-0.363447905
26920904881187,57512,-0.95111984,0.0547594242,-4.82304478,-0.0163875967,-0.926572382,-0.0859184563,-0.365804821
26920921450197,57528,-0.95865792,0.066146262,-4.80970383,-0.0174456872,-0.926582217,-0.0742827058,-0.368270576
26920938115145,57544,-0.966207147,0.0776525736,-4.79621458,-0.0185392406,-0.926395476,-0.0621707886,-0.370921224
26920954801030,57562,-0.974730134,0.0908626914,-4.78106642,-0.0200282261,-0.92586118,-0.0477785543,-0.374295682
26920971448530,57578,-0.982231975,0.102884263,-4.76765108,-0.0218979251,-0.925023139,-0.0341858305,-0.377735555
26920988186760,57594,-0.989690542,0.11512199,-4.7541728,-0.0244667679,-0.92382133,-0.0201602075,-0.381509066
26921004798635,57612,-0.99815768,0.129040882,-4.73908949,-0.0283496846,-0.922109246,-0.00423230091,-0.385866553
26921021453947,57628,-1.00568891,0.141357437,-4.72563505,-0.032700289,-0.920337975,0.00966112781,-0.389635026
26921039015510,57645,-1.0137955,0.154353708,-4.71135712,-0.0380466059,-0.918263316,0.0232348796,-0.393452883
26921054784207,57661,-1.02273989,0.166347817,-4.69761896,-0.0436250567,-0.916351795,0.0340890959,-0.396527767
26921071490718,57678,-1.03234589,0.178878307,-4.68315125,-0.0497078635,-0.914558113,0.0431429036,-0.399063051
26921088117280,57694,-1.04024994,0.19050236,-4.67012501,-0.0549495257,-0.913102627,0.0490892343,-0.401016861
26921106964259,57713,-1.04907453,0.203885883,-4.65477085,-0.0599731319,-0.911416054,0.0535463542,-0.403555214
26921121448999,57727,-1.05578768,0.21332261,-4.64347267,-0.0627646521,-0.91005826,0.0558905415,-0.405870467
26921138109676,57744,-1.06475818,0.223981753,-4.62956381,-0.0648486987,-0.908453047,0.0582774244,-0.408792764
26921154817801,57760,-1.0733273,0.233190358,-4.61643219,-0.0653711632,-0.90715456,0.060277883,-0.411295384
26921171446916,57777,-1.08255768,0.242089212,-4.6023531,-0.0645052418,-0.906125128,0.0620692112,-0.41342932
26921188124728,57793,-1.09148538,0.249629498,-4.58905268,-0.0626667663,-0.905538499,0.0634161904,-0.41479072
26921204786916,57810,-1.10109806,0.256925762,-4.57522678,-0.0598737337,-0.905148029,0.0643810555,-0.415905476
26921222054676,57827,-1.11088431,0.263295591,-4.5613265,-0.0567163564,-0.904678404,0.0648238435,-0.417298734
26921238274207,57843,-1.12031102,0.268332332,-4.54839516,-0.0534795523,-0.904083371,0.0650661886,-0.418974489
26921254778999,57860,-1.13061571,0.27243647,-4.53470898,-0.0495583676,-0.903128684,0.0649613366,-0.421524197
26921271453009,57877,-1.14099717,0.275440007,-4.52124929,-0.0449289046,-0.901552677,0.0642094165,-0.425513059
26921288210405,57893,-1.15076625,0.277374387,-4.50909472,-0.0397789329,-0.899386346,0.0628224313,-0.430784374
26921304787905,57909,-1.16062236,0.278300434,-4.49724531,-0.0336785838,-0.896506727,0.0604929514,-0.437586784
26921321443947,57925,-1.17048883,0.278464973,-4.48571825,-0.0269654747,-0.892843127,0.0567974746,-0.445957601
26921338109259,57943,-1.18174005,0.277737081,-4.47304726,-0.0196343176,-0.888332486,0.0517779849,-0.455849737
26921354786916,57959,-1.19200444,0.276140332,-4.46215773,-0.0139451455,-0.884563923,0.0477136411,-0.463762522
26921371448739,57976,-1.20321012,0.273364097,-4.45093536,-0.0093509201,-0.88064748,0.0440476425,-0.471627444
26921388105978,57992,-1.21395016,0.269776583,-4.44053507,-0.00637188321,-0.876722634,0.0415542312,-0.47915557
26921404804780,58008,-1.22468269,0.265474528,-4.43027401,-0.00400030147,-0.872399867,0.0403979048,-0.487104386
26921421711395,58026,-1.23656952,0.259854168,-4.41880226,-0.00108476204,-0.866666496,0.0399584621,-0.497284025
26921438783999,58042,-1.24684179,0.254461586,-4.40864992,0.00162296777,-0.860481381,0.0394747704,-0.507947862
26921454837020,58058,-1.25672185,0.248773709,-4.39843655,0.00359634147,-0.853395462,0.0383377522,-0.519839823
26921471470093,58074,-1.26625478,0.242889285,-4.38839769,0.00443115644,-0.845905364,0.035543032,-0.53212899
26921488112436,58092,-1.27652955,0.236253291,-4.3777132,0.00379254436,-0.83795023,0.0300024785,-0.544908226
26921504803895,58108,-1.28522241,0.230510741,-4.36867762,0.00178266247,-0.83179009,0.0232457463,-0.554600596
26921521460353,58125,-1.29410386,0.224747971,-4.35932684,-0.00236033672,-0.82607156,0.0149411596,-0.563362241
26921538117697,58141,-1.30199373,0.21947962,-4.35075712,-0.0085553797,-0.821270764,0.00693473173,-0.570432305
26921554841186,58158,-1.3099848,0.21406588,-4.34177303,-0.0174412243,-0.816295862,-0.00158035802,-0.577368438
26921571447332,58175,-1.31756628,0.208914116,-4.33275986,-0.0281083975,-0.811185777,-0.0102375876,-0.584022939
26921588118061,58191,-1.32423711,0.204349443,-4.32409143,-0.0391752683,-0.806638658,-0.0189394578,-0.589441061
26921604780613,58207,-1.33067882,0.200258359,-4.31496668,-0.0506541841,-0.802991986,-0.0287900511,-0.593135118
26921621480613,58223,-1.33672571,0.196739748,-4.30528927,-0.0621210597,-0.800732374,-0.0403128117,-0.594427109
26921638177072,58240,-1.34269822,0.19336535,-4.2946291,-0.0736834034,-0.800385654,-0.0539208204,-0.592491448
26921655074780,58257,-1.34802866,0.190363988,-4.28358173,-0.0833204761,-0.802510142,-0.0678004622,-0.58688879
26921671455718,58274,-1.35275686,0.187906727,-4.27185249,-0.0899397582,-0.806796014,-0.0805394724,-0.578363597
26921688117593,58290,-1.35677981,0.185955197,-4.26003981,-0.0934807211,-0.812176228,-0.0899481699,-0.568806231
26921704872436,58307,-1.36027718,0.184103191,-4.24656487,-0.0948511437,-0.818995774,-0.0956834629,-0.557757854
26921721507488,58323,-1.36317551,0.182489857,-4.23300028,-0.0939900726,-0.826644421,-0.0964553803,-0.546370924
26921738112176,58340,-1.36651456,0.180744827,-4.21766663,-0.0913444906,-0.836044133,-0.0923290327,-0.533068299
26921754779572,58356,-1.36887491,0.179249734,-4.20260859,-0.0877321735,-0.845628679,-0.0846803114,-0.519658029
26921771445718,58373,-1.36983061,0.178029299,-4.1862278,-0.0828943774,-0.856203139,-0.0743022561,-0.504503548
26921788124468,58389,-1.37001026,0.177156985,-4.17053795,-0.0777688175,-0.866314411,-0.0641185194,-0.489224076
26921804789259,58406,-1.36947107,0.176557958,-4.15376472,-0.0721878707,-0.877063453,-0.0541588366,-0.471821427
26921821468790,58423,-1.36869776,0.176214665,-4.13694048,-0.0669123754,-0.887619317,-0.0459198728,-0.453371942
26921838119468,58439,-1.36879897,0.175951928,-4.12087536,-0.0622783862,-0.897210658,-0.0401518047,-0.435341686
26921854780770,58456,-1.36813557,0.175847098,-4.10393858,-0.0577086546,-0.906538069,-0.0362183005,-0.416589499
26921871468738,58473,-1.36368787,0.176168978,-4.08814478,-0.0539353304,-0.91443193,-0.0344627276,-0.399646819
26921888116551,58489,-1.35860288,0.176399216,-4.073596,-0.0514005907,-0.920826852,-0.0346614197,-0.385012358
26921904798009,58505,-1.35360646,0.176293299,-4.05913544,-0.0499285758,-0.926646948,-0.0366885178,-0.370791703
26921921460353,58523,-1.34866226,0.175714031,-4.04258347,-0.0492715985,-0.933087945,-0.041077923,-0.35388115
26921938114468,58539,-1.34459579,0.174978539,-4.02800035,-0.0485732816,-0.939076245,-0.0462629683,-0.337099582
26921955030665,58555,-1.34065664,0.174051061,-4.01346493,-0.0475194529,-0.944975138,-0.0517750122,-0.319504797
26921971446551,58572,-1.3370055,0.172650427,-3.9977181,-0.0464742631,-0.95069164,-0.0565026477,-0.301385373
26921988114259,58589,-1.33344853,0.170787424,-3.98179078,-0.0450933576,-0.955922067,-0.0589039773,-0.284095019
26922004791238,58605,-1.33066249,0.168482468,-3.96637893,-0.0430508032,-0.96057111,-0.0586910211,-0.268337876
26922021465561,58621,-1.32844567,0.165756255,-3.95075846,-0.0403560586,-0.964901447,-0.0561663769,-0.253341436
26922038146499,58638,-1.32587159,0.162766874,-3.93408132,-0.0371185131,-0.968974829,-0.0519407466,-0.238772362
26922054780353,58655,-1.32178211,0.160067201,-3.91774035,-0.0340714827,-0.972455442,-0.047464624,-0.225647345
26922071450717,58671,-1.31785464,0.157737404,-3.90251088,-0.0312739611,-0.975597441,-0.0433993824,-0.21295096
26922088131342,58688,-1.314942,0.155445158,-3.88615108,-0.028078733,-0.979078114,-0.0395334437,-0.197622806
26922104783217,58704,-1.31259108,0.15348357,-3.8708415,-0.024805434,-0.982342005,-0.0364334993,-0.181828424
26922121451447,58720,-1.31033099,0.151623294,-3.85562921,-0.0213167798,-0.985306501,-0.0341274552,-0.165988103
26922138112853,58738,-1.30791473,0.149784938,-3.83873105,-0.0170772634,-0.988037288,-0.0327333882,-0.149730697
26922154781082,58754,-1.30587363,0.148387909,-3.82373571,-0.0130421035,-0.989853799,-0.032768283,-0.137643158
26922171472853,58770,-1.30379093,0.147123545,-3.80875659,-0.00943144783,-0.991134524,-0.0342243165,-0.128031731
26922188144155,58787,-1.30170095,0.145989478,-3.79285383,-0.00691342819,-0.992104232,-0.0372011326,-0.119571999
26922204939051,58804,-1.30004478,0.145130157,-3.77690816,-0.00607424043,-0.992904186,-0.041281838,-0.111356445
26922221446030,58820,-1.29922962,0.144608185,-3.76212025,-0.00698567787,-0.993521273,-0.0460804328,-0.103650145
26922238230613,58837,-1.29896879,0.144428819,-3.74662471,-0.00956154987,-0.993964136,-0.0516451113,-0.0963153169
26922254796030,58853,-1.29935479,0.144580841,-3.73209763,-0.0122696059,-0.994219065,-0.0564063005,-0.0905328169
26922271444467,58870,-1.30030954,0.14501287,-3.71671033,-0.014415253,-0.994368076,-0.0602042787,-0.0860221833
26922288125822,58887,-1.30145216,0.145537496,-3.70140171,-0.0155461105,-0.994448602,-0.0615592934,-0.0839098617
26922304798374,58903,-1.30317581,0.145819679,-3.68706012,-0.0156756062,-0.994490683,-0.060127575,-0.0844233111
26922321454311,58919,-1.30536735,0.145970166,-3.67282867,-0.0148129323,-0.994457185,-0.0568136089,-0.0872222781
26922338141655,58936,-1.30803013,0.146014243,-3.65809536,-0.0129360035,-0.994256973,-0.0519575588,-0.0926615745
26922354776863,58953,-1.31137931,0.146015823,-3.64360666,-0.0108835148,-0.993781507,-0.0463995747,-0.1006326
26922371447384,58969,-1.31548393,0.146000594,-3.63019419,-0.00916648377,-0.993082464,-0.0413044132,-0.109531917
26922389101759,58987,-1.32115972,0.145802543,-3.6156776,-0.00774839707,-0.992082477,-0.0361214653,-0.120031513
26922404993478,59002,-1.3265605,0.14553459,-3.60398269,-0.00750799663,-0.991072059,-0.0324638933,-0.129096746
26922421447176,59019,-1.33356905,0.14516823,-3.59118748,-0.00820784084,-0.989692926,-0.0295620933,-0.139881045
26922439566551,59037,-1.3414619,0.14488548,-3.57819796,-0.00963056739,-0.987872779,-0.0279620346,-0.152422935
26922454758165,59052,-1.34870088,0.144593775,-3.56786895,-0.0110962037,-0.986014068,-0.026816437,-0.164116129
26922471449467,59068,-1.35686791,0.144231468,-3.55714154,-0.0128321135,-0.983530283,-0.0247826818,-0.178576067
26922488110249,59086,-1.36656582,0.143648297,-3.54528689,-0.0150309689,-0.979772806,-0.0210929364,-0.198430166
26922504781082,59101,-1.37509716,0.142922565,-3.53559518,-0.0171566661,-0.975583375,-0.0169714913,-0.218299747
26922521461863,59118,-1.38486135,0.142134443,-3.52482319,-0.0199435763,-0.969539464,-0.0121156638,-0.24382095
26922538110926,59134,-1.39503872,0.141388908,-3.51490688,-0.0233666506,-0.962881148,-0.0081495475,-0.268788964
26922554785457,59151,-1.40613317,0.140605211,-3.50476646,-0.0283053052,-0.95526123,-0.00481394259,-0.294366509
26922571443165,59168,-1.41720152,0.139861092,-3.49523807,-0.0350174978,-0.947313845,-0.00286724931,-0.318374246
26922588122071,59185,-1.42913568,0.139017761,-3.48632741,-0.0435045846,-0.939038694,-0.00254704035,-0.341038555
26922604778738,59201,-1.44053161,0.138180837,-3.47848773,-0.0522321798,-0.930919826,-0.00362563157,-0.361451149
26922621503373,59217,-1.45147657,0.137041867,-3.47144198,-0.060507644,-0.922379851,-0.00618360331,-0.381465733
26922639367905,59236,-1.46460354,0.135556638,-3.46350074,-0.0692131668,-0.911437869,-0.0108720642,-0.405428678
26922654782176,59251,-1.47564709,0.134425238,-3.4571445,-0.0755921304,-0.902280807,-0.0151925972,-0.424198568
26922671446811,59267,-1.48768342,0.133086413,-3.45053411,-0.0820282251,-0.892404497,-0.0200937893,-0.443262875
26922688126186,59283,-1.49981546,0.131546453,-3.44417644,-0.0881279632,-0.882762015,-0.025416173,-0.460780531
26922704788321,59301,-1.51361597,0.129479781,-3.43723774,-0.094298102,-0.872660995,-0.0317217372,-0.478084207
26922721899259,59317,-1.52623117,0.127693415,-3.43097258,-0.0983330384,-0.864808917,-0.0372449867,-0.490967482
26922738146394,59333,-1.53862596,0.125706807,-3.42485809,-0.100351848,-0.857972622,-0.0425670557,-0.501996517
26922754799051,59350,-1.5518297,0.123545431,-3.41815424,-0.100578457,-0.851532519,-0.0475356169,-0.51236397
26922771448321,59367,-1.56515503,0.121289104,-3.41096234,-0.0991030931,-0.846007764,-0.0514599979,-0.521345735
26922788110665,59383,-1.57763124,0.118997358,-3.40391827,-0.0962611809,-0.841672242,-0.0545878597,-0.528528035
26922804937019,59400,-1.59100235,0.116531178,-3.39619184,-0.0921823233,-0.837969065,-0.0574087128,-0.534803331
26922821573061,59416,-1.60330176,0.113981329,-3.38891912,-0.0876157731,-0.835317075,-0.0594037361,-0.539481342
26922838132436,59433,-1.61633265,0.111375116,-3.38097477,-0.0823578164,-0.833028674,-0.060952086,-0.543659151
26922854780300,59450,-1.62907457,0.108651832,-3.37289882,-0.0773482695,-0.830925405,-0.0619663075,-0.54748559
26922871445821,59466,-1.64073217,0.105930954,-3.36523604,-0.0730137378,-0.829001844,-0.06243857,-0.550932407
26922888334936,59482,-1.65219152,0.103230581,-3.35731316,-0.0687936172,-0.826975107,-0.0627737194,-0.55447197
26922904842280,59499,-1.66373456,0.100189716,-3.34859681,-0.0643259957,-0.824478149,-0.0630733445,-0.558676839
26922921449832,59515,-1.67404497,0.0974286199,-3.34001684,-0.0602055863,-0.821789384,-0.063473843,-0.56303519
26922938115353,59533,-1.68491673,0.0944119096,-3.32997704,-0.0562323406,-0.81885469,-0.0648029447,-0.567552209
26922954784207,59549,-1.69404745,0.0919250324,-3.32075047,-0.0538611077,-0.817302465,-0.0670495182,-0.569754362
26922971489832,59565,-1.70246828,0.0896162465,-3.31135654,-0.0525981709,-0.817408979,-0.0701557025,-0.569345474
26922988117332,59582,-1.71069753,0.0873670354,-3.3011024,-0.0521486625,-0.819305956,-0.0739164948,-0.56617552
26923004778321,59599,-1.71839011,0.0854519531,-3.29040861,-0.0521788225,-0.822772622,-0.0773472711,-0.560660422
26923021454259,59615,-1.72481692,0.0837897658,-3.27991438,-0.0522929318,-0.827090979,-0.0798912793,-0.553898335
26923038111707,59631,-1.73064303,0.0823722854,-3.26865029,-0.0521831028,-0.832048535,-0.0815014392,-0.546195626
26923055414988,59649,-1.73644066,0.0809088498,-3.25500798,-0.051550027,-0.83794868,-0.0818238705,-0.537112117
26923071452280,59665,-1.74087644,0.0795817673,-3.24209023,-0.0506910458,-0.84308362,-0.0811939836,-0.529195666
26923088127280,59681,-1.74473333,0.0782869905,-3.22839546,-0.049685359,-0.848331869,-0.0800193623,-0.521019578
26923104882436,59698,-1.74824715,0.0769136399,-3.21315837,-0.048524458,-0.854437053,-0.0786308497,-0.511272788
26923121459623,59714,-1.75121176,0.0755465031,-3.19826293,-0.0474756248,-0.860943139,-0.0776566193,-0.500492275
26923138331290,59731,-1.75391138,0.0738737732,-3.18204546,-0.0461867861,-0.868850231,-0.0772775561,-0.486820608
26923154944363,59748,-1.75636458,0.0721457079,-3.16541052,-0.0440782532,-0.877741992,-0.077279523,-0.470801622
26923171455977,59764,-1.75812185,0.0703205541,-3.14942718,-0.0413070843,-0.886401653,-0.0774640217,-0.454516411
26923188151602,59780,-1.75967109,0.0683479756,-3.1330719,-0.0375482403,-0.895138562,-0.0770173594,-0.437476248
26923204779884,59798,-1.7616564,0.0661722869,-3.11410999,-0.0313060246,-0.904889226,-0.0750281364,-0.417811334
26923221453842,59814,-1.76323628,0.0640389472,-3.09684372,-0.0248360764,-0.912736237,-0.0717998743,-0.401423246
26923238133165,59830,-1.76488268,0.0617197528,-3.07892275,-0.0186814703,-0.919505775,-0.0671581179,-0.386846125
26923254780613,59847,-1.76630843,0.058937557,-3.05954814,-0.0129054487,-0.925796747,-0.0621058792,-0.372661889
26923271475561,59864,-1.76774824,0.0560211167,-3.04001498,-0.00777420355,-0.931620419,-0.0583493263,-0.358634055
26923288112748,59880,-1.76946032,0.0535284542,-3.02143955,-0.00368535495,-0.936565459,-0.0569575317,-0.345814258
26923304795769,59896,-1.77103186,0.0512854196,-3.00300384,-0.00116305926,-0.940609992,-0.0582502186,-0.33445254
26923321450977,59913,-1.77279198,0.0492359139,-2.98348737,-0.000277143845,-0.943911314,-0.0625907183,-0.324212611
26923338111238,59930,-1.77448928,0.0474280752,-2.96417713,-0.000833371188,-0.946350098,-0.0693566948,-0.315611333
26923354833686,59946,-1.77622771,0.0459519885,-2.94596457,-0.00239576097,-0.947950065,-0.0768389255,-0.308999538
26923371447384,59963,-1.77822781,0.0445610136,-2.92647481,-0.00503983349,-0.948939741,-0.0846638083,-0.303842098
26923388123425,59979,-1.78006601,0.0433584973,-2.90818405,-0.00838943757,-0.949216962,-0.0911914483,-0.301000088
26923404782071,59996,-1.78226471,0.0422141254,-2.88876748,-0.0128953196,-0.949020803,-0.0966220498,-0.299762487
26923421446967,60013,-1.78467143,0.0410216078,-2.86961007,-0.0179480556,-0.948830903,-0.0996623933,-0.299107581
26923438117384,60029,-1.78714895,0.0398836397,-2.85176063,-0.0227881614,-0.948826909,-0.100792475,-0.298411012
26923454777227,60046,-1.78977466,0.0385382362,-2.8332386,-0.0274988823,-0.949038386,-0.100717254,-0.297365069
26923471445613,60062,-1.79238772,0.0372012667,-2.81630373,-0.0308337342,-0.949286401,-0.0997930765,-0.296557069
26923488114988,60079,-1.79551744,0.0357926637,-2.79869437,-0.0329286158,-0.949185491,-0.098402448,-0.297118813
26923504785404,60095,-1.79856777,0.0341992453,-2.78253889,-0.0334957428,-0.948493779,-0.0971572921,-0.299663335
26923521445196,60112,-1.80195713,0.032090161,-2.76576447,-0.0325471386,-0.947186649,-0.0963926241,-0.30411616
26923538112071,60129,-1.80549407,0.0293925144,-2.74972939,-0.0300369933,-0.945646644,-0.0961357951,-0.309205651
26923554785925,60145,-1.80913699,0.0264087506,-2.73513699,-0.0268448777,-0.944075227,-0.0964508653,-0.314163387
26923571450613,60161,-1.8132236,0.0230969228,-2.72096086,-0.0236308072,-0.942393839,-0.0976228938,-0.319069326
26923588115977,60178,-1.81798112,0.0191538706,-2.70666671,-0.020600196,-0.940692961,-0.0998078734,-0.323590398
26923604780925,60195,-1.8231988,0.0147435144,-2.69311523,-0.0179923885,-0.939339757,-0.103332892,-0.32655713
26923621473477,60211,-1.82849157,0.0102409609,-2.68108606,-0.0158489197,-0.9385764,-0.107962713,-0.327364057
26923638152956,60227,-1.83403873,0.00559363514,-2.6697135,-0.0141613986,-0.938133359,-0.113674372,-0.326777399
26923654864050,60245,-1.84051883,0.000224858522,-2.65753531,-0.0134204812,-0.937498391,-0.121208861,-0.325921893
26923671448790,60261,-1.84642601,-0.00464219972,-2.64712167,-0.0136345048,-0.936515331,-0.12854366,-0.325929105
26923688110300,60277,-1.852337,-0.00970831141,-2.63709044,-0.0141639672,-0.935015678,-0.1359898,-0.327187866
26923704785196,60294,-1.85863817,-0.0154046752,-2.62667346,-0.0144583238,-0.932874441,-0.143424645,-0.330099642
26923721445925,60311,-1.86490321,-0.0212551504,-2.61616588,-0.0140323583,-0.930200517,-0.149942249,-0.334734827
26923738113894,60327,-1.8706888,-0.0267412513,-2.60622406,-0.0126672173,-0.9273054,-0.155143112,-0.340404183
26923754780352,60344,-1.87657487,-0.0324741602,-2.59559941,-0.0103274155,-0.923915207,-0.159923941,-0.347416669
26923771445352,60360,-1.88173842,-0.0378921218,-2.58571386,-0.00732125388,-0.920600832,-0.163990647,-0.354327023
26923788130717,60376,-1.88674188,-0.0431751795,-2.57574606,-0.00385611085,-0.917448401,-0.167846084,-0.36069566
26923804794467,60394,-1.89249337,-0.0488361456,-2.56415057,-0.000217711058,-0.914393246,-0.171727136,-0.366598934
26923821581863,60410,-1.89766383,-0.0536762625,-2.55359173,0.00206676568,-0.912156045,-0.174642846,-0.370765328
26923838119050,60427,-1.90291584,-0.058461301,-2.54217744,0.00309583335,-0.910286844,-0.177270085,-0.374090374
26923854783738,60443,-1.90775132,-0.0626705885,-2.53119445,0.00259425631,-0.908996165,-0.179445803,-0.3761895
26923871462123,60460,-1.91276145,-0.0668412745,-2.51923609,0.000647276698,-0.908053577,-0.181499094,-0.377486974
26923888110248,60476,-1.91726768,-0.070273295,-2.50765371,-0.00223844592,-0.907519341,-0.183166996,-0.377959728
26923904794102,60492,-1.92159796,-0.0732121095,-2.49571657,-0.00593620073,-0.907256246,-0.184566692,-0.37787047
26923921447331,60510,-1.92607546,-0.0760393143,-2.48195744,-0.0108169196,-0.907288253,-0.185898423,-0.377031654
26923938110144,60526,-1.92970312,-0.0780109763,-2.46942401,-0.015562146,-0.907701552,-0.187083408,-0.375280589
26923954814779,60543,-1.93312359,-0.0792292953,-2.45592237,-0.0211516637,-0.90854466,-0.188699052,-0.372145146
26923971444831,60559,-1.93586838,-0.0795778781,-2.44303727,-0.0274470318,-0.909660399,-0.19044745,-0.368095636
26923988491342,60575,-1.93817782,-0.0795359761,-2.42971182,-0.035062585,-0.911064088,-0.192318976,-0.362968862
26924004781238,60593,-1.94021463,-0.0788514987,-2.41454482,-0.044863198,-0.91321224,-0.194373921,-0.355316073
26924021535092,60609,-1.94151378,-0.0775359869,-2.40109563,-0.0541286245,-0.915696502,-0.196173936,-0.346534044
26924038397019,60624,-1.94221747,-0.0758572966,-2.38840938,-0.0630168244,-0.91837585,-0.197789237,-0.336889029
26924054778581,60642,-1.94225633,-0.0734805092,-2.373245,-0.0734949633,-0.921822727,-0.19951354,-0.324092358
26924071915665,60658,-1.94165361,-0.0708522946,-2.35975313,-0.0821034834,-0.925059676,-0.200624466,-0.311887026
26924088130560,60675,-1.94022739,-0.06752453,-2.34543896,-0.0901023373,-0.928793192,-0.200919062,-0.298087925
26924104803581,60691,-1.93808305,-0.0642263964,-2.33215094,-0.0965009108,-0.932525754,-0.200316504,-0.284528822
26924121445769,60708,-1.93538237,-0.0606329516,-2.31803751,-0.102405533,-0.936540782,-0.198731825,-0.270018846
26924138108529,60725,-1.93222153,-0.0571187735,-2.30383778,-0.108020611,-0.940404952,-0.196008906,-0.256028622
26924154783373,60741,-1.92878139,-0.0538791567,-2.2907753,-0.113227136,-0.943880141,-0.192395791,-0.243421122
26924171444987,60757,-1.92487013,-0.0507105812,-2.27811813,-0.118333399,-0.947188258,-0.188081026,-0.231208131
26924188126915,60775,-1.92000234,-0.0473837033,-2.26421595,-0.124280132,-0.950594783,-0.183011428,-0.217786178
26924205192487,60791,-1.91538668,-0.04471552,-2.2520349,-0.129778937,-0.953322649,-0.178700805,-0.20591116
26924221452435,60807,-1.91036499,-0.0422776155,-2.2400291,-0.135269448,-0.955767512,-0.175000846,-0.193869278
26924238679779,60824,-1.90484691,-0.0397984497,-2.22770333,-0.140974686,-0.958117604,-0.171850696,-0.180566326
26924254891185,60841,-1.89911509,-0.0374751091,-2.21570134,-0.146296531,-0.960354984,-0.16914843,-0.166446835
26924271443529,60857,-1.8935082,-0.0355388857,-2.20468497,-0.150943592,-0.962312937,-0.166896656,-0.152693823
26924288133946,60873,-1.88769007,-0.0339014307,-2.19403386,-0.155400038,-0.964068532,-0.164816171,-0.138774544
26924304803842,60890,-1.88133729,-0.0326054506,-2.18290615,-0.160336241,-0.965642035,-0.162733033,-0.123878203
26924321450248,60907,-1.87507224,-0.0318265408,-2.17185354,-0.166240737,-0.966722548,-0.161018431,-0.109016813
26924338113790,60923,-1.86911535,-0.0314728357,-2.16171694,-0.173473343,-0.967089236,-0.159829497,-0.0953935459
26924354794727,60940,-1.86291683,-0.0316254199,-2.15088511,-0.183409378,-0.966650009,-0.159024775,-0.0816085935
26924371514883,60956,-1.8573544,-0.0322542042,-2.14030981,-0.194937795,-0.965382993,-0.158824086,-0.0693537295
26924388113789,60973,-1.85145271,-0.0333550163,-2.12894487,-0.209049061,-0.963159025,-0.159309819,-0.0569518805
26924404780196,60990,-1.84548306,-0.0349882543,-2.11745667,-0.224185303,-0.960228562,-0.160229623,-0.0450402275
26924421457383,61006,-1.83979809,-0.036892917,-2.10642552,-0.238455907,-0.957036436,-0.161328927,-0.0345402174
26924438110977,61022,-1.83407164,-0.0389282927,-2.09538031,-0.251952529,-0.953674734,-0.162458077,-0.0251382906
26924454789935,61040,-1.82757723,-0.0411361009,-2.08290458,-0.26561591,-0.949979663,-0.163496122,-0.0159947351
26924471454258,61056,-1.82171476,-0.0431388952,-2.07167149,-0.276359409,-0.946869314,-0.164261714,-0.00905905943
26924488623946,61072,-1.81576908,-0.0451721288,-2.06019902,-0.286328316,-0.943868637,-0.164673194,-0.00328850746
26924504833894,61089,-1.80934095,-0.0473170541,-2.04762983,-0.297018081,-0.940689981,-0.163952023,0.00154665508
26924521445821,61106,-1.80287635,-0.0495144837,-2.03483129,-0.308498919,-0.937359035,-0.161735728,0.00530388113
26924538131394,61122,-1.79681158,-0.0516028926,-2.02246189,-0.319726378,-0.934081256,-0.158716425,0.00873929914
26924554797331,61138,-1.7908082,-0.0536554828,-2.00994134,-0.330973208,-0.930674851,-0.15537408,0.0126512069
26924571495977,61155,-1.78441489,-0.0555796325,-1.99645174,-0.343494892,-0.926632226,-0.151919112,0.0168702602
26924588190821,61172,-1.77792573,-0.0572554842,-1.98273087,-0.357795805,-0.921639502,-0.148813143,0.0204349123
26924604798269,61188,-1.77178419,-0.0587449968,-1.96976638,-0.373798519,-0.915599048,-0.146388844,0.0228802525
26924621449935,61205,-1.76519692,-0.0601673499,-1.955742,-0.393541485,-0.907559276,-0.144352302,0.0249751043
26924638116810,61221,-1.75902534,-0.0613164157,-1.94232786,-0.414529651,-0.898352206,-0.142921716,0.0264936369
26924654786550,61238,-1.75224078,-0.0622666478,-1.92792487,-0.440322071,-0.886203945,-0.141543031,0.0269211717
26924671479935,61255,-1.74527025,-0.0628147721,-1.91331398,-0.470717281,-0.870760798,-0.139707834,0.0261255391
26924688111081,61271,-1.73860729,-0.0627594665,-1.89952159,-0.502988577,-0.852906406,-0.137492329,0.0254780129
26924704855612,61287,-1.73168445,-0.0621605441,-1.8859005,-0.537421823,-0.832021832,-0.135132521,0.0256267898
26924721445196,61305,-1.72364831,-0.0610510334,-1.87077558,-0.577209651,-0.805414259,-0.132092386,0.0262400396
26924738111810,61321,-1.71615613,-0.0599511229,-1.85765898,-0.612230182,-0.779685259,-0.128669426,0.0266342461
26924754821602,61337,-1.70852578,-0.0587169491,-1.84470105,-0.645812571,-0.752787292,-0.124633595,0.0265294053
26924771573321,61354,-1.70025229,-0.0573616475,-1.83099306,-0.678662479,-0.72412467,-0.119990692,0.0257499143
26924788323008,61370,-1.69219625,-0.0563175194,-1.81830406,-0.705892503,-0.698409855,-0.115494192,0.0245069582
26924804778268,61387,-1.68366921,-0.0554930978,-1.80482209,-0.729817808,-0.674275696,-0.110342294,0.0232995655
26924821519935,61404,-1.67539811,-0.0550095886,-1.79124188,-0.747524142,-0.655553102,-0.104510546,0.0231412891
26924838178529,61420,-1.66765022,-0.0548059121,-1.77893221,-0.758478463,-0.643801272,-0.0982581005,0.023995664
26924854782904,61436,-1.65974426,-0.0548733398,-1.76724386,-0.764539897,-0.637528658,-0.0913197249,0.0263957009
26924871454362,61453,-1.65155852,-0.0549529456,-1.75499475,-0.766035914,-0.636513472,-0.0840787366,0.0311517529
26924888112435,61470,-1.64372039,-0.0548950098,-1.742764,-0.763019025,-0.640579939,-0.077778548,0.0375481248
26924904779310,61487,-1.63594604,-0.0547680259,-1.73078513,-0.75600177,-0.649061859,-0.0720536038,0.0445914008
26924921505248,61503,-1.62855422,-0.0545601249,-1.71989799,-0.746270537,-0.66036582,-0.066561006,0.0506649762
26924938117591,61519,-1.62086511,-0.054377757,-1.70932472,-0.733917236,-0.674180269,-0.0614789389,0.0553782061
26924954844258,61536,-1.61239326,-0.0541223027,-1.69831872,-0.718308389,-0.690858483,-0.0572212823,0.0589357466
26924971447435,61553,-1.60343075,-0.0538841709,-1.68734217,-0.701013446,-0.708434582,-0.0538081862,0.0616873726
26924988115925,61569,-1.59458935,-0.053557694,-1.67698419,-0.683522463,-0.725289762,-0.0507799685,0.0646013096
26925004823008,61585,-1.58553946,-0.0530202761,-1.66659641,-0.664638281,-0.742528796,-0.0472657047,0.0683590323
26925021553320,61603,-1.57490695,-0.0523200892,-1.65475786,-0.640992343,-0.762797296,-0.0419254117,0.0742398873
26925038825873,61620,-1.56464815,-0.0516571514,-1.64340818,-0.61509186,-0.783431292,-0.0352268703,0.0815880448
26925054776914,61635,-1.55516171,-0.0512342528,-1.63334608,-0.588486791,-0.803087592,-0.028193973,0.089100033
26925071459206,61651,-1.54473948,-0.050860256,-1.6226331,-0.55474323,-0.825996697,-0.0197671596,0.0979726538
26925088142279,61669,-1.53242993,-0.0506033972,-1.61082971,-0.510143816,-0.853330255,-0.00966054667,0.107179545
26925104800300,61685,-1.52066565,-0.0504665226,-1.60063756,-0.465181082,-0.877827406,-0.00132756401,0.114121556
26925121446914,61701,-1.50849938,-0.0503441133,-1.59061027,-0.415823609,-0.901404381,0.00554749463,0.120541126
26925138165352,61719,-1.49406326,-0.0501324125,-1.57971728,-0.356947005,-0.925500512,0.0109730046,0.126163691
26925154785925,61735,-1.48085332,-0.0495917872,-1.57030475,-0.30424729,-0.94372952,0.0138173159,0.128907874
26925171478216,61752,-1.46643889,-0.0484201536,-1.56058002,-0.25037697,-0.959272802,0.014746544,0.129960403
26925188119466,61768,-1.45274222,-0.046750024,-1.55173576,-0.203602269,-0.970272422,0.013742405,0.130110145
26925204777956,61784,-1.43923461,-0.0447580367,-1.54318368,-0.162082195,-0.978097618,0.0114820376,0.130087137
26925221546498,61801,-1.42503738,-0.0423086882,-1.53439844,-0.124547161,-0.983641863,0.00843621884,0.129867882
26925238115612,61818,-1.41149819,-0.0394637696,-1.52567172,-0.0939144418,-0.987163007,0.00514559913,0.129084259
26925254794258,61834,-1.39897943,-0.0364087708,-1.51763916,-0.0710011348,-0.989273965,0.00173757144,0.127644017
26925271449727,61850,-1.38682878,-0.033059366,-1.50979376,-0.0529339239,-0.990661621,-0.0023651456,0.125626549
26925288116654,61868,-1.37372935,-0.0290588513,-1.50116932,-0.0372298211,-0.99168992,-0.00772791868,0.122903608
26925304822539,61884,-1.36206543,-0.0251014307,-1.49380028,-0.0266604144,-0.992320299,-0.0132350214,0.120061047
26925321455300,61900,-1.35069072,-0.0206764787,-1.48655415,-0.0185146257,-0.9927423,-0.0194107872,0.11723154
26925338119154,61917,-1.33847582,-0.0153735727,-1.47856736,-0.0115332296,-0.992916405,-0.0262054466,0.115313731
26925354790664,61934,-1.32652187,-0.0095837228,-1.47071135,-0.00571386749,-0.992808819,-0.0322054774,0.115155339
26925371466497,61950,-1.31550026,-0.003940925,-1.46370232,-0.00112319237,-0.992498934,-0.0358479433,0.116874389
26925388165091,61967,-1.30396736,0.00209184736,-1.45628858,0.00309073133,-0.99195677,-0.036435321,0.121180609
26925404780143,61983,-1.29373276,0.00773691386,-1.44923019,0.00658981455,-0.991237879,-0.0337167494,0.127543136
26925421519518,61999,-1.28365517,0.0133028589,-1.44198322,0.00969174504,-0.99032712,-0.0282672774,0.13549611
26925438548372,62017,-1.27277827,0.0193435885,-1.43417573,0.012546611,-0.989121258,-0.0199205074,0.145206437
26925454779883,62033,-1.26321399,0.0242834911,-1.42755413,0.0143670551,-0.987924099,-0.011855185,0.153814957
26925471472331,62049,-1.25405324,0.0290206727,-1.42138124,0.0153858801,-0.986688137,-0.00438674027,0.161835045
26925488369570,62066,-1.24507809,0.0338964872,-1.41539979,0.0154318465,-0.985449612,0.00225839857,0.16925095
26925504948789,62082,-1.23692691,0.038141571,-1.41011572,0.0141050145,-0.984427631,0.00695175352,0.175085902
26925521452956,62099,-1.22900879,0.0423289686,-1.40513396,0.0109891882,-0.983522117,0.00995121244,0.180179074
26925538113529,62116,-1.22125697,0.0459515452,-1.40044832,0.00592463138,-0.982755125,0.0114969229,0.184459344
26925554800977,62132,-1.21399546,0.0488636643,-1.39615405,-0.000699951663,-0.982037842,0.0127613386,0.188250914
26925571445768,62148,-1.20700431,0.051370088,-1.39187801,-0.00928936619,-0.981190562,0.0146736186,0.192258731
26925588128216,62166,-1.1993897,0.0536160097,-1.38712168,-0.0207346696,-0.979964614,0.0178815834,0.197281063
26925604784049,62182,-1.19275475,0.0550167076,-1.38296402,-0.0314305201,-0.97865206,0.0216167122,0.201953068
26925621453945,62198,-1.1860218,0.0558458827,-1.37876415,-0.0415212065,-0.97725147,0.0256437678,0.20639272
26925638145820,62215,-1.1787858,0.0563650653,-1.3746134,-0.0503090881,-0.975843668,0.0294767711,0.210545376
26925654777747,62232,-1.17105889,0.0562726408,-1.37029731,-0.0556923598,-0.974768579,0.0321349911,0.213756606
26925671461289,62248,-1.16342628,0.0556839332,-1.36635435,-0.0568484478,-0.974242747,0.0331391059,0.215687707
26925688118008,62265,-1.15482056,0.0544355139,-1.36232102,-0.053886272,-0.974250793,0.0321008377,0.216567039
26925704782435,62281,-1.1464088,0.0527366474,-1.3586334,-0.0472821333,-0.974623859,0.0287478864,0.216901705
26925721448320,62298,-1.13761282,0.0507215858,-1.35511971,-0.0367339849,-0.975140452,0.0224858299,0.217362031
26925738111341,62314,-1.12910903,0.0484704822,-1.35176408,-0.0247762855,-0.975575268,0.0143966451,0.217788562
26925754949101,62331,-1.11989748,0.0458710156,-1.34835851,-0.0115313483,-0.975823045,0.00428441539,0.218215898
26925771473893,62347,-1.11107218,0.0430833474,-1.34502625,0.000351819297,-0.9756791,-0.00576724531,0.219127804
26925788110351,62364,-1.10153461,0.0397539586,-1.34116828,0.0112144435,-0.975071669,-0.0157593358,0.221045747
26925804781341,62381,-1.09202862,0.0361996964,-1.33718848,0.0194116086,-0.974193513,-0.0237289388,0.223622769
26925821461810,62397,-1.08303165,0.0325450227,-1.3332566,0.0242477823,-0.973422945,-0.0289620031,0.225878477
26925838133737,62413,-1.07375968,0.0287670977,-1.32907462,0.0261691287,-0.972937405,-0.0324120708,0.227282837
26925854780716,62431,-1.06298864,0.0241738446,-1.32389855,0.0253950357,-0.972718418,-0.0349180065,0.227935746
26925871447122,62447,-1.05316257,0.0200719573,-1.31923044,0.0225308351,-0.972663343,-0.0365232937,0.22822015
26925888097487,62463,-1.04309416,0.0163189694,-1.314767,0.0176081639,-0.97258997,-0.0383907668,0.228659078
26925904786810,62480,-1.032287,0.0126488954,-1.3100996,0.0105005931,-0.972315609,-0.0409879424,0.229808941
26925921444362,62497,-1.0215925,0.00946563482,-1.30540133,0.00195938721,-0.971716464,-0.0440306887,0.232001543
26925938111289,62513,-1.01175618,0.00684860721,-1.30091465,-0.00675857719,-0.970803022,-0.0469600819,0.235139623
26925954816549,62529,-1.00208962,0.00456371158,-1.29648829,-0.015293627,-0.969632089,-0.0497056916,0.238975137
26925971448528,62546,-0.991684735,0.0025748089,-1.29195905,-0.0237629618,-0.968391538,-0.0522606261,0.242738709
26925988112018,62563,-0.981095314,0.0011543408,-1.28754544,-0.0310196634,-0.967329502,-0.0540594496,0.245742023
26926004791237,62579,-0.9712345,0.000362381339,-1.28349864,-0.0364458114,-0.966515839,-0.0549623556,0.247987986
26926021526966,62596,-0.961069047,-2.67699361e-05,-1.27934301,-0.0412613489,-0.965840697,-0.0552402101,0.249795541
26926038138164,62612,-0.951681316,-6.2610954e-05,-1.27546155,-0.0453629792,-0.965332747,-0.0547659025,0.251148701
26926054790351,62629,-0.941806197,0.000245343894,-1.27133727,-0.0495674089,-0.96485728,-0.0539469458,0.252355456
26926071446497,62646,-0.932041705,0.00102429464,-1.26737094,-0.0541222617,-0.964301825,-0.0536575504,0.253601521
26926088117799,62662,-0.922993422,0.0022200942,-1.26376092,-0.0583486594,-0.963498175,-0.0537524447,0.255690038
26926104782330,62678,-0.91405195,0.00377158076,-1.26023996,-0.0621766113,-0.962444186,-0.0538021773,0.258729041
26926121444674,62696,-0.903986692,0.00575824082,-1.25648487,-0.0663400441,-0.961238563,-0.0532711819,0.262262523
26926138108424,62712,-0.895049155,0.0075423196,-1.25322843,-0.0699411556,-0.960128725,-0.0519667417,0.265632421
26926154791497,62728,-0.886325836,0.00932138041,-1.25013638,-0.0732951313,-0.958792746,-0.0502361879,0.269853294
26926171490403,62744,-0.877935708,0.0112115107,-1.24727452,-0.0765291229,-0.95715028,-0.0485812053,0.275039196
26926188121133,62762,-0.868678808,0.0134760104,-1.24444413,-0.0798857734,-0.955021858,-0.0464608781,0.281767577
26926204776914,62778,-0.86044538,0.0154972412,-1.24239302,-0.082530044,-0.953058004,-0.0441734008,0.287955105
26926221454466,62794,-0.852216423,0.0176177323,-1.24088919,-0.0849908441,-0.951028585,-0.0418268889,0.294231027
26926238128997,62811,-0.843492806,0.0201122537,-1.24003077,-0.0873307139,-0.948607922,-0.0393779352,0.301605433
26926254778216,62828,-0.834753633,0.0228680447,-1.23983884,-0.0892551467,-0.945734024,-0.0366896018,0.310281724
26926271454778,62844,-0.82647264,0.0257003643,-1.24035394,-0.0910006166,-0.942528784,-0.0334867761,0.319745362
26926288122226,62861,-0.817608833,0.0288377367,-1.24151587,-0.0926730409,-0.938483596,-0.028746143,0.331412137
26926304788164,62877,-0.809262455,0.0318315253,-1.24311221,-0.093748033,-0.934023082,-0.0229593925,0.343926042
26926321449830,62894,-0.800515831,0.0349834003,-1.24542439,-0.0942115486,-0.928665042,-0.0156318136,0.358414799
26926338106653,62911,-0.791850328,0.0379546732,-1.24819696,-0.0938514248,-0.922764599,-0.00727624074,0.373690397
26926354826393,62927,-0.783764362,0.0405435339,-1.25111485,-0.092716746,-0.91677314,0.00114567752,0.388496369
26926371447487,62943,-0.775702953,0.0429752246,-1.25424433,-0.0909058601,-0.910406113,0.00953420997,0.403492272
26926388116549,62961,-0.766866446,0.0454676859,-1.25804198,-0.0881978795,-0.902791917,0.0184054896,0.420534402
26926404832122,62977,-0.759438336,0.0474432334,-1.26167417,-0.0852051154,-0.895529985,0.0253315456,0.436032742
26926421466080,62993,-0.752351522,0.0492309742,-1.26547945,-0.0817597732,-0.887668729,0.0310093425,0.452104062
26926439078268,63010,-0.745196521,0.0509394109,-1.26968253,-0.0779104009,-0.878611028,0.0359283648,0.469767869
26926454781810,63027,-0.738421142,0.0525131822,-1.27409577,-0.0740357712,-0.868735313,0.0403909013,0.488043398
26926471455872,63043,-0.732421517,0.0537780076,-1.27829945,-0.0705045313,-0.85866642,0.0443154648,0.50572443
26926488143841,63059,-0.72685498,0.0546928011,-1.2824173,-0.0671608895,-0.84786129,0.047906898,0.523760974
26926504781914,63076,-0.721433043,0.0554459095,-1.28676558,-0.0637553558,-0.835667431,0.0512632094,0.543109
26926521462330,63093,-0.716518521,0.056118641,-1.29110408,-0.0607501678,-0.822931468,0.0539134294,0.562304676
26926538128164,63109,-0.712338686,0.0566480458,-1.29516447,-0.0583870001,-0.810429811,0.0557622127,0.580245733
26926554781809,63126,-0.708396554,0.0570944399,-1.29938781,-0.0563091524,-0.796356916,0.0573869906,0.599459589
26926571473164,63142,-0.705199659,0.0572895557,-1.30332077,-0.0544423908,-0.781982124,0.0588239245,0.618125975
26926588119987,63158,-0.702489734,0.057299532,-1.30708277,-0.0524481311,-0.766543865,0.0601458549,0.637214422
26926604792643,63176,-0.700008512,0.0571694635,-1.31097424,-0.0497536287,-0.748377144,0.0613991767,0.658548772
26926621465976,63192,-0.698333859,0.0567739606,-1.3142643,-0.0467251316,-0.731849492,0.0620065518,0.677029073
26926638506393,63209,-0.696991503,0.0562362187,-1.31754386,-0.0430426747,-0.714266479,0.0616237074,0.695825696
26926654802851,63225,-0.696116328,0.0557194725,-1.3203125,-0.0394714624,-0.697872758,0.0601222478,0.712601602
26926671466184,63241,-0.695563138,0.055167269,-1.32281983,-0.0364130586,-0.681701183,0.0578090809,0.728433728
26926688130247,63259,-0.695379913,0.0546218008,-1.32519305,-0.0341962762,-0.663264334,0.0545947775,0.745607436
26926704809518,63275,-0.695667803,0.0542334691,-1.32665408,-0.0335606001,-0.646271884,0.051304467,0.760640621
26926721449570,63291,-0.696252167,0.0539324954,-1.32747114,-0.0342762284,-0.629116297,0.0481186211,0.775062919
26926738136132,63308,-0.69707638,0.0536750108,-1.32760823,-0.036122743,-0.611185849,0.0455489755,0.789349318
26926754803580,63324,-0.697927296,0.0534203574,-1.32704985,-0.0384700187,-0.594953477,0.0440701246,0.80162847
26926771593632,63341,-0.698792338,0.0531177968,-1.32570934,-0.0411571041,-0.578884482,0.0433605202,0.813215137
26926788138528,63358,-0.699519038,0.0528110564,-1.32375169,-0.043773409,-0.565017462,0.0438262559,0.822750568
26926804780455,63374,-0.700080991,0.0525626838,-1.32151175,-0.0464505255,-0.554716647,0.0453978218,0.829500377
26926821457486,63390,-0.700524688,0.0523471348,-1.31884432,-0.0496463999,-0.546743512,0.0475196987,0.8344751
26926838115664,63408,-0.700788736,0.0520797595,-1.31533647,-0.0540339574,-0.53964889,0.0498965681,0.838671446
26926854788320,63424,-0.700814128,0.0518386588,-1.31179261,-0.0587024838,-0.534527123,0.0518303141,0.841515541
26926871513945,63440,-0.700633347,0.0515966415,-1.30791652,-0.0640166178,-0.53040576,0.0534143001,0.843634188
26926888113320,63457,-0.700152278,0.0512483716,-1.30356169,-0.0699303895,-0.527181745,0.0545847937,0.845109224
26926904782695,63474,-0.699327826,0.0506813414,-1.29907048,-0.0754499361,-0.525099695,0.0553710349,0.845879257
26926921450299,63490,-0.698227882,0.0499214679,-1.29486763,-0.0798302442,-0.524269938,0.0557201132,0.845968962
26926938165039,63506,-0.696771681,0.0489875823,-1.29085207,-0.0832710639,-0.524626195,0.0559756979,0.84539938
26926954805039,63523,-0.694941938,0.0477489419,-1.28680766,-0.0858522877,-0.526266336,0.056694869,0.844072819
26926971446601,63540,-0.692871392,0.0462327674,-1.28307581,-0.0877073407,-0.529039025,0.0583749302,0.842031777
26926988116913,63556,-0.690724552,0.0446139947,-1.27978647,-0.0891899914,-0.532287776,0.0610162057,0.839637995
26927004777382,63573,-0.688366234,0.0427666306,-1.27644658,-0.0906282216,-0.536013603,0.0648103133,0.836824775
26927021482799,63589,-0.686091483,0.040962223,-1.27349997,-0.0920873508,-0.539647281,0.0691608712,0.833976984
26927038457486,63606,-0.683762312,0.0390664637,-1.27050328,-0.0939766318,-0.543609858,0.0741822347,0.830754995
26927054784361,63622,-0.681604922,0.0374333188,-1.26793635,-0.0959287658,-0.547267497,0.0787304193,0.827706218
26927071458893,63639,-0.679470897,0.0359933153,-1.26542449,-0.0977425054,-0.550843418,0.0827058479,0.824728906
26927088368320,63656,-0.677640557,0.0349964499,-1.26307046,-0.0992181599,-0.553801417,0.0852406025,0.82231009
26927104775351,63672,-0.676113605,0.0345264114,-1.26097059,-0.10035716,-0.555607557,0.0865735337,0.820812881
26927121482382,63689,-0.674653232,0.0345484428,-1.25860405,-0.101359233,-0.555754781,0.0871636644,0.820527613
26927138115716,63705,-0.673339069,0.0350159407,-1.25617301,-0.102176867,-0.553846896,0.0871098712,0.821721017
26927154783684,63721,-0.672129571,0.0359388739,-1.25347066,-0.102802195,-0.550360918,0.0870490223,0.823988557
26927171446653,63739,-0.670788109,0.03732308,-1.25017142,-0.103124782,-0.545358121,0.0877327919,0.827195764
26927188156549,63755,-0.669567049,0.0386406705,-1.24706674,-0.103241026,-0.540530145,0.0889762565,0.830211878
26927204815195,63771,-0.668409467,0.0399789214,-1.24382162,-0.103228666,-0.535728157,0.0905437693,0.83315134
26927221445768,63788,-0.667140245,0.0413299724,-1.24031293,-0.102906883,-0.530950725,0.0925632194,0.836022556
26927238114934,63805,-0.665829182,0.0425646827,-1.23672414,-0.102486268,-0.526842713,0.0950594544,0.838389575
26927254781653,63821,-0.664542794,0.043587923,-1.23326302,-0.102155805,-0.523420691,0.0977855697,0.840257704
26927271457695,63838,-0.663084447,0.0444982089,-1.22948062,-0.101823844,-0.51967293,0.100911863,0.842252254
26927288183528,63854,-0.66161412,0.0451763608,-1.22580683,-0.101402357,-0.515633166,0.103814669,0.844430327
26927304800559,63871,-0.659970999,0.0457012951,-1.22184551,-0.100573145,-0.51061213,0.106628798,0.847225249
26927321490715,63887,-0.65839535,0.0459919684,-1.21807814,-0.0991851985,-0.505262971,0.108976662,0.85029161
26927338146705,63904,-0.656740844,0.0460746214,-1.21388793,-0.0967974514,-0.49894464,0.110945717,0.854034901
26927354782538,63921,-0.655147851,0.0459893644,-1.20949388,-0.0936628208,-0.492027909,0.112048872,0.858242929
26927371466080,63937,-0.653730154,0.0457683802,-1.20523834,-0.090317674,-0.48503533,0.112307958,0.862537205
26927388117174,63953,-0.652423322,0.0454310775,-1.20076656,-0.086661756,-0.477416635,0.112010956,0.86718899
26927404784465,63971,-0.651014626,0.0449450091,-1.19542849,-0.0824761316,-0.46779561,0.111517012,0.872885466
26927424056445,63989,-0.649615586,0.0443800129,-1.18968964,-0.0784009248,-0.456729203,0.111482523,0.87910378
26927438117382,64003,-0.648624182,0.0439229459,-1.18481743,-0.0754473582,-0.447079778,0.111963086,0.884246409
26927454795611,64020,-0.647368431,0.0433648452,-1.17849028,-0.0723862201,-0.434150487,0.113097377,0.890776396
26927471450924,64037,-0.646167815,0.0427963883,-1.17156565,-0.0698406771,-0.420152605,0.1145726,0.897478282
26927488113320,64053,-0.645167947,0.0421757996,-1.16438901,-0.0677480027,-0.406439602,0.116185233,0.903724551
26927504812070,64070,-0.64411968,0.0414334387,-1.15619349,-0.0658370405,-0.391515434,0.117955126,0.910202086
26927521456132,64086,-0.643098354,0.0406946391,-1.14800704,-0.0643067285,-0.377125651,0.119391926,0.916180372
26927538940924,64103,-0.641897678,0.0397941172,-1.13883674,-0.0629213378,-0.36142084,0.120542064,0.922434568
26927554782851,64119,-0.640736997,0.0388262942,-1.12971473,-0.0620491579,-0.346147567,0.121160559,0.928252101
26927571429049,64136,-0.639477372,0.0376433283,-1.11948323,-0.0617783889,-0.329084367,0.12112318,0.934460342
26927588144570,64152,-0.638185978,0.0364662297,-1.10942316,-0.062029805,-0.312048286,0.120174095,0.94039166
26927604780611,64170,-0.636667132,0.0353154205,-1.0977602,-0.0631782264,-0.292040169,0.117666312,0.947035193
26927622231132,64186,-0.635280252,0.0345079601,-1.08720803,-0.0650862679,-0.273805648,0.114163794,0.952764869
26927638130611,64202,-0.634012163,0.0339640379,-1.07658696,-0.0676806867,-0.255685061,0.109726295,0.958125651
26927654780299,64219,-0.632771611,0.0335462913,-1.06543136,-0.0707589537,-0.23691,0.104497708,0.963300109
26927671492226,64235,-0.631679356,0.0332692489,-1.05508602,-0.0733971447,-0.219856054,0.099575758,0.967657387
26927688122642,64252,-0.630648732,0.0331560299,-1.0441792,-0.0758054927,-0.202562928,0.0946340561,0.97173363
26927704785351,64268,-0.629795611,0.0332009085,-1.03403747,-0.0779027194,-0.187227577,0.0901651308,0.975062728
26927721473528,64285,-0.62916702,0.0336605757,-1.0232662,-0.0803145245,-0.172329381,0.0854467228,0.978034317
26927738109830,64301,-0.6288414,0.0345886908,-1.01314008,-0.0828518942,-0.159947857,0.0809235871,0.980307937
26927754802642,64318,-0.628813565,0.036167495,-1.00235271,-0.085709542,-0.148907676,0.0758287013,0.982206881
26927771447694,64335,-0.629185259,0.0383498371,-0.991595745,-0.0883221552,-0.140082315,0.0706701577,0.983657479
26927788124986,64351,-0.629828036,0.0409918427,-0.981641948,-0.0901181251,-0.133079961,0.0660047829,0.984790266
26927804782538,64368,-0.630691528,0.0444549322,-0.971286058,-0.0911639184,-0.126045883,0.0615584068,0.98590678
26927821447538,64384,-0.631576777,0.0482747406,-0.961811781,-0.0911308303,-0.119144253,0.0580350608,0.986981153
26927838130142,64401,-0.632672191,0.0529535301,-0.952044547,-0.0898181573,-0.111470692,0.0552458204,0.988157332
26927854780455,64417,-0.633817196,0.0578595288,-0.94326961,-0.0873141736,-0.103948221,0.0535621531,0.989293754
26927871486236,64434,-0.635151148,0.0635192618,-0.93436414,-0.0836599842,-0.0957508534,0.0524499081,0.990495741
26927888115663,64451,-0.636691332,0.0696016699,-0.925869644,-0.0793607906,-0.0878863186,0.0518002734,0.991612136
26927904777434,64467,-0.638318539,0.0756306425,-0.91837877,-0.0747935176,-0.0811854601,0.0515136607,0.992552936
26927921456340,64483,-0.640099645,0.0819288045,-0.911276281,-0.0700258687,-0.0751997754,0.0514447913,0.99337554
26927938109778,64501,-0.642223656,0.0892496407,-0.903871894,-0.0647029728,-0.0689695179,0.0515357554,0.994183481
26927954782382,64517,-0.644124389,0.0959490091,-0.897735834,-0.0599304661,-0.06345433,0.05157841,0.994847596
26927971482903,64533,-0.646013141,0.102840602,-0.891905665,-0.0549098849,-0.0577330552,0.0513986349,0.995494843
26927988195976,64550,-0.648007095,0.110310651,-0.886170387,-0.0491859354,-0.0513854027,0.0508788489,0.996168494
26928004784413,64567,-0.649879038,0.117760517,-0.88084197,-0.0429030396,-0.0447680652,0.0500648431,0.996819258
26928021485819,64583,-0.651488423,0.124599166,-0.876182616,-0.036783874,-0.0381732248,0.0491192751,0.997385144
26928038541913,64600,-0.653053284,0.13164404,-0.871531785,-0.0307328999,-0.0307558421,0.0478735417,0.997906685
26928054790403,64616,-0.65449667,0.138073444,-0.867422998,-0.0259717181,-0.0236105155,0.0465517826,0.998299062
26928071454673,64633,-0.655863345,0.144611061,-0.863265455,-0.0221819934,-0.0161556602,0.0449705534,0.998611391
26928088111132,64649,-0.656873703,0.150426283,-0.859527767,-0.0197421331,-0.00951130409,0.0432892106,0.998822272
26928104816444,64666,-0.657763481,0.156213611,-0.85580349,-0.0175801441,-0.0031358276,0.0412208997,0.998990536
26928121489101,64682,-0.658459842,0.16114153,-0.852565885,-0.0151324589,0.00188240816,0.0391894616,0.999115467
26928138114309,64699,-0.659107745,0.165682569,-0.849512696,-0.0117648607,0.00608294085,0.0371129364,0.999223351
26928154778215,64716,-0.659609675,0.169501096,-0.846827269,-0.0076777814,0.00946269929,0.0352922715,0.999302804
26928171444517,64732,-0.659882367,0.172571853,-0.844704628,-0.00378133124,0.0125432583,0.0339309163,0.999338388
26928188129517,64748,-0.659952223,0.175239742,-0.842811644,-0.000492092979,0.0161066074,0.0327398516,0.999334037
26928204785663,64766,-0.659789324,0.177858636,-0.840707183,0.00207420276,0.0206970703,0.0312108099,0.999296367
26928221456184,64782,-0.659474492,0.179876491,-0.838923454,0.00344346021,0.0247424338,0.0295857042,0.999250114
26928238117017,64798,-0.659022808,0.181506157,-0.837234378,0.00427766237,0.0283986945,0.0276026074,0.999206305
26928254796548,64814,-0.658398151,0.182640925,-0.835757375,0.00469738757,0.0316295289,0.0252784863,0.999168932
26928271456757,64832,-0.657538116,0.183212027,-0.834352612,0.00488316314,0.0348086581,0.0225260649,0.999128222
26928288146757,64848,-0.65661788,0.183058545,-0.833331406,0.00494406046,0.0371322669,0.0203759391,0.999090433
26928304854257,64864,-0.655507267,0.182280838,-0.832638025,0.00482241204,0.0387087204,0.0190069322,0.999058127
26928321459205,64881,-0.654196918,0.180718571,-0.832334757,0.00427832967,0.0393494256,0.0187331922,0.999040723
26928338109153,64898,-0.652731299,0.178316176,-0.832561493,0.00289583509,0.0388984047,0.019868277,0.999041438
26928354793632,64914,-0.651328027,0.175312564,-0.833137274,0.000708238746,0.0376176015,0.0222062599,0.999045253
26928371476080,64931,-0.649830937,0.171398267,-0.834022403,-0.00247409241,0.0354390405,0.025561396,0.999041915
26928388136080,64947,-0.648481309,0.167173758,-0.835098326,-0.00622124225,0.0323008932,0.0291443449,0.999033868
26928404782121,64964,-0.647241831,0.162216097,-0.836491704,-0.0107715512,0.0277797952,0.0330611281,0.999009132
26928421443215,64981,-0.646136463,0.156713635,-0.838142335,-0.0154759632,0.0227558762,0.0368190631,0.998942971
26928438123319,64997,-0.645237327,0.151105434,-0.839842439,-0.0199973024,0.0183644928,0.0400880799,0.998827279
26928454802955,65013,-0.644431949,0.14504905,-0.841687799,-0.0244404078,0.0145996483,0.0431881286,0.99866128
26928471457278,65031,-0.643654943,0.137813956,-0.843942821,-0.0289767515,0.0112060234,0.0464023463,0.99843967
26928488112486,65047,-0.643066823,0.131032571,-0.846123159,-0.0325109251,0.00883222558,0.0489407852,0.998233438
26928504945767,65063,-0.642543316,0.123821862,-0.848428488,-0.0354954898,0.00694740284,0.0512480997,0.998030841
26928521473059,65079,-0.642130256,0.116305657,-0.850728631,-0.0381646901,0.00578431552,0.0530591868,0.997845054
26928538112173,65097,-0.64179045,0.107625276,-0.853307784,-0.0411862507,0.0054153977,0.0541756414,0.997667015
26928554813788,65113,-0.641590893,0.099833861,-0.855521441,-0.0439979695,0.0056699533,0.0544863306,0.997528613
26928571441392,65129,-0.641475081,0.0920070708,-0.85762316,-0.0469726808,0.00625170907,0.054402709,0.997394025
26928588159413,65146,-0.641349435,0.0836964548,-0.859719038,-0.0502846576,0.00715289172,0.0542122833,0.997236907
26928604808996,65163,-0.64112258,0.0755017772,-0.861632168,-0.0535526425,0.00818689819,0.0540937111,0.997065246
26928621461861,65179,-0.640812755,0.0679234415,-0.863362134,-0.0565460622,0.00905233249,0.0541992411,0.99688673
26928638220767,65196,-0.640346408,0.0600783415,-0.865019143,-0.0595999509,0.00967951119,0.0548020862,0.996669948
26928654785819,65212,-0.639711797,0.0528772175,-0.866400838,-0.0624294616,0.00980959367,0.056078393,0.996424437
26928671489569,65229,-0.638889372,0.0455090664,-0.867713809,-0.0655353293,0.00943711307,0.0581184924,0.996111631
26928688118059,65246,-0.637954533,0.0385089703,-0.868889987,-0.0690416545,0.00886729453,0.0604259893,0.995742679
26928704779205,65262,-0.636910737,0.032230977,-0.869890094,-0.0730484501,0.00843331777,0.0624636821,0.995334744
26928721543007,65278,-0.635707796,0.0263374634,-0.870690167,-0.0777115747,0.00799904764,0.0642542616,0.99487102
26928738112329,65295,-0.634288192,0.0205674656,-0.871392727,-0.0830331743,0.00715867616,0.0659426972,0.994336903
26928754840715,65312,-0.632715702,0.0153895635,-0.871994317,-0.0881404951,0.00582707627,0.0673393384,0.993812203
26928771458163,65328,-0.631005883,0.0110704377,-0.872567296,-0.0923593938,0.00418008957,0.0683641955,0.993367314
26928788117486,65345,-0.628939688,0.00696566328,-0.873222291,-0.095966585,0.00178185955,0.0693091974,0.99296701
26928804785611,65362,-0.626657426,0.00329886377,-0.873824239,-0.0984105691,-0.00147616724,0.0700428486,0.992676795
26928821461913,65378,-0.624239326,0.000317122787,-0.87432152,-0.0997822061,-0.0053130067,0.0702071488,0.992515087
26928838124257,65394,-0.621490657,-0.00214498118,-0.874776602,-0.100713879,-0.0099759195,0.0698047504,0.992413461
26928854788527,65411,-0.618080497,-0.00415064022,-0.875255108,-0.101651095,-0.0157212112,0.068999894,0.992299855
26928871517017,65427,-0.6144315,-0.00552614778,-0.875671983,-0.102618806,-0.0215546545,0.0679950789,0.992160022
26928888150142,65445,-0.60989821,-0.00658159703,-0.876070261,-0.103894241,-0.0286243595,0.0667949766,0.991930008
26928904783475,65461,-0.60548085,-0.0070611164,-0.876398504,-0.104988217,-0.0355946943,0.0657916889,0.991656244
26928921443527,65477,-0.600709558,-0.00710040703,-0.876763582,-0.105667047,-0.0433486812,0.0649980158,0.991327763
26928938109569,65494,-0.595255613,-0.00672968104,-0.877194107,-0.105868161,-0.0524513163,0.0646837279,0.990886867
26928954780402,65510,-0.589746892,-0.00619655848,-0.877601683,-0.105611302,-0.0616198108,0.0650464445,0.990362704
26928971449152,65527,-0.583556712,-0.00552231446,-0.878050447,-0.104981892,-0.0717996135,0.0661776736,0.989668667
26928988128215,65544,-0.577134132,-0.00470760092,-0.878560424,-0.104305811,-0.0821724012,0.0678763762,0.98881793
26929004778006,65560,-0.570912778,-0.00386273861,-0.879109979,-0.103900596,-0.0918403864,0.0696936324,0.987883031
26929021448996,65576,-0.564526021,-0.00291011482,-0.879719973,-0.103813052,-0.101275705,0.0714728758,0.986842334
26929038119517,65594,-0.557320893,-0.00181788951,-0.880431056,-0.104049295,-0.111725755,0.0731192306,0.985568225
26929054786496,65610,-0.550986648,-0.00086318329,-0.881107926,-0.104352333,-0.121073015,0.0739761293,0.984367609
26929071460559,65626,-0.544682443,4.91961837e-05,-0.881866932,-0.10446281,-0.130521059,0.0740995556,0.983138382
26929088109881,65643,-0.537991285,0.00094422698,-0.882794142,-0.104117744,-0.140703022,0.0735684112,0.981809497
26929104777590,65660,-0.531255484,0.00175284222,-0.883861065,-0.10324768,-0.15103437,0.072735548,0.980427504
26929121472538,65676,-0.524854004,0.00232455134,-0.884944379,-0.102171168,-0.160728589,0.0717681423,0.979069293
26929138198788,65692,-0.518384635,0.00294986367,-0.88618356,-0.101163924,-0.170281604,0.070548363,0.977646649
26929154784465,65709,-0.511442184,0.00359525532,-0.887579858,-0.100388728,-0.180275336,0.0689197481,0.976049721
26929171447121,65726,-0.504475474,0.00411400199,-0.888961315,-0.100026533,-0.190233707,0.066924952,0.974334061
26929188117850,65742,-0.497864127,0.00460345298,-0.890287399,-0.0999920815,-0.199704751,0.0648281649,0.972582638
26929204782850,65758,-0.49109894,0.00505847484,-0.891593456,-0.100050658,-0.209278971,0.0625677407,0.970709801
26929221511392,65776,-0.483260453,0.0056059435,-0.89296782,-0.0998762622,-0.220315471,0.0597508512,0.9684605
26929238125663,65792,-0.476080358,0.00608019903,-0.894028842,-0.0991703048,-0.23073335,0.0570572577,0.96626699
26929254792954,65808,-0.468666553,0.00666308589,-0.894954979,-0.0977145806,-0.24186714,0.0541274063,0.963858068
26929271443527,65825,-0.460586548,0.00740511529,-0.895694375,-0.0956042185,-0.254402399,0.0506789163,0.961026013
26929288114986,65842,-0.452349603,0.00828458183,-0.896098852,-0.0930957571,-0.267434686,0.0469924584,0.95791626
26929306780767,65860,-0.443394065,0.00939012878,-0.896184206,-0.0902077407,-0.281628966,0.0432065651,0.954296052
26929321451600,65875,-0.435714245,0.0103088934,-0.895918608,-0.0878920481,-0.293672383,0.0403192602,0.951002598
26929338113944,65892,-0.426833272,0.0114266947,-0.89529264,-0.08549954,-0.307427317,0.0374551155,0.946982265
26929354788736,65908,-0.418297946,0.0124862473,-0.894306302,-0.0834623948,-0.320402503,0.035230916,0.942939639
26929371472225,65924,-0.409662157,0.0135341659,-0.892938554,-0.0818528831,-0.333522171,0.0335712098,0.938582003
26929388077069,65941,-0.400420517,0.0146527961,-0.891144753,-0.080713734,-0.347518712,0.0322230011,0.933636844
26929404814933,65957,-0.391663879,0.0156188719,-0.889167249,-0.0800070465,-0.360568255,0.0311915316,0.928771496
26929421465142,65974,-0.382319212,0.0165753067,-0.886862099,-0.0794856772,-0.374058306,0.03002459,0.92350471
26929438122277,65991,-0.372987896,0.0174119212,-0.884302914,-0.0791071951,-0.387137622,0.0286370125,0.918175638
26929454781496,66007,-0.364222944,0.018042827,-0.881709933,-0.0787766054,-0.399147868,0.0270504374,0.913095653
26929471493215,66024,-0.354784936,0.0185380392,-0.878834724,-0.0783945695,-0.411639929,0.025088381,0.90762192
26929488115767,66041,-0.345127732,0.0188639984,-0.875740647,-0.0780589134,-0.423691839,0.0227252394,0.902150571
26929504799152,66057,-0.335886925,0.0190421119,-0.872581542,-0.0776506811,-0.434670687,0.0200393964,0.897011817
26929521457381,66073,-0.32641685,0.0191053562,-0.869117618,-0.0768247917,-0.445599496,0.0169170238,0.891769588
26929539625663,66091,-0.315611362,0.0190595873,-0.864772379,-0.0752659142,-0.458413988,0.0128672915,0.885452509
26929554784725,66107,-0.305945158,0.0189511143,-0.860439479,-0.0735208839,-0.470558494,0.00872667506,0.879257262
26929571454673,66123,-0.296216071,0.01875332,-0.855612993,-0.0714764968,-0.483368874,0.00407535909,0.872484446
26929588115975,66140,-0.285901308,0.0184825324,-0.849902511,-0.0691161379,-0.497603655,-0.00120839395,0.86464572
26929604779621,66156,-0.276222706,0.0182578713,-0.843901992,-0.0669397339,-0.511590123,-0.00613298547,0.856596172
26929621476652,66173,-0.266065508,0.0180649422,-0.836902738,-0.0649001598,-0.527064085,-0.0107729454,0.847275376
26929638120402,66189,-0.256662577,0.0179048069,-0.829693496,-0.0633959174,-0.541964471,-0.0142043764,0.837886512
26929654795819,66206,-0.246891707,0.0177915245,-0.821464658,-0.0623533949,-0.557801604,-0.0166978594,0.827460408
26929671452069,66222,-0.237886012,0.0177349336,-0.813181579,-0.0618022643,-0.572518289,-0.0179364067,0.817362607
26929688112173,66240,-0.228011131,0.017665673,-0.803262472,-0.0614712052,-0.589003026,-0.0178278051,0.805592358
26929704778683,66256,-0.219519913,0.017595388,-0.794059813,-0.0614353865,-0.603629053,-0.0165631492,0.794722259
26929722698892,66273,-0.21085003,0.0175008252,-0.783889353,-0.0617752001,-0.619003057,-0.0145194884,0.782820702
26929738184100,66289,-0.203187585,0.0172998495,-0.774052978,-0.0624794029,-0.633224428,-0.0123626217,0.771343291
26929754783892,66305,-0.195970103,0.0171240047,-0.764035821,-0.0634430572,-0.647076249,-0.0103269033,0.759710968
26929771448423,66322,-0.188788101,0.017023243,-0.753279567,-0.0646443591,-0.661391437,-0.00859707966,0.747200549
26929788138423,66338,-0.182566851,0.0169173628,-0.743145704,-0.0659254193,-0.674467981,-0.00735730724,0.735318065
26929804816287,66355,-0.176401779,0.0168337263,-0.732314348,-0.0671858341,-0.68772161,-0.00641823793,0.722830534
26929821497589,66371,-0.171049923,0.016699113,-0.722185016,-0.0682166517,-0.699472487,-0.00602216972,0.711370885
26929838978579,66388,-0.165917993,0.0165110603,-0.711491346,-0.0690744892,-0.711388409,-0.00595703209,0.69937104
26929854775923,66405,-0.161380708,0.0161703825,-0.700894713,-0.0694006309,-0.722833097,-0.00585386902,0.687503874
26929871496235,66421,-0.157681286,0.0156822503,-0.691051364,-0.069141753,-0.733038008,-0.00573479105,0.676640153
26929888112069,66438,-0.154399261,0.0149886087,-0.680732429,-0.0683827177,-0.743289351,-0.00573799666,0.665441096
26929904800558,66455,-0.151739389,0.0139974728,-0.670684695,-0.0673134103,-0.75309515,-0.00604117569,0.654431224
26929921445246,66471,-0.149721578,0.0128468163,-0.661489427,-0.0664815605,-0.762020767,-0.00683156122,0.644094586
26929938108683,66487,-0.148099318,0.0114609264,-0.652515769,-0.0662010908,-0.770548105,-0.00834051985,0.633879781
26929954803475,66504,-0.146919727,0.00974168628,-0.64320153,-0.0667295977,-0.779070139,-0.0107368212,0.623283029
26929971451704,66521,-0.146268457,0.00778023154,-0.634153605,-0.0681895539,-0.787146509,-0.0137369251,0.612831056
26929988125350,66537,-0.146076679,0.00574670359,-0.625899673,-0.0702647194,-0.794417381,-0.0169220082,0.603056848
26930004795558,66553,-0.146276623,0.00356217474,-0.617846966,-0.0726184398,-0.801261663,-0.0203059725,0.593543649
26930021679621,66571,-0.146787181,0.00082827732,-0.609060049,-0.0751756504,-0.808417797,-0.0241724402,0.583288133
26930038123839,66587,-0.147479981,-0.00177108869,-0.601518095,-0.0771000385,-0.814451754,-0.0274639856,0.57442987
26930054782069,66603,-0.148316443,-0.00451152772,-0.594311535,-0.0783210993,-0.820210576,-0.0305235349,0.565852165
26930071552902,66619,-0.149297029,-0.00735087693,-0.587368071,-0.0786866248,-0.82564497,-0.0335902981,0.557665288
26930088116027,66637,-0.150552571,-0.0105755962,-0.579890549,-0.078101024,-0.831399024,-0.0371270403,0.54890579
26930104781652,66653,-0.151674867,-0.0134436078,-0.573676169,-0.0767982155,-0.836203396,-0.0401295796,0.541530848
26930121526912,66669,-0.152795658,-0.0162242763,-0.567813694,-0.0749242157,-0.840573013,-0.0427200757,0.534788311
26930138109985,66687,-0.154004052,-0.0191330016,-0.561656833,-0.0728645697,-0.844887137,-0.0450487547,0.528040886
26930154782225,66703,-0.155119717,-0.021489203,-0.556583822,-0.0717440248,-0.848253906,-0.0462588184,0.522664666
26930171436391,66719,-0.156190455,-0.0235340483,-0.551953435,-0.071623154,-0.85121125,-0.0465550162,0.517824411
26930188121339,66735,-0.157269672,-0.0252317861,-0.547755897,-0.0729012266,-0.853808105,-0.0461764634,0.513385773
26930204780037,66753,-0.158560276,-0.0267332904,-0.543545842,-0.0761890858,-0.856407523,-0.0451538004,0.508647799
26930221452381,66769,-0.159605533,-0.027641125,-0.540386915,-0.0805482492,-0.858412445,-0.043886587,0.504692078
26930238140871,66785,-0.160560668,-0.0281579122,-0.537804782,-0.0856532007,-0.86007297,-0.0425502062,0.501126289
26930254781287,66802,-0.161475554,-0.0283680186,-0.535852492,-0.0912569389,-0.861495435,-0.041146569,0.497799933
26930271464568,66819,-0.162129939,-0.0282932557,-0.534641504,-0.0964381024,-0.862529874,-0.0399999283,0.495118111
26930288127537,66835,-0.162364691,-0.028000921,-0.53409493,-0.100333862,-0.863181233,-0.0391860269,0.493270487
26930304781912,66852,-0.162205741,-0.027502846,-0.534233332,-0.103116825,-0.863445461,-0.0386248343,0.492277205
26930321449152,66868,-0.161747798,-0.026945658,-0.535019875,-0.104327112,-0.863148749,-0.0382111408,0.49257496
26930338121443,66885,-0.160963982,-0.0263096057,-0.536534965,-0.104327582,-0.862157345,-0.0375754535,0.494356751
26930354787016,66902,-0.159866974,-0.0256539807,-0.538673639,-0.103326671,-0.860458493,-0.0364498794,0.497600585
26930371458162,66918,-0.158649951,-0.0250668861,-0.541134238,-0.101685733,-0.858265221,-0.0349082425,0.501818955
26930388117850,66934,-0.157318056,-0.0244885013,-0.544089198,-0.0996818617,-0.855614841,-0.0329910517,0.506851494
26930404936860,66952,-0.155761287,-0.0238490477,-0.548181474,-0.0974996909,-0.852173805,-0.0302889775,0.513202012
26930421528162,66967,-0.154524535,-0.0233345255,-0.55213207,-0.0961448699,-0.848887682,-0.0276444536,0.519019902
26930438178579,66984,-0.153204143,-0.0227180608,-0.556996644,-0.0955211744,-0.844610631,-0.0243547317,0.526227713
26930454775037,67001,-0.152049035,-0.0221335441,-0.562249362,-0.0958610848,-0.839629889,-0.0209592618,0.534221888
26930471448214,67017,-0.151155099,-0.0216195621,-0.567620933,-0.0968836471,-0.834246397,-0.0179651212,0.542516232
26930488116391,67034,-0.150379956,-0.021100305,-0.573816597,-0.0984170735,-0.827796757,-0.0151736783,0.552119851
26930504938891,67050,-0.149840698,-0.0206778571,-0.580084264,-0.0998447463,-0.821061909,-0.0129727107,0.561889768
26930521471808,67067,-0.149503455,-0.0202283636,-0.587170839,-0.100905091,-0.813324332,-0.0112134516,0.572883964
26930538127433,67084,-0.149393141,-0.0198120438,-0.594820738,-0.101095527,-0.805201828,-0.0100172656,0.584234059
26930554785818,67100,-0.149503976,-0.0193796568,-0.602523923,-0.100361466,-0.797419488,-0.00913901255,0.594950616
26930571450610,67117,-0.149817169,-0.0188152157,-0.611227512,-0.098789461,-0.789059877,-0.00840420462,0.606262803
26930588146704,67133,-0.150343776,-0.018231675,-0.619874775,-0.0968733355,-0.780972183,-0.00773261674,0.616958916
26930604836027,67150,-0.151250198,-0.0175348334,-0.62941283,-0.0946999937,-0.771846354,-0.00678816717,0.628680468
26930621483839,67167,-0.152534142,-0.0167707689,-0.639331937,-0.0927666053,-0.761982799,-0.00553829642,0.640894592
26930638118579,67183,-0.154086858,-0.0159485564,-0.64889276,-0.0912983567,-0.751986086,-0.00425093295,0.652812004
26930654779933,67199,-0.155964285,-0.0150498077,-0.658667684,-0.0900305286,-0.74140203,-0.00299295783,0.664987743
26930671453423,67216,-0.158339217,-0.0140457712,-0.669260681,-0.0888042524,-0.729713082,-0.00180785602,0.6779598
26930688146287,67232,-0.160931528,-0.0130933523,-0.679398954,-0.0876857191,-0.718418717,-0.000932699011,0.690061569
26930704790454,67249,-0.164048612,-0.0121160112,-0.690300703,-0.0864123777,-0.706192136,-0.000147862593,0.702727318
26930721524204,67265,-0.167322665,-0.0111724138,-0.700499773,-0.0851359293,-0.694565177,0.000409567903,0.714374542
26930738110870,67283,-0.17144224,-0.0101513043,-0.712091565,-0.0836577415,-0.681426227,0.000915133918,0.727089286
26930755068110,67299,-0.175463319,-0.00928375125,-0.722315013,-0.0821957588,-0.669591367,0.00130539085,0.738166332
26930771462172,67315,-0.179847807,-0.00848058611,-0.732355475,-0.0807324946,-0.657580078,0.00147756014,0.749045074
26930788108527,67332,-0.184919119,-0.0076928921,-0.742972434,-0.0792227238,-0.644701421,0.00141980569,0.760316968
26930804783266,67349,-0.19034566,-0.00679587945,-0.753436089,-0.0777524337,-0.631668687,0.00103152078,0.771328866
26930821470662,67365,-0.195879877,-0.00584084541,-0.76312542,-0.0762937889,-0.619213581,0.000223099516,0.781507432
26930838222589,67381,-0.20191294,-0.00476201251,-0.772744298,-0.0746243224,-0.60679251,-0.00094294484,0.791348994
26930854800662,67399,-0.209424555,-0.00343953818,-0.783587158,-0.0724145174,-0.593270659,-0.00244017062,0.801735759
26930871446547,67415,-0.216714859,-0.00219777599,-0.793245554,-0.0700708404,-0.58179599,-0.00396631658,0.810301065
26930888170558,67431,-0.224557698,-0.000831671059,-0.802924633,-0.0675018281,-0.570811868,-0.00589873828,0.81828028
26930904783058,67448,-0.23358205,0.0007815063,-0.813297093,-0.0650424287,-0.559645176,-0.00837468356,0.826133609
26930921464152,67464,-0.242694765,0.00245530903,-0.823139906,-0.0634807572,-0.549224675,-0.0108985435,0.833188891
26930938119516,67481,-0.253061742,0.00435495004,-0.833583653,-0.0628636107,-0.537501276,-0.0139040202,0.840801597
26930954786495,67498,-0.2640661,0.00646404549,-0.843931019,-0.0631708801,-0.524661839,-0.0174431838,0.848784506
26930971463943,67514,-0.274898499,0.00864019617,-0.853558719,-0.0637998059,-0.511529505,-0.0211182125,0.856633723
26930988130193,67531,-0.286899209,0.0111169275,-0.863645017,-0.0644171312,-0.496594489,-0.0253132861,0.865218818
26931004782224,67548,-0.299425274,0.0138075463,-0.873561978,-0.0647210181,-0.480894327,-0.0297567826,0.873880029
26931021482954,67564,-0.311673194,0.0165064409,-0.882717907,-0.0644111633,-0.46573028,-0.0338797234,0.88192898
26931038118891,67580,-0.324223727,0.0194086693,-0.891608775,-0.0636784285,-0.450514168,-0.0377920531,0.889693141
26931054779672,67597,-0.337970853,0.0227753893,-0.900696039,-0.0628023669,-0.434437931,-0.0416108407,0.897545636
26931071466287,67614,-0.352007747,0.0264690258,-0.909382105,-0.0619037338,-0.418280363,-0.0450532027,0.905085444
26931088116964,67630,-0.365296036,0.0302558504,-0.91719377,-0.0611866862,-0.403009802,-0.0479110554,0.911890268
26931104800089,67646,-0.378787965,0.0343221053,-0.924672782,-0.0606251024,-0.387653619,-0.050421413,0.918426394
26931121447745,67664,-0.394019872,0.0393024571,-0.932778955,-0.0601459406,-0.37020123,-0.0531332754,0.925478518
26931138112901,67680,-0.407562941,0.0441961288,-0.939818084,-0.0596908145,-0.354581088,-0.0558607988,0.931444526
26931154791651,67696,-0.421132326,0.0496033989,-0.946753204,-0.0588755421,-0.338918,-0.0591585599,0.93710649
26931171573110,67713,-0.435412914,0.0559620261,-0.953898489,-0.0571685061,-0.322070271,-0.0633157119,0.942864597
26931188135662,67730,-0.449552566,0.0629753321,-0.960790932,-0.0542396046,-0.304922521,-0.0680154786,0.948395669
26931204777485,67746,-0.4627496,0.0702105612,-0.967075944,-0.0503419749,-0.288722217,-0.0727558881,0.953316212
26931221491860,67762,-0.475713879,0.0780916736,-0.973059356,-0.0455293581,-0.272603512,-0.0779090822,0.957885444
26931239105558,67780,-0.490011156,0.0878237635,-0.979351819,-0.039414864,-0.254721969,-0.0843513459,0.962521791
26931254896756,67795,-0.501513839,0.0967169702,-0.984131694,-0.033964809,-0.240322724,-0.0901307315,0.965902567
26931271466808,67813,-0.514889956,0.108347774,-0.989394963,-0.0271248743,-0.224019647,-0.0971060097,0.969355464
26931288111651,67829,-0.526378572,0.119506061,-0.993706822,-0.0209181905,-0.210403413,-0.103077084,0.971940339
26931304795870,67845,-0.537315845,0.131367981,-0.997640431,-0.0147681115,-0.197471052,-0.108523391,0.9741714
26931321443370,67861,-0.547742844,0.143892273,-1.00119603,-0.00880966242,-0.185038656,-0.113171943,0.976153255
26931338113735,67879,-0.558636129,0.1586494,-1.00485563,-0.00259557506,-0.171280339,-0.117519855,0.978184819
26931354795193,67895,-0.567644536,0.17245689,-1.00770664,0.00241905777,-0.159200147,-0.120722808,0.979834437
26931371473735,67911,-0.576091349,0.186853468,-1.01006234,0.00693155639,-0.147516131,-0.123295888,0.981320083
26931388130193,67928,-0.584336817,0.20258674,-1.01216018,0.0112952124,-0.135482103,-0.125688046,0.982710361
26931404797276,67944,-0.591479659,0.217744619,-1.01384294,0.0151057905,-0.124733157,-0.127780467,0.983811796
26931421483787,67962,-0.598773241,0.235010087,-1.01542127,0.0193411633,-0.113472886,-0.129898354,0.984822989
26931438125349,67978,-0.604712129,0.250486732,-1.01658082,0.0227548406,-0.103898138,-0.131419823,0.985604525
26931454777016,67994,-0.61008656,0.265940487,-1.01738524,0.0255409759,-0.0941029713,-0.132689595,0.986349761
26931471462537,68011,-0.615121782,0.28240782,-1.01785982,0.0281605721,-0.0831431821,-0.134165764,0.987063289
26931488108631,68028,-0.619561315,0.299074352,-1.01815438,0.0306719933,-0.0725379363,-0.135563716,0.987633526
26931504790297,68044,-0.623244405,0.314731389,-1.0183171,0.0332201719,-0.063474521,-0.136531413,0.988041878
26931521469776,68060,-0.626560867,0.330166906,-1.01841736,0.0359966904,-0.0550913773,-0.137222856,0.988351703
26931538115089,68077,-0.629590511,0.346245617,-1.01841915,0.0394268222,-0.0466133766,-0.137832075,0.988572299
26931554940974,68094,-0.632232726,0.362108469,-1.01835048,0.043286074,-0.0387734435,-0.138382554,0.988672495
26931571444151,68110,-0.634397864,0.376904607,-1.0181365,0.0470033847,-0.0324334055,-0.138573378,0.988704264
26931588116235,68127,-0.636303067,0.392359406,-1.01776707,0.0509436578,-0.0264881626,-0.138186663,0.988740444
26931604804516,68143,-0.637749195,0.406545728,-1.01731014,0.054285638,-0.020893991,-0.13729769,0.988820434
26931621450922,68160,-0.638877988,0.421123952,-1.01660728,0.0570832416,-0.014610962,-0.135676563,0.988999486
26931638119360,68177,-0.639665961,0.435177207,-1.01567173,0.05913141,-0.00771761034,-0.133510783,0.989251673
26931654778630,68193,-0.639935017,0.447980613,-1.01442766,0.0603452958,-0.00082021812,-0.131478116,0.989480376
26931671465193,68210,-0.639892578,0.46110791,-1.01286781,0.0613542497,0.00600189203,-0.12917757,0.989703357
26931688147016,68226,-0.639644802,0.472823173,-1.01125908,0.0624002181,0.0118412832,-0.126779318,0.989895463
26931704799099,68243,-0.639060378,0.484306097,-1.00937033,0.0634968877,0.0178286377,-0.123907164,0.990099669
26931721449099,68259,-0.638201952,0.494060695,-1.00756979,0.064579919,0.02326167,-0.120968089,0.99028033
26931738206130,68276,-0.636875093,0.503232539,-1.00553715,0.065963842,0.0281655267,-0.117553942,0.990472972
26931754786287,68292,-0.635266721,0.510855258,-1.0035944,0.0672509819,0.0313931108,-0.114253789,0.990675509
26931771512797,68309,-0.633126795,0.517939687,-1.00141704,0.0684522465,0.0331793875,-0.111134879,0.990889728
26931788117068,68325,-0.63072437,0.523606837,-0.999304831,0.069735378,0.0332842432,-0.108780414,0.991058052
26931804781703,68343,-0.62768811,0.528719604,-0.997068167,0.0719089508,0.031297382,-0.106654689,0.991198421
26931821456547,68359,-0.624626219,0.531925082,-0.995101035,0.0750417784,0.0273829345,-0.104947932,0.991264284
26931838134880,68375,-0.621381044,0.533771813,-0.993370116,0.0793019757,0.0215059258,-0.10310629,0.99127084
26931854802276,68392,-0.617622972,0.534129798,-0.991620958,0.0842751563,0.0137945153,-0.100937538,0.991221011
26931871455610,68408,-0.613720059,0.53308028,-0.989953041,0.0884693116,0.00591940992,-0.0988382101,0.991145432
26931888125245,68425,-0.609245002,0.530654013,-0.988120198,0.091523841,-0.00287511363,-0.0966395959,0.991098404
26931904795037,68442,-0.604432762,0.526841521,-0.986076236,0.0925820544,-0.0122463023,-0.0945326462,0.991131842
26931921623474,68459,-0.599396586,0.521699965,-0.983982623,0.0915293396,-0.0220570937,-0.092655614,0.991237104
26931938121755,68475,-0.594488919,0.515666664,-0.981878817,0.0885999873,-0.031406384,-0.0913018808,0.991376698
26931954821703,68491,-0.58946687,0.50855428,-0.979690015,0.0839036405,-0.0408120304,-0.0904264376,0.991522908
26931971446078,68508,-0.584058344,0.499857038,-0.977122188,0.0775478035,-0.0509309433,-0.0901110321,0.99160099
26931988122276,68524,-0.579005122,0.490636945,-0.974369884,0.0712022111,-0.06080731,-0.0903324261,0.991500318
26932004783734,68540,-0.574060798,0.480521202,-0.971565366,0.0649687126,-0.0712105781,-0.0908240229,0.991190791
26932022813734,68559,-0.568352163,0.467339665,-0.968249679,0.0584644079,-0.0841719508,-0.0912574232,0.990539849
26932038259464,68574,-0.563821912,0.456017941,-0.965762258,0.0544131435,-0.094558239,-0.0912612826,0.989833057
26932054776964,68591,-0.558672309,0.442153931,-0.962904811,0.0510251857,-0.106416419,-0.0906637013,0.988864064
26932071458630,68607,-0.553895831,0.428130835,-0.960216105,0.0489168577,-0.117866084,-0.0890995711,0.987813771
26932088113787,68623,-0.549185634,0.413187742,-0.957597136,0.0472825691,-0.129473373,-0.0865913853,0.986662567
26932104802797,68641,-0.544097185,0.395673901,-0.9547171,0.044994317,-0.142272741,-0.0828535855,0.985327065
26932121452380,68657,-0.539796114,0.379715085,-0.9522205,0.0422784463,-0.152907044,-0.0790818557,0.984163642
26932138197693,68673,-0.535754204,0.363202929,-0.949488401,0.0388087481,-0.162876949,-0.0750986785,0.983018398
26932154794672,68690,-0.531798542,0.345322192,-0.946596205,0.0343600288,-0.172881484,-0.0707043558,0.981800616
26932171449984,68706,-0.528369904,0.328223526,-0.943933427,0.0299301371,-0.181549326,-0.0665800646,0.980668724
26932189303318,68724,-0.52478075,0.30882895,-0.940980017,0.0251600407,-0.190096706,-0.0621720105,0.979471803
26932204781964,68740,-0.521807611,0.291613907,-0.938540578,0.0213041585,-0.196744442,-0.0586931892,0.978464544
26932221450661,68756,-0.519190669,0.274344981,-0.9362306,0.0180551391,-0.202729076,-0.0557419285,0.977480352
26932238127328,68773,-0.516838312,0.256264806,-0.934154689,0.0155197931,-0.207930505,-0.0538278706,0.976538062
26932254779516,68789,-0.515064895,0.239583537,-0.932525337,0.0142676225,-0.211880103,-0.0532671176,0.975738704
26932271631443,68806,-0.513709247,0.222210422,-0.931182683,0.0138615919,-0.215308011,-0.0534669273,0.974982917
26932288124151,68823,-0.512925088,0.205190882,-0.930216372,0.0137750935,-0.217916712,-0.0539716296,0.974376559
26932304778266,68839,-0.512765169,0.189518362,-0.929584265,0.0137612065,-0.219638109,-0.0540897101,0.973983645
26932321443370,68855,-0.51317811,0.174340367,-0.929347217,0.0133591471,-0.220564887,-0.0533511117,0.973820448
26932338109672,68873,-0.514230132,0.157810375,-0.929502726,0.0117495358,-0.220666632,-0.0507075749,0.973959446
26932354785661,68889,-0.515634239,0.143526196,-0.929947674,0.00917799771,-0.219872177,-0.0461962931,0.974391103
26932371446964,68905,-0.517578781,0.1295636,-0.930613995,0.00512129907,-0.218432933,-0.0395921543,0.975035071
26932388115089,68921,-0.520094335,0.116020858,-0.931517959,-0.000609938987,-0.216134325,-0.0315821655,0.975852609
26932404792068,68939,-0.523550034,0.101459913,-0.932918191,-0.00870767981,-0.211810365,-0.0220782291,0.977022648
26932421450714,68954,-0.526890159,0.0898800492,-0.93426919,-0.0163014159,-0.206657469,-0.0145222638,0.978169799
26932438764099,68972,-0.531476855,0.0767867565,-0.936044216,-0.0258424059,-0.199506447,-0.00643043499,0.979534566
26932454786703,68988,-0.536069095,0.0659446195,-0.937727511,-0.0338785388,-0.192846194,-0.000419232936,0.980643928
26932471447224,69004,-0.541140437,0.0558305793,-0.939573705,-0.0409642868,-0.185872003,0.00418638065,0.981710792
26932488129463,69022,-0.547457397,0.0453353785,-0.941937566,-0.0477897264,-0.177810624,0.00778501015,0.982872784
26932504779359,69038,-0.553557992,0.0368170068,-0.944277763,-0.0526685566,-0.17065762,0.0100451456,0.983870447
26932521461859,69054,-0.560045123,0.0290989019,-0.946890593,-0.0566454642,-0.163597167,0.0119349016,0.98482734
26932538121755,69070,-0.566860139,0.0221997797,-0.949685216,-0.060183946,-0.156248465,0.0138003211,0.985785902
26932554780922,69088,-0.574831426,0.0154028758,-0.953057289,-0.0642628297,-0.14701663,0.0161481071,0.986912191
26932571463422,69104,-0.582132995,0.01018079,-0.956210792,-0.0681931004,-0.137713268,0.0184739158,0.987949193
26932588122901,69120,-0.589592397,0.00572164357,-0.959468484,-0.0722470433,-0.127729848,0.0208964869,0.988953412
26932604787797,69137,-0.597678959,0.00177299976,-0.963093817,-0.0761451423,-0.117186405,0.0234438945,0.989908934
26932621560609,69153,-0.605457962,-0.0012739934,-0.966682494,-0.0788578093,-0.107906386,0.0257120021,0.990695
26932638208838,69170,-0.613852262,-0.00390706956,-0.970666766,-0.0801942945,-0.0988652632,0.0278510693,0.991473138
26932654779516,69187,-0.622370362,-0.00601093471,-0.974783957,-0.0800389349,-0.0907539055,0.0298494119,0.992202878
26932671445713,69203,-0.63045013,-0.00755406171,-0.978805363,-0.0788008943,-0.0838668346,0.0318806991,0.992844641
26932688122693,69220,-0.638989329,-0.00871021673,-0.983256996,-0.0764919892,-0.076823473,0.0343169756,0.993513703
26932704782588,69237,-0.647422314,-0.0093404986,-0.987801731,-0.0737524107,-0.0694558173,0.0370900929,0.994163394
26932721472588,69253,-0.65530616,-0.00948703289,-0.992113531,-0.0713786483,-0.0621308722,0.0399895459,0.994708896
26932738143682,69270,-0.663703442,-0.00924194604,-0.996813953,-0.0692405552,-0.0539848804,0.0433264561,0.995195627
26932754789724,69286,-0.6716398,-0.00869195163,-1.00143588,-0.067536287,-0.0458830893,0.046476353,0.995577037
26932771445349,69302,-0.679744422,-0.00780009478,-1.00637317,-0.0660233945,-0.0377270207,0.04968502,0.995866001
26932788342328,69320,-0.689129114,-0.00659784675,-1.0123558,-0.063721031,-0.0288169906,0.0533563532,0.996123672
26932805232588,69336,-0.697738051,-0.00547620654,-1.01804709,-0.0608008243,-0.0211982019,0.0564331934,0.996327877
26932821812797,69352,-0.706642449,-0.00421363488,-1.02411878,-0.0571727864,-0.0139005752,0.0592355952,0.996508479
26932838852380,69370,-0.716967583,-0.0027503185,-1.03136206,-0.0523324795,-0.00573740155,0.0620666333,0.996682584
26932854781026,69385,-0.725842476,-0.00151111558,-1.03769064,-0.0480660945,0.00113872264,0.0643302798,0.996769845
26932871467640,69401,-0.735643744,-0.000141676515,-1.04474187,-0.0437939987,0.00860025361,0.0666701496,0.996776462
26932888113005,69419,-0.747056425,0.00142145902,-1.05303633,-0.0396735333,0.0173458252,0.0690978393,0.996669829
26932904782015,69435,-0.757528841,0.00280503184,-1.06072938,-0.0366543978,0.0254172664,0.0708941743,0.996486068
26932921473213,69451,-0.768340945,0.00408478267,-1.06879187,-0.034165699,0.0333128907,0.0724056289,0.996233106
26932938111338,69469,-0.780997157,0.00536455028,-1.07833958,-0.0314730443,0.0416257009,0.0736524165,0.995917678
26932954800245,69485,-0.792668819,0.00630923547,-1.0872612,-0.0287951101,0.0484256856,0.0741958469,0.995650947
26932971464255,69501,-0.80468595,0.00712573156,-1.09659743,-0.0258147027,0.0547079518,0.0738661811,0.995431781
26932988115974,69518,-0.817754984,0.00779730268,-1.10689485,-0.0223635174,0.0604872033,0.0724634379,0.995284081
26933004786442,69535,-0.831155062,0.00826146826,-1.11750567,-0.0187043753,0.0650244951,0.0702088177,0.995234966
26933021453265,69551,-0.84413904,0.00868556648,-1.12772632,-0.0151121765,0.0687921494,0.0675344467,0.995227814
26933038233630,69568,-0.85811162,0.00914691761,-1.13877439,-0.0112393256,0.0730172098,0.0645875484,0.995173693
26933054781807,69584,-0.87145716,0.00955718569,-1.14942598,-0.00744048273,0.0773826912,0.0625281781,0.995010972
26933071454463,69601,-0.885855734,0.00990330242,-1.16099131,-0.00305804797,0.0823634863,0.0615820587,0.994693279
26933088146651,69617,-0.899478853,0.0100924727,-1.17190993,0.00137312128,0.0873455554,0.0617682114,0.994260311
26933104797744,69634,-0.914051414,0.0101193786,-1.18342793,0.00630238559,0.0926671699,0.0627733916,0.993696392
26933121449880,69651,-0.928638756,0.00999123044,-1.19474852,0.0108695691,0.0977405235,0.0641768575,0.993081093
26933138171859,69667,-0.942388356,0.00990426354,-1.20517027,0.0137724057,0.102203168,0.0655307546,0.992507279
26933154783942,69683,-0.956033409,0.0100404061,-1.21516109,0.0149064427,0.106533863,0.0666174069,0.991962969
26933171463994,69700,-0.970257401,0.0105061587,-1.22524357,0.0142523535,0.11083547,0.067564249,0.991437078
26933188116755,69717,-0.984278262,0.011354601,-1.23499215,0.0119982334,0.113988198,0.0689435452,0.991014361
26933204788161,69733,-0.997291803,0.0124301873,-1.24397933,0.00929217692,0.115719058,0.0707684308,0.990714192
26933221476182,69749,-1.0101583,0.0136620719,-1.25293553,0.00669787638,0.116482049,0.0730845556,0.990477562
26933238118526,69767,-1.02449048,0.0151274074,-1.26299739,0.00423972262,0.11674767,0.0759793445,0.990242004
26933254835349,69783,-1.03707266,0.0166263711,-1.27192116,0.00260378374,0.11702729,0.0782020688,0.990041554
26933271458213,69799,-1.04945922,0.0184764825,-1.28070998,0.00144867494,0.1175256,0.0795261189,0.989879429
26933288160505,69816,-1.06245661,0.020898236,-1.28978562,0.000450641877,0.117984451,0.0797310472,0.989809334
26933304800974,69833,-1.07534456,0.023776181,-1.29864407,-0.000275429222,0.118488133,0.0786940157,0.989832163
26933321446078,69849,-1.08734202,0.0267219171,-1.30687201,-0.00039679039,0.119536243,0.0767043978,0.989862323
26933338158213,69865,-1.09911752,0.0298000202,-1.31501329,0.000290359778,0.121305957,0.0741598755,0.989841044
26933354779411,69883,-1.11211336,0.0333970971,-1.32401478,0.00229489594,0.123592764,0.0713955984,0.98975873
26933371444411,69899,-1.12340343,0.0367081575,-1.33189249,0.00505757937,0.125553831,0.0693807602,0.989644885
26933388129151,69915,-1.13428128,0.0401161276,-1.33956707,0.00805710535,0.127376825,0.0677821636,0.989502788
26933404847224,69932,-1.14531112,0.04375498,-1.34736633,0.0109230885,0.129121915,0.0664976835,0.989336312
26933421453057,69949,-1.15578437,0.0474408194,-1.35478687,0.0129956286,0.130580872,0.0653163269,0.989198506
26933438114776,69965,-1.16518283,0.0510335155,-1.36141801,0.0139042241,0.131306708,0.0641790479,0.989164412
26933454784046,69981,-1.17422009,0.0547114313,-1.36778522,0.0140943332,0.131195188,0.063105844,0.989245653
26933471568369,69998,-1.18343484,0.0585397072,-1.37431967,0.0140576782,0.13033925,0.0622020736,0.98941654
26933488111234,70015,-1.19219196,0.0621225387,-1.38064063,0.01428477,0.129228607,0.0616373755,0.989594221
26933504779828,70031,-1.20001805,0.0651845485,-1.38640893,0.0150843486,0.128491804,0.0610182248,0.989716709
26933521445349,70047,-1.20752251,0.0679860041,-1.39196992,0.0163314287,0.128137738,0.0598609,0.989813507
26933538160557,70065,-1.21561408,0.0710125566,-1.39785755,0.018108109,0.128011659,0.0576992147,0.989927292
26933554898526,70081,-1.22257972,0.0735759586,-1.40275812,0.0197568499,0.12820214,0.055161152,0.990015745
26933571447901,70097,-1.22923017,0.0758797228,-1.40740609,0.0212809015,0.128842205,0.0523540527,0.990053475
26933588119932,70115,-1.23645329,0.0780471638,-1.41233194,0.0222692434,0.13021256,0.0492255911,0.990013003
26933604778734,70131,-1.24283111,0.0796232373,-1.41637778,0.0220628008,0.131963104,0.0466693863,0.989909589
26933621474828,70147,-1.24906182,0.0810362846,-1.42003441,0.0206088163,0.13412118,0.044455044,0.989752829
26933638125713,70164,-1.25549221,0.0824595839,-1.42342746,0.0175752044,0.136852741,0.0426134393,0.989518344
26933654779151,70181,-1.26177144,0.0838344023,-1.42627001,0.0135771688,0.139930129,0.0414544009,0.989200115
26933671444880,70197,-1.26757812,0.0850235671,-1.42864621,0.0100794146,0.142945886,0.0410804302,0.988826215
26933688110661,70213,-1.27332294,0.0859587044,-1.43088388,0.00771914935,0.145983785,0.0413644835,0.988391757
26933704785296,70230,-1.27937949,0.0865714997,-1.43318033,0.00674836151,0.148939773,0.042297136,0.987918198
26933721653369,70246,-1.28503203,0.0868291259,-1.43536186,0.00737409806,0.151315764,0.0436030738,0.98749584
26933738112588,70263,-1.29106438,0.0868230611,-1.43765223,0.00935958885,0.153562039,0.0451530181,0.987062514
26933754784411,70280,-1.29719174,0.0864895433,-1.43989718,0.0118475445,0.155554086,0.0468246154,0.986645877
26933771442119,70296,-1.30306029,0.0857530385,-1.44208658,0.0138856173,0.157409206,0.0486101583,0.986238658
26933788116546,70312,-1.30898762,0.0845583528,-1.44436574,0.0151500097,0.159732521,0.0505279787,0.9857499
26933804821025,70330,-1.31564307,0.082718797,-1.44694781,0.0152113484,0.163314655,0.0525104068,0.985058188
26933821461546,70346,-1.32154071,0.080719687,-1.44929075,0.0138354413,0.166997388,0.0540024936,0.984380186
26933838114880,70362,-1.3274188,0.0784225985,-1.45168686,0.0113396235,0.170695186,0.0551744029,0.983712614
26933854786650,70379,-1.33363414,0.0757365227,-1.45432305,0.00770205213,0.174560919,0.0556041524,0.983044982
26933871445973,70396,-1.33984089,0.0727229863,-1.45715594,0.00365702831,0.178182125,0.0550148562,0.982451558
26933888134046,70412,-1.34570384,0.0695401654,-1.46015704,0.000244600407,0.181009471,0.0537959188,0.982008934
26933904783630,70428,-1.35159934,0.0660838038,-1.46352935,-0.00245760637,0.183043495,0.0522847325,0.981710494
26933921448057,70445,-1.35791266,0.0622068234,-1.46751142,-0.00470170565,0.184464723,0.0504927784,0.98153007
26933938108994,70462,-1.36436021,0.0582658015,-1.47186434,-0.00670865458,0.185629949,0.0484145954,0.98140341
26933954779411,70478,-1.37047625,0.0545605011,-1.47628713,-0.00881538726,0.186806664,0.0461721532,0.981271446
26933971494463,70495,-1.3769536,0.0507186912,-1.48132074,-0.0115000661,0.188401476,0.0434865616,0.981061459
26933988118525,70511,-1.38308072,0.0472643822,-1.4862951,-0.0141940881,0.190271407,0.0408656932,0.980777979
26934004778369,70528,-1.38957453,0.0437847748,-1.49174881,-0.0168768447,0.192563325,0.0382386185,0.980394006
26934022169046,70546,-1.39642668,0.0403626487,-1.49760664,-0.0194491372,0.195268691,0.0357826687,0.979903817
26934038116755,70561,-1.40217507,0.0376801305,-1.50251949,-0.0212669838,0.197597697,0.0340380333,0.979461253
26934054808577,70577,-1.40838277,0.0350169763,-1.50780213,-0.0227736458,0.199884638,0.0326944292,0.979009032
26934071452952,70595,-1.41538072,0.0323488787,-1.51365697,-0.0241825599,0.20221971,0.0320568569,0.978516698
26934088112171,70611,-1.42149687,0.0303744487,-1.51864588,-0.0253348965,0.204227939,0.0324289389,0.97805804
26934104972171,70627,-1.42761481,0.0288338438,-1.52351487,-0.0262006316,0.206366658,0.0335495286,0.977548361
26934121443838,70644,-1.43427038,0.0275955908,-1.52860785,-0.0265290178,0.208893612,0.0354459994,0.976935685
26934138110036,70661,-1.44097626,0.0268292278,-1.5335834,-0.0261592567,0.211785823,0.0378453694,0.976232648
26934154827848,70677,-1.44731283,0.0264760349,-1.53818202,-0.0248410515,0.214719743,0.0402450375,0.975529969
26934171446755,70693,-1.45371282,0.0264318846,-1.54274547,-0.0225077141,0.217646882,0.0424112752,0.974846005
26934188139046,70710,-1.46062648,0.0267445184,-1.54755306,-0.0195259564,0.220487997,0.044308342,0.974187136
26934204777484,70727,-1.46760964,0.0273164511,-1.55225527,-0.0166121498,0.223043844,0.0457680672,0.973591685
26934221448161,70743,-1.4742558,0.0280888639,-1.55657017,-0.0144632459,0.22530213,0.0469310582,0.973050475
26934238134775,70760,-1.48149335,0.0290980302,-1.56102312,-0.013287493,0.227713495,0.0483440347,0.972436607
26934254782796,70776,-1.48836482,0.0302780569,-1.56510735,-0.013362838,0.230370194,0.0499454066,0.971728623
26934271602015,70793,-1.49578416,0.0316999182,-1.56931949,-0.0144773601,0.23353824,0.0519169383,0.970852733
26934288113265,70810,-1.50348699,0.0331693217,-1.57345533,-0.01589128,0.236729562,0.0542464666,0.969929874
26934304797692,70826,-1.51092887,0.0345810726,-1.57740998,-0.0167532042,0.239941657,0.0565282069,0.968995273
26934321482744,70842,-1.51849759,0.0358732305,-1.58150148,-0.0168287624,0.243570477,0.0585540831,0.967967868
26934338111807,70860,-1.52718723,0.0371340588,-1.58633399,-0.0156942606,0.247584954,0.0605052002,0.966847777
26934354913421,70876,-1.53512585,0.0380355716,-1.59082901,-0.0135658411,0.250645876,0.0619273186,0.966000915
26934371441598,70892,-1.54315126,0.0387619138,-1.59537363,-0.0110494215,0.253243327,0.063038975,0.965283275
26934388198161,70909,-1.55182934,0.0393400602,-1.6003902,-0.00872349646,0.255631894,0.0640315786,0.964612007
26934404798369,70926,-1.56070447,0.0396821462,-1.60576522,-0.00667204289,0.25793764,0.0649895519,0.963950217
26934421568109,70942,-1.56908512,0.0398026481,-1.61105788,-0.00483180908,0.260211438,0.0660404339,0.963278413
26934438165817,70958,-1.57759249,0.0396593586,-1.61651456,-0.00317827356,0.262367249,0.0676099062,0.96259141
26934454777223,70976,-1.58733416,0.0392404646,-1.62282181,-0.00141646492,0.264660895,0.0699007809,0.961803794
26934471449827,70992,-1.59615803,0.0386157259,-1.62862563,-3.44236723e-05,0.266723186,0.0720696002,0.961074829
26934488112067,71008,-1.60514438,0.0377786681,-1.63465118,0.000812138373,0.268611223,0.0741353408,0.960391283
26934504802900,71025,-1.61495328,0.0367766172,-1.64119613,0.0012802406,0.269979745,0.076172322,0.95984745
26934521446338,71042,-1.62517869,0.0356440023,-1.64785385,0.00165838492,0.270624489,0.0778204352,0.959533095
26934538114098,71058,-1.6351707,0.0345242918,-1.65432429,0.00177968619,0.270702958,0.0792004019,0.959397733
26934554790140,71075,-1.64617372,0.0332176574,-1.66149485,0.00150835013,0.270741016,0.0805231184,0.959277451
26934571451025,71091,-1.65688813,0.0319238752,-1.66855133,0.000860722968,0.270904034,0.0816706717,0.959135115
26934588111390,71108,-1.66868377,0.0306116268,-1.67636681,-0.000107604814,0.271078736,0.0829052404,0.958980203
26934604783734,71124,-1.68023419,0.0294729155,-1.68400419,-0.00104366161,0.271237165,0.0841841251,0.958823442
26934624582275,71144,-1.69509518,0.0281938072,-1.69397151,-0.00149042078,0.271852106,0.0855049416,0.958531797
26934638343786,71157,-1.70504057,0.0274078194,-1.70062184,-0.00116611761,0.272219032,0.086273551,0.958359182
26934654789358,71174,-1.71837139,0.0265530329,-1.70949805,-9.55323558e-05,0.272193968,0.0874388069,0.958261371
26934671450504,71190,-1.73120272,0.0258948188,-1.71798265,0.00135904853,0.271813571,0.0885971263,0.958262086
26934688113838,71208,-1.74591768,0.0252849516,-1.72760665,0.00291129318,0.271035641,0.0899949074,0.958348632
26934704932431,71224,-1.75923944,0.0249909461,-1.73620677,0.00397525588,0.269746065,0.0915653408,0.958559871
26934721405504,71240,-1.77286351,0.0249033459,-1.74479163,0.00493129948,0.267927378,0.0934214592,0.958886445
26934738132640,71256,-1.78672338,0.0248957649,-1.75343013,0.00566451671,0.265932828,0.0953500941,0.959247708
26934754794723,71274,-1.80250978,0.0249597654,-1.76314294,0.00611692434,0.263771206,0.0972453281,0.959651411
26934771443838,71290,-1.81674671,0.0250644218,-1.77175999,0.00639714114,0.261724919,0.0985898823,0.960072577
26934788114775,71307,-1.83199954,0.0251764245,-1.78095973,0.00641619088,0.259390175,0.099580057,0.960603714
26934804780608,71323,-1.8463676,0.02529395,-1.78961337,0.00575623056,0.257118613,0.0999974087,0.961175025
26934821452119,71339,-1.86078107,0.0254183467,-1.79821181,0.00422104541,0.254668802,0.0999666229,0.961838186
26934838286338,71357,-1.87702346,0.0256454144,-1.80771458,0.00141059468,0.251998574,0.0991439298,0.962634563
26934854778838,71373,-1.89151323,0.025950063,-1.81604671,-0.00190499646,0.24984403,0.0974919647,0.963363707
26934871451077,71389,-1.9058876,0.0263508968,-1.82426035,-0.00547841471,0.247736245,0.0949720517,0.964145839
26934888111285,71405,-1.92000651,0.0268464293,-1.83232152,-0.00877351407,0.24590072,0.0913909972,0.964937091
26934904840660,71422,-1.93471169,0.0274298899,-1.84083354,-0.0117782131,0.244362995,0.0864637867,0.965749562
26934921448108,71439,-1.94892955,0.028064236,-1.8494153,-0.0141402204,0.242881447,0.0806439221,0.966594696
26934938067796,71455,-1.96197426,0.0285934806,-1.85751867,-0.0155425575,0.240888625,0.0748623908,0.967536449
26934954800452,71472,-1.97535241,0.0291349851,-1.8662616,-0.0163260587,0.237777904,0.0691006854,0.968720973
26934971444150,71489,-1.98794901,0.029708866,-1.87514114,-0.0168850496,0.233974442,0.0637513548,0.970003486
26934988203108,71505,-1.99912989,0.0303619504,-1.88339949,-0.017929716,0.229889035,0.0588259473,0.971271932
26935004798994,71522,-2.0103817,0.0313157141,-1.8919735,-0.0199577995,0.224346846,0.053777501,0.972819746
26935021457483,71538,-2.02043343,0.0324270353,-1.89983511,-0.0226408616,0.217681855,0.0492850803,0.974511743
26935038202744,71554,-2.03000689,0.0336977988,-1.9074837,-0.025794087,0.210380793,0.0448014811,0.976251781
26935054808369,71571,-2.03957772,0.0350880027,-1.91548443,-0.029131392,0.202851146,0.0399690159,0.977959812
26935071500660,71588,-2.0484767,0.0364289135,-1.92353392,-0.0320794024,0.195792854,0.0354137607,0.979480505
26935088716181,71605,-2.05705118,0.0376562253,-1.93157434,-0.0342785753,0.18930769,0.0314336009,0.980815768
26935104785660,71621,-2.06483674,0.0386871696,-1.93915939,-0.0358306095,0.184182391,0.0281749312,0.98183465
26935121445400,71638,-2.07279658,0.0395970047,-1.94710207,-0.0372898094,0.179980844,0.025336463,0.982636511
26935138109306,71654,-2.08004713,0.0402242765,-1.95442879,-0.0386128239,0.177166522,0.0235356819,0.983141482
26935154813525,71670,-2.08705211,0.0406447425,-1.96181297,-0.0399789996,0.175240189,0.02263497,0.983453274
26935171447067,71688,-2.09455299,0.0409604758,-1.97018242,-0.0417107344,0.17383036,0.0221247934,0.983643055
26935188118994,71704,-2.10078812,0.0411292762,-1.97759771,-0.0432401672,0.172339067,0.0217135716,0.983848572
26935204776181,71720,-2.10664225,0.0411947519,-1.98496699,-0.0442393236,0.169614747,0.0212565381,0.98428756
26935221453004,71737,-2.11232781,0.0411721803,-1.99276173,-0.0444886126,0.16499719,0.0206992459,0.985072792
26935239074046,71754,-2.11752009,0.0410929769,-2.00051641,-0.0437741093,0.158806771,0.0202226527,0.986131549
26935254782379,71770,-2.12192059,0.0409331843,-2.00776839,-0.0421283618,0.151625112,0.0201095529,0.987335145
26935271456077,71787,-2.12598991,0.0407555625,-2.01543856,-0.0394756049,0.142252535,0.0208322592,0.988823533
26935288176389,71803,-2.12927485,0.0405711904,-2.02266335,-0.036525473,0.131794751,0.022523867,0.990347803
26935304782275,71820,-2.13219833,0.0403353386,-2.03024364,-0.0336737521,0.119346909,0.0252939928,0.991959035
26935321471181,71837,-2.13476491,0.0401798561,-2.03755713,-0.0315756798,0.106007233,0.0288131498,0.993446231
26935338112952,71853,-2.13693428,0.0401006453,-2.04426241,-0.0304002296,0.0931267142,0.0324782543,0.99466002
26935354779046,71869,-2.13878703,0.0400682688,-2.05090404,-0.0300270636,0.0801999718,0.0363205448,0.995664239
26935371463264,71886,-2.14059114,0.0400828309,-2.05795813,-0.03030934,0.0667280182,0.04041842,0.996491432
26935388118889,71902,-2.14218998,0.0401109792,-2.06463099,-0.0311016534,0.0548074991,0.0439990945,0.99704212
26935404795869,71919,-2.14371562,0.0401414484,-2.07175016,-0.0326137803,0.0434558243,0.0471995883,0.997406721
26935421454671,71936,-2.14516211,0.0402144864,-2.07894158,-0.0344765931,0.0336468294,0.049404934,0.997616351
26935438115035,71952,-2.14647961,0.0403562225,-2.0858562,-0.0362088978,0.0253740884,0.0507443547,0.99773252
26935454795764,71969,-2.14790559,0.0404405259,-2.0933907,-0.0377512723,0.0170868505,0.0518541075,0.997794628
26935471451598,71986,-2.14910007,0.0404074416,-2.10109401,-0.0388595425,0.00938113499,0.0522891097,0.997831583
26935488119358,72002,-2.15010118,0.0403598435,-2.1084969,-0.039757181,0.00209793379,0.0518009737,0.997863591
26935504817796,72018,-2.15119386,0.0403306484,-2.11606145,-0.0404461436,-0.00589293987,0.0504471213,0.997890055
26935521462171,72035,-2.15230203,0.040372517,-2.12422037,-0.0410590544,-0.0151830725,0.0480981991,0.997882903
26935538123577,72052,-2.15339422,0.0404610634,-2.13246012,-0.041806601,-0.0248836838,0.0453333706,0.997786522
26935554791441,72068,-2.15431261,0.0406142026,-2.14034677,-0.0424600318,-0.0336034968,0.0425939411,0.997624099
26935571447744,72085,-2.15508246,0.0410173386,-2.14893246,-0.0431125611,-0.0421377867,0.0396753177,0.997392416
26935588158681,72101,-2.15563798,0.0416080132,-2.15713716,-0.0436127521,-0.0498909615,0.0372928083,0.997104824
26935604780712,72118,-2.15593791,0.0423484184,-2.1659162,-0.0437824279,-0.058211498,0.0353852697,0.996715844
26935622260869,72135,-2.15590334,0.0431951396,-2.17478561,-0.0434955433,-0.0668443516,0.0342250764,0.996227264
26935638119931,72151,-2.15566564,0.0441509858,-2.18330622,-0.0428262353,-0.0751947835,0.0336528458,0.995680273
26935654785296,72167,-2.15536237,0.0453491658,-2.19211841,-0.042055279,-0.0839582309,0.0333733298,0.995021939
26935671682952,72185,-2.15482807,0.0469592176,-2.20212173,-0.0412007459,-0.0941727906,0.0328813121,0.9941594
26935688113160,72201,-2.1541791,0.0486329049,-2.2109561,-0.04065286,-0.10341689,0.031913273,0.993294477
26935704791077,72217,-2.15340662,0.0505020618,-2.21983266,-0.0402499549,-0.112849846,0.0303543489,0.992332399
26935721928629,72234,-2.1523633,0.052558817,-2.22933435,-0.0395952091,-0.123143665,0.0282123853,0.991197288
26935738111129,72251,-2.15113044,0.0545306765,-2.23900104,-0.0385148786,-0.133678466,0.0256743263,0.989943266
26935754813368,72267,-2.14975429,0.0563386753,-2.24821019,-0.0371471457,-0.143753201,0.0228803586,0.988651454
26935771445556,72283,-2.14834523,0.0581330582,-2.25751209,-0.035331443,-0.154054925,0.0196896642,0.987234116
26935788117691,72300,-2.14666748,0.0600163788,-2.26746416,-0.0329652503,-0.16552487,0.0160582382,0.98552376
26935804776858,72317,-2.14447689,0.0618968233,-2.27730989,-0.0304038282,-0.177642971,0.0122955721,0.983548462
26935821481962,72333,-2.14210773,0.0635755509,-2.28652954,-0.0278817881,-0.189527094,0.00864701439,0.981441498
26935838161493,72350,-2.13915634,0.0652645826,-2.29615092,-0.0251027215,-0.202586681,0.00466483133,0.978931487
26935854781441,72366,-2.13598347,0.0667467415,-2.3050127,-0.0225359723,-0.215562642,0.000907368667,0.976229548
26935871447952,72383,-2.13225269,0.068278864,-2.31419063,-0.01992229,-0.230121285,-0.00307827373,0.9729532
26935888111806,72400,-2.12816334,0.0696787983,-2.3230598,-0.017460417,-0.245314822,-0.00696085859,0.969261289
26935904804150,72416,-2.12400317,0.0707890466,-2.3311882,-0.0152986664,-0.260103792,-0.010358816,0.965403914
26935921587691,72432,-2.11947918,0.0718060285,-2.33909965,-0.0131913358,-0.275229365,-0.0133876139,0.961194932
26935938111962,72449,-2.11429167,0.0727434307,-2.34740853,-0.0108897137,-0.291749865,-0.0162858982,0.95629406
26935954783525,72466,-2.10884762,0.0735312849,-2.35535026,-0.00860498007,-0.308828712,-0.0189540125,0.950889885
26935971446598,72482,-2.10377812,0.0741451383,-2.3620429,-0.00662374031,-0.325319052,-0.0213881731,0.945339262
26935988113993,72499,-2.09825969,0.0746726543,-2.36877751,-0.00484060589,-0.343288988,-0.0238906834,0.938913524
26936004912066,72515,-2.09256959,0.0750386566,-2.37520385,-0.00342605123,-0.360671461,-0.0259184577,0.932326436
26936021450556,72532,-2.0862031,0.0752550885,-2.38182902,-0.0020380416,-0.379573822,-0.02740518,0.924753249
26936038113889,72549,-2.07987094,0.0753564015,-2.38788939,-0.000672168389,-0.398826897,-0.0279523227,0.916599929
26936054782848,72565,-2.07397175,0.0753864795,-2.39297819,0.000600114465,-0.417306393,-0.0275583845,0.908347726
26936071451702,72581,-2.06806469,0.0753150135,-2.39764833,0.00172122824,-0.436083466,-0.0263800602,0.899517894
26936088334670,72598,-2.0617764,0.0751466528,-2.40228415,0.00247566588,-0.456218988,-0.0245655738,0.889524996
26936104853056,72614,-2.05590701,0.0749761611,-2.40622449,0.00274127559,-0.475286335,-0.0226118509,0.879536331
26936121459202,72632,-2.04953146,0.0747753084,-2.41005015,0.00254354277,-0.496894419,-0.0203364268,0.867569029
26936138113316,72648,-2.0442946,0.0746385902,-2.41298556,0.00201183883,-0.516264975,-0.0184060615,0.856228769
26936154781597,72664,-2.03915787,0.0744956434,-2.41542363,0.00138541649,-0.53585577,-0.0166313313,0.844144583
26936171480868,72680,-2.03398108,0.0743348002,-2.41757989,0.000938555459,-0.555721521,-0.0148714241,0.831235051
26936188125139,72698,-2.02827668,0.0741054341,-2.4194665,0.000785534503,-0.578291833,-0.0126529643,0.815731525
26936204782483,72714,-2.02325439,0.0737671703,-2.42038608,0.000746719772,-0.598480344,-0.0101947524,0.801072299
26936221453837,72730,-2.01828837,0.0733162016,-2.4209466,0.000488027144,-0.618578672,-0.00714109838,0.785690308
26936238162535,72747,-2.01311588,0.0728008151,-2.42093039,-0.000442394114,-0.639436781,-0.003454427,0.768835902
26936254800452,72764,-2.00801945,0.072259739,-2.42044401,-0.00243560574,-0.659682155,0.000708462496,0.751540542
26936271465504,72780,-2.00338507,0.0717023313,-2.41942286,-0.00551259145,-0.678136289,0.00524189975,0.734896898
26936288115035,72796,-1.99906313,0.0710653663,-2.41766453,-0.00979505386,-0.695913255,0.0104215909,0.717983544
26936304825243,72814,-1.99451315,0.0700904652,-2.41497803,-0.0161827207,-0.71511066,0.0169344526,0.69861871
26936321458368,72830,-1.99078894,0.068954058,-2.4118154,-0.023201663,-0.731250346,0.0226575267,0.681337893
26936338138525,72847,-1.98730993,0.0676347464,-2.40777946,-0.0315249935,-0.747359633,0.0275279097,0.663100302
26936354833837,72863,-1.98441422,0.066467613,-2.40352201,-0.0396839716,-0.76173991,0.0304079298,0.645951211
26936371447431,72880,-1.98164272,0.0653409585,-2.3985703,-0.0479739308,-0.776384175,0.0316600949,0.627633393
26936388137327,72896,-1.97931075,0.0642829835,-2.39351487,-0.0549128503,-0.789696515,0.0314819068,0.610223711
26936404779879,72913,-1.97702038,0.0629974008,-2.38765574,-0.0609927401,-0.803391218,0.0304588843,0.591535926
26936422191233,72929,-1.97501385,0.0615170747,-2.38162255,-0.0651941448,-0.815811396,0.0291056763,0.573894024
26936438150972,72946,-1.97293305,0.0597550645,-2.37473679,-0.0679024756,-0.828397572,0.027473852,0.555330634
26936454779045,72962,-1.97088158,0.0580277368,-2.36774611,-0.0690282881,-0.839744747,0.0257221777,0.537961245
26936471476181,72979,-1.96874344,0.0561558306,-2.35994339,-0.0692267716,-0.851264179,0.023466697,0.519621372
26936488114566,72995,-1.96684361,0.054364562,-2.35240126,-0.0688455254,-0.86146313,0.0208714548,0.50269872
26936504877535,73013,-1.96483278,0.0522144176,-2.34359026,-0.0683339015,-0.872232914,0.0174573343,0.483978957
26936521474045,73029,-1.96298921,0.0502132252,-2.33547974,-0.0682091862,-0.881294549,0.0141970962,0.467403382
26936538084931,73045,-1.96084237,0.0481497683,-2.32731676,-0.0686034113,-0.890039682,0.0109846024,0.450557858
26936554943837,73061,-1.95870829,0.0458768532,-2.31884551,-0.0695705563,-0.898458719,0.00798268616,0.433437616
26936571446910,73079,-1.95657778,0.0428900234,-2.30867624,-0.0711331591,-0.907422125,0.00492077321,0.414126784
26936588131545,73095,-1.95461106,0.039945852,-2.29937887,-0.0726458207,-0.914884746,0.00236566388,0.39711833
26936604783004,73111,-1.95242846,0.0368159488,-2.2899189,-0.0741264224,-0.921845555,-0.000139316893,0.380402625
26936621447014,73128,-1.94988227,0.0332983434,-2.27975035,-0.0756854713,-0.928667963,-0.0029961199,0.36309588
26936638206389,73145,-1.94722807,0.0297783054,-2.26919174,-0.077226609,-0.934835792,-0.00626272382,0.346524119
26936654779566,73161,-1.94452631,0.0265056267,-2.25901985,-0.0785998926,-0.940082073,-0.00982129201,0.331619352
26936671451858,73177,-1.94177127,0.0233684368,-2.24858093,-0.0797812715,-0.944792509,-0.0138172442,0.317507654
26936688128837,73194,-1.93889022,0.020223625,-2.23704743,-0.0808067024,-0.949264646,-0.0182259809,0.303372383
26936704786910,73211,-1.93583345,0.0171753243,-2.22529721,-0.0818325132,-0.95331341,-0.0225596391,0.289807051
26936721520764,73228,-1.93257117,0.0143923759,-2.21337175,-0.0829363391,-0.956939936,-0.0266493615,0.276906878
26936738109826,73244,-1.92924714,0.0120374784,-2.20210934,-0.0839372948,-0.960025072,-0.0302426219,0.265314549
26936754783368,73260,-1.92577839,0.00995822251,-2.19068384,-0.0849492475,-0.96286124,-0.033475291,0.254089296
26936771496858,73278,-1.92145109,0.00794577599,-2.17755985,-0.0863453075,-0.965824544,-0.036746826,0.241613716
26936788118837,73294,-1.9172374,0.00637679175,-2.16570473,-0.0877649635,-0.968210995,-0.0391524322,0.2309369
26936804788056,73310,-1.91294372,0.00503449515,-2.15357852,-0.0893442929,-0.970223546,-0.0411606953,0.221336156
26936821448576,73326,-1.90844107,0.00380429626,-2.1412499,-0.0913709626,-0.97183603,-0.0429222025,0.212940902
26936838155451,73343,-1.90355098,0.00276817754,-2.12776852,-0.0938746333,-0.973132372,-0.0443105511,0.205517858
26936854779722,73360,-1.8984741,0.00201961398,-2.11416173,-0.0964538828,-0.974149287,-0.0451784246,0.199220538
26936871446962,73377,-1.89337575,0.00154065713,-2.10023165,-0.0989806876,-0.975075305,-0.0453177951,0.193332136
26936888149826,73392,-1.88911963,0.00133860111,-2.08739853,-0.100593746,-0.975942731,-0.0445457809,0.188234895
26936904782743,73410,-1.88418174,0.001224529,-2.07171726,-0.1012135,-0.977174222,-0.0428028367,0.181808665
26936921461806,73426,-1.87995839,0.00134400278,-2.05743885,-0.100398891,-0.978560925,-0.0407528728,0.175151154
26936938165660,73443,-1.87581992,0.00166192278,-2.04196596,-0.0980546474,-0.980400264,-0.0380599089,0.166589439
26936954822431,73459,-1.87224865,0.00218361616,-2.02715564,-0.0947751477,-0.982421517,-0.0352694653,0.15691328
26936971444097,73476,-1.86873519,0.00288137048,-2.01122618,-0.0905585513,-0.98475641,-0.0323403962,0.144941777
26936988117118,73493,-1.86573052,0.00358112901,-1.99501801,-0.085769318,-0.987134755,-0.0295836963,0.131656542
26937004817014,73509,-1.86344302,0.00414157286,-1.97944975,-0.0808260739,-0.989283621,-0.0274186712,0.11846254
26937021549618,73525,-1.86158848,0.0045157969,-1.96368861,-0.0755181611,-0.991284251,-0.0260989238,0.104745425
26937038424462,73542,-1.86001456,0.00483777747,-1.94658947,-0.069747515,-0.993204236,-0.0254415069,0.0896290094
26937054777639,73559,-1.85889792,0.00508444011,-1.9292798,-0.0637847111,-0.994854748,-0.0253756791,0.0745096728
26937071452326,73575,-1.85841918,0.00535304099,-1.91292703,-0.0579599589,-0.9961344,-0.0259613786,0.0606878102
26937088115139,73591,-1.8586123,0.00569599867,-1.89651263,-0.0523207746,-0.997176707,-0.0265106726,0.0468874797
26937104974358,73609,-1.85955143,0.00612135231,-1.87806427,-0.0465469621,-0.998098075,-0.0264367294,0.0305737276
26937121447639,73625,-1.86079931,0.0066148825,-1.86169052,-0.0420930982,-0.998664021,-0.0259601586,0.0149828652
26937138108524,73642,-1.86238134,0.00714784488,-1.84454072,-0.0380921662,-0.998956084,-0.0250842199,-0.00257163239
26937154784774,73658,-1.86424637,0.00774522126,-1.82852221,-0.0351553485,-0.998899817,-0.0242494196,-0.019371856
26937171445764,73674,-1.86670971,0.00850173086,-1.81283355,-0.0329765156,-0.99853611,-0.0238173138,-0.0356513858
26937188127535,73691,-1.86973035,0.00950809568,-1.796731,-0.0314585231,-0.997852981,-0.0239411145,-0.0522188284
26937204781024,73708,-1.8729105,0.0107516907,-1.78121078,-0.0308830533,-0.99687469,-0.0245286357,-0.0684508905
26937221461180,73724,-1.8760922,0.0120340846,-1.76727772,-0.0309496671,-0.995701849,-0.0253562592,-0.0835284293
26937238119462,73741,-1.87967527,0.0135018378,-1.75291002,-0.0311418362,-0.994231343,-0.0266005378,-0.0991299823
26937254777951,73757,-1.88310909,0.0148523897,-1.73978496,-0.0310730264,-0.992670655,-0.0279040039,-0.113405444
26937272080660,73773,-1.88668275,0.0162516795,-1.72714472,-0.0307223499,-0.99095881,-0.0289356634,-0.127356216
26937288118941,73791,-1.89103413,0.0180047788,-1.7136575,-0.0300938878,-0.988827467,-0.0299174301,-0.142897367
26937304831076,73807,-1.89504933,0.0195894279,-1.70231092,-0.0293992441,-0.986702502,-0.0309604108,-0.156829
26937321576910,73823,-1.89903474,0.0211126059,-1.6914022,-0.0285130367,-0.984367073,-0.0321305916,-0.170810118
26937338109357,73840,-1.90319109,0.0225955658,-1.6807189,-0.0272510219,-0.981638551,-0.0334315747,-0.18581064
26937354837639,73857,-1.90738785,0.0239521787,-1.67047584,-0.025810875,-0.978694141,-0.0346368551,-0.200728282
26937371447118,73873,-1.91135728,0.0250980929,-1.66115105,-0.0247560143,-0.975684524,-0.0356382355,-0.214841321
26937388111180,73889,-1.91542637,0.0260843262,-1.6522547,-0.0241883285,-0.972431242,-0.0365486145,-0.2290342
26937404779878,73907,-1.92023444,0.0270314254,-1.64253139,-0.0239405762,-0.968506753,-0.0379274264,-0.244914427
26937421447066,73923,-1.92458296,0.0276770145,-1.63442671,-0.0237484351,-0.96478653,-0.0393892415,-0.258981645
26937438185660,73939,-1.92895472,0.0281710327,-1.62653458,-0.0233381186,-0.960906684,-0.0408965573,-0.272839278
26937454781493,73956,-1.93361044,0.0286077,-1.61855972,-0.0225415416,-0.956606567,-0.0425832048,-0.287371725
26937471444045,73973,-1.93836033,0.02885665,-1.61084855,-0.0211360697,-0.952262223,-0.0439391844,-0.301362306
26937488112743,73989,-1.94289851,0.0289762206,-1.60369051,-0.0193456002,-0.948037446,-0.0449093617,-0.314378858
26937504786909,74005,-1.94752395,0.0289582759,-1.59676778,-0.0171654969,-0.94356966,-0.0456553474,-0.327562779
26937521608316,74022,-1.95261931,0.0287095942,-1.58952522,-0.0141545143,-0.938693285,-0.0460091345,-0.341376513
26937538113941,74039,-1.95790136,0.0283702277,-1.58253968,-0.0103854649,-0.933722138,-0.0456732139,-0.354921311
26937554779670,74056,-1.9634279,0.0278912038,-1.57586884,-0.00647227746,-0.928472936,-0.0444979295,-0.36866802
26937571473055,74072,-1.96874857,0.027229555,-1.56995523,-0.00315276557,-0.92300123,-0.0430318154,-0.382370442
26937588122222,74088,-1.97427869,0.0263421535,-1.56427062,-0.000104748753,-0.917039752,-0.0417110547,-0.396608651
26937604787691,74105,-1.98046196,0.0251942724,-1.55843341,0.00330295414,-0.910377145,-0.0408047177,-0.411749363
26937621473420,74122,-1.9868784,0.0239622816,-1.55290556,0.00692367135,-0.903238416,-0.0407535397,-0.427143604
26937638120243,74138,-1.99326801,0.0227739513,-1.54785967,0.0100538721,-0.89610213,-0.0414775796,-0.441791385
26937654802951,74155,-2.00038815,0.0215972289,-1.54288709,0.0129530495,-0.888533235,-0.0431078002,-0.456598967
26937671451389,74171,-2.00743413,0.0206048079,-1.53859472,0.015230326,-0.881908417,-0.0454727709,-0.468975335
26937688119409,74188,-2.01532555,0.019605387,-1.534603,0.0167956222,-0.875485361,-0.048590485,-0.480502188
26937704827378,74205,-2.02352476,0.0186193585,-1.53111672,0.0170150958,-0.869344711,-0.0520725287,-0.491160661
26937721662274,74221,-2.03149199,0.0176119693,-1.5279386,0.0159533191,-0.863691866,-0.0553474128,-0.500717998
26937738136753,74237,-2.0396347,0.0164937191,-1.52494955,0.0140557056,-0.858226597,-0.0584275015,-0.509741008
26937754860399,74254,-2.0484817,0.0152795576,-1.5219276,0.0117537696,-0.852705002,-0.0614322014,-0.518634975
26937771447534,74271,-2.05742717,0.0140226744,-1.51925099,0.00952234771,-0.84720552,-0.0642021298,-0.527285755
26937788250607,74287,-2.06585646,0.01279971,-1.51694429,0.0075956108,-0.841652393,-0.0669990182,-0.535793662
26937804775034,74303,-2.07431126,0.0115462355,-1.51472735,0.00612404756,-0.835848987,-0.0697805509,-0.544472039
26937821464149,74321,-2.08385682,0.0100532994,-1.5125128,0.00526232645,-0.829278111,-0.0725509897,-0.554081678
26937838116336,74337,-2.09251285,0.00864701346,-1.51058352,0.0051254374,-0.823494494,-0.0746810585,-0.562363982
26937854797743,74353,-2.1012423,0.00723183528,-1.50894296,0.00539852167,-0.817781568,-0.0764059648,-0.57040894
26937871486024,74370,-2.11072874,0.00564157218,-1.50724578,0.00618306454,-0.811932266,-0.077816911,-0.578508735
26937888123211,74387,-2.12051702,0.00399630144,-1.50556183,0.00777927833,-0.806537211,-0.0789239407,-0.585839868
26937904822118,74403,-2.12997079,0.00249558315,-1.50410533,0.0100299651,-0.801994205,-0.0796788931,-0.591908753
26937921456961,74420,-2.14043856,0.000942803919,-1.50247121,0.0129548451,-0.797626317,-0.079954125,-0.597688794
26937938111284,74436,-2.15050626,-0.00031991303,-1.5009954,0.015793547,-0.793476403,-0.0798389912,-0.603134692
26937954944149,74453,-2.16167188,-0.00158903375,-1.49946022,0.0185294766,-0.788718224,-0.0795434937,-0.609305441
26937971448159,74470,-2.1735723,-0.00282283872,-1.49793243,0.0207430143,-0.783699512,-0.0791143999,-0.615731955
26937988113836,74486,-2.1853044,-0.00389338285,-1.49654782,0.0222297143,-0.778865516,-0.0788210109,-0.621821284
26938004788003,74502,-2.19758558,-0.00491918623,-1.49522734,0.0229775049,-0.773927689,-0.0788963065,-0.627919853
26938022833420,74521,-2.21302772,-0.00604336336,-1.49376416,0.0224767663,-0.767896235,-0.0794357881,-0.635232449
26938038342899,74535,-2.22493219,-0.00686578825,-1.49280548,0.021316668,-0.763447523,-0.0801072866,-0.640528142
26938054780138,74552,-2.23996449,-0.0078105852,-1.49179482,0.0196698029,-0.758140385,-0.0813269243,-0.646701097
26938071539618,74568,-2.25469756,-0.00860698521,-1.49095881,0.0182672776,-0.753325999,-0.0824646279,-0.652200878
26938088111805,74586,-2.27183461,-0.00934502482,-1.49026752,0.0171166658,-0.748062193,-0.083138369,-0.658177793
26938104799045,74602,-2.28748202,-0.00980052724,-1.48979807,0.0165796205,-0.743403077,-0.0829132423,-0.6634776
26938121459461,74618,-2.30349302,-0.0101134293,-1.48917651,0.0162493419,-0.738733351,-0.0816240683,-0.668839693
26938138111076,74635,-2.32085156,-0.0103746206,-1.48844922,0.0161444023,-0.733778894,-0.0789040402,-0.674597681
26938154784149,74652,-2.33841228,-0.0104199089,-1.48765159,0.0160550307,-0.728989542,-0.075012438,-0.680212915
26938171452170,74668,-2.35510826,-0.0102730133,-1.48674893,0.0154372295,-0.72472626,-0.0706139505,-0.685235202
26938188116493,74684,-2.37180424,-0.00991293788,-1.48577368,0.0139594711,-0.720912397,-0.0659405291,-0.689740777
26938204785243,74701,-2.38928556,-0.00915069133,-1.48481929,0.0113935648,-0.717580557,-0.0611238554,-0.693694711
26938221471857,74718,-2.40645838,-0.00801797584,-1.4838984,0.00773333013,-0.714796603,-0.0569858514,-0.696963906
26938238128628,74734,-2.42230821,-0.00672887266,-1.48280203,0.0034343705,-0.712743044,-0.0538932793,-0.699343383
26938254777222,74751,-2.43879008,-0.005155541,-1.48132801,-0.00178565225,-0.711401761,-0.0512399375,-0.700912893
26938271449774,74767,-2.4539125,-0.00348939374,-1.47977424,-0.00728840288,-0.710841,-0.0491751209,-0.701593816
26938288145763,74784,-2.46947503,-0.00154550001,-1.4778831,-0.0136804227,-0.710712016,-0.0473659411,-0.701753318
26938304785399,74801,-2.48452568,0.000535454601,-1.47563303,-0.0206615739,-0.711070776,-0.0459039323,-0.701316118
26938321445138,74817,-2.49831414,0.00262120739,-1.47318137,-0.0276678354,-0.712237537,-0.0448021814,-0.699960768
26938338120347,74834,-2.51243186,0.00507046841,-1.47018218,-0.0357064195,-0.714796603,-0.0439480878,-0.697036266
26938354778211,74850,-2.52493882,0.00758340396,-1.4670496,-0.0441978574,-0.718655646,-0.0431570262,-0.69261694
26938371577638,74867,-2.53714252,0.0105772316,-1.46334636,-0.0542118624,-0.724069774,-0.0421558917,-0.686299443
26938388115347,74883,-2.547436,0.0137171056,-1.45936406,-0.0641532987,-0.729941487,-0.0408781171,-0.679263473
26938404784045,74900,-2.55688572,0.0173297636,-1.45432973,-0.0749377981,-0.736528695,-0.0391801298,-0.671099663
26938421450607,74917,-2.56453943,0.021348495,-1.44839656,-0.085227482,-0.743526101,-0.0372182913,-0.662208438
26938438121232,74933,-2.56992459,0.0255993493,-1.44208288,-0.0939709768,-0.750502825,-0.0351230428,-0.653208554
26938454800659,74949,-2.57343578,0.0302248821,-1.43505669,-0.101410083,-0.757699192,-0.0327888206,-0.64384228
26938471449045,74967,-2.57529902,0.03570728,-1.42651284,-0.107710764,-0.765953064,-0.0298122633,-0.633107781
26938488114149,74983,-2.57512307,0.0407238789,-1.41832304,-0.111115791,-0.773636162,-0.0266289227,-0.623242617
26938504786961,74999,-2.57325506,0.0458133891,-1.40975213,-0.11234957,-0.782087743,-0.0226763021,-0.612537503
26938521455503,75015,-2.56986237,0.0509268902,-1.4011426,-0.111372612,-0.791344225,-0.0179072712,-0.600874305
26938538113420,75033,-2.56442714,0.0565799661,-1.39137602,-0.108146504,-0.801994503,-0.0119171813,-0.587339103
26938554872690,75049,-2.55844522,0.061469838,-1.3828156,-0.104002282,-0.811444342,-0.00623866264,-0.575067639
26938571445503,75065,-2.55154157,0.0662635118,-1.37463427,-0.0986087546,-0.821314692,-0.000625673449,-0.561888099
26938588150034,75082,-2.54312086,0.0713701695,-1.36660039,-0.0917637348,-0.8325243,0.00491948705,-0.546313643
26938604775399,75099,-2.53379107,0.0764350295,-1.35951221,-0.0847522765,-0.844236493,0.0101846671,-0.529129505
26938621463784,75116,-2.52384186,0.0812748522,-1.35353649,-0.0782551095,-0.855945826,0.0150827095,-0.510886967
26938639955294,75134,-2.51256633,0.0863084793,-1.34871399,-0.0722923726,-0.86790216,0.019489944,-0.49105981
26938654780867,75148,-2.5035646,0.0899987668,-1.34589076,-0.0688183606,-0.876748085,0.0224295631,-0.475472212
26938671469044,75165,-2.49236751,0.0942693874,-1.34362221,-0.0662002042,-0.886896312,0.0256218184,-0.456482112
26938688113211,75182,-2.48080182,0.0983855873,-1.34269929,-0.0650841817,-0.896149874,0.0278474484,-0.438068658
26938704790815,75198,-2.46966004,0.101926446,-1.34281778,-0.0652486011,-0.90380609,0.0288543161,-0.42195335
26938721446597,75214,-2.45818853,0.105197504,-1.34389913,-0.0663721785,-0.910481691,0.0289520118,-0.407160491
26938738113472,75232,-2.445117,0.108325571,-1.34588647,-0.0678516328,-0.917231143,0.0279213879,-0.391539991
26938754805919,75248,-2.43313742,0.110660866,-1.34823811,-0.0688624159,-0.92292279,0.0262605622,-0.377865016
26938771442951,75264,-2.42092085,0.112580448,-1.35082626,-0.0693114698,-0.928596973,0.0244308691,-0.363739878
26938788121024,75280,-2.40819192,0.114137545,-1.35373139,-0.0691098422,-0.934434175,0.0230686609,-0.348603725
26938804812221,75298,-2.3929863,0.115484849,-1.35750091,-0.067690134,-0.941261232,0.0221605357,-0.330082417
26938821463836,75314,-2.37886286,0.116115808,-1.36087418,-0.0652763844,-0.947426677,0.0219853036,-0.31247136
26938838170711,75330,-2.3639822,0.11637111,-1.36439443,-0.0619785786,-0.953559577,0.0226606242,-0.293886602
26938854779201,75348,-2.3465097,0.116175644,-1.36848295,-0.0572373122,-0.960478783,0.0239348393,-0.271351427
26938871452013,75364,-2.33030605,0.115676105,-1.37233853,-0.0524311662,-0.966637254,0.0250623878,-0.249470204
26938888133732,75380,-2.31336927,0.114975922,-1.37678182,-0.0475904681,-0.972698152,0.0258316416,-0.225668386
26938904782378,75396,-2.29591322,0.114092238,-1.38181448,-0.0433276668,-0.978440523,0.0259955693,-0.200252831
26938921471649,75414,-2.27586794,0.113279216,-1.38827765,-0.039853368,-0.984304309,0.0256185029,-0.170001566
26938938113107,75430,-2.25788474,0.11240907,-1.3945812,-0.0380500518,-0.988815367,0.0253709871,-0.141960591
26938954785815,75446,-2.23976827,0.111338668,-1.40149271,-0.0369990133,-0.992509425,0.0256751776,-0.11356464
26938971466544,75462,-2.22157407,0.110050045,-1.40899074,-0.0360781476,-0.995301843,0.0263757035,-0.0858900025
26938988110971,75480,-2.20096779,0.108263947,-1.41794777,-0.0350638554,-0.997407138,0.0274421424,-0.0565382876
26939005326857,75497,-2.18145585,0.106414974,-1.42716277,-0.0338539742,-0.998576999,0.0285943914,-0.0296704713
26939021473159,75512,-2.16445231,0.104521662,-1.43584085,-0.0323372297,-0.99903816,0.0290327054,-0.00584829133
26939038171440,75529,-2.14558434,0.102381073,-1.44635284,-0.0301546026,-0.998920739,0.028453527,0.0209412184
26939054783419,75546,-2.12718868,0.10022831,-1.45733929,-0.0273749176,-0.9981516,0.0267229155,0.0472219996
26939071447117,75562,-2.11046243,0.0983224288,-1.46811247,-0.0240632184,-0.996860385,0.0236330051,0.0716370493
26939088113367,75579,-2.09349918,0.0965741947,-1.48006463,-0.0200906005,-0.994909644,0.0191247519,0.0968785658
26939104789148,75595,-2.0782907,0.0949362516,-1.49138665,-0.0166622419,-0.992612362,0.0148471128,0.119258694
26939121444096,75612,-2.06296778,0.0933888853,-1.50334144,-0.0137207517,-0.989852428,0.0108905192,0.141015351
26939138113315,75629,-2.04852819,0.0919927061,-1.51519358,-0.0114229256,-0.986930311,0.00762365526,0.160561293
26939154797742,75645,-2.03580999,0.0909589827,-1.52623665,-0.00981540326,-0.984186232,0.0055439854,0.176778257
26939171452951,75661,-2.0239222,0.0901203454,-1.53693032,-0.00908058323,-0.981554925,0.00455574319,0.19091031
26939188120607,75679,-2.01156998,0.0894037485,-1.54866683,-0.00969762076,-0.97870481,0.00430346839,0.204998508
26939205258628,75695,-2.00162125,0.0891824663,-1.55888128,-0.0114639169,-0.976155221,0.0044667176,0.216724768
26939221500711,75711,-1.99263263,0.0891458988,-1.5684371,-0.0142333275,-0.973519564,0.00453825248,0.22811541
26939238356440,75728,-1.98394787,0.0896266028,-1.57803488,-0.0178860482,-0.970703483,0.00398739986,0.239580825
26939254780034,75745,-1.97611332,0.090807192,-1.58701146,-0.0215572566,-0.968004704,0.00241950806,0.249992907
26939271446180,75761,-1.9694401,0.0928048715,-1.59466588,-0.0241127647,-0.965716243,0.000126830026,0.258477747
26939288115971,75778,-1.96279681,0.0962517411,-1.60201478,-0.0250317343,-0.963817358,-0.00276779011,0.265371233
26939304848471,75794,-1.95689487,0.100870751,-1.60816801,-0.0239873752,-0.962693214,-0.00549848517,0.26947391
26939321454200,75811,-1.95103002,0.107507259,-1.61399984,-0.021109486,-0.962227762,-0.00755563891,0.271320939
26939338111492,75827,-1.94585192,0.115356147,-1.61883104,-0.0174446162,-0.962362528,-0.00778222131,0.271097094
26939354787273,75844,-1.94073141,0.125432864,-1.62328362,-0.0131462319,-0.962810338,-0.00579430535,0.269796163
26939371460242,75860,-1.93619764,0.136425644,-1.62679195,-0.00923756044,-0.963240564,-0.00204209029,0.268473625
26939388209200,75877,-1.93170595,0.149569854,-1.62984371,-0.00589490589,-0.963528097,0.00364110619,0.267517626
26939404794253,75894,-1.92778623,0.16429235,-1.63237965,-0.00309738051,-0.963477075,0.0105221989,0.267566025
26939421475607,75910,-1.92448127,0.179400668,-1.63443398,-0.00049916585,-0.963180423,0.0173662174,0.268294185
26939438121127,75926,-1.92148662,0.195580885,-1.63621128,0.00267465459,-0.962765753,0.0239382796,0.269261897
26939454779669,75944,-1.91838098,0.214753762,-1.63814449,0.0074797133,-0.962265253,0.0302806646,0.27031976
26939471477950,75960,-1.9156903,0.232634455,-1.6395942,0.0128347827,-0.961881757,0.03471357,0.270949721
26939488112221,75976,-1.91291022,0.251192868,-1.64064753,0.0190999582,-0.961444259,0.038242422,0.271657437
26939504797430,75993,-1.90992379,0.27133739,-1.64173388,0.0268649701,-0.960685492,0.0408664159,0.273297578
26939521444565,76010,-1.90709436,0.292022228,-1.64284396,0.0355984606,-0.95963645,0.0425539277,0.27571699
26939538110086,76026,-1.90434313,0.311699092,-1.64406264,0.0442460403,-0.958547831,0.0450940877,0.277839631
26939555114930,76042,-1.9014802,0.331314474,-1.64533162,0.0525602512,-0.957464099,0.0491509065,0.279435396
26939571448575,76059,-1.89831865,0.351845354,-1.64674067,0.0602801964,-0.956228435,0.0547792092,0.281056583
26939588114200,76076,-1.89493334,0.371709049,-1.64832699,0.066400893,-0.954710007,0.061989747,0.283332109
26939604796127,76092,-1.8916378,0.389736772,-1.64984119,0.0712869763,-0.952770174,0.069901526,0.286811858
26939622467013,76110,-1.88784909,0.409177989,-1.65170503,0.0758914873,-0.950246632,0.0787466243,0.291668981
26939639028002,76126,-1.88448906,0.425466985,-1.65348649,0.0792763084,-0.947972834,0.0858693272,0.296123832
26939654789929,76142,-1.88097394,0.440777332,-1.65546596,0.0822585598,-0.945714653,0.0917531028,0.300730199
26939671446909,76159,-1.87702549,0.455867857,-1.65791321,0.0847675949,-0.943262875,0.0961127356,0.306319952
26939688111232,76175,-1.87319946,0.468772292,-1.66051602,0.0867252275,-0.940624475,0.0987799317,0.312964827
26939704889200,76192,-1.86912763,0.481042594,-1.66360772,0.088609308,-0.937423468,0.10057506,0.321357071
26939721554200,76208,-1.86555529,0.491188258,-1.66678166,0.0909264833,-0.934119523,0.101239525,0.330005497
26939738116284,76225,-1.86211085,0.500596285,-1.67028856,0.0947392061,-0.930532336,0.101273105,0.338936418
26939754794304,76241,-1.85928226,0.507877111,-1.67364728,0.0994803905,-0.927138209,0.101910233,0.346601635
26939771445867,76258,-1.85700274,0.51366663,-1.67691565,0.104907013,-0.923208058,0.104365133,0.354668021
26939788114877,76274,-1.85573292,0.517137885,-1.67935419,0.109798484,-0.919106126,0.108939134,0.362381846
26939804794148,76291,-1.85532236,0.518696964,-1.68110633,0.114372805,-0.914892793,0.115593515,0.369497329
26939821452429,76308,-1.85596895,0.518189013,-1.68210232,0.117764339,-0.911784232,0.12221282,0.373958796
26939838116857,76324,-1.85775435,0.515826344,-1.6824261,0.119828232,-0.910171568,0.126423076,0.375827432
26939854798523,76340,-1.86058187,0.511910617,-1.68193054,0.120840847,-0.909759045,0.127379805,0.376178443
26939871453836,76358,-1.86508369,0.505803823,-1.68062389,0.121157981,-0.910471201,0.12416926,0.375426412
26939888124929,76374,-1.87020469,0.498886287,-1.67888308,0.121926427,-0.911680818,0.118739434,0.373996049
26939904809096,76390,-1.87618709,0.490569949,-1.67639458,0.124339208,-0.91294086,0.112005517,0.372201025
26939921448679,76407,-1.88342845,0.480302244,-1.67300141,0.128843725,-0.914067388,0.10370253,0.37030521
26939938134513,76424,-1.89133418,0.468795031,-1.66873479,0.135591954,-0.914609671,0.0955625251,0.368743658
26939954788159,76440,-1.89951742,0.456689656,-1.66386008,0.143855512,-0.914668918,0.0895296857,0.366975337
26939971446909,76456,-1.90849566,0.443409979,-1.65832055,0.15297316,-0.914713442,0.0853979215,0.364150673
26939988163888,76473,-1.91865671,0.428000033,-1.65172052,0.162487045,-0.915157199,0.0831739455,0.359398633
26940004780867,76490,-1.9294492,0.411246598,-1.6444242,0.170563012,-0.916388273,0.0824036822,0.352633595
26940021494669,76506,-1.94026613,0.394537777,-1.63715875,0.175971627,-0.918438494,0.081652768,0.344728321
26940038533367,76523,-1.95246255,0.37603575,-1.62909257,0.179395452,-0.921519458,0.0799525008,0.335002661
26940054793106,76539,-1.96445417,0.358072191,-1.62139511,0.180150911,-0.925413251,0.077517502,0.324263841
26940071508992,76556,-1.9776628,0.338440418,-1.61306906,0.178390026,-0.930467784,0.0743099898,0.311263174
26940088109617,76573,-1.99134779,0.318301737,-1.60457325,0.17399019,-0.936232924,0.0704192966,0.297046214
26940104780711,76589,-2.00470638,0.298979044,-1.59653723,0.167615324,-0.942045748,0.0659509301,0.283029169
26940121450554,76605,-2.01865888,0.279467851,-1.58848286,0.159277827,-0.948105454,0.0602017343,0.268518984
26940138111752,76623,-2.03534913,0.257493168,-1.57958388,0.147824809,-0.955245674,0.0512791052,0.251046002
26940154838106,76639,-2.05094934,0.238294661,-1.57175934,0.135891795,-0.961871326,0.0416606665,0.233669251
26940171442429,76655,-2.06719661,0.219589159,-1.56389201,0.122376613,-0.968568981,0.0311826151,0.214303255
26940188117273,76671,-2.0841198,0.201271772,-1.55598962,0.107753724,-0.974928081,0.0201713238,0.193642899
26940204833263,76688,-2.10244131,0.182244331,-1.54758012,0.091316916,-0.981076956,0.00834789034,0.170527443
26940221492273,76705,-2.12095332,0.163721293,-1.53925884,0.0743393078,-0.986366391,-0.00291426689,0.146787792
26940238116388,76721,-2.13861513,0.147095427,-1.53155327,0.0585879944,-0.990357578,-0.0126777804,0.124894701
26940254779669,76738,-2.15748644,0.130497068,-1.52359641,0.0422501229,-0.993568838,-0.0221014954,0.1027008
26940271456908,76755,-2.1763196,0.11503911,-1.51621032,0.0264449473,-0.995811462,-0.0306592565,0.0819777027
26940288113054,76771,-2.19381809,0.101626381,-1.50998497,0.0128686856,-0.997125804,-0.0384115465,0.0640245751
26940304807117,76788,-2.21205187,0.0885266215,-1.50412679,0.000420515658,-0.99786067,-0.0467465036,0.0457032956
26940321476804,76804,-2.22878337,0.0772406831,-1.49928093,-0.00926893577,-0.998075128,-0.0546697676,0.0277765971
26940338108835,76821,-2.24577117,0.066157788,-1.49482787,-0.0181069374,-0.997846246,-0.0627084449,0.00653916551
26940354779825,76838,-2.26192856,0.0558690988,-1.49087644,-0.0267117061,-0.99706012,-0.0698312372,-0.0167729277
26940371459825,76854,-2.27647352,0.046830494,-1.48761261,-0.0349693708,-0.995804787,-0.0753200278,-0.0384311266
26940388117846,76870,-2.29045534,0.038297303,-1.48499441,-0.0434591956,-0.994207919,-0.079185918,-0.0582373142
26940404783992,76887,-2.30476403,0.0297384188,-1.48305631,-0.0527391545,-0.992248237,-0.0818725154,-0.0771942586
26940421497221,76904,-2.31838751,0.0218052603,-1.48204625,-0.061643187,-0.990026116,-0.0842598379,-0.0945980102
26940438123992,76920,-2.33051181,0.0150031745,-1.48199093,-0.0693875775,-0.987754345,-0.0867393985,-0.109558731
26940454790971,76936,-2.34197283,0.00877423584,-1.48264396,-0.075747177,-0.985508919,-0.0897662118,-0.122378983
26940471451648,76954,-2.35386133,0.00230176747,-1.48431182,-0.0810060725,-0.982999742,-0.0946116969,-0.1349006
26940488151492,76970,-2.36324716,-0.00291289017,-1.48651278,-0.0839794874,-0.980654597,-0.100177877,-0.145700112
26940504818315,76986,-2.37137175,-0.00755890086,-1.48898542,-0.0853494555,-0.978212178,-0.106064513,-0.156738162
26940521467794,77003,-2.37867045,-0.0116515607,-1.49198878,-0.085084632,-0.975524902,-0.112856813,-0.168449551
26940538108002,77020,-2.38462019,-0.0147918314,-1.49518096,-0.083612591,-0.972778201,-0.120208092,-0.179615006
26940554804252,77036,-2.38879251,-0.016798161,-1.49799573,-0.0823705271,-0.970252156,-0.126347244,-0.189373478
26940571527169,77053,-2.39170146,-0.0178448632,-1.50061953,-0.0817195326,-0.967969596,-0.13113457,-0.197890118
26940588120554,77069,-2.39303422,-0.0177174844,-1.50266564,-0.0814352185,-0.966480255,-0.1343337,-0.203073189
26940604777429,77086,-2.39278507,-0.0161872581,-1.5043956,-0.0815601796,-0.965738535,-0.136014566,-0.205419481
26940621458054,77103,-2.39083457,-0.0131659247,-1.50563908,-0.0821632072,-0.965894938,-0.135452613,-0.204814181
26940638129877,77119,-2.38747835,-0.0089446269,-1.50650823,-0.0829482973,-0.966688037,-0.133226842,-0.20219925
26940654825294,77135,-2.38271737,-0.00348231196,-1.50700641,-0.0836630091,-0.967972398,-0.12951985,-0.198127657
26940671528054,77152,-2.37606978,0.00355143845,-1.50732374,-0.0841358751,-0.969778121,-0.124089003,-0.192492917
26940688114304,77169,-2.36785102,0.011776153,-1.50756073,-0.0842408836,-0.971882463,-0.117674723,-0.18574369
26940704823002,77185,-2.35879254,0.0205773525,-1.50766265,-0.0841071606,-0.974026203,-0.111024708,-0.178528547
26940721516960,77201,-2.3484478,0.0303749405,-1.5078752,-0.0837677792,-0.976280153,-0.103749193,-0.170576483
26940738132898,77218,-2.33631968,0.0415645353,-1.50810647,-0.0829048902,-0.978852808,-0.0953301564,-0.160891458
26940754812169,77235,-2.32293057,0.053626202,-1.5086087,-0.0812579319,-0.981591821,-0.086612232,-0.149576023
26940771462429,77251,-2.30939817,0.0655915439,-1.50929844,-0.0788501278,-0.984275579,-0.0781374276,-0.137400284
26940788120242,77268,-2.29413557,0.0788911879,-1.51027191,-0.0750935003,-0.987132549,-0.0685124993,-0.123436056
26940804778887,77285,-2.27771091,0.0929315835,-1.51188743,-0.0703294575,-0.989790797,-0.0583352633,-0.109384798
26940821466283,77301,-2.26157784,0.106434301,-1.51370907,-0.0648881868,-0.99204731,-0.0487124175,-0.0962225199
26940838855242,77318,-2.24361086,0.121237502,-1.51613665,-0.0584749132,-0.994135857,-0.0388485938,-0.082252562
26940854778523,77335,-2.2250011,0.136438042,-1.51916099,-0.0517074168,-0.995891631,-0.0297080725,-0.06814529
26940871452064,77350,-2.20808411,0.150056317,-1.52230132,-0.0456873216,-0.997147322,-0.022565119,-0.0556844771
26940888110554,77368,-2.18710113,0.166607395,-1.52667379,-0.0388278924,-0.998307407,-0.0151282055,-0.0405710153
26940904804564,77384,-2.16813827,0.181201696,-1.53090215,-0.0330455452,-0.999067605,-0.00916787703,-0.0262276903
26940921453575,77400,-2.14892769,0.195703983,-1.53549886,-0.0277119521,-0.999552906,-0.00354914367,-0.010656531
26940938106856,77418,-2.12716603,0.211673215,-1.5409373,-0.0221872237,-0.999718487,0.00260334788,0.00799343549
26940954802898,77434,-2.10764956,0.225514829,-1.54604065,-0.0174778774,-0.999508798,0.00775182573,0.0248329956
26940971444825,77451,-2.08671975,0.240048677,-1.55156267,-0.0121334847,-0.998945534,0.0122615518,0.0425488688
26940988121648,77467,-2.06683969,0.253604412,-1.55697942,-0.00653014053,-0.998126447,0.0150222164,0.0589523166
26941004785554,77483,-2.04687977,0.267029285,-1.56282175,0.000114308961,-0.997018516,0.0163297914,0.075415127
26941021445658,77500,-2.02565241,0.281168371,-1.56928766,0.00900337473,-0.995532393,0.0161886439,0.0925866142
26941038158366,77516,-2.0057025,0.294379711,-1.57590127,0.0187631436,-0.99390769,0.0145143298,0.107632726
26941054779981,77533,-1.98480749,0.308377236,-1.58332014,0.0296244919,-0.991874814,0.011292656,0.123203866
26941071614564,77550,-1.96443224,0.322472215,-1.5909524,0.0400065668,-0.989186049,0.00822835416,0.140864432
26941088129981,77566,-1.94596338,0.33575666,-1.59834242,0.0493329763,-0.985717535,0.00718396623,0.16085957
26941104782689,77583,-1.92710483,0.349718601,-1.60617375,0.0582160018,-0.981122315,0.00863872748,0.18421565
26941121471544,77599,-1.90996873,0.362532824,-1.61366928,0.0659479126,-0.976182222,0.0127007635,0.206295758
26941138109356,77616,-1.89235473,0.37579909,-1.62157452,0.0745002851,-0.970391512,0.0187764838,0.228992462
26941156113991,77634,-1.87415886,0.389569193,-1.63022137,0.0846846476,-0.963620305,0.0256340355,0.252204865
26941171450502,77649,-1.859501,0.400706381,-1.63778889,0.0945026502,-0.957398534,0.0322251879,0.270959377
26941188118106,77665,-1.84447432,0.412020832,-1.64598,0.105878823,-0.950413167,0.0399680026,0.289667249
26941204775189,77682,-1.82924724,0.423213512,-1.65482736,0.117557332,-0.943165302,0.0472227,0.307228833
26941221459252,77699,-1.81521797,0.433521569,-1.66360986,0.128522158,-0.936101556,0.0524989925,0.323171645
26941238120241,77715,-1.80297005,0.442449629,-1.67184472,0.137982845,-0.929631889,0.0549353883,0.337234944
26941254788366,77731,-1.79173577,0.450401962,-1.67998314,0.145798445,-0.923658431,0.0546487495,0.350159407
26941271445189,77749,-1.78021586,0.458384991,-1.68894792,0.152519882,-0.917675734,0.0522469021,0.363151759
26941288110554,77765,-1.77090013,0.464778572,-1.69672847,0.156796351,-0.913062334,0.0487368479,0.373305261
26941304801491,77781,-1.76256645,0.470497429,-1.70430505,0.15930894,-0.909132481,0.0435352996,0.382365793
26941321482585,77798,-1.75466299,0.476063162,-1.71210337,0.16022107,-0.905452847,0.0367453918,0.391323686
26941338117012,77815,-1.74782228,0.481173724,-1.71927786,0.160077065,-0.901934803,0.0304436032,0.399952739
26941354782637,77831,-1.74227166,0.485302269,-1.72543323,0.15922448,-0.89872247,0.0268257763,0.407708198
26941371444096,77847,-1.73764253,0.488539487,-1.7306987,0.157541409,-0.895627797,0.0265347045,0.415123403
26941388112221,77864,-1.73368382,0.491072714,-1.73546302,0.154777214,-0.892493427,0.0294492915,0.422649086
26941404775710,77881,-1.73070443,0.492761284,-1.7395854,0.151206091,-0.88976872,0.0344976634,0.429253191
26941421486804,77897,-1.72884524,0.49365589,-1.74264991,0.147036597,-0.888031662,0.0402036011,0.433778465
26941443920710,77920,-1.7278316,0.493567944,-1.74621606,0.139578417,-0.887467086,0.048589725,0.436530769
26941454786752,77931,-1.72797573,0.492983401,-1.74745035,0.135330603,-0.888042569,0.0523945317,0.436257958
26941471450762,77947,-1.72876048,0.491452932,-1.74866068,0.12841104,-0.889704287,0.0577403642,0.434284598
26941488110606,77963,-1.73020232,0.489029825,-1.7491293,0.120592684,-0.892067254,0.0626755357,0.430981636
26941504786908,77980,-1.73245895,0.4854711,-1.74886775,0.11166063,-0.895008564,0.0668973923,0.426633775
26941521446543,77997,-1.73532915,0.480922371,-1.74818397,0.102960363,-0.898238122,0.069539912,0.421582371
26941538107533,78013,-1.73851204,0.475982189,-1.74714386,0.095750235,-0.901352644,0.0706029162,0.416426063
26941554784043,78030,-1.74223828,0.470133394,-1.7456907,0.0897175223,-0.90433228,0.0705712214,0.411282867
26941571444720,78046,-1.7462374,0.463938892,-1.74396551,0.0857399255,-0.906714082,0.0699634776,0.406968564
26941588146231,78062,-1.7505089,0.457077384,-1.74185312,0.0831889436,-0.908884227,0.0693508834,0.402740061
26941604779460,78080,-1.75557816,0.448558867,-1.73906755,0.0815338343,-0.911163211,0.069118686,0.397940338
26941621456856,78096,-1.760625,0.440404266,-1.73611569,0.0806718096,-0.913004339,0.0691996217,0.393861145
26941638150502,78112,-1.76596904,0.431947738,-1.7325449,0.0798830837,-0.914862692,0.0692866594,0.38967219
26941654781491,78129,-1.77232945,0.422687799,-1.72808635,0.0784065574,-0.917115152,0.0695207343,0.384602547
26941671510345,78146,-1.77930284,0.413315535,-1.72295916,0.0756286979,-0.919666529,0.06947124,0.379035056
26941688116283,78163,-1.7867682,0.403917432,-1.7172389,0.0713888481,-0.922454894,0.06843815,0.373225152
26941704775293,78179,-1.79447079,0.3952187,-1.71138072,0.0660978258,-0.925368249,0.0661320388,0.367357135
26941721443991,78195,-1.80264509,0.387112528,-1.70505035,0.0599025786,-0.928584337,0.0625152066,0.360880554
26941738109616,78212,-1.81191754,0.379225075,-1.69789505,0.0529695079,-0.932152689,0.057788197,0.353477299
26941755041179,78229,-1.82158029,0.372282058,-1.69012594,0.0461811535,-0.935587943,0.0530385002,0.346019417
26941771446075,78245,-1.83106935,0.366590589,-1.68233168,0.0398228504,-0.938572824,0.0491069853,0.339239985
26941788116804,78261,-1.84095979,0.361715108,-1.67408824,0.0335244946,-0.941357732,0.0462094583,0.332545519
26941804776908,78279,-1.85238123,0.357314676,-1.66413307,0.0266207643,-0.944405079,0.0444129519,0.324681371
26941821462429,78295,-1.86297154,0.35426572,-1.6548605,0.0209013913,-0.947127819,0.0433038436,0.317233086
26941838208522,78311,-1.87373734,0.352130264,-1.64537859,0.0158055108,-0.949932635,0.0423148796,0.30917269
26941854778418,78327,-1.88460684,0.351004094,-1.63574421,0.0113684032,-0.952835321,0.0413946174,0.300436616
26941871447845,78345,-1.89705801,0.350966513,-1.62461686,0.00680459384,-0.956196427,0.0403940491,0.289845675
26941888110918,78361,-1.90828931,0.352110505,-1.6143719,0.00285930373,-0.959079444,0.0392673314,0.280386537
26941904785189,78377,-1.91971815,0.354509354,-1.60378373,-0.00103578635,-0.961715281,0.0378344357,0.271424502
26941921573470,78394,-1.93199492,0.358567297,-1.59207129,-0.00519345421,-0.96429503,0.0365412831,0.262245804
26941938109199,78411,-1.94456315,0.36415118,-1.57992268,-0.00928259082,-0.966745079,0.035900306,0.253039479
26941954783679,78427,-1.95663083,0.370824933,-1.56815028,-0.0127990348,-0.969046891,0.0361000299,0.243887648
26941971449824,78444,-1.96966445,0.379326105,-1.55535007,-0.0157225635,-0.971543133,0.0375941247,0.233331457
26941988116699,78460,-1.98217392,0.388422608,-1.54313993,-0.0174831003,-0.973931909,0.0404089615,0.222526789
26942004982012,78476,-1.99499774,0.398429096,-1.5308888,-0.0184411258,-0.976263821,0.0440891311,0.211246759
26942021451960,78494,-2.0098567,0.410583049,-1.51717579,-0.0190079026,-0.97863698,0.049107004,0.198738292
26942038111647,78510,-2.02339315,0.422049016,-1.50503159,-0.0198135208,-0.980434775,0.0539676808,0.188262001
26942054797949,78527,-2.03815675,0.434625328,-1.49242926,-0.0215767492,-0.981977999,0.0586271584,0.178372204
26942071446179,78543,-2.05237389,0.446824223,-1.48088002,-0.0241594594,-0.983119905,0.0620769821,0.170405522
26942088109720,78559,-2.06680799,0.459351271,-1.46966517,-0.0274500307,-0.984083414,0.0647121966,0.163214073
26942104778158,78577,-2.08304358,0.473550647,-1.45762801,-0.0318682306,-0.98512578,0.0671038851,0.154947266
26942121450345,78593,-2.09724879,0.486218274,-1.44722867,-0.0358553901,-0.986020803,0.0693043545,0.147222012
26942138137064,78609,-2.11103821,0.498674482,-1.43715405,-0.0396166854,-0.986861885,0.0725100338,0.138839692
26942154951179,78626,-2.12520885,0.511573017,-1.42682898,-0.0432580374,-0.987665594,0.077062346,0.129255474
26942171447897,78643,-2.13891649,0.5242396,-1.41701424,-0.0466620922,-0.988372028,0.0819694176,0.119266711
26942188188835,78659,-2.15133548,0.535930753,-1.40837371,-0.0497708879,-0.988857925,0.086921446,0.110125497
26942204778470,78676,-2.16394114,0.548129439,-1.39986491,-0.0533363968,-0.989124179,0.092321679,0.101318441
26942221477376,78692,-2.17522669,0.559243739,-1.39261031,-0.057512302,-0.989161432,0.0970534012,0.0939828977
26942238121543,78709,-2.1868403,0.570453346,-1.38536739,-0.0627020523,-0.98891139,0.102307372,0.087499097
26942254782637,78725,-2.19742513,0.580159009,-1.37906826,-0.0680692345,-0.988435507,0.107686825,0.0822525844
26942271480866,78742,-2.20811534,0.589480162,-1.37287068,-0.0737453699,-0.987901211,0.112626478,0.0769947991
26942288112897,78758,-2.21751404,0.597351313,-1.36737406,-0.078568466,-0.987491846,0.116201594,0.0720006898
26942304783418,78775,-2.22670698,0.604660749,-1.36207366,-0.0826182961,-0.987193465,0.119021647,0.0667614639
26942321447689,78792,-2.2351265,0.610773802,-1.35721481,-0.0852114409,-0.987078249,0.120734341,0.06195838
26942338116074,78808,-2.24226189,0.615289271,-1.35321856,-0.0863952041,-0.987129271,0.121368811,0.0581498928
26942354868835,78825,-2.24899888,0.618817389,-1.3493371,-0.0865565538,-0.987260222,0.121559337,0.0552133285
26942371450970,78841,-2.25462651,0.620946825,-1.34592474,-0.0857907236,-0.987415433,0.121476434,0.0537983216
26942388113158,78858,-2.25972271,0.621972561,-1.34273839,-0.0841182172,-0.987666786,0.120774508,0.0534045734
26942405615918,78874,-2.26357079,0.621909022,-1.34004414,-0.0818759277,-0.987965763,0.119912319,0.0533019491
26942421461491,78891,-2.26654792,0.620811343,-1.33768046,-0.0787251145,-0.988363743,0.118847921,0.0530530773
26942438150137,78908,-2.26855469,0.618751526,-1.33581352,-0.0747069269,-0.988886714,0.117332831,0.0524890907
26942454779876,78924,-2.26948857,0.615947425,-1.3346107,-0.0705693364,-0.989435852,0.115671434,0.0515442044
26942471450449,78940,-2.26958132,0.612288058,-1.33390319,-0.0665151849,-0.989973783,0.113929272,0.0504759885
26942488114251,78958,-2.26894188,0.607246339,-1.33351433,-0.0626515523,-0.990553558,0.111491255,0.0494791865
26942504789564,78974,-2.26767468,0.601988375,-1.33360875,-0.0601729639,-0.990998805,0.109052055,0.0490740575
26942521456751,78990,-2.26584578,0.595983386,-1.33397365,-0.0586416796,-0.991361618,0.106483884,0.0492397994
26942538112897,79006,-2.26341319,0.589050233,-1.33497238,-0.0576515868,-0.991684258,0.103605151,0.0500466377
26942554780501,79023,-2.26012802,0.58090651,-1.33666575,-0.0566098578,-0.992020309,0.100338414,0.0512179732
26942571447168,79039,-2.2561512,0.572658598,-1.33896434,-0.0553145595,-0.992366076,0.0971884057,0.0520033054
26942588116335,79056,-2.251091,0.563183606,-1.34232092,-0.0529670492,-0.992784142,0.0938035399,0.0526788011
26942604853574,79073,-2.24543285,0.55313015,-1.34628952,-0.0492447987,-0.993243694,0.0904988572,0.0534031168
26942621443939,79090,-2.23886895,0.542350709,-1.35129309,-0.0443023928,-0.993648112,0.0880833119,0.0542411879
26942639081960,79107,-2.23159623,0.530976832,-1.35692143,-0.0385729931,-0.993957996,0.0865517855,0.0553945005
26942654778574,79122,-2.22466516,0.520540595,-1.36251462,-0.0331829563,-0.994143188,0.0856171474,0.0569906011
26942671451647,79139,-2.21613669,0.508223236,-1.36961555,-0.0272606835,-0.994199991,0.0850936025,0.0598531924
26942688149355,79154,-2.2081697,0.496953845,-1.376279,-0.0222360175,-0.994100571,0.0848072842,0.0638545603
26942704954980,79171,-2.19864988,0.483735144,-1.38467562,-0.0167113282,-0.993863702,0.0843038708,0.0696320012
26942721449668,79189,-2.18802762,0.469383299,-1.39426851,-0.0111398231,-0.993558347,0.08354678,0.0757474974
26942738114095,79206,-2.17754769,0.455598742,-1.40406597,-0.00612810301,-0.993275404,0.0826475173,0.0808451474
26942754800293,79222,-2.16727686,0.442331165,-1.41386271,-0.00197860063,-0.993028045,0.0815393701,0.0851040184
26942771501439,79239,-2.15590501,0.427663565,-1.42481923,0.000851351011,-0.992733121,0.0807127059,0.0892514065
26942788118157,79255,-2.14494038,0.413195997,-1.43563974,0.00141187874,-0.992363393,0.0803637505,0.0935663581
26942804778730,79272,-2.13326216,0.397269458,-1.44737947,-0.000235997562,-0.991883159,0.0792645067,0.099423714
26942821442793,79288,-2.12224412,0.382025898,-1.45895362,-0.00367977587,-0.991401255,0.0765119717,0.106094196
26942838211960,79304,-2.1112318,0.366829216,-1.47095156,-0.00845263805,-0.99086529,0.0720092356,0.113707274
26942854803782,79322,-2.09871078,0.349839032,-1.4850322,-0.0147349974,-0.990122974,0.0652372912,0.123221755
26942871449772,79337,-2.08823657,0.335719079,-1.49714029,-0.0201116465,-0.989366114,0.0586353019,0.131575927
26942888113730,79355,-2.07568073,0.318748087,-1.51157069,-0.0262588654,-0.988278866,0.0509751253,0.141481742
26942905183157,79371,-2.06439757,0.303485006,-1.5243609,-0.0312528983,-0.987100005,0.0457859114,0.150201485
26942921446699,79388,-2.05248308,0.287305683,-1.53770185,-0.0356482938,-0.985542417,0.0419876352,0.160226107
26942938126647,79404,-2.04135633,0.272338152,-1.55020189,-0.0388892591,-0.983762205,0.039939262,0.170600325
26942954842324,79421,-2.02962661,0.256748646,-1.56328547,-0.0411093235,-0.981559813,0.0394325629,0.182470769
26942971444095,79438,-2.01793694,0.241502613,-1.57617855,-0.0418111086,-0.97916913,0.0401437432,0.194597378
26942988117532,79454,-2.00687456,0.227447689,-1.58824062,-0.0409406982,-0.976897836,0.0414666981,0.20560883
26943004778105,79470,-1.99564946,0.213664845,-1.60014629,-0.0386957154,-0.974666238,0.0430772454,0.216038778
26943021537584,79487,-1.98347974,0.199387118,-1.61288869,-0.034815181,-0.972281039,0.0449035168,0.226806343
26943039162793,79505,-1.97056961,0.18455106,-1.62650919,-0.0294958074,-0.969729424,0.0468412638,0.237825274
26943054751959,79520,-1.95990336,0.172348291,-1.63802111,-0.0248806737,-0.967518389,0.048467692,0.2468604
26943071490345,79538,-1.94727755,0.157924861,-1.65200162,-0.0198518801,-0.964531481,0.0502176359,0.258385569
26943088125397,79553,-1.93708396,0.146122396,-1.66366148,-0.0165129062,-0.96157825,0.0514053926,0.26916939
26943104832324,79570,-1.92591357,0.133064002,-1.6769166,-0.0139566753,-0.957773328,0.0520934239,0.282421201
26943121465032,79586,-1.91555929,0.120974608,-1.68948853,-0.0131001668,-0.95410502,0.0518510193,0.294658244
26943138117064,79603,-1.90472722,0.108408824,-1.70306444,-0.0134630948,-0.95025605,0.050096143,0.307119727
26943154886803,79620,-1.89414215,0.0961912721,-1.71688271,-0.0146402931,-0.94633466,0.0465780497,0.319479018
26943171816126,79636,-1.88457465,0.0850187242,-1.73008037,-0.0158970598,-0.942473769,0.0417278931,0.331284404
26943188120032,79652,-1.87535667,0.0741814077,-1.74339938,-0.0175208934,-0.938658595,0.0357703567,0.342539936
26943204930605,79669,-1.86582458,0.0628506243,-1.75749087,-0.0201297179,-0.934704483,0.0292457566,0.353648216
26943221475501,79686,-1.85672569,0.0517080352,-1.77135372,-0.023448864,-0.930280268,0.0231186859,0.365368754
26943239547532,79702,-1.84856045,0.0414432958,-1.78404701,-0.027118681,-0.925277233,0.0180773716,0.377888888
26943254782584,79719,-1.84026253,0.0307460167,-1.79711628,-0.0317776985,-0.919130027,0.013866608,0.392425746
26943271474303,79735,-1.83293962,0.0209675673,-1.80899441,-0.0365253091,-0.91284883,0.0106506683,0.40652138
26943288133730,79751,-1.82612002,0.0115880426,-1.82048571,-0.0411583222,-0.906523824,0.00745608704,0.420077324
26943304792220,79769,-1.81907439,0.00148169138,-1.83296919,-0.0456352197,-0.899802089,0.00338315708,0.433892012
26943321494824,79785,-1.81336462,-0.00709779188,-1.84355807,-0.0487796664,-0.894451022,-0.00102749141,0.444496185
26943338116178,79801,-1.80827808,-0.0152146891,-1.85362828,-0.0511922613,-0.889774442,-0.00627432857,0.453477085
26943355094616,79819,-1.8033402,-0.0236792937,-1.86427569,-0.0534188449,-0.885325313,-0.012828514,0.461715311
26943371443782,79835,-1.79969716,-0.0304862112,-1.87300014,-0.0554697476,-0.882042646,-0.0186596345,0.467520833
26943388124407,79851,-1.79691863,-0.0365498923,-1.88094866,-0.0579755194,-0.879105806,-0.0240440089,0.472476155
26943404812272,79868,-1.7949903,-0.0421334356,-1.88845527,-0.0610883571,-0.876005352,-0.029042732,0.477534741
26943421492376,79885,-1.79401577,-0.0466710217,-1.89489925,-0.0644791722,-0.87292546,-0.0331463292,0.482436597
26943438263782,79901,-1.79375339,-0.0499276556,-1.89995766,-0.0680030063,-0.870218635,-0.035912104,0.486626625
26943454783991,79917,-1.7940861,-0.0523090176,-1.90382504,-0.0717562512,-0.867560983,-0.0378892235,0.49066636
26943471512532,79935,-1.79507732,-0.053854432,-1.90686584,-0.075771451,-0.864787817,-0.039843671,0.494786054
26943488112636,79951,-1.79617321,-0.054185614,-1.90859723,-0.0789596811,-0.863066375,-0.0414369069,0.49715668
26943504782532,79968,-1.79747212,-0.0535624661,-1.90933073,-0.0817422122,-0.862246573,-0.0430234522,0.497994125
26943521446178,79984,-1.7989248,-0.0519183874,-1.90896571,-0.0832275376,-0.862252474,-0.0444536433,0.497612119
26943538112688,80000,-1.80053627,-0.0491984226,-1.90745175,-0.0835232511,-0.86282742,-0.0455034971,0.496469766
26943554788522,80017,-1.80256307,-0.0451121219,-1.90453529,-0.0825345516,-0.863993108,-0.0456432737,0.494591355
26943571443366,80034,-1.80486119,-0.0398505814,-1.90038514,-0.0805940256,-0.865642548,-0.0448073111,0.492097497
26943588112376,80050,-1.80733263,-0.0338490531,-1.8952626,-0.078207776,-0.867517471,-0.0435527749,0.489285409
26943604792011,80066,-1.81029081,-0.0268187411,-1.88884199,-0.0753942952,-0.869746923,-0.0420239009,0.485891014
26943621561647,80084,-1.81408691,-0.017723687,-1.88034654,-0.0718726963,-0.872935236,-0.039894063,0.480860591
26943638149876,80100,-1.81788981,-0.00860732049,-1.87195194,-0.0683054477,-0.876568258,-0.0375095233,0.474926949
26943654776334,80116,-1.82206571,0.00140367076,-1.86272871,-0.0643019751,-0.880824268,-0.0346222147,0.467776954
26943671541386,80132,-1.82663751,0.0122573152,-1.85283613,-0.0605067611,-0.88556242,-0.0315408856,0.459481537
26943688114407,80150,-1.83246934,0.0256276019,-1.84086502,-0.056888625,-0.890790582,-0.0285640545,0.449933231
26943705082480,80166,-1.83833694,0.0386872627,-1.82950509,-0.0533787534,-0.894907594,-0.0263348371,0.442264169
26943721444928,80183,-1.84501255,0.0535282418,-1.81716251,-0.0492948778,-0.899291813,-0.0227302518,0.433967382
26943738111803,80199,-1.85161376,0.0682847947,-1.80526102,-0.0454967804,-0.903816462,-0.0169125907,0.42515853
26943754782376,80216,-1.85902691,0.0846285298,-1.79222262,-0.041702088,-0.908631682,-0.00867012609,0.415420592
26943771446178,80232,-1.86642575,0.100601003,-1.77957475,-0.0383680388,-0.912531912,-0.000105770145,0.407202005
26943788115397,80248,-1.87436092,0.117005378,-1.76671147,-0.0351393111,-0.915628612,0.00829870533,0.400400668
26943804782584,80266,-1.88397086,0.136008829,-1.75219607,-0.0314824656,-0.918752909,0.0166682433,0.393222839
26943821530501,80281,-1.89248478,0.152398556,-1.74014175,-0.0283541214,-0.921579778,0.0230601504,0.386464924
26943838116126,80299,-1.90317428,0.17182152,-1.72578263,-0.0249945708,-0.925217509,0.0299835168,0.377424031
26943854775970,80315,-1.91283286,0.188656628,-1.71328056,-0.0228551086,-0.928223133,0.0344668962,0.369718045
26943871454251,80331,-1.92275584,0.204945207,-1.70084679,-0.0216371305,-0.930698156,0.0370039418,0.363267779
26943888117011,80349,-1.9343704,0.222553819,-1.68664289,-0.0207572579,-0.932875395,0.0375597924,0.357633889
26943904791178,80365,-1.94500804,0.237923995,-1.67396283,-0.0197634287,-0.934665561,0.0367309935,0.35307312
26943921460917,80381,-1.95581782,0.25283128,-1.66125393,-0.0189840067,-0.936744213,0.0355395377,0.347688049
26943938109251,80397,-1.96658897,0.267210364,-1.6484735,-0.0186324976,-0.938977003,0.0346501805,0.341722757
26943954976855,80415,-1.97882342,0.282538027,-1.63388062,-0.018515598,-0.941110015,0.034123309,0.335864216
26943971450657,80431,-1.98986244,0.295540333,-1.62064528,-0.0182878543,-0.94257766,0.034276817,0.331719875
26943988109042,80447,-2.00106215,0.308129877,-1.60726631,-0.0179893617,-0.943980098,0.0359306149,0.327546984
26944004859928,80464,-2.0132699,0.321154982,-1.59313262,-0.0179009754,-0.945829809,0.0390593484,0.321807235
26944021454199,80480,-2.02501059,0.333308935,-1.57997918,-0.0180156473,-0.94793582,0.0418386869,0.315186918
26944038380709,80497,-2.03781748,0.346203119,-1.56626046,-0.0182513408,-0.950430393,0.0439502932,0.307274103
26944054782167,80514,-2.05076766,0.359134108,-1.55274498,-0.0188293383,-0.95328629,0.0452730767,0.298062116
26944071448990,80530,-2.06292796,0.371294171,-1.54023516,-0.0200338215,-0.956249356,0.0464692265,0.288142949
26944088114199,80547,-2.07581902,0.384148806,-1.52713978,-0.0222319197,-0.959337592,0.0478026494,0.277294099
26944104791855,80564,-2.08875799,0.397005558,-1.5142076,-0.0250835847,-0.962092936,0.0487659387,0.267151594
26944121472844,80580,-2.1010437,0.409202099,-1.50237489,-0.0284068231,-0.964433253,0.049054794,0.258176863
26944138115969,80596,-2.11333871,0.421534777,-1.49082851,-0.0319602154,-0.966630936,0.0492322408,0.249358073
26944154800813,80614,-2.12707257,0.435396522,-1.47815549,-0.0357525907,-0.969105124,0.0505024195,0.238760635
26944171447272,80630,-2.13903427,0.447434485,-1.46720362,-0.0385897718,-0.971297026,0.0530738086,0.228639826
26944188118886,80646,-2.15079212,0.459154546,-1.45655978,-0.0405893773,-0.973359942,0.0567733273,0.218402714
26944204787428,80662,-2.16238689,0.470644712,-1.44628656,-0.0419919454,-0.975255609,0.0611214861,0.208272442
26944221461751,80680,-2.17518067,0.483270109,-1.43519664,-0.0433821417,-0.977135539,0.0660917684,0.19737269
26944238112792,80696,-2.18652129,0.494088322,-1.42574179,-0.0445452221,-0.978499353,0.0701915175,0.188753635
26944254816074,80712,-2.19774055,0.504436553,-1.41675162,-0.045656234,-0.979567647,0.0737394467,0.181453124
26944271488261,80730,-2.2101953,0.515485644,-1.40720749,-0.0464519076,-0.980490267,0.077089563,0.174752071
26944288115605,80746,-2.22107458,0.52463913,-1.39929128,-0.0467517599,-0.981207371,0.0796459392,0.169419587
26944304803417,80762,-2.2316556,0.533096552,-1.39188838,-0.0468806848,-0.981934071,0.0818162039,0.164054379
26944321450865,80778,-2.24200153,0.54090327,-1.38489282,-0.0468438081,-0.982697725,0.0833032057,0.158654913
26944338128886,80796,-2.25333929,0.548876882,-1.37760377,-0.0463120714,-0.983612657,0.0838637725,0.152736247
26944354892115,80812,-2.26308107,0.555377722,-1.37163317,-0.0455746464,-0.984521091,0.083510831,0.147197872
26944371450553,80828,-2.27241993,0.561330199,-1.36612999,-0.0448325612,-0.985502064,0.0827440098,0.141171023
26944388179146,80845,-2.28187585,0.56695497,-1.36075687,-0.04426606,-0.986517191,0.082104072,0.13447395
26944404783990,80862,-2.29082274,0.571741998,-1.35580206,-0.0442235917,-0.987392485,0.0822724253,0.127795681
26944421467376,80878,-2.29866982,0.575368047,-1.35155344,-0.0446934178,-0.988042057,0.0831343681,0.121918432
26944438120449,80894,-2.3059721,0.578297734,-1.34769022,-0.0453424118,-0.988552272,0.084143199,0.11674086
26944454809198,80911,-2.31296849,0.580686152,-1.34412098,-0.046072267,-0.989004552,0.0851201564,0.111812316
26944471483053,80928,-2.31922936,0.582345307,-1.34109497,-0.0467653014,-0.98942709,0.0857800245,0.107186623
26944488115605,80944,-2.32449436,0.583233595,-1.33876026,-0.0470202565,-0.989828408,0.0859845504,0.103129141
26944504795344,80961,-2.32925367,0.583293378,-1.33684528,-0.0467188545,-0.990253448,0.086198926,0.0989208594
26944521466594,80978,-2.33322167,0.582423508,-1.33531773,-0.0460105985,-0.990656495,0.0867567062,0.0946362689
26944538116334,80994,-2.33630085,0.580708742,-1.33424258,-0.044917725,-0.990998685,0.0875684097,0.0907519087
26944555001230,81010,-2.33878803,0.578218281,-1.33359647,-0.0436219722,-0.991299212,0.0887654647,0.0868547857
26944571447428,81027,-2.34085464,0.574801505,-1.33345985,-0.0421396568,-0.991583586,0.0904332325,0.0825117305
26944588131959,81044,-2.34226012,0.57054472,-1.33398557,-0.0406339504,-0.991845906,0.0923000723,0.0779184103
26944604781646,81060,-2.34297395,0.565805137,-1.33510351,-0.0392788649,-0.992078424,0.0940481499,0.0734336674
26944621456126,81077,-2.34303093,0.559905231,-1.33696222,-0.0379971899,-0.992338061,0.0955163762,0.0685430095
26944638608730,81094,-2.34237695,0.553269923,-1.33936405,-0.0369384736,-0.992630899,0.0962232575,0.063722074
26944654781334,81110,-2.3410573,0.546331704,-1.34210575,-0.0364727415,-0.992953658,0.0959119275,0.0592771471
26944671453573,81127,-2.3389349,0.538371205,-1.34553587,-0.036552716,-0.993321002,0.0945752338,0.0550723933
26944688129459,81143,-2.33633327,0.530544579,-1.34919178,-0.0369297042,-0.993662357,0.0926453173,0.0518482514
26944704872844,81159,-2.33310199,0.522287309,-1.35320771,-0.0373644195,-0.993957341,0.0906177461,0.0494089238
26944721479407,81177,-2.32882738,0.512635589,-1.35800517,-0.0369667336,-0.99417913,0.0890858844,0.0480120294
26944738112063,81193,-2.32441163,0.503839016,-1.36249769,-0.0356601179,-0.994297743,0.0887393132,0.0471775644
26944754787271,81209,-2.31935143,0.495021075,-1.36720872,-0.0335698575,-0.99436754,0.0892826095,0.0462049022
26944771449094,81226,-2.31348252,0.485789567,-1.37243307,-0.0301915836,-0.994359076,0.0908296928,0.045700606
26944788223625,81242,-2.30746317,0.477246016,-1.37765157,-0.0264082253,-0.994295537,0.0926198363,0.0458326004
26944804953990,81259,-2.30049181,0.468349904,-1.38362694,-0.0225302204,-0.99416101,0.0947828516,0.0463969707
26944821465813,81276,-2.29311466,0.459814548,-1.39003909,-0.0192770585,-0.993983865,0.0969984159,0.0470723286
26944838114407,81292,-2.28579879,0.452319145,-1.39644074,-0.0169206765,-0.99381727,0.0986460224,0.0480618477
26944854782896,81308,-2.27831006,0.445375472,-1.40309644,-0.0150292898,-0.9935745,0.100425832,0.0499842614
26944871461907,81326,-2.26957345,0.438269436,-1.41077244,-0.0136998948,-0.99319464,0.102931552,0.0527429916
26944888147375,81342,-2.26135015,0.432611704,-1.4177351,-0.013074276,-0.992778659,0.105563946,0.0554609299
26944904863938,81358,-2.25288081,0.427701563,-1.42485166,-0.012287342,-0.992311835,0.108286358,0.058654964
26944921460500,81375,-2.24357939,0.423595905,-1.43256521,-0.0106312251,-0.991788208,0.11105077,0.0625379533
26944938112115,81392,-2.23413849,0.420767158,-1.44047523,-0.00769933872,-0.991230726,0.113780282,0.0667561665
26944954794407,81408,-2.22501087,0.419391483,-1.44812238,-0.00380449463,-0.990658641,0.116553754,0.0706844106
26944971462844,81424,-2.2155354,0.419286489,-1.45599306,0.00111003651,-0.989984214,0.119696967,0.0748514086
26944988115969,81441,-2.20523286,0.420410812,-1.46448922,0.0069363364,-0.989023507,0.123591892,0.0806813762
26945004775865,81458,-2.19486856,0.422766715,-1.47295153,0.0124168573,-0.987728655,0.127864242,0.0888188928
26945021447844,81474,-2.18539119,0.425908834,-1.48086751,0.0168905277,-0.98611623,0.13238582,0.0988107026
26945038152584,81491,-2.17564487,0.429920942,-1.48915374,0.0210429709,-0.983994782,0.137614071,0.111238159
26945054815761,81507,-2.16693163,0.43404001,-1.49677944,0.0252489299,-0.981696904,0.14286989,0.12337736
26945071449615,81524,-2.15812016,0.438456506,-1.50457644,0.0306572299,-0.979132771,0.148962244,0.13479422
26945088109980,81541,-2.14955115,0.442610353,-1.51198995,0.0369864181,-0.976614296,0.155766547,0.143503994
26945104972011,81557,-2.14184833,0.445972174,-1.51860678,0.0437189639,-0.97422117,0.1626295,0.150111392
26945121457844,81574,-2.13414192,0.448641419,-1.52528703,0.0514099114,-0.971586287,0.169935077,0.15652211
26945138142063,81590,-2.12760615,0.450203687,-1.53138506,0.0587118603,-0.969130278,0.176640972,0.161670789
26945154793938,81606,-2.12161303,0.450646937,-1.53713655,0.065681912,-0.96690917,0.182686791,0.165523559
26945171447584,81624,-2.11540389,0.449552625,-1.54317558,0.0726707354,-0.964861572,0.187730551,0.168873757
26945188120344,81640,-2.11044121,0.447119951,-1.54825997,0.0778583288,-0.963432431,0.190360978,0.171752423
26945204778677,81657,-2.10556674,0.443014055,-1.55327165,0.0820857882,-0.962265491,0.191669494,0.17484276
26945227485500,81679,-2.09991217,0.435171276,-1.55920696,0.0859781653,-0.961334884,0.191328585,0.178427652
26945238136125,81689,-2.09749627,0.430707872,-1.56164503,0.0872891769,-0.961246848,0.190239295,0.179427564
26945254778677,81706,-2.093678,0.421823293,-1.56555963,0.0891371146,-0.961616993,0.187090218,0.179846123
26945271487479,81723,-2.09008861,0.41137144,-1.56899202,0.0908759907,-0.962484121,0.182671949,0.178876787
26945288112792,81739,-2.08682251,0.400167018,-1.57167661,0.0926236138,-0.963648677,0.177562356,0.176844075
26945304919354,81755,-2.08362484,0.387544781,-1.57392895,0.0943848118,-0.965064526,0.172169998,0.173492372
26945321445240,81773,-2.07985306,0.371635765,-1.57581568,0.0959120095,-0.966912031,0.166184962,0.16812104
26945338111906,81789,-2.07650995,0.356094897,-1.57711124,0.096403718,-0.968692124,0.160844266,0.162699208
26945354878781,81805,-2.07317543,0.339251995,-1.57800913,0.095970422,-0.970423043,0.155443266,0.157817155
26945371446646,81822,-2.06955361,0.319963455,-1.57857251,0.0944037214,-0.97215277,0.149512336,0.15379566
26945388117063,81839,-2.06596208,0.299426734,-1.57884443,0.09216436,-0.973713577,0.143345684,0.151128039
26945404781802,81855,-2.0626111,0.27911672,-1.57887161,0.0899667293,-0.97501719,0.137407571,0.149555027
26945421519927,81872,-2.05925345,0.256583273,-1.57895958,0.0885555744,-0.976019681,0.131652087,0.149034545
26945438158313,81888,-2.0561471,0.234637022,-1.57907176,0.0886903256,-0.976666451,0.126910418,0.148830205
26945454780344,81905,-2.05279946,0.210634321,-1.57927608,0.0901448801,-0.977266192,0.122798592,0.147462875
26945471451438,81922,-2.04948044,0.186104387,-1.57945609,0.0929012895,-0.977787077,0.119573452,0.144928053
26945488125500,81938,-2.04650331,0.162920818,-1.57974637,0.0961960107,-0.978264928,0.116749763,0.141822487
26945504784719,81954,-2.04380631,0.13993901,-1.58035612,0.0993415788,-0.978879571,0.113866143,0.137697786
26945521506281,81971,-2.04123425,0.115819685,-1.58112824,0.101249382,-0.97981596,0.110651731,0.132156938
26945538111177,81987,-2.03932047,0.0934431255,-1.58205152,0.10073743,-0.981011927,0.106888689,0.126658961
26945554788052,82005,-2.03775191,0.0686824247,-1.58324337,0.0961857811,-0.982686162,0.101799749,0.12129797
26945571447740,82021,-2.03680468,0.0470702574,-1.58433223,0.0882663652,-0.984336078,0.0971198678,0.117725894
26945588247531,82037,-2.03633785,0.0259001739,-1.58552039,0.0769228712,-0.986047983,0.0925630108,0.114997484
26945604807427,82054,-2.03625011,0.00397943519,-1.58680677,0.0615323186,-0.987845719,0.0875358582,0.112748578
26945621499406,82071,-2.03653121,-0.017312957,-1.58819425,0.0442085378,-0.989358425,0.0826154277,0.111311845
26945638261750,82087,-2.03692889,-0.0369314253,-1.5895586,0.0277520139,-0.99043566,0.0781774893,0.110251017
26945654797740,82103,-2.03728008,-0.0562131554,-1.59109068,0.0128875598,-0.991258323,0.0736177638,0.108725965
26945671453208,82120,-2.03753829,-0.0763299614,-1.59295714,0.000634353084,-0.992016256,0.0682677478,0.106033191
26945688132167,82137,-2.03768659,-0.0959452316,-1.59517419,-0.00701917987,-0.992778003,0.0618082806,0.102578603
26945704878469,82153,-2.03771138,-0.113690406,-1.59757161,-0.0109021775,-0.99341023,0.0548986718,0.100017495
26945721472688,82170,-2.03783298,-0.131796956,-1.59998786,-0.0138265882,-0.993717253,0.0476046205,0.100343123
26945738112896,82186,-2.03843713,-0.148129642,-1.60210133,-0.0174938161,-0.993522525,0.0411862545,0.104454555
26945754794823,82203,-2.03964233,-0.16450882,-1.6043483,-0.0234319065,-0.99282217,0.0348692015,0.11197865
26945771448833,82220,-2.04125118,-0.179608569,-1.60658371,-0.0317933485,-0.99170208,0.0294269864,0.121038318
26945788110708,82236,-2.04313779,-0.192529082,-1.60865176,-0.0420469418,-0.990327477,0.0247909259,0.129880428
26945804792688,82252,-2.0453279,-0.204148799,-1.61067927,-0.0542929918,-0.988706589,0.0198327843,0.138268739
26945821748990,82269,-2.04783034,-0.214902461,-1.61279345,-0.0686901286,-0.986851692,0.0141349612,0.145621926
26945838149406,82285,-2.05015802,-0.223232135,-1.61479366,-0.0823413357,-0.985159576,0.00864308886,0.150352448
26945854785083,82302,-2.05247235,-0.230121076,-1.61701441,-0.0957498401,-0.983579218,0.00277025695,0.152958706
26945871449458,82319,-2.05458283,-0.234959632,-1.61915159,-0.10687685,-0.982295632,-0.00278273853,0.153834209
26945888124146,82335,-2.05625772,-0.237532794,-1.62090659,-0.114708506,-0.981395006,-0.00711944653,0.153802246
26945904871229,82351,-2.05754471,-0.238272578,-1.62243807,-0.119640052,-0.980857611,-0.0100974757,0.15330562
26945921453365,82369,-2.05839467,-0.236915439,-1.62386167,-0.121468179,-0.980744898,-0.0116058728,0.152480587
26945938108260,82385,-2.0583744,-0.233713925,-1.62489426,-0.120007388,-0.98108238,-0.0115402741,0.151467904
26945954778417,82401,-2.05783057,-0.228550375,-1.62572253,-0.116098836,-0.981752276,-0.0103749735,0.150252938
26945971450031,82419,-2.05668783,-0.220334709,-1.62646306,-0.109749943,-0.982729971,-0.00794770755,0.14877373
26945988127479,82435,-2.05514312,-0.210833415,-1.62697017,-0.103498347,-0.983646333,-0.00500810472,0.147319078
26946004780656,82451,-2.0533638,-0.19933176,-1.6273011,-0.0975963548,-0.984469593,-0.00123197341,0.145921573
26946021444979,82468,-2.05116582,-0.185109019,-1.62748432,-0.0920387954,-0.985153258,0.00393554941,0.144867033
26946038239042,82485,-2.0487287,-0.168686301,-1.6273824,-0.0868626833,-0.985633731,0.00996709988,0.144505262
26946054778365,82501,-2.04649138,-0.151274472,-1.62712979,-0.0815380216,-0.985963285,0.0163266063,0.144780904
26946071448885,82517,-2.0441215,-0.13209784,-1.62679422,-0.0752657503,-0.986283302,0.0234918036,0.1450122
26946088114615,82534,-2.0413897,-0.109968066,-1.62631345,-0.0673257187,-0.986657143,0.0319603048,0.144753695
26946104793156,82551,-2.03873324,-0.0864348412,-1.62568319,-0.057990659,-0.986979604,0.0410889238,0.144291833
26946121461698,82567,-2.03633976,-0.0631005839,-1.62494898,-0.0478354394,-0.987101078,0.0506270044,0.144153431
26946138107167,82583,-2.03423095,-0.0388446152,-1.62402475,-0.0368065648,-0.987011731,0.0613169968,0.143851906
26946154886750,82600,-2.0323379,-0.0122956634,-1.62296081,-0.0247699153,-0.986729264,0.0736747757,0.142562047
26946171459146,82617,-2.03075671,0.0148452651,-1.62182999,-0.013116206,-0.986220956,0.0864199847,0.140455887
26946188117583,82633,-2.02970004,0.0404995382,-1.620525,-0.00291185896,-0.985457301,0.0978487357,0.138892606
26946204782635,82650,-2.0289309,0.0673143715,-1.61879456,0.00683536055,-0.984402418,0.108484209,0.138334662
26946222905344,82668,-2.02841043,0.0948370546,-1.61642194,0.0156485289,-0.983178854,0.117696531,0.138787821
26946238165187,82683,-2.02813172,0.117057726,-1.61390901,0.0218475498,-0.982164383,0.123760037,0.139855027
26946254798729,82700,-2.02802896,0.141495958,-1.61039853,0.0281220507,-0.981059551,0.128535464,0.142161742
26946271823573,82716,-2.028162,0.163633645,-1.60644412,0.0338415131,-0.980130732,0.130935296,0.14510183
26946288122271,82733,-2.02829838,0.186045051,-1.60135698,0.03983704,-0.979401529,0.132152796,0.147381783
26946304822635,82749,-2.02828074,0.206060141,-1.59548879,0.0455421135,-0.978989124,0.132981479,0.147723809
26946321635552,82766,-2.02800369,0.22625646,-1.58813822,0.0521733686,-0.978709459,0.13423562,0.146241561
26946338140604,82783,-2.02748775,0.245470122,-1.57978308,0.0599857382,-0.978388071,0.136252955,0.143505201
26946354789667,82799,-2.02681828,0.2627711,-1.57110107,0.0682825074,-0.978003263,0.138121784,0.140604466
26946371504146,82815,-2.02600431,0.279463738,-1.56193662,0.0769962519,-0.977570236,0.139034197,0.13819401
26946388139198,82832,-2.02512574,0.296729267,-1.55198598,0.0861093327,-0.977093875,0.138492092,0.136721581
26946405124667,82849,-2.02435756,0.313750774,-1.54207683,0.0945499316,-0.976692796,0.136102274,0.13641049
26946421506489,82865,-2.02375197,0.329792529,-1.53297091,0.101299964,-0.97644794,0.132456824,0.136904925
26946438183312,82882,-2.02330971,0.346898705,-1.52370858,0.106627271,-0.97620213,0.12852788,0.138349935
26946454815500,82898,-2.0233469,0.362941772,-1.51543117,0.110151775,-0.97575748,0.125853524,0.141155824
26946471453989,82915,-2.02399397,0.37998867,-1.50730836,0.11271897,-0.975148499,0.123987459,0.144937709
26946488133521,82932,-2.0251019,0.397271901,-1.50008333,0.114231907,-0.974530935,0.123749293,0.148076355
26946504783573,82948,-2.02656746,0.413634181,-1.49411738,0.115171872,-0.973736763,0.126148582,0.150528163
26946521444406,82965,-2.0286932,0.431000531,-1.48876131,0.1162448,-0.972563505,0.130518764,0.153532892
26946538141854,82981,-2.03106093,0.447177529,-1.48456085,0.117351264,-0.971207201,0.135929614,0.156551838
26946554784771,82998,-2.03386259,0.463953257,-1.48092961,0.118330851,-0.969568253,0.143094316,0.159559682
26946571448885,83014,-2.0367558,0.479071409,-1.47829378,0.118606791,-0.968042552,0.149709478,0.162521288
26946588114458,83031,-2.04018331,0.494163275,-1.47617745,0.11816448,-0.966526508,0.155374736,0.166500241
26946604864458,83048,-2.04406643,0.508093238,-1.47464132,0.117221676,-0.9651196,0.159622833,0.171242118
26946621556385,83064,-2.04803681,0.519946694,-1.47357666,0.116135769,-0.964048386,0.162222102,0.175519809
26946638155291,83081,-2.05246377,0.531019032,-1.47276998,0.114985578,-0.96330899,0.16380167,0.178838462
26946654800760,83097,-2.0567131,0.539716482,-1.47208297,0.113860704,-0.962981462,0.164817482,0.180382013
26946671539458,83113,-2.06095243,0.546729028,-1.47146881,0.112628773,-0.9629426,0.16543746,0.180795267
26946688137375,83131,-2.06576991,0.55258733,-1.47093379,0.111014158,-0.963124275,0.165396959,0.180862635
26946704831646,83147,-2.07017398,0.555860162,-1.47054946,0.109126993,-0.963491797,0.164426014,0.180939078
26946721710135,83163,-2.07465672,0.557451606,-1.47037768,0.106786631,-0.964082956,0.162264764,0.181137681
26946738111802,83180,-2.07934594,0.557256281,-1.47042537,0.103828765,-0.964829981,0.158685714,0.1820485
26946754968000,83197,-2.08397532,0.555257857,-1.47082174,0.100755632,-0.965465665,0.153557077,0.184782818
26946771446646,83213,-2.08828688,0.552034318,-1.47154355,0.0982392803,-0.965813458,0.147645161,0.189088181
26946788123781,83230,-2.09256911,0.547312975,-1.47243202,0.0960378647,-0.966027439,0.141590893,0.193700314
26946804779875,83246,-2.09613013,0.541772664,-1.47335529,0.0940780491,-0.96630764,0.136811748,0.196675882
26946821606229,83263,-2.09932876,0.534715414,-1.47445011,0.0924863517,-0.966525018,0.133364692,0.19871974
26946838206177,83279,-2.10173035,0.526958883,-1.47568345,0.091756165,-0.966551721,0.131556764,0.200128704
26946854780760,83296,-2.10378313,0.51777184,-1.47714043,0.0917622671,-0.966455877,0.129935116,0.201642483
26946871449562,83313,-2.10566521,0.507912338,-1.47867036,0.0920511186,-0.966355681,0.127877086,0.203299865
26946888118104,83329,-2.10768962,0.498290837,-1.48005199,0.0924642831,-0.966286778,0.124991447,0.205225185
26946904954406,83345,-2.11019969,0.488611162,-1.48108411,0.0927383229,-0.966384709,0.120635636,0.207237139
26946921509145,83361,-2.11341882,0.478967905,-1.48151219,0.0928570703,-0.966642499,0.114665568,0.209360495
26946938113833,83379,-2.1182487,0.46827659,-1.4809103,0.0936089009,-0.966847718,0.106183633,0.212527856
26946954786489,83395,-2.12370968,0.459060729,-1.47936738,0.0948139951,-0.967055976,0.0974356085,0.215219438
26946971446073,83411,-2.13034058,0.450215876,-1.47689998,0.096338056,-0.967438936,0.088548325,0.2166567
26946988132323,83429,-2.13920903,0.440774888,-1.47299552,0.0984591246,-0.968109012,0.079524152,0.216209739
26947004807583,83445,-2.14824104,0.43277052,-1.46857738,0.100579172,-0.968903124,0.0729120821,0.21399641
26947021442166,83461,-2.15835547,0.424976915,-1.46333444,0.102397114,-0.969823062,0.0684715584,0.210403949
26947038129458,83478,-2.17018509,0.416924983,-1.45703995,0.103451729,-0.970929801,0.0666623786,0.205302641
26947054783989,83494,-2.18226194,0.409531623,-1.45073414,0.10311427,-0.972185671,0.0677564293,0.1990771
26947071458625,83512,-2.19683599,0.401492447,-1.44354749,0.100572713,-0.974032938,0.0715054497,0.189820975
26947088146229,83528,-2.21054482,0.394697368,-1.43727911,0.0968286246,-0.975971103,0.0760986283,0.179760024
26947104845395,83544,-2.22484398,0.388156682,-1.43136096,0.0923798978,-0.978116035,0.0809025168,0.167957798
26947121457375,83560,-2.23950195,0.381777525,-1.42595577,0.0871430859,-0.980537534,0.0849781558,0.154048786
26947138110395,83578,-2.25646877,0.374752074,-1.42061412,0.0808010027,-0.983375967,0.0880354866,0.136721671
26947154783833,83594,-2.27193403,0.368756026,-1.41659737,0.0751540661,-0.985895336,0.0883436203,0.120655365
26947171463781,83610,-2.28744054,0.363206267,-1.4132843,0.0687764287,-0.988523543,0.0856285766,0.103724815
26947188158625,83627,-2.30383778,0.357904345,-1.41052794,0.0607593022,-0.991313815,0.0798650607,0.0850108489
26947204784927,83643,-2.31910992,0.353510767,-1.40857303,0.0525951833,-0.993670106,0.0726299435,0.067664288
26947221444562,83661,-2.33578515,0.349357188,-1.40701783,0.0430718698,-0.995851815,0.0638806894,0.0484075397
26947238120395,83677,-2.3497436,0.346314043,-1.40604818,0.03478631,-0.997272551,0.0571398139,0.0311857332
26947254824822,83693,-2.3627584,0.343777925,-1.40538859,0.0271797031,-0.998161137,0.0523452424,0.0139869442
26947271452947,83709,-2.37460375,0.341848135,-1.40501106,0.0206327438,-0.998561144,0.0494297631,-0.00258861016
26947288113729,83727,-2.38634729,0.340420783,-1.40485549,0.0153970094,-0.998534381,0.0481143631,-0.0194207076
26947304795291,83743,-2.39535284,0.33978653,-1.40496016,0.0129655963,-0.998230934,0.0481160246,-0.0324313268
26947321460864,83759,-2.40286875,0.339748025,-1.40525293,0.0124886846,-0.997764409,0.0490627363,-0.0436237641
26947338143572,83776,-2.40930295,0.340177745,-1.40571225,0.0140188681,-0.997150123,0.0512448363,-0.0535650328
26947354818052,83793,-2.41409469,0.34088251,-1.40619183,0.0166150555,-0.996487379,0.0540699549,-0.0617529266
26947371444770,83810,-2.41734052,0.341772825,-1.40662539,0.019250311,-0.995878041,0.056827832,-0.0680222437
26947388117322,83826,-2.41909242,0.342795849,-1.40702951,0.0212024935,-0.995417178,0.0589047372,-0.0722868443
26947404790343,83842,-2.41953421,0.3440184,-1.4074409,0.0223150235,-0.995068133,0.0603546016,-0.075490959
26947421453520,83858,-2.41865611,0.345380008,-1.40785277,0.0225341935,-0.994790256,0.061554011,-0.0780748278
26947439352062,83877,-2.41582441,0.346961051,-1.40829813,0.0215705577,-0.994512439,0.0631448328,-0.0805768669
26947454776645,83892,-2.41229296,0.34805426,-1.40856838,0.0199943688,-0.994361162,0.0645143762,-0.0817558989
26947471448989,83908,-2.40724683,0.349063218,-1.40900493,0.0176901501,-0.994318604,0.0658809692,-0.0817144588
26947488114145,83925,-2.40036893,0.349912643,-1.40980971,0.0147666512,-0.994419277,0.0673056543,-0.079888992
26947504839249,83942,-2.39207006,0.35050723,-1.41096091,0.0118983909,-0.994655728,0.0687985122,-0.0760612711
26947521445239,83958,-2.38302612,0.350900441,-1.41245425,0.00966923218,-0.994963348,0.0701362118,-0.070959948
26947538106854,83975,-2.37223077,0.351095766,-1.41444254,0.00815265998,-0.995322585,0.0715236291,-0.0644283593
26947555007374,83991,-2.36082458,0.351105034,-1.41687381,0.00754709868,-0.99564594,0.0729274824,-0.0575659648
26947571616437,84008,-2.34742594,0.350834072,-1.42004073,0.00746207358,-0.995966375,0.0743141398,-0.0497278012
26947588123156,84024,-2.33374739,0.350292027,-1.42352104,0.0074808551,-0.996259034,0.0752084777,-0.041900482
26947604778364,84041,-2.31814384,0.349485844,-1.42784834,0.00685014715,-0.996574461,0.075545378,-0.0329453759
26947622225187,84058,-2.30159736,0.348527372,-1.43276632,0.00518338848,-0.996898115,0.0751917586,-0.0226604324
26947638191697,84074,-2.28521228,0.347740382,-1.43805408,0.00297467457,-0.997179568,0.0741554499,-0.0111861229
26947654780499,84091,-2.26701307,0.346889675,-1.44434524,-0.000164541823,-0.99733603,0.0729007423,0.00254614302
26947671648729,84108,-2.24802256,0.346012652,-1.45127654,-0.00400634157,-0.997187376,0.0727507249,0.0175723881
26947688114354,84124,-2.22950363,0.345161587,-1.45843589,-0.00770668918,-0.996690094,0.0740322992,0.0326905511
26947704791854,84141,-2.20923257,0.343988061,-1.46666801,-0.011198638,-0.995758772,0.076847069,0.0493313484
26947721767895,84157,-2.18947887,0.34277302,-1.47494888,-0.0130605772,-0.994515836,0.0805330351,0.0654387847
26947738113833,84173,-2.16912651,0.341369331,-1.48386419,-0.0133348256,-0.993071556,0.08394254,0.0811470151
26947754850499,84190,-2.14682055,0.339798242,-1.49404955,-0.0127178822,-0.991385698,0.0865578204,0.0974700227
26947771455916,84206,-2.12542987,0.338240504,-1.50421274,-0.0116281388,-0.989507318,0.0881247744,0.113904275
26947788121593,84224,-2.10130024,0.33624047,-1.51630425,-0.0101198703,-0.98685813,0.0891053751,0.134420723
26947804804093,84240,-2.07979298,0.33430922,-1.52759171,-0.00815420318,-0.984005272,0.0895287842,0.153791159
26947821449874,84256,-2.05847883,0.331862569,-1.53936112,-0.00442228699,-0.980904102,0.0890490338,0.172852129
26947838176853,84272,-2.03714275,0.329228222,-1.55167127,0.00128682703,-0.977938235,0.0869825408,0.189919144
26947854791853,84290,-2.0130322,0.326332271,-1.56621218,0.00953945052,-0.97466296,0.0834803432,0.207297385
26947871450239,84306,-1.99196613,0.323747188,-1.57937598,0.0186661761,-0.971321166,0.0803365558,0.223008439
26947888109458,84322,-1.97133589,0.320887357,-1.59254098,0.0284452811,-0.967645168,0.0776114315,0.238390937
26947904782114,84340,-1.94875598,0.317150474,-1.60734177,0.0395233706,-0.963415444,0.0745735765,0.254376471
26947921463156,84356,-1.92927563,0.313945353,-1.62058353,0.048342783,-0.959879518,0.0705756843,0.267045617
26947938122478,84373,-1.90973926,0.31126681,-1.63473415,0.0559826456,-0.955826104,0.0654862449,0.281023085
26947954787999,84389,-1.89270997,0.309034407,-1.64781892,0.061756067,-0.950938106,0.0613554977,0.296881348
26947971448260,84405,-1.87684572,0.306530654,-1.66069722,0.0650520995,-0.945415437,0.0584619641,0.313911021
26947988120187,84422,-1.8613199,0.303717256,-1.67409623,0.0657870099,-0.939690173,0.056408789,0.330866426
26948004777947,84439,-1.84706867,0.300963491,-1.68713975,0.0651352257,-0.934349179,0.054878667,0.34603107
26948021529197,84455,-1.83488572,0.298537314,-1.69909,0.0644627288,-0.929519057,0.0528975651,0.359222442
26948038785083,84472,-1.82312715,0.296059281,-1.71150911,0.0639713034,-0.924638808,0.049711436,0.372128487
26948054779822,84488,-1.81312811,0.293517649,-1.72284758,0.0637358949,-0.920581758,0.0465253033,0.382494748
26948071450968,84505,-1.80360222,0.290688187,-1.73444891,0.0637236387,-0.917023242,0.0437562577,0.391271263
26948088123208,84522,-1.79522228,0.288009286,-1.74554801,0.0637168884,-0.913980901,0.0409665219,0.398623675
26948104970343,84538,-1.78854752,0.28544274,-1.75545192,0.0639481694,-0.911113262,0.0384557582,0.405344814
26948121973208,84555,-1.78281057,0.282623261,-1.76525509,0.0649498105,-0.907965064,0.0363640003,0.412381709
26948138110551,84571,-1.77865803,0.279824704,-1.77374125,0.0659937039,-0.905362606,0.0351265706,0.418006599
26948154783780,84588,-1.77547133,0.276877582,-1.78215063,0.0664061084,-0.903161407,0.0350504816,0.422683239
26948171447218,84604,-1.77362323,0.274084926,-1.78940904,0.0659942627,-0.901263773,0.0363679379,0.426668346
26948188121905,84620,-1.77298474,0.271243155,-1.79605615,0.0645771995,-0.899415195,0.038334731,0.430595666
26948204780551,84638,-1.77382076,0.268001854,-1.80308068,0.0622665174,-0.897666812,0.0410467535,0.434318453
26948221556437,84654,-1.77592492,0.265081227,-1.80900991,0.0604419746,-0.896795392,0.0440699086,0.436076522
26948238156801,84670,-1.77926767,0.262275666,-1.81490457,0.0593115762,-0.896729827,0.0475016013,0.436006218
26948254803312,84687,-1.78412521,0.259413332,-1.82111239,0.0590547621,-0.897254109,0.0514278971,0.434514552
26948271716332,84704,-1.790465,0.256500483,-1.82739949,0.0597348735,-0.897861838,0.0556043908,0.432647884
26948288111853,84720,-1.79781044,0.253668338,-1.83348322,0.0608289801,-0.898453951,0.0593288206,0.430767387
26948304789301,84737,-1.80680251,0.25065878,-1.84019244,0.0618385337,-0.899380386,0.062888138,0.428177655
26948321415812,84753,-1.81620932,0.247879922,-1.8468864,0.0625547245,-0.900390804,0.0657391474,0.425513536
26948338114978,84769,-1.82647252,0.245136619,-1.85372329,0.0629525781,-0.901230216,0.0677250922,0.423360914
26948356413624,84788,-1.83957267,0.241918653,-1.86228538,0.0630381405,-0.901674092,0.0693939701,0.422131002
26948371452999,84803,-1.85054088,0.239441276,-1.86921513,0.0630549788,-0.901651919,0.0707578436,0.421949387
26948388207791,84819,-1.86268115,0.236889556,-1.87674379,0.0629644841,-0.901688695,0.0725588202,0.421578288
26948404786176,84836,-1.8758719,0.234249175,-1.88510489,0.0629026368,-0.901913404,0.0751844794,0.420645684
26948421596228,84853,-1.88934135,0.231705427,-1.89359331,0.0631271303,-0.901968837,0.0786056072,0.419867039
26948438148728,84869,-1.90219498,0.229362339,-1.9018296,0.0637745261,-0.901505232,0.0825484917,0.420008242
26948454800499,84886,-1.91608644,0.226964295,-1.91068065,0.0646413937,-0.900420547,0.0877018571,0.421156406
26948471473676,84902,-1.92935789,0.224804759,-1.91911411,0.0653456226,-0.898844004,0.0931722596,0.423235565
26948488113884,84919,-1.94370282,0.22258696,-1.92824554,0.0657555535,-0.896525621,0.0986879766,0.426824033
26948504786228,84935,-1.95752645,0.220680341,-1.93683553,0.0657337308,-0.893714547,0.102906175,0.43169871
26948521822062,84952,-1.97242892,0.218915045,-1.94610751,0.0653576478,-0.89008224,0.106557176,0.438323587
26948538113624,84969,-1.98758507,0.217364192,-1.95537531,0.0647382885,-0.885911763,0.10971567,0.446017891
26948554783364,84985,-2.00177813,0.215967193,-1.96415412,0.0639589056,-0.881590664,0.11241027,0.453950703
26948571443780,85001,-2.01593065,0.214550287,-1.97289693,0.0631611273,-0.876850724,0.114830509,0.462555408
26948588117895,85018,-2.03108072,0.213087708,-1.98202682,0.0625526458,-0.87148881,0.116807356,0.472176462
26948604807426,85035,-2.04634595,0.211819351,-1.99104071,0.0624936707,-0.866025865,0.117862388,0.481873721
26948621500291,85051,-2.06089044,0.210794732,-1.99927163,0.0631295219,-0.860836923,0.118094057,0.490946323
26948638130811,85067,-2.07526803,0.209728688,-2.0073235,0.0642562211,-0.855363131,0.117963649,0.500309646
26948654797530,85085,-2.09128213,0.208443537,-2.01597261,0.065701142,-0.848554015,0.117466681,0.511704147
26948671449093,85101,-2.10541677,0.207265735,-2.02313471,0.0665212199,-0.842093945,0.116617039,0.52235359
26948688118989,85117,-2.11927557,0.205989361,-2.02986598,0.0666761398,-0.835383356,0.115054742,0.533339858
26948704849770,85134,-2.13419485,0.204880089,-2.03600192,0.066051878,-0.828026533,0.112152554,0.545372427
26948721445603,85151,-2.14883304,0.203822836,-2.04143715,0.0645561144,-0.820603132,0.107910663,0.557492971
26948738136280,85167,-2.16212058,0.202782646,-2.04597163,0.0624603815,-0.813523591,0.103209734,0.568881273
26948754787739,85183,-2.17480326,0.201695263,-2.0499208,0.0598741546,-0.806404293,0.0983588025,0.580045581
26948771554301,85201,-2.18832421,0.200391948,-2.05362725,0.0566308461,-0.79856807,0.0932994485,0.591926754
26948788130447,85217,-2.19962096,0.199318439,-2.05613589,0.0538468622,-0.79174453,0.0894170552,0.60186857
26948804785551,85233,-2.20974731,0.198225468,-2.05834985,0.0512941219,-0.784985185,0.0863788575,0.611314952
26948821542322,85250,-2.21958566,0.197195113,-2.06004739,0.0489847027,-0.777555108,0.0842055455,0.621222973
26948838183103,85266,-2.2278266,0.19625546,-2.06117225,0.0469699539,-0.770617843,0.0829837099,0.630123556
26948854780186,85282,-2.23514915,0.195251733,-2.06183052,0.0447475314,-0.764201522,0.0825655907,0.638103902
26948871548676,85300,-2.24223399,0.194089323,-2.06210542,0.0417407379,-0.757853329,0.0821544528,0.645884395
26948888110499,85316,-2.24752188,0.193041772,-2.06203771,0.0382003337,-0.75333482,0.0808808133,0.651525736
26948904837113,85332,-2.25193572,0.192009807,-2.06161284,0.0336477309,-0.750093281,0.0788597167,0.655750811
26948921445186,85350,-2.25542665,0.19097206,-2.0608902,0.0276415478,-0.747979105,0.0762866959,0.658743978
26948938114874,85366,-2.25709343,0.190176234,-2.06001282,0.0219750013,-0.747350037,0.0744921938,0.659875751
26948954853988,85382,-2.25734925,0.189406306,-2.05884075,0.0163555704,-0.747766137,0.0738281459,0.65964216
26948971444718,85399,-2.25618052,0.188547418,-2.0572052,0.0107656373,-0.749082446,0.0744725838,0.658189654
26948988135759,85416,-2.25355339,0.187746137,-2.05514193,0.00593482843,-0.751050472,0.0762381405,0.655801594
26949004783624,85432,-2.24967003,0.187130749,-2.05290556,0.00201342767,-0.753520668,0.0786874518,0.652695119
26949021571853,85448,-2.2446723,0.186511949,-2.05039024,-0.00153524464,-0.756603539,0.0816057026,0.648759782
26949038973363,85466,-2.23761892,0.185904324,-2.04716611,-0.00528506702,-0.761063159,0.0846535489,0.643108726
26949054781488,85482,-2.23020577,0.185399354,-2.04397845,-0.00870803092,-0.766197979,0.0865509212,0.636689782
26949071445759,85498,-2.22156763,0.184872001,-2.04058576,-0.0127834715,-0.772415757,0.0875668898,0.628921807
26949088114770,85515,-2.21096373,0.184238404,-2.03671145,-0.0179165825,-0.779546022,0.087872088,0.619891465
26949104851384,85531,-2.19993186,0.183518589,-2.03267574,-0.0231936164,-0.786311626,0.0874381214,0.611171544
26949121516384,85548,-2.18717623,0.182699591,-2.02793312,-0.0290008932,-0.793809474,0.0863907412,0.601300359
26949138113520,85565,-2.17353129,0.181835845,-2.02287197,-0.0344651043,-0.801572382,0.0847419798,0.590857685
26949154784874,85581,-2.15973115,0.18102847,-2.01761413,-0.0384387523,-0.808747768,0.0824838206,0.581073165
26949171475759,85597,-2.14498091,0.180198163,-2.01197886,-0.0407347493,-0.815857112,0.0798169598,0.571268082
26949188109561,85614,-2.12834859,0.179241359,-2.00571418,-0.0416150577,-0.82388711,0.0775550678,0.559878111
26949204785863,85631,-2.11072087,0.178219438,-1.99895012,-0.0412564166,-0.832131386,0.0764352083,0.547734439
26949221449249,85647,-2.09350729,0.177198678,-1.9923439,-0.0402257219,-0.839250922,0.0758426487,0.536924362
26949238227270,85664,-2.07471251,0.176295206,-1.98471832,-0.0386196673,-0.845792055,0.0751133189,0.526785016
26949254795655,85681,-2.05539608,0.175682262,-1.97652841,-0.0363851972,-0.851419091,0.0745614693,0.517882526
26949271460967,85697,-2.03689337,0.175276324,-1.96840906,-0.0336766392,-0.856176674,0.0743622556,0.510193825
26949288174665,85713,-2.01828599,0.174953401,-1.95984411,-0.0307185184,-0.86057663,0.0744175389,0.502917945
26949304779092,85730,-1.99841928,0.174787372,-1.95040536,-0.0276136138,-0.864808857,0.0744280294,0.495785892
26949321447790,85747,-1.97854519,0.174993768,-1.94053292,-0.0244070292,-0.868660212,0.0744712427,0.489170641
26949338108988,85763,-1.95996392,0.175597385,-1.93106949,-0.0212858617,-0.872276247,0.0748973265,0.482774675
26949354782165,85779,-1.94150424,0.176570147,-1.92132926,-0.0181653667,-0.876134574,0.0757890642,0.475724995
26949371486072,85797,-1.92081368,0.177928656,-1.91013038,-0.0149673754,-0.880668044,0.0776757896,0.467082769
26949388115863,85813,-1.9025749,0.17938219,-1.90004396,-0.0121888043,-0.884251416,0.0804885104,0.459861368
26949404782686,85829,-1.88455284,0.181116715,-1.88977718,-0.00891770516,-0.886925519,0.0841706395,0.45409137
26949421586957,85847,-1.86458659,0.183278799,-1.87832189,-0.00446288055,-0.888872683,0.0890111476,0.449402422
26949438121384,85863,-1.8473922,0.185426146,-1.8681668,0.000538473891,-0.889661908,0.0938241035,0.446876436
26949454823467,85879,-1.83094144,0.187911168,-1.85823894,0.00676312251,-0.88978374,0.0984212235,0.445592403
26949471447738,85896,-1.8145113,0.190819621,-1.84797347,0.0147685809,-0.889710069,0.102358691,0.444658011
26949488113728,85913,-1.79903519,0.193730578,-1.83808506,0.0243853014,-0.889927566,0.105316356,0.443105906
26949504784509,85929,-1.78519583,0.196383983,-1.82934022,0.0346537083,-0.890646994,0.107156038,0.440527737
26949521447582,85945,-1.7722913,0.198893443,-1.82104778,0.0460180864,-0.891615927,0.108114988,0.437280923
26949538140915,85962,-1.75969887,0.201349571,-1.81275332,0.0590029098,-0.892722964,0.108246922,0.433413237
26949554893311,85979,-1.74841344,0.203564689,-1.80492473,0.0720335096,-0.894140124,0.107341766,0.428721815
26949571444613,85995,-1.73895574,0.20552285,-1.79813278,0.0833745003,-0.895785213,0.105659455,0.423619747
26949588116176,86012,-1.73013401,0.207265809,-1.79139721,0.0940340012,-0.897464991,0.103279456,0.418386936
26949604779249,86028,-1.72291958,0.208335236,-1.78535306,0.102687925,-0.89878428,0.100804783,0.414102018
26949621645967,86045,-1.7161243,0.208893701,-1.77941287,0.109957539,-0.900162578,0.0986233726,0.409744084
26949638165499,86062,-1.71020985,0.208821103,-1.77383137,0.114214562,-0.901741683,0.0976043195,0.405327499
26949654778103,86078,-1.70540082,0.208309606,-1.7689991,0.114482939,-0.903371155,0.0979622453,0.40151912
26949671453572,86094,-1.70142758,0.207328647,-1.76449919,0.109971933,-0.905169666,0.0998232216,0.398258001
26949688083728,86111,-1.69814169,0.205584124,-1.75993979,0.0985582396,-0.907269299,0.104056604,0.395374537
26949704806644,86128,-1.69576192,0.203141972,-1.7555747,0.0797344819,-0.909215212,0.110743783,0.393326759
26949721466384,86144,-1.69448328,0.2003261,-1.75159848,0.0560759008,-0.910501182,0.118592329,0.392146796
26949738111332,86160,-1.69395947,0.197155103,-1.74790061,0.027967222,-0.911138058,0.127239406,0.390967399
26949754818363,86178,-1.69415092,0.193169862,-1.74422693,-0.00739027793,-0.911043406,0.137297541,0.388709098
26949772596071,86195,-1.69492221,0.18906112,-1.74136794,-0.0435801297,-0.910023093,0.146610811,0.385310262
26949788125446,86210,-1.6960541,0.18524757,-1.73936093,-0.0768824741,-0.908226073,0.154381365,0.381288469
26949804781280,86227,-1.69776702,0.180698723,-1.73774302,-0.115229629,-0.905218482,0.162762672,0.375246525
26949821455499,86244,-1.6997782,0.175907329,-1.73688412,-0.153084621,-0.90116775,0.170891434,0.367774248
26949838135186,86260,-1.70190966,0.171329707,-1.73675406,-0.187156722,-0.896346986,0.178437918,0.360130966
26949854786071,86276,-1.70416296,0.166608438,-1.73728585,-0.219266459,-0.890523195,0.185906485,0.352603883
26949871529978,86293,-1.70677555,0.161444053,-1.7385242,-0.252171218,-0.882874668,0.193887845,0.345470041
26949888112790,86310,-1.7097764,0.156229541,-1.74037027,-0.285008729,-0.873098552,0.201985896,0.340104073
26949904787113,86326,-1.71294105,0.151358068,-1.74260831,-0.316366762,-0.861888587,0.209650278,0.336313933
26949921485551,86343,-1.71653605,0.146384805,-1.74556088,-0.349678129,-0.848234236,0.21802713,0.332698196
26949938145655,86360,-1.72038484,0.14150542,-1.74904954,-0.381675452,-0.83342731,0.226638541,0.329177439
26949954780863,86376,-1.72433579,0.137026727,-1.75280786,-0.410025805,-0.819203794,0.234400466,0.32533139
26949971446592,86393,-1.72873795,0.132407725,-1.75746143,-0.438350022,-0.804280043,0.242048368,0.31999287
26949988115186,86409,-1.73298013,0.128188848,-1.76243055,-0.464007318,-0.790219367,0.249111995,0.313359082
26950004808936,86426,-1.73770189,0.123994976,-1.76815033,-0.490384489,-0.774987698,0.256243765,0.305379122
26950021485811,86443,-1.74261236,0.120127141,-1.77408803,-0.514374077,-0.760194719,0.262304604,0.297858298
26950038127478,86459,-1.74721873,0.116709471,-1.7796737,-0.533076346,-0.74794066,0.267434299,0.291364551
26950054777165,86475,-1.75165856,0.113236085,-1.78521907,-0.548024178,-0.737809718,0.272554129,0.284641266
26950071480238,86492,-1.75603008,0.109708734,-1.79126549,-0.561469316,-0.728296161,0.277531147,0.278052896
26950088143051,86509,-1.75995493,0.106796332,-1.79759097,-0.574657202,-0.718444228,0.281262159,0.272944182
26950104790082,86525,-1.76343477,0.10468132,-1.80370164,-0.588168859,-0.707758725,0.284256458,0.268948376
26950121447426,86541,-1.76683807,0.103166595,-1.80979395,-0.602024138,-0.695897937,0.287806123,0.265444517
26950138110707,86558,-1.77036285,0.102100231,-1.81606197,-0.615861416,-0.683029711,0.292911679,0.261510968
26950154776488,86575,-1.7737397,0.101484746,-1.82201171,-0.62814647,-0.671016574,0.298869729,0.256604314
26950171447478,86591,-1.77678442,0.101204537,-1.82748401,-0.638361096,-0.661017299,0.304332048,0.250865102
26950188114457,86608,-1.77984452,0.10118182,-1.83322728,-0.647929609,-0.651935518,0.3093279,0.243892908
26950204859717,86625,-1.78265154,0.101454541,-1.83888221,-0.656137228,-0.644557714,0.313142806,0.236581802
26950221541800,86640,-1.7849313,0.1019243,-1.8438921,-0.662007928,-0.639449477,0.3156991,0.230616733
26950238151019,86658,-1.78748858,0.102755174,-1.84956443,-0.666758358,-0.635238349,0.318132609,0.225160673
26950254783103,86674,-1.78958523,0.103701174,-1.85426283,-0.668401241,-0.633530259,0.319889218,0.222598583
26950271455290,86690,-1.79159582,0.104828753,-1.85846114,-0.66723752,-0.633891761,0.321484476,0.22276251
26950288113988,86708,-1.79391134,0.10622184,-1.86237884,-0.662165701,-0.636928558,0.323259711,0.226631477
26950305354821,86724,-1.79595673,0.107500613,-1.86527216,-0.654605031,-0.641518593,0.324959129,0.233126298
26950321447634,86740,-1.79793,0.109012298,-1.86749303,-0.644838512,-0.647520542,0.326191515,0.241866916
26950338116436,86757,-1.79995108,0.110861368,-1.86942005,-0.632909954,-0.65511924,0.32633701,0.252483666
26950354787269,86773,-1.80197036,0.112938732,-1.87077737,-0.620609581,-0.663340867,0.325123072,0.262902617
26950371441644,86790,-1.804286,0.115545943,-1.87188053,-0.606073141,-0.673394442,0.322367638,0.274398535
26950388118571,86807,-1.80683625,0.118414052,-1.87255704,-0.589115679,-0.685346305,0.318190247,0.28635323
26950404781540,86823,-1.80956686,0.121195734,-1.87244618,-0.570054829,-0.698742211,0.313013822,0.298025668
26950421456644,86839,-1.81251955,0.123888671,-1.87190902,-0.547835886,-0.71419096,0.306515783,0.309605181
26950438117946,86856,-1.81596899,0.126764566,-1.87080503,-0.52141726,-0.732379317,0.297335893,0.321459085
26950454780238,86873,-1.81945598,0.129744276,-1.86983883,-0.492729485,-0.751271605,0.285215944,0.333857
26950471491957,86889,-1.8230139,0.132744506,-1.86860478,-0.462807298,-0.769195616,0.271106303,0.347345561
26950488115707,86906,-1.82707024,0.135789841,-1.86677623,-0.426306725,-0.788490355,0.253966421,0.363382339
26950504808050,86923,-1.83117175,0.138542458,-1.86472511,-0.383256733,-0.808406174,0.234845132,0.380054712
26950521448311,86939,-1.83510065,0.140493974,-1.86224341,-0.336518943,-0.827592671,0.214716733,0.394641876
26950538116227,86956,-1.83899581,0.142132819,-1.85989845,-0.281853348,-0.847249806,0.190693155,0.407875806
26950554905082,86972,-1.84253538,0.143445686,-1.85763168,-0.227809593,-0.863620818,0.165921852,0.4180094
26950571447738,86989,-1.84604824,0.144714922,-1.85518503,-0.170749858,-0.877946913,0.138481647,0.425295889
26950588113259,87005,-1.84943795,0.146190897,-1.8528254,-0.120638326,-0.888598144,0.112486795,0.428003013
26950604778259,87022,-1.85362959,0.148021162,-1.84981966,-0.0739270672,-0.897171021,0.0852832124,0.427019775
26950621610915,87039,-1.858199,0.150391906,-1.8466388,-0.0354597159,-0.903045118,0.0599060319,0.423867196
26950638137529,87055,-1.86307263,0.152894348,-1.84298468,-0.00723468419,-0.906449795,0.0393409878,0.420415103
26950654784925,87071,-1.86847699,0.155365184,-1.83877254,0.0138088753,-0.908476412,0.0229517873,0.417077035
26950671458415,87089,-1.87515521,0.158378229,-1.83330977,0.0302131474,-0.910169542,0.00925098546,0.413029045
26950688113207,87105,-1.88154697,0.16133526,-1.82782471,0.0399215892,-0.911897361,0.00024511927,0.40847218
26950704798467,87121,-1.888147,0.164696291,-1.82222939,0.0470155813,-0.914127707,-0.00714071328,0.402627915
26950721494300,87138,-1.89548719,0.168699399,-1.81617272,0.0538456775,-0.917037666,-0.0143978493,0.394886464
26950738233467,87154,-1.90242422,0.172860011,-1.81063449,0.0619204566,-0.920164049,-0.0213189684,0.386017501
26950754804352,87171,-1.90986276,0.177691057,-1.80474412,0.0742022619,-0.923611999,-0.0290010776,0.374958664
26950771491592,87188,-1.91737449,0.182765216,-1.79879606,0.0915598869,-0.926635385,-0.0370314308,0.362756759
26950788136279,87204,-1.92434514,0.187865198,-1.79323578,0.112950891,-0.928305209,-0.0449764132,0.351381332
26950804846331,87220,-1.93126392,0.193357721,-1.78757024,0.139247999,-0.928060651,-0.0529547557,0.341334522
26950821449665,87237,-1.93860698,0.199468628,-1.78138256,0.172231808,-0.925346375,-0.0606872737,0.332246065
26950838114717,87254,-1.94610405,0.205784351,-1.77487636,0.209433481,-0.920294046,-0.0671901181,0.323545963
26950854781488,87270,-1.95293891,0.211969495,-1.7686317,0.247223005,-0.913743794,-0.0723760724,0.314189315
26950871461852,87287,-1.96032739,0.218700871,-1.76182914,0.289132804,-0.905073702,-0.0774500147,0.302068532
26950888116384,87303,-1.96771348,0.224945396,-1.75515997,0.329086035,-0.89542228,-0.0825728923,0.288276255
26950904805446,87320,-1.97582078,0.231456757,-1.74802268,0.370432734,-0.884089708,-0.0889580771,0.270650148
26950921447738,87337,-1.98432112,0.237784937,-1.74096322,0.409008205,-0.872278512,-0.0964531824,0.250078529
26950938207998,87353,-1.99264967,0.243461534,-1.73437548,0.441635758,-0.86116755,-0.104510583,0.228967085
26950954781592,87369,-2.00148535,0.248686403,-1.72783756,0.469910651,-0.850512207,-0.112741642,0.207611114
26950971487373,87386,-2.01125288,0.253470302,-1.72109854,0.495289356,-0.840020061,-0.120555542,0.1857986
26950988200550,87403,-2.02127361,0.257317454,-1.7146132,0.516038954,-0.830848157,-0.127249569,0.164932206
26951004781175,87419,-2.03084922,0.260142416,-1.70876229,0.531754971,-0.8236233,-0.133035734,0.145543382
26951021767998,87436,-2.040941,0.262545437,-1.70288765,0.54501754,-0.817267597,-0.139321834,0.124975994
26951039304352,87453,-2.05131173,0.264337271,-1.69726229,0.555628896,-0.811793208,-0.145815387,0.104910634
26951054780133,87469,-2.06071258,0.265806586,-1.69242609,0.563986301,-0.807142556,-0.151358053,0.0867823958
26951071473883,87485,-2.06997395,0.267079175,-1.68768549,0.571035743,-0.802970767,-0.155869767,0.0697196722
26951088112061,87502,-2.07984781,0.268143326,-1.68259776,0.577202976,-0.799128294,-0.159389779,0.0531563498
26951104953206,87519,-2.08914709,0.269091129,-1.67765272,0.582152188,-0.796009302,-0.161185876,0.0385642797
26951121447581,87535,-2.09754968,0.269667536,-1.67291033,0.585894585,-0.793851256,-0.160633788,0.0269187633
26951138112061,87552,-2.10574436,0.269889981,-1.66792655,0.589046896,-0.792434752,-0.157445908,0.0167864226
26951154812529,87568,-2.11290789,0.269730568,-1.66324902,0.590915561,-0.79209578,-0.152718976,0.00894206762
26951171443936,87585,-2.11987448,0.269183636,-1.65832186,0.591513455,-0.792800367,-0.146886572,0.00196702289
26951188146123,87602,-2.1260922,0.268393368,-1.65356624,0.590843081,-0.794389129,-0.140851617,-0.00335121132
26951204777008,87618,-2.13144875,0.267553687,-1.64915681,0.589232802,-0.796472073,-0.135618865,-0.00667635212
26951221623206,87634,-2.13619018,0.266628951,-1.64487088,0.586819887,-0.798976064,-0.131145597,-0.00896656327
26951238301279,87651,-2.1405282,0.265632987,-1.64066076,0.582928479,-0.802411735,-0.127324358,-0.0108786868
26951254781331,87668,-2.14411855,0.264524758,-1.6366545,0.576984465,-0.807210922,-0.123997413,-0.0111446725
26951271448258,87684,-2.14681172,0.263230056,-1.63314164,0.569087386,-0.813326359,-0.120740362,-0.00785623491
26951288135081,87700,-2.14900088,0.261564523,-1.62988091,0.558377862,-0.821227312,-0.117473193,-8.33638405e-05
26951304784248,87718,-2.1509366,0.259325594,-1.62651932,0.543213725,-0.831653059,-0.114332683,0.014150992
26951321502217,87734,-2.1521368,0.25723508,-1.62405527,0.526748121,-0.841915786,-0.112875372,0.0311991051
26951338114456,87750,-2.153157,0.254918307,-1.62183905,0.50689888,-0.853036582,-0.112744309,0.051678922
26951354794665,87767,-2.15386391,0.252271593,-1.61996675,0.481369853,-0.865698636,-0.113859944,0.0767129958
26951371447165,87783,-2.154392,0.249437392,-1.61857259,0.453218877,-0.877877176,-0.115543559,0.102830231
26951388121488,87800,-2.15459943,0.246361494,-1.61731458,0.420074195,-0.890018702,-0.117733411,0.132450849
26951404803883,87817,-2.15423608,0.243561506,-1.6165905,0.384892374,-0.900319099,-0.120643348,0.16348891
26951421461019,87833,-2.15376878,0.241113216,-1.61600852,0.351459444,-0.907727301,-0.123211227,0.193200782
26951438123988,87849,-2.15281725,0.23883529,-1.61568558,0.318962306,-0.912830055,-0.124459617,0.222517937
26951454780550,87867,-2.1515255,0.236415356,-1.61554003,0.284837723,-0.916148663,-0.124889702,0.252866954
26951471458987,87883,-2.14943528,0.234591097,-1.61566198,0.257037252,-0.918181002,-0.124057487,0.274745882
26951488141540,87899,-2.14629841,0.232793808,-1.61607552,0.232452452,-0.919717133,-0.121570595,0.292073399
26951504793050,87916,-2.14248276,0.23100765,-1.6166985,0.209979743,-0.920422733,-0.118438981,0.307738125
26951521452790,87933,-2.13808417,0.229518771,-1.61783135,0.190097436,-0.920711637,-0.115111656,0.320784092
26951538111904,87949,-2.13383675,0.228278965,-1.61895025,0.173025563,-0.921076059,-0.111401781,0.33056128
26951554786331,87966,-2.12879562,0.227332562,-1.62064683,0.156674266,-0.921375751,-0.107792668,0.338970214
26951571479404,87982,-2.12396812,0.226493269,-1.6224128,0.143449515,-0.92152065,-0.104887128,0.345283389
26951588116279,87999,-2.11897945,0.225783542,-1.62417829,0.131466538,-0.922198772,-0.101505332,0.349231601
26951604828154,88016,-2.11369658,0.225587785,-1.62627482,0.120732516,-0.924195528,-0.0968062356,0.349163234
26951621445706,88032,-2.10915446,0.225542992,-1.6278801,0.111615948,-0.92712301,-0.0900617316,0.346227914
26951638235967,88049,-2.10448885,0.225610346,-1.62957227,0.102940753,-0.930951059,-0.0795244426,0.341188043
26951654813050,88065,-2.10084915,0.225471824,-1.63037992,0.0943911821,-0.935206652,-0.0660442933,0.334838867
26951671460237,88081,-2.0979197,0.225354701,-1.63081694,0.0850277096,-0.93959862,-0.0496893674,0.327804357
26951688131331,88099,-2.09531784,0.225637585,-1.63143432,0.0747373775,-0.944311321,-0.0300861876,0.319038123
26951704795498,88115,-2.09447312,0.226260081,-1.63126016,0.0663155094,-0.949253857,-0.0124963745,0.307186067
26951721460758,88131,-2.09440184,0.227133676,-1.63103092,0.0586792566,-0.955974221,0.00509376591,0.287479132
26951738281175,88147,-2.0947454,0.228032261,-1.63090813,0.05181095,-0.964200258,0.0203176327,0.259269595
26951754880498,88165,-2.09585238,0.229604572,-1.63152027,0.0440988243,-0.973670781,0.0319388211,0.221360594
26951771447737,88181,-2.09759808,0.231584743,-1.63217139,0.0364103131,-0.980978787,0.0403441302,0.186352491
26951788115081,88197,-2.10057855,0.233742043,-1.63233995,0.0266951602,-0.986782908,0.0491748601,0.152081564
26951805247998,88215,-2.10538626,0.236399516,-1.63268661,0.0114115952,-0.991784632,0.0583188459,0.113278456
26951821449144,88231,-2.11096787,0.238850713,-1.63305306,-0.00494209863,-0.994686186,0.066283159,0.0786223784
26951838144352,88247,-2.11728501,0.24130629,-1.63374794,-0.0220663138,-0.99602896,0.0740964189,0.0441501923
26951854781852,88264,-2.12440729,0.244216889,-1.63475478,-0.0397312678,-0.995954931,0.0801677108,0.00827206392
26951871476019,88280,-2.13143373,0.247266904,-1.635975,-0.0554501489,-0.994579017,0.084114477,-0.0257414859
26951888115706,88297,-2.13917613,0.250681251,-1.63745856,-0.0725494027,-0.991372347,0.0881382301,-0.0644139275
26951904956279,88314,-2.14754963,0.254428357,-1.6391722,-0.0911546871,-0.985781074,0.0921352431,-0.106947422
26951921447112,88330,-2.15583348,0.258348137,-1.64170372,-0.110075593,-0.977778494,0.0945127159,-0.151327372
26951938107373,88347,-2.16473269,0.262943745,-1.64532912,-0.131989598,-0.965615511,0.0951209366,-0.20277442
26951954817112,88363,-2.17321706,0.267494172,-1.64947021,-0.155973583,-0.949882329,0.0948110819,-0.253784657
26951971457633,88380,-2.18217158,0.272702157,-1.6547066,-0.184912175,-0.928992927,0.0934530273,-0.306669563
26951988120394,88396,-2.19044137,0.277933776,-1.6604259,-0.214069068,-0.90612781,0.0906650126,-0.353393227
26952004785550,88413,-2.1987524,0.283503681,-1.66722095,-0.24553217,-0.878365993,0.0860431492,-0.400978595
26952021453571,88430,-2.20602369,0.289072186,-1.67452919,-0.27416411,-0.848159969,0.0799984261,-0.446160436
26952038357894,88446,-2.21167374,0.294164151,-1.68168342,-0.294996142,-0.818943799,0.0733124241,-0.486758351
26952054785498,88462,-2.2160635,0.298953027,-1.68871498,-0.308998674,-0.789394796,0.0670214966,-0.526197553
26952071451227,88479,-2.21963239,0.303361505,-1.6957345,-0.316771835,-0.758220315,0.0624802969,-0.566439509
26952088112164,88496,-2.2221384,0.306757271,-1.70212042,-0.318169028,-0.728158414,0.0603689253,-0.604077339
26952104785550,88512,-2.22368813,0.309261173,-1.70751655,-0.314854056,-0.702012241,0.0597390421,-0.635985076
26952121510758,88529,-2.22486925,0.311356068,-1.71240103,-0.307873994,-0.677460849,0.059643764,-0.665359318
26952138112425,88546,-2.22526908,0.312994361,-1.71677423,-0.298217773,-0.656711578,0.0594213679,-0.690119684
26952154915133,88562,-2.2255075,0.31412524,-1.72002029,-0.287813365,-0.640992641,0.0587400459,-0.7091133
26952171450966,88578,-2.22569847,0.314759761,-1.72236896,-0.276949883,-0.628707707,0.0570751578,-0.724408686
26952188133154,88595,-2.22564864,0.315060407,-1.72420633,-0.264679372,-0.619308889,0.0538994782,-0.737222016
26952204798883,88612,-2.22556043,0.315166652,-1.72560334,-0.252006888,-0.613249063,0.0495976843,-0.746966064
26952221451591,88628,-2.22535229,0.315094531,-1.72678351,-0.240965873,-0.609850943,0.0450546294,-0.753649473
26952238122425,88645,-2.22545147,0.314763725,-1.72722065,-0.23112601,-0.608127594,0.0395306014,-0.758418798
26952254781123,88661,-2.22575331,0.313960582,-1.72729456,-0.223461285,-0.607896864,0.0331047736,-0.761203408
26952271446279,88678,-2.22609019,0.31285432,-1.72707987,-0.216194302,-0.609503448,0.0247662403,-0.762333453
26952288132373,88694,-2.22638679,0.311852813,-1.72632706,-0.2099576,-0.612987995,0.0159740485,-0.761517107
26952304789612,88711,-2.22666192,0.310762644,-1.72533524,-0.204198688,-0.618829429,0.00636232877,-0.758493662
26952321448050,88728,-2.22705507,0.309561759,-1.72412646,-0.199033871,-0.627438307,-0.00287012593,-0.752793789
26952338115654,88744,-2.22743201,0.308108896,-1.72288299,-0.194229081,-0.638172746,-0.0105658723,-0.744915485
26952354785550,88761,-2.22772098,0.30652371,-1.7214973,-0.188783467,-0.652163744,-0.0170339998,-0.73399806
26952371444560,88777,-2.22776365,0.30498293,-1.72033358,-0.182894513,-0.667226076,-0.0213223156,-0.721736968
26952388324873,88794,-2.22747684,0.30320105,-1.71909773,-0.175579637,-0.684580207,-0.0238453262,-0.707073629
26952404784612,88810,-2.22697687,0.301635027,-1.71770477,-0.167706713,-0.70185262,-0.0242047217,-0.691875398
26952421459456,88827,-2.22598314,0.299814463,-1.7163434,-0.158357665,-0.720655441,-0.0235436708,-0.674554944
26952438121800,88843,-2.22483325,0.298220605,-1.71472251,-0.148591533,-0.739676774,-0.0226874594,-0.65596056
26952454775810,88860,-2.22359848,0.296582967,-1.71235013,-0.137818009,-0.762955129,-0.021170212,-0.631234944
26952471448883,88877,-2.2223115,0.295149207,-1.70981526,-0.127696976,-0.789389074,-0.0184742678,-0.600180984
26952488109404,88893,-2.22124076,0.293911517,-1.70708632,-0.119775124,-0.816053748,-0.0138798226,-0.56525892
26952504785237,88909,-2.22010016,0.292382628,-1.70398891,-0.112811565,-0.843690753,-0.00620183907,-0.524805725
26952521446175,88927,-2.21849895,0.290507287,-1.700109,-0.104092583,-0.874605417,0.00590559794,-0.473492593
26952538112893,88943,-2.2164197,0.288520217,-1.69613433,-0.0942286253,-0.900500238,0.0193484332,-0.424082577
26952554785029,88959,-2.21348071,0.286404669,-1.69161499,-0.0811355263,-0.923830926,0.0345090069,-0.372508436
26952571448883,88976,-2.20917511,0.284144193,-1.68636191,-0.0624789372,-0.945136666,0.0510219894,-0.316559464
26952588139300,88993,-2.20332146,0.281899691,-1.68099082,-0.0386651568,-0.96249485,0.0663153604,-0.260213464
26952604779247,89009,-2.19640779,0.279698104,-1.67615283,-0.0128274178,-0.975034535,0.0788551569,-0.20718351
26952621469195,89026,-2.18770027,0.277275026,-1.67148805,0.0159373004,-0.984308779,0.0886982754,-0.151706964
26952638701956,89042,-2.17852306,0.275218964,-1.66776943,0.0415810794,-0.989506662,0.0939157978,-0.101624206
26952654776122,89059,-2.16806626,0.273092866,-1.66445172,0.0649101287,-0.992025912,0.0948531926,-0.051712621
26952671460133,89075,-2.15776587,0.271209389,-1.66228092,0.0819413736,-0.992431819,0.0910540074,-0.00859811343
26952688112477,89092,-2.14637613,0.269319683,-1.66130221,0.0937767178,-0.99164778,0.0825152919,0.0321228206
26952704783883,89108,-2.13549542,0.267675549,-1.66138983,0.0988899916,-0.990375996,0.0712673888,0.0655526072
26952721462633,89125,-2.12416244,0.266241282,-1.66243291,0.0991139188,-0.988673151,0.0574580096,0.0969567001
26952738110445,89141,-2.11354208,0.264981389,-1.66393495,0.0956895575,-0.986727297,0.0442007557,0.123528197
26952754871591,89158,-2.10235214,0.263714671,-1.66648412,0.0893295184,-0.984107196,0.0314755253,0.150208801
26952771443674,89175,-2.09151316,0.262554973,-1.66998231,0.0817036182,-0.98051244,0.0211469568,0.177405447
26952788117893,89191,-2.08157468,0.261654496,-1.67397583,0.0742044821,-0.975943744,0.0141625339,0.20451653
26952804825237,89208,-2.07132959,0.260878384,-1.67892599,0.0663630888,-0.969625294,0.0104591204,0.235187963
26952821461852,89225,-2.0613687,0.260117978,-1.68426538,0.0595108755,-0.961592197,0.00998688769,0.267767042
26952838230810,89241,-2.05190253,0.259518534,-1.69047415,0.0548594594,-0.952472448,0.0112548498,0.299432993
26952854778831,89257,-2.04252529,0.258960783,-1.69759476,0.0519164652,-0.941943824,0.0133419596,0.331464171
26952871449247,89274,-2.0326643,0.258569032,-1.70611763,0.0498315357,-0.929224074,0.0157961566,0.365800351
26952888113154,89291,-2.02294302,0.258301437,-1.71586299,0.0476136506,-0.914626718,0.0175325349,0.40110302
26952904789612,89307,-2.01427126,0.258118451,-1.72590923,0.044954326,-0.898701072,0.0180944894,0.43587634
26952921474247,89323,-2.00597954,0.258269459,-1.73704696,0.0413989611,-0.880810857,0.0180280879,0.471310258
26952938111956,89341,-1.99702919,0.2583462,-1.75046682,0.0355488397,-0.858727455,0.0179289058,0.510883629
26952954781383,89357,-1.98946822,0.258382708,-1.76325607,0.0289711151,-0.836944759,0.0179880373,0.546223998
26952971447268,89373,-1.98225677,0.258396804,-1.77697575,0.02190952,-0.813020647,0.0179158635,0.581546664
26952988131070,89390,-1.97496367,0.258193225,-1.79248738,0.0140727675,-0.786183119,0.0180771314,0.61756891
26953004941643,89407,-1.9681716,0.25803861,-1.80894971,0.00582825951,-0.757725835,0.0183622781,0.652288616
26953021469247,89422,-1.96290123,0.257822216,-1.82383621,-0.0013427966,-0.730342865,0.0174800362,0.682855725
26953038686956,89440,-1.95750952,0.25775671,-1.84273458,-0.00893237256,-0.695783556,0.0146541363,0.718046427
26953054780029,89456,-1.95358777,0.25799349,-1.86072052,-0.0138662951,-0.665340066,0.0108143333,0.746333361
26953071463831,89472,-1.95067418,0.258450717,-1.8794471,-0.0169017259,-0.636073232,0.00582965091,0.771421611
26953088150654,89489,-1.94890487,0.259035736,-1.89971888,-0.0182927269,-0.605301857,-3.8784674e-05,0.795785844
26953104792685,89506,-1.94870317,0.259531111,-1.91994762,-0.018065853,-0.57291019,-0.00630895188,0.819394827
26953121448674,89522,-1.94967675,0.260267347,-1.93928671,-0.0170852933,-0.541287541,-0.012776074,0.840566933
26953138483466,89539,-1.95149755,0.261152536,-1.95942128,-0.0159055628,-0.508301437,-0.0192928091,0.860816181
26953154798049,89556,-1.95457578,0.262298316,-1.97907317,-0.0144205196,-0.47644183,-0.0252995118,0.878723681
26953171437112,89572,-1.95886505,0.263634861,-1.99686897,-0.0130531751,-0.447627515,-0.030347351,0.893609762
26953188114195,89588,-1.9640317,0.265047908,-2.01369596,-0.0114914691,-0.420559257,-0.0339221917,0.906557918
26953204783049,89606,-1.97052848,0.266684234,-2.03165913,-0.00987163745,-0.393135667,-0.0348969623,0.918765008
26953221498153,89622,-1.97689426,0.268018812,-2.04630136,-0.00976447389,-0.370510489,-0.0340169482,0.928153872
26953238164716,89638,-1.98371136,0.269406527,-2.05960631,-0.0113637755,-0.349348843,-0.0329618379,0.936343849
26953254782320,89655,-1.9915899,0.270590603,-2.07159019,-0.0147041082,-0.330075145,-0.031923309,0.943300128
26953271513310,89672,-1.9996866,0.271695644,-2.08228779,-0.0189197492,-0.314475238,-0.0306644477,0.948581576
26953288133570,89688,-2.00726867,0.272856116,-2.09159398,-0.0233235098,-0.301812857,-0.0283716321,0.952659488
26953304837581,89704,-2.01492119,0.273749083,-2.09943604,-0.0279475935,-0.289644748,-0.0246942732,0.956407428
26953321451331,89722,-2.02296162,0.274483055,-2.10716915,-0.0328671634,-0.277155757,-0.0196057763,0.960062504
26953338137060,89738,-2.02958608,0.274954677,-2.11324263,-0.0368553065,-0.268339813,-0.0148052312,0.962505281
26953355051539,89754,-2.03584027,0.275193721,-2.11843348,-0.0403321274,-0.261384487,-0.0100289257,0.964339674
26953371447060,89770,-2.04135466,0.275128871,-2.12303019,-0.043448545,-0.25532636,-0.00582235446,0.965860665
26953388145185,89788,-2.04684043,0.274757475,-2.12743473,-0.0466974676,-0.249686256,-0.00216829544,0.967197776
26953404777945,89804,-2.05124831,0.274352491,-2.13055682,-0.0489540286,-0.246462077,-0.000171461346,0.967915297
26953421455758,89820,-2.05492592,0.273863673,-2.13322139,-0.0502581708,-0.245055586,0.000826258969,0.968205154
26953438115341,89837,-2.05817914,0.273112208,-2.13532114,-0.0509519875,-0.245152608,0.00144776853,0.968143642
26953454786487,89854,-2.0602169,0.271969169,-2.13747334,-0.0515055358,-0.245890394,0.0017579837,0.967926681
26953471449768,89871,-2.06126475,0.270583659,-2.13890433,-0.0519390255,-0.246956304,0.00168469991,0.967632234
26953488119091,89887,-2.06148219,0.269207805,-2.13955069,-0.0523148328,-0.249088928,0.00137369987,0.967065692
26953504862997,89903,-2.06058478,0.267668277,-2.13985276,-0.0521041825,-0.253431529,0.00098955573,0.965948641
26953521453049,89920,-2.05854964,0.265851051,-2.13910103,-0.0504863597,-0.261856198,0.00122516451,0.963784754
26953538121070,89936,-2.05541039,0.263917625,-2.13792181,-0.0469502807,-0.274156928,0.00285119098,0.960533977
26953554796018,89953,-2.0509913,0.261661649,-2.13566685,-0.0403937511,-0.292249233,0.00664821034,0.955465674
26953571448153,89969,-2.04629803,0.259285241,-2.13239026,-0.0328745805,-0.313725889,0.0114409858,0.948875368
26953588124820,89986,-2.04063058,0.256401479,-2.12808561,-0.0252042711,-0.339915961,0.0175897479,0.939953506
26953604780133,90003,-2.03421664,0.253105789,-2.12248993,-0.0180719383,-0.366614103,0.0239718705,0.929888666
26953621705445,90019,-2.02767467,0.249776512,-2.11575675,-0.0126627274,-0.391557932,0.0298852418,0.919580877
26953638563153,90036,-2.01999068,0.24586156,-2.10770369,-0.00794274546,-0.419801295,0.0377459712,0.906796098
26953654785862,90052,-2.01243329,0.241710439,-2.0994699,-0.00409935135,-0.447792023,0.0462764986,0.89293009
26953671448257,90068,-2.00454736,0.236981228,-2.09032106,-0.0011639155,-0.476407111,0.0533399656,0.877604544
26953688205705,90086,-1.99518049,0.230944574,-2.0795505,0.00289827655,-0.5112589,0.0582476109,0.857445717
26953704797997,90102,-1.98665106,0.225192711,-2.0700078,0.00806597155,-0.546422362,0.0620280281,0.835170746
26953721445497,90118,-1.97788513,0.2190741,-2.06014514,0.013238674,-0.583255887,0.0669015497,0.809420466
26953738115549,90135,-1.96826851,0.212234423,-2.04916263,0.0166295879,-0.619483292,0.0738216341,0.781354189
26953754783935,90152,-1.95824683,0.204860419,-2.03736758,0.0167392455,-0.650404096,0.0818726569,0.754977643
26953771473778,90168,-1.94853997,0.197515905,-2.02555442,0.0135605233,-0.675319731,0.0896413326,0.731931567
26953788299143,90185,-1.9379282,0.189803004,-2.01288605,0.00531877298,-0.698413372,0.0974703357,0.709006429
26953804782268,90201,-1.92784274,0.182642892,-2.00067711,-0.00581190456,-0.716312528,0.103793696,0.689992428
26953821451851,90218,-1.91706419,0.174982309,-1.98728645,-0.0186571833,-0.731391132,0.108736254,0.672975063
26953838118049,90234,-1.90670311,0.167416662,-1.97463644,-0.0312021673,-0.744379997,0.111307412,0.657674432
26953854831747,90251,-1.89554477,0.158876657,-1.96117783,-0.0427723117,-0.759049058,0.112289734,0.639848471
26953871511747,90268,-1.883968,0.149986759,-1.94783103,-0.0504334271,-0.776248693,0.111794345,0.618382037
26953888112945,90284,-1.87226522,0.141434833,-1.93570375,-0.0542135835,-0.795489609,0.110538431,0.593328238
26953904798101,90301,-1.85906184,0.132243276,-1.92301214,-0.0551443473,-0.817204952,0.109374948,0.563180566
26953921447320,90317,-1.84622705,0.123371065,-1.91055441,-0.0541131608,-0.836460412,0.10886535,0.534372687
26953938157737,90333,-1.83304358,0.114687704,-1.89770782,-0.0531607121,-0.853991687,0.108748212,0.506009996
26953954780393,90351,-1.81820536,0.105169773,-1.88261545,-0.0537223853,-0.87183398,0.109027281,0.474481225
26953971444820,90367,-1.80508339,0.0969829857,-1.86916041,-0.0560431443,-0.885906875,0.108672127,0.447457969
26953988119924,90383,-1.79227161,0.0894764811,-1.85556865,-0.0599058531,-0.897907794,0.106266394,0.422942489
26954004786799,90400,-1.77919102,0.0821023211,-1.84056473,-0.0661401004,-0.908366084,0.102453053,0.399999976
26954021603049,90417,-1.76618433,0.0749916285,-1.8253479,-0.0757032409,-0.917075217,0.0990083143,0.378734022
26954038175080,90433,-1.75411892,0.0684788749,-1.81088519,-0.0871861428,-0.923935235,0.0958384499,0.359940797
26954054780393,90449,-1.74221921,0.0622836351,-1.79705727,-0.0993049815,-0.929720521,0.0916373432,0.342579961
26954071449559,90467,-1.72897398,0.0557307154,-1.78210628,-0.1123548,-0.935517192,0.0857000202,0.323789388
26954088130549,90483,-1.71733868,0.0501879826,-1.76896119,-0.122760586,-0.940353215,0.0801358297,0.306991786
26954104785236,90499,-1.70570099,0.0447799377,-1.75641012,-0.131790981,-0.944979906,0.0745609999,0.289973736
26954121444820,90516,-1.69363654,0.0392055064,-1.7433368,-0.139604658,-0.949505329,0.0689289942,0.272394955
26954138111799,90533,-1.68201923,0.0336915702,-1.73085892,-0.145744771,-0.953611314,0.0638732463,0.255547017
26954154949507,90549,-1.67139339,0.0288027935,-1.71954072,-0.149911523,-0.957258582,0.0593342409,0.240129292
26954171474195,90565,-1.66077185,0.0242601894,-1.70883346,-0.152720585,-0.960864067,0.0547595806,0.224539891
26954188313518,90582,-1.6494453,0.0195761677,-1.69793582,-0.154822841,-0.964592934,0.0502775684,0.207515419
26954204790497,90599,-1.63818479,0.0150572006,-1.68699205,-0.156328499,-0.967936039,0.0463476405,0.19108434
26954221450653,90615,-1.62769401,0.0108913481,-1.67694712,-0.157186732,-0.970522046,0.0428707339,0.177599132
26954239089611,90633,-1.61621547,0.00629051588,-1.66552913,-0.15767619,-0.972771645,0.0389784984,0.165330961
26954254779976,90648,-1.60678434,0.00244064257,-1.65637314,-0.158348158,-0.974227726,0.035509862,0.156669602
26954271500341,90665,-1.59626448,-0.00167544186,-1.64625084,-0.15957506,-0.975477278,0.0310876165,0.148369774
26954288115236,90682,-1.58593524,-0.00546986237,-1.63613534,-0.161152303,-0.976359785,0.0259908307,0.141690299
26954304786643,90698,-1.57626379,-0.00899631903,-1.62670398,-0.163119107,-0.976914942,0.0209791623,0.13634266
26954321468413,90714,-1.56659365,-0.0125570446,-1.61710155,-0.166041389,-0.977182329,0.0168167055,0.131385654
26954338112424,90732,-1.55553079,-0.0166890416,-1.60635066,-0.170351684,-0.977205098,0.0134193748,0.125977769
26954354864455,90748,-1.5456543,-0.0203268062,-1.59675431,-0.175210074,-0.976989925,0.0111598875,0.121110111
26954371446591,90764,-1.5355947,-0.0238587186,-1.58705831,-0.180893615,-0.976532817,0.00942237303,0.116500713
26954388114247,90781,-1.52468288,-0.027647201,-1.57676351,-0.187830031,-0.975750566,0.00782490056,0.112114027
26954404797216,90798,-1.5136503,-0.0315606892,-1.56642258,-0.195474923,-0.97466898,0.00617203023,0.10849876
26954421456486,90814,-1.50297201,-0.0353317671,-1.55669844,-0.202579185,-0.973466516,0.00461221719,0.106317148
26954438287424,90831,-1.49156475,-0.0393583179,-1.54654551,-0.209062323,-0.972198427,0.0027690276,0.105429843
26954454782320,90847,-1.48054993,-0.0431056246,-1.53723133,-0.21369563,-0.971218646,0.000355718279,0.105206683
26954471447893,90864,-1.46856499,-0.0469015725,-1.52767491,-0.216861174,-0.970514297,-0.00300190574,0.105186805
26954488183934,90880,-1.45713305,-0.0502481088,-1.51908457,-0.218294606,-0.970137,-0.00675170077,0.105527654
26954504783674,90897,-1.4446578,-0.0536212027,-1.51023757,-0.218452811,-0.969947338,-0.0111130401,0.106569596
26954521504090,90913,-1.4325906,-0.056627173,-1.50204539,-0.21787037,-0.969833791,-0.0149957417,0.10830614
26954538113934,90930,-1.41929507,-0.0596198663,-1.49351096,-0.217505693,-0.969538152,-0.0183842331,0.111126557
26954554787320,90947,-1.40586889,-0.0622455329,-1.48522139,-0.218431503,-0.968765557,-0.0212565549,0.115452223
26954571472424,90963,-1.39320409,-0.0643673539,-1.47756863,-0.221003801,-0.967447639,-0.0236949008,0.121000454
26954588118413,90979,-1.3804667,-0.0661878958,-1.47010994,-0.225302562,-0.965571821,-0.025855476,0.127441898
26954604913674,90997,-1.36624038,-0.0678464025,-1.46208024,-0.231748864,-0.962953925,-0.0277467631,0.135064691
26954621456122,91013,-1.35362589,-0.0689980164,-1.45523608,-0.238157436,-0.960383356,-0.028819466,0.141825333
26954638114247,91029,-1.34095728,-0.0698638856,-1.44870162,-0.244795486,-0.957739115,-0.0294471253,0.148134395
26954654781903,91046,-1.32754135,-0.0703826398,-1.44234633,-0.251676351,-0.955009937,-0.0295739081,0.15407972
26954671449924,91063,-1.31396472,-0.0707192197,-1.43631351,-0.258127362,-0.952430964,-0.0292432494,0.159343317
26954688118361,91079,-1.30094123,-0.0709945038,-1.43076301,-0.26368013,-0.95008111,-0.0287916958,0.16428557
26954704781955,91095,-1.28786647,-0.0710874572,-1.42551708,-0.268753171,-0.947703362,-0.0281973314,0.169809043
26954721521642,91112,-1.27411127,-0.0709419325,-1.42026508,-0.273955047,-0.944943786,-0.027214149,0.176887721
26954738109559,91129,-1.26062012,-0.0704800785,-1.4153012,-0.278924614,-0.941833019,-0.0261427611,0.185656488
26954754798986,91145,-1.24786139,-0.0697533339,-1.41092205,-0.283200115,-0.938647687,-0.0254537668,0.195167646
26954771450757,91161,-1.23489928,-0.0688263327,-1.4068408,-0.286933094,-0.93537569,-0.0249224249,0.20523335
26954788120132,91179,-1.22017217,-0.0675086752,-1.4024837,-0.290416569,-0.931866467,-0.0240662079,0.216111273
26954804777736,91195,-1.20705628,-0.0659444481,-1.39857972,-0.292873561,-0.92909646,-0.0226740837,0.224701837
26954821475340,91211,-1.19395542,-0.0640674829,-1.39454329,-0.294762105,-0.926737428,-0.0203789491,0.232072979
26954838813413,91229,-1.17876136,-0.0618227869,-1.39014173,-0.296605825,-0.92453599,-0.0170065109,0.238681763
26954854782788,91245,-1.16468728,-0.0597155131,-1.38641024,-0.297901064,-0.922879517,-0.013888156,0.243629962
26954871462892,91261,-1.15034866,-0.0574076027,-1.38273597,-0.298567563,-0.921374202,-0.0109030148,0.248612314
26954888114767,91278,-1.13482332,-0.0547560677,-1.37884974,-0.298581302,-0.919829965,-0.00781356543,0.254364103
26954904860497,91295,-1.11893857,-0.0519503281,-1.37492764,-0.297806114,-0.918298244,-0.00455445098,0.260804832
26954921451330,91311,-1.10389006,-0.0491795242,-1.37120187,-0.296309024,-0.91685015,-0.000994493254,0.267555207
26954938110132,91327,-1.08884931,-0.04623162,-1.36728978,-0.293965638,-0.915501475,0.0031880606,0.274647266
26954954791903,91344,-1.07268822,-0.0430010892,-1.36312866,-0.290765136,-0.914311945,0.00850777887,0.281810135
26954971446747,91360,-1.05714142,-0.0398930162,-1.3592701,-0.287612855,-0.913469076,0.0143721262,0.287483245
26954988117528,91377,-1.04056847,-0.0364530534,-1.35504258,-0.28451702,-0.912763059,0.021195583,0.292342961
26955004777476,91394,-1.02420473,-0.0329135247,-1.35061169,-0.281663597,-0.912081718,0.0280649289,0.296622455
26955021451069,91410,-1.00886071,-0.029475525,-1.34615517,-0.279313415,-0.911403298,0.0340069905,0.300285846
26955038998882,91427,-0.992458761,-0.0258316007,-1.34136808,-0.277272165,-0.910591066,0.0397747234,0.303911328
26955054793465,91444,-0.975955009,-0.0221403688,-1.33646762,-0.275245845,-0.909657955,0.0450974479,0.307779759
26955071447163,91460,-0.960183263,-0.018739609,-1.33182967,-0.273008406,-0.908698857,0.0498428494,0.311847061
26955088118205,91476,-0.944136083,-0.0154655892,-1.32719934,-0.270120889,-0.907729149,0.0549876988,0.316289425
26955104794924,91493,-0.926770091,-0.0121514276,-1.32213426,-0.2663396,-0.906744719,0.0615837201,0.321068019
26955121449715,91510,-0.908980608,-0.00924356095,-1.31700957,-0.261911273,-0.90576607,0.0692237318,0.325881094
26955138110549,91526,-0.892034292,-0.00670261681,-1.3120724,-0.257244349,-0.904728711,0.0770171657,0.330695987
26955154783309,91542,-0.874913633,-0.00443392154,-1.30712831,-0.252614647,-0.903496265,0.0850756243,0.335622609
26955171444611,91560,-0.855563462,-0.00215957128,-1.30154955,-0.24776642,-0.901735008,0.0936527103,0.341635942
26955188116955,91576,-0.838345945,-0.000172727741,-1.29678988,-0.2437298,-0.899738431,0.100019559,0.347940594
26955204797892,91592,-0.821089029,0.00188245764,-1.29250145,-0.239506334,-0.897213817,0.104869448,0.35587424
26955221642111,91609,-0.802918553,0.00433487631,-1.28843307,-0.234387755,-0.893983603,0.108385175,0.366208225
26955238154611,91626,-0.785108089,0.00698052673,-1.28492904,-0.228934392,-0.890355766,0.110659786,0.377637565
26955254778986,91642,-0.768695533,0.00976980943,-1.28202415,-0.223479569,-0.886642814,0.112282507,0.388991117
26955271447944,91658,-0.752746403,0.0127164647,-1.2795521,-0.217650384,-0.882675648,0.11363069,0.400749475
26955288207840,91675,-0.7363801,0.0159353241,-1.27744114,-0.211062402,-0.878198862,0.115115434,0.413482636
26955304814819,91692,-0.720717967,0.0192723796,-1.27562296,-0.20450449,-0.873424172,0.117209993,0.426110357
26955321442840,91708,-0.706888318,0.0223323442,-1.27406967,-0.199264601,-0.868741691,0.119382024,0.437412262
26955338148621,91725,-0.693174899,0.0256829113,-1.27259541,-0.195026338,-0.863615513,0.12114244,0.448840201
26955354783153,91741,-0.681261957,0.0289011784,-1.27154315,-0.192062065,-0.858808219,0.121773116,0.459055543
26955371485757,91757,-0.670248449,0.0321430564,-1.27088273,-0.189977109,-0.85434562,0.121245295,0.468296707
26955388146955,91775,-0.658942223,0.0359242633,-1.27053678,-0.18815212,-0.849942923,0.119507037,0.477403402
26955404779455,91791,-0.649960935,0.039445132,-1.27056623,-0.18647252,-0.846691072,0.117270961,0.48434484
26955421553153,91807,-0.641875565,0.0431422219,-1.27087307,-0.184395447,-0.844100177,0.114718229,0.490237713
26955438327736,91825,-0.633724988,0.0474563316,-1.27160776,-0.181357324,-0.841965497,0.11176157,0.495694488
26955454787632,91841,-0.627145588,0.0514748991,-1.27246153,-0.1781528,-0.84062767,0.109575279,0.499599934
26955471474507,91857,-0.621113241,0.0555228293,-1.27349591,-0.175070152,-0.839300334,0.108286142,0.503189385
26955488132944,91873,-0.615541637,0.0595107265,-1.27458644,-0.172783494,-0.837282121,0.108138129,0.507356524
26955504804090,91891,-0.609728575,0.0639455765,-1.27577412,-0.171581641,-0.833774984,0.109238759,0.513269901
26955521565965,91907,-0.604938149,0.0677222833,-1.27695811,-0.171731994,-0.829609871,0.111047588,0.519542217
26955538117059,91923,-0.600414932,0.0713641718,-1.27815819,-0.172484621,-0.824613392,0.1132809,0.526715636
26955555094611,91941,-0.59562099,0.075290069,-1.27968276,-0.173524648,-0.818283975,0.115795411,0.535623074
26955571448621,91957,-0.591571391,0.0786388144,-1.28112292,-0.174181595,-0.812134922,0.117773406,0.544267595
26955588158465,91973,-0.587685943,0.0818213075,-1.2826072,-0.174256638,-0.805697858,0.119512029,0.553355694
26955605096017,91991,-0.583528757,0.0851591006,-1.2843045,-0.173493996,-0.798338711,0.121262282,0.563782513
26955621456225,92006,-0.580280423,0.0878059417,-1.28562331,-0.172109336,-0.792081952,0.122430354,0.572708845
26955638138465,92022,-0.577078104,0.0904933661,-1.28696728,-0.169954076,-0.785241306,0.123517096,0.582456291
26955654780392,92040,-0.573760569,0.0933165848,-1.28821898,-0.166748121,-0.777115405,0.124977373,0.593858063
26955671455496,92056,-0.571003079,0.0956340358,-1.28913772,-0.163612545,-0.769322693,0.126701459,0.604417384
26955688149507,92072,-0.56844604,0.0977208763,-1.28990746,-0.160639212,-0.760803938,0.128865615,0.615439832
26955704790600,92090,-0.565719366,0.0997614637,-1.29047871,-0.157879665,-0.750208437,0.131602302,0.628444195
26955722288882,92107,-0.563220799,0.101428322,-1.29069495,-0.155723229,-0.739058435,0.134156719,0.641517639
26955738106903,92122,-0.561171293,0.102722675,-1.29068053,-0.153753996,-0.728481293,0.136133447,0.653561354
26955754777319,92139,-0.559081972,0.103947632,-1.29060102,-0.15087685,-0.716215372,0.138163716,0.667219996
26955771446434,92156,-0.55722779,0.104833893,-1.29054463,-0.146721512,-0.704041898,0.140129834,0.680559754
26955788137007,92172,-0.555668414,0.105416797,-1.29049063,-0.141256392,-0.692647934,0.141558006,0.692998469
26955804819403,92189,-0.554303944,0.105869733,-1.29047096,-0.133828133,-0.680598199,0.142403498,0.706114352
26955821463517,92205,-0.553416789,0.106138609,-1.2904737,-0.125315353,-0.66926676,0.142934814,0.718295038
26955838185080,92222,-0.552835107,0.106324181,-1.29044366,-0.115109384,-0.65696609,0.143436462,0.731143892
26955854781538,92238,-0.552758932,0.106346019,-1.29022229,-0.105329894,-0.644347608,0.144057721,0.743619025
26955871450965,92255,-0.553082526,0.106235743,-1.28948689,-0.0957629755,-0.628756285,0.145072684,0.75792408
26955888121850,92271,-0.55370152,0.106027313,-1.28811204,-0.0879757553,-0.611520529,0.146448717,0.772564352
26955904786330,92288,-0.554750502,0.105693929,-1.28577936,-0.0809278414,-0.591015518,0.148035824,0.788819909
26955921449767,92304,-0.556014121,0.105298206,-1.28275561,-0.0750966892,-0.570738912,0.149061829,0.803988993
26955938110340,92321,-0.557645619,0.104666539,-1.27865183,-0.0692381412,-0.549049854,0.148985639,0.819483817
26955954785340,92338,-0.559373379,0.103801295,-1.27364194,-0.0635096654,-0.528068006,0.147298351,0.833914876
26955971467059,92354,-0.560988665,0.10269513,-1.26814234,-0.0585138388,-0.509753466,0.144441888,0.846087515
26955988114246,92370,-0.562515557,0.101337053,-1.2618928,-0.0543543063,-0.493089676,0.140896395,0.856770933
26956004890705,92388,-0.563962162,0.0997005701,-1.25387824,-0.0516420156,-0.475758821,0.136580914,0.867370963
26956021466121,92404,-0.564943612,0.0982673615,-1.24578404,-0.0518645905,-0.461057812,0.132853344,0.875834346
26956038118100,92420,-0.565521598,0.0969606265,-1.23683846,-0.0551787354,-0.447148591,0.129872754,0.883259118
26956054812423,92437,-0.565569162,0.0957637578,-1.22633946,-0.0619538389,-0.433394104,0.128127739,0.889895797
26956071450965,92453,-0.564993918,0.0948896781,-1.21550441,-0.0710273311,-0.421854138,0.12765725,0.894817233
26956088111538,92470,-0.563701451,0.0942887962,-1.20297265,-0.0828972012,-0.411892444,0.128266856,0.898343146
26956104780027,92487,-0.561600149,0.0940372348,-1.18955839,-0.096194014,-0.405490339,0.129827857,0.899704993
26956121443986,92503,-0.558899879,0.0940137729,-1.17652166,-0.110134929,-0.404165506,0.132469282,0.898316443
26956138131277,92520,-0.555438459,0.0939927846,-1.16230178,-0.126530111,-0.407623827,0.137347385,0.893850505
26956154782527,92536,-0.551584661,0.0939484835,-1.14880991,-0.143602684,-0.413795829,0.143503562,0.887444735
26956171443673,92553,-0.547055483,0.0940450877,-1.13452315,-0.163718298,-0.421769708,0.15090774,0.878938854
26956188114298,92570,-0.542341352,0.0943687111,-1.12033343,-0.185089588,-0.430514842,0.159320787,0.868916452
26956205243517,92586,-0.537786841,0.0949512571,-1.10725868,-0.205287442,-0.439105093,0.168274656,0.858328342
26956221487632,92602,-0.533207655,0.0957806781,-1.09441161,-0.224535197,-0.447279602,0.178169727,0.847219169
26956239912111,92621,-0.527691722,0.0970683768,-1.07961226,-0.244901225,-0.455400914,0.190765455,0.834411144
26956254780340,92636,-0.523318231,0.0982895866,-1.06842864,-0.258263767,-0.460261106,0.201032177,0.825254917
26956271478413,92652,-0.518549681,0.0995678678,-1.05684996,-0.268951029,-0.464049578,0.212648451,0.816764355
26956288113673,92668,-0.513674557,0.100656286,-1.04551852,-0.275489777,-0.466532767,0.224964678,0.809841633
26956304869767,92685,-0.508660734,0.101715773,-1.03389466,-0.27870816,-0.468064785,0.237429202,0.80427891
26956321455392,92702,-0.503889561,0.102687605,-1.02278173,-0.279121786,-0.468911439,0.248255491,0.800363898
26956338107163,92718,-0.499709427,0.103564642,-1.01291609,-0.277943701,-0.4691737,0.256876588,0.797895849
26956354799871,92735,-0.495513678,0.104326636,-1.00281489,-0.276405066,-0.469148278,0.264542967,0.795937955
26956371440496,92751,-0.491861641,0.104712009,-0.993501723,-0.275455743,-0.469065249,0.270935714,0.794163585
26956388149194,92768,-0.488325357,0.104896948,-0.983854055,-0.275643349,-0.468878597,0.276955098,0.792129695
26956404801069,92785,-0.485098213,0.104978599,-0.974492073,-0.277959466,-0.468662471,0.281639278,0.789793134
26956421486850,92801,-0.482492507,0.104916111,-0.966085017,-0.282488346,-0.468418002,0.284823447,0.787185252
26956438476277,92818,-0.479980737,0.10478165,-0.957431197,-0.289886773,-0.468074471,0.287667155,0.783657789
26956455056642,92835,-0.477740735,0.104560815,-0.949084997,-0.299776286,-0.467644781,0.291235507,0.778861046
26956471457475,92851,-0.47574532,0.104168624,-0.941503704,-0.310812205,-0.466996789,0.29619503,0.77303195
26956488128777,92867,-0.473753601,0.103575952,-0.934214294,-0.323418945,-0.465916991,0.303128481,0.765790284
26956505049246,92884,-0.471714914,0.102696218,-0.926919401,-0.3384175,-0.463628173,0.312924773,0.756703854
26956521450027,92901,-0.469589472,0.10158024,-0.919867516,-0.354126215,-0.459021479,0.324965239,0.747189105
26956538109767,92917,-0.467823744,0.100360021,-0.91349709,-0.369289577,-0.452543497,0.337465584,0.738205016
26956554899871,92933,-0.46638298,0.0990682691,-0.907482803,-0.384690166,-0.444800019,0.349961519,0.729173064
26956571448256,92951,-0.465202391,0.0975677818,-0.901378512,-0.401572645,-0.435446024,0.363648385,0.718947828
26956588118881,92967,-0.464595944,0.0962877274,-0.896836758,-0.415816605,-0.427298278,0.375874162,0.709388018
26956604794663,92983,-0.464254916,0.0950633511,-0.89306885,-0.428326607,-0.419113785,0.388935626,0.6997208
26956621487892,93000,-0.464250207,0.0936489403,-0.889806092,-0.439148605,-0.409800202,0.404639244,0.689550221
26956638128465,93017,-0.46442607,0.0921595693,-0.88711077,-0.447864413,-0.399797142,0.422596455,0.678963959
26956654786225,93033,-0.464850456,0.090783,-0.88516593,-0.454600543,-0.389437288,0.44122839,0.668576539
26956671456433,93049,-0.465577722,0.0896297097,-0.883895099,-0.460674286,-0.378259242,0.460832745,0.657519937
26956688314767,93067,-0.466780841,0.0886590257,-0.883357942,-0.46686545,-0.364531606,0.48402217,0.644108713
26956704787006,93083,-0.468205512,0.0879850239,-0.883610129,-0.471593767,-0.351008654,0.50533402,0.631687999
26956721472006,93099,-0.469840318,0.0874955431,-0.884321332,-0.475464851,-0.336461008,0.526708007,0.619117022
26956738115965,93116,-0.471933722,0.0870656818,-0.885570407,-0.478430271,-0.320451289,0.549031436,0.605788648
26956754786642,93132,-0.474174201,0.0867789015,-0.88706857,-0.480110079,-0.305806786,0.569320798,0.593169749
26956771448360,93149,-0.476880014,0.0865213051,-0.889124334,-0.48081845,-0.291599989,0.590161622,0.579216957
26956788114246,93166,-0.479925632,0.0862014815,-0.891533315,-0.480433106,-0.278869212,0.610397935,0.564650655
26956804795131,93182,-0.483004332,0.0858805031,-0.893913746,-0.479456246,-0.267949492,0.628728151,0.550477684
26956821478360,93199,-0.486564457,0.0853968486,-0.896610379,-0.478422284,-0.257156789,0.647107601,0.535008609
26956838115444,93215,-0.489971191,0.0849304795,-0.898984492,-0.477577925,-0.247467428,0.663150549,0.520490825
26956854782267,93232,-0.49371016,0.0843327567,-0.901512623,-0.476989359,-0.237950727,0.678907156,0.504921556
26956871446017,93248,-0.497281373,0.0836614594,-0.903637707,-0.47712037,-0.230355933,0.69228512,0.489932358
26956888129246,93265,-0.501091242,0.082862407,-0.905608594,-0.478489995,-0.224085495,0.704498529,0.473830074
26956904786485,93281,-0.50470835,0.0819019005,-0.907176137,-0.481244236,-0.220117539,0.713861525,0.458643764
26956921453777,93298,-0.508447647,0.080815196,-0.908251107,-0.485516518,-0.218218625,0.721353829,0.443060935
26956938115652,93315,-0.512202501,0.079436928,-0.909367263,-0.489766896,-0.218152329,0.727189839,0.428640842
26956954782944,93331,-0.515407145,0.0779794604,-0.910091281,-0.492392033,-0.218751609,0.732014179,0.41695708
26956971450079,93348,-0.518321455,0.0764547661,-0.91041249,-0.493573248,-0.219697908,0.736645579,0.406781942
26956988117631,93365,-0.520770788,0.074965626,-0.910395563,-0.49323386,-0.220421582,0.740891516,0.399016887
26957005231746,93382,-0.522644281,0.0736050755,-0.910002291,-0.491278023,-0.220417514,0.744969964,0.393804282
26957021454871,93397,-0.523930967,0.0723772049,-0.90961659,-0.48846826,-0.219624192,0.748609066,0.390830547
26957038121225,93414,-0.525109887,0.0710010231,-0.908963203,-0.485131234,-0.218001202,0.752030909,0.389323354
26957054779871,93431,-0.526094317,0.0696829259,-0.908439696,-0.482579112,-0.215486288,0.753944278,0.390193701
26957071457579,93447,-0.526847601,0.0684648156,-0.907820821,-0.48112908,-0.212526709,0.754001737,0.393482685
26957088108517,93463,-0.527471781,0.0671848953,-0.907115102,-0.480428994,-0.209264204,0.752001882,0.39986226
26957104778152,93481,-0.528097451,0.0656073987,-0.906405568,-0.479628712,-0.205122113,0.747125626,0.411927938
26957121446746,93497,-0.528562188,0.064012289,-0.905522168,-0.47760433,-0.200926647,0.741091967,0.42697224
26957138109558,93513,-0.529029965,0.0622450747,-0.904930353,-0.473654658,-0.19540076,0.734144032,0.445536166
26957154801537,93530,-0.529399633,0.0604592301,-0.904198527,-0.467523545,-0.188145086,0.725991786,0.467930764
26957171473464,93547,-0.52979213,0.0587702729,-0.90337348,-0.460103542,-0.180461973,0.717231154,0.491240978
26957188123933,93563,-0.530496001,0.0571763776,-0.902786374,-0.452743113,-0.173478991,0.708663344,0.512567043
26957204778412,93579,-0.531735778,0.0554754362,-0.90239203,-0.446138859,-0.167210072,0.699833155,0.532197833
26957221452996,93596,-0.5337888,0.0536554456,-0.902313054,-0.440841198,-0.161477834,0.69015342,0.550701678
26957238960131,93613,-0.536401331,0.0520430133,-0.902259231,-0.437414289,-0.156261593,0.680321932,0.566933095
26957254783204,93629,-0.539287806,0.050767906,-0.902592659,-0.435110569,-0.15087001,0.670888424,0.581227839
26957271445183,93646,-0.542741597,0.0496575683,-0.903066218,-0.432466626,-0.144374967,0.660869122,0.59613806
26957288115912,93662,-0.546274602,0.048743818,-0.90343231,-0.428536087,-0.13732174,0.651545405,0.610727608
26957304797631,93678,-0.550062716,0.0478495993,-0.904154301,-0.422354281,-0.128901422,0.642035782,0.62673074
26957321468100,93696,-0.554495811,0.0468718484,-0.904993773,-0.412502229,-0.118010037,0.630627096,0.646703303
26957338115548,93712,-0.558876514,0.0459481105,-0.906022489,-0.401652932,-0.107707232,0.620595276,0.664782465
26957354789402,93728,-0.563529909,0.0450974554,-0.90722096,-0.38950783,-0.0964825079,0.610802889,0.682564795
26957371448360,93745,-0.568513632,0.0443012752,-0.908665717,-0.376210213,-0.0831398889,0.599676549,0.701385617
26957388116641,93762,-0.573777556,0.0436179154,-0.910376668,-0.36273101,-0.0689029917,0.586460173,0.720932126
26957404794402,93778,-0.578926921,0.0429428518,-0.911842585,-0.34904781,-0.0556658171,0.571971714,0.740213037
26957421473569,93795,-0.584800541,0.0420340933,-0.913489223,-0.333549649,-0.0424128026,0.554550648,0.761196077
26957438471694,93812,-0.590989828,0.041150298,-0.914955676,-0.317813694,-0.0299742874,0.53451848,0.782550991
26957454778725,93828,-0.596991956,0.0402371958,-0.916384995,-0.302523673,-0.0185794197,0.512757957,0.803251922
26957471467423,93844,-0.603124976,0.0391991697,-0.91780293,-0.285868049,-0.007837262,0.488299489,0.824488699
26957488253933,93861,-0.609829307,0.0379166082,-0.919177294,-0.266694963,0.00198727823,0.46040234,0.846699297
26957504793725,93878,-0.616676986,0.0366166532,-0.920577109,-0.247296512,0.0104942583,0.431235284,0.867623508
26957521449298,93894,-0.622890115,0.0355442055,-0.921569645,-0.230058745,0.018252952,0.402802438,0.885714471
26957538114402,93911,-0.62944752,0.0344554745,-0.922410011,-0.213198721,0.0269724876,0.37198323,0.903021216
26957554785964,93928,-0.635773361,0.0335463136,-0.923119783,-0.197596893,0.0361645296,0.341147751,0.918295145
26957571463673,93944,-0.641444266,0.0327296928,-0.92382592,-0.184323311,0.0450397059,0.312854528,0.930654824
26957588136225,93960,-0.646924734,0.0320064686,-0.924506247,-0.172965109,0.0542198867,0.28545624,0.9410941
26957604783568,93977,-0.652475059,0.031425111,-0.924984753,-0.162554994,0.0644033477,0.256865382,0.950498939
26957621568621,93993,-0.657542109,0.0307986513,-0.925327122,-0.153017402,0.0739647746,0.229681447,0.958311796
26957638119871,94010,-0.662699699,0.0299572572,-0.925618052,-0.142697141,0.0823370367,0.201300681,0.965575576
26957654871746,94027,-0.667620182,0.0288416594,-0.925837517,-0.13289538,0.0882380381,0.175100774,0.971541405
26957671452579,94043,-0.671908498,0.0277977213,-0.925990462,-0.125291854,0.0921919942,0.153521433,0.975824714
26957688123621,94060,-0.675896287,0.0268780775,-0.926111102,-0.119466789,0.0950788856,0.135044217,0.979004979
26957704808933,94077,-0.679377079,0.0261131786,-0.926183164,-0.115882054,0.0966819748,0.121750452,0.981020272
26957721444923,94093,-0.682209373,0.0255810972,-0.926160634,-0.114342064,0.0968813673,0.11440403,0.982064962
26957738195287,94109,-0.684421897,0.0249697231,-0.926093876,-0.114358366,0.0962688401,0.112068012,0.982392669
26957754814298,94126,-0.686137438,0.0243716706,-0.925962687,-0.116044581,0.0956505537,0.11476253,0.981944144
26957771446173,94143,-0.687144041,0.0239212885,-0.925780833,-0.119259752,0.0955934748,0.121687189,0.980729938
26957788114923,94159,-0.687496424,0.023574546,-0.925560176,-0.123546772,0.0953781754,0.131108448,0.979004502
26957804802683,94175,-0.687496066,0.0233401358,-0.925261438,-0.128544107,0.0941086411,0.142836437,0.976840675
26957822919454,94193,-0.687018156,0.0231007524,-0.924933076,-0.13464658,0.0917550847,0.157619596,0.97396481
26957838405495,94209,-0.68639648,0.0229496397,-0.924653113,-0.140532091,0.0894116983,0.171153694,0.97106272
26957854786902,94226,-0.685378313,0.022722993,-0.924680829,-0.14686422,0.0868129209,0.184973732,0.967821836
26957871446693,94242,-0.684390843,0.0225072093,-0.924795151,-0.152322009,0.0841203481,0.196849376,0.964869022
26957888113777,94258,-0.68350786,0.0222120471,-0.925022781,-0.156981066,0.0812944844,0.207245201,0.962183774
26957905032058,94275,-0.682434499,0.0217983946,-0.92559135,-0.161121488,0.0785189047,0.216362908,0.959719658
26957921465339,94292,-0.681481779,0.0214381963,-0.926077306,-0.164327756,0.0761794299,0.223334685,0.957765579
26957938112423,94308,-0.680477381,0.0210188031,-0.926670015,-0.16641517,0.07438761,0.227852702,0.95648092
26957954815131,94325,-0.679551184,0.020563148,-0.927385628,-0.167731345,0.0726971701,0.23062776,0.955715537
26957971461381,94341,-0.678702414,0.0201105513,-0.928240657,-0.168152481,0.0713129342,0.231415287,0.955555499
26957988122735,94358,-0.677764893,0.0195190907,-0.929306626,-0.168038592,0.0701273978,0.230521202,0.955879331
26958004836172,94374,-0.677038729,0.0188997202,-0.930178463,-0.167993248,0.069162257,0.228483289,0.956446767
26958021474297,94391,-0.676166356,0.0181950182,-0.931105494,-0.168504402,0.0682490915,0.225610033,0.957104206
26958038156225,94407,-0.675551772,0.0175716057,-0.931878388,-0.169546828,0.0674326494,0.222648397,0.957671344
26958054780183,94424,-0.674815238,0.016927883,-0.932618439,-0.171115845,0.0665261447,0.219632372,0.958152056
26958071509037,94441,-0.674052238,0.0162778422,-0.933298707,-0.172990695,0.0654794648,0.217168182,0.958449066
26958088119454,94457,-0.673301816,0.0156748369,-0.933976471,-0.174769416,0.0645022243,0.215505853,0.958567917
26958104780808,94474,-0.672203004,0.0149865039,-0.934766114,-0.176392004,0.0636649653,0.214525819,0.958546519
26958121468256,94490,-0.671390414,0.014376618,-0.935370088,-0.177741468,0.0629853681,0.214472994,0.958353937
26958138111589,94507,-0.670347035,0.0137648247,-0.935943305,-0.178966969,0.0624922067,0.215165153,0.958002925
26958154790600,94523,-0.66938746,0.013198588,-0.93647635,-0.179898754,0.0622480288,0.216377616,0.957571089
26958171468933,94540,-0.668389559,0.0125551112,-0.937049568,-0.181018829,0.0620938838,0.217955917,0.957011938
26958188114818,94557,-0.667319775,0.0119471662,-0.937612057,-0.182412565,0.0619360432,0.219383046,0.95643127
26958204810495,94573,-0.666760802,0.0114547238,-0.938049257,-0.183685601,0.0615131631,0.220494121,0.95595926
26958221456693,94589,-0.666110575,0.0109119713,-0.938407421,-0.185005814,0.060784772,0.221233025,0.955580473
26958239695131,94608,-0.665484369,0.0102862865,-0.938789666,-0.186752722,0.0598575287,0.221378028,0.955265582
26958254782735,94623,-0.665232062,0.00978403166,-0.939101934,-0.188009709,0.0593318641,0.220967278,0.955146909
26958271455964,94639,-0.664789855,0.00916264951,-0.939411342,-0.189295605,0.0590750314,0.22013855,0.955100238
26958288144818,94656,-0.664349914,0.00857274234,-0.939694345,-0.190748334,0.0592069849,0.218940035,0.955078483
26958304789141,94673,-0.664073586,0.00805619732,-0.93994844,-0.191957578,0.0596846677,0.21766822,0.955097198
26958321442474,94689,-0.663970232,0.00758687779,-0.940192521,-0.192948774,0.0602761209,0.21655111,0.955114245
26958338119870,94705,-0.663736045,0.00714752823,-0.940436065,-0.193884179,0.0608988926,0.215471148,0.955129564
26958354794141,94722,-0.663572967,0.00671836734,-0.940689802,-0.194503188,0.0613391921,0.214584917,0.955175102
26958371477527,94738,-0.663535416,0.00634548813,-0.940823376,-0.194966525,0.0613973439,0.214209229,0.955161214
26958388114662,94756,-0.663487136,0.00600504503,-0.940927207,-0.19574675,0.0613830201,0.214202404,0.955004096
26958404782110,94772,-0.66354382,0.00577368587,-0.941088974,-0.196500048,0.0616064295,0.214605853,0.954744399
26958421551797,94788,-0.663422406,0.00553068519,-0.941231489,-0.197395027,0.0620294251,0.215497285,0.954331398
26958438480808,94806,-0.663362622,0.00532925874,-0.941379666,-0.198815897,0.0627379641,0.216931328,0.953665078
26958454780808,94822,-0.663282931,0.00521922484,-0.941434205,-0.200135902,0.0635904372,0.218300015,0.953019977
26958471455026,94838,-0.663152456,0.00512180477,-0.941461205,-0.201360315,0.0643585101,0.219680578,0.952393055
26958488116224,94854,-0.663039207,0.00504668057,-0.94147563,-0.202588633,0.0648514479,0.220944747,0.951806486
26958504794766,94871,-0.662876725,0.00498557836,-0.941441119,-0.203725383,0.0651413426,0.221943215,0.951311707
26958521473672,94888,-0.662849784,0.00492612273,-0.941467047,-0.204582587,0.0652230382,0.222510248,0.950989604
26958538106381,94904,-0.662815273,0.00485293567,-0.941439092,-0.205254018,0.0650556684,0.222724751,0.950806141
26958554795026,94921,-0.662710667,0.00475579128,-0.941352665,-0.205820546,0.064796567,0.222767025,0.950691402
26958571446797,94937,-0.662615359,0.0046935305,-0.941334188,-0.206206411,0.0647488981,0.222684637,0.950630367
26958588298985,94954,-0.662558794,0.00466904789,-0.941414714,-0.20654352,0.0649005249,0.222740084,0.950533867
26958604797370,94970,-0.662515879,0.00466340408,-0.941551626,-0.206792071,0.0651860908,0.223047495,0.950388193
26958621644349,94988,-0.662351131,0.00465583056,-0.941658139,-0.206933528,0.0655166507,0.223729953,0.950174272
26958638137526,95004,-0.662254214,0.00468309969,-0.941827238,-0.206986845,0.065699473,0.224641964,0.949934721
26958654803256,95021,-0.662227213,0.00476472452,-0.942073643,-0.207061172,0.065669179,0.225817502,0.949641883
26958671498047,95037,-0.662243009,0.0048581101,-0.94230932,-0.207204968,0.0654978827,0.227048427,0.94932884
26958688117214,95053,-0.662269354,0.00493314862,-0.942531466,-0.207391188,0.0654891655,0.228251591,0.94900018
26958704781797,95070,-0.662243724,0.00499433279,-0.942696512,-0.20761162,0.0657860488,0.229307488,0.948676825
26958721466276,95087,-0.662327409,0.00509595871,-0.942918241,-0.207773507,0.0661644191,0.229975238,0.948453426
26958738116381,95103,-0.662501574,0.00522827357,-0.943074226,-0.207634598,0.0663887039,0.230137184,0.948428869
26958754908828,95120,-0.662880778,0.00542659312,-0.943265021,-0.207077071,0.0667251274,0.22948274,0.948685706
26958771447995,95136,-0.66355747,0.00572085008,-0.943612933,-0.206145391,0.067381151,0.227991626,0.949201643
26958788113620,95153,-0.664467454,0.00613229349,-0.943940163,-0.204525366,0.0685188025,0.225678727,0.950023055
26958804815756,95169,-0.665614367,0.00666825846,-0.944358408,-0.202359989,0.0700745806,0.222864047,0.951037169
26958821464453,95186,-0.667170942,0.00746905059,-0.944921017,-0.19952701,0.0720020831,0.21939145,0.952298343
26958838134558,95202,-0.668929935,0.00842752308,-0.945529461,-0.196371734,0.0739475414,0.215805903,0.953623533
26958854780339,95219,-0.671117783,0.00966470316,-0.946202517,-0.192506075,0.0760658309,0.211795703,0.955142975
26958871447422,95236,-0.673613191,0.011139296,-0.946944654,-0.188256353,0.0782950968,0.20779486,0.956687391
26958888134349,95252,-0.676214695,0.0127550364,-0.947712898,-0.184007958,0.0807101205,0.204089195,0.958109975
26958904827787,95269,-0.679233432,0.0147509873,-0.948517919,-0.179371089,0.0837294385,0.200105742,0.959569216
26958921451276,95285,-0.682324648,0.0169360489,-0.949327648,-0.174918354,0.0871432051,0.196043417,0.960924864
26958938110235,95302,-0.685789645,0.0195336007,-0.95001471,-0.169932276,0.0912152752,0.19129993,0.962396622
26958954794818,95319,-0.689508677,0.0224393234,-0.950702071,-0.164370671,0.0956196412,0.186034903,0.963965952
26958971447266,95335,-0.69318676,0.0254505351,-0.951372445,-0.15839301,0.0999270231,0.180626154,0.965557098
26958988119453,95351,-0.696914196,0.0286811665,-0.951962948,-0.151677489,0.104124762,0.175224885,0.967185736
26959004791120,95368,-0.700872838,0.0324612185,-0.952552855,-0.14397639,0.108468235,0.169642076,0.968879282
26959021464766,95384,-0.704497874,0.0364228673,-0.952880144,-0.136465698,0.112482689,0.164521173,0.970390379
26959039036537,95402,-0.708417714,0.0414015576,-0.953128457,-0.127954528,0.116642199,0.159210488,0.971943617
26959054780912,95418,-0.711652577,0.0462036803,-0.953150094,-0.120566368,0.119762637,0.155278504,0.973144054
26959071451380,95434,-0.714616358,0.0512578934,-0.953027546,-0.113518812,0.122272044,0.152378201,0.974137604
26959088146224,95451,-0.717424572,0.0568236001,-0.952836573,-0.106400572,0.124313943,0.150477991,0.974977612
26959104803360,95467,-0.719712436,0.0620997362,-0.952513337,-0.100025825,0.125678167,0.149754673,0.975588739
26959121439505,95484,-0.721856475,0.0676398128,-0.952166975,-0.0935741737,0.126436636,0.149924904,0.976104558
26959138109245,95500,-0.723547101,0.072641924,-0.951705575,-0.0877720863,0.12658754,0.150797814,0.976489484
26959154785130,95517,-0.724930882,0.0776129812,-0.95120132,-0.0820596069,0.126448005,0.15220578,0.976785898
26959171452266,95534,-0.725844681,0.082114771,-0.950646698,-0.0770288259,0.126162484,0.153839871,0.976976454
26959188129297,95551,-0.726331115,0.0861232355,-0.949985325,-0.0727532059,0.125665873,0.155426428,0.977117062
26959204776485,95567,-0.726517141,0.0895044655,-0.94938302,-0.0693546683,0.124913938,0.156722203,0.977253675
26959221571380,95583,-0.726443291,0.0924594253,-0.948648632,-0.0665576905,0.123908162,0.157623291,0.977431238
26959238287943,95600,-0.726103842,0.0950974673,-0.947938204,-0.0642504618,0.122499987,0.15821445,0.97766763
26959254795391,95616,-0.725476265,0.0970494449,-0.947284579,-0.0625941008,0.120846987,0.158582732,0.977921009
26959271455495,95633,-0.724599004,0.0985861272,-0.946645677,-0.061273858,0.118926696,0.159000516,0.978172183
26959288127422,95649,-0.7236287,0.0995558202,-0.946163237,-0.0604800805,0.117147438,0.15950878,0.9783535
26959304786172,95666,-0.722394347,0.100052744,-0.945679307,-0.0601605028,0.115291253,0.160285056,0.978466868
26959321458724,95683,-0.720995367,0.100033507,-0.945344508,-0.0603969172,0.113431655,0.161254495,0.97851038
26959338114714,95699,-0.719543219,0.099544391,-0.945049226,-0.0612359047,0.11155986,0.162173986,0.978521407
26959354874818,95715,-0.718073368,0.0987029374,-0.944808424,-0.0626697093,0.109521009,0.163052231,0.978515089
26959371454141,95733,-0.716431141,0.0973795429,-0.944524944,-0.0647829846,0.107085064,0.163789153,0.97852397
26959388161328,95749,-0.715034604,0.0959116071,-0.944232702,-0.0670786798,0.104807109,0.164110407,0.978562117
26959404781224,95765,-0.713795483,0.0942933559,-0.944007635,-0.0696923584,0.102525607,0.164118037,0.978619814
26959423689609,95784,-0.712443054,0.0922235548,-0.943638861,-0.0729939416,0.100272819,0.163700223,0.978682578
26959438117214,95798,-0.711589158,0.0906817541,-0.943350911,-0.0756125301,0.099154219,0.163131803,0.978692591
26959454779297,95815,-0.710716963,0.0888262987,-0.942923784,-0.0787675083,0.0983959734,0.162272006,0.978663266
26959471452474,95831,-0.710100055,0.0872025117,-0.942576766,-0.0813741833,0.0981547236,0.161355138,0.978625774
26959488141745,95849,-0.70963347,0.0856112093,-0.942317247,-0.0837753192,0.0982089415,0.160173818,0.978611827
26959504800964,95865,-0.70938009,0.084375605,-0.942086518,-0.0853811875,0.098400645,0.15900813,0.978643835
26959521469193,95881,-0.709349871,0.0832878575,-0.941910267,-0.0863701254,0.0985731632,0.157872856,0.978723526
26959538111380,95898,-0.70944792,0.0822156519,-0.941616356,-0.0868698731,0.0986491218,0.156892523,0.978829265
26959554777630,95915,-0.70968163,0.0813426524,-0.941414356,-0.0871382728,0.0987184197,0.15636453,0.978882909
26959571450391,95931,-0.709882915,0.0806853473,-0.941314518,-0.0873689577,0.0989689007,0.156361282,0.97883755
26959588113620,95947,-0.710043073,0.0801120996,-0.941233516,-0.0877550542,0.0994401574,0.156906798,0.978667974
26959604787266,95964,-0.710190356,0.0796004236,-0.941171885,-0.088496387,0.100031815,0.158092275,0.978350043
26959621486068,95981,-0.71024543,0.0791376233,-0.941082478,-0.0894867778,0.100566939,0.15970242,0.977943599
26959638140078,95997,-0.710285604,0.0787404999,-0.941110671,-0.0905479267,0.100842699,0.161383435,0.977541506
26959654794870,96014,-0.710180521,0.0783105791,-0.941139579,-0.0917713568,0.10077057,0.163094699,0.977150679
26959671448984,96030,-0.710032105,0.0779016465,-0.941167474,-0.0929608271,0.100317203,0.164510652,0.976847529
26959688123672,96047,-0.709865689,0.0774406195,-0.941110373,-0.0941057056,0.0995336398,0.165706009,0.976615965
26959704783932,96064,-0.709603131,0.0769488961,-0.940982938,-0.0951111242,0.0985935703,0.166542292,0.976471722
26959721450547,96080,-0.709321737,0.0765157491,-0.941004217,-0.0959276333,0.0977060795,0.167060301,0.976392508
26959738118672,96096,-0.708892763,0.0760785863,-0.941058517,-0.0965445116,0.0969169512,0.167360589,0.97635895
26959754792578,96114,-0.708376348,0.0755873173,-0.941163123,-0.0970883816,0.0962009877,0.16753222,0.976346314
26959771460963,96130,-0.707916558,0.0751500204,-0.941229105,-0.0975515768,0.0956718028,0.16755873,0.976347625
26959788107161,96146,-0.707447231,0.0747298971,-0.941285908,-0.0979923382,0.0951258242,0.167521983,0.976363242
26959804793568,96163,-0.706949651,0.074324131,-0.941376209,-0.0985050648,0.0944687277,0.167470291,0.976384223
26959825473151,96183,-0.706306458,0.0738698542,-0.941393673,-0.0993109122,0.0935299322,0.167515278,0.976385236
26959838142838,96196,-0.705956578,0.0736006349,-0.941472411,-0.0999176875,0.0928577036,0.167601541,0.976372719
26959854787474,96212,-0.705520391,0.0732711181,-0.941534042,-0.100617774,0.0920114145,0.167744264,0.976356387
26959871454922,96229,-0.705091774,0.0729554147,-0.94161123,-0.101330653,0.0910742059,0.167977035,0.976330578
26959888128359,96246,-0.704672098,0.0726889074,-0.941735327,-0.101893127,0.0901830047,0.168260321,0.976305962
26959904806276,96262,-0.704260111,0.0724423975,-0.941854,-0.102184661,0.0894656032,0.168496624,0.976300716
26959921445963,96279,-0.703918755,0.072200045,-0.942023814,-0.102368794,0.0888042971,0.168726698,0.976302087
26959938127891,96295,-0.703601778,0.0720036253,-0.94210887,-0.102503851,0.0882857367,0.168886051,0.976307452
26959954826588,96312,-0.70331347,0.0718476921,-0.942228794,-0.102604225,0.0878326297,0.168987095,0.976320267
26959971442526,96329,-0.703050673,0.0717718154,-0.942353606,-0.102775052,0.0873869509,0.169054627,0.976330638
26959988120807,96345,-0.70284903,0.0717637241,-0.942451477,-0.102939397,0.0870280266,0.169063821,0.976343751
26960004778984,96361,-0.702741742,0.0718123764,-0.942576587,-0.102967389,0.0867347792,0.1690166,0.976375043
26960022976797,96380,-0.702645123,0.071951896,-0.942662179,-0.102801189,0.0864011124,0.168941453,0.976435125
26960038399297,96395,-0.702635288,0.072138384,-0.942790627,-0.102502212,0.0861610845,0.168884993,0.976497531
26960054786849,96411,-0.702596486,0.0723979622,-0.942892194,-0.101978935,0.0859547332,0.168808937,0.976583719
26960071456015,96428,-0.702549934,0.0727137029,-0.943003833,-0.101262219,0.0858286992,0.16873683,0.976681769
26960088117474,96445,-0.702509642,0.0730487034,-0.943145454,-0.100534886,0.0857889205,0.168733329,0.976761043
26960104798672,96461,-0.702417493,0.0733646303,-0.94323796,-0.0998996422,0.0857628882,0.168749943,0.976825595
26960121453620,96477,-0.702297091,0.0736779124,-0.943355143,-0.0993812159,0.0856594816,0.168772325,0.976883709
26960138112943,96494,-0.702029586,0.0740098581,-0.943422437,-0.0990403071,0.0854038373,0.168805167,0.976935089
26960154796849,96511,-0.701734662,0.0742900297,-0.943493068,-0.0988657326,0.0849771351,0.168874592,0.976978004
26960171445807,96527,-0.701464295,0.0744607151,-0.943508267,-0.0987614468,0.0844431594,0.169011354,0.977011144
26960188120807,96544,-0.701130509,0.0745740756,-0.943511784,-0.0987232551,0.0838233009,0.169255003,0.977026224
26960204793359,96561,-0.700731874,0.074633576,-0.943599522,-0.0987254381,0.0832516924,0.169578597,0.977018714
26960221472109,96577,-0.700273514,0.0746047869,-0.943677366,-0.0987839103,0.0827378556,0.170003504,0.976982653
26960238121692,96593,-0.699810863,0.0744772255,-0.943765998,-0.0990384817,0.0822992176,0.170499071,0.976907492
26960254796276,96610,-0.699302554,0.0742489398,-0.943825543,-0.0995864272,0.0820052698,0.170951903,0.976797462
26960271472422,96627,-0.698790371,0.0739592537,-0.943899214,-0.100348063,0.0817508698,0.171255842,0.976687551
26960288137890,96643,-0.698303461,0.0736787617,-0.943949342,-0.101242401,0.081393607,0.171355292,0.97660768
26960304792890,96660,-0.697786748,0.0733815357,-0.9439587,-0.102186278,0.0808763728,0.171171561,0.976584554
26960321487526,96677,-0.697315693,0.0730402768,-0.944019437,-0.102888398,0.0803117007,0.170741886,0.976632655
26960338112786,96693,-0.696873724,0.07269907,-0.94406718,-0.103393868,0.0798002258,0.170213461,0.976713419
26960354805026,96709,-0.696438968,0.0723790452,-0.944136083,-0.103735976,0.0794054195,0.169648126,0.976807714
26960371459609,96726,-0.695939422,0.0721226633,-0.944233894,-0.103965022,0.0791512951,0.169041082,0.97690922
26960388117786,96743,-0.695442498,0.0719378591,-0.944324374,-0.104186527,0.0790018141,0.168475777,0.976995349
26960404779817,96759,-0.695053816,0.0717964247,-0.944413006,-0.104460694,0.0788764805,0.167969525,0.977063358
26960421454609,96775,-0.694702029,0.0717048943,-0.944470465,-0.10473901,0.0786748007,0.16746667,0.977136195
26960438855807,96793,-0.694366097,0.0716851801,-0.944581151,-0.104953177,0.0783146992,0.16689083,0.977240562
26960454788307,96809,-0.694031477,0.0717425048,-0.944675267,-0.105029002,0.0779162124,0.166398033,0.977348328
26960471482474,96825,-0.693713784,0.0718459934,-0.944778442,-0.10492532,0.0774783343,0.165982828,0.977464855
26960488112265,96842,-0.693435609,0.0719482005,-0.944920063,-0.104578346,0.0770143941,0.165722221,0.977582932
26960504783307,96859,-0.693142235,0.0720510781,-0.945047081,-0.104141377,0.0766928121,0.165537834,0.977686107
26960521446172,96875,-0.692893982,0.072195664,-0.945179105,-0.103786141,0.0765298232,0.165335938,0.977770805
26960538112005,96891,-0.692601979,0.072378166,-0.9452793,-0.103481457,0.0763401985,0.165154651,0.97784853
26960554779557,96908,-0.692312419,0.0725774467,-0.945381045,-0.103258125,0.0760774389,0.164992481,0.977919996
26960571447265,96925,-0.692090154,0.0727584511,-0.945506692,-0.103161395,0.0758148134,0.164839715,0.977976322
26960588117786,96941,-0.691859007,0.0729027912,-0.945611,-0.103137836,0.075613223,0.164735362,0.978012085
26960604779088,96958,-0.691563308,0.0729983002,-0.945732117,-0.103091218,0.0754400045,0.164690882,0.978037834
26960621483411,96974,-0.691229403,0.0730231479,-0.945862114,-0.103023656,0.0752278119,0.164747685,0.978051722
26960638167265,96991,-0.690854549,0.0729556233,-0.946012139,-0.102944136,0.0749001056,0.164864257,0.97806561
26960654780546,97008,-0.690422237,0.0727780014,-0.946110964,-0.103032671,0.0744477063,0.164979622,0.978071332
26960671471849,97024,-0.689930856,0.0724966899,-0.946178734,-0.10335841,0.0739392415,0.164973781,0.978076518
26960688139505,97041,-0.689323068,0.0720839649,-0.946245849,-0.104044907,0.0731963366,0.164852515,0.978080094
26960704810442,97057,-0.688655496,0.0715889856,-0.946276188,-0.104985282,0.0722445026,0.164654881,0.97808373
26960721447109,97074,-0.687884569,0.0709448159,-0.946319759,-0.106254928,0.0710801259,0.164379388,0.978078187
26960738109192,97090,-0.687048018,0.0702223629,-0.946353018,-0.10768114,0.0699583292,0.164087683,0.97805208
26960754793828,97106,-0.686076581,0.0693716183,-0.946406662,-0.109190829,0.0687904432,0.163809046,0.978014231
26960771510807,97124,-0.684756398,0.0682547018,-0.946538985,-0.11082276,0.0672030374,0.163602561,0.977975607
26960788110755,97140,-0.683357239,0.0670921132,-0.946683466,-0.112208098,0.0653709173,0.163616166,0.977939546
26960804780546,97157,-0.68168956,0.0656885952,-0.946818411,-0.113830879,0.0629445463,0.163771078,0.977885306
26960821454817,97173,-0.679947495,0.0642775148,-0.946911037,-0.115694076,0.0602499023,0.163948819,0.977806568
26960838234869,97190,-0.677929282,0.0627476424,-0.946996033,-0.118022554,0.0571310632,0.164097533,0.977690518
26960854781276,97206,-0.675842702,0.0613365509,-0.94700253,-0.120628104,0.0540557541,0.164226457,0.977525711
26960871477109,97222,-0.673618138,0.0600358658,-0.946928382,-0.123735107,0.0507380031,0.164610073,0.977250636
26960888112057,97240,-0.670939267,0.0588901229,-0.946783781,-0.127688378,0.0464695394,0.165908426,0.976734698
26960904784348,97256,-0.668413579,0.05830447,-0.946602583,-0.131448358,0.0419252142,0.168504417,0.975996852
26960921446276,97272,-0.665833354,0.0581774265,-0.946412444,-0.135072365,0.0367682055,0.173092797,0.974906385
26960938109609,97289,-0.662996769,0.058545921,-0.946184158,-0.138302103,0.0312994048,0.180187017,0.973357856
26960954861484,97306,-0.660251021,0.05940051,-0.94601661,-0.140947938,0.0263818838,0.189065441,0.971438169
26960971446901,97322,-0.657923222,0.0606802367,-0.946006656,-0.143001065,0.022610914,0.198299378,0.969389915
26960988115911,97338,-0.655963778,0.0623183697,-0.946145117,-0.144545645,0.0200547092,0.207629219,0.967261374
26961004796484,97356,-0.654276311,0.0644498169,-0.946478009,-0.145684987,0.0190751925,0.216949612,0.965062141
26961021475963,97372,-0.65325588,0.066577591,-0.946927607,-0.145866513,0.0199341606,0.22296904,0.963644326
26961038156536,97388,-0.65271759,0.0687576607,-0.947540581,-0.14459984,0.0218518414,0.226148546,0.96305263
26961054781484,97405,-0.652697563,0.0710523948,-0.948418379,-0.141286269,0.0242226142,0.22606045,0.963508308
26961071449713,97422,-0.653271079,0.073227413,-0.949398339,-0.136115074,0.0262947809,0.222298533,0.965072393
26961088113723,97438,-0.654316306,0.0750880316,-0.950318992,-0.129897147,0.027743293,0.215702698,0.967382789
26961104820025,97454,-0.655747592,0.0767998099,-0.951235175,-0.1229131,0.0286275167,0.206908792,0.970186412
26961121479296,97472,-0.657628238,0.0785954446,-0.952226043,-0.114954785,0.0290645435,0.195812494,0.973446548
26961138113307,97488,-0.659383118,0.0801615119,-0.953045964,-0.108332433,0.029306788,0.186190203,0.976083219
26961154785546,97504,-0.661137819,0.0817105323,-0.953707159,-0.10259334,0.0297660027,0.178022593,0.978210926
26961171465807,97521,-0.662910938,0.0833554715,-0.954150796,-0.0979339033,0.0306427963,0.172131225,0.979714632
26961188112057,97538,-0.664512217,0.0849890113,-0.954395711,-0.0948608369,0.0318566784,0.169959188,0.980357349
26961204802161,97554,-0.66584897,0.0865197554,-0.954485178,-0.093321003,0.0331762731,0.171475768,0.980197251
26961221485494,97570,-0.667029142,0.0880429,-0.954421461,-0.092776984,0.0342830047,0.176252991,0.979363084
26961238435911,97588,-0.668224096,0.0896386206,-0.95424366,-0.0931601524,0.0346008167,0.185496673,0.977606773
26961254779088,97604,-0.66916132,0.0909060389,-0.954027653,-0.0943611488,0.034043815,0.196604267,0.975337803
26961271452057,97620,-0.669993281,0.0919656157,-0.953774452,-0.0963513628,0.0330636427,0.209435001,0.972502053
26961288117473,97636,-0.670750022,0.0927572325,-0.953549862,-0.0990633443,0.0316549726,0.223256871,0.969196022
26961304865702,97654,-0.671540618,0.0932719111,-0.953319013,-0.102926038,0.0291368663,0.240323931,0.964780688
26961321447005,97670,-0.672156572,0.0934431702,-0.953112781,-0.107384041,0.0262795761,0.257493377,0.959935069
26961338142577,97686,-0.67259568,0.0935257673,-0.952917099,-0.113169231,0.0235343333,0.276462197,0.954047978
26961354799192,97703,-0.67280978,0.0935742185,-0.952679813,-0.120597467,0.0209074728,0.297836632,0.946737826
26961371470650,97719,-0.672889411,0.0934969485,-0.952453434,-0.127950594,0.0182174556,0.31812796,0.939197183
26961388135077,97736,-0.673002005,0.0932068676,-0.9523018,-0.135121927,0.0148873115,0.33852461,0.931086242
26961404780442,97753,-0.673135221,0.0926168859,-0.952254832,-0.140981704,0.0114114843,0.356758803,0.923426867
26961421460338,97769,-0.673292994,0.0917678401,-0.952327967,-0.145725891,0.00812060852,0.372448862,0.916504145
26961439168150,97787,-0.673429787,0.0906725526,-0.95251888,-0.150706679,0.0049083163,0.388809294,0.908895373
26961454785286,97802,-0.673517704,0.0897227749,-0.952816725,-0.154573336,0.00280151446,0.401627719,0.902659655
26961471450807,97819,-0.673630476,0.0886058286,-0.953260124,-0.158583775,0.000770717452,0.415352702,0.895730317
26961488108619,97836,-0.673791409,0.0874673873,-0.953741193,-0.162331551,-0.00121263263,0.428433567,0.888871014
26961504794296,97852,-0.673994839,0.086398907,-0.954232514,-0.165897965,-0.00318738236,0.440768301,0.882151365
26961521450338,97868,-0.674218535,0.0854314119,-0.954738259,-0.169858038,-0.0052257129,0.45333302,0.874991536
26961538111536,97886,-0.674541354,0.0845358521,-0.955309987,-0.174789235,-0.00776108075,0.467620403,0.866440773
26961554798827,97902,-0.674844444,0.0839014351,-0.955784678,-0.178981602,-0.0104816435,0.480198681,0.858641386
26961571443879,97918,-0.675204396,0.0833506808,-0.956286013,-0.182537407,-0.013799849,0.492509633,0.850837231
26961588152577,97934,-0.675615191,0.0828869119,-0.956809521,-0.185574904,-0.0175160691,0.504175127,0.843245268
26961604778359,97951,-0.676019907,0.0824871734,-0.957307935,-0.188369483,-0.0215637721,0.515657723,0.835553229
26961621454609,97968,-0.6764431,0.0821347013,-0.957823634,-0.190807417,-0.0254772287,0.526256919,0.828249395
26961638164765,97985,-0.676836133,0.0818534717,-0.958337486,-0.192871422,-0.0292691886,0.536113024,0.821295857
26961654778775,98001,-0.677169502,0.0816886723,-0.958847463,-0.194466829,-0.0327609554,0.544842601,0.815018952
26961671447734,98018,-0.677504539,0.0816118419,-0.959386408,-0.195946559,-0.0366114266,0.553782701,0.808448792
26961688148046,98034,-0.677773595,0.0816314369,-0.959788561,-0.197356597,-0.0404732861,0.56219089,0.802093446
26961704782265,98051,-0.678009331,0.0817647353,-0.960135221,-0.19889839,-0.0448173769,0.571698666,0.794727325
26961721462942,98067,-0.678158522,0.0820666701,-0.96040535,-0.200433925,-0.049160067,0.581666768,0.786812186
26961738109661,98084,-0.678285718,0.0825912356,-0.960714161,-0.202364966,-0.0540032685,0.593573749,0.777047276
26961754782525,98101,-0.678405464,0.0833214968,-0.960939288,-0.204685614,-0.059402246,0.607133508,0.765482903
26961771446692,98117,-0.678659081,0.0841508657,-0.961065352,-0.207308188,-0.065377228,0.621932566,0.752295911
26961788115181,98133,-0.679033399,0.0851503536,-0.961192131,-0.210430562,-0.0720316023,0.638660491,0.736643195
26961804790025,98150,-0.679512322,0.0864214003,-0.961337626,-0.214216113,-0.0793804601,0.657995462,0.717532039
26961821454713,98167,-0.680255473,0.0877370089,-0.961608052,-0.218160734,-0.0870592073,0.678676009,0.695863187
26961838114036,98183,-0.681084931,0.0889484882,-0.9618541,-0.221419498,-0.0946413279,0.699184537,0.673169792
26961854802421,98199,-0.682065904,0.0900479257,-0.962103963,-0.224115625,-0.10234385,0.720521629,0.64818722
26961871448567,98217,-0.683258533,0.091082409,-0.962461531,-0.22712554,-0.110415258,0.744408309,0.6181252
26961888121692,98233,-0.684334099,0.0918369293,-0.962806106,-0.230098322,-0.116338521,0.764225841,0.591167569
26961904788515,98249,-0.685466886,0.0923309028,-0.9632411,-0.233028904,-0.120878771,0.782025993,0.565262079
26961921461327,98266,-0.686629117,0.0925095975,-0.963797152,-0.235531703,-0.124077216,0.798466027,0.539983034
26961938142108,98283,-0.687726557,0.0923302621,-0.964485168,-0.23748669,-0.125400856,0.812116683,0.518016756
26961954783202,98299,-0.688652158,0.0919615179,-0.965202451,-0.238933891,-0.125006929,0.822294712,0.50111413
26961971453827,98315,-0.689414978,0.0913716853,-0.966036201,-0.239664212,-0.123178154,0.829907715,0.488509387
26961988191640,98333,-0.689977348,0.0904085189,-0.967029452,-0.23905012,-0.119950458,0.835802078,0.479480892
26962004784713,98349,-0.690248072,0.0894735456,-0.967865705,-0.237356037,-0.116452992,0.83875984,0.476007015
26962021470911,98365,-0.690402567,0.0884626955,-0.968722343,-0.235244751,-0.112674959,0.839440823,0.476763546
26962038116327,98381,-0.69047749,0.0874103904,-0.969369173,-0.233208135,-0.109281696,0.837799549,0.481418043
26962054793567,98399,-0.690683305,0.0861018747,-0.969976187,-0.231124893,-0.106300712,0.83348918,0.490486771
26962071475911,98415,-0.690910757,0.0849227905,-0.970385432,-0.229281932,-0.104447141,0.828025162,0.500894189
26962088115025,98431,-0.691113651,0.0838380381,-0.970523536,-0.227378607,-0.103049807,0.821432412,0.512765527
26962104794556,98448,-0.691364527,0.0828332976,-0.970574081,-0.225244224,-0.101386577,0.813450217,0.526578248
26962121449348,98464,-0.691422462,0.0821448863,-0.970520914,-0.222968027,-0.0988551006,0.804773152,0.541159093
26962138131431,98481,-0.691440225,0.0814329907,-0.970488191,-0.220108837,-0.094485186,0.793649733,0.559235871
26962154888931,98498,-0.691080868,0.0806646273,-0.970439076,-0.216429099,-0.0880948529,0.779172003,0.581626058
26962171448306,98515,-0.690391302,0.0794595331,-0.970399797,-0.211621836,-0.0797329918,0.759634852,0.609765351
26962188174817,98531,-0.689601123,0.0776490271,-0.970392227,-0.205964684,-0.0703290552,0.73522073,0.641936839
26962204789244,98547,-0.688480973,0.0751079172,-0.970370233,-0.199293867,-0.0599286109,0.704089165,0.678932309
26962223300910,98566,-0.68754518,0.0711112842,-0.970492065,-0.190893725,-0.047094319,0.658703089,0.726258993
26962238454869,98581,-0.687004924,0.0674563423,-0.970628738,-0.184566572,-0.0363750756,0.616989911,0.764156818
26962254784348,98597,-0.686574876,0.0632153377,-0.970797062,-0.178229511,-0.0241828151,0.567528546,0.803467989
26962271461952,98614,-0.68640846,0.0584784187,-0.970941126,-0.17175667,-0.010506874,0.510575056,0.8424384
26962288115129,98630,-0.686542511,0.0536746457,-0.970995247,-0.165518209,0.0031152037,0.453885108,0.875546932
26962304855233,98647,-0.687150657,0.0484626666,-0.971072674,-0.158685744,0.0183534585,0.391228765,0.906323433
26962321458463,98664,-0.687974811,0.0432104617,-0.971156418,-0.151429594,0.0335549749,0.327534169,0.932021797
26962338113046,98680,-0.689143538,0.0382963195,-0.97132808,-0.143930092,0.0465870649,0.26865688,0.951281905
26962354785025,98697,-0.690822303,0.0334242955,-0.971539497,-0.135850355,0.0577861108,0.209563196,0.966586173
26962371460598,98713,-0.692617893,0.0292568356,-0.971831799,-0.128352389,0.0655366257,0.158816338,0.976733387
26962388122317,98729,-0.69451201,0.0255511664,-0.972275794,-0.121208146,0.0706665516,0.114046827,0.983518243
26962405833879,98748,-0.696788013,0.0215836596,-0.972946584,-0.114510059,0.0730906874,0.0703138784,0.988231361
26962421450702,98763,-0.698663831,0.0189466961,-0.973681331,-0.111860745,0.0724546239,0.0444707498,0.990080774
26962438125806,98780,-0.700663209,0.0168200023,-0.974717855,-0.111983307,0.0706505999,0.0252114069,0.990874708
26962454781379,98796,-0.702259481,0.0158307217,-0.975920498,-0.115134858,0.0692418739,0.0162398126,0.99080056
26962471462369,98812,-0.703821719,0.0159493536,-0.977293193,-0.121143922,0.0682526529,0.0155859394,0.990163088
26962488114035,98830,-0.705684841,0.0173962116,-0.978997469,-0.129935205,0.0680401027,0.0228702221,0.988920808
26962504793202,98846,-0.707583666,0.0198470838,-0.980723262,-0.138074934,0.06891983,0.0339946151,0.987435997
26962521446327,98862,-0.710019052,0.0232759863,-0.982739031,-0.144696847,0.0709984824,0.0475851037,0.985777795
26962538111640,98879,-0.71318543,0.02763623,-0.985323131,-0.147998542,0.0748405159,0.0623085499,0.984181464
26962555285025,98895,-0.716672122,0.0321821421,-0.988067627,-0.146611512,0.0796974972,0.0750829205,0.983115494
26962571451067,98912,-0.720942616,0.0373410918,-0.991123378,-0.140285611,0.0854461193,0.0867308751,0.982596993
26962588117889,98929,-0.725670815,0.0427005738,-0.994257331,-0.129576176,0.0915114805,0.0961419716,0.98264569
26962604779087,98945,-0.730406404,0.047899168,-0.997126877,-0.117068052,0.097384952,0.103510216,0.982902288
26962621491014,98962,-0.735574484,0.0535434037,-0.999911249,-0.103061847,0.10385146,0.109815739,0.983124495
26962640285233,98980,-0.74099797,0.0595184006,-1.00236142,-0.0890008062,0.110469289,0.115333505,0.98314482
26962654782994,98994,-0.745040596,0.0640580058,-1.00385046,-0.079340212,0.114991046,0.11948932,0.982957065
26962671451327,99011,-0.749704719,0.0694829002,-1.0052942,-0.0696595013,0.119736604,0.124911435,0.982449949
26962688111431,99028,-0.754068255,0.0747672915,-1.00614071,-0.0629819706,0.123824589,0.130985171,0.981602609
26962704784869,99044,-0.757762372,0.0794352889,-1.00634217,-0.0594483279,0.12702769,0.137242362,0.980558217
26962721460442,99061,-0.761306763,0.0839357227,-1.00612247,-0.0575034469,0.129647315,0.144097149,0.979347229
26962738123098,99078,-0.764387906,0.0877468213,-1.00565028,-0.0565678068,0.13122502,0.150967628,0.978155851
26962754792473,99094,-0.766890883,0.0906974077,-1.00499523,-0.056045413,0.131876305,0.157144636,0.977124989
26962771462733,99110,-0.768978953,0.0930278525,-1.00421548,-0.055375088,0.132035866,0.162832916,0.976209879
26962788115285,99127,-0.77071625,0.0947249085,-1.00325394,-0.0545735881,0.131693408,0.168393806,0.975357413
26962804777681,99144,-0.77192843,0.095625937,-1.00213647,-0.0541080125,0.130679205,0.173536345,0.974618077
26962821476952,99160,-0.772516966,0.095776692,-1.00104749,-0.0543224216,0.129189774,0.178134009,0.973975062
26962838118619,99177,-0.772709668,0.0952029526,-0.999659956,-0.0558163822,0.127238274,0.182931587,0.973257959
26962854778150,99193,-0.77235204,0.0940041468,-0.998048007,-0.0589007735,0.125272423,0.187458292,0.972469509
26962871453983,99210,-0.771463394,0.0921483263,-0.996167719,-0.063901484,0.123045743,0.192228898,0.971506298
26962888112004,99227,-0.770152926,0.0897013098,-0.994256496,-0.0702275112,0.1203366,0.196915165,0.970469832
26962904785181,99243,-0.768510818,0.0868167281,-0.992344856,-0.0769170672,0.1172757,0.20104894,0.969489336
26962921459556,99260,-0.76638478,0.0831364691,-0.990094781,-0.0843897089,0.113644123,0.205050737,0.968461454
26962938109400,99276,-0.763924599,0.0790946782,-0.987815142,-0.0912656933,0.110256813,0.208473012,0.967498302
26962954802577,99293,-0.761092961,0.0743498355,-0.985373497,-0.0980671346,0.107313745,0.211695895,0.966463387
26962971449191,99309,-0.758169174,0.0694680586,-0.98318696,-0.104043253,0.10528338,0.214398116,0.965465605
26962988116066,99325,-0.75489068,0.0641353428,-0.981007934,-0.109655768,0.10370373,0.216707781,0.964499295
26963004777212,99343,-0.750913918,0.0577356964,-0.978450537,-0.115892746,0.101963632,0.218502194,0.96355027
26963021449973,99359,-0.747164488,0.0518042743,-0.976139724,-0.121772923,0.100174226,0.219084412,0.962880373
26963039696223,99375,-0.742952228,0.0448936559,-0.973569453,-0.128850311,0.0976957604,0.218477905,0.962351561
26963054778931,99392,-0.73928678,0.0389620662,-0.971561611,-0.134986401,0.0949959457,0.217154339,0.962080359
26963071555806,99409,-0.734817147,0.0321275778,-0.969432831,-0.141911685,0.0909386575,0.215051711,0.961948037
26963088113306,99425,-0.730289102,0.0256512277,-0.967450857,-0.148152158,0.0861447528,0.212572798,0.961999476
26963104789296,99442,-0.725125849,0.0188787319,-0.965400279,-0.15452069,0.0801948905,0.209048986,0.962284088
26963121465806,99459,-0.719877243,0.0123885274,-0.963513553,-0.160580412,0.0732869729,0.204859734,0.9627437
26963138110181,99475,-0.714757383,0.00665345788,-0.96200186,-0.165750325,0.0661573857,0.200655714,0.963269174
26963154861223,99491,-0.709461451,0.001393307,-0.960670412,-0.170282796,0.0586694553,0.196741655,0.963770986
26963171448879,99508,-0.70360744,-0.00362534449,-0.959368348,-0.174349487,0.0503641926,0.193791017,0.964111447
26963188158723,99525,-0.697281122,-0.00805093348,-0.958230376,-0.177571759,0.0418275744,0.192789361,0.964132309
26963204800493,99542,-0.690555215,-0.0117819384,-0.957225323,-0.180085748,0.0330245644,0.194125518,0.963739514
26963221445858,99558,-0.683973968,-0.0145355202,-0.956370234,-0.182103589,0.0242820084,0.197465032,0.962941468
26963238767889,99574,-0.677287519,-0.0165404528,-0.955616355,-0.183922634,0.0150603643,0.202533975,0.961730599
26963254791691,99590,-0.670474589,-0.0179333352,-0.954936624,-0.185731784,0.00555848191,0.208812565,0.960140705
26963271453045,99608,-0.662898302,-0.0187657662,-0.95418787,-0.188220173,-0.00530351792,0.216541782,0.957942963
26963288119139,99624,-0.65644294,-0.0189093277,-0.953559816,-0.190730989,-0.0149607668,0.223360986,0.955776036
26963304784139,99640,-0.650256097,-0.0186003819,-0.953014493,-0.193070576,-0.0244642422,0.229743987,0.953594804
26963321465598,99657,-0.644066095,-0.0177733153,-0.952566206,-0.195212036,-0.0342987143,0.235827014,0.951368213
26963338115806,99674,-0.638236701,-0.0166277848,-0.952302575,-0.196467727,-0.0436626039,0.241202965,0.949376166
26963354818462,99689,-0.633431733,-0.0154881366,-0.95218724,-0.196485966,-0.0513062961,0.245307714,0.94793725
26963371466014,99707,-0.628202319,-0.0140160359,-0.952153325,-0.195409372,-0.0596602187,0.248989686,0.94671011
26963388119348,99723,-0.624073088,-0.0125868358,-0.952255845,-0.193672031,-0.0664009228,0.250616819,0.946188807
26963404873306,99739,-0.620540977,-0.0110158268,-0.952497303,-0.191135064,-0.072708495,0.250812978,0.946189046
26963421464087,99757,-0.617303371,-0.00911035389,-0.95298624,-0.187845498,-0.0791714117,0.249600142,0.94664979
26963438119243,99773,-0.614974022,-0.00728077069,-0.953573823,-0.185046956,-0.0839592293,0.247376546,0.94737184
26963454779348,99789,-0.612960279,-0.00533087924,-0.954280972,-0.182034463,-0.0878406316,0.244369492,0.948383391
26963471462941,99806,-0.611211717,-0.00311943144,-0.955162823,-0.178237587,-0.091761604,0.241110548,0.949566722
26963488118931,99823,-0.60991019,-0.000742949545,-0.956117928,-0.174001649,-0.0961947441,0.238745585,0.95051074
26963504941014,99839,-0.608932912,0.00164985284,-0.957053661,-0.169982359,-0.100613177,0.238025397,0.950961113
26963521448254,99856,-0.608105242,0.00446265563,-0.958036542,-0.166512623,-0.105186835,0.239463136,0.950719059
26963538112472,99873,-0.607538283,0.00760773197,-0.958917201,-0.164684772,-0.109559692,0.243642092,0.94948101
26963554803150,99889,-0.60743773,0.0110569037,-0.959680498,-0.164848492,-0.113647372,0.25022462,0.947257638
26963571573722,99905,-0.607956588,0.0150852185,-0.960458875,-0.166772619,-0.117554322,0.259141356,0.944041193
26963588154139,99922,-0.609280229,0.0199565515,-0.961410284,-0.169944331,-0.120707631,0.270160407,0.939979732
26963604776535,99939,-0.611523986,0.0252605267,-0.962631285,-0.173123166,-0.122500114,0.282037914,0.935669184
26963621455285,99955,-0.61445719,0.0303437188,-0.964108169,-0.174689442,-0.122929819,0.293580472,0.931763113
26963638114556,99972,-0.618398905,0.0356393307,-0.966170669,-0.173645973,-0.121515237,0.305656075,0.928254008
26963654780493,99989,-0.623114765,0.0406665392,-0.96878469,-0.169651926,-0.117227584,0.316607088,0.925870359
26963671449452,100005,-0.628182352,0.0450564027,-0.971710801,-0.163700834,-0.110145077,0.32497716,0.924910843
26963688112941,100021,-0.633861661,0.0490316674,-0.975019336,-0.156067625,-0.100448899,0.330814689,0.925264597
26963704787629,100038,-0.64056313,0.0527571887,-0.978843272,-0.146746814,-0.0883128345,0.333691776,0.926993072
26963721448670,100055,-0.64783597,0.0560120121,-0.982829809,-0.136920527,-0.0753165483,0.332775027,0.929968297
26963738548670,100071,-0.655169308,0.0585446395,-0.986555457,-0.1276097,-0.0629946217,0.328291833,0.933794379
26963754796431,100087,-0.662814796,0.0607424453,-0.990153491,-0.118289545,-0.0514825173,0.320957541,0.938266218
26963771445389,100104,-0.671126246,0.0628732592,-0.993716478,-0.108471386,-0.0407206267,0.311154366,0.943270266
26963788111535,100121,-0.679400682,0.0648006052,-0.996934295,-0.0990056321,-0.0316630416,0.300333291,0.948153615
26963804796691,100138,-0.687372208,0.0666619465,-0.999789417,-0.0901166573,-0.0243577212,0.289793521,0.952525854
26963821585962,100154,-0.694526136,0.0683228746,-1.00208712,-0.082398884,-0.0186525453,0.281133831,0.955942631
26963838330181,100170,-0.701153576,0.0699533075,-1.00409138,-0.0757633746,-0.0135539873,0.274376124,0.9585374
26963854855285,100187,-0.707481384,0.0716240108,-1.00576341,-0.0700535476,-0.00836581085,0.269745976,0.96034354
26963871447837,100204,-0.713096678,0.0733009428,-1.00702953,-0.0656887963,-0.00359850214,0.267831326,0.961217225
26963888114139,100220,-0.717775106,0.0749394521,-1.00796783,-0.0628223568,-9.12985124e-05,0.268528044,0.961221159
26963904791639,100236,-0.721864641,0.0765036568,-1.00858152,-0.0612464212,0.00232641725,0.27127704,0.960547924
26963921471691,100254,-0.725713491,0.0780452415,-1.00893879,-0.0607245937,0.00374481874,0.276257932,0.959155917
26963938110233,100270,-0.728344738,0.0790872425,-1.0089488,-0.0610167757,0.00329268002,0.282386988,0.957352459
26963954813514,100286,-0.730176866,0.0797844604,-1.00872779,-0.0620303787,0.000816347834,0.290091991,0.954985976
26963971463983,100302,-0.731166542,0.0801356658,-1.00825596,-0.0642029122,-0.00360936276,0.299017519,0.952078581
26963988116951,100320,-0.731285572,0.080125466,-1.00738192,-0.0687799305,-0.0108614964,0.309933454,0.948204994
26964004797889,100336,-0.73062402,0.0798070729,-1.00636804,-0.0753647536,-0.0193517171,0.320100427,0.944182932
26964021476222,100352,-0.729241312,0.0792267695,-1.00510859,-0.0843852833,-0.0294991098,0.330435008,0.939585924
26964038811795,100370,-0.726815343,0.0782781467,-1.00348186,-0.0970045775,-0.0425416492,0.342054963,0.933691025
26964054777837,100386,-0.723853409,0.0770596191,-1.00192523,-0.109672889,-0.0555298962,0.352508783,0.927699268
26964071449451,100402,-0.720044732,0.0754447877,-1.0002954,-0.123112954,-0.0699153766,0.363605767,0.920731246
26964088119660,100419,-0.714989185,0.0732964426,-0.998548806,-0.137743503,-0.0863349736,0.376327008,0.912113547
26964104835076,100436,-0.708812237,0.0706414878,-0.996819735,-0.152237847,-0.103044592,0.389504105,0.902492106
26964121450753,100452,-0.701916814,0.0676483586,-0.99513936,-0.165560618,-0.11857333,0.40176335,0.892813683
26964138108826,100469,-0.693559527,0.063905783,-0.993207157,-0.17949976,-0.134595916,0.413816303,0.882281125
26964154806222,100485,-0.684888124,0.060018152,-0.99116838,-0.192892298,-0.149183512,0.42281875,0.872789323
26964171679347,100502,-0.675208867,0.0556652434,-0.988831401,-0.207795039,-0.164524183,0.428281099,0.863902986
26964188124243,100518,-0.66592145,0.0513663962,-0.986609638,-0.222347975,-0.179412574,0.42918402,0.856839299
26964204783774,100535,-0.655809462,0.0465700589,-0.984348238,-0.237559199,-0.195969194,0.426787823,0.850302279
26964221487368,100551,-0.645969689,0.0418521464,-0.982334018,-0.250822872,-0.211722836,0.422708511,0.84473598
26964238113983,100568,-0.635240734,0.0368280113,-0.980126441,-0.26334542,-0.228431001,0.417606145,0.839090943
26964254791535,100585,-0.62451148,0.0318704657,-0.97786963,-0.273974329,-0.245833382,0.413058311,0.832998812
26964271455128,100601,-0.614505947,0.0274087414,-0.975788474,-0.282514423,-0.263326228,0.410476923,0.826047003
26964288141431,100618,-0.604012966,0.023008123,-0.973664522,-0.290918589,-0.282946467,0.410319567,0.816667438
26964304822628,100634,-0.59439671,0.0192616731,-0.97167027,-0.299084067,-0.301735818,0.412826955,0.80565393
26964321443774,100651,-0.584659815,0.015881585,-0.969360471,-0.308655024,-0.32123372,0.41795072,0.791743755
26964338118983,100667,-0.576205134,0.0133818835,-0.967095435,-0.319253862,-0.338839978,0.424064159,0.776810229
26964354786483,100683,-0.568679571,0.0117153497,-0.964900434,-0.331730813,-0.356054366,0.430801153,0.759993732
26964371456170,100700,-0.561906517,0.010906158,-0.962863803,-0.346666366,-0.374449462,0.43848747,0.73982352
26964388160805,100717,-0.556547344,0.0110083129,-0.961355329,-0.362640083,-0.393221378,0.446535051,0.717269599
26964404819712,100734,-0.552662432,0.0120245386,-0.960489571,-0.378571272,-0.411912113,0.455417722,0.692536652
26964421470285,100750,-0.550257266,0.0136785805,-0.960396409,-0.39238587,-0.428719103,0.465295553,0.667632639
26964438526222,100767,-0.548922002,0.0159648806,-0.961298823,-0.405059785,-0.445031762,0.478223145,0.639668703
26964454780493,100784,-0.548701584,0.0186420046,-0.963248789,-0.415531814,-0.45863378,0.494304806,0.610451639
26964471458358,100800,-0.549394906,0.0213876441,-0.966008961,-0.423725933,-0.467974782,0.512050688,0.582460403
26964488115805,100816,-0.550969779,0.0242086798,-0.969722509,-0.430878133,-0.47359696,0.531188488,0.554877222
26964504786326,100832,-0.553557873,0.0270715877,-0.974407256,-0.437130183,-0.475865841,0.550292492,0.528816819
26964521462889,100850,-0.557770133,0.0302186161,-0.980906188,-0.442658305,-0.475584269,0.571158171,0.501648843
26964538109503,100866,-0.562660038,0.0327006988,-0.987845123,-0.446054548,-0.47407338,0.588988483,0.478938758
26964554821066,100882,-0.568609953,0.0348262861,-0.995755911,-0.44791767,-0.472112596,0.605528355,0.458055705
26964571445857,100899,-0.576086402,0.0366173238,-1.00508225,-0.447878897,-0.469898283,0.62149781,0.438566625
26964588140753,100916,-0.584581137,0.0377664566,-1.01521683,-0.445397228,-0.467631966,0.636724174,0.421335995
26964604806014,100932,-0.593292952,0.0383062214,-1.02529323,-0.440923214,-0.464807749,0.651005685,0.407102168
26964621455857,100949,-0.60326606,0.0384059846,-1.03642142,-0.434552908,-0.460280448,0.666001976,0.394648075
26964638200441,100965,-0.613406301,0.0381938815,-1.04704797,-0.427926302,-0.454788983,0.679795742,0.384608835
26964654904816,100982,-0.62503165,0.0376509726,-1.05847716,-0.421093583,-0.448166966,0.694216728,0.374018312
26964671459451,100999,-0.637512803,0.0369355008,-1.06973886,-0.415305585,-0.441580951,0.707848549,0.362598985
26964688148670,101015,-0.65007484,0.0362235606,-1.08011615,-0.410996586,-0.436370224,0.71892035,0.351875484
26964704816326,101031,-0.663168907,0.0353850052,-1.09023893,-0.406724244,-0.432357192,0.728674412,0.34157905
26964721542524,101048,-0.677220762,0.0345286652,-1.10023785,-0.401106626,-0.429494858,0.738412499,0.330748707
26964738111535,101065,-0.691291928,0.0337352231,-1.10969055,-0.394345373,-0.428134918,0.747421205,0.320240051
26964754789555,101081,-0.704396248,0.0329646766,-1.11788321,-0.387356818,-0.428195029,0.75506258,0.310619265
26964771462784,101098,-0.718049467,0.0320841372,-1.1259346,-0.379777879,-0.429691225,0.762034297,0.300729245
26964788127993,101114,-0.730650902,0.0311439335,-1.13316059,-0.372676015,-0.431906402,0.767795444,0.291649789
26964804780857,101131,-0.743779659,0.0301373228,-1.14040911,-0.365189195,-0.434073687,0.773504019,0.282680988
26964821471639,101148,-0.756697297,0.0292071626,-1.14749229,-0.357884765,-0.435165316,0.779077113,0.274933755
26964838123357,101164,-0.76859355,0.0285498351,-1.15368295,-0.35102576,-0.434758067,0.784522474,0.26886946
26964854808930,101180,-0.780267119,0.0280791894,-1.15968692,-0.343690932,-0.432839155,0.790356219,0.264317811
26964871446639,101197,-0.792485178,0.0277137011,-1.16577935,-0.334681243,-0.429157048,0.797228396,0.26122725
26964888110753,101214,-0.804591954,0.0274317861,-1.17168403,-0.323958844,-0.423888028,0.804727793,0.260351419
26964904778045,101230,-0.815893769,0.0271386057,-1.17734849,-0.312041074,-0.417394608,0.812260211,0.262002885
26964921445597,101247,-0.827808499,0.0268146396,-1.18311787,-0.297724068,-0.409424126,0.820266366,0.266262114
26964938131222,101264,-0.839843392,0.026479356,-1.1888535,-0.282552689,-0.400772393,0.827656746,0.273001373
26964954857680,101280,-0.851324916,0.0262869224,-1.19388199,-0.267780513,-0.392109334,0.833929718,0.281256437
26964971443722,101296,-0.863022447,0.0260928348,-1.19893849,-0.252967358,-0.38349238,0.839353323,0.290563375
26964988114607,101313,-0.875752807,0.026009582,-1.20413458,-0.237515196,-0.374423772,0.844018519,0.301705331
26965004798045,101330,-0.888740122,0.0261978507,-1.20878065,-0.222482502,-0.365502059,0.847505867,0.314075768
26965021496795,101346,-0.901288331,0.026483804,-1.21312594,-0.208820015,-0.357843071,0.849795341,0.325868905
26965038118722,101363,-0.914653003,0.027117081,-1.21720862,-0.194654509,-0.35066539,0.851635039,0.337433368
26965054802264,101380,-0.92806083,0.0279628932,-1.22117472,-0.181076393,-0.344293326,0.853045762,0.34783113
26965071456795,101396,-0.940747559,0.0290802717,-1.2246654,-0.168871015,-0.338368148,0.853903711,0.357544631
26965088114086,101412,-0.953331769,0.0306055546,-1.22765148,-0.156675026,-0.331864357,0.85438478,0.367893636
26965104792264,101429,-0.966639161,0.0324303135,-1.23071468,-0.143147379,-0.324413836,0.854334176,0.37997061
26965121456586,101445,-0.978726864,0.0344574228,-1.2332226,-0.129358977,-0.316616327,0.853803813,0.392478704
26965138114503,101462,-0.991283357,0.0367094278,-1.23594558,-0.113744944,-0.306756437,0.852707028,0.40725112
26965154853774,101479,-1.00320172,0.0393114164,-1.23825502,-0.0976378471,-0.294921786,0.850302219,0.424822479
26965171451430,101495,-1.0136106,0.0420031846,-1.24015367,-0.081653215,-0.28173551,0.846444488,0.444397956
26965188411014,101512,-1.02401161,0.0449409261,-1.24200928,-0.0635708049,-0.266167551,0.840325117,0.467939496
26965204786274,101528,-1.03315926,0.047719039,-1.24336624,-0.046413023,-0.251133412,0.832168281,0.492213249
26965221457316,101545,-1.04253018,0.0504955873,-1.24467754,-0.028960919,-0.234717235,0.820901036,0.519798696
26965238364555,101561,-1.05042434,0.053279832,-1.24542964,-0.0136544043,-0.219577014,0.807966352,0.546616912
26965254781586,101578,-1.05766141,0.0563164949,-1.24589515,0.00136293366,-0.204838455,0.792089641,0.575007379
26965271523357,101595,-1.06403744,0.0593274608,-1.24626613,0.0151465125,-0.191632688,0.774397552,0.602790117
26965288124711,101611,-1.06918693,0.062197499,-1.24647737,0.0262475982,-0.181217343,0.756357133,0.628008902
26965304785388,101627,-1.073542,0.0651563555,-1.24649107,0.0347870737,-0.173064157,0.737342834,0.652046204
26965321471170,101645,-1.07738018,0.068622224,-1.24623251,0.0416315533,-0.166303024,0.715628743,0.677115679
26965338112941,101661,-1.08005631,0.071664989,-1.24607813,0.0457714349,-0.162453815,0.696887732,0.697037578
26965354817316,101677,-1.08203328,0.0746881813,-1.24595273,0.0481544286,-0.160938248,0.679222524,0.71444869
26965371456066,101694,-1.08340979,0.077789858,-1.24599147,0.0493342504,-0.161502242,0.662322521,0.729939759
26965388114243,101711,-1.08396721,0.0808408484,-1.2463001,0.0495050699,-0.163647726,0.647939563,0.74225539
26965404816638,101727,-1.08341277,0.0836503953,-1.24672461,0.0485986024,-0.166495398,0.636707246,0.751346469
26965421487368,101743,-1.08205748,0.0861936957,-1.24751318,0.0468599573,-0.169752836,0.627460241,0.758473337
26965438154503,101760,-1.07945359,0.0888608694,-1.24826086,0.0442565791,-0.173920944,0.619209707,0.764442503
26965454779607,101777,-1.07585287,0.0913260505,-1.24898469,0.0406661034,-0.178896427,0.611430466,0.769737065
26965471449243,101793,-1.07160497,0.0933564901,-1.24964905,0.0361096486,-0.183900326,0.603155613,0.775293589
26965488146899,101809,-1.06634676,0.0950994417,-1.25017333,0.0305609889,-0.188711658,0.592727125,0.782386482
26965504797315,101827,-1.05959129,0.096450001,-1.25093782,0.0237376541,-0.19369638,0.577505887,0.792720139
26965521455232,101843,-1.05299366,0.0971194357,-1.25171459,0.0175615959,-0.197237179,0.560110211,0.804403961
26965538112315,101859,-1.04616642,0.0971212238,-1.25308645,0.0117619066,-0.198956579,0.538487375,0.818724275
26965554806274,101876,-1.03855479,0.0966240764,-1.25489783,0.00720014004,-0.197430074,0.51060158,0.836812854
26965571472420,101893,-1.03048956,0.0955631286,-1.25708985,0.00529566966,-0.191708371,0.47789669,0.857225001
26965588115649,101909,-1.02273655,0.0938100815,-1.25987279,0.00647661416,-0.182291105,0.442775011,0.877882957
26965604790753,101926,-1.01452279,0.0914293975,-1.26322544,0.0105408467,-0.16899693,0.401094347,0.900251269
26965621459607,101942,-1.00708187,0.0887790918,-1.26684248,0.015971804,-0.154984549,0.358391881,0.920478165
26965638110440,101959,-0.999682188,0.0857060701,-1.27095211,0.0229111928,-0.13940011,0.309887379,0.940219462
26965654790857,101975,-0.993243515,0.0827608407,-1.2751255,0.0303813107,-0.125518531,0.262370706,0.95628643
26965671461638,101992,-0.986862183,0.0796930045,-1.27967453,0.0388380289,-0.113986619,0.212464094,0.969720423
26965688110180,102008,-0.980897665,0.0770360827,-1.28377914,0.0465523899,-0.107105196,0.168496072,0.978759646
26965704923826,102025,-0.974359512,0.0746213645,-1.28803229,0.0527317598,-0.103941441,0.127553537,0.984959722
26965721463097,102042,-0.967511415,0.0727586448,-1.29175615,0.0558619574,-0.104983762,0.0956568122,0.988285244
26965738112940,102058,-0.960628748,0.0714051127,-1.29516768,0.0559294224,-0.109962285,0.0756465271,0.989473581
26965754780076,102075,-0.952553093,0.0704449266,-1.29834628,0.0533698797,-0.118999578,0.0647925586,0.98933959
26965771460232,102092,-0.943599582,0.0699834377,-1.30077887,0.0486903451,-0.131888092,0.0626865774,0.988081574
26965788210440,102108,-0.934563935,0.0700344369,-1.30249894,0.0428658687,-0.147458777,0.0665195733,0.985897362
26965804778513,102124,-0.925167084,0.0706461966,-1.30345666,0.036280971,-0.165383771,0.0736296922,0.982807577
26965821467628,102142,-0.91419363,0.0720262229,-1.30382109,0.0287167151,-0.187003762,0.0821692199,0.978495359
26965838121170,102158,-0.904155374,0.0739035681,-1.30348873,0.0228962936,-0.206733823,0.0884240866,0.974124253
26965854814034,102174,-0.89386034,0.0762477294,-1.3027842,0.0186637994,-0.226304993,0.0927804485,0.96944809
26965871478774,102191,-0.882552862,0.0792676508,-1.30154109,0.0163148567,-0.246225074,0.0951931402,0.964388609
26965888117003,102208,-0.870777845,0.0826733857,-1.29993713,0.0162381288,-0.264253467,0.0954808369,0.959577978
26965904806638,102224,-0.859179914,0.0859976411,-1.29835868,0.018157376,-0.279030114,0.0940766633,0.95549053
26965921452888,102240,-0.847105324,0.0895919651,-1.29638469,0.0218006484,-0.29223907,0.0917345509,0.951685786
26965938594294,102258,-0.832984447,0.0938253477,-1.29395473,0.0271552578,-0.306237549,0.0889729634,0.94739908
26965955044815,102273,-0.820762098,0.0974702239,-1.29181671,0.0318420194,-0.317651451,0.0872177929,0.943650782
26965971455597,102290,-0.806368351,0.101803459,-1.28912711,0.0368041135,-0.330574453,0.0861405879,0.939119697
26965988112315,102307,-0.791477263,0.106435277,-1.285833,0.0411419868,-0.343904316,0.0860732719,0.934145868
26966004778826,102323,-0.777102292,0.11114344,-1.28193521,0.044547502,-0.357566625,0.0870824307,0.928750932
26966021575128,102340,-0.761303127,0.116355874,-1.27735364,0.0475469679,-0.373430103,0.0892183557,0.922133088
26966038638774,102357,-0.745095968,0.121888943,-1.27184439,0.0501302071,-0.390209734,0.0921237096,0.914733052
26966054783097,102373,-0.729464293,0.127317116,-1.26592612,0.0522545353,-0.406667948,0.0952826664,0.907089829
26966071448565,102389,-0.713508129,0.132968754,-1.2592746,0.0544241145,-0.423757523,0.0987434983,0.898730934
26966088112003,102407,-0.695336938,0.139589727,-1.25064206,0.0570088886,-0.443975031,0.103018187,0.888269961
26966104783721,102423,-0.678893924,0.145464405,-1.24217141,0.0591174923,-0.463068485,0.10733889,0.877810419
26966121909815,102439,-0.662256241,0.151408672,-1.23293459,0.0608764477,-0.48293522,0.112234913,0.866297364
26966138115232,102455,-0.645374179,0.157225043,-1.22312367,0.0622155443,-0.502932847,0.117330439,0.854061723
26966154784451,102472,-0.627309978,0.163307503,-1.2118634,0.0629629567,-0.523985505,0.12239565,0.840532184
26966171447628,102489,-0.609176576,0.169323921,-1.19979644,0.0628987029,-0.544945836,0.126675159,0.826457083
26966188117003,102505,-0.592079043,0.174830809,-1.18773937,0.062031541,-0.564731717,0.12995106,0.812614799
26966204792836,102522,-0.574058235,0.180528954,-1.17397654,0.0601147227,-0.585545659,0.132387489,0.797493637
26966221772732,102539,-0.556122422,0.185898393,-1.15943038,0.0569619723,-0.606118441,0.133681938,0.781987846
26966238733409,102555,-0.539351583,0.190871954,-1.14505827,0.0531919263,-0.625501573,0.134434521,0.766710997
26966254781482,102572,-0.5216012,0.196004376,-1.12913764,0.048546128,-0.64620924,0.135295078,0.749501288
26966271462263,102588,-0.505146384,0.20073992,-1.11339891,0.0435901135,-0.665514231,0.136150792,0.732566535
26966288156430,102604,-0.488921762,0.205272883,-1.09699833,0.0383815095,-0.684230864,0.137072682,0.715238512
26966304805753,102622,-0.470911026,0.210034743,-1.07782578,0.0326761343,-0.704178095,0.138224706,0.695671916
26966321449867,102638,-0.4554106,0.214266419,-1.06011403,0.0279129595,-0.721172154,0.139383242,0.678014696
26966338113669,102654,-0.440069497,0.218159124,-1.04211712,0.0235086158,-0.737721443,0.140986085,0.659801126
26966354780805,102671,-0.424301386,0.221986338,-1.02245224,0.019384861,-0.754549801,0.143246248,0.64012444
26966371452211,102688,-0.409323305,0.22544077,-1.00228655,0.0157170109,-0.770416796,0.145428628,0.620533288
26966388116638,102704,-0.395983785,0.228196546,-0.982928872,0.012783532,-0.784830153,0.14706409,0.601872444
26966404781482,102721,-0.382805645,0.230692282,-0.961939275,0.0101274848,-0.800196588,0.148107499,0.581074119
26966421497680,102737,-0.371139705,0.23237437,-0.942049146,0.0078337593,-0.814769864,0.148124248,0.560489058
26966438118461,102754,-0.359782159,0.233526453,-0.92070055,0.00542732701,-0.829838693,0.146862105,0.538302779
26966454782784,102770,-0.349856824,0.233854368,-0.900723279,0.00298749213,-0.84332484,0.144533306,0.517594934
26966471448982,102787,-0.340110958,0.233367458,-0.879543185,-4.45829683e-05,-0.856921613,0.141174495,0.495736897
26966488137263,102804,-0.331016898,0.232130781,-0.858407199,-0.00385710644,-0.869711936,0.137188792,0.474094361
26966504815180,102820,-0.322806209,0.23020342,-0.838723779,-0.00862800516,-0.880835414,0.133076146,0.454252541
26966521472523,102836,-0.315301567,0.227446407,-0.819018722,-0.014498421,-0.890776038,0.128926396,0.43552953
26966538111065,102853,-0.308011949,0.223554403,-0.798153102,-0.0217195414,-0.900084913,0.124691881,0.416926324
26966554814607,102870,-0.301430345,0.218931094,-0.777534604,-0.0295565594,-0.908493042,0.120620675,0.399020761
26966571447523,102886,-0.295485079,0.213990018,-0.758372784,-0.0371297598,-0.915851831,0.116777435,0.382361054
26966588137159,102903,-0.289501369,0.208094805,-0.738400519,-0.0453477576,-0.923229575,0.112020694,0.364749521
26966604777367,102919,-0.284362495,0.20213975,-0.720146298,-0.0530143827,-0.929668725,0.106553443,0.348643124
26966621501690,102935,-0.279334098,0.196012065,-0.702354193,-0.0606142543,-0.935522199,0.100182027,0.333298236
26966638792888,102954,-0.273945838,0.188602507,-0.681775212,-0.0695005432,-0.941616058,0.0920547023,0.316314429
26966654794971,102969,-0.269750118,0.182721317,-0.665903032,-0.0764707103,-0.945730925,0.0856669173,0.303984433
26966671484555,102985,-0.26556775,0.176685572,-0.649405003,-0.0838704854,-0.949468672,0.079165414,0.291903913
26966688111690,103003,-0.261167556,0.170528591,-0.631545424,-0.091792345,-0.952936351,0.0724811777,0.279701769
26966704779503,103018,-0.257560819,0.166048557,-0.617156267,-0.0978283957,-0.955402792,0.0671476573,0.270418882
26966721453096,103035,-0.253785402,0.161812782,-0.601343036,-0.103744283,-0.957913876,0.0617193021,0.260439843
26966738502471,103053,-0.249374747,0.158504173,-0.58517611,-0.108762249,-0.960366428,0.0569985434,0.250236481
26966754791794,103068,-0.246011749,0.15663138,-0.572117031,-0.111872733,-0.962341428,0.0536724813,0.241873369
26966771467836,103086,-0.242139354,0.155648798,-0.556744635,-0.114296362,-0.964726686,0.050106205,0.231793612
26966788153200,103102,-0.238673016,0.156034708,-0.543351412,-0.115610093,-0.966908276,0.0474523082,0.222420976
26966804788409,103118,-0.235657305,0.157559469,-0.530279338,-0.116111152,-0.969076335,0.0456792004,0.212891296
26966821453982,103135,-0.232355684,0.160621285,-0.516496241,-0.115710013,-0.971368134,0.0444698781,0.202676043
26966838119398,103151,-0.229708299,0.164841041,-0.503792048,-0.114405647,-0.973547995,0.0439576767,0.192830086
26966854798044,103168,-0.226791471,0.17093268,-0.490379393,-0.112029746,-0.975875676,0.0440035015,0.182153046
26966871455648,103185,-0.224090487,0.178738818,-0.477140635,-0.108526632,-0.978194654,0.0441995375,0.17147468
26966888113825,103201,-0.221802071,0.18766275,-0.46493721,-0.104083456,-0.980300426,0.0447331071,0.161792308
26966904780180,103217,-0.219480097,0.198177144,-0.452863991,-0.098497428,-0.982288182,0.0460773222,0.152594537
26966921450752,103234,-0.217634931,0.210853338,-0.440547377,-0.0913174003,-0.984259129,0.0486277901,0.143285066
26966938113773,103251,-0.215649337,0.225180537,-0.428599328,-0.0829621181,-0.986036062,0.0523910858,0.134556174
26966956625075,103268,-0.214208558,0.240912259,-0.417279422,-0.0735642314,-0.987531006,0.057566978,0.12671575
26966971470648,103283,-0.213244513,0.255711824,-0.407619357,-0.0648064762,-0.988565564,0.0633941889,0.120496869
26966988118565,103301,-0.212376982,0.274638891,-0.396635056,-0.054249201,-0.989421785,0.0720292181,0.113637052
26967004816117,103317,-0.212300867,0.292324275,-0.387900084,-0.0450091101,-0.989839077,0.0809380785,0.10789717
26967021452471,103333,-0.212398201,0.310694039,-0.379803032,-0.0360987037,-0.989936829,0.0905763507,0.102556989
26967038113409,103349,-0.213046998,0.329486191,-0.372563213,-0.0273700804,-0.989723682,0.100535706,0.0979309008
26967054797784,103367,-0.214027166,0.350926697,-0.36553663,-0.0180697851,-0.989181221,0.11179547,0.0932515115
26967071448252,103383,-0.215306535,0.369902879,-0.360353172,-0.0106978333,-0.988468528,0.121801451,0.0893308148
26967088112888,103399,-0.216982871,0.388325691,-0.356205165,-0.00450453628,-0.987531483,0.13197574,0.0856954157
26967104852002,103417,-0.218774974,0.408246934,-0.352626532,0.000654831121,-0.98626852,0.143374622,0.0819620565
26967121446898,103433,-0.220989496,0.424882025,-0.350590736,0.00337767042,-0.98503691,0.15307416,0.0791156068
26967138132679,103449,-0.223618537,0.440379888,-0.349538058,0.00439302996,-0.983764231,0.162168995,0.0767454207
26967154798669,103465,-0.2264902,0.454565823,-0.349209875,0.00400541723,-0.982540548,0.170420453,0.0745313242
26967171465388,103483,-0.229715586,0.468927741,-0.349492013,0.00230686157,-0.981395006,0.177931547,0.0721042454
26967188113929,103499,-0.232578576,0.480233759,-0.350356162,0.000274686812,-0.980682492,0.182489753,0.0704226345
26967204799086,103516,-0.235611111,0.490705013,-0.351731896,-0.00176602253,-0.980245352,0.185049981,0.0698041394
26967221478304,103532,-0.238169387,0.499242812,-0.353386164,-0.00310589047,-0.980058968,0.185685173,0.0706816837
26967238114294,103548,-0.240684122,0.506444395,-0.35552606,-0.00337163941,-0.9799878,0.185154274,0.0730103925
26967254860856,103565,-0.242943361,0.512763739,-0.357948482,-0.00204192055,-0.979888439,0.184072748,0.077017419
26967271453096,103582,-0.244905129,0.517721593,-0.360542357,0.00121790392,-0.979510605,0.183618665,0.0827153772
26967288196742,103598,-0.246546492,0.521043479,-0.363111466,0.00594895612,-0.978784382,0.184182957,0.0895686597
26967304784294,103615,-0.247898623,0.523090899,-0.365902126,0.0124768643,-0.977671862,0.185441226,0.0980493128
26967321494867,103632,-0.2489876,0.523604751,-0.368914068,0.0203135461,-0.976279497,0.186915651,0.1073699
26967338111221,103648,-0.249697387,0.522702456,-0.371921539,0.0285306275,-0.974860847,0.187743187,0.116553806
26967354782888,103664,-0.25020206,0.520409286,-0.375265986,0.0373517759,-0.973504007,0.187174395,0.125938699
26967371450804,103682,-0.250513643,0.516300976,-0.379393727,0.0476617813,-0.972203076,0.184439972,0.13613075
26967388123096,103698,-0.250598133,0.51127398,-0.383483946,0.0568553545,-0.971304119,0.18019712,0.144446388
26967404801429,103714,-0.250545353,0.504864097,-0.388094217,0.0657612309,-0.970606148,0.174481302,0.152169555
26967421459346,103731,-0.250395119,0.496634245,-0.393523872,0.07448598,-0.969993114,0.167188287,0.160041764
26967439858721,103749,-0.250266463,0.486300051,-0.399922103,0.0825186819,-0.969380796,0.158873647,0.168079704
26967454776586,103764,-0.250091016,0.476412416,-0.40581426,0.0881107524,-0.968893647,0.15172708,0.174529448
26967471518461,103781,-0.250024021,0.46381858,-0.413075328,0.0934466943,-0.968375623,0.14318864,0.181696385
26967488116533,103797,-0.250069559,0.45066762,-0.42067796,0.0978026167,-0.967980206,0.134421155,0.188095972
26967504782419,103813,-0.250072658,0.436435163,-0.429088265,0.101622239,-0.967797101,0.124769107,0.193582967
26967521467731,103831,-0.250154287,0.419352859,-0.439408451,0.105172902,-0.967942834,0.112348303,0.198502764
26967538110127,103847,-0.250197411,0.403241634,-0.449554026,0.107034244,-0.96837914,0.0995741189,0.202164739
26967554787783,103863,-0.250440449,0.386486709,-0.460420012,0.10730765,-0.968857348,0.0853213593,0.206205681
26967571466117,103879,-0.250946701,0.369265825,-0.472011507,0.105759181,-0.969177723,0.069766216,0.211287364
26967588119606,103897,-0.251905471,0.349699259,-0.485854805,0.101628371,-0.969209015,0.0509945229,0.21841535
26967604801065,103913,-0.253183216,0.332389861,-0.498488903,0.0956566781,-0.968820512,0.0343086384,0.225963742
26967621445648,103929,-0.254717588,0.315196037,-0.511441231,0.0875864401,-0.967838645,0.0187084768,0.235089257
26967638123148,103946,-0.256568849,0.297356993,-0.525410056,0.0770873055,-0.965880096,0.00381680601,0.24722217
26967654802575,103963,-0.258765578,0.280172974,-0.539546847,0.0648239926,-0.9629969,-0.00875387806,0.261454284
26967671690752,103979,-0.261019349,0.264754683,-0.552954912,0.0521954745,-0.959639311,-0.0174917169,0.275793672
26967688140023,103995,-0.263353288,0.250087857,-0.566469491,0.0390544869,-0.955833316,-0.0233094785,0.290369004
26967704863981,104013,-0.266078085,0.23441352,-0.581783593,0.0242983215,-0.951048613,-0.0270953849,0.306891054
26967721482575,104029,-0.268322796,0.221194118,-0.595344901,0.012067005,-0.946228564,-0.0281480253,0.322046101
26967738110752,104045,-0.27058056,0.20862703,-0.608874023,0.0010000855,-0.940797985,-0.027757382,0.33782801
26967754780856,104062,-0.273085773,0.196121514,-0.623332977,-0.00939414185,-0.934238613,-0.0262001678,0.355560988
26967771464085,104079,-0.275877744,0.184313238,-0.63777703,-0.018435698,-0.926691532,-0.0229798071,0.374666542
26967788119606,104095,-0.278890491,0.173697948,-0.651143253,-0.0256968085,-0.918575525,-0.0189150646,0.393955529
26967804801221,104112,-0.282310069,0.163016856,-0.665103436,-0.0322640911,-0.908922374,-0.014174303,0.4154737
26967821469085,104128,-0.286026835,0.153502166,-0.677837372,-0.0367859975,-0.898891985,-0.00942399818,0.436521649
26967838144606,104144,-0.290046126,0.144718185,-0.690293908,-0.039537698,-0.888150036,-0.00469076633,0.457825631
26967854812367,104162,-0.294832259,0.135868922,-0.703995109,-0.0407147743,-0.875370681,3.56828386e-05,0.481734872
26967871459710,104178,-0.299274385,0.128860325,-0.715965748,-0.0407280996,-0.86345619,0.00320622837,0.502766788
26967888117419,104194,-0.303895235,0.122723252,-0.727800965,-0.0401821211,-0.850753427,0.00496935518,0.524003208
26967904883356,104212,-0.309458196,0.117050491,-0.740949571,-0.0393552594,-0.835056722,0.00531344768,0.548728704
26967921447783,104228,-0.3147057,0.11322847,-0.752614141,-0.0386135876,-0.819551766,0.00489914883,0.571681738
26967938114294,104244,-0.320389867,0.110484913,-0.764160156,-0.0379937142,-0.802682221,0.00486003933,0.595175743
26967954782002,104260,-0.326465726,0.108682968,-0.775695741,-0.0373449996,-0.784780681,0.00610461598,0.618617415
26967971445596,104278,-0.333855152,0.107542902,-0.788589418,-0.0361122005,-0.76377058,0.00906530488,0.644413114
26967988152106,104294,-0.340851575,0.107291639,-0.799951196,-0.0347024985,-0.744769096,0.0131391399,0.666289866
26968004782002,104310,-0.348186582,0.107778393,-0.811223686,-0.0328891613,-0.7257725,0.0187140293,0.686893344
26968021538408,104327,-0.356516242,0.108961418,-0.822872639,-0.0306650959,-0.705884159,0.0257805213,0.707193494
26968038126117,104344,-0.365289509,0.110650711,-0.834338784,-0.028407976,-0.686245382,0.0332658812,0.726053536
26968054781794,104360,-0.373966306,0.112598874,-0.84465003,-0.0263440162,-0.667675793,0.0400129966,0.742909133
26968071450127,104376,-0.383039773,0.114851035,-0.854507148,-0.0244802516,-0.648945987,0.0460050963,0.759047747
26968088115856,104394,-0.393700004,0.117704265,-0.865222096,-0.0223980565,-0.627967358,0.0516774617,0.776198983
26968104786169,104410,-0.403533638,0.120490223,-0.874281704,-0.0199657939,-0.609716356,0.0559289083,0.790391922
26968121442939,104426,-0.4135423,0.123398915,-0.882906258,-0.0163993239,-0.591815591,0.0593858063,0.803715646
26968138109502,104443,-0.424366713,0.126532644,-0.891408801,-0.0110614561,-0.572845221,0.0618768297,0.817249835
26968155193773,104459,-0.434676021,0.129445791,-0.899108112,-0.0044919136,-0.554870546,0.0631025881,0.829527915
26968171456533,104476,-0.44579345,0.132484168,-0.906947672,0.00389632746,-0.535600305,0.0635103434,0.842070997
26968188134502,104493,-0.457130134,0.135442451,-0.914260268,0.0132968118,-0.515908241,0.0630154684,0.854219496
26968204776794,104509,-0.467943192,0.138172925,-0.920816779,0.0226129182,-0.496863335,0.0616164021,0.865343273
26968221461794,104526,-0.479655147,0.141030163,-0.92729044,0.0326349624,-0.476194769,0.0590925403,0.876744926
26968238125960,104542,-0.490914404,0.143615857,-0.933187962,0.0416452698,-0.456524998,0.0558903962,0.886976242
26968254784971,104559,-0.50299412,0.146255568,-0.938978076,0.0502980761,-0.435580224,0.0520454198,0.897235334
26968271461846,104575,-0.514413595,0.148593277,-0.943934977,0.0573861822,-0.415967017,0.0484105349,0.906275153
26968288111794,104592,-0.52668798,0.150902465,-0.948932528,0.0636674464,-0.395533413,0.0450183824,0.915135562
26968304791012,104609,-0.539014578,0.153139636,-0.953275979,0.0688295215,-0.375525564,0.0422339961,0.923287272
26968321455387,104625,-0.550564647,0.155123591,-0.956941605,0.0728258789,-0.357040167,0.0400853902,0.930382669
26968338111221,104641,-0.562017262,0.156941354,-0.960254431,0.0762625784,-0.338981122,0.0384576358,0.936908185
26968354782887,104658,-0.574034452,0.158726096,-0.963430166,0.0796741992,-0.320319563,0.0374042057,0.943211734
26968371443877,104675,-0.585887134,0.160345569,-0.966155767,0.0828698277,-0.302194178,0.0370778926,0.948913395
26968388111273,104691,-0.596828341,0.161747754,-0.96827203,0.0856308192,-0.285524994,0.0374333523,0.953803837
26968404791481,104708,-0.608108521,0.163082227,-0.970180273,0.0883963406,-0.268116742,0.0384903066,0.958549976
26968421452054,104724,-0.618346572,0.164135545,-0.971420944,0.0907156989,-0.252166629,0.0400286205,0.962590456
26968438260752,104741,-0.628828526,0.165074095,-0.972385287,0.0927690715,-0.235890061,0.0421022139,0.966424942
26968454934346,104758,-0.638672948,0.165953219,-0.97280556,0.0945862904,-0.220413893,0.0444221124,0.969792724
26968471454866,104774,-0.647453725,0.16655077,-0.972878814,0.0960530117,-0.206689745,0.0466678664,0.97256124
26968488175908,104790,-0.6558761,0.166782334,-0.972755134,0.0972108245,-0.19379048,0.0487196483,0.974998355
26968504807366,104807,-0.664213061,0.16675806,-0.972185075,0.0982234627,-0.181142911,0.0505430326,0.977233231
26968521451846,104824,-0.671959996,0.166441038,-0.971517384,0.0990297198,-0.169748798,0.0521828197,0.979109585
26968538122418,104840,-0.678589046,0.165916845,-0.970722079,0.0994150341,-0.159942716,0.0535013936,0.980649114
26968554815700,104857,-0.684979558,0.165079728,-0.969752908,0.0993285775,-0.150334552,0.0547302328,0.98210901
26968571514189,104874,-0.690748453,0.163949087,-0.968740225,0.0987237245,-0.141650856,0.0558917858,0.983394563
26968588117627,104890,-0.69555968,0.162692755,-0.967747867,0.0976550877,-0.134439066,0.0568968505,0.984455407
26968604779346,104906,-0.699758291,0.161297217,-0.96674639,0.0962398723,-0.128201306,0.0578601696,0.985370219
26968621496637,104923,-0.703492105,0.159697384,-0.965628505,0.0944668055,-0.122635975,0.0588898286,0.986188889
26968638344971,104940,-0.706581056,0.157869458,-0.96471709,0.0923655108,-0.118237369,0.0599689558,0.986859858
26968654828096,104956,-0.708982229,0.15601185,-0.964024544,0.0901678503,-0.115042113,0.0610017367,0.987377286
26968671450127,104973,-0.710858822,0.153969347,-0.963421643,0.08772365,-0.112489104,0.0619642287,0.987831652
26968688129762,104990,-0.711931348,0.151843801,-0.962950408,0.085201472,-0.110892557,0.0628718138,0.988175511
26968704798200,105006,-0.712251186,0.149794444,-0.962620139,0.0827363208,-0.110376082,0.0638669133,0.988378882
26968721452210,105022,-0.711940467,0.147693142,-0.962477744,0.0801026747,-0.110688612,0.0649700612,0.988489032
26968738177210,105039,-0.7109496,0.145426571,-0.962469816,0.0771593824,-0.111640811,0.0660381839,0.988545299
26968754785179,105056,-0.709274471,0.14314276,-0.962675393,0.0740919709,-0.113274254,0.0668097883,0.988542318
26968771443304,105072,-0.707193792,0.141032949,-0.963013589,0.071062088,-0.11564441,0.0672061294,0.988463461
26968788116950,105089,-0.704461575,0.138853252,-0.963491559,0.067946814,-0.118847214,0.0671540499,0.988306105
26968804780804,105105,-0.701363921,0.136847839,-0.964014828,0.0652250946,-0.122435085,0.0666162968,0.988087833
26968821459398,105122,-0.697614193,0.134780064,-0.96455431,0.0625766963,-0.127019167,0.0656680688,0.987743914
26968838359710,105139,-0.693457246,0.132760704,-0.965320468,0.0604326539,-0.132384628,0.0644890592,0.987250447
26968854777731,105155,-0.689277112,0.130900085,-0.966107965,0.0590516105,-0.138005182,0.0633688793,0.986636698
26968871543981,105172,-0.684387326,0.128973961,-0.966982901,0.0581712015,-0.144496158,0.0626276135,0.985806644
26968888111637,105188,-0.679257751,0.127160057,-0.967707813,0.0578097031,-0.151160583,0.0627694577,0.984819114
26968904929554,105205,-0.67329067,0.125149131,-0.968270838,0.0576908812,-0.158978686,0.0639476925,0.983518362
26968922067522,105222,-0.666901886,0.123093769,-0.968740284,0.057239078,-0.167761847,0.0657621399,0.981964886
26968938161741,105238,-0.660722554,0.121171594,-0.968980372,0.0562518984,-0.176806837,0.0674874261,0.980316579
26968954989241,105255,-0.653841436,0.11912486,-0.969120204,0.0545732901,-0.186997399,0.0690475106,0.978410125
26968971448043,105271,-0.647036433,0.117117494,-0.969016492,0.0523850322,-0.197028488,0.0704348609,0.976460218
26968988160075,105287,-0.639925897,0.114943169,-0.968755543,0.050008107,-0.207287952,0.0719840676,0.974345505
26969004803929,105304,-0.632063866,0.112481542,-0.968421817,0.0473441817,-0.218402371,0.0737138465,0.971918344
26969021464762,105321,-0.62408042,0.109944917,-0.967945755,0.0442984104,-0.229783535,0.0751426145,0.969324887
26969038115491,105337,-0.61645323,0.107478738,-0.967484534,0.0413051657,-0.240507245,0.0758901611,0.966794133
26969054779450,105353,-0.608727813,0.10497833,-0.966822922,0.0383962691,-0.251257122,0.0762052014,0.964151621
26969071447470,105371,-0.599977195,0.102086283,-0.965975165,0.035224583,-0.263773113,0.0765084997,0.960900366
26969088125491,105387,-0.592251539,0.0994698852,-0.965222776,0.0323662311,-0.275348812,0.0768522844,0.957720876
26969104776585,105403,-0.584681571,0.0969444439,-0.96435672,0.0292677768,-0.286844045,0.0768631324,0.954440176
26969121466429,105420,-0.576856554,0.0944395587,-0.963419497,0.0254543088,-0.298590899,0.076311186,0.950984836
26969138108304,105437,-0.569304228,0.0922160149,-0.962436676,0.0210907925,-0.309856385,0.0756268278,0.94753623
26969154782106,105453,-0.562378407,0.0903231129,-0.96155715,0.0167794395,-0.319859535,0.0753896236,0.944311798
26969171463981,105470,-0.555276692,0.0885854512,-0.960567594,0.0120765343,-0.329700291,0.0755543262,0.940980077
26969188112835,105486,-0.548873425,0.0872800201,-0.959583998,0.00767381303,-0.33823362,0.0758853853,0.937966228
26969204775231,105503,-0.542332292,0.0862197354,-0.958590209,0.00351820281,-0.346794397,0.0763993859,0.93481791
26969221477418,105519,-0.536499262,0.0856187865,-0.957610846,0.0002411038,-0.354756057,0.0770614147,0.931777716
26969238127106,105536,-0.530608356,0.0853637084,-0.956703126,-0.00252898782,-0.36336568,0.0779561698,0.928375959
26969254796897,105552,-0.525341809,0.0855688751,-0.955957115,-0.00431003701,-0.371510327,0.0789741203,0.925053835
26969271485752,105569,-0.519998014,0.086359024,-0.955263317,-0.00562932715,-0.38004753,0.080195792,0.921466768
26969288109189,105586,-0.514882028,0.0877670497,-0.954698145,-0.00668015331,-0.388459563,0.081797637,0.917803705
26969304784606,105602,-0.510231256,0.0896614343,-0.954208493,-0.00734537188,-0.396129966,0.0838992596,0.914323866
26969321446324,105618,-0.50567174,0.0920437425,-0.953772545,-0.00770590268,-0.403476149,0.0865943357,0.910850823
26969338192783,105636,-0.500720143,0.0953130722,-0.953238606,-0.00754472706,-0.411311746,0.0903191343,0.906977534
26969354780595,105652,-0.496437371,0.0986532122,-0.952714741,-0.0067420844,-0.418142766,0.0943341553,0.903444707
26969371439658,105668,-0.492325515,0.102360725,-0.952131569,-0.00550652947,-0.425277591,0.099228248,0.899590135
26969388116168,105685,-0.488185376,0.106665172,-0.95137918,-0.0040397495,-0.433480978,0.105832718,0.894917607
26969404782106,105701,-0.484404892,0.110948756,-0.950490415,-0.00291629671,-0.44185099,0.113751516,0.88984257
26969421536012,105718,-0.48054415,0.115682662,-0.949303269,-0.00297764991,-0.451747268,0.124475159,0.883414745
26969438111949,105734,-0.4770163,0.120155841,-0.947918534,-0.00483264495,-0.46213913,0.13710916,0.876130819
26969454780439,105751,-0.473474205,0.12489517,-0.946111143,-0.00918654632,-0.47413525,0.152749225,0.867051959
26969471468720,105768,-0.470117897,0.129620045,-0.94402343,-0.0165055878,-0.487318724,0.169984594,0.856360495
26969488110283,105784,-0.467136294,0.134082988,-0.941882372,-0.0261356831,-0.501216769,0.187649176,0.844326019
26969504800960,105800,-0.464402735,0.138553724,-0.939614534,-0.0381199531,-0.516417503,0.206504837,0.830190122
26969521444606,105818,-0.461495101,0.143393457,-0.937004983,-0.0541219264,-0.534615099,0.228482679,0.811820984
26969538109449,105834,-0.459066093,0.147509307,-0.934719801,-0.0704218447,-0.551679432,0.248517379,0.793050945
26969555084918,105851,-0.456550032,0.15161325,-0.932280362,-0.0892938673,-0.570343077,0.270284027,0.770507634
26969571446272,105867,-0.45431149,0.155293733,-0.929875672,-0.107744135,-0.588000655,0.291046321,0.746952891
26969588129553,105884,-0.452063292,0.159011751,-0.927271187,-0.127680361,-0.606787384,0.313653082,0.719116628
26969605471897,105901,-0.449770093,0.162325427,-0.924717724,-0.147693232,-0.625274718,0.337323397,0.688063383
26969621915543,105917,-0.447640598,0.165102676,-0.922392666,-0.166927353,-0.64156878,0.360560358,0.656141043
26969638512158,105934,-0.445465803,0.167788833,-0.919761956,-0.188179448,-0.656607926,0.385396928,0.620422244
26969654778720,105950,-0.443692088,0.170077592,-0.917284191,-0.2092143,-0.668367565,0.408213258,0.585556328
26969671536220,105966,-0.442053407,0.172067016,-0.915059507,-0.231224477,-0.678025961,0.430068225,0.549415529
26969688113460,105983,-0.440414608,0.173876524,-0.912976325,-0.255316406,-0.686166942,0.451333493,0.510182858
26969704821637,105999,-0.439126998,0.175239518,-0.911316156,-0.278210044,-0.692186892,0.468188256,0.473578185
26969721492366,106016,-0.438075006,0.176399738,-0.909954667,-0.301545471,-0.697487116,0.481949031,0.436242074
26969738125647,106033,-0.437148571,0.177225783,-0.909152865,-0.322072119,-0.702219844,0.493034333,0.400092602
26969754795647,106049,-0.436115474,0.177549958,-0.90866673,-0.337744951,-0.706179142,0.50309664,0.366241992
26969771442783,106065,-0.434946328,0.177363425,-0.908280611,-0.350271285,-0.709721088,0.512537718,0.333033234
26969788116064,106083,-0.433637947,0.176729769,-0.907898128,-0.361519039,-0.713010788,0.521118462,0.298923403
26969804807783,106099,-0.432539374,0.175994173,-0.907634556,-0.369715273,-0.715332508,0.526736856,0.27232039
26969821450855,106115,-0.431458771,0.175035566,-0.907588005,-0.376842588,-0.717317939,0.531204879,0.247519761
26969838115439,106132,-0.430310011,0.173950329,-0.907767475,-0.383509904,-0.718755424,0.535095334,0.22357057
26969854784085,106149,-0.429113179,0.172782093,-0.908159375,-0.389719635,-0.719334543,0.538326085,0.202191427
26969871463980,106165,-0.427895278,0.171704292,-0.908738494,-0.395707756,-0.718848646,0.540791154,0.184978604
26969888164293,106182,-0.426426917,0.170623779,-0.90944612,-0.401949078,-0.716448128,0.54424578,0.170104578
26969904788876,106198,-0.424857795,0.169547752,-0.910059452,-0.407175481,-0.712270796,0.549359739,0.158374205
26969921450283,106215,-0.423061311,0.168299735,-0.910707712,-0.411772847,-0.706424832,0.556227624,0.148384258
26969938115751,106231,-0.421262145,0.166903049,-0.911421239,-0.415056586,-0.700197399,0.563262761,0.142080054
26969954812053,106248,-0.419302672,0.165101066,-0.91221863,-0.417397439,-0.693678677,0.570423901,0.138585567
26969971512678,106265,-0.41747123,0.162796825,-0.913075447,-0.418590784,-0.687971473,0.576693654,0.137482449
26969988116533,106281,-0.415885359,0.160141438,-0.913986087,-0.419029981,-0.683462501,0.58163923,0.137799472
26970004798408,106298,-0.414195538,0.156955749,-0.915186763,-0.419566214,-0.679359376,0.585575283,0.13977401
26970021455543,106314,-0.412715316,0.153712884,-0.916529298,-0.421183616,-0.676076472,0.587273121,0.143650129
26970038148147,106331,-0.411297441,0.150192931,-0.917881012,-0.424453557,-0.673080385,0.587066412,0.148845509
26970054829032,106347,-0.410120398,0.146724105,-0.919290841,-0.428944439,-0.670524836,0.585452259,0.153781831
26970071450491,106364,-0.408909887,0.143128917,-0.920681715,-0.43456623,-0.667924762,0.582788885,0.159329653
26970088134189,106380,-0.407660216,0.13989085,-0.921780884,-0.439927012,-0.66616565,0.579337239,0.164487153
26970104810439,106397,-0.406270772,0.13644129,-0.923212349,-0.445340812,-0.665594995,0.574293852,0.1698277
26970121453199,106414,-0.404678077,0.133215368,-0.924514711,-0.450048715,-0.666379869,0.568180561,0.174828097
26970138110647,106430,-0.403007329,0.130461127,-0.925942481,-0.453802377,-0.668294549,0.561653614,0.178860664
26970154793460,106447,-0.401207805,0.12803188,-0.927532732,-0.457017094,-0.670921981,0.554716349,0.182452604
26970171771689,106464,-0.399515063,0.126203746,-0.929172218,-0.459286064,-0.673063397,0.549331069,0.185141817
26970188182001,106480,-0.398086429,0.125064373,-0.931293309,-0.46081841,-0.67469877,0.545728505,0.186033368
26970204783616,106496,-0.396869123,0.124553792,-0.933989644,-0.461902678,-0.676085472,0.543528199,0.184746832
26970221467522,106513,-0.395835012,0.124677852,-0.937851667,-0.462934494,-0.677307844,0.542402685,0.180956259
26970238181428,106529,-0.394771397,0.125325844,-0.94210875,-0.464733273,-0.6783095,0.541179895,0.176191643
26970254785282,106546,-0.393585563,0.126210541,-0.947561443,-0.468145341,-0.679429829,0.538254976,0.171746105
26970271482887,106563,-0.392217934,0.127215698,-0.953661323,-0.472610176,-0.681198001,0.53312856,0.168472052
26970288114605,106579,-0.390678942,0.128237098,-0.959786355,-0.47664234,-0.683642924,0.527258039,0.165660486
26970304800959,106595,-0.388998926,0.129054308,-0.966820538,-0.479605854,-0.686967075,0.521325588,0.162093058
26970321456272,106613,-0.386778414,0.129741699,-0.975317776,-0.481188893,-0.691629112,0.515220463,0.157017231
26970338109814,106629,-0.384882122,0.12978296,-0.983778775,-0.481757134,-0.695708632,0.510938883,0.151132792
26970354846012,106645,-0.382880151,0.129445463,-0.992824554,-0.482553482,-0.698732138,0.508184612,0.143749669
26970371445334,106662,-0.38065207,0.128682971,-1.00304317,-0.484631211,-0.700073183,0.506994486,0.134114712
26970388119345,106678,-0.378456622,0.127630234,-1.0130738,-0.488255233,-0.699886918,0.506463349,0.123531282
26970404790439,106695,-0.375869066,0.126271576,-1.02370393,-0.493154854,-0.69876492,0.506253421,0.110604703
26970421522366,106712,-0.373138547,0.124401778,-1.0347991,-0.497980267,-0.697504878,0.506281853,0.0958187506
26970438921116,106729,-0.369810432,0.122030988,-1.04594326,-0.502098382,-0.696562529,0.506450713,0.0787750781
26970454810959,106745,-0.36623624,0.119223677,-1.05688763,-0.504522085,-0.696160614,0.50704515,0.0610178076
26970471446793,106762,-0.361930788,0.115560398,-1.06870747,-0.504651427,-0.69708854,0.507667601,0.0408419706
26970488133564,106778,-0.357513756,0.1114932,-1.07979679,-0.502768934,-0.699450314,0.507484257,0.0212720186
26970504806064,106794,-0.352847815,0.106802672,-1.0911957,-0.499674737,-0.702737391,0.506441474,0.00155416585
26970521479553,106811,-0.347538054,0.101242192,-1.10340905,-0.495853424,-0.70643121,0.504665911,-0.0199149176
26970538108720,106828,-0.342000604,0.0950073898,-1.11591756,-0.491812378,-0.710121751,0.502074122,-0.0420635715
26970554795803,106844,-0.33662498,0.0886186808,-1.12795115,-0.487723589,-0.714220047,0.49814263,-0.0622046366
26970571446584,106861,-0.330939531,0.0813656747,-1.14120007,-0.482983321,-0.719943464,0.491735816,-0.0812680423
26970588138095,106877,-0.325517952,0.0738987699,-1.15402853,-0.477193028,-0.725987315,0.485408872,-0.098018229
26970604995647,106894,-0.31952557,0.0651944727,-1.16772056,-0.469007075,-0.732393146,0.479779035,-0.115951538
26970621502678,106910,-0.313835144,0.0562585741,-1.18067956,-0.460297495,-0.738078117,0.475222707,-0.132402286
26970638121584,106927,-0.307811081,0.0461356267,-1.19430292,-0.450678945,-0.743468106,0.47109592,-0.149038047
26970654830803,106943,-0.302044451,0.0360404402,-1.20709085,-0.441348135,-0.747934818,0.467717111,-0.164457008
26970671446324,106960,-0.295728981,0.0247260705,-1.22081721,-0.431839406,-0.751799703,0.464454919,-0.180536941
26970688132470,106976,-0.289832175,0.0136394948,-1.23354328,-0.423891068,-0.754387319,0.461660683,-0.195155308
26970704815178,106993,-0.283792377,0.00154429674,-1.24654019,-0.416173249,-0.755804777,0.459694803,-0.210332334
26970721445491,107010,-0.277985096,-0.0106639899,-1.25884676,-0.408367604,-0.756230235,0.45894134,-0.225221202
26970738136584,107026,-0.272640228,-0.0222252905,-1.27003074,-0.400693655,-0.756198525,0.459120154,-0.23836346
26970754780438,107043,-0.267192841,-0.0344892628,-1.28131795,-0.392175108,-0.756020248,0.460225224,-0.250648975
26970771498511,107059,-0.262263924,-0.0458762497,-1.29137206,-0.384203494,-0.755508006,0.461917222,-0.2612046
26970788117991,107076,-0.257040709,-0.0576744042,-1.301705,-0.376533896,-0.754489779,0.463526487,-0.272232652
26970804780386,107092,-0.252242029,-0.0683583096,-1.3109839,-0.370346695,-0.753693044,0.463903576,-0.282105684
26970821494553,107108,-0.247482851,-0.0786252916,-1.31986511,-0.364698023,-0.753518224,0.463053614,-0.29118216
26970838131636,107126,-0.242177442,-0.0895944238,-1.32909632,-0.358064532,-0.754009485,0.461283118,-0.300794661
26970854788563,107142,-0.237478971,-0.0989046395,-1.33677185,-0.351572484,-0.754611969,0.459598899,-0.309397012
26970871449761,107158,-0.232662186,-0.107757509,-1.34394646,-0.344246656,-0.755628824,0.457275271,-0.318463087
26970888109709,107176,-0.226969525,-0.117082044,-1.35138798,-0.334261954,-0.758187592,0.452796847,-0.329234868
26970904831688,107192,-0.221605629,-0.124839127,-1.35762632,-0.322972029,-0.762088001,0.446956545,-0.339324206
26970921462418,107208,-0.215999842,-0.131976515,-1.36332023,-0.309239805,-0.767347991,0.439701945,-0.349585414
26970938280595,107225,-0.209784955,-0.138859481,-1.36904895,-0.292364568,-0.774147928,0.430250674,-0.360696912
26970955044293,107242,-0.203473493,-0.145028323,-1.37441897,-0.274218619,-0.781632125,0.419093281,-0.371774465
26970971447574,107258,-0.197638392,-0.150167778,-1.37910604,-0.257079899,-0.788848221,0.407137424,-0.381926119
26970988155074,107274,-0.191964418,-0.154793516,-1.38365984,-0.240732491,-0.79607147,0.393700719,-0.39155829
26971004778459,107292,-0.186070576,-0.159441024,-1.38829863,-0.224006966,-0.803815603,0.378394991,-0.400647819
26971021864657,107308,-0.181257173,-0.163210601,-1.39200544,-0.209791556,-0.810392439,0.365425527,-0.40708217
26971038117105,107324,-0.176704824,-0.166750193,-1.3951267,-0.195190683,-0.816509843,0.353612155,-0.412517667
26971054778980,107341,-0.172245055,-0.170458198,-1.39781189,-0.179528251,-0.821934223,0.342679292,-0.418048799
26971071469084,107358,-0.168100774,-0.174172133,-1.39999306,-0.164452747,-0.825826943,0.333287537,-0.424127996
26971088114865,107374,-0.164464116,-0.17764014,-1.40143919,-0.151564494,-0.82833302,0.325793117,-0.429827273
26971104809761,107390,-0.161219656,-0.181255639,-1.40254211,-0.140501812,-0.829819739,0.319932342,-0.435088247
26971121494917,107407,-0.158196688,-0.185202435,-1.40326393,-0.131285518,-0.830361605,0.315431803,-0.440189272
26971138112574,107424,-0.155630499,-0.189207166,-1.40370941,-0.124671012,-0.830091655,0.312287033,-0.44483909
26971154788147,107440,-0.153525129,-0.193017662,-1.40401244,-0.120126523,-0.829493642,0.310019225,-0.448773891
26971171486428,107456,-0.151659042,-0.196863607,-1.40416837,-0.1162659,-0.828927994,0.308189988,-0.452083677
26971188169761,107474,-0.149735481,-0.200920463,-1.4041599,-0.112058029,-0.828800499,0.305952996,-0.454890639
26971204785230,107490,-0.148600653,-0.203183547,-1.40440929,-0.114390001,-0.831894696,0.300014406,-0.452611953
26971221450855,107506,-0.147968531,-0.204328254,-1.40537536,-0.12222904,-0.837285995,0.290388316,-0.446863472
26971238118407,107523,-0.147004172,-0.204946369,-1.40642834,-0.129351944,-0.841943502,0.28183043,-0.441555172
26971254780022,107540,-0.14573288,-0.204954848,-1.4068867,-0.12883459,-0.844319046,0.27698946,-0.440231711
26971271479188,107556,-0.14467591,-0.204662561,-1.40717983,-0.124062859,-0.845327497,0.273441404,-0.441882074
26971288272886,107573,-0.144130051,-0.204493821,-1.40754461,-0.120666631,-0.846030176,0.270002514,-0.443588883
26971304783095,107589,-0.14421846,-0.204700619,-1.4080292,-0.119126499,-0.846636117,0.266290069,-0.445090681
26971321458407,107606,-0.144613713,-0.20494774,-1.40823662,-0.118066415,-0.847586572,0.262886673,-0.445587158
26971338109188,107622,-0.145466387,-0.20540987,-1.40834272,-0.116435438,-0.849002242,0.260008931,-0.44500947
26971354785542,107639,-0.146641985,-0.206052125,-1.40841186,-0.113936096,-0.850568891,0.256084263,-0.444940537
26971371448667,107656,-0.147781685,-0.206391767,-1.40808761,-0.110483848,-0.851921976,0.250883907,-0.446183264
26971388110386,107672,-0.149157435,-0.20660457,-1.40777266,-0.107244812,-0.85306716,0.245598197,-0.447723746
26971404777105,107689,-0.150758341,-0.206821784,-1.4075948,-0.104576543,-0.85407728,0.240861148,-0.449000806
26971421466949,107705,-0.152349472,-0.207285285,-1.407812,-0.101890922,-0.854892194,0.23650685,-0.450379938
26971438218199,107722,-0.153713137,-0.20767644,-1.40791464,-0.0988799036,-0.855689645,0.2317736,-0.451994479
26971454822469,107739,-0.154662311,-0.207722858,-1.40764081,-0.0957766622,-0.856786609,0.225945175,-0.453533143
26971471468094,107755,-0.155490652,-0.207766712,-1.40723658,-0.0924228504,-0.857785463,0.219834328,-0.455340594
26971488112886,107771,-0.156121299,-0.20792152,-1.40679646,-0.0891399235,-0.858436346,0.214389786,-0.45735991
26971504792417,107788,-0.156705737,-0.208297193,-1.40665126,-0.0862616599,-0.859136224,0.208349288,-0.459384918
26971521450490,107805,-0.157017261,-0.208553106,-1.40639114,-0.0835529193,-0.85977608,0.202983797,-0.461087465
26971538126428,107821,-0.157272831,-0.20877713,-1.40617335,-0.080814451,-0.860545516,0.197709054,-0.46243
26971554784032,107837,-0.157487124,-0.20896104,-1.40591645,-0.0783256814,-0.861462712,0.192345515,-0.463411629
26971571445490,107855,-0.157596976,-0.209020644,-1.40546083,-0.0756294951,-0.862846196,0.185831532,-0.463943213
26971588115126,107871,-0.157932878,-0.209196299,-1.40511799,-0.0729054138,-0.864284098,0.179797858,-0.464080393
26971604778042,107887,-0.158093363,-0.209266037,-1.40475965,-0.069834359,-0.865713894,0.173542634,-0.464269042
26971622295282,107905,-0.158634111,-0.209354088,-1.404513,-0.0656599998,-0.867057621,0.166170493,-0.46506694
26971638418146,107920,-0.159114435,-0.209441662,-1.40429223,-0.0617730133,-0.868007302,0.159645066,-0.466112584
26971654780959,107937,-0.159668416,-0.209562063,-1.403862,-0.0571004339,-0.869086385,0.15151751,-0.467408806
26971671450907,107954,-0.160379112,-0.209716246,-1.40340233,-0.0520138815,-0.87024641,0.142616063,-0.468643188
26971688167678,107970,-0.160714343,-0.209680602,-1.40293527,-0.0467361249,-0.871536672,0.1335053,-0.469484746
26971704801688,107986,-0.161532551,-0.209852442,-1.40247488,-0.0410592295,-0.873029947,0.123782977,-0.469905078
26971721485282,108004,-0.162433088,-0.210025549,-1.40197301,-0.0345842242,-0.874618351,0.113380022,-0.470097512
26971738105646,108020,-0.163106367,-0.210046574,-1.40172887,-0.0292785224,-0.8758111,0.106085844,-0.469939917
26971754780751,108036,-0.163582519,-0.210011035,-1.40174258,-0.0246908367,-0.876809359,0.101114511,-0.469437599
26971771443615,108053,-0.163651437,-0.209895656,-1.40187693,-0.020915797,-0.877673447,0.0979497731,-0.468676597
26971788223355,108069,-0.163811356,-0.209918544,-1.40211236,-0.0189353712,-0.878382862,0.0969437957,-0.467639863
26971804790021,108086,-0.163774669,-0.209997281,-1.40246689,-0.0180943608,-0.879043758,0.0974355638,-0.466327101
26971821540178,108103,-0.163998038,-0.210312814,-1.40284407,-0.0173104722,-0.879589617,0.0978785604,-0.465233654
26971838161219,108119,-0.164081395,-0.210507914,-1.40304875,-0.0165287256,-0.879975319,0.0984712914,-0.464406848
26971854779344,108136,-0.163807034,-0.210495219,-1.40321732,-0.0158867091,-0.880501628,0.0977039859,-0.463593155
26971871454188,108152,-0.163881198,-0.210618779,-1.40325737,-0.0150835663,-0.881048918,0.096003212,-0.462934971
26971888136636,108169,-0.163735732,-0.210708231,-1.40322125,-0.0136139765,-0.8818174,0.0927965194,-0.462170601
26971904803251,108185,-0.163709939,-0.210816294,-1.40310633,-0.0119974269,-0.882704079,0.0887232274,-0.461321712
26971921466688,108201,-0.163906187,-0.210959405,-1.40291369,-0.0101875113,-0.883577943,0.0838913545,-0.460595906
26971938109865,108219,-0.164408445,-0.211082235,-1.40263975,-0.00744004408,-0.884439588,0.0773648322,-0.46013692
26971955005282,108235,-0.164843962,-0.211153865,-1.40235901,-0.00460228696,-0.885089397,0.0711028874,-0.459934741
26971971453355,108251,-0.165079355,-0.211139143,-1.40209031,-0.00158321718,-0.885711253,0.0642015561,-0.459773034
26971988111844,108269,-0.165830761,-0.211177379,-1.40174115,0.00181679358,-0.886409342,0.0557938479,-0.459523976
26972004838719,108285,-0.166286051,-0.211044207,-1.40137792,0.00467835367,-0.886954844,0.0479183719,-0.459339947
26972021607209,108301,-0.16687198,-0.210879773,-1.4009068,0.00712803053,-0.887307227,0.0400500074,-0.459381193
26972038241271,108317,-0.167311147,-0.210670397,-1.40047133,0.0088228276,-0.887359679,0.032747753,-0.459828883
26972054779292,108335,-0.167493939,-0.210245907,-1.39993703,0.00948687829,-0.887070537,0.0263291169,-0.460784882
26972071447469,108351,-0.167553991,-0.209941894,-1.39951599,0.00888810493,-0.886692524,0.0223814249,-0.461732179
26972088141375,108367,-0.167100951,-0.209821984,-1.39929795,0.00778131327,-0.88613981,0.0201222859,-0.46291551
26972104793146,108385,-0.16683057,-0.209880322,-1.39910662,0.00584863359,-0.885311007,0.018843377,-0.464580745
26972121494709,108401,-0.166551709,-0.209961191,-1.39895129,0.00356145878,-0.884476542,0.0181777347,-0.466216832
26972138115959,108417,-0.166206196,-0.210079491,-1.39872956,0.0010812938,-0.883666992,0.0177561566,-0.467777967
26972154786115,108434,-0.165823549,-0.21022746,-1.39855242,-0.00136066682,-0.882879376,0.017540291,-0.469270289
26972171490959,108450,-0.16537714,-0.210359469,-1.39845228,-0.00310764555,-0.882189691,0.0174001455,-0.470562369
26972188132209,108467,-0.165202796,-0.21050784,-1.3983376,-0.00430690777,-0.881558776,0.0171468277,-0.471743196
26972204783302,108484,-0.164999142,-0.210591435,-1.39832377,-0.00496888487,-0.881111085,0.0167775732,-0.472585589
26972221693615,108500,-0.164954707,-0.210734606,-1.39834404,-0.00504671782,-0.880875826,0.0163834374,-0.473037064
26972238163459,108516,-0.164838642,-0.210851774,-1.39847672,-0.00462420844,-0.880899906,0.0161695406,-0.473003715
26972254806375,108533,-0.164774626,-0.210866541,-1.39875782,-0.00374931796,-0.881271601,0.016260555,-0.47231546
26972271448042,108550,-0.165075824,-0.21088843,-1.3990624,-0.00246872497,-0.881858408,0.0166190248,-0.47121498
26972288378980,108566,-0.165076405,-0.210906923,-1.39944279,-0.00103504362,-0.882425845,0.0170874204,-0.47014001
26972304818146,108583,-0.1650877,-0.210948855,-1.39979672,0.000490022183,-0.8829633,0.0176048689,-0.469111711
26972321448407,108599,-0.165222824,-0.211009622,-1.40005338,0.00176053483,-0.883399308,0.0180422012,-0.468270421
26972338111115,108616,-0.165552765,-0.210977957,-1.40016711,0.00282257563,-0.883773148,0.0183454528,-0.467547268
26972354879084,108633,-0.165647119,-0.210938781,-1.40031004,0.00346700824,-0.884043276,0.0185164046,-0.46702528
26972371495386,108649,-0.165338293,-0.210962176,-1.4005512,0.00362935057,-0.884159565,0.0186316594,-0.4667992
26972388180386,108665,-0.165311038,-0.210955128,-1.40061927,0.00342398998,-0.884093702,0.0185692012,-0.466928005
26972404786219,108682,-0.165182352,-0.21095401,-1.40063941,0.00284240022,-0.883831561,0.018285688,-0.467439115
26972421457157,108698,-0.165164858,-0.210943028,-1.40050828,0.00206009299,-0.883461297,0.017835319,-0.468160063
26972438244917,108716,-0.165054724,-0.210933805,-1.40037799,0.000992195914,-0.883003116,0.0172757097,-0.469048113
26972454887469,108732,-0.164916933,-0.210925877,-1.40028811,1.03847779e-05,-0.8826074,0.0168166403,-0.469810069
26972471479917,108748,-0.164862335,-0.210912153,-1.40018594,-0.000851612771,-0.882243097,0.0164349135,-0.470506489
26972488139865,108765,-0.164500952,-0.210931435,-1.40025532,-0.00158019643,-0.881929874,0.0161905494,-0.471099883
26972504784709,108782,-0.164485276,-0.210878968,-1.40020752,-0.00198684935,-0.88172096,0.0160037,-0.471495777
26972521451271,108798,-0.164470553,-0.210831881,-1.40022528,-0.0020619703,-0.881648242,0.0159257278,-0.471633971
26972539353354,108815,-0.164420247,-0.210773319,-1.40019345,-0.00184879452,-0.881713569,0.0159590915,-0.471511543
26972554838407,108831,-0.164432317,-0.21070528,-1.40016985,-0.00140840781,-0.881886899,0.0160849318,-0.471184492
26972571452157,108848,-0.164372385,-0.210678175,-1.40031064,-0.000756881898,-0.882142663,0.0163015388,-0.470699608
26972588158615,108865,-0.164396465,-0.210641667,-1.40042758,1.71731899e-05,-0.882421792,0.0165164769,-0.470169246
26972604779136,108881,-0.164217323,-0.210637763,-1.40066254,0.000743093435,-0.882675827,0.0167307276,-0.469683886
26972621472990,108897,-0.164210081,-0.210575283,-1.4006995,0.00138086418,-0.882900774,0.0168594774,-0.469254881
26972638146636,108914,-0.164215773,-0.210498989,-1.40068007,0.00185150048,-0.883078694,0.0169010013,-0.468916923
26972654825646,108930,-0.164193913,-0.210497409,-1.40079236,0.00206422876,-0.883177459,0.0168954842,-0.468730241
26972671469344,108948,-0.164188981,-0.2105093,-1.40089631,0.00204875786,-0.88317889,0.0168251283,-0.468730122
26972688125021,108964,-0.16402632,-0.210495397,-1.40095222,0.00183614809,-0.883077681,0.0167332795,-0.468924791
26972704796844,108980,-0.163966045,-0.210437104,-1.40091252,0.00146820454,-0.882917285,0.0165703632,-0.46923393
26972721481011,108997,-0.163744569,-0.21041213,-1.40092456,0.000926371547,-0.882711887,0.016354505,-0.469629079
26972738112052,109014,-0.163704365,-0.210317254,-1.40081429,0.000366094871,-0.882494807,0.0161049757,-0.470046252
26972754781688,109030,-0.163661674,-0.210226431,-1.40072441,-9.14318443e-05,-0.88230592,0.0158996228,-0.470407873
26972771446323,109046,-0.163568556,-0.210201457,-1.40072608,-0.000434327492,-0.8821522,0.0157475919,-0.470700979
26972788111323,109063,-0.163613409,-0.210151747,-1.40070641,-0.000637556077,-0.882052779,0.0156063233,-0.470891714
26972804811636,109080,-0.163539425,-0.210096836,-1.40072715,-0.000677270291,-0.882024705,0.0155316601,-0.470946729
26972821454969,109096,-0.163571298,-0.209995091,-1.40068853,-0.000557252089,-0.882065475,0.0154980347,-0.470871657
26972838119396,109113,-0.163489193,-0.209938765,-1.40075302,-0.000285037066,-0.882162929,0.0155374594,-0.470688075
26972854777573,109129,-0.16339615,-0.209900558,-1.40087438,6.60107544e-05,-0.8822878,0.015617392,-0.470451325
26972871446219,109146,-0.163452327,-0.209808066,-1.40094852,0.000485760829,-0.8824386,0.0157062486,-0.470165133
26972888117469,109163,-0.163423881,-0.209745795,-1.40103817,0.0008870358,-0.88257879,0.0158139486,-0.469897717
26972904790073,109179,-0.163506716,-0.209657118,-1.4010272,0.0011975239,-0.882688284,0.0158785097,-0.469689131
26972921449083,109195,-0.163514853,-0.209590673,-1.40103436,0.00139014772,-0.882759213,0.0159126148,-0.469554186
26972938108250,109213,-0.163639933,-0.209553018,-1.40105426,0.00148239965,-0.882791698,0.0158853568,-0.469493598
26972954851636,109229,-0.163704306,-0.209522992,-1.40106416,0.00144399412,-0.882771373,0.0158250257,-0.469534159
26972971451115,109245,-0.163658768,-0.209483936,-1.40103996,0.00129796274,-0.882703424,0.0157380197,-0.469665229
26972988193927,109261,-0.163701773,-0.209419161,-1.40095913,0.00108192442,-0.882608175,0.0156035936,-0.469849169
26973004780854,109278,-0.163615912,-0.209390476,-1.40094459,0.000802073744,-0.882495344,0.0154663641,-0.47006616
26973021497781,109295,-0.163671851,-0.209326833,-1.40091777,0.000542055466,-0.882386029,0.0153184086,-0.470276505
26973038115698,109311,-0.163652644,-0.209288254,-1.40091634,0.000341871142,-0.882293463,0.0152010787,-0.470454246
26973054806063,109328,-0.163628399,-0.209261298,-1.40089393,0.000186801568,-0.882226825,0.0151186576,-0.47058177
26973071466115,109345,-0.163676053,-0.209213391,-1.4008646,0.000135305789,-0.88219744,0.0150574455,-0.470638961
26973088113250,109361,-0.163619637,-0.209178329,-1.40090454,0.00017050677,-0.882204473,0.0150550688,-0.470625728
26973104811583,109377,-0.163679481,-0.209081575,-1.40093207,0.00029583904,-0.882241666,0.0150717599,-0.470555544
26973121443146,109395,-0.163683832,-0.209010944,-1.40098643,0.000491013285,-0.882309437,0.0151132122,-0.470426977
26973138114656,109411,-0.16378504,-0.208919257,-1.40098822,0.000699318596,-0.882376611,0.0151425237,-0.470299691
26973154788667,109428,-0.16385451,-0.208833784,-1.40100539,0.000919107988,-0.882450879,0.0151758827,-0.470158964
26973171454135,109444,-0.163838089,-0.20878692,-1.40105259,0.00109820755,-0.88250649,0.0152055593,-0.470053136
26973188164865,109460,-0.163918898,-0.2087024,-1.40106177,0.00121985096,-0.882546842,0.0152082238,-0.469976872
26973204779188,109478,-0.163988948,-0.208628505,-1.40105438,0.0012815356,-0.882561088,0.0151860835,-0.469950825
26973222342365,109495,-0.164095521,-0.208557069,-1.40100741,0.00126512069,-0.882544756,0.0151362959,-0.469983101
26973238114552,109510,-0.164070919,-0.208526969,-1.4009999,0.00118827797,-0.882508874,0.0150903137,-0.470052123
26973254781167,109526,-0.164161563,-0.208433002,-1.40098476,0.00107231236,-0.882460415,0.0150173474,-0.470145822
26973271461948,109544,-0.164295107,-0.208313048,-1.40095532,0.000909801282,-0.882395625,0.0149295526,-0.470270455
26973288111479,109560,-0.16425167,-0.208270133,-1.40094256,0.000771199702,-0.882336318,0.0148729002,-0.470383823
26973304818615,109576,-0.164351046,-0.208166942,-1.40087688,0.000667388027,-0.882283092,0.0148078986,-0.470485896
26973321456323,109593,-0.164373815,-0.208094448,-1.40084636,0.000584637746,-0.882246315,0.0147534199,-0.470556587
26973338113562,109610,-0.164506257,-0.207989529,-1.4008249,0.000564959424,-0.88223654,0.0147181256,-0.470575988
26973354802260,109626,-0.164633393,-0.207888901,-1.40081382,0.00061015744,-0.882244349,0.0146959536,-0.4705621
26973371446896,109643,-0.164654642,-0.207814991,-1.40080047,0.000699317025,-0.88226521,0.0147002656,-0.470522761
26973388171427,109659,-0.164737791,-0.207716003,-1.40076268,0.000804147217,-0.882297635,0.0147177018,-0.47046119
26973404797104,109676,-0.164752588,-0.20765622,-1.40076625,0.000917021185,-0.882337391,0.0147406654,-0.47038576
26973421458719,109693,-0.164879024,-0.207566962,-1.40075052,0.00103866658,-0.882375956,0.0147662023,-0.470312327
26973438134031,109709,-0.164960057,-0.207497761,-1.40073872,0.00112695852,-0.88240397,0.0147764198,-0.47025919
26973454779656,109725,-0.165018708,-0.207440719,-1.40071797,0.00117704307,-0.882418036,0.0147858346,-0.470232457
26973471490906,109743,-0.165129274,-0.207357273,-1.40067244,0.00119225855,-0.882418513,0.0147664752,-0.47023201
26973488113875,109759,-0.165118396,-0.207324982,-1.40066719,0.00116711995,-0.88240397,0.0147452075,-0.470260143
26973504794031,109775,-0.165162176,-0.207295284,-1.40066624,0.0011100733,-0.882384837,0.0147221209,-0.470296681
26973521450437,109791,-0.165190458,-0.20726569,-1.40065908,0.00104362948,-0.882358134,0.0146835716,-0.470348299
26973538110073,109809,-0.165255576,-0.207230598,-1.40059316,0.000952857954,-0.882317662,0.0146255177,-0.470426142
26973554781792,109825,-0.165296882,-0.207198352,-1.40054262,0.000882058928,-0.882280886,0.0145872282,-0.470496416
26973571430854,109841,-0.165336102,-0.207144335,-1.40052867,0.000835223647,-0.882262647,0.0145612136,-0.470531583
26973588109969,109858,-0.16542767,-0.207073405,-1.400509,0.000818186963,-0.882256627,0.0145402579,-0.470543593
26973604784396,109875,-0.165427357,-0.207036927,-1.40049911,0.000814370636,-0.882256985,0.0145274401,-0.470543325
26973621456010,109891,-0.165485501,-0.206988975,-1.40044737,0.000846714189,-0.882263482,0.014524064,-0.470531046
26973638141844,109908,-0.16554895,-0.206935361,-1.40039527,0.000913055905,-0.882275403,0.0145304427,-0.470508516
26973654803510,109924,-0.165620178,-0.206887841,-1.4003737,0.000976615003,-0.882297933,0.0145455813,-0.47046566
26973671445437,109941,-0.165729612,-0.206828028,-1.40034592,0.00104670913,-0.882325292,0.014551308,-0.470414072
26973688116375,109958,-0.165791616,-0.206785858,-1.40032291,0.00109954283,-0.882342815,0.0145561006,-0.470380872
26973704780385,109974,-0.165873021,-0.206747502,-1.40028965,0.0011417768,-0.882347941,0.0145578664,-0.470371068
26973721527573,109990,-0.16591379,-0.206713974,-1.40025878,0.00115547888,-0.882350445,0.0145463487,-0.470366716
26973738136687,110007,-0.165931553,-0.206703484,-1.40022373,0.00114003674,-0.882342041,0.0145309689,-0.470383048
26973754801062,110024,-0.165944129,-0.206689596,-1.40018761,0.00111197657,-0.882327676,0.0145016378,-0.470411003
26973771446114,110040,-0.165961519,-0.206677854,-1.40017283,0.0010693419,-0.882312775,0.0144782746,-0.470439732
26973788130594,110056,-0.165997699,-0.206677526,-1.40016603,0.00101867307,-0.88230437,0.0144575872,-0.470456123
26973804777833,110074,-0.166018039,-0.206658319,-1.40013337,0.000958486926,-0.882288039,0.0144283343,-0.470487922
26973821487364,110090,-0.16606392,-0.206623822,-1.40007377,0.000921220868,-0.882270753,0.0144018233,-0.470521182
26973838339760,110106,-0.166106552,-0.206589878,-1.4000169,0.000913483498,-0.882260025,0.0143861035,-0.470541626
26973854776948,110123,-0.166141137,-0.206572652,-1.40002465,0.000912637275,-0.882267773,0.0143887028,-0.470527172
26973871451687,110140,-0.166185185,-0.206554219,-1.40004039,0.000922590902,-0.882287025,0.0143947331,-0.470490754
26973888111166,110156,-0.166217417,-0.206526786,-1.40000355,0.000950862071,-0.882293642,0.0143998284,-0.470478296
26973904803719,110172,-0.166276291,-0.206496865,-1.39995766,0.0009939007,-0.882303357,0.0144136501,-0.470459461
26973921462833,110189,-0.166324392,-0.206466585,-1.3999089,0.00103289366,-0.882313311,0.0144215664,-0.470440418
26973938112833,110206,-0.166376054,-0.20647642,-1.399912,0.00106265675,-0.882339358,0.0144264083,-0.470391452
26973954786739,110222,-0.166424885,-0.206483081,-1.39990926,0.00107862684,-0.882356584,0.0144344727,-0.4703587
26973971442729,110239,-0.166481912,-0.206435055,-1.39985991,0.00109230424,-0.882357657,0.0144319441,-0.470356822
26973988194552,110255,-0.166554347,-0.206380039,-1.39981103,0.00109330087,-0.882357538,0.0144310575,-0.470357209
26974004788146,110272,-0.166606098,-0.206343934,-1.39976096,0.00107405044,-0.882353425,0.0144114513,-0.470365345
26974022167208,110289,-0.166652262,-0.206336647,-1.39975071,0.00104813953,-0.882355213,0.014397365,-0.470362574
26974038126948,110305,-0.166690975,-0.206322595,-1.39972317,0.00102343585,-0.88234818,0.0143858828,-0.470376194
26974054778354,110322,-0.166729897,-0.206297889,-1.39965844,0.000992074027,-0.88233608,0.0143608311,-0.470399678
26974071452208,110338,-0.16678372,-0.206281692,-1.39960599,0.000968165288,-0.882329762,0.0143483737,-0.470412016
26974088119916,110355,-0.166839972,-0.206268847,-1.39957166,0.000950310496,-0.8823331,0.0143367993,-0.470406055
26974104796896,110371,-0.166891575,-0.206262052,-1.39957106,0.000957126729,-0.882343352,0.0143366205,-0.470386952
26974121669864,110388,-0.166945398,-0.206242278,-1.39954257,0.000975197123,-0.882352054,0.0143436752,-0.470370352
26974138118093,110405,-0.167032808,-0.206232399,-1.39954555,0.000987337204,-0.882369995,0.0143576218,-0.470336169
26974154864500,110421,-0.167124137,-0.206224561,-1.39955044,0.0010073242,-0.882389963,0.0143686337,-0.470298439
26974171449291,110437,-0.167185992,-0.20620206,-1.39951301,0.00103928905,-0.882395864,0.0143748615,-0.470287085
26974188113979,110454,-0.167255104,-0.206199095,-1.39953065,0.00106592767,-0.882415831,0.014396348,-0.470248908
26974204818145,110471,-0.167332366,-0.206181034,-1.39953351,0.00107243238,-0.882430792,0.0144063523,-0.470220476
26974221527000,110487,-0.167425811,-0.206134036,-1.39952838,0.00106926728,-0.882438064,0.0144054247,-0.470206887
26974238140854,110503,-0.167512625,-0.206085831,-1.39950466,0.00107938121,-0.882438302,0.0144003425,-0.470206469
26974254804291,110521,-0.167592108,-0.206041276,-1.39949882,0.00107820833,-0.88243866,0.0143914549,-0.470206171
26974271460020,110537,-0.167667419,-0.206001431,-1.3995111,0.00106154056,-0.882442713,0.0143871317,-0.470198691
26974288181323,110553,-0.167736739,-0.205957353,-1.39945507,0.00103631557,-0.882435977,0.0143759837,-0.470211625
26974304790281,110570,-0.16779311,-0.205927134,-1.39945447,0.0010251042,-0.882435203,0.0143744377,-0.470213234
26974321451323,110587,-0.167844176,-0.205903649,-1.39949763,0.00101709459,-0.882445931,0.0143802231,-0.470192969
26974338131583,110603,-0.167912066,-0.205867529,-1.39951015,0.00100809219,-0.88245523,0.0143831773,-0.470175445
26974354882781,110619,-0.167982519,-0.205830812,-1.39951968,0.000998122152,-0.882468045,0.0143921245,-0.470151216
26974371492937,110637,-0.168065757,-0.205779105,-1.39945412,0.00100779557,-0.882467449,0.0143857365,-0.470152378
26974388122885,110652,-0.168130651,-0.205758721,-1.39943349,0.00102208438,-0.882474422,0.0144001907,-0.470138937
26974404798510,110670,-0.168203115,-0.20575054,-1.39942455,0.00103199296,-0.882487357,0.014416242,-0.470114052
26974421455750,110686,-0.168250322,-0.205776095,-1.39945066,0.00104564964,-0.882506728,0.0144272279,-0.470077306
26974438130489,110702,-0.168307513,-0.205778867,-1.39944839,0.00105878618,-0.882519126,0.0144336233,-0.470053822
26974454802260,110719,-0.16836831,-0.205765039,-1.39943552,0.00106853317,-0.882528841,0.0144390911,-0.470035404
26974471454395,110736,-0.168412268,-0.205783755,-1.3994652,0.00106003683,-0.88254571,0.0144548034,-0.470003366
26974488316843,110752,-0.168469369,-0.205772579,-1.39943993,0.00104085018,-0.882548034,0.0144476267,-0.469999194
26974504842156,110769,-0.168508738,-0.205821335,-1.39944148,0.00102826476,-0.882549703,0.0144511927,-0.469995946
26974521458510,110786,-0.168559432,-0.205843836,-1.39942253,0.00102766999,-0.882548034,0.0144561119,-0.469998866
26974538133093,110802,-0.168585807,-0.20586887,-1.3994472,0.00100289239,-0.882556856,0.0144648189,-0.469982266
26974554783510,110818,-0.16860801,-0.205902621,-1.39948392,0.000978465076,-0.882566452,0.0144717917,-0.469963849
26974571527364,110835,-0.168636024,-0.205898449,-1.39948928,0.000965444546,-0.882570982,0.0144771161,-0.469955176
26974588388041,110852,-0.168637872,-0.205908656,-1.39952624,0.000966695719,-0.882579446,0.0144945607,-0.469938964
26974604779447,110868,-0.168667182,-0.205899104,-1.39952838,0.000968597247,-0.882586479,0.0144951586,-0.469925731
26974621461218,110885,-0.168676063,-0.205936268,-1.39959049,0.000964831037,-0.882602751,0.0145053184,-0.469894767
26974638114916,110901,-0.168697193,-0.205954939,-1.39962351,0.00096400961,-0.882613659,0.0145177552,-0.469873905
26974654784708,110918,-0.168738365,-0.205967486,-1.39961147,0.000972356123,-0.882616699,0.0145344352,-0.469867676
26974671475749,110935,-0.168773562,-0.205992073,-1.39960372,0.000977879856,-0.882623732,0.014543985,-0.469854146
26974688114187,110951,-0.168819845,-0.205978945,-1.39957786,0.000969717163,-0.882629573,0.0145434085,-0.469843298
26974704790697,110967,-0.168821841,-0.206026435,-1.39963746,0.000968545384,-0.882646799,0.0145536084,-0.469810545
26974721452052,110984,-0.168842822,-0.206054062,-1.39966476,0.00096291909,-0.882657886,0.0145700164,-0.469789326
26974738109187,111001,-0.168884084,-0.206027284,-1.39961934,0.000953430019,-0.882658839,0.0145761874,-0.46978724
26974754781062,111017,-0.168924809,-0.205999121,-1.39957452,0.000939137419,-0.882660031,0.0145748314,-0.469785094
26974771447052,111034,-0.168951094,-0.205994159,-1.39955437,0.000932894298,-0.8826617,0.0145741655,-0.469781935
26974788420489,111051,-0.168948203,-0.206021115,-1.39957178,0.000928616791,-0.882670999,0.0145839667,-0.469764322
26974804786531,111067,-0.168984652,-0.20602195,-1.39954615,0.000920462015,-0.882673144,0.0145834237,-0.469760329
26974821472520,111083,-0.16904062,-0.206118464,-1.39958549,0.000906536181,-0.882684648,0.0145824831,-0.469738662
26974839104083,111101,-0.169104829,-0.206200346,-1.39960742,0.000904707762,-0.882694602,0.0145905595,-0.469719768
26974854778145,111117,-0.169104263,-0.206280485,-1.39966154,0.000902556349,-0.882708728,0.0146108512,-0.469692618
26974871448562,111133,-0.169105917,-0.206369266,-1.3997215,0.000898105849,-0.882726014,0.0146264508,-0.469659656
26974888115749,111150,-0.169164568,-0.206383497,-1.39969397,0.000895807636,-0.882729352,0.0146243256,-0.469653457
26974904789760,111166,-0.169227779,-0.206423029,-1.39969027,0.00089515216,-0.882733405,0.0146328649,-0.4696455
26974921591843,111183,-0.169289976,-0.206436723,-1.39966083,0.000898527389,-0.882734716,0.014637202,-0.469642878
26974938115906,111199,-0.169270277,-0.206509486,-1.39973295,0.000893585035,-0.882748306,0.0146535486,-0.46961686
26974954783926,111216,-0.169250846,-0.206582472,-1.39980805,0.000892420765,-0.882760644,0.0146675669,-0.469593316
26974971461062,111232,-0.169262171,-0.206564829,-1.39977813,0.000889713992,-0.882764041,0.0146609703,-0.469586909
26974988118979,111249,-0.169250593,-0.206552252,-1.3997618,0.000878718332,-0.882769644,0.014663728,-0.469576508
26975004809447,111265,-0.169257104,-0.206544429,-1.39974105,0.000877203769,-0.882770538,0.0146673219,-0.46957466
26975021450124,111282,-0.169219494,-0.206584394,-1.39978039,0.000864656293,-0.882782042,0.0146689909,-0.469552875
26975038115853,111299,-0.169201136,-0.206605658,-1.39979804,0.000860669243,-0.882788718,0.0146698868,-0.469540387
26975054791791,111315,-0.169236511,-0.206594497,-1.39975858,0.000868061208,-0.882786751,0.0146714896,-0.469544113
26975071454708,111332,-0.169276983,-0.206591487,-1.39971626,0.000868192175,-0.882782042,0.0146746868,-0.469552755
26975088117728,111349,-0.169312358,-0.20657438,-1.39967477,0.000864762056,-0.882784009,0.0146742845,-0.46954906
26975104797416,111365,-0.169338152,-0.206545696,-1.39963794,0.000865672831,-0.882791698,0.0146716097,-0.469534755
26975121445176,111381,-0.169362366,-0.206520393,-1.39959812,0.000871554599,-0.882793307,0.0146683175,-0.469531745
26975138308458,111399,-0.169306457,-0.206584185,-1.39964795,0.000871021475,-0.882804036,0.0146780182,-0.46951139
26975154783614,111415,-0.169267461,-0.206628665,-1.39967728,0.000864091853,-0.882809579,0.0146844676,-0.46950075
26975171680333,111431,-0.169300765,-0.206597358,-1.39961278,0.000867070921,-0.882805169,0.0146821337,-0.469509095
26975188116583,111447,-0.169349894,-0.206556529,-1.39951599,0.000871870667,-0.882802546,0.0146734631,-0.469514191
26975204789968,111465,-0.169381604,-0.206534892,-1.39944935,0.000874014804,-0.882802606,0.0146773001,-0.469514132
26975222362260,111482,-0.169345409,-0.206584796,-1.3994993,0.000870484335,-0.882808983,0.0146814231,-0.469501913
26975238126270,111497,-0.169325724,-0.20661068,-1.39952338,0.000870021409,-0.882813811,0.0146764256,-0.469492972
26975254823718,111514,-0.169346929,-0.20661065,-1.39946985,0.000872811303,-0.882809579,0.0146750864,-0.469500929
26975271457937,111531,-0.169371352,-0.206613645,-1.39941537,0.000873696466,-0.882802546,0.014673084,-0.469514191
26975288113145,111547,-0.169372484,-0.206614017,-1.39940166,0.000865799724,-0.882806361,0.0146662584,-0.469507337
26975304823458,111564,-0.169335693,-0.206645727,-1.39943576,0.000859113468,-0.882815182,0.0146648996,-0.469490975
26975321450228,111580,-0.169327736,-0.206650659,-1.39942491,0.000857396051,-0.882812977,0.0146683175,-0.469494849
26975338116635,111597,-0.169373125,-0.206614017,-1.39933181,0.000853991776,-0.882812083,0.0146581242,-0.469496757
26975354780958,111613,-0.169419914,-0.20657742,-1.39924264,0.000847275252,-0.882814765,0.0146485856,-0.469492227
26975371442989,111630,-0.169421345,-0.206582218,-1.39921343,0.0008437293,-0.882811069,0.0146557596,-0.469498903
26975388144083,111646,-0.169388518,-0.206622243,-1.39922631,0.000842352514,-0.882809401,0.0146689685,-0.469501615
26975404800541,111663,-0.169383898,-0.206629485,-1.39919221,0.000848498952,-0.882807255,0.0146703739,-0.469505548
26975424368041,111683,-0.169424683,-0.20658423,-1.39901376,0.000839321583,-0.882812381,0.014648472,-0.469496548
26975438521947,111697,-0.169452071,-0.206552833,-1.39889634,0.000829435128,-0.882812202,0.0146377562,-0.469497383
26975454783353,111713,-0.169420123,-0.206587553,-1.39889908,0.000833366299,-0.882812738,0.0146455904,-0.469496101
26975471473666,111729,-0.169387937,-0.206626311,-1.39890289,0.000833613158,-0.882811546,0.0146498857,-0.469498098
26975488115905,111746,-0.1694161,-0.206601962,-1.39882159,0.000831690268,-0.882808447,0.0146509055,-0.469503939
26975505014343,111762,-0.169464052,-0.206560761,-1.3987155,0.00082144246,-0.882810652,0.0146468561,-0.469499975
26975521457312,111779,-0.169510126,-0.206517369,-1.3986094,0.000824582996,-0.882810771,0.0146434093,-0.469499856
26975538115749,111796,-0.169531018,-0.206509963,-1.39858699,0.000828451535,-0.882814467,0.0146488314,-0.469492644
26975554812989,111812,-0.169551194,-0.206506386,-1.39857399,0.000823823328,-0.882823706,0.0146526117,-0.469475299
26975571447520,111828,-0.169616133,-0.206466258,-1.39847648,0.00081919611,-0.882823169,0.0146486014,-0.469476432
26975588131166,111845,-0.169706613,-0.206410825,-1.39834714,0.000826299714,-0.882816136,0.014645054,-0.469489783
26975604813249,111862,-0.169754565,-0.206377536,-1.39825749,0.000829425233,-0.882816195,0.014642844,-0.469489634
26975621458926,111878,-0.169757634,-0.206374198,-1.39823401,0.000829557714,-0.882824004,0.0146453707,-0.469474822
26975638221218,111895,-0.169770971,-0.206359193,-1.39818883,0.000821757072,-0.882829785,0.01464641,-0.469464034
26975654781530,111912,-0.169832557,-0.206325471,-1.39810324,0.000823716691,-0.882828355,0.014643359,-0.469466686
26975671455593,111928,-0.169901133,-0.20629783,-1.39802468,0.000828768359,-0.882824957,0.0146448184,-0.469473124
26975688134916,111944,-0.169940859,-0.206285685,-1.39797139,0.000826879172,-0.882828355,0.0146351391,-0.469466954
26975704816322,111961,-0.169943333,-0.206330657,-1.39802527,0.0008179422,-0.882837474,0.0146370456,-0.469449788
26975721457624,111978,-0.169957832,-0.206350133,-1.39803171,0.000817870314,-0.882840037,0.0146440296,-0.469444841
26975738113718,111994,-0.170009106,-0.206327945,-1.39800262,0.000826831092,-0.882836759,0.0146581437,-0.469450563
26975754826426,112010,-0.17006211,-0.206304595,-1.39797735,0.000829378143,-0.882836282,0.014660133,-0.469451427
26975771448822,112028,-0.170053616,-0.206333563,-1.39804125,0.000819897687,-0.88284421,0.0146723967,-0.469436198
26975788114030,112044,-0.170034721,-0.206368119,-1.39812076,0.000823357143,-0.882855654,0.0146810021,-0.469414353
26975804781582,112060,-0.170069441,-0.206339478,-1.39807904,0.000828028657,-0.882851362,0.0146820946,-0.469422251
26975822109603,112078,-0.170136184,-0.20630081,-1.39805913,0.00083486439,-0.882849634,0.0146823516,-0.469425559
26975838133249,112093,-0.17018351,-0.206264898,-1.39802396,0.000830857432,-0.882848263,0.0146776559,-0.469428241
26975854787937,112110,-0.170187443,-0.206271723,-1.39804029,0.000831533223,-0.882849276,0.0146919917,-0.469425827
26975871449239,112127,-0.170184493,-0.206289172,-1.39807832,0.000839240616,-0.882852495,0.0147120161,-0.469419122
26975888144812,112143,-0.170211494,-0.206272975,-1.39807785,0.000843987858,-0.882851243,0.0147138191,-0.469421506
26975904778353,112160,-0.170239776,-0.206272602,-1.39813149,0.000841986912,-0.882852435,0.0147255883,-0.469418913
26975921445436,112177,-0.17026332,-0.206257939,-1.39814639,0.000840906228,-0.882853687,0.0147301415,-0.46941635
26975938135124,112193,-0.170252293,-0.206260636,-1.39817262,0.000843106245,-0.882854402,0.0147410063,-0.469414741
26975954781895,112209,-0.170248434,-0.206256703,-1.39818573,0.000837150379,-0.882857621,0.014745269,-0.469408512
26975971444968,112227,-0.170263618,-0.206244081,-1.39819276,0.000828155375,-0.882855177,0.0147409094,-0.46941328
26975988119186,112243,-0.170256346,-0.206257939,-1.39824951,0.000826242846,-0.882852435,0.0147547023,-0.469418108
26976004813926,112259,-0.170269817,-0.206234097,-1.39824784,0.00083083997,-0.882850647,0.0147541435,-0.469421387
26976021551218,112275,-0.170258,-0.206246719,-1.3983109,0.000831621292,-0.882855833,0.0147640025,-0.469411284
26976038186270,112292,-0.170247376,-0.206257969,-1.39837587,0.000831059704,-0.88286227,0.0147756776,-0.469398856
26976054779968,112309,-0.170221001,-0.206262901,-1.39843571,0.000831341837,-0.882861793,0.0147845102,-0.469399452
26976071449499,112325,-0.170166373,-0.206296682,-1.39854193,0.000828869233,-0.882858336,0.0148060285,-0.469405293
26976088112520,112342,-0.170153216,-0.20630376,-1.39860547,0.000829425291,-0.882857144,0.014816097,-0.469407171
26976104782989,112358,-0.170151889,-0.206317991,-1.39868176,0.000824229792,-0.882860541,0.0148121705,-0.469401032
26976121451061,112375,-0.170148641,-0.206318706,-1.39873457,0.000816114538,-0.882860661,0.0148219038,-0.469400465
26976138107363,112392,-0.170105249,-0.206340864,-1.3988167,0.000818429107,-0.882859111,0.0148333646,-0.469403028
26976154805124,112408,-0.170078009,-0.206347391,-1.39887238,0.000818556931,-0.882858455,0.0148387328,-0.469404042
26976171449082,112425,-0.170079336,-0.206351787,-1.39889991,0.000815000327,-0.882858455,0.0148354499,-0.469404191
26976188119291,112441,-0.170067608,-0.206392542,-1.39896047,0.000808938057,-0.882861674,0.0148476111,-0.469397724
26976204781322,112458,-0.170058042,-0.206391424,-1.39900279,0.000817558321,-0.882862806,0.0148497885,-0.469395638
26976221459499,112474,-0.169978738,-0.206404403,-1.39912939,0.000812419457,-0.882865846,0.0148704667,-0.46938923
26976238121686,112491,-0.169914603,-0.206404582,-1.39923382,0.000800516864,-0.882864356,0.0148829967,-0.469391525
26976254796582,112508,-0.16985774,-0.206423461,-1.39934373,0.000792327512,-0.882866919,0.0148885315,-0.469386667
26976271472416,112524,-0.169800341,-0.206440419,-1.39945483,0.000794632069,-0.882871985,0.0148984119,-0.469376624
26976288120124,112541,-0.169761509,-0.206431493,-1.39951599,0.000789777783,-0.882870257,0.0149063366,-0.469379812
26976304814291,112557,-0.169698119,-0.206446633,-1.39960468,0.000783767202,-0.882871568,0.0149147948,-0.469377041
26976321449291,112574,-0.169675857,-0.206423461,-1.39964545,0.000775998342,-0.882866144,0.0149187222,-0.469387174
26976338192832,112591,-0.169637889,-0.206439704,-1.39971662,0.000784584554,-0.882864773,0.0149244089,-0.469389588
26976354910593,112607,-0.169594944,-0.206467465,-1.39979529,0.000790082559,-0.882868111,0.0149267735,-0.46938321
26976371448822,112623,-0.169539914,-0.206497535,-1.39988482,0.000778939051,-0.882872283,0.0149263712,-0.469375372
26976388115957,112640,-0.169456184,-0.206552476,-1.40001202,0.000779666996,-0.882876575,0.0149283996,-0.469367206
26976404797468,112657,-0.169405833,-0.206564978,-1.40008068,0.000785825599,-0.882883191,0.014929927,-0.469354749
26976421457520,112673,-0.169350237,-0.206586882,-1.40013039,0.000781080278,-0.882887125,0.0149369752,-0.46934703
26976438838040,112691,-0.169312313,-0.206580549,-1.40016854,0.000780952629,-0.882888973,0.0149309346,-0.469343781
26976454777988,112706,-0.169227183,-0.206623703,-1.40028,0.000781602692,-0.882894993,0.0149370292,-0.469332218
26976471450697,112723,-0.169118732,-0.206686035,-1.40042663,0.000790075981,-0.88290447,0.0149503388,-0.469314009
26976488132415,112740,-0.16906774,-0.206697077,-1.40047109,0.00078093441,-0.882907331,0.014950051,-0.469308615
26976504784551,112756,-0.169016272,-0.206712335,-1.40049601,0.000770452665,-0.882908463,0.0149413487,-0.469306827
26976521469186,112772,-0.168971658,-0.206711903,-1.40053403,0.000769250561,-0.882909238,0.0149368746,-0.469305456
26976538115280,112790,-0.168864459,-0.206749976,-1.40065706,0.000771381136,-0.882915735,0.0149423881,-0.469293028
26976554796686,112806,-0.168787032,-0.206765562,-1.40074158,0.000774701766,-0.882917106,0.0149477012,-0.469290227
26976571470853,112822,-0.168753773,-0.206753492,-1.40075958,0.00076893263,-0.882917464,0.0149330311,-0.469290137
26976588116895,112838,-0.168710873,-0.206753016,-1.40077698,0.000766479352,-0.882920861,0.0149260042,-0.469283968
26976604824967,112856,-0.16866605,-0.206744805,-1.40080225,0.000766127836,-0.882920563,0.0149286706,-0.469284534
26976621475488,112872,-0.168614328,-0.206767917,-1.40085101,0.000762246782,-0.882925093,0.0149321621,-0.469275802
26976638116582,112888,-0.168567359,-0.20678027,-1.40089083,0.000760655443,-0.882929146,0.0149322636,-0.469268143
26976654805176,112906,-0.168526396,-0.206771955,-1.40088654,0.000761862495,-0.88293159,0.0149144232,-0.469264179
26976671449082,112922,-0.168488741,-0.206769168,-1.40087938,0.000764976023,-0.882931888,0.014912446,-0.469263643
26976688119290,112938,-0.16844517,-0.206772745,-1.40088534,0.000768521568,-0.882934034,0.0149107734,-0.469259679
26976704814186,112954,-0.168389499,-0.206797332,-1.40089858,0.000759408053,-0.882942319,0.0149029642,-0.469244301
26976721448822,112972,-0.168337658,-0.206795871,-1.40090835,0.000752662541,-0.882943034,0.0148943001,-0.469243199
26976738136895,112988,-0.168297589,-0.206773221,-1.40090704,0.000758210022,-0.882943809,0.0148905944,-0.469241887
26976754781322,113004,-0.168257803,-0.206749409,-1.4009068,0.000762043928,-0.882946849,0.0148866158,-0.469236404
26976771488770,113021,-0.168233097,-0.206750959,-1.40090537,0.000759915041,-0.882949531,0.0148813203,-0.469231516
26976788165540,113037,-0.16822058,-0.206768811,-1.40089869,0.000761179253,-0.88295573,0.0148720024,-0.469220012
26976804788405,113054,-0.168202743,-0.206759855,-1.40089011,0.000768209982,-0.882958055,0.0148585308,-0.469216108
26976821459811,113071,-0.168200329,-0.206741571,-1.40087247,0.000767533318,-0.882963538,0.0148576805,-0.469205916
26976838150853,113087,-0.168186411,-0.206719875,-1.40086114,0.00076341402,-0.88296473,0.0148533266,-0.4692038
26976854799759,113104,-0.168195695,-0.206728116,-1.40083575,0.000763619784,-0.882969439,0.014838255,-0.469195247
26976871478978,113120,-0.168208152,-0.20673652,-1.40080941,0.000767767779,-0.882974386,0.0148319006,-0.469186127
26976888113665,113137,-0.16818732,-0.206705838,-1.40079248,0.000767642632,-0.882972836,0.0148410806,-0.469188929
26976904793249,113153,-0.168204427,-0.20666039,-1.40075874,0.000768660626,-0.882972658,0.0148291923,-0.469189584
26976921454655,113170,-0.168212384,-0.206611231,-1.40072227,0.000773395121,-0.882971346,0.0148143452,-0.469192445
26976938110124,113187,-0.168248355,-0.206603721,-1.40067852,0.000771050691,-0.882976711,0.0148143582,-0.469182491
26976954801426,113203,-0.168283865,-0.206596106,-1.40063274,0.00077724352,-0.882978201,0.0148042943,-0.469179899
26976971442884,113219,-0.168283761,-0.206571445,-1.40060115,0.000782243907,-0.882979929,0.0147947231,-0.469177037
26976988113717,113237,-0.168308079,-0.206553727,-1.40055692,0.000780307571,-0.882983565,0.0147855952,-0.469170451
26977004787936,113253,-0.168317139,-0.206533313,-1.40052104,0.000782442454,-0.882984996,0.0147823244,-0.469167948
26977021460019,113269,-0.168355659,-0.20653294,-1.40045118,0.000798970577,-0.882983387,0.0147734703,-0.469171047
26977038535540,113286,-0.168394744,-0.20653303,-1.40038109,0.000807109405,-0.882985413,0.0147626912,-0.46916759
26977054779551,113303,-0.168435767,-0.206504539,-1.40034282,0.000802359893,-0.88298887,0.0147598507,-0.469161212
26977071461634,113319,-0.168485671,-0.206474513,-1.40030432,0.000810589292,-0.882988393,0.0147531107,-0.469162285
26977088107259,113335,-0.168507412,-0.20645684,-1.40025997,0.000817617693,-0.88298595,0.0147508802,-0.469167084
26977104793665,113352,-0.16854392,-0.206450358,-1.40020359,0.000823382288,-0.882989585,0.0147516411,-0.46916011
26977121498196,113369,-0.168577865,-0.206436843,-1.40015233,0.000825397961,-0.882989287,0.0147447083,-0.469160855
26977138114655,113385,-0.168651402,-0.206415743,-1.40012109,0.000830109871,-0.882994354,0.0147338621,-0.469151646
26977154799915,113402,-0.168722197,-0.206391513,-1.40008485,0.000839160348,-0.882999241,0.0147233792,-0.469142795
26977171445488,113418,-0.168753326,-0.206395298,-1.40004706,0.000840728288,-0.883000433,0.0147306137,-0.469140291
26977188145696,113435,-0.16879572,-0.206408232,-1.40000844,0.000835260435,-0.883004844,0.0147329373,-0.469131887
26977204826790,113451,-0.168825537,-0.206393987,-1.39996541,0.000840388122,-0.883001387,0.0147281857,-0.469138473
26977221458457,113468,-0.168885708,-0.206393689,-1.39995992,0.000844685768,-0.88300401,0.0147314826,-0.469133407
26977238118040,113484,-0.16894114,-0.206390321,-1.3999517,0.000846777868,-0.883009315,0.0147307962,-0.469123513
26977254779863,113501,-0.168965563,-0.206379041,-1.39992142,0.000848346564,-0.883011162,0.0147271426,-0.469120294
26977271449603,113518,-0.168989003,-0.206376374,-1.39989793,0.000850845478,-0.88301301,0.0147270951,-0.469116747
26977288132311,113534,-0.169013217,-0.206358299,-1.39986753,0.00084889977,-0.883012533,0.014734434,-0.469117403
26977304796217,113551,-0.169047862,-0.206343263,-1.39986849,0.0008435864,-0.883022308,0.0147403628,-0.469098866
26977321456373,113568,-0.16908136,-0.206320629,-1.39984953,0.000841356581,-0.883025765,0.0147387115,-0.469092339
26977338114551,113584,-0.169104397,-0.206334457,-1.39984787,0.000841904432,-0.883030653,0.014745757,-0.469082922
26977354804811,113600,-0.169127584,-0.206344724,-1.39984512,0.000851085177,-0.883041143,0.0147489142,-0.469063044
26977371646217,113617,-0.169165507,-0.206322476,-1.39981472,0.000859416614,-0.883045197,0.0147397164,-0.469055623
26977388114134,113634,-0.16921331,-0.206314549,-1.39981282,0.000848057389,-0.883051336,0.0147338547,-0.469044268
26977405617259,113651,-0.169249713,-0.206299543,-1.39980054,0.000853304926,-0.883051395,0.0147303669,-0.469044328
26977421459446,113667,-0.169265807,-0.206298769,-1.39981031,0.000858365092,-0.883052528,0.0147409076,-0.469041944
26977438114551,113683,-0.169284642,-0.206288189,-1.3998028,0.00085649488,-0.883052886,0.0147532551,-0.469040841
26977454841061,113700,-0.169296086,-0.206282347,-1.3998208,0.000853087753,-0.883058727,0.0147550441,-0.469029754
26977471455332,113717,-0.169307798,-0.206281528,-1.39985096,0.000855784456,-0.883062959,0.0147618307,-0.469021648
26977488114811,113733,-0.169338524,-0.206268191,-1.39984298,0.000858695537,-0.883063138,0.0147684542,-0.469021022
26977504787103,113749,-0.169371009,-0.206279129,-1.39986753,0.000869429845,-0.883067787,0.0147746392,-0.469012082
26977521447207,113766,-0.169406712,-0.206266552,-1.39986408,0.000874524761,-0.8830688,0.0147752948,-0.469010055
26977538120332,113783,-0.169420451,-0.206269816,-1.39988661,0.000870951335,-0.883070052,0.0147802942,-0.469007611
26977554784863,113799,-0.169432551,-0.206280649,-1.39991629,0.000869692885,-0.883072138,0.0147851948,-0.469003499
26977571447728,113816,-0.169436336,-0.206299707,-1.3999579,0.000872178935,-0.883077085,0.0147906123,-0.468994021
26977588223196,113832,-0.169434607,-0.2063241,-1.40001154,0.000875621976,-0.883082569,0.0147946058,-0.46898362
26977604777675,113849,-0.169464394,-0.206306875,-1.40000725,0.000874186866,-0.883082449,0.0147966817,-0.46898368
26977621530800,113865,-0.16947794,-0.206311405,-1.40006614,0.000880482199,-0.883085966,0.0148078408,-0.468976855
26977638136634,113882,-0.169497877,-0.206313521,-1.40011692,0.000874314632,-0.883095145,0.0148138376,-0.468959272
26977654780436,113899,-0.169511914,-0.206329122,-1.40016162,0.000864846108,-0.8830989,0.0148110799,-0.468952358
26977671469498,113915,-0.169520304,-0.206348658,-1.40021431,0.000866922259,-0.883105516,0.0148181161,-0.468939662
26977688134550,113932,-0.169546962,-0.206340641,-1.4002341,0.000869893644,-0.883106709,0.0148185482,-0.468937367
26977704797675,113948,-0.16956389,-0.206347853,-1.40028477,0.000868580071,-0.883112371,0.0148315476,-0.468926311
26977721464915,113964,-0.16959101,-0.206334978,-1.40029883,0.000857172359,-0.883116543,0.0148307523,-0.468918502
26977738114238,113982,-0.169597656,-0.206355244,-1.40035105,0.000849688426,-0.883121908,0.0148290955,-0.468908459
26977754822050,113997,-0.169602692,-0.206375152,-1.40039504,0.000850428594,-0.88312763,0.0148296636,-0.468897551
26977771446946,114015,-0.169615239,-0.206369027,-1.40041447,0.000856052269,-0.883125424,0.0148410676,-0.468901575
26977788133040,114031,-0.169613078,-0.206378564,-1.40045762,0.000847050804,-0.883133948,0.0148466267,-0.468885154
26977805714186,114048,-0.169631064,-0.206378818,-1.40048707,0.000842324866,-0.883139193,0.014845632,-0.468875408
26977821499967,114064,-0.169644117,-0.206395626,-1.40054476,0.000840287132,-0.88314873,0.0148547115,-0.46885702
26977838121321,114081,-0.169670835,-0.206394553,-1.40057313,0.000843001064,-0.883152127,0.0148612512,-0.468850583
26977854783873,114097,-0.169677019,-0.20639196,-1.40061164,0.000837306783,-0.883156478,0.0148659581,-0.468842179
26977871452832,114114,-0.169675991,-0.206394002,-1.40066719,0.000837665342,-0.883164823,0.0148671055,-0.468826443
26977888126946,114131,-0.169685006,-0.206398115,-1.40069258,0.000839234679,-0.883169413,0.014879223,-0.468817323
26977904785332,114147,-0.16967535,-0.206433132,-1.40074503,0.000830267149,-0.883175075,0.0148972459,-0.468806148
26977921449342,114164,-0.169690341,-0.206435487,-1.40076315,0.000832711696,-0.883173943,0.0148938876,-0.468808472
26977938109863,114180,-0.169690698,-0.206446171,-1.40080643,0.000830154982,-0.883177519,0.0148958014,-0.468801558
26977954878092,114197,-0.169689462,-0.206457734,-1.40086043,0.000822749222,-0.883185446,0.0149158472,-0.46878615
26977971446529,114213,-0.169690996,-0.206472456,-1.40089393,0.000826769916,-0.883187175,0.0149134798,-0.468782932
26977988124759,114229,-0.169673353,-0.20650892,-1.40095294,0.000824007089,-0.883195341,0.0149182715,-0.468767434
26978004787311,114247,-0.169677183,-0.206507102,-1.40098011,0.00082047371,-0.883201957,0.0149194552,-0.468754858
26978021466425,114263,-0.169663966,-0.206502497,-1.4010123,0.000815058767,-0.883204818,0.0149186617,-0.468749523
26978038129238,114280,-0.169662029,-0.206490144,-1.40103245,0.000815586478,-0.883205652,0.0149170943,-0.468747973
26978054782363,114296,-0.169657245,-0.206518888,-1.40106571,0.000811088132,-0.883211553,0.0149216391,-0.468736589
26978071474863,114312,-0.169644058,-0.206563115,-1.40111303,0.0008008515,-0.883217454,0.0149318762,-0.468725383
26978088109082,114329,-0.169653207,-0.206562251,-1.40113401,0.000803447561,-0.883220673,0.0149285775,-0.468719333
26978104788144,114346,-0.169658989,-0.206558853,-1.40116894,0.00080551859,-0.88322264,0.0149275064,-0.468715608
26978121443821,114362,-0.169668794,-0.206550509,-1.4011879,0.000792588165,-0.883223355,0.0149256885,-0.468714446
26978138137988,114379,-0.169627503,-0.206588075,-1.40123069,0.000789321959,-0.88323009,0.0149221225,-0.468701839
26978154781634,114395,-0.169592768,-0.206619576,-1.40126479,0.00079226552,-0.883231342,0.014926455,-0.468699366
26978171444290,114412,-0.169602826,-0.206604317,-1.40126824,0.000796031847,-0.883233547,0.0149252247,-0.468695283
26978188201738,114428,-0.169605747,-0.206595451,-1.40127957,0.000792972336,-0.883238733,0.0149296792,-0.46868521
26978205221321,114445,-0.169621125,-0.206572115,-1.40127635,0.000787336612,-0.8832407,0.0149195455,-0.468681991
26978222169081,114463,-0.169594169,-0.206586912,-1.4012934,0.000785113312,-0.883243382,0.0149184437,-0.468676865
26978238236738,114478,-0.169562683,-0.206608891,-1.40131378,0.000782571558,-0.883246899,0.0149241025,-0.4686701
26978254777259,114494,-0.169561163,-0.206607506,-1.4013164,0.000780689355,-0.883252203,0.0149269151,-0.468660057
26978271448665,114512,-0.169569612,-0.206599668,-1.40131152,0.00077609095,-0.883253157,0.0149195734,-0.468658477
26978288108821,114528,-0.169575796,-0.206587106,-1.40129852,0.000776004163,-0.883249521,0.0149174025,-0.468665361
26978304805331,114544,-0.169550747,-0.206610814,-1.40130067,0.000782420975,-0.88325423,0.014917843,-0.46865651
26978321445852,114561,-0.16953218,-0.20662649,-1.40129566,0.00078169012,-0.883260667,0.0149080828,-0.468644679
26978338106894,114578,-0.169531852,-0.206618562,-1.4012779,0.000770346087,-0.883265853,0.0148974014,-0.468635142
26978354778769,114595,-0.169536352,-0.206604362,-1.40125859,0.000774838147,-0.883264005,0.0149054192,-0.46863842
26978371463300,114611,-0.169531241,-0.206604257,-1.40124595,0.000778864254,-0.883263588,0.0149120176,-0.468639046
26978388132258,114627,-0.169515461,-0.206618518,-1.40124059,0.000779855938,-0.883267999,0.0149066532,-0.46863094
26978404787831,114644,-0.169518411,-0.206612587,-1.4012208,0.000776355679,-0.883271575,0.0149036013,-0.468624204
26978421479550,114660,-0.169528753,-0.20660156,-1.40119183,0.000775450957,-0.883273363,0.014900038,-0.468621045
26978438117206,114677,-0.169544235,-0.206584573,-1.40115976,0.000781647686,-0.883275092,0.0148943765,-0.468617767
26978454779550,114693,-0.16953215,-0.206589907,-1.4011333,0.000782778778,-0.883275628,0.0148902973,-0.468616962
26978471455383,114710,-0.169519871,-0.206600562,-1.4011054,0.000771570951,-0.883278668,0.0148863634,-0.46861136
26978488112519,114727,-0.169541627,-0.206591517,-1.40108001,0.000774223881,-0.883279026,0.0148859359,-0.468610793
26978504817206,114743,-0.169561535,-0.206594408,-1.4010601,0.000779049005,-0.883285046,0.0148832817,-0.468599439
26978521447936,114760,-0.169582888,-0.206585526,-1.40103137,0.000780194125,-0.883286417,0.0148741193,-0.468597263
26978538111685,114776,-0.169574887,-0.206596017,-1.40100861,0.00077575905,-0.88329035,0.014869486,-0.468589962
26978554870019,114792,-0.169567168,-0.206611425,-1.40098786,0.000774689892,-0.883293748,0.0148723638,-0.468583435
26978571446633,114810,-0.169593781,-0.206606522,-1.40096772,0.000779016118,-0.883292198,0.0148750246,-0.468586177
26978588114706,114826,-0.16962719,-0.20660685,-1.40096688,0.000783174532,-0.883297384,0.0148732578,-0.46857664
26978604807935,114842,-0.169641525,-0.206610352,-1.40095186,0.000784180418,-0.883298218,0.0148710357,-0.46857509
26978621470123,114859,-0.169625059,-0.206617787,-1.40092385,0.000783831172,-0.883299649,0.0148719167,-0.468572289
26978638887102,114876,-0.169624791,-0.206612512,-1.40089083,0.000788681791,-0.883299232,0.0148696844,-0.468573213
26978654783144,114892,-0.169641763,-0.206612661,-1.40087497,0.000790732447,-0.88329953,0.0148645677,-0.468572676
26978671451008,114909,-0.169661283,-0.206619456,-1.40086901,0.000786202028,-0.88330245,0.0148589695,-0.46856752
26978688132727,114925,-0.169670135,-0.206614256,-1.40084386,0.000792600273,-0.883304358,0.0148597313,-0.468563795
26978704823925,114942,-0.169656664,-0.206616968,-1.40081656,0.000799874077,-0.883308649,0.0148644829,-0.468555629
26978722356581,114959,-0.169659719,-0.206611022,-1.40078187,0.000800533802,-0.883309722,0.0148645323,-0.468553454
26978738116842,114975,-0.169673383,-0.206614852,-1.40077186,0.000794179796,-0.883309484,0.0148656042,-0.468553901
26978754781529,114991,-0.169688419,-0.206619605,-1.40076053,0.000790937047,-0.883307338,0.0148688741,-0.468557984
26978771466008,115009,-0.169690162,-0.206618369,-1.40072954,0.000800433918,-0.88330549,0.0148756085,-0.468561202
26978788131373,115025,-0.169680223,-0.206626832,-1.40071023,0.000798842637,-0.883310735,0.0148774739,-0.468551219
26978804792779,115041,-0.169696331,-0.206621319,-1.40068531,0.000789437443,-0.883312225,0.0148681719,-0.468548715
26978821508196,115057,-0.169723332,-0.206622377,-1.40068734,0.000783849799,-0.883315027,0.0148650212,-0.468543589
26978838118300,115075,-0.169753194,-0.206615493,-1.40067101,0.000789769809,-0.883314431,0.0148663484,-0.468544692
26978854805540,115091,-0.169756964,-0.206609666,-1.4006573,0.000794629043,-0.883316457,0.0148708113,-0.468540579
26978871449967,115107,-0.1697523,-0.206611156,-1.40065205,0.00078505819,-0.883324265,0.0148745058,-0.468525827
26978888148196,115124,-0.169760481,-0.20660165,-1.40062654,0.000778513087,-0.883321226,0.0148725593,-0.468531698
26978904787987,115140,-0.16975753,-0.206601173,-1.40062177,0.0007831353,-0.883320212,0.0148720378,-0.468533576
26978921448717,115157,-0.169764087,-0.206595659,-1.40060472,0.000781477545,-0.883319318,0.0148799764,-0.468535095
26978938137467,115174,-0.169774458,-0.206571996,-1.40058041,0.000770400744,-0.883323073,0.0148776099,-0.468527883
26978954781008,115190,-0.169784263,-0.20654808,-1.40056026,0.000773028587,-0.883322537,0.0148809599,-0.468528986
26978971602467,115207,-0.169800252,-0.206543908,-1.40055108,0.000771224848,-0.883323908,0.0148787377,-0.468526363
26978988187154,115223,-0.16980806,-0.206559539,-1.40057158,0.000774697401,-0.883330882,0.0148722082,-0.468513429
26979004783508,115240,-0.169816881,-0.206557006,-1.40057576,0.000770654879,-0.883333802,0.0148702525,-0.468508035
26979021481217,115257,-0.16981934,-0.206537604,-1.40057981,0.000766715733,-0.883341372,0.0148695791,-0.46849376
26979039647831,115275,-0.169829562,-0.206519559,-1.40056658,0.000776483619,-0.883342862,0.0148665458,-0.468490958
26979054785279,115289,-0.169830948,-0.206535637,-1.40060139,0.000778299232,-0.883346379,0.0148733584,-0.468484312
26979071472675,115307,-0.169835895,-0.206553996,-1.40063977,0.000777397014,-0.883352637,0.0148783466,-0.468472302
26979088111477,115323,-0.169847474,-0.206529558,-1.40064025,0.000783192459,-0.883353949,0.0148784677,-0.468469769
26979104802571,115340,-0.169856355,-0.206502914,-1.40064836,0.000787728059,-0.883353949,0.0148889469,-0.468469411
26979121461425,115356,-0.169870749,-0.206489831,-1.40064061,0.000792412378,-0.883352816,0.0148864957,-0.468471527
26979138116008,115372,-0.169862702,-0.206533536,-1.40071738,0.000790227088,-0.883355498,0.0148938904,-0.468466312
26979154896164,115389,-0.169859484,-0.206564918,-1.40077853,0.000792375533,-0.88335675,0.0148991179,-0.468463629
26979171457727,115406,-0.169870019,-0.206544071,-1.40078604,0.000801779155,-0.88335526,0.0148985432,-0.46846658
26979188120331,115422,-0.169875294,-0.206533462,-1.40081728,0.000804604613,-0.883359909,0.0149021307,-0.468457669
26979204846008,115438,-0.169889376,-0.206517085,-1.40081787,0.000803518284,-0.883358777,0.0148951337,-0.468459964
26979221645539,115455,-0.169864282,-0.206534863,-1.40088868,0.000797584886,-0.88336426,0.0148894545,-0.468449891
26979238189081,115471,-0.169838727,-0.206550673,-1.40095294,0.00079957163,-0.88336736,0.0149004366,-0.468443811
26979254784341,115488,-0.169826031,-0.206546187,-1.40099812,0.000800889742,-0.883372605,0.0149093913,-0.468433499
26979271444810,115505,-0.169811785,-0.206541523,-1.40105283,0.000800397131,-0.883378863,0.0149110826,-0.468421578
26979288396633,115521,-0.169812515,-0.206532076,-1.40107203,0.000796226377,-0.883378744,0.0149180554,-0.468421638
26979306974289,115540,-0.169781521,-0.206557304,-1.40115631,0.000802654715,-0.883380771,0.0149277877,-0.468417495
26979321670539,115554,-0.169772863,-0.206561476,-1.40119231,0.000808458193,-0.883382082,0.014929736,-0.468415052
26979338115800,115572,-0.169754907,-0.206563324,-1.40125358,0.000796681619,-0.883384883,0.0149398008,-0.4684093
26979354781581,115588,-0.169735268,-0.206561267,-1.40131032,0.000796328066,-0.883387208,0.014939948,-0.468405008
26979371443091,115604,-0.169746816,-0.206565186,-1.40135622,0.000806404802,-0.883390486,0.0149423629,-0.46839872
26979388156789,115621,-0.169764861,-0.206585169,-1.40143228,0.000809281482,-0.883402407,0.0149430046,-0.468376219
26979404807779,115637,-0.169760078,-0.206592128,-1.40147758,0.000797920977,-0.883406043,0.0149478745,-0.468369186
26979421463873,115654,-0.169726878,-0.206604511,-1.40153575,0.000793873565,-0.883405626,0.0149540212,-0.468369812
26979438114966,115671,-0.169715568,-0.206595242,-1.40156615,0.000800776528,-0.883402526,0.0149597842,-0.468375564
26979454780435,115687,-0.169706583,-0.206583455,-1.40159619,0.000801287882,-0.883405328,0.0149643803,-0.46837014
26979471467154,115704,-0.169693485,-0.206574291,-1.40163398,0.00079009257,-0.883410215,0.0149657782,-0.468360931
26979488152675,115720,-0.169684932,-0.206573516,-1.40166342,0.00078301935,-0.88341409,0.0149624152,-0.46835351
26979504852675,115737,-0.169670314,-0.206583932,-1.40170455,0.000786825432,-0.883415461,0.0149650741,-0.468350977
26979521444862,115753,-0.169672862,-0.206573352,-1.40172517,0.000784437405,-0.883414805,0.0149702644,-0.468352079
26979538107518,115770,-0.169682264,-0.206554502,-1.40177655,0.000771828578,-0.883422256,0.014971911,-0.468338013
26979554793716,115787,-0.169693395,-0.206532449,-1.40181851,0.000765534758,-0.883428514,0.0149628669,-0.468326449
26979571453560,115803,-0.169693083,-0.206550434,-1.40184665,0.000771542895,-0.88342905,0.0149650909,-0.468325436
26979588116164,115819,-0.169686556,-0.206584468,-1.40188062,0.000774700777,-0.883430719,0.0149714584,-0.468321979
26979604778560,115837,-0.16968596,-0.206577152,-1.40189755,0.0007705561,-0.883433521,0.0149657791,-0.468316883
26979621460852,115853,-0.16968216,-0.206558034,-1.40191317,0.000770243583,-0.883438945,0.0149601288,-0.468306959
26979638115956,115869,-0.169682086,-0.20653978,-1.40191984,0.00076786126,-0.88344121,0.0149634723,-0.468302548
26979654790852,115885,-0.169682071,-0.206559494,-1.40193212,0.000776862318,-0.88344264,0.0149672674,-0.468299538
26979671456633,115903,-0.16967994,-0.206590623,-1.40194917,0.000776139321,-0.883448303,0.014969375,-0.468288898
26979688114654,115919,-0.169667333,-0.206590027,-1.40195727,0.000770828163,-0.883450031,0.0149629433,-0.468285859
26979704793977,115935,-0.169633895,-0.206602916,-1.40197456,0.000764830154,-0.883452833,0.0149638746,-0.468280494
26979721454602,115953,-0.169616938,-0.20661515,-1.4019841,0.000762264419,-0.883453846,0.0149685685,-0.468278408
26979738373977,115969,-0.169615328,-0.206645399,-1.40199006,0.000755171233,-0.883456409,0.0149660958,-0.468273818
26979754865643,115985,-0.169617623,-0.206662104,-1.40199053,0.000750991632,-0.883456945,0.0149615658,-0.468272984
26979771448456,116001,-0.16961731,-0.206662342,-1.40198064,0.000759363465,-0.883457303,0.0149608161,-0.468272209
26979788141998,116019,-0.169608891,-0.206681088,-1.40196586,0.000762610754,-0.88345927,0.0149672907,-0.468268216
26979804777570,116035,-0.169609219,-0.206679583,-1.40195704,0.000758873182,-0.883458674,0.0149679771,-0.468269467
26979826189341,116056,-0.169608772,-0.206666574,-1.40195739,0.000749179919,-0.883462846,0.0149675338,-0.468261629
26979838118664,116068,-0.169612169,-0.206654072,-1.40194952,0.000750329928,-0.88346082,0.0149665382,-0.468265444
26979854783247,116085,-0.169620246,-0.20665127,-1.40192819,0.000758852344,-0.883457243,0.0149730453,-0.468271911
26979871479393,116101,-0.169624358,-0.206681103,-1.40190852,0.000757691392,-0.883458197,0.0149694746,-0.468270302
26979888114237,116117,-0.169623792,-0.206711173,-1.40188801,0.000751209445,-0.883461833,0.01497065,-0.468263477
26979904788456,116135,-0.169618338,-0.206727624,-1.4018625,0.000747233455,-0.883463204,0.0149667934,-0.468260914
26979921457675,116151,-0.169624373,-0.2067298,-1.40184557,0.000752522494,-0.88346386,0.0149674015,-0.468259573
26979938125487,116167,-0.169644773,-0.20674184,-1.40184343,0.000747141778,-0.883470535,0.0149654523,-0.468247086
26979954806268,116184,-0.169667467,-0.20674476,-1.40183651,0.000746762438,-0.883474708,0.0149655174,-0.468239337
26979971444133,116201,-0.169687361,-0.206738368,-1.40181315,0.000748599356,-0.883472919,0.0149645777,-0.468242675
26979988119862,116217,-0.16970706,-0.206738487,-1.40179038,0.000750254432,-0.883473337,0.0149667859,-0.46824187
26980004778925,116234,-0.169727877,-0.206728518,-1.40177369,0.000750870735,-0.883478284,0.0149654606,-0.468232542
26980021447779,116250,-0.169748947,-0.206720173,-1.40176797,0.000746358011,-0.883484364,0.0149618536,-0.468221188
26980038214602,116267,-0.169769526,-0.206704229,-1.40175557,0.00075016031,-0.883483708,0.0149625465,-0.46822238
26980054780904,116283,-0.169776663,-0.206705272,-1.40174043,0.000755957502,-0.883482397,0.0149691664,-0.468224704
26980071486008,116300,-0.169784129,-0.206713408,-1.40172422,0.000756769092,-0.883487344,0.0149718607,-0.468215108
26980088114602,116316,-0.169792593,-0.206709817,-1.40170002,0.000749787083,-0.883488238,0.0149672171,-0.468213737
26980104785591,116333,-0.169786215,-0.206722766,-1.40165949,0.000745320227,-0.883488119,0.0149640553,-0.468214035
26980121455435,116350,-0.169787258,-0.206722558,-1.40162313,0.000755260757,-0.883486211,0.0149669359,-0.468217522
26980138112102,116366,-0.169805437,-0.20671168,-1.40160489,0.000751231506,-0.883487642,0.0149621572,-0.468215019
26980154786164,116382,-0.16982615,-0.206699327,-1.40158999,0.000745473139,-0.883489847,0.0149583155,-0.468210936
26980171456633,116399,-0.169833168,-0.206703559,-1.40157831,0.000737550959,-0.88349098,0.0149601251,-0.46820873
26980188116893,116416,-0.169836298,-0.206720263,-1.40157199,0.000734635047,-0.883491755,0.0149616292,-0.4682073
26980204784393,116432,-0.169854611,-0.206719711,-1.40156281,0.000733369146,-0.88349241,0.014965375,-0.468205959
26980221465174,116449,-0.169883817,-0.206732303,-1.40156758,0.000728151761,-0.883498132,0.0149596715,-0.468195319
26980238115227,116466,-0.169911042,-0.20673649,-1.40156412,0.000733415363,-0.883499205,0.0149571141,-0.468193293
26980254792727,116482,-0.169917554,-0.206751078,-1.4015671,0.000737790775,-0.883498132,0.0149624608,-0.46819517
26980271469549,116498,-0.16992712,-0.206769183,-1.40157306,0.000740554649,-0.883501112,0.0149684884,-0.468189359
26980288107831,116516,-0.169938982,-0.206776619,-1.40155888,0.000739746029,-0.883503973,0.0149592301,-0.468184292
26980304788560,116532,-0.169936866,-0.206792966,-1.40154481,0.000742466655,-0.883503258,0.0149624078,-0.468185574
26980321447362,116548,-0.169948488,-0.206797287,-1.40153027,0.000752686232,-0.883500397,0.014966514,-0.46819073
26980338134758,116564,-0.169956893,-0.206824973,-1.40153444,0.000757706701,-0.883503616,0.0149719259,-0.468184501
26980354780695,116582,-0.169972479,-0.206848919,-1.40153205,0.000750299543,-0.883506894,0.014965876,-0.468178391
26980371445956,116598,-0.169985622,-0.206842825,-1.40154004,0.000744810852,-0.883510828,0.0149649018,-0.468171179
26980388113299,116614,-0.169998869,-0.206834748,-1.40154862,0.000749090977,-0.883513689,0.0149743166,-0.468165457
26980404775851,116631,-0.17002745,-0.20682101,-1.40153122,0.000749467872,-0.883513451,0.0149801821,-0.468165636
26980422257258,116647,-0.170041129,-0.206816375,-1.4015367,0.000750189705,-0.883516014,0.0149762826,-0.468160957
26980438117414,116664,-0.170058399,-0.206807971,-1.40153658,0.000748318329,-0.883519471,0.0149754351,-0.46815455
26980454776581,116680,-0.170083106,-0.206801832,-1.4015367,0.000750630919,-0.883522868,0.0149773685,-0.468147963
26980471458091,116698,-0.170116425,-0.206792623,-1.40153754,0.000754384557,-0.883530378,0.0149727296,-0.468133926
26980488113039,116714,-0.170142889,-0.206783205,-1.40153086,0.000753787754,-0.883529544,0.0149748512,-0.468135476
26980504786789,116730,-0.170159519,-0.206781209,-1.40154004,0.00075500377,-0.8835302,0.0149756176,-0.468134224
26980521449653,116747,-0.170173943,-0.206771851,-1.40154231,0.000764215074,-0.883529484,0.0149807446,-0.468135267
26980538112258,116764,-0.17016685,-0.206761926,-1.40155625,0.000757948786,-0.883530617,0.0149912089,-0.468132824
26980554779966,116780,-0.170175433,-0.206748992,-1.401559,0.000751876272,-0.883530319,0.0149951158,-0.46813333
26980571445383,116796,-0.170187175,-0.206739902,-1.40156305,0.000750640582,-0.883529663,0.0149948262,-0.468134552
26980588136216,116813,-0.170190841,-0.206733674,-1.4015758,0.000752961671,-0.883525789,0.0150013594,-0.468141645
26980604781008,116830,-0.170207471,-0.206724614,-1.40158474,0.000743917015,-0.883523166,0.0150082707,-0.468146384
26980621458403,116846,-0.170207024,-0.20672901,-1.40162063,0.000735195121,-0.883521318,0.0150120165,-0.468149841
26980638118976,116862,-0.17021817,-0.206724048,-1.40164185,0.000729333435,-0.883522093,0.0150111225,-0.46814847
26980654780070,116880,-0.17021586,-0.206739783,-1.40165949,0.000731963839,-0.883518398,0.0150117464,-0.468155324
26980671477101,116896,-0.170207486,-0.206762493,-1.40168023,0.000732768734,-0.883516192,0.0150161982,-0.468159467
26980688116060,116912,-0.170215994,-0.206762016,-1.40169156,0.000722354394,-0.883518696,0.0150203509,-0.46815455
26980704793403,116929,-0.170201674,-0.206772268,-1.40172505,0.000717090035,-0.883523703,0.0150226094,-0.468145043
26980721498768,116946,-0.17021051,-0.206764787,-1.40173483,0.0007232973,-0.883523643,0.0150260506,-0.468145043
26980738109341,116962,-0.170185372,-0.206777245,-1.40173852,0.000718730444,-0.88352412,0.0150289359,-0.468144059
26980754843560,116979,-0.170161545,-0.206788212,-1.40174115,0.000718195515,-0.883524239,0.0150356172,-0.468143553
26980771448768,116995,-0.170169502,-0.206783354,-1.40176344,0.00071321975,-0.883529663,0.0150347101,-0.46813342
26980788116528,117012,-0.170171171,-0.206784338,-1.40179884,0.000707743457,-0.8835361,0.015036907,-0.468121171
26980804778455,117028,-0.170178533,-0.20677422,-1.40180695,0.000716808427,-0.883535326,0.0150430715,-0.468122363
26980821458143,117045,-0.170157179,-0.206777319,-1.40183163,0.000710664259,-0.883536637,0.0150404638,-0.468120039
26980838550903,117062,-0.170153216,-0.206769794,-1.40184498,0.000705555722,-0.883538306,0.0150411511,-0.46811685
26980854785330,117078,-0.170147508,-0.206779927,-1.40187764,0.000700493692,-0.883545518,0.0150393862,-0.468103379
26980871446633,117095,-0.170143738,-0.206788212,-1.40190744,0.000701887126,-0.883550525,0.0150448391,-0.468093663
26980888149810,117111,-0.170164913,-0.206787929,-1.40191031,0.000693547074,-0.883547902,0.0150478091,-0.46809864
26980904790383,117128,-0.170182437,-0.206805483,-1.40193546,0.000692043977,-0.883548975,0.0150457183,-0.468096614
26980921475383,117145,-0.170204073,-0.206801862,-1.40194809,0.000694257615,-0.883547544,0.0150470622,-0.468099296
26980938137466,117161,-0.17021659,-0.206803456,-1.40198457,0.000702345511,-0.883553922,0.0150511963,-0.468087077
26980954789445,117177,-0.170231551,-0.206803113,-1.40201354,0.000699075754,-0.883556902,0.0150575805,-0.468081236
26980971472518,117194,-0.17022571,-0.206798673,-1.40203071,0.00069231377,-0.883558154,0.0150568737,-0.468078941
26980988115955,117211,-0.17020835,-0.206799135,-1.40205538,0.000693648646,-0.883557022,0.0150692593,-0.46808067
26981004798247,117227,-0.170209527,-0.206789434,-1.40207505,0.000701016281,-0.883558691,0.0150730219,-0.468077421
26981021549028,117243,-0.170194492,-0.206789941,-1.40211642,0.000700780773,-0.883561492,0.0150715047,-0.468072057
26981038116632,117261,-0.170198888,-0.206775337,-1.40213609,0.000690885412,-0.883558333,0.0150704766,-0.468078166
26981054798039,117277,-0.17018275,-0.206761837,-1.4021343,0.00069336762,-0.883557022,0.0150678456,-0.46808067
26981071448872,117293,-0.170157939,-0.206752792,-1.40213621,0.000694779912,-0.883559108,0.0150686614,-0.468076706
26981088121424,117310,-0.170152128,-0.206746161,-1.40215063,0.00068250706,-0.88356334,0.0150708212,-0.468068659
26981104788560,117327,-0.170132667,-0.2067568,-1.40219319,0.000673904549,-0.883567929,0.0150742671,-0.468059927
26981121443299,117343,-0.170124978,-0.206752658,-1.40221512,0.000675343908,-0.883568406,0.0150796305,-0.468058825
26981138135955,117359,-0.170103043,-0.206747279,-1.40222585,0.000673530914,-0.883567154,0.015078987,-0.468061328
26981154783351,117376,-0.170084447,-0.206740558,-1.40223396,0.000666715787,-0.883568525,0.0150832525,-0.468058497
26981171450070,117393,-0.170077682,-0.206744343,-1.40224946,0.000662158534,-0.883570552,0.0150787188,-0.468054861
26981188113924,117409,-0.170066595,-0.20675081,-1.40226793,0.00066532637,-0.883572698,0.0150789544,-0.468050748
26981204778091,117426,-0.170066401,-0.20673503,-1.40226901,0.000673992967,-0.883572161,0.0150814122,-0.468051642
26981221455799,117443,-0.170058817,-0.206731707,-1.40227365,0.000667435292,-0.883576155,0.0150741963,-0.4680444
26981238116893,117459,-0.170056194,-0.206718594,-1.40227246,0.000660380465,-0.883578658,0.0150628528,-0.468039989
26981254781320,117476,-0.170031771,-0.206718564,-1.40229607,0.000661887461,-0.883581161,0.0150620388,-0.468035489
26981271451737,117492,-0.170007795,-0.2067191,-1.40231526,0.000663672341,-0.883582711,0.0150633976,-0.468032449
26981288109549,117509,-0.170000985,-0.206703693,-1.40231073,0.000656087941,-0.883583367,0.0150620239,-0.468031168
26981304790487,117525,-0.169984177,-0.206699729,-1.40231621,0.000648569956,-0.883587897,0.0150584681,-0.468022853
26981321441424,117542,-0.169970632,-0.206687436,-1.40231848,0.000649365189,-0.883586228,0.0150618451,-0.468025774
26981338112257,117558,-0.169955775,-0.206703633,-1.40233195,0.000658485689,-0.883588552,0.0150672384,-0.468021274
26981354947518,117575,-0.169944406,-0.206717432,-1.4023428,0.00065681769,-0.883590877,0.0150676481,-0.468016803
26981371442986,117591,-0.169939488,-0.206713423,-1.40234053,0.000654037402,-0.883594811,0.0150621524,-0.468009502
26981388113611,117608,-0.169932872,-0.206712455,-1.40234053,0.000657743018,-0.883599222,0.015058673,-0.468001395
26981404795122,117625,-0.169927478,-0.206710041,-1.40234315,0.000657004421,-0.883598685,0.0150614548,-0.468002349
26981421451893,117641,-0.169915646,-0.206728593,-1.40235484,0.00065826223,-0.88360256,0.0150597831,-0.467994988
26981438951320,117659,-0.169907227,-0.206729412,-1.40236092,0.000655216631,-0.883604825,0.015053804,-0.467991024
26981454777414,117674,-0.169895291,-0.206727177,-1.40235043,0.000660509628,-0.883604467,0.0150485514,-0.46799174
26981471448455,117691,-0.169880301,-0.20672445,-1.40233719,0.000664034858,-0.883600712,0.0150475968,-0.467998922
26981488114080,117708,-0.169872582,-0.206718624,-1.40233064,0.000664841908,-0.883600771,0.0150402533,-0.467998981
26981504790226,117724,-0.169862732,-0.206720069,-1.40232885,0.000659026031,-0.883605182,0.015031022,-0.467991024
26981521494757,117740,-0.169854417,-0.20671387,-1.4023242,0.000652820978,-0.883605838,0.0150266821,-0.467989892
26981538112414,117757,-0.169858932,-0.206727445,-1.40230978,0.000662896316,-0.883609354,0.0150204869,-0.467983603
26981554779236,117774,-0.169859335,-0.20673871,-1.40229619,0.000660328544,-0.883610427,0.0150189251,-0.467981577
26981571441476,117790,-0.169840887,-0.206748843,-1.40229809,0.000655888172,-0.883610964,0.0150103681,-0.467980742
26981588141580,117807,-0.169814736,-0.206764102,-1.4023031,0.000654621923,-0.883608699,0.0150076142,-0.467985153
26981604808195,117824,-0.169777542,-0.206772327,-1.40230536,0.000656003074,-0.883607924,0.0150096361,-0.467986554
26981621458195,117840,-0.169702783,-0.206813872,-1.40231419,0.000654210395,-0.883608401,0.0150149632,-0.467985481
26981638115226,117856,-0.169642508,-0.206839964,-1.40232098,0.000651104085,-0.88361001,0.0150128165,-0.467982441
26981654778872,117873,-0.169638366,-0.206816271,-1.40231037,0.000657039229,-0.883610547,0.0150114195,-0.467981547
26981671444341,117890,-0.169630498,-0.206793532,-1.40229905,0.000659638434,-0.883609235,0.0150114298,-0.467984021
26981688152205,117906,-0.169623256,-0.206783578,-1.40229023,0.000662453531,-0.883609354,0.0150122168,-0.467983872
26981704841216,117923,-0.169627994,-0.206773654,-1.40227628,0.000662178441,-0.883610249,0.0150051294,-0.467982382
26981721476163,117940,-0.169620693,-0.20676063,-1.40226722,0.000663058367,-0.883605301,0.0150043312,-0.46799168
26981738112205,117956,-0.169626147,-0.20674555,-1.40224993,0.000669226632,-0.883602321,0.0150075806,-0.467997104
26981754785799,117972,-0.169631481,-0.206730992,-1.40223432,0.000670158304,-0.883605361,0.0150040258,-0.467991501
26981771452101,117989,-0.16964227,-0.206725091,-1.40221715,0.000666649838,-0.883606553,0.0149964038,-0.467989594
26981788172726,118006,-0.169665575,-0.206721038,-1.40219414,0.000671108894,-0.883606434,0.0149913291,-0.467989892
26981804780382,118022,-0.169669122,-0.206706852,-1.40218103,0.000680932484,-0.883605719,0.01498634,-0.467991501
26981821445226,118039,-0.16967158,-0.206689477,-1.40217161,0.00068626093,-0.883607626,0.014983465,-0.467987925
26981838110070,118055,-0.169670284,-0.206677169,-1.40216219,0.000681874168,-0.883606136,0.0149813341,-0.467990845
26981854934028,118071,-0.169689775,-0.206672534,-1.40214396,0.000685161795,-0.883610308,0.0149689596,-0.467983276
26981871480382,118089,-0.169713646,-0.206666678,-1.40212202,0.000692270987,-0.883614004,0.0149644697,-0.467976421
26981888112570,118105,-0.169718251,-0.206659883,-1.40211427,0.000691185996,-0.883613288,0.0149670104,-0.467977792
26981904800851,118121,-0.169734702,-0.206654072,-1.40210927,0.000688953267,-0.883616149,0.0149613116,-0.467972457
26981921475330,118138,-0.169743791,-0.20664531,-1.4021064,0.000688129512,-0.883617282,0.0149554349,-0.46797061
26981938161163,118155,-0.169745654,-0.206638709,-1.40210891,0.000689815381,-0.883615911,0.014959217,-0.467973024
26981954784236,118171,-0.169747531,-0.206628501,-1.40210438,0.000692179659,-0.883614659,0.0149602434,-0.467975289
26981971449132,118187,-0.169767186,-0.206612259,-1.40210068,0.000684196188,-0.883616269,0.0149621014,-0.467972308
26981988146163,118205,-0.169798076,-0.206588954,-1.40209997,0.000684826751,-0.883617461,0.0149637358,-0.467969954
26982004777986,118221,-0.169809908,-0.206569701,-1.40209138,0.00068859203,-0.883614242,0.0149593865,-0.467976213
26982021547986,118237,-0.169834524,-0.206570163,-1.40209723,0.000700483506,-0.883616924,0.0149540724,-0.467971265
26982038120955,118254,-0.169862017,-0.206568092,-1.40210032,0.000702142715,-0.883618653,0.0149490433,-0.467968047
26982054781580,118271,-0.169884086,-0.206542447,-1.40210128,0.000697658281,-0.883621156,0.0149455797,-0.467963547
26982071478403,118287,-0.169907123,-0.206515923,-1.40210021,0.000706560037,-0.883620858,0.0149528105,-0.467963874
26982088110070,118303,-0.169926882,-0.206494614,-1.40209198,0.000707469299,-0.883621156,0.0149480272,-0.467963398
26982104939809,118320,-0.1699505,-0.206475571,-1.40208697,0.000695276074,-0.8836236,0.0149461934,-0.467958897
26982121458663,118337,-0.169965163,-0.206455275,-1.40208066,0.000694557035,-0.883625865,0.0149462009,-0.467954636
26982138111163,118353,-0.16996187,-0.206446201,-1.40208209,0.000699213764,-0.883624792,0.0149530051,-0.467956424
26982154810226,118370,-0.169965282,-0.206431925,-1.40207946,0.000702751975,-0.883627176,0.0149592301,-0.467951685
26982171543195,118386,-0.16996558,-0.206418663,-1.40209341,0.000704247388,-0.88362956,0.0149536394,-0.467947334
26982188123872,118403,-0.169960886,-0.206410289,-1.40211821,0.000702814548,-0.883630753,0.0149573032,-0.46794495
26982204778820,118420,-0.169961512,-0.206420839,-1.40214968,0.000711138593,-0.883630931,0.0149600524,-0.467944682
26982221458820,118436,-0.169961542,-0.206446663,-1.4021858,0.000712659967,-0.883629858,0.0149617335,-0.46794647
26982238148767,118453,-0.169970721,-0.206442356,-1.40219426,0.000713127549,-0.883633375,0.014957102,-0.467940152
26982254806319,118469,-0.169957548,-0.206434444,-1.40220237,0.000704414735,-0.883632541,0.0149579076,-0.467941672
26982271462309,118486,-0.16994819,-0.20642519,-1.4022063,0.000700293807,-0.883630812,0.0149627766,-0.467944622
26982288143351,118502,-0.169958085,-0.206425816,-1.40222347,0.00070286839,-0.883631885,0.0149639137,-0.467942715
26982304785486,118519,-0.169963703,-0.206438929,-1.40226138,0.000696280156,-0.883636713,0.014966106,-0.467933595
26982321448038,118535,-0.169971228,-0.206432909,-1.4022727,0.000687392487,-0.883639097,0.0149663733,-0.467929035
26982338110747,118552,-0.169957802,-0.206421837,-1.40230417,0.000696188596,-0.883642077,0.0149760926,-0.467923075
26982354838194,118569,-0.169949815,-0.206409425,-1.40232587,0.000700505625,-0.883642435,0.0149760302,-0.467922479
26982371449080,118585,-0.169952616,-0.206415892,-1.40234637,0.000693126756,-0.883642018,0.0149757909,-0.467923254
26982388130799,118602,-0.169948786,-0.206436366,-1.40238726,0.000683959632,-0.88364166,0.0149748586,-0.46792385
26982404786892,118618,-0.169954598,-0.206441447,-1.40240538,0.000697866606,-0.883640468,0.0149774021,-0.467926145
26982421466215,118635,-0.16996184,-0.206463233,-1.40243471,0.000700987061,-0.883641422,0.0149852801,-0.467923939
26982438110747,118651,-0.169970185,-0.206477895,-1.40245628,0.000699721684,-0.883642554,0.0149872424,-0.467921793
26982454805382,118668,-0.169959426,-0.206511229,-1.40249145,0.000696313626,-0.883645773,0.0149886701,-0.467915684
26982471451319,118684,-0.169950277,-0.206538245,-1.40252352,0.000702860416,-0.883646667,0.0149967484,-0.467913777
26982488114757,118701,-0.169951349,-0.206546172,-1.40254176,0.000708317268,-0.88364774,0.0150038479,-0.467911541
26982504781007,118717,-0.16994369,-0.206568822,-1.40257394,0.000704657054,-0.883649707,0.0150032276,-0.467907786
26982521442778,118734,-0.169944063,-0.206579104,-1.40259671,0.000699318945,-0.883651257,0.0150051322,-0.467904806
26982538118976,118751,-0.169932261,-0.20658657,-1.40262985,0.000699056778,-0.883655727,0.0150080742,-0.467896283
26982554787517,118767,-0.169927269,-0.206589833,-1.40265393,0.000698943273,-0.88365519,0.0150150172,-0.467897087
26982571447986,118784,-0.169917211,-0.206598014,-1.40267038,0.000691692578,-0.883652449,0.0150165884,-0.467902154
26982588151007,118801,-0.169897825,-0.206611663,-1.4026916,0.000683479884,-0.883651495,0.0150101334,-0.46790424
26982604779601,118817,-0.169898078,-0.206611842,-1.40270305,0.00068621838,-0.88364917,0.0150135374,-0.467908502
26982621542309,118834,-0.169892088,-0.206624582,-1.40272272,0.000692272384,-0.883648992,0.0150219426,-0.467908531
26982638116476,118850,-0.169891775,-0.206626311,-1.40273762,0.000683981925,-0.883649766,0.0150170876,-0.46790722
26982654778507,118866,-0.169889838,-0.206602901,-1.40275347,0.000673260365,-0.883655131,0.0150099173,-0.467897326
26982671444705,118883,-0.169888616,-0.206579134,-1.40276766,0.000669853005,-0.883657038,0.0150058018,-0.467893839
26982688108403,118900,-0.16988793,-0.206574619,-1.40278947,0.000674292911,-0.883655488,0.01500805,-0.46789673
26982704795798,118916,-0.169876993,-0.206580058,-1.40282714,0.000668892928,-0.883659065,0.0150070507,-0.467889935
26982721445173,118933,-0.169873416,-0.206571609,-1.40284896,0.000663255807,-0.883662641,0.0150024872,-0.467883468
26982738109601,118949,-0.169860929,-0.206545308,-1.4028455,0.000660449092,-0.883659363,0.0150017021,-0.467889756
26982754780746,118966,-0.169847697,-0.206519604,-1.40284109,0.000655306561,-0.883660316,0.01500047,-0.467887878
26982771447101,118982,-0.169851705,-0.20652163,-1.40283382,0.000654316682,-0.883661568,0.0149895092,-0.467885852
26982788152101,118999,-0.169857845,-0.206528306,-1.40282464,0.000649973634,-0.883663356,0.0149845928,-0.467882633
26982804780903,119016,-0.169865578,-0.206517443,-1.40281963,0.000651417824,-0.883663952,0.0149804018,-0.46788165
26982821473038,119032,-0.169876248,-0.206513524,-1.4028157,0.000659146521,-0.883666039,0.0149786035,-0.467877775
26982838116319,119048,-0.169888914,-0.206503868,-1.40280938,0.000655735726,-0.883665979,0.0149746537,-0.467878044
26982854789653,119066,-0.169889271,-0.206499815,-1.40282893,0.000649847148,-0.883667171,0.0149683421,-0.467875987
26982871459705,119082,-0.169888213,-0.206496075,-1.4028461,0.000658219215,-0.883665502,0.014970812,-0.467879027
26982888112778,119098,-0.169884935,-0.206489056,-1.40284276,0.000658018922,-0.883662462,0.0149781462,-0.46788463
26982904791059,119115,-0.169874251,-0.206496805,-1.40284276,0.000655092124,-0.883662939,0.0149797713,-0.467883497
26982921443298,119131,-0.169874206,-0.206489652,-1.40283597,0.000648293237,-0.883662105,0.014975667,-0.467885226
26982938111319,119148,-0.169882357,-0.20648092,-1.4028188,0.000653134717,-0.883664668,0.0149691207,-0.467880696
26982954798455,119165,-0.169888765,-0.20647043,-1.40279675,0.000656976481,-0.883663177,0.0149723031,-0.467883378
26982971447882,119181,-0.169878215,-0.206464529,-1.40276754,0.000651507115,-0.883661687,0.01497084,-0.467886209
26982988114288,119198,-0.169862434,-0.206464797,-1.40273428,0.000639889098,-0.883661389,0.0149731012,-0.467886865
26983004778871,119215,-0.169859901,-0.20645766,-1.40270674,0.000632945739,-0.883661151,0.0149651002,-0.467887491
26983021456371,119231,-0.169854224,-0.206459686,-1.40268493,0.000634316995,-0.883660913,0.0149704311,-0.4678877
26983042957413,119252,-0.169859707,-0.206447616,-1.40265191,0.000628349138,-0.883658171,0.0149687193,-0.467892975
26983054778559,119264,-0.169872597,-0.206453711,-1.40263295,0.000629102462,-0.883660853,0.0149672739,-0.467887998
26983071447673,119281,-0.169888973,-0.206461266,-1.40260434,0.00062959909,-0.88366282,0.0149647677,-0.467884213
26983088118975,119297,-0.169896558,-0.2064614,-1.40257096,0.000635788369,-0.883664191,0.0149667785,-0.46788168
26983104808194,119313,-0.169903234,-0.206469804,-1.40253234,0.000634177937,-0.883665442,0.0149727464,-0.467879057
26983121456944,119331,-0.16991967,-0.206474304,-1.4024936,0.000621780986,-0.883664966,0.0149721205,-0.46788016
26983138111527,119347,-0.169950575,-0.206503689,-1.40246165,0.000624830893,-0.883668303,0.0149678569,-0.467873931
26983155046371,119363,-0.16997999,-0.206524476,-1.40242934,0.000628875277,-0.883671284,0.0149707748,-0.467868209
26983171668038,119380,-0.16999796,-0.206524909,-1.4023931,0.000634731434,-0.88367182,0.0149758309,-0.467866957
26983188117830,119396,-0.17001453,-0.206530392,-1.40235949,0.000627903966,-0.883676052,0.0149696795,-0.467859209
26983204803611,119413,-0.170025915,-0.206521645,-1.40232778,0.000629748567,-0.883675456,0.0149671435,-0.467860341
26983221457205,119430,-0.170030192,-0.206520155,-1.40230417,0.000640315644,-0.883674502,0.0149748474,-0.46786198
26983238120069,119446,-0.170039237,-0.206510842,-1.40227485,0.000645193621,-0.883676946,0.0149744721,-0.467857331
26983254793455,119463,-0.170049936,-0.206507742,-1.40224421,0.00063871016,-0.883678794,0.0149686532,-0.467854053
26983271444809,119480,-0.170057192,-0.206509009,-1.40221441,0.000634917582,-0.883680165,0.0149669154,-0.46785152
26983288117621,119496,-0.170066267,-0.206510723,-1.40218067,0.00064235297,-0.88368094,0.0149694644,-0.46784997
26983304825486,119512,-0.170075327,-0.206528008,-1.40215015,0.00064310967,-0.883681834,0.0149751063,-0.467848122
26983321441996,119529,-0.170083344,-0.206532955,-1.40211701,0.000638943515,-0.883683026,0.0149715226,-0.467845947
26983338133611,119546,-0.170086443,-0.206540242,-1.40211737,0.000639992009,-0.883684874,0.0149705866,-0.46784246
26983354784965,119562,-0.170089155,-0.206547499,-1.4021107,0.000638632686,-0.883685648,0.014973782,-0.46784088
26983371454392,119578,-0.170092165,-0.206553847,-1.40207863,0.00064427848,-0.883687794,0.0149768861,-0.467836827
26983388129861,119596,-0.170091122,-0.206569999,-1.40204442,0.000632066629,-0.883684874,0.0149787785,-0.467842132
26983404779027,119612,-0.170104027,-0.206564352,-1.40201879,0.000628767302,-0.883682847,0.0149767799,-0.467846185
26983421452986,119628,-0.170130447,-0.206553638,-1.40200508,0.000638852711,-0.883682907,0.0149822375,-0.467845827
26983438134288,119644,-0.170150518,-0.206543565,-1.40198004,0.000646655273,-0.883682191,0.0149832098,-0.467847079
26983454779548,119662,-0.17014572,-0.206568196,-1.40198159,0.000644730055,-0.883683741,0.014985471,-0.467844069
26983471477361,119678,-0.170143306,-0.206585169,-1.40198076,0.000651525625,-0.883683801,0.0149842193,-0.46784398
26983488114444,119694,-0.170134425,-0.20658347,-1.40196061,0.000656706223,-0.883681715,0.0149821853,-0.467847943
26983504806475,119712,-0.170117438,-0.206588715,-1.40195072,0.000663887651,-0.883681059,0.0149859032,-0.467849165
26983521446371,119728,-0.170116603,-0.206586942,-1.40193641,0.000664474501,-0.883682907,0.0149759622,-0.467846066
26983538111840,119744,-0.170116484,-0.206604272,-1.40196311,0.000662321108,-0.883684278,0.0149770444,-0.467843413
26983554785694,119761,-0.170117006,-0.206615046,-1.40197921,0.000667577493,-0.883686364,0.0149834277,-0.467839122
26983571448611,119778,-0.170121133,-0.206609771,-1.40198863,0.000669225759,-0.883685291,0.0149872731,-0.467841089
26983588116006,119794,-0.170125827,-0.206608921,-1.40200734,0.000667235057,-0.883689165,0.0149883367,-0.467833847
26983604791944,119810,-0.170121491,-0.206605107,-1.40200543,0.000668765919,-0.883690536,0.0149863586,-0.467831194
26983621462725,119827,-0.170099914,-0.20661211,-1.40201998,0.000675887743,-0.883687615,0.0149890231,-0.467836738
26983638141267,119843,-0.170091122,-0.206608206,-1.40201342,0.000677499454,-0.88368392,0.0149887968,-0.467843711
26983654781423,119860,-0.170086965,-0.206609175,-1.40203106,0.00067101873,-0.883686721,0.0149897747,-0.467838407
26983671447881,119877,-0.170079246,-0.206611589,-1.40204978,0.000664433581,-0.883690476,0.0149910143,-0.467831224
26983688112256,119894,-0.17007269,-0.206600636,-1.40204704,0.000673538656,-0.883688748,0.0149995759,-0.467834145
26983704778298,119910,-0.170062333,-0.206596255,-1.40206087,0.000674031209,-0.883687615,0.0150067024,-0.467836052
26983721476319,119926,-0.170062289,-0.20658806,-1.40206182,0.000672596332,-0.883686602,0.0150088295,-0.46783793
26983738110902,119943,-0.170071304,-0.20658648,-1.40208888,0.000669026922,-0.883689642,0.0150099937,-0.467832059
26983754783715,119960,-0.170079142,-0.206580475,-1.40210176,0.00067238597,-0.883691251,0.0150099685,-0.467829168
26983771446475,119976,-0.170070738,-0.206578508,-1.40210831,0.000684339378,-0.88369298,0.0150131322,-0.467825711
26983788112569,119992,-0.170061231,-0.206581831,-1.40211976,0.000681672303,-0.883692384,0.0150144249,-0.467826843
26983804802413,120009,-0.170063078,-0.206582993,-1.40214598,0.000672396854,-0.88369298,0.0150107797,-0.46782577
26983821455486,120026,-0.170069396,-0.206588894,-1.40219498,0.000677024014,-0.883695006,0.0150167057,-0.467821866
26983838125433,120042,-0.170078784,-0.206581414,-1.40219784,0.000684942526,-0.883694232,0.0150167597,-0.467823267
26983854779548,120059,-0.170075431,-0.20659934,-1.40221739,0.00067875447,-0.883697331,0.0150195966,-0.467817247
26983871444496,120076,-0.170069963,-0.206622362,-1.40224612,0.000669844623,-0.883699119,0.0150190247,-0.467814028
26983888136736,120092,-0.17006816,-0.206623182,-1.40227282,0.000676764175,-0.883699358,0.0150212813,-0.467813402
26983904828038,120108,-0.170064241,-0.206626102,-1.40230894,0.000681116362,-0.883701086,0.0150304604,-0.467809856
26983921444756,120125,-0.170067608,-0.206624746,-1.40231788,0.00068190071,-0.883702695,0.0150353666,-0.467806697
26983938111736,120142,-0.170059189,-0.206655771,-1.4023627,0.000681474921,-0.88370496,0.0150386691,-0.467802376
26983954781111,120158,-0.170052707,-0.206677049,-1.40239,0.000677608536,-0.883702099,0.015039173,-0.467807621
26983971451006,120175,-0.170037538,-0.206684589,-1.40240991,0.000681419333,-0.883701384,0.0150466319,-0.467808843
26983988115069,120192,-0.170015782,-0.20669812,-1.40243983,0.000669929548,-0.883704722,0.0150489826,-0.467802435
26984004781683,120208,-0.17001693,-0.20668906,-1.40244508,0.000667283311,-0.88370502,0.0150456047,-0.467802048
26984021533558,120225,-0.170005441,-0.206671402,-1.40247762,0.000660021324,-0.883703113,0.0150519367,-0.467805475
26984038110277,120241,-0.169998616,-0.206654891,-1.40249312,0.000667017361,-0.883702576,0.015061561,-0.46780616
26984054796319,120257,-0.169989303,-0.206664726,-1.40250218,0.000659479818,-0.883703232,0.0150604593,-0.467804939
26984071454392,120274,-0.169979721,-0.206674248,-1.40251362,0.000644245825,-0.883702219,0.0150598157,-0.467806846
26984088112465,120291,-0.169980928,-0.206662193,-1.40252924,0.000645199034,-0.883698046,0.0150621273,-0.467814624
26984104788090,120307,-0.169976324,-0.206654996,-1.40256929,0.000651580282,-0.883694589,0.0150586264,-0.467821181
26984121448558,120323,-0.16997844,-0.206644073,-1.40258074,0.000652556773,-0.883690476,0.0150583936,-0.467828959
26984138314444,120341,-0.16997394,-0.206649899,-1.40258646,0.000644517248,-0.883695543,0.0150573766,-0.467819542
26984154851788,120357,-0.169972986,-0.206652313,-1.40258694,0.000640708022,-0.883696795,0.015055134,-0.467817187
26984171445017,120373,-0.169979692,-0.206649542,-1.40258586,0.000644395768,-0.883693159,0.0150579633,-0.467824072
26984188118454,120390,-0.169984594,-0.20665729,-1.40259612,0.000641797378,-0.883693516,0.0150570162,-0.467823416
26984204778923,120407,-0.169995695,-0.206661582,-1.40259421,0.000633594231,-0.883694947,0.0150539689,-0.467820793
26984221491319,120423,-0.170006067,-0.206673712,-1.40259719,0.000630403927,-0.883699,0.0150548136,-0.467813075
26984238167881,120440,-0.170019865,-0.206672981,-1.40259039,0.000638733385,-0.883698344,0.0150515288,-0.467814535
26984254779860,120456,-0.170019478,-0.206677616,-1.40259349,0.000636634359,-0.883699656,0.0150573663,-0.467811644
26984271473715,120473,-0.170020118,-0.206684053,-1.40259993,0.000627604139,-0.883702576,0.0150565794,-0.46780622
26984288109912,120489,-0.170039654,-0.206679672,-1.4025954,0.000626019493,-0.883702695,0.0150501933,-0.46780625
26984308339965,120509,-0.170068234,-0.206679255,-1.40260053,0.000630726339,-0.883706808,0.0150468256,-0.46779868
26984321481267,120522,-0.170081779,-0.206671357,-1.40259182,0.000633964024,-0.883705556,0.0150495907,-0.467800885
26984338114548,120540,-0.170075864,-0.206667528,-1.40258682,0.000624504988,-0.883709371,0.0150450375,-0.467793792
26984354807465,120556,-0.170075148,-0.206656784,-1.40257788,0.000626934168,-0.883710563,0.0150427995,-0.467791677
26984371447152,120572,-0.170075044,-0.206664771,-1.4025811,0.000631570583,-0.883711994,0.0150519451,-0.467788637
26984388119287,120589,-0.170069009,-0.206683546,-1.40259361,0.000627189875,-0.883715987,0.0150531521,-0.467781097
26984404784287,120605,-0.170075327,-0.20667626,-1.4025867,0.000622924184,-0.883719385,0.0150512839,-0.467774779
26984421458298,120622,-0.170081228,-0.206668347,-1.40257728,0.00061518763,-0.88372159,0.015047743,-0.467770725
26984438168506,120638,-0.170090795,-0.206657603,-1.40256131,0.000623678148,-0.883721709,0.0150516443,-0.467770189
26984454793871,120655,-0.170086056,-0.206635937,-1.4025619,0.000619923347,-0.883725047,0.0150569854,-0.46776396
26984471447725,120672,-0.170081168,-0.206612915,-1.40256166,0.000616972568,-0.88372761,0.0150537994,-0.467759103
26984488112464,120688,-0.170093596,-0.206602499,-1.40254438,0.000618188235,-0.883727193,0.0150509514,-0.467759967
26984504788142,120705,-0.170102432,-0.206604958,-1.40252745,0.000620708568,-0.883729339,0.0150487768,-0.467755973
26984521448037,120722,-0.170113906,-0.206600055,-1.40250802,0.000627520145,-0.883727908,0.0150444116,-0.467758685
26984538108714,120738,-0.170107916,-0.206607848,-1.40250802,0.000619828876,-0.883729935,0.0150439125,-0.46775493
26984554793454,120754,-0.170105636,-0.206610382,-1.40250516,0.000615564117,-0.883729458,0.0150429141,-0.467756063
26984571465433,120771,-0.170114815,-0.206632584,-1.40250492,0.000627046044,-0.883728683,0.0150450561,-0.467757404
26984588119027,120788,-0.170123294,-0.206667259,-1.40250885,0.000631972565,-0.883730114,0.0150510482,-0.467754513
26984604783037,120804,-0.170139864,-0.206663743,-1.40248919,0.000631584146,-0.883731186,0.0150475595,-0.467752486
26984621458246,120820,-0.170155659,-0.206661701,-1.40246415,0.000627805479,-0.883730948,0.0150419818,-0.467753142
26984638480381,120838,-0.17017436,-0.206653565,-1.40243578,0.000632249808,-0.883731842,0.0150394067,-0.467751622
26984654791006,120854,-0.170146391,-0.206667393,-1.40241563,0.000631563598,-0.883730829,0.0150477421,-0.467753202
26984671446631,120870,-0.170118168,-0.206681162,-1.40239465,0.000626566994,-0.88373208,0.0150458785,-0.467750996
26984688111319,120887,-0.170121312,-0.206683591,-1.40236974,0.000618457387,-0.883730948,0.0150441276,-0.467753172
26984704784860,120904,-0.170121998,-0.206691742,-1.40234876,0.00061785552,-0.883727849,0.0150418235,-0.467759013
26984721449808,120920,-0.170126751,-0.20669423,-1.40233207,0.000616789213,-0.883725703,0.0150546469,-0.467762679
26984738118714,120936,-0.170124501,-0.206713557,-1.40233099,0.000611124327,-0.883728266,0.0150563903,-0.467757881
26984754784339,120953,-0.17012395,-0.206727982,-1.40232301,0.000603491091,-0.883730948,0.0150547698,-0.467752874
26984771448923,120970,-0.170133635,-0.206730694,-1.40231073,0.000608963019,-0.883733273,0.015062103,-0.467748046
26984788110329,120986,-0.170145422,-0.206738979,-1.40230131,0.0006193585,-0.883733809,0.0150669478,-0.467746913
26984804782829,121003,-0.170152768,-0.206745476,-1.40227985,0.000622930005,-0.883733869,0.015067569,-0.467746794
26984821539131,121019,-0.170145929,-0.206766248,-1.40226698,0.00061352551,-0.883737504,0.0150691951,-0.46773991
26984838129287,121035,-0.170143992,-0.206779033,-1.40224814,0.000621667597,-0.883736074,0.0150769716,-0.467742443
26984854780381,121053,-0.170172811,-0.20678547,-1.40222549,0.000633697491,-0.883736372,0.0150735257,-0.467741877
26984871448662,121069,-0.170199469,-0.206793651,-1.40220714,0.000630927854,-0.883737504,0.0150702763,-0.46773982
26984888116475,121085,-0.170208499,-0.206803203,-1.4021951,0.000625682413,-0.88373971,0.0150711294,-0.467735589
26984904794496,121102,-0.170214057,-0.206818998,-1.40219712,0.000631224189,-0.883739889,0.0150670409,-0.467735499
26984921442829,121119,-0.170220807,-0.206823111,-1.40218163,0.000634801283,-0.883741081,0.0150685133,-0.467733204
26984938111110,121135,-0.170217544,-0.206817299,-1.40216279,0.000630248163,-0.883742571,0.0150659513,-0.467730492
26984954786475,121152,-0.170216069,-0.206812292,-1.40214014,0.000623848173,-0.883741319,0.0150546161,-0.467733175
26984971510173,121168,-0.170212179,-0.206825361,-1.40215337,0.000625541143,-0.883742332,0.0150612062,-0.467731059
26984988118766,121185,-0.170206398,-0.206843749,-1.40217566,0.00062394212,-0.883741498,0.015071949,-0.467732131
26985004780798,121202,-0.170207709,-0.206844404,-1.40216649,0.000619550061,-0.8837412,0.0150745595,-0.467732698
26985021452048,121218,-0.170198232,-0.20683676,-1.40216351,0.000616101664,-0.883739412,0.0150683802,-0.467736453
26985038120121,121234,-0.170194864,-0.206828311,-1.40215456,0.000619507453,-0.883736432,0.0150701609,-0.467741936
26985054764912,121251,-0.170185834,-0.206833363,-1.40216911,0.000625401386,-0.88373661,0.0150725748,-0.467741489
26985071476371,121268,-0.17017667,-0.206838399,-1.40218222,0.000621665095,-0.88373673,0.0150689567,-0.4677414
26985088114443,121284,-0.170177266,-0.206837535,-1.40217876,0.000619643019,-0.88373673,0.0150652407,-0.46774146
26985104786370,121301,-0.170172632,-0.206845149,-1.40219092,0.000617561687,-0.883731484,0.0150728952,-0.467751086
26985121444287,121318,-0.170171797,-0.206843525,-1.40219569,0.000621473358,-0.883731306,0.0150801688,-0.467751384
26985138111995,121334,-0.170146093,-0.206849992,-1.40222871,0.00061791914,-0.883731127,0.01508334,-0.467751563
26985154840902,121350,-0.170123294,-0.206855863,-1.40226007,0.000610430317,-0.883732319,0.0150911221,-0.467749059
26985171711839,121368,-0.170128211,-0.206865698,-1.4022671,0.000610701973,-0.883730173,0.0150967147,-0.467752904
26985188279495,121384,-0.17013377,-0.206884012,-1.40228271,0.000619527651,-0.88373059,0.0151067553,-0.46775189
26985204781370,121400,-0.170134172,-0.206903577,-1.40232098,0.00061431108,-0.883733094,0.0151141845,-0.467746764
26985221456787,121417,-0.170131892,-0.206921995,-1.4023701,0.000607536524,-0.88373518,0.0151184201,-0.467742801
26985238205954,121433,-0.170136958,-0.206921026,-1.4023788,0.000607967959,-0.883734703,0.0151210353,-0.467743665
26985254778975,121450,-0.170137644,-0.206907287,-1.40238643,0.000614070799,-0.883736014,0.0151266586,-0.467740923
26985271450485,121466,-0.170139372,-0.206893161,-1.40239227,0.000613804965,-0.88373673,0.0151285473,-0.467739582
26985288116943,121483,-0.170140132,-0.206891447,-1.40240967,0.000604765548,-0.883738577,0.0151312053,-0.467735827
26985304782881,121500,-0.170133978,-0.206894457,-1.40244961,0.000608572154,-0.883740127,0.0151301315,-0.467733055
26985321451943,121516,-0.17013143,-0.206892803,-1.40246725,0.000611940806,-0.883740366,0.0151342051,-0.467732489
26985338110120,121533,-0.170122594,-0.206901506,-1.40249002,0.000605783251,-0.883740544,0.0151349092,-0.467732131
26985354800381,121549,-0.170121193,-0.20690307,-1.40250826,0.000604952744,-0.883743405,0.0151267936,-0.467726946
26985371473714,121566,-0.170099184,-0.206913799,-1.40255201,0.000599109044,-0.883743644,0.0151298577,-0.467726439
26985388129652,121582,-0.170067191,-0.206931248,-1.40260804,0.000603596098,-0.883741796,0.0151344743,-0.467729717
26985404835797,121599,-0.170060366,-0.206938773,-1.40262961,0.000603203138,-0.883742511,0.0151356691,-0.467728376
26985421450537,121616,-0.170053959,-0.206963137,-1.40265489,0.000598021434,-0.883745849,0.0151316915,-0.467722118
26985438125693,121632,-0.170051038,-0.206971318,-1.40267217,0.000598801824,-0.883744538,0.0151332961,-0.467724621
26985454804756,121648,-0.170029402,-0.206967577,-1.40270698,0.000599364634,-0.883742988,0.0151478248,-0.467726976
26985471450745,121665,-0.170005411,-0.206963196,-1.40274906,0.000597830222,-0.883743823,0.0151537461,-0.467725396
26985488135641,121682,-0.169990689,-0.206944093,-1.40275621,0.000587147253,-0.883743525,0.0151513023,-0.467725962
26985504800329,121698,-0.169967741,-0.20692426,-1.40276134,0.000586179842,-0.88374418,0.015151768,-0.467724741
26985521448974,121715,-0.169954628,-0.206908315,-1.40276814,0.000588322291,-0.883741915,0.0151581764,-0.467728704
26985538136006,121732,-0.169930369,-0.206912398,-1.40280533,0.000590529235,-0.883743823,0.015158046,-0.467725217
26985554789599,121748,-0.16991058,-0.20691292,-1.40283525,0.000588068506,-0.883745372,0.0151585676,-0.467722237
