#host_mono_ns,seq,pos_x,pos_y,pos_z,quat_x,quat_y,quat_z,quat_w
168469844361,1964,0.258114934,-0.266171694,-0.460402012,0.0300384033,-0.445122838,0.0237279814,0.894650936
168486775923,1982,0.258150399,-0.26616329,-0.460383892,0.0300488658,-0.44513008,0.0237522349,0.894646406
168507326288,2001,0.258173287,-0.266156793,-0.460365742,0.0300707445,-0.445131391,0.0237757824,0.89464438
168519943579,2013,0.258182704,-0.266157001,-0.460347742,0.0300797988,-0.445127308,0.0237888731,0.89464581
168536911756,2031,0.258198857,-0.266156942,-0.460324764,0.0300815199,-0.445115834,0.0238044541,0.894650996
168553739569,2048,0.258217096,-0.266144902,-0.460321069,0.030059889,-0.445115089,0.0237809159,0.894652724
168569942850,2064,0.258234203,-0.26613301,-0.460318118,0.0300334245,-0.44510588,0.0237645935,0.894658625
168586599985,2080,0.258253217,-0.26612395,-0.46032384,0.0300235841,-0.445106477,0.0237411223,0.894659281
168603271548,2097,0.258284539,-0.266122848,-0.460340917,0.0300353486,-0.445104539,0.0237454884,0.894659758
168619937381,2114,0.258303791,-0.266119868,-0.460352838,0.0300557669,-0.44510895,0.0237658266,0.894656301
168636693996,2130,0.258322716,-0.266114831,-0.460365802,0.0300764814,-0.445116907,0.0237943474,0.894650877
168653346808,2147,0.258345544,-0.266106814,-0.460379034,0.0300722122,-0.445115,0.0238138009,0.894651473
168669926652,2163,0.258351356,-0.266090482,-0.460380942,0.0300602186,-0.445114911,0.0237980522,0.894652307
168686634673,2179,0.258358389,-0.266067773,-0.460379899,0.0300531071,-0.445111871,0.0237782914,0.894654691
168703443735,2197,0.258359849,-0.266049951,-0.460383445,0.0300489049,-0.445108265,0.023791099,0.894656241
168719936652,2213,0.258378625,-0.266033411,-0.460405946,0.0300531071,-0.44510439,0.0238094553,0.894657493
168736602381,2230,0.258397222,-0.266017139,-0.460425228,0.0300638359,-0.445104718,0.0238200184,0.894656777
168753266287,2246,0.258417308,-0.266008139,-0.46042937,0.0300679114,-0.445104957,0.0238300003,0.894656241
168769958527,2263,0.258445263,-0.265997231,-0.460435867,0.0300699435,-0.445107102,0.023845965,0.894654691
168786622173,2279,0.258449346,-0.265986055,-0.460439533,0.0300617646,-0.445106477,0.0238506459,0.894655049
168803270142,2296,0.258452773,-0.265970498,-0.460450768,0.0300625823,-0.445126772,0.0238465127,0.894645095
168819936496,2312,0.258453429,-0.265960634,-0.460455894,0.0300703626,-0.445120811,0.0238686055,0.894647241
168836598996,2329,0.258446574,-0.265955806,-0.460463643,0.0300704036,-0.445123553,0.0238651335,0.894645989
168853391392,2345,0.258441329,-0.265949339,-0.460473657,0.0300594028,-0.445119679,0.0238575768,0.894648492
168869937485,2361,0.258444607,-0.265940875,-0.460472345,0.0300443079,-0.445113301,0.0238540843,0.894652128
168886606860,2379,0.258451849,-0.265929759,-0.460468829,0.0300436448,-0.445120752,0.0238377582,0.894648969
168903274360,2395,0.258456796,-0.265918732,-0.460465789,0.0300449375,-0.445106298,0.0238179471,0.894656658
168919932590,2411,0.258447468,-0.265912473,-0.460472345,0.0300459918,-0.445110708,0.0237869974,0.894655228
168936953110,2429,0.258437693,-0.265905321,-0.460477024,0.0300483741,-0.445104063,0.0237929765,0.894658267
168953276287,2445,0.258447587,-0.265893191,-0.460482478,0.0300455634,-0.445115685,0.0237978119,0.894652486
168969937746,2461,0.258463472,-0.265883297,-0.460490167,0.0300495047,-0.445110291,0.0238179527,0.894654512
168986604829,2478,0.258469731,-0.265875936,-0.4604927,0.0300617404,-0.44511798,0.0238188952,0.894650221
169003277069,2494,0.258472294,-0.2658678,-0.460492909,0.0300572701,-0.445113301,0.0238199458,0.894652724
169019944256,2511,0.258475661,-0.265857756,-0.460493833,0.0300548431,-0.445104867,0.023812497,0.894657135
169036601183,2528,0.258495271,-0.265846401,-0.460505277,0.0300596766,-0.445102572,0.0237990748,0.894658446
169053312485,2544,0.258513868,-0.265833795,-0.460516274,0.0300647952,-0.445098162,0.0237859711,0.89466089
169069947381,2561,0.258500695,-0.265828967,-0.460521072,0.0300659873,-0.445103079,0.0237975921,0.894658089
169086604985,2577,0.25847736,-0.265827656,-0.46052438,0.0300727114,-0.445101082,0.0238111652,0.894658446
169103314256,2593,0.258467138,-0.265825361,-0.460530043,0.0300691687,-0.445099711,0.0238169283,0.894659102
169119934725,2611,0.25847128,-0.26581493,-0.460544348,0.0300713684,-0.445110589,0.0238119308,0.894653738
169136600246,2627,0.258476257,-0.265803665,-0.460552901,0.030070262,-0.445097715,0.0238214768,0.894659936
169153266808,2643,0.25848648,-0.265792072,-0.460560232,0.0300730709,-0.445098579,0.0238095354,0.894659758
169169941131,2660,0.25849852,-0.265777439,-0.460569084,0.0300715193,-0.445094794,0.023808321,0.894661725
169186615714,2677,0.25850153,-0.265767694,-0.46057573,0.0300710574,-0.445107281,0.0238255356,0.894655049
169203266704,2693,0.258508205,-0.265760273,-0.460585922,0.0300577153,-0.445105463,0.0238415953,0.894655943
169219936912,2710,0.258514166,-0.265753329,-0.460591316,0.0300545897,-0.445112497,0.0238304529,0.894652903
169236610194,2726,0.258530229,-0.265742064,-0.460600317,0.0300429389,-0.4451105,0.0238336138,0.894654155
169253265610,2743,0.25854975,-0.265729576,-0.460610628,0.0300421547,-0.445114166,0.0238393433,0.894652247
169270107329,2760,0.258561283,-0.26571998,-0.460607737,0.030041296,-0.445106387,0.023827754,0.894656479
169286665141,2776,0.25857538,-0.265709519,-0.460605294,0.0300351847,-0.445093185,0.0238168258,0.894663513
169303279308,2792,0.258583188,-0.265699863,-0.460603595,0.0300358105,-0.445102721,0.0238192938,0.894658685
169319942850,2809,0.258595586,-0.265695333,-0.460601628,0.0300416015,-0.445103109,0.0238358956,0.89465785
169336603475,2826,0.258608311,-0.265689224,-0.460598439,0.0300412588,-0.445105761,0.0238365903,0.894656479
169354061079,2843,0.258622169,-0.265682667,-0.460597456,0.030053528,-0.445106119,0.0238310546,0.894656062
169370356704,2859,0.258639365,-0.265676349,-0.460599869,0.0300514959,-0.44509685,0.023845138,0.894660413
169386650923,2875,0.25865078,-0.265668184,-0.460601211,0.0300328545,-0.445103258,0.0238493923,0.894657731
169403275714,2892,0.258660793,-0.265662074,-0.460597396,0.0300232805,-0.445088506,0.0238506701,0.894665301
169419939568,2909,0.258670479,-0.265653908,-0.460590661,0.0300139319,-0.445077538,0.0238220356,0.894671857
169437310089,2926,0.25868386,-0.265642285,-0.460583866,0.0300003905,-0.445076883,0.0237992201,0.894673228
169453292693,2941,0.2586945,-0.265634209,-0.460576862,0.0300084725,-0.445079297,0.0237963311,0.894671857
169469935402,2958,0.258700639,-0.265630633,-0.460568428,0.0300323199,-0.445082366,0.023815006,0.894668996
169486611808,2975,0.258706987,-0.265630335,-0.4605667,0.0300353151,-0.445080459,0.0238459427,0.894668996
169503300662,2991,0.258709908,-0.265627444,-0.460563749,0.0300322939,-0.445085794,0.0238608271,0.894666076
169521006704,3009,0.258704096,-0.265622497,-0.460571945,0.0300293434,-0.445101082,0.0238820463,0.894658029
169536601860,3025,0.258700669,-0.265615046,-0.460573822,0.0300136991,-0.445097536,0.0238897689,0.894660115
169553269360,3041,0.258699685,-0.265609741,-0.460563987,0.030015273,-0.445098996,0.0238624923,0.894660056
169570338110,3058,0.258701473,-0.265605628,-0.46055159,0.030034706,-0.445087194,0.0238212459,0.894666374
169586601339,3074,0.258704454,-0.265600204,-0.460543334,0.0300382189,-0.445079058,0.0237948243,0.894671023
169604324152,3092,0.258711994,-0.265597492,-0.460551351,0.0300231986,-0.445073545,0.0237996038,0.894674122
169619932329,3107,0.258713067,-0.265594572,-0.460556686,0.030005943,-0.445078731,0.023816837,0.894671679
169636602433,3124,0.258700132,-0.265589833,-0.460565865,0.0300094783,-0.445104092,0.0238461681,0.894658148
169653288527,3141,0.25868994,-0.265583485,-0.46057272,0.0300158635,-0.445098966,0.0238820426,0.894659519
169670208162,3158,0.258688211,-0.265573949,-0.460576057,0.0300298873,-0.445122778,0.023908522,0.894646525
169686625558,3174,0.258696318,-0.265560269,-0.460583538,0.0300478097,-0.445120543,0.0239236467,0.894646585
169703413943,3190,0.258699775,-0.265546322,-0.460582346,0.0300519466,-0.445129275,0.0238995273,0.89464277
169720036756,3207,0.25870353,-0.265543163,-0.460587829,0.0300458595,-0.445119917,0.0238883421,0.894647956
169736609308,3223,0.258708,-0.265538245,-0.460591942,0.0300304126,-0.445106953,0.0238805991,0.894655108
169753274516,3240,0.258712113,-0.265524834,-0.460594714,0.0300157927,-0.44511658,0.0238732323,0.894650996
169769958891,3256,0.258720249,-0.265510857,-0.460599959,0.030007476,-0.445113122,0.0238830093,0.894652784
169786614725,3273,0.258726895,-0.265502363,-0.460603118,0.0300176907,-0.445107222,0.0238975491,0.894654989
169803277745,3290,0.258734614,-0.265498102,-0.460608423,0.0300298855,-0.445112675,0.0239004996,0.894651771
169820000506,3306,0.258738041,-0.265490621,-0.460611552,0.0300362725,-0.445109814,0.0239100438,0.894652724
169836605245,3322,0.258732736,-0.265481472,-0.460611582,0.0300464779,-0.445119828,0.0239103772,0.89464736
169853814256,3340,0.25872761,-0.265471876,-0.460608602,0.0300582312,-0.445125282,0.023914801,0.894644141
169869950089,3356,0.258730948,-0.265464365,-0.46061337,0.0300484486,-0.4451195,0.0239186529,0.894647241
169886623214,3373,0.258741856,-0.265457273,-0.460625857,0.0300316121,-0.445114374,0.0239029229,0.894650698
169904012120,3390,0.258747935,-0.265450984,-0.460627973,0.0300233401,-0.44510448,0.0238818731,0.894656539
169919940610,3405,0.258751094,-0.265452147,-0.460629404,0.0300166719,-0.445108682,0.0238738842,0.89465493
169936606391,3422,0.258751571,-0.265455842,-0.460628867,0.0300302804,-0.445110232,0.0238816421,0.89465344
169953267850,3438,0.258749247,-0.265459239,-0.460630417,0.0300434306,-0.445109338,0.023892248,0.894653141
169970159829,3455,0.258746505,-0.265469015,-0.460640907,0.0300489087,-0.445111006,0.0238919985,0.894652188
169986605141,3472,0.258745372,-0.265476942,-0.460645407,0.0300535802,-0.445119917,0.0239033028,0.894647241
170003686183,3489,0.258746654,-0.265475541,-0.460654378,0.0300547443,-0.445127159,0.0239273701,0.894643009
170019996235,3505,0.258749306,-0.265475124,-0.460660636,0.0300587285,-0.445130944,0.0239425208,0.894640505
170036604568,3521,0.258743525,-0.265488982,-0.460660845,0.0300663356,-0.445129544,0.0239397176,0.894641042
170053431287,3538,0.258735001,-0.265503019,-0.460662365,0.03006473,-0.445148081,0.023941122,0.894631922
170069933422,3554,0.258734912,-0.265503943,-0.460659474,0.030073259,-0.445159644,0.0239630882,0.894625247
170086691339,3571,0.258736312,-0.265498042,-0.460655868,0.0300857574,-0.445157945,0.0239755828,0.894625366
170103278787,3587,0.258737206,-0.265494972,-0.460653931,0.0301068816,-0.445160151,0.0239848737,0.89462328
170120200454,3605,0.258731693,-0.265491575,-0.460666895,0.0301152077,-0.445171952,0.0240013544,0.894616663
170136675193,3621,0.258727729,-0.265488207,-0.460675985,0.0301104635,-0.44517833,0.0240222979,0.894613028
170154115610,3638,0.258724511,-0.265491068,-0.460680008,0.0300946925,-0.445176274,0.0240339488,0.894614339
170169954256,3654,0.25872457,-0.265496254,-0.460682094,0.0300867744,-0.445164442,0.0240330212,0.894620538
170186610558,3670,0.258725554,-0.265499145,-0.460678369,0.0300913285,-0.445171267,0.0240180343,0.894617379
170203271756,3687,0.25871259,-0.265507549,-0.460682809,0.0301148817,-0.445181578,0.0240192115,0.894611418
170219938995,3704,0.258701593,-0.265518576,-0.460683912,0.0301476605,-0.445189297,0.0240374301,0.894605994
170236602589,3720,0.258695841,-0.26552543,-0.460677922,0.0301686991,-0.445189178,0.0240577403,0.894604802
170253308318,3737,0.258690894,-0.265529007,-0.460671902,0.0301646125,-0.445180774,0.0240819287,0.894608438
170269936756,3753,0.258689165,-0.265518397,-0.460667878,0.0301277973,-0.445183039,0.0240803286,0.894608676
170286606547,3770,0.258685946,-0.265502512,-0.460664362,0.0301047973,-0.445190787,0.0240546782,0.894606233
170304117745,3788,0.258685887,-0.265499085,-0.46065855,0.030112084,-0.445203215,0.0240568053,0.894599736
170319935610,3803,0.258689523,-0.265503466,-0.460656703,0.0301304106,-0.445200622,0.0240859147,0.894599617
170336613839,3819,0.258694172,-0.26550734,-0.460651726,0.0301504489,-0.445205212,0.0240944866,0.894596457
170353270193,3836,0.258702606,-0.265504628,-0.460641116,0.0301571246,-0.445217162,0.0240991954,0.894590199
170371547433,3854,0.258711249,-0.265498072,-0.460632324,0.0301653277,-0.445236117,0.0241356175,0.894579411
170386617954,3870,0.258716673,-0.265495509,-0.460630715,0.0301712044,-0.445249081,0.0241674166,0.89457196
170403266756,3886,0.258726239,-0.265492976,-0.460642517,0.0301719289,-0.445242703,0.0241795909,0.894574761
170419938162,3902,0.258738339,-0.265489668,-0.460645437,0.0301600099,-0.445235938,0.0241608284,0.894579053
170436599516,3919,0.258737653,-0.265490055,-0.460635155,0.0301453006,-0.445236713,0.0241243821,0.894580126
170453278631,3936,0.258730382,-0.265493512,-0.460624635,0.0301520415,-0.445239216,0.0241229814,0.894578695
170469938006,3952,0.258730769,-0.265497327,-0.460618585,0.0301717035,-0.445243299,0.0241409671,0.894575536
170486595922,3969,0.258731902,-0.265506446,-0.460622519,0.0301982202,-0.445250064,0.0241806246,0.894570172
170503286756,3985,0.25873211,-0.26551035,-0.46062395,0.0302006379,-0.445253104,0.0242037401,0.894567966
170519930922,4002,0.25872153,-0.265507787,-0.460629255,0.0301927309,-0.445269227,0.0241984371,0.894560337
170536604412,4019,0.258713067,-0.265509307,-0.460630119,0.030188065,-0.44526726,0.0242061112,0.894561231
170553318214,4035,0.258711606,-0.26550737,-0.460627556,0.0301876757,-0.445274353,0.0242114104,0.894557595
170570209933,4052,0.258709371,-0.265501857,-0.460630774,0.0301919747,-0.445285887,0.0242223106,0.894551396
170586623422,4068,0.258710742,-0.265500188,-0.460631639,0.0301887374,-0.445266098,0.0242121965,0.894561708
170603270037,4085,0.258705109,-0.265504986,-0.460643142,0.0301883053,-0.445280105,0.0241731182,0.894555688
170619938370,4101,0.258699566,-0.26550898,-0.460650712,0.0301859844,-0.445278525,0.0242003016,0.894555926
170636608474,4118,0.258701444,-0.26550895,-0.460665017,0.0301957894,-0.445299894,0.0242575556,0.894543409
170653277641,4135,0.258706033,-0.265509933,-0.460681766,0.0302093998,-0.445305586,0.0242889747,0.894539237
170669942224,4151,0.258701652,-0.265514404,-0.460681021,0.0302104782,-0.445304841,0.0242940374,0.894539416
170686600506,4167,0.258688569,-0.265518576,-0.460674584,0.0302059706,-0.44531396,0.0242882892,0.894535244
170703406339,4185,0.258682936,-0.265521109,-0.460666716,0.030215038,-0.445312679,0.0242791697,0.89453578
170719937745,4201,0.258688807,-0.265522093,-0.460667998,0.0302213263,-0.445316166,0.024272969,0.894533992
170736597328,4217,0.258693457,-0.265524417,-0.4606722,0.0302321911,-0.445320636,0.0242816303,0.894531131
170753276860,4233,0.258688748,-0.26552397,-0.460674554,0.0302307606,-0.445334792,0.0243114978,0.894523323
170769943110,4251,0.258682251,-0.265521824,-0.460675687,0.0302394237,-0.445349693,0.0243333131,0.894515097
170786603318,4267,0.258682042,-0.265525639,-0.460674435,0.0302540213,-0.445348918,0.0243476033,0.894514501
170803269360,4283,0.258683026,-0.265527159,-0.460679114,0.0302449241,-0.445346475,0.0243600495,0.894515753
170819937120,4300,0.258686453,-0.265529841,-0.460685313,0.030231297,-0.445351928,0.0243558306,0.894513667
170836615453,4317,0.258688867,-0.265529424,-0.460696876,0.0302243549,-0.445348024,0.0243095607,0.894517004
170861281495,4341,0.258693933,-0.265530437,-0.460708082,0.0302433334,-0.445336998,0.0242657959,0.894523084
170869933630,4350,0.25869447,-0.265527159,-0.46070987,0.0302508436,-0.445339859,0.0242740884,0.894521177
170886599880,4367,0.258694619,-0.2655209,-0.460714817,0.030251706,-0.445341319,0.0243101381,0.894519448
170903311339,4383,0.258694977,-0.265517712,-0.460718572,0.0302440431,-0.445343405,0.0243200269,0.894518435
170921398995,4401,0.258683652,-0.265521437,-0.460720748,0.0302530248,-0.445350409,0.0243152566,0.894514799
170936601235,4416,0.258673936,-0.265526086,-0.460725784,0.0302593596,-0.445360243,0.0243316945,0.894509137
170953261703,4433,0.258670092,-0.265521228,-0.460728467,0.0302636772,-0.445365667,0.024353385,0.89450568
170971030610,4450,0.258667469,-0.265512824,-0.460727245,0.0302832033,-0.445370287,0.024359582,0.89450264
170986615505,4466,0.258664787,-0.265512258,-0.460732698,0.0302887782,-0.445376933,0.024363691,0.894499004
171003540037,4483,0.258657902,-0.265518486,-0.460747242,0.0302983876,-0.445393294,0.0243913531,0.894489765
171019932120,4499,0.258651793,-0.265522182,-0.460759163,0.030305177,-0.445410192,0.0244355854,0.89447993
171036605766,4515,0.258651108,-0.265516758,-0.460763812,0.0303126723,-0.445427895,0.0244583823,0.894470274
171053275401,4532,0.258653909,-0.265507668,-0.460767716,0.0303197652,-0.445439398,0.0244655814,0.894464076
171069935557,4549,0.25865379,-0.265495569,-0.460772038,0.0303026214,-0.445429116,0.0244629849,0.894469798
171086626912,4565,0.258649081,-0.265480965,-0.460775316,0.0302883685,-0.445420235,0.0244365986,0.89447546
171103643787,4582,0.25864768,-0.265468925,-0.460776567,0.0302789137,-0.445406735,0.0244032349,0.894483447
171119940401,4599,0.258645415,-0.265465349,-0.460773647,0.030275207,-0.445406914,0.0243830774,0.894483984
171136603162,4615,0.258638978,-0.26546371,-0.460773557,0.030288225,-0.445419729,0.0244008508,0.894476712
171153279047,4631,0.25863263,-0.265455395,-0.460776985,0.0303105861,-0.445430517,0.0244502965,0.894469202
171170165870,4648,0.258629799,-0.265442073,-0.460780919,0.0303302165,-0.445445955,0.0244957972,0.894459605
171186608787,4665,0.258629262,-0.265430868,-0.460789293,0.030338021,-0.445450604,0.0245159566,0.894456506
171203269099,4681,0.258632988,-0.265427977,-0.460801601,0.0303193703,-0.445444793,0.0245183278,0.894459903
171219950974,4697,0.258638144,-0.265422046,-0.460812479,0.0303011127,-0.445442021,0.0244866107,0.894462764
171236634255,4715,0.25865674,-0.265406519,-0.460820138,0.0302934144,-0.445425481,0.0244344305,0.894472718
171254275557,4732,0.258673072,-0.265393853,-0.46082741,0.0302834418,-0.445416749,0.024401091,0.894478321
171269932745,4747,0.258676022,-0.265391827,-0.460838258,0.030295562,-0.44543609,0.024409838,0.894468069
171286599932,4763,0.258677423,-0.265397459,-0.460851967,0.0303267054,-0.445445627,0.0244546421,0.894461036
171303282537,4780,0.258676291,-0.265402496,-0.460866719,0.0303522907,-0.445467561,0.0245262794,0.894447267
171340149151,4817,0.258673221,-0.265432924,-0.460878611,0.0303816684,-0.44549337,0.0245782118,0.894432008
171340181964,4817,0.258673221,-0.265432924,-0.460878611,0.0303816684,-0.44549337,0.0245782118,0.894432008
171356962537,4833,0.258673131,-0.265424073,-0.460888982,0.0303625297,-0.445506752,0.02455098,0.894426703
171373612953,4851,0.258673608,-0.265412807,-0.460898876,0.0303514507,-0.445494831,0.024517322,0.894433975
171390537693,4867,0.258680761,-0.265403897,-0.460898459,0.0303512309,-0.445490211,0.0244972929,0.894436836
171407030245,4883,0.258687198,-0.265390933,-0.460893035,0.0303632021,-0.445501208,0.0245124605,0.894430578
171423981130,4901,0.258688122,-0.265384495,-0.460894018,0.0303904787,-0.445511371,0.0245577376,0.894423306
171440270609,4916,0.258678645,-0.265383363,-0.46089226,0.030406503,-0.44553858,0.0245898981,0.894408286
171456948214,4933,0.258668929,-0.265380085,-0.460889399,0.0304081459,-0.445556462,0.0246364102,0.894398034
171473620193,4950,0.258663237,-0.265382022,-0.460897535,0.0303873029,-0.445568115,0.02467102,0.894392014
171490280245,4966,0.258660138,-0.265386641,-0.460904658,0.0303585511,-0.445573032,0.0246434957,0.894391298
171507065036,4983,0.258665204,-0.265383422,-0.46090275,0.0303587727,-0.445560783,0.0245688129,0.894399464
171523605714,5000,0.258660734,-0.265372634,-0.460897207,0.0303868428,-0.445560366,0.024527844,0.894399822
171540276026,5016,0.258654207,-0.265363008,-0.460895658,0.0304056946,-0.445551991,0.0245507993,0.894402742
171556946339,5032,0.258639932,-0.265356421,-0.460896015,0.0304179918,-0.445561558,0.0245770905,0.894396782
171573701911,5050,0.258621216,-0.26534906,-0.460896522,0.0304139368,-0.445571125,0.0246098302,0.894391298
171590272224,5066,0.258615464,-0.265336871,-0.460897982,0.0303974375,-0.445580631,0.0246252995,0.894386709
171606944047,5082,0.258608341,-0.265329212,-0.460894644,0.0304085687,-0.445587337,0.0246342923,0.894382715
171623623474,5099,0.258605659,-0.265323013,-0.460891843,0.0304161869,-0.445587397,0.0246285573,0.894382596
171640277745,5116,0.25860104,-0.265351385,-0.460892528,0.0304175299,-0.445582598,0.0246117059,0.894385397
171657967953,5133,0.258598983,-0.26537472,-0.460894793,0.0304054581,-0.445563376,0.0245899279,0.894395947
171673607172,5148,0.25860402,-0.265369952,-0.460899174,0.0303768199,-0.445545554,0.0245644078,0.894406497
171691139047,5166,0.258607686,-0.265362114,-0.460909516,0.0303453933,-0.445547491,0.0245453715,0.894407153
171706954984,5182,0.258600771,-0.265366316,-0.460917532,0.0303445756,-0.445564449,0.0245688204,0.894398093
171723603266,5198,0.258587778,-0.265388429,-0.460920036,0.0303712264,-0.445568919,0.0246031359,0.89439404
171740274932,5215,0.258576751,-0.265406489,-0.460922211,0.0303993486,-0.445575535,0.0246354863,0.894388914
171756936807,5232,0.258579671,-0.265414149,-0.460927069,0.0303995274,-0.445563704,0.0246531926,0.894394279
171773607172,5248,0.258584976,-0.265418649,-0.460933983,0.0303819068,-0.445563078,0.0246421434,0.894395471
171790275557,5264,0.25858748,-0.265420437,-0.460936934,0.0303590093,-0.445554048,0.0246206149,0.894401371
171806959516,5281,0.258590519,-0.265426427,-0.460943013,0.0303473789,-0.445546389,0.0245946851,0.894406259
171823610193,5298,0.258591652,-0.265426129,-0.460950255,0.0303433798,-0.445549101,0.0245744828,0.894405663
171840269880,5314,0.258589894,-0.265406579,-0.460957259,0.0303551555,-0.445564538,0.0245751366,0.894397557
171856918109,5331,0.258587271,-0.265387267,-0.460964024,0.0303732362,-0.445562482,0.0246103685,0.89439702
171873610505,5348,0.258583605,-0.265390247,-0.460964024,0.0303915609,-0.445566475,0.0246413257,0.894393504
171890296495,5364,0.258581489,-0.265399903,-0.460958213,0.0304037165,-0.445560843,0.0246613696,0.894395351
171906950609,5380,0.258586407,-0.265391767,-0.460954338,0.0303864703,-0.445558906,0.0246406123,0.894397497
171923680974,5398,0.258599669,-0.265366495,-0.460943729,0.0303555131,-0.445552707,0.0245817322,0.894403219
171940269828,5414,0.258609176,-0.265349478,-0.460936457,0.0303494129,-0.445547611,0.0245279111,0.894407451
171956942224,5430,0.258609951,-0.265336215,-0.460933924,0.0303506926,-0.445541054,0.0245349463,0.894410491
171973615818,5446,0.258608639,-0.265324026,-0.460931599,0.0303630177,-0.445538372,0.0245689787,0.894410491
171990279828,5463,0.258607864,-0.265326619,-0.460939556,0.0303808246,-0.445539773,0.02460902,0.894408107
172006947120,5480,0.258607924,-0.265335381,-0.460960478,0.0303753577,-0.445548981,0.0246353503,0.894402981
172023609099,5496,0.258607924,-0.265337586,-0.46097365,0.0303670764,-0.445563167,0.0246705841,0.894395173
172040302692,5513,0.258603483,-0.265344411,-0.460986316,0.0303723477,-0.445572734,0.0246837754,0.894389868
172056946182,5530,0.258604169,-0.265351087,-0.460998267,0.030360939,-0.445558459,0.0246579889,0.894398093
172073655870,5546,0.258610964,-0.265350461,-0.460997373,0.0303507447,-0.445547819,0.024603432,0.894405246
172090285140,5562,0.258611947,-0.26535809,-0.460987121,0.0303208083,-0.445530713,0.0245727282,0.894415617
172106947797,5580,0.258612335,-0.265363067,-0.460984588,0.0302878041,-0.445522457,0.0245575253,0.89442122
172123609411,5596,0.258613825,-0.265357137,-0.460989535,0.0302645434,-0.445510358,0.0245347954,0.89442873
172140278786,5612,0.258612961,-0.265355438,-0.460995317,0.0302538071,-0.445511609,0.0245344397,0.894428432
172156957328,5628,0.258612126,-0.265354842,-0.461000234,0.0302549955,-0.445516586,0.0245523341,0.894425452
172173829307,5646,0.258618385,-0.265346855,-0.460993886,0.0302759763,-0.445516676,0.02455521,0.894424617
172190420036,5662,0.258627325,-0.265340686,-0.460983872,0.0302975252,-0.445509076,0.0245265346,0.894428492
172206938838,5678,0.258633673,-0.265336841,-0.460971743,0.030291222,-0.445486456,0.0244959854,0.89444077
172223619307,5696,0.258643836,-0.265327811,-0.460968107,0.030232938,-0.445470959,0.0244532339,0.894451618
172240285817,5712,0.258655638,-0.265332043,-0.46097818,0.0301793832,-0.445464075,0.024420483,0.894457817
172256952015,5728,0.258664161,-0.265345454,-0.460989296,0.0301580038,-0.445459574,0.0244048666,0.894461155
172273616755,5745,0.258665353,-0.26536119,-0.460994005,0.0301742535,-0.44547233,0.024416076,0.894453943
172290294099,5761,0.258659035,-0.265385717,-0.460990548,0.030208217,-0.445473254,0.0244596917,0.894451141
172306948005,5778,0.258658439,-0.265404522,-0.460985959,0.0302234758,-0.445457816,0.0244832933,0.894457638
172323705765,5795,0.258677661,-0.265413225,-0.460979074,0.0302132405,-0.445457458,0.0244482104,0.894459188
172340282484,5811,0.258696705,-0.265419751,-0.460977197,0.0301801059,-0.44545117,0.0244075116,0.894464493
172356939567,5828,0.258698463,-0.265423357,-0.460986674,0.0301450286,-0.445438832,0.0243702475,0.894472897
172373617380,5845,0.258695245,-0.265427917,-0.460996389,0.0301250611,-0.445425123,0.0243419502,0.894481182
172390275765,5861,0.258697629,-0.265438318,-0.461003721,0.0301284771,-0.445414007,0.0243361089,0.894486725
172406960661,5877,0.258696944,-0.265443265,-0.461011648,0.0301379785,-0.44541648,0.0243510101,0.894484758
172423697484,5894,0.258696914,-0.265448183,-0.461023122,0.0301474165,-0.445415586,0.0243624412,0.89448458
172440276599,5911,0.258707643,-0.265450329,-0.461032003,0.0301617421,-0.445419759,0.0243644565,0.894481957
172456944359,5927,0.258721352,-0.265443474,-0.461039364,0.0301610585,-0.445427209,0.0243650582,0.894478261
172473724307,5944,0.258727074,-0.265445143,-0.461046398,0.0301532708,-0.445435733,0.0243639741,0.894474328
172491359099,5961,0.258725822,-0.265455633,-0.4610506,0.0301424302,-0.445425749,0.0243674256,0.894479573
172506944828,5977,0.258729875,-0.265462101,-0.461057842,0.0301251616,-0.445413649,0.0243652128,0.894486189
172523606182,5993,0.258735001,-0.265465647,-0.461062789,0.0301116202,-0.445401281,0.024358565,0.894492984
172540278109,6010,0.258741677,-0.265466213,-0.461065739,0.030094292,-0.445391744,0.0243328754,0.894499004
172556958213,6027,0.25875333,-0.265456349,-0.461067945,0.0300706383,-0.445386052,0.02430618,0.894503415
172573723734,6043,0.258767068,-0.265440553,-0.461064428,0.0300681498,-0.445365518,0.0242802426,0.894514322
172590276546,6059,0.25877589,-0.265432447,-0.461066157,0.0300587658,-0.445358485,0.0242503658,0.894519031
172606940140,6077,0.25877434,-0.265424252,-0.461068839,0.0300344899,-0.445355833,0.0242498089,0.894521117
172623634255,6093,0.258771449,-0.265418202,-0.461071461,0.0300279744,-0.44536382,0.0242626723,0.894517124
172640272692,6109,0.258779705,-0.265416682,-0.461067677,0.0300301928,-0.445361465,0.0242668949,0.894518018
172656969515,6126,0.258791029,-0.265416205,-0.461059332,0.0300328415,-0.445348948,0.0242609903,0.894524395
172673635921,6142,0.25879693,-0.265415847,-0.461054504,0.0300284941,-0.445339829,0.0242403168,0.894529581
172690282380,6159,0.258796066,-0.265413731,-0.461050421,0.0300154369,-0.445342451,0.0242262799,0.894529104
172706972744,6175,0.258795798,-0.26540947,-0.461049169,0.0300014857,-0.44534573,0.0242287088,0.894527853
172723619932,6192,0.258807719,-0.265406549,-0.461044639,0.0300065037,-0.44534564,0.0242297649,0.894527674
172740282432,6209,0.258821607,-0.265407354,-0.461039484,0.0300255772,-0.445350885,0.0242371056,0.894524217
172756986182,6226,0.258827597,-0.265404552,-0.461041659,0.0300384462,-0.445356697,0.0242408644,0.894520879
172773875817,6242,0.258829266,-0.265392691,-0.461051583,0.0300312005,-0.4453637,0.0242324099,0.894517779
172790305505,6258,0.25883317,-0.265384525,-0.461054862,0.030025946,-0.445357591,0.0242434423,0.89452076
172806952223,6275,0.25883621,-0.265370667,-0.461036533,0.0300235581,-0.445340842,0.0242337938,0.894529462
172823708838,6292,0.258843571,-0.265358329,-0.461017698,0.0300215129,-0.445330352,0.0241828728,0.894536078
172840281494,6308,0.258843362,-0.265352011,-0.461012065,0.0300309379,-0.445335448,0.0241461918,0.89453429
172856941598,6325,0.258833408,-0.265345901,-0.461008906,0.030058369,-0.445351481,0.0241587814,0.894525051
172873624984,6341,0.258832037,-0.26534912,-0.461009413,0.0300765391,-0.445343047,0.0242009126,0.894527435
172890294723,6358,0.258830369,-0.265356034,-0.461016983,0.030066615,-0.445334166,0.0242085326,0.894532025
172906949515,6374,0.258833766,-0.265356451,-0.461023003,0.0300525445,-0.445340991,0.0241896957,0.894529581
172923610453,6391,0.258830011,-0.26535669,-0.461043596,0.0300432015,-0.445355803,0.0241982006,0.894522309
172940291963,6408,0.258824289,-0.265361726,-0.461061835,0.0300669335,-0.445359647,0.0242119879,0.894519269
172956946078,6424,0.258825302,-0.265365869,-0.461056471,0.0300916564,-0.445343196,0.024209952,0.89452666
172973632484,6441,0.258819044,-0.265372396,-0.461048394,0.0300868638,-0.445343584,0.0242067389,0.89452672
172990301755,6457,0.258817881,-0.265379578,-0.461043894,0.0300770346,-0.44534868,0.0241932403,0.894524813
173007321703,6474,0.258822471,-0.265391469,-0.461042225,0.030068161,-0.4453471,0.0241806209,0.894526243
173023628369,6490,0.258824706,-0.265398175,-0.46104297,0.0300678629,-0.445352018,0.0241981111,0.894523323
173040303161,6507,0.258824825,-0.265400618,-0.461050063,0.0300816111,-0.445361286,0.0242365412,0.894517183
173056940609,6524,0.25882864,-0.265398741,-0.461057365,0.0300870743,-0.445365459,0.024228882,0.894515157
173073640713,6540,0.258829206,-0.265394241,-0.461061478,0.0300823003,-0.445375055,0.0242173579,0.894510865
173090284098,6557,0.25882262,-0.265389919,-0.461065382,0.0300954487,-0.445378989,0.0242554154,0.894507468
173106957796,6573,0.258820146,-0.265389323,-0.461066693,0.0301120412,-0.445382595,0.0242882706,0.894504189
173123607119,6590,0.258821785,-0.265398592,-0.461056352,0.030109901,-0.445380062,0.0242948737,0.894505382
173140281025,6607,0.258824259,-0.265406281,-0.461046636,0.0300960839,-0.445383906,0.0242773406,0.894504368
173156940869,6623,0.258820981,-0.265404016,-0.46104908,0.0300770178,-0.44538936,0.0242733154,0.894502401
173173655036,6639,0.258811712,-0.265405089,-0.461051106,0.0300673209,-0.445385605,0.0242796615,0.894504428
173190292900,6656,0.258808076,-0.265408665,-0.461051315,0.0300705284,-0.445377469,0.0242902581,0.894508123
173206940557,6673,0.258807689,-0.265411675,-0.461052895,0.0300728977,-0.445362061,0.0242857207,0.894515812
173223626755,6689,0.258809268,-0.265411049,-0.461051971,0.0300654303,-0.445358038,0.0242606252,0.894518733
173240277692,6705,0.258802623,-0.265408605,-0.461039543,0.0300404783,-0.445350677,0.0242426191,0.894523799
173256958786,6723,0.2587865,-0.265406966,-0.461020887,0.0300365668,-0.445355654,0.0242394321,0.894521475
173273618057,6739,0.258776903,-0.265402257,-0.461012065,0.0300505403,-0.44537124,0.0242648758,0.894512594
173290284723,6755,0.258764148,-0.265392601,-0.460999191,0.0300822649,-0.445386052,0.0243098661,0.894502938
173306949619,6772,0.258755058,-0.265384912,-0.460986346,0.0301128943,-0.445391983,0.0243527573,0.894497752
173323630765,6788,0.258756101,-0.265388906,-0.460975379,0.0301164556,-0.445388347,0.0243748948,0.894498825
173340352432,6805,0.258762211,-0.265386403,-0.4609662,0.0300975256,-0.445374757,0.0243603773,0.894506633
173356946754,6822,0.258776188,-0.265374362,-0.460967183,0.0300520845,-0.445358872,0.024298355,0.894517779
173373752588,6838,0.258790582,-0.26536575,-0.460970253,0.0300369766,-0.445358396,0.0242350232,0.894520164
173390278734,6855,0.258791745,-0.26535961,-0.460967064,0.030046504,-0.445358872,0.0242319666,0.894519746
173406979463,6871,0.258782119,-0.265348583,-0.460952133,0.0300687291,-0.445366412,0.0242705941,0.894514203
173423636911,6888,0.258771032,-0.265336186,-0.460937053,0.0300863609,-0.445368379,0.0243271291,0.894511044
173440292744,6904,0.258771271,-0.265335768,-0.460935622,0.0300732069,-0.445363611,0.0243545007,0.89451319
173457069046,6922,0.258775592,-0.265333384,-0.460935473,0.0300376751,-0.445376009,0.0243273899,0.894508958
173473811025,6938,0.25877741,-0.26532656,-0.460934639,0.0300296079,-0.445383847,0.024274135,0.894506752
173491084411,6954,0.258778393,-0.265327066,-0.460944593,0.0300617535,-0.445392191,0.02423862,0.894502401
173507153786,6971,0.25877583,-0.265329957,-0.460947633,0.0300949793,-0.445389956,0.02425397,0.894502044
173523614098,6987,0.258775294,-0.265328586,-0.460956663,0.0301105399,-0.445392221,0.0242890082,0.894499481
173540299046,7003,0.25877282,-0.265324146,-0.460970044,0.0301074795,-0.44540295,0.0243256669,0.894493163
173556945504,7021,0.258762836,-0.265320629,-0.460976422,0.0301099997,-0.44540444,0.0243468788,0.894491851
173573635400,7037,0.25875777,-0.265315324,-0.460984975,0.0300882813,-0.445400149,0.0243294276,0.89449513
173590376442,7053,0.258758307,-0.26530695,-0.460983038,0.0300731231,-0.445377469,0.0242798347,0.894508302
173606946754,7070,0.258759618,-0.265300512,-0.460971624,0.0300677828,-0.445365816,0.0242153946,0.894515991
173623610348,7087,0.258755267,-0.265295237,-0.460966676,0.0300682411,-0.445372164,0.0241987556,0.894513309
173640281442,7103,0.258750409,-0.265302151,-0.460971832,0.0300841108,-0.445364058,0.0242419783,0.894515634
173656948838,7120,0.258747041,-0.265311271,-0.460977703,0.0300981328,-0.44535166,0.0242957566,0.894519925
173673619359,7136,0.258751631,-0.265304625,-0.460976958,0.0300791394,-0.445339352,0.0242916308,0.89452672
173690282223,7152,0.258760929,-0.265294373,-0.460978448,0.0300557557,-0.445358425,0.0242487323,0.89451921
173706953838,7170,0.258764207,-0.265284657,-0.460974842,0.0300609618,-0.445367396,0.024223825,0.894515216
173723610817,7186,0.258771539,-0.265291154,-0.46097964,0.0300943218,-0.445353448,0.0242068786,0.894521534
173740537848,7203,0.25878042,-0.265305579,-0.460989833,0.03015103,-0.445353508,0.0241984241,0.894519866
173756946390,7220,0.258779585,-0.265309513,-0.461001337,0.0301947147,-0.445376843,0.0242434908,0.894505501
173773817015,7236,0.258783579,-0.265307426,-0.461024374,0.0302154236,-0.445408762,0.0242958125,0.8944875
173790343004,7252,0.258785397,-0.265305161,-0.461037695,0.030253537,-0.445441425,0.0243170373,0.894469321
173806941650,7269,0.258780539,-0.265311658,-0.46103397,0.0303099174,-0.445464283,0.0243380833,0.894455492
173824254150,7286,0.258771718,-0.265313298,-0.461030453,0.0303573851,-0.445494115,0.0243778992,0.894437969
173840301338,7302,0.258774519,-0.265321374,-0.461025089,0.0303861275,-0.44551748,0.0244252514,0.894424081
173857006025,7318,0.258781999,-0.26533407,-0.461017907,0.0304213949,-0.445539922,0.0244627334,0.89441061
173873610296,7335,0.258780599,-0.265336424,-0.461014122,0.0304506589,-0.445555598,0.0245046448,0.894400716
173890321233,7351,0.258779407,-0.265331328,-0.461017966,0.0304638427,-0.445565403,0.0245445892,0.894394219
173906951494,7368,0.258782268,-0.26532349,-0.461018026,0.0304588061,-0.445574254,0.0245510191,0.894389808
173923608004,7385,0.258786321,-0.265303671,-0.461007595,0.0304384511,-0.445564687,0.0245219599,0.894396067
173940278369,7401,0.258792341,-0.265283108,-0.460996151,0.030424023,-0.445552349,0.0244702008,0.894404113
173956942796,7418,0.258798659,-0.265278906,-0.460993528,0.0304259304,-0.445546746,0.0244400389,0.894407749
173973612015,7435,0.258800447,-0.26528579,-0.46100837,0.0304285195,-0.445546299,0.0244588088,0.894407272
173990346650,7451,0.258799881,-0.265286177,-0.46102047,0.0304233655,-0.445545733,0.0244896561,0.894406915
174006950765,7468,0.258802056,-0.265275508,-0.461022019,0.030413352,-0.445540726,0.0244900789,0.894409776
174024718994,7486,0.258803546,-0.265266627,-0.46101892,0.0303928703,-0.445543647,0.0244872514,0.89440912
174040278473,7501,0.258811116,-0.265262157,-0.461026371,0.0303727835,-0.445538968,0.0244940296,0.894411862
174056942848,7517,0.258824229,-0.265257388,-0.461033016,0.0303573143,-0.44551754,0.0244745221,0.894423604
174073635817,7534,0.258832932,-0.265268147,-0.461037099,0.0303309113,-0.445486307,0.0244130697,0.894441783
174090298004,7551,0.258836567,-0.26528582,-0.461045682,0.0302900337,-0.445465863,0.0243441463,0.894455194
174106956910,7567,0.258841097,-0.26528734,-0.461049139,0.0302577429,-0.445455283,0.0242931396,0.894462943
174123631338,7584,0.25884819,-0.265283227,-0.461055309,0.030253388,-0.445453852,0.0242742114,0.894464314
174140271233,7600,0.258849651,-0.265282154,-0.461058408,0.0302629415,-0.445450425,0.0242880564,0.894465387
174156939254,7617,0.258845448,-0.265299469,-0.461061954,0.0302703679,-0.445457488,0.0243315939,0.89446038
174173798733,7633,0.258842468,-0.265319914,-0.461069524,0.0302726906,-0.445470631,0.0243704636,0.894452751
174190628004,7650,0.258841574,-0.265330166,-0.461070269,0.0302703213,-0.445484519,0.0243837368,0.894445479
174206964515,7667,0.258839399,-0.265338719,-0.461071104,0.0302876905,-0.445490509,0.0243725572,0.894442201
174223638004,7683,0.258838028,-0.265346587,-0.461071819,0.0303069185,-0.445486218,0.0243679062,0.89444381
174240283473,7699,0.258834958,-0.26535663,-0.461080968,0.0303087328,-0.445491225,0.0243643485,0.894441426
174256944515,7717,0.258831143,-0.265369684,-0.461087942,0.0303108394,-0.445497066,0.0243599452,0.894438446
174273742483,7733,0.258827448,-0.265374959,-0.461089313,0.0303265564,-0.445507675,0.0243682433,0.894432485
174290303369,7749,0.258818805,-0.265375346,-0.461098939,0.0303497333,-0.44552657,0.0244286153,0.894420683
174308666962,7768,0.258805722,-0.265380383,-0.461110532,0.0303838644,-0.445554078,0.0245090704,0.894403577
174323612171,7783,0.258798003,-0.265382051,-0.461117566,0.0304001737,-0.445567369,0.0245298464,0.894395828
174340282744,7799,0.258796751,-0.265383214,-0.461123109,0.0303950291,-0.44556579,0.0245129317,0.894397199
174356971702,7815,0.25879845,-0.265386462,-0.461131811,0.0303858705,-0.445555389,0.0244760979,0.894403756
174373727692,7832,0.258800715,-0.265386969,-0.46115163,0.0303805042,-0.445542186,0.0244184379,0.8944121
174390365296,7849,0.258805752,-0.265381217,-0.461162329,0.0303814169,-0.445525497,0.0243578292,0.894422054
174406941702,7865,0.258810461,-0.265363365,-0.461168915,0.030374689,-0.445516258,0.0243461058,0.89442724
174423611806,7882,0.258811355,-0.265352249,-0.461176723,0.0303767417,-0.445521444,0.0243614521,0.89442414
174440344358,7898,0.258807182,-0.265346855,-0.461171895,0.0303894691,-0.44554165,0.0243948773,0.894412696
174456946858,7915,0.25880295,-0.265339762,-0.461161703,0.0304129981,-0.445549518,0.0244402979,0.894406676
174473660608,7932,0.258801937,-0.265342534,-0.461162299,0.0304336753,-0.445554525,0.0244553611,0.89440316
174490283525,7948,0.258800089,-0.265353471,-0.461156011,0.0304224156,-0.445537925,0.0244277455,0.894412518
174506955660,7964,0.258801639,-0.265362829,-0.461149871,0.0304051172,-0.445525676,0.0243763924,0.894420683
174524263004,7981,0.258810788,-0.265360266,-0.461169183,0.0303827059,-0.445524156,0.024326222,0.894423485
174540335348,7998,0.258815795,-0.26535666,-0.461187929,0.0303640869,-0.445519805,0.0243135802,0.894426584
174556989150,8014,0.258819789,-0.265354723,-0.461193085,0.030375069,-0.445518076,0.0243231766,0.894426823
174573656962,8031,0.258823514,-0.265351117,-0.461201996,0.0303925555,-0.445526659,0.0243448429,0.894421458
174590279306,8048,0.258827776,-0.265351743,-0.461210608,0.0303897765,-0.445513099,0.0243473351,0.894428194
174607119879,8064,0.25883612,-0.265356094,-0.461225659,0.0303799044,-0.445495397,0.024297677,0.894438744
174624781389,8081,0.258848816,-0.265360147,-0.461237818,0.0303636268,-0.445474893,0.0242239032,0.894451499
174640274410,8097,0.258863151,-0.265366107,-0.461228758,0.0303502381,-0.445446968,0.0241706558,0.894467294
174656941181,8114,0.25887686,-0.26537469,-0.461217225,0.0303310212,-0.445419371,0.0241320077,0.894482732
174673796441,8130,0.25888586,-0.265378535,-0.461217463,0.0303107183,-0.44537884,0.0241089426,0.894504189
174690448369,8147,0.25889197,-0.265377343,-0.461212605,0.0302858353,-0.445344716,0.0240659416,0.894523203
174707033629,8164,0.258898675,-0.265376031,-0.461208522,0.0302649159,-0.445320278,0.0240170658,0.894537389
174723621546,8180,0.258911163,-0.265378475,-0.461199194,0.0302528832,-0.44528088,0.0239741206,0.894558549
174740275921,8196,0.2589266,-0.265381306,-0.461188644,0.0302385259,-0.445228636,0.0239114724,0.894586742
174756940712,8214,0.25895372,-0.265366882,-0.461183488,0.0301886443,-0.44513613,0.0238349624,0.894636512
174773660244,8230,0.258975387,-0.26535359,-0.461181313,0.0301515553,-0.445100218,0.0237549301,0.894657731
174790384306,8246,0.258984149,-0.265355259,-0.461182356,0.0301337428,-0.44508934,0.0237149429,0.894664884
174806945816,8263,0.258984566,-0.265368432,-0.461171567,0.0301367901,-0.445084304,0.0237312224,0.894666791
174823610296,8280,0.258980513,-0.265382946,-0.46116212,0.0301688239,-0.445092231,0.0237659905,0.89466083
174840279254,8296,0.258975863,-0.2653929,-0.461158425,0.0301882047,-0.445104927,0.0237882975,0.894653261
174856945921,8312,0.258972108,-0.265400678,-0.461153269,0.0301796049,-0.445119888,0.0237980969,0.89464587
174873689775,8330,0.258966893,-0.265402645,-0.46115011,0.0301611219,-0.445122272,0.0237978622,0.894645333
174890875348,8346,0.258958638,-0.265397608,-0.461142212,0.0301571675,-0.445113033,0.023783356,0.894650459
174906962848,8362,0.258954644,-0.265397251,-0.461134732,0.0301570036,-0.445103198,0.0237524267,0.894656122
174923612014,8379,0.258958161,-0.265399009,-0.461125821,0.0301534068,-0.445101798,0.0237268247,0.894657671
174940280973,8396,0.258958459,-0.265403152,-0.461117476,0.0301522911,-0.445098281,0.0237270724,0.8946594
174956984723,8412,0.25894326,-0.265410453,-0.461111993,0.0301476158,-0.445098937,0.0237381831,0.894658923
174973622066,8429,0.258920074,-0.265422255,-0.461101979,0.0301563889,-0.445106298,0.0237626061,0.894654334
174990310712,8445,0.258912444,-0.265434563,-0.461100578,0.0301695131,-0.445110172,0.0237763859,0.894651651
175006951441,8462,0.258910179,-0.265439302,-0.461119473,0.0301637892,-0.445110202,0.0237764083,0.894651771
175023613368,8478,0.258907616,-0.265444934,-0.461134344,0.0301579162,-0.445106238,0.0237584189,0.894654453
175040312327,8495,0.258906782,-0.265455693,-0.461133212,0.0301498864,-0.445103258,0.0237365067,0.894656777
175056994098,8512,0.258904845,-0.265467346,-0.461129069,0.0301435776,-0.445104569,0.023726305,0.894656599
175073608681,8528,0.258894622,-0.265470326,-0.461121112,0.0301536396,-0.445120037,0.0237620305,0.894647658
175090309879,8544,0.258877546,-0.265470624,-0.461114675,0.0301769581,-0.445147693,0.0238334965,0.894631207
175106946441,8561,0.258856058,-0.265483022,-0.461118847,0.0301913563,-0.445193201,0.0239183456,0.894605815
175123625660,8577,0.258835196,-0.265480489,-0.461122543,0.0302023217,-0.445225447,0.0239972416,0.894587219
175140281337,8594,0.258818805,-0.26547724,-0.461122632,0.0302190129,-0.445240349,0.0240359083,0.894578218
175156943629,8611,0.258813143,-0.265493453,-0.461114645,0.0302182976,-0.445216715,0.0240096748,0.894590676
175173619150,8627,0.258816063,-0.265509814,-0.461098343,0.0302016959,-0.445166945,0.0239051748,0.894618869
175190287639,8643,0.258829474,-0.26550734,-0.461086661,0.0301706381,-0.445110172,0.0237488914,0.894652307
175206954202,8661,0.258850664,-0.265471935,-0.46108368,0.0301185679,-0.445040137,0.0236239005,0.894692183
175224342795,8678,0.258859545,-0.265457869,-0.461077362,0.0300941337,-0.444971472,0.0235717613,0.894728601
175240307431,8693,0.258860737,-0.265449405,-0.461069584,0.0301011633,-0.44495967,0.0235459358,0.894734859
175256949254,8711,0.258855671,-0.265433431,-0.461062878,0.0301305372,-0.444975436,0.0235910751,0.894724846
175273626181,8727,0.258841634,-0.265427947,-0.461062431,0.0301465038,-0.444996059,0.0236686971,0.894711971
175290322900,8743,0.258827955,-0.265420228,-0.461060464,0.0301525202,-0.445014119,0.0237097181,0.894701779
175307097066,8759,0.258821696,-0.265414566,-0.461055875,0.0301446784,-0.44500649,0.0237058308,0.894705951
175323613837,8777,0.258833557,-0.265416056,-0.461059093,0.0301368125,-0.444990158,0.0236615669,0.894715488
175340280504,8793,0.258842111,-0.265417427,-0.461058915,0.0301248357,-0.444975823,0.0236211233,0.894724071
175356940764,8809,0.258840889,-0.265422046,-0.461054862,0.0301162768,-0.444961458,0.0235947724,0.894732237
175374159462,8827,0.258837372,-0.265430778,-0.461051881,0.030120831,-0.444958091,0.0235791784,0.894734085
175390306389,8843,0.258823931,-0.26543656,-0.461047143,0.0301309247,-0.444962233,0.0236055162,0.894730985
175406945556,8860,0.25880605,-0.265428245,-0.461024404,0.0301467236,-0.444972366,0.023658568,0.894724011
175423610556,8876,0.258790314,-0.265417546,-0.461001545,0.0301599652,-0.444979608,0.0236803219,0.894719422
175440273056,8892,0.258788824,-0.265404284,-0.460986465,0.0301612746,-0.444977343,0.0236717183,0.894720733
175456959045,8908,0.258795023,-0.265385866,-0.460971713,0.0301542133,-0.4449718,0.0236445721,0.894724369
175473743160,8926,0.258789301,-0.265373439,-0.460958242,0.0301461015,-0.44496119,0.0236162264,0.894730747
175490430504,8942,0.258791476,-0.265365541,-0.460952729,0.0301386751,-0.444955856,0.0236025508,0.894734025
175506960087,8958,0.258789897,-0.265358567,-0.460947126,0.0301448945,-0.444958359,0.0236037727,0.894732475
175523607274,8976,0.258779854,-0.265358448,-0.460933536,0.0301497076,-0.444955856,0.0236281101,0.894732952
175540303733,8992,0.258767843,-0.26535973,-0.460922122,0.0301583745,-0.444963515,0.023652453,0.894728243
175556965452,9008,0.258762777,-0.265373141,-0.460924715,0.0301610604,-0.444967359,0.0236593429,0.894725978
175573615972,9025,0.258765161,-0.265391618,-0.460933268,0.0301537421,-0.444970578,0.0236436017,0.894725025
175590306545,9041,0.258756995,-0.265396416,-0.46092546,0.030145159,-0.444963932,0.023628192,0.894729078
175606945087,9058,0.258752763,-0.265390217,-0.460912377,0.0301379543,-0.444958657,0.0236120187,0.894732356
175623619618,9075,0.258750647,-0.265383303,-0.460897326,0.0301341414,-0.444951415,0.0236042365,0.89473629
175640286754,9091,0.258753359,-0.265378714,-0.460885376,0.0301346276,-0.444951355,0.0236115195,0.894736111
175656943837,9108,0.258754551,-0.265374064,-0.460873783,0.0301310848,-0.44495672,0.023626836,0.894733191
175673639879,9124,0.258747965,-0.265382975,-0.460872024,0.03013831,-0.444958955,0.0236449633,0.894731402
175690884097,9142,0.258752614,-0.265408009,-0.460892767,0.0301467106,-0.444961935,0.0236498844,0.894729495
175707640191,9158,0.258752346,-0.265419781,-0.460896492,0.0301469751,-0.444959819,0.0236383062,0.894730747
175723625816,9174,0.258757204,-0.265408397,-0.460890949,0.0301398728,-0.444954813,0.0236286521,0.894733787
175740283941,9190,0.258761525,-0.265396982,-0.46088922,0.0301254541,-0.444958836,0.023624463,0.894732356
175756942535,9207,0.258760512,-0.265404999,-0.460893035,0.0301247034,-0.444955289,0.0236190427,0.894734323
175773611858,9224,0.258765846,-0.265421838,-0.460906118,0.0301331654,-0.444956571,0.0236242451,0.89473325
175790274722,9240,0.258765101,-0.265431225,-0.460910559,0.0301376209,-0.444957137,0.0236392468,0.894732416
175806954201,9257,0.258780599,-0.265435904,-0.460924238,0.0301591661,-0.444991022,0.0235551409,0.894717097
175823617274,9273,0.258806735,-0.26543808,-0.46091795,0.0301815122,-0.444915771,0.0234372206,0.894756794
175840274826,9289,0.258818358,-0.265430033,-0.460899711,0.0301902611,-0.444795012,0.0233640764,0.894818485
175856951858,9307,0.258820564,-0.265413642,-0.460892946,0.0301685203,-0.444718897,0.0233184993,0.894858181
175873715920,9324,0.258820236,-0.265403777,-0.460880786,0.030173922,-0.444689542,0.0232834127,0.894873559
175890303472,9340,0.258815736,-0.265392393,-0.460864723,0.0301855933,-0.444592416,0.0234124698,0.894918084
175906951649,9356,0.258791178,-0.265387923,-0.460865617,0.0301957522,-0.44464913,0.0235894006,0.894884884
175923608368,9373,0.25876382,-0.265404671,-0.460876137,0.0302674938,-0.444676578,0.0237979945,0.894863307
175940280764,9389,0.258771181,-0.265428692,-0.460867196,0.0303970072,-0.444548041,0.0238218475,0.894922197
175956944254,9406,0.258819371,-0.265420914,-0.460833937,0.030400455,-0.444374919,0.0235319659,0.895015657
175973818212,9423,0.258900195,-0.265403271,-0.460767537,0.0303562991,-0.443857431,0.0233268589,0.895279348
175990279253,9439,0.258960843,-0.265396118,-0.460698843,0.0303874966,-0.443289191,0.0231586043,0.895564079
176006940243,9456,0.259007752,-0.265393406,-0.46065098,0.0304843336,-0.443009883,0.0229326952,0.895704806
176023656545,9472,0.259017438,-0.265401363,-0.460631251,0.0306189843,-0.442972213,0.022892883,0.895719886
176040284774,9488,0.258982062,-0.265420377,-0.460634887,0.0307556372,-0.443057925,0.0231623016,0.895665824
176056987014,9506,0.258929014,-0.265435159,-0.460655659,0.0308866426,-0.44330585,0.0235858895,0.895527601
176073780920,9522,0.258891135,-0.265444517,-0.460674733,0.0309728105,-0.443478376,0.0239073113,0.895430744
176090284149,9538,0.258949757,-0.265447408,-0.460691959,0.0310009979,-0.44343245,0.0240864065,0.895447671
176107049722,9554,0.259038866,-0.265437216,-0.460696071,0.0309596471,-0.443294674,0.0240300018,0.895518839
176123611597,9572,0.259097993,-0.265411407,-0.460675627,0.0308447089,-0.443184316,0.0237204358,0.895585656
176140297014,9588,0.259155869,-0.265391231,-0.46063897,0.030779345,-0.442960829,0.0234761965,0.895704925
176156943889,9605,0.259179056,-0.265389144,-0.460613251,0.0307533592,-0.442820102,0.023400614,0.895777404
176173618576,9622,0.259173691,-0.265391052,-0.460618198,0.0306633636,-0.442906648,0.0234518871,0.895736277
176190277795,9638,0.259151071,-0.265387207,-0.460631102,0.0306019299,-0.443059623,0.0235252362,0.895660877
176207007743,9655,0.259151876,-0.26539737,-0.460639685,0.0306239408,-0.443211704,0.0235885363,0.895583153
176223624097,9671,0.25915429,-0.265411317,-0.460648865,0.0306242201,-0.44326359,0.0238789972,0.895549774
176240281441,9687,0.259140521,-0.265427083,-0.460641772,0.0307855792,-0.443302959,0.0240274388,0.895520806
176256950035,9704,0.259147167,-0.265427887,-0.460624278,0.0309802145,-0.443377435,0.023819821,0.895482719
176273619983,9721,0.259183288,-0.265418798,-0.460601717,0.0309760943,-0.4433707,0.0235139597,0.895494342
176290313212,9737,0.259209633,-0.265417546,-0.460591257,0.0309385713,-0.443376064,0.0233920272,0.89549613
176307593472,9755,0.25921154,-0.26543349,-0.460580409,0.0310155284,-0.443389267,0.0234254021,0.895486116
176323613108,9770,0.259209991,-0.265458971,-0.460575759,0.0310655106,-0.443260789,0.0235222895,0.895545423
176340274514,9787,0.259210289,-0.265493333,-0.460557878,0.0311575644,-0.443037987,0.0236281101,0.895649672
176356946701,9803,0.259235263,-0.265502393,-0.460543334,0.031223176,-0.442786604,0.0237346124,0.895768821
176373688628,9820,0.259291172,-0.265506864,-0.460507154,0.031347055,-0.442391723,0.0237333495,0.895959675
176390327326,9836,0.259335101,-0.265517652,-0.460452318,0.0315552354,-0.442124248,0.0234232973,0.896092474
176406948212,9853,0.259390116,-0.265515387,-0.460393757,0.0316690877,-0.441877484,0.0229434315,0.896222651
176423643576,9870,0.2594423,-0.265514582,-0.460324436,0.0316605568,-0.441321105,0.0227694828,0.896501541
176440276441,9886,0.259472162,-0.265512288,-0.460260332,0.0315954462,-0.440677822,0.0228130203,0.896819055
176456964774,9903,0.259502828,-0.265543431,-0.460185677,0.0318259299,-0.43991068,0.0232392102,0.897176504
176473682014,9920,0.259493291,-0.265590131,-0.460153133,0.0321913622,-0.439664036,0.0235448815,0.897276461
176490307014,9936,0.259471148,-0.265597284,-0.460167319,0.0323998854,-0.439876765,0.0233904887,0.897168636
176507057535,9952,0.259483248,-0.265593678,-0.460151911,0.0325692296,-0.439987808,0.0230490658,0.897116959
176523617014,9969,0.259561121,-0.265554458,-0.460111439,0.0327676907,-0.439908803,0.0225378033,0.897161424
176540303160,9986,0.259664714,-0.265531749,-0.460038811,0.0330305472,-0.439485162,0.022124324,0.897369683
176556947482,10002,0.259711653,-0.265539616,-0.459964037,0.0333500542,-0.4391222,0.0218088329,0.897543252
176573778941,10019,0.259696215,-0.265497237,-0.459940791,0.0335138254,-0.439102083,0.0213574637,0.897557914
176590278941,10036,0.259688377,-0.265435994,-0.459960043,0.0333748423,-0.439274341,0.0208785348,0.897490025
176606941545,10052,0.25972119,-0.265395612,-0.459976852,0.0331806391,-0.4393996,0.0207358412,0.897439182
176623629357,10068,0.259726971,-0.265377194,-0.459996581,0.0330753662,-0.439504832,0.0209480003,0.897386611
176640326545,10085,0.259743989,-0.265359342,-0.460031629,0.0330394432,-0.439661384,0.0212602653,0.897303939
176656953264,10102,0.25977242,-0.265332073,-0.460054904,0.0330865644,-0.43979153,0.0213552788,0.897236168
176673618628,10119,0.259791672,-0.265323937,-0.460054815,0.03314621,-0.439833492,0.0212193616,0.897216618
176690299045,10135,0.259824872,-0.26530683,-0.46004492,0.0332213826,-0.439883411,0.0209249686,0.897196233
176707061389,10151,0.259861529,-0.265303224,-0.46003145,0.0332952887,-0.439925343,0.0207009371,0.897178173
176723717118,10168,0.259881109,-0.265321225,-0.460043013,0.033293236,-0.440032452,0.0206518155,0.897126853
176740298576,10184,0.259889185,-0.265331089,-0.460074812,0.0332604051,-0.440323114,0.0205476284,0.896987796
176756945399,10201,0.259887934,-0.265319765,-0.460111618,0.0331660286,-0.440675825,0.0204342213,0.896820664
176773688576,10217,0.259867191,-0.265322506,-0.460159063,0.033082705,-0.440986693,0.0205880795,0.896667421
176790286337,10234,0.259818792,-0.265338242,-0.460236967,0.0329789929,-0.44145453,0.0210390743,0.896430552
176806948680,10251,0.259752423,-0.265353024,-0.460307121,0.0329453424,-0.441908449,0.0214268696,0.896198869
176823932118,10267,0.259727538,-0.265372992,-0.460313439,0.0329780318,-0.441994041,0.0216617826,0.896149874
176840279357,10284,0.259718359,-0.265382081,-0.460306942,0.0329627022,-0.44195646,0.0218132697,0.896165311
176856948055,10301,0.259688288,-0.265397131,-0.46030423,0.0329261981,-0.441776127,0.0220757499,0.896249115
176873825451,10317,0.259665549,-0.265410215,-0.460305065,0.032915283,-0.441545308,0.0223305635,0.89635694
176890283524,10333,0.259653121,-0.265421122,-0.46029532,0.0329704173,-0.441260278,0.0225485507,0.896489799
176906946649,10350,0.259648025,-0.265430778,-0.460282475,0.0330933519,-0.441079587,0.0226894319,0.896570563
176923623680,10367,0.259628505,-0.265421242,-0.460294187,0.0332181305,-0.440995455,0.0228318479,0.896603763
176940283472,10383,0.259607196,-0.265420496,-0.460309535,0.0332495347,-0.440986544,0.0230396222,0.896601677
176956949670,10400,0.259596229,-0.265424728,-0.460322618,0.0331130549,-0.440800369,0.0234025698,0.896688879
176973618524,10416,0.259572774,-0.265437871,-0.460336208,0.033018183,-0.440537214,0.0238476638,0.896809995
176990459722,10432,0.259506643,-0.265466958,-0.460350275,0.0330417939,-0.440364122,0.0242225491,0.896884084
177006942378,10450,0.259417504,-0.265502006,-0.460387945,0.0331526175,-0.44038558,0.0245497022,0.89686054
177024260295,10467,0.259365141,-0.265507042,-0.460449517,0.0330635533,-0.440736473,0.0246701892,0.896688163
177040291597,10482,0.259338915,-0.265491426,-0.460495114,0.032805454,-0.441007525,0.0247468669,0.896562219
177056951909,10500,0.25930053,-0.265466422,-0.460528702,0.0325515121,-0.441090435,0.0249882527,0.896524012
177073685972,10516,0.259272933,-0.265464485,-0.460557193,0.0325448811,-0.441243559,0.0251183957,0.896445274
177090278263,10532,0.259262383,-0.265480876,-0.460564792,0.0326821096,-0.441319764,0.0251490828,0.896401942
177106949513,10549,0.259258032,-0.265498877,-0.46055916,0.0328269191,-0.441254079,0.025256319,0.896425903
177123616597,10565,0.259249687,-0.265491188,-0.46055916,0.0328350812,-0.441302538,0.0252609532,0.896401644
177140281232,10582,0.259260923,-0.26546815,-0.460558176,0.0327589065,-0.441356093,0.0250837523,0.896383047
177156964722,10599,0.259287477,-0.26545617,-0.460550874,0.0326940306,-0.44140622,0.0247829147,0.896369159
177173636388,10615,0.259306073,-0.265450865,-0.460543096,0.032593675,-0.441403419,0.0246370379,0.89637816
177190314305,10631,0.259301007,-0.265443593,-0.460550159,0.0325189345,-0.441381693,0.024752818,0.896388352
177206951232,10649,0.259266198,-0.265461504,-0.460557014,0.0326220952,-0.441347927,0.0250928942,0.896391749
177223737274,10665,0.259227842,-0.265490025,-0.460556895,0.0328182057,-0.441287428,0.0255112369,0.896402597
177240282274,10682,0.259168565,-0.265513957,-0.4605591,0.0330656208,-0.441223979,0.0260507409,0.896409214
177256966180,10698,0.259110689,-0.265533417,-0.460558027,0.0332576483,-0.441177666,0.0265711527,0.896409631
177273820399,10714,0.259072721,-0.265549302,-0.460552454,0.0333960541,-0.441187888,0.0269463062,0.896388292
177290381336,10731,0.259046644,-0.265558034,-0.460538864,0.0335513353,-0.441208035,0.0270503052,0.896369398
177306954565,10748,0.259030372,-0.26556924,-0.460526943,0.0334286951,-0.441089332,0.0274167545,0.896421254
177323646545,10764,0.258993894,-0.265584379,-0.460540771,0.0334462933,-0.441173702,0.02766468,0.896371543
177340288628,10781,0.258969188,-0.265617937,-0.460543305,0.033541318,-0.441141248,0.0278418455,0.896378458
177356943211,10797,0.258948416,-0.265633345,-0.460542768,0.0336184129,-0.441185504,0.0279461835,0.896350503
177373652586,10813,0.258930176,-0.265633136,-0.46053952,0.0336966254,-0.441184103,0.0280522984,0.89634496
177390275451,10831,0.258924663,-0.265631974,-0.460530579,0.0337211378,-0.441239715,0.028059626,0.896316469
177407058420,10847,0.258927584,-0.265637785,-0.460522562,0.0337481312,-0.441207856,0.028034294,0.896331847
177423656597,10863,0.258919716,-0.265649348,-0.460516006,0.0338247567,-0.441095948,0.0281239841,0.896381199
177440276232,10881,0.258888513,-0.265675694,-0.460511595,0.0339419357,-0.440934926,0.0282997694,0.896450579
177456949045,10897,0.258849978,-0.265703171,-0.460515976,0.0340554491,-0.440833479,0.0284291618,0.896492004
177473724722,10913,0.258834541,-0.265719414,-0.460524082,0.0341150425,-0.440853208,0.0285592321,0.896475852
177490299774,10930,0.258839399,-0.265734822,-0.460537285,0.034112338,-0.440939516,0.0285457615,0.896434009
177506960607,10946,0.258862197,-0.265738159,-0.460536808,0.0340795889,-0.440965623,0.0283818766,0.896427631
177523624826,10963,0.258884788,-0.265729606,-0.460529029,0.0340554342,-0.440924823,0.0281890407,0.896454692
177540280607,10980,0.258899748,-0.265722543,-0.46052739,0.0340265483,-0.440892786,0.0280731376,0.896475196
177556944201,10996,0.258914143,-0.265716195,-0.46053043,0.034013465,-0.440935671,0.0279968921,0.896457016
177573801753,11012,0.25892967,-0.26573056,-0.460523933,0.0341451429,-0.440847754,0.0280262232,0.896494329
177590282899,11030,0.25892061,-0.265756965,-0.46048519,0.0344312042,-0.440484762,0.0282961465,0.896653235
177606944617,11046,0.258871824,-0.265782267,-0.460412741,0.0347904749,-0.439991444,0.0285807401,0.89687252
177623733836,11062,0.258823156,-0.265807986,-0.460351467,0.0352734588,-0.439601719,0.0287067462,0.897040725
177640301649,11079,0.258793026,-0.265829504,-0.460290611,0.0356125832,-0.439124227,0.0286595207,0.897262752
177656951701,11096,0.258771092,-0.265850753,-0.460250974,0.0356545858,-0.438601434,0.0286584757,0.897516727
177673671961,11112,0.258762121,-0.265843183,-0.460249603,0.0357125923,-0.43846494,0.0286555141,0.89758116
177690306597,11129,0.258748114,-0.265839934,-0.460249275,0.0358279794,-0.438548654,0.0283858106,0.897544324
177706987638,11145,0.258768618,-0.265840292,-0.460216671,0.0357826576,-0.438676447,0.0281077195,0.897492409
177723610242,11162,0.258814394,-0.265834481,-0.460189641,0.0357452631,-0.438621998,0.0278482456,0.897528648
177740292899,11178,0.258861303,-0.265842527,-0.460152596,0.0358530134,-0.438419849,0.0276621934,0.897628784
177756960711,11195,0.258928239,-0.265843928,-0.460064828,0.036168009,-0.438547015,0.0271653254,0.89756918
177773619982,11212,0.258972704,-0.265816092,-0.459989429,0.0364177786,-0.438615769,0.0259277057,0.897562146
177790279044,11228,0.259065568,-0.265830278,-0.459836066,0.0367567874,-0.437727183,0.0256837457,0.897989035
177806944044,11244,0.259068727,-0.265834719,-0.459743947,0.0373690836,-0.437268198,0.0252934601,0.898198366
177823700086,11262,0.259091377,-0.265878022,-0.459604621,0.0382125974,-0.436753124,0.0252044257,0.898416042
177840288524,11278,0.25908488,-0.265933782,-0.45950985,0.0387622491,-0.436196417,0.0255352184,0.898653567
177856949357,11294,0.258979082,-0.265966028,-0.459508449,0.038704928,-0.435618103,0.0260725077,0.898921072
177873647117,11311,0.258823663,-0.266016006,-0.459550291,0.0385523662,-0.434917927,0.0267428607,0.899246931
177890742638,11328,0.258677542,-0.266057342,-0.459557086,0.0385080874,-0.434387505,0.027454311,0.899483681
177906959930,11344,0.258568913,-0.266088963,-0.459537745,0.0387304984,-0.434271306,0.0277159996,0.899522245
177923616336,11361,0.258504391,-0.266121387,-0.459460109,0.0389680937,-0.433944583,0.0277368017,0.899668992
177940290138,11377,0.258481115,-0.266146362,-0.459417522,0.0390169993,-0.433610201,0.0275086574,0.89983511
177956943524,11394,0.258481622,-0.266157031,-0.459413469,0.0388230346,-0.433142364,0.0271528438,0.900079608
177973752274,11411,0.258515358,-0.266153097,-0.459405571,0.0389555767,-0.433146119,0.0264535565,0.90009284
177990283992,11427,0.258580089,-0.266145915,-0.459312022,0.0394863263,-0.433350652,0.0254260283,0.90000087
178006948159,11443,0.258652925,-0.266172886,-0.459149122,0.0402664393,-0.433302522,0.0244944021,0.900015414
178023645242,11460,0.25870043,-0.266205937,-0.458997875,0.0412354358,-0.433339655,0.0238050111,0.899972081
178040498992,11477,0.258837998,-0.266235888,-0.458683372,0.0416688323,-0.433339655,0.0240032561,0.899946868
178057023211,11493,0.2592825,-0.266073674,-0.458069742,0.0374632329,-0.436497688,0.0253908485,0.898566425
178073751701,11510,0.259394586,-0.265596211,-0.45788008,0.0359081402,-0.439066142,0.0218461957,0.89747107
178090481544,11525,0.259635657,-0.265552521,-0.457727611,0.0350525714,-0.439255625,0.0194309503,0.897467673
178106996440,11543,0.259861052,-0.265323132,-0.457585752,0.0332096629,-0.438501596,0.018621115,0.897923589
178123616857,11559,0.259926617,-0.265415251,-0.457330763,0.0332099758,-0.437607169,0.0194871072,0.898341477
178140282065,11576,0.259892642,-0.26560995,-0.45707491,0.0346667133,-0.436715811,0.0198049787,0.898713112
178156941701,11593,0.259875298,-0.26562801,-0.456872672,0.035516385,-0.436227798,0.0193435084,0.898926973
178173850346,11609,0.259816885,-0.265634835,-0.456827432,0.0366986692,-0.436198652,0.0185009856,0.898911417
178190285346,11626,0.259754628,-0.265703857,-0.456783175,0.0372751504,-0.436005056,0.0190330874,0.898970485
178206950398,11641,0.259641498,-0.265731066,-0.456853956,0.0371786691,-0.435797334,0.0197250247,0.899060309
178223632742,11659,0.259450853,-0.2656748,-0.456951559,0.0370379426,-0.435145617,0.019498108,0.899386704
178240278003,11675,0.259214252,-0.265609682,-0.456761062,0.0372384489,-0.432487875,0.0186509956,0.900677383
178256950607,11692,0.258841813,-0.265574872,-0.456393957,0.0374861509,-0.427954227,0.0177874304,0.902847588
178274121076,11709,0.258402705,-0.265667975,-0.45595631,0.0381759927,-0.422040224,0.018089084,0.905592382
178290282482,11725,0.258070529,-0.265924573,-0.455772907,0.0387223102,-0.418195605,0.0206936263,0.907295346
178306951857,11741,0.25780499,-0.265995353,-0.455807269,0.0392615572,-0.417012334,0.0228787884,0.907764196
178323635034,11758,0.257656842,-0.266010106,-0.455863714,0.0396578833,-0.417998552,0.0234323721,0.907279193
178340285503,11775,0.257629991,-0.265983582,-0.455988228,0.0386757813,-0.420285761,0.0229459815,0.906276762
178356942638,11791,0.257623792,-0.265869021,-0.456271857,0.0362160392,-0.422668755,0.0224348884,0.905282378
178373648680,11808,0.257686317,-0.265732139,-0.456688762,0.0334207118,-0.424842685,0.0225329287,0.904369473
178390315659,11825,0.257643312,-0.265520692,-0.457008809,0.0315404087,-0.426623136,0.0226022527,0.903596818
178406943367,11841,0.257607013,-0.265448898,-0.457151979,0.0310490485,-0.427595198,0.0224398095,0.903158247
178423651857,11858,0.257644504,-0.26546663,-0.457099497,0.0312654898,-0.427243799,0.0224641059,0.903316498
178440281492,11874,0.257688284,-0.265544713,-0.456964374,0.031950891,-0.426228195,0.0227740854,0.903764367
178456942273,11891,0.257723451,-0.265600741,-0.456839591,0.0326899625,-0.425380468,0.0228201468,0.904136121
178473624096,11907,0.257780313,-0.265588582,-0.456762522,0.0328708701,-0.425121427,0.0224043652,0.904261768
178490291075,11924,0.257862747,-0.265506625,-0.456738383,0.0326276571,-0.425329626,0.0215612184,0.904193223
178507781753,11941,0.257918417,-0.26543653,-0.456731737,0.0323096439,-0.425550044,0.020983113,0.904114544
178523612013,11957,0.257931352,-0.265421122,-0.456744671,0.0321349949,-0.425597101,0.0210736115,0.904096484
178540276128,11974,0.257887125,-0.265450746,-0.456781268,0.0321047753,-0.425727725,0.0217698663,0.904019594
178556948888,11990,0.25779739,-0.265493453,-0.456842691,0.0321211852,-0.425976217,0.0226750877,0.903879642
178577917325,12011,0.257695735,-0.265508503,-0.456943154,0.031946335,-0.426355004,0.0236312747,0.903682709
178590298055,12024,0.257657468,-0.265500903,-0.456983119,0.0317566507,-0.426635802,0.0238981377,0.90354985
178606949513,12040,0.25763166,-0.265486598,-0.457014382,0.0315710753,-0.426941693,0.0239873286,0.903409541
178623614357,12056,0.257620335,-0.265476435,-0.457015455,0.0314533934,-0.427076399,0.0240106992,0.90334934
178640275971,12073,0.257626742,-0.265472203,-0.457036883,0.0313594043,-0.427125573,0.0241235904,0.903326392
178656946909,12090,0.257632583,-0.265473127,-0.457058907,0.0313181318,-0.427137733,0.0242955405,0.903317392
178674062325,12106,0.257623643,-0.265483141,-0.457035244,0.0313620865,-0.427126855,0.0244229995,0.903317571
178695108523,12127,0.25760895,-0.265493214,-0.45703879,0.0314777456,-0.427196592,0.0246094316,0.903275549
178706945242,12140,0.257592797,-0.265496969,-0.457049876,0.0315189958,-0.427315235,0.0247737188,0.903213501
178723606961,12156,0.257565379,-0.265498281,-0.457090616,0.0314883962,-0.4275029,0.0250007045,0.903119504
178740279200,12172,0.257539332,-0.265494525,-0.457141787,0.0314200819,-0.427718222,0.0252054632,0.903014243
178756965346,12188,0.257510245,-0.265488744,-0.457169324,0.0313676931,-0.427947104,0.0253781416,0.902902782
178773770919,12206,0.25746277,-0.265478879,-0.457216531,0.0313371196,-0.428154469,0.0256866012,0.902796745
178790281440,12222,0.257415056,-0.265483886,-0.45724231,0.0313884094,-0.428272188,0.0260559004,0.902728558
178806946648,12238,0.257391632,-0.265494168,-0.457270503,0.0314398296,-0.428288966,0.0264185984,0.902708292
178823611127,12255,0.257396638,-0.265489399,-0.457287282,0.0313850716,-0.428208798,0.0265919585,0.902743101
178840281336,12272,0.257407159,-0.265491098,-0.457296431,0.0312443562,-0.428144664,0.0264457576,0.902782679
178856968836,12288,0.257425725,-0.265496552,-0.45730713,0.0311163776,-0.428107858,0.0261206478,0.902814031
178873631857,12305,0.257472932,-0.265485644,-0.457281172,0.03102527,-0.427979141,0.0257057287,0.902890086
178890330815,12322,0.257524222,-0.265475839,-0.457241595,0.0310536996,-0.427806437,0.0253480002,0.902981102
178906943367,12338,0.257551104,-0.265474945,-0.45720315,0.0311190002,-0.427633107,0.0252112895,0.903064728
178923616388,12354,0.25754264,-0.265458971,-0.457183182,0.0311769322,-0.427502751,0.0252096169,0.903124571
178940293054,12371,0.257519424,-0.26543507,-0.457178771,0.0311990622,-0.427526265,0.0252303164,0.903112113
178956941492,12388,0.257507592,-0.26541844,-0.457170933,0.0311696287,-0.42758441,0.0252642985,0.903084576
178973793888,12404,0.257501304,-0.265392005,-0.457168549,0.0310874227,-0.427568734,0.0253579915,0.903092265
178990275450,12421,0.257495165,-0.265368998,-0.457162052,0.031001972,-0.427571714,0.0254223607,0.903092027
179006975034,12438,0.25749746,-0.265356243,-0.45716092,0.0309671927,-0.427514791,0.0253899992,0.903121054
179023806231,12454,0.257515192,-0.265345275,-0.457144648,0.0309554562,-0.427387655,0.0252436399,0.903185666
179040299148,12471,0.257557809,-0.2653265,-0.457108617,0.0309273787,-0.427219599,0.0249776281,0.903273582
179057282638,12488,0.25760594,-0.265304625,-0.457070053,0.0308851786,-0.426983982,0.0247101393,0.903393745
179073666075,12504,0.257635385,-0.26529187,-0.457040012,0.0308424756,-0.426765919,0.0245064683,0.903503776
179090277534,12520,0.257657528,-0.26528734,-0.457029194,0.0307992157,-0.426588267,0.0243543312,0.903593302
179106948367,12536,0.257676065,-0.265280128,-0.457015932,0.030759234,-0.426448971,0.0242370162,0.903663576
179123610919,12554,0.257694244,-0.265275329,-0.45699954,0.0307312049,-0.426379234,0.0241765808,0.90369904
179140278367,12570,0.257697433,-0.265276849,-0.456994593,0.0307208467,-0.42640835,0.024217654,0.903684497
179156940763,12587,0.257684708,-0.265279949,-0.457006454,0.0307277944,-0.426452845,0.0243421346,0.90365994
179173619773,12603,0.257671803,-0.265287548,-0.45703125,0.0307322368,-0.426485628,0.0244686268,0.903640866
179190515919,12619,0.257662296,-0.26528886,-0.457040071,0.0307269227,-0.42652455,0.024522502,0.903621256
179206941856,12636,0.257651001,-0.265295893,-0.457044929,0.0306999777,-0.426534325,0.0245344806,0.903617263
179223628888,12653,0.257644743,-0.265301645,-0.457045674,0.0306755416,-0.426520616,0.0245050862,0.903625309
179240285606,12669,0.257657379,-0.265303135,-0.457038492,0.0306747835,-0.426496923,0.0244524851,0.903637946
179257252377,12686,0.257672638,-0.265307426,-0.457026988,0.0306983124,-0.426461339,0.0243895706,0.903655708
179273631388,12703,0.257682204,-0.265313447,-0.457015485,0.0307102352,-0.426431537,0.0243419223,0.903670549
179290436544,12719,0.257691234,-0.265320659,-0.457016259,0.030704625,-0.42642352,0.0243354235,0.903674781
179306943940,12735,0.257694602,-0.265327513,-0.457014054,0.0306795184,-0.426432997,0.0243659113,0.903670311
179323632846,12753,0.257699102,-0.265330017,-0.457018316,0.0306537263,-0.426449746,0.0244188923,0.903661847
179340277169,12769,0.25770402,-0.265332788,-0.457020521,0.0306616258,-0.42646727,0.0244521964,0.90365243
179356945294,12785,0.257705629,-0.265341043,-0.457013845,0.0306786746,-0.426467806,0.0244728532,0.903650999
179373629200,12802,0.257709503,-0.265349269,-0.457014054,0.030678764,-0.426459849,0.0244752988,0.903654695
179390282013,12819,0.257717818,-0.265349925,-0.457012147,0.0306688733,-0.426451802,0.0244459547,0.903659642
179406946752,12835,0.257731318,-0.265340447,-0.457008362,0.0306733921,-0.426434845,0.0244105607,0.903668463
179424162638,12852,0.257740647,-0.265332401,-0.457004786,0.030670641,-0.426421553,0.0243820585,0.903675556
179440307377,12868,0.257732391,-0.265329272,-0.457018703,0.0306734629,-0.426421344,0.0243914556,0.903675377
179456942013,12885,0.257724434,-0.265325904,-0.457034826,0.0306713693,-0.426424056,0.0244198237,0.903673351
179473632169,12901,0.257726103,-0.265321225,-0.457039803,0.03066664,-0.426429003,0.0244417712,0.903670549
179490350294,12918,0.257729948,-0.265311718,-0.457047969,0.0306666438,-0.426437646,0.0244583059,0.903666079
179507094200,12934,0.257733166,-0.265307784,-0.457049787,0.0306786969,-0.426440865,0.0244678091,0.903663874
179523617950,12951,0.257729411,-0.265301019,-0.457060635,0.0306820609,-0.426434636,0.0244627241,0.903666854
179540295138,12968,0.257722348,-0.265290231,-0.457076073,0.0306810942,-0.426425576,0.0244440008,0.903671682
179556939981,12984,0.257718831,-0.265288681,-0.457083702,0.0306810737,-0.426414698,0.0244239997,0.903677344
179573683627,13001,0.257715166,-0.265288979,-0.457092881,0.0306811295,-0.426409066,0.0244089998,0.903680384
179590277273,13018,0.25771147,-0.265289426,-0.457102269,0.0306786634,-0.426417202,0.0244175903,0.903676391
179606977273,13034,0.257702827,-0.265290141,-0.457113355,0.0306841843,-0.426416218,0.024439076,0.903676033
179623643940,13050,0.257695526,-0.265288919,-0.457126051,0.0306848846,-0.4264175,0.0244484171,0.903675199
179640278106,13066,0.257692695,-0.265289515,-0.457139134,0.0306789372,-0.426428467,0.0244511925,0.903670192
179656950867,13084,0.257691503,-0.265290231,-0.457151443,0.0306712463,-0.426429421,0.0244434383,0.903670192
179673745085,13100,0.257691711,-0.265284032,-0.457159102,0.0306596383,-0.426428407,0.0244298819,0.903671443
179690284669,13116,0.257690281,-0.265272349,-0.45716092,0.0306603238,-0.426422894,0.0244198665,0.903674245
179706962221,13133,0.257689714,-0.265262425,-0.457158744,0.0306618623,-0.426416785,0.0244114231,0.903677344
179723611908,13150,0.257692426,-0.265259236,-0.457147449,0.0306536518,-0.426410526,0.0244029798,0.903680801
179740276335,13166,0.257694751,-0.265255511,-0.457140237,0.0306448694,-0.426408738,0.0244096816,0.903681815
179756943679,13183,0.257697225,-0.265245736,-0.457140058,0.0306434482,-0.42640999,0.0244214889,0.903680921
179773931856,13200,0.257701427,-0.265234411,-0.457135975,0.0306444131,-0.426409841,0.0244213827,0.903680921
179790282012,13216,0.257707536,-0.26522252,-0.457128972,0.0306356698,-0.426409185,0.0244099051,0.903681874
179806943054,13233,0.257711798,-0.265213847,-0.457110703,0.0306389146,-0.426399738,0.0243975632,0.903686583
179823615710,13249,0.257715493,-0.265203804,-0.457097203,0.0306320209,-0.426397115,0.0243899282,0.903688192
179840274877,13266,0.25771901,-0.265199453,-0.457090139,0.0306301583,-0.426400065,0.0243867841,0.903687
179856966648,13282,0.257720262,-0.26519984,-0.457082093,0.0306325275,-0.426397264,0.0243875701,0.903688192
179873702950,13299,0.257727861,-0.265195906,-0.457072675,0.0306282528,-0.426399976,0.0243852027,0.903687179
179890283731,13315,0.257739335,-0.265196949,-0.457061052,0.0306267422,-0.426401615,0.0243865438,0.903686345
179906957794,13332,0.257748961,-0.265193105,-0.457051605,0.0306241922,-0.426401198,0.0243938547,0.903686464
179923608835,13349,0.257754266,-0.265194833,-0.457042426,0.0306268614,-0.426398724,0.0243963301,0.903687477
179940279044,13365,0.257761359,-0.265198916,-0.457032442,0.0306312628,-0.426390469,0.0243949294,0.903691232
179956963054,13381,0.25777036,-0.265206575,-0.45702517,0.0306293666,-0.426388711,0.02439267,0.903692245
179973613314,13398,0.257779986,-0.265223891,-0.457016587,0.0306251179,-0.426387012,0.0243857149,0.903693318
179990284981,13415,0.257791042,-0.265229136,-0.457011312,0.0306111891,-0.426386237,0.0243863147,0.903694153
180006942794,13431,0.257789731,-0.265238434,-0.457023621,0.0306109432,-0.426386029,0.0243916865,0.903694093
180023689512,13448,0.257789254,-0.265248537,-0.457036555,0.03061831,-0.426385105,0.0243980121,0.903694153
180040287169,13465,0.257800311,-0.265248537,-0.457036138,0.0306249671,-0.426384151,0.0244049001,0.903694212
180056955710,13481,0.257808566,-0.265246958,-0.457035691,0.0306228343,-0.426380038,0.0244154762,0.903695881
180073612273,13497,0.257813454,-0.265241593,-0.457039207,0.0306208786,-0.426383585,0.024413038,0.903694391
180090356439,13514,0.257807851,-0.26523599,-0.45704937,0.0306156669,-0.426377028,0.0244033542,0.903697908
180106963835,13531,0.257805854,-0.265232414,-0.457059741,0.0306137055,-0.426378727,0.0243978482,0.903697312
180123623783,13547,0.257808447,-0.265235931,-0.457064569,0.030609088,-0.426378846,0.0244006291,0.903697371
180140335971,13564,0.257812917,-0.265241027,-0.457067668,0.0306003038,-0.42637518,0.0244011134,0.903699338
180156942585,13581,0.257813722,-0.265238911,-0.457077831,0.0306034032,-0.426381141,0.0244026426,0.903696299
180173904877,13597,0.257806659,-0.265233546,-0.457092822,0.0306053367,-0.426377654,0.0244072396,0.903697908
180190303939,13613,0.257805228,-0.265225679,-0.457103401,0.030604763,-0.426379442,0.0244187396,0.903696656
180206949356,13629,0.257808894,-0.265217185,-0.457098722,0.0305989236,-0.426379263,0.0244203229,0.903696954
180223646179,13646,0.257814288,-0.265206903,-0.457095653,0.0305969696,-0.426380813,0.0244104154,0.903696477
180240277012,13664,0.257817924,-0.265201151,-0.457099169,0.0306006726,-0.426379383,0.0244055688,0.903697193
180256947325,13680,0.25781554,-0.265198439,-0.457100302,0.0306045469,-0.426376224,0.024397755,0.903698802
180273654304,13696,0.257815897,-0.265194148,-0.457101941,0.030604735,-0.426374763,0.0243936628,0.903699577
180290889200,13714,0.257812798,-0.265197873,-0.457098752,0.0306032915,-0.426372081,0.0243885349,0.903701067
180306969356,13729,0.257814527,-0.265196592,-0.457096219,0.0306071732,-0.426366836,0.0243876781,0.903703392
180323612689,13746,0.257808179,-0.265191376,-0.457095176,0.0306104627,-0.426367015,0.0243959017,0.903702974
180340279877,13762,0.257800639,-0.26518622,-0.457092434,0.0306166392,-0.426366478,0.0244054813,0.903702796
180356945346,13779,0.257810652,-0.265180975,-0.45708105,0.0306142215,-0.426364571,0.0244032219,0.903703868
180373636023,13796,0.257822812,-0.265179068,-0.457061827,0.0306084864,-0.426361471,0.0243966356,0.903705597
180390295398,13812,0.257833153,-0.265173823,-0.457049847,0.0306042787,-0.426357776,0.0243953392,0.903707564
180406947429,13829,0.257839948,-0.26517427,-0.457039714,0.0306150317,-0.426353663,0.0243936814,0.903709233
180423618679,13845,0.257847339,-0.265169263,-0.457033426,0.0306118634,-0.426355034,0.0243868437,0.903708816
180440277585,13862,0.257849902,-0.265172839,-0.457021654,0.0306188893,-0.426354885,0.0243877284,0.903708637
180456947377,13878,0.257853001,-0.265178025,-0.457008511,0.0306253191,-0.426347613,0.0243901983,0.903711736
180473767637,13896,0.257860959,-0.265173584,-0.457001925,0.0306290556,-0.426346272,0.0243974384,0.903712094
180490279148,13912,0.257859051,-0.265173912,-0.456995755,0.0306346714,-0.426341236,0.0243970174,0.90371424
180506961648,13928,0.257860988,-0.265172601,-0.456988484,0.0306365807,-0.426335841,0.0243956409,0.903716803
180523611596,13945,0.257857502,-0.265182465,-0.456983089,0.0306361206,-0.426335722,0.0243907776,0.903716981
180540447168,13962,0.257850647,-0.265193224,-0.456976205,0.0306391232,-0.426335514,0.0243783426,0.903717339
180556943575,13978,0.257843852,-0.265194595,-0.45697391,0.0306430776,-0.426335245,0.0243784748,0.903717399
180573640033,13994,0.257830858,-0.265197814,-0.456974685,0.0306547992,-0.426335663,0.0243842732,0.903716564
180590277377,14011,0.257824719,-0.26519686,-0.456975877,0.0306626502,-0.426335186,0.0243885238,0.903716445
180606947273,14028,0.257818222,-0.265205324,-0.456986636,0.0306651294,-0.426338643,0.0243928619,0.903714597
180623630658,14044,0.257815361,-0.265207201,-0.456992209,0.0306644458,-0.426334143,0.0243952964,0.903716683
180640278470,14061,0.257808924,-0.265210271,-0.456992656,0.0306637846,-0.426334977,0.0243983734,0.903716207
180656943470,14077,0.257801116,-0.265216291,-0.456993252,0.0306630172,-0.426335365,0.0243961606,0.903716087
180673612220,14094,0.257800281,-0.265214145,-0.456993312,0.0306580011,-0.426331252,0.0243966244,0.903718174
180690292429,14110,0.257799327,-0.265214443,-0.456998616,0.0306656323,-0.426332772,0.0243946444,0.903717339
180706954043,14127,0.25780043,-0.265213668,-0.457001567,0.0306706689,-0.42632854,0.0243902784,0.903719246
180723652898,14144,0.257797986,-0.265217096,-0.45700559,0.0306734573,-0.426331848,0.0243878085,0.903717637
180740281960,14160,0.257798016,-0.265220761,-0.457009494,0.0306731202,-0.426330894,0.0243900158,0.903717995
180756959200,14177,0.257805526,-0.265222847,-0.457014769,0.0306746215,-0.426333666,0.0243943557,0.903716624
180773624460,14193,0.257814109,-0.265226394,-0.457019597,0.0306720771,-0.426330179,0.0243951418,0.903718233
180790314929,14210,0.257814348,-0.26523146,-0.457022995,0.0306654274,-0.426329255,0.0243967976,0.903718889
180806950397,14227,0.257805765,-0.265240699,-0.457026243,0.0306614283,-0.426324874,0.024401525,0.903720975
180823625710,14243,0.257805884,-0.265245199,-0.457028925,0.0306648184,-0.426327348,0.0243960731,0.903719902
180840281960,14259,0.257809818,-0.265247762,-0.457030177,0.0306641273,-0.426328152,0.0243919138,0.903719544
180856953054,14277,0.257815689,-0.265251786,-0.457030505,0.0306636579,-0.426325023,0.0243946631,0.903721035
180873778939,14293,0.257819533,-0.265254289,-0.457027316,0.0306595881,-0.426326036,0.024396833,0.903720617
180890689200,14309,0.257818729,-0.265259206,-0.45702076,0.0306683779,-0.426330656,0.0243964884,0.903718174
180906951908,14325,0.257825553,-0.265260696,-0.457016289,0.0306673571,-0.426329076,0.024395613,0.903718948
180923612585,14343,0.257835835,-0.265262783,-0.457021415,0.0306669213,-0.426329792,0.0243932344,0.90371871
180940276804,14359,0.257845044,-0.265264481,-0.457024544,0.0306665562,-0.426331162,0.0243961941,0.903717935
180956947377,14375,0.257839531,-0.265265673,-0.457018524,0.0306701381,-0.4263345,0.0243952274,0.903716326
180973682533,14392,0.257827878,-0.265268087,-0.45700863,0.0306766015,-0.426334053,0.024399437,0.903716207
180990275762,14409,0.257829309,-0.265262514,-0.457002461,0.0306787007,-0.426335335,0.0244048517,0.903715372
181006948262,14425,0.257828832,-0.265253395,-0.456994295,0.0306810103,-0.426338255,0.0244041383,0.903714001
181023620554,14442,0.257829726,-0.26524657,-0.456985027,0.0306849759,-0.426341712,0.0244073458,0.903712094
181040285970,14459,0.257824123,-0.265250206,-0.456982076,0.0306891743,-0.426344186,0.0244067758,0.903710783
181056946752,14475,0.257817596,-0.265252352,-0.456980854,0.03068728,-0.426345766,0.0244104732,0.903710067
181073622220,14491,0.257820159,-0.265248388,-0.456980854,0.0306830518,-0.426341385,0.0244172756,0.903712034
181090289199,14508,0.257823616,-0.2652466,-0.456986815,0.0306899268,-0.426336974,0.0244151838,0.903713942
181106988627,14525,0.257825613,-0.265244871,-0.456986457,0.0306917746,-0.426339835,0.0244210269,0.903712332
181123618002,14541,0.257818937,-0.265250921,-0.456980228,0.0306900069,-0.426343977,0.024423277,0.903710425
181140279095,14558,0.257813543,-0.265255302,-0.456971556,0.0306923613,-0.426341832,0.0244255681,0.903711259
181156947377,14574,0.257813603,-0.265248775,-0.456967741,0.030689586,-0.426343232,0.0244282763,0.903710663
181173614356,14591,0.257811159,-0.265242726,-0.456966281,0.0306917019,-0.4263376,0.0244318601,0.903713107
181190304408,14607,0.257809281,-0.265241504,-0.456965715,0.0306953695,-0.426337332,0.0244342443,0.903713107
181206948314,14624,0.257802248,-0.265251279,-0.456964493,0.0307035446,-0.426332653,0.0244328566,0.903715014
181223639929,14640,0.257795691,-0.265257835,-0.45696193,0.0307042692,-0.426329374,0.0244304109,0.903716683
181240279251,14657,0.257788002,-0.265262306,-0.45696646,0.0307061337,-0.426330239,0.0244291518,0.903716207
181256947116,14674,0.257778347,-0.265270054,-0.45697391,0.030709222,-0.426327169,0.0244305395,0.903717518
181273632689,14690,0.257772565,-0.265273422,-0.456977487,0.0307090133,-0.426326007,0.0244357549,0.903717875
181290301074,14707,0.257770598,-0.265278578,-0.456985325,0.030705547,-0.426327616,0.0244321413,0.903717399
181307058106,14724,0.257767379,-0.265283495,-0.456992388,0.0307068024,-0.426331133,0.0244337283,0.903715611
181323609929,14740,0.257766515,-0.265282482,-0.457009584,0.0307083875,-0.426332593,0.0244317576,0.903714895
181340274564,14756,0.257762462,-0.26528123,-0.457024544,0.0307020321,-0.426333785,0.0244344342,0.903714478
181357031126,14774,0.257745624,-0.265282184,-0.457022876,0.0307010729,-0.426333219,0.024425704,0.903715014
181373665814,14790,0.257726163,-0.265286118,-0.457019031,0.0307003874,-0.426332474,0.0244268756,0.903715432
181390292116,14806,0.257709175,-0.265288413,-0.457015842,0.0306993984,-0.426330835,0.024425583,0.903716266
181406944668,14823,0.257699192,-0.2652978,-0.457025707,0.0307049267,-0.426333785,0.0244325995,0.903714478
181423627585,14839,0.257692337,-0.265305042,-0.457034051,0.0307040792,-0.426340312,0.0244350228,0.903711379
181440281960,14856,0.257686675,-0.265302867,-0.457025379,0.0306994636,-0.426340103,0.0244318191,0.903711677
181456943053,14873,0.257680118,-0.265301347,-0.457017511,0.0306907594,-0.426342845,0.0244225338,0.903710961
181473623470,14889,0.2576738,-0.265302837,-0.457010269,0.0306838695,-0.42634216,0.0244222898,0.903711498
181490284876,14905,0.257682294,-0.265301794,-0.456998587,0.0306778345,-0.426341683,0.024423575,0.903711915
181506943470,14922,0.257685065,-0.26530391,-0.456985652,0.0306817647,-0.426341802,0.0244241729,0.903711736
181523627897,14939,0.257681906,-0.265302598,-0.456978738,0.0306842308,-0.426344991,0.024429258,0.903710008
181540276335,14955,0.257678807,-0.265299737,-0.456976414,0.0306680445,-0.426349729,0.0244330112,0.9037081
181556951543,14972,0.257684112,-0.26529339,-0.45697695,0.0306529272,-0.426345468,0.0244328249,0.903710723
181573708314,14988,0.25769338,-0.265286207,-0.456978619,0.0306491237,-0.426343262,0.0244305693,0.903711915
181590381908,15006,0.257688046,-0.265286267,-0.456976682,0.0306500364,-0.426341116,0.0244278871,0.903712988
181606945918,15022,0.257683486,-0.265286863,-0.456974447,0.0306541696,-0.426337093,0.0244287215,0.903714776
181623704772,15038,0.257678628,-0.265287727,-0.456971705,0.030650802,-0.426341683,0.0244297348,0.90371269
181640309199,15054,0.257680297,-0.265292615,-0.456973046,0.0306419004,-0.426346898,0.0244282559,0.903710485
181656971335,15071,0.257684886,-0.265297532,-0.456974328,0.0306402948,-0.426346332,0.0244264826,0.903710842
181673614303,15088,0.25767982,-0.265302211,-0.45697248,0.0306504518,-0.426343799,0.0244296156,0.903711617
181690368366,15104,0.257674128,-0.265306294,-0.456974834,0.0306484979,-0.42634666,0.024437286,0.903710186
181706943001,15121,0.257669061,-0.265307039,-0.456974596,0.0306341555,-0.426343203,0.0244328659,0.903712392
181723624928,15137,0.257674456,-0.265299797,-0.456979156,0.0306339879,-0.426341623,0.024426369,0.903713405
181740278678,15153,0.257680982,-0.265292734,-0.456985265,0.0306315944,-0.426338941,0.0244224444,0.903714776
181756941699,15171,0.257678896,-0.265291154,-0.456983447,0.0306351315,-0.426339418,0.0244247448,0.903714418
181773621803,15187,0.257678807,-0.26528722,-0.456979781,0.0306252372,-0.426342458,0.0244252607,0.903713286
181790277168,15204,0.257676423,-0.265287399,-0.456975937,0.0306234788,-0.426341504,0.0244107079,0.90371418
181806959876,15220,0.25767526,-0.265283406,-0.456979305,0.0306148417,-0.426333129,0.0244047623,0.903718591
181824560814,15238,0.257671237,-0.265284359,-0.456982195,0.0306137595,-0.426331401,0.0244058706,0.903719366
181840318730,15253,0.257671714,-0.265287966,-0.456982046,0.0306163076,-0.426331699,0.0244091563,0.903719068
181856944303,15270,0.25767678,-0.265288055,-0.456986099,0.0306180548,-0.426331878,0.024404576,0.903719068
181873683001,15287,0.257676303,-0.265290976,-0.456985891,0.0306188855,-0.426326007,0.0244014766,0.903721929
181890815762,15303,0.257673681,-0.265292346,-0.456982106,0.0306157358,-0.426324844,0.0244005453,0.903722525
181906976960,15320,0.257668316,-0.265294611,-0.456979215,0.0306136925,-0.426325023,0.0244010109,0.903722525
181923621439,15336,0.257667542,-0.265294641,-0.456977367,0.0306173693,-0.426322073,0.0244045295,0.903723776
181940277220,15353,0.257667273,-0.265295416,-0.456977814,0.0306161679,-0.426323801,0.024404915,0.903722942
181956942897,15370,0.257668525,-0.265292078,-0.456980795,0.0306116045,-0.42631942,0.024405444,0.903725147
181973633522,15386,0.257671773,-0.265287429,-0.456985712,0.0306105353,-0.426321,0.0244056117,0.903724432
181990292793,15402,0.257667631,-0.265291154,-0.456984878,0.0306171477,-0.426323503,0.0244079232,0.903723001
182006943157,15419,0.257662624,-0.265292764,-0.456985414,0.0306231081,-0.426327914,0.0244122688,0.903720558
182023617949,15436,0.25766018,-0.265292317,-0.456986636,0.0306247864,-0.426328987,0.024417717,0.903719902
182040276595,15452,0.257662982,-0.26528725,-0.456985682,0.030619977,-0.426332206,0.0244218875,0.903718352
182057027064,15468,0.257668018,-0.265282273,-0.456980765,0.0306149311,-0.426326513,0.0244191438,0.903721273
182073694616,15486,0.257671267,-0.265283465,-0.456975609,0.0306177419,-0.426323384,0.0244169887,0.903722763
182090276282,15502,0.257678956,-0.265284717,-0.456974834,0.03061652,-0.426325649,0.024416618,0.90372169
182106945657,15518,0.257686019,-0.265285611,-0.456972063,0.0306123272,-0.426323265,0.0244202632,0.903722882
182123612220,15535,0.25769645,-0.265284628,-0.456968218,0.0306128077,-0.426322192,0.024415547,0.903723538
182140281803,15552,0.257709146,-0.26528284,-0.456964165,0.0306013413,-0.426321507,0.0244145878,0.903724253
182156956959,15568,0.257712901,-0.265282899,-0.456956923,0.0305998158,-0.426323056,0.0244142544,0.903723598
182173780709,15584,0.257717669,-0.265278727,-0.456951022,0.0306022726,-0.426328659,0.0244181529,0.903720737
182190276751,15602,0.257729769,-0.265275955,-0.456942558,0.0306088831,-0.42632392,0.0244252887,0.903722584
182206944095,15618,0.257751137,-0.265271783,-0.456935734,0.0306069888,-0.426322281,0.0244282205,0.903723359
182223617324,15634,0.257771611,-0.265265584,-0.456929833,0.0305966567,-0.426317424,0.0244209915,0.903726161
182240305501,15651,0.257787079,-0.265264034,-0.456935197,0.0305883698,-0.42631194,0.0244233273,0.903728962
182256944668,15668,0.25780338,-0.265262783,-0.456939727,0.0305874366,-0.42631337,0.0244206749,0.903728426
182273655814,15684,0.257815659,-0.265263915,-0.456937045,0.0305977054,-0.426315784,0.0244241133,0.903726816
182290278782,15701,0.257826805,-0.265265077,-0.45693475,0.0305985305,-0.426323205,0.0244214628,0.903723359
182307048261,15718,0.257840395,-0.265266925,-0.456925541,0.030600924,-0.426323265,0.0244211107,0.90372324
182323617324,15734,0.257848203,-0.26526925,-0.456920862,0.0306006856,-0.426326424,0.0244301967,0.903721571
182340283678,15750,0.257856429,-0.265271991,-0.456916779,0.0306052621,-0.426335067,0.0244336762,0.90371722
182356942428,15767,0.257869363,-0.265273005,-0.456908256,0.0306090526,-0.426335901,0.024436377,0.903716624
182373693157,15784,0.257882476,-0.265269876,-0.456899762,0.0306151677,-0.426330507,0.0244307406,0.903719127
182390275501,15800,0.257889777,-0.265267849,-0.45690155,0.0306122731,-0.426328242,0.0244276002,0.903720319
182406951803,15817,0.257887721,-0.265265763,-0.456918716,0.0306113381,-0.426327884,0.0244313926,0.903720438
182423787272,15834,0.25789392,-0.265262455,-0.456924856,0.0306113493,-0.426324755,0.0244339351,0.903721869
182440278470,15850,0.257896125,-0.265258223,-0.456928164,0.0306135528,-0.426320076,0.0244363025,0.903723955
182456949407,15867,0.25789088,-0.265253305,-0.456938595,0.0306201372,-0.42632696,0.024439469,0.903720379
182473610397,15883,0.257893026,-0.265247077,-0.456940353,0.0306176189,-0.426325798,0.0244429316,0.903720915
182490465345,15899,0.257892221,-0.265238255,-0.456943065,0.0306089111,-0.426331192,0.024442222,0.90371871
182506962689,15916,0.257897019,-0.265227407,-0.456942141,0.0306010433,-0.426330358,0.0244387593,0.903719425
182523613157,15933,0.257894874,-0.265220493,-0.45694831,0.0306056105,-0.426334769,0.0244401339,0.90371716
182540280553,15949,0.257892638,-0.265212566,-0.456954956,0.0306082908,-0.426331341,0.0244438685,0.903718591
182556944199,15966,0.257891625,-0.265208989,-0.456954241,0.0306163952,-0.426327467,0.0244472865,0.903720021
182573707272,15983,0.257878542,-0.265212893,-0.456952959,0.0306242947,-0.426329345,0.0244524274,0.90371877
182590278001,15999,0.257872611,-0.265217513,-0.456955135,0.0306198075,-0.426329404,0.0244560763,0.90371877
182606942376,16015,0.25786835,-0.265226185,-0.456962198,0.0306288209,-0.42633158,0.024463566,0.90371722
182623684616,16032,0.257869273,-0.265226066,-0.456970006,0.0306287352,-0.426335841,0.0244672261,0.903715134
182640277584,16049,0.257861495,-0.26522854,-0.456981957,0.0306314472,-0.426343769,0.0244678631,0.903711259
182656954251,16065,0.257856786,-0.265229523,-0.456990361,0.0306344572,-0.426346242,0.0244654398,0.903710067
182673736647,16082,0.257861793,-0.265225291,-0.456991583,0.0306333099,-0.426344663,0.024460502,0.903710961
182690287845,16099,0.257855773,-0.265229613,-0.456995934,0.0306389406,-0.426348448,0.0244606473,0.903708994
182706964459,16115,0.257855773,-0.265231997,-0.456999421,0.0306377634,-0.426354378,0.0244617239,0.903706253
182723609824,16131,0.257859051,-0.265235156,-0.457000911,0.0306395832,-0.426351994,0.0244642422,0.903707266
182740390865,16147,0.257861555,-0.265235931,-0.457003236,0.0306330286,-0.426350892,0.0244632997,0.903708041
182756944095,16164,0.257868022,-0.265231818,-0.457004428,0.0306324083,-0.426356763,0.0244648233,0.903705239
182773633938,16180,0.257875204,-0.265231669,-0.457008779,0.0306281801,-0.426360548,0.0244642831,0.90370357
182790290709,16198,0.257878482,-0.265229434,-0.457012743,0.0306291096,-0.426363021,0.0244591217,0.903702497
182806944147,16214,0.257861555,-0.265230596,-0.4570131,0.030636372,-0.426358104,0.0244607832,0.903704524
182824177480,16231,0.257849604,-0.26523307,-0.457016885,0.0306441728,-0.426356673,0.0244706888,0.903704643
182840277324,16248,0.257851154,-0.265237004,-0.457020462,0.0306432173,-0.426356405,0.0244733449,0.903704703
182856946282,16264,0.257851005,-0.265243679,-0.457023263,0.0306479745,-0.426358014,0.0244725123,0.903703868
182873617584,16280,0.257851899,-0.265244871,-0.457023501,0.0306447949,-0.426364213,0.0244713183,0.903701067
182890329824,16297,0.257848442,-0.265244961,-0.457022101,0.0306434464,-0.426359862,0.0244776011,0.903703034
182906965657,16314,0.257846355,-0.265244782,-0.457025081,0.0306483191,-0.426360458,0.0244728588,0.903702736
182923615813,16330,0.257843435,-0.265248358,-0.457031608,0.0306492932,-0.426364541,0.0244649556,0.903700948
182940278313,16347,0.257843703,-0.265250355,-0.457039624,0.0306413136,-0.426363915,0.0244639609,0.903701544
182956974772,16364,0.257838368,-0.265251249,-0.457049429,0.030639708,-0.426374882,0.0244705044,0.903696299
182973992272,16380,0.257826746,-0.26525411,-0.457057297,0.0306380652,-0.426374286,0.0244763549,0.903696418
182990297011,16396,0.257820785,-0.265256196,-0.457062006,0.0306391548,-0.426373601,0.0244746804,0.903696775
183006947792,16413,0.257812947,-0.265262276,-0.457062721,0.0306390654,-0.426374882,0.0244722683,0.903696239
183023613365,16429,0.257807702,-0.265266836,-0.457066834,0.0306347478,-0.426374167,0.0244730935,0.903696716
183040274251,16446,0.257802546,-0.265267491,-0.457074136,0.030633036,-0.42637381,0.0244719926,0.903696954
183056939563,16463,0.257788539,-0.26527065,-0.457075328,0.0306304581,-0.426367372,0.0244713705,0.903700113
183073616386,16479,0.257775962,-0.265270144,-0.457078129,0.0306283031,-0.426371157,0.0244673807,0.903698504
183090362584,16495,0.257767498,-0.265266389,-0.457080364,0.0306250118,-0.426371843,0.0244701151,0.903698266
183106953417,16513,0.257758021,-0.265260011,-0.457088143,0.0306243896,-0.426378757,0.0244676601,0.903695047
183123607532,16529,0.257748187,-0.265263379,-0.457092345,0.0306264721,-0.426377565,0.024469031,0.903695464
183140278001,16545,0.257738501,-0.265265942,-0.457097381,0.0306285564,-0.426380157,0.0244631208,0.903694391
183157046386,16562,0.257729262,-0.265260726,-0.457107008,0.0306294356,-0.426382005,0.0244619045,0.903693497
183173639251,16579,0.257718235,-0.265252233,-0.457108021,0.0306244176,-0.426379055,0.024461057,0.903695047
183190284042,16595,0.257710218,-0.265245706,-0.457114726,0.0306281205,-0.426383257,0.0244615022,0.903692961
183206948626,16612,0.257710427,-0.265241474,-0.45711714,0.0306282192,-0.426380485,0.0244573951,0.903694332
183223696751,16628,0.257713199,-0.265235841,-0.457117975,0.030628914,-0.426377237,0.0244520232,0.903696001
183240284355,16645,0.257721871,-0.265232533,-0.457108974,0.0306248851,-0.426374495,0.0244517326,0.903697491
183256966178,16662,0.257729977,-0.265229642,-0.457104176,0.0306236316,-0.426372051,0.0244398937,0.903698981
183273611282,16678,0.257734448,-0.265227735,-0.457108349,0.0306252837,-0.426371604,0.0244371928,0.903699219
183290278730,16694,0.257744849,-0.265232146,-0.457104683,0.0306317601,-0.42637226,0.0244376417,0.903698623
183306948157,16712,0.25775364,-0.265229434,-0.457106858,0.0306376051,-0.42637521,0.0244337805,0.903697193
183323612428,16728,0.257761627,-0.265227407,-0.45709604,0.0306358077,-0.426372766,0.0244235583,0.903698683
183340283834,16744,0.257770836,-0.265225917,-0.457085997,0.0306327436,-0.426371872,0.0244170744,0.903699338
183356942063,16760,0.257777601,-0.265222907,-0.45708704,0.0306385625,-0.426367074,0.0244182888,0.903701425
183373691386,16778,0.257782221,-0.26522243,-0.457087636,0.0306356195,-0.42636624,0.0244261641,0.903701723
183390279876,16794,0.257785976,-0.265221685,-0.457085133,0.0306364596,-0.426370472,0.0244317148,0.903699517
183406945240,16810,0.257788211,-0.265219271,-0.457073838,0.0306365564,-0.426369667,0.0244220719,0.903700173
183424288365,16828,0.257790804,-0.265215486,-0.45706901,0.0306377113,-0.426372826,0.0244223289,0.903698623
183440278053,16844,0.257789373,-0.265217215,-0.457062632,0.0306432061,-0.42636925,0.0244149994,0.903700233
183456954876,16860,0.257784605,-0.265223563,-0.457054824,0.0306496061,-0.426375002,0.0244192537,0.903697312
183473667740,16877,0.257785976,-0.265220821,-0.457047582,0.0306485165,-0.426372558,0.0244142227,0.903698564
183490350449,16893,0.257789046,-0.265222102,-0.4570342,0.0306482073,-0.426373184,0.0244101807,0.903698385
183507133574,16910,0.257792234,-0.265223116,-0.457024425,0.0306449831,-0.42637378,0.0244105011,0.903698266
183523608886,16927,0.257792383,-0.26522851,-0.457024813,0.0306463409,-0.426374346,0.0244073998,0.903697968
183540275813,16943,0.25779444,-0.26523447,-0.457025498,0.0306431521,-0.426379383,0.0244066231,0.903695703
183557000501,16960,0.257800102,-0.265238553,-0.457025021,0.0306459777,-0.426383555,0.0244074762,0.903693676
183573613574,16977,0.257807553,-0.265244126,-0.457022607,0.0306395162,-0.426384002,0.0244066622,0.903693736
183590433001,16993,0.257810533,-0.265244901,-0.45701924,0.0306409653,-0.426381528,0.0244027227,0.903694928
183606947115,17009,0.257807046,-0.265249252,-0.457018346,0.0306379944,-0.426377356,0.0243976116,0.903697073
183623618521,17026,0.257802397,-0.265256554,-0.4570207,0.0306377206,-0.426380366,0.0243958142,0.903695822
183640304146,17043,0.257798761,-0.265254289,-0.457014978,0.0306387749,-0.426386237,0.0243954621,0.903692961
183656944459,17059,0.25779599,-0.265252382,-0.457008421,0.0306358654,-0.426388323,0.0243933648,0.903692126
183674066126,17076,0.257793188,-0.265257984,-0.457009941,0.0306395907,-0.426389366,0.0243921895,0.90369159
183690345188,17092,0.257779211,-0.265267164,-0.457016617,0.0306378137,-0.42639035,0.0243921131,0.903691173
183706954198,17109,0.257768273,-0.265276045,-0.457020074,0.0306427684,-0.426392764,0.0244004317,0.903689623
183723641334,17126,0.257764339,-0.265275091,-0.457012802,0.0306470878,-0.426391631,0.0244021453,0.903689981
183740279771,17142,0.257759988,-0.265273929,-0.457006544,0.0306499265,-0.426395297,0.024402339,0.903688133
183756960657,17158,0.257750511,-0.265273988,-0.45699957,0.0306520946,-0.426392198,0.0243970025,0.903689682
183773627219,17175,0.257736087,-0.265274346,-0.456990808,0.0306495875,-0.426393062,0.0243981071,0.903689325
183790273626,17192,0.257731199,-0.265273988,-0.456981361,0.0306496564,-0.426390946,0.0244042687,0.903690159
183806947219,17208,0.257738113,-0.265269071,-0.456973016,0.0306495484,-0.42638728,0.0244026091,0.903691888
183823610240,17225,0.257742345,-0.265264422,-0.456965595,0.0306475591,-0.42639181,0.0243962519,0.90369004
183840346542,17241,0.257733077,-0.265271276,-0.456965864,0.0306490678,-0.426397771,0.0244041402,0.903686941
183856962844,17258,0.257721007,-0.265280515,-0.456970483,0.030647872,-0.426397741,0.0244050175,0.903686941
183873611542,17275,0.25772059,-0.265285313,-0.456968933,0.0306425299,-0.426400274,0.024402393,0.903686047
183890315188,17291,0.257726729,-0.265288562,-0.456962943,0.0306383502,-0.426401526,0.0243984461,0.903685689
183906963313,17307,0.257724643,-0.265292585,-0.45695588,0.0306407399,-0.42640081,0.0243971013,0.903685987
183923612792,17324,0.257718593,-0.265299708,-0.456960976,0.0306464564,-0.426396012,0.0243977364,0.903687954
183940278573,17341,0.25771302,-0.265305519,-0.456968546,0.0306454878,-0.426389188,0.0243941396,0.903691411
183956939459,17357,0.257710218,-0.265303642,-0.456972957,0.0306404326,-0.426387817,0.0243945327,0.903692186
183973614771,17374,0.257707119,-0.26529932,-0.456979156,0.030634895,-0.426390141,0.0243933816,0.903691292
183990284094,17391,0.257698685,-0.265304148,-0.456979752,0.0306334998,-0.426388681,0.0243908018,0.903692126
184006956334,17407,0.257694185,-0.265308738,-0.456991643,0.0306292605,-0.426386356,0.024384167,0.903693497
184023642011,17423,0.257689685,-0.265313417,-0.457002372,0.0306285638,-0.426389068,0.0243914705,0.903692126
184040276334,17441,0.257687837,-0.265307099,-0.457002759,0.0306286439,-0.426390707,0.0243948195,0.903691232
184056957584,17457,0.257689297,-0.265294492,-0.457000673,0.0306277834,-0.426387191,0.0243912283,0.90369302
184073612323,17474,0.257686287,-0.265289873,-0.456998557,0.0306294523,-0.42638728,0.0243893843,0.903692901
184090319459,17490,0.257687241,-0.265284926,-0.456999034,0.0306302384,-0.426389575,0.0243886933,0.903691828
184106945188,17506,0.257688493,-0.265279353,-0.456997156,0.0306213517,-0.426388443,0.0243890658,0.903692722
184123611959,17523,0.257685244,-0.265275747,-0.456994742,0.0306162369,-0.426388264,0.0243889205,0.903692961
184140275761,17540,0.257680327,-0.265273511,-0.456991315,0.0306142699,-0.426386684,0.0243859459,0.903693855
184156944875,17556,0.257680833,-0.265271068,-0.45699048,0.0306176171,-0.426388055,0.0243849717,0.90369314
184173630969,17573,0.257686853,-0.265268087,-0.456989795,0.0306240115,-0.426387191,0.0243865252,0.903693318
184190290917,17589,0.257690251,-0.265265614,-0.456988782,0.0306215435,-0.426384866,0.0243860725,0.90369451
184206946021,17606,0.257695436,-0.265262842,-0.456988245,0.0306167267,-0.426382929,0.0243858919,0.903695524
184223613782,17622,0.257696748,-0.265261441,-0.456984162,0.0306101069,-0.426381439,0.0243871771,0.903696418
184240280500,17639,0.257693797,-0.265265226,-0.456986547,0.0306075495,-0.42637831,0.0243931245,0.903697848
184256947375,17656,0.257689714,-0.26526916,-0.456992269,0.0306054335,-0.426376462,0.0243927184,0.903698742
184273664198,17672,0.257687151,-0.265271217,-0.456990689,0.0306003205,-0.4263753,0.0243914854,0.903699517
184290658521,17688,0.257685214,-0.265276492,-0.45698905,0.0306007974,-0.426376015,0.0243974477,0.90369904
184306951438,17705,0.257680535,-0.265282482,-0.456988484,0.0305951927,-0.426378518,0.0244015362,0.903697908
184323608834,17722,0.257676303,-0.265290976,-0.456982911,0.0305998921,-0.426378518,0.0244046096,0.90369767
184340275396,17738,0.257670969,-0.26529792,-0.456976444,0.030605318,-0.42637369,0.0244001877,0.903699875
184356945396,17755,0.257663548,-0.265297353,-0.456981599,0.0306061506,-0.426380813,0.0244015418,0.903696418
184373620917,17771,0.257657707,-0.265292972,-0.456991971,0.0306040682,-0.426384926,0.0244020093,0.90369463
184390276386,17788,0.257645935,-0.265294671,-0.456996232,0.0306055862,-0.426392227,0.0244069602,0.903690934
184406968886,17805,0.257637888,-0.265298903,-0.457003683,0.0306057427,-0.426388711,0.0244006068,0.903692722
184423618834,17821,0.257629514,-0.265304685,-0.457010478,0.0306061264,-0.426387459,0.024396047,0.903693438
184440381125,17837,0.257627666,-0.265305132,-0.457012564,0.0306036938,-0.426390171,0.0243972708,0.903692245
184456940709,17855,0.257630587,-0.265302211,-0.457014263,0.0306019709,-0.426392257,0.0244012475,0.903691232
184473631490,17871,0.25763309,-0.265301675,-0.457016349,0.0306049138,-0.426396608,0.0243916661,0.903689325
184490347688,17887,0.257638395,-0.265299767,-0.45701611,0.0306082163,-0.426391512,0.0243829656,0.903691828
184507210031,17904,0.257637024,-0.265301317,-0.457016796,0.0306055397,-0.42639634,0.0243845191,0.903689623
184523612115,17921,0.257651448,-0.265296876,-0.457014531,0.0305982325,-0.426397681,0.0243815947,0.903689325
184540281594,17937,0.257663488,-0.265295625,-0.457010925,0.0306002367,-0.426398188,0.0243738834,0.903689206
184556959250,17953,0.257665038,-0.265295357,-0.457010388,0.0305951573,-0.426399082,0.0243682284,0.903689086
184573768625,17971,0.257669926,-0.265293181,-0.457009494,0.0305905659,-0.426401705,0.0243674014,0.903688073
184590271959,17987,0.257675678,-0.265290827,-0.457006603,0.0305904057,-0.426401466,0.024368573,0.903688133
184606951490,18003,0.257686347,-0.265279025,-0.457004488,0.0305906851,-0.426401347,0.0243662018,0.903688312
184628413625,18024,0.257694215,-0.265274733,-0.457003236,0.0305967405,-0.426395088,0.0243708305,0.903690875
184640275188,18037,0.257702857,-0.265270233,-0.45700863,0.0305963978,-0.426389843,0.0243757274,0.903693259
184656928104,18053,0.25771296,-0.265261799,-0.457016617,0.0305916071,-0.426389188,0.0243791826,0.903693616
184673672219,18069,0.257714659,-0.26526022,-0.457017154,0.0305932648,-0.426394224,0.0243757423,0.903691292
184690568313,18087,0.257713258,-0.265262425,-0.457007408,0.0305999164,-0.426393181,0.0243771467,0.90369153
184707072688,18103,0.257712811,-0.265263498,-0.457004756,0.0305979736,-0.426392734,0.0243785754,0.903691769
184723613417,18119,0.257713497,-0.265264213,-0.457009286,0.0305974744,-0.426393449,0.0243841559,0.903691232
184740304563,18135,0.257715434,-0.265266329,-0.457015008,0.0305947941,-0.426389366,0.0243841708,0.903693259
184756946958,18153,0.257717788,-0.265275538,-0.457024664,0.0305938311,-0.426388502,0.024387667,0.903693676
184774439719,18170,0.257721007,-0.265284717,-0.457033455,0.0305921845,-0.42638123,0.0243906472,0.903697073
184790277896,18185,0.257716417,-0.265290082,-0.457041502,0.0305915363,-0.426379114,0.0243902076,0.903698087
184806942740,18203,0.257703334,-0.265292466,-0.457051873,0.0305926893,-0.42638123,0.0243876372,0.903697073
184823617011,18219,0.257692993,-0.265297115,-0.457060635,0.0305936392,-0.426383138,0.0243895669,0.90369612
184840282011,18235,0.257701784,-0.265296549,-0.457058936,0.0305864625,-0.42638725,0.0243912712,0.903694391
184857039198,18251,0.257716268,-0.265293449,-0.457053065,0.0305832438,-0.426384777,0.0243879985,0.903695703
184873618625,18269,0.257719249,-0.265295088,-0.457060546,0.0305830352,-0.426391363,0.0243890341,0.903692663
184890282531,18285,0.257718056,-0.265293926,-0.457069695,0.0305887032,-0.426393777,0.0243890956,0.903691232
184906967948,18301,0.257719815,-0.265292972,-0.457077324,0.0305853803,-0.42639342,0.0243920777,0.903691471
184923611333,18318,0.257742435,-0.265283704,-0.457074612,0.0305800959,-0.426390588,0.0243910719,0.90369302
184940399771,18335,0.25777024,-0.265271187,-0.457070529,0.0305853337,-0.426391602,0.0243884455,0.903692424
184956945396,18351,0.257784605,-0.26526314,-0.457071334,0.0305923596,-0.426386327,0.0243871398,0.903694749
184973635813,18368,0.25779897,-0.265251994,-0.457072139,0.0305936877,-0.426383942,0.024393281,0.903695643
184990284979,18384,0.257811308,-0.265243083,-0.457072973,0.0305958819,-0.426383853,0.0243969448,0.903695464
185006945292,18401,0.257820785,-0.265240937,-0.457067907,0.0305946544,-0.426377952,0.0243972838,0.903698325
185023621490,18417,0.25783065,-0.265238732,-0.457065701,0.0305951908,-0.426379234,0.0243962165,0.903697729
185040276542,18434,0.257840812,-0.265239954,-0.457060277,0.0305916425,-0.426375747,0.0244058911,0.903699279
185056943573,18451,0.257850349,-0.265243411,-0.457049161,0.0305913072,-0.42637372,0.0244084746,0.903700173
185073613417,18467,0.25786382,-0.265243441,-0.457042336,0.0305969026,-0.426375806,0.0244055279,0.903698981
185090356906,18484,0.257880896,-0.265244097,-0.457032681,0.0306090787,-0.42637682,0.0244001038,0.903698266
185106958208,18500,0.257898808,-0.26524505,-0.457027078,0.0306142904,-0.426379293,0.0243975502,0.903697014
185123612115,18517,0.257906705,-0.265248775,-0.457025349,0.0306140911,-0.426380515,0.024398258,0.903696477
185140274979,18533,0.257915914,-0.265250176,-0.457022756,0.0306191593,-0.426380545,0.0243973322,0.903696299
185156941594,18550,0.25792554,-0.265252769,-0.45702225,0.0306200013,-0.426380336,0.0243903864,0.903696537
185173612479,18566,0.257928312,-0.265258342,-0.457024843,0.0306227915,-0.426386982,0.0243970845,0.90369308
185190363677,18583,0.257937998,-0.265259266,-0.457027048,0.0306233224,-0.426392138,0.0244021527,0.903690457
185206956073,18600,0.257919848,-0.265271425,-0.457031757,0.0306240208,-0.426390439,0.0244091619,0.903691173
185223609458,18616,0.257905424,-0.26528275,-0.457034707,0.0306277014,-0.426389575,0.0244119279,0.903691351
185240277323,18632,0.257905692,-0.265284926,-0.457029492,0.030627083,-0.426387429,0.0244119931,0.903692365
185256948937,18650,0.257903457,-0.265288234,-0.457022905,0.0306272581,-0.426386833,0.0244142581,0.903692603
185273661177,18666,0.257899523,-0.265293658,-0.457020402,0.0306295715,-0.426383495,0.0244142879,0.903694093
185290347792,18682,0.257888347,-0.265301108,-0.457023174,0.0306339022,-0.426379651,0.0244173054,0.903695643
185306977531,18700,0.257886052,-0.265305698,-0.457020909,0.0306332856,-0.426377475,0.0244183261,0.903696716
185323607375,18716,0.257876933,-0.265308261,-0.45701012,0.0306330789,-0.426376522,0.0244208109,0.903697014
185340303729,18732,0.257863104,-0.265309453,-0.456997991,0.0306338966,-0.426382124,0.0244179908,0.903694451
185356946802,18748,0.257852972,-0.265309811,-0.456998795,0.0306306165,-0.426382989,0.0244120322,0.903694332
185373666125,18765,0.257842839,-0.265309811,-0.457006335,0.0306272469,-0.426378787,0.0244059656,0.903696597
185390281958,18782,0.25783363,-0.265311062,-0.457008749,0.0306212641,-0.426377267,0.0244088806,0.903697371
185406944094,18798,0.257820845,-0.265312493,-0.45700714,0.0306220446,-0.426375806,0.0244082324,0.903698087
185423618937,18815,0.257808447,-0.265315771,-0.457007289,0.0306231901,-0.42637673,0.024405947,0.903697729
185440282323,18832,0.257789493,-0.265320688,-0.457006097,0.0306282528,-0.426374257,0.0244038589,0.903698683
185456951802,18848,0.257769525,-0.265324682,-0.457007229,0.0306314584,-0.426375061,0.0244053826,0.903698206
185473661906,18865,0.257760793,-0.265325159,-0.457005918,0.0306303278,-0.426375568,0.0244073458,0.903698027
185490310344,18881,0.257756144,-0.265321374,-0.45700109,0.0306311678,-0.426374763,0.0244047474,0.903698385
185507788000,18898,0.257750362,-0.2653175,-0.456999958,0.030631274,-0.426377863,0.0244084056,0.903696835
185523610448,18914,0.257744014,-0.265310913,-0.457005829,0.0306315273,-0.42637983,0.0244124439,0.903695822
185540281542,18931,0.257736981,-0.265305817,-0.457011819,0.0306361672,-0.42638123,0.0244103223,0.903694987
185556943208,18948,0.257737935,-0.265303612,-0.457008421,0.0306373052,-0.426379859,0.0244029127,0.903695822
185573625708,18964,0.257742822,-0.265302211,-0.457001537,0.030637566,-0.426372319,0.0243953895,0.903699577
185590277219,18981,0.257742256,-0.265299439,-0.457001686,0.0306286886,-0.426371008,0.0243969616,0.903700471
185606942791,18997,0.257742912,-0.265295744,-0.457011759,0.0306271929,-0.426376671,0.024402637,0.90369767
185623621594,19013,0.257743597,-0.265292048,-0.457018673,0.0306199118,-0.426375329,0.0244021975,0.903698623
185640280291,19031,0.257747531,-0.265294343,-0.457021594,0.0306264069,-0.426379681,0.0244020578,0.903696239
185656944927,19047,0.257752359,-0.265295297,-0.457024843,0.0306235943,-0.426382422,0.0244039651,0.903695047
185673649458,19063,0.257749617,-0.26529628,-0.457029939,0.0306190364,-0.426383406,0.0244015642,0.903694808
185690904198,19081,0.257748991,-0.265301079,-0.457038045,0.0306222439,-0.426385075,0.0244015846,0.903693914
185706960812,19097,0.257744133,-0.265303582,-0.457046032,0.0306154341,-0.426388711,0.0244052131,0.903692365
185723611698,19113,0.257739902,-0.265301168,-0.45704475,0.0306151956,-0.426386297,0.0244126767,0.903693259
185740278000,19130,0.257735759,-0.265295804,-0.457040966,0.0306107942,-0.426387608,0.0244137272,0.903692722
185756943416,19146,0.257731348,-0.265295029,-0.457040519,0.0306088533,-0.426387757,0.0244107246,0.903692842
185773617791,19163,0.257726073,-0.265295923,-0.457040757,0.0306065138,-0.426388025,0.0244092196,0.903692842
185790303364,19179,0.257721663,-0.265292823,-0.457040042,0.0306095127,-0.426387429,0.024411276,0.903692901
185806943989,19196,0.257724017,-0.265287519,-0.457035661,0.0306102093,-0.426392943,0.024410028,0.903690338
185823707635,19213,0.257721543,-0.265284538,-0.45703271,0.0306102075,-0.426394939,0.0244034808,0.903689623
185840557166,19229,0.257725,-0.265288651,-0.457032651,0.0306072924,-0.426396817,0.0243950468,0.903689086
185856952114,19246,0.25773102,-0.265296191,-0.45703271,0.0306041166,-0.426398039,0.0243961364,0.90368855
185873921802,19263,0.257730216,-0.265299052,-0.457026988,0.0306010973,-0.426398873,0.0243960079,0.903688312
185890374666,19279,0.257733643,-0.265301406,-0.457018733,0.0306054503,-0.426400036,0.0243903268,0.903687716
185906942531,19295,0.257733762,-0.265304267,-0.457012534,0.0306133069,-0.426402062,0.0243877713,0.903686583
185923609510,19312,0.257726669,-0.265303522,-0.457011223,0.0306124706,-0.426400214,0.0243964139,0.903687179
185940278885,19329,0.257718801,-0.26529941,-0.457010448,0.0306072012,-0.426399261,0.0243933089,0.903688014
185956949718,19345,0.25771758,-0.265300125,-0.457007945,0.0306023005,-0.426394373,0.024391979,0.903690457
185973666385,19362,0.257723272,-0.26530692,-0.457007319,0.0306050498,-0.426389128,0.0243923068,0.903692782
185990284041,19378,0.257727057,-0.265307963,-0.45700714,0.0305963159,-0.426391929,0.0243891384,0.903691888
186006958729,19395,0.257730424,-0.265300155,-0.457006425,0.0305923373,-0.426391661,0.0243881103,0.903692126
186023617948,19411,0.257733077,-0.265296638,-0.45700264,0.030594565,-0.426392734,0.0243829619,0.903691769
186040377062,19428,0.257737011,-0.265298009,-0.456994057,0.0305977296,-0.426393598,0.0243832842,0.903691232
186056953468,19445,0.257740945,-0.265297532,-0.456986278,0.0305937007,-0.426394552,0.024381429,0.903690934
186073755448,19461,0.257742882,-0.26529935,-0.456983566,0.0305873603,-0.426389575,0.0243882537,0.903693318
186090422323,19478,0.257747531,-0.265297681,-0.456983298,0.030594768,-0.426389962,0.0243852362,0.90369302
186106945656,19494,0.257753551,-0.265292555,-0.456979752,0.0305911303,-0.426386207,0.0243772306,0.903695107
186123633208,19510,0.257763922,-0.265287042,-0.456978053,0.0305823274,-0.426391929,0.0243808366,0.903692544
186140283208,19528,0.257778704,-0.26527819,-0.456974894,0.0305766221,-0.426390618,0.0243836492,0.903693378
186156943625,19544,0.257787377,-0.265267968,-0.456974566,0.0305713899,-0.426393211,0.0243851244,0.903692245
186173746854,19560,0.257796943,-0.265253812,-0.456976891,0.0305736065,-0.426389575,0.0243810453,0.903693974
186190294823,19578,0.257807732,-0.265242815,-0.456977308,0.0305669215,-0.426388383,0.0243876372,0.90369463
186213530031,19600,0.25782001,-0.265242338,-0.456974864,0.0305669997,-0.426389635,0.0243926477,0.903693914
186223656281,19610,0.257825226,-0.265239984,-0.456973791,0.0305706281,-0.426391333,0.0243932493,0.903692961
186240276229,19627,0.257827759,-0.265232503,-0.456978291,0.0305683576,-0.426393032,0.0243884064,0.903692365
186256944458,19643,0.257831305,-0.265227199,-0.456983507,0.0305690896,-0.426395506,0.0243896712,0.903691173
186273761489,19660,0.25784111,-0.265224963,-0.456986368,0.0305697005,-0.426390827,0.0243934207,0.90369314
186291742270,19677,0.257851988,-0.265228301,-0.456997126,0.0305749606,-0.42639339,0.0243892837,0.903691947
186306982375,19693,0.257863164,-0.26522547,-0.457005382,0.0305755138,-0.426397681,0.0243828781,0.9036901
186323622635,19709,0.25786677,-0.265220195,-0.457018524,0.0305761825,-0.426399946,0.0243825912,0.903689027
186340277322,19726,0.257870704,-0.265216857,-0.457032621,0.0305741671,-0.426401675,0.0243899059,0.903688073
186356940083,19743,0.257875323,-0.265220135,-0.457039624,0.030578969,-0.426404029,0.0243937951,0.903686643
186375696854,19759,0.257883549,-0.265223533,-0.45704484,0.0305873491,-0.426403821,0.0243884847,0.903686583
186390286020,19775,0.257894218,-0.265222013,-0.457047611,0.0305884331,-0.426403761,0.0243880562,0.903686583
186406941906,19793,0.257899761,-0.265227944,-0.457051128,0.0305856969,-0.426407129,0.0243911818,0.903685033
186423612427,19809,0.257907271,-0.265232921,-0.457051933,0.0305833966,-0.426409334,0.0243965965,0.903683901
186440275656,19825,0.257913291,-0.265248924,-0.457045168,0.0305909961,-0.426410854,0.0243893377,0.903683126
186456953364,19843,0.257920414,-0.265267551,-0.457039893,0.0306002386,-0.426413924,0.0243851542,0.903681457
186473642687,19859,0.25792706,-0.265271306,-0.457045555,0.0306028482,-0.426414371,0.0243884269,0.90368104
186490300864,19875,0.257929295,-0.265272111,-0.457054287,0.0305997189,-0.426417917,0.0243874397,0.90367955
186506945708,19892,0.257938147,-0.265270472,-0.457061559,0.0306026135,-0.426419854,0.0243835039,0.903678656
186523613260,19909,0.257936358,-0.265267789,-0.457057804,0.0306033418,-0.426420867,0.0243875887,0.903678
186540280239,19925,0.257931769,-0.265266478,-0.457051814,0.0306016374,-0.426417202,0.0243954062,0.90367955
186556962218,19942,0.257929653,-0.265267044,-0.457053065,0.0306026638,-0.426418275,0.0243983604,0.903679013
186573610395,19958,0.257921636,-0.26526916,-0.4570539,0.0306047648,-0.426417589,0.0243980698,0.903679252
186590332947,19974,0.257922828,-0.26526919,-0.457051694,0.0306039788,-0.426415294,0.0243990161,0.903680325
186606947270,19991,0.257925928,-0.265273422,-0.457051605,0.0305995718,-0.426416457,0.0243977439,0.903679967
186623637947,20008,0.257928371,-0.265281588,-0.457050413,0.0306010898,-0.426419318,0.0244027842,0.903678417
186640281281,20024,0.257922649,-0.265286207,-0.457051307,0.0306007676,-0.42641589,0.0243986584,0.903680205
186656949302,20041,0.257909179,-0.265293151,-0.457054973,0.0306029189,-0.426413506,0.0244005341,0.903681219
186673690864,20058,0.257904589,-0.265298963,-0.457052171,0.0305967294,-0.426412612,0.024408944,0.903681576
186690282843,20074,0.257897675,-0.265306532,-0.45704484,0.0305926558,-0.426413,0.0244092979,0.903681457
186706938260,20090,0.257894516,-0.265313983,-0.457039148,0.0305924844,-0.426413387,0.0244156439,0.903681219
186723614406,20107,0.257885575,-0.265304804,-0.457038045,0.0305892322,-0.4264099,0.0244133696,0.903682947
186740293051,20124,0.257876277,-0.265296012,-0.457037538,0.0305831451,-0.426412731,0.0244156234,0.903681755
186756964614,20140,0.257873118,-0.265294194,-0.457025647,0.0305824764,-0.426413804,0.0244125258,0.903681397
186773618729,20157,0.257865876,-0.265293241,-0.457008123,0.030584868,-0.426413387,0.0244097561,0.903681636
186790281281,20173,0.2578592,-0.265291512,-0.456999838,0.030587675,-0.426411927,0.0244073942,0.903682232
186806924822,20190,0.25784862,-0.265288681,-0.457000792,0.0305850878,-0.426413685,0.0244097225,0.903681457
186824306749,20207,0.257843107,-0.265286535,-0.45700115,0.0305886064,-0.426414222,0.0244071372,0.903681159
186840273624,20223,0.257839441,-0.265285492,-0.457001686,0.0305931605,-0.426412165,0.0244029071,0.903682053
186856950916,20240,0.257832587,-0.265282959,-0.457003862,0.0305882376,-0.426410556,0.0244026594,0.903682947
186873623572,20256,0.257830381,-0.265282333,-0.457000256,0.0305915326,-0.42640546,0.0243999716,0.903685391
186890581489,20272,0.257828116,-0.265283942,-0.456995487,0.0305984393,-0.426410437,0.0244004522,0.903682768
186906943833,20290,0.257828176,-0.26528278,-0.456992388,0.0306010824,-0.426406771,0.0243998729,0.903684437
186923606489,20306,0.257832021,-0.26527667,-0.456992,0.0306006223,-0.426403105,0.024396196,0.903686285
186940272166,20322,0.257834464,-0.26527065,-0.456991076,0.030599311,-0.426400244,0.0243945643,0.903687716
186956948312,20339,0.257824838,-0.265268445,-0.456988543,0.0306012407,-0.426401079,0.0243964698,0.903687179
186973645968,20356,0.25781095,-0.26526776,-0.456984758,0.0306021422,-0.42639783,0.0243972577,0.903688669
186990358885,20372,0.257803559,-0.265263528,-0.456981987,0.0306029432,-0.426404148,0.0243961848,0.903685749
187006946437,20388,0.257795215,-0.265266597,-0.456985384,0.0306018274,-0.426404119,0.0244005229,0.903685689
187023628468,20406,0.257782817,-0.265272886,-0.456991076,0.030600857,-0.426404029,0.0243999604,0.903685749
187040277947,20422,0.257773757,-0.265277088,-0.456993043,0.0305975415,-0.426403672,0.0243970249,0.903686106
187056954197,20438,0.257765472,-0.265282393,-0.456991971,0.0305999331,-0.426404953,0.0244018026,0.903685272
187073668312,20455,0.25775969,-0.265282959,-0.4569875,0.0305953138,-0.426407158,0.0244073626,0.903684199
187090283989,20472,0.257763654,-0.265286863,-0.456976622,0.0305939857,-0.426399648,0.0244052466,0.903687894
187106973468,20488,0.257764846,-0.265289456,-0.456966549,0.0305924453,-0.426394671,0.0244023278,0.903690398
187123615603,20504,0.257757217,-0.265296131,-0.456964433,0.0305998158,-0.426395506,0.0244007073,0.903689802
187140535551,20521,0.257748008,-0.26530388,-0.456964076,0.0305962153,-0.426390648,0.0244047176,0.903692067
187156945135,20538,0.257739365,-0.265307426,-0.456962317,0.030598009,-0.426391035,0.0244011525,0.903691888
187173636228,20554,0.257736266,-0.26530987,-0.456961453,0.0305952393,-0.426386207,0.0243962295,0.90369451
187190337062,20571,0.25773102,-0.265313178,-0.45696038,0.0305965375,-0.426387817,0.0243925173,0.903693736
187206945030,20588,0.257728636,-0.265319884,-0.456959933,0.030589981,-0.426383883,0.0243936535,0.903695822
187223633989,20604,0.257723153,-0.265325755,-0.45696032,0.0305806492,-0.426384598,0.0243918691,0.903695822
187240274614,20621,0.257716775,-0.265324771,-0.456968069,0.0305772461,-0.426381499,0.0243902206,0.903697431
187256946541,20637,0.25771293,-0.265321165,-0.456977576,0.0305737797,-0.426383823,0.0243832935,0.903696597
187273622791,20653,0.257704318,-0.265323222,-0.456977934,0.0305739287,-0.426386327,0.0243828334,0.903695524
187290285030,20670,0.257704377,-0.265324354,-0.45697242,0.0305726584,-0.426390499,0.0243833773,0.903693497
187307016124,20687,0.257706404,-0.265324265,-0.456968307,0.0305717327,-0.426390797,0.0243765265,0.903693616
187323609926,20703,0.257709831,-0.265322,-0.456964403,0.0305743106,-0.426387101,0.0243706554,0.903695405
187340277218,20720,0.257708162,-0.265322357,-0.45696184,0.030577559,-0.426385164,0.0243678372,0.903696358
187356955395,20737,0.257698834,-0.265321463,-0.456954896,0.0305804107,-0.426384896,0.0243672747,0.903696358
187373642895,20753,0.257691383,-0.265319496,-0.45694527,0.0305813812,-0.426383436,0.0243611299,0.903697133
187390288885,20769,0.257682621,-0.265322149,-0.456943423,0.0305787623,-0.426382631,0.024364572,0.903697491
187406988207,20787,0.257685483,-0.265313417,-0.456955016,0.0305722207,-0.426381528,0.0243661422,0.903698266
187423609457,20803,0.257683575,-0.2653099,-0.456964225,0.0305686332,-0.426380485,0.0243683364,0.903698742
187440280135,20819,0.257681429,-0.265316427,-0.456961155,0.0305668954,-0.426374257,0.0243640542,0.903701901
187456949562,20836,0.25768283,-0.26532492,-0.456958115,0.0305681415,-0.426370889,0.0243650209,0.903703392
187473611801,20853,0.257683694,-0.265328258,-0.456956267,0.0305646993,-0.426366299,0.024366403,0.903705716
187490501749,20869,0.257693768,-0.265323937,-0.456954569,0.0305598676,-0.426364064,0.0243681204,0.903706908
187506983780,20885,0.257695884,-0.26532349,-0.456952006,0.0305624697,-0.426361144,0.0243610218,0.903708339
187523623624,20903,0.257691532,-0.265328348,-0.456948251,0.0305647757,-0.426362991,0.0243588649,0.903707445
187540281593,20919,0.25768742,-0.265334219,-0.456941813,0.0305638146,-0.426361322,0.0243573803,0.903708279
187557106176,20936,0.257688731,-0.265335053,-0.456939042,0.0305633787,-0.42636323,0.0243580304,0.903707385
187573755134,20952,0.257694304,-0.265331417,-0.456935287,0.0305639971,-0.426356614,0.0243548919,0.903710604
187590273937,20968,0.257687151,-0.265334219,-0.456930071,0.0305623654,-0.426352829,0.0243501142,0.903712511
187606946853,20985,0.257681251,-0.265335381,-0.45692566,0.0305687301,-0.426360667,0.0243473742,0.903708756
187623718676,21001,0.257679313,-0.265333235,-0.456919402,0.0305707455,-0.426362097,0.0243487079,0.903707922
187640291541,21018,0.257687271,-0.265325516,-0.456910223,0.0305693876,-0.426359832,0.0243404955,0.903709233
187656977999,21035,0.257698655,-0.265315145,-0.456903547,0.0305700675,-0.426361561,0.0243330374,0.903708637
187673702791,21051,0.257698625,-0.26530984,-0.456897348,0.0305708311,-0.426361918,0.0243346803,0.903708398
187690277530,21067,0.257700741,-0.265300274,-0.456893712,0.0305703022,-0.426357895,0.0243395977,0.903710186
187707017843,21085,0.25769937,-0.265294999,-0.45689097,0.0305700656,-0.426358014,0.0243355092,0.903710246
187723612166,21101,0.257702082,-0.265291274,-0.45690009,0.0305692535,-0.426356673,0.0243277606,0.903711081
187740411072,21117,0.257704735,-0.265286982,-0.456911325,0.0305655748,-0.426356554,0.0243317094,0.90371114
187756945082,21135,0.25770548,-0.265289396,-0.456921697,0.0305596013,-0.426360101,0.0243380852,0.903709531
187773655186,21151,0.257713795,-0.265291512,-0.456936538,0.0305532888,-0.426358938,0.0243306663,0.903710485
187790278989,21167,0.257718384,-0.265295118,-0.456943035,0.0305524319,-0.426354319,0.0243254509,0.903712809
187806949822,21184,0.257724702,-0.265294373,-0.456946611,0.0305493344,-0.426358372,0.0243234374,0.903711081
187824002843,21200,0.257730693,-0.265296429,-0.456948251,0.0305441376,-0.426354736,0.0243163574,0.903713167
187840293832,21217,0.257734478,-0.265299529,-0.456953257,0.0305479392,-0.426347762,0.0243221503,0.903716147
187856942686,21234,0.257741332,-0.265298933,-0.456958175,0.0305419918,-0.426345289,0.0243194457,0.903717637
187873638572,21250,0.257740825,-0.265307754,-0.456956893,0.0305462405,-0.426342964,0.0243210476,0.903718531
187890989874,21267,0.25773707,-0.265319526,-0.456955135,0.0305439495,-0.426343948,0.024329938,0.903717935
187907016124,21283,0.257737368,-0.265329719,-0.456955522,0.0305440165,-0.426344693,0.0243305955,0.903717518
187923609457,21299,0.257751018,-0.265328854,-0.456956208,0.0305437092,-0.426345289,0.024329422,0.903717279
187940277895,21317,0.257764429,-0.265330017,-0.456953138,0.0305434447,-0.426339716,0.0243315864,0.903719902
187956943259,21333,0.257764846,-0.265327752,-0.456957608,0.0305330493,-0.426339328,0.0243378021,0.90372026
187973634457,21349,0.257766008,-0.265323162,-0.456964374,0.0305316374,-0.426339775,0.0243405383,0.903720021
187990556749,21367,0.25777176,-0.265320778,-0.456965148,0.0305263679,-0.426334709,0.0243370682,0.903722703
188006941124,21383,0.257783264,-0.265306085,-0.456959695,0.0305291582,-0.426336765,0.0243303813,0.903721809
188023615707,21399,0.257792503,-0.265295833,-0.45695734,0.0305246785,-0.426329434,0.0243364424,0.903725207
188040369822,21415,0.257794201,-0.265295357,-0.456960768,0.0305264648,-0.426335007,0.0243370924,0.903722525
188056952374,21433,0.257797658,-0.265291393,-0.45696044,0.0305347927,-0.42633301,0.0243289899,0.903723419
188073804249,21449,0.257801503,-0.265285462,-0.456964701,0.0305311251,-0.426331073,0.0243284255,0.903724432
188090281697,21465,0.257807523,-0.265275836,-0.456969082,0.0305325855,-0.426326841,0.0243366994,0.903726161
188106958520,21482,0.257813454,-0.265271008,-0.456973642,0.0305382982,-0.426326334,0.0243366268,0.903726161
188123614509,21499,0.257814348,-0.265273958,-0.456965327,0.030544715,-0.426324695,0.02432907,0.903726935
188140281645,21515,0.257817268,-0.265274763,-0.456957251,0.0305487793,-0.426324815,0.0243298654,0.903726816
188157054770,21532,0.25782156,-0.265276313,-0.456955433,0.0305466354,-0.426321268,0.0243280716,0.903728604
188173609822,21548,0.257822275,-0.265280306,-0.456952482,0.030549271,-0.426319599,0.0243317615,0.9037292
188190279145,21565,0.257826149,-0.265281975,-0.456949443,0.0305513684,-0.426320016,0.024330413,0.903728843
188206944457,21581,0.257834911,-0.265279293,-0.45693928,0.0305493474,-0.426317275,0.0243304577,0.903730214
188223612843,21598,0.257844388,-0.265276015,-0.456927806,0.0305472985,-0.426316649,0.0243329871,0.903730512
188240342113,21615,0.257849038,-0.265271515,-0.456928194,0.0305474196,-0.426315904,0.024332596,0.903730929
188256947686,21631,0.257853985,-0.265265465,-0.456929564,0.0305455402,-0.426315099,0.0243265182,0.903731525
188273662790,21648,0.257857561,-0.265260786,-0.456924617,0.0305436328,-0.426313758,0.0243256353,0.90373224
188290314405,21664,0.257854283,-0.265258074,-0.456915379,0.0305520464,-0.426313668,0.0243284013,0.903732002
188306977895,21681,0.257856727,-0.265253991,-0.456903607,0.0305539705,-0.426313132,0.0243274961,0.903732121
188323636020,21698,0.257864177,-0.265248448,-0.456896394,0.0305575542,-0.426306993,0.0243264548,0.903735042
188340283572,21714,0.257870555,-0.265242428,-0.456892014,0.0305611845,-0.426309377,0.0243238211,0.90373385
188356942999,21730,0.257871091,-0.265243411,-0.456885874,0.0305593945,-0.426305801,0.0243249405,0.903735459
188373724718,21747,0.257869363,-0.265247226,-0.456879735,0.0305614956,-0.426303357,0.0243287161,0.903736472
188390277895,21764,0.257876933,-0.265242964,-0.456870198,0.0305572525,-0.426296294,0.0243276935,0.903740048
188406955551,21780,0.257876426,-0.265244514,-0.45686543,0.030562751,-0.426293343,0.0243289936,0.903741241
188425087582,21798,0.257876128,-0.265246719,-0.456862986,0.0305619165,-0.426295489,0.0243301205,0.903740168
188440278988,21814,0.257867992,-0.265248507,-0.456873178,0.0305572376,-0.426293224,0.0243322998,0.9037413
188456948311,21830,0.257859468,-0.265253156,-0.456882626,0.0305561759,-0.426298141,0.0243347008,0.903738976
188473691384,21846,0.257865846,-0.2652542,-0.456879139,0.0305515807,-0.426298499,0.0243331958,0.903738976
188491774092,21865,0.257876605,-0.265259415,-0.45687744,0.0305498037,-0.426301748,0.0243353304,0.903737426
188506965811,21880,0.257884532,-0.265263945,-0.456872016,0.030553028,-0.426304728,0.0243337229,0.903736055
188523611020,21896,0.257884532,-0.265263975,-0.456877053,0.0305495169,-0.426303297,0.0243310295,0.90373683
188540276384,21912,0.257885188,-0.265265644,-0.456884474,0.0305479039,-0.426301986,0.0243329126,0.903737485
188556947165,21930,0.257888287,-0.265273988,-0.456881285,0.0305487905,-0.426302761,0.0243324917,0.903737068
188573731436,21946,0.257887781,-0.265288353,-0.456877857,0.0305488948,-0.426303774,0.0243333858,0.903736532
188590301697,21962,0.257885396,-0.265302509,-0.45687896,0.0305571966,-0.426305383,0.0243324265,0.903735578
188606944405,21979,0.257873267,-0.265313476,-0.456890136,0.0305633638,-0.426303536,0.0243311506,0.903736234
188623617530,21996,0.257863909,-0.265323251,-0.456898689,0.0305657778,-0.426305532,0.0243357252,0.903735161
188640278415,22012,0.257857442,-0.265324235,-0.456904292,0.0305611771,-0.42629993,0.0243343432,0.903737962
188656952790,22028,0.257847965,-0.265323371,-0.45691216,0.0305585619,-0.426291615,0.0243308339,0.903742075
188673618311,22045,0.257841915,-0.265328228,-0.45691976,0.0305644255,-0.426291108,0.024336433,0.903741896
188690616488,22062,0.257836878,-0.265323579,-0.456929713,0.0305617638,-0.426291078,0.024332786,0.903742075
188706957634,22078,0.257830769,-0.265321881,-0.456938386,0.0305615608,-0.426294744,0.0243354551,0.903740346
188723610186,22095,0.257822752,-0.265314668,-0.456939995,0.0305610858,-0.426292568,0.0243325252,0.903741479
188740279561,22111,0.257814914,-0.265308112,-0.456940472,0.030562982,-0.426295131,0.0243310723,0.903740227
188756947999,22128,0.257810026,-0.265311092,-0.456938177,0.0305613242,-0.426298976,0.0243326612,0.903738439
188773667269,22145,0.257806838,-0.265314311,-0.456929564,0.0305686258,-0.426297128,0.0243334677,0.903739035
188790277061,22161,0.257803679,-0.26531589,-0.456927568,0.0305781402,-0.426297963,0.0243301,0.903738439
188806942061,22177,0.257803112,-0.265307695,-0.456934988,0.0305779148,-0.426294059,0.0243259408,0.903740406
188823615238,22195,0.25779894,-0.265303493,-0.456941724,0.0305783041,-0.426292717,0.0243293922,0.903740942
188840292165,22211,0.257795721,-0.265306771,-0.456935406,0.0305851903,-0.426290542,0.0243305191,0.903741717
188857020186,22227,0.257794291,-0.26530841,-0.456928581,0.030588394,-0.42629391,0.024325842,0.903740108
188873610551,22245,0.257794857,-0.265308589,-0.456922501,0.0305964127,-0.426287174,0.0243257489,0.903742969
188890643624,22261,0.257800192,-0.265305668,-0.456916749,0.0305901859,-0.42628777,0.0243226252,0.903743029
188906949249,22277,0.257801056,-0.265306681,-0.456911474,0.0305895992,-0.426282227,0.0243210196,0.903745711
188923625551,22293,0.257800907,-0.265307605,-0.456908822,0.0305938944,-0.42628032,0.0243195798,0.903746486
188940275134,22311,0.257798225,-0.26530838,-0.456906825,0.0305981413,-0.426279664,0.0243238192,0.903746605
188956944196,22327,0.257795632,-0.265309125,-0.456907392,0.0305974092,-0.426278055,0.0243277363,0.903747201
188973616801,22343,0.25779438,-0.265304953,-0.456912935,0.030592598,-0.426276088,0.0243270472,0.903748333
188990278676,22360,0.257792354,-0.265304446,-0.456913739,0.0305941235,-0.42628029,0.0243244637,0.903746307
189006946801,22377,0.25779295,-0.265306473,-0.456907898,0.0305899065,-0.426281482,0.0243223403,0.903746009
189023617478,22393,0.257790387,-0.265307188,-0.456905484,0.0305893272,-0.426291645,0.0243238937,0.903741181
189040301124,22410,0.257786304,-0.265303552,-0.456902951,0.0305855628,-0.426294833,0.0243215561,0.90373987
189056945446,22426,0.257783681,-0.265301079,-0.456902564,0.0305870287,-0.426299691,0.0243208334,0.903737545
189073617634,22443,0.257779121,-0.265300959,-0.45690766,0.030582225,-0.426299959,0.0243214853,0.903737605
189090368207,22459,0.257775068,-0.265304089,-0.456918925,0.0305791888,-0.426307857,0.0243228022,0.903733909
189107087790,22476,0.257768899,-0.265306234,-0.456924468,0.0305762812,-0.426312357,0.0243273135,0.903731823
189123609248,22493,0.257765085,-0.265299439,-0.45692566,0.0305712335,-0.426315844,0.0243267212,0.903730333
189140283415,22509,0.257761002,-0.265292674,-0.456924856,0.0305760652,-0.426316887,0.0243239105,0.903729796
189156942165,22525,0.257756054,-0.265289783,-0.45692566,0.0305748396,-0.42631945,0.0243168827,0.903728783
189173986696,22543,0.257752299,-0.265285075,-0.456928164,0.0305626076,-0.426323235,0.0243173223,0.903727353
189190281280,22559,0.257747561,-0.265283376,-0.456928104,0.0305652637,-0.42632252,0.0243201815,0.903727531
189206944353,22575,0.257750571,-0.265276492,-0.456926644,0.0305702556,-0.426324069,0.0243131388,0.903726816
189223619665,22592,0.257750034,-0.26526919,-0.456925899,0.0305681936,-0.426324666,0.0243183486,0.903726459
189240281123,22609,0.257743418,-0.265266836,-0.456931919,0.0305610858,-0.426332653,0.0243213139,0.903722882
189256952686,22625,0.257738978,-0.265264064,-0.456935525,0.0305613931,-0.426332295,0.0243151281,0.90372318
189273635915,22641,0.257735372,-0.265260428,-0.456936657,0.0305611677,-0.426333308,0.0243107434,0.903722823
189290873675,22659,0.257739305,-0.26525718,-0.456938416,0.0305515267,-0.426329166,0.0243089702,0.903725147
189306949300,22675,0.257739723,-0.265253782,-0.456942022,0.0305510554,-0.42633,0.024312634,0.90372467
189323611748,22691,0.25773713,-0.265248924,-0.456948429,0.0305452719,-0.426330745,0.0243115816,0.903724611
189340372842,22708,0.257734239,-0.265246302,-0.456954628,0.0305494945,-0.426333249,0.0243152641,0.903723121
189356947998,22725,0.257738829,-0.265247971,-0.456952393,0.030552553,-0.426331818,0.0243165381,0.903723717
189373619665,22741,0.257750809,-0.265253395,-0.456945658,0.0305562895,-0.426331609,0.0243164394,0.903723657
189390276488,22757,0.257757723,-0.265258044,-0.456941932,0.0305619687,-0.426333725,0.0243136864,0.903722584
189406958050,22774,0.257760018,-0.265265405,-0.456937194,0.0305696018,-0.426335543,0.0243099704,0.903721511
189423829821,22791,0.257760763,-0.265268624,-0.456933737,0.0305608902,-0.426333368,0.0243083071,0.903722882
189440279300,22807,0.257770687,-0.265272498,-0.456933498,0.0305533875,-0.426331878,0.0243067741,0.903723955
189456945707,22824,0.257783473,-0.265276551,-0.456931949,0.030555103,-0.426327795,0.0242990442,0.903725982
189473653519,22840,0.257783681,-0.265276968,-0.456932455,0.0305520408,-0.426326334,0.0242976286,0.903726816
189490487478,22857,0.257781953,-0.265277863,-0.456936687,0.030547291,-0.426328182,0.0242970716,0.903726101
189506976071,22874,0.257781297,-0.265278697,-0.456940234,0.0305350125,-0.426332563,0.0242985822,0.903724432
189523612425,22890,0.257792681,-0.265281916,-0.456943482,0.0305266343,-0.426331669,0.0242957603,0.903725207
189540282477,22906,0.25780502,-0.265285999,-0.45694536,0.0305279307,-0.426335752,0.0242949538,0.90372324
189556951019,22924,0.257805526,-0.265285164,-0.456940413,0.0305262171,-0.42634052,0.0242913626,0.903721154
189573677009,22940,0.257805139,-0.265281558,-0.456931472,0.0305228326,-0.426340044,0.0242949761,0.903721392
189590285863,22956,0.257812023,-0.265280336,-0.456923783,0.0305209998,-0.426337153,0.0242973641,0.903722763
189606941957,22973,0.257825851,-0.265278995,-0.456915468,0.0305178817,-0.426334292,0.0242932104,0.903724313
189625892321,22992,0.257834107,-0.265277505,-0.456906796,0.0305155106,-0.426331341,0.0242905598,0.903725863
189640281540,23006,0.257834792,-0.265274942,-0.456906348,0.0305187311,-0.42633149,0.0242891908,0.903725743
189656941280,23023,0.257836521,-0.265271395,-0.456908703,0.0305155162,-0.426326066,0.0242905393,0.903728366
189673760082,23039,0.257839501,-0.265264839,-0.456907064,0.0305146184,-0.426325858,0.0242872164,0.903728604
189690313884,23055,0.257843614,-0.265257061,-0.456903547,0.0305145625,-0.426324517,0.0242909901,0.903729141
189706945759,23073,0.257852852,-0.265254021,-0.456900686,0.030507911,-0.426324755,0.0242992938,0.903729022
189723606071,23089,0.257856816,-0.265256912,-0.456900299,0.0305038393,-0.426327556,0.0243018437,0.90372777
189740277686,23105,0.257861912,-0.265260965,-0.456899315,0.0305085387,-0.426326454,0.0242956616,0.903728306
189757012165,23123,0.257870972,-0.265266985,-0.456897914,0.0305123068,-0.426327765,0.0242977794,0.903727472
189773885498,23139,0.2578758,-0.265273601,-0.456899554,0.0305102952,-0.426332176,0.0243086088,0.903725147
189790291019,23155,0.257878423,-0.265273422,-0.456901997,0.0305093061,-0.426332384,0.0243088305,0.903725088
189806946488,23171,0.257872224,-0.265263975,-0.456910521,0.0305069219,-0.426332116,0.0243070424,0.903725326
189823605811,23189,0.257866621,-0.265256554,-0.456918478,0.030505443,-0.426329434,0.0243019797,0.903726816
189840279404,23205,0.25786534,-0.265257239,-0.456919193,0.0305093173,-0.426327467,0.0243067443,0.903727472
189856947477,23221,0.25786674,-0.265256137,-0.456918478,0.0305065345,-0.426321208,0.0243061613,0.903730512
189873628936,23238,0.257862657,-0.265256822,-0.456919104,0.0305107944,-0.426330835,0.0243108012,0.903725684
189890764613,23255,0.257850677,-0.265257508,-0.456917018,0.0305205286,-0.426330864,0.0243091434,0.903725445
189906963102,23271,0.257844776,-0.265257239,-0.456916004,0.0305246525,-0.426331133,0.0243123081,0.903725088
189923612946,23287,0.2578457,-0.26524809,-0.456920654,0.0305303242,-0.426334977,0.0243148748,0.903722942
189940281904,23304,0.257846415,-0.265238017,-0.456926703,0.0305422116,-0.426337153,0.0243167467,0.903721571
189956937998,23321,0.2578412,-0.265234709,-0.456924915,0.0305490028,-0.426338404,0.0243151318,0.903720737
189973614404,23337,0.257831156,-0.26523304,-0.456918627,0.0305510908,-0.42633602,0.0243182871,0.90372175
189990682113,23355,0.257825196,-0.26523158,-0.456913888,0.0305552296,-0.42634061,0.0243189298,0.903719425
190006943884,23371,0.257825255,-0.265238672,-0.45691511,0.0305551849,-0.42633912,0.0243175905,0.90372014
190023620029,23387,0.257825553,-0.265243769,-0.456914991,0.0305574462,-0.426340342,0.0243234392,0.903719306
190040298779,23404,0.257826686,-0.265245229,-0.456901729,0.0305597931,-0.426345974,0.0243273266,0.903716505
190056948154,23420,0.257828057,-0.265246898,-0.45688653,0.0305611007,-0.426346272,0.0243284367,0.903716266
190073695602,23436,0.257826507,-0.265243769,-0.456875414,0.0305654462,-0.426340789,0.0243308526,0.903718591
190090573050,23453,0.25782156,-0.265242457,-0.456874669,0.0305637252,-0.426341772,0.0243313238,0.903718233
190107033102,23470,0.257816434,-0.265239209,-0.456870705,0.0305598211,-0.426339805,0.0243369415,0.903719127
190123612113,23486,0.257818788,-0.265242994,-0.456867158,0.030558005,-0.42633906,0.0243335608,0.903719664
190140276800,23503,0.257821769,-0.265248895,-0.45686236,0.0305603985,-0.426338553,0.0243309624,0.903719902
190156947009,23520,0.257819891,-0.265262842,-0.456868351,0.0305630695,-0.426337838,0.0243274588,0.90372026
190173629925,23536,0.257816732,-0.265277296,-0.456875116,0.0305621754,-0.426339358,0.0243339874,0.903719306
190190617061,23553,0.257812738,-0.265280366,-0.456869453,0.0305646025,-0.426338136,0.0243334509,0.903719842
190206947425,23570,0.257809401,-0.265286982,-0.456870079,0.0305624027,-0.426343083,0.0243290756,0.903717577
190223620811,23586,0.257806003,-0.265293121,-0.456868142,0.0305634979,-0.426342547,0.0243277382,0.903717995
190240439873,23602,0.257804155,-0.265298814,-0.456880391,0.0305571854,-0.4263421,0.0243270714,0.903718412
190256944821,23618,0.257800281,-0.265305787,-0.456898481,0.0305581614,-0.426343083,0.0243255254,0.903717935
190273754613,23636,0.25779134,-0.265304744,-0.456907064,0.0305632707,-0.426347107,0.0243179481,0.903716028
190290520446,23652,0.257782251,-0.265301585,-0.456916094,0.0305650886,-0.426348299,0.0243178532,0.903715432
190307003050,23668,0.25777483,-0.265300721,-0.456923008,0.0305629987,-0.426352113,0.0243219603,0.903713644
190323614977,23686,0.257770985,-0.265305668,-0.456936419,0.0305594169,-0.42635119,0.0243233703,0.90371412
190340278258,23702,0.25776875,-0.265311956,-0.45694533,0.0305627231,-0.426345974,0.024321761,0.903716505
190356971383,23719,0.257770598,-0.265312493,-0.4569484,0.030563293,-0.426344663,0.0243141372,0.903717399
190373624561,23735,0.257772505,-0.265311301,-0.456950188,0.0305591635,-0.426340461,0.0243167337,0.903719425
190390280029,23751,0.257770956,-0.265310675,-0.456952602,0.0305588078,-0.426338792,0.024318317,0.90372014
190408653102,23770,0.25777781,-0.265311122,-0.456958085,0.0305552017,-0.426343113,0.0243219528,0.903718114
190423621123,23785,0.257779807,-0.26531148,-0.456966132,0.0305595547,-0.426345438,0.0243230537,0.903716862
190440434092,23801,0.257782698,-0.265308857,-0.456968516,0.0305525064,-0.426341951,0.0243137013,0.903719008
190456957217,23818,0.257787496,-0.265304953,-0.456968874,0.030545244,-0.426344782,0.0243106466,0.903717995
190473757425,23835,0.257788807,-0.265301436,-0.456975669,0.0305545907,-0.426351428,0.0243159682,0.903714359
190490633258,23851,0.257794142,-0.265292019,-0.456983298,0.0305634793,-0.426353097,0.0243080594,0.903713524
190506955602,23867,0.257793695,-0.26528284,-0.456993937,0.0305570643,-0.426346868,0.0242987666,0.903716922
190523740290,23884,0.257788599,-0.265277743,-0.457006097,0.0305588823,-0.426349759,0.0243039019,0.903715372
190540280290,23901,0.257788509,-0.265270829,-0.457018673,0.0305636823,-0.426354766,0.0243115276,0.90371263
190556945342,23917,0.257786036,-0.265270531,-0.457027674,0.0305676516,-0.426349521,0.024297215,0.903715372
190573627842,23934,0.257780701,-0.265270859,-0.457032084,0.0305668171,-0.426342815,0.0242817942,0.903718948
190590304665,23950,0.257773876,-0.265268803,-0.457040727,0.030564202,-0.426349938,0.0242886245,0.903715432
190606948623,23967,0.257773221,-0.265266836,-0.457043648,0.0305542145,-0.426350951,0.0242935661,0.903715253
190623617373,23983,0.257772595,-0.265265435,-0.457045436,0.0305605642,-0.426348329,0.0242754575,0.903716743
190640280758,24000,0.257777631,-0.265262365,-0.457033515,0.0305699352,-0.426349699,0.0242725853,0.903715909
190656948310,24017,0.257789731,-0.265258014,-0.457015634,0.0305691529,-0.426355183,0.0242853519,0.903712928
190673659977,24033,0.257794976,-0.265251905,-0.457016647,0.0305625517,-0.426358163,0.0242822748,0.903711915
190690282373,24050,0.257797241,-0.265247643,-0.457019985,0.0305701718,-0.426353484,0.024267992,0.90371412
190706953571,24066,0.257797718,-0.265243024,-0.457022905,0.03057307,-0.426351249,0.0242684092,0.903715134
190723620967,24082,0.257804245,-0.265241176,-0.457018167,0.0305667967,-0.426349878,0.0242733415,0.903715849
190740278415,24100,0.257812977,-0.265238702,-0.457011878,0.0305631813,-0.426347077,0.0242741965,0.903717279
190756938623,24116,0.25781548,-0.265230834,-0.457013458,0.0305669159,-0.426343977,0.024269199,0.90371877
190773653467,24132,0.25781846,-0.265225887,-0.457014203,0.030571498,-0.426342607,0.0242773965,0.903719008
190790303102,24149,0.257820785,-0.265223384,-0.457012743,0.030574644,-0.426347852,0.0242787469,0.903716385
190806943883,24166,0.257822812,-0.265228301,-0.45700264,0.0305743329,-0.426351011,0.0242862832,0.903714716
190824221696,24182,0.257825196,-0.265228778,-0.456994623,0.0305811781,-0.426355273,0.0242880303,0.903712392
190840272633,24198,0.257827818,-0.265226781,-0.456992358,0.0305875242,-0.426353782,0.0242837463,0.903712988
190856951227,24216,0.257831752,-0.26522857,-0.45699057,0.0305826981,-0.426355928,0.0242726821,0.903712451
190873656592,24232,0.257833272,-0.265233397,-0.456982672,0.0305753704,-0.426356852,0.0242772903,0.903712213
190890798050,24248,0.257835329,-0.265240431,-0.456970364,0.0305741243,-0.426359415,0.0242809244,0.903710902
190906949248,24265,0.257837594,-0.265241534,-0.456964403,0.0305779725,-0.42635861,0.0242758133,0.903711259
190923613102,24282,0.257838368,-0.26524359,-0.456963003,0.0305857677,-0.426356256,0.0242772121,0.903712153
190940286227,24298,0.257838607,-0.265244603,-0.456963301,0.0305844415,-0.426356703,0.0242841821,0.903711736
190956954717,24315,0.257839352,-0.265249074,-0.456956238,0.0305796284,-0.426360607,0.0242880434,0.903710008
190973622425,24332,0.257840514,-0.265257418,-0.456943989,0.030584367,-0.426358461,0.0242874883,0.903710783
190990288727,24348,0.257841945,-0.265260637,-0.456942797,0.0305890795,-0.426357448,0.02428714,0.9037112
191006943779,24364,0.257839024,-0.265263528,-0.456951708,0.0305834766,-0.426357269,0.0242852699,0.903711438
191023651279,24381,0.257835984,-0.265266329,-0.456959277,0.0305810496,-0.426355988,0.0242921766,0.903712034
191040294091,24398,0.257838637,-0.26527226,-0.456956178,0.0305791348,-0.426355839,0.0242949426,0.903711975
191056947321,24414,0.2578426,-0.265279353,-0.456951588,0.0305832438,-0.426353455,0.0242959391,0.903712988
191073659404,24430,0.25784263,-0.265278637,-0.456953734,0.03058278,-0.426356584,0.0242904481,0.903711677
191090342008,24447,0.257839024,-0.265276015,-0.456960797,0.0305769127,-0.426358283,0.0242916252,0.903711021
191106943727,24464,0.257834315,-0.265276968,-0.456960589,0.0305811558,-0.426360667,0.024299074,0.903709531
191123613050,24480,0.257826716,-0.265283108,-0.456951827,0.0305821896,-0.426358402,0.0242974758,0.903710663
191140276435,24497,0.257817388,-0.265286416,-0.456941873,0.0305890385,-0.426356167,0.0242874064,0.903711677
191156941852,24513,0.257810414,-0.265284777,-0.456941724,0.030583635,-0.426360935,0.0242924485,0.903709531
191173612529,24530,0.257802457,-0.265283018,-0.45694229,0.030581167,-0.426360101,0.0242970586,0.903709888
191190275133,24547,0.257796735,-0.26528275,-0.456942111,0.0305855367,-0.426358163,0.0242920332,0.903710783
191206947477,24563,0.25780642,-0.265287876,-0.456933051,0.0305874087,-0.426356286,0.0242847912,0.903711855
191223774404,24580,0.257814169,-0.2652933,-0.456925184,0.0305849966,-0.426359683,0.0242855567,0.903710306
191240283623,24596,0.257807255,-0.265298307,-0.456933081,0.0305836182,-0.426365376,0.0242920201,0.903707504
191257007581,24613,0.257801235,-0.265301019,-0.456946999,0.0305725634,-0.426364481,0.0242865197,0.903708339
191273694091,24630,0.257798374,-0.2653023,-0.456950754,0.0305804517,-0.426365525,0.0242831614,0.903707743
191290550914,24646,0.257801354,-0.265298963,-0.456948787,0.03058259,-0.426371694,0.0242805891,0.903704822
191306960185,24663,0.257802904,-0.265298128,-0.4569484,0.0305775404,-0.426374167,0.0242811088,0.903703809
191323610289,24679,0.257805854,-0.265297532,-0.456958294,0.0305722803,-0.426373184,0.0242759604,0.903704643
191340287633,24696,0.257810235,-0.265296668,-0.456969053,0.0305748116,-0.426374227,0.0242698211,0.903704166
191356939925,24712,0.257806063,-0.265296459,-0.456969589,0.0305751115,-0.426378012,0.0242602471,0.903702617
191374784300,24730,0.257799745,-0.265298694,-0.456966251,0.030575607,-0.426380426,0.0242645275,0.903701365
191390284404,24745,0.257796079,-0.265301526,-0.456968129,0.0305749737,-0.426384717,0.0242635682,0.903699458
191406946800,24762,0.257793427,-0.265303999,-0.456973821,0.0305777024,-0.42638436,0.024252329,0.903699815
191423610862,24779,0.257792115,-0.26530987,-0.456978828,0.0305807926,-0.426386207,0.0242469907,0.903698981
191440278050,24795,0.257794738,-0.265307903,-0.456978768,0.0305813681,-0.426387042,0.0242479667,0.903698504
191457002893,24811,0.257797152,-0.265302151,-0.456979007,0.0305842087,-0.426390558,0.0242556129,0.903696537
191473612320,24828,0.257795274,-0.265300065,-0.456979424,0.030585859,-0.42638731,0.0242579002,0.903698027
191490277737,24845,0.257786453,-0.265298128,-0.456983089,0.0305880513,-0.42638427,0.0242543258,0.903699458
191506962060,24861,0.257781297,-0.265294671,-0.456984788,0.0305844638,-0.426375866,0.0242567062,0.903703392
191523610237,24878,0.257794619,-0.265288919,-0.456984878,0.030579377,-0.426379442,0.0242603924,0.903701842
191540322893,24895,0.257805407,-0.265284747,-0.456986576,0.0305746198,-0.42638281,0.0242558662,0.903700531
191556946539,24911,0.257801563,-0.265283942,-0.456994683,0.0305793732,-0.426383764,0.0242506918,0.903700054
191573613102,24927,0.257794321,-0.265282601,-0.457006365,0.0305776298,-0.426384985,0.0242558066,0.903699398
191590290810,24944,0.257789314,-0.265282631,-0.45701769,0.0305691101,-0.426391751,0.0242722221,0.903696001
191606987737,24960,0.257798612,-0.265280098,-0.457022429,0.0305628907,-0.42639485,0.0242785104,0.90369463
191624929143,24979,0.257806599,-0.265275002,-0.457027197,0.0305645876,-0.426397055,0.0242780428,0.903693497
191640280393,24994,0.257804722,-0.265267849,-0.457036674,0.0305701531,-0.426399559,0.0242731106,0.903692305
191656946487,25010,0.257803887,-0.265259981,-0.457050085,0.0305706449,-0.426398426,0.0242767595,0.903692663
191673644091,25028,0.257806718,-0.265252203,-0.457052529,0.0305739455,-0.426402628,0.0242801458,0.903690457
191690338727,25044,0.257813305,-0.265245885,-0.457046211,0.030577641,-0.426405519,0.0242777001,0.903689086
191707031435,25060,0.257817596,-0.265236318,-0.457046598,0.0305830203,-0.426405281,0.0242785309,0.903689027
191723614404,25076,0.257817477,-0.265227646,-0.457051098,0.0305828359,-0.426405549,0.0242799446,0.903688848
191740343831,25094,0.257816255,-0.265216202,-0.457056552,0.0305835959,-0.426405966,0.0242842529,0.90368855
191756949768,25110,0.257819444,-0.265213966,-0.457054108,0.0305917989,-0.426409006,0.024284564,0.903686821
191773634872,25126,0.257827878,-0.265217632,-0.457047105,0.0305887926,-0.426411211,0.0242757089,0.903686106
191790315914,25143,0.257829785,-0.265208632,-0.45704782,0.030584082,-0.426409572,0.0242744219,0.903687
191806946852,25160,0.257824123,-0.265203267,-0.457054377,0.0305822622,-0.426409572,0.0242775753,0.90368706
191828534925,25181,0.257816613,-0.26519376,-0.457064301,0.0305781942,-0.426406801,0.0242811404,0.903688431
191840275029,25193,0.257816792,-0.265194982,-0.457056791,0.0305772051,-0.426406533,0.0242778715,0.903688669
191856945237,25209,0.257815957,-0.2651999,-0.457045019,0.0305820722,-0.426400453,0.0242773108,0.903691351
191873707529,25226,0.257808298,-0.265195429,-0.457046628,0.0305805989,-0.426400214,0.0242790282,0.903691471
191890311591,25242,0.257799953,-0.265192002,-0.457054466,0.0305741522,-0.426399589,0.0242783446,0.903692007
191907009091,25259,0.257791758,-0.26518634,-0.45706296,0.0305781811,-0.426403075,0.0242741928,0.903690279
191923607477,25276,0.257790923,-0.265198588,-0.457056999,0.030576542,-0.426401436,0.0242753625,0.903691053
191940281487,25292,0.257790923,-0.26520884,-0.457051218,0.0305768307,-0.426407963,0.0242729001,0.903688133
191956963414,25309,0.257784396,-0.265211135,-0.457049787,0.0305802673,-0.426411629,0.0242719036,0.903686285
191973620966,25325,0.257776588,-0.265221834,-0.457048148,0.0305782426,-0.426414222,0.0242743306,0.903685093
191990286695,25342,0.257770538,-0.26522398,-0.457051426,0.0305741914,-0.426420063,0.0242687762,0.90368259
192006946747,25358,0.257767588,-0.265230358,-0.457054228,0.0305707827,-0.426419169,0.0242727585,0.903683066
192023869716,25375,0.257762671,-0.265233219,-0.457057536,0.0305715818,-0.426419318,0.0242696591,0.903683007
192040280914,25392,0.257761419,-0.265239805,-0.457056701,0.0305761062,-0.426422805,0.0242707506,0.903681219
192056946279,25408,0.257762492,-0.265249372,-0.457053065,0.0305761211,-0.426427573,0.0242699683,0.903678954
192073613206,25425,0.257765889,-0.26525265,-0.45705238,0.0305756647,-0.426432014,0.0242709275,0.903676808
192090358518,25441,0.257775813,-0.265254378,-0.457048982,0.0305780135,-0.426429749,0.0242670923,0.90367794
192106946539,25458,0.257780552,-0.265255868,-0.457049996,0.0305753537,-0.42643258,0.0242690425,0.903676629
192123611383,25474,0.257780075,-0.265261471,-0.457050174,0.03057242,-0.426432639,0.0242637862,0.903676927
192140341591,25491,0.257779419,-0.265269846,-0.457047224,0.030571213,-0.426428974,0.024260113,0.903678715
192156943987,25508,0.257780761,-0.265273929,-0.457041204,0.0305735916,-0.426426679,0.0242594033,0.903679729
192173625758,25524,0.257786155,-0.265278041,-0.457029879,0.0305707697,-0.426424712,0.0242570266,0.903680861
192190282737,25540,0.257789761,-0.265281022,-0.457023323,0.0305719376,-0.426426709,0.0242595766,0.903679788
192206946643,25557,0.257789969,-0.265279084,-0.45701769,0.0305748843,-0.42643398,0.0242535342,0.903676391
192224419508,25574,0.257792234,-0.265276819,-0.457008749,0.030575661,-0.426439434,0.0242510699,0.903673887
192240284612,25590,0.257799268,-0.265274256,-0.456998378,0.0305745527,-0.426433176,0.0242508091,0.903676808
192256991435,25607,0.257807106,-0.265271902,-0.456988305,0.0305769481,-0.426431865,0.0242565703,0.903677285
192273612008,25624,0.257809043,-0.26527217,-0.456980407,0.030577505,-0.426427931,0.0242612325,0.903678954
192290650029,25640,0.257804662,-0.265275121,-0.456978321,0.030574888,-0.426428765,0.0242577977,0.903678775
192306992945,25656,0.257802516,-0.265277982,-0.456976324,0.0305756293,-0.426429063,0.0242587104,0.903678596
192323612320,25674,0.257808328,-0.265273213,-0.456978858,0.0305736996,-0.426429361,0.0242659748,0.903678298
192340274247,25690,0.257813483,-0.265267611,-0.456983328,0.0305683389,-0.426428467,0.0242733713,0.903678715
192356957893,25706,0.257807821,-0.265272081,-0.456986219,0.0305685904,-0.426428467,0.0242752302,0.903678596
192373787164,25722,0.257800758,-0.265277833,-0.456990212,0.0305738356,-0.4264296,0.0242766496,0.903677881
192390428778,25740,0.257799029,-0.265282005,-0.456994176,0.0305754486,-0.426434726,0.0242806096,0.903675318
192406945601,25756,0.257795036,-0.265288919,-0.457006574,0.0305754263,-0.42643863,0.0242857672,0.903673351
192423609820,25772,0.257790565,-0.265295267,-0.457015008,0.030579282,-0.42644012,0.024285771,0.903672576
192440304247,25789,0.257786453,-0.265299588,-0.457010716,0.0305782221,-0.426436931,0.0242806971,0.903674185
192456947997,25806,0.257781029,-0.265302986,-0.457006365,0.0305748023,-0.426445395,0.024279831,0.903670311
192473871591,25822,0.257775903,-0.265304625,-0.45700562,0.0305781942,-0.426445097,0.0242787208,0.90367043
192490840341,25840,0.257769227,-0.265296966,-0.457013369,0.0305793267,-0.426449299,0.0242796801,0.903668344
192507315966,25856,0.257763445,-0.265291661,-0.457016647,0.0305746645,-0.426448554,0.0242849067,0.903668702
192523618570,25872,0.257763207,-0.265282482,-0.457014203,0.030576542,-0.426445216,0.0242805947,0.903670371
192540276383,25888,0.257763863,-0.265271485,-0.457011819,0.0305743795,-0.42644015,0.0242821462,0.903672755
192556977841,25905,0.257764876,-0.265263915,-0.457012594,0.0305696931,-0.426442742,0.0242805816,0.903671741
192573660185,25922,0.257770896,-0.265256971,-0.457018644,0.0305686593,-0.426441252,0.0242754426,0.903672576
192590277841,25938,0.257774174,-0.265249878,-0.457022369,0.030567104,-0.426442116,0.0242746305,0.903672338
192606946435,25954,0.257778853,-0.26525116,-0.457017392,0.0305684973,-0.426435143,0.024274176,0.903675556
192623646643,25971,0.257785022,-0.265254259,-0.457012773,0.0305689834,-0.426439404,0.0242769569,0.90367341
192640430133,25988,0.257794857,-0.265255779,-0.457018048,0.0305665247,-0.426438153,0.0242751874,0.903674185
192656950185,26004,0.257806629,-0.265258014,-0.457027078,0.0305649135,-0.426436961,0.0242721774,0.903674841
192673609872,26021,0.257814527,-0.265262961,-0.457029492,0.0305667948,-0.426438004,0.0242769327,0.903674185
192690294768,26037,0.257822096,-0.265271068,-0.457027286,0.0305670872,-0.426440924,0.0242785551,0.903672755
192706949820,26054,0.25783205,-0.265276402,-0.457025558,0.0305663291,-0.426439524,0.0242710859,0.903673649
192723670758,26071,0.257837057,-0.265276432,-0.457021654,0.0305689257,-0.426437229,0.0242682267,0.903674722
192740284560,26087,0.257839054,-0.265273839,-0.457013309,0.0305673499,-0.426429927,0.0242680199,0.903678179
192757016695,26104,0.257840097,-0.265276939,-0.457006574,0.0305663161,-0.426431179,0.0242685694,0.903677642
192773834091,26120,0.257842809,-0.265283972,-0.457001984,0.0305663571,-0.426432699,0.0242634341,0.903677046
192790280393,26137,0.257850289,-0.265289307,-0.456996173,0.0305687338,-0.426428139,0.0242629014,0.903679132
192806997164,26153,0.257853538,-0.26528582,-0.456994116,0.0305684581,-0.426426768,0.0242634024,0.903679788
192823613935,26170,0.257857531,-0.265281707,-0.456991524,0.0305725876,-0.426424772,0.024268413,0.903680444
192840311487,26187,0.257861137,-0.265283376,-0.456992149,0.0305717438,-0.426423728,0.0242666118,0.90368104
192856945914,26203,0.257860869,-0.265288502,-0.456994593,0.0305772778,-0.426425159,0.0242720116,0.903680027
192873612737,26220,0.257864624,-0.265289754,-0.4569951,0.0305734798,-0.426421791,0.0242737494,0.903681695
192891023778,26236,0.257864952,-0.265290171,-0.456998885,0.0305766594,-0.426420927,0.024276875,0.903681934
192906969403,26252,0.257866591,-0.265289426,-0.457001984,0.0305762365,-0.42641899,0.024278136,0.903682828
192923618205,26270,0.257870138,-0.265290558,-0.457004279,0.0305706598,-0.426415741,0.0242726486,0.903684676
192940288153,26286,0.257872999,-0.265292913,-0.457005501,0.0305632595,-0.426419079,0.0242705494,0.903683424
192956943310,26302,0.257867098,-0.265294135,-0.457004964,0.0305655971,-0.42641893,0.0242768638,0.903683186
192973692528,26320,0.25785768,-0.265290707,-0.457006216,0.0305602774,-0.42641601,0.0242740158,0.903684855
192991221591,26337,0.2578578,-0.265291303,-0.457006663,0.0305632148,-0.426415354,0.0242717508,0.903685093
193006941278,26352,0.257851958,-0.265295208,-0.457006097,0.0305650067,-0.426413625,0.0242722202,0.903685927
193023672841,26368,0.257845402,-0.265300453,-0.457004189,0.0305710156,-0.426407784,0.0242773034,0.903688312
193040279768,26386,0.257843256,-0.265297472,-0.457003623,0.030573843,-0.42640847,0.0242721681,0.903687954
193056960914,26402,0.257840008,-0.265291899,-0.457001716,0.0305776913,-0.426404089,0.0242688507,0.90369004
193073664403,26418,0.257839113,-0.26528734,-0.457000732,0.0305762161,-0.426407516,0.0242679846,0.903688431
193090378830,26435,0.257837981,-0.265286088,-0.456999183,0.0305846035,-0.426409543,0.0242712945,0.903687119
193106948205,26452,0.257840276,-0.265283585,-0.456998825,0.0305856783,-0.426413983,0.0242698546,0.903685093
193123612737,26468,0.257842422,-0.265278846,-0.457001716,0.0305904467,-0.426413238,0.0242628735,0.903685391
193140282424,26484,0.257844895,-0.265275091,-0.457004428,0.0305875819,-0.426406205,0.0242661294,0.903688788
193156949507,26502,0.257848173,-0.265279621,-0.457004368,0.0305859372,-0.426406085,0.0242689475,0.903688788
193173615445,26518,0.25785023,-0.265286177,-0.457003176,0.0305884834,-0.426403522,0.0242604986,0.903690159
193190300914,26534,0.257854909,-0.265290499,-0.457002789,0.0305938367,-0.4264054,0.0242545102,0.903689265
193206944924,26551,0.257856727,-0.265289128,-0.456999809,0.030590713,-0.426400512,0.024254445,0.903691649
193223639872,26568,0.257859349,-0.265284896,-0.456998467,0.0305854585,-0.426403105,0.0242564622,0.903690577
193240300757,26584,0.257861733,-0.265283853,-0.456994563,0.0305882785,-0.426398724,0.0242570564,0.903692484
193256965914,26600,0.257861972,-0.26528126,-0.456993014,0.0305796731,-0.426396936,0.0242551491,0.903693736
193273703674,26618,0.257863224,-0.265282154,-0.456990659,0.0305778254,-0.426400661,0.0242587496,0.903691888
193290282372,26634,0.257862151,-0.265285909,-0.456985176,0.0305822417,-0.426404178,0.0242638979,0.903689981
193306947789,26650,0.257865757,-0.265287042,-0.456977308,0.0305795074,-0.426403612,0.0242603645,0.903690398
193323627580,26667,0.257863075,-0.265287668,-0.456965625,0.0305755399,-0.42640081,0.0242559724,0.903692007
193340275966,26684,0.257861495,-0.265288532,-0.456955075,0.0305826403,-0.426399589,0.0242471937,0.903692544
193356944664,26700,0.257863492,-0.265288144,-0.45694989,0.0305805877,-0.426400989,0.0242476203,0.903691947
193373634820,26717,0.257859826,-0.265289187,-0.456947446,0.030584665,-0.426402688,0.024242973,0.903691173
193390305341,26733,0.257860422,-0.26528874,-0.456942737,0.0305858981,-0.426402956,0.0242428649,0.903690934
193407018882,26750,0.257857919,-0.265283108,-0.456943035,0.0305822603,-0.426399827,0.02424776,0.903692484
193423611851,26766,0.257853389,-0.265277475,-0.456943929,0.0305782314,-0.426397979,0.0242567509,0.903693199
193440280705,26783,0.257847309,-0.265273422,-0.456953883,0.0305762626,-0.426400661,0.0242548455,0.903692067
193456946799,26800,0.257839918,-0.265269518,-0.456969619,0.0305713229,-0.426404268,0.0242534392,0.903690517
193473620966,26816,0.257834494,-0.265267104,-0.456975639,0.0305643603,-0.426405191,0.0242562406,0.903690338
193491024403,26833,0.257827163,-0.265268058,-0.456981719,0.0305638574,-0.426403224,0.0242590141,0.903691173
193506994820,26849,0.257821858,-0.265269071,-0.456984401,0.0305664223,-0.426399857,0.0242619291,0.903692544
193523614924,26866,0.257820725,-0.265266091,-0.456985831,0.0305565502,-0.426402956,0.0242562126,0.90369159
193540304663,26883,0.257822454,-0.265262187,-0.456988186,0.0305587035,-0.426401496,0.0242514368,0.903692365
193556940601,26899,0.257823378,-0.265260398,-0.456990302,0.0305627957,-0.426399022,0.0242506266,0.903693378
193573627736,26915,0.257823557,-0.265257746,-0.456992239,0.0305575244,-0.426401377,0.024249889,0.903692484
193590273830,26932,0.257824779,-0.265255094,-0.456992656,0.0305585209,-0.426396847,0.0242469609,0.90369463
193606944663,26949,0.257820964,-0.265252501,-0.45699206,0.0305542182,-0.426394463,0.0242456608,0.903695941
193623707320,26965,0.25781557,-0.265249848,-0.456991345,0.0305531919,-0.426399976,0.0242462177,0.903693378
193640277893,26982,0.257813334,-0.26525256,-0.456987143,0.0305565167,-0.426403999,0.0242507905,0.903691292
193657038622,26998,0.257813692,-0.265253454,-0.456983179,0.0305587631,-0.426400483,0.0242527425,0.903692782
193673610340,27015,0.257817984,-0.265248924,-0.456981897,0.0305570625,-0.426401168,0.024249481,0.903692603
193690283986,27031,0.257825196,-0.265242845,-0.456979722,0.0305559821,-0.426398754,0.0242538322,0.903693736
193706969195,27048,0.257831961,-0.265238851,-0.456979096,0.0305556413,-0.42639792,0.0242571197,0.903694034
193723614038,27065,0.257841289,-0.265239686,-0.456976235,0.0305565633,-0.426393867,0.0242523476,0.903696001
193740283309,27081,0.257849157,-0.265238076,-0.456976056,0.0305594169,-0.426397681,0.0242500715,0.903694153
193756958778,27098,0.257857591,-0.265240908,-0.45698005,0.0305564851,-0.426395178,0.0242598597,0.903695226
193773620132,27114,0.257866979,-0.265249103,-0.456982583,0.0305575579,-0.426391065,0.0242599957,0.903697073
193790400393,27131,0.257869899,-0.265253752,-0.456984818,0.0305589531,-0.426389724,0.0242600553,0.90369767
193806947111,27147,0.257863045,-0.265258223,-0.456984818,0.0305591468,-0.426388919,0.0242618453,0.903698027
193824741018,27165,0.257858783,-0.265260011,-0.456988603,0.0305569433,-0.426395953,0.0242634751,0.903694749
193840275653,27180,0.257858574,-0.265259981,-0.456994712,0.0305541214,-0.42640388,0.0242662877,0.903690994
193856945653,27197,0.257855058,-0.265259564,-0.457001388,0.0305551272,-0.426401526,0.0242618229,0.903692186
193873615757,27214,0.257852286,-0.265260875,-0.457004517,0.0305565577,-0.426399499,0.0242566708,0.903693259
193890567528,27230,0.257850021,-0.265264928,-0.457003534,0.030561652,-0.426402837,0.024258364,0.903691471
193906965392,27246,0.257849425,-0.26526612,-0.457004637,0.0305576511,-0.426407993,0.0242555663,0.903689265
193923611955,27263,0.257841498,-0.265264392,-0.45701015,0.0305575952,-0.426408172,0.0242538489,0.903689146
193940276538,27280,0.257834673,-0.265260518,-0.457017034,0.03056149,-0.426408201,0.0242515355,0.903689146
193956954872,27296,0.257834673,-0.265258133,-0.457021236,0.0305627454,-0.426412582,0.0242548697,0.903686941
193973668986,27313,0.257832199,-0.265259504,-0.457024395,0.0305617973,-0.426418632,0.0242550094,0.90368408
193990360445,27330,0.257831275,-0.265259951,-0.457030416,0.0305662695,-0.42642653,0.0242467299,0.903680384
194006944351,27346,0.257825524,-0.26526463,-0.457045853,0.0305658225,-0.426419258,0.0242482461,0.903683782
194023615861,27363,0.257819444,-0.265268415,-0.457062125,0.0305677,-0.426422864,0.0242439304,0.903682172
194040276590,27379,0.257818401,-0.265265137,-0.45706293,0.0305683352,-0.426419735,0.0242463667,0.903683543
194056944924,27396,0.257818639,-0.265260577,-0.457063019,0.0305654649,-0.426420212,0.0242485665,0.903683424
194073749924,27413,0.257820725,-0.265261203,-0.457066894,0.0305708218,-0.426420033,0.0242523998,0.903683126
194090532528,27429,0.257825077,-0.265264392,-0.457069367,0.0305757485,-0.426424801,0.0242577735,0.903680563
194106949090,27446,0.257830203,-0.265265495,-0.457074672,0.0305745192,-0.42642647,0.024256641,0.903679907
194123612372,27462,0.257832497,-0.265268087,-0.457075208,0.0305797718,-0.426426649,0.0242519472,0.903679788
194140292111,27479,0.257835716,-0.265270233,-0.457077414,0.030580068,-0.426426679,0.0242550671,0.903679669
194156949142,27495,0.257833332,-0.265272588,-0.457083344,0.0305809509,-0.42643106,0.0242539663,0.903677642
194173674403,27512,0.257825553,-0.265276551,-0.457083106,0.0305939261,-0.426431656,0.0242461078,0.903677046
194190306694,27528,0.257822782,-0.265276402,-0.457087815,0.0305986423,-0.426433504,0.0242439453,0.903676093
194206944194,27545,0.257825851,-0.265275359,-0.457088143,0.0305968449,-0.426432878,0.0242448971,0.90367645
194223608153,27562,0.257828414,-0.265275449,-0.457088381,0.030598864,-0.426427364,0.0242451727,0.903678954
194240301226,27578,0.257825494,-0.265273005,-0.457090408,0.0305977818,-0.42642656,0.0242425539,0.90367949
194256967319,27594,0.257821321,-0.265271634,-0.457090914,0.0305953771,-0.42642957,0.0242416803,0.903678179
194273652215,27611,0.257824808,-0.26527071,-0.45709163,0.0305974931,-0.426428795,0.0242409296,0.903678417
194291113413,27628,0.257830799,-0.265271038,-0.457087487,0.0306007285,-0.42642954,0.024243949,0.90367794
194306948778,27645,0.257837474,-0.265271753,-0.457082421,0.0306010041,-0.426426947,0.0242454149,0.903679073
194323623517,27661,0.257846236,-0.265272737,-0.457069337,0.0305937212,-0.42642504,0.0242432691,0.903680325
194340282163,27677,0.257854402,-0.265275896,-0.457060784,0.0305943675,-0.426422536,0.0242434107,0.903681457
194356941226,27695,0.257848442,-0.265277088,-0.457059771,0.0305961408,-0.426427096,0.0242442545,0.903679192
194373688882,27711,0.257841438,-0.265277565,-0.457057714,0.0305935778,-0.426428467,0.0242501497,0.903678477
194390276538,27727,0.257842988,-0.265279502,-0.457058996,0.0305920318,-0.426434368,0.0242506471,0.903675735
194406947319,27744,0.257846951,-0.265283018,-0.457056642,0.030589262,-0.426430583,0.0242493469,0.903677642
194424322267,27761,0.257851809,-0.265286624,-0.457057029,0.0305902883,-0.426430374,0.0242549684,0.903677583
194440278621,27777,0.257851303,-0.265291035,-0.45705238,0.0305944309,-0.426428437,0.0242592823,0.903678238
194456968049,27793,0.257850707,-0.265292495,-0.457046598,0.030589072,-0.426424146,0.0242491681,0.903680742
194473717319,27810,0.25785619,-0.265290797,-0.457045555,0.0305870138,-0.426421881,0.024243528,0.903681993
194490633778,27827,0.25786531,-0.265283942,-0.457040787,0.0305871535,-0.426424712,0.0242451597,0.903680623
194509859299,27845,0.257871509,-0.265278012,-0.457038254,0.0305805448,-0.426425874,0.0242443159,0.903680325
194523610757,27860,0.257870972,-0.26527518,-0.457039893,0.0305762291,-0.426422596,0.024241386,0.903682113
194540276330,27876,0.257867932,-0.265272558,-0.457041711,0.030578414,-0.426419973,0.0242434312,0.903683186
194556942267,27893,0.257862598,-0.265268981,-0.457040608,0.0305807143,-0.42641905,0.024237914,0.903683722
194573618309,27909,0.257853329,-0.265264481,-0.457038313,0.0305743348,-0.426423699,0.0242381245,0.903681755
194590282944,27926,0.257849813,-0.265264392,-0.457036436,0.0305779241,-0.426421762,0.0242322832,0.903682649
194606973986,27942,0.257847965,-0.265270919,-0.457027525,0.0305832736,-0.426419288,0.0242296513,0.903683722
194623611851,27959,0.257846653,-0.265275896,-0.457021356,0.0305874459,-0.426418841,0.0242265929,0.903683901
194640279455,27976,0.257843226,-0.265278697,-0.457022667,0.0305844769,-0.426423341,0.0242309999,0.903681695
194656960809,27992,0.25783658,-0.265282035,-0.457024723,0.0305849276,-0.426425874,0.0242289789,0.903680563
194673639819,28008,0.257828861,-0.265284687,-0.457025766,0.0305855572,-0.426430285,0.024226211,0.903678477
194690578205,28026,0.257814825,-0.26528573,-0.45702675,0.0305816755,-0.426430762,0.0242319237,0.903678298
194706946903,28042,0.257805228,-0.26528877,-0.45702669,0.0305833835,-0.426434577,0.0242421851,0.903676152
194723615548,28058,0.257802665,-0.265284389,-0.457028449,0.0305799134,-0.426434785,0.0242393855,0.903676212
194740274298,28075,0.257800698,-0.265279323,-0.45703125,0.0305744074,-0.426439166,0.0242368877,0.903674483
194756955965,28091,0.257794559,-0.265280813,-0.457026064,0.0305766445,-0.426439792,0.024236396,0.903674126
194773619298,28109,0.257786721,-0.265286833,-0.457014948,0.0305787716,-0.42643857,0.0242411736,0.903674483
194790273725,28125,0.257782698,-0.265292346,-0.457012355,0.0305802654,-0.426441908,0.0242462866,0.903672695
194806962736,28141,0.257782161,-0.265295625,-0.45701313,0.0305780992,-0.426443905,0.0242430344,0.90367198
194823634403,28158,0.257782221,-0.265297711,-0.457014084,0.0305805691,-0.426444888,0.0242413543,0.903671384
194840299142,28174,0.257779002,-0.265296251,-0.457012832,0.0305809602,-0.426445663,0.0242500827,0.903670788
194856961017,28191,0.257775635,-0.265292108,-0.457011253,0.0305786859,-0.426442325,0.0242538787,0.903672338
194873801850,28207,0.257776171,-0.265287012,-0.457014084,0.0305819158,-0.426438689,0.0242437851,0.903674185
194890291121,28224,0.257783234,-0.265276164,-0.457026929,0.0305827335,-0.426439524,0.0242400784,0.903673947
194906947059,28241,0.257788986,-0.265268803,-0.457033873,0.0305795185,-0.426442504,0.0242411755,0.903672516
194923677892,28258,0.257794321,-0.265270233,-0.457027882,0.0305841286,-0.426447779,0.024244722,0.903669834
194940286069,28274,0.257799685,-0.265271097,-0.457021415,0.030586578,-0.426454008,0.0242406018,0.903666914
194956943048,28290,0.257803291,-0.265268594,-0.457017064,0.0305798575,-0.426457435,0.0242403727,0.903665543
194973646538,28307,0.257811487,-0.265263349,-0.457009077,0.0305734929,-0.426454455,0.0242334045,0.903667331
194990303205,28324,0.257817298,-0.26525858,-0.457003713,0.030571403,-0.426456124,0.02422853,0.903666794
195007036694,28340,0.257813156,-0.265259296,-0.457004547,0.0305641517,-0.426448971,0.0242251195,0.90367043
195023642527,28356,0.257807851,-0.265260845,-0.457006156,0.0305658113,-0.426452339,0.024222428,0.90366888
195040277215,28374,0.257802337,-0.265256763,-0.457002938,0.0305664632,-0.426454455,0.0242289286,0.903667688
195056944194,28390,0.25779739,-0.265250206,-0.457000673,0.0305622928,-0.426450104,0.0242240094,0.903670073
195073709663,28406,0.257793427,-0.265249759,-0.457000613,0.0305670276,-0.426447481,0.0242305957,0.903670907
195091197423,28423,0.257789075,-0.265249789,-0.45700255,0.0305746254,-0.426450282,0.0242335629,0.903669238
195106965548,28440,0.257784337,-0.265246838,-0.457002431,0.0305760037,-0.426450521,0.0242376477,0.903669
195123611382,28456,0.257774711,-0.265244603,-0.456999689,0.0305701457,-0.426450133,0.0242397226,0.903669298
195140300288,28472,0.257765204,-0.265243143,-0.456995636,0.0305721909,-0.426452219,0.0242365506,0.903668344
195156987684,28490,0.257765383,-0.265246779,-0.45699206,0.0305732209,-0.426452935,0.024238348,0.903667867
195174395548,28506,0.257769197,-0.265253574,-0.456987619,0.0305671394,-0.426444739,0.0242453814,0.903671861
195190290757,28522,0.257774234,-0.265254855,-0.456985533,0.0305690616,-0.426441312,0.0242423471,0.90367347
195206945652,28539,0.257786512,-0.265254319,-0.456992686,0.0305659734,-0.426444083,0.0242437106,0.903672278
195223644142,28556,0.257795155,-0.265252888,-0.456992924,0.0305697452,-0.426439941,0.0242477562,0.903673887
195240276382,28572,0.257797539,-0.26525107,-0.45698759,0.0305694845,-0.426437169,0.0242445953,0.903675377
195256962892,28588,0.257801384,-0.265250564,-0.456982821,0.030565666,-0.426437438,0.0242438186,0.903675377
195273670600,28606,0.257804155,-0.26525414,-0.456983715,0.030565694,-0.426448971,0.0242411979,0.903669953
195290281746,28622,0.257807434,-0.265260249,-0.456987649,0.030559279,-0.426452637,0.0242403299,0.903668523
195306944090,28638,0.257810265,-0.265263677,-0.45698604,0.0305611249,-0.426453024,0.0242392179,0.903668344
195323612996,28654,0.257809877,-0.265260309,-0.456985533,0.0305581577,-0.426451355,0.024244938,0.903669
195340313621,28672,0.257810622,-0.265255541,-0.456985772,0.0305528417,-0.426453888,0.0242405962,0.903668165
195356948673,28688,0.257815182,-0.265254349,-0.456985444,0.0305527654,-0.426450998,0.0242385175,0.903669536
195373677007,28704,0.257819146,-0.265253425,-0.456988335,0.0305422563,-0.426456749,0.0242372341,0.903667152
195390293673,28721,0.257821381,-0.265254855,-0.456988811,0.0305361394,-0.42645523,0.0242420342,0.903667986
195406941381,28738,0.257813096,-0.265261948,-0.456991494,0.0305379182,-0.426452965,0.0242450852,0.90366894
195423619819,28754,0.257807374,-0.265267521,-0.456991792,0.030541921,-0.426448643,0.0242469311,0.903670728
195440278986,28771,0.257810324,-0.265267253,-0.456996858,0.0305364057,-0.426447749,0.0242420956,0.903671563
195456950392,28788,0.257813156,-0.265268356,-0.457006067,0.0305424053,-0.426449567,0.024238985,0.903670549
195473631850,28804,0.257814944,-0.265266031,-0.457012832,0.0305425171,-0.426448703,0.024236517,0.903671026
195490282944,28821,0.257816732,-0.265263677,-0.457022727,0.0305452496,-0.426453441,0.0242382549,0.903668702
195508149559,28838,0.257818818,-0.265264362,-0.457034379,0.030550696,-0.426457465,0.0242472496,0.903666317
195523619663,28853,0.257818013,-0.265262306,-0.457049876,0.0305475313,-0.426455945,0.0242531523,0.903666973
195540277579,28870,0.257817477,-0.265257895,-0.45706895,0.0305457246,-0.426455647,0.0242546294,0.903667152
195556942319,28887,0.257821172,-0.26525566,-0.457082123,0.0305405892,-0.426460952,0.0242481809,0.903665006
195573669715,28903,0.257824898,-0.265257478,-0.45709008,0.030535074,-0.426462173,0.0242525078,0.903664529
195590292579,28919,0.257827789,-0.265258551,-0.457099408,0.0305385534,-0.426468253,0.0242543425,0.903661489
195606948256,28937,0.257821262,-0.26525709,-0.457105488,0.030534463,-0.426462919,0.0242545288,0.903664052
195623682006,28953,0.257817566,-0.265259236,-0.457111955,0.0305325296,-0.426456481,0.0242538471,0.903667271
195640280496,28969,0.257825136,-0.265266269,-0.457113177,0.0305340122,-0.426457077,0.0242544971,0.903666914
195656942267,28987,0.257835984,-0.265275151,-0.457112044,0.030529188,-0.426457584,0.024250377,0.903666914
195673641069,29003,0.257840335,-0.265278041,-0.457112968,0.0305342618,-0.426455528,0.0242493134,0.903667748
195690509975,29019,0.257845938,-0.265277565,-0.457111329,0.0305352677,-0.426456839,0.0242363643,0.90366739
195706996277,29036,0.257852226,-0.26528427,-0.457117558,0.0305390619,-0.426456541,0.0242358856,0.90366745
195723628777,29052,0.257851273,-0.265289754,-0.457111478,0.0305458307,-0.42645815,0.0242380835,0.903666437
195740280965,29069,0.257848442,-0.265294164,-0.457102537,0.0305492133,-0.426459372,0.0242315475,0.9036659
195756943725,29086,0.257848412,-0.265297472,-0.457100391,0.0305430889,-0.42646125,0.0242324956,0.903665185
195773673048,29102,0.257846385,-0.26529935,-0.457092315,0.0305390004,-0.426458597,0.0242413543,0.903666377
195790297579,29118,0.257845402,-0.265299261,-0.457088411,0.0305336472,-0.426451951,0.0242434703,0.903669596
195806945496,29136,0.257842511,-0.265291661,-0.457083613,0.0305378269,-0.426450938,0.0242362171,0.903670132
195823633829,29152,0.257841587,-0.265288502,-0.457083911,0.0305428673,-0.426447779,0.0242357291,0.903671503
195840278985,29168,0.257837057,-0.265288532,-0.457087904,0.0305451509,-0.426451027,0.0242370479,0.903669834
195857077840,29184,0.257828623,-0.265286386,-0.45708707,0.0305523556,-0.426451087,0.0242391359,0.903669536
195873634610,29202,0.257822931,-0.265283316,-0.457086563,0.0305557605,-0.426451147,0.0242435858,0.903669238
195890559038,29218,0.257820308,-0.265276074,-0.457081378,0.0305612255,-0.426453203,0.0242428184,0.903668106
195906966642,29234,0.257820666,-0.265270472,-0.457077414,0.0305659361,-0.426452994,0.024249509,0.903667867
195923606954,29252,0.257818997,-0.26525262,-0.457066357,0.0305676963,-0.426451474,0.0242481977,0.903668582
195940285704,29268,0.257816255,-0.265236169,-0.45705685,0.0305649806,-0.426448405,0.0242453106,0.903670192
195956938048,29284,0.257814914,-0.265236348,-0.457052529,0.030565979,-0.426444978,0.0242432673,0.903671741
195973687788,29301,0.257811636,-0.265240997,-0.457046568,0.0305637307,-0.426443249,0.0242481027,0.903672576
195990282527,29318,0.257807344,-0.26524049,-0.45704177,0.0305623915,-0.426441342,0.0242467783,0.90367353
196006943777,29334,0.257804394,-0.265242249,-0.457033396,0.0305646509,-0.42644316,0.0242475532,0.903672576
196023637215,29350,0.257801712,-0.265243441,-0.45702526,0.0305641834,-0.426446855,0.0242506526,0.903670728
196040313985,29368,0.257797271,-0.265245259,-0.457014024,0.0305539817,-0.42644459,0.0242566802,0.903672099
196056948985,29384,0.257793307,-0.265247703,-0.45700261,0.0305562876,-0.426444024,0.0242553372,0.903672278
196073635340,29400,0.257792294,-0.265247643,-0.456994027,0.0305564441,-0.42644304,0.0242557582,0.903672695
196090640912,29417,0.257795453,-0.265248448,-0.456979722,0.0305586699,-0.426443219,0.0242485814,0.903672695
196107242631,29434,0.257795542,-0.265248746,-0.456969708,0.0305561479,-0.426440716,0.0242493898,0.903674006
196123613881,29450,0.257796854,-0.265259176,-0.456966341,0.0305565353,-0.426440507,0.0242462754,0.903674126
196140305392,29466,0.257797092,-0.265271306,-0.45696345,0.0305546671,-0.426443905,0.0242477879,0.903672516
196156963621,29483,0.257790864,-0.26527223,-0.456959933,0.030558968,-0.426445663,0.0242444947,0.903671682
196173646485,29500,0.257780313,-0.265268266,-0.456956178,0.0305622499,-0.426451534,0.024245685,0.903668761
196190313465,29516,0.257770658,-0.265265226,-0.456949532,0.0305619501,-0.426453024,0.0242435113,0.903668106
196206943777,29533,0.257765174,-0.265269905,-0.456943572,0.0305580497,-0.426454037,0.0242425483,0.903667808
196223673673,29549,0.257758141,-0.265273303,-0.456935763,0.0305629726,-0.426454574,0.0242381711,0.903667569
196240275652,29566,0.257750601,-0.265271336,-0.456934988,0.0305625796,-0.426451057,0.0242417492,0.903669119
196256940756,29582,0.257745117,-0.265268475,-0.456936806,0.0305536445,-0.426448941,0.0242446922,0.903670371
196273716329,29599,0.257738352,-0.265267313,-0.456936836,0.0305590592,-0.426454246,0.0242432561,0.903667688
196290946902,29616,0.257734776,-0.265264779,-0.456945658,0.0305541474,-0.426453084,0.024237927,0.903668463
196306948985,29632,0.257729173,-0.26526162,-0.456950724,0.0305508953,-0.426455826,0.0242369752,0.90366739
196323610964,29649,0.257722497,-0.265253544,-0.456959695,0.030551834,-0.426459163,0.0242366791,0.903665781
196340275808,29665,0.257713407,-0.265244097,-0.456966221,0.0305450894,-0.42645669,0.0242344961,0.903667212
196356954819,29682,0.257700354,-0.265238971,-0.456968069,0.0305452328,-0.426453024,0.0242352132,0.90366894
196373777319,29699,0.257690012,-0.26523596,-0.45697701,0.0305394754,-0.426456034,0.0242390744,0.903667629
196390288360,29715,0.257683009,-0.265232325,-0.45698294,0.030540105,-0.426460385,0.0242353678,0.903665662
196406946746,29731,0.257683098,-0.265232205,-0.456986159,0.0305403098,-0.426462591,0.0242272541,0.903664827
196423617371,29748,0.257680327,-0.265232146,-0.456987977,0.0305397306,-0.426460087,0.0242196489,0.903666198
196440397735,29765,0.257681698,-0.265236825,-0.45699355,0.030542573,-0.426460803,0.0242200661,0.903665781
196457095548,29781,0.257684946,-0.265240371,-0.456998616,0.0305378661,-0.426454872,0.0242181811,0.903668821
196473613048,29798,0.257678777,-0.265242904,-0.457000315,0.0305402875,-0.42645207,0.0242205858,0.903669953
196490284194,29814,0.257680833,-0.265246272,-0.45700103,0.0305344611,-0.426451206,0.0242200699,0.903670549
196507342058,29831,0.25768137,-0.265249312,-0.457000554,0.0305360537,-0.426445782,0.0242180675,0.903673053
196523614819,29848,0.257689208,-0.265253901,-0.457004547,0.0305328257,-0.426448494,0.0242185742,0.90367198
196540324506,29864,0.257694364,-0.265259355,-0.457007587,0.0305335503,-0.426443785,0.0242148768,0.903674245
196556942266,29881,0.257693529,-0.265260845,-0.457009554,0.0305367038,-0.42643714,0.0242101084,0.903677404
196573633204,29897,0.257698566,-0.265258372,-0.457011402,0.0305334069,-0.426436454,0.0242064968,0.90367794
196590283256,29914,0.257696927,-0.26525867,-0.457011491,0.0305354353,-0.426436782,0.0242089499,0.903677642
196606943985,29930,0.257691681,-0.265263736,-0.457007378,0.0305354781,-0.42643863,0.0242045578,0.903676927
196623668881,29947,0.257686436,-0.265271217,-0.457007289,0.0305326916,-0.426434934,0.0242053624,0.903678656
196640274923,29964,0.257689118,-0.26526913,-0.457017064,0.0305275172,-0.426435262,0.0242023598,0.903678834
196656965496,29980,0.25769192,-0.26526475,-0.457026005,0.030520916,-0.426435769,0.0242021736,0.903678775
196673650600,29996,0.257688522,-0.265265882,-0.457030416,0.0305230692,-0.426432222,0.0242027119,0.903680325
196690284298,30013,0.257687688,-0.265266776,-0.457034826,0.0305228867,-0.426430881,0.0241970774,0.903681159
196706958725,30030,0.25768438,-0.265270025,-0.457040042,0.0305214915,-0.426431358,0.024202846,0.903680801
196723610131,30046,0.257691592,-0.265266746,-0.457038432,0.0305202454,-0.42643553,0.0242058132,0.903678834
196740278360,30063,0.25769794,-0.265263706,-0.457036912,0.0305185132,-0.426442504,0.0242061,0.903675556
196756983881,30079,0.257704705,-0.265265197,-0.457031846,0.0305224489,-0.426433623,0.0242046379,0.903679729
196773712214,30096,0.257719398,-0.265263557,-0.457023293,0.0305170231,-0.426433086,0.0241982546,0.903680265
196790287996,30113,0.257723778,-0.265263557,-0.457016021,0.0305153541,-0.426426709,0.0242012218,0.903683305
196806941902,30129,0.257728457,-0.265260786,-0.457006603,0.0305096507,-0.426425725,0.0242024902,0.903683901
196823653985,30145,0.257733136,-0.2652587,-0.456998557,0.0305085219,-0.426426321,0.0241967589,0.903683782
196840277162,30162,0.257736087,-0.265258968,-0.456991345,0.0305135474,-0.426425815,0.0241950583,0.903683901
196856963985,30179,0.2577402,-0.265255451,-0.45698154,0.0305145662,-0.426429868,0.0241961963,0.903681934
196873647318,30195,0.257742196,-0.265250385,-0.456974536,0.0305137057,-0.426430613,0.0241952185,0.903681636
196890404714,30212,0.257745206,-0.265238285,-0.456965476,0.0305208433,-0.42642951,0.0241926964,0.903681993
196906954298,30229,0.257749945,-0.265228719,-0.45696193,0.0305227507,-0.426433206,0.0241890624,0.903680265
196923618881,30245,0.257748932,-0.265227884,-0.456965357,0.0305195078,-0.426434159,0.0241947137,0.903679788
196940298464,30261,0.25774774,-0.265227854,-0.456968069,0.0305186827,-0.426435828,0.0241967048,0.903678954
196956954402,30279,0.257750928,-0.265223145,-0.45697102,0.0305228233,-0.426438898,0.0241905637,0.903677583
196973720756,30295,0.257753789,-0.265219539,-0.456975222,0.0305289365,-0.426436037,0.0241930485,0.903678656
196990280079,30311,0.25775522,-0.265216529,-0.456977099,0.0305258743,-0.426433861,0.0241914764,0.903679788
197006954766,30327,0.257754952,-0.26521799,-0.456977189,0.0305258296,-0.426432848,0.024194086,0.903680205
197024455027,30345,0.257756591,-0.265218914,-0.456975162,0.0305307899,-0.426429063,0.0241927411,0.903681815
197040288464,30361,0.257760763,-0.265218914,-0.456969708,0.0305399671,-0.426425815,0.0241921265,0.903683126
197056957423,30377,0.257765979,-0.265216261,-0.456962049,0.0305394176,-0.426423728,0.0241917484,0.903684139
197073682058,30394,0.25777024,-0.265211403,-0.456954807,0.0305386726,-0.42642042,0.0241912417,0.903685689
197090295027,30411,0.257774174,-0.265206516,-0.456948012,0.0305351205,-0.426412523,0.0241884962,0.903689623
197106950027,30427,0.25777629,-0.265202641,-0.456944317,0.0305364858,-0.426413774,0.0241919104,0.903688967
197123617423,30444,0.257772774,-0.265203655,-0.456945658,0.0305378269,-0.42640987,0.0241966639,0.903690577
197140293620,30461,0.257768452,-0.265201807,-0.456947446,0.0305361971,-0.426411778,0.0241979975,0.903689682
197156941329,30477,0.257766813,-0.265197426,-0.456947088,0.0305421725,-0.426414371,0.0241969507,0.903688312
197173724193,30493,0.257764369,-0.265194356,-0.456945121,0.0305415168,-0.426418841,0.024195822,0.903686225
197190274350,30510,0.25776118,-0.265188515,-0.45694229,0.0305432715,-0.42641905,0.0241909251,0.903686225
197207163881,30527,0.257758647,-0.265195131,-0.456942409,0.030542681,-0.426418871,0.0242018867,0.903685987
197223620547,30543,0.25775519,-0.265198648,-0.456940591,0.0305475667,-0.426417351,0.0241991188,0.903686643
197240275443,30560,0.257751048,-0.265197039,-0.456942886,0.0305468794,-0.426413685,0.0241912995,0.90368861
197256950704,30576,0.257747114,-0.265196323,-0.456946343,0.0305414312,-0.426413,0.0241888724,0.903689206
197273610183,30593,0.257740408,-0.265192986,-0.456947476,0.0305421464,-0.426415741,0.024194004,0.903687656
197290283985,30610,0.257731795,-0.265193373,-0.45695132,0.0305481888,-0.426421314,0.0241900422,0.903684974
197306972891,30626,0.257724464,-0.265188813,-0.456953019,0.0305445306,-0.426419556,0.0241817553,0.903686166
197323610131,30642,0.257725835,-0.265185267,-0.45695585,0.0305385292,-0.426416487,0.0241811629,0.903687835
197340275964,30659,0.257728249,-0.265182734,-0.456962168,0.0305341668,-0.426423013,0.0241887532,0.903684735
197356941641,30676,0.25772512,-0.265176952,-0.456965953,0.030537568,-0.426423341,0.0241842773,0.903684616
197373739297,30692,0.257721066,-0.26517278,-0.456970066,0.0305290204,-0.426424503,0.0241823476,0.903684378
197390298620,30709,0.257716835,-0.26516825,-0.456968963,0.0305268615,-0.426430285,0.0241871979,0.903681576
197406946381,30726,0.257716864,-0.265167832,-0.456964105,0.0305328052,-0.426426888,0.0241858792,0.903683066
197423613464,30742,0.257713795,-0.265164793,-0.456962347,0.0305350982,-0.426425785,0.0241803695,0.903683603
197440280287,30759,0.257710874,-0.265169442,-0.456959337,0.0305382982,-0.426422983,0.0241750181,0.903684974
197456952943,30775,0.257709265,-0.265176535,-0.456955522,0.0305400826,-0.426424116,0.0241766423,0.903684378
197473624037,30792,0.257708132,-0.265173674,-0.456953496,0.0305334125,-0.426422328,0.0241762158,0.903685391
197490434870,30808,0.257709563,-0.26517415,-0.456952929,0.0305291042,-0.426418096,0.0241707433,0.903687716
197506942631,30825,0.257707119,-0.265171409,-0.456952959,0.0305316187,-0.426419258,0.0241678338,0.903687179
197523610391,30842,0.257713258,-0.265181631,-0.456947625,0.030532198,-0.426413059,0.0241701044,0.903689981
197540286433,30858,0.257719308,-0.265191108,-0.45694235,0.0305242836,-0.426412165,0.0241709333,0.903690636
197556953464,30874,0.257718384,-0.265192151,-0.456938833,0.0305219553,-0.426417023,0.0241681393,0.90368849
197573697839,30892,0.257717967,-0.265197217,-0.456936836,0.0305232219,-0.426417857,0.0241691303,0.903688073
197590281329,30908,0.257716328,-0.265199751,-0.456937075,0.0305221993,-0.426421463,0.0241714828,0.903686345
197606929349,30924,0.257718235,-0.265208513,-0.456937522,0.0305263586,-0.426421046,0.0241758395,0.903686225
197623616589,30940,0.257719666,-0.265214413,-0.456938028,0.030521743,-0.426419646,0.0241735913,0.903687119
197640278308,30958,0.25771901,-0.265214145,-0.456945032,0.0305177923,-0.426421165,0.0241721217,0.903686583
197656944506,30974,0.257720739,-0.26521349,-0.456954867,0.0305228252,-0.426419467,0.0241732541,0.903687179
197673612266,30990,0.257721663,-0.265214652,-0.456959844,0.0305184517,-0.426426679,0.0241735578,0.903683901
197690590704,31008,0.257723153,-0.265221357,-0.456958234,0.0305127203,-0.426424056,0.0241783969,0.903685153
197706982631,31024,0.257723808,-0.265225202,-0.456956029,0.0305126365,-0.426418573,0.0241782144,0.903687835
197723665235,31040,0.257728219,-0.265225232,-0.456954867,0.0305135846,-0.426419079,0.0241732746,0.903687656
197740387683,31056,0.25773263,-0.265225112,-0.456953079,0.0305060428,-0.426418215,0.0241785925,0.903688192
197756977370,31074,0.25773406,-0.265228301,-0.456950814,0.030505944,-0.426417947,0.0241806563,0.903688312
197773621329,31090,0.25773859,-0.265228987,-0.456949025,0.0305028316,-0.426423579,0.024176199,0.903685808
197790284662,31107,0.257743567,-0.265234828,-0.456946939,0.0305081885,-0.426420003,0.0241796635,0.903687239
197808300599,31125,0.257755339,-0.26524511,-0.456947654,0.0305077322,-0.426421762,0.0241796803,0.903686404
197823701328,31139,0.257764757,-0.265252143,-0.456947863,0.0305056311,-0.426418722,0.0241786689,0.903687954
197840273828,31156,0.257766098,-0.265248656,-0.456956655,0.0305038467,-0.426416874,0.0241732839,0.903689027
197856944818,31173,0.257765323,-0.26524204,-0.456967533,0.0305075608,-0.426414728,0.0241797082,0.903689742
197873638828,31189,0.25776872,-0.265238106,-0.456969559,0.0305071902,-0.426415056,0.0241827853,0.903689504
197890292006,31205,0.257774144,-0.265232146,-0.456965685,0.03051126,-0.426416397,0.0241851043,0.903688729
197906958933,31223,0.257781744,-0.265227318,-0.456961513,0.0305153914,-0.426421106,0.0241839346,0.903686404
197923610339,31239,0.25779146,-0.265226215,-0.456965417,0.0305134654,-0.426424503,0.0241835602,0.903684914
197940386224,31255,0.257800639,-0.265225589,-0.456970334,0.0305105019,-0.426423162,0.0241868179,0.903685451
197956949506,31272,0.257806867,-0.265223503,-0.456974566,0.0305092242,-0.426426202,0.0241873097,0.90368408
197973663933,31289,0.257812142,-0.2652224,-0.456974983,0.0305221006,-0.426421613,0.0241863411,0.903685808
197991433464,31306,0.257819414,-0.265219152,-0.456976891,0.0305252615,-0.426421463,0.0241909381,0.903685689
198006946589,31322,0.257825166,-0.265221059,-0.456976146,0.0305272024,-0.426425666,0.0241880529,0.903683662
198023624610,31338,0.257831067,-0.265223205,-0.456976533,0.0305308998,-0.426430434,0.0241872817,0.903681338
198040281953,31355,0.257837147,-0.265220106,-0.456976742,0.0305332541,-0.426424474,0.0241839215,0.903684139
198056959505,31372,0.257841527,-0.26521787,-0.45697999,0.0305333436,-0.426424444,0.0241869725,0.90368408
198073611589,31388,0.25784421,-0.265219122,-0.456985921,0.0305398777,-0.426429063,0.0241914876,0.903681576
198090584610,31405,0.257845163,-0.265221149,-0.456993788,0.0305345785,-0.426428974,0.0241893586,0.903681874
198107078412,31422,0.257849783,-0.265220314,-0.457000881,0.0305388514,-0.426432192,0.0241895933,0.903680205
198123612578,31438,0.257843733,-0.265225232,-0.457003832,0.0305528361,-0.426432759,0.0241942648,0.903679371
198140295964,31454,0.257836282,-0.265230179,-0.457007021,0.0305581558,-0.426431656,0.0241995566,0.90367955
198156943099,31470,0.257836163,-0.265232027,-0.457009554,0.0305544268,-0.426430583,0.02419574,0.903680325
198173630339,31487,0.25783506,-0.265237153,-0.457010269,0.0305576846,-0.426432937,0.0241896361,0.903679192
198190278308,31504,0.257835686,-0.26524204,-0.457015216,0.0305565801,-0.426435024,0.0241893549,0.903678238
198206948776,31520,0.257836163,-0.265246451,-0.457021952,0.0305587128,-0.426432133,0.0241918825,0.90367949
198224504662,31538,0.257834822,-0.265248537,-0.457029223,0.0305631831,-0.426427484,0.0241949596,0.903681517
198240291328,31553,0.257831305,-0.265250355,-0.457032919,0.0305630323,-0.426430404,0.024197204,0.903680027
198256946537,31570,0.257825226,-0.265251219,-0.457034737,0.0305587184,-0.426422745,0.0241908655,0.90368396
198273640651,31587,0.257819414,-0.265252769,-0.457037449,0.0305609535,-0.426416337,0.0241934843,0.903686821
198290737891,31604,0.257813603,-0.26526022,-0.457037807,0.0305682831,-0.426415175,0.0242036991,0.903686881
198307192943,31620,0.257807255,-0.265265435,-0.457037836,0.0305725746,-0.426418245,0.0242018122,0.903685331
198323612474,31636,0.257797092,-0.265266657,-0.457032174,0.0305773243,-0.426413238,0.0241964012,0.903687716
198340281068,31653,0.257786244,-0.265268713,-0.457028031,0.0305791087,-0.426410437,0.0241995584,0.903688848
198356945391,31670,0.257780313,-0.265268505,-0.457029194,0.0305733066,-0.426416665,0.0242045224,0.903685927
198373644922,31686,0.257774204,-0.265266746,-0.457025439,0.0305718035,-0.426413566,0.0241985731,0.903687656
198390346745,31703,0.257766336,-0.265265644,-0.457024843,0.0305762272,-0.42641142,0.0241905395,0.903688729
198406942735,31719,0.257763207,-0.265268832,-0.457021236,0.0305746403,-0.426405787,0.0241936632,0.903691351
198423612526,31736,0.257760525,-0.265272439,-0.457017899,0.030576542,-0.426405549,0.024195144,0.903691351
198440279922,31753,0.257754624,-0.265271246,-0.457019657,0.0305686705,-0.426406562,0.0241920985,0.903691173
198456944610,31769,0.257748187,-0.265271217,-0.457024604,0.0305702053,-0.42640993,0.0241922941,0.903689504
198473698880,31785,0.257744133,-0.265270263,-0.457031906,0.0305668451,-0.42641449,0.0241964646,0.903687358
198490337526,31802,0.257745087,-0.265267909,-0.457036167,0.0305668917,-0.426417083,0.0241952706,0.903686225
198506943672,31819,0.257742107,-0.265268505,-0.457044691,0.0305656139,-0.426422089,0.0241929553,0.90368396
198523613151,31835,0.25774473,-0.265270591,-0.45704937,0.0305648446,-0.426418751,0.0241905283,0.903685629
198540275182,31852,0.257747591,-0.265271068,-0.457055748,0.0305598397,-0.426415414,0.0241819974,0.903687596
198557364609,31869,0.257750094,-0.265268683,-0.457060426,0.0305499062,-0.426414967,0.0241756998,0.903688312
198573628307,31885,0.257758021,-0.265264153,-0.457054853,0.0305549968,-0.426409811,0.0241811611,0.903690457
198590283880,31901,0.257763326,-0.265260458,-0.457054436,0.0305572636,-0.42640847,0.0241816305,0.903690875
198606946901,31919,0.257779479,-0.265249103,-0.457052678,0.0305548124,-0.426408321,0.0241742805,0.903691292
198624046120,31935,0.257793307,-0.265239924,-0.457053423,0.0305515584,-0.426407307,0.0241657011,0.903692126
198640301745,31951,0.257809311,-0.265238762,-0.457047909,0.0305505916,-0.426405072,0.0241623819,0.903693378
198656948151,31967,0.257825375,-0.265237659,-0.457039893,0.0305496808,-0.426407576,0.0241586939,0.903692305
198673759662,31985,0.257831007,-0.265242338,-0.457036495,0.0305500012,-0.42640999,0.0241588261,0.903691113
198690319349,32001,0.257833958,-0.2652511,-0.457027078,0.0305513088,-0.426404417,0.0241636671,0.903693616
198706944870,32017,0.257838994,-0.265256256,-0.457025558,0.0305479914,-0.426401466,0.0241624266,0.903695107
198724157734,32034,0.257842362,-0.265244216,-0.457021505,0.0305390749,-0.426395863,0.0241621044,0.903698087
198740280599,32051,0.257845074,-0.265232533,-0.457016885,0.0305362474,-0.426390857,0.0241664667,0.903700471
198756957057,32067,0.257848769,-0.265229017,-0.457017273,0.0305365883,-0.426394701,0.0241665356,0.903698623
198773771849,32083,0.257852644,-0.2652224,-0.45701468,0.0305384509,-0.426396459,0.0241614804,0.903697848
198790318932,32100,0.257861078,-0.265217066,-0.457017958,0.0305355545,-0.426398456,0.0241637118,0.903696895
198807005495,32117,0.257862747,-0.26520884,-0.457007319,0.0305319205,-0.426396996,0.0241690781,0.90369755
198823621953,32133,0.257864714,-0.265198678,-0.456998527,0.0305329952,-0.426400036,0.0241658147,0.903696179
198840300755,32150,0.257868707,-0.265189111,-0.45699802,0.0305410903,-0.426399618,0.0241603274,0.903696239
198856945755,32167,0.257871151,-0.265178591,-0.456997961,0.0305405706,-0.426397175,0.0241650473,0.903697371
198873614766,32183,0.257874846,-0.265168518,-0.456995577,0.0305366945,-0.426401228,0.0241740104,0.903695285
198893364297,32203,0.25787577,-0.265154958,-0.456987113,0.030529689,-0.426404685,0.024172511,0.903693974
198906950807,32216,0.257881016,-0.265146852,-0.456983,0.0305339117,-0.426402569,0.0241705757,0.903694868
198923608411,32233,0.257882178,-0.265149742,-0.456980348,0.0305370465,-0.426398575,0.0241696015,0.903696656
198940276693,32249,0.257882982,-0.265152127,-0.456980407,0.0305342246,-0.426402897,0.0241717212,0.90369463
198956940495,32266,0.257883906,-0.265154034,-0.456978142,0.0305303819,-0.426403373,0.0241762903,0.903694451
198973843932,32283,0.257881939,-0.265161544,-0.456972718,0.0305335019,-0.426406711,0.0241714288,0.903692901
198990285599,32299,0.257885605,-0.265161902,-0.45697087,0.030539779,-0.426410586,0.0241716411,0.903690875
199006941797,32315,0.257884413,-0.26516664,-0.456972212,0.0305411443,-0.426410556,0.0241801329,0.903690577
199023653620,32332,0.257882804,-0.265170395,-0.456972897,0.0305492636,-0.426407814,0.0241864435,0.903691471
199040279297,32349,0.257880867,-0.265180171,-0.45697397,0.0305509418,-0.42640537,0.0241900217,0.903692484
199056945286,32365,0.257874757,-0.265199423,-0.456974566,0.0305556785,-0.426401824,0.0241903737,0.903693914
199073615651,32382,0.257874876,-0.265211314,-0.456974298,0.0305578113,-0.426393718,0.0241927821,0.90369761
199090280130,32399,0.257876337,-0.265222609,-0.456974179,0.0305578094,-0.426392734,0.0241935942,0.903698087
199106948203,32415,0.257879794,-0.265230894,-0.456973404,0.0305552352,-0.426395923,0.0241879895,0.903696835
199123760338,32431,0.257877886,-0.265245974,-0.45697093,0.0305616818,-0.426390707,0.0241806209,0.903699219
199140280390,32449,0.25787133,-0.265269041,-0.456970721,0.0305597391,-0.426392347,0.0241826158,0.903698504
199156951015,32465,0.257869095,-0.265280545,-0.456969768,0.030558005,-0.426397085,0.024194099,0.903696001
199173649713,32481,0.257866621,-0.265289396,-0.456967443,0.0305556729,-0.42639783,0.0241944585,0.903695703
199190304401,32498,0.257865578,-0.265298694,-0.456964165,0.0305589586,-0.426396042,0.0241889022,0.903696597
199206950911,32515,0.257860094,-0.265303671,-0.456963241,0.0305648111,-0.426398754,0.0241877791,0.903695166
199223616588,32531,0.257857502,-0.265310407,-0.456962228,0.0305657685,-0.426397711,0.0241876021,0.903695643
199240294401,32547,0.257856995,-0.265318841,-0.456961095,0.0305645559,-0.426395237,0.0241904277,0.903696656
199257003932,32565,0.257854462,-0.265325695,-0.456959903,0.0305696465,-0.426391542,0.0241915528,0.903698325
199273717057,32581,0.257852823,-0.265327841,-0.456957579,0.0305789262,-0.426391393,0.0241925586,0.903698027
199290318515,32597,0.257847726,-0.265321612,-0.45695585,0.0305811912,-0.426397413,0.0241947714,0.903695047
199306945234,32614,0.25784862,-0.265321583,-0.456949562,0.0305829588,-0.426395088,0.0241986718,0.903696001
199323678255,32630,0.257852018,-0.265323937,-0.456935644,0.0305902697,-0.42639488,0.0241942946,0.903695881
199340283255,32647,0.257854402,-0.265326798,-0.456921726,0.0305933654,-0.426400781,0.024193652,0.90369308
199356940182,32664,0.257857233,-0.265328258,-0.456912339,0.0305889733,-0.426407069,0.0241949372,0.903690219
199373619453,32680,0.257854104,-0.265320361,-0.456907421,0.0305812918,-0.42640543,0.0242010187,0.903691113
199390325703,32696,0.257852197,-0.265314281,-0.45690456,0.0305771753,-0.426407814,0.0241994988,0.903690159
199406948776,32713,0.257852763,-0.265314728,-0.456899852,0.0305733997,-0.426406443,0.0242007636,0.903690875
199423635130,32730,0.257852525,-0.265316397,-0.456892401,0.0305686817,-0.426403344,0.0242020804,0.903692484
199440288984,32747,0.257850736,-0.26531294,-0.456894666,0.0305652525,-0.426401973,0.024202941,0.903693259
199456947161,32763,0.257847369,-0.265306145,-0.456900418,0.0305635519,-0.426399201,0.0242047142,0.90369451
199473608151,32779,0.257842392,-0.265306234,-0.45689851,0.0305642914,-0.426396042,0.0242017284,0.90369606
199490295651,32796,0.2578336,-0.265310079,-0.45689556,0.0305679869,-0.426390469,0.0242074486,0.903698444
199506984192,32813,0.25782758,-0.265313804,-0.45689261,0.030564962,-0.426392525,0.0242079571,0.903697491
199523611536,32829,0.257822871,-0.265314877,-0.456891239,0.0305654816,-0.426395714,0.0242053084,0.90369606
199540412682,32846,0.257815778,-0.265310675,-0.456894338,0.0305647366,-0.426393986,0.0242046155,0.903696954
199556949140,32862,0.25780946,-0.265312016,-0.456897885,0.0305559561,-0.426389575,0.02420347,0.903699338
199574192682,32879,0.257801771,-0.265320748,-0.456906348,0.0305520147,-0.426392585,0.0242053363,0.903698027
199590291640,32896,0.257793307,-0.265321672,-0.456911325,0.0305564217,-0.426390916,0.0242047962,0.903698683
199606965442,32912,0.257786632,-0.265314668,-0.456914067,0.0305640548,-0.426394075,0.0241971854,0.903697133
199623654869,32929,0.257777929,-0.265314966,-0.456915408,0.0305649117,-0.426389813,0.0241945218,0.903699219
199640278151,32945,0.257769704,-0.265316486,-0.456915379,0.0305653363,-0.42639339,0.0241870787,0.903697729
199656965703,32962,0.257763147,-0.265317708,-0.456918001,0.0305649787,-0.426397175,0.0241832584,0.903695941
199673729713,32978,0.257756323,-0.265319169,-0.456924438,0.0305667426,-0.426399142,0.0241853856,0.903694987
199690281276,32995,0.257746935,-0.265313387,-0.456939608,0.0305633806,-0.426400423,0.0241905861,0.903694272
199706946692,33011,0.257738471,-0.265311807,-0.456949949,0.0305541083,-0.426404536,0.0241920389,0.903692603
199723609297,33028,0.257741868,-0.2653054,-0.456952184,0.0305514075,-0.426401287,0.024187386,0.903694451
199742175547,33046,0.25774774,-0.265295118,-0.456952274,0.0305559915,-0.42639944,0.024181461,0.903695285
199756956640,33061,0.257746339,-0.265291244,-0.456954986,0.0305569675,-0.426400155,0.0241839513,0.903694868
199773622786,33078,0.257751256,-0.265281707,-0.456962228,0.0305584557,-0.426401705,0.0241836328,0.903694093
199790284713,33094,0.257753134,-0.265275896,-0.456967682,0.0305601303,-0.426409125,0.0241820179,0.903690577
199807016849,33110,0.25775677,-0.265271217,-0.456967086,0.0305503998,-0.426408708,0.0241760034,0.903691232
199824517109,33128,0.257757843,-0.265269846,-0.456965148,0.0305500347,-0.426404744,0.0241719764,0.903693259
199840276849,33144,0.257757008,-0.265271813,-0.456962764,0.030546017,-0.426401943,0.0241697393,0.903694808
199856944349,33160,0.257756531,-0.265273571,-0.456961632,0.0305412468,-0.426401824,0.0241631363,0.903695226
199873631067,33178,0.257746756,-0.265278161,-0.45696485,0.0305437148,-0.426404715,0.0241684765,0.903693497
199890279869,33194,0.25773266,-0.265280247,-0.456967145,0.0305421147,-0.426402897,0.0241701212,0.903694451
199906959296,33210,0.257719815,-0.265282899,-0.456970781,0.0305427127,-0.426408708,0.024174815,0.90369159
199923613984,33227,0.257718474,-0.265278369,-0.456968188,0.03054321,-0.426412821,0.0241725743,0.903689623
199940288619,33243,0.257715821,-0.265274256,-0.456964731,0.0305371378,-0.426411659,0.0241726767,0.903690398
199956944036,33260,0.257707059,-0.265276462,-0.456964731,0.030542763,-0.426415801,0.0241767187,0.903688133
199973632265,33277,0.257703304,-0.265274823,-0.456964344,0.0305380579,-0.426420987,0.0241710432,0.903685987
199990306015,33293,0.25770098,-0.265276164,-0.456962258,0.0305388421,-0.42642042,0.0241694264,0.903686285
200006948046,33309,0.257701874,-0.265278101,-0.456958294,0.0305397753,-0.42641741,0.0241700429,0.903687716
200023674817,33325,0.257699311,-0.265279114,-0.456953317,0.0305426531,-0.426418334,0.0241742507,0.903686941
200040273098,33343,0.257692456,-0.265272886,-0.456945419,0.0305461846,-0.426419884,0.0241747219,0.903686106
200056964661,33360,0.257688105,-0.265265375,-0.456939936,0.0305482559,-0.426421821,0.0241759624,0.903685153
200073607942,33376,0.257686913,-0.265263379,-0.456937879,0.0305400714,-0.426431298,0.024170747,0.903681099
200090300494,33392,0.257693172,-0.265264928,-0.456935227,0.0305418596,-0.426430941,0.0241641458,0.903681397
200106956276,33409,0.257696211,-0.265267968,-0.456932634,0.0305442624,-0.426430523,0.0241604801,0.903681636
200123610286,33426,0.25770393,-0.26526171,-0.456936181,0.0305369087,-0.426429152,0.024155518,0.90368259
200140278203,33442,0.257712305,-0.265258312,-0.456939667,0.0305313319,-0.426429749,0.024161363,0.903682351
200156944661,33459,0.257720381,-0.265256494,-0.456943035,0.0305311531,-0.426432312,0.0241557546,0.903681338
200173617161,33475,0.25773108,-0.265252173,-0.45694837,0.0305293016,-0.42642203,0.0241576694,0.903686225
200190282682,33492,0.257736653,-0.265248239,-0.456948996,0.030530151,-0.426421165,0.0241569076,0.903686583
200206944557,33508,0.257742107,-0.265243053,-0.456948876,0.0305276755,-0.426419199,0.0241520684,0.903687716
200223645807,33525,0.257746547,-0.265237778,-0.456949621,0.0305249784,-0.426416785,0.0241583772,0.903688788
200240276640,33542,0.257748425,-0.265232235,-0.456949949,0.0305267051,-0.426415086,0.0241571944,0.903689504
200256949609,33558,0.257747978,-0.265227854,-0.456950068,0.0305266175,-0.42642048,0.0241565518,0.90368706
200273637578,33575,0.257747769,-0.265226603,-0.45694229,0.0305230021,-0.426421493,0.0241641477,0.903686404
200290554140,33592,0.257745743,-0.265223444,-0.456933349,0.0305203144,-0.426429927,0.0241697896,0.903682411
200306942630,33608,0.25774163,-0.265220672,-0.456925601,0.0305208564,-0.426433206,0.0241675042,0.903680921
200323607682,33624,0.25773868,-0.265222102,-0.456921071,0.0305224508,-0.42643106,0.024167059,0.903681934
200340284453,33641,0.257737547,-0.265226066,-0.456920356,0.0305262618,-0.426431,0.0241633467,0.903681874
200356943723,33657,0.257734746,-0.265229315,-0.45692116,0.0305276494,-0.426431924,0.0241675433,0.903681338
200373683411,33674,0.257732242,-0.265234649,-0.456921667,0.0305281486,-0.426434338,0.0241651181,0.903680205
200390281692,33691,0.257727176,-0.265239,-0.456919372,0.0305339769,-0.426435739,0.0241661984,0.903679371
200406944921,33707,0.257718027,-0.265246749,-0.456925333,0.0305401292,-0.42641598,0.024175074,0.903688192
200424535494,33723,0.257710546,-0.265258908,-0.456923813,0.0305844415,-0.426355481,0.0241754819,0.903715253
200440277942,33741,0.257708281,-0.265258044,-0.456917942,0.0306114573,-0.426347643,0.0241186656,0.903719544
200456942421,33757,0.257712901,-0.265255928,-0.456909597,0.0306221824,-0.426294655,0.0240631681,0.903745651
200473615755,33773,0.25772649,-0.265249014,-0.456897706,0.0305992197,-0.426272035,0.0239190236,0.90376091
200490568098,33790,0.257749349,-0.265239686,-0.456886649,0.0305371024,-0.426278383,0.0237179715,0.903765261
200508044921,33808,0.257760823,-0.265231133,-0.456871778,0.0304836761,-0.426220804,0.0235775542,0.903797984
200523613359,33823,0.257762074,-0.265225589,-0.45686987,0.0304708872,-0.426172018,0.0235255286,0.90382278
200540279973,33839,0.257756382,-0.265223682,-0.456870586,0.0304874666,-0.426161736,0.0234965663,0.903827786
200556975755,33857,0.257739186,-0.265223712,-0.456882417,0.0305423923,-0.426164895,0.0235178266,0.903823853
200573613463,33873,0.257729411,-0.265216619,-0.456923068,0.0306017995,-0.426197886,0.0235789996,0.90380466
200590360494,33889,0.257708639,-0.265192956,-0.456936151,0.0304005817,-0.426224858,0.0235849619,0.903798699
200606945130,33906,0.257692128,-0.265193343,-0.456934035,0.0304113887,-0.426241159,0.0236413665,0.903789163
200623665494,33922,0.257682979,-0.265201777,-0.456936538,0.0305222515,-0.426258504,0.0236545783,0.903776884
200640281380,33939,0.257694364,-0.265197426,-0.456930667,0.030505674,-0.426253229,0.023559181,0.903782427
200656965859,33956,0.257718384,-0.265201807,-0.456908256,0.030545665,-0.426196545,0.0234747697,0.903809965
200673837109,33972,0.257720113,-0.265199423,-0.456900746,0.0304992702,-0.426175088,0.0234729182,0.903821707
200690288359,33989,0.257718086,-0.265192509,-0.456913143,0.0304165892,-0.426183641,0.023528209,0.903819084
200706946900,34005,0.257697344,-0.265209079,-0.456927925,0.0304827075,-0.426213473,0.0236616395,0.903799236
200723611327,34022,0.257666647,-0.265220821,-0.456944674,0.030547658,-0.426291794,0.0238496251,0.903755128
200740293359,34039,0.257643729,-0.265213639,-0.456976026,0.0304737687,-0.426415026,0.0239893459,0.903695822
200757937577,34056,0.257623553,-0.265210778,-0.45700267,0.030409934,-0.426513314,0.0240330976,0.903650403
200773651379,34072,0.257618487,-0.265213341,-0.457012326,0.030420905,-0.426526248,0.02398948,0.903645158
200790277473,34088,0.257632852,-0.265213996,-0.457008779,0.0304354578,-0.426485568,0.0238749888,0.903666854
200806946484,34105,0.257681906,-0.265206993,-0.456988096,0.0304418541,-0.426453024,0.0235932339,0.903689384
200823613984,34122,0.257732898,-0.26519537,-0.456963122,0.0304339901,-0.426392376,0.0232080873,0.903728247
200840284504,34138,0.257782459,-0.265172273,-0.456945121,0.030377958,-0.426300198,0.0228746999,0.90378207
200856947942,34154,0.257840931,-0.265145779,-0.456926882,0.0303296745,-0.42622298,0.0225647427,0.903827906
200873613411,34170,0.257873893,-0.265142471,-0.45690456,0.0304005444,-0.426109761,0.0223911367,0.903883338
200890306848,34188,0.257878512,-0.26515162,-0.456893206,0.0304567572,-0.425979495,0.0224723034,0.903940797
200906944348,34204,0.257855743,-0.265156895,-0.456917614,0.030337723,-0.425941169,0.0228567496,0.903953195
200923939765,34220,0.257816344,-0.265159965,-0.45695892,0.0301970374,-0.42590028,0.0233787466,0.903963864
200940596171,34238,0.257771492,-0.26515919,-0.457014084,0.0300646927,-0.425787687,0.023974821,0.904005706
200956944296,34254,0.257744104,-0.265153378,-0.457075387,0.0298949145,-0.425602764,0.0244520232,0.904085636
200973630234,34270,0.257744312,-0.265139818,-0.457113415,0.0297564305,-0.425246686,0.024847459,0.904246926
200990280338,34287,0.257771432,-0.265125692,-0.457128823,0.0296545662,-0.424798906,0.0249870252,0.904456854
201007114192,34304,0.25784111,-0.265119016,-0.457111567,0.0295774192,-0.424383759,0.024889132,0.904656947
201024533202,34321,0.257897735,-0.265124679,-0.457086444,0.0296166055,-0.424179494,0.0246805605,0.904757202
201040280754,34337,0.257889569,-0.265153617,-0.45707503,0.0298458338,-0.424386412,0.0244656336,0.904658496
201056951484,34353,0.257868052,-0.265191495,-0.457064033,0.0301003587,-0.424581587,0.024434559,0.904559314
201073712525,34370,0.257845521,-0.265219837,-0.457060397,0.0302734934,-0.424689889,0.0245879367,0.904498518
201091174036,34386,0.257815361,-0.265233546,-0.457063645,0.0303793885,-0.424825102,0.0247854125,0.904425979
201106958827,34403,0.257790089,-0.265245974,-0.457070231,0.0304575693,-0.424958348,0.0249531399,0.904356182
201123611588,34419,0.257782578,-0.265250146,-0.457086682,0.0304807127,-0.424987197,0.0250545926,0.904339075
201140280546,34436,0.257782876,-0.265254617,-0.457098871,0.0304957666,-0.424928397,0.025153337,0.904363453
201156940233,34453,0.257782638,-0.265258908,-0.45710218,0.0305483565,-0.424860001,0.0251791365,0.904393077
201173611952,34469,0.257781208,-0.265246987,-0.457113445,0.0305364151,-0.424877465,0.0250889063,0.904387832
201190452161,34485,0.257784307,-0.265238166,-0.457125127,0.0304868557,-0.424963325,0.0249500647,0.904352963
201206941588,34503,0.257801473,-0.265228391,-0.457140058,0.0304216184,-0.42503944,0.0248729065,0.904321551
201223640129,34519,0.257815242,-0.265206844,-0.457164794,0.0303063449,-0.425246269,0.0246684719,0.904233634
201240355546,34535,0.257837147,-0.265188903,-0.45715934,0.030273227,-0.425519496,0.024161078,0.904119968
201256946900,34552,0.257849097,-0.265187353,-0.457114756,0.0304716136,-0.425909281,0.0236522742,0.903943241
201273641327,34569,0.257836014,-0.265203238,-0.457089692,0.0306708962,-0.426319003,0.0234287474,0.903749168
201290284921,34585,0.257811427,-0.265230536,-0.457077801,0.030833669,-0.426614881,0.0234620124,0.903603137
201306947577,34601,0.25778994,-0.265264571,-0.457062602,0.0310307015,-0.42669937,0.0235601794,0.903553963
201323827421,34619,0.257778257,-0.265278995,-0.457040608,0.0311146285,-0.426614225,0.0237619989,0.90358603
201340279973,34635,0.257765055,-0.265277058,-0.457036853,0.0310736168,-0.426594794,0.0239626616,0.903591275
201356949921,34651,0.257753462,-0.265276134,-0.457046181,0.0310402196,-0.426668048,0.0239885617,0.903557122
201373638463,34668,0.257750809,-0.26527071,-0.457045972,0.031006895,-0.426683903,0.0239047818,0.903553069
201390274348,34685,0.257764459,-0.265260965,-0.457038552,0.0309308432,-0.426624417,0.0238153655,0.90358609
201406940285,34701,0.257790416,-0.265259832,-0.457024574,0.0309230573,-0.42652151,0.0237639658,0.903636217
201423612108,34717,0.25782311,-0.265258938,-0.457001656,0.0309777316,-0.426445335,0.0235903692,0.903674901
201440279140,34735,0.257858694,-0.265244186,-0.456982642,0.0309689082,-0.426470816,0.0232481845,0.90367204
201456986744,34751,0.257888228,-0.265219718,-0.456975013,0.0308454726,-0.426458031,0.0230466463,0.903687477
201473608619,34767,0.257910341,-0.265195757,-0.456971049,0.0307243504,-0.426371634,0.0229707249,0.903734267
201491134035,34784,0.257923484,-0.265186638,-0.456964165,0.0307414625,-0.426277608,0.0229632426,0.903778255
201509334765,34803,0.257915854,-0.265201777,-0.456956476,0.0309120249,-0.426312327,0.0230059363,0.90375495
201523618410,34817,0.257884979,-0.265209556,-0.456958443,0.03103799,-0.426391453,0.0230531748,0.903712153
201540323098,34833,0.257851601,-0.265205503,-0.456973284,0.0310505107,-0.426500678,0.0231196787,0.90365845
201556944921,34850,0.25783509,-0.265187204,-0.457004607,0.0308547076,-0.426632822,0.0232588407,0.903599143
201573618515,34867,0.257845402,-0.26514101,-0.457039535,0.0304312464,-0.42658031,0.0233508404,0.903636038
201590279348,34883,0.257879078,-0.265092283,-0.457054883,0.0300384965,-0.426460326,0.0232439358,0.903708518
201606973515,34899,0.257895172,-0.265067101,-0.457064807,0.0297807418,-0.426391453,0.0231754426,0.903751314
201623625806,34917,0.257900655,-0.265053362,-0.457067907,0.029644791,-0.426372349,0.0231320523,0.903765857
201640282004,34933,0.257921755,-0.265034378,-0.457073241,0.0295817964,-0.426435202,0.0229608193,0.903742611
201656964348,34949,0.25795418,-0.265013307,-0.457084417,0.0295095686,-0.426563114,0.0227263216,0.903690577
201673615962,34966,0.257984102,-0.264997005,-0.457088292,0.0294348411,-0.426692665,0.0225091372,0.90363729
201690684504,34983,0.258040369,-0.264991194,-0.457058609,0.0294502471,-0.426625103,0.0221528932,0.903677523
201706946067,34999,0.258093894,-0.264978975,-0.457019508,0.0294997618,-0.426599413,0.0217949506,0.903696716
201723609087,35016,0.258113086,-0.264936894,-0.457021743,0.0294231623,-0.426971078,0.0214633048,0.903531611
201740284817,35033,0.258119881,-0.264876783,-0.457064033,0.029237682,-0.427740037,0.0212482754,0.90317893
201756942212,35049,0.258142292,-0.264766484,-0.457093149,0.0287464596,-0.42849642,0.0208843462,0.902844608
201773630442,35066,0.258179069,-0.264572442,-0.457051992,0.0275046024,-0.429280818,0.0204288978,0.902521074
201790379087,35082,0.258237481,-0.264354825,-0.456977397,0.025978392,-0.42999202,0.0198895372,0.90223968
201806945754,35099,0.258308291,-0.264066428,-0.456879348,0.0241537169,-0.430724949,0.0188409071,0.901963294
201823614712,35115,0.258359402,-0.263742536,-0.456747711,0.0222629644,-0.43136248,0.0173524655,0.901737034
201840276535,35132,0.258396715,-0.263343602,-0.456543446,0.0199960675,-0.431787401,0.0152759859,0.901624322
201856953775,35148,0.258398026,-0.26281625,-0.456235439,0.0171929728,-0.431806058,0.0126170134,0.901714385
201873646275,35165,0.258345604,-0.261905074,-0.455777317,0.0133495852,-0.431584358,0.00907850545,0.901928127
201890331223,35182,0.258259982,-0.260545135,-0.455249906,0.00945841987,-0.431310117,0.00529728271,0.90213865
201906946535,35198,0.258194149,-0.258872867,-0.45470044,0.00620980747,-0.430969387,0.0019196202,0.902343154
201923625546,35214,0.258209884,-0.256873876,-0.454102874,0.00354836881,-0.430436969,-0.00105606229,0.902613044
201940282577,35231,0.258311212,-0.254484296,-0.453437507,0.00155777868,-0.429748118,-0.00330149778,0.902941525
201956951535,35248,0.258493394,-0.251847982,-0.452779293,0.000733694644,-0.428982794,-0.00446908828,0.903301358
201973616796,35264,0.258774877,-0.249163643,-0.452192694,0.00120723422,-0.428256631,-0.00477855606,0.903643787
201990286014,35280,0.259090781,-0.246278748,-0.451670647,0.00260203355,-0.427745163,-0.0045541143,0.903884172
202006943150,35298,0.259474039,-0.242840275,-0.451154977,0.00473040249,-0.427606374,-0.00394309824,0.903944075
202023650337,35314,0.259832144,-0.239556432,-0.450757056,0.00659934478,-0.427935541,-0.00323673384,0.903779447
202040281327,35330,0.260191709,-0.235999271,-0.450390548,0.00779265165,-0.42869544,-0.00247685425,0.903412163
202056944087,35347,0.260615706,-0.231960371,-0.44996655,0.00818670355,-0.429793894,-0.00164120295,0.902888477
202073607889,35364,0.261056006,-0.227592811,-0.449536175,0.00794004928,-0.431203187,-0.000613023643,0.902219772
202090297473,35380,0.261430621,-0.223181784,-0.449154586,0.00731945271,-0.432844818,0.000337491627,0.901438653
202106951327,35397,0.261816114,-0.218136624,-0.44873485,0.00643432839,-0.434684634,0.00127158209,0.900558949
202123621587,35413,0.262122393,-0.213035464,-0.448335767,0.00539128389,-0.436475813,0.00219200714,0.899697185
202140275181,35430,0.262406766,-0.20722419,-0.447871119,0.00424311496,-0.438497931,0.00314349565,0.898716748
202156940962,35447,0.262825489,-0.200818419,-0.447349429,0.00325837522,-0.440459549,0.00390021876,0.897758126
202173640650,35463,0.263318658,-0.19421941,-0.446817994,0.00251266453,-0.44232288,0.00478647323,0.896839678
202190282785,35479,0.263694406,-0.187277526,-0.446181536,0.00201743585,-0.444225252,0.00574916834,0.895894468
202206949348,35497,0.26393941,-0.179018468,-0.445326298,0.00178253057,-0.446331441,0.00645647524,0.894842744
202223611118,35513,0.264169753,-0.171250299,-0.44452247,0.00202543521,-0.448189795,0.00678056665,0.893910468
202240273410,35529,0.264450014,-0.163049579,-0.44371736,0.00260247733,-0.450077862,0.00714960322,0.892956913
202256942473,35545,0.264759988,-0.154381484,-0.442867517,0.00360898883,-0.451751471,0.0075251786,0.892104805
202273676171,35563,0.265160203,-0.144273594,-0.441808105,0.00553209381,-0.45323953,0.00775464391,0.891337931
202290315546,35579,0.265530646,-0.135022178,-0.4408032,0.00750974705,-0.454308897,0.00772128254,0.890779138
202306961275,35595,0.265891433,-0.125540838,-0.439722836,0.00934352167,-0.455287188,0.00757826772,0.890263319
202323611327,35613,0.26629743,-0.1145484,-0.438428849,0.0112292795,-0.456009746,0.00702472636,0.889876246
202340280806,35629,0.266663849,-0.10454601,-0.437225282,0.0129153719,-0.456401885,0.00584428385,0.889660895
202356955337,35645,0.267051697,-0.0944448113,-0.436007082,0.014648105,-0.456526965,0.00442861253,0.889577985
202375116952,35663,0.267499328,-0.0830572993,-0.434613973,0.0164941754,-0.456563443,0.00320051331,0.889532208
202390310337,35678,0.267809749,-0.0737135038,-0.433349133,0.0175686404,-0.45673871,0.00264436123,0.88942349
202406946483,35695,0.268178046,-0.0632929802,-0.43178308,0.0184378549,-0.456843108,0.00219981559,0.889353514
202423624295,35712,0.268534452,-0.0531949885,-0.430208117,0.0191564076,-0.456540465,0.00127143844,0.889495492
202440277160,35728,0.268876314,-0.0440892167,-0.428813398,0.0195355602,-0.456375182,9.46000946e-05,0.889572978
202457085702,35744,0.269182175,-0.0353825428,-0.427534342,0.0194693431,-0.456867218,-0.000997959869,0.889321268
202473612420,35761,0.269442737,-0.0265815742,-0.426333219,0.0187093597,-0.458515108,-0.0022653488,0.888486803
202490279191,35778,0.269726217,-0.0181612559,-0.425322711,0.0174369309,-0.461204916,-0.00388851902,0.88711381
202507946066,35795,0.269840837,-0.010340184,-0.42453903,0.0160517395,-0.464994758,-0.00563194603,0.885150075
202523612577,35811,0.269711137,-0.00347875059,-0.424004257,0.0148838796,-0.469496131,-0.00689625042,0.882782161
202540326118,35827,0.269450665,0.00261129811,-0.423661351,0.0139716305,-0.474911422,-0.00761839328,0.879889727
202556946379,35845,0.26914984,0.00820610859,-0.423449755,0.0129016275,-0.48116824,-0.00716408156,0.876504123
202573689087,35861,0.268845201,0.0121928919,-0.423301756,0.0112809967,-0.486702383,-0.00523984898,0.873479307
202590282056,35877,0.268420815,0.0153094474,-0.423226327,0.0085899476,-0.492812693,-0.00210195594,0.870090485
202606945754,35894,0.267919183,0.0177467912,-0.423257768,0.00511575304,-0.500133693,0.00259831385,0.865929246
202623646483,35910,0.267374814,0.0191497803,-0.423466027,0.00158868276,-0.508189797,0.00848098099,0.861201882
202640278775,35927,0.266707182,0.0195571631,-0.423865438,-0.00262849359,-0.517945588,0.0158940312,0.855261922
202656942993,35944,0.265993118,0.0190917142,-0.424301058,-0.00724535249,-0.528744578,0.024363406,0.848400414
202673615077,35960,0.265205413,0.0181894898,-0.424469858,-0.0125444736,-0.538197041,0.033169087,0.842072725
202690320910,35976,0.26413542,0.0169893522,-0.424238235,-0.0185579807,-0.546670318,0.0424529463,0.836065173
202707079868,35993,0.262759835,0.0155356526,-0.423727453,-0.025733076,-0.555692911,0.0528781787,0.829305232
202723624191,36010,0.261033356,0.0141281914,-0.423418969,-0.034253411,-0.564937651,0.0631159544,0.822002828
202740336066,36026,0.259328008,0.0126258787,-0.423132122,-0.0424775742,-0.574057639,0.0727792233,0.814467132
202756948722,36043,0.257500559,0.0109005533,-0.422675192,-0.0512658805,-0.584341347,0.0834141001,0.80558008
202775586691,36061,0.255356699,0.00893377885,-0.422211647,-0.0611541606,-0.595107436,0.0950744525,0.795655847
202790304608,36076,0.253583372,0.00703509524,-0.42189312,-0.0691395327,-0.604644656,0.104658246,0.786556661
202807895545,36094,0.251753002,0.00442310423,-0.421733171,-0.077374354,-0.616257071,0.117731839,0.774841785
202824253097,36110,0.250197619,0.00205279328,-0.421669722,-0.0839617401,-0.626244187,0.12976867,0.764152288
202840272524,36126,0.248707056,-7.32028857e-05,-0.421783805,-0.0892330632,-0.636428952,0.141159773,0.753040314
202856940910,36142,0.247424513,-0.00196881499,-0.42201674,-0.0922271237,-0.646312118,0.152727574,0.741922557
202873646066,36159,0.24635531,-0.00390282553,-0.42222172,-0.0940240547,-0.656242311,0.165664911,0.730110049
202890281483,36175,0.24552086,-0.00597801059,-0.422496825,-0.0931328163,-0.66589731,0.179370686,0.718145728
202906968566,36192,0.244496435,-0.00827213004,-0.42267096,-0.0914975703,-0.673914969,0.194608033,0.706820071
202923637524,36209,0.243421674,-0.0104111619,-0.422536582,-0.0895018876,-0.681198597,0.208028644,0.696191013
202940487785,36225,0.242414623,-0.0120642232,-0.422329068,-0.0876344815,-0.687751472,0.219061837,0.686534822
202956993306,36241,0.241266236,-0.0132104233,-0.422353625,-0.0868404061,-0.694087029,0.227682173,0.677394092
202973699764,36258,0.239720955,-0.0143243354,-0.422407776,-0.0866413936,-0.70009619,0.235148966,0.668628156
202990296639,36275,0.237947136,-0.0156148318,-0.422602415,-0.0878562257,-0.706093967,0.241252974,0.6599316
203006974139,36291,0.236237168,-0.0166818742,-0.423074186,-0.0907471776,-0.713606119,0.242323831,0.651007295
203024318827,36308,0.234847546,-0.0172451474,-0.424057215,-0.094273746,-0.725033462,0.237548068,0.639538884
203040279608,36325,0.234221071,-0.0170956459,-0.424876928,-0.0971414074,-0.737521231,0.231579542,0.626894653
203056947212,36341,0.233683005,-0.016482003,-0.425340772,-0.0994913056,-0.747994721,0.225253195,0.616333008
203073612108,36357,0.232920513,-0.0155814793,-0.425467342,-0.101234645,-0.757076502,0.218473718,0.60733521
203090399087,36374,0.232102543,-0.0143380407,-0.425228059,-0.10217692,-0.765917778,0.211805686,0.598388135
203106954087,36391,0.231336653,-0.0127962837,-0.424922585,-0.103287503,-0.774589181,0.204657897,0.589456141
203123613410,36407,0.230711251,-0.0112537751,-0.424743384,-0.104347065,-0.783182204,0.196808994,0.580520153
203140288097,36424,0.230164081,-0.00969026983,-0.424659669,-0.103890114,-0.792737007,0.189185977,0.570073307
203156943566,36440,0.229774863,-0.00826578867,-0.42456615,-0.101782329,-0.801659226,0.184641451,0.559366167
203173688358,36457,0.229692444,-0.00670126034,-0.424435794,-0.0979713574,-0.811338127,0.183139488,0.546435773
203190277212,36474,0.2300127,-0.00516299065,-0.424154401,-0.092613332,-0.821462631,0.185307115,0.531303406
203207125129,36490,0.230615824,-0.00370772276,-0.423799694,-0.0864242241,-0.831294417,0.188942716,0.515539706
203223627941,36506,0.23135528,-0.00228858739,-0.423617721,-0.080325909,-0.841235399,0.194032624,0.498219013
203240283983,36523,0.232151136,-0.000761057832,-0.423468918,-0.0746245608,-0.851970613,0.201280758,0.477559924
203256947889,36540,0.232982174,0.000725143356,-0.42334336,-0.0708181038,-0.86275816,0.209292293,0.454785734
203273740753,36557,0.233740672,0.00219043717,-0.423429817,-0.0686699599,-0.873583257,0.21649754,0.430424929
203290284503,36572,0.23430267,0.00356032932,-0.423633993,-0.0675022453,-0.882922113,0.222258464,0.408035815
203306974920,36590,0.234983563,0.00530792028,-0.423971534,-0.0668207183,-0.89348048,0.228380159,0.380880743
203323609764,36606,0.235530376,0.00691270921,-0.424248487,-0.0656978339,-0.902082205,0.233636275,0.356855184
203340306222,36622,0.236102581,0.00843771175,-0.424616665,-0.0636376366,-0.909664989,0.239624828,0.333226264
203356937420,36639,0.236909181,0.00989340525,-0.425019503,-0.0616186261,-0.9172979,0.246600389,0.306522518
203383044712,36665,0.237531915,0.0121408487,-0.425858259,-0.060422264,-0.92792362,0.25277245,0.267232269
203390374451,36672,0.237550944,0.0128194122,-0.426043063,-0.0597623289,-0.93043083,0.254298866,0.257019728
203407093410,36689,0.237345427,0.0146317584,-0.4263511,-0.0585286319,-0.935853779,0.258235246,0.232522652
203423609503,36706,0.236774623,0.0167004541,-0.426518202,-0.0593839325,-0.940290153,0.261929303,0.209096119
203440301483,36722,0.235939458,0.0188122056,-0.42659086,-0.0622064658,-0.943546593,0.265620291,0.18787235
203456963931,36738,0.234935716,0.0210904144,-0.426508129,-0.0658349767,-0.946114957,0.268744171,0.168252379
203473633306,36755,0.233682945,0.0236824732,-0.426068068,-0.0701815635,-0.948056817,0.271922976,0.149401501
203490282628,36772,0.232138157,0.0263679922,-0.425289333,-0.0746237114,-0.949179053,0.275715649,0.132179022
203506945233,36788,0.230506703,0.0288149752,-0.424331903,-0.0788913369,-0.949950099,0.278829157,0.116727091
203523611430,36805,0.228523672,0.0312346537,-0.423372567,-0.0834164023,-0.951200783,0.279592067,0.100435011
203540386639,36822,0.226341888,0.0333691239,-0.422524214,-0.0880078226,-0.9530828,0.277261168,0.083749935
203557133670,36838,0.223918498,0.0351569504,-0.421667159,-0.0920180604,-0.955319524,0.272681713,0.0673947111
203573643618,36855,0.221114874,0.0366923548,-0.420710206,-0.0951475501,-0.957816184,0.266700804,0.0490495153
203590315285,36871,0.218453228,0.0377132297,-0.419786841,-0.0964425802,-0.960169852,0.260393888,0.0311087519
203607977055,36888,0.21545966,0.038438905,-0.418627977,-0.0962202102,-0.962526321,0.253296316,0.0112165213
203623708774,36905,0.212456375,0.0388607457,-0.417415202,-0.0948512182,-0.964703858,0.245494813,-0.00906050578
203640292108,36921,0.209623843,0.0392192379,-0.415952772,-0.0922768638,-0.96645236,0.238121092,-0.0274442267
203656959503,36937,0.207049266,0.0396011472,-0.414370298,-0.0888243616,-0.967368305,0.233206168,-0.0438602306
203673608201,36954,0.204654798,0.0401549228,-0.412815005,-0.0857713893,-0.967959762,0.228625551,-0.0585459769
203690297316,36971,0.202446654,0.0408676937,-0.411095083,-0.0833247229,-0.968501627,0.223687932,-0.0708901212
203706942993,36987,0.200561345,0.0415044092,-0.409549564,-0.0817899778,-0.969034612,0.218542591,-0.0807564333
203723615285,37003,0.19874239,0.0421565175,-0.408070087,-0.0814582631,-0.969861805,0.211436123,-0.0895965472
203740319816,37020,0.196964011,0.0426164679,-0.406348854,-0.0819212869,-0.970750034,0.202585146,-0.0994618088
203756942160,37037,0.195438772,0.0425735116,-0.404518366,-0.0814539418,-0.971421301,0.193405658,-0.110905796
203773686743,37053,0.194152117,0.0422499329,-0.403152525,-0.0794731602,-0.971834064,0.185075045,-0.122351453
203790278462,37070,0.192974493,0.0419908054,-0.402352154,-0.0760694891,-0.971182108,0.180659428,-0.135576412
203806983462,37086,0.192061514,0.0419545174,-0.401927918,-0.0744430944,-0.969900787,0.17741017,-0.149252594
203823620232,37103,0.191231921,0.0420938693,-0.401553869,-0.0738592371,-0.968585849,0.172482342,-0.16320613
203840278305,37120,0.190354779,0.0423522107,-0.400881082,-0.0727477372,-0.96728915,0.167776719,-0.175813824
203856956222,37136,0.189573035,0.0427199714,-0.40004456,-0.0710607767,-0.966253936,0.162908986,-0.186452225
203873646587,37152,0.188928664,0.0431897044,-0.399189562,-0.0688761771,-0.965498209,0.15798682,-0.195216656
203891266066,37170,0.188425899,0.0439639911,-0.398211867,-0.0666078255,-0.965010822,0.151996627,-0.203013837
203907283357,37186,0.188745752,0.045117382,-0.397313118,-0.0639604852,-0.964581311,0.144051522,-0.211521119
203923607159,37202,0.189675003,0.0465115979,-0.396507025,-0.0616959557,-0.963910043,0.134588197,-0.221262455
203940328930,37219,0.191309512,0.0481325164,-0.395785749,-0.0589728951,-0.962674558,0.123973742,-0.233260632
203956939191,37236,0.193374783,0.0497110859,-0.395211369,-0.0581071302,-0.960658908,0.115116335,-0.24598062
203973634868,37252,0.195378155,0.0509805083,-0.394691199,-0.0601918623,-0.958233893,0.109918088,-0.257065773
203990267784,37269,0.197372764,0.051999893,-0.394095272,-0.0649056435,-0.955543637,0.10805238,-0.266548991
204006941847,37285,0.198978543,0.0527175516,-0.393421918,-0.0707430393,-0.953177631,0.109146304,-0.273010969
204024362212,37302,0.200744092,0.05351872,-0.392671585,-0.0771564469,-0.950919211,0.111004464,-0.278348118
204040271847,37318,0.202401459,0.054493323,-0.39174968,-0.0828943327,-0.948935866,0.112445109,-0.282852411
204056956795,37335,0.204384521,0.0557831563,-0.390774608,-0.0886387751,-0.946787596,0.113487013,-0.287849307
204073634764,37352,0.206964791,0.0572299697,-0.389832497,-0.0936863199,-0.943881035,0.114487074,-0.295303583
204090783045,37368,0.209775656,0.0587381385,-0.388730973,-0.0966261104,-0.940150082,0.115192801,-0.305797368
204106988566,37385,0.213040397,0.0606009811,-0.387853444,-0.0977807418,-0.936465681,0.113677092,-0.317093998
204123608878,37401,0.216203257,0.0624385439,-0.386991322,-0.0985617414,-0.93259114,0.111658327,-0.32877332
204140283774,37418,0.21969527,0.0645843297,-0.386169255,-0.0990998223,-0.927902579,0.108762734,-0.342559159
204156947941,37435,0.223166123,0.0668792799,-0.385450333,-0.0989207104,-0.922784269,0.105090879,-0.357267201
204173629191,37451,0.226146027,0.0689084306,-0.3848508,-0.098402977,-0.91779983,0.102407254,-0.370773762
204190277732,37467,0.228940785,0.0707651153,-0.384525001,-0.0969917551,-0.912984908,0.100243129,-0.383409113
204206952003,37484,0.231548727,0.0725745484,-0.384355575,-0.0945939794,-0.908176959,0.0978552252,-0.395842075
204223631014,37501,0.233878702,0.0739747956,-0.384567797,-0.092992112,-0.903816938,0.0969154909,-0.406293929
204240282107,37517,0.235698625,0.0749044716,-0.384935915,-0.0916641727,-0.899472475,0.0974119231,-0.416002244
204256943305,37533,0.237040564,0.0756205618,-0.385421932,-0.0892057568,-0.894794405,0.0991422012,-0.426094115
204273607159,37551,0.237967104,0.0761659965,-0.386331946,-0.0863076448,-0.889190912,0.103416957,-0.437258989
204290325128,37567,0.238278091,0.0763353929,-0.387348622,-0.0846639574,-0.884122849,0.107894182,-0.446674138
204306961899,37583,0.238338545,0.0762272626,-0.388594478,-0.0836863145,-0.879365563,0.112159677,-0.455118775
204323626014,37600,0.238167942,0.0758512691,-0.389921188,-0.0825527981,-0.874537468,0.117062129,-0.463320255
204340273461,37617,0.237601846,0.075196147,-0.391340286,-0.0808683932,-0.869494021,0.122758113,-0.471562207
204356941326,37633,0.236670807,0.0743915886,-0.392654568,-0.0785889477,-0.864198148,0.128063783,-0.480192631
204373616222,37649,0.235380411,0.0734834075,-0.393800765,-0.076120548,-0.858308852,0.13323079,-0.489654213
204390297211,37667,0.233550549,0.0723889843,-0.395093381,-0.0735477731,-0.851275861,0.138703197,-0.500681162
204406944868,37683,0.231693313,0.0714318603,-0.396204114,-0.0711040422,-0.845069289,0.142121971,-0.510493338
204424724920,37700,0.229736418,0.0704149529,-0.397430032,-0.0679591894,-0.838895977,0.143975332,-0.520486474
204440271847,37716,0.227794409,0.0694860667,-0.398479372,-0.0640234053,-0.833261311,0.144242913,-0.529877961
204456943618,37733,0.225619644,0.0685695559,-0.399500936,-0.0581819378,-0.827177525,0.142780483,-0.540375888
204473665597,37749,0.223555461,0.0677827597,-0.400553823,-0.0511764735,-0.821677983,0.140300632,-0.550038218
204490503357,37766,0.22116743,0.0670204461,-0.401732653,-0.0429251045,-0.816481411,0.136787653,-0.559289575
204507865857,37783,0.218769312,0.0662610233,-0.403058887,-0.0342243873,-0.812073946,0.133310318,-0.567091644
204523610961,37798,0.216739163,0.0657727122,-0.40410322,-0.0263699722,-0.808659375,0.131421939,-0.572802722
204540557211,37816,0.214701295,0.0656601787,-0.405146599,-0.015713254,-0.805311143,0.127800733,-0.578700364
204556943461,37832,0.213335872,0.0657465607,-0.405928791,-0.00576319918,-0.802230597,0.12266551,-0.584248304
204573736847,37848,0.212193355,0.0662185997,-0.40644744,0.00510002952,-0.798179686,0.117539085,-0.590819597
204590272055,37865,0.21125555,0.0670698583,-0.406807214,0.0150517877,-0.793254435,0.113510139,-0.59802705
204606943149,37882,0.210619688,0.0679869652,-0.406818926,0.0200787019,-0.788170338,0.112234041,-0.604804099
204623630493,37898,0.210362345,0.0688766763,-0.406535685,0.0230678432,-0.782719851,0.11312744,-0.61157155
204640278045,37915,0.210168242,0.0697047189,-0.406122237,0.0268080793,-0.775268912,0.1171313,-0.620096624
204656963722,37931,0.210049763,0.0702858269,-0.405857831,0.031173937,-0.765900731,0.123090848,-0.630295932
204673623618,37947,0.209999919,0.0707739368,-0.405711621,0.0361165106,-0.754131436,0.130213901,-0.64267087
204690853253,37965,0.209896699,0.0712910965,-0.40546146,0.0404866561,-0.738738835,0.140377328,-0.657966614
204706960440,37981,0.209694743,0.0718679205,-0.405203283,0.0435677357,-0.723965287,0.151817039,-0.671511471
204723630440,37997,0.209218651,0.0725916475,-0.404806256,0.048630856,-0.707824111,0.16479142,-0.685174406
204740281065,38014,0.208389089,0.0734876096,-0.404187381,0.0562740639,-0.687886417,0.178873867,-0.701177418
204756950909,38031,0.207415968,0.0747427195,-0.403401017,0.0656502321,-0.664261937,0.192163974,-0.719388008
204773617315,38047,0.206275016,0.0763425231,-0.402588934,0.07638558,-0.639259219,0.202502877,-0.737906218
204790281951,38063,0.204971701,0.0782696307,-0.401840299,0.0888234973,-0.612383366,0.210610852,-0.756796002
204806967576,38080,0.203312874,0.0804878771,-0.401046991,0.102022924,-0.582202196,0.217122033,-0.77684623
204823642628,38097,0.201512694,0.0828365013,-0.400287777,0.114408977,-0.550955892,0.221823797,-0.796336949
204840280076,38113,0.199623868,0.0851025879,-0.39969781,0.126061171,-0.520689726,0.225504279,-0.813719034
204856940701,38130,0.197390527,0.0876592249,-0.398972332,0.139715523,-0.487116903,0.230114743,-0.830809236
204873665284,38147,0.195066825,0.0904313847,-0.397933304,0.154919267,-0.452541828,0.235709995,-0.845959067
204890336378,38163,0.192625552,0.0928990543,-0.39683947,0.168971732,-0.419483215,0.242195711,-0.858384371
204906949659,38180,0.189900964,0.0952579528,-0.395703375,0.182013184,-0.384833574,0.250132501,-0.869602263
204923613409,38196,0.187340111,0.0971671641,-0.39467904,0.191797331,-0.353897363,0.257602781,-0.878414094
204940292003,38213,0.184764326,0.0987888649,-0.393598467,0.200186998,-0.323687375,0.264247417,-0.886185646
204956953930,38230,0.182662606,0.0999835059,-0.392415613,0.207377061,-0.296740979,0.269063324,-0.892493486
204973633670,38246,0.181056619,0.100744896,-0.391087383,0.212936103,-0.274397761,0.272547901,-0.897263467
204990280545,38262,0.179543227,0.101204224,-0.389525414,0.216992512,-0.254399896,0.27586922,-0.901161075
205006952524,38279,0.17768769,0.101370603,-0.387661606,0.219835073,-0.234611958,0.28002733,-0.904552162
205023677107,38295,0.176061183,0.101259016,-0.385696828,0.222030863,-0.216825083,0.284450501,-0.907070637
205040306117,38313,0.174611419,0.100726679,-0.38320145,0.223751992,-0.197116658,0.289601028,-0.909511626
205056956274,38329,0.173350528,0.0999162719,-0.380818337,0.22433807,-0.18007943,0.293681145,-0.911589444
205073670180,38345,0.172102511,0.0988980606,-0.378247768,0.223886341,-0.163551584,0.296884388,-0.913775444
205090291065,38362,0.170803025,0.0976388678,-0.375466734,0.22284916,-0.146116853,0.299663752,-0.916073024
205106946430,38379,0.169647515,0.0965247974,-0.372592419,0.222953007,-0.12977019,0.300791144,-0.918137491
205123622055,38395,0.16863966,0.0961993113,-0.370532155,0.225902513,-0.118303463,0.293492228,-0.921322227
205140280909,38412,0.167155936,0.0963367596,-0.368405521,0.23081331,-0.103935212,0.285423219,-0.924368024
205156943982,38428,0.164881587,0.0971906856,-0.366392732,0.236787304,-0.0858150497,0.280157059,-0.926325858
205173620961,38444,0.161703572,0.0985678732,-0.364533246,0.243021622,-0.0631163418,0.276879996,-0.927520573
205190278357,38462,0.15744862,0.100474201,-0.36231032,0.249086738,-0.034691073,0.274542421,-0.928104997
205206952472,38478,0.153597042,0.102221623,-0.360498369,0.253632367,-0.0098630935,0.273307383,-0.927834272
205223643669,38494,0.150044352,0.103832513,-0.358650148,0.257229716,0.0123672131,0.271529973,-0.927335739
205240282159,38511,0.14685674,0.105004698,-0.356544256,0.258831739,0.0316076837,0.268815637,-0.927224457
205256996586,38528,0.144485593,0.105617918,-0.354308724,0.2573452,0.0453949049,0.265850008,-0.92792058
205273635024,38544,0.14294073,0.105837762,-0.352168858,0.253886968,0.054188624,0.263022751,-0.929206133
205290383357,38560,0.141912818,0.105764791,-0.350204468,0.249055088,0.061575193,0.260129422,-0.930866718
205306948721,38578,0.141218677,0.10562776,-0.347763509,0.242382124,0.0699157193,0.257881254,-0.932662904
205323610336,38594,0.140826434,0.105574518,-0.345472693,0.236115754,0.0780503079,0.256951421,-0.933880866
205340280024,38610,0.14047204,0.105562262,-0.343184829,0.229901046,0.0879464447,0.256192088,-0.934760213
205356940961,38627,0.139903724,0.10564743,-0.340717077,0.223315269,0.100337751,0.254389912,-0.935600579
205373719503,38644,0.139065996,0.105889775,-0.338601947,0.216064125,0.114459902,0.249833465,-0.93690902
205390281430,38660,0.138253644,0.106126942,-0.336883277,0.207998201,0.128844187,0.243339419,-0.938574433
205407028253,38676,0.1374259,0.106069021,-0.335437,0.200278983,0.143849075,0.236275092,-0.939877629
205423807628,38694,0.136279121,0.105296895,-0.333980948,0.192356214,0.162832692,0.226485714,-0.940844834
205440281482,38710,0.135072082,0.103923582,-0.333041877,0.186494216,0.182732597,0.215744525,-0.940894842
205456942159,38726,0.133803993,0.101954974,-0.332498729,0.181484833,0.206421003,0.204354003,-0.939517498
205473634607,38743,0.132455468,0.0996046364,-0.332277387,0.17572391,0.235481814,0.192766175,-0.93622154
205490518878,38760,0.131211877,0.0973364711,-0.332695365,0.16918768,0.267445773,0.182530448,-0.930876434
205506955701,38776,0.130264446,0.0954259187,-0.333340704,0.16329284,0.297234118,0.175254673,-0.924268961
205523610284,38792,0.129285172,0.0941980481,-0.333262146,0.157394499,0.31977573,0.172029197,-0.918355346
205540280232,38809,0.128180981,0.0926447436,-0.333745182,0.146937177,0.344155371,0.166456044,-0.912282288
205556941221,38826,0.127222747,0.0907134339,-0.334910631,0.135529429,0.370025069,0.160712585,-0.904922485
205573735909,38842,0.126521915,0.0887216479,-0.336357415,0.124972932,0.395694405,0.156102672,-0.896348
205590533148,38859,0.125984669,0.0864559561,-0.33823064,0.113395497,0.424161166,0.151204675,-0.885644376
205606945232,38876,0.125584081,0.0841726065,-0.340432942,0.103177145,0.453571439,0.146197081,-0.873071551
205623617263,38892,0.125490338,0.0818719715,-0.342529058,0.0952757299,0.480896264,0.14059329,-0.860171497
205640361326,38908,0.125663012,0.0792628229,-0.344456196,0.0885557085,0.507060587,0.133124813,-0.846950531
205656950857,38926,0.125866324,0.0759789497,-0.346666574,0.0822425485,0.535151541,0.123479657,-0.831626058
205673687523,38942,0.126234904,0.0729518682,-0.348801225,0.0783055499,0.558078587,0.115210287,-0.818011701
205690324034,38958,0.126814842,0.0699469075,-0.351022661,0.0753523037,0.578253865,0.108028509,-0.80515492
205707027732,38974,0.127483398,0.0670292005,-0.35326907,0.0730913505,0.595506907,0.102241814,-0.793458164
205723609086,38992,0.128136516,0.0638111979,-0.355582416,0.0720178708,0.611506343,0.0977382138,-0.781870008
205740328409,39008,0.128792852,0.0609672777,-0.357372582,0.071648322,0.622468054,0.0954711661,-0.773489118
205756965648,39024,0.129735202,0.0582251213,-0.359054804,0.0714462027,0.631173015,0.0949829668,-0.766481817
205773737940,39042,0.130948663,0.0556311645,-0.360587209,0.0716410875,0.6383304,0.097979039,-0.760132968
205790282419,39058,0.132025227,0.0538239777,-0.361561865,0.0725194737,0.642538011,0.102832496,-0.755851388
205806964711,39074,0.133004054,0.0520817824,-0.362100005,0.0748624131,0.645373702,0.107736595,-0.752516627
205823649659,39090,0.134141698,0.0502724014,-0.362340957,0.0782078207,0.647144854,0.112534888,-0.74994874
205840291482,39108,0.135560244,0.048083961,-0.362452805,0.0810112283,0.648767292,0.116754353,-0.747600615
205856969294,39124,0.13683553,0.0461166613,-0.362541258,0.0824396387,0.651069224,0.119091019,-0.745070457
205873622419,39140,0.138152391,0.0441823751,-0.362768143,0.0836161003,0.654603124,0.120647758,-0.741584361
205890481013,39157,0.13957265,0.0419141799,-0.363240659,0.0845348835,0.659609914,0.120214202,-0.737100601
205906961586,39174,0.141065389,0.0394961387,-0.363841772,0.084878847,0.665586114,0.117081426,-0.732176721
205923616117,39190,0.142515957,0.0371498652,-0.364516437,0.0847805887,0.672005415,0.112087287,-0.727088273
205940279815,39206,0.144028842,0.0349534377,-0.365246952,0.0842567012,0.67875123,0.105313681,-0.721877158
205956945180,39224,0.145752579,0.0331238359,-0.365934342,0.0840785205,0.685791433,0.0970899537,-0.716376007
205973653982,39240,0.14709802,0.0317710154,-0.36641711,0.0858359411,0.691322625,0.0886856914,-0.711927056
205990282888,39256,0.148109436,0.0303013027,-0.366966754,0.0900194496,0.696159005,0.0790468007,-0.707821131
206007286482,39274,0.149440452,0.0291739851,-0.367293864,0.0970209464,0.700579166,0.0676914677,-0.703699946
206023611117,39290,0.150628909,0.0284993127,-0.367430627,0.104077607,0.703475177,0.0565218627,-0.700782299
206040283930,39306,0.151720807,0.0280912332,-0.367500305,0.111781865,0.705545425,0.0437787361,-0.698422492
206056978044,39322,0.152644634,0.0279324614,-0.367541075,0.120351225,0.706708074,0.0301299635,-0.696542561
206073611690,39339,0.153404951,0.0280009806,-0.367557704,0.129963055,0.706805348,0.0148397628,-0.695209086
206090283305,39355,0.153826877,0.0281447694,-0.3677589,0.138967022,0.706405997,9.95637747e-05,-0.694030881
206106967627,39373,0.154330239,0.0285887644,-0.368061066,0.149275333,0.705791533,-0.0153719401,-0.692343175
206123609398,39389,0.154654786,0.0290993862,-0.368339628,0.158571005,0.705394804,-0.0282675289,-0.690271199
206140302523,39405,0.154983163,0.0295609981,-0.368756264,0.167527363,0.705512524,-0.0410841182,-0.68738544
206156946950,39422,0.155353263,0.0300058424,-0.369423747,0.177357316,0.705452144,-0.0545526557,-0.684036314
206173631117,39439,0.155518204,0.0302621145,-0.370182186,0.187743738,0.704562545,-0.0686061233,-0.680909097
206190283148,39455,0.155695349,0.0305511877,-0.370879978,0.1978838,0.70331347,-0.0814384297,-0.67790854
206206948513,39472,0.155857459,0.031272307,-0.371595204,0.209025189,0.702480018,-0.0924391076,-0.674006939
206223639450,39488,0.156242132,0.0322694629,-0.372299761,0.219139233,0.702977002,-0.101495512,-0.668954432
206240287107,39505,0.156801879,0.033198338,-0.373108447,0.230468124,0.70403862,-0.11087992,-0.662510276
206256948982,39522,0.157462507,0.0340097658,-0.374020964,0.242244944,0.705283582,-0.118567243,-0.655617476
206273684971,39538,0.158181846,0.0346632116,-0.374893546,0.252376258,0.706572235,-0.125573382,-0.649071097
206290293617,39554,0.158768475,0.0350728929,-0.375687867,0.26146403,0.707568109,-0.133368686,-0.642803907
206307006638,39571,0.159414411,0.03530946,-0.376555324,0.26987803,0.708155751,-0.141976312,-0.63680774
206323607940,39588,0.160131589,0.0352421813,-0.377477109,0.276229322,0.708964825,-0.150821835,-0.631125271
206340280179,39604,0.160853729,0.0350076891,-0.378345937,0.280782282,0.709939241,-0.159297824,-0.625916839
206356944086,39620,0.161524147,0.0347280651,-0.379281104,0.285654098,0.710542679,-0.166981936,-0.621005654
206373656742,39638,0.162216693,0.0343774669,-0.380379677,0.291848749,0.709994197,-0.175196022,-0.616473019
206390278409,39654,0.162903845,0.0341689922,-0.381429434,0.298655152,0.708213627,-0.182713658,-0.613069654
206406955492,39670,0.163684532,0.0339061059,-0.382513225,0.306104481,0.705469966,-0.191254005,-0.609945953
206424966638,39689,0.164687634,0.0336144939,-0.383906841,0.316382766,0.701423764,-0.202718556,-0.605649889
206440282575,39703,0.165471062,0.0333138369,-0.385064185,0.324942976,0.697873652,-0.212569267,-0.601829529
206457148461,39720,0.166498259,0.0327731073,-0.386652648,0.336167812,0.692966402,-0.225892633,-0.596457362
206473613877,39737,0.167626396,0.0321399085,-0.388552785,0.348969936,0.687318265,-0.239534989,-0.590285182
206490298513,39753,0.16875118,0.0314181261,-0.390673101,0.362650037,0.681251764,-0.252132237,-0.583789647
206506989554,39770,0.170143992,0.0304051731,-0.393195003,0.378137767,0.674176276,-0.265574843,-0.576166809
206523637888,39787,0.171765,0.0289771464,-0.395896822,0.393925309,0.667163491,-0.278822154,-0.567427456
206540274294,39803,0.173396662,0.0273812525,-0.398558021,0.409050107,0.661293209,-0.290268868,-0.557775378
206556951065,39819,0.174959853,0.0256572161,-0.401326478,0.424042404,0.656153083,-0.300529182,-0.547113657
206573720231,39837,0.176663697,0.0234466325,-0.404421777,0.439911336,0.651324093,-0.311316043,-0.534169674
206590333304,39853,0.178223893,0.0212648604,-0.406974435,0.452222526,0.648029089,-0.320002675,-0.522638977
206606960961,39869,0.179792166,0.0188733041,-0.409281135,0.462204725,0.645840943,-0.327667236,-0.511752367
206623622471,39886,0.181408912,0.016356485,-0.411542147,0.470772535,0.644380569,-0.334604383,-0.501185417
206640276065,39903,0.182805672,0.01400779,-0.41368708,0.477781862,0.643689215,-0.33988291,-0.491801083
206656942627,39919,0.183809265,0.0119396355,-0.415564746,0.482701391,0.643311739,-0.344052881,-0.484537959
206673688513,39935,0.18455565,0.0100217909,-0.417185247,0.485487908,0.642774403,-0.348206192,-0.47947374
206691064242,39953,0.185092837,0.00806435943,-0.418572128,0.485646278,0.642399848,-0.352358282,-0.476774454
206706968096,39969,0.185303271,0.0065356642,-0.419427305,0.483142465,0.643088996,-0.354902118,-0.47650227
206723618044,39985,0.185345262,0.00523426756,-0.420064121,0.478904992,0.645304084,-0.355585217,-0.47727555
206740289138,40002,0.185176924,0.00417298824,-0.420544863,0.47328639,0.648935258,-0.353875339,-0.479223728
206757063669,40018,0.184846133,0.00350179523,-0.420759469,0.467041373,0.652951002,-0.350377023,-0.482455492
206773659085,40035,0.184371203,0.00314153172,-0.420671284,0.459557593,0.657698452,-0.344754815,-0.487220377
206790281013,40052,0.183783874,0.00310765021,-0.420255601,0.451237202,0.663381457,-0.336941421,-0.492727727
206806947627,40068,0.183175594,0.00328586064,-0.41966477,0.442226768,0.670064628,-0.327649385,-0.498091221
206823620023,40085,0.18252258,0.00371701084,-0.418798149,0.431466848,0.678937197,-0.315277845,-0.503468513
206840273617,40101,0.181969374,0.0044414904,-0.417868137,0.420870632,0.688688636,-0.30082351,-0.508016944
206856978721,40117,0.181517288,0.00547531247,-0.41678834,0.409837335,0.699499071,-0.283508986,-0.512208045
206873610492,40135,0.181111574,0.00693070889,-0.415379107,0.396825075,0.71192497,-0.261010319,-0.517268181
206890282419,40151,0.180887103,0.00841427036,-0.41409862,0.384622723,0.722511053,-0.238863602,-0.522481859
206906946429,40167,0.180779308,0.00993010029,-0.412691712,0.371338487,0.732068598,-0.215371266,-0.52895987
206925604815,40186,0.180749893,0.0116723767,-0.410929501,0.353823185,0.741454899,-0.186554566,-0.538749695
206940310544,40200,0.180730462,0.0129352212,-0.409479618,0.339802265,0.7467677,-0.165071741,-0.547379017
206956946429,40217,0.180612236,0.014425707,-0.407560587,0.321897388,0.750920415,-0.139281929,-0.559554458
206973614294,40234,0.180454031,0.0158519279,-0.405755013,0.303181827,0.753551722,-0.113704123,-0.572111905
206990385960,40251,0.180254757,0.0171738621,-0.403968453,0.284404039,0.755004168,-0.0882647187,-0.584202409
207006954658,40267,0.180077881,0.0184134822,-0.402195752,0.267460912,0.754701614,-0.0643021613,-0.595613539
207023615023,40284,0.179873049,0.0197602641,-0.400245249,0.250432193,0.752426386,-0.0383047052,-0.608005822
207040281273,40300,0.179659367,0.0209099092,-0.398387074,0.234666437,0.748778701,-0.0135716768,-0.619740307
207056962575,40317,0.179450154,0.0219683833,-0.396200418,0.218746811,0.743371665,0.0124336863,-0.631976128
207073673669,40333,0.179298431,0.0226978064,-0.393859267,0.204956502,0.737252235,0.0368643887,-0.642723083
207090277002,40350,0.179217041,0.0230764039,-0.391233772,0.19132632,0.730171323,0.06257236,-0.652938604
207106976117,40366,0.179154709,0.0230303146,-0.388757706,0.178936526,0.723169863,0.0855275467,-0.661583066
207123609242,40383,0.179188356,0.0225917958,-0.386172146,0.166014567,0.715428233,0.107825078,-0.670056283
207140276377,40400,0.179417789,0.0216444284,-0.38351649,0.153294355,0.707232356,0.127240881,-0.678331077
207156952054,40416,0.179954141,0.0202879272,-0.381031185,0.141589165,0.699209034,0.142811686,-0.686049581
207173634606,40432,0.180794567,0.018668633,-0.378638834,0.130889297,0.69090426,0.156559885,-0.693547666
207190283669,40449,0.181839406,0.016728662,-0.376121372,0.120987684,0.681907713,0.170048743,-0.701033115
207206949502,40466,0.182980388,0.0144985765,-0.373675078,0.112733193,0.672999382,0.182947367,-0.707738221
207223588825,40482,0.184115276,0.0122805536,-0.371453464,0.106331341,0.664555907,0.194336087,-0.713647366
207240286221,40498,0.185366392,0.00995184481,-0.369340807,0.10069605,0.655900657,0.204454407,-0.719620049
207256945648,40516,0.186899751,0.00725292414,-0.367276996,0.0949676484,0.645989478,0.213910788,-0.726581752
207273615752,40532,0.188264191,0.00493578985,-0.365780205,0.0902657732,0.637417912,0.220311791,-0.732811928
207290279814,40548,0.189608142,0.00274130702,-0.364591479,0.0859385878,0.62929064,0.224898309,-0.738937497
207306990179,40566,0.190952003,0.000439837575,-0.36367166,0.0814683512,0.62065357,0.22788544,-0.745801806
207323615335,40582,0.192025691,-0.00145561993,-0.363218248,0.0778968483,0.613292456,0.228853792,-0.751951098
207340285700,40598,0.193030655,-0.00316217542,-0.363095552,0.074908644,0.606611788,0.228561029,-0.757740617
207356955648,40615,0.194061175,-0.00471678376,-0.363296419,0.0728217363,0.600795627,0.227311909,-0.762935758
207373793356,40632,0.195122302,-0.00603341311,-0.363854915,0.0717967525,0.5962587,0.225028366,-0.767256796
207390278044,40648,0.196097687,-0.00712487847,-0.364711642,0.0713630989,0.59294337,0.221331,-0.77093333
207406944710,40664,0.19712773,-0.00811479986,-0.365749925,0.0711155981,0.59016484,0.215945676,-0.774606705
207424517002,40682,0.198353708,-0.00903397053,-0.367084205,0.0708494559,0.58722198,0.208908111,-0.778786361
207440280075,40698,0.199489862,-0.00962822139,-0.368287563,0.0706959143,0.584729195,0.202286124,-0.782415688
207456960439,40714,0.200605899,-0.0100416988,-0.369498193,0.0711489469,0.582574129,0.196128294,-0.78554374
207473639866,40731,0.20173198,-0.0103861392,-0.370845705,0.0722554177,0.580820203,0.19016014,-0.788204432
207490367627,40747,0.202784494,-0.0107036456,-0.372136533,0.0726291314,0.579389095,0.18422769,-0.790628552
207506948616,40764,0.203987032,-0.0110496692,-0.373629242,0.0719750971,0.577418625,0.177251011,-0.793718755
207523664189,40780,0.205200285,-0.0114229769,-0.375078201,0.0702577531,0.574609876,0.16991201,-0.797506928
207540307523,40797,0.206508696,-0.0118940249,-0.376709849,0.0673244596,0.571119726,0.161942393,-0.801913023
207556948564,40814,0.207766026,-0.0123521201,-0.378364086,0.0646376088,0.567461908,0.155202433,-0.806052864
207573868512,40830,0.208822668,-0.0128497444,-0.379781842,0.0626823083,0.56388396,0.149659544,-0.809757948
207590289502,40847,0.209880158,-0.0135194659,-0.381369472,0.060695231,0.560067594,0.144211724,-0.813537598
207606954450,40863,0.210880786,-0.0142723136,-0.382951379,0.0587400869,0.556485474,0.139341965,-0.81698066
207623703460,40880,0.212020963,-0.0151912682,-0.384861201,0.0565959513,0.553124487,0.134089157,-0.820286751
207640262939,40896,0.213159829,-0.0161200166,-0.386792809,0.0549965613,0.550455689,0.128767997,-0.823038816
207656946221,40913,0.214396134,-0.0172113776,-0.388932228,0.0536392592,0.548128188,0.123004325,-0.825559437
207673653096,40930,0.215638757,-0.0184523463,-0.39127782,0.0526801907,0.546444595,0.117252216,-0.827571809
207690290596,40946,0.216735139,-0.0197236501,-0.393407315,0.0522808805,0.545725524,0.11215952,-0.828776658
207706965491,40963,0.217856422,-0.0211638324,-0.395663053,0.0528948382,0.54595226,0.106897242,-0.829283535
207723608148,40979,0.21887061,-0.0225598216,-0.397717386,0.0549922809,0.54721421,0.102475472,-0.828873575
207740365648,40996,0.219938889,-0.0240864158,-0.399868488,0.0587192513,0.549642801,0.0985672995,-0.827483773
207756954398,41013,0.221035525,-0.0256644487,-0.402056187,0.0629452094,0.55346638,0.0952747613,-0.825006485
207773747471,41029,0.222036213,-0.0271299332,-0.404140979,0.0665323362,0.559001923,0.0919939503,-0.821357131
207790299346,41045,0.222856611,-0.0285093859,-0.406227529,0.0698195323,0.565916717,0.0881686136,-0.816755652
207806944502,41062,0.223462895,-0.0297918804,-0.408300817,0.0725548118,0.574498057,0.0840801373,-0.810936689
207823609606,41079,0.223867565,-0.0309183113,-0.410429418,0.074159354,0.584262371,0.0796406046,-0.804235816
207840304189,41095,0.224135563,-0.0319283493,-0.412510961,0.0750152394,0.594549,0.0753992051,-0.796993852
207856954189,41111,0.224414736,-0.0328287743,-0.414669573,0.0750375688,0.605788767,0.0710862055,-0.788882852
207873691898,41128,0.224796414,-0.033649791,-0.417134106,0.0737082437,0.618660808,0.0662820563,-0.779379666
207890311116,41145,0.225188822,-0.0343864523,-0.41954565,0.0720300078,0.631818593,0.0619236864,-0.769273937
207906946741,41161,0.225591898,-0.0350675434,-0.421700776,0.0714091063,0.644067943,0.058424972,-0.759383857
207923735439,41178,0.226038665,-0.0358808935,-0.42377162,0.07241638,0.656783879,0.05521046,-0.748560429
207940350960,41195,0.226480052,-0.036750108,-0.425623059,0.0753580555,0.668651521,0.0521502979,-0.737906933
207956990856,41211,0.226749361,-0.0376068391,-0.42700389,0.0800218284,0.677895188,0.0496585444,-0.7291013
207973634554,41228,0.22677879,-0.0385294519,-0.427997708,0.0865576714,0.685296953,0.0478985719,-0.721513391
207990291116,41244,0.226645708,-0.0393416211,-0.428679317,0.0937997773,0.690913141,0.0466780327,-0.715305448
208006962679,41261,0.226530761,-0.040327739,-0.429326683,0.101104364,0.697460294,0.0447057411,-0.708045542
208023612679,41278,0.226949349,-0.0415359735,-0.430185348,0.104608372,0.706854284,0.0399347991,-0.698440731
208040301116,41294,0.22790882,-0.0431029573,-0.431284904,0.102479056,0.718554735,0.0318569764,-0.687140703
208056948043,41310,0.229151055,-0.0448784269,-0.432582855,0.0961105078,0.731578529,0.0215568151,-0.674604297
208073635179,41328,0.230152607,-0.046895247,-0.434067786,0.0869823173,0.743221939,0.0100724073,-0.663290203
208090299710,41344,0.230250552,-0.0485122427,-0.435421079,0.0809792578,0.749892652,0.00321483077,-0.656576812
208106947210,41360,0.230062306,-0.0497291759,-0.43684274,0.0769341514,0.754854798,0.000662953767,-0.651364028
208123616741,41377,0.229858398,-0.0505592711,-0.438285261,0.0731789544,0.759832859,0.001063945,-0.645985901
208140282887,41394,0.229485542,-0.0510069877,-0.439814687,0.0706945509,0.764510632,0.00393110747,-0.640710831
208156943252,41410,0.228994995,-0.0513425581,-0.441469342,0.0695581436,0.768674791,0.0075238077,-0.635802031
208173632575,41426,0.228418723,-0.0518716499,-0.443379074,0.0688005686,0.772731185,0.0103402203,-0.630909026
208190284814,41443,0.227978364,-0.0526584126,-0.44571355,0.0665403679,0.777811408,0.0111401938,-0.624866247
208208431897,41461,0.228277132,-0.053425815,-0.448291928,0.0607699081,0.786931515,0.0104864696,-0.613951087
208223613825,41476,0.228697121,-0.0537963733,-0.450326711,0.0547274463,0.795426428,0.0103350319,-0.603485644
208240276845,41493,0.228876576,-0.0539106689,-0.452578157,0.0488482043,0.804176629,0.0121463286,-0.592255294
208257073043,41509,0.2289498,-0.0538119823,-0.455066293,0.0445277318,0.812043548,0.0161513593,-0.581671596
208273735127,41526,0.229120523,-0.0536923483,-0.458265334,0.04138726,0.820087314,0.0217057727,-0.570326805
208290281168,41543,0.229623348,-0.0538270585,-0.461711198,0.0389133058,0.828303337,0.0273048915,-0.558259666
208306944345,41559,0.230308592,-0.0540294163,-0.46487689,0.0368662961,0.836050808,0.0326870605,-0.546435356
208323613043,41576,0.231040403,-0.0543625839,-0.468096912,0.0354126841,0.8440606,0.0380441733,-0.533723116
208340307522,41592,0.231841147,-0.0546318181,-0.47101292,0.0347708836,0.851316631,0.0433271192,-0.521702826
208356941481,41609,0.232884705,-0.0548623204,-0.473967493,0.034330219,0.858451128,0.0487666205,-0.509416342
208373674554,41625,0.23406592,-0.0551887602,-0.476611257,0.0337647721,0.864902079,0.0522894785,-0.498066396
208390299241,41641,0.235365093,-0.055522155,-0.479034334,0.0336793587,0.87104708,0.0552745722,-0.486916214
208406946637,41659,0.236841977,-0.0559137911,-0.481512636,0.0336218216,0.877789974,0.0582736023,-0.474297971
208423646845,41675,0.238155901,-0.0562369451,-0.483702332,0.0327778868,0.883759439,0.0596729107,-0.46296221
208440276324,41691,0.239381135,-0.0565100461,-0.485929847,0.0316617303,0.889717579,0.0603895299,-0.451390386
208456944554,41707,0.240531519,-0.0568843633,-0.488164663,0.0301042479,0.895628452,0.060177967,-0.439684004
208473664137,41725,0.241741732,-0.0574334376,-0.490629733,0.0280125048,0.902079642,0.0592239574,-0.426568002
208490718512,41741,0.242679,-0.0579684265,-0.492810905,0.0250677355,0.90761739,0.0587696098,-0.414907813
208507316377,41759,0.243611068,-0.0588220321,-0.495212793,0.020659795,0.913696766,0.0580299497,-0.401701242
208523608304,41774,0.244272649,-0.0596869141,-0.497123122,0.016260922,0.918889701,0.0581211559,-0.389870852
208540277939,41791,0.244856268,-0.060809426,-0.49910298,0.0108774453,0.924818337,0.0587551855,-0.375686914
208556942783,41808,0.245367482,-0.0620427988,-0.500957072,0.00479689194,0.930897355,0.0604070984,-0.360219628
208574031741,41824,0.245686457,-0.0632621944,-0.502571285,-0.000743785466,0.936407626,0.0634412244,-0.345131159
208590419606,41840,0.245877594,-0.064547196,-0.504071236,-0.00572760124,0.941581666,0.0676304176,-0.329874814
208606990179,41857,0.245994955,-0.0659373403,-0.505422711,-0.0109345317,0.946678817,0.0724311173,-0.313741207
208623753564,41874,0.246074423,-0.0673335791,-0.506489873,-0.0162599385,0.951296449,0.076735042,-0.298131734
208640278304,41890,0.246123388,-0.0685995892,-0.507163227,-0.0210186969,0.955317795,0.0796011463,-0.283883631
208656954918,41907,0.246112645,-0.0698780343,-0.507502973,-0.0249435101,0.959258795,0.0816105008,-0.269332886
208673686376,41924,0.246090397,-0.0710592046,-0.507588089,-0.0273799282,0.962812006,0.0832847431,-0.25555256
208690356897,41940,0.246101558,-0.0720546991,-0.507526159,-0.0283915009,0.965754747,0.0847393349,-0.243579671
208706959397,41956,0.246162578,-0.0730132833,-0.507324219,-0.028087629,0.96827966,0.0859586298,-0.232930914
208723611064,41974,0.24629195,-0.0739671811,-0.506880164,-0.0265489072,0.970745504,0.0866427273,-0.222354367
208740277991,41990,0.246572405,-0.0747726411,-0.506325305,-0.0247292742,0.972669363,0.0860135555,-0.214253128
208756943981,42006,0.247061208,-0.0756026208,-0.505698025,-0.0228064097,0.974333048,0.0840676278,-0.207575619
208773815074,42022,0.247750044,-0.0764919668,-0.505060911,-0.0209450331,0.9757002,0.0807919353,-0.202591121
208790280647,42040,0.248784184,-0.0776119828,-0.504347563,-0.019513743,0.976804435,0.0759115368,-0.199273169
208806948147,42056,0.249806792,-0.078657411,-0.50365901,-0.0192635264,0.977385938,0.0708890557,-0.198293731
208823610803,42072,0.250895321,-0.0797126889,-0.502968848,-0.019280035,0.97766459,0.0658080503,-0.198669448
208840413251,42090,0.252147913,-0.0808796138,-0.502300918,-0.0189694129,0.977564335,0.0616013296,-0.200532839
208856941324,42106,0.253240943,-0.0819603354,-0.50180763,-0.0189487841,0.977074564,0.0595688038,-0.203513846
208873612626,42122,0.254244179,-0.0831481516,-0.501328886,-0.019639127,0.976172328,0.059249077,-0.207825705
208890424710,42139,0.255180717,-0.0845519155,-0.500779212,-0.020987086,0.974903882,0.0605730787,-0.213196695
208906977887,42155,0.256041408,-0.086057663,-0.500239611,-0.0225010533,0.97370255,0.0625648573,-0.217905372
208923611585,42172,0.256945491,-0.0876787305,-0.499611884,-0.0250797253,0.972545803,0.064226009,-0.222262889
208940345178,42188,0.257648647,-0.0887903869,-0.499035716,-0.0278145727,0.97145623,0.0653005764,-0.2263515
208956953303,42204,0.257972091,-0.0893480778,-0.498622149,-0.0290357862,0.970578313,0.0661650077,-0.229688987
208973816793,42222,0.258041531,-0.0895042941,-0.498554796,-0.0286358278,0.970444441,0.0676877424,-0.229860976
208990287210,42238,0.257898122,-0.0893710405,-0.498860776,-0.0271704476,0.971274316,0.0694811642,-0.225965619
209007421741,42255,0.257529795,-0.089083083,-0.499466598,-0.0247341059,0.973246753,0.0703573972,-0.217321917
209023789866,42272,0.257019907,-0.0886769742,-0.500342906,-0.0216261931,0.97619468,0.0694107637,-0.204348937
209040302887,42288,0.256392926,-0.0881166458,-0.501345277,-0.0183430035,0.979519486,0.0669569075,-0.189002603
209056977678,42304,0.255675346,-0.087372303,-0.50250411,-0.0148902908,0.983050227,0.0634144619,-0.171374723
209073701689,42321,0.254922748,-0.0865484476,-0.50386095,-0.0116979498,0.98680377,0.0582976155,-0.150608569
209090279814,42338,0.254129022,-0.0857834518,-0.505193114,-0.00901765842,0.990218997,0.0519682914,-0.129168123
209106946376,42354,0.25343892,-0.0851076692,-0.506308556,-0.00674235821,0.992973804,0.0455766805,-0.108997516
209123610439,42370,0.252770096,-0.0844199508,-0.507317424,-0.00459154882,0.995218873,0.0398959033,-0.0890317336
209140278043,42387,0.252127737,-0.0836337209,-0.508452177,-0.0028147127,0.9969998,0.0352152772,-0.0688723549
209156942314,42404,0.251601458,-0.0827653408,-0.509652019,-0.00213454734,0.998195291,0.032041505,-0.0507441238
209173725491,42421,0.251288563,-0.081848532,-0.510727286,-0.00263869017,0.998936772,0.0301573593,-0.0347708091
209190378095,42437,0.251186132,-0.080923602,-0.511512935,-0.00438744947,0.999309778,0.0298998263,-0.0216045901
209209880960,42457,0.251174659,-0.0796347633,-0.512110293,-0.00929963775,0.999401867,0.0326077789,-0.00679269712
209223613460,42470,0.251192033,-0.0786896497,-0.512286186,-0.0142662022,0.9992432,0.036104966,0.00242620078
209240276949,42487,0.25128153,-0.0774488673,-0.512311876,-0.023352053,0.998739481,0.0416369624,0.0155078229
209256964605,42503,0.251504898,-0.0762712061,-0.512231231,-0.0347175747,0.997872651,0.0468306579,0.0291840155
209273630647,42520,0.251731098,-0.0748896897,-0.511943221,-0.049330987,0.996480525,0.0510246828,0.0446043052
209290280647,42536,0.251642555,-0.0733160824,-0.51143086,-0.0642959699,0.994675517,0.0543849133,0.0594046935
209307130387,42553,0.251270086,-0.0713651627,-0.51072228,-0.0802454129,0.992220163,0.0582098775,0.0753091201
209323612574,42570,0.250969827,-0.0691831931,-0.509886622,-0.0958333164,0.989101768,0.062653549,0.0925646052
209340322001,42586,0.250826389,-0.0670139492,-0.509098768,-0.110896319,0.985490501,0.0673469082,0.109430276
209356952105,42602,0.251025915,-0.0648445636,-0.508285999,-0.126906171,0.981081784,0.0712699518,0.127647728
209378041793,42624,0.25188303,-0.0618754663,-0.50709796,-0.147495046,0.974038243,0.0747497156,0.154619858
209390439866,42636,0.252477139,-0.0601590499,-0.506375015,-0.157308966,0.969981253,0.0760746375,0.169123963
209407153199,42653,0.253365457,-0.0576925464,-0.505181491,-0.168387562,0.964467645,0.0766036659,0.188626081
209423611324,42669,0.254345953,-0.0553281605,-0.503980637,-0.175182849,0.959865034,0.0761348233,0.205362275
209440279293,42685,0.255580306,-0.053009674,-0.502691507,-0.179093003,0.955872238,0.0753235668,0.220364124
209456949084,42702,0.257217467,-0.0505323671,-0.501204908,-0.180892229,0.952006638,0.073920168,0.235578403
209473633147,42718,0.259096295,-0.0481980592,-0.499649316,-0.181022301,0.948284209,0.0720529854,0.250592023
209490449397,42735,0.261382818,-0.0457948782,-0.497831792,-0.180150062,0.943994284,0.0707897693,0.26722604
209506953824,42752,0.263907492,-0.0434273593,-0.495890886,-0.178666815,0.939337671,0.0698086321,0.284340888
209523626064,42768,0.266507566,-0.0412941538,-0.493964821,-0.177333236,0.934392691,0.068957068,0.301178187
209540350439,42785,0.269632012,-0.0391657352,-0.491837919,-0.176689118,0.928272784,0.0681863725,0.320064366
209556951584,42802,0.273125082,-0.0372510031,-0.489590913,-0.176845819,0.921000957,0.0675165951,0.340476692
209573650334,42818,0.276581049,-0.0356947109,-0.487532377,-0.177262828,0.91314739,0.0678163171,0.360750407
209590296949,42834,0.280103624,-0.0344299525,-0.485684961,-0.177379534,0.904789507,0.0684776828,0.381055683
209607019189,42851,0.283771485,-0.0334972516,-0.483952761,-0.176688179,0.895870745,0.0690280497,0.401786119
209623630230,42868,0.287258148,-0.0329740569,-0.482587516,-0.174037978,0.887447715,0.0694547892,0.421097904
209640277105,42884,0.290263206,-0.0328754932,-0.481690168,-0.16932027,0.880287945,0.0696351454,0.437692523
209656949241,42901,0.293127835,-0.0331539288,-0.481037974,-0.16290845,0.873730779,0.0700456426,0.452933818
209673667366,42917,0.295518607,-0.0338695012,-0.480657369,-0.155882254,0.868775964,0.0705761611,0.464702159
209690280647,42934,0.297722846,-0.0351004861,-0.480358124,-0.147433698,0.864535093,0.0701532736,0.475311399
209706945439,42951,0.299624979,-0.0365727358,-0.480069637,-0.13847819,0.86100477,0.0683072284,0.484591454
209723617157,42967,0.301175714,-0.0380646735,-0.479811728,-0.12996456,0.857948661,0.0654873103,0.492691398
209740607991,42984,0.302684367,-0.0397663787,-0.479602069,-0.121284194,0.854642272,0.0627762824,0.500935137
209756947574,43000,0.304040432,-0.0414300524,-0.479491979,-0.113754891,0.851289093,0.061254479,0.508541703
209773916272,43017,0.305363089,-0.043210566,-0.479499787,-0.106073007,0.847483754,0.0602956042,0.516608536
209790274814,43033,0.306467533,-0.0449225418,-0.479570031,-0.0987828523,0.84367758,0.0593455024,0.52433598
209807069605,43049,0.307424247,-0.0466665067,-0.479597181,-0.0915007293,0.839510679,0.058007136,0.532432854
209824778303,43068,0.308498532,-0.0486206748,-0.479454577,-0.0838540494,0.833729684,0.0562256873,0.54286468
209840271011,43083,0.309288383,-0.0499625579,-0.47913757,-0.079204075,0.828253269,0.0546140522,0.552033067
209856951532,43099,0.310139805,-0.0512113981,-0.478617281,-0.0758953691,0.821406186,0.0526789762,0.562811494
209873609918,43116,0.311036736,-0.0524093695,-0.477806747,-0.0743651837,0.812909842,0.0501275584,0.57544297
209890356532,43133,0.311826885,-0.0534308255,-0.476701736,-0.0750628263,0.803114057,0.046726197,0.589228332
209906973928,43149,0.312568128,-0.054121498,-0.475495636,-0.0777835175,0.79273504,0.0433560647,0.603026748
209923624605,43165,0.313224137,-0.0545214303,-0.474114418,-0.0822806284,0.781407714,0.0402708277,0.617260277
209940340438,43183,0.313844025,-0.0546616577,-0.472364664,-0.0891069844,0.767727613,0.0372952633,0.633453488
209956941897,43199,0.314235687,-0.0545101948,-0.470605969,-0.0966006517,0.754663885,0.0345792212,0.648039341
209973826532,43215,0.3144449,-0.0541141294,-0.468634039,-0.104948267,0.740602732,0.0313945487,0.662953854
209990319501,43232,0.314563513,-0.0535222068,-0.466288,-0.114537291,0.724490404,0.0274308678,0.679148316
210006975855,43249,0.314470649,-0.0527546629,-0.46364826,-0.124730714,0.706833243,0.0231655706,0.695911229
210023636636,43265,0.31415689,-0.0519744493,-0.461082906,-0.133536413,0.689362824,0.020238921,0.711714387
210040338615,43281,0.31357953,-0.0511299558,-0.458513528,-0.141321227,0.671701193,0.018317705,0.726987243
210056961324,43299,0.31262362,-0.0500794239,-0.45557344,-0.149382696,0.651926994,0.0168477837,0.743230999
210073649397,43315,0.311536402,-0.0490998067,-0.452912927,-0.155843154,0.634592772,0.0160571244,0.756800652
210090296480,43331,0.310245126,-0.0481398813,-0.450276226,-0.161264062,0.61759913,0.0155652072,0.769625247
210107006168,43349,0.308671892,-0.0471187457,-0.447368294,-0.16601406,0.599025369,0.0152976625,0.783182025
210123612313,43365,0.30730474,-0.046389427,-0.444912136,-0.168582916,0.58381021,0.0154349096,0.794044912
210140288251,43381,0.305918097,-0.0459033735,-0.442718834,-0.168871373,0.570403755,0.015786007,0.803662181
210156947834,43398,0.304378301,-0.0454929471,-0.440663904,-0.167123228,0.558079958,0.0166978799,0.812611759
210173667678,43414,0.302936494,-0.045172371,-0.438928157,-0.164116636,0.548287988,0.0182638988,0.819824696
210190368355,43431,0.301529378,-0.0449826308,-0.437330931,-0.160051852,0.539619982,0.0208596494,0.826292098
210207182834,43448,0.300543815,-0.0450462811,-0.436199576,-0.15520215,0.532568097,0.0254521463,0.831646442
210226423668,43466,0.299572647,-0.0452112295,-0.435310751,-0.149055004,0.526198804,0.0318013951,0.836591959
210240276949,43480,0.298705697,-0.0453513563,-0.434760839,-0.143434852,0.521841288,0.0368121862,0.840091169
210257194970,43497,0.297619551,-0.0456026495,-0.434221745,-0.136433542,0.516811192,0.0429040529,0.844068348
210273609657,43514,0.296474993,-0.0458934233,-0.43373087,-0.130032182,0.511462629,0.0480905212,0.848047733
210290330959,43529,0.295532227,-0.0460620299,-0.433370739,-0.124985591,0.506341159,0.050357122,0.851740241
210306956324,43547,0.294630468,-0.0461783856,-0.432988644,-0.120387234,0.500275731,0.0501265973,0.855989754
210323617730,43563,0.294052869,-0.0462084673,-0.432623118,-0.117388673,0.495845854,0.0491081774,0.859037399
210340277678,43580,0.293762654,-0.0462239608,-0.432303011,-0.114223555,0.49246192,0.0480894335,0.861464858
210356940282,43596,0.293759823,-0.0463017896,-0.432103366,-0.111427538,0.489963174,0.0465836786,0.863336563
210373655178,43613,0.293776929,-0.0463756658,-0.431989133,-0.109319836,0.486630231,0.043778494,0.865634859
210390357730,43630,0.293839902,-0.0464274362,-0.431966037,-0.108610943,0.481273502,0.0397050306,0.868909121
210406950334,43646,0.293802768,-0.046262525,-0.431844831,-0.109702699,0.474284858,0.0351543576,0.872802079
210423907417,43663,0.293718785,-0.0458819643,-0.431660473,-0.113637045,0.46525085,0.0298931655,0.877345264
210440280699,43680,0.293669671,-0.0452436879,-0.431618631,-0.120575063,0.455090404,0.024659846,0.881899297
210456989709,43696,0.293606758,-0.0442912504,-0.431778103,-0.129431844,0.445421755,0.0204043593,0.885680854
210473611063,43712,0.293562025,-0.0431015566,-0.432083845,-0.140399262,0.436142236,0.0177101232,0.888681293
210491121063,43729,0.293187529,-0.0416068695,-0.432481289,-0.154316649,0.426275283,0.0169684682,0.891172171
210506952626,43746,0.292606652,-0.0398683771,-0.433105052,-0.170262054,0.416107327,0.0175558925,0.893060684
210523609136,43762,0.291816533,-0.0380748436,-0.434031367,-0.187438011,0.40588665,0.0194688011,0.89428407
210540312313,43779,0.290763348,-0.0360230058,-0.435214818,-0.207873076,0.39417097,0.0237015244,0.894905806
210556968251,43795,0.289673358,-0.033931613,-0.436484456,-0.228494883,0.382376432,0.0292482097,0.89483124
210574245126,43812,0.288280725,-0.0316570327,-0.438116223,-0.252014488,0.369056314,0.0355425738,0.893880844
210590325282,43828,0.286880463,-0.0295041203,-0.43969512,-0.275606573,0.355314791,0.0410789438,0.8922472
210606947365,43845,0.285250157,-0.0272044539,-0.441434503,-0.301899195,0.338930249,0.046266228,0.889855385
210623627886,43861,0.283614784,-0.0251086354,-0.443175346,-0.327724636,0.322155416,0.0504101031,0.886719465
210640275438,43878,0.281728089,-0.0229789615,-0.445088059,-0.356241345,0.303495914,0.0543618128,0.882058442
210656957990,43895,0.279566109,-0.0209602341,-0.4472,-0.385976523,0.284205973,0.0587546751,0.875669539
210675337834,43912,0.277222633,-0.0190480798,-0.449528486,-0.416208535,0.264679193,0.0635295883,0.867570937
210690290699,43928,0.274795622,-0.0173999518,-0.45187819,-0.444574535,0.245925218,0.0677488148,0.858652711
210706943980,43944,0.272267878,-0.0159835517,-0.454318762,-0.472323775,0.226641566,0.0718826801,0.848750174
210723638876,43961,0.269403815,-0.0150019526,-0.457108378,-0.500644624,0.205407262,0.0755548999,0.837528706
210740282938,43978,0.266623437,-0.0143413916,-0.459899485,-0.527542055,0.183908701,0.0783223882,0.825677097
210756968355,43994,0.264109403,-0.0138527155,-0.462585449,-0.552209854,0.163794965,0.0804269463,0.813490689
210773804553,44010,0.261662483,-0.0137356073,-0.465483934,-0.576285005,0.144701049,0.0823431164,0.800110459
210790277626,44028,0.259292036,-0.0139220804,-0.468738705,-0.601926029,0.125310153,0.08375597,0.784198642
210807051011,44044,0.257401854,-0.0143272653,-0.471747577,-0.623695672,0.109589197,0.0836939141,0.769408345
210823632261,44060,0.255717278,-0.01491642,-0.474778563,-0.644503295,0.0947589129,0.0828666613,0.754168093
210840283876,44077,0.254168034,-0.0156525224,-0.4777942,-0.665180087,0.0796777457,0.0816255435,0.737918794
210856947834,44094,0.252790838,-0.0165082812,-0.480768979,-0.685094237,0.0644736215,0.0794209316,0.721235991
210873609865,44110,0.251571774,-0.0173755288,-0.483574659,-0.704172611,0.0481476896,0.0764549151,0.704256713
210890280074,44126,0.250380665,-0.0182252377,-0.48637867,-0.723768592,0.0295178611,0.0732327551,0.685510576
210906998667,44143,0.249135047,-0.0188987628,-0.489130795,-0.743991733,0.00867695082,0.0703502074,0.664418519
210923628303,44160,0.247801945,-0.0194447562,-0.491719604,-0.762503862,-0.0129263671,0.0677479878,0.643297017
210940284240,44176,0.246673703,-0.019979421,-0.494035065,-0.778204143,-0.0335839316,0.0650162324,0.623733461
210956942261,44193,0.245720014,-0.0206571817,-0.496335685,-0.793564856,-0.0547656417,0.0614868738,0.602888882
210973705959,44209,0.245158762,-0.0215173438,-0.49845767,-0.807322204,-0.0723024905,0.0577331446,0.58281225
210990282157,44226,0.245061725,-0.0226890855,-0.500687957,-0.821034193,-0.0880923718,0.0534516014,0.561502934
211007033876,44243,0.245436683,-0.0241557881,-0.502895117,-0.833892345,-0.101447396,0.0485641584,0.540345788
211023616584,44259,0.246220112,-0.0256678797,-0.504740834,-0.844811678,-0.112984978,0.0427623466,0.521247625
211040278459,44276,0.247371942,-0.0273360908,-0.506465495,-0.855406225,-0.124510817,0.0357133672,0.501499653
211056950230,44292,0.248639151,-0.0289241001,-0.50778842,-0.864178836,-0.134646893,0.0294486191,0.483940035
211073644709,44309,0.250147492,-0.0304868929,-0.508673728,-0.872234225,-0.143968269,0.0239966735,0.466802716
211090322053,44325,0.251595438,-0.0317771733,-0.509043813,-0.878453851,-0.151315108,0.0200490169,0.452792108
211106958198,44342,0.25302884,-0.0328089781,-0.508942425,-0.883604348,-0.157892123,0.0168000571,0.440489739
211123612469,44359,0.254115671,-0.0336907879,-0.508179247,-0.887364149,-0.162974223,0.0144487685,0.431063354
211140279136,44375,0.254950047,-0.0342993662,-0.506934047,-0.88981086,-0.16597499,0.0129183643,0.424878985
211156946480,44391,0.255700409,-0.0346637778,-0.505513132,-0.891643524,-0.16804412,0.011923871,0.42022717
211174270646,44409,0.256135404,-0.0348200202,-0.503680527,-0.89319706,-0.170910582,0.011769264,0.41575256
211190276688,44425,0.256207675,-0.0345547348,-0.50192368,-0.894066811,-0.174076796,0.0125533575,0.412534058
211206946167,44441,0.256050527,-0.0341001935,-0.500650823,-0.895246506,-0.177543253,0.0139757758,0.408432066
211224291636,44459,0.255592942,-0.0333810598,-0.499096334,-0.896403372,-0.182040393,0.016095588,0.403810978
211240295230,44474,0.255287588,-0.0327983201,-0.497711182,-0.897323906,-0.185473204,0.0169671066,0.400151998
211257023250,44491,0.255064964,-0.0321804658,-0.495976776,-0.898369372,-0.188830733,0.0161768366,0.396249771
211273638875,44508,0.254922569,-0.0315090679,-0.493815154,-0.89917928,-0.191594481,0.013827756,0.393162996
211290286063,44524,0.255085379,-0.031101834,-0.491869986,-0.900055707,-0.193699747,0.0101627447,0.390226841
211306978198,44541,0.255559564,-0.0305597968,-0.489342242,-0.900835693,-0.195171461,0.00446123723,0.387792826
211323612834,44557,0.256098151,-0.0299019758,-0.486708522,-0.901389658,-0.195535034,-0.00300669484,0.386333823
211340319709,44574,0.25680238,-0.029109139,-0.483675182,-0.901600838,-0.195192337,-0.0119299004,0.385841429
211356947730,44590,0.257231295,-0.0280791633,-0.480688691,-0.901670635,-0.19481197,-0.0197260547,0.385550678
211373835230,44607,0.257192999,-0.0268986858,-0.477745771,-0.901638091,-0.194479913,-0.0267239586,0.385372788
211390307313,44624,0.257315964,-0.0255266018,-0.474675536,-0.901381433,-0.1941939,-0.0326898061,0.385657579
211406943459,44640,0.257394016,-0.0240863189,-0.471842349,-0.900693834,-0.192995608,-0.037012618,0.387470573
211423629500,44656,0.257403672,-0.0224769525,-0.468789339,-0.899511814,-0.191394284,-0.0401498787,0.390685111
211440278407,44674,0.257427394,-0.0205271728,-0.465335339,-0.897911906,-0.189883634,-0.0421489663,0.394869536
211456947625,44690,0.257404029,-0.0187124256,-0.462278187,-0.896018147,-0.189351305,-0.0427540317,0.399336576
211473632313,44706,0.257519722,-0.0170819536,-0.4590424,-0.894363642,-0.190166354,-0.0432674177,0.402589798
211490318823,44722,0.25745824,-0.015858138,-0.45624724,-0.893333673,-0.19205904,-0.0438476168,0.40391314
211507004552,44740,0.257385403,-0.0143227,-0.45291388,-0.891506195,-0.194386095,-0.0436690114,0.406846285
211523611011,44756,0.257107317,-0.012949802,-0.450146466,-0.890367568,-0.195902139,-0.0437413827,0.408600837
211540279500,44772,0.256685257,-0.0117846038,-0.447424948,-0.889555514,-0.196089536,-0.0449361913,0.41014719
211556943563,44790,0.256134301,-0.0104027689,-0.444463909,-0.888629854,-0.194664642,-0.0477449074,0.412508398
211573674448,44806,0.255503327,-0.00926048681,-0.441894531,-0.888029337,-0.193168893,-0.0504723564,0.414176732
211590465438,44822,0.255003959,-0.00827347487,-0.438876092,-0.887738645,-0.191418096,-0.0524019822,0.41537115
211606944917,44838,0.254087061,-0.00749433041,-0.436282694,-0.886806965,-0.189014852,-0.0537198521,0.418283552
211623611271,44856,0.253546566,-0.00662477687,-0.433277965,-0.885457516,-0.184944257,-0.055254329,0.422738165
211640277104,44872,0.253260404,-0.00584878772,-0.430662155,-0.883901298,-0.181012183,-0.0557955354,0.42759797
211656940490,44888,0.252797574,-0.0049270466,-0.428174257,-0.882055581,-0.176501974,-0.0547007881,0.433396846
211673860542,44906,0.252539694,-0.00377708301,-0.425133646,-0.880388081,-0.170424446,-0.0516915619,0.439545721
211690289292,44922,0.252129138,-0.00303527154,-0.422854871,-0.879174888,-0.164045006,-0.0477448702,0.444815934
211706956115,44938,0.251876354,-0.00247156993,-0.420649648,-0.878905535,-0.156536639,-0.0426946767,0.448551595
211723631636,44955,0.251681149,-0.00232663378,-0.419222146,-0.879831493,-0.147446275,-0.036062669,0.450394958
211740343823,44972,0.251253396,-0.00268330798,-0.41867429,-0.881670773,-0.139287487,-0.0282355994,0.449953824
211756947521,44988,0.250896901,-0.00339834578,-0.418510795,-0.884204984,-0.134386033,-0.0202939827,0.44688949
211773625229,45005,0.250403643,-0.00469586253,-0.419324338,-0.887743831,-0.133031249,-0.0110694421,0.440557837
211790289500,45021,0.249893755,-0.00609849766,-0.420449287,-0.891679525,-0.134343222,-0.00160159694,0.432269514
211806973198,45037,0.249227643,-0.0071872212,-0.422287583,-0.895744503,-0.130130261,0.00722501148,0.425036341
211823628459,45055,0.248560265,-0.00783596188,-0.424093246,-0.900080502,-0.11752104,0.0148628606,0.419312626
211840288667,45071,0.248355359,-0.00793552026,-0.42570585,-0.902855992,-0.101005912,0.0193269774,0.417462975
211856973771,45087,0.24848175,-0.00755576417,-0.427017361,-0.90422231,-0.0810428634,0.0212212559,0.418764591
211873738875,45103,0.248653233,-0.00737400725,-0.427741349,-0.90555495,-0.0666410401,0.0228756052,0.418337137
211890736740,45121,0.24865967,-0.00796609186,-0.429093778,-0.906520486,-0.0600998327,0.0254910588,0.417083859
211906948406,45137,0.248474598,-0.00874134526,-0.430083334,-0.907894433,-0.0600533672,0.0272288639,0.413980782
211923612573,45153,0.24826847,-0.00968939252,-0.431277394,-0.909993351,-0.0626117364,0.0273376238,0.408955455
211940303667,45170,0.248145178,-0.0111528989,-0.433569849,-0.912277699,-0.0667549819,0.0261574108,0.403248131
211956945646,45187,0.248148873,-0.0129095782,-0.436185449,-0.91440016,-0.0710531622,0.0245075505,0.397772849
211973900698,45203,0.24831298,-0.0144479182,-0.438242733,-0.916070402,-0.0735075325,0.0226586629,0.393571347
211990276844,45220,0.24871245,-0.0156147014,-0.43957904,-0.917716146,-0.0733100548,0.0205290429,0.389873594
212007090594,45237,0.249401122,-0.0169831906,-0.441632926,-0.919893503,-0.0703853965,0.0191048533,0.385327041
212023656167,45253,0.25027886,-0.0184405595,-0.443934679,-0.922363579,-0.0656325445,0.0190083124,0.380232364
212040290333,45270,0.251427501,-0.0199496262,-0.446297705,-0.925049782,-0.0592545196,0.0204735044,0.37463665
212056943511,45286,0.252638847,-0.0212812833,-0.448195279,-0.927509069,-0.0524320416,0.0230966359,0.369383693
212073644656,45302,0.253945947,-0.0224651825,-0.449645758,-0.929970264,-0.045171082,0.0266731717,0.363872945
212090366479,45320,0.255531281,-0.0240679309,-0.451939106,-0.932875872,-0.0369769447,0.0314492434,0.356912255
212106988979,45336,0.257100731,-0.0253835805,-0.453451991,-0.935390651,-0.0298604835,0.0358378403,0.350526065
212123612052,45352,0.258815289,-0.0268188063,-0.454907119,-0.937847257,-0.0230581444,0.0398650989,0.34397915
212140276896,45369,0.260669589,-0.0282372199,-0.456088364,-0.940341711,-0.0165720768,0.0438337028,0.336988956
212156940958,45386,0.262589812,-0.0295113735,-0.456788003,-0.942674041,-0.0112754051,0.0474447981,0.330132693
212173620958,45402,0.264409095,-0.0308307819,-0.457412571,-0.944640577,-0.0073678284,0.0500498563,0.324183524
212191357365,45420,0.266504079,-0.0320603922,-0.457650125,-0.946634293,-0.00392248435,0.0520900041,0.318048477
212206944292,45435,0.268207252,-0.0332435742,-0.457995921,-0.948276877,-0.00172228983,0.0535637923,0.312888265
212223615385,45452,0.269913971,-0.0343372747,-0.45803386,-0.950238347,-0.000227586992,0.0552375726,0.306587458
212240301688,45468,0.271266282,-0.0351064093,-0.457750142,-0.952119768,-7.40613759e-05,0.0566526279,0.300430626
212256945438,45485,0.272453636,-0.0360540412,-0.457734227,-0.954170585,-0.00119042385,0.0579979904,0.293587029
212273927417,45501,0.273354232,-0.0367367826,-0.457804352,-0.956302404,-0.00315636653,0.0589670204,0.286354154
212290286688,45518,0.274079323,-0.0374128409,-0.458320051,-0.958959341,-0.00617898488,0.0593849123,0.277186513
212306944240,45535,0.274510682,-0.0378614552,-0.458956569,-0.961999595,-0.010269708,0.058883924,0.266428351
212323609708,45551,0.274854898,-0.0383673012,-0.459790617,-0.964706361,-0.0145167401,0.0571226478,0.256647438
212340282208,45567,0.275328279,-0.0387399197,-0.460494071,-0.967094243,-0.0184857268,0.054331027,0.24786149
212356966896,45584,0.276030183,-0.038971737,-0.461034328,-0.969345391,-0.0220680777,0.0505549721,0.239429995
212373622000,45601,0.277025521,-0.0392203815,-0.461697519,-0.971471667,-0.0243188348,0.0459382646,0.231389701
212390283823,45617,0.278089374,-0.0393372029,-0.462239325,-0.973451614,-0.0256733652,0.0414908938,0.22363244
212406954917,45634,0.279156804,-0.0397077799,-0.462857604,-0.975352407,-0.0276825745,0.037979275,0.215589941
212423614031,45651,0.280013442,-0.0399423204,-0.463101476,-0.976930976,-0.0309007224,0.0363298021,0.208161756
212440313458,45667,0.280567765,-0.0402958021,-0.463163763,-0.978061199,-0.0349140242,0.0358134918,0.202224687
212456946479,45683,0.28079316,-0.0405864306,-0.46308738,-0.978873193,-0.0401840881,0.0360172726,0.197218955
212473770490,45701,0.280565649,-0.0404985882,-0.462887347,-0.979527116,-0.0470883958,0.0377633087,0.192050561
212490306740,45717,0.279961377,-0.0403545052,-0.462839663,-0.979986429,-0.0535574593,0.0411326811,0.187260225
212506942312,45733,0.279194474,-0.0401515067,-0.462686896,-0.980328083,-0.0596315004,0.0459467694,0.182455227
212523634031,45750,0.278503388,-0.0399236716,-0.46231395,-0.980722189,-0.064252913,0.0512203239,0.1772912
212540278875,45766,0.278066814,-0.0395866036,-0.461735636,-0.98132509,-0.0658127889,0.0551131032,0.172140658
212556955333,45783,0.277876496,-0.0393645018,-0.461243898,-0.982222795,-0.0651104152,0.0581590347,0.166182742
212574133615,45800,0.27790451,-0.039409399,-0.460975081,-0.983119726,-0.0638474897,0.061130736,0.160194293
212590347781,45817,0.278033912,-0.0394280776,-0.460800648,-0.984017432,-0.0630066171,0.0638315752,0.153835937
212606946375,45833,0.278188914,-0.0395973586,-0.460801691,-0.984828413,-0.0631406382,0.066576235,0.14728862
212623629500,45849,0.278103948,-0.0397780314,-0.460874617,-0.985467315,-0.0646959022,0.0706125572,0.140294641
212640277573,45865,0.277722627,-0.0402090959,-0.461170584,-0.986030757,-0.0672142133,0.0757429376,0.132244542
212656942729,45883,0.277217388,-0.0408193693,-0.461629719,-0.986526668,-0.0706938356,0.081493929,0.122989096
212673630489,45899,0.276842952,-0.0413051173,-0.461927831,-0.986683309,-0.074621737,0.0865851343,0.115718655
212690400750,45915,0.276523501,-0.0417612419,-0.462193906,-0.98670423,-0.078331925,0.0912686661,0.109311037
212706957052,45933,0.276132792,-0.0421587043,-0.462379098,-0.986614048,-0.0825245902,0.0958197862,0.102961503
212723610594,45949,0.275916398,-0.0426621959,-0.462466747,-0.986708701,-0.0856634825,0.0989624262,0.0963025913
212740278614,45965,0.275758594,-0.0430517755,-0.462548316,-0.987052202,-0.0868133679,0.101479597,0.0888443366
212757010750,45982,0.275421947,-0.0433691815,-0.462789059,-0.987438262,-0.0870971009,0.105640866,0.0788659602
212774056167,45999,0.275009871,-0.0437307432,-0.463303477,-0.987955213,-0.08802066,0.109428987,0.0649789199
212790282521,46015,0.274666935,-0.0436454825,-0.463936239,-0.988324881,-0.0904592574,0.111516587,0.050943505
212807287937,46031,0.274229318,-0.0435866378,-0.464684963,-0.988465011,-0.0941665769,0.11349567,0.0344728418
212823644708,46048,0.27354157,-0.0433723517,-0.46554783,-0.988270581,-0.0980320871,0.116176002,0.0146373957
212840275646,46065,0.272614747,-0.0431927219,-0.46667245,-0.98775661,-0.101139419,0.118488863,-0.00825071335
212856971739,46081,0.271683663,-0.0430585928,-0.467923224,-0.986906052,-0.102925994,0.119934,-0.032226678
212873640073,46098,0.270703554,-0.0428438187,-0.469408959,-0.985531092,-0.103448518,0.120276026,-0.0596710593
212890298771,46114,0.269773245,-0.0426911712,-0.47101748,-0.983772576,-0.102987088,0.118987277,-0.0861815885
212906965802,46131,0.268713623,-0.0426780358,-0.472849011,-0.981043518,-0.102359816,0.116526082,-0.116179712
212923609812,46147,0.267699212,-0.0427623242,-0.474654257,-0.977084339,-0.102464907,0.1139412,-0.147731781
212940282416,46164,0.266611427,-0.0429747701,-0.476667136,-0.971184433,-0.103838347,0.111292198,-0.18339178
212956946166,46181,0.265679479,-0.0433593839,-0.478766233,-0.963674128,-0.106607445,0.107824236,-0.219865963
212973774291,46197,0.265026122,-0.0435102955,-0.480721831,-0.955924988,-0.109576359,0.103910722,-0.251799613
212990308510,46214,0.264701247,-0.0431942716,-0.482863724,-0.948477805,-0.113593496,0.0985381976,-0.278884649
213006946531,46230,0.264659494,-0.0428333879,-0.484869719,-0.941844821,-0.118152924,0.0939253792,-0.300243735
213023630698,46247,0.264570147,-0.042730853,-0.48713696,-0.934138417,-0.123041615,0.0919612572,-0.322163671
213040281896,46264,0.264325827,-0.0429379568,-0.489395618,-0.925936759,-0.127397642,0.0931060314,-0.343135923
213057037885,46280,0.264122188,-0.0434128046,-0.491497606,-0.918349028,-0.131019235,0.0949025676,-0.361196071
213073611948,46296,0.263967395,-0.0441662222,-0.493584365,-0.911158323,-0.132952318,0.0969512016,-0.377776057
213090291375,46313,0.263779521,-0.0454503,-0.49562183,-0.903242469,-0.133484468,0.0979229137,-0.395911664
213106955541,46330,0.263747573,-0.0470380485,-0.497450322,-0.894908607,-0.132946178,0.0978827402,-0.414587647
213123613771,46346,0.263774335,-0.0490319803,-0.499031484,-0.886211097,-0.131907985,0.0974472538,-0.43328315
213140302833,46362,0.263803571,-0.0514061674,-0.500419617,-0.876125753,-0.131104022,0.0967412069,-0.453714103
213156943614,46380,0.26395461,-0.0543373823,-0.501735568,-0.863188922,-0.130658016,0.0956910774,-0.478201509
213173928250,46396,0.264333636,-0.0572621971,-0.502623737,-0.850851834,-0.130466118,0.0940844864,-0.500177979
213190281271,46412,0.264971733,-0.0604104102,-0.50326252,-0.838466704,-0.130489141,0.0917954966,-0.521075606
213208026323,46430,0.266053051,-0.0641968399,-0.503719032,-0.824934185,-0.130857319,0.0881021172,-0.542768896
213223622468,46446,0.267170727,-0.0675311387,-0.503795147,-0.812938452,-0.131006971,0.0843273923,-0.561121404
213240276583,46462,0.268266171,-0.0708655044,-0.503706932,-0.800323546,-0.130965158,0.0803440586,-0.579547465
213256958927,46479,0.269442171,-0.0744823068,-0.503247619,-0.784855604,-0.130681843,0.0764200762,-0.600902557
213273763927,46496,0.270685762,-0.0781347007,-0.502558947,-0.768551469,-0.130286813,0.0721835271,-0.622208655
213290374500,46511,0.271772087,-0.0813226253,-0.501823723,-0.753908992,-0.129505962,0.0679162517,-0.640497446
213306996218,46529,0.273041308,-0.084831506,-0.50066793,-0.736020148,-0.128944829,0.0623684488,-0.661632657
213323612520,46545,0.27425614,-0.0876176283,-0.499638259,-0.719692707,-0.128917247,0.0576328337,-0.679780364
213340293302,46561,0.275529832,-0.0902140439,-0.498564512,-0.703608692,-0.130740181,0.0531981215,-0.696427941
213356983666,46579,0.276896745,-0.0928132012,-0.497302622,-0.685635984,-0.133520275,0.0492429063,-0.713898361
213373782520,46595,0.278087974,-0.0948534161,-0.496250451,-0.669809878,-0.13663049,0.0461269766,-0.728394926
213390298927,46611,0.27936247,-0.096579954,-0.495319575,-0.654612422,-0.140823439,0.0432367437,-0.7414729
213406968145,46627,0.280630708,-0.0980786756,-0.494598657,-0.639725506,-0.145405412,0.0407374576,-0.753624022
213424658562,46646,0.282159179,-0.0994065329,-0.493449211,-0.620283902,-0.150337636,0.0367636569,-0.768957019
213440285125,46661,0.283280343,-0.100155473,-0.492540926,-0.604628801,-0.153516456,0.0324886441,-0.780897677
213456950333,46677,0.284350812,-0.100688279,-0.491589934,-0.589765072,-0.156202242,0.0279494319,-0.791831315
213473672781,46694,0.285375267,-0.100898579,-0.490372509,-0.576369703,-0.158382997,0.0232615918,-0.801356196
213490382364,46711,0.286300987,-0.100812823,-0.489058256,-0.565211713,-0.159964234,0.018615108,-0.809074044
213506966948,46727,0.287032515,-0.100424826,-0.487652481,-0.556133032,-0.160966784,0.0136948628,-0.815241218
213523625385,46744,0.287477255,-0.0997954309,-0.486185551,-0.546749413,-0.161176562,0.00779838162,-0.82159996
213540317364,46760,0.28762275,-0.0990213752,-0.484721184,-0.538232028,-0.160755783,0.0022730974,-0.827320218
213556978770,46777,0.287450135,-0.0980977938,-0.483157575,-0.531150162,-0.160475925,-0.002896911,-0.831936717
213573741635,46794,0.286952704,-0.0970741585,-0.481686503,-0.526599348,-0.160605565,-0.0067431205,-0.834777534
213590257520,46810,0.286323249,-0.0959362313,-0.48022449,-0.52400744,-0.161534429,-0.00927757192,-0.836203814
213607012677,46826,0.285495847,-0.0947702825,-0.478821784,-0.521918714,-0.163329497,-0.010830001,-0.837142229
213623621322,46843,0.284574926,-0.0934426039,-0.477183044,-0.518769383,-0.16592221,-0.0117987813,-0.838575542
213640305750,46860,0.283582687,-0.0922722146,-0.475519568,-0.514482915,-0.168836132,-0.0122453272,-0.840625763
213656967781,46876,0.282684684,-0.0912222117,-0.473865807,-0.510178983,-0.171617627,-0.0125275962,-0.842678964
213673661687,46892,0.281872571,-0.0901027322,-0.472148865,-0.506191194,-0.174069539,-0.0131618557,-0.844569206
213690281322,46910,0.280926943,-0.0890909433,-0.470367491,-0.501923919,-0.17634505,-0.014977457,-0.846611202
213706956322,46926,0.280154407,-0.0882041454,-0.4684892,-0.498135924,-0.177632183,-0.0172963683,-0.848533034
213723607781,46942,0.27932632,-0.0874311849,-0.466630071,-0.494233936,-0.178320915,-0.0196621101,-0.850616157
213740278354,46960,0.278537095,-0.0866620094,-0.464451343,-0.489994705,-0.178665787,-0.0222179648,-0.852930367
213756944916,46976,0.27783981,-0.0862227678,-0.462456942,-0.486615717,-0.178498238,-0.0243755691,-0.854838789
213773649916,46992,0.27709946,-0.0860447884,-0.460568637,-0.483565837,-0.178354427,-0.0261305794,-0.856545925
213790354499,47008,0.276633888,-0.0857213363,-0.458554447,-0.480052143,-0.179081693,-0.0273291338,-0.858331382
213806955906,47025,0.276323378,-0.0853478462,-0.456590176,-0.473237008,-0.181884915,-0.0285577606,-0.861480772
213823617520,47042,0.276146591,-0.084875986,-0.454832256,-0.464345217,-0.186588541,-0.029060863,-0.865288258
213840311739,47058,0.276136398,-0.0843890309,-0.453588068,-0.456571251,-0.192515433,-0.028576225,-0.868138194
213856946270,47075,0.276036084,-0.084287703,-0.452792138,-0.451323926,-0.199479952,-0.0255484581,-0.869403124
213873623197,47092,0.275601387,-0.0847973228,-0.451766431,-0.449457526,-0.201957524,-0.0214094389,-0.869909704
213890283354,47108,0.275322348,-0.0856645852,-0.450817972,-0.449423075,-0.201286703,-0.0203314815,-0.870108783
213906948822,47125,0.275339246,-0.086549446,-0.449812621,-0.448723942,-0.199866727,-0.0215346981,-0.870767772
213923612624,47142,0.275581211,-0.0875639319,-0.448935091,-0.44695428,-0.198412582,-0.0240836758,-0.871942878
213940334812,47158,0.276101708,-0.0887153745,-0.44784385,-0.444080412,-0.196537837,-0.0259680189,-0.873779893
213956948302,47174,0.276673764,-0.0903542191,-0.446580976,-0.441064298,-0.194397792,-0.0269022379,-0.875755787
213973899239,47192,0.277354449,-0.092716679,-0.445226669,-0.437724352,-0.192318887,-0.0258202665,-0.877920449
213990277937,47208,0.278076202,-0.095023632,-0.443860084,-0.435277134,-0.190871954,-0.0237656888,-0.879509509
214006969968,47224,0.278733909,-0.0975888371,-0.442552119,-0.433863699,-0.189408168,-0.0221802928,-0.880565107
214023621166,47240,0.279539287,-0.0999459922,-0.44100374,-0.432681054,-0.188008159,-0.0219966695,-0.88145119
214040385749,47257,0.280240357,-0.102299228,-0.439567864,-0.430686384,-0.187853172,-0.0223264545,-0.88245225
214056969916,47274,0.280820727,-0.104518697,-0.438469648,-0.427651167,-0.189057291,-0.0215333384,-0.883690119
214073615333,47291,0.281403571,-0.106496885,-0.437779158,-0.422864109,-0.191147014,-0.0194486305,-0.885590494
214090304187,47307,0.281731635,-0.108098149,-0.437652111,-0.417083442,-0.193981931,-0.0168297514,-0.887766421
214106950958,47323,0.282031804,-0.109142095,-0.437532663,-0.410743058,-0.196737126,-0.0147685613,-0.890149772
214123630385,47340,0.28207919,-0.110157132,-0.437918067,-0.403463453,-0.198479235,-0.0145237558,-0.8930915
214140286739,47356,0.282177061,-0.110790655,-0.438125372,-0.396608859,-0.198968709,-0.0166633092,-0.896010756
214156944864,47373,0.282314718,-0.111133426,-0.438076973,-0.389463931,-0.199110225,-0.0207667928,-0.899022639
214173657260,47390,0.282405645,-0.111517698,-0.438070297,-0.382906824,-0.198991135,-0.026122991,-0.901721954
214190314968,47406,0.282730222,-0.111883894,-0.437763274,-0.377859026,-0.198087186,-0.032005053,-0.903858304
214206998562,47423,0.283302516,-0.112545848,-0.437564522,-0.374377251,-0.196900263,-0.0382727347,-0.905321658
214223624864,47440,0.284545869,-0.113053776,-0.436941683,-0.372888356,-0.196662739,-0.0435897261,-0.905747235
214240290958,47456,0.285937309,-0.113841683,-0.436388433,-0.372522354,-0.197059438,-0.0468276329,-0.90565002
214256959603,47473,0.287303329,-0.114933752,-0.435723156,-0.373191386,-0.197026059,-0.0476803668,-0.905337274
214273648145,47489,0.288619369,-0.115755633,-0.434588492,-0.373667359,-0.197589606,-0.0465323776,-0.905077815
214290309083,47506,0.289804041,-0.116859563,-0.433644295,-0.372998506,-0.199978799,-0.0434433669,-0.904982507
214306954083,47522,0.290946126,-0.117781818,-0.432852983,-0.372061282,-0.203691274,-0.0392399803,-0.904732287
214323613353,47539,0.292020917,-0.118637227,-0.432476908,-0.371293008,-0.207902804,-0.0339714177,-0.904303014
214340282364,47555,0.293112993,-0.119168244,-0.432203025,-0.370874465,-0.212043002,-0.0298929568,-0.903657258
214356944135,47572,0.294640541,-0.11966531,-0.431959629,-0.371330023,-0.217517048,-0.0277354289,-0.90223676
214373743041,47589,0.296323329,-0.120379359,-0.432019025,-0.371479422,-0.22452195,-0.0281200074,-0.90044558
214390292728,47605,0.2979801,-0.121087104,-0.432067454,-0.370097309,-0.232574284,-0.0307306293,-0.898884237
214406951583,47621,0.299307227,-0.122002646,-0.432292402,-0.36718595,-0.239417136,-0.0338641927,-0.898168743
214423636270,47639,0.300574839,-0.122791186,-0.432221502,-0.361120909,-0.243859112,-0.0384045355,-0.899249434
214440419551,47655,0.301336348,-0.123789012,-0.432542562,-0.354087055,-0.245315209,-0.0442160927,-0.901381075
214456959655,47671,0.301845908,-0.12512432,-0.433104336,-0.346295983,-0.245375335,-0.0510269478,-0.904027879
214473631687,47688,0.302032024,-0.126644149,-0.433537543,-0.337756634,-0.243536562,-0.0574536212,-0.90736407
214490284655,47704,0.301679432,-0.128564566,-0.434222639,-0.329871923,-0.240019977,-0.0620968193,-0.910889149
214510187103,47724,0.301196009,-0.130998448,-0.435004354,-0.319795698,-0.231945902,-0.0665992647,-0.916240394
214523599135,47738,0.300903141,-0.132798627,-0.43564558,-0.31195426,-0.225196481,-0.0695780963,-0.920396686
214540288770,47754,0.300672263,-0.134762555,-0.43631196,-0.301656485,-0.218170762,-0.072102733,-0.925314128
214556944968,47771,0.3005068,-0.136752009,-0.436956108,-0.290915728,-0.212288305,-0.0735593438,-0.92999506
214573632208,47788,0.300404191,-0.138914287,-0.437689424,-0.281164318,-0.208456829,-0.0750142187,-0.933737218
214590299655,47804,0.30054307,-0.140666381,-0.438150227,-0.273281187,-0.207000524,-0.0763253644,-0.936291933
214607803145,47821,0.300585985,-0.142812952,-0.438912094,-0.266446441,-0.20763737,-0.0764757618,-0.938106894
214624575124,47838,0.300627291,-0.144938901,-0.439538717,-0.259900331,-0.209800974,-0.0743366554,-0.939632654
214640335645,47854,0.300462991,-0.147239774,-0.440325379,-0.253883123,-0.212723225,-0.0703574046,-0.940926194
214656958249,47870,0.300218076,-0.149709895,-0.440967262,-0.247922435,-0.216202036,-0.0650234818,-0.942105711
214673774916,47887,0.300272107,-0.151915371,-0.440944344,-0.240977496,-0.220290631,-0.0590556674,-0.943352699
214690439291,47904,0.300170332,-0.154546976,-0.441154897,-0.233662575,-0.224712521,-0.0536698066,-0.944471121
214707003353,47920,0.30001685,-0.157342315,-0.441532016,-0.22647728,-0.229025275,-0.0491492786,-0.945431054
214723614812,47936,0.300051153,-0.160233438,-0.441900194,-0.218803674,-0.233307987,-0.0452695452,-0.946384251
214740282885,47953,0.300214052,-0.163408637,-0.442167521,-0.210863993,-0.237433419,-0.0415283479,-0.947331607
214756941478,47970,0.300438225,-0.166688666,-0.442368746,-0.203025758,-0.240657538,-0.0378521644,-0.948383749
214773618093,47986,0.300629616,-0.169962287,-0.442697644,-0.196108818,-0.242757767,-0.0345526449,-0.949429393
214790301687,48002,0.30103153,-0.172908932,-0.442972988,-0.190452337,-0.243666783,-0.0311377887,-0.95046562
214806951218,48020,0.301195443,-0.176297575,-0.443877935,-0.185106754,-0.243235022,-0.0265982337,-0.951769292
214823613145,48036,0.301567644,-0.179001898,-0.444522262,-0.181025505,-0.242029846,-0.0218822956,-0.952980816
214840277260,48052,0.302015871,-0.181650862,-0.445208192,-0.177274659,-0.240437657,-0.0169490017,-0.954188764
214856956270,48069,0.302447259,-0.184485331,-0.446095854,-0.17323795,-0.238555878,-0.0119219413,-0.955477715
214873695853,48086,0.303090364,-0.187087283,-0.446858346,-0.16891627,-0.236867487,-0.00744591467,-0.95671612
214890316322,48102,0.30371958,-0.189519256,-0.447702289,-0.164357677,-0.235733449,-0.00406579021,-0.957809925
214906956739,48118,0.30463475,-0.191617668,-0.44840616,-0.159730986,-0.235184625,-0.00155016093,-0.958734512
214923610905,48136,0.305654645,-0.193795681,-0.449467689,-0.154412568,-0.235071659,0.000636684068,-0.959634185
214940540697,48152,0.306611419,-0.195499748,-0.45036149,-0.149443984,-0.234831169,0.0027097722,-0.960475683
214956959812,48169,0.307664901,-0.196936175,-0.451208591,-0.143889859,-0.234119982,0.00532671669,-0.961485922
214973663353,48185,0.308589637,-0.197899893,-0.452118874,-0.138192609,-0.233436003,0.00802165363,-0.962468743
214990282780,48201,0.309836715,-0.198093593,-0.452695578,-0.132688165,-0.233200058,0.0107168294,-0.963274002
215007022103,48218,0.31126219,-0.197590098,-0.453340739,-0.12789914,-0.233666569,0.0131696044,-0.963778198
215024719030,48235,0.312874734,-0.196081236,-0.453900665,-0.124150924,-0.234743372,0.0149300797,-0.963980973
215040275645,48251,0.314407438,-0.19376868,-0.454417408,-0.121535487,-0.235945642,0.0160427373,-0.964002788
215057012259,48268,0.315983117,-0.19036454,-0.454982817,-0.119599342,-0.237020746,0.0169499759,-0.963965714
215073635541,48284,0.317485005,-0.186114088,-0.455420375,-0.118238904,-0.237781927,0.017659476,-0.963933408
215090384864,48301,0.318962634,-0.180613041,-0.455930173,-0.117293105,-0.238769874,0.0180046372,-0.963798285
215106967624,48318,0.320574909,-0.173988625,-0.456187367,-0.117044099,-0.24009262,0.0176018719,-0.963507354
215123612624,48334,0.321845591,-0.166950628,-0.45655334,-0.117445283,-0.241458103,0.0161890294,-0.963142037
215140300905,48350,0.322986573,-0.159161285,-0.456944853,-0.118476905,-0.242869258,0.013659724,-0.962700009
215156946374,48367,0.324220359,-0.150111035,-0.457181752,-0.120019034,-0.24461931,0.00978250988,-0.962112904
215173659655,48384,0.32510832,-0.140540943,-0.457504362,-0.121734984,-0.246428385,0.00472540734,-0.961473584
215190386530,48400,0.325946778,-0.13106966,-0.457666218,-0.123415083,-0.248088852,-0.000957687153,-0.960843265
215207046739,48417,0.326515973,-0.12076804,-0.458049715,-0.125099689,-0.249739483,-0.00780511089,-0.960166335
215223630020,48434,0.327050149,-0.110294536,-0.45831728,-0.126512036,-0.251086295,-0.0151659446,-0.959541798
215240289186,48450,0.327492118,-0.100407504,-0.458525985,-0.127535954,-0.252119273,-0.0222839769,-0.958996356
215256941895,48466,0.327615678,-0.0906560868,-0.458908975,-0.128162965,-0.252869219,-0.0294353776,-0.958522379
215273643926,48484,0.327712476,-0.0798497871,-0.459198415,-0.128561616,-0.253449112,-0.0375539027,-0.958031952
215290466686,48500,0.327695787,-0.0704930201,-0.459477246,-0.128621146,-0.254109889,-0.0451085493,-0.957522869
215306962051,48516,0.327801168,-0.0613920763,-0.459622711,-0.128369629,-0.255020261,-0.053036429,-0.956908107
215323615957,48533,0.327923149,-0.0522739887,-0.459869444,-0.127607152,-0.256097645,-0.0617382564,-0.956200242
215340298926,48549,0.327931017,-0.0440893918,-0.460051388,-0.12662904,-0.256825477,-0.0700118244,-0.955564857
215356948509,48566,0.327658951,-0.0357664265,-0.460292161,-0.125501543,-0.257147521,-0.0786229745,-0.954957068
215373616738,48583,0.327195197,-0.0280356687,-0.460528374,-0.124232054,-0.257110447,-0.0870220885,-0.954404473
215390290176,48599,0.326736838,-0.0213650689,-0.46047169,-0.122983932,-0.256777942,-0.0947844759,-0.953916132
215406987468,48615,0.326046407,-0.0154211093,-0.460470408,-0.121554747,-0.256183684,-0.102481313,-0.953463197
215423610905,48633,0.325224012,-0.00947488286,-0.460317671,-0.119515464,-0.255453527,-0.111020833,-0.95296067
215440370801,48649,0.324366748,-0.00496893004,-0.460344404,-0.117352717,-0.254933983,-0.118315436,-0.952490628
215457023041,48665,0.323387951,-0.00127818994,-0.460418224,-0.114972763,-0.254524767,-0.124944046,-0.952043831
215473648301,48682,0.322299004,0.00173963513,-0.460295528,-0.112336628,-0.254271477,-0.130903974,-0.951625347
215490598874,48699,0.321077049,0.00374404062,-0.460179806,-0.109819062,-0.254344612,-0.135589704,-0.95124346
215506944707,48715,0.319893509,0.00475322083,-0.460006714,-0.107663646,-0.254823655,-0.138989493,-0.950870872
215523612832,48731,0.318668783,0.00494608376,-0.459998459,-0.105698422,-0.255859673,-0.141503662,-0.950442255
215540412051,48749,0.317291051,0.00420510117,-0.460001796,-0.103727698,-0.25772804,-0.143164232,-0.949905694
215556948405,48765,0.31602782,0.00279320311,-0.459985554,-0.102133565,-0.259882271,-0.143519506,-0.949437857
215573616947,48781,0.314751029,0.000706452876,-0.46003741,-0.100640222,-0.262311131,-0.142848253,-0.949030459
215590284030,48798,0.313467771,-0.00221626274,-0.460110068,-0.0992319807,-0.265163481,-0.140967891,-0.948667228
215606956009,48814,0.312295437,-0.00552262925,-0.460356027,-0.098001875,-0.268290639,-0.138180673,-0.948325872
215624351582,48831,0.311143786,-0.00957490318,-0.460635364,-0.0968456939,-0.272044301,-0.13444832,-0.94791168
215640401790,48848,0.309940964,-0.0139737632,-0.461024404,-0.0958515406,-0.275997937,-0.130242229,-0.947456956
215656975332,48865,0.308858991,-0.0187661592,-0.461467683,-0.0946860686,-0.2799007,-0.125810802,-0.947027862
215673606686,48881,0.308079213,-0.023668427,-0.461853504,-0.0932496712,-0.283160627,-0.121290997,-0.946790934
215690279082,48897,0.307376415,-0.0287809912,-0.462318182,-0.0915668085,-0.285841048,-0.116396792,-0.946764052
215707023301,48913,0.306766212,-0.034103848,-0.462755054,-0.0897783116,-0.287850261,-0.111355573,-0.946932971
215723615124,48931,0.306138515,-0.0402681679,-0.463294208,-0.0877268016,-0.289250493,-0.105827756,-0.947332442
215740285176,48947,0.305746257,-0.0460039414,-0.463739276,-0.085883759,-0.289733231,-0.101040646,-0.947876334
215756957103,48963,0.305464566,-0.0518945754,-0.464151889,-0.083888039,-0.289797187,-0.0963088199,-0.948527873
215773972520,48981,0.305238515,-0.0586709008,-0.464631438,-0.0813869983,-0.289756298,-0.0910431147,-0.949277997
215790278717,48997,0.305186063,-0.0648826659,-0.465023041,-0.0789522529,-0.289672464,-0.0865246877,-0.949931562
215810262780,49016,0.305189788,-0.0723431259,-0.46554333,-0.0760412812,-0.289622903,-0.0813086629,-0.950644612
215823620176,49029,0.305247337,-0.0775264055,-0.465878725,-0.0739385113,-0.28963995,-0.0776062682,-0.951114714
215840279759,49046,0.305306196,-0.0843669325,-0.466256946,-0.0709824041,-0.289534926,-0.0724625587,-0.951777399
215856945853,49063,0.305404961,-0.0912580714,-0.466571838,-0.0678909197,-0.289166152,-0.0670164376,-0.952513874
215873650957,49079,0.305534512,-0.0977585688,-0.466818213,-0.0650741458,-0.288558215,-0.0617792122,-0.95324856
215890289082,49096,0.305608392,-0.104581125,-0.467053235,-0.0623439923,-0.287765682,-0.0562134199,-0.954014778
215907035124,49112,0.305708617,-0.110925749,-0.467167079,-0.0600316152,-0.287098378,-0.051061172,-0.954653621
215923884082,49129,0.305762857,-0.117574289,-0.467212975,-0.0577482358,-0.286628634,-0.0456746146,-0.955208361
215940297051,49146,0.305838138,-0.123954758,-0.467180401,-0.0555144437,-0.286357075,-0.0405187607,-0.9556548
215956956999,49162,0.306023121,-0.12960735,-0.467055172,-0.0534453169,-0.286055237,-0.0361221097,-0.956039369
215973717988,49179,0.306240737,-0.135289907,-0.466842055,-0.0512777679,-0.285422713,-0.0318911411,-0.95649755
215990289707,49195,0.30646041,-0.140364096,-0.466557086,-0.0492647029,-0.284360707,-0.0280456487,-0.957040012
216007047988,49212,0.306623578,-0.145418286,-0.466226935,-0.047385484,-0.282628328,-0.0241683312,-0.957753479
216023617780,49228,0.306813061,-0.149797708,-0.465884745,-0.0460211597,-0.280402243,-0.0211565923,-0.958545327
216040280853,49245,0.307108551,-0.15402168,-0.465465009,-0.044906389,-0.277492106,-0.0189081747,-0.959491551
216056947884,49261,0.307413042,-0.157601848,-0.465066582,-0.0438572131,-0.274450362,-0.0175140593,-0.960440993
216073658405,49278,0.307801038,-0.160989836,-0.464691132,-0.0426222272,-0.271099538,-0.016438771,-0.96146673
216090485228,49294,0.308219939,-0.163796023,-0.464443743,-0.0415863134,-0.267946362,-0.0157743264,-0.962406635
216106959811,49311,0.308702439,-0.166314304,-0.464284658,-0.0407800265,-0.264583468,-0.0154353166,-0.963376582
216123613353,49328,0.309254438,-0.168359116,-0.46423462,-0.0402403809,-0.261205345,-0.0152784297,-0.964323103
216140287259,49344,0.309850097,-0.169906661,-0.464281529,-0.0398092307,-0.25795272,-0.015323326,-0.965215445
216156946478,49361,0.310602456,-0.171232551,-0.464429051,-0.0393886417,-0.253894746,-0.0156615395,-0.966302633
216173665176,49378,0.311448157,-0.172232047,-0.464655161,-0.0391429067,-0.248174712,-0.0162470676,-0.967787743
216190285801,49394,0.312257081,-0.17279017,-0.464842707,-0.0390420556,-0.24078247,-0.017049782,-0.969643712
216206945644,49411,0.313167781,-0.173030198,-0.46503669,-0.039352756,-0.230541855,-0.0184379425,-0.972091496
216223615540,49427,0.314040482,-0.173028484,-0.465174973,-0.0403730832,-0.218331173,-0.0204133242,-0.974825561
216240313249,49444,0.314856529,-0.172961161,-0.465189964,-0.0426834971,-0.202767789,-0.0233540814,-0.97801739
216256965019,49460,0.315465093,-0.172917172,-0.465124249,-0.0461163372,-0.186467081,-0.0268693641,-0.981010377
216273634551,49477,0.316026062,-0.172936082,-0.465095311,-0.0510024987,-0.16849032,-0.0314309821,-0.983881056
216290278405,49494,0.316523015,-0.173006818,-0.465141058,-0.056129586,-0.150203198,-0.0365246236,-0.986384511
216306945905,49510,0.316915691,-0.173091397,-0.465186268,-0.0602778606,-0.132602334,-0.041498363,-0.988463998
216324074134,49526,0.31718269,-0.173254445,-0.465181172,-0.0633033067,-0.114720404,-0.0463284105,-0.990295708
216340281321,49543,0.317400336,-0.173429847,-0.465152293,-0.0651079118,-0.0958116353,-0.0515314303,-0.991930246
216356943457,49560,0.317640841,-0.173567936,-0.465118319,-0.0661925077,-0.0773468316,-0.0566929989,-0.993187726
216373732571,49576,0.317748427,-0.173835114,-0.465108484,-0.0674440712,-0.060053125,-0.0612116978,-0.99403125
216390291686,49593,0.31779927,-0.17423749,-0.465068132,-0.0688207597,-0.0418528281,-0.0656042919,-0.994589448
216407596321,49609,0.317907184,-0.174829781,-0.465012103,-0.0704069361,-0.0251727179,-0.069291994,-0.994790375
216423642571,49626,0.318030447,-0.175571352,-0.464835733,-0.0723390132,-0.00790409558,-0.0725022256,-0.994710028
216440278457,49642,0.318097413,-0.176354632,-0.464565188,-0.0741026998,0.00792981964,-0.0745366663,-0.994429648
216456945019,49659,0.318118691,-0.177276373,-0.464208722,-0.0762176737,0.0238079913,-0.0755778924,-0.993937612
216473617311,49676,0.318065673,-0.178196967,-0.463771462,-0.0788017511,0.0384812765,-0.0756726936,-0.993268907
216490293821,49692,0.317946315,-0.179148018,-0.463385463,-0.0817434564,0.0515418872,-0.0750249848,-0.992488146
216506947936,49709,0.31770435,-0.180227101,-0.463024557,-0.0854495987,0.0647107661,-0.0735295042,-0.991516173
216523611269,49726,0.317329884,-0.181490332,-0.462699056,-0.0895215943,0.0768774673,-0.0713946596,-0.990443647
216540290696,49742,0.3169159,-0.182677388,-0.462435663,-0.0928807557,0.0872932971,-0.0689462796,-0.989444017
216556959863,49758,0.316409081,-0.183759168,-0.462192178,-0.0952245668,0.0968479291,-0.0664540306,-0.988502264
216573841634,49775,0.315757275,-0.184843138,-0.461947858,-0.0966892242,0.106143698,-0.0644848645,-0.987535536
216590319863,49792,0.315289438,-0.18567352,-0.46168676,-0.0974859893,0.11470516,-0.0642704144,-0.986513317
216606942103,49808,0.315087676,-0.186374173,-0.46139732,-0.0981968492,0.122689791,-0.0659989268,-0.985367358
216623619759,49824,0.315044641,-0.186939478,-0.46104458,-0.098896496,0.131214291,-0.0697178394,-0.983941972
216640374603,49842,0.315129399,-0.187365875,-0.460467726,-0.0990416184,0.141614929,-0.0768494532,-0.98195219
216656959811,49858,0.315266311,-0.187720224,-0.459869146,-0.0983889624,0.151273176,-0.085746713,-0.97983855
216673641061,49874,0.315378726,-0.18777293,-0.459186971,-0.0961701497,0.160851225,-0.0957390815,-0.977605402
216690284915,49891,0.315228224,-0.187637925,-0.458357036,-0.0928440616,0.170710251,-0.105912231,-0.975202858
216706998144,49908,0.314860284,-0.187280893,-0.457606792,-0.0894180164,0.18018572,-0.115462571,-0.972731233
216723618248,49924,0.314339668,-0.186851606,-0.457003236,-0.0862567946,0.188361198,-0.124328114,-0.970372319
216740285644,49941,0.313884437,-0.186425656,-0.456483454,-0.0832015425,0.195380315,-0.134062961,-0.967952132
216756951738,49957,0.313707113,-0.185902387,-0.456095904,-0.0800101906,0.200624526,-0.143008724,-0.965865791
216773689759,49974,0.313660145,-0.185384527,-0.455676883,-0.0765296072,0.20544517,-0.151250988,-0.963876963
216790279811,49990,0.313784182,-0.184947535,-0.455257028,-0.0737608075,0.210085586,-0.157472327,-0.962094545
216806962832,50007,0.313926309,-0.184529707,-0.454721063,-0.0713779256,0.215488866,-0.162338078,-0.960268795
216828960852,50029,0.314124584,-0.183978975,-0.453880012,-0.0689819232,0.223030329,-0.1666269,-0.957984626
216840286165,50041,0.314206302,-0.183622196,-0.453453511,-0.0680515543,0.227679566,-0.168013379,-0.956714451
216856948352,50057,0.314139664,-0.183079377,-0.452981174,-0.0669397563,0.234448254,-0.169145048,-0.954957068
216873621373,50073,0.313961357,-0.182463706,-0.4525913,-0.0659667775,0.241289273,-0.17052184,-0.953074098
216890301373,50089,0.313516289,-0.181810603,-0.452214837,-0.0644493625,0.248790041,-0.171940476,-0.950992227
216906947259,50107,0.312856108,-0.181070328,-0.451910377,-0.0626152456,0.258074284,-0.174268633,-0.948212802
216923843457,50123,0.312293857,-0.180466384,-0.451675236,-0.0612579882,0.265788257,-0.17650941,-0.945752919
216940388665,50139,0.311735719,-0.179844767,-0.451536536,-0.0596827604,0.273364663,-0.177896872,-0.943431199
216956944811,50157,0.311069846,-0.179038987,-0.451621085,-0.0572656877,0.282758117,-0.178520739,-0.940690637
216973723873,50173,0.310312808,-0.178248748,-0.451845139,-0.053818129,0.292017937,-0.178667173,-0.9380337
216990275019,50189,0.309512585,-0.177301139,-0.452177465,-0.0486765057,0.301606774,-0.179221228,-0.935170412
217006943196,50206,0.308606535,-0.176156029,-0.452486753,-0.0417437851,0.311428666,-0.180995017,-0.931939065
217023897259,50223,0.307737768,-0.174902111,-0.452736497,-0.0345627032,0.32016626,-0.184196651,-0.928639114
217040288300,50239,0.306882203,-0.173744649,-0.453045458,-0.0282834992,0.32858777,-0.187798128,-0.925182164
217056953769,50255,0.305870533,-0.172722325,-0.453403592,-0.0229073353,0.337739855,-0.191644639,-0.921238005
217073634394,50272,0.304602921,-0.171802744,-0.453890681,-0.0188767221,0.348414093,-0.195492968,-0.916533649
217096325384,50294,0.302673101,-0.170956716,-0.454797268,-0.017707346,0.363836855,-0.198855549,-0.909816325
217106945279,50306,0.301596642,-0.170553833,-0.455386996,-0.0186745282,0.372239113,-0.19943282,-0.906264782
217123647832,50322,0.300119489,-0.170026198,-0.456136405,-0.0214593168,0.382582426,-0.199431315,-0.90188545
217140287675,50338,0.298624068,-0.169443488,-0.456834286,-0.0256757624,0.392436206,-0.198980153,-0.897631109
217156942675,50355,0.29710272,-0.168689698,-0.457475781,-0.0308230091,0.402337253,-0.197828203,-0.893330157
217174210748,50372,0.29557544,-0.167918429,-0.457909971,-0.0365109742,0.411529094,-0.196428835,-0.889228046
217190407050,50388,0.294162124,-0.167234167,-0.458226889,-0.0423367284,0.419922143,-0.194714904,-0.88541472
217206945384,50404,0.292718112,-0.16670242,-0.458477497,-0.0484233871,0.428459436,-0.192370564,-0.881516457
217224921373,50423,0.291001201,-0.166227713,-0.458699465,-0.0561664551,0.438724995,-0.189089373,-0.876704633
217240278196,50438,0.289604723,-0.16586034,-0.458810449,-0.0626297593,0.446974814,-0.18649368,-0.872646034
217256956529,50454,0.288403541,-0.165582016,-0.458719343,-0.0712993667,0.453865647,-0.184756428,-0.868785083
217273632779,50471,0.287739277,-0.165247411,-0.458382368,-0.0814171061,0.457964182,-0.182893842,-0.866135061
217290349967,50487,0.287257552,-0.164951369,-0.457827777,-0.089895077,0.460383385,-0.181715548,-0.864260137
217306954186,50504,0.286795408,-0.164750427,-0.457256377,-0.098004207,0.462815553,-0.181434304,-0.862136066
217323608613,50521,0.286168277,-0.164399967,-0.456550479,-0.104330763,0.465385914,-0.180755883,-0.860150278
217340376946,50537,0.285378724,-0.163721606,-0.45588845,-0.107969448,0.469152868,-0.18021898,-0.857764184
217356971425,50553,0.284583688,-0.16272305,-0.455376923,-0.110272296,0.474982917,-0.181745082,-0.853932083
217373724915,50571,0.28355369,-0.161233217,-0.454890847,-0.110346653,0.484945118,-0.184953541,-0.847610831
217390273509,50587,0.282660931,-0.159711808,-0.454410285,-0.108727947,0.494060904,-0.187591627,-0.841956973
217406945436,50603,0.281656027,-0.158201307,-0.453898221,-0.106211752,0.502914488,-0.189984784,-0.836481929
217424872831,50620,0.280525744,-0.15660432,-0.453436494,-0.102449663,0.512475848,-0.192120254,-0.83063978
217440280748,50637,0.279303938,-0.155242413,-0.452998608,-0.0994933546,0.52191925,-0.193597183,-0.82475549
217456958561,50653,0.278127551,-0.154254571,-0.452453882,-0.0989667475,0.53027159,-0.194305465,-0.819306493
217473642102,50669,0.277011037,-0.153378025,-0.451837897,-0.099690333,0.53836,-0.194982588,-0.813764215
217490294446,50687,0.275559425,-0.152581379,-0.451200545,-0.101527944,0.547557712,-0.196215913,-0.807076216
217506992831,50702,0.274166405,-0.152075395,-0.450825095,-0.10262657,0.556182623,-0.196335673,-0.800987601
217523621373,50720,0.27204746,-0.151866913,-0.450553924,-0.103720419,0.568707407,-0.19422543,-0.792521656
217540296998,50736,0.27009064,-0.152087361,-0.450437039,-0.106517255,0.580806196,-0.190815106,-0.784160614
217556946008,50753,0.268065095,-0.152743936,-0.450370044,-0.111481898,0.594303608,-0.185848504,-0.774490356
217573698300,50769,0.266192198,-0.153748319,-0.450362235,-0.118099593,0.607500613,-0.180614755,-0.764443517
217590669446,50785,0.264443636,-0.155127004,-0.450383604,-0.126342446,0.621007681,-0.174740359,-0.753560185
217609190019,50805,0.262213737,-0.157380596,-0.45038417,-0.137699381,0.638204098,-0.165843144,-0.739074111
217623618561,50819,0.260726154,-0.159189686,-0.450447261,-0.146166891,0.650432169,-0.158847183,-0.72824502
217640272831,50835,0.259084255,-0.16151017,-0.45061481,-0.156726524,0.664337814,-0.150715753,-0.715106189
217656957363,50851,0.257654607,-0.163828,-0.450898409,-0.16844517,0.677152693,-0.143837243,-0.701713204
217673640175,50869,0.256451219,-0.166041821,-0.451345742,-0.181861356,0.689948618,-0.138222024,-0.686871231
217690560904,50885,0.255530328,-0.167280257,-0.451458544,-0.190270752,0.699048936,-0.136175424,-0.675709903
217706946477,50901,0.254864246,-0.167453766,-0.451064438,-0.192553505,0.706021607,-0.137924388,-0.667408049
217723610904,50919,0.254170954,-0.166988596,-0.450651467,-0.190751299,0.713926017,-0.139304429,-0.659179688
217740303508,50935,0.253296793,-0.166638538,-0.450387001,-0.18636401,0.722031295,-0.138163537,-0.651805341
217756946477,50951,0.252273142,-0.166610673,-0.450093389,-0.181430265,0.7304883,-0.13635464,-0.644109726
217773697258,50968,0.251211822,-0.166956767,-0.449730366,-0.177830935,0.739349842,-0.134868041,-0.6352548
217790280904,50985,0.250355691,-0.167412385,-0.449418366,-0.174572393,0.74790597,-0.134113595,-0.626238585
217806950956,51001,0.249652341,-0.167767048,-0.449071318,-0.170929566,0.755249143,-0.134478793,-0.618301928
217823625331,51017,0.249129206,-0.168044746,-0.448652387,-0.166857317,0.76200515,-0.135270879,-0.610908091
217840274133,51034,0.248506695,-0.168493256,-0.448231995,-0.162084267,0.769135237,-0.135567456,-0.603142798
217856999446,51051,0.247859091,-0.169172272,-0.44819811,-0.157248884,0.776522577,-0.134866491,-0.59506011
217873613873,51067,0.24741447,-0.169919237,-0.448412418,-0.153058678,0.782882154,-0.133904174,-0.587995231
217890284394,51084,0.247010663,-0.170799315,-0.448588699,-0.148517936,0.788785458,-0.13300167,-0.581438363
217906945383,51100,0.246764749,-0.171803087,-0.448632628,-0.144186616,0.793699861,-0.131757483,-0.576099694
217923622519,51117,0.246543348,-0.173142374,-0.448549807,-0.139535442,0.798530936,-0.130133107,-0.570914745
217940279654,51133,0.246744454,-0.174451411,-0.44833681,-0.135436833,0.802432537,-0.130369231,-0.566359222
217956954862,51150,0.247326136,-0.175667286,-0.447938502,-0.131516904,0.805801332,-0.131079853,-0.562321603
217973665123,51167,0.247709781,-0.176767752,-0.447452366,-0.127995461,0.809080482,-0.129520491,-0.558775842
217990277779,51183,0.247964725,-0.177861184,-0.446970582,-0.125533268,0.812499166,-0.127154216,-0.554904044
218006954498,51200,0.248004317,-0.179077402,-0.446509898,-0.123318829,0.816168725,-0.124637961,-0.550569296
218025864706,51218,0.248074859,-0.180326387,-0.446244985,-0.121370472,0.820218086,-0.121767893,-0.545604467
218040291008,51233,0.248157501,-0.181393355,-0.446082115,-0.120505288,0.823669076,-0.119547211,-0.541069567
218056947310,51250,0.248165607,-0.1825618,-0.445872933,-0.120510809,0.82760179,-0.117200427,-0.535552502
218073629967,51266,0.248027354,-0.183595777,-0.445756912,-0.120993398,0.831333637,-0.11497549,-0.530118644
218090284237,51282,0.247760281,-0.184606686,-0.445742667,-0.121729456,0.835071743,-0.112826869,-0.524506569
218107046477,51300,0.247472629,-0.185564309,-0.445800602,-0.122313939,0.83901155,-0.109969296,-0.518657625
218123610644,51316,0.247242317,-0.186290666,-0.445860326,-0.122752935,0.842061639,-0.107194386,-0.514172375
218140283300,51332,0.247191727,-0.186905026,-0.445984542,-0.122946016,0.845071077,-0.104194239,-0.509786963
218156950383,51349,0.247219503,-0.187436849,-0.446089029,-0.122037962,0.848118186,-0.100639522,-0.505642235
218173612935,51366,0.247187197,-0.187889859,-0.446050107,-0.120080501,0.850719869,-0.0971955657,-0.502403617
218190532467,51382,0.247190446,-0.188220352,-0.445916235,-0.117879719,0.852665961,-0.0946896598,-0.500099123
218206942883,51398,0.247138381,-0.188540041,-0.445768267,-0.115531854,0.854052484,-0.0927722752,-0.498638302
218223630123,51415,0.247088149,-0.188827813,-0.445597202,-0.113294534,0.854755461,-0.090678446,-0.498332143
218240275487,51432,0.247015446,-0.189120397,-0.44542712,-0.111893602,0.854688585,-0.0883983746,-0.49917233
218256951633,51448,0.246962234,-0.189423248,-0.445282251,-0.111134164,0.854056478,-0.0860493258,-0.500831604
218274264810,51465,0.24701488,-0.189784899,-0.445187449,-0.110704124,0.853084922,-0.083563298,-0.502999008
218290289133,51482,0.247126654,-0.190272495,-0.445184529,-0.111013807,0.852131426,-0.0814604387,-0.504888237
218306947310,51498,0.247332662,-0.19083418,-0.445248365,-0.111654222,0.851347387,-0.0802157149,-0.50626725
218323616529,51514,0.247463465,-0.191418275,-0.445374668,-0.112259723,0.851021409,-0.0796064809,-0.506777227
218340306216,51531,0.247391835,-0.191916019,-0.445456773,-0.112568215,0.851172864,-0.0796057582,-0.506454527
218356946373,51548,0.247078732,-0.192297518,-0.445460409,-0.113153338,0.851641297,-0.0802714527,-0.50543052
218373731321,51564,0.246559173,-0.192566544,-0.445519269,-0.113623604,0.852665007,-0.0811100975,-0.503461242
218390372675,51580,0.24589932,-0.192794427,-0.445654035,-0.113779753,0.854384661,-0.0825018063,-0.500274479
218407075748,51598,0.244928554,-0.1931642,-0.445831478,-0.113956332,0.856755912,-0.0855125636,-0.49565199
218423612206,51614,0.243816942,-0.193338886,-0.445957214,-0.112890936,0.859029174,-0.0885130018,-0.491416276
218440288352,51630,0.242548853,-0.193254262,-0.44604978,-0.110544093,0.861375988,-0.0915429816,-0.487269312
218456978769,51647,0.241210222,-0.193010837,-0.44611904,-0.107600391,0.863651752,-0.0943916366,-0.483340621
218473622883,51664,0.23994562,-0.192636445,-0.446111917,-0.104145139,0.865626216,-0.0965066105,-0.48013711
218490314185,51679,0.238886356,-0.192197487,-0.446060777,-0.101151831,0.867249608,-0.0977007225,-0.477599323
218506945071,51697,0.237751901,-0.191574931,-0.446124256,-0.0988789499,0.868935585,-0.0987077206,-0.474795401
218523615956,51713,0.236717403,-0.191033989,-0.446264148,-0.0978379101,0.870297074,-0.0992199555,-0.472404748
218540418769,51730,0.235599786,-0.190600157,-0.446407318,-0.0975944251,0.871716261,-0.0991814211,-0.469839543
218556939394,51746,0.234591335,-0.190501243,-0.446606636,-0.0984379202,0.873228133,-0.0990572646,-0.46687302
218573726008,51763,0.233636379,-0.190643847,-0.446983129,-0.100303873,0.875459194,-0.0989331976,-0.462301433
218590273821,51779,0.232828498,-0.190850854,-0.447339773,-0.102747016,0.87785989,-0.0990307629,-0.457163095
218607431425,51796,0.231866911,-0.191049755,-0.447586536,-0.104747921,0.880263686,-0.0993748307,-0.451982737
218623609758,51813,0.230774313,-0.190951973,-0.447523504,-0.104496419,0.882456064,-0.0992795825,-0.447767198
218640274810,51829,0.229726508,-0.190753043,-0.447151214,-0.10297814,0.884304881,-0.0988806039,-0.444548219
218656943560,51845,0.22877261,-0.190476596,-0.446586072,-0.100779116,0.885964394,-0.0985001922,-0.4418239
218673609862,51863,0.227979004,-0.190057114,-0.445853561,-0.0982538536,0.887612879,-0.0987738669,-0.439014047
218690286893,51879,0.227541789,-0.189631611,-0.445144832,-0.0966971368,0.888848484,-0.0995383486,-0.436680824
218706962518,51895,0.227252498,-0.189173222,-0.444387704,-0.0959508866,0.889617026,-0.100487873,-0.435060024
218723632571,51912,0.227135539,-0.188694581,-0.443697095,-0.0956471935,0.890617728,-0.10158921,-0.432817876
218740275539,51929,0.227215618,-0.188235685,-0.443121761,-0.0963280052,0.891649842,-0.1027233,-0.430266768
218756943821,51945,0.227422565,-0.18775636,-0.442724198,-0.097790651,0.892683148,-0.103623889,-0.427569717
218773620539,51961,0.227673933,-0.187278956,-0.442457795,-0.0996664315,0.893704355,-0.104521371,-0.42477566
218790459393,51979,0.227940217,-0.186825171,-0.44233188,-0.10213805,0.894727111,-0.105713241,-0.421729714
218806958977,51995,0.228115946,-0.186533943,-0.442358017,-0.105048873,0.895463526,-0.107280456,-0.419047505
218823625695,52011,0.228302851,-0.186277747,-0.442445099,-0.108945347,0.896110654,-0.108910292,-0.416239411
218840281373,52028,0.228521556,-0.186042532,-0.442570537,-0.113804795,0.896761537,-0.11080873,-0.41302377
218856944029,52045,0.22875385,-0.185711607,-0.442619026,-0.117869414,0.897349179,-0.113198139,-0.40994814
218873616998,52061,0.229077935,-0.185140789,-0.442725241,-0.12111672,0.89826566,-0.114349097,-0.406661928
218890279706,52077,0.2295205,-0.184350491,-0.443018913,-0.124223672,0.89994365,-0.114000387,-0.402086914
218906945487,52094,0.230180174,-0.183247462,-0.443458617,-0.127451643,0.902836561,-0.112023756,-0.39508611
218923611477,52111,0.231025234,-0.181940913,-0.443951935,-0.130711541,0.906630993,-0.109021358,-0.386068761
218940283091,52127,0.231971711,-0.180546671,-0.444442779,-0.133935943,0.910631776,-0.105867133,-0.376301855
218956967570,52144,0.233141601,-0.178871006,-0.445020258,-0.13811256,0.915399313,-0.101846106,-0.364137888
218973615123,52161,0.234484553,-0.177029774,-0.44558841,-0.142967418,0.920732081,-0.0980782434,-0.34956184
218990276320,52177,0.235872135,-0.175095648,-0.446039736,-0.147132978,0.926189184,-0.0954086259,-0.333800554
219007342258,52194,0.237482503,-0.172832489,-0.446464896,-0.150950298,0.932213366,-0.0939337015,-0.315228224
219023618352,52210,0.23914209,-0.170515373,-0.446831137,-0.153870523,0.937832594,-0.0940693766,-0.296555102
219040313977,52227,0.240913704,-0.168093547,-0.44710806,-0.154956013,0.943606198,-0.0960438326,-0.276354104
219056948039,52243,0.242496684,-0.165849745,-0.44732061,-0.153901786,0.948683739,-0.0992348492,-0.257810026
219073599758,52260,0.244100198,-0.163435608,-0.447580725,-0.151051462,0.953687489,-0.103135504,-0.23880288
219090281008,52276,0.245583341,-0.161160842,-0.447872758,-0.147216603,0.958073914,-0.106736787,-0.221424907
219106941216,52293,0.247270778,-0.158712551,-0.448256433,-0.142806187,0.962414801,-0.110373899,-0.202932984
219123962727,52310,0.249090523,-0.156373367,-0.448719144,-0.138566718,0.966391683,-0.114078827,-0.184045047
219140281945,52326,0.250894725,-0.154258549,-0.449155211,-0.134432152,0.9698295,-0.118104979,-0.165559694
219157031372,52342,0.252777338,-0.152212739,-0.449545771,-0.129897326,0.97303319,-0.122601375,-0.145952538
219173656997,52360,0.254921585,-0.150098786,-0.449903846,-0.124298066,0.976257324,-0.128309578,-0.122508585
219190281216,52376,0.256801307,-0.148354948,-0.45018515,-0.118694656,0.978708327,-0.133962855,-0.100476854
219206987102,52392,0.258708507,-0.146724135,-0.450484872,-0.112868004,0.980671048,-0.139984012,-0.0771340579
219223623247,52409,0.260810584,-0.145152479,-0.45084393,-0.106444642,0.982067466,-0.146988794,-0.0510628484
219240280331,52426,0.262903661,-0.143799171,-0.451215416,-0.0993924439,0.982680142,-0.154490054,-0.0243678708
219256944706,52442,0.26482743,-0.142705798,-0.451582491,-0.0923911929,0.982480407,-0.16185163,0.000498872541
219273635331,52459,0.26685673,-0.141708896,-0.452002704,-0.0851105079,0.981352866,-0.170333967,0.0262526702
219290353195,52475,0.268713892,-0.140958339,-0.452417761,-0.078605473,0.979502559,-0.178660065,0.0497642793
219306965070,52491,0.270513088,-0.140352681,-0.452879101,-0.0726124793,0.97705996,-0.186738521,0.0721812844
219323616424,52509,0.272500634,-0.139794797,-0.453451157,-0.0670413151,0.973605275,-0.195822611,0.0961863622
219340393299,52525,0.274322033,-0.139313698,-0.454027832,-0.0635081604,0.969840944,-0.204195023,0.116960481
219356945018,52541,0.276137769,-0.138891652,-0.454546958,-0.0607765205,0.96533531,-0.213061467,0.137981564
219373918195,52558,0.277950108,-0.138493314,-0.454952329,-0.0584914051,0.959691823,-0.222658247,0.161225885
219390292310,52575,0.27965197,-0.138075575,-0.455263525,-0.0572480373,0.953255534,-0.231728062,0.18528001
219406953508,52591,0.28115055,-0.137636468,-0.455453366,-0.0572178289,0.946469545,-0.239700928,0.208482787
219423623247,52607,0.282621533,-0.137100652,-0.455502748,-0.0580518059,0.938720703,-0.247444838,0.232818708
219440274185,52624,0.284143865,-0.136471361,-0.455276728,-0.0590712167,0.92909658,-0.255665779,0.260624707
219457025591,52640,0.285352945,-0.135777101,-0.454895407,-0.059604723,0.919331372,-0.262213916,0.287264735
219473638351,52658,0.286353111,-0.134850189,-0.454385191,-0.060426563,0.908013225,-0.267806679,0.316449314
219490295435,52674,0.287039548,-0.133889973,-0.453784704,-0.0621944368,0.897294104,-0.271534145,0.342439026
219506986320,52690,0.287597984,-0.132682011,-0.453049213,-0.0645836219,0.885863602,-0.274316669,0.368544549
219523618456,52707,0.287974626,-0.131232187,-0.452076554,-0.0671186522,0.872621894,-0.27725026,0.396432161
219540363872,52724,0.288174748,-0.12964493,-0.45103994,-0.0701839179,0.857990026,-0.280582905,0.424500406
219556954601,52740,0.288253307,-0.128030747,-0.450048298,-0.0742498264,0.842778921,-0.283936113,0.451210529
219573621216,52757,0.288159341,-0.126210079,-0.448915631,-0.0794157684,0.825118184,-0.287332416,0.479909718
219590287310,52773,0.287946016,-0.124402389,-0.447885931,-0.0839849487,0.807712555,-0.290189415,0.506297469
219607040174,52790,0.287611902,-0.122453474,-0.446806341,-0.0877205804,0.789201915,-0.292969614,0.532573164
219623633612,52807,0.287100643,-0.120524794,-0.445682019,-0.089645274,0.771853626,-0.295151204,0.555960059
219640276685,52823,0.286437929,-0.118725307,-0.444688201,-0.0897903889,0.757143021,-0.296715289,0.575006306
219656944758,52840,0.285568416,-0.116830148,-0.443563461,-0.0889932886,0.743046105,-0.298162252,0.592504919
219673625747,52856,0.284587979,-0.115008608,-0.442351699,-0.0881782472,0.730935097,-0.298747152,0.607213855
219690278872,52873,0.283363611,-0.113016441,-0.440925092,-0.0870591998,0.718534112,-0.298198611,0.622259676
219706989133,52889,0.281955868,-0.111134052,-0.439262897,-0.0857193843,0.705682278,-0.297451288,0.637328386
219723619706,52906,0.280167311,-0.10915947,-0.437132925,-0.0849070549,0.688618541,-0.297133803,0.655977845
219740284289,52923,0.278072357,-0.10719081,-0.434589356,-0.0855910555,0.668146074,-0.295885354,0.677279055
219756949862,52939,0.275845706,-0.10532257,-0.432073861,-0.0867804885,0.647122562,-0.292456001,0.698692381
219773747570,52956,0.273306131,-0.103276104,-0.42939651,-0.088519752,0.624103606,-0.285294533,0.721987605
219790319289,52972,0.270690858,-0.10136497,-0.426833481,-0.0904253572,0.602506578,-0.275715739,0.743498445
219807686424,52989,0.267605513,-0.0994428694,-0.4240565,-0.0924167559,0.579037368,-0.264467984,0.765657604
219824411424,53006,0.264181793,-0.0976962596,-0.421213239,-0.0941659957,0.555056036,-0.253091186,0.786759436
219840868091,53022,0.260673016,-0.0961992592,-0.418601066,-0.0954268351,0.532369375,-0.242315993,0.805456161
219857714497,53039,0.256682515,-0.0947362483,-0.415934622,-0.0964842737,0.50796634,-0.230238065,0.824409783
219873833247,53055,0.252736151,-0.093503356,-0.41356048,-0.0973337144,0.484422684,-0.218403041,0.841523051
219890341112,53071,0.248776108,-0.0923629329,-0.411343932,-0.0981050357,0.460143596,-0.207005575,0.857783258
219907081060,53088,0.244603306,-0.0912727416,-0.409093291,-0.0982352123,0.434016645,-0.195495084,0.873934329
219923608612,53105,0.240642101,-0.0901491418,-0.406954765,-0.0983192995,0.408606172,-0.183848143,0.888579965
219940310383,53121,0.237166226,-0.0890677273,-0.404864192,-0.0967018604,0.386665523,-0.173457041,0.900583804
219956954185,53137,0.233696342,-0.0878861398,-0.402718246,-0.0938734785,0.365416825,-0.163188115,0.911607385
219973685799,53155,0.229876503,-0.0864585638,-0.400462598,-0.0904885307,0.340990245,-0.150790513,0.92347157
219990284549,53171,0.226699531,-0.0852828324,-0.398728579,-0.0866200551,0.318844974,-0.139029756,0.933544695
220006961008,53187,0.223691449,-0.0841158777,-0.397306353,-0.0834177434,0.296357304,-0.12697576,0.942916274
220023860226,53205,0.220382735,-0.0828881264,-0.395904034,-0.0807032809,0.270655423,-0.113171041,0.952588558
220040410070,53221,0.217447683,-0.0817994326,-0.395087332,-0.0783224478,0.247690916,-0.100760616,0.960396945
220056968716,53237,0.214622915,-0.0807878152,-0.394551069,-0.0761637688,0.225655362,-0.088167496,0.96721524
220073611060,53254,0.212036967,-0.0797655061,-0.393984795,-0.076127924,0.205956846,-0.0743479505,0.972758353
220090297205,53270,0.210310131,-0.0785431266,-0.393567681,-0.0782766491,0.19290939,-0.0609870963,0.976186156
220106948664,53287,0.209241927,-0.0767923892,-0.393096626,-0.0819860399,0.183725029,-0.0462664366,0.978459477
220123633299,53303,0.208757222,-0.074650839,-0.392598033,-0.086827375,0.177455708,-0.0326004438,0.979748785
220140305382,53320,0.208605915,-0.0721617788,-0.39204666,-0.0917961672,0.171437413,-0.0192768015,0.980719745
220156942987,53336,0.208534554,-0.0697703883,-0.391482413,-0.0965467542,0.164639592,-0.00846979767,0.981580794
220173663612,53353,0.208312154,-0.0672902763,-0.390897065,-0.101368003,0.15428707,0.000873231504,0.982811928
220190348716,53370,0.208042771,-0.0650888234,-0.390257865,-0.1038289,0.14034611,0.00825914554,0.984608769
220206951580,53386,0.207697511,-0.0631934181,-0.3897084,-0.104746863,0.125101402,0.0139074698,0.986501038
220223870955,53403,0.207423732,-0.0614748225,-0.388849974,-0.104135029,0.109435588,0.0189585537,0.988342226
220240275226,53420,0.207166716,-0.0600975938,-0.387728691,-0.101821743,0.095959954,0.0237981137,0.989877641
220256953768,53436,0.207008928,-0.0589077212,-0.386621684,-0.0992650315,0.0861452147,0.0283932462,0.990918398
220273636841,53452,0.207026511,-0.0578008443,-0.385401905,-0.0964069813,0.078894414,0.0327219777,0.991670668
220290324237,53470,0.20693846,-0.0567116961,-0.384145498,-0.093195267,0.0725761354,0.0369484648,0.992311537
220307010695,53486,0.206890881,-0.0558183119,-0.383113682,-0.0910339355,0.0676620752,0.0401845872,0.992733538
220323613716,53502,0.206847399,-0.0550937057,-0.382361472,-0.0894847065,0.0629701987,0.0428034551,0.993073583
220340279080,53518,0.206737578,-0.0544872656,-0.381750107,-0.0884772688,0.0581941083,0.0449847206,0.993358731
220356941424,53535,0.206399158,-0.0537824444,-0.381156206,-0.0885950848,0.0526178554,0.0473274179,0.99355042
220373847570,53552,0.205801129,-0.0531441532,-0.380826294,-0.0895835385,0.0468169525,0.049754668,0.993633509
220390282570,53568,0.20537135,-0.0526216216,-0.380534381,-0.0909383371,0.0417344496,0.0522800386,0.993607163
220407001528,53585,0.20491229,-0.0521683358,-0.380298525,-0.0929382145,0.0370076746,0.0551338531,0.993455172
220423620799,53601,0.204470217,-0.051873818,-0.38015157,-0.0946727544,0.033379022,0.0579288751,0.99326092
220440284705,53618,0.203886136,-0.0517066196,-0.380153358,-0.0962945372,0.0303722415,0.0606560893,0.993038654
220456946580,53635,0.203197122,-0.0517122969,-0.380319476,-0.0976757929,0.028529061,0.0631379411,0.992803693
220473976528,53651,0.202628642,-0.0518161505,-0.380491138,-0.098657161,0.0281184446,0.0650619045,0.992594182
220490485018,53668,0.202127948,-0.0519762412,-0.380785942,-0.0995584726,0.0303372853,0.0658908561,0.992384136
220513652362,53691,0.202035725,-0.0523192473,-0.381178856,-0.0999980867,0.0375854298,0.0644696131,0.992185175
220523610747,53701,0.202052057,-0.0525480472,-0.381444275,-0.0999641791,0.0411870368,0.0633557737,0.992117405
220540292466,53717,0.202105105,-0.0528770462,-0.381900579,-0.0998719558,0.0464740209,0.0606765226,0.992060542
220556956841,53734,0.202385157,-0.0531163141,-0.382225901,-0.100090161,0.0508451462,0.056557212,0.992067575
220573730434,53751,0.202674061,-0.0532745495,-0.382598579,-0.100946568,0.0536799878,0.0513784401,0.992113113
220590290695,53767,0.203103542,-0.0533467941,-0.382963896,-0.1019058,0.0552028231,0.0461087823,0.99219048
220606947570,53784,0.203457698,-0.05340565,-0.383432567,-0.102656722,0.0558064692,0.0406076983,0.992319703
220623848039,53800,0.203824028,-0.0533561148,-0.383852005,-0.103195153,0.055544734,0.0356693156,0.992468297
220640280747,53817,0.204268038,-0.0531591401,-0.384169072,-0.10359098,0.0551148094,0.0305055398,0.99262315
220656949289,53834,0.204599649,-0.0528581068,-0.384413779,-0.103556938,0.0542779416,0.0257541519,0.992807448
220673687830,53849,0.204785123,-0.0524991788,-0.384683371,-0.103074424,0.0520860031,0.0220567826,0.993064046
220690288507,53867,0.204932719,-0.0520330667,-0.385102153,-0.101518407,0.0490146242,0.0177519396,0.993466973
220706945695,53883,0.205091476,-0.0515369512,-0.385510087,-0.0995819494,0.0463303141,0.0145281162,0.993843973
220723790278,53899,0.205104068,-0.0510590486,-0.386010319,-0.0972633287,0.0432868972,0.012308917,0.994240761
220740287986,53916,0.204944715,-0.050497666,-0.3865996,-0.0942405239,0.0398336984,0.010572657,0.99469614
220756943976,53933,0.204614609,-0.049794022,-0.387331426,-0.0896204114,0.0357061513,0.00982352812,0.995287299
220773659966,53949,0.204048038,-0.0490925014,-0.388243526,-0.083521463,0.0307564326,0.010196086,0.99597913
220790299028,53966,0.203357786,-0.0482143648,-0.389350355,-0.0759236366,0.0243916735,0.0115681374,0.996748209
220807029966,53983,0.202662796,-0.0472140647,-0.390529454,-0.0676632822,0.0172458831,0.0136184124,0.997466207
220823633247,53999,0.20198144,-0.0461542048,-0.39175579,-0.059025798,0.0100072762,0.0160292909,0.998077571
220840288195,54016,0.201072887,-0.0450446717,-0.393188924,-0.0492259488,0.00129986706,0.0198458023,0.998589635
220856971007,54032,0.200054616,-0.0440476425,-0.394597501,-0.040733587,-0.00800852571,0.0242318716,0.998844087
220873692518,54049,0.199054912,-0.0429349057,-0.396065325,-0.0330278985,-0.0187520869,0.0286512505,0.99886775
220890316684,54065,0.198214591,-0.0418820903,-0.397339493,-0.0266383775,-0.0293332282,0.0323613882,0.998690546
220906954184,54082,0.197360978,-0.0407825224,-0.398753285,-0.0196828544,-0.0413130224,0.0358565599,0.998308659
220923608038,54099,0.196272433,-0.0399556421,-0.400247663,-0.011227062,-0.0543099865,0.038861338,0.997704506
220940277570,54115,0.195076361,-0.0394566506,-0.401740134,-0.00249459408,-0.0668229163,0.0404430144,0.996941745
220956944184,54132,0.193769962,-0.0392039567,-0.403443694,0.00630531134,-0.0808911994,0.0401037484,0.995895922
220974223090,54149,0.192408144,-0.0393271446,-0.405160606,0.0138978558,-0.0955784321,0.0372349136,0.994628191
220990289861,54164,0.19126381,-0.0396913663,-0.406794548,0.019571593,-0.109015189,0.0331425145,0.993294656
221006945330,54182,0.190071762,-0.04031514,-0.40876469,0.0248718113,-0.125054359,0.0274886172,0.991457105
221023617101,54198,0.189566121,-0.0406829044,-0.410533547,0.0273550097,-0.137957618,0.0224418342,0.989805996
221040282518,54214,0.189686537,-0.0407379642,-0.412306011,0.0270773713,-0.149651602,0.0186870899,0.988191307
221056975747,54232,0.190411985,-0.0404252186,-0.414173365,0.0215653684,-0.161704779,0.0180325173,0.986438751
221073635382,54248,0.191562697,-0.0398750529,-0.415880412,0.0124610979,-0.171690241,0.0209801402,0.984848738
221090288247,54264,0.193079963,-0.0392920673,-0.417586327,0.00133954792,-0.181002975,0.0260323007,0.983137012
221106943455,54280,0.194777548,-0.0387565568,-0.419387102,-0.0107635688,-0.190661356,0.0318709873,0.98107934
221123757726,54298,0.19662869,-0.0384228565,-0.421458244,-0.0249938052,-0.203102857,0.0382781364,0.97808969
221140281632,54314,0.198142797,-0.0383099243,-0.42339313,-0.0376047567,-0.215900376,0.0431606509,0.974735916
221156945695,54330,0.199474961,-0.0383129269,-0.425479323,-0.04981976,-0.230555266,0.0472494885,0.970633745
221173736840,54347,0.200626343,-0.0385888852,-0.427676857,-0.0619866773,-0.247944891,0.0509997271,0.965442955
221190291736,54364,0.201690584,-0.0390936099,-0.429848045,-0.0726295635,-0.26655829,0.0543735474,0.959538996
221206943767,54380,0.202516794,-0.0397968367,-0.431756496,-0.0813575685,-0.28474912,0.0578072034,0.953392565
221223632309,54397,0.203203648,-0.0407330692,-0.433634818,-0.0898618996,-0.304401457,0.0617675036,0.94628185
221240296320,54413,0.203733563,-0.0417965278,-0.435178995,-0.0971113965,-0.322696596,0.0656142905,0.939218342
221256943872,54429,0.204019532,-0.0430110283,-0.436468363,-0.103355028,-0.340349942,0.0700960606,0.931968987
221273610278,54446,0.204153866,-0.0443835445,-0.437578022,-0.109088555,-0.357929081,0.0753431916,0.924288869
221290293403,54463,0.204240188,-0.0458916761,-0.438369662,-0.114297085,-0.374367207,0.0805301517,0.916678965
221306968507,54480,0.20427458,-0.0473919995,-0.438841879,-0.119632967,-0.389446825,0.0852539912,0.909258425
221323766163,54496,0.204228461,-0.0488356464,-0.438942522,-0.124720022,-0.402868211,0.0896513984,0.902277529
221340307517,54512,0.204069644,-0.0502625369,-0.438773841,-0.129769206,-0.415152907,0.0940230861,0.895526528
221356939184,54529,0.203867733,-0.0516828299,-0.438347399,-0.134295255,-0.426450729,0.0981559008,0.889083803
221373694653,54546,0.20359306,-0.0531553254,-0.437616557,-0.137793258,-0.436205268,0.101600386,0.883411288
221390284236,54562,0.203337073,-0.0545233786,-0.436723351,-0.140513971,-0.443908125,0.104181126,0.878833175
221406948299,54578,0.203052104,-0.0558685213,-0.435640872,-0.141823754,-0.450210422,0.106350519,0.87514931
221423626997,54596,0.202830032,-0.0573854446,-0.434233963,-0.140916601,-0.455590129,0.108198114,0.872280598
221440384132,54612,0.202798694,-0.0587708205,-0.432966232,-0.13814579,-0.45887956,0.109502427,0.870835602
221456951788,54628,0.20285663,-0.0601886734,-0.431739837,-0.134365469,-0.460595399,0.109969102,0.870462358
221473613715,54646,0.203032672,-0.0618424416,-0.430474639,-0.130013466,-0.461006999,0.108786702,0.871053755
221490298247,54662,0.203259677,-0.0632533282,-0.42941168,-0.126831114,-0.459977865,0.10605368,0.872402966
221507096736,54678,0.203665659,-0.0646187216,-0.428471893,-0.124225102,-0.458385319,0.102685004,0.874017656
221523612049,54694,0.204187393,-0.0659679323,-0.427656025,-0.121801682,-0.456327438,0.0990576297,0.875852287
221540306892,54712,0.20496732,-0.0673902109,-0.426751643,-0.11863815,-0.453485191,0.0948893428,0.878221035
221556944809,54728,0.205769926,-0.0684900284,-0.425850153,-0.114296317,-0.451170146,0.0922548845,0.88026756
221573704340,54744,0.206517771,-0.069517076,-0.424935907,-0.108895987,-0.449200004,0.0904026031,0.882149875
221590308611,54761,0.20724006,-0.0706840605,-0.424005687,-0.102598511,-0.447413117,0.0887822285,0.883975565
221606948559,54778,0.207859635,-0.072035566,-0.423141837,-0.0955047309,-0.446367055,0.0869696662,0.885478199
221623617726,54794,0.208507597,-0.0732498989,-0.422544807,-0.0887105837,-0.445545971,0.0852898434,0.88676095
221640283038,54811,0.209124461,-0.0742514133,-0.422082871,-0.0828627422,-0.444731355,0.084390372,0.887821019
221656948351,54828,0.209600419,-0.0750916898,-0.421843618,-0.0787165388,-0.444141507,0.0844330639,0.888489246
221673645851,54844,0.209954128,-0.0757431537,-0.421869546,-0.077016741,-0.443620473,0.0842955559,0.888911486
221691548611,54861,0.210053146,-0.0764500648,-0.42198202,-0.0773985013,-0.442715317,0.0841019973,0.889347792
221706945955,54877,0.209989712,-0.0772585496,-0.422189504,-0.0781730264,-0.441053092,0.0834458545,0.890167415
221723641111,54894,0.209780768,-0.0783545226,-0.422561347,-0.0777934194,-0.439012289,0.0821251273,0.891331494
221740296476,54909,0.209530413,-0.0795580521,-0.422965646,-0.076253958,-0.437027186,0.0802432299,0.89261055
221756945590,54927,0.209175706,-0.0813904256,-0.423483163,-0.0730114654,-0.434842587,0.0768531486,0.894245446
221773712830,54943,0.208838731,-0.0834296197,-0.423885256,-0.0688934699,-0.433561265,0.0728014559,0.895532489
221790283038,54959,0.208698452,-0.0857619643,-0.424239099,-0.0635315999,-0.432706773,0.0682118163,0.896702766
221806946892,54977,0.208710253,-0.0886599869,-0.42446366,-0.0558512546,-0.431900799,0.0627553612,0.898000121
221824372049,54993,0.208901078,-0.0913342386,-0.424674153,-0.0471047722,-0.430909932,0.0586063117,0.899256945
221840281996,55009,0.209162772,-0.0939496234,-0.424879313,-0.0379893854,-0.428734183,0.0548850037,0.900961399
221856980642,55027,0.209539041,-0.0968623981,-0.424885929,-0.0286360495,-0.424653888,0.0510235429,0.903463125
221873628767,55043,0.210117877,-0.0994185656,-0.424838096,-0.0205214694,-0.420267791,0.0478300117,0.90590632
221892033403,55061,0.210988835,-0.102069832,-0.42468819,-0.0131039256,-0.414800674,0.045363199,0.908686399
221906971371,55076,0.211925641,-0.104147993,-0.424508959,-0.00908364821,-0.409854531,0.0452681519,0.910981715
221923608976,55092,0.212988868,-0.106588125,-0.424264997,-0.00671649445,-0.404296637,0.0469678901,0.913396537
221940285330,55109,0.214241132,-0.109583408,-0.424004316,-0.00648044981,-0.397851288,0.0500367023,0.916061521
221956976476,55127,0.215812415,-0.11322663,-0.423770487,-0.00755169848,-0.390227407,0.0544476435,0.919076204
221973986163,55142,0.217190385,-0.116771787,-0.42362991,-0.00767166214,-0.383627921,0.0587261543,0.921586692
221990290538,55159,0.218803138,-0.121280231,-0.423567533,-0.00631297939,-0.376361698,0.0631846264,0.924294233
222006948507,55175,0.220157549,-0.125882506,-0.423522651,-0.00337960199,-0.370331883,0.0665771291,0.926504433
222023618298,55191,0.221302047,-0.130806148,-0.423521012,0.0015882249,-0.365676999,0.0690635741,0.928174615
222040283142,55209,0.222435832,-0.136737853,-0.423550606,0.00930907298,-0.361875981,0.070160307,0.929535806
222056950173,55225,0.223333389,-0.142311335,-0.423502088,0.0166772604,-0.359338909,0.0692031533,0.930488229
222073680903,55241,0.224197835,-0.148064062,-0.423452109,0.0240689758,-0.357676417,0.0667924881,0.931142926
222090323507,55258,0.224965721,-0.154265404,-0.423378408,0.0311366152,-0.356722265,0.0630967841,0.931557059
222106952048,55275,0.225714743,-0.160262942,-0.423279554,0.0367541201,-0.356126547,0.0585038699,0.931879997
222123615434,55291,0.226423681,-0.165615112,-0.423168838,0.0408390649,-0.355701506,0.0531543866,0.932192743
222140282830,55307,0.227159306,-0.170708746,-0.423020214,0.0434878841,-0.355524063,0.0475375839,0.932443917
222157025173,55325,0.227975324,-0.176222965,-0.422870219,0.0451258831,-0.355944067,0.0408256613,0.932523906
222173647830,55341,0.228526562,-0.181127667,-0.422738791,0.0467018522,-0.356678694,0.0339391865,0.932441592
222190302309,55357,0.228926942,-0.185957611,-0.422674179,0.0493055582,-0.357744455,0.0261378549,0.932150602
222206980173,55374,0.22908093,-0.190918714,-0.422598183,0.0532801002,-0.35903886,0.017084986,0.931643963
222223788663,55391,0.229194969,-0.195431739,-0.422344744,0.0571500696,-0.359952599,0.00823851489,0.931182146
222240294028,55407,0.229419321,-0.19904834,-0.42203474,0.0598835722,-0.360269427,0.000894631783,0.93092382
222257016944,55423,0.229379773,-0.202373207,-0.421852022,0.0619030334,-0.36103195,-0.00604095217,0.930477023
222273617309,55440,0.2290712,-0.205745101,-0.421751678,0.0640702024,-0.362676859,-0.0137661444,0.929608047
222290328455,55457,0.228786573,-0.208665624,-0.421701252,0.0673486814,-0.364926875,-0.0204590708,0.928371727
222306982569,55473,0.228542671,-0.210857093,-0.421777546,0.0717356801,-0.367687792,-0.0245665032,0.926852882
222323615330,55490,0.228221059,-0.21262455,-0.421907425,0.0770389959,-0.37110585,-0.0265649129,0.925007999
222340280590,55506,0.228018716,-0.213727355,-0.422012985,0.0817921981,-0.374267489,-0.0262694918,0.923333049
222356941267,55523,0.228000239,-0.214308172,-0.422099859,0.0862129852,-0.377723306,-0.0239790604,0.921584249
222373690902,55540,0.227975264,-0.214332223,-0.422132522,0.0901313946,-0.381834954,-0.0202854201,0.91960156
222390293819,55556,0.228048414,-0.213689953,-0.422234774,0.0929237083,-0.38560766,-0.015147672,0.91784668
222406947517,55573,0.228301972,-0.212240458,-0.422345161,0.0938432142,-0.388662845,-0.00780304335,0.916555405
222423639496,55590,0.228734091,-0.210032776,-0.422419906,0.0932423845,-0.390789986,0.00117655715,0.915744305
222440279548,55606,0.229170084,-0.207429722,-0.422476083,0.0922037512,-0.392672956,0.0107198376,0.914981723
222456944965,55622,0.22950694,-0.20451276,-0.42255646,0.0913624242,-0.394957244,0.0206779316,0.913911462
222473640017,55639,0.229749754,-0.200967461,-0.422794044,0.0910268724,-0.397972643,0.0308334995,0.912349343
222490283350,55656,0.229738832,-0.196994722,-0.423102587,0.0912645608,-0.401856691,0.0394364148,0.910289407
222506956007,55672,0.229573876,-0.192885488,-0.423396349,0.0915580615,-0.405962139,0.0457646959,0.908139586
222523610225,55688,0.229267389,-0.188431963,-0.423633277,0.0916062817,-0.410043985,0.0506559536,0.906038761
222540282100,55706,0.228965357,-0.182922646,-0.42388615,0.0915891007,-0.413818657,0.0547585785,0.90408355
222556973923,55721,0.228897482,-0.177871123,-0.424145013,0.0914627165,-0.41624862,0.0570549816,0.902837992
222573668194,55739,0.22892189,-0.171345651,-0.424433172,0.0905992389,-0.418537349,0.0587324724,0.90175879
222590327257,55755,0.229218662,-0.165002763,-0.424756318,0.0886326879,-0.420102447,0.0596355163,0.901166975
222606942725,55771,0.229567707,-0.158228114,-0.425043702,0.0859282017,-0.421658456,0.0601491146,0.900667846
222623895069,55789,0.230034456,-0.150352642,-0.425401598,0.0829238519,-0.424064696,0.060457617,0.899798691
222640291632,55805,0.230528191,-0.143295556,-0.425718367,0.0808788836,-0.426910192,0.0605149493,0.898634672
222656945486,55821,0.231144324,-0.136279017,-0.425974816,0.0795072541,-0.430238277,0.0603013933,0.89718312
222673855694,55838,0.232074291,-0.128935054,-0.426177561,0.0784232095,-0.434080333,0.0597761162,0.895461321
222690300642,55854,0.233063862,-0.122182772,-0.426233888,0.0774320886,-0.43804419,0.0587467626,0.893683612
222706977673,55871,0.234400243,-0.115114465,-0.426282614,0.076538004,-0.442322373,0.0569625385,0.891766906
222723627829,55887,0.235889435,-0.108687177,-0.426252425,0.0762305185,-0.445674777,0.0548608042,0.890254617
222740282256,55904,0.23761341,-0.102220997,-0.426176697,0.0761946365,-0.448448122,0.052388154,0.889013112
222756953454,55921,0.239490926,-0.0962079614,-0.426093906,0.0765816122,-0.450032204,0.05002819,0.888314962
222773747309,55937,0.241288573,-0.0910435617,-0.425968707,0.0776000395,-0.450258315,0.0481689721,0.888214827
222790312309,55954,0.243236691,-0.0860643536,-0.425848782,0.0794218779,-0.449723899,0.0467015654,0.88840282
222806946111,55970,0.244970888,-0.0820177346,-0.425685227,0.0817764848,-0.449381113,0.0455156602,0.888424218
222823619548,55987,0.246774241,-0.0783587396,-0.425547004,0.0846936256,-0.449809551,0.0440386869,0.888008475
222840278767,56004,0.24852398,-0.0753883347,-0.425470889,0.0875698924,-0.451244622,0.0421932116,0.887090564
222857009600,56020,0.250076741,-0.0732082054,-0.42547217,0.0894663557,-0.453774005,0.0401967205,0.88570267
222873615746,56036,0.25162062,-0.0714807957,-0.425575435,0.0902383924,-0.457504481,0.0382041819,0.883791387
222890297986,56053,0.253119737,-0.0702571571,-0.425671935,0.0903008133,-0.46239987,0.0363950096,0.881310165
222906948402,56070,0.254593223,-0.0696722642,-0.425843984,0.0900872201,-0.467817634,0.0356015675,0.8785007
222923622256,56086,0.255998254,-0.0698296651,-0.425982952,0.0896674842,-0.473075867,0.0364594907,0.875688136
222940278975,56103,0.257478029,-0.0708432347,-0.42602852,0.0887855515,-0.478641659,0.0393628553,0.87262249
222956944548,56120,0.25895974,-0.0726632103,-0.426054388,0.0872656107,-0.484120488,0.0440985151,0.869521439
222973772933,56136,0.260314912,-0.0750394017,-0.426109642,0.0847335011,-0.489541829,0.0498026535,0.866422951
222990276058,56152,0.261628151,-0.0779267997,-0.426336884,0.0811033398,-0.495620996,0.0562745593,0.862910926
223006986840,56169,0.262809277,-0.0816152543,-0.426689416,0.0766320825,-0.502872765,0.063440524,0.858616292
223025285173,56187,0.263947725,-0.0860113204,-0.42739743,0.0724404454,-0.511304438,0.0708338395,0.853406489
223040280746,56202,0.264836192,-0.0899593458,-0.428346813,0.0708184317,-0.518410265,0.0769556984,0.848712802
223056957413,56219,0.265741795,-0.0944940001,-0.429723054,0.0706045181,-0.526030958,0.0835027918,0.843406022
223073807413,56236,0.266873121,-0.0988581851,-0.431415826,0.071288079,-0.532603323,0.089991428,0.838542342
223090889131,56252,0.268135905,-0.103141107,-0.433064312,0.0743412524,-0.5371387,0.0971309841,0.834578395
223106950173,56269,0.269539297,-0.107568592,-0.434863895,0.0793572441,-0.540703535,0.10550721,0.830789089
223123745642,56285,0.270885348,-0.1110458,-0.436657876,0.0837462172,-0.543000996,0.113263823,0.827833235
223140277933,56302,0.272462547,-0.114079595,-0.43862775,0.0891532376,-0.543582141,0.122155741,0.825619936
223156975381,56318,0.274031699,-0.116611153,-0.440425158,0.0963214114,-0.542123377,0.131971389,0.824262083
223173967725,56335,0.275679231,-0.118909881,-0.442182124,0.104610756,-0.539634526,0.143111631,0.823025107
223190297777,56351,0.277267426,-0.120613843,-0.443664849,0.112239227,-0.537025928,0.15345481,0.821861982
223206950694,56368,0.278831542,-0.122037277,-0.444986761,0.12143635,-0.533872485,0.163850084,0.820601404
223224871892,56386,0.280339509,-0.123192854,-0.446087748,0.133848488,-0.530889273,0.174225554,0.818466067
223240239027,56401,0.281286359,-0.123846121,-0.446730107,0.144716501,-0.529766023,0.183299139,0.815356731
223256952152,56417,0.281983793,-0.124193005,-0.447043002,0.155626476,-0.529670238,0.192845017,0.811197102
223273623246,56435,0.282811344,-0.124209344,-0.447020262,0.168653622,-0.5296911,0.203047931,0.806073725
223290286944,56451,0.283273041,-0.123871163,-0.44680512,0.179813132,-0.5308851,0.211194023,0.800765514
223306951996,56467,0.2835899,-0.123063624,-0.446482241,0.189471126,-0.533469737,0.219065756,0.79468298
223323744600,56484,0.283779621,-0.121981829,-0.445936084,0.199423775,-0.536376774,0.22876294,0.787526309
223342356944,56503,0.283757865,-0.120574817,-0.444994509,0.211103901,-0.538945138,0.242212653,0.778656781
223356948663,56517,0.283583313,-0.119344398,-0.444070041,0.219915986,-0.540054739,0.252718538,0.772082448
223373659027,56533,0.283243537,-0.117735453,-0.442826033,0.229876742,-0.541045606,0.264744192,0.764419377
223390279496,56550,0.282794893,-0.115738139,-0.441346347,0.23978278,-0.5420627,0.277803034,0.75597471
223406985954,56567,0.282016814,-0.11352545,-0.439760238,0.247752428,-0.54365176,0.291036159,0.747234583
223423628298,56583,0.281101614,-0.111189418,-0.438274384,0.252652019,-0.546518385,0.303478897,0.738502026
223440284496,56600,0.280036151,-0.108526371,-0.43679896,0.255709946,-0.551480174,0.316031963,0.728427052
223457011110,56617,0.278938442,-0.105801977,-0.435293496,0.258633316,-0.556388736,0.327752888,0.71841383
223473645798,56633,0.277914762,-0.103157468,-0.433876872,0.262994915,-0.560375571,0.337952226,0.708943725
223490457256,56650,0.276769578,-0.100533187,-0.432336748,0.268978477,-0.564011395,0.34886837,0.698450208
223506998037,56666,0.275756776,-0.0981858149,-0.430846632,0.274900407,-0.567090511,0.359428793,0.688221753
223523622933,56682,0.274630487,-0.0960166156,-0.429334879,0.280543625,-0.569841087,0.369861007,0.678070366
223540281944,56699,0.273330271,-0.0938021541,-0.427782297,0.286387324,-0.572078824,0.379864633,0.668140054
223556943715,56716,0.271888107,-0.0916186273,-0.426315725,0.292615235,-0.573352575,0.388272434,0.659460247
223573618142,56732,0.270466328,-0.0896102786,-0.425075561,0.299110591,-0.573501408,0.395171762,0.652279258
223590361735,56748,0.269158483,-0.0875457451,-0.423942208,0.305673361,-0.572667837,0.401700169,0.645950794
223606973662,56766,0.267618448,-0.0853470638,-0.422733486,0.312684119,-0.570789695,0.408860683,0.639734864
223623669339,56782,0.266280651,-0.0833571255,-0.421749413,0.318771064,-0.568205416,0.414892197,0.635131598
223640276579,56798,0.264936686,-0.0813777298,-0.420845211,0.324874341,-0.5644719,0.420706928,0.631532967
223656985537,56816,0.263466656,-0.0791785419,-0.419863671,0.332023919,-0.558710694,0.42699632,0.62871033
223673642100,56832,0.262323081,-0.0770785511,-0.418974817,0.33833459,-0.551743746,0.432088435,0.628019333
223690314444,56848,0.261242747,-0.0750626922,-0.418297529,0.34486118,-0.544330955,0.436341524,0.627997339
223706966839,56865,0.260348558,-0.073076576,-0.417971075,0.352032781,-0.538252115,0.441057891,0.625959754
223723612204,56882,0.259556621,-0.071422711,-0.417828888,0.358253121,-0.533467412,0.446661502,0.622543812
223740283714,56898,0.258873314,-0.0701282993,-0.417738438,0.362800002,-0.529771209,0.452658296,0.61872375
223756965589,56915,0.25807035,-0.0689180642,-0.41769141,0.365189672,-0.527227163,0.458797365,0.61495769
223773925642,56931,0.25730589,-0.0680905208,-0.417588919,0.365685254,-0.524772465,0.464561343,0.612430394
223790285277,56947,0.256495863,-0.067606397,-0.41734916,0.363878876,-0.522506714,0.469725847,0.611503601
223806967881,56965,0.25536117,-0.0676380098,-0.416958094,0.360382557,-0.51995492,0.473980039,0.612465799
223826461891,56982,0.254174858,-0.0681664944,-0.416619629,0.356265813,-0.518099666,0.475491613,0.615268409
223840311319,56997,0.252965719,-0.0690635741,-0.416384846,0.351874501,-0.517199397,0.474648505,0.619191349
223856952256,57014,0.251477748,-0.0704225153,-0.41628319,0.345196098,-0.518093169,0.471500278,0.624585271
223873609652,57031,0.249884143,-0.0721075833,-0.416629881,0.336314321,-0.523213446,0.466695696,0.628757119
223890282464,57047,0.248415381,-0.0738698542,-0.417142481,0.32579577,-0.529559731,0.460222989,0.633733749
223906975850,57063,0.247135818,-0.0757178366,-0.417731613,0.31370613,-0.536426783,0.451435506,0.640344322
223923632048,57080,0.245846644,-0.0778710246,-0.418455899,0.299132198,-0.54456234,0.439353079,0.648799479
223940280641,57097,0.244819671,-0.0800805837,-0.419286191,0.282944709,-0.553629994,0.424715608,0.658067465
223956944704,57113,0.244071335,-0.0823050439,-0.420175076,0.267246902,-0.563120723,0.408865213,0.666560888
223973683766,57130,0.243463352,-0.0848226473,-0.421257317,0.250397503,-0.574636281,0.389670491,0.674723089
223990300069,57147,0.243134752,-0.08751975,-0.422467887,0.233840063,-0.586663485,0.368329644,0.682259619
224006951579,57163,0.24284713,-0.0902452767,-0.423706293,0.218090236,-0.597900093,0.34718129,0.688779533
224023643818,57179,0.242631182,-0.0930640027,-0.425064057,0.201513246,-0.609118342,0.326003999,0.694326043
224040282308,57196,0.242481381,-0.0961665884,-0.426726788,0.183714494,-0.621152639,0.304107338,0.698525071
224056947360,57212,0.242309034,-0.0991808772,-0.428469926,0.167175382,-0.631905198,0.284601569,0.701249123
224073783923,57230,0.242166817,-0.10256058,-0.430517793,0.149023369,-0.642211556,0.264346123,0.703901708
224090356475,57245,0.242151991,-0.105332904,-0.432255387,0.134920761,-0.649147332,0.248762861,0.70606041
224106997256,57262,0.242336452,-0.108447082,-0.434223473,0.120427094,-0.655331254,0.232251585,0.708588421
224123635173,57279,0.24249728,-0.111589774,-0.436197698,0.10802003,-0.659576595,0.216807425,0.711537004
224140307360,57296,0.242680877,-0.114653558,-0.43811667,0.0987993702,-0.661791682,0.202477023,0.715033948
224156944704,57312,0.242835283,-0.117399231,-0.439676464,0.0933927894,-0.661712527,0.188954294,0.719521165
224173622985,57328,0.242898509,-0.119931445,-0.440866143,0.0902188197,-0.659385324,0.174585059,0.725666344
224190704704,57346,0.243040845,-0.122441798,-0.441896677,0.0879503861,-0.655177653,0.157742247,0.733569622
224206952881,57362,0.243118882,-0.124405235,-0.442728639,0.0855223462,-0.651006937,0.142941117,0.740569949
224223620173,57378,0.243194312,-0.126118258,-0.443509787,0.0823234767,-0.646535456,0.128710732,0.747427821
224240277620,57395,0.243277371,-0.127706528,-0.444225132,0.0782972351,-0.641247869,0.11353942,0.754837394
224256992777,57411,0.243413568,-0.129063487,-0.444815755,0.0741364211,-0.635609806,0.0987940207,0.76206547
224273693245,57428,0.243694961,-0.130476877,-0.445347071,0.0695092678,-0.628894806,0.0829522535,0.769921243
224290301891,57445,0.243979275,-0.131956697,-0.445787936,0.0647981912,-0.621744335,0.0676022545,0.777602196
224306955485,57461,0.244204178,-0.133381754,-0.446240008,0.0602900274,-0.615175188,0.0539678857,0.784227073
224323769912,57478,0.244339347,-0.134920403,-0.446748674,0.0550764054,-0.608620346,0.040226426,0.790525019
224340293402,57494,0.244353771,-0.136337906,-0.447237581,0.0497282483,-0.602658153,0.0277321376,0.795965612
224356948089,57511,0.244212091,-0.137860343,-0.447851777,0.0441675931,-0.596855819,0.0146215726,0.800998509
224373638610,57528,0.243822962,-0.139288113,-0.448733926,0.0379665159,-0.59257406,0.00268296083,0.804616332
224390278454,57544,0.243285984,-0.140379906,-0.449870318,0.0314172618,-0.589642107,-0.00617980026,0.807029724
224406957256,57561,0.242506415,-0.141341686,-0.45127818,0.0242905021,-0.586864233,-0.0118730692,0.809233844
224423610641,57577,0.241773814,-0.142000377,-0.45239374,0.0184055585,-0.581731379,-0.0150009096,0.813034415
224440285016,57594,0.241090238,-0.14249301,-0.453498423,0.0136529217,-0.575261474,-0.0178180151,0.817661583
224456949912,57610,0.240380332,-0.143176824,-0.454481244,0.0113184005,-0.569656074,-0.0181526244,0.821604788
224473611943,57627,0.239409953,-0.143837541,-0.455563992,0.00862183888,-0.56628567,-0.0171245262,0.823986053
224490293193,57643,0.238434702,-0.144217059,-0.456314474,0.00535901869,-0.563732386,-0.0149893081,0.825804174
224507053870,57660,0.237095103,-0.14435403,-0.456711948,0.00321200793,-0.560356438,-0.0127743855,0.828146875
224523632308,57676,0.235556781,-0.144014567,-0.457027316,0.000522227609,-0.558466494,-0.0122459689,0.829436541
224540286683,57693,0.233888537,-0.142821237,-0.457580805,-0.00811397936,-0.559058249,-0.0152258379,0.828948855
224556942881,57710,0.232471943,-0.141016498,-0.458187133,-0.0199745409,-0.559745967,-0.0225114003,0.828117669
224573677412,57726,0.231384486,-0.138944983,-0.458833873,-0.0319129303,-0.560186625,-0.0328990109,0.827097476
224590313193,57742,0.230442867,-0.136547327,-0.459570527,-0.0442207791,-0.560584664,-0.0457896516,0.825646818
224607030172,57760,0.22956571,-0.133505285,-0.460381687,-0.0594321825,-0.560288966,-0.0616266243,0.823860645
224623912516,57776,0.228761688,-0.130649179,-0.46103403,-0.0735313296,-0.55950892,-0.0748919845,0.822152138
224640304443,57792,0.227799803,-0.127682582,-0.461696595,-0.0883888006,-0.558731616,-0.0875810087,0.819961011
224656944860,57810,0.226629466,-0.124388345,-0.462537289,-0.105231337,-0.558350444,-0.10148672,0.816622138
224673624235,57826,0.225580499,-0.121593975,-0.463418782,-0.120160669,-0.558571935,-0.11403808,0.812744856
224690285537,57842,0.224734232,-0.11897102,-0.464475542,-0.134804726,-0.559033573,-0.127118349,0.808176994
224706969443,57859,0.224122733,-0.116418645,-0.465600759,-0.150245994,-0.559012949,-0.141337797,0.803090453
224723644756,57876,0.22384499,-0.114122495,-0.466693133,-0.166171595,-0.558305025,-0.155875355,0.797737658
224740286162,57892,0.223845586,-0.112164803,-0.46768114,-0.181782216,-0.556965828,-0.169977888,0.792370975
224756940016,57908,0.223960876,-0.11040996,-0.468561053,-0.197351933,-0.554879427,-0.184183136,0.786916554
224773956266,57925,0.224200413,-0.108783059,-0.469466865,-0.213651076,-0.551714659,-0.198938608,0.781273127
224790292047,57942,0.22442697,-0.107370712,-0.470361769,-0.230842456,-0.547728181,-0.213265404,0.775386035
224806945068,57958,0.22460556,-0.106250174,-0.471339345,-0.247449115,-0.544126868,-0.225681379,0.769261241
224823629860,57975,0.22484234,-0.105248906,-0.472590834,-0.265535414,-0.54076457,-0.23786141,0.761896729
224840313662,57991,0.225263119,-0.104463376,-0.473852724,-0.282840937,-0.537299991,-0.248995557,0.754526973
224856958402,58008,0.226007968,-0.103797235,-0.475121707,-0.300607204,-0.532426655,-0.260822326,0.747080326
224873620224,58025,0.227042362,-0.103313006,-0.476239234,-0.317103475,-0.52611804,-0.272060394,0.740694582
224890282933,58041,0.228233546,-0.102990866,-0.477231205,-0.332302928,-0.519440651,-0.28162232,0.735149682
224906947099,58057,0.229389727,-0.102880441,-0.478173524,-0.347340018,-0.512917995,-0.289395094,0.729740143
224923792099,58074,0.230687559,-0.102854326,-0.479191452,-0.36266914,-0.506389737,-0.295858413,0.724229455
224940277204,58091,0.231998757,-0.10290847,-0.48019433,-0.376871258,-0.50020045,-0.301443756,0.718957126
224956947724,58107,0.233114973,-0.10306403,-0.481035143,-0.389199406,-0.494595557,-0.306575507,0.714080215
224973641526,58124,0.23438859,-0.10324163,-0.48184374,-0.401735663,-0.488624364,-0.312344462,0.708728135
224990288610,58140,0.235629842,-0.103524521,-0.482476741,-0.412999272,-0.482987851,-0.3178083,0.703670621
225006959131,58157,0.237015724,-0.103953615,-0.483092636,-0.42399618,-0.477509558,-0.322968334,0.698500752
225023802360,58174,0.238207281,-0.104520895,-0.483639717,-0.433836579,-0.473182887,-0.326855332,0.69357723
225040278610,58190,0.239193559,-0.105083451,-0.484070241,-0.441833794,-0.470331907,-0.329584271,0.689162612
225056945797,58207,0.240197584,-0.105641387,-0.484489679,-0.449464828,-0.468108952,-0.332506508,0.684320748
225073646006,58223,0.241066858,-0.106157042,-0.484822989,-0.45606336,-0.466371,-0.33571896,0.679556549
225090313401,58239,0.242049396,-0.106647238,-0.485096425,-0.461995929,-0.464956164,-0.339167744,0.674789488
225106941995,58257,0.242976338,-0.107270338,-0.485283256,-0.467721909,-0.464018404,-0.342638373,0.669717908
225123776162,58273,0.243676946,-0.10780818,-0.485398144,-0.471620947,-0.463863194,-0.344744176,0.666000128
225140294235,58289,0.244209036,-0.108305492,-0.485437214,-0.473606467,-0.464446008,-0.345742732,0.663663149
225156943766,58305,0.244577542,-0.108771168,-0.485486627,-0.473422766,-0.465898186,-0.345492333,0.662906408
225173848193,58323,0.244850159,-0.109167106,-0.485588193,-0.471190393,-0.468457699,-0.343576133,0.6636886
225190275068,58339,0.244841054,-0.109411344,-0.485503644,-0.467537135,-0.471203297,-0.340369225,0.665976942
225206947881,58355,0.245025843,-0.109560415,-0.485242188,-0.46212709,-0.474067777,-0.335913569,0.669970512
225223889808,58373,0.245194688,-0.109678246,-0.484645844,-0.454043597,-0.477493614,-0.329485655,0.676227391
225240277412,58389,0.24532266,-0.10986691,-0.483906627,-0.445227116,-0.48115778,-0.322473794,0.682840168
225256945120,58405,0.245510519,-0.110094279,-0.483073026,-0.434787303,-0.485704869,-0.314181447,0.69017452
225273610224,58422,0.245482311,-0.110347621,-0.482083589,-0.421659142,-0.491622061,-0.3039563,0.698657215
225290329443,58438,0.245399117,-0.110665053,-0.481118321,-0.407527804,-0.497989208,-0.293481916,0.706962764
225306964912,58455,0.245206207,-0.111032285,-0.480097204,-0.390851736,-0.505423188,-0.281876236,0.715771019
225323623558,58472,0.245012432,-0.111337319,-0.479131103,-0.373084754,-0.513358057,-0.269953281,0.724152267
225340291526,58488,0.244819149,-0.111644201,-0.478224218,-0.355620325,-0.52137351,-0.257867754,0.731579244
225356945745,58505,0.244705439,-0.112052888,-0.47726357,-0.336616397,-0.530447841,-0.243817821,0.738828421
225373720224,58521,0.244767487,-0.112401791,-0.476377845,-0.318506807,-0.53937453,-0.229524761,0.744947672
225390284339,58538,0.244660109,-0.112663202,-0.475310981,-0.299132466,-0.548905373,-0.21374394,0.75069052
225406994495,58554,0.24485752,-0.112771273,-0.47408396,-0.280881435,-0.55769825,-0.198663324,0.755388081
225423780745,58571,0.245004907,-0.112688415,-0.472756177,-0.261496484,-0.567132115,-0.182069406,0.759494305
225440295797,58588,0.245183021,-0.112679653,-0.471592605,-0.242296532,-0.576827526,-0.164689764,0.762521982
225457012099,58604,0.245707124,-0.112680793,-0.470493406,-0.224481955,-0.585956395,-0.147723287,0.764487267
225473620172,58620,0.246032879,-0.112629965,-0.469320953,-0.206725061,-0.594835877,-0.130180195,0.765825212
225490297308,58638,0.246571213,-0.112615585,-0.467988074,-0.186950147,-0.604439735,-0.109845459,0.766574442
225506943870,58654,0.246907368,-0.112582356,-0.466759503,-0.169776618,-0.612589002,-0.0913342908,0.766530395
225523613089,58670,0.247210667,-0.112644479,-0.465482205,-0.153021693,-0.62000376,-0.0727806762,0.766082704
225542197412,58689,0.247607589,-0.112657122,-0.463980138,-0.133853197,-0.627383173,-0.0512186065,0.765408695
225556952412,58704,0.248006046,-0.112445667,-0.462867081,-0.119927123,-0.632036984,-0.0345267095,0.764823377
225573618453,58720,0.248659715,-0.112007596,-0.461770654,-0.106574118,-0.635938525,-0.0168303307,0.764160216
225590301735,58736,0.249128655,-0.111451358,-0.460799485,-0.0944807157,-0.638935864,0.00081187766,0.763435483
225606947151,58753,0.249575436,-0.11081849,-0.459979802,-0.0825335756,-0.64115119,0.0186721254,0.762735069
225624028297,58770,0.2500844,-0.110185884,-0.459403932,-0.0710043758,-0.64226532,0.0351336598,0.762377381
225640319599,58786,0.250512451,-0.109721512,-0.459038436,-0.0604595542,-0.642276704,0.0491050109,0.762505054
225657027828,58803,0.251075804,-0.109269455,-0.458821088,-0.0510572754,-0.64142549,0.0617784932,0.762987554
225673630693,58820,0.251474768,-0.108740456,-0.458837926,-0.0443180874,-0.640031576,0.0726895854,0.763617575
225690875328,58836,0.251874298,-0.108102143,-0.459036022,-0.040547587,-0.638526142,0.0814223364,0.764205992
225709062672,58855,0.252359629,-0.107033357,-0.459486425,-0.0389252417,-0.637009025,0.0890790001,0.764702141
225723632568,58869,0.252997696,-0.106002502,-0.459983528,-0.0389436893,-0.63666141,0.0926993936,0.764560401
225740306526,58885,0.253597558,-0.104597606,-0.460722864,-0.0401699655,-0.637587965,0.0945238546,0.76350069
225756941318,58903,0.253620297,-0.102777056,-0.46163103,-0.0431765392,-0.640221119,0.094163239,0.761174142
225773841682,58919,0.253806233,-0.100966424,-0.46236062,-0.0467156172,-0.643982649,0.0926316828,0.757973254
225790594182,58936,0.253627717,-0.0988123417,-0.46312964,-0.0508365221,-0.649821877,0.0901022702,0.753013194
225806956995,58952,0.253434032,-0.0966909528,-0.463933498,-0.0546516515,-0.657513976,0.0868690461,0.746419728
225824634807,58969,0.253070414,-0.0940593332,-0.465034693,-0.0589289553,-0.668630064,0.0814274028,0.73677057
225840276943,58985,0.252153575,-0.0911561027,-0.466316521,-0.0626715496,-0.681326151,0.0751246512,0.725412548
225856945120,59002,0.251211345,-0.0879121572,-0.467468202,-0.0663727,-0.695015311,0.0675232559,0.712733567
225873613818,59018,0.250021815,-0.0847051144,-0.46833086,-0.0704234689,-0.707427025,0.0605491512,0.700657785
225890296370,59035,0.248304069,-0.0812608525,-0.46938771,-0.0773097947,-0.721426547,0.0533234961,0.686093032
225907040537,59051,0.246565104,-0.0781302154,-0.470713645,-0.0854177326,-0.735211492,0.0472715609,0.670770705
225923609234,59067,0.245154023,-0.0754906386,-0.472493351,-0.0938727707,-0.749310672,0.0406785049,0.654268146
225940330380,59085,0.243544608,-0.0730967596,-0.475146562,-0.102609649,-0.76629436,0.0315411836,0.633458316
225956970328,59101,0.242040038,-0.0713753253,-0.478126884,-0.108884595,-0.782510042,0.0212772172,0.612674057
225973612568,59117,0.240766808,-0.070032686,-0.481378049,-0.114504129,-0.798899293,0.00824064575,0.590407372
225990359339,59134,0.239259422,-0.0688735992,-0.484911442,-0.118792303,-0.815776289,-0.00802775379,0.565979719
226006946214,59151,0.237853274,-0.0683526993,-0.488479286,-0.120080046,-0.832031786,-0.0254175998,0.540978611
226023852932,59167,0.236407131,-0.0684746504,-0.491942942,-0.119378947,-0.847501576,-0.0424364619,0.515450239
226040281422,59184,0.234609023,-0.0690741241,-0.49600172,-0.11740192,-0.864498854,-0.0609361641,0.484917969
226056947203,59200,0.233108461,-0.0700733364,-0.500039101,-0.113870174,-0.880606592,-0.0777881816,0.453337371
226073655745,59217,0.232306436,-0.0712705255,-0.503786564,-0.111308798,-0.896580815,-0.0875036269,0.419638395
226090278870,59234,0.232685462,-0.0723473132,-0.506397307,-0.114382416,-0.909454286,-0.0912705958,0.389203429
226106976109,59250,0.233427107,-0.0728513747,-0.508034885,-0.120760404,-0.918221056,-0.0994730815,0.363857299
226123595797,59266,0.234044373,-0.0732455254,-0.508042753,-0.130387187,-0.921569407,-0.110119157,0.348687351
226140333453,59284,0.235139728,-0.0744371414,-0.507224143,-0.141043529,-0.923834264,-0.115741476,0.336512983
226156942932,59300,0.236750916,-0.0757299513,-0.507018864,-0.147235438,-0.927363753,-0.116142116,0.323773533
226173626839,59316,0.238708884,-0.0766709074,-0.506794572,-0.152607694,-0.931056917,-0.112917684,0.311598271
226190399964,59332,0.241188362,-0.0771834776,-0.506307065,-0.157963097,-0.93530333,-0.105466887,0.29855001
226206945849,59350,0.244347185,-0.0776968896,-0.505649507,-0.161287501,-0.941587627,-0.0940418243,0.280277312
226223769703,59366,0.247161224,-0.0779358596,-0.505003452,-0.160819739,-0.948090434,-0.0846423656,0.26095435
226240277880,59382,0.249679744,-0.078052938,-0.504286408,-0.157132536,-0.954924643,-0.0752543956,0.240343839
226256945745,59400,0.252095431,-0.0781995207,-0.503525376,-0.150369659,-0.962494671,-0.0634210259,0.216727614
226273644286,59416,0.2539666,-0.0783765167,-0.502979338,-0.142967075,-0.969032407,-0.0498022437,0.195080385
226290286370,59432,0.255479395,-0.078626588,-0.502591252,-0.134863898,-0.975243211,-0.03403873,0.171912223
226306949963,59449,0.25670439,-0.0788752884,-0.502184749,-0.125408679,-0.981288075,-0.0171534512,0.145093784
226323679234,59466,0.25708136,-0.0790704489,-0.501768768,-0.114945211,-0.986335576,-0.00164880732,0.118013404
226340276682,59482,0.25660336,-0.079380922,-0.501290679,-0.106108114,-0.989700019,0.013038341,0.0952098444
226356967359,59499,0.255496144,-0.0798781738,-0.500686049,-0.0994214341,-0.991892338,0.027806541,0.0741076097
226373661734,59515,0.254197687,-0.0804744512,-0.500346422,-0.094240725,-0.99320668,0.0399384946,0.0553547814
226390503609,59532,0.25296706,-0.0811973289,-0.500280738,-0.0880825892,-0.994247198,0.049514588,0.0355293602
226406981526,59548,0.251786858,-0.0820569694,-0.500479758,-0.0795997754,-0.99514395,0.0550220385,0.0180291999
226423750640,59565,0.250597924,-0.0832654685,-0.500631928,-0.0685699508,-0.995949388,0.0581475161,0.00138804549
226440363453,59581,0.249408156,-0.0846914649,-0.500535846,-0.0591558479,-0.996410251,0.0593238138,-0.012161714
226456951995,59598,0.248090848,-0.0863587335,-0.500251114,-0.0522533767,-0.996569574,0.0598516874,-0.023162879
226473668870,59615,0.246797547,-0.0879056081,-0.499939859,-0.0491503514,-0.996538043,0.0588828288,-0.032078933
226490380693,59631,0.245599151,-0.0892804191,-0.499705493,-0.048410859,-0.996388793,0.0569547974,-0.0402736403
226506998557,59648,0.244615212,-0.0903052315,-0.499520302,-0.0471928231,-0.996333182,0.0525174439,-0.0483216606
226523711578,59664,0.243777543,-0.0911713168,-0.499336421,-0.0447531939,-0.996340632,0.0483085476,-0.0544862337
226540280693,59680,0.243093699,-0.0919628888,-0.499069989,-0.0417289883,-0.99639529,0.0442534462,-0.0591340996
226557846786,59699,0.242618948,-0.0930146277,-0.498392642,-0.0367510207,-0.996504664,0.0406736918,-0.0630362034
226573635536,59714,0.242395967,-0.0938849971,-0.497777879,-0.0331007279,-0.996671438,0.0375034772,-0.0643731207
226590276161,59730,0.242498934,-0.0947349891,-0.49739936,-0.0307582803,-0.996909201,0.0328784138,-0.0643823743
226607483349,59748,0.242774829,-0.0956378728,-0.497313172,-0.0298571456,-0.997243762,0.0261329561,-0.0626945198
226623617359,59764,0.243445083,-0.0961836427,-0.497386813,-0.0302087907,-0.99754113,0.020212071,-0.0599219166
226640277776,59780,0.244317636,-0.0962617844,-0.497350454,-0.0320202187,-0.997790337,0.0153701324,-0.0561503768
226656961942,59797,0.245414153,-0.0957340747,-0.497266918,-0.035147123,-0.997979522,0.0118663609,-0.0515833162
226673736890,59814,0.24673605,-0.0950556248,-0.497086942,-0.0372159258,-0.998150468,0.00927829277,-0.0471653901
226690279495,59830,0.248032093,-0.0945142061,-0.496803433,-0.0372829735,-0.998297811,0.00743731065,-0.044229582
226706954755,59846,0.249499455,-0.0940086395,-0.496556103,-0.0356108248,-0.998403251,0.0067131063,-0.0433327779
226723838036,59863,0.251016468,-0.0935366005,-0.49618423,-0.0317270048,-0.998499572,0.00710450485,-0.0440642387
226740321786,59879,0.252703011,-0.0929891095,-0.495780945,-0.0260781012,-0.998516202,0.00739794457,-0.0472306795
226756943192,59896,0.254782319,-0.0923529565,-0.495269716,-0.0194755103,-0.998316109,0.0077987765,-0.0540809818
226773619495,59913,0.257112145,-0.0917043537,-0.494711727,-0.0108841248,-0.997789681,0.00891515054,-0.0649455786
226790293401,59929,0.259617925,-0.0909727067,-0.494174629,-0.000754301669,-0.996757686,0.0108724181,-0.0797213018
226808177099,59947,0.262713313,-0.0900278836,-0.493303567,0.0119328285,-0.994547427,0.0139297396,-0.102660127
226823644130,59962,0.265569776,-0.0892502367,-0.492422789,0.0229173321,-0.99165678,0.0183391627,-0.125520617
226840290536,59979,0.268896848,-0.0882400498,-0.491441697,0.0351685323,-0.987364829,0.0226357132,-0.152844802
226856944807,59995,0.271963924,-0.0871936828,-0.490516156,0.0454692133,-0.982633531,0.0256134588,-0.178066894
226873610744,60012,0.275117517,-0.086040467,-0.489495814,0.0542867444,-0.977197707,0.0285585485,-0.203278348
226890293297,60029,0.277961612,-0.0848995447,-0.488491178,0.0606451742,-0.971856654,0.030722579,-0.225550279
226906982099,60045,0.280344427,-0.0837947577,-0.487623155,0.0647121146,-0.967447042,0.0311608035,-0.242667884
226923609078,60062,0.282493562,-0.0827157795,-0.486812711,0.0672537237,-0.963707566,0.0299084,-0.256612927
226940355797,60079,0.28439033,-0.0816298574,-0.486166894,0.0681901649,-0.96110332,0.0271265004,-0.266260833
226956945484,60095,0.285968244,-0.0806035846,-0.485725045,0.0675716698,-0.959878147,0.0237928219,-0.271112472
226973814755,60112,0.287345797,-0.0796912238,-0.485428572,0.0653954074,-0.959856093,0.0207382068,-0.27197364
226990280484,60128,0.288429081,-0.0789693817,-0.485227257,0.0626915768,-0.960569918,0.0186040681,-0.270239085
227007141474,60145,0.289509296,-0.0782710761,-0.484991848,0.0605277047,-0.961366892,0.0171249062,-0.267986774
227023613557,60161,0.290583313,-0.0776427686,-0.484704614,0.0601800717,-0.961537182,0.0161450412,-0.267514706
227040277880,60178,0.291763455,-0.0770179108,-0.484441161,0.0615958795,-0.960841715,0.0145436991,-0.269773275
227056960224,60194,0.292863071,-0.0764547586,-0.484321117,0.0640542805,-0.959469438,0.0128499158,-0.274135947
227073634599,60211,0.29388386,-0.0758620054,-0.484424323,0.0669351667,-0.957853138,0.0113014197,-0.279122502
227090354442,60227,0.294493109,-0.075368762,-0.484849215,0.0683399662,-0.957171977,0.0101153348,-0.281156927
227106947255,60244,0.294607282,-0.074993588,-0.485695362,0.0667112842,-0.958464682,0.00916892663,-0.277148187
227123698036,60261,0.294064701,-0.07485082,-0.486819983,0.061119955,-0.962490559,0.00908467453,-0.264185309
227140280015,60277,0.29302913,-0.0748365521,-0.488076508,0.0524260551,-0.968631804,0.0101815211,-0.242693916
227156953088,60293,0.291410506,-0.074991636,-0.489458621,0.0401047505,-0.976316273,0.0129297012,-0.212205425
227173727724,60311,0.288892925,-0.0754157305,-0.490930408,0.0229170918,-0.985360861,0.0173768792,-0.168038204
227190286474,60327,0.286100268,-0.0760098398,-0.491939634,0.00559512572,-0.99233681,0.0224565193,-0.121375971
227207039859,60343,0.282857776,-0.076738745,-0.492558986,-0.0122292582,-0.997121394,0.0278946459,-0.069435142
227223626317,60360,0.279127657,-0.0776662976,-0.492701441,-0.0301272608,-0.998911083,0.0339449197,-0.0108089186
227240287724,60377,0.275276512,-0.078994453,-0.492228806,-0.044200737,-0.996979117,0.0412105098,0.0487922095
227256942515,60393,0.271873564,-0.080488123,-0.491426528,-0.0513544083,-0.992147267,0.047799997,0.103545971
227273637932,60409,0.268806636,-0.0821271911,-0.490625918,-0.0523357727,-0.985074699,0.0536167845,0.154965162
227290366682,60426,0.265717298,-0.0840465799,-0.489874929,-0.0478882864,-0.975858688,0.0594209656,0.204635635
227306944338,60443,0.262730598,-0.0861446038,-0.489187539,-0.0388146155,-0.965462625,0.0644254461,0.249449044
227323613973,60459,0.259958446,-0.0885063559,-0.488430977,-0.0267115142,-0.954793394,0.06898278,0.287919313
227340278401,60476,0.25718087,-0.0914131626,-0.48748368,-0.0111373104,-0.942807317,0.0738721415,0.324858934
227356995640,60492,0.254583567,-0.0943973437,-0.486594141,0.00503612775,-0.930934548,0.0786770433,0.356574535
227373737932,60509,0.251790255,-0.0976638347,-0.485807747,0.0228308104,-0.91768831,0.0839465931,0.38765949
227390274234,60526,0.249112397,-0.100315407,-0.485431105,0.0380042195,-0.904863179,0.0851716772,0.415360212
227406950692,60542,0.246698201,-0.10172604,-0.485286593,0.0463418998,-0.894253373,0.081145294,0.437697262
227424814286,60559,0.244126379,-0.103198327,-0.484645307,0.0491392091,-0.882212639,0.0801571459,0.46136874
227440275692,60576,0.241349965,-0.104707494,-0.483975708,0.048821725,-0.869611859,0.0784952193,0.485005379
227456971369,60592,0.238908544,-0.105738327,-0.483616292,0.0460930653,-0.859104931,0.0732074827,0.504435122
227473642307,60608,0.236654148,-0.1065844,-0.483281374,0.041314289,-0.848970354,0.0668350384,0.522566378
227490337567,60625,0.234539911,-0.10736718,-0.483041108,0.0357112363,-0.839133024,0.0584059916,0.539601028
227507044078,60641,0.232967034,-0.107898414,-0.482660979,0.0310515966,-0.829662859,0.0490011722,0.555242479
227523716421,60659,0.231580287,-0.10823267,-0.481757671,0.0271768533,-0.817871392,0.0365365781,0.573596597
227540279598,60675,0.230688781,-0.108479753,-0.480497241,0.0257286672,-0.806144953,0.024879314,0.590634823
227556944755,60691,0.230171621,-0.108815238,-0.478868604,0.0273629297,-0.79311496,0.0139822736,0.608296335
227573709963,60708,0.229950294,-0.109399393,-0.477126867,0.032527741,-0.778939784,0.0042653163,0.626240075
227590369859,60724,0.23003912,-0.110075057,-0.475763738,0.040213611,-0.766955674,-0.00298687862,0.640431881
227607029078,60741,0.230238289,-0.110754818,-0.474547863,0.0503600389,-0.756068349,-0.0096687926,0.652480781
227623619442,60758,0.230380237,-0.111239351,-0.473353654,0.0599497408,-0.7462883,-0.0157197341,0.66273123
227640274494,60774,0.230384901,-0.111360818,-0.47224158,0.0674054846,-0.738039434,-0.0223697778,0.67100966
227656946525,60790,0.230476052,-0.111136585,-0.47121495,0.073423937,-0.731253862,-0.0289178621,0.677525222
227673654650,60807,0.230785728,-0.110638201,-0.470238596,0.0773669854,-0.725799024,-0.0347972065,0.682656109
227690283348,60824,0.231102645,-0.110120602,-0.469215095,0.0785367787,-0.72025758,-0.0394795015,0.68811518
227706951578,60840,0.231212705,-0.109737784,-0.467998207,0.0787582695,-0.71297586,-0.0425475836,0.69545114
227723691838,60857,0.231057227,-0.109762594,-0.466392189,0.0799063072,-0.702448905,-0.0432096012,0.705913186
227740456317,60874,0.230879247,-0.109900951,-0.464876592,0.081343621,-0.690814018,-0.0418733694,0.717220962
227758094807,60891,0.230769545,-0.109542131,-0.464157432,0.0818030015,-0.680154681,-0.0421868451,0.727267623
227773606630,60907,0.230639696,-0.10889791,-0.464082837,0.0820205286,-0.669890285,-0.0445047691,0.736572504
227790285588,60923,0.230957448,-0.108294316,-0.464248896,0.0823104754,-0.659014583,-0.0463658944,0.74617362
227806945432,60940,0.232338846,-0.107794464,-0.464536011,0.084254168,-0.646759152,-0.0480256714,0.756503463
227823638765,60956,0.234738126,-0.107580945,-0.464752376,0.0878335908,-0.634082079,-0.0500406809,0.766629755
227840310015,60973,0.237836868,-0.107556455,-0.464939773,0.091631785,-0.618346751,-0.0529731475,0.778745711
227856951213,60989,0.240641207,-0.10751038,-0.465210289,0.0943571553,-0.602383971,-0.0561092794,0.79062134
227873733765,61006,0.243474439,-0.107522614,-0.465507746,0.0957354233,-0.586907446,-0.0593802966,0.801778316
227890497098,61023,0.246131256,-0.107763417,-0.465462476,0.0963073969,-0.572311282,-0.0617692806,0.812015593
227906973921,61039,0.248460054,-0.108034194,-0.465085745,0.0970014632,-0.559967697,-0.0632094443,0.820384979
227923729859,61055,0.250458807,-0.108223312,-0.464666843,0.0980721414,-0.550275445,-0.062454991,0.826848388
227940278400,61073,0.252300501,-0.108263813,-0.463997126,0.0986252725,-0.540899634,-0.0590707362,0.833193481
227956939807,61089,0.253534526,-0.108165435,-0.463183463,0.0973215029,-0.532973826,-0.0547285974,0.838732481
227973685848,61105,0.254266024,-0.108024701,-0.462255865,0.094471857,-0.524748981,-0.0500203706,0.844518602
227990375327,61122,0.254886627,-0.107856423,-0.461087108,0.0894658417,-0.514982343,-0.0453874767,0.851310194
228006965432,61139,0.255363882,-0.10766311,-0.459846973,0.0829894766,-0.503183961,-0.0411531106,0.859200239
228023612046,61155,0.255770177,-0.107396871,-0.458591312,0.076040715,-0.49009648,-0.037140552,0.867550552
228040279182,61171,0.256150305,-0.107079573,-0.457318276,0.06930729,-0.475271881,-0.0327256806,0.876494288
228056950275,61188,0.25637576,-0.106582224,-0.456004351,0.0628766194,-0.458465874,-0.0282109287,0.886036038
228073631421,61205,0.256663769,-0.105903313,-0.454654545,0.0572671145,-0.441484571,-0.0222092029,0.895164073
228090311161,61221,0.256863236,-0.104978986,-0.453294814,0.0523734801,-0.425426483,-0.0152088394,0.903348207
228106956213,61238,0.256943822,-0.103646532,-0.451771915,0.0467729829,-0.409172267,-0.005141431,0.911243081
228123608504,61255,0.256865144,-0.10220921,-0.450117409,0.0398556218,-0.393095523,0.00648260303,0.918610632
228140294442,61271,0.256444037,-0.100836836,-0.448664635,0.0317555442,-0.37841168,0.0163411926,0.924948275
228156933504,61288,0.255785167,-0.0995895118,-0.447364032,0.022945473,-0.363226682,0.0266653243,0.931036472
228173641681,61304,0.255063236,-0.098486729,-0.446313232,0.0140970452,-0.349280268,0.035637632,0.936234295
228190294806,61321,0.254458547,-0.0972762108,-0.44528845,0.00378744188,-0.33539328,0.0445103794,0.941018522
228206960171,61337,0.253972709,-0.0962056965,-0.444414586,-0.00628012139,-0.324026972,0.0528278872,0.944550872
228223775379,61354,0.253561497,-0.0953141004,-0.443711877,-0.0147113129,-0.313846976,0.0618749857,0.947341144
228240274286,61370,0.253196955,-0.0947313905,-0.443261266,-0.0208783597,-0.305256635,0.0701453239,0.949453592
228257134025,61387,0.252803475,-0.0942577422,-0.442697704,-0.0261501968,-0.296947986,0.0788035989,0.951277077
228273638296,61404,0.252524287,-0.0939022005,-0.441790402,-0.0311507862,-0.289009392,0.0871076807,0.95284605
228290289494,61420,0.252441585,-0.0935765654,-0.440867811,-0.0351589061,-0.281781197,0.0935282409,0.954261839
228306956369,61436,0.252592057,-0.0933382958,-0.439803541,-0.0383436084,-0.274711639,0.100037776,0.955539525
228323888348,61453,0.252825946,-0.0930858776,-0.43852219,-0.0409422107,-0.268052161,0.106975414,0.956570983
228340278348,61470,0.253178388,-0.0927302018,-0.436720282,-0.0446725115,-0.261149526,0.113743365,0.957532167
228356958556,61486,0.253765076,-0.0921953768,-0.434308857,-0.0501818582,-0.252645642,0.120293714,0.958739519
228373618036,61503,0.254511744,-0.091639623,-0.43125841,-0.0581484437,-0.241527498,0.126973301,0.96029222
228390278244,61520,0.255310833,-0.0913357735,-0.427520216,-0.0713684112,-0.227960959,0.133097187,0.961886466
228406944025,61536,0.256056905,-0.0916000679,-0.423598468,-0.0851146132,-0.212564036,0.139516205,0.963383257
228423697567,61553,0.257322282,-0.0917025656,-0.419771045,-0.0977602005,-0.194760248,0.146592408,0.964894831
228440282098,61569,0.258992136,-0.091578044,-0.416471481,-0.110250801,-0.176854208,0.153570011,0.965910792
228456947411,61586,0.261156648,-0.0916092768,-0.413257301,-0.122508496,-0.156481296,0.161810547,0.966603696
228473618088,61602,0.263538659,-0.091436021,-0.410934031,-0.131547913,-0.136966646,0.168729797,0.967194676
228490282411,61619,0.266066492,-0.0915245414,-0.409259886,-0.139763758,-0.117367655,0.173234224,0.967822731
228507033921,61635,0.26837796,-0.0919541568,-0.408360064,-0.142674074,-0.0996742398,0.175559223,0.968962431
228523723921,61652,0.270556509,-0.0924750715,-0.408024281,-0.142820194,-0.081637606,0.175251931,0.970682502
228540311838,61669,0.272382945,-0.0930190086,-0.408110529,-0.142347082,-0.0644483119,0.172602698,0.972518444
228556947411,61685,0.274054736,-0.0935704336,-0.408403277,-0.141115829,-0.0481072962,0.169535354,0.974181592
228573626317,61702,0.275795788,-0.0940744206,-0.408854097,-0.14003928,-0.0296654645,0.165555224,0.975756407
228590441004,61718,0.277298182,-0.0945566595,-0.409442097,-0.139151216,-0.0123262974,0.161314219,0.976966143
228606954233,61735,0.278701186,-0.0951498896,-0.410215765,-0.137525871,0.00560508529,0.156954646,0.97796756
228623767879,61751,0.279892415,-0.0957323089,-0.410927534,-0.135796383,0.0228162035,0.153155789,0.978561282
228640275171,61768,0.281082809,-0.0963469595,-0.411579043,-0.134222969,0.0420907624,0.149575189,0.978692949
228656947983,61785,0.28225404,-0.0969390646,-0.412224084,-0.132908568,0.0614348613,0.146758214,0.978275657
228673795171,61801,0.283498287,-0.0974930525,-0.412869781,-0.131379768,0.0791368559,0.145178184,0.977445662
228690460535,61817,0.284817189,-0.0981366858,-0.413516551,-0.129794717,0.0964240879,0.144029155,0.976274252
228706949754,61834,0.286147654,-0.098717615,-0.414179474,-0.128865808,0.113113701,0.142381549,0.9748469
228723758713,61850,0.287092268,-0.0992949381,-0.414709866,-0.127532899,0.125668928,0.140392527,0.973772347
228740395327,61868,0.287783682,-0.100032806,-0.415209234,-0.124527484,0.135722622,0.137847915,0.973175406
228756987098,61883,0.288161993,-0.100634739,-0.415611029,-0.121809162,0.141003132,0.135740563,0.97306484
228773742254,61901,0.288541496,-0.101491183,-0.416085482,-0.118528582,0.14509128,0.132792443,0.973275721
228790277931,61917,0.288938433,-0.102202244,-0.41649422,-0.116142586,0.14726986,0.129631564,0.973662317
228806954650,61933,0.289409101,-0.102788761,-0.416824073,-0.11477717,0.148200706,0.126462445,0.974099636
228823635067,61950,0.289952964,-0.103252515,-0.41714251,-0.114525378,0.147843733,0.123361342,0.974581003
228840290431,61967,0.290508568,-0.103597805,-0.417411208,-0.115795046,0.145788208,0.12079303,0.975062191
228856965744,61983,0.291084766,-0.103778958,-0.417582154,-0.118875273,0.142322093,0.119256966,0.975392699
228873610848,62000,0.291648597,-0.103649043,-0.417682976,-0.124598466,0.13653855,0.118334673,0.975617468
228890289285,62016,0.291963279,-0.103335105,-0.417651832,-0.131072029,0.128618404,0.118312277,0.975848198
228906965327,62033,0.292006046,-0.10281235,-0.41757071,-0.138540968,0.117289871,0.119232967,0.976131678
228923665587,62050,0.291745782,-0.102189027,-0.417523563,-0.147002012,0.103164658,0.120933294,0.976280034
228940285067,62066,0.291365713,-0.101551279,-0.417488486,-0.156382784,0.0885390788,0.12319538,0.975975573
228956939546,62083,0.291014433,-0.100564383,-0.417484581,-0.168255731,0.0727493018,0.126683623,0.974858403
228973665171,62099,0.290601224,-0.099372074,-0.41755867,-0.181302935,0.0578984357,0.131852224,0.972826898
228990322202,62116,0.290000319,-0.0978793949,-0.417728305,-0.197050944,0.0425826944,0.139730901,0.969449878
229007115171,62132,0.289203405,-0.0962518156,-0.418046415,-0.213896215,0.0288021453,0.148949683,0.965004086
229023925067,62149,0.288254678,-0.0943314657,-0.418628484,-0.23391445,0.0149724139,0.160057679,0.95887506
229040277775,62166,0.287194103,-0.0922778845,-0.419587821,-0.255970299,0.00226910203,0.172117531,0.951235831
229056950692,62182,0.286104023,-0.0904098749,-0.420881033,-0.278509557,-0.00816889293,0.184614226,0.942487895
229073630900,62198,0.2850447,-0.0886358321,-0.422484845,-0.303063601,-0.0168103557,0.19834438,0.931949258
229091078817,62216,0.283720523,-0.0868113637,-0.424733818,-0.333535463,-0.0238992069,0.214633286,0.917668521
229106965067,62232,0.28253597,-0.0852657184,-0.427045912,-0.363362163,-0.027242953,0.228792787,0.902706921
229123610639,62248,0.281416863,-0.083780691,-0.429622769,-0.395552397,-0.0273684878,0.241727233,0.885639489
229140277306,62264,0.280435175,-0.0825136453,-0.432517588,-0.428860068,-0.0244839732,0.253413647,0.866753221
229157077254,62282,0.279503405,-0.0815440118,-0.436223269,-0.467316836,-0.0193721112,0.264353186,0.843419909
229173978556,62298,0.278804272,-0.0811792165,-0.439788193,-0.501366317,-0.0131842112,0.271732479,0.821352243
229190489962,62314,0.278217614,-0.0812135264,-0.443398803,-0.533655226,-0.00492162956,0.277518541,0.798856258
229206956577,62331,0.277744174,-0.0815099031,-0.447182119,-0.564061522,0.00578010734,0.283179373,0.775635719
229223617619,62348,0.277551562,-0.0821177363,-0.450754404,-0.588942528,0.0168416761,0.287339568,0.755181491
229240277827,62364,0.277625799,-0.0831498504,-0.453686655,-0.606164575,0.0257101636,0.288341105,0.74078542
229256948400,62382,0.277964681,-0.0847650915,-0.456414044,-0.61823225,0.0330348425,0.286881626,0.731024325
229274033712,62397,0.27850318,-0.086279951,-0.458202034,-0.622685015,0.0373822786,0.284775317,0.727852285
229290283087,62414,0.279399276,-0.0881705731,-0.459627777,-0.622332692,0.040754877,0.281489938,0.729249239
229306965223,62430,0.280567467,-0.0900766999,-0.460438758,-0.618550479,0.0426853187,0.277220935,0.733976841
229323612671,62447,0.282075167,-0.0921813101,-0.460924566,-0.612935841,0.0439049751,0.271274239,0.740805268
229340293139,62464,0.28365317,-0.0943200588,-0.461048394,-0.606823683,0.044514332,0.264497668,0.748214304
229357046212,62480,0.28515166,-0.0962594599,-0.460869491,-0.60119009,0.0447698124,0.257717639,0.755081356
229373700796,62497,0.286718607,-0.0982456431,-0.460678577,-0.595348597,0.046206709,0.24995783,0.76219821
229390278504,62514,0.288396657,-0.100095145,-0.460432172,-0.588920891,0.0495360307,0.241657808,0.76962328
229406949754,62530,0.290183723,-0.101728678,-0.460375488,-0.581760406,0.0544658601,0.233082816,0.777342081
229423618191,62546,0.292177439,-0.103316642,-0.460235178,-0.572683573,0.0609391369,0.223014221,0.786501527
229440278348,62563,0.294376522,-0.105012394,-0.459877789,-0.560403287,0.0677100793,0.210799307,0.798077226
229456953452,62580,0.296567202,-0.106653184,-0.459400684,-0.544370532,0.0740310997,0.196755588,0.812076032
229473607619,62596,0.298564106,-0.108218543,-0.458715111,-0.525208652,0.0789080709,0.182524204,0.827414215
229490298348,62612,0.300398529,-0.109771192,-0.457982302,-0.502176225,0.0823081061,0.166916296,0.844501913
229506948868,62630,0.302161813,-0.111625545,-0.456903189,-0.471649826,0.0842840075,0.147809505,0.865213811
229523627983,62646,0.303418219,-0.113528587,-0.455927789,-0.440965086,0.0847498402,0.129385442,0.884096563
229540290483,62662,0.304423869,-0.115696624,-0.455002517,-0.40729174,0.0842619389,0.110063873,0.902717769
229556958816,62679,0.305278718,-0.118232712,-0.453917295,-0.369245261,0.0829388946,0.0884304941,0.921389818
229573633660,62695,0.305856079,-0.120848551,-0.45277977,-0.332212299,0.0809798613,0.0672736093,0.937310815
229590525066,62712,0.306227803,-0.123885505,-0.451422036,-0.292152107,0.0777760372,0.0444995165,0.952164888
229606962827,62729,0.306345195,-0.127111942,-0.450053453,-0.25267905,0.073027283,0.0215664338,0.964549243
229623637827,62745,0.306284517,-0.130171984,-0.448738158,-0.216209009,0.0673975125,0.000124004931,0.974018157
229640277879,62761,0.306060046,-0.133235753,-0.447465241,-0.181174904,0.0608868264,-0.0210494194,0.98133862
229656942775,62779,0.305668443,-0.13676317,-0.446177244,-0.142828852,0.0530734062,-0.0435256027,0.987364531
229673624285,62795,0.30524835,-0.139915571,-0.445014238,-0.109715864,0.0461676084,-0.0615294166,0.990981936
229690297931,62811,0.304801822,-0.143102378,-0.443942487,-0.0778899789,0.0401189886,-0.0775942504,0.993127823
229706962775,62828,0.304343313,-0.146361619,-0.442924917,-0.0462492332,0.0350240655,-0.0928941444,0.993984461
229723615900,62845,0.304044276,-0.149536222,-0.44206512,-0.0170590524,0.0310409851,-0.106696017,0.993660629
229740281577,62861,0.303775817,-0.15237394,-0.44141686,0.00800137967,0.0277905166,-0.118139923,0.992575824
229756941368,62877,0.303491473,-0.154943377,-0.440838873,0.0301067643,0.0254827347,-0.127212763,0.991090894
229773829233,62894,0.303427368,-0.157442212,-0.440358311,0.0501130372,0.0249964669,-0.133825555,0.989421368
229790383348,62911,0.303537786,-0.159485176,-0.439916253,0.0667562559,0.0269583967,-0.137459263,0.987887561
229806956264,62927,0.303699136,-0.161028892,-0.439504176,0.0801887959,0.030680256,-0.138501599,0.986633599
229824018348,62945,0.30387646,-0.162344441,-0.439087927,0.093501918,0.0355821624,-0.137710124,0.985407174
229840276525,62961,0.303941309,-0.163149834,-0.438784838,0.104131982,0.0395509191,-0.136336252,0.984380424
229856954181,62977,0.3038629,-0.163643315,-0.438547909,0.113919809,0.0426429436,-0.13499257,0.983351886
229873682931,62994,0.303703755,-0.163720921,-0.438341379,0.124202967,0.0453223959,-0.133601874,0.982176185
229890289389,63010,0.303610086,-0.163667649,-0.438308418,0.134969637,0.0480846949,-0.132282734,0.98080188
229906947931,63027,0.303387314,-0.163413703,-0.438279569,0.148684248,0.0512894168,-0.131083161,0.978815496
229923609233,63043,0.303101242,-0.162958145,-0.438109279,0.163789779,0.0540732816,-0.130505726,0.976328492
229940280900,63060,0.302612036,-0.162326962,-0.437916875,0.181679145,0.056397453,-0.130785272,0.972988844
229956975743,63077,0.30189991,-0.161467314,-0.437689602,0.20097746,0.057918366,-0.131771281,0.968963325
229973686368,63093,0.301287293,-0.160554498,-0.437502921,0.220047086,0.0587079674,-0.133322299,0.964550614
229990286889,63110,0.300545692,-0.159532234,-0.43730998,0.241321519,0.0594598316,-0.135398567,0.959111929
230006946733,63126,0.300237894,-0.158550322,-0.437037587,0.262430698,0.0603197068,-0.137421429,0.953208804
230023688972,63143,0.299917072,-0.157555237,-0.436731696,0.285464168,0.0610783659,-0.139585346,0.946200609
230040282931,63160,0.299549967,-0.156510159,-0.436538279,0.308191895,0.0611625724,-0.142318666,0.938627958
230056967879,63176,0.299381703,-0.155460849,-0.436470479,0.328209192,0.0602671318,-0.145493671,0.9313851
230073614650,63192,0.299007714,-0.154371366,-0.436508477,0.346625358,0.0589313731,-0.148941144,0.924226463
230090312150,63208,0.29876852,-0.153252959,-0.436577857,0.363854468,0.0578337684,-0.152619317,0.917045593
230106988452,63226,0.298375785,-0.151987046,-0.436745852,0.381859571,0.0573912933,-0.156727448,0.909024835
230123691004,63242,0.298204541,-0.150804281,-0.436796665,0.396531641,0.0574799106,-0.160263821,0.902094364
230140300899,63258,0.29810071,-0.149647817,-0.436876118,0.410137892,0.0576040708,-0.16379416,0.895343602
230156945795,63276,0.297644019,-0.148430854,-0.437247247,0.423949242,0.057680089,-0.167793766,0.88813585
230173626785,63292,0.297265023,-0.147458062,-0.437732339,0.435068637,0.057981763,-0.171530962,0.882003725
230190288452,63308,0.296937764,-0.146635026,-0.438322544,0.445934415,0.0587279424,-0.175262094,0.875772119
230206947462,63326,0.296684206,-0.145927638,-0.438910127,0.458370775,0.0596729517,-0.180055976,0.868282974
230223616056,63342,0.296350926,-0.145339057,-0.439489305,0.469250739,0.0599188805,-0.185427725,0.86129564
230240279389,63358,0.295942724,-0.144739971,-0.440103054,0.479493946,0.0591273941,-0.191913322,0.854259253
230256973452,63374,0.295581698,-0.144205287,-0.440715313,0.489293665,0.0575995073,-0.199351773,0.847073197
230273664389,63392,0.295213073,-0.143704623,-0.441471875,0.500317156,0.0552783683,-0.208277285,0.838598609
230290770431,63408,0.294951528,-0.143419921,-0.442148834,0.510513246,0.0525273569,-0.216293886,0.830562532
230306969493,63424,0.29453975,-0.143150717,-0.442921698,0.520962596,0.0493076555,-0.224545166,0.822037876
230323620952,63441,0.294196278,-0.142911285,-0.443674266,0.531723797,0.0460252017,-0.233498409,0.812791526
230340285743,63457,0.294074357,-0.142754883,-0.44441247,0.541367292,0.0428333133,-0.241806179,0.804124773
230357118347,63474,0.293944269,-0.142651349,-0.44526282,0.551420808,0.039230153,-0.250629723,0.79472059
230373667254,63491,0.293877572,-0.142690003,-0.446076632,0.561271548,0.0357083157,-0.259619296,0.785045922
230390284233,63507,0.293890327,-0.142752886,-0.447008669,0.570393026,0.0324688107,-0.267935276,0.775763094
230407203556,63524,0.293953031,-0.142945677,-0.447971702,0.580138981,0.0285901576,-0.276729465,0.765533984
230423746004,63541,0.293972492,-0.143189415,-0.449097812,0.589557528,0.0248083677,-0.285735875,0.755090415
230440294806,63557,0.294053793,-0.143460006,-0.45019114,0.598363876,0.0218219459,-0.294255883,0.744914711
230457097097,63574,0.294208616,-0.143931597,-0.451435447,0.608038425,0.019008996,-0.303019881,0.733557761
230473710691,63590,0.294375092,-0.144407004,-0.452846766,0.617434978,0.0161077119,-0.311315745,0.722216845
230490288660,63607,0.294544369,-0.144999743,-0.454321682,0.627733469,0.0121474899,-0.320110023,0.709459484
230506950951,63623,0.294579327,-0.145488739,-0.455767423,0.637145102,0.00730308378,-0.328364521,0.697258592
230523894233,63640,0.294447988,-0.146062434,-0.457103968,0.646603227,0.00164114812,-0.336744547,0.684474051
230540356472,63656,0.294288903,-0.146591887,-0.458334386,0.654982269,-0.00339644356,-0.343895167,0.672846854
230556948399,63673,0.294186622,-0.147039473,-0.459675431,0.663235605,-0.00746686291,-0.35024491,0.661355734
230574382149,63690,0.294094384,-0.147487938,-0.460766375,0.670521021,-0.0103222802,-0.354962409,0.651380718
230590289233,63706,0.293976724,-0.147820339,-0.461743116,0.675775707,-0.0120938206,-0.357426226,0.644536674
230610338972,63725,0.294007868,-0.148133457,-0.462467968,0.679507673,-0.0125672715,-0.357422858,0.640593767
230625420222,63740,0.29418242,-0.148303345,-0.46293059,0.680396318,-0.0115461815,-0.355453402,0.640765488
230640292983,63756,0.2944493,-0.148443982,-0.463347912,0.679747641,-0.00960211642,-0.351612508,0.643599033
230656946733,63772,0.294757277,-0.148527488,-0.463444084,0.677715421,-0.00715604192,-0.346345425,0.648610473
230673669337,63789,0.295008123,-0.14839685,-0.463409364,0.674198329,-0.00440831529,-0.339834541,0.655705571
230690286160,63805,0.295166343,-0.148085058,-0.463259906,0.669720471,-0.00207337853,-0.333750576,0.663385808
230706950326,63822,0.295243293,-0.14750199,-0.463150501,0.663945079,-0.00104863325,-0.327712804,0.672145963
230723611212,63838,0.295199573,-0.146830305,-0.462872565,0.657751679,-0.00192161475,-0.322382182,0.680756092
230740277149,63855,0.295072705,-0.145917609,-0.46263364,0.650503278,-0.0040314002,-0.317170024,0.690095961
230756954337,63872,0.294859231,-0.144995272,-0.462290406,0.642260492,-0.00634622946,-0.312335372,0.699934244
230773644233,63888,0.294650257,-0.144044057,-0.461752564,0.633108735,-0.00822546519,-0.307677478,0.710239649
230790627097,63905,0.294521064,-0.142766759,-0.461149752,0.62158215,-0.0109280786,-0.301504672,0.72291857
230807108139,63921,0.294505894,-0.141636252,-0.460156024,0.609560192,-0.0136188297,-0.293422818,0.736311078
230823758035,63938,0.294598013,-0.140210807,-0.459213197,0.595925868,-0.0154239526,-0.282676607,0.751484036
230840274649,63955,0.294710815,-0.138670444,-0.458244681,0.58190465,-0.0158997346,-0.269817442,0.76702857
230856947722,63971,0.294820398,-0.13716194,-0.457228333,0.568219185,-0.0149025619,-0.255914509,0.781928837
230873685691,63987,0.294913411,-0.135572284,-0.456234932,0.553475738,-0.0126328105,-0.241059691,0.797116876
230890361316,64004,0.295016259,-0.133873105,-0.45477578,0.536976099,-0.0090458421,-0.225113943,0.812956631
230906945743,64021,0.295244694,-0.131969184,-0.453650087,0.519872487,-0.00373054063,-0.208571836,0.828381896
230923662722,64037,0.295528054,-0.130301073,-0.452351809,0.502901673,0.0017428376,-0.193116456,0.842492163
230940272878,64053,0.295656562,-0.128548816,-0.450841665,0.485584915,0.00676071318,-0.178333208,0.855779767
230957106680,64071,0.295479,-0.126374513,-0.449482501,0.466457009,0.0117250597,-0.161402911,0.869614601
230973724701,64087,0.295207083,-0.124643996,-0.447872043,0.449042231,0.0151624512,-0.145953402,0.881378889
230990282930,64104,0.294918805,-0.122887611,-0.446226537,0.429283917,0.0171285551,-0.129636645,0.893653333
231006952514,64120,0.29450509,-0.121533647,-0.444694877,0.409898221,0.0171292089,-0.113988079,0.904818654
231023618243,64137,0.293877661,-0.120097771,-0.443022341,0.38849324,0.0150493747,-0.0972509459,0.916181684
231040291003,64153,0.293161631,-0.118889883,-0.44123432,0.367442399,0.0120095788,-0.0809721798,0.926436961
231056945691,64170,0.292384863,-0.117517263,-0.439330578,0.342319518,0.00897740945,-0.063375555,0.937400818
231073636889,64186,0.291697562,-0.115794398,-0.438014418,0.315601081,0.0070058913,-0.0469230413,0.94770515
231090304389,64203,0.290912181,-0.113738,-0.436620772,0.285060972,0.00620155409,-0.029664455,0.958030224
231106944128,64220,0.290042937,-0.111442327,-0.435638845,0.253665268,0.00642982218,-0.0134903025,0.967176676
231123662305,64236,0.289168209,-0.10956832,-0.434611499,0.224058867,0.00702834735,0.000169081453,0.974550307
231140402722,64252,0.288161278,-0.107647456,-0.433885187,0.194962189,0.00768654328,0.0117173763,0.980710685
231156943972,64269,0.28697601,-0.105617516,-0.433930993,0.165542528,0.00838498026,0.0209988244,0.985943437
231173821055,64286,0.28584978,-0.104047589,-0.434082896,0.138836086,0.00893769041,0.0270241946,0.989906251
231190347774,64302,0.284743488,-0.102744475,-0.43459481,0.117244668,0.00929548312,0.0296658408,0.992616415
231207016212,64319,0.283859968,-0.101948813,-0.435052276,0.0991318226,0.00960488804,0.0297045521,0.994584501
231223979337,64336,0.283197731,-0.101615652,-0.435637355,0.0856737643,0.00963028893,0.0267881844,0.995916486
231240305430,64352,0.282697588,-0.101721898,-0.436366528,0.0767114386,0.00877283234,0.0212674197,0.996787906
231256961003,64368,0.282383323,-0.10231334,-0.436939836,0.0713974312,0.00625880342,0.0135092223,0.997336864
231273633607,64385,0.282102585,-0.103236489,-0.437599897,0.0696425289,0.00118064124,0.00359836407,0.997564912
231290501732,64402,0.282190293,-0.104463868,-0.437898666,0.0714349672,-0.00610687444,-0.00816986896,0.997393131
231306978503,64418,0.282327384,-0.105742663,-0.438195169,0.0755814388,-0.0146627538,-0.0209353082,0.996812046
231323642722,64435,0.282153666,-0.107298002,-0.438304782,0.0819619,-0.0250138529,-0.0356370956,0.995684028
231340279284,64452,0.281608045,-0.10909313,-0.438267052,0.0901799798,-0.0353047214,-0.0490246639,0.994091392
231356970534,64468,0.281106591,-0.110801443,-0.438319683,0.0990784168,-0.042703595,-0.0592174381,0.992397726
231373642670,64484,0.280892521,-0.112646468,-0.438070416,0.108419918,-0.0457960032,-0.0673180073,0.990765452
231390283712,64501,0.280871212,-0.114579089,-0.437767148,0.117296599,-0.0443769842,-0.0741713122,0.989328504
231406947514,64518,0.280949086,-0.116655573,-0.437376201,0.125704288,-0.0395841636,-0.078051582,0.988200188
231423613972,64534,0.281117201,-0.11840497,-0.437206835,0.133315027,-0.031704694,-0.0788686723,0.987421811
231440340066,64550,0.281547725,-0.120113559,-0.437035978,0.140612766,-0.0202025808,-0.0780932382,0.986773252
231456966472,64568,0.282238305,-0.122103639,-0.436819702,0.148116902,-0.00497446349,-0.0763828754,0.98600322
231473635274,64584,0.282837659,-0.123723984,-0.436682373,0.154802874,0.00932731107,-0.0741779432,0.985112607
231490286368,64600,0.283315927,-0.125296131,-0.436428696,0.161068097,0.0233825725,-0.0720137134,0.984034777
231507016732,64617,0.283615232,-0.126555607,-0.436516523,0.166737258,0.0383907035,-0.0713751912,0.982665002
231523659389,64634,0.283858687,-0.127851844,-0.436637849,0.17119202,0.0546926819,-0.0734153688,0.980975211
231540284649,64650,0.284224898,-0.128973871,-0.436797142,0.173764482,0.0717118979,-0.0772313029,0.979131579
231556963347,64667,0.284706235,-0.129990205,-0.43716386,0.175127104,0.0914406478,-0.0813470483,0.976909339
231573658555,64684,0.285173059,-0.130988047,-0.437767982,0.175638422,0.11180272,-0.0860652849,0.974291623
231590275326,64700,0.285521865,-0.131670043,-0.438768566,0.175319329,0.132020056,-0.0915526673,0.971314609
231606953086,64716,0.285829127,-0.132597074,-0.439769745,0.173792258,0.153044388,-0.0973007157,0.967939198
231623625014,64733,0.286004424,-0.133576542,-0.440999687,0.172666445,0.174549431,-0.103234887,0.963878334
231640278659,64749,0.286031306,-0.134511232,-0.442248911,0.170756027,0.194282323,-0.108643919,0.959840238
231656949024,64766,0.286002308,-0.135730892,-0.443664163,0.167299807,0.215554759,-0.114154734,0.955256879
231673612982,64783,0.285939783,-0.136809513,-0.44536674,0.162451997,0.23657465,-0.119708881,0.950427055
231690329961,64799,0.285843998,-0.137826458,-0.447110564,0.156426534,0.25528875,-0.124424323,0.945979357
231706950482,64815,0.285788715,-0.138679102,-0.448975205,0.149062186,0.273694992,-0.127684921,0.941577494
231723615118,64832,0.285720944,-0.139631093,-0.451085299,0.140600801,0.294105381,-0.129263803,0.936495781
231740287513,64849,0.285556793,-0.14045611,-0.453211486,0.130922571,0.316470653,-0.129419655,0.930567682
231757003138,64865,0.285255641,-0.140898004,-0.455158681,0.121056058,0.338398606,-0.128216147,0.924333513
231773803347,64882,0.284682214,-0.141173497,-0.457106352,0.109995283,0.361803263,-0.125410274,0.917208672
231790294753,64899,0.284047991,-0.141183048,-0.459078014,0.0990938321,0.385511547,-0.1205125,0.909416318
231806967045,64915,0.283355504,-0.141150162,-0.461015522,0.0893401504,0.408787668,-0.114783384,0.900963843
231823618295,64931,0.28247261,-0.141213238,-0.462956637,0.0800943598,0.432691157,-0.108630531,0.891382456
231840278451,64949,0.281250447,-0.141376019,-0.465020567,0.070698455,0.458916575,-0.101722091,0.879801154
231856946732,64965,0.2801117,-0.141476661,-0.466701359,0.0625979453,0.480598271,-0.0947881564,0.869552791
231873703868,64981,0.278961539,-0.14149183,-0.46839276,0.0557895936,0.500243902,-0.087372601,0.859656751
231890295534,64998,0.277797073,-0.141571343,-0.470211864,0.0498882495,0.51949954,-0.0799012184,0.849262774
231906949024,65015,0.276652217,-0.141647249,-0.471881896,0.0451327302,0.536433041,-0.0726478323,0.839598119
231923612670,65031,0.275528759,-0.141920179,-0.473222703,0.04144416,0.550386012,-0.0666364655,0.831214368
231940295847,65048,0.27449739,-0.142400309,-0.474400342,0.0377707332,0.563334227,-0.0611602254,0.823096216
231956958086,65064,0.273710221,-0.142887712,-0.47523424,0.0343057476,0.573014319,-0.0572387502,0.816824019
231974192826,65081,0.272951543,-0.143548667,-0.475737512,0.0309670828,0.580294132,-0.0558487885,0.811899483
231990346680,65098,0.272313744,-0.144288063,-0.475913227,0.0284963679,0.584784746,-0.0574935637,0.808646619
232006955690,65114,0.271792293,-0.145162091,-0.475843519,0.0268460978,0.586547434,-0.0604126975,0.807212353
232023635274,65130,0.271500736,-0.146002889,-0.47569409,0.0263525937,0.5860641,-0.0633881763,0.80735147
232040276055,65147,0.271578521,-0.146700621,-0.475601614,0.0261497386,0.584058762,-0.0659257397,0.808607101
232056951263,65164,0.272058934,-0.147224441,-0.475369692,0.0253488086,0.58079654,-0.0678589046,0.810819387
232073665013,65180,0.272903085,-0.147449329,-0.475017905,0.023792496,0.575922966,-0.0696484968,0.814184129
232090346472,65196,0.273987889,-0.147565156,-0.474574208,0.0212728605,0.568501711,-0.0714906454,0.819293857
232106957253,65214,0.275486887,-0.147495583,-0.473661631,0.0174058974,0.556745887,-0.0734537914,0.827245831
232123625378,65230,0.276862532,-0.147353604,-0.472655684,0.0133477123,0.543292046,-0.0754918307,0.836036265
232141953034,65248,0.278358191,-0.14711687,-0.471160561,0.00850840472,0.525047779,-0.0784388408,0.847407699
232156962045,65263,0.27944091,-0.146872953,-0.469736844,0.00428632926,0.507412672,-0.0815551132,0.857824445
232173622045,65280,0.280573338,-0.146536142,-0.468063056,-0.000852096477,0.484898001,-0.0861319974,0.870318532
232190294805,65296,0.281618923,-0.146038696,-0.466233313,-0.00559947081,0.461290687,-0.0916526839,0.882484734
232206952565,65313,0.282565802,-0.145463079,-0.464271188,-0.01059335,0.433807909,-0.0984442681,0.895548582
232223645795,65329,0.283200026,-0.144887015,-0.462200999,-0.0145048024,0.406331807,-0.104913905,0.907566667
232240304076,65346,0.283556283,-0.144207597,-0.459792435,-0.0177277606,0.376688451,-0.110962085,0.919499338
232256948086,65363,0.283687502,-0.143505305,-0.457394272,-0.0204170439,0.347700745,-0.115811475,0.930201709
232273633972,65379,0.283608794,-0.142737597,-0.455213666,-0.0226107221,0.320833296,-0.119889125,0.939245164
232290304857,65395,0.283314735,-0.14187476,-0.453337491,-0.0241567343,0.293867886,-0.124006175,0.947460115
232306959492,65412,0.282808721,-0.140782267,-0.451530397,-0.0255569872,0.264296055,-0.128253147,0.95553422
232323621003,65429,0.282007694,-0.139644861,-0.450158715,-0.0260121524,0.234311029,-0.133743227,0.962566614
232340278711,65445,0.280913651,-0.138693705,-0.448952526,-0.0256500691,0.206713602,-0.140586793,0.967908561
232356943086,65461,0.279464394,-0.137859508,-0.447767377,-0.0247749053,0.179481447,-0.147788942,0.972281396
232373640690,65479,0.277509987,-0.137072131,-0.446801513,-0.022939885,0.148115247,-0.155524507,0.976395309
232390511836,65495,0.275606155,-0.136547804,-0.445875734,-0.0211520065,0.119268827,-0.161708012,0.979376376
232407448190,65512,0.273466438,-0.136058092,-0.44527024,-0.0198388081,0.0879012272,-0.167563215,0.981734395
232424655274,65529,0.271312833,-0.135655403,-0.444836348,-0.0188968424,0.0555697456,-0.17340669,0.983099759
232440276732,65545,0.269217283,-0.135391355,-0.444462299,-0.0180683564,0.0244276058,-0.178846389,0.983407736
232456948607,65561,0.267090946,-0.135157824,-0.444363266,-0.0176391881,-0.00691291597,-0.183470219,0.982842684
232473664336,65578,0.264762223,-0.134948313,-0.444428802,-0.0169463381,-0.0396597311,-0.186731175,0.981463969
232490293086,65594,0.262532234,-0.13484703,-0.444737881,-0.0150359059,-0.0695018843,-0.186868057,0.979808092
232506972097,65611,0.260247439,-0.134769008,-0.444993228,-0.0132548707,-0.100883156,-0.1847395,0.977506161
232523663607,65628,0.258136362,-0.134720773,-0.445269495,-0.0114799272,-0.132507876,-0.182244524,0.974215984
232540295846,65644,0.256272137,-0.134569243,-0.445691347,-0.0100964028,-0.163206488,-0.180312052,0.969922304
232556949649,65661,0.25421837,-0.134460896,-0.446258366,-0.00801629853,-0.196442619,-0.177705646,0.964244127
232573754336,65677,0.252207011,-0.134485096,-0.446959734,-0.00547483703,-0.227895617,-0.175421208,0.957737505
232590431315,65694,0.250178218,-0.134642035,-0.44771865,-0.00148485741,-0.260785401,-0.17408362,0.949570298
232606945117,65710,0.248469561,-0.134730592,-0.448603034,0.00304097612,-0.290775806,-0.174256027,0.940784276
232626272878,65729,0.246855021,-0.13470529,-0.449406147,0.00832273625,-0.324891329,-0.175354943,0.929315388
232640344961,65743,0.245651066,-0.134574294,-0.450003833,0.0116847269,-0.349672377,-0.176678076,0.919987798
232657093919,65760,0.24417837,-0.134327695,-0.450874895,0.0154016083,-0.379210502,-0.178388551,0.907821417
232673610169,65777,0.242967859,-0.13391903,-0.451555252,0.018071821,-0.408435613,-0.180375218,0.894605279
232690385586,65793,0.241899461,-0.133270681,-0.452318966,0.0198679436,-0.435830504,-0.183359593,0.880929291
232706947721,65809,0.240927204,-0.132557809,-0.453036904,0.0216113962,-0.462700158,-0.187247798,0.866244674
232723611107,65827,0.239819497,-0.13163197,-0.453702807,0.0234586783,-0.491562575,-0.192187369,0.849046469
232740285638,65843,0.238866642,-0.130820274,-0.454199255,0.0254157633,-0.516026318,-0.196604952,0.833317161
232756955794,65859,0.237989008,-0.130244732,-0.454607278,0.0278498456,-0.540278792,-0.200364366,0.816809297
232773982669,65875,0.237177774,-0.129693821,-0.455321461,0.0304310471,-0.568314552,-0.203066245,0.796778917
232790305221,65893,0.236793548,-0.129247725,-0.455954313,0.0325814448,-0.593679488,-0.204471201,0.777608275
232806945065,65909,0.236608058,-0.128937632,-0.456813127,0.0351383761,-0.619277656,-0.205975756,0.756858349
232825494336,65926,0.236661389,-0.12881504,-0.457868367,0.0389524624,-0.649299622,-0.207228452,0.730718136
232840293659,65942,0.236757919,-0.128825977,-0.45860675,0.041980993,-0.670588374,-0.207391858,0.711011589
232856947357,65959,0.236799374,-0.128901169,-0.459438473,0.0458098203,-0.694938302,-0.206628621,0.687216759
232873635951,65975,0.236734256,-0.128927425,-0.460088223,0.0487711281,-0.716519296,-0.205037713,0.664966941
232890281836,65992,0.236502439,-0.128793091,-0.460890889,0.05003969,-0.738131762,-0.202324778,0.641655922
232906959648,66008,0.236113101,-0.128599554,-0.461732715,0.0494178422,-0.757028103,-0.198629841,0.62049377
232923611992,66025,0.235484093,-0.128366917,-0.462692678,0.0473179482,-0.77520895,-0.194293305,0.599217892
232940275326,66042,0.234747455,-0.128072008,-0.46366629,0.0436884202,-0.791432321,-0.189725518,0.579422534
232956958867,66058,0.234024391,-0.127748549,-0.464595169,0.0388681851,-0.805146217,-0.185482934,0.561983109
232973859857,66075,0.233249009,-0.127425015,-0.465781897,0.0327528007,-0.818418324,-0.180696607,0.544488311
232990361315,66092,0.232661888,-0.12700814,-0.466965884,0.0265037939,-0.830688,-0.175638437,0.52764219
233006949128,66108,0.232302696,-0.126604348,-0.468220502,0.0214063805,-0.841213703,-0.171158656,0.512450933
233023614700,66124,0.232123166,-0.126379639,-0.469588965,0.0177064203,-0.850696266,-0.166920856,0.498136401
233040276680,66141,0.232162654,-0.12629956,-0.471024603,0.015663404,-0.85967797,-0.16266425,0.483992696
233056951784,66158,0.232401431,-0.126325577,-0.472472399,0.015653884,-0.867455423,-0.159179807,0.471102953
233073613971,66174,0.232743666,-0.126487255,-0.473779321,0.0176623743,-0.873802483,-0.156829193,0.459958702
233090301992,66190,0.233163431,-0.126885325,-0.475141883,0.0217630882,-0.879505455,-0.155045792,0.4493967
233106976263,66207,0.233666524,-0.127456024,-0.476538092,0.0282690395,-0.885115027,-0.153508857,0.438414693
233123612200,66224,0.234179407,-0.128199458,-0.478006333,0.0357055105,-0.890450597,-0.15132916,0.427694201
233140286680,66240,0.234647989,-0.128982663,-0.47956875,0.0420806669,-0.895331562,-0.14944078,0.417466313
233156963763,66257,0.235061228,-0.129644662,-0.48096323,0.0478637181,-0.899933577,-0.147013515,0.407695502
233173716159,66274,0.235437751,-0.129854456,-0.481900007,0.0511421412,-0.90351665,-0.144726887,0.400120288
233190275950,66290,0.235759526,-0.129855543,-0.482504725,0.0515569262,-0.906198382,-0.142301828,0.394837558
233206944127,66307,0.236056507,-0.129788786,-0.483120561,0.0493065752,-0.908436298,-0.139976174,0.390792727
233223614700,66323,0.236264989,-0.129749551,-0.483756661,0.0454126857,-0.910377443,-0.137178406,0.387727588
233240277773,66339,0.23645857,-0.129773051,-0.484524727,0.0406702124,-0.912525117,-0.13363184,0.384429872
233257027409,66356,0.236639142,-0.129840896,-0.485654175,0.0358128436,-0.915013969,-0.1298168,0.380282193
233273616575,66373,0.236854196,-0.129972994,-0.487004727,0.0330951475,-0.917992234,-0.125932932,0.374614418
233292606992,66391,0.237102956,-0.130303472,-0.488426566,0.0328706466,-0.921619773,-0.120556086,0.367427349
233306952617,66406,0.237221062,-0.130630806,-0.489521861,0.0342853032,-0.924617827,-0.115829043,0.361234188
233323643607,66423,0.237153664,-0.13104479,-0.490849823,0.0367391557,-0.927760422,-0.111268915,0.354302287
233340297825,66439,0.236847863,-0.13145712,-0.492233455,0.0384936184,-0.930264711,-0.108786277,0.348269284
233356942877,66455,0.236348346,-0.131835833,-0.493797153,0.0388592295,-0.932390869,-0.108500093,0.342585653
233373662252,66473,0.235710248,-0.132219553,-0.495733798,0.0384695604,-0.934596598,-0.109488167,0.336246371
233390290534,66489,0.235144436,-0.132464662,-0.497390032,0.0378642343,-0.936429441,-0.11111021,0.330636948
233406962617,66505,0.234507024,-0.132660881,-0.498877138,0.0373799987,-0.938019454,-0.113451228,0.325347722
233423965325,66522,0.233732268,-0.13285397,-0.500335336,0.0368968882,-0.939555824,-0.116808094,0.319733232
233440291523,66539,0.232857734,-0.132989809,-0.501802087,0.036305204,-0.941025972,-0.121420756,0.313702255
233456944440,66555,0.231976941,-0.133048922,-0.503199637,0.0353535898,-0.94249481,-0.126377746,0.307379931
233473633502,66572,0.230975091,-0.133022651,-0.504636705,0.0342960134,-0.944129229,-0.131852359,0.300097972
233490291992,66588,0.22992146,-0.133001536,-0.505898595,0.0329888463,-0.945747733,-0.137145847,0.292684197
233506976263,66604,0.228712678,-0.132916182,-0.507030487,0.030870989,-0.947322845,-0.142920822,0.284956336
233523610846,66622,0.227239832,-0.132803321,-0.508277893,0.027444236,-0.949131846,-0.149589583,0.275714844
233540281315,66638,0.226003066,-0.132613808,-0.509413064,0.0238909405,-0.950823069,-0.155158252,0.267003059
233556939857,66654,0.224937305,-0.132395223,-0.510388553,0.0206089281,-0.952521205,-0.159156471,0.258742779
233573735534,66672,0.224007383,-0.1321024,-0.510925591,0.0165930483,-0.954150021,-0.16073826,0.251963764
233590277929,66688,0.223553926,-0.131725639,-0.510894895,0.0123895882,-0.95513618,-0.159718588,0.249101147
233606947669,66704,0.223484084,-0.13120386,-0.510566652,0.00797224138,-0.955600321,-0.15710035,0.249166712
233623950846,66720,0.223758385,-0.13067466,-0.510107398,0.00377757871,-0.955827415,-0.152866572,0.251021177
233640278815,66737,0.224253714,-0.130301833,-0.50968653,-0.000223990937,-0.955924571,-0.147614092,0.253807575
233656942981,66754,0.224819601,-0.130243257,-0.509462059,-0.00383596891,-0.955945194,-0.142100796,0.256829858
233673801627,66770,0.225454897,-0.130365342,-0.509421468,-0.00674735662,-0.955912292,-0.136811107,0.259747773
233690291575,66787,0.226236299,-0.130558103,-0.509534895,-0.0100637674,-0.955671489,-0.131617576,0.263187319
233706946263,66803,0.226964816,-0.13073495,-0.50980711,-0.0146124586,-0.954958916,-0.128547117,0.267049789
233723607565,66820,0.227668047,-0.131030798,-0.510204315,-0.0205011629,-0.953596234,-0.127795279,0.27184993
233740279856,66836,0.22822465,-0.1315047,-0.51048553,-0.0263595916,-0.951867104,-0.128425837,0.277057886
233756943606,66853,0.228820279,-0.132173449,-0.510609746,-0.0317479335,-0.949772775,-0.129615635,0.283061236
233773617773,66870,0.229522452,-0.133167103,-0.510594606,-0.0351626538,-0.947705328,-0.129741877,0.289456815
233790281419,66886,0.230390832,-0.134361491,-0.510592163,-0.0366643183,-0.945790946,-0.129572958,0.29554379
233808325065,66904,0.231668025,-0.135931388,-0.510752916,-0.036669597,-0.943556964,-0.130213469,0.302324653
233823715481,66919,0.232890263,-0.13744612,-0.510958731,-0.0353804454,-0.941561401,-0.131367624,0.308144599
233840279492,66936,0.23444666,-0.139308423,-0.511192679,-0.032573197,-0.939198792,-0.132870927,0.314944327
233856948346,66953,0.23606047,-0.141123295,-0.511359572,-0.0297077857,-0.936730087,-0.134144321,0.32196191
233873638450,66969,0.237502977,-0.142587498,-0.511487126,-0.0284944195,-0.934417725,-0.134851262,0.328430951
233890351106,66985,0.238964051,-0.143849358,-0.511630356,-0.0285561737,-0.932150066,-0.135121346,0.334698528
233906946367,67003,0.240700975,-0.145053744,-0.511742294,-0.0292293802,-0.92953068,-0.135554418,0.341677487
233923624231,67019,0.242248476,-0.146002427,-0.511767864,-0.0303103086,-0.927166522,-0.135856241,0.347831517
233940292773,67035,0.243648753,-0.1468696,-0.511673152,-0.0317283198,-0.924680948,-0.136069223,0.354180366
233956980898,67052,0.244993716,-0.14770022,-0.511437118,-0.0334072821,-0.922017813,-0.135899886,0.360968649
233973781106,67069,0.246206522,-0.148345247,-0.511078298,-0.0352736115,-0.919297338,-0.135633916,0.367765754
233990275690,67085,0.247102261,-0.148714989,-0.510567486,-0.0372456275,-0.916540682,-0.13562353,0.374395996
234006959336,67102,0.247769237,-0.148828626,-0.509989858,-0.039344579,-0.913522959,-0.135445192,0.381552756
234023749388,67118,0.248265401,-0.148746729,-0.509504914,-0.0410412438,-0.910970449,-0.134769455,0.387667
234040280117,67135,0.248773709,-0.14861156,-0.509053946,-0.0422730036,-0.909036636,-0.133301675,0.392550707
234056964440,67151,0.249316573,-0.148505926,-0.508687019,-0.0421241708,-0.908467591,-0.130833581,0.394708574
234073737929,67168,0.250055373,-0.148546785,-0.508334816,-0.0399542116,-0.909560919,-0.125681818,0.394089758
234090278815,67184,0.250922561,-0.148782209,-0.508004785,-0.03613884,-0.912142992,-0.11763683,0.390961468
234106953919,67201,0.251986831,-0.149123609,-0.507593632,-0.030680187,-0.91615206,-0.105953567,0.38535431
234123608294,67218,0.253118098,-0.149385035,-0.507170081,-0.0238471925,-0.920689464,-0.092008628,0.378545582
234140281835,67234,0.254177392,-0.149421185,-0.506746471,-0.0164228417,-0.924903572,-0.0779970586,0.371752918
234156956002,67250,0.255165517,-0.149159491,-0.506286263,-0.00826718751,-0.928672194,-0.0638213754,0.36527577
234173777044,67268,0.256154329,-0.148544461,-0.505803287,0.00119501411,-0.93228972,-0.0478653237,0.358529627
234190279804,67284,0.25693962,-0.147832885,-0.505415559,0.00976065546,-0.93497479,-0.0330033749,0.353040546
234206976210,67300,0.257613003,-0.147021472,-0.505061209,0.0180094652,-0.937212646,-0.0175806582,0.347849101
234223617877,67317,0.258318603,-0.146003485,-0.504619539,0.0261411015,-0.939125717,-0.000924983178,0.342576593
234240277096,67334,0.258966327,-0.144907102,-0.504095435,0.0334155224,-0.940696359,0.015711721,0.337234348
234258342200,67351,0.259501338,-0.143613428,-0.503442466,0.0397052206,-0.941932917,0.0312122982,0.331981629
234273617252,67366,0.259855241,-0.142141938,-0.502804518,0.0444892906,-0.942642868,0.0427345969,0.328053296
234290321731,67383,0.260120392,-0.140284106,-0.502151191,0.0492273048,-0.943156958,0.0537565313,0.324256033
234306952356,67400,0.26036045,-0.138423055,-0.501456797,0.0535652973,-0.943367362,0.0646327138,0.320954084
234323610429,67416,0.260571748,-0.136885613,-0.500776112,0.0575799122,-0.943151832,0.07565514,0.318473846
234340281106,67433,0.260667682,-0.135462657,-0.499963284,0.0617667027,-0.942301273,0.0880286768,0.317023993
234356946992,67450,0.260651767,-0.133843452,-0.499083161,0.0646348,-0.94141978,0.0982539132,0.31606558
234373654596,67466,0.260497183,-0.131940469,-0.498286247,0.0656727999,-0.940859616,0.104182065,0.31562072
234390277721,67483,0.26045987,-0.129858121,-0.497262537,0.0665193647,-0.940245748,0.109881468,0.315339983
234406946679,67499,0.260516584,-0.128487527,-0.496185243,0.0682967976,-0.939048707,0.11853002,0.31539464
234423661731,67515,0.260665387,-0.12733759,-0.495417923,0.0709758028,-0.93780905,0.126985356,0.315200597
234440287825,67533,0.260993809,-0.12607491,-0.494904667,0.0738454163,-0.936698377,0.135372251,0.314352393
234456943554,67549,0.261365294,-0.125374988,-0.49432072,0.0755090043,-0.935321987,0.145525768,0.313517988
234473632044,67565,0.261755079,-0.124957666,-0.493685305,0.076632157,-0.93350184,0.157248497,0.313009292
234490423137,67583,0.262223005,-0.124634929,-0.493152618,0.0772807971,-0.931402624,0.169334292,0.312798351
234506947721,67599,0.262663573,-0.124619909,-0.492753029,0.0774658099,-0.929225624,0.180713326,0.31286034
234523772096,67615,0.263056695,-0.125088528,-0.492408305,0.0774826258,-0.926195145,0.194701657,0.313449204
234540282044,67632,0.263545305,-0.125973821,-0.491874725,0.0776001215,-0.921854436,0.212908849,0.314376473
234556942200,67649,0.264185429,-0.127218649,-0.490962803,0.0786936209,-0.916158497,0.235351533,0.314754933
234573614492,67665,0.264778048,-0.12867479,-0.489891201,0.081276834,-0.909558952,0.259307593,0.314414024
234590276367,67681,0.26537028,-0.130214855,-0.488995135,0.0858634114,-0.90279603,0.282552838,0.312651098
234606984908,67698,0.266170055,-0.131810725,-0.488428503,0.0923715755,-0.896781743,0.304398149,0.307557672
234623783867,67715,0.267101675,-0.133316278,-0.48775965,0.101470336,-0.890411317,0.32521376,0.301840365
234640310689,67731,0.267837405,-0.134501919,-0.486980915,0.111586325,-0.884416759,0.342076004,0.297219723
234656945325,67748,0.268604785,-0.135583162,-0.48589164,0.122694068,-0.878050685,0.358500928,0.292319
234673610064,67764,0.269012719,-0.136109918,-0.484594464,0.130055711,-0.872376919,0.371210665,0.290253043
234690448867,67781,0.269087285,-0.136055171,-0.482878149,0.134655103,-0.866428971,0.381721079,0.292331874
234706946783,67798,0.269024968,-0.135418117,-0.480643094,0.139505923,-0.859810829,0.389558405,0.299178481
234723610846,67814,0.26908195,-0.134767979,-0.478436083,0.146309346,-0.852610767,0.398898214,0.30418545
234740285898,67831,0.269528806,-0.133953899,-0.476137817,0.155233219,-0.843566895,0.413441271,0.305555165
234756952460,67847,0.269953489,-0.132890016,-0.474335223,0.16225414,-0.834543705,0.428777277,0.305549443
234774006419,67864,0.270401657,-0.131480739,-0.472694337,0.167626441,-0.824676156,0.445065081,0.306149662
234790292148,67880,0.270982772,-0.129917786,-0.471174181,0.17181845,-0.814994037,0.460553199,0.306845099
234806947877,67897,0.271617442,-0.128222719,-0.469790578,0.175641164,-0.805045366,0.476699829,0.306283325
234824583658,67915,0.27247414,-0.126270428,-0.468471736,0.179743037,-0.794478238,0.494210988,0.303730696
234840275533,67930,0.273163229,-0.124652624,-0.467653602,0.183214158,-0.785422266,0.509177268,0.300471276
234857002877,67946,0.27385807,-0.12292403,-0.466881365,0.186950624,-0.775310159,0.524949133,0.29727453
234873723971,67963,0.274573594,-0.120946221,-0.465962231,0.191286787,-0.764081955,0.54107964,0.294654131
234890438919,67980,0.27514714,-0.119076915,-0.465031207,0.196235001,-0.752678454,0.55648911,0.292039305
234906974127,67996,0.275536597,-0.117356822,-0.464179307,0.201132491,-0.742989063,0.568973958,0.289450616
234923760481,68013,0.275685728,-0.115626723,-0.463456988,0.206645072,-0.733718276,0.580567122,0.286176771
234940407981,68029,0.275716215,-0.114020243,-0.462798387,0.212265328,-0.725231409,0.59088707,0.282551587
234956956262,68046,0.275626332,-0.112401895,-0.462110907,0.218109578,-0.716245413,0.601486802,0.278629541
234973637981,68062,0.275336236,-0.111052744,-0.461561203,0.223086104,-0.707538903,0.611333787,0.275485635
234990284439,68079,0.274881691,-0.109584898,-0.461025745,0.227466524,-0.698432803,0.621448755,0.272492349
235007654908,68096,0.274254918,-0.10816057,-0.460626841,0.23103857,-0.689653575,0.631485283,0.268748164
235023743710,68111,0.273632705,-0.106974244,-0.460347056,0.233863771,-0.682310343,0.640276253,0.264209509
235040274908,68129,0.272660136,-0.105862416,-0.460228443,0.237206727,-0.673915803,0.650609493,0.257444739
235056946627,68145,0.271681994,-0.105094194,-0.460159689,0.240333661,-0.666252911,0.659741879,0.251172304
235073630637,68162,0.270664006,-0.104312547,-0.460065901,0.243802741,-0.657665968,0.669398308,0.244829848
235090375221,68178,0.269594133,-0.103906721,-0.460167944,0.246860474,-0.65039283,0.677332759,0.239310533
235106948866,68195,0.268478572,-0.103865959,-0.460345328,0.250095248,-0.644039214,0.683949888,0.234261528
235123609387,68211,0.26738289,-0.104195759,-0.460676372,0.252699316,-0.639015853,0.689011991,0.23035714
235140313293,68229,0.266149372,-0.104713261,-0.461150676,0.253904939,-0.635689139,0.692854762,0.226680368
235156950481,68245,0.265110791,-0.105322197,-0.461687148,0.253453642,-0.634872019,0.694684565,0.223857433
235174020533,68261,0.264170229,-0.106173307,-0.462371826,0.252174288,-0.635784745,0.695007145,0.221700385
235190293241,68277,0.263314277,-0.107214615,-0.463179618,0.250330299,-0.638932943,0.692967057,0.221124768
235207194439,68295,0.262473613,-0.108496569,-0.464151382,0.248072401,-0.645595789,0.68704015,0.222804859
235223669700,68311,0.261927068,-0.109618872,-0.464980334,0.246142447,-0.65466392,0.677980065,0.226212442
235240281210,68327,0.261409789,-0.110982955,-0.46604836,0.244062111,-0.666271806,0.665543616,0.231446147
235256998345,68344,0.26100105,-0.112483487,-0.467304349,0.240967825,-0.681052387,0.648852408,0.238941073
235273732043,68361,0.260854304,-0.113904431,-0.468585134,0.236853719,-0.697645783,0.629193366,0.247601226
235290299543,68376,0.260798365,-0.115206718,-0.469919145,0.232603341,-0.712885618,0.610159099,0.25572589
235306953606,68394,0.261049867,-0.116594121,-0.471550465,0.227036968,-0.731836915,0.584730744,0.266381353
235323609335,68410,0.261411428,-0.117901556,-0.47323668,0.222183347,-0.748960614,0.55978179,0.276291311
235340274543,68427,0.261928231,-0.11917524,-0.475156605,0.217700258,-0.766554713,0.531334102,0.287549317
235356943710,68444,0.26257509,-0.120215878,-0.477083206,0.213809088,-0.782846093,0.501504779,0.299884468
235373672668,68460,0.263063997,-0.121054709,-0.478915542,0.209965214,-0.797153175,0.472568393,0.31167379
235390313450,68476,0.263442606,-0.121760927,-0.480637223,0.205490068,-0.810747564,0.442718476,0.323206723
235406951835,68493,0.26347822,-0.122408532,-0.482582837,0.199706391,-0.824394464,0.41027382,0.334912807
235423619075,68510,0.263433456,-0.122848339,-0.484476626,0.193177983,-0.837246537,0.37645793,0.346381426
235440282147,68526,0.263164103,-0.123437524,-0.486433804,0.187012851,-0.848221779,0.343207866,0.357427716
235456977147,68542,0.262823015,-0.124065138,-0.488338917,0.180734619,-0.858059943,0.308957756,0.368257076
235473611418,68560,0.262549371,-0.124686845,-0.490181863,0.173517942,-0.867835343,0.269696414,0.379496127
235490280585,68576,0.26213485,-0.125128821,-0.491740078,0.167186558,-0.875456333,0.234059796,0.388382584
235506959908,68592,0.261785924,-0.125421911,-0.493143976,0.161258131,-0.882206798,0.197456241,0.395876199
235523628033,68609,0.261410654,-0.125839874,-0.49450022,0.155269846,-0.888285041,0.158089131,0.402304351
235540296210,68626,0.260984957,-0.126345992,-0.495619237,0.149150074,-0.89295584,0.119539671,0.407546878
235556943502,68642,0.260543287,-0.126706347,-0.496431112,0.142766789,-0.896011889,0.0848772079,0.41179648
235573619595,68658,0.259994537,-0.126781717,-0.497007996,0.135610238,-0.897765934,0.0519097,0.41585052
235590288189,68676,0.259380817,-0.12653546,-0.497198164,0.126803085,-0.898448229,0.0161032639,0.420062512
235606972877,68692,0.258912295,-0.126162529,-0.496970862,0.118418753,-0.898061395,-0.0151921064,0.423357904
235625158606,68710,0.258487344,-0.125485912,-0.496314853,0.107760713,-0.896409631,-0.0510603935,0.426884502
235640278397,68725,0.258223832,-0.125019804,-0.495550573,0.0981430486,-0.894172847,-0.0798748732,0.429468155
235656948710,68742,0.257998347,-0.124753721,-0.494576395,0.0872532204,-0.890832722,-0.108630672,0.432439029
235673631262,68758,0.257763803,-0.124747396,-0.493497878,0.0770406723,-0.886453748,-0.131255522,0.437077343
235690291418,68774,0.257362276,-0.124950796,-0.492257953,0.0658736452,-0.880873322,-0.15120469,0.443689167
235707117929,68791,0.256963998,-0.125161663,-0.490929425,0.0528998002,-0.874231279,-0.170689672,0.451427102
235723610324,68808,0.256766289,-0.12539953,-0.489528269,0.0393513292,-0.866768956,-0.189591303,0.459584832
235740284022,68824,0.256707609,-0.125626236,-0.488249719,0.0266002994,-0.859201968,-0.206850111,0.467201889
235756941314,68841,0.256664902,-0.1258232,-0.486997247,0.0135774016,-0.851014316,-0.224009648,0.474773765
235773756835,68858,0.256614357,-0.125987351,-0.485776544,0.000914277683,-0.842916012,-0.240115762,0.481493682
235790293814,68874,0.25663951,-0.126019061,-0.484691918,-0.010742601,-0.835357487,-0.254460543,0.487147093
235806948970,68891,0.256765634,-0.126149327,-0.483359128,-0.0227113254,-0.826808453,-0.268698156,0.493632734
235823862824,68907,0.256887645,-0.12618728,-0.48189804,-0.0337556079,-0.817694664,-0.281501472,0.500991881
235840276522,68924,0.257018626,-0.126060888,-0.480135977,-0.0447439216,-0.806660831,-0.29520756,0.510047853
235856973085,68940,0.257095814,-0.125986695,-0.478329152,-0.0541214757,-0.795374036,-0.308343083,0.51901406
235873693501,68957,0.257019311,-0.125920236,-0.47644192,-0.0625472516,-0.783256412,-0.321251422,0.528578222
235890338501,68973,0.256853819,-0.12598899,-0.474651337,-0.0687608048,-0.772423029,-0.331840247,0.537137628
235906949543,68990,0.256570905,-0.126150683,-0.472965896,-0.0732589886,-0.762546301,-0.340784669,0.544997454
235923908033,69007,0.256196946,-0.126354814,-0.471470058,-0.0754063502,-0.754917502,-0.347594172,0.550991714
235940415793,69023,0.255758703,-0.126525506,-0.470298797,-0.0759948269,-0.74978143,-0.35308516,0.554421723
235956966522,69040,0.255239964,-0.126617014,-0.469366074,-0.0754594803,-0.746337891,-0.358048171,0.555956125
235973797876,69057,0.254682869,-0.126787737,-0.468622804,-0.0736673549,-0.744612336,-0.361335039,0.55638355
235993825116,69074,0.253890336,-0.126971528,-0.468308926,-0.0710940808,-0.744006217,-0.362770379,0.556595147
236007039960,69090,0.253051847,-0.127152979,-0.468284577,-0.0685364679,-0.744128466,-0.36239922,0.556994081
236026868606,69110,0.251820743,-0.127350211,-0.468657702,-0.0657365546,-0.745285451,-0.359377235,0.557742178
236040282564,69123,0.250930071,-0.127435178,-0.469041795,-0.0642601252,-0.746514618,-0.356387973,0.558188379
236056924178,69139,0.249823481,-0.127407104,-0.469668508,-0.0627461448,-0.74843055,-0.352233976,0.558431745
236073743085,69155,0.248690948,-0.1272223,-0.470665634,-0.0612401217,-0.751026452,-0.347249895,0.558235168
236090674074,69173,0.247497723,-0.126898885,-0.472166598,-0.0597313046,-0.755070984,-0.339891225,0.557471097
236107033137,69189,0.246608764,-0.126510322,-0.473639995,-0.0587835535,-0.759671926,-0.331802338,0.556192756
236123613710,69205,0.245942295,-0.126078486,-0.475298166,-0.0581012778,-0.765532017,-0.322674543,0.553593934
236140291522,69222,0.245573521,-0.125613928,-0.477049023,-0.0572150424,-0.772481561,-0.312517017,0.549846947
236156941418,69239,0.24560906,-0.125234842,-0.478743792,-0.0555382073,-0.780287504,-0.300668299,0.54558742
236173692668,69255,0.245903507,-0.124976769,-0.480463326,-0.0532681234,-0.788782775,-0.287600458,0.540620208
236190278345,69271,0.246358305,-0.124922961,-0.482467949,-0.050798554,-0.798434138,-0.272512108,0.534471452
236206959178,69288,0.247138292,-0.125134319,-0.484523326,-0.0472656265,-0.80878526,-0.253532529,0.528539181
236223630272,69305,0.247939527,-0.125822067,-0.486392468,-0.041110687,-0.817917407,-0.231030196,0.525305808
236240280220,69321,0.248788297,-0.126738489,-0.48771292,-0.0338431597,-0.824906349,-0.209027231,0.524110317
236256967772,69338,0.249714687,-0.127759635,-0.488764048,-0.0256961361,-0.831480503,-0.185837567,0.522918999
236273719908,69353,0.25042817,-0.128852919,-0.489835888,-0.0179740936,-0.837682903,-0.164274603,0.520555556
236290283814,69371,0.251668304,-0.130273148,-0.491111547,-0.00860328972,-0.846191525,-0.136674613,0.514981508
236307001730,69387,0.252845705,-0.131654054,-0.492363989,-0.000769476115,-0.85417527,-0.111704387,0.507844567
236323610272,69404,0.254106522,-0.133280203,-0.493691146,0.00724401837,-0.862494707,-0.0855604857,0.498728305
236340283762,69421,0.255267441,-0.134772778,-0.495034218,0.01511411,-0.870111465,-0.0615499355,0.488762975
236356942668,69437,0.256082982,-0.135865077,-0.496268034,0.0219597444,-0.875735462,-0.0429160111,0.480378449
236373642043,69453,0.256753564,-0.136644632,-0.497077525,0.0281410925,-0.879368186,-0.0274170842,0.474518746
236390374074,69471,0.257128268,-0.137340575,-0.497665584,0.0341745019,-0.881516457,-0.0121238828,0.470758826
236406944751,69487,0.257352918,-0.137759253,-0.497878402,0.0388390347,-0.882429779,0.000562803703,0.468837827
236423625272,69503,0.257528305,-0.13809666,-0.497991502,0.043188177,-0.883080363,0.0134105301,0.467037559
236440278449,69520,0.257788658,-0.138551116,-0.498117745,0.047511138,-0.883943737,0.0285236277,0.46429801
236456971210,69537,0.258243471,-0.139090374,-0.498144567,0.0518094003,-0.885058463,0.0459782034,0.460297018
236473650897,69553,0.258596957,-0.139738709,-0.49815315,0.0561206825,-0.886294365,0.0636224747,0.455285698
236490316678,69569,0.258969158,-0.140476748,-0.497928977,0.0608932339,-0.887202084,0.08176779,0.449976176
236506946939,69587,0.259241432,-0.141321719,-0.497524858,0.0666250437,-0.88746053,0.102484614,0.444378108
236523626678,69603,0.259478837,-0.14196974,-0.497146308,0.0714404434,-0.887344599,0.119988278,0.439452708
236540301678,69619,0.259629548,-0.142348722,-0.496886075,0.0753223449,-0.887255669,0.136014342,0.43428573
236556925220,69636,0.259653062,-0.142542243,-0.496626198,0.0790090486,-0.886485934,0.152911931,0.429555953
236573839074,69652,0.259611249,-0.142556369,-0.496173024,0.0820332393,-0.884836674,0.167585194,0.42690751
236590279543,69669,0.259369373,-0.142413512,-0.495569736,0.0846318528,-0.882275343,0.18158859,0.425973356
236606941730,69686,0.259100437,-0.142308816,-0.494939893,0.0869908258,-0.879104733,0.19481504,0.426209569
236627147824,69705,0.258574575,-0.141947612,-0.494471192,0.0878497064,-0.875870705,0.208142787,0.426391453
236640289699,69719,0.258185804,-0.141440153,-0.494255781,0.0867183357,-0.873919427,0.216824099,0.426300496
236656946730,69736,0.257702529,-0.140493363,-0.494104117,0.0840590149,-0.871963918,0.226216465,0.425956815
236673624439,69752,0.257049412,-0.139296249,-0.494091928,0.0810741186,-0.870392501,0.232994244,0.426095784
236690275741,69768,0.25644663,-0.138141841,-0.494053662,0.0788981467,-0.868605912,0.238496169,0.427104801
236707002512,69785,0.255685478,-0.137144208,-0.493961215,0.0784620419,-0.865704179,0.245715559,0.428980142
236723630949,69802,0.254850984,-0.136323795,-0.493904859,0.0784642473,-0.862565041,0.253442943,0.430803478
236740276678,69818,0.254142582,-0.135379076,-0.493964851,0.0780845955,-0.86047864,0.259655386,0.431345016
236756985637,69835,0.253426433,-0.134115398,-0.494120866,0.0767842904,-0.859019995,0.264912724,0.431288898
236773684699,69851,0.252776265,-0.132741064,-0.494380087,0.0739979371,-0.858814657,0.267200559,0.430773258
236790276209,69868,0.251999676,-0.131113321,-0.49466154,0.0698842555,-0.859047592,0.268000126,0.430498928
236806986834,69885,0.251272023,-0.12953718,-0.494818628,0.0650876611,-0.858902574,0.268257916,0.431378812
236823616418,69901,0.250598133,-0.128042519,-0.494966209,0.0600906424,-0.8587358,0.267788619,0.43272534
236840280220,69918,0.250026762,-0.126704037,-0.495196819,0.0550012961,-0.858721852,0.266000181,0.434529275
236856965584,69934,0.249659434,-0.125723362,-0.49548924,0.0520388819,-0.858237505,0.264077127,0.437016785
236873611991,69951,0.249601066,-0.12479423,-0.495931506,0.0516072363,-0.857398331,0.260981381,0.4405604
236890297459,69967,0.249926373,-0.124119967,-0.496412337,0.052886799,-0.856921732,0.254706293,0.444986492
236906949751,69983,0.250447214,-0.123714536,-0.496873319,0.0552096181,-0.856570303,0.24587971,0.450313717
236923613657,70001,0.251208782,-0.123857893,-0.497201085,0.0582667366,-0.855937362,0.234337643,0.457233042
236940281886,70017,0.251954705,-0.124337576,-0.497391462,0.0603108034,-0.855475187,0.223223567,0.463353068
236956957668,70033,0.25271526,-0.12492235,-0.497431278,0.0616190396,-0.854716122,0.212546289,0.46956113
236973758501,70051,0.253595322,-0.125213042,-0.497282207,0.0616260208,-0.853551626,0.201237649,0.476608187
236990296105,70067,0.254390925,-0.12492355,-0.496975422,0.0611687452,-0.851745903,0.191255644,0.483951002
237006962511,70083,0.255340129,-0.124495357,-0.496664643,0.0611865483,-0.849578083,0.18074587,0.491736025
237025107459,70102,0.256448686,-0.124119185,-0.496462256,0.0615393631,-0.84747529,0.16778104,0.499848068
237040278189,70117,0.257183433,-0.124084398,-0.496225476,0.0620588027,-0.845600843,0.158609048,0.505916238
237056945324,70133,0.257916719,-0.12403328,-0.49579522,0.0629659593,-0.843293846,0.150434256,0.51211369
237073615116,70149,0.258742422,-0.123688042,-0.495319754,0.064520143,-0.841213465,0.14227815,0.517642796
237090307928,70166,0.25996542,-0.123109683,-0.494785964,0.0682005733,-0.839379072,0.133267686,0.52252394
237106965845,70183,0.261475027,-0.12233723,-0.493982911,0.0728261247,-0.838341951,0.123916,0.525855541
237123612564,70199,0.262561917,-0.121450484,-0.492958724,0.0748662204,-0.83831656,0.11312823,0.528036535
237140302199,70216,0.262947679,-0.120534472,-0.491453439,0.0748453215,-0.838431835,0.103310637,0.529865324
237156942980,70233,0.262778521,-0.119850099,-0.489872783,0.0743375421,-0.839536786,0.0943163261,0.52986455
237173671313,70249,0.26238203,-0.119347289,-0.488529414,0.0754057169,-0.841862917,0.0853908584,0.527531326
237190315949,70265,0.261727929,-0.118705072,-0.487279356,0.0783251673,-0.844991982,0.0753877982,0.523612916
237206962720,70282,0.260340095,-0.117919542,-0.486401469,0.0808908492,-0.849092722,0.0597241782,0.518585801
237223788761,70299,0.258662522,-0.117734447,-0.485739321,0.0850830153,-0.852645874,0.04543202,0.513509274
237240282980,70315,0.257434249,-0.117584258,-0.484992683,0.0901263952,-0.855759859,0.0344001688,0.508300126
237256950011,70332,0.256030858,-0.116783932,-0.484073788,0.0921040103,-0.859042168,0.0170089751,0.503263474
237273732980,70348,0.254661322,-0.116140015,-0.482995301,0.0933010802,-0.861354709,0.000831733283,0.499361902
237290282668,70365,0.25333783,-0.115599975,-0.482055187,0.0949603915,-0.863906205,-0.0161373001,0.494356424
237306996053,70382,0.252019972,-0.114813834,-0.481431246,0.0944962427,-0.866899014,-0.0371050499,0.488036692
237323614543,70398,0.250667185,-0.114085108,-0.480858684,0.0923366472,-0.869057596,-0.0587274171,0.482456326
237340283761,70414,0.249316543,-0.113083333,-0.479932368,0.0891348347,-0.870191097,-0.0730341896,0.479049683
237356965532,70431,0.247702181,-0.112050921,-0.478598565,0.0808758661,-0.870863497,-0.089539811,0.47648567
237373650063,70448,0.245907128,-0.111563377,-0.476736069,0.067908518,-0.871066451,-0.10456676,0.475076348
237390428345,70464,0.244398296,-0.111495689,-0.474449784,0.0527119599,-0.870903552,-0.116751619,0.474465609
237408070011,70482,0.242925778,-0.111816734,-0.471218467,0.0339316428,-0.869698167,-0.129392192,0.475112051
237423615220,70498,0.242938802,-0.111263588,-0.468771935,0.0244150776,-0.869379759,-0.143514156,0.47221449
237440297720,70514,0.244195968,-0.11050085,-0.467097163,0.0260117259,-0.869977534,-0.15718171,0.46664381
237456947928,70530,0.245337084,-0.110762477,-0.465365082,0.0289858002,-0.870655715,-0.166610986,0.46190837
237473687980,70547,0.246421516,-0.110676207,-0.463616163,0.0315435342,-0.870867729,-0.179718763,0.456394196
237490295376,70563,0.247031063,-0.110572278,-0.46202442,0.0335238762,-0.869990289,-0.191826478,0.452985436
237507125793,70580,0.247523785,-0.110571519,-0.460748255,0.0350670405,-0.868584752,-0.203573734,0.450431645
237523625011,70596,0.247952059,-0.110549308,-0.459739983,0.0339799263,-0.866270661,-0.215165615,0.449582309
237540281886,70614,0.24832283,-0.110473372,-0.458444268,0.0285241101,-0.861644447,-0.228230447,0.452400386
237557015376,70630,0.24858515,-0.110377096,-0.457275391,0.0206033159,-0.856200159,-0.239069879,0.457539588
237573657720,70646,0.248821586,-0.11040473,-0.456271231,0.0113808047,-0.850285769,-0.24856703,0.463787735
237590285949,70663,0.248996109,-0.110509127,-0.455414623,0.00173560507,-0.843535304,-0.257709622,0.471201688
237606945115,70680,0.249086827,-0.11063911,-0.454653293,-0.00745367818,-0.836239219,-0.266644955,0.479112655
237623631730,70696,0.249089479,-0.110826083,-0.454137862,-0.0162480585,-0.829505205,-0.274940908,0.485864908
237640298032,70712,0.249147341,-0.11125458,-0.453892708,-0.0245185494,-0.824098587,-0.281543851,0.490910828
237657008605,70730,0.249165207,-0.111750565,-0.453813672,-0.0324497595,-0.818838716,-0.288785994,0.495028168
237673729959,70746,0.249031425,-0.112085767,-0.453853875,-0.0384074748,-0.814562261,-0.295110762,0.497918606
237690279751,70762,0.249024794,-0.11224959,-0.454031408,-0.0440691672,-0.81152457,-0.300307572,0.499300629
237706956157,70779,0.249014035,-0.112309456,-0.45446071,-0.0497859679,-0.810004354,-0.303658456,0.499205291
237723624490,70795,0.249016523,-0.112324625,-0.454934537,-0.0537485108,-0.810177088,-0.304025024,0.498290151
237740314282,70811,0.249103367,-0.112234145,-0.455416948,-0.056235373,-0.811866879,-0.301885337,0.496563226
237756942042,70829,0.249310493,-0.111884542,-0.455949813,-0.057701759,-0.815558851,-0.296799779,0.493400663
237773630220,70845,0.249696121,-0.111380354,-0.456275284,-0.0581179075,-0.820593178,-0.28931433,0.489434808
237790304334,70861,0.250085026,-0.110804126,-0.456466258,-0.057685513,-0.827070534,-0.278267622,0.484967977
237806948032,70879,0.250478327,-0.109970264,-0.456464052,-0.0556560829,-0.835093498,-0.262646943,0.480143696
237826817355,70898,0.250732809,-0.108988807,-0.456363291,-0.0514083728,-0.843536198,-0.243355587,0.47600618
237840291574,70911,0.250919282,-0.108277887,-0.456307113,-0.0480305962,-0.849250734,-0.228497759,0.473555744
237856946417,70928,0.251275718,-0.107216865,-0.456270725,-0.0440234244,-0.856500804,-0.207419291,0.470580071
237873645428,70945,0.251580298,-0.106140181,-0.456181228,-0.0404977538,-0.863037765,-0.184559643,0.468469381
237890309751,70961,0.251818836,-0.105162665,-0.455863476,-0.0370494016,-0.868154526,-0.162052467,0.467626184
237906997667,70977,0.252015173,-0.104445577,-0.455434054,-0.0329071805,-0.87243551,-0.138209313,0.467623413
237923613449,70995,0.252108961,-0.103847779,-0.454906225,-0.0273633264,-0.876301229,-0.109939687,0.468252867
237940277147,71011,0.252074718,-0.10337963,-0.454464078,-0.0217151754,-0.879011095,-0.0834599957,0.468937606
237956942876,71027,0.25200966,-0.102940075,-0.454161316,-0.0156430695,-0.88128233,-0.0560398102,0.468995064
237973635115,71044,0.252000988,-0.102458194,-0.45400697,-0.00914330315,-0.883290172,-0.0271111298,0.467952877
237990289699,71060,0.252002507,-0.102040201,-0.454060376,-0.00320052542,-0.88479352,-0.00192053046,0.46596837
238006946157,71077,0.252027392,-0.101767451,-0.454307348,0.00374963135,-0.886193395,0.0225123689,0.462753087
238026470949,71097,0.251983523,-0.101961471,-0.454439223,0.0143448357,-0.886971474,0.0528638661,0.45856446
238040278501,71110,0.251920968,-0.102244042,-0.454325378,0.0205798168,-0.887355208,0.0731136426,0.454787403
238056940167,71127,0.251774967,-0.102599129,-0.454001069,0.0266781412,-0.887665153,0.0984112248,0.449059129
238073653292,71144,0.251623988,-0.102904283,-0.453468978,0.0315640196,-0.886696577,0.123001963,0.444571108
238090284334,71160,0.251382381,-0.103039719,-0.452820241,0.0343018286,-0.884311676,0.143983096,0.442815065
238106955115,71176,0.251007646,-0.103153512,-0.452076644,0.0341355205,-0.881124616,0.162206799,0.442880511
238123612824,71193,0.250524342,-0.103569523,-0.451126128,0.0315878876,-0.877381861,0.180004627,0.443623304
238140283240,71210,0.250076413,-0.104089797,-0.450083524,0.0288689956,-0.873397529,0.196102798,0.444845051
238156948032,71226,0.249735922,-0.10464254,-0.449109167,0.0268629249,-0.869818747,0.208582535,0.446303725
238173814438,71243,0.24948284,-0.105469957,-0.448110163,0.0251362529,-0.866344512,0.21911341,0.448112428
238190306834,71259,0.249280989,-0.106579617,-0.44712764,0.0230032168,-0.863520324,0.226597413,0.449952364
238207223709,71276,0.249027193,-0.108120054,-0.446075618,0.0198904369,-0.861388266,0.230978325,0.451955497
238223772459,71293,0.248757601,-0.109929934,-0.445105404,0.0175938401,-0.859665811,0.231890589,0.454853833
238240319907,71309,0.248592257,-0.111921459,-0.444208205,0.0163583569,-0.858083487,0.229307353,0.459176868
238256946782,71326,0.248494163,-0.114346765,-0.443198115,0.0150601193,-0.856364608,0.223302826,0.465347946
238273640063,71342,0.248595625,-0.116736606,-0.442175418,0.0140793314,-0.854625106,0.216319948,0.471829981
238290506938,71358,0.249176949,-0.118903622,-0.441211432,0.0145385126,-0.852931917,0.209641397,0.477855951
238306966053,71376,0.250147402,-0.120695882,-0.440633118,0.0155433454,-0.852162898,0.199101463,0.483668745
238323651886,71392,0.251140654,-0.122209944,-0.440414757,0.0164190736,-0.851731539,0.188367605,0.48867318
238340275167,71409,0.252197295,-0.123903066,-0.440345407,0.0167769752,-0.851316273,0.177358672,0.493480563
238356942928,71425,0.25312677,-0.125359535,-0.440446407,0.0151570057,-0.851170003,0.166138321,0.497672588
238373733032,71441,0.253890008,-0.126715019,-0.440563798,0.0107459957,-0.850402057,0.155162588,0.502618611
238390315219,71459,0.254482836,-0.128298968,-0.440462679,0.00160095037,-0.848282337,0.146246046,0.508946538
238406948917,71475,0.255002648,-0.129583135,-0.440118194,-0.00989975221,-0.845686495,0.14112249,0.514588058
238423697667,71491,0.255575925,-0.130461439,-0.439712137,-0.024234673,-0.84315002,0.135011509,0.519887149
238440279646,71508,0.256353557,-0.13114965,-0.439205498,-0.0408493243,-0.840064049,0.127673835,0.525664508
238457018969,71525,0.257211834,-0.131726012,-0.438677669,-0.0573564544,-0.836481392,0.121404581,0.531291068
238473622615,71541,0.258034587,-0.131989092,-0.438330233,-0.0703876019,-0.833399892,0.116487354,0.535650074
238490302928,71558,0.258924812,-0.132364661,-0.438081533,-0.0803064778,-0.830789089,0.11136198,0.539387584
238507118657,71574,0.259686112,-0.132955045,-0.437944114,-0.0846910328,-0.829094172,0.106487878,0.542301297
238523609959,71590,0.260368049,-0.133592322,-0.437871695,-0.0872359574,-0.828298032,0.100254402,0.544299006
238540298917,71608,0.261073261,-0.13408719,-0.43778795,-0.0875636041,-0.828410089,0.0928944871,0.545380592
238556945480,71624,0.261623383,-0.134469151,-0.437778264,-0.0844342932,-0.82946676,0.0851470605,0.545532584
238573633813,71640,0.26205793,-0.134874314,-0.4377428,-0.0781399235,-0.830783129,0.0760944486,0.545805156
238590282928,71656,0.262292862,-0.135344878,-0.437558323,-0.070002459,-0.831816375,0.0665701777,0.546579897
238606943761,71674,0.262408018,-0.135853022,-0.437201858,-0.0615045913,-0.832564354,0.0563698746,0.547609687
238623639855,71690,0.26231131,-0.136262655,-0.436786503,-0.0546903871,-0.832789123,0.0484733097,0.548745513
238640305428,71706,0.262095869,-0.136683717,-0.436410666,-0.0482064597,-0.832666516,0.0412726887,0.550126553
238656948865,71723,0.261903405,-0.137034178,-0.436142862,-0.0419530831,-0.83230859,0.0339678377,0.551677883
238673655844,71740,0.261627436,-0.137237817,-0.435868412,-0.0368789695,-0.83149153,0.0276301522,0.553623021
238690292407,71755,0.261305064,-0.137479663,-0.435604542,-0.0330743454,-0.830338001,0.0240693633,0.555756807
238706949125,71773,0.260966957,-0.137863129,-0.435413897,-0.0286940299,-0.828958094,0.0223502833,0.558126986
238723610688,71789,0.260625452,-0.138315663,-0.435379446,-0.0251049493,-0.82763958,0.0229934324,0.56022656
238740467823,71806,0.260301262,-0.138756543,-0.435410142,-0.0218396243,-0.826165855,0.0255046617,0.562425673
238756943813,71823,0.260120064,-0.138932526,-0.435544372,-0.0195222702,-0.824993551,0.0288640093,0.564066947
238773621886,71839,0.259994835,-0.138865411,-0.435798675,-0.0184723716,-0.824326932,0.031958431,0.564909399
238790292250,71855,0.259921908,-0.13861084,-0.436079293,-0.0179981571,-0.824064016,0.034751758,0.565143347
238806945115,71873,0.259743869,-0.138213664,-0.436487347,-0.0180111211,-0.824363708,0.0370431952,0.564559996
238823652563,71889,0.259612411,-0.137791663,-0.436915904,-0.0181196127,-0.825377107,0.0381370261,0.563000917
238840281052,71905,0.25954622,-0.137353554,-0.437367857,-0.0181464348,-0.826728463,0.0384355783,0.560993373
238856959855,71922,0.25943464,-0.136991918,-0.43783018,-0.0183326378,-0.827839851,0.0381721221,0.559363842
238873631677,71939,0.259360552,-0.136733279,-0.438176036,-0.018812187,-0.82816422,0.0374154709,0.558918893
238890275636,71955,0.259334743,-0.13659595,-0.438391566,-0.0195361096,-0.82770586,0.0364169441,0.5596385
238907031417,71972,0.259394884,-0.136554971,-0.438520938,-0.0202535391,-0.82664448,0.0352845043,0.561251998
238923643604,71988,0.259504348,-0.136700362,-0.438655853,-0.0206232145,-0.825296104,0.0339084975,0.563303947
238940277563,72005,0.259676397,-0.136982635,-0.438745558,-0.0209676251,-0.823607683,0.0317052193,0.565884829
238956942407,72021,0.259878695,-0.137261793,-0.43873328,-0.0216779877,-0.821815252,0.0287709367,0.568614185
238973618084,72038,0.260093957,-0.137550235,-0.43871659,-0.0230761711,-0.819828331,0.0250621717,0.571595013
238990331261,72054,0.260323107,-0.137754768,-0.438693821,-0.0249668881,-0.818049192,0.0215091854,0.574203432
239006966625,72071,0.260554016,-0.138002992,-0.438685834,-0.0269694198,-0.816382825,0.0179173872,0.576602817
239023617250,72088,0.260760248,-0.138302922,-0.43868649,-0.0285177305,-0.814913988,0.0145284254,0.578697681
239040294854,72104,0.26093334,-0.138623536,-0.438710451,-0.0296582654,-0.813614011,0.0117032547,0.580530584
239056949698,72120,0.261082619,-0.138930574,-0.438788652,-0.0307092257,-0.812393188,0.0093902871,0.582225204
239073692198,72138,0.261206985,-0.139192179,-0.438902289,-0.031876117,-0.811136007,0.00750319567,0.583940029
239090471313,72154,0.261273265,-0.139350459,-0.439022243,-0.0328014158,-0.810162187,0.00640780665,0.585252404
239106955896,72170,0.261307836,-0.139348119,-0.439144492,-0.0337100737,-0.809437513,0.00567640271,0.586210132
239123613552,72187,0.261330456,-0.13919732,-0.439340293,-0.0344231389,-0.809122443,0.00512954919,0.586608648
239140278969,72204,0.261327237,-0.138925552,-0.439630777,-0.0348358713,-0.809229016,0.00466060825,0.5864411
239156943604,72220,0.261331797,-0.138535544,-0.439943433,-0.0351308063,-0.809483707,0.00438952725,0.586074054
239173651156,72236,0.261336714,-0.138032421,-0.44026953,-0.0354769863,-0.809627175,0.0045102844,0.585854053
239190291781,72253,0.261302203,-0.137367666,-0.440598994,-0.0358544439,-0.809541881,0.00521160662,0.585943043
239206944177,72270,0.261224031,-0.136640474,-0.440945327,-0.0362174809,-0.809260666,0.00642249594,0.586297154
239225219438,72287,0.261122108,-0.135873556,-0.441290587,-0.0365048647,-0.808966637,0.0079858182,0.58666575
239240288240,72303,0.261007935,-0.135167092,-0.441595346,-0.0366732888,-0.808799922,0.00950932968,0.586862326
239256981834,72319,0.260869145,-0.134467512,-0.441890478,-0.036752332,-0.808700144,0.0108748041,0.586971104
239273612198,72336,0.260697186,-0.133684054,-0.442191094,-0.0366758294,-0.80855298,0.0121548166,0.587153554
239290284906,72352,0.260511488,-0.132943362,-0.442453116,-0.0365583636,-0.808234096,0.013163968,0.587577939
239306983292,72369,0.260281712,-0.132174328,-0.442666411,-0.0365297347,-0.807682276,0.0143160895,0.588311136
239324035688,72386,0.260027468,-0.131456733,-0.4428083,-0.0363782011,-0.807046771,0.015548165,0.5891608
239342235948,72405,0.259714067,-0.130651131,-0.442859322,-0.0359556377,-0.806472003,0.0171115343,0.589929998
239356945844,72419,0.259471387,-0.130064741,-0.442809194,-0.0353669822,-0.806292951,0.0184901152,0.590168655
239373747719,72435,0.259189427,-0.12942633,-0.44266206,-0.0344353914,-0.806413054,0.0201242659,0.590006113
239390322823,72452,0.258879453,-0.128749445,-0.442398816,-0.033321932,-0.80688566,0.0218814369,0.589361012
239406945271,72469,0.258565634,-0.12806569,-0.442038298,-0.0321720876,-0.807683349,0.0237121023,0.588260531
239423727042,72485,0.258285135,-0.127422422,-0.441645324,-0.0309470519,-0.808672369,0.025314549,0.586898983
239440284125,72501,0.258047998,-0.126778111,-0.44123432,-0.0295652412,-0.809766531,0.0266535077,0.585400522
239456951886,72518,0.257869184,-0.126076564,-0.440810263,-0.0280611515,-0.810863674,0.0277142283,0.583904684
239473662927,72535,0.257774919,-0.125316232,-0.440418661,-0.026842108,-0.811692059,0.0283849481,0.582777798
239490279386,72551,0.257756889,-0.124523409,-0.440071642,-0.026099572,-0.812121987,0.0287847612,0.5821926
239507055740,72568,0.257787496,-0.123601593,-0.439742953,-0.0254961476,-0.812272489,0.0289421007,0.582001507
239523612667,72585,0.257870674,-0.122584417,-0.439447016,-0.0250119306,-0.81221658,0.0287409071,0.582110465
239540272354,72601,0.257943571,-0.121544749,-0.439172655,-0.0247472189,-0.812036455,0.0285221171,0.582383871
239556969490,72617,0.257966757,-0.120441683,-0.438875377,-0.0245678537,-0.81186229,0.0284655318,0.582636893
239573619802,72635,0.257937253,-0.119106255,-0.438482523,-0.0242279936,-0.811814725,0.0284866318,0.582716525
239590284073,72651,0.257808924,-0.117843792,-0.438068271,-0.0236245878,-0.811915696,0.0287393592,0.582588017
239606947146,72667,0.257597148,-0.116509736,-0.437562197,-0.0228099544,-0.81215173,0.0293324701,0.58226192
239624001781,72684,0.257271588,-0.115002714,-0.436931223,-0.0216332208,-0.812578499,0.0302227046,0.581665576
239640310427,72701,0.256833971,-0.113427632,-0.436190575,-0.0199368969,-0.813119709,0.0313651599,0.580908895
239656946625,72717,0.256356478,-0.111899227,-0.435383141,-0.0177736785,-0.81368196,0.0325772725,0.580124676
239673742042,72733,0.255832583,-0.110286444,-0.434498489,-0.0152786914,-0.814310193,0.0337512828,0.579246402
239690289698,72750,0.255259842,-0.108435139,-0.433490813,-0.0123624988,-0.815022707,0.0349669531,0.578240931
239706952354,72767,0.25465551,-0.106447071,-0.432462871,-0.00918592419,-0.815712452,0.0361709967,0.577252567
239723609750,72783,0.254069775,-0.104480989,-0.431481332,-0.00611735834,-0.81637001,0.0372167043,0.576296449
239740277250,72800,0.253495097,-0.102244154,-0.430480748,-0.00267631281,-0.817123771,0.0381163917,0.575194597
239756945062,72816,0.253048778,-0.099930279,-0.429658741,0.000758762471,-0.817830443,0.038804397,0.574149013
239773766469,72832,0.252744347,-0.0973994583,-0.42896688,0.00412267866,-0.81847918,0.0394103751,0.573168159
239790283344,72850,0.252580732,-0.0942808017,-0.428342342,0.00747666834,-0.819112062,0.0400541984,0.572184682
239806944229,72866,0.252604663,-0.0913011208,-0.427904576,0.0099590309,-0.819552779,0.0406439304,0.571473658
239823764802,72882,0.252756119,-0.0881864503,-0.427564621,0.0119664595,-0.81987679,0.041186478,0.570931375
239840274906,72900,0.253037095,-0.0846258923,-0.427318275,0.0137638208,-0.820173681,0.0417360626,0.570424318
239856975844,72916,0.253362536,-0.0814518332,-0.427185804,0.0150541887,-0.820409775,0.0421564169,0.570021033
239873732823,72932,0.253723294,-0.0783014446,-0.427105844,0.0161012039,-0.820649505,0.0424046218,0.569628894
239890362094,72948,0.254094481,-0.0752352625,-0.427099913,0.0170498509,-0.820858359,0.0423628837,0.569303393
239907144021,72966,0.254504085,-0.0718525648,-0.42715174,0.0179460198,-0.820905089,0.0420259833,0.569233477
239923610115,72982,0.254859477,-0.0689214319,-0.427232981,0.0185952615,-0.820667744,0.0416540913,0.569582045
239940312771,72998,0.255187482,-0.0660788268,-0.427342474,0.0191781409,-0.820139885,0.0412174314,0.570354283
239956989906,73015,0.255471259,-0.0631706789,-0.427484453,0.0198185239,-0.819200039,0.0405180492,0.571731448
239973618396,73032,0.255667359,-0.0604082942,-0.427651435,0.02043291,-0.817797244,0.0395644009,0.573781192
239990290219,73048,0.255778253,-0.0579096079,-0.427822798,0.0209103692,-0.816135943,0.0385197811,0.576195419
240007487198,73066,0.255829215,-0.0552233458,-0.428047597,0.0216250103,-0.814069092,0.0372646824,0.579167664
240024180479,73082,0.255789816,-0.0529276654,-0.428256631,0.0224174373,-0.81214422,0.0361386351,0.581904888
240040276104,73098,0.25566873,-0.0507376939,-0.428449392,0.0230088905,-0.810097694,0.0351639688,0.584787071
240056944958,73115,0.25548473,-0.0485490859,-0.428637266,0.0231223926,-0.807656229,0.0343716368,0.588196695
240073629750,73131,0.25528729,-0.046641279,-0.42879799,0.022809552,-0.804943204,0.0338068902,0.591948688
240090387302,73147,0.2550717,-0.0449474156,-0.42894125,0.0221181028,-0.801643312,0.0333531164,0.596461475
240107012823,73164,0.254810482,-0.0433957763,-0.429025829,0.0207833592,-0.797301471,0.0330818705,0.602315605
240123780427,73181,0.254481703,-0.0421520025,-0.428992808,0.0188811366,-0.792128801,0.0330887996,0.609163821
240140280896,73197,0.254121631,-0.0412415601,-0.4288688,0.0170756225,-0.78670603,0.033142373,0.616201043
240156955010,73214,0.253729612,-0.0405426323,-0.428650439,0.0153547078,-0.780515015,0.0331446007,0.624068856
240173609854,73231,0.253299296,-0.0401703417,-0.428309351,0.0136865536,-0.774133801,0.0331480056,0.632005334
240190318239,73247,0.252797931,-0.0400890261,-0.427867919,0.012107756,-0.768310428,0.0329281203,0.639115274
240206946416,73263,0.252217233,-0.0402463973,-0.427349359,0.0107743172,-0.762883663,0.0323867984,0.645634294
240223656781,73280,0.251527905,-0.0406548306,-0.426717103,0.00959666539,-0.757564366,0.0315304473,0.651927948
240240302666,73297,0.25074935,-0.0412796289,-0.425962389,0.00827644579,-0.752642095,0.0305343717,0.657669365
240256946833,73313,0.249949425,-0.0420097113,-0.425118923,0.00698176166,-0.748385251,0.0296205357,0.662565887
240273709489,73330,0.249030262,-0.0428368188,-0.424111336,0.00561198266,-0.744203746,0.0284879971,0.667321324
240290379281,73346,0.248097509,-0.0436433479,-0.423074186,0.00457720086,-0.740561247,0.0273958705,0.671414614
240307056156,73363,0.247080222,-0.0444248244,-0.421911001,0.00387346256,-0.737041473,0.026155429,0.675330162
240323622614,73380,0.24604407,-0.0450020134,-0.420767069,0.0035115215,-0.733810067,0.0246454198,0.678898454
240340276260,73396,0.245050937,-0.0452788845,-0.41970706,0.00357935717,-0.730794847,0.0230068509,0.682199955
240356964541,73413,0.244026482,-0.0451407433,-0.418582827,0.00386739569,-0.727374017,0.0209927857,0.685909271
240373630739,73429,0.243099988,-0.044584319,-0.417604178,0.00421893736,-0.723704875,0.0187958125,0.689840734
240390309281,73446,0.242150187,-0.0435828343,-0.416688025,0.00434803357,-0.718839347,0.0164849069,0.69496721
240406946573,73462,0.241327852,-0.0422614887,-0.415941238,0.00390169979,-0.712919772,0.0147882672,0.701078832
240424948968,73480,0.240546405,-0.0404147692,-0.415203542,0.00302538509,-0.704620004,0.0134417471,0.709451199
240440289385,73496,0.240027905,-0.0385214463,-0.414672822,0.00219940115,-0.695806265,0.0121662272,0.718123198
240456943291,73512,0.239652455,-0.036420539,-0.414213538,0.00057931256,-0.685572565,0.0108850114,0.727922797
240473691729,73529,0.239412174,-0.034034729,-0.413740277,-0.00214282377,-0.673411548,0.0102487952,0.739193738
240490341937,73545,0.239303157,-0.0317569971,-0.413287878,-0.00538286334,-0.661087275,0.00982107408,0.750225484
240507134385,73562,0.239306986,-0.0293961354,-0.412724286,-0.00903416518,-0.647126019,0.00918528065,0.762274265
240523608031,73578,0.239401847,-0.0273463242,-0.412049592,-0.0122604696,-0.633657396,0.00849810801,0.773469925
240540290531,73594,0.239525646,-0.0253876075,-0.411344618,-0.0154447667,-0.620526671,0.00760621158,0.783996403
240556954802,73612,0.239591777,-0.0233676694,-0.41053322,-0.0192732625,-0.6065166,0.0064387857,0.79481107
240573764281,73628,0.239601731,-0.0219638348,-0.409767687,-0.0224011224,-0.594882607,0.00533163082,0.803482771
240590287823,73644,0.23961854,-0.0209243558,-0.408963382,-0.0246804543,-0.584397376,0.00436301017,0.811080575
240606946521,73662,0.239598677,-0.0202918164,-0.408046514,-0.0258556865,-0.573972344,0.00307560433,0.818460643
240625241833,73679,0.239459321,-0.0202810504,-0.407231092,-0.0257712062,-0.565402389,0.00130895118,0.824411571
240640278552,73694,0.239123493,-0.0206524953,-0.406552076,-0.0256671421,-0.558334112,-0.00170085928,0.829217255
240656954229,73711,0.238407001,-0.0214253142,-0.405678421,-0.026689684,-0.550068736,-0.00694571249,0.834663987
240673637458,73728,0.23755762,-0.0224643797,-0.404615998,-0.0289988294,-0.541325033,-0.0126141915,0.840218544
240690335062,73744,0.23670575,-0.0235289,-0.403424233,-0.0338039212,-0.532603025,-0.0184216872,0.845489264
240706967823,73761,0.23558116,-0.0248096846,-0.401923627,-0.0433737263,-0.522444487,-0.0252490919,0.851195037
240723611156,73777,0.234634757,-0.0262771696,-0.40034169,-0.0547204986,-0.51166302,-0.0302191786,0.856909215
240740287093,73793,0.234010771,-0.0279767327,-0.398662269,-0.0671083033,-0.499765038,-0.0326599926,0.862939656
240756946208,73811,0.233636349,-0.0303335562,-0.396723241,-0.0798826739,-0.485539556,-0.031940911,0.869971216
240773930218,73827,0.233460471,-0.0328576304,-0.395065308,-0.0868350342,-0.473449141,-0.0300023444,0.876016796
240790303968,73843,0.233157307,-0.0358004496,-0.393537879,-0.0901405811,-0.463501424,-0.0293320417,0.881011248
240806943916,73860,0.232671052,-0.0392931774,-0.392127067,-0.0913811699,-0.456214458,-0.0303255562,0.88464582
240823691364,73876,0.23207669,-0.0427052639,-0.390935183,-0.0918536037,-0.452126235,-0.0325841792,0.88661325
240840291156,73893,0.231327593,-0.0462522432,-0.389751732,-0.0930338725,-0.449818045,-0.0361956395,0.88752377
240856955479,73910,0.230597064,-0.049617026,-0.388587981,-0.0952034444,-0.448604614,-0.0401233211,0.887738883
240873747250,73926,0.230066776,-0.0526615568,-0.38744694,-0.0979267806,-0.447688729,-0.0430554971,0.887767673
240890477666,73943,0.229740635,-0.0558545142,-0.386269659,-0.101188362,-0.446877241,-0.0453219935,0.887697935
240906955375,73960,0.229617566,-0.0590183064,-0.385225058,-0.104530677,-0.446545184,-0.0470204316,0.887389421
240923669177,73977,0.229667068,-0.0622209683,-0.384324431,-0.107558906,-0.446939647,-0.0480810888,0.886771917
240940307250,73993,0.229892761,-0.0652473718,-0.383491784,-0.11036744,-0.448084652,-0.0485050119,0.885825276
240956978343,74009,0.230307549,-0.0682504103,-0.382575452,-0.11353986,-0.449975669,-0.0481646806,0.884483337
240973632041,74025,0.230895549,-0.0711675286,-0.381585091,-0.117485881,-0.452406555,-0.0468226224,0.882798433
240990297197,74043,0.231746599,-0.0742996782,-0.380467355,-0.12325757,-0.45601508,-0.0443743542,0.880277693
241006941937,74059,0.232587725,-0.0769801438,-0.37969768,-0.129167616,-0.460413963,-0.0421227105,0.877245963
241024134385,74075,0.233503699,-0.0795371458,-0.379334986,-0.135322064,-0.466289103,-0.0402335599,0.873294771
241040309697,74092,0.234589279,-0.0821816325,-0.379483461,-0.14179489,-0.473984271,-0.0384198315,0.868191898
241056942458,74108,0.235812336,-0.0846426189,-0.379995286,-0.148108065,-0.48241514,-0.0367543474,0.862547874
241073611885,74125,0.237385303,-0.0872619003,-0.380767733,-0.155216888,-0.492256284,-0.0355695933,0.855760753
241090337666,74142,0.239257142,-0.0899717212,-0.381743193,-0.162261039,-0.502320349,-0.0354772918,0.848579466
241106967354,74158,0.241348714,-0.0925066769,-0.382776767,-0.169094056,-0.511458874,-0.0363366976,0.841722488
241123685114,74175,0.24387148,-0.0951220989,-0.383920282,-0.176997617,-0.520415723,-0.0378048085,0.834511936
241140286416,74191,0.246496677,-0.0975644514,-0.38500753,-0.184830472,-0.528036714,-0.0393999666,0.827926755
241156943083,74208,0.249499708,-0.100193456,-0.386156231,-0.193205819,-0.535226703,-0.0417514853,0.821255565
241176498864,74227,0.253041744,-0.103252277,-0.387333512,-0.203058153,-0.542107403,-0.0451355428,0.814155877
241190275218,74241,0.255789757,-0.105602354,-0.388096571,-0.210345343,-0.546477795,-0.0475556515,0.809231341
241206950374,74257,0.259034872,-0.108415902,-0.388921946,-0.218527019,-0.55078572,-0.0502128974,0.803964972
241224328864,74275,0.262778759,-0.11168541,-0.389764845,-0.227390349,-0.55452323,-0.0535225682,0.798707068
241240286260,74291,0.266162515,-0.114699751,-0.390390813,-0.234795183,-0.556878984,-0.0567337722,0.794693887
241256949906,74307,0.269564599,-0.11776951,-0.390893489,-0.241845608,-0.558361769,-0.0602355674,0.791274071
241273631312,74324,0.273216397,-0.121035561,-0.391273826,-0.248954952,-0.559019268,-0.0643061176,0.788278937
241290682354,74341,0.276889801,-0.124390289,-0.391468346,-0.255345017,-0.558818281,-0.0691127554,0.78596729
241306949697,74357,0.280292988,-0.127522871,-0.391473442,-0.260788083,-0.557947814,-0.0747691616,0.784278989
241323614906,74373,0.283616871,-0.130534008,-0.391362906,-0.265875846,-0.556616187,-0.0811777487,0.782878399
241340325687,74390,0.28704524,-0.133634254,-0.39119041,-0.270882189,-0.554750502,-0.0881334022,0.781733572
241356955114,74407,0.290408373,-0.1366584,-0.390945405,-0.275566101,-0.552440047,-0.0948121548,0.780950665
241373908395,74423,0.29354021,-0.139500499,-0.390654653,-0.279681742,-0.550118268,-0.100757517,0.780381978
241390287874,74440,0.296773493,-0.142442971,-0.390299559,-0.28392598,-0.547849774,-0.106689446,0.779656351
241406944958,74456,0.299709857,-0.145147771,-0.39001283,-0.287835628,-0.546155035,-0.111819901,0.778692305
241423790999,74473,0.302681744,-0.147894651,-0.389776528,-0.291757345,-0.545010388,-0.116908647,0.777286172
241440280895,74490,0.305513233,-0.150442049,-0.389562905,-0.295609623,-0.544552028,-0.121883072,0.775385439
241456950322,74506,0.308054566,-0.152656347,-0.389354587,-0.299558729,-0.544651687,-0.126424193,0.773069263
241473638604,74523,0.310608745,-0.154742762,-0.389134288,-0.303915679,-0.545353115,-0.131104186,0.770088911
241491105739,74540,0.313052177,-0.15658319,-0.38896209,-0.308355093,-0.546485245,-0.135775477,0.766704679
241506969020,74555,0.315062463,-0.158041447,-0.388795048,-0.312084019,-0.547601223,-0.139626756,0.763702154
241523611520,74573,0.317365348,-0.159638226,-0.388585061,-0.31611225,-0.548719823,-0.143640086,0.760491431
241540302301,74589,0.319296062,-0.160907239,-0.388355047,-0.319291353,-0.549394846,-0.146658391,0.758096159
241556971416,74605,0.32105425,-0.162019402,-0.388048768,-0.321957827,-0.549964249,-0.149305329,0.756035984
241573931937,74622,0.322904885,-0.163069561,-0.38772893,-0.324135035,-0.550758958,-0.152014673,0.753984511
241590297197,74638,0.324483663,-0.163959414,-0.387419522,-0.325464845,-0.55177927,-0.154577792,0.752142251
241606987822,74655,0.325947821,-0.164786845,-0.387066901,-0.326214045,-0.553148568,-0.157159477,0.750274658
241623669072,74671,0.327247053,-0.165425181,-0.386740088,-0.3265903,-0.554747283,-0.159231663,0.748491466
241640282301,74688,0.32846877,-0.165992156,-0.38641414,-0.326713949,-0.556843102,-0.16102083,0.746495843
241656948239,74705,0.32965228,-0.16640906,-0.386149138,-0.326774627,-0.559356451,-0.162648186,0.744234085
241673615426,74721,0.330635279,-0.166624814,-0.385890484,-0.327212542,-0.562009752,-0.16426158,0.74168396
241690338916,74738,0.331521988,-0.166698888,-0.385593981,-0.327588439,-0.565085649,-0.165685087,0.738858938
241706969072,74754,0.332196355,-0.166616634,-0.385297894,-0.327486396,-0.568053961,-0.166791424,0.736374855
241723612562,74771,0.332744509,-0.166431218,-0.38500011,-0.326989859,-0.570950031,-0.167893872,0.734101832
241740277822,74788,0.333103478,-0.166251123,-0.384674191,-0.326047927,-0.573539734,-0.168913633,0.73226583
241756963239,74804,0.333203554,-0.166076228,-0.384224385,-0.32494247,-0.575552166,-0.169813141,0.730968952
241773621728,74820,0.333184034,-0.165762454,-0.383684874,-0.323632777,-0.577134252,-0.170673087,0.730101824
241790291051,74837,0.332946956,-0.165216446,-0.38306129,-0.321971655,-0.578450739,-0.171621844,0.729571819
241806956208,74853,0.332602799,-0.16447784,-0.382464409,-0.32068491,-0.57931006,-0.172466144,0.729257524
241823674749,74871,0.331977278,-0.163453564,-0.381663978,-0.319629461,-0.579712868,-0.17307502,0.72925657
241840293916,74887,0.331182748,-0.162418514,-0.380813509,-0.318746746,-0.579576075,-0.173185527,0.729725242
241856951312,74903,0.330292612,-0.161269486,-0.379896402,-0.317733556,-0.579010904,-0.172895581,0.730683923
241873726728,74920,0.329140484,-0.159903675,-0.378847688,-0.316446662,-0.578090668,-0.172449157,0.732075214
241890310791,74937,0.327773392,-0.158323646,-0.377775431,-0.315150857,-0.577040792,-0.1722202,0.733514965
241906945166,74953,0.326238394,-0.156620517,-0.376708537,-0.314040154,-0.576030195,-0.172198787,0.734789491
241923609020,74970,0.32439065,-0.154591709,-0.37551707,-0.312766701,-0.574901283,-0.172359556,0.736177862
241940292405,74986,0.322517008,-0.152481109,-0.374358982,-0.311479509,-0.573682547,-0.172588587,0.737619221
241956957249,75003,0.320355624,-0.150068104,-0.373061866,-0.310148895,-0.572086692,-0.172609791,0.739412248
241973655374,75019,0.318238348,-0.147640258,-0.37181145,-0.309069991,-0.570278764,-0.172506422,0.741282344
241990287926,75035,0.31603843,-0.144988924,-0.370541394,-0.308558047,-0.568325758,-0.172609314,0.742969632
242006942926,75053,0.313529372,-0.141763553,-0.369167924,-0.308780074,-0.565998256,-0.17302075,0.744556665
242023682822,75069,0.311283946,-0.138662487,-0.367984682,-0.30970332,-0.563734412,-0.173690066,0.745734036
242040286676,75085,0.309033096,-0.135299593,-0.366811246,-0.311409146,-0.561167777,-0.174898356,0.746676385
242056944853,75102,0.306726217,-0.131464422,-0.365561038,-0.313984275,-0.558010817,-0.176589653,0.747565389
242073656728,75119,0.304503411,-0.127324641,-0.364248157,-0.317484796,-0.554374635,-0.178678855,0.748295486
242090286937,75135,0.302568942,-0.123222426,-0.362973005,-0.321355283,-0.550516009,-0.181216642,0.748881519
242106951103,75151,0.300731808,-0.118967064,-0.361631036,-0.325399339,-0.546217859,-0.18440035,0.749505043
242123611989,75169,0.298689753,-0.114023983,-0.360044211,-0.330402732,-0.54069829,-0.188896224,0.750198424
242140284020,75185,0.296888739,-0.109599829,-0.358612269,-0.335474402,-0.535136104,-0.193386868,0.75079155
242156948603,75201,0.295202225,-0.105249114,-0.357136905,-0.340483516,-0.52916348,-0.197383657,0.75172919
242173712926,75219,0.293505371,-0.100411676,-0.355421454,-0.345732719,-0.522307754,-0.201308683,0.753085911
242190275166,75235,0.292087108,-0.0961278006,-0.353880942,-0.349826038,-0.516493917,-0.204470009,0.75435257
242207848499,75252,0.290674686,-0.0916497558,-0.352289796,-0.354156435,-0.510919392,-0.207743868,0.755233109
242223830062,75267,0.289473534,-0.0877565444,-0.350951076,-0.357673794,-0.506732821,-0.210620061,0.755599499
242240280374,75285,0.288111418,-0.0831182301,-0.349428535,-0.361485779,-0.502736032,-0.214206219,0.75544709
242263918707,75308,0.286520988,-0.0773314238,-0.347575128,-0.366023451,-0.49886921,-0.219822556,0.754211128
242273619697,75317,0.285854638,-0.0750505924,-0.346836448,-0.367865503,-0.497593224,-0.222692981,0.75331521
242290495322,75334,0.284653038,-0.0708689913,-0.345501453,-0.371306717,-0.495517969,-0.229334176,0.750998735
242307003916,75351,0.283416152,-0.0668503642,-0.3441903,-0.374223143,-0.494038224,-0.237273127,0.748054028
242323611416,75367,0.282210499,-0.0632871166,-0.34294641,-0.376049101,-0.493248671,-0.245739892,0.74491936
242340276937,75384,0.280977249,-0.0597882271,-0.341578007,-0.376728147,-0.492937773,-0.255513906,0.741485596
242356949228,75400,0.279869288,-0.0566890538,-0.340203583,-0.376146376,-0.492996424,-0.265011042,0.738402069
242373625843,75417,0.278821617,-0.0535472482,-0.33870101,-0.374755144,-0.493146896,-0.274800211,0.735424817
242390275947,75434,0.277880132,-0.0504119173,-0.337154359,-0.373244226,-0.493097305,-0.283224434,0.733026445
242406944593,75450,0.277100593,-0.0475178212,-0.335640162,-0.371985465,-0.4926157,-0.289297283,0.731617272
242423675478,75466,0.276365489,-0.0446714312,-0.334059656,-0.370761335,-0.491753668,-0.293218404,0.731257379
242440466259,75483,0.275552988,-0.0417141244,-0.332306564,-0.36974436,-0.490767181,-0.294848412,0.731779397
242456952614,75500,0.274652421,-0.0389708355,-0.330537051,-0.368656486,-0.490081668,-0.294221759,0.733038783
242473651989,75516,0.273638278,-0.0364670455,-0.328924,-0.367177606,-0.490252882,-0.292137355,0.734498858
242490283864,75533,0.27241081,-0.0338342935,-0.327367455,-0.365055859,-0.491544724,-0.289284348,0.735821009
242506983707,75549,0.27106899,-0.0314018428,-0.32603097,-0.362467408,-0.493695736,-0.286069274,0.73691678
242523622614,75566,0.269490033,-0.0288895741,-0.324750155,-0.359278142,-0.496638387,-0.28226468,0.73796767
242540286832,75583,0.267799288,-0.0264516696,-0.32357946,-0.356266499,-0.49982962,-0.278312296,0.738773942
242556948239,75599,0.266093671,-0.0241827369,-0.322514594,-0.353764921,-0.50276804,-0.274609953,0.739367366
242574255374,75616,0.264207542,-0.0217619762,-0.32144165,-0.351440877,-0.505702317,-0.270841241,0.739864528
242590301780,75632,0.26233089,-0.0194697604,-0.320503831,-0.349722385,-0.508226275,-0.267365128,0.740213692
242606986520,75649,0.260240972,-0.0170450062,-0.319615394,-0.348167211,-0.510639846,-0.263584346,0.740641594
242623807978,75666,0.258061081,-0.0147000104,-0.318811625,-0.346469671,-0.512785316,-0.259819508,0.741285264
242640293447,75682,0.255977958,-0.0125489682,-0.318084329,-0.344752282,-0.51448077,-0.256438702,0.742088079
242656947666,75698,0.253873706,-0.0104125291,-0.317380309,-0.343038678,-0.515842199,-0.253259152,0.743028402
242673721728,75715,0.25158599,-0.00814148784,-0.316698909,-0.341283977,-0.517079175,-0.250059187,0.744059682
242690304228,75732,0.249268398,-0.00585623831,-0.316113055,-0.339589775,-0.518247426,-0.246939853,0.745063186
242706944124,75748,0.247071445,-0.00370650738,-0.315597057,-0.338072717,-0.519190669,-0.244069368,0.746041656
242723610374,75764,0.244880363,-0.00157515705,-0.315066069,-0.336452901,-0.519894361,-0.241342276,0.74717021
242740277041,75782,0.242422014,0.000820860267,-0.314475656,-0.334724873,-0.520424604,-0.238571361,0.748465896
242756940426,75798,0.240226254,0.00298248976,-0.313976347,-0.333473414,-0.520769775,-0.236431092,0.749462962
242773851728,75814,0.238022581,0.00513312221,-0.313491791,-0.332235545,-0.521129012,-0.234445482,0.750386238
242790279020,75831,0.235689521,0.00738162547,-0.313006222,-0.330953181,-0.521461964,-0.232661575,0.751276374
242806951936,75848,0.23339361,0.00961839408,-0.312515557,-0.330070794,-0.521574855,-0.231216654,0.752031863
242823669228,75864,0.231244981,0.0117914304,-0.312035114,-0.329692394,-0.521483541,-0.229901329,0.752664149
242840368395,75881,0.228944644,0.014196232,-0.311520398,-0.329669803,-0.521199167,-0.228480369,0.753303409
242856963811,75897,0.226769298,0.0164608881,-0.311008215,-0.329706848,-0.520793915,-0.22692275,0.754037976
242873615009,75914,0.22438696,0.0187846944,-0.310382128,-0.329586416,-0.52020067,-0.225220799,0.755009592
242890962874,75931,0.221898481,0.0209421143,-0.309675276,-0.32893154,-0.519354582,-0.223730147,0.75631988
242906963499,75947,0.219552875,0.0229047388,-0.308957458,-0.32832697,-0.518414557,-0.221581265,0.757858574
242923614488,75963,0.217227414,0.0247484222,-0.308176219,-0.327500403,-0.517339766,-0.21896778,0.759708047
242940460530,75981,0.214631423,0.0266787037,-0.307232141,-0.32612291,-0.515747845,-0.216373414,0.762122452
242956995478,75997,0.212359607,0.0283459947,-0.306402326,-0.325056672,-0.514174521,-0.214422882,0.764189482
242974242613,76013,0.210148707,0.0298653543,-0.305603921,-0.323967606,-0.512554646,-0.212164328,0.766367435
242990337197,76030,0.207885563,0.0313446447,-0.304769158,-0.323010892,-0.510669112,-0.20984751,0.768664479
243007005738,76046,0.205865294,0.0325714126,-0.304018259,-0.322189957,-0.509027541,-0.207952574,0.770610332
243023723759,76063,0.203845397,0.03374549,-0.303287417,-0.321289927,-0.507642567,-0.206125483,0.772388518
243040293707,76080,0.202003777,0.0347820595,-0.302679628,-0.320391566,-0.506697893,-0.204155207,0.773903847
243056945738,76096,0.200435966,0.0355969518,-0.302217752,-0.3195526,-0.506043911,-0.202274829,0.775171399
243073629228,76112,0.199035734,0.0362799838,-0.301813692,-0.318839699,-0.505594969,-0.200184211,0.776299775
243090283342,76129,0.197730824,0.0368291438,-0.30143109,-0.318103433,-0.505308151,-0.198022544,0.7773422
243108624176,76148,0.196546897,0.0372669846,-0.301053256,-0.317303956,-0.505147755,-0.195924059,0.778304458
243123612770,76162,0.195865586,0.0374644473,-0.300821751,-0.316532671,-0.505225778,-0.194558427,0.77891022
243140361832,76179,0.195232436,0.0374545828,-0.300620973,-0.315191478,-0.505603075,-0.193088025,0.779574811
243156965374,76196,0.194793001,0.037175566,-0.300539166,-0.313611597,-0.50620681,-0.192121714,0.780058801
243173616728,76212,0.194549292,0.0367492139,-0.300559014,-0.312107623,-0.506905496,-0.19145602,0.780371904
243190391051,76228,0.194508895,0.0361802876,-0.300688177,-0.310811877,-0.507743895,-0.190754414,0.78051585
243206955270,76246,0.194699645,0.0354022086,-0.300994366,-0.310017467,-0.508804202,-0.190312982,0.780249
243223821155,76262,0.195058137,0.0346328467,-0.301409721,-0.309777498,-0.510028958,-0.190175265,0.77957803
243240291051,76278,0.195538104,0.0337451473,-0.302007556,-0.309726179,-0.511721849,-0.190212235,0.778479218
243256944749,76295,0.196203753,0.0326680988,-0.302869409,-0.310202748,-0.513942599,-0.190497801,0.776754677
243273701259,76312,0.197062612,0.031468749,-0.303900033,-0.311219305,-0.516470373,-0.190583542,0.774647534
243290297197,76328,0.19797495,0.0301968977,-0.304991901,-0.312561959,-0.51903832,-0.190655798,0.772369504
243306973238,76345,0.199069947,0.0287380591,-0.306255132,-0.314138144,-0.521912575,-0.19101277,0.769700348
243323613394,76361,0.200122833,0.0271967351,-0.307500631,-0.315721631,-0.524618208,-0.191531435,0.767079771
243340289384,76378,0.201297104,0.0254534781,-0.308848202,-0.317620784,-0.527267873,-0.191978201,0.764362454
243356942769,76394,0.202466503,0.0237599909,-0.310122937,-0.319541693,-0.529301167,-0.192491144,0.762023985
243373784488,76411,0.203789607,0.0218895897,-0.311429769,-0.321392089,-0.530866921,-0.193186209,0.759977996
243390287874,76428,0.205253214,0.0200097337,-0.312658399,-0.323146999,-0.531816959,-0.193882734,0.758390546
243406950738,76444,0.206637412,0.0181713402,-0.313776582,-0.325053215,-0.532164335,-0.194439158,0.757188916
243423672457,76460,0.208092034,0.0163349435,-0.314888597,-0.32716617,-0.532135963,-0.194850668,0.756192446
243440277665,76477,0.209734306,0.0144021437,-0.316131294,-0.329560906,-0.531871796,-0.19511351,0.755270004
243457057926,76494,0.211463302,0.0124593526,-0.3173787,-0.332215756,-0.53144902,-0.195316687,0.754351497
243473609176,76510,0.213156521,0.0106211379,-0.3184762,-0.334852308,-0.530970871,-0.195603743,0.753447473
243490278863,76527,0.214986652,0.00862773508,-0.319605649,-0.337769061,-0.530429959,-0.196180508,0.752375782
243507293967,76544,0.216940939,0.00666621327,-0.320699185,-0.340714484,-0.529851854,-0.197133347,0.751205206
243523610894,76560,0.218816966,0.00478026271,-0.32170102,-0.343136489,-0.529269993,-0.19840087,0.750178516
243540304436,76577,0.22088474,0.00272000581,-0.322694004,-0.34521243,-0.528540194,-0.200128004,0.749281287
243556946155,76593,0.222883582,0.000704795122,-0.323571205,-0.346862406,-0.527793288,-0.201845065,0.748584867
243573836207,76609,0.224914759,-0.00138077885,-0.324444294,-0.348586768,-0.526991367,-0.203423455,0.747921288
243590279384,76626,0.227186739,-0.00357820094,-0.325351596,-0.350850195,-0.526013851,-0.204977006,0.74712652
243606942665,76643,0.229496717,-0.00576234609,-0.326245576,-0.353469908,-0.524940968,-0.206536621,0.746216238
243625032978,76660,0.231868386,-0.00790415704,-0.327103287,-0.356251419,-0.523874879,-0.208121255,0.745201766
243640280999,76675,0.233966112,-0.00982452929,-0.327838123,-0.358609378,-0.52310133,-0.209397599,0.74425602
243656965009,76693,0.236453176,-0.0122022107,-0.328717887,-0.361263931,-0.522543073,-0.210765138,0.742977262
243673632978,76709,0.23867628,-0.0143257007,-0.329498887,-0.363420188,-0.522354901,-0.211973205,0.741713285
243690290530,76725,0.240864813,-0.0164712369,-0.330259621,-0.365340799,-0.522308528,-0.213189945,0.740452528
243706992561,76742,0.243208915,-0.018752791,-0.331011415,-0.367046565,-0.522342622,-0.214330763,0.739254594
243723610061,76759,0.245550781,-0.0210705474,-0.331736684,-0.368556619,-0.522553444,-0.21524784,0.738086939
243740591207,76775,0.247773975,-0.0232535824,-0.332402229,-0.369882584,-0.522951722,-0.216084301,0.736896217
243756956311,76792,0.25015527,-0.025522165,-0.333072066,-0.371208757,-0.523604155,-0.217134312,0.73545593
243773862353,76809,0.252519935,-0.0277759805,-0.333711147,-0.372314543,-0.52448082,-0.2184228,0.733889163
243790285061,76825,0.254775017,-0.0299059376,-0.334244251,-0.373091638,-0.525350571,-0.219666108,0.732499957
243806952509,76842,0.257119328,-0.0322501138,-0.334764004,-0.373698205,-0.526183724,-0.22074011,0.731268883
243823642144,76858,0.259350687,-0.0344685167,-0.335201263,-0.374396384,-0.526777029,-0.22155495,0.730237544
243840288915,76875,0.26173681,-0.0368060991,-0.335598916,-0.375378639,-0.527212858,-0.222313821,0.72918731
243856946207,76891,0.26399368,-0.0390020311,-0.335925043,-0.376647651,-0.527618766,-0.223070189,0.728007436
243873618082,76908,0.266436934,-0.041293256,-0.336234689,-0.378351927,-0.528302968,-0.224044085,0.726326466
243890283551,76924,0.268679261,-0.043439351,-0.336540371,-0.379845798,-0.529381335,-0.22511217,0.724428833
243906974488,76941,0.271069646,-0.0457220823,-0.336903006,-0.381106615,-0.530946791,-0.22634089,0.722234786
243923614280,76958,0.273435742,-0.0480317399,-0.337297976,-0.382177085,-0.532737076,-0.227437153,0.720003009
243940277769,76974,0.275662363,-0.0502218679,-0.337646067,-0.383190483,-0.534395397,-0.228209808,0.717988193
243956976467,76990,0.277889609,-0.0524145067,-0.337947458,-0.38431409,-0.535975277,-0.228841737,0.7160061
243973749644,77007,0.280211151,-0.0547430664,-0.338262677,-0.38573873,-0.537667155,-0.229653046,0.713708103
243990280998,77024,0.282517016,-0.0570591986,-0.338609189,-0.387362868,-0.539470732,-0.230650961,0.711140931
244006945113,77040,0.284620225,-0.0592581034,-0.338974088,-0.388881981,-0.541273057,-0.231580749,0.708635807
244024785217,77057,0.286852002,-0.0616049692,-0.33933875,-0.390358001,-0.543086708,-0.232482046,0.706137121
244040278290,77074,0.28905651,-0.0640332252,-0.339648962,-0.3912853,-0.544688523,-0.233103082,0.704182625
244056957144,77090,0.291117519,-0.0664362535,-0.339917749,-0.391473532,-0.546062469,-0.233405352,0.702912629
244073629592,77106,0.293247938,-0.0689248964,-0.340175629,-0.391274899,-0.547384799,-0.233561516,0.701942265
244090480998,77123,0.295511782,-0.0716637895,-0.340467662,-0.391319692,-0.548846185,-0.233843848,0.700680971
244106945009,77140,0.297823876,-0.0744146854,-0.340780377,-0.391841918,-0.550465047,-0.234474838,0.698906124
244123613498,77156,0.300017834,-0.0769734904,-0.341120809,-0.392752558,-0.551949024,-0.235616505,0.696837544
244140274436,77172,0.302221924,-0.0795111433,-0.341456711,-0.394077003,-0.553108335,-0.237050176,0.694680989
244156982405,77190,0.304720342,-0.0823710784,-0.341752589,-0.395732343,-0.55384469,-0.238303244,0.692721844
244174041259,77206,0.30692333,-0.0849527791,-0.341974109,-0.396967918,-0.554090559,-0.238927409,0.691602349
244190365113,77222,0.309153825,-0.08759363,-0.342145503,-0.397649318,-0.554144323,-0.239175454,0.691082001
244206948550,77240,0.311647534,-0.0906418189,-0.342273086,-0.398163199,-0.554092765,-0.239354819,0.690765202
244223657457,77256,0.313882887,-0.0932523087,-0.342357874,-0.399016351,-0.553862274,-0.239726365,0.690328777
244240289488,77272,0.31614849,-0.0956831947,-0.342401177,-0.400667697,-0.553305686,-0.240336925,0.689605951
244256955842,77288,0.318396926,-0.0979099721,-0.34234333,-0.403000206,-0.55233258,-0.241340145,0.688676
244273681936,77306,0.320888519,-0.100157745,-0.342146575,-0.405952126,-0.550796032,-0.243205562,0.687515616
244292607248,77324,0.323269874,-0.102247313,-0.341841221,-0.408680469,-0.549022853,-0.245700702,0.686429441
244306957561,77338,0.325057209,-0.103746444,-0.341548115,-0.410418689,-0.547614872,-0.247982532,0.685696065
244323670790,77355,0.327121824,-0.105430871,-0.341148138,-0.412217408,-0.545870721,-0.251038849,0.684895277
244340484748,77372,0.329046726,-0.106967933,-0.340697944,-0.413863629,-0.544063985,-0.254262894,0.684150398
244356944175,77388,0.330759436,-0.108203076,-0.340216845,-0.415446609,-0.542242169,-0.257483304,0.683432519
244373639540,77405,0.33245343,-0.109283537,-0.339680046,-0.417077601,-0.540143192,-0.260977805,0.682775438
244390283134,77421,0.333929002,-0.110080659,-0.339168876,-0.418676525,-0.53803283,-0.264102697,0.682261229
244406942248,77438,0.335343212,-0.110732459,-0.338642538,-0.420372456,-0.535746336,-0.267002583,0.681888998
244423856727,77455,0.336570829,-0.111168578,-0.338128597,-0.421936423,-0.533575356,-0.269369096,0.681694508
244440278707,77471,0.337540895,-0.111420758,-0.337628961,-0.423332036,-0.531677663,-0.271176904,0.681595206
244456960269,77487,0.338324636,-0.111481048,-0.33710894,-0.424635142,-0.529990971,-0.272651732,0.681509793
244473631102,77504,0.338941664,-0.111260131,-0.336562485,-0.425854027,-0.528516769,-0.273927838,0.681382418
244490706936,77521,0.339311481,-0.110800371,-0.336054862,-0.426814526,-0.527447224,-0.274834722,0.681245029
244507071259,77537,0.339413375,-0.110131986,-0.33556056,-0.427469075,-0.526727438,-0.275242329,0.68122685
244523608654,77553,0.339292824,-0.109283842,-0.335022926,-0.427696019,-0.526227713,-0.275216103,0.681481242
244540278707,77571,0.338870764,-0.108115613,-0.334338218,-0.427056164,-0.525894344,-0.274916619,0.682260334
244556939436,77587,0.338227868,-0.106853917,-0.333659619,-0.425871551,-0.525710106,-0.274508059,0.683306396
244573621623,77603,0.337359726,-0.105390579,-0.332925528,-0.424481809,-0.52548188,-0.273827791,0.684618473
244590551675,77619,0.336139739,-0.1034768,-0.332022965,-0.422823608,-0.525031328,-0.272776723,0.686407447
244606946415,77637,0.334910065,-0.101536714,-0.331195056,-0.421424419,-0.524401665,-0.271863461,0.688109457
244623698915,77653,0.333559781,-0.0994099304,-0.330333948,-0.420078963,-0.52368474,-0.271000832,0.689816296
244640281102,77669,0.332077146,-0.097137928,-0.329464465,-0.418717355,-0.523044407,-0.270075411,0.691490948
244657147977,77687,0.330307811,-0.0944316685,-0.32852909,-0.417383075,-0.522383273,-0.268955737,0.693231583
244673631206,77703,0.328668445,-0.0918931663,-0.327684909,-0.416526943,-0.521724224,-0.267947495,0.694631815
244690291050,77719,0.326955795,-0.0892243311,-0.32681331,-0.415787667,-0.520953715,-0.266997159,0.696017504
244706948654,77736,0.32506454,-0.086241439,-0.325815648,-0.414946437,-0.520026028,-0.266263068,0.697492898
244723614696,77753,0.323067963,-0.0831500515,-0.324758202,-0.41370073,-0.519066453,-0.265648335,0.699180007
244740394384,77769,0.321058959,-0.0801775604,-0.323693424,-0.411821097,-0.518122911,-0.264927268,0.70126009
244756946467,77785,0.318936974,-0.0771555975,-0.322544634,-0.409390926,-0.517077565,-0.264182985,0.703731
244773740686,77802,0.316566557,-0.0738662407,-0.321251065,-0.40646565,-0.515918434,-0.263503134,0.706526697
244790278342,77819,0.314069688,-0.0704361722,-0.319860101,-0.403422087,-0.514838338,-0.262965113,0.709254205
244806945113,77835,0.311599284,-0.0671168119,-0.318509609,-0.400622934,-0.513923526,-0.262555331,0.71165204
244823927040,77852,0.308872014,-0.0634822994,-0.317065835,-0.397688061,-0.51298517,-0.261989981,0.714179099
244840366988,77869,0.30602935,-0.0597954318,-0.31562081,-0.394578159,-0.512026012,-0.261101842,0.716912389
244856977561,77885,0.30324319,-0.0563189685,-0.314268082,-0.39133507,-0.51110667,-0.260101557,0.719704211
244873659696,77902,0.30017224,-0.0525983423,-0.312813073,-0.387565434,-0.510059297,-0.25880456,0.722947359
244890299019,77918,0.297164172,-0.0490846038,-0.311440408,-0.383728147,-0.508972466,-0.25730288,0.726288557
244906963029,77935,0.293873101,-0.0452869534,-0.309977651,-0.379546583,-0.507630765,-0.255426258,0.730077267
244923648029,77951,0.290639997,-0.0417088792,-0.308604866,-0.375622123,-0.506237924,-0.253313005,0.733800828
244940295998,77968,0.28711769,-0.0379119515,-0.30714041,-0.371418536,-0.504645526,-0.25082761,0.737879932
244956966831,77984,0.283780098,-0.0343101695,-0.305767834,-0.367568254,-0.502851248,-0.248391345,0.741846383
244973717925,78001,0.280172288,-0.030501239,-0.304338336,-0.363940984,-0.500476718,-0.24544844,0.746207118
244990283602,78018,0.276570261,-0.0266726092,-0.302876681,-0.360771716,-0.497573763,-0.242067754,0.7507779
245006962404,78034,0.273137301,-0.0230930746,-0.301512957,-0.357944399,-0.494352996,-0.238964647,0.755239606
245024995477,78052,0.269259721,-0.0191082805,-0.299994946,-0.354626238,-0.490315467,-0.235543758,0.760493338
245040276727,78068,0.26579386,-0.0156771764,-0.298653066,-0.351576924,-0.486360133,-0.23206383,0.765502334
245056951831,78084,0.262333304,-0.0123209208,-0.297329664,-0.34887284,-0.481912136,-0.228225857,0.770688891
245073638185,78100,0.258900791,-0.00899013132,-0.295994878,-0.346494645,-0.476952016,-0.224268734,0.775990844
245090493550,78117,0.25523448,-0.00553730875,-0.294568539,-0.344021469,-0.471088856,-0.220072463,0.781852067
245106951571,78134,0.251574367,-0.00215911865,-0.293103427,-0.341539085,-0.464272499,-0.215650469,0.788224041
245123613550,78150,0.248113841,0.000845000148,-0.291633517,-0.339013994,-0.456845731,-0.21099712,0.794884741
245140275060,78166,0.244665921,0.00367473066,-0.290137827,-0.336022764,-0.448496372,-0.206143633,0.802149892
245156943029,78184,0.240850255,0.00665359199,-0.28843832,-0.332110167,-0.43807438,-0.200705722,0.810870528
245174028185,78200,0.237522542,0.00902362168,-0.28685379,-0.328516424,-0.428062856,-0.195799544,0.818841696
245190303185,78216,0.23428607,0.0111441761,-0.285218537,-0.325140089,-0.417838633,-0.190534413,0.826674998
245206945217,78233,0.230879024,0.0131509192,-0.283553839,-0.321107,-0.406831414,-0.18535392,0.834878743
245223756415,78250,0.227573499,0.0150719397,-0.281996667,-0.317264318,-0.395535707,-0.181067988,0.842679799
245240278081,78266,0.224685177,0.016759932,-0.280577749,-0.313551515,-0.385682791,-0.175799832,0.849722743
245256954331,78282,0.221984074,0.0182678998,-0.279247344,-0.309681445,-0.376140833,-0.171075612,0.856357813
245273702925,78299,0.21932596,0.019759953,-0.277897298,-0.306015402,-0.366801709,-0.167371601,0.862437248
245290334956,78316,0.216759056,0.0211087614,-0.276670992,-0.302304268,-0.359195024,-0.164299056,0.867523491
245306948290,78332,0.214482397,0.0223601088,-0.275622815,-0.299415618,-0.353534013,-0.162306324,0.871217966
245323609123,78348,0.21230486,0.0236213878,-0.274638236,-0.297272027,-0.348868042,-0.161542416,0.873970449
245340323967,78366,0.210025758,0.0250447094,-0.273560166,-0.295465857,-0.344451874,-0.161743954,0.876294315
245356965477,78382,0.208256677,0.0263130143,-0.272578955,-0.294556201,-0.340680927,-0.162431329,0.877946079
245373616519,78399,0.206616223,0.0275741629,-0.271458596,-0.294182539,-0.336576462,-0.163073063,0.879534066
245390284331,78415,0.205329075,0.02866951,-0.270334095,-0.293486148,-0.332332104,-0.163842902,0.881235957
245406943758,78432,0.204129845,0.0297998153,-0.269020021,-0.292437285,-0.326678455,-0.165295079,0.883424699
245423745112,78448,0.203209639,0.0308789425,-0.267654479,-0.291474074,-0.320094198,-0.166565254,0.885911226
245440286050,78465,0.20249936,0.03198364,-0.266073585,-0.290561408,-0.312470973,-0.167306796,0.888788223
245456950217,78481,0.202013746,0.0329569206,-0.264538795,-0.289935946,-0.305643618,-0.168245822,0.891185999
245473735060,78498,0.201653138,0.0339420214,-0.263008475,-0.288931489,-0.299637049,-0.170186818,0.893181264
245490323394,78515,0.201352149,0.0348954424,-0.261553168,-0.288124055,-0.295477599,-0.173189178,0.894250035
245507014852,78531,0.201117292,0.0358070098,-0.260313779,-0.287146807,-0.293212175,-0.177081019,0.89454782
245523704748,78547,0.200864941,0.0366319977,-0.259147167,-0.285668343,-0.292347163,-0.181326136,0.894453824
245540285685,78564,0.200642452,0.0374172479,-0.258002669,-0.284187734,-0.293120354,-0.185668617,0.893781304
245556963810,78580,0.200470909,0.0380067639,-0.257070482,-0.282068998,-0.295546651,-0.189654782,0.892816007
245574162612,78597,0.200316802,0.0384568013,-0.256202459,-0.279420316,-0.299446672,-0.194042802,0.891405284
245590524539,78614,0.20034498,0.0388680063,-0.255516082,-0.277160168,-0.303965658,-0.198110998,0.889684856
245606948862,78631,0.200448528,0.0391843617,-0.2548953,-0.275009871,-0.308317125,-0.201523259,0.888087034
245623711414,78647,0.200708717,0.0394547172,-0.254406184,-0.2733199,-0.311414599,-0.204118237,0.886934638
245640275425,78664,0.201141357,0.039632123,-0.25391686,-0.271863818,-0.312616706,-0.206514284,0.886404395
245656948810,78680,0.201755047,0.0396520793,-0.253419846,-0.270581096,-0.311555356,-0.208426848,0.886722863
245673628237,78696,0.202636719,0.0395979583,-0.252952188,-0.269528955,-0.308115363,-0.210260168,0.88781172
245690546466,78714,0.203739479,0.0394452773,-0.252367467,-0.268832117,-0.301413238,-0.212424517,0.889806271
245706957039,78730,0.204876214,0.0392075032,-0.251874268,-0.268295616,-0.293031842,-0.213999927,0.892386615
245723657716,78746,0.206147388,0.0388064273,-0.251339108,-0.267759323,-0.282349408,-0.215275288,0.895678759
245740396831,78762,0.207607731,0.0382541344,-0.250747323,-0.266722947,-0.269314975,-0.216523111,0.899692178
245757015321,78780,0.209483579,0.0374693796,-0.250085592,-0.264411867,-0.252237082,-0.217625082,0.905042708
245773635581,78796,0.211288303,0.0365838259,-0.249583483,-0.261334211,-0.235464036,-0.217942595,0.910363793
245790358758,78813,0.213382557,0.035520643,-0.249292314,-0.257803917,-0.216593727,-0.217599154,0.916119576
245806964696,78829,0.215473622,0.0344153568,-0.24917078,-0.254517317,-0.198414415,-0.216887251,0.921310306
245825856831,78847,0.217925161,0.0331149437,-0.249187618,-0.251321912,-0.178205416,-0.216214791,0.926461756
245840283029,78862,0.219978437,0.0320196673,-0.249394849,-0.249276698,-0.162196442,-0.216046453,0.929987848
245856947873,78879,0.222230583,0.0307908915,-0.249830216,-0.247358054,-0.145631298,-0.216289222,0.933179855
245873824123,78896,0.224322394,0.0296477489,-0.250475466,-0.245709792,-0.131192207,-0.216870993,0.935618699
245890408602,78912,0.226101905,0.0286467113,-0.251213044,-0.244969949,-0.11975342,-0.217506289,0.937197924
245906962612,78929,0.227862999,0.0276134424,-0.252130806,-0.245101944,-0.110353239,-0.218261227,0.938141406
245923610425,78945,0.229330644,0.0266367719,-0.253105789,-0.245792285,-0.104479246,-0.219439134,0.938358545
245940278289,78961,0.230600089,0.0257038064,-0.254196614,-0.246996731,-0.101518117,-0.221378341,0.937911749
245956944175,78979,0.231760219,0.0246876739,-0.255528629,-0.248616874,-0.101316698,-0.22391969,0.936901629
245973862873,78995,0.232529074,0.0237822458,-0.256728441,-0.250243515,-0.103164859,-0.225869924,0.935798109
245990304175,79011,0.233187556,0.0228732377,-0.257958442,-0.252025723,-0.106249422,-0.227229714,0.934644759
246006951206,79028,0.233742803,0.0218358524,-0.25922519,-0.253754407,-0.110533461,-0.228020281,0.933486998
246023754748,79045,0.234204352,0.0207370296,-0.260493845,-0.255422086,-0.115991466,-0.228238732,0.932315767
246040275946,79061,0.234490737,0.0196761191,-0.261615455,-0.257218271,-0.122864604,-0.228034839,0.930990517
246056946050,79078,0.234507576,0.0185668059,-0.262822211,-0.25948447,-0.132933229,-0.227295414,0.929157376
246073635373,79094,0.234253123,0.0175400749,-0.264098704,-0.262264222,-0.145804167,-0.225703284,0.926831484
246090299539,79109,0.233700216,0.0165395923,-0.265359193,-0.265079796,-0.161485374,-0.223477736,0.923965871
246106987873,79128,0.232641935,0.015108265,-0.267272592,-0.26798594,-0.186713308,-0.219874188,0.919226348
246123613706,79144,0.231523216,0.0136477649,-0.269167274,-0.269452244,-0.212129921,-0.215872303,0.914218545
246140277873,79160,0.230258733,0.0119456351,-0.27135843,-0.270297348,-0.240535453,-0.210781977,0.908104122
246156950685,79177,0.228853285,0.00990805775,-0.274020582,-0.270643413,-0.27308777,-0.204428509,0.90021348
246173822404,79194,0.227405876,0.00764030963,-0.276920855,-0.271164805,-0.306972653,-0.197449282,0.890646517
246190278862,79210,0.2260748,0.00525772572,-0.279876292,-0.272041708,-0.339295357,-0.190367714,0.8801319
246207005945,79227,0.22475335,0.00235576183,-0.283159882,-0.272283971,-0.373174697,-0.182307228,0.867966712
246225854591,79243,0.223694474,-0.000781938434,-0.28646332,-0.271528929,-0.403748512,-0.17425178,0.856093228
246240356310,79260,0.222815663,-0.00453028083,-0.289997727,-0.26976487,-0.434285343,-0.164969027,0.843450308
246257019435,79277,0.222152427,-0.00863130391,-0.29352805,-0.267539084,-0.462435722,-0.155661523,0.83087033
246273668185,79293,0.221739292,-0.0126919821,-0.296789765,-0.265160531,-0.486629605,-0.147234201,0.819270194
246290517248,79310,0.221473277,-0.0171123147,-0.300039172,-0.26189062,-0.509824097,-0.138644457,0.807632625
246306948966,79326,0.221419856,-0.0214144215,-0.302940577,-0.257979602,-0.528981328,-0.131164148,0.797760189
246323608706,79343,0.221464187,-0.0261535682,-0.305636972,-0.252804875,-0.546479583,-0.123611465,0.78877759
246340276883,79359,0.221666425,-0.0307145491,-0.307889044,-0.247841403,-0.560717225,-0.116753168,0.781370342
246356949695,79376,0.222117931,-0.0355371013,-0.31004411,-0.24305281,-0.574119747,-0.109787971,0.774117947
246374101727,79392,0.22262904,-0.0398511998,-0.311779231,-0.239159673,-0.585667193,-0.104194559,0.767424285
246390287977,79409,0.223323479,-0.0441545658,-0.313500643,-0.235148534,-0.596959829,-0.0998042971,0.760515094
246406943185,79425,0.223999768,-0.0479263924,-0.315009415,-0.231690288,-0.606679857,-0.0969263613,0.754231095
246423725320,79442,0.224766523,-0.0516538769,-0.316501021,-0.22850509,-0.615905046,-0.0943195745,0.748030961
246440281206,79459,0.225655183,-0.0551787689,-0.317930281,-0.225554168,-0.623930633,-0.0914746597,0.742609143
246456947143,79475,0.226629943,-0.0583558492,-0.319255829,-0.22268112,-0.630407095,-0.0886141881,0.738341153
246473646779,79491,0.227781534,-0.0613746271,-0.320593625,-0.219565138,-0.635946751,-0.0858937576,0.734836876
246490285164,79509,0.229078636,-0.0645867288,-0.32212007,-0.215934575,-0.641307771,-0.0833825245,0.731535375
246506978914,79525,0.230236486,-0.0672603473,-0.323579431,-0.213192955,-0.645485103,-0.081603989,0.728861213
246523624018,79541,0.231366217,-0.0698276535,-0.325133473,-0.211185247,-0.649141073,-0.0799690783,0.726375699
246540381154,79558,0.232596457,-0.0724550188,-0.326739967,-0.209654018,-0.65244931,-0.0784602016,0.724016011
246556963654,79575,0.233909145,-0.0749831125,-0.328233808,-0.208226919,-0.655180573,-0.0777463317,0.722035706
246573618862,79591,0.235117093,-0.0773101375,-0.329558015,-0.206873804,-0.657316983,-0.0778375044,0.720471382
246590281779,79608,0.236394823,-0.0796044394,-0.330904275,-0.206264347,-0.659095824,-0.0787168369,0.718923867
246606959331,79624,0.23751761,-0.0815646574,-0.332121104,-0.206284389,-0.660338521,-0.0798497871,0.717651606
246623870945,79641,0.238706708,-0.083490707,-0.333273768,-0.206486002,-0.66095221,-0.0813068375,0.716864645
246640279018,79658,0.239992321,-0.085298121,-0.334271133,-0.206790045,-0.660651147,-0.0834998488,0.716802478
246656943549,79674,0.241277158,-0.0868497118,-0.335125685,-0.207653746,-0.659722686,-0.0862287953,0.717084765
246673626414,79690,0.242604792,-0.0881799757,-0.33596009,-0.209615588,-0.65837729,-0.0895550773,0.717342794
246690364227,79707,0.243894786,-0.0894113034,-0.336853564,-0.212856054,-0.65651089,-0.0937894359,0.717557907
246707003185,79723,0.245118052,-0.090478994,-0.337705731,-0.216409788,-0.654259503,-0.0981212109,0.717971802
246723611049,79740,0.246425629,-0.0916484743,-0.338608325,-0.220158204,-0.651194632,-0.102495447,0.719006717
246740290841,79756,0.247681603,-0.0928561017,-0.339412957,-0.223691314,-0.647677839,-0.10599418,0.720583737
246756940060,79774,0.249099389,-0.0943082571,-0.340314388,-0.228149191,-0.643349111,-0.109232537,0.722577512
246773616101,79790,0.250255913,-0.0956370458,-0.341116309,-0.232334256,-0.639574647,-0.111621208,0.724227726
246790335581,79806,0.251392841,-0.0969546288,-0.341842294,-0.236290008,-0.636154115,-0.113662884,0.725641608
246806945268,79823,0.252641916,-0.0983794108,-0.342393339,-0.239826828,-0.632391751,-0.11533761,0.727503359
246823613706,79840,0.253932238,-0.0998048633,-0.342756331,-0.243163243,-0.628835201,-0.117035158,0.729205608
246840280268,79856,0.255580693,-0.101014867,-0.343075991,-0.248062536,-0.625977635,-0.121370584,0.729305327
246856957768,79873,0.257594079,-0.102549434,-0.343230486,-0.252576321,-0.62378931,-0.126190975,0.728812814
246873625372,79890,0.259721369,-0.104199305,-0.343221396,-0.25586614,-0.622187912,-0.131518543,0.728091776
246890286831,79906,0.261820018,-0.105736405,-0.343110085,-0.258404791,-0.620531857,-0.137089625,0.727580726
246906961726,79923,0.263905615,-0.107587151,-0.342990428,-0.259392947,-0.618934453,-0.140530899,0.727933049
246923610060,79939,0.265525877,-0.109420061,-0.342974871,-0.259813339,-0.617462695,-0.14177683,0.728790879
246940279383,79955,0.266884744,-0.111024112,-0.343062043,-0.260625958,-0.615999818,-0.142658889,0.729566157
246956950060,79973,0.267956734,-0.112512723,-0.343272746,-0.261604309,-0.614989281,-0.14345482,0.7299124
246973768706,79989,0.268355697,-0.113568902,-0.343599021,-0.262304991,-0.614884436,-0.143548355,0.729730844
246990284695,80005,0.268408954,-0.114327237,-0.344078958,-0.26302591,-0.615156054,-0.143320367,0.729287148
247006947299,80021,0.268166274,-0.115051746,-0.344622731,-0.263376534,-0.615482211,-0.143039793,0.728940427
247023614799,80039,0.267795026,-0.116042256,-0.345259011,-0.262707353,-0.61602366,-0.141627565,0.72900033
247040280372,80055,0.267430276,-0.116962157,-0.345825791,-0.261584014,-0.616430283,-0.139755741,0.729421675
247056947612,80071,0.266977042,-0.117782727,-0.346338302,-0.260008842,-0.616947711,-0.137662306,0.729945242
247073628185,80088,0.266326845,-0.118531927,-0.346812308,-0.257766724,-0.618228734,-0.134843513,0.730182827
247090555008,80105,0.265411228,-0.119135559,-0.347227335,-0.254760504,-0.620336294,-0.131622955,0.730037928
247106950685,80121,0.264558047,-0.119421192,-0.347489357,-0.251465291,-0.622349441,-0.129320294,0.729878604
247123632560,80138,0.263911486,-0.119315743,-0.34759447,-0.249306768,-0.62305969,-0.128446445,0.73016727
247140280476,80154,0.263502598,-0.119170815,-0.347616494,-0.248834953,-0.622196913,-0.127638772,0.731204867
247156961831,80171,0.263436556,-0.118915409,-0.347710729,-0.251050532,-0.619158387,-0.126992106,0.733136833
247173704903,80187,0.26378125,-0.118677616,-0.3477889,-0.255218834,-0.614338696,-0.127065584,0.735734761
247190275737,80204,0.264356077,-0.118709326,-0.347873509,-0.259495437,-0.608997941,-0.127356112,0.738623142
247206949226,80220,0.264650673,-0.118925028,-0.347980499,-0.262338787,-0.604913235,-0.128123432,0.740839243
247223656310,80237,0.264779001,-0.119221836,-0.347969085,-0.264082223,-0.601302743,-0.129910395,0.742845237
247240292768,80254,0.264785349,-0.119593382,-0.347810924,-0.264623463,-0.598489046,-0.132099181,0.744536817
247256966987,80269,0.264859498,-0.119842343,-0.347640961,-0.265886903,-0.596430182,-0.134505317,0.745307744
247273660008,80287,0.265192747,-0.119876832,-0.34738493,-0.26875326,-0.593847811,-0.138299331,0.745647192
247290500268,80304,0.265638202,-0.119672984,-0.346850663,-0.271921575,-0.590544343,-0.143388465,0.746160686
247306954018,80320,0.266085982,-0.119376086,-0.346238643,-0.275256097,-0.587226987,-0.149324104,0.746391952
247323615424,80336,0.266489327,-0.119097322,-0.34574303,-0.278647304,-0.58428663,-0.155678168,0.746142864
247340284955,80353,0.266891003,-0.118910059,-0.345435977,-0.282122254,-0.581585288,-0.162290156,0.745538473
247356944278,80370,0.267275333,-0.118867472,-0.345378309,-0.285992205,-0.57907325,-0.168546304,0.744630694
247373754435,80386,0.267635524,-0.118838109,-0.34541297,-0.289659798,-0.57668674,-0.174675003,0.743651986
247390316830,80402,0.268060297,-0.118823983,-0.345434725,-0.293523192,-0.574294388,-0.181657001,0.742314517
247406944435,80420,0.268426418,-0.119240165,-0.345321327,-0.298146993,-0.572158515,-0.188681602,0.740366399
247423758757,80436,0.268640399,-0.120166786,-0.344923615,-0.301592141,-0.571324348,-0.191529244,0.738882482
247440295632,80452,0.269016296,-0.121542603,-0.344331205,-0.303207427,-0.571802795,-0.190937102,0.738004029
247457015268,80469,0.269546926,-0.123219043,-0.343658477,-0.303985417,-0.573310673,-0.18856746,0.737122893
247473628601,80485,0.269967228,-0.124731123,-0.343037933,-0.304549724,-0.575133383,-0.185440734,0.736262739
247490278966,80501,0.270234853,-0.126032948,-0.342450321,-0.304947406,-0.577344596,-0.181704,0.735298634
247506978653,80519,0.270341337,-0.127101168,-0.341911316,-0.305782586,-0.580361724,-0.177215666,0.733670235
247523623080,80535,0.270321429,-0.127820715,-0.341514289,-0.305936784,-0.583369553,-0.172991738,0.732227147
247540310424,80551,0.270260453,-0.128379196,-0.341116935,-0.305207431,-0.586436749,-0.16902639,0.731006503
247556946935,80569,0.270551801,-0.128615499,-0.340661883,-0.3051911,-0.589384913,-0.167592108,0.728969634
247573622976,80585,0.271484107,-0.128421471,-0.340218246,-0.306717545,-0.590577781,-0.170184776,0.726759613
247590279643,80601,0.272653311,-0.127935946,-0.339673042,-0.308926523,-0.589932919,-0.17420046,0.725394964
247606945685,80618,0.274034977,-0.127185181,-0.338986665,-0.311715156,-0.587578058,-0.179875657,0.724727869
247623926726,80635,0.275537968,-0.12634477,-0.338419378,-0.314205348,-0.584943891,-0.185664296,0.724323511
247640296622,80651,0.276876032,-0.125611812,-0.338155299,-0.316449255,-0.583059609,-0.190584093,0.723587692
247657014070,80668,0.278236091,-0.12497317,-0.337941468,-0.318376243,-0.58141458,-0.196286321,0.722540915
247673797612,80684,0.279494852,-0.124617867,-0.337715477,-0.319814384,-0.580409229,-0.201423153,0.721299291
247690279799,80701,0.280839682,-0.124789618,-0.337367475,-0.320362121,-0.579938769,-0.205228627,0.720361292
247706959643,80718,0.282344401,-0.125448465,-0.336828142,-0.318831682,-0.579843044,-0.207073525,0.720589399
247723617664,80734,0.284063339,-0.126292273,-0.336354375,-0.31625402,-0.579967201,-0.207440808,0.721519053
247740288862,80750,0.286048979,-0.127290294,-0.33595866,-0.312456638,-0.579960942,-0.206890285,0.723334372
247756944487,80767,0.288394839,-0.128370896,-0.335672826,-0.307805032,-0.57964325,-0.206358939,0.725731254
247773713497,80784,0.290962189,-0.129452556,-0.335642815,-0.303481638,-0.57928586,-0.20620738,0.727877378
247790298497,80800,0.293523252,-0.13061133,-0.335768163,-0.299681962,-0.578548372,-0.206269726,0.730017424
247806950789,80817,0.296420723,-0.131980315,-0.335921764,-0.295969456,-0.576990247,-0.206977785,0.732560277
247823719799,80834,0.299494803,-0.13342607,-0.336214274,-0.292745501,-0.575261533,-0.208194554,0.734866858
247840340372,80850,0.302492678,-0.134909451,-0.336712986,-0.290239334,-0.573798239,-0.208778113,0.736836731
247856978289,80866,0.305540025,-0.136480093,-0.337319463,-0.28852576,-0.571904957,-0.209000126,0.738915861
247873953445,80883,0.308808237,-0.138134658,-0.338022262,-0.287785143,-0.56930238,-0.20917879,0.741160452
247890295111,80900,0.312101692,-0.139864355,-0.338755488,-0.287875175,-0.566632986,-0.208500192,0.74335897
247906955372,80916,0.315156549,-0.141604394,-0.339480251,-0.288701564,-0.564505339,-0.206948236,0.745089054
247923611570,80933,0.318317056,-0.143565848,-0.340258688,-0.290533274,-0.562422276,-0.204646185,0.746586621
247940289539,80949,0.321251094,-0.145547092,-0.340959519,-0.292779595,-0.560353458,-0.201926813,0.748003781
247956996257,80966,0.324339777,-0.147803575,-0.34170872,-0.295823723,-0.557986975,-0.198415831,0.749513209
247974062195,80983,0.32734713,-0.150200635,-0.342473805,-0.299891233,-0.555193305,-0.194662884,0.750954151
247990278757,80999,0.33007279,-0.152533472,-0.343154758,-0.30437994,-0.552060008,-0.191212267,0.752343357
248006945007,81016,0.332868993,-0.155037403,-0.343877703,-0.309393555,-0.548617959,-0.187811211,0.753671646
248023645945,81032,0.335325748,-0.157365382,-0.344625384,-0.314031601,-0.545802534,-0.184955478,0.754503369
248040437195,81049,0.33763653,-0.159727395,-0.345490992,-0.31854102,-0.543165088,-0.182499558,0.755114138
248056957143,81065,0.339486331,-0.161700174,-0.346358716,-0.322140336,-0.540756881,-0.180823937,0.75571847
248073613132,81082,0.341093838,-0.16337271,-0.347277522,-0.324871868,-0.53833276,-0.179625168,0.756565213
248090281205,81099,0.342285424,-0.164528266,-0.348170698,-0.326415598,-0.536336541,-0.17894268,0.757479668
248106949330,81115,0.342987806,-0.165094107,-0.348915815,-0.326727122,-0.534974456,-0.178622976,0.758383572
248123612872,81132,0.343319267,-0.165138751,-0.349562287,-0.325942636,-0.534131944,-0.178262919,0.759398997
248140296257,81148,0.343249679,-0.164669752,-0.350041896,-0.324678838,-0.53391993,-0.177770346,0.760204494
248156953341,81165,0.342797637,-0.163622916,-0.350384533,-0.323368669,-0.534173191,-0.176882997,0.760791838
248173613080,81181,0.342099428,-0.16216442,-0.350494951,-0.322561324,-0.53452456,-0.175351262,0.761242211
248190287247,81198,0.341067374,-0.160128012,-0.350318581,-0.322417974,-0.534614027,-0.173068523,0.761762381
248206950632,81214,0.339851022,-0.157745227,-0.349899203,-0.323097527,-0.534438372,-0.170647964,0.762143612
248223955945,81231,0.338309169,-0.154744357,-0.349199295,-0.324581355,-0.534286976,-0.167969331,0.762214422
248240278288,81248,0.33652091,-0.151299074,-0.348228365,-0.326483011,-0.534305215,-0.165327847,0.761966884
248256949695,81264,0.334659606,-0.147672981,-0.347104758,-0.328225583,-0.534505308,-0.162992015,0.761581063
248273703184,81280,0.332609236,-0.143723801,-0.345818579,-0.329579264,-0.534966946,-0.160767555,0.761144996
248290386934,81297,0.330220252,-0.139278471,-0.344332635,-0.330480397,-0.535494924,-0.158526212,0.760852993
248306975007,81314,0.327602386,-0.134586483,-0.342703581,-0.330902666,-0.535520911,-0.156796396,0.761009693
248323613861,81330,0.324923396,-0.129952163,-0.341037393,-0.330909938,-0.535020232,-0.155949444,0.761532545
248340278028,81347,0.321944654,-0.124836214,-0.339201659,-0.330317497,-0.534486771,-0.155895039,0.762175202
248356946778,81364,0.318889886,-0.1195933,-0.337371171,-0.328907102,-0.53449738,-0.15618597,0.762717962
248373614903,81380,0.315918565,-0.114650838,-0.335636973,-0.326729268,-0.534901619,-0.156413391,0.763323724
248390370632,81396,0.312846005,-0.109664768,-0.333905846,-0.324044704,-0.535407186,-0.156698614,0.764054835
248406949122,81414,0.309236318,-0.104009919,-0.331935614,-0.320695311,-0.536006868,-0.156921834,0.765001118
248423718393,81430,0.305894852,-0.0989581794,-0.330159843,-0.317736685,-0.536521435,-0.156887636,0.765881538
248440271986,81446,0.30237779,-0.0938835964,-0.328370214,-0.314978719,-0.537015617,-0.156740889,0.766703904
248456949590,81462,0.298704088,-0.0887893736,-0.326599777,-0.31238842,-0.537573576,-0.156417653,0.767438293
248473762559,81480,0.29445228,-0.0830362886,-0.324682742,-0.309629321,-0.538453698,-0.155858397,0.768053114
248490350424,81496,0.290450573,-0.0779804364,-0.323060393,-0.307446063,-0.539506316,-0.155329525,0.768298566
248506958340,81512,0.286321372,-0.0729561523,-0.321488678,-0.3055529,-0.540644884,-0.154768303,0.768366575
248523610476,81529,0.281849235,-0.0676706508,-0.31981948,-0.303652763,-0.54181236,-0.153994203,0.768453181
248540278705,81546,0.277220607,-0.0625066459,-0.318169206,-0.301992297,-0.54296869,-0.152968735,0.768496096
248556997195,81562,0.272741556,-0.0577867404,-0.316627413,-0.300657302,-0.543860495,-0.151759356,0.768628716
248573771934,81579,0.267834902,-0.0529587194,-0.314976841,-0.299263835,-0.544532478,-0.150494114,0.768945515
248591170372,81596,0.262800723,-0.048274681,-0.31339705,-0.298107386,-0.545298159,-0.149427369,0.769060075
248606944122,81612,0.257936329,-0.0440312773,-0.311999321,-0.297300696,-0.546248436,-0.148634359,0.768851578
248623722403,81629,0.252740204,-0.0396393836,-0.31060046,-0.296723813,-0.547363877,-0.148097605,0.768384635
248640328184,81645,0.24783352,-0.0356505066,-0.309323668,-0.296236664,-0.548362017,-0.147902206,0.767898321
248656969122,81661,0.242894202,-0.0318310335,-0.308125108,-0.295816571,-0.549316227,-0.147721574,0.767412961
248673649070,81679,0.237341166,-0.0277112573,-0.306903452,-0.295338988,-0.550100803,-0.147274926,0.767120719
248690279017,81695,0.232378751,-0.0241988748,-0.305866659,-0.294772625,-0.550376773,-0.147046596,0.767184377
248706962038,81711,0.227366507,-0.0207924843,-0.304887116,-0.294053942,-0.550675571,-0.147082806,0.767238796
248723633601,81727,0.222283125,-0.0175556615,-0.303993911,-0.293009132,-0.551257789,-0.147328645,0.76717329
248740282924,81745,0.216542423,-0.014075473,-0.303100318,-0.291340411,-0.552182138,-0.147883788,0.767037213
248756943028,81761,0.211458847,-0.0110748634,-0.302407295,-0.289234638,-0.553197801,-0.148565397,0.766970694
248773668184,81778,0.206059292,-0.008009471,-0.301751167,-0.286318868,-0.554414272,-0.149196833,0.767063618
248790275580,81794,0.200957537,-0.00520849228,-0.301166415,-0.283207595,-0.555436313,-0.149503112,0.767419636
248806958184,81811,0.195533291,-0.00229024887,-0.300548345,-0.279866546,-0.5561257,-0.149513841,0.768143594
248823839903,81828,0.190160304,0.000610403717,-0.299923331,-0.276524037,-0.55653435,-0.149068028,0.769144058
248840278809,81844,0.185116932,0.00324068964,-0.299355835,-0.273230702,-0.557029128,-0.14809221,0.770150781
248856944434,81860,0.180055752,0.00583358109,-0.298844278,-0.269786507,-0.557861686,-0.146697491,0.771028876
248873633965,81877,0.174641967,0.00862077624,-0.298384905,-0.266015232,-0.559238255,-0.144593418,0.771739185
248890301934,81894,0.169131488,0.0113645867,-0.298000932,-0.262259394,-0.560901821,-0.141731724,0.772347927
248907044434,81910,0.163825005,0.0139445812,-0.297661573,-0.259069294,-0.562288344,-0.138800666,0.772948503
248923612611,81926,0.158389449,0.0164898708,-0.297316581,-0.25642094,-0.563175797,-0.13601768,0.773679852
248940280476,81944,0.152145728,0.0193053558,-0.29686892,-0.253972024,-0.563557982,-0.132984012,0.774735987
248956958601,81960,0.146480978,0.0217486024,-0.296412677,-0.252253413,-0.563596487,-0.130404577,0.775707304
248974541674,81977,0.140424505,0.0242902413,-0.29591006,-0.251146317,-0.563740611,-0.127942517,0.776371598
248990289955,81992,0.135136962,0.0264894702,-0.295477927,-0.250733882,-0.564274907,-0.125910014,0.776449025
249006944278,82010,0.128884301,0.0290179215,-0.29502064,-0.251065135,-0.565471828,-0.123547234,0.775850594
249023700840,82026,0.12347813,0.0312643088,-0.294637591,-0.252246052,-0.566850722,-0.121542856,0.774777114
249040372090,82042,0.118198834,0.03345415,-0.294219434,-0.253894538,-0.568352461,-0.119309932,0.773484468
249056953236,82060,0.112502337,0.0358102955,-0.293725222,-0.256097972,-0.569933057,-0.116474621,0.772025883
249073823653,82076,0.10772983,0.0378452726,-0.293329567,-0.25841102,-0.571221828,-0.114069417,0.77066052
249090397924,82092,0.103196286,0.0397968479,-0.292961955,-0.260674685,-0.57265377,-0.111710213,0.769179463
249106949590,82109,0.0986503959,0.0418480374,-0.292578101,-0.262882978,-0.57431674,-0.109201685,0.767546654
249123677819,82126,0.0942648798,0.0438201688,-0.292219907,-0.265143037,-0.575944364,-0.106834508,0.765881002
249140273965,82142,0.0902788118,0.0455763564,-0.29190886,-0.267313927,-0.577244401,-0.104815155,0.764425337
249156945892,82158,0.0864405036,0.0472873487,-0.291613221,-0.269635826,-0.578240514,-0.103362091,0.763053596
249173733705,82175,0.0824762508,0.0490800291,-0.291324377,-0.272420347,-0.579136908,-0.102592058,0.761487067
249190368184,82192,0.078651756,0.0508363433,-0.291072756,-0.275412053,-0.580006838,-0.10222476,0.759796262
249206952403,82208,0.0751733333,0.0524067916,-0.290860981,-0.278333575,-0.580744267,-0.102175973,0.758173227
249223863028,82225,0.0716465563,0.0540478043,-0.290650815,-0.281258404,-0.58149904,-0.102375619,0.756486535
249240297507,82241,0.0685179532,0.0555198416,-0.290468574,-0.28341645,-0.582408965,-0.102569163,0.754953265
249256960788,82258,0.065363735,0.0569968596,-0.290327787,-0.284925371,-0.583671689,-0.102577388,0.753407538
249273621257,82275,0.0623506717,0.0584107488,-0.290222943,-0.285710961,-0.584905624,-0.102472007,0.752166331
249290300736,82291,0.0596642606,0.0596451908,-0.290123343,-0.285868913,-0.585745513,-0.102426305,0.751458585
249306946882,82307,0.0572571196,0.0608391352,-0.29004097,-0.28581503,-0.586315691,-0.102489859,0.751025677
249323665215,82324,0.0551412366,0.0620008707,-0.289943516,-0.285871208,-0.586762667,-0.102559321,0.750645638
249340291048,82341,0.0536272451,0.0629282668,-0.289847344,-0.286061019,-0.587125063,-0.10223189,0.750334501
249357014903,82357,0.0527333617,0.0634652898,-0.289768219,-0.286338687,-0.587278962,-0.101386882,0.750222862
249373671413,82374,0.0523686297,0.0636571571,-0.289708883,-0.286755383,-0.587026179,-0.100267157,0.750412047
249390276361,82391,0.0526769534,0.06350445,-0.289738953,-0.287362039,-0.586463153,-0.0994989872,0.750722408
249406943757,82407,0.0535151511,0.0630185157,-0.289854407,-0.288234234,-0.58604461,-0.0992538854,0.750747263
249423694850,82424,0.0550531931,0.0621121451,-0.290114433,-0.289460301,-0.585878491,-0.0991496891,0.750418961
249440277350,82440,0.0570574738,0.0608729124,-0.290472388,-0.290756166,-0.58565408,-0.0990889147,0.750101089
249456985944,82457,0.0596813448,0.0591412894,-0.290935218,-0.292078853,-0.585075915,-0.0990002379,0.750050068
249473647090,82473,0.0626076013,0.0571501777,-0.291457117,-0.293192416,-0.584248662,-0.0987706929,0.750290692
249490307611,82490,0.0661161542,0.0546824746,-0.292138219,-0.294343144,-0.583128929,-0.098588258,0.750735104
249507495528,82507,0.0699853227,0.0519194752,-0.292994082,-0.295396626,-0.581762731,-0.0990369469,0.751322031
249523613653,82523,0.0738705322,0.0490880311,-0.293984562,-0.296015531,-0.580411732,-0.100376293,0.751945257
249540278080,82540,0.0783237591,0.0459483713,-0.295225948,-0.296153963,-0.579293966,-0.10260269,0.752452016
249556947819,82556,0.0828470141,0.0428462997,-0.296521991,-0.295722425,-0.578544736,-0.104708247,0.752908051
249573632455,82572,0.0876696706,0.0395905711,-0.297879189,-0.294880033,-0.577632904,-0.106483161,0.753689229
249590283861,82589,0.0931293815,0.0360324979,-0.299355149,-0.293815494,-0.57630682,-0.107844256,0.754925549
249606960059,82606,0.0989093632,0.0323563293,-0.30084455,-0.292678744,-0.574730515,-0.108390994,0.756488919
249623854277,82623,0.105038606,0.0286831334,-0.30235827,-0.291471243,-0.573070049,-0.108440585,0.758205771
249640278809,82639,0.111067891,0.0252109542,-0.303818941,-0.29033497,-0.571570218,-0.108367994,0.759782612
249656974486,82656,0.117697507,0.0215072073,-0.305397719,-0.288917303,-0.570069969,-0.108264096,0.761463046
249673619694,82672,0.124054506,0.0180229321,-0.306906581,-0.2872926,-0.568783879,-0.108114459,0.76305908
249690311309,82688,0.130433992,0.0144733563,-0.308404058,-0.28548339,-0.567555904,-0.108151808,0.764645517
249706955267,82705,0.137312949,0.0106696412,-0.309991211,-0.283442765,-0.566237032,-0.108387314,0.766347229
249723614225,82722,0.144307286,0.00680752471,-0.311592549,-0.281555057,-0.564775109,-0.108465977,0.768108785
249740298340,82738,0.150997877,0.00315391645,-0.31309557,-0.280031562,-0.563026905,-0.10835804,0.769962132
249756982455,82755,0.158134907,-0.000729322433,-0.314681292,-0.278614789,-0.560834646,-0.108190089,0.772096694
249773858288,82772,0.165254191,-0.00462135673,-0.316294163,-0.277560979,-0.55855304,-0.108004451,0.774153411
249790290527,82788,0.171981141,-0.00825987384,-0.317841738,-0.276839882,-0.556382656,-0.107931107,0.775982559
249806941309,82804,0.178666681,-0.0119123384,-0.31938684,-0.276317954,-0.554277897,-0.108029254,0.777659476
249824071517,82822,0.186184138,-0.0160123818,-0.32113415,-0.275970995,-0.552048862,-0.108235829,0.779337645
249840280892,82838,0.192839399,-0.0196557753,-0.322689056,-0.275783122,-0.550278187,-0.108445652,0.780626118
249856958757,82854,0.19943887,-0.0232905895,-0.324255496,-0.275911808,-0.548810005,-0.108521387,0.781603158
249873646309,82871,0.206374362,-0.0271419659,-0.325876236,-0.276526749,-0.547214389,-0.108481459,0.782509565
249890282819,82887,0.212813348,-0.030780673,-0.327307999,-0.277433246,-0.545419931,-0.108507283,0.783437431
249906973236,82904,0.219603449,-0.0346522219,-0.328790456,-0.278566241,-0.543573737,-0.108670637,0.78429538
249923756569,82921,0.22628966,-0.0385840982,-0.330276906,-0.279835016,-0.542129815,-0.10900183,0.784797013
249940291882,82937,0.232459337,-0.0423094705,-0.331679016,-0.281313658,-0.541057467,-0.109658316,0.784916937
249956943184,82954,0.238883615,-0.0462823622,-0.33313781,-0.283409864,-0.539843738,-0.110883281,0.784826398
249973646986,82970,0.244799733,-0.0500281006,-0.334451765,-0.285818249,-0.538458109,-0.112243384,0.784711659
249990282715,82987,0.251028389,-0.0539372899,-0.335769415,-0.288633436,-0.536853671,-0.113276035,0.784632087
250006967090,83003,0.256802827,-0.0576867461,-0.336924374,-0.291150242,-0.535327375,-0.113649756,0.784691036
250023690111,83020,0.262807757,-0.0617563799,-0.338088721,-0.293683827,-0.533692062,-0.113818549,0.784836352
250040282038,83036,0.268295854,-0.0656597465,-0.339176744,-0.29629001,-0.532120883,-0.114219658,0.78486532
250056942194,83053,0.273982674,-0.0698376447,-0.340357721,-0.299484849,-0.53032583,-0.114806809,0.784781992
250073635527,83069,0.279267967,-0.073684074,-0.341496617,-0.302885681,-0.528466523,-0.115219474,0.784670591
250090380111,83085,0.284477592,-0.0775382519,-0.342616886,-0.306547225,-0.52638489,-0.115336053,0.784630775
250106945892,83103,0.290248334,-0.0818838477,-0.343842924,-0.310290784,-0.52404356,-0.115044311,0.784769297
250123610996,83119,0.295267791,-0.0858175755,-0.344951153,-0.312991947,-0.522295535,-0.114347883,0.784963667
250140431725,83136,0.300490677,-0.0900272354,-0.346096396,-0.314933568,-0.520769238,-0.113270409,0.785357356
250156932402,83153,0.3055861,-0.0942360163,-0.347186655,-0.315761894,-0.519527316,-0.112039581,0.786023498
250173771621,83169,0.310198873,-0.0982021689,-0.348194718,-0.315697074,-0.518569171,-0.111074433,0.786818862
250190431517,83185,0.314618051,-0.102029338,-0.349183351,-0.315033406,-0.517674327,-0.110763483,0.787717402
250206942871,83203,0.319352031,-0.106177464,-0.350266248,-0.313711613,-0.516853452,-0.111351058,0.788700521
250223825267,83219,0.323397726,-0.109675989,-0.351191014,-0.311690032,-0.516677976,-0.112170152,0.789500594
250240279850,83235,0.327325284,-0.113073379,-0.352060199,-0.308453888,-0.517187953,-0.112408862,0.790403068
250257040006,83251,0.331121802,-0.116428301,-0.352858633,-0.304015607,-0.518147886,-0.111791931,0.791580677
250273614798,83269,0.335184425,-0.12009871,-0.353650808,-0.29793787,-0.519308746,-0.110382415,0.793326735
250290281725,83285,0.33856374,-0.123269282,-0.35425505,-0.291904569,-0.520340621,-0.109010272,0.795081258
250306951465,83301,0.341692001,-0.126288235,-0.354799718,-0.285856694,-0.521476924,-0.107824303,0.796694279
250323611777,83319,0.344855726,-0.129454017,-0.355317086,-0.279698193,-0.522917509,-0.106902704,0.798058927
250342258183,83336,0.347513139,-0.132149845,-0.35570845,-0.275242299,-0.524045587,-0.106556982,0.798914015
250356943496,83351,0.349629164,-0.134256482,-0.355981737,-0.272692233,-0.524719954,-0.106490932,0.799354494
250373670058,83368,0.351782769,-0.136369765,-0.356160551,-0.271412909,-0.525135458,-0.106311493,0.799540997
250390312611,83384,0.35363704,-0.138107643,-0.356217176,-0.271345109,-0.525268197,-0.105391636,0.799598515
250406942506,83401,0.35552007,-0.139684215,-0.356126249,-0.271290988,-0.525404334,-0.103221089,0.799810648
250425631048,83420,0.35757795,-0.141133845,-0.355966538,-0.270402998,-0.52596581,-0.0988590866,0.800293148
250440280579,83434,0.359046936,-0.141996205,-0.3558245,-0.268871546,-0.526656628,-0.0947026238,0.800857246
250456959902,83450,0.360616595,-0.142792717,-0.355682611,-0.26643616,-0.527608395,-0.0896280631,0.801628351
250473609590,83468,0.362244934,-0.143406168,-0.355556995,-0.263011664,-0.528676808,-0.0842308551,0.802639961
250490303600,83484,0.363560915,-0.143584564,-0.35543707,-0.25947541,-0.529757202,-0.0799819604,0.803512752
250507042923,83500,0.364823431,-0.143472016,-0.355375946,-0.255104035,-0.531312704,-0.076016061,0.804270029
250523630267,83516,0.366030812,-0.143178821,-0.355401367,-0.249726564,-0.533231854,-0.0720430017,0.805052996
250540279850,83534,0.367357403,-0.142630965,-0.35548681,-0.242113039,-0.535424054,-0.0674135461,0.806323647
250556977402,83550,0.368561059,-0.142036781,-0.355612487,-0.233157024,-0.537475586,-0.0627330914,0.807974219
250573662506,83566,0.369724333,-0.141422153,-0.355823845,-0.222667336,-0.539926112,-0.0574959032,0.809687197
250590285683,83583,0.370849401,-0.140762657,-0.356104404,-0.211197987,-0.542674005,-0.0520684421,0.811288714
250606985319,83600,0.371714652,-0.140022516,-0.356326342,-0.200305298,-0.54503113,-0.0475003012,0.812750041
250623676777,83616,0.372296095,-0.139115319,-0.356519789,-0.191434845,-0.54681021,-0.0441363454,0.813881636
250640342767,83633,0.372661024,-0.137905926,-0.356711477,-0.183948308,-0.548428774,-0.0413337052,0.814665914
250656947350,83649,0.372710526,-0.136649072,-0.356797487,-0.178802505,-0.549751997,-0.0391323753,0.81502831
250673707610,83666,0.372434855,-0.13526842,-0.35679701,-0.175702587,-0.551005065,-0.0370297618,0.814954519
250690290735,83683,0.371748149,-0.133928329,-0.356654704,-0.175104916,-0.5519225,-0.0352532566,0.814540982
250706964225,83699,0.370740473,-0.132643253,-0.356358618,-0.176975191,-0.552425683,-0.0344024077,0.813831806
250723635162,83715,0.369383067,-0.13125746,-0.355857909,-0.180925429,-0.552801847,-0.0343275145,0.812710166
250740304485,83732,0.367666781,-0.129633188,-0.355167329,-0.186162338,-0.553430617,-0.0343528166,0.811096847
250756949590,83749,0.365801364,-0.127905443,-0.354453444,-0.190994307,-0.554610908,-0.0335720517,0.809197724
250773646985,83765,0.36398831,-0.126370937,-0.353727221,-0.19394958,-0.556111634,-0.0317160524,0.807537973
250790281517,83782,0.362043738,-0.124935091,-0.352916956,-0.195230424,-0.557850897,-0.0288551524,0.806135774
250806965787,83799,0.359941065,-0.123674095,-0.352078885,-0.195386618,-0.559569657,-0.0260860119,0.805000305
250823785215,83815,0.357848763,-0.122427806,-0.351231337,-0.195009619,-0.561152875,-0.0242006127,0.804047883
250840277558,83831,0.355706781,-0.121018097,-0.350326419,-0.193852797,-0.563006938,-0.0231248941,0.803062618
250856983235,83848,0.353397727,-0.119458392,-0.349368334,-0.1914213,-0.565807343,-0.0225365274,0.80169332
250873624329,83865,0.351134896,-0.118028313,-0.348453432,-0.187723756,-0.569407821,-0.0219646879,0.800032616
250890280579,83881,0.34904018,-0.116903469,-0.347626686,-0.183560684,-0.572866738,-0.021475574,0.798541188
250906944433,83898,0.346835613,-0.115870796,-0.34676078,-0.179286793,-0.575898051,-0.0214701928,0.797331035
250923611100,83914,0.344753027,-0.114938289,-0.34594065,-0.176246256,-0.577901244,-0.0223918427,0.796533823
250940542246,83931,0.34259969,-0.113833591,-0.345095277,-0.17389144,-0.579015553,-0.023896914,0.796198368
250956943756,83948,0.340638161,-0.112644181,-0.344276249,-0.171250239,-0.579137027,-0.0249865558,0.7966488
250973667506,83964,0.339011103,-0.111644089,-0.34354955,-0.16813159,-0.578832686,-0.0252250247,0.7975263
250990279329,83980,0.33759445,-0.110866055,-0.342927724,-0.164685279,-0.578640163,-0.0247028489,0.798400998
251006946152,83998,0.336178601,-0.110245526,-0.342360169,-0.161064059,-0.578656375,-0.0238918401,0.799152315
251024108548,84014,0.335054815,-0.109798409,-0.341932297,-0.159055129,-0.578662395,-0.0237695444,0.799553812
251040277037,84030,0.333962917,-0.109364375,-0.341575086,-0.158905908,-0.578584373,-0.0247794315,0.799609303
251056952767,84047,0.332817346,-0.108801685,-0.341312498,-0.160862446,-0.578321099,-0.027023498,0.799335837
251073608027,84064,0.331794381,-0.108183987,-0.341162324,-0.163870603,-0.577495754,-0.0295041688,0.799233854
251090448808,84080,0.330962062,-0.107692711,-0.341099679,-0.16679211,-0.576028764,-0.0315074064,0.799611568
251107864381,84098,0.330217779,-0.107352637,-0.341149926,-0.169813186,-0.573916852,-0.0332283862,0.800424159
251123621673,84113,0.329683363,-0.107301459,-0.341287822,-0.171851099,-0.572018981,-0.0345755741,0.801290274
251140278652,84130,0.329112679,-0.107368127,-0.34154734,-0.17421037,-0.569815159,-0.0368824601,0.802247524
251156945787,84146,0.328563333,-0.107381381,-0.341866344,-0.17708303,-0.567531645,-0.0400995649,0.803082585
251173656412,84163,0.327939808,-0.107342422,-0.342209518,-0.180469722,-0.564827919,-0.0444118939,0.804007351
251190337766,84179,0.327325433,-0.107295901,-0.342563927,-0.183853716,-0.562491417,-0.0490187258,0.804610729
251206944433,84196,0.326545179,-0.107325025,-0.342962176,-0.187522575,-0.560744345,-0.0546133742,0.804623246
251223675683,84213,0.325623035,-0.107436009,-0.343418032,-0.191303208,-0.559897602,-0.0607616864,0.803881764
251240277610,84229,0.324574053,-0.107537553,-0.34386003,-0.195119441,-0.559618533,-0.0666607022,0.802690387
251256951829,84246,0.323246837,-0.107526362,-0.344254702,-0.199460372,-0.559267819,-0.0721793249,0.801389635
251273644329,84262,0.321818024,-0.10740988,-0.344449818,-0.203536645,-0.558429539,-0.0759808421,0.800597489
251290293548,84279,0.320055902,-0.10722518,-0.344424605,-0.207908154,-0.557027161,-0.078557834,0.80020225
251306945787,84295,0.318132997,-0.106966466,-0.344240516,-0.212297842,-0.55562526,-0.0801497251,0.799866438
251323612558,84312,0.315744042,-0.106530964,-0.343875676,-0.217297941,-0.554423928,-0.0816926882,0.799200952
251340281829,84329,0.313031495,-0.105717339,-0.343419582,-0.222687796,-0.553893149,-0.083413884,0.797906458
251356957246,84345,0.310218722,-0.104539186,-0.342936486,-0.227893889,-0.554015815,-0.0851899609,0.79616183
251373624537,84361,0.307112187,-0.103045374,-0.342360944,-0.232792512,-0.554564893,-0.0868713111,0.794178128
251390278443,84379,0.303271949,-0.101022735,-0.341615885,-0.237895191,-0.555489361,-0.0884157121,0.791846037
251406944902,84395,0.299528629,-0.098955825,-0.340831459,-0.242203489,-0.556283891,-0.0895635113,0.789850712
251423835579,84411,0.295544922,-0.096610181,-0.339916855,-0.246140018,-0.556853771,-0.0905855224,0.788113773
251440278600,84428,0.291112036,-0.0938472301,-0.33885619,-0.249798074,-0.557329118,-0.0913714394,0.786534488
251457040371,84445,0.286483765,-0.0908718035,-0.337735981,-0.252614766,-0.557877898,-0.091958344,0.785176277
251473637193,84461,0.281959295,-0.087909542,-0.336662203,-0.254239261,-0.558728695,-0.0925342739,0.783978462
251490374277,84478,0.276974589,-0.0846775994,-0.335516721,-0.254741967,-0.560281754,-0.093265146,0.782619059
251506962298,84494,0.27214998,-0.0815800279,-0.334477395,-0.254211515,-0.562379003,-0.0939670056,0.781202078
251523610891,84510,0.26720053,-0.0784901232,-0.333449364,-0.253034145,-0.564688861,-0.0946716964,0.779831707
251540273027,84528,0.261488616,-0.0750559419,-0.332264483,-0.251085877,-0.567023396,-0.0954540744,0.778671324
251556950318,84544,0.256298274,-0.0720480382,-0.331158102,-0.248957574,-0.568757594,-0.0960362181,0.778017938
251573628183,84560,0.250987828,-0.069117628,-0.330000162,-0.246538118,-0.570343852,-0.0966755822,0.777547896
251590279641,84576,0.245558441,-0.0662781894,-0.328882188,-0.243880391,-0.571996629,-0.0975044221,0.777068317
251606950839,84594,0.239283651,-0.0632308125,-0.327662081,-0.240879565,-0.573781133,-0.0988388956,0.776519835
251623741516,84610,0.233571962,-0.0606499389,-0.326602161,-0.238541201,-0.574978888,-0.100538142,0.77613759
251640305527,84626,0.22778511,-0.0581573211,-0.325549662,-0.236712977,-0.575674176,-0.102586657,0.775913835
251656947923,84644,0.221270025,-0.0554388948,-0.324365675,-0.235297382,-0.575951219,-0.104990795,0.775817215
251673627558,84660,0.215559453,-0.0531469062,-0.323397577,-0.234526157,-0.575890601,-0.106882721,0.775837421
251690330683,84676,0.209992185,-0.0509940349,-0.322519839,-0.233930871,-0.575458884,-0.108559057,0.776104689
251706964225,84693,0.204297096,-0.0488951504,-0.321717083,-0.232904732,-0.574513674,-0.110170297,0.776886046
251723633287,84709,0.199216187,-0.0471468829,-0.321101874,-0.230884656,-0.573339462,-0.111427799,0.778176129
251740280787,84726,0.194117785,-0.0455576219,-0.320700288,-0.227121025,-0.57225889,-0.112590551,0.77990973
251756951516,84743,0.189305201,-0.0442329645,-0.320682764,-0.221929327,-0.571578741,-0.113768034,0.781730175
251773684954,84759,0.185040772,-0.0431831665,-0.320981741,-0.216156214,-0.570952415,-0.115182072,0.783596218
251790378860,84775,0.181047708,-0.0422531702,-0.321558088,-0.210141063,-0.570052803,-0.117012404,0.785613596
251807050995,84793,0.176877588,-0.0413049832,-0.322565615,-0.203858316,-0.568698645,-0.118959077,0.787954628
251823811100,84809,0.17343989,-0.040570274,-0.323736638,-0.198877215,-0.567091107,-0.120308697,0.79017812
251840285631,84825,0.170232818,-0.0399247222,-0.325175703,-0.194784835,-0.565119982,-0.121159598,0.792476296
251856979433,84842,0.167040467,-0.0393256173,-0.327002138,-0.191658109,-0.562471032,-0.121546172,0.795059741
251873681308,84858,0.164226308,-0.0388153791,-0.329011947,-0.189886525,-0.559473634,-0.121630788,0.797582865
251890331464,84875,0.161447749,-0.038299676,-0.331519544,-0.189148203,-0.556269705,-0.121410526,0.800029099
251907440787,84892,0.158887103,-0.0378491208,-0.33446449,-0.189455345,-0.553400755,-0.120614007,0.802063882
251923612922,84908,0.156690478,-0.0374540947,-0.337665945,-0.190560937,-0.550911069,-0.119196542,0.803726196
251940499693,84925,0.154547364,-0.037093319,-0.341516465,-0.192433193,-0.548108637,-0.117098473,0.805502594
251956955839,84942,0.152565628,-0.0368012674,-0.345863372,-0.194954455,-0.544909775,-0.114641793,0.80741775
251973686516,84958,0.150844157,-0.0365519263,-0.350380033,-0.197557375,-0.541579366,-0.112105019,0.809379697
251990282245,84974,0.149243638,-0.0363485217,-0.355308592,-0.200095177,-0.538184524,-0.109247312,0.811408937
252006947922,84991,0.147666529,-0.0361885317,-0.361021131,-0.202469528,-0.534577549,-0.105948403,0.813638747
252026468079,85010,0.146012038,-0.036068175,-0.367925167,-0.204207927,-0.530348361,-0.102325551,0.816430867
252040287454,85024,0.144918457,-0.0360036939,-0.373378336,-0.204782486,-0.527066052,-0.0996734798,0.818737328
252056948964,85041,0.143721998,-0.0359884277,-0.380374044,-0.20451349,-0.523094535,-0.0961552858,0.821766734
252073635422,85058,0.142641574,-0.0360555984,-0.387719452,-0.203410208,-0.519189239,-0.0922392905,0.824959874
252090291047,85074,0.141766369,-0.0361380875,-0.394936711,-0.201886192,-0.515433609,-0.0882970169,0.828114688
252107054172,85090,0.141001463,-0.0362467952,-0.402410537,-0.200225413,-0.511477411,-0.0840426385,0.831407011
252123619797,85107,0.140274197,-0.036359489,-0.410560787,-0.198605552,-0.506830633,-0.0792151466,0.835106909
252140280631,85123,0.139641225,-0.0364997089,-0.41839698,-0.197137907,-0.501966357,-0.0749590322,0.838777483
252156943964,85141,0.138941079,-0.0367393047,-0.42748794,-0.195651442,-0.496400833,-0.0707478076,0.842793941
252173650370,85157,0.138304606,-0.0369685628,-0.435802877,-0.194794357,-0.491431922,-0.0672738925,0.846182108
252190334172,85173,0.137634411,-0.0372069404,-0.44420293,-0.194357142,-0.485865384,-0.0639441311,0.849747777
252206948860,85189,0.1369939,-0.0374485031,-0.452572793,-0.193948239,-0.479486555,-0.0608210377,0.853684664
252223794172,85207,0.136236444,-0.0378898978,-0.461998016,-0.19298248,-0.472085118,-0.0576960631,0.858233452
252240303599,85223,0.135505334,-0.0384027138,-0.470465451,-0.192092746,-0.466224372,-0.0552300066,0.86179173
252256955266,85239,0.134756476,-0.0389395989,-0.478984505,-0.191535026,-0.460818619,-0.0526856109,0.864976764
252273610943,85256,0.133947551,-0.0395753942,-0.487937391,-0.191034213,-0.454647064,-0.05012656,0.868498385
252290300579,85273,0.133089602,-0.0403059721,-0.49672097,-0.190533087,-0.448125243,-0.0482528955,0.872096717
252306950995,85289,0.132164568,-0.0412034616,-0.504875124,-0.189675346,-0.442567319,-0.0471021459,0.87517935
252323614433,85305,0.131146193,-0.0422477126,-0.512932181,-0.188721731,-0.437933415,-0.0463698469,0.877751887
252340326881,85323,0.129909649,-0.0435160883,-0.521790624,-0.188085809,-0.432947397,-0.0460269749,0.880375981
252356947349,85339,0.12872833,-0.0447817668,-0.529333234,-0.187689811,-0.427885145,-0.0463228114,0.882916212
252373631881,85355,0.12745598,-0.0462155044,-0.536521256,-0.187328175,-0.42246756,-0.0471268892,0.885555387
252390281204,85372,0.125982255,-0.0479026251,-0.543851316,-0.186973333,-0.416772276,-0.0479443856,0.888281047
252406945006,85389,0.124489196,-0.0496981218,-0.550769508,-0.186531261,-0.410651475,-0.0483042598,0.891200483
252423742453,85405,0.123084821,-0.0514896959,-0.556806505,-0.186109126,-0.404165417,-0.0486120172,0.894231915
252440312193,85422,0.121588446,-0.0535153672,-0.562718213,-0.185809806,-0.397243798,-0.0490531325,0.897366107
252456959224,85438,0.120148145,-0.0555348322,-0.567870557,-0.185513765,-0.391656905,-0.0495246127,0.899853826
252473652558,85455,0.118548319,-0.0577095784,-0.572988868,-0.185862005,-0.387029618,-0.0498747006,0.901762724
252490615839,85471,0.117109507,-0.0597176887,-0.577335954,-0.186937422,-0.383212984,-0.0501177907,0.903155863
252506989693,85487,0.11574702,-0.061705105,-0.581171691,-0.188554451,-0.379528016,-0.0501439087,0.904373467
252523633026,85505,0.114314973,-0.0639654472,-0.584864497,-0.190780222,-0.37578541,-0.0495850742,0.905499637
252540291828,85521,0.113206014,-0.0659856498,-0.587573409,-0.192803994,-0.373060852,-0.0485552922,0.906253099
252556948495,85538,0.112209223,-0.068088159,-0.589888394,-0.194961473,-0.370817095,-0.0471140295,0.906788349
252573624276,85554,0.111509651,-0.0699885935,-0.591521263,-0.197061896,-0.369025528,-0.0457256958,0.907136202
252590287453,85571,0.111001983,-0.0719225407,-0.592673779,-0.199252322,-0.367360979,-0.0445920564,0.907389641
252606995526,85588,0.110751405,-0.0737869292,-0.593286753,-0.201467186,-0.366165847,-0.0439506546,0.907414973
252625439381,85605,0.110854484,-0.0755266026,-0.59336859,-0.2037054,-0.365435958,-0.0440120101,0.907206595
252640281099,85621,0.111317508,-0.0770359561,-0.592944741,-0.205682531,-0.365089804,-0.0448174663,0.906860232
252656950214,85637,0.112179302,-0.0783671588,-0.592048109,-0.207226738,-0.365088999,-0.0462895595,0.906435013
252673947974,85654,0.113537885,-0.0795997828,-0.59058702,-0.20785284,-0.365762532,-0.048353862,0.90591222
252690282818,85670,0.115222104,-0.0806889087,-0.588731706,-0.207403854,-0.367244601,-0.050574705,0.905294001
252706964485,85687,0.117344491,-0.0817543566,-0.586310983,-0.206231371,-0.369472086,-0.0531144924,0.904509783
252723610110,85703,0.119626686,-0.0826969892,-0.583565295,-0.204843357,-0.37164259,-0.055684153,0.903781116
252740280058,85720,0.122379728,-0.0836214274,-0.580113351,-0.203400642,-0.373890728,-0.0586849377,0.902989507
252756955995,85736,0.12524952,-0.0844437703,-0.576413751,-0.202180073,-0.376332253,-0.0614610389,0.902064264
252773617870,85753,0.128589332,-0.0853442252,-0.572012961,-0.200759485,-0.379475296,-0.0641113147,0.900879562
252790440943,85769,0.131967813,-0.0861903504,-0.567490399,-0.19934836,-0.382930458,-0.0662092865,0.899578154
252806944276,85786,0.135800228,-0.0871032327,-0.562280834,-0.197797582,-0.386731118,-0.0677783787,0.89817667
252823728443,85803,0.139842987,-0.0880958512,-0.556677818,-0.196235403,-0.390222818,-0.0687400699,0.896935105
252840284537,85819,0.143809736,-0.0891123712,-0.551072121,-0.195118189,-0.393038571,-0.0691508055,0.895917296
252856944901,85836,0.148178682,-0.0902478769,-0.544794023,-0.1945232,-0.395316869,-0.0692525059,0.895035982
252873654485,85853,0.152662247,-0.0914209187,-0.538236976,-0.194773316,-0.396876276,-0.0692167282,0.894293964
252891125787,85870,0.157262892,-0.0926400721,-0.531395555,-0.195628867,-0.398094356,-0.0693567172,0.893554688
252906955422,85885,0.161381453,-0.093754746,-0.525253773,-0.196607813,-0.39951095,-0.0694653317,0.892698765
252923710214,85902,0.166114494,-0.095094122,-0.518234134,-0.197560921,-0.401691198,-0.0692617148,0.891524971
252940280214,85919,0.170941472,-0.0965227932,-0.511122644,-0.198019296,-0.404029906,-0.0687840134,0.890402734
252956963547,85935,0.175564393,-0.0978928953,-0.504383683,-0.198138192,-0.406353354,-0.0682874918,0.889356554
252973641828,85951,0.180239946,-0.0992668122,-0.497604102,-0.198022544,-0.409107476,-0.0677778572,0.888157904
252990366360,85969,0.185477346,-0.100814223,-0.489956945,-0.197763696,-0.412811071,-0.0674164966,0.886527896
253006945787,85985,0.19011429,-0.10215199,-0.48309803,-0.197650075,-0.416425496,-0.0675551444,0.884850621
253023714068,86001,0.194709957,-0.103446104,-0.476213336,-0.197708473,-0.420123756,-0.0681175515,0.883044481
253040302193,86018,0.199507266,-0.104801364,-0.468910456,-0.197854534,-0.424054086,-0.0689381883,0.881067157
253056943599,86035,0.204254925,-0.106127486,-0.461586654,-0.197943985,-0.427981287,-0.0697620809,0.87908113
253073775578,86051,0.20870176,-0.107336886,-0.454689354,-0.198065832,-0.43178755,-0.0705479532,0.877127409
253090656151,86068,0.213383466,-0.108604215,-0.44736895,-0.198387727,-0.435942352,-0.071294412,0.874936461
253106947609,86084,0.217752963,-0.109773964,-0.44047448,-0.198711678,-0.439722717,-0.0720737427,0.872904956
253123623026,86101,0.222363845,-0.111002505,-0.433163553,-0.199193403,-0.443672746,-0.0729085729,0.87072438
253140278859,86117,0.226662844,-0.112164438,-0.426340133,-0.19963111,-0.44728148,-0.0736233443,0.868715346
253156944484,86134,0.231206715,-0.113401994,-0.419161916,-0.199810818,-0.451027989,-0.0745028481,0.866659522
253173793703,86150,0.235447288,-0.114576384,-0.41249004,-0.199807301,-0.454828084,-0.0753326491,0.864600182
253190283234,86167,0.239882052,-0.11587245,-0.405471206,-0.199667498,-0.458995342,-0.0761009082,0.86236006
253206948912,86184,0.24421832,-0.117200613,-0.398477852,-0.199476779,-0.46308589,-0.0769774616,0.860136628
253223616307,86200,0.248199135,-0.118422493,-0.391972899,-0.199525207,-0.467006147,-0.0777176544,0.857936502
253240282245,86216,0.252104133,-0.119604856,-0.385534674,-0.199576855,-0.470957994,-0.0782639459,0.855711639
253256988755,86234,0.256388098,-0.120871469,-0.378362656,-0.19944334,-0.475786537,-0.0788392797,0.853014588
253273611464,86250,0.260053694,-0.121947303,-0.372144252,-0.199185997,-0.480820864,-0.079095833,0.850223601
253290296203,86267,0.263763428,-0.123059139,-0.365722448,-0.198833957,-0.486397803,-0.078830488,0.847152948
253307009484,86283,0.26709941,-0.124046512,-0.359756082,-0.19879891,-0.491168708,-0.0781991482,0.844462752
253323645526,86299,0.270311773,-0.124906003,-0.353863806,-0.199351683,-0.49550283,-0.0770990849,0.841897666
253340277297,86316,0.273546427,-0.125691146,-0.34772104,-0.200330541,-0.500158072,-0.0754495636,0.839057148
253356950422,86333,0.276570141,-0.126326188,-0.341712266,-0.201402277,-0.505810678,-0.0735993534,0.835569143
253373662245,86349,0.279242516,-0.126759425,-0.336188138,-0.201971218,-0.513011396,-0.0718911514,0.831179082
253390445474,86365,0.281699985,-0.127113163,-0.330822855,-0.201682389,-0.522727489,-0.0703480467,0.825306833
253406944849,86383,0.284134269,-0.12741226,-0.325077206,-0.200826481,-0.536567986,-0.0687330663,0.816724837
253423611672,86399,0.285963029,-0.127590314,-0.32018733,-0.200485438,-0.549971342,-0.0669272095,0.807996273
253440276568,86415,0.287475646,-0.12761943,-0.315356195,-0.201216951,-0.562963188,-0.0649954453,0.798974216
253456945891,86432,0.288754404,-0.127444804,-0.310224533,-0.203457162,-0.57597369,-0.0631388575,0.789223075
253473676724,86449,0.289664924,-0.127123877,-0.305111766,-0.206922516,-0.588851929,-0.0617534071,0.778860033
253490277453,86465,0.290212601,-0.12663506,-0.300438106,-0.211176723,-0.601744771,-0.0606317595,0.767874658
253508142141,86481,0.290539682,-0.12597385,-0.295992553,-0.215961292,-0.615648568,-0.0591860525,0.75553602
253523616151,86499,0.290655643,-0.125154361,-0.291237742,-0.22120364,-0.632154465,-0.0571065992,0.740397632
253540281932,86515,0.290516198,-0.124468863,-0.28719601,-0.224861234,-0.647718132,-0.0557631999,0.725802481
253556994016,86531,0.290211499,-0.123785675,-0.283507198,-0.227571189,-0.664763153,-0.0551530123,0.709407806
253573646151,86548,0.289859027,-0.123038873,-0.280055493,-0.229325712,-0.684015036,-0.0543988533,0.69034344
253590394120,86565,0.289489597,-0.122342765,-0.27678284,-0.228982002,-0.702776968,-0.0532764308,0.671441376
253606946255,86581,0.28900221,-0.121880583,-0.273680031,-0.226747438,-0.71963203,-0.0526789129,0.654171407
253623781047,86598,0.288245767,-0.1217314,-0.270413339,-0.222460091,-0.737803876,-0.0531077832,0.635087788
253640279224,86614,0.287338614,-0.121841356,-0.267559707,-0.216584772,-0.75626725,-0.0550663993,0.614913464
253656946620,86631,0.28625989,-0.12200138,-0.265021354,-0.208983555,-0.777549744,-0.0597880669,0.590057433
253673631880,86648,0.28526181,-0.122101501,-0.263043642,-0.20000574,-0.799511373,-0.0668443367,0.56241554
253690395943,86664,0.284522742,-0.122239828,-0.261477709,-0.189350113,-0.81990093,-0.0739066973,0.535207272
253706953859,86680,0.284043521,-0.122583628,-0.259924233,-0.17602998,-0.839514732,-0.0792130306,0.507891476
253723614068,86697,0.283860594,-0.123319715,-0.258098572,-0.159941465,-0.858968318,-0.0803897828,0.479718268
253740281724,86714,0.283922911,-0.124329895,-0.255879045,-0.142448992,-0.876495242,-0.0764758959,0.453448892
253756951047,86730,0.283903986,-0.125432238,-0.253391385,-0.124727309,-0.890954733,-0.0686224774,0.431200385
253773669745,86747,0.283713192,-0.126565278,-0.250301033,-0.105328701,-0.904174209,-0.0573911518,0.409976959
253790650005,86764,0.283413678,-0.127638921,-0.247039527,-0.0867337435,-0.915662527,-0.0438438244,0.39002192
253806943807,86780,0.283069819,-0.128531784,-0.243789524,-0.0710447729,-0.924848378,-0.0295587685,0.372470826
253823731880,86797,0.282399833,-0.129276946,-0.240166381,-0.056757722,-0.932807803,-0.0144366995,0.355583787
253840273182,86813,0.281337678,-0.129696354,-0.23670432,-0.0459207855,-0.938823402,-0.00141374569,0.341321021
253857099588,86830,0.279798031,-0.129817694,-0.233083785,-0.0378631279,-0.943982065,0.0104654841,0.327650428
253873630109,86847,0.277878404,-0.129724801,-0.22955218,-0.0336301625,-0.94801116,0.0197273958,0.315839618
253890335734,86863,0.275679916,-0.129452899,-0.226368994,-0.0325442404,-0.950874746,0.025918331,0.306767613
253906963599,86879,0.273208737,-0.129018754,-0.223315746,-0.0333998837,-0.953054607,0.0298576299,0.299466193
253923628755,86895,0.270618975,-0.12859188,-0.220479339,-0.035424795,-0.954791725,0.0323674828,0.29337737
253940320526,86913,0.26778549,-0.128107876,-0.217441827,-0.0383843258,-0.956441998,0.0342904702,0.287349105
253956941776,86929,0.265379727,-0.127713159,-0.214865804,-0.0412131771,-0.957689285,0.0352257267,0.282651603
253974216203,86946,0.262881607,-0.127422735,-0.212314755,-0.0438217558,-0.958801508,0.0357193351,0.278394639
253990368859,86962,0.260687947,-0.127228111,-0.210089207,-0.0457495935,-0.959803224,0.0355994217,0.27462244
254006942453,86979,0.258567274,-0.127162188,-0.208018005,-0.0471727587,-0.960877836,0.0347809456,0.270700812
254023654380,86995,0.256777197,-0.127223819,-0.206296548,-0.0481186137,-0.961788654,0.033263661,0.267470986
254040278234,87012,0.255109847,-0.127332032,-0.204750478,-0.0488731563,-0.962406039,0.030218713,0.265467405
254056969901,87028,0.253718078,-0.127486974,-0.203596845,-0.0496430509,-0.96248585,0.0258660913,0.265495092
254073629640,87045,0.252356857,-0.127684504,-0.202652574,-0.0508012548,-0.961895466,0.0202632584,0.267891377
254090766307,87062,0.251143247,-0.127821624,-0.202029601,-0.0523838513,-0.960451663,0.0141131422,0.273110718
254106957192,87078,0.250073433,-0.127865583,-0.201646909,-0.053832829,-0.95816946,0.00842849724,0.280966669
254123610838,87094,0.249132872,-0.127853543,-0.201429754,-0.0549234264,-0.955147386,0.00324457861,0.290974975
254140278234,87112,0.248373657,-0.127768934,-0.201518059,-0.0561261773,-0.951250553,-0.00209018518,0.303262055
254156973286,87128,0.248029321,-0.127637312,-0.201878831,-0.0570575893,-0.947411954,-0.0061521735,0.314829022
254173654224,87144,0.247991145,-0.127491966,-0.202453122,-0.0576445907,-0.94316709,-0.00923676603,0.327150851
254190277557,87161,0.248151958,-0.1273541,-0.203256145,-0.057700552,-0.938209653,-0.0114605417,0.341030747
254206950526,87177,0.248470753,-0.127273068,-0.204158783,-0.0572902858,-0.933155656,-0.0124228848,0.35466066
254223826672,87194,0.249012291,-0.127266362,-0.205243617,-0.0564391576,-0.927361846,-0.0123456214,0.369678497
254240284119,87211,0.249798104,-0.127313018,-0.206486017,-0.05556738,-0.921213865,-0.0119920569,0.384881169
254256948599,87227,0.250704288,-0.127352431,-0.207839847,-0.0547705404,-0.915073037,-0.0117678177,0.399378568
254273642765,87244,0.251754433,-0.127352148,-0.20946601,-0.0539023057,-0.908255398,-0.0117254267,0.414763927
254290288703,87260,0.25281781,-0.127293363,-0.211182237,-0.0535734072,-0.901839137,-0.0117117232,0.42857787
254306953182,87277,0.254112571,-0.127274185,-0.213166475,-0.0541545004,-0.895019352,-0.0115187876,0.4425776
254323611672,87293,0.255398393,-0.127313629,-0.215174466,-0.0552248321,-0.888149977,-0.011182975,0.456086397
254340278026,87310,0.256693065,-0.127352834,-0.217316508,-0.0561574139,-0.879979372,-0.0106720291,0.471559912
254356945838,87327,0.258053511,-0.127506047,-0.219492003,-0.056550432,-0.870935202,-0.00951361563,0.488040447
254373651619,87343,0.25944522,-0.12775211,-0.221654326,-0.056414213,-0.861648858,-0.00817215908,0.504293501
254390315057,87360,0.260950536,-0.12806046,-0.224107713,-0.0559124537,-0.851144433,-0.00745841581,0.52189219
254408618651,87378,0.262450665,-0.128296286,-0.226884991,-0.0555930175,-0.839575052,-0.00806675665,0.540331483
254423615526,87393,0.263599634,-0.128435999,-0.229343548,-0.0558124296,-0.829882741,-0.00954059791,0.555057406
254440274640,87409,0.264724284,-0.128616929,-0.232146457,-0.0566586368,-0.819791734,-0.0117870802,0.569730163
254456946151,87426,0.265968204,-0.128833964,-0.235359341,-0.0579756238,-0.809287608,-0.0143937329,0.584367454
254473730942,87442,0.267257959,-0.129080474,-0.238577157,-0.0589378066,-0.798895776,-0.0165174361,0.598346949
254490366203,87459,0.26864925,-0.129403651,-0.242126241,-0.0587308034,-0.786512792,-0.0184698571,0.614497542
254506950369,87476,0.27002272,-0.129709542,-0.245822012,-0.0573581234,-0.773263216,-0.0202625059,0.631160438
254523610838,87492,0.271323293,-0.130006954,-0.249459863,-0.055305507,-0.760689378,-0.0216030218,0.646394908
254540314849,87509,0.272727013,-0.130368605,-0.253582358,-0.0535754301,-0.74706471,-0.0230704173,0.662187159
254556942088,87526,0.273934513,-0.130758092,-0.257844955,-0.0527380519,-0.732137382,-0.0253275409,0.678639948
254573772505,87542,0.274840266,-0.131009817,-0.261885375,-0.0529061668,-0.716898322,-0.0283420719,0.694589555
254590279849,87558,0.275601476,-0.13106741,-0.265990674,-0.0536107384,-0.701444864,-0.0314563066,0.710008204
254606946098,87575,0.276376486,-0.130985036,-0.270457327,-0.0543419905,-0.685450673,-0.0340770185,0.725288332
254623615369,87592,0.277263284,-0.130957216,-0.275043994,-0.0543484353,-0.669473827,-0.0356606022,0.739986062
254640275317,87608,0.278288126,-0.131068826,-0.279571772,-0.053276971,-0.654109895,-0.0358136296,0.753670514
254657002505,87624,0.279381663,-0.131291315,-0.284333289,-0.0510226376,-0.637994885,-0.0350575671,0.767548203
254673634796,87641,0.280476242,-0.131441876,-0.289487839,-0.0479208976,-0.620180428,-0.033993341,0.782255948
254690296411,87658,0.281532496,-0.131387711,-0.294686735,-0.0453044437,-0.601998627,-0.0326333195,0.796542645
254706986255,87674,0.282494307,-0.131289989,-0.299777538,-0.0444380827,-0.584104002,-0.0308049824,0.809875786
254723609588,87691,0.283349931,-0.131166995,-0.305215538,-0.0448274985,-0.56361264,-0.0289007444,0.824315488
254740280734,87708,0.284032047,-0.130883366,-0.310402751,-0.0461690798,-0.541226327,-0.0276562851,0.839152992
254756948807,87724,0.28460449,-0.130401984,-0.315257818,-0.0484871492,-0.519677103,-0.0259318631,0.852591574
254773701567,87740,0.285149425,-0.129811719,-0.320254177,-0.0517365113,-0.498409331,-0.0229524914,0.865092278
254790280526,87758,0.28567189,-0.12920326,-0.326113492,-0.0566993095,-0.473680913,-0.0187760461,0.878668964
254807363859,87774,0.286029398,-0.128773034,-0.331366867,-0.0612902977,-0.450272888,-0.0156297311,0.890647888
254823751463,87790,0.28633374,-0.128287196,-0.33646664,-0.0657632649,-0.426111013,-0.0139103234,0.9021703
254840277140,87807,0.286686659,-0.127487287,-0.341838598,-0.0717279613,-0.401484013,-0.0130464742,0.912959754
254856948755,87824,0.287005723,-0.126503408,-0.347301841,-0.0784976408,-0.378793478,-0.0116182258,0.922073066
254873631932,87840,0.287234545,-0.125661209,-0.352648795,-0.0849118754,-0.358307242,-0.00971670356,0.929683566
254890281723,87856,0.287522972,-0.124981128,-0.35803616,-0.0900534242,-0.337254226,-0.00815939438,0.937061071
254906963546,87873,0.287879616,-0.12438783,-0.363901138,-0.094012998,-0.315161437,-0.00598202227,0.944351196
254923613650,87890,0.288191795,-0.123852491,-0.370031327,-0.0965655446,-0.294038236,-0.00174553227,0.950901508
254940282348,87906,0.288461626,-0.123512581,-0.375959903,-0.0976856351,-0.273657918,0.00376313063,0.956846297
254956952921,87923,0.288738251,-0.123290569,-0.382264197,-0.0981066748,-0.250725776,0.00947522651,0.963027477
254973663963,87939,0.289002657,-0.123170391,-0.388109893,-0.0975102633,-0.22801955,0.0138632189,0.968662381
254990331723,87956,0.289153278,-0.123200789,-0.394387513,-0.0964933783,-0.203744784,0.0177023578,0.974096358
255006948130,87972,0.288947225,-0.123331681,-0.400391996,-0.0955151394,-0.181209147,0.0203622002,0.978583455
255023777453,87989,0.288465142,-0.123629369,-0.406626284,-0.0944353044,-0.15682593,0.0206348784,0.982884407
255040277088,88006,0.287669957,-0.123999953,-0.412607223,-0.0942222401,-0.132041529,0.0181536749,0.986588955
255056942400,88022,0.286579043,-0.124393433,-0.418079138,-0.0946005359,-0.108611099,0.0145212896,0.98946631
255073801984,88039,0.285292387,-0.124930054,-0.423671842,-0.0948950723,-0.0836591423,0.00922697596,0.991922855
255090387765,88055,0.283933163,-0.125415906,-0.428634733,-0.0954936221,-0.0611809939,0.00280012214,0.993544221
255106948807,88072,0.282358676,-0.12587361,-0.433626175,-0.0963910669,-0.0395814441,-0.00449724915,0.994546115
255123611046,88088,0.280840129,-0.126292199,-0.43807292,-0.0969103426,-0.021507144,-0.0106328297,0.995003879
255140280525,88105,0.279146999,-0.126643106,-0.442576915,-0.0980693474,-0.00437627593,-0.0154425623,0.995050192
255156987921,88121,0.277403623,-0.12679714,-0.446583062,-0.100063398,0.0104521709,-0.0178091638,0.994766831
255173823859,88138,0.275514871,-0.126756877,-0.450552881,-0.103060201,0.0270207562,-0.0188002847,0.994130313
255190278963,88155,0.273662239,-0.126632214,-0.454074472,-0.105449505,0.0450885706,-0.018189976,0.993235409
255206941411,88171,0.271823823,-0.126434073,-0.457015544,-0.108414754,0.0631948933,-0.0177128781,0.991936982
255223720265,88188,0.269713283,-0.126234144,-0.459797204,-0.111801952,0.0826605484,-0.0187389515,0.990109324
255240294432,88205,0.267478824,-0.126186952,-0.462218195,-0.114027388,0.101141393,-0.0218674932,0.988073885
255256946359,88221,0.265232354,-0.126232505,-0.464232564,-0.115724191,0.116969086,-0.0263287276,0.986018717
255273607504,88237,0.262905002,-0.126428813,-0.466033161,-0.116120473,0.13097617,-0.0319086872,0.984044313
255290287661,88255,0.260375112,-0.126786053,-0.4678334,-0.115397677,0.144235626,-0.0390462838,0.982015789
255306997557,88271,0.25833714,-0.127203345,-0.469335288,-0.114017554,0.153863981,-0.0451302193,0.980453551
255323630838,88287,0.256669015,-0.127642095,-0.470847607,-0.113366209,0.161715627,-0.0498654172,0.97903502
255340533859,88303,0.255525827,-0.128135741,-0.472283244,-0.112492777,0.168748572,-0.0519740134,0.977838457
255356942192,88321,0.254706979,-0.128617764,-0.47370559,-0.113063782,0.174899772,-0.0516418517,0.976708651
255373670265,88337,0.254212916,-0.128960803,-0.474662572,-0.114807643,0.178440928,-0.0489856973,0.976001263
255390282140,88353,0.253780961,-0.129268155,-0.47545892,-0.117976315,0.180766791,-0.045880992,0.975346088
255407025421,88370,0.253433526,-0.129582137,-0.4761298,-0.1217319,0.182271272,-0.0433190018,0.974721551
255423625942,88387,0.253086358,-0.129865021,-0.476639509,-0.125309825,0.18265602,-0.0415170267,0.974274457
255440280265,88403,0.252608359,-0.130140275,-0.477087408,-0.127615437,0.182289213,-0.0403967835,0.974090874
255456945004,88420,0.251990587,-0.130380914,-0.477513909,-0.128525898,0.181685463,-0.0405899659,0.974075973
255473825890,88436,0.251291931,-0.130584687,-0.47786364,-0.128152728,0.180487365,-0.0425530076,0.974264085
255490396098,88452,0.250495017,-0.130718917,-0.478120655,-0.127078339,0.177435085,-0.0455706269,0.974828839
255506983077,88470,0.249697447,-0.130733311,-0.478311479,-0.125094026,0.171024203,-0.0493188053,0.976048112
255523611098,88486,0.249232322,-0.130584762,-0.478382915,-0.122949876,0.162598416,-0.0523792803,0.977599859
255540281046,88502,0.248967931,-0.130319118,-0.478374958,-0.12008065,0.151797354,-0.05426763,0.979588389
255556945629,88519,0.248870373,-0.129978538,-0.478362292,-0.116287299,0.138359338,-0.0544859618,0.982021034
255573731775,88536,0.249046847,-0.129528254,-0.478277266,-0.112374462,0.123244777,-0.0538459308,0.984521925
255590290161,88552,0.24944979,-0.128916696,-0.478028178,-0.109135605,0.106974445,-0.0531489179,0.986823738
255606946515,88568,0.249922112,-0.128183052,-0.477534711,-0.10601826,0.0882270709,-0.0522316881,0.989064217
255623616098,88586,0.250380963,-0.127300337,-0.476656616,-0.10299208,0.0644983202,-0.0514185615,0.991256177
255640290786,88602,0.250764668,-0.126495898,-0.475591511,-0.101354361,0.0417573787,-0.052022133,0.992611349
255656968963,88618,0.250995904,-0.12569207,-0.474210829,-0.100722678,0.0171477813,-0.0535133034,0.993326366
255673913234,88636,0.250814378,-0.124808252,-0.472295523,-0.100726165,-0.0130920727,-0.0547130741,0.993322432
255690287973,88652,0.250215769,-0.124053754,-0.470321953,-0.1008389,-0.0411883816,-0.0551475771,0.992518961
255706968181,88668,0.249343634,-0.123412013,-0.468060374,-0.100645788,-0.0687654093,-0.0560403503,0.990959823
255723630213,88684,0.248283908,-0.122930475,-0.465421408,-0.100199088,-0.0951913893,-0.0573774688,0.988739908
255740281775,88702,0.247045785,-0.122634947,-0.461964011,-0.0999419913,-0.123320572,-0.0587374344,0.985572755
255756950994,88718,0.246089041,-0.122649059,-0.458526254,-0.100462601,-0.146508843,-0.0597064011,0.982281864
255773723911,88735,0.245343119,-0.12292441,-0.454543918,-0.101998448,-0.168802097,-0.0602500625,0.978505075
255790280577,88751,0.244907588,-0.123410657,-0.450478703,-0.104549929,-0.187385917,-0.0600259826,0.97486037
255806951671,88768,0.244743109,-0.124014184,-0.445891619,-0.108298138,-0.205037653,-0.0585775822,0.970978796
255824486411,88784,0.244810879,-0.124646723,-0.44137007,-0.112272352,-0.220508173,-0.0558853,0.967288971
255840279275,88801,0.245064765,-0.125402868,-0.436301321,-0.116417781,-0.236414373,-0.0523101054,0.96323359
255856947348,88817,0.245379061,-0.126155332,-0.431363702,-0.120264046,-0.251549244,-0.0487334207,0.959106207
255873666671,88834,0.245613709,-0.126942024,-0.426118016,-0.123803765,-0.268568695,-0.0442400314,0.954246521
255890315369,88851,0.24564597,-0.12772724,-0.421111047,-0.126224428,-0.286701709,-0.0394729972,0.948847413
255906953546,88867,0.245598853,-0.128575444,-0.416498542,-0.12664929,-0.304555237,-0.0363845564,0.943335712
255923613233,88883,0.245494589,-0.129498079,-0.411976397,-0.125055134,-0.323684603,-0.0352095403,0.937203169
255940298754,88901,0.245400757,-0.130474269,-0.407051891,-0.121501334,-0.34761259,-0.0361201242,0.929030836
255956959067,88917,0.24524416,-0.131291062,-0.402924716,-0.117306687,-0.370902389,-0.038258031,0.920438528
255973647713,88933,0.244870126,-0.132113039,-0.39917931,-0.112545617,-0.394448727,-0.0418322943,0.911039948
255990286931,88950,0.244267404,-0.13305524,-0.395546079,-0.10740298,-0.417290866,-0.0477379896,0.901140392
256006942088,88966,0.243689179,-0.133934647,-0.392380506,-0.102745593,-0.435477138,-0.0547300875,0.892640829
256023928806,88983,0.243223131,-0.134901315,-0.389114439,-0.09785714,-0.45089668,-0.0628195703,0.884968877
256040276150,88999,0.243019313,-0.135829642,-0.38590911,-0.0935767069,-0.46232307,-0.0710947737,0.878889263
256056989379,89016,0.24309814,-0.13666445,-0.382399708,-0.089972049,-0.472439915,-0.0802781954,0.873075604
256073696723,89033,0.243392974,-0.137424216,-0.378966987,-0.0868250951,-0.481405675,-0.0886385515,0.867671192
256091031254,89049,0.24382931,-0.138290927,-0.37586838,-0.0840616301,-0.488857329,-0.0949504897,0.863097131
256106960577,89066,0.244412214,-0.139494762,-0.372714877,-0.0806967467,-0.495712012,-0.0993451029,0.859004259
256123609067,89082,0.24508068,-0.140895844,-0.369795382,-0.077450268,-0.501599073,-0.100939177,0.8556934
256143826827,89102,0.246063262,-0.142831624,-0.366126597,-0.0747156814,-0.509047031,-0.0991329774,0.851740181
256156955994,89116,0.246803924,-0.144161999,-0.363568246,-0.0741854832,-0.513920963,-0.0959630758,0.849218965
256173740056,89132,0.247590661,-0.145613596,-0.36070019,-0.0751301572,-0.518140137,-0.0920723379,0.847000003
256190279483,89148,0.248264581,-0.146966577,-0.357938588,-0.0771055818,-0.52047205,-0.0890142322,0.845718622
256206946879,89166,0.248944789,-0.148376942,-0.35510084,-0.080268234,-0.521429658,-0.0867287889,0.845071793
256223621515,89182,0.24947387,-0.14953655,-0.352857769,-0.0836286321,-0.521447599,-0.0856682956,0.84484303
256240276098,89198,0.25003463,-0.150566489,-0.350861341,-0.086919494,-0.520966709,-0.0858843699,0.844785571
256257051723,89215,0.25069958,-0.151582226,-0.349014103,-0.0894361287,-0.520369828,-0.0874873251,0.844726324
256273690890,89232,0.251414627,-0.15261507,-0.347500235,-0.0901926309,-0.520433664,-0.0898649767,0.844356835
256290285473,89248,0.252165675,-0.153606758,-0.346489817,-0.089157626,-0.521669447,-0.0921022817,0.843462646
256306946983,89265,0.252981126,-0.154727653,-0.34583962,-0.0866580904,-0.524024963,-0.0938673019,0.842067182
256323611202,89281,0.253709078,-0.155817077,-0.345479459,-0.0832591727,-0.526262581,-0.0952384099,0.84085989
256340361515,89298,0.254457057,-0.156875923,-0.345208317,-0.0797717273,-0.528374076,-0.0967784002,0.839697182
256356970733,89314,0.255093217,-0.157713443,-0.345062643,-0.0777154937,-0.530480385,-0.0977334902,0.838450372
256373875264,89331,0.255679697,-0.158411399,-0.345004886,-0.0769668743,-0.532627046,-0.0982858241,0.837092876
256390277660,89347,0.256085128,-0.158866912,-0.345002145,-0.0776358843,-0.534335732,-0.0986367762,0.835900068
256406944900,89364,0.256371647,-0.159157038,-0.345150977,-0.0791209489,-0.535855234,-0.0983589962,0.834820092
256424047712,89381,0.256608397,-0.159333557,-0.345463812,-0.0806365386,-0.537215412,-0.0969409272,0.833966374
256440283598,89397,0.256841213,-0.159399688,-0.345904648,-0.0816934183,-0.538352966,-0.094774507,0.833378792
256456942400,89413,0.257091373,-0.159348547,-0.34650147,-0.0820710957,-0.539299786,-0.0920912698,0.833030164
256473747764,89431,0.257382691,-0.159231961,-0.347290725,-0.0818659663,-0.540273905,-0.0886080936,0.832796931
256490280994,89447,0.257653892,-0.159084916,-0.348080009,-0.0814374089,-0.541183114,-0.0853204206,0.832591832
256510916983,89468,0.258010209,-0.158877552,-0.349200815,-0.0811696127,-0.542301714,-0.0811480209,0.832307279
256523603806,89480,0.25822264,-0.158647805,-0.349930495,-0.0816828907,-0.542754292,-0.079032369,0.832165658
256540278337,89496,0.25848031,-0.158266872,-0.350861758,-0.0832831487,-0.542962968,-0.0766618028,0.832092702
256557134744,89513,0.258740604,-0.157808185,-0.351705074,-0.0861173496,-0.542745113,-0.0746590197,0.832128406
256573656514,89530,0.258988738,-0.157321185,-0.352448732,-0.0900313482,-0.542370558,-0.0729444847,0.832110405
256590332973,89546,0.259202003,-0.156920522,-0.353064984,-0.0945887789,-0.541827917,-0.0716254115,0.832072973
256606949119,89562,0.25939393,-0.156560659,-0.353611678,-0.0994203538,-0.540727377,-0.0707755759,0.832298219
256623765264,89580,0.259610206,-0.156162664,-0.354095608,-0.104355685,-0.538778901,-0.0704048499,0.832988858
256640277921,89596,0.259830058,-0.155834824,-0.354408652,-0.107794233,-0.536978006,-0.0706743449,0.833690703
256656990369,89612,0.260056794,-0.155572191,-0.354701072,-0.110226691,-0.535719573,-0.0712754056,0.834131002
256673632973,89629,0.260299742,-0.155418932,-0.354961634,-0.111571416,-0.535008013,-0.0722578317,0.83432436
256690714535,89646,0.260536551,-0.155308008,-0.355152577,-0.112113193,-0.534765184,-0.0735710263,0.834292591
256707141514,89662,0.26076591,-0.155118123,-0.355261266,-0.111843437,-0.534887612,-0.0746283829,0.834156454
256723611983,89679,0.261075705,-0.154838845,-0.355351418,-0.110129669,-0.535351038,-0.0749320015,0.834059894
256740316514,89695,0.261410743,-0.154607326,-0.355407268,-0.107284114,-0.536059618,-0.0744022578,0.834023118
256756982764,89712,0.261758119,-0.154417187,-0.355379701,-0.103820816,-0.53686595,-0.0734778419,0.834024727
256773652869,89728,0.262078077,-0.154161364,-0.355296463,-0.101106353,-0.537351549,-0.0724450946,0.834135771
256790281306,89745,0.262411237,-0.153724641,-0.355121642,-0.0989454761,-0.537266135,-0.0712081194,0.834556401
256806942191,89761,0.262719572,-0.153227746,-0.354868293,-0.09730988,-0.536723197,-0.0699389651,0.835205078
256823900473,89778,0.263086021,-0.152687103,-0.354547381,-0.0957783163,-0.536354363,-0.0682146326,0.835761547
256840274171,89795,0.263510227,-0.152165681,-0.354252309,-0.0943197384,-0.536702156,-0.0655984953,0.835913539
256856952868,89811,0.263944864,-0.151711389,-0.353989422,-0.0929541439,-0.53733772,-0.0623051301,0.835910201
256873682400,89827,0.264390022,-0.151313543,-0.353702605,-0.0917564556,-0.537833333,-0.0585441403,0.835995674
256890288598,89845,0.264890552,-0.150967896,-0.353354305,-0.0906059742,-0.538191497,-0.0539491288,0.836199701
256907038493,89861,0.265365005,-0.150738984,-0.353023112,-0.0895503163,-0.538570583,-0.0494916812,0.836345077
256923612452,89877,0.265895993,-0.150527745,-0.35267508,-0.0882383808,-0.539126337,-0.0446427166,0.836399317
256940355421,89894,0.266516864,-0.150367886,-0.352279186,-0.0858900547,-0.539824307,-0.0389002115,0.836480319
256956942400,89910,0.267214149,-0.150337055,-0.351889133,-0.082091175,-0.54044646,-0.0325104296,0.836732805
256973619066,89927,0.268077374,-0.15041931,-0.351469696,-0.0759202763,-0.541210234,-0.0244252142,0.83709687
256990309848,89944,0.269037724,-0.150617182,-0.351102948,-0.0676989853,-0.542454422,-0.0151881566,0.837215304
257006945733,89960,0.269990623,-0.150848061,-0.350842327,-0.058304064,-0.544109225,-0.00593241071,0.836965203
257024071306,89977,0.270992488,-0.151103422,-0.350641161,-0.0467767864,-0.546081007,0.00353962905,0.836417973
257040307764,89993,0.271861106,-0.151266277,-0.350506663,-0.0347826369,-0.548023224,0.0115181794,0.835660279
257056979223,90010,0.272728652,-0.151259422,-0.350405008,-0.0210543126,-0.550313711,0.0189616084,0.834477127
257073613233,90027,0.273483574,-0.150808722,-0.350274712,-0.00766098499,-0.553115189,0.0235941559,0.832735419
257090438493,90042,0.273837537,-0.149963737,-0.350190073,0.00323647191,-0.55692637,0.0249273535,0.83018142
257107033441,90060,0.274087399,-0.14874883,-0.350155205,0.016309334,-0.562761605,0.0257249605,0.826057911
257123609223,90076,0.274313748,-0.147526562,-0.350120246,0.0285314433,-0.568085372,0.0273023713,0.822021663
257140280316,90093,0.274518549,-0.146029472,-0.350044399,0.0420398749,-0.573540866,0.0310488306,0.817508101
257156949587,90110,0.274700344,-0.144272834,-0.349759489,0.054956194,-0.578321218,0.0367891118,0.81312418
257173622556,90126,0.274800569,-0.142381325,-0.349228919,0.0658416823,-0.582551062,0.0441021137,0.808921576
257190278285,90142,0.274756998,-0.140264958,-0.348492742,0.0747598708,-0.586904585,0.0528812744,0.804461062
257206947087,90159,0.274454832,-0.13790831,-0.347514838,0.0813905895,-0.59148258,0.0629395023,0.799726546
257223609952,90176,0.273924142,-0.135573998,-0.346353114,0.0846501216,-0.595602274,0.0733207539,0.795434773
257240310681,90192,0.273220599,-0.133517653,-0.345090866,0.0844204873,-0.598766923,0.0832299739,0.792101145
257256943493,90209,0.272372812,-0.131425485,-0.343672305,0.0814062208,-0.601355612,0.0937763825,0.789272189
257273643337,90225,0.271587372,-0.129427001,-0.342346847,0.077338621,-0.603214443,0.103523523,0.787041366
257290348025,90242,0.270706534,-0.127393246,-0.34103626,0.0738035366,-0.604881644,0.113688618,0.784695029
257307000889,90258,0.26992321,-0.125479057,-0.339930475,0.0724805593,-0.606849968,0.122557074,0.781958759
257323617400,90275,0.269107461,-0.123488784,-0.339008093,0.0735885128,-0.610061169,0.131102055,0.77796036
257340277243,90291,0.268381596,-0.121680543,-0.338475555,0.0769324005,-0.614267826,0.138424248,0.773042858
257356947295,90308,0.267634183,-0.119712248,-0.338162094,0.0825280324,-0.619300544,0.144856229,0.767250121
257373693025,90325,0.266784638,-0.117663816,-0.338062406,0.0898172036,-0.624612868,0.149572864,0.761196196
257390275681,90341,0.265907168,-0.115619361,-0.33812499,0.097741507,-0.630060077,0.152819648,0.75506109
257406965056,90358,0.26490742,-0.113378353,-0.338306457,0.106539905,-0.636055529,0.155834392,0.748196661
257423890420,90375,0.263930321,-0.110996932,-0.338470131,0.115108341,-0.6413275,0.159074977,0.74171716
257440283233,90391,0.262946874,-0.108686171,-0.338548183,0.122182198,-0.645085096,0.162793145,0.736502051
257456962035,90408,0.261878997,-0.106216662,-0.338569492,0.128242865,-0.647574723,0.167762607,0.73215884
257473612035,90424,0.260893375,-0.103945404,-0.338539392,0.132465869,-0.648587406,0.173364624,0.729199529
257490283858,90441,0.259746909,-0.101631567,-0.33843711,0.134952843,-0.648576438,0.179680347,0.727221727
257507121045,90457,0.258633494,-0.0995256826,-0.338326037,0.135461167,-0.647974133,0.185683385,0.726155341
257523630993,90473,0.257463694,-0.0975880399,-0.338270396,0.134610564,-0.647029638,0.191653624,0.725604236
257540425472,90490,0.256240129,-0.095696345,-0.338311076,0.132778108,-0.645944238,0.19765757,0.725298226
257556959899,90507,0.255099118,-0.0940351486,-0.338509023,0.130657494,-0.645011842,0.20298855,0.725040734
257573619431,90523,0.25415805,-0.0926899016,-0.338919222,0.128771469,-0.644167185,0.207044438,0.724982142
257590284483,90540,0.253419697,-0.0913727507,-0.339600772,0.127429172,-0.642864108,0.210089907,0.725499749
257607000993,90557,0.252842784,-0.0903073922,-0.340566576,0.127119407,-0.641193092,0.211991563,0.726479053
257623682347,90573,0.252488941,-0.0895059556,-0.341679513,0.127631202,-0.639601827,0.212787077,0.727558613
257640278233,90589,0.252255768,-0.0889560655,-0.342920929,0.128484309,-0.638324916,0.212429315,0.728633642
257657000316,90607,0.252052248,-0.0886563137,-0.344424397,0.128936738,-0.637393773,0.2105124,0.729924083
257673623806,90623,0.252001196,-0.0885847062,-0.345756382,0.128735542,-0.636734545,0.208222389,0.731190681
257690286306,90639,0.252059698,-0.0888125375,-0.34706986,0.128044307,-0.636260808,0.206010923,0.732349992
257706999379,90656,0.252318263,-0.0893542543,-0.348467141,0.126079455,-0.636196196,0.20311667,0.733554482
257723615212,90673,0.252534628,-0.0903111398,-0.349810481,0.121494912,-0.636775553,0.198448151,0.735101521
257740276983,90689,0.252598763,-0.0914512128,-0.351027369,0.113998048,-0.637789309,0.192262545,0.737064779
257756959326,90705,0.252678454,-0.0928040147,-0.352148622,0.104492374,-0.638835073,0.184581637,0.739527404
257773808910,90723,0.252853602,-0.0947312638,-0.353374064,0.0920093581,-0.640469491,0.174267471,0.742269456
257790425368,90739,0.253124118,-0.0969108194,-0.354496509,0.0787160471,-0.642590165,0.162623793,0.744604111
257806962868,90755,0.25323984,-0.0995067656,-0.35573411,0.0624362566,-0.645377398,0.147967458,0.746790051
257823620472,90772,0.253077745,-0.102318391,-0.357119799,0.0423799977,-0.648421347,0.128833309,0.749103308
257840274535,90788,0.252699792,-0.10491246,-0.358548105,0.0228891466,-0.650783241,0.108799092,0.751079261
257856948858,90805,0.252328455,-0.107934631,-0.360168666,0.0041534584,-0.652974129,0.0860781744,0.752461374
257873880993,90822,0.252040416,-0.111484759,-0.361907512,-0.0122232465,-0.655590355,0.061730653,0.752489984
257890286201,90838,0.251533151,-0.115274742,-0.36370495,-0.0267104357,-0.658677042,0.0372325033,0.751029193
257906957660,90854,0.250728011,-0.119237974,-0.365610421,-0.0407998674,-0.661626577,0.0110113649,0.748641789
257923613076,90872,0.249425292,-0.123527557,-0.367843986,-0.0573629066,-0.664352715,-0.0204821061,0.744933307
257940277295,90887,0.248125196,-0.126876965,-0.369761646,-0.0722615644,-0.666092336,-0.0475211963,0.740838051
257956969066,90905,0.246494561,-0.1308029,-0.37206471,-0.0906386152,-0.667168438,-0.0793238953,0.735104561
257973692608,90921,0.245015353,-0.134193107,-0.37401253,-0.107182361,-0.666690409,-0.106083609,0.729919314
257990308962,90937,0.24349609,-0.137579024,-0.375724643,-0.123871222,-0.664626539,-0.130355969,0.725213647
258006944170,90953,0.241975442,-0.14094609,-0.377178609,-0.140904769,-0.661150873,-0.151789114,0.721100211
258023778128,90971,0.24058488,-0.144281954,-0.378532797,-0.159886807,-0.655655861,-0.171964958,0.71762085
258040287556,90987,0.239988163,-0.146892235,-0.379488379,-0.173485428,-0.649983406,-0.184949264,0.716392517
258056950524,91003,0.239889622,-0.149542511,-0.380264223,-0.18130745,-0.644597411,-0.192362443,0.717369139
258073732920,91021,0.240149617,-0.152429581,-0.381116509,-0.185122967,-0.639688551,-0.195900917,0.719827056
258090314847,91037,0.240537316,-0.154878125,-0.381943703,-0.185474932,-0.636564672,-0.195855916,0.72251302
258107070680,91053,0.240961403,-0.157144874,-0.382723153,-0.184267387,-0.634158432,-0.19408834,0.725409091
258123610160,91070,0.241426319,-0.159119412,-0.383480132,-0.183419421,-0.631694674,-0.19188489,0.728353858
258140368389,91087,0.24189347,-0.16049318,-0.38404116,-0.183728456,-0.629276931,-0.19068113,0.7306813
258156943337,91103,0.242339402,-0.161382943,-0.384451181,-0.184806466,-0.627743721,-0.189516947,0.732029855
258173618545,91120,0.242942303,-0.161989689,-0.384876311,-0.186718822,-0.626889229,-0.187791348,0.732721329
258190308701,91136,0.243510261,-0.162464619,-0.385210514,-0.188676432,-0.626321077,-0.185849443,0.733200669
258206968858,91153,0.244108319,-0.163080633,-0.385512412,-0.190577701,-0.62564832,-0.183011174,0.733996749
258223629170,91170,0.244837016,-0.163610071,-0.385713637,-0.191924512,-0.624573648,-0.178443059,0.735683918
258240318649,91186,0.245843932,-0.164007813,-0.385805845,-0.191509098,-0.622925758,-0.17156826,0.738818049
258256950628,91202,0.247249931,-0.164412647,-0.385793805,-0.188218281,-0.62057668,-0.161935464,0.743797898
258273655420,91219,0.249063253,-0.164715439,-0.385696918,-0.181905761,-0.617522776,-0.149392188,0.750505149
258290325680,91236,0.251219094,-0.164870754,-0.38569364,-0.173130035,-0.614220321,-0.135189012,0.757946789
258306981097,91252,0.253329217,-0.164895967,-0.385811955,-0.162948549,-0.610835075,-0.121212058,0.765268564
258323616201,91268,0.255462766,-0.164587438,-0.385962784,-0.151909515,-0.607066631,-0.107884265,0.772499025
258340299274,91286,0.257904232,-0.163915053,-0.386177599,-0.138599634,-0.602664232,-0.0933241844,0.780305445
258356959535,91302,0.259960175,-0.163305983,-0.386405915,-0.125971764,-0.598805666,-0.080339998,0.786834478
258373713753,91318,0.261898011,-0.162510216,-0.386673719,-0.114006571,-0.594885707,-0.0683011934,0.792747438
258390287868,91335,0.263704002,-0.16160655,-0.387034625,-0.102693677,-0.590498745,-0.0569106191,0.798452556
258406945837,91352,0.265199631,-0.160767972,-0.387339532,-0.0931024253,-0.585513592,-0.0475611463,0.80389291
258423809170,91368,0.266227007,-0.159903318,-0.387590498,-0.0864095986,-0.580485642,-0.0412092321,0.808623254
258440287816,91385,0.267029166,-0.158832267,-0.387830615,-0.0810644701,-0.575222671,-0.0361809805,0.813165724
258456955264,91401,0.267654121,-0.157813653,-0.388106048,-0.0765962601,-0.57011807,-0.0322444849,0.817348599
258473618805,91417,0.268057704,-0.157058775,-0.388506711,-0.0718680248,-0.564301729,-0.0297263842,0.821897209
258490353076,91435,0.268248945,-0.156436712,-0.389008075,-0.0661800504,-0.556980848,-0.0296045057,0.827354968
258506982139,91451,0.268195599,-0.15606083,-0.389527053,-0.0611194782,-0.550633907,-0.0312337745,0.831920207
258523612660,91467,0.268021315,-0.155779004,-0.390051454,-0.0569058545,-0.545192599,-0.0340845101,0.835682392
258540401253,91484,0.267644525,-0.155405551,-0.390670955,-0.0549299493,-0.54064697,-0.0382572487,0.838582158
258556954534,91501,0.267011106,-0.155141801,-0.391480803,-0.0551072024,-0.536227345,-0.0431257524,0.841168046
258573652295,91517,0.266174793,-0.155097365,-0.392294377,-0.056185171,-0.530667961,-0.048491057,0.844324231
258590296930,91534,0.265066922,-0.155145586,-0.393057704,-0.0581294522,-0.523162782,-0.0554398485,0.84843868
258606945159,91551,0.263975531,-0.155321002,-0.393785477,-0.0608663522,-0.51552546,-0.0618457571,0.852469325
258623650159,91567,0.262958169,-0.155635968,-0.394456089,-0.0636470392,-0.508296013,-0.0669917315,0.85621053
258640326774,91583,0.261876941,-0.156095386,-0.395045459,-0.0665512905,-0.500943363,-0.0723438486,0.859879732
258656946878,91600,0.260749519,-0.156732678,-0.395605952,-0.0699420646,-0.493999571,-0.0788087994,0.863053739
258673634326,91617,0.259455889,-0.15745078,-0.396372706,-0.0738586858,-0.489175111,-0.0850133747,0.864884615
258690282816,91633,0.25825721,-0.158154607,-0.397255838,-0.0780802965,-0.485933959,-0.0904900581,0.865784764
258706979118,91650,0.256923437,-0.158976823,-0.398117214,-0.0824677274,-0.482437909,-0.0970695764,0.866620064
258723616670,91666,0.255700827,-0.159832388,-0.39884153,-0.086567536,-0.479531735,-0.103993312,0.867029905
258740278753,91683,0.254404873,-0.160822108,-0.399624169,-0.0918710977,-0.477924079,-0.111093208,0.86649102
258756941878,91700,0.25302586,-0.161762059,-0.400414675,-0.0989144221,-0.477360994,-0.117115319,0.865231991
258773746982,91716,0.251822293,-0.162567139,-0.401057899,-0.106496505,-0.476371795,-0.122041404,0.864195824
258790303441,91732,0.250529706,-0.163333729,-0.401585758,-0.114353359,-0.474578857,-0.126693353,0.863508582
258806950524,91750,0.249138132,-0.164188921,-0.402141154,-0.123551734,-0.472600013,-0.131477863,0.862611055
258823612868,91766,0.247927234,-0.164936244,-0.402657926,-0.132302582,-0.471342981,-0.135022685,0.861452699
258840277607,91782,0.246662125,-0.165575385,-0.403151363,-0.141397193,-0.470022976,-0.138718978,0.86014092
258856984326,91798,0.245523989,-0.166063711,-0.403718859,-0.150434181,-0.468390703,-0.143208355,0.85876143
258873723909,91816,0.244182214,-0.166544035,-0.404587954,-0.15910393,-0.466277122,-0.148967519,0.85736829
258890307191,91832,0.243081599,-0.166973129,-0.405595541,-0.164478242,-0.463707,-0.154546559,0.856760323
258906948336,91848,0.2420737,-0.16742003,-0.406796783,-0.166936889,-0.460089982,-0.160657138,0.85711062
258923616774,91865,0.241044596,-0.167937577,-0.4082807,-0.166308999,-0.455438286,-0.168068886,0.858294964
258940353961,91882,0.240037739,-0.168424949,-0.409902602,-0.163669243,-0.449840009,-0.176880881,0.859982312
258956996045,91899,0.23898463,-0.168754056,-0.411658764,-0.160054401,-0.443504721,-0.186533809,0.861911476
258974035420,91915,0.238089845,-0.168952227,-0.413429558,-0.155758411,-0.436888278,-0.195676133,0.864047945
258990310836,91931,0.237175316,-0.169039279,-0.41525048,-0.151077345,-0.429404885,-0.204612061,0.866557002
259006944899,91948,0.236334503,-0.169033855,-0.417159796,-0.146034896,-0.42024824,-0.213414028,0.869781435
259025337972,91964,0.235601172,-0.169054836,-0.419113725,-0.141180784,-0.410378903,-0.220144808,0.873609483
259040470055,91981,0.235137552,-0.169078276,-0.420621395,-0.136471108,-0.398627788,-0.224924192,0.878567457
259057018441,91997,0.234916195,-0.169042945,-0.4220846,-0.132652879,-0.386621475,-0.226526007,0.884088874
259073612243,92014,0.234958008,-0.168957919,-0.423529863,-0.128531709,-0.373457164,-0.223917022,0.890994191
259091313649,92030,0.235439107,-0.168818429,-0.424886316,-0.123380385,-0.359779686,-0.216080949,0.899246871
259107199222,92048,0.236212328,-0.168633401,-0.425939441,-0.118096083,-0.348587751,-0.20581989,0.906740427
259123617555,92064,0.237230137,-0.168394387,-0.426885843,-0.112296611,-0.339463949,-0.193298444,0.913668156
259140285888,92080,0.23839888,-0.16798389,-0.427808583,-0.106900871,-0.333201587,-0.179017246,0.919511676
259156941722,92097,0.239634082,-0.167164385,-0.428775787,-0.102897093,-0.329091668,-0.162872389,0.924436867
259173809951,92113,0.240849361,-0.166041359,-0.429505855,-0.100182876,-0.326481909,-0.148064286,0.928143322
259190326513,92130,0.242193848,-0.164543346,-0.430119962,-0.0976377949,-0.325144768,-0.132912621,0.931172431
259206945784,92147,0.243474379,-0.162733033,-0.430617958,-0.0954400077,-0.325931221,-0.117840961,0.933152556
259224086982,92163,0.244554222,-0.160928458,-0.431005329,-0.0930320099,-0.327935249,-0.103830688,0.934356928
259240311618,92180,0.245621949,-0.158965319,-0.431266427,-0.0898702368,-0.33005318,-0.0894936845,0.935403168
259256943284,92197,0.246692359,-0.156915814,-0.431291312,-0.0865479931,-0.331681848,-0.0753100812,0.936389387
259273640315,92213,0.247827917,-0.155108422,-0.431134403,-0.0827364549,-0.333140016,-0.0614705831,0.937226653
259292928024,92232,0.249381348,-0.153132066,-0.430688888,-0.077714406,-0.335634738,-0.0451223589,0.93769604
259307018388,92245,0.250388324,-0.151814818,-0.430244774,-0.0744683519,-0.338605016,-0.0347426049,0.937333524
259323611461,92263,0.251623273,-0.150009453,-0.429443955,-0.070495531,-0.344981909,-0.0226903893,0.93568325
259344060107,92283,0.252834767,-0.148013636,-0.4284091,-0.0679091141,-0.355713993,-0.0131301042,0.932031989
259356972555,92295,0.253454059,-0.146741658,-0.427737147,-0.0674892515,-0.364208013,-0.00861240271,0.928829193
259374141826,92313,0.254300952,-0.144839182,-0.426724344,-0.0673238635,-0.379170746,-0.00253836554,0.922870934
259390297659,92328,0.254917502,-0.143366009,-0.425873339,-0.0668554679,-0.392750472,0.00232431153,0.91720885
259406992399,92345,0.255494148,-0.141905949,-0.424829394,-0.065566428,-0.408349484,0.00814678706,0.910431504
259423621305,92362,0.256060898,-0.140719682,-0.423615277,-0.0629870668,-0.423046529,0.0144530162,0.903800488
259440307763,92379,0.25681451,-0.139754862,-0.422106028,-0.0593603253,-0.436089814,0.0209786743,0.897698104
259456952242,92395,0.257701129,-0.138913602,-0.420368969,-0.0555990562,-0.44702664,0.0274702758,0.892368436
259473623024,92412,0.2587834,-0.138048932,-0.418231666,-0.0516461991,-0.457710087,0.0344586819,0.886931121
259490950888,92429,0.259809703,-0.137196898,-0.415851593,-0.0485472269,-0.468396813,0.0408684686,0.881236315
259506961722,92445,0.260563612,-0.136394009,-0.413569719,-0.0469437987,-0.479331106,0.0458241254,0.875178933
259523615263,92461,0.261072308,-0.135615081,-0.411291599,-0.0469450206,-0.491374612,0.0494167469,0.868277133
259540281722,92478,0.261370808,-0.13479282,-0.408839315,-0.048475828,-0.505046368,0.0517469831,0.860174716
259556984534,92494,0.261529326,-0.134021193,-0.406431764,-0.050663922,-0.518181622,0.0523886718,0.852159917
259573970836,92512,0.261605829,-0.13320601,-0.403514683,-0.0538485982,-0.533409774,0.0508811772,0.842606425
259590290992,92528,0.261536509,-0.132515013,-0.400821477,-0.0575888641,-0.547841132,0.047604017,0.833239198
259606947555,92544,0.261278272,-0.131892011,-0.398174435,-0.0623438098,-0.562964916,0.0431973562,0.822993279
259623612138,92560,0.260892272,-0.131333232,-0.395520627,-0.066993922,-0.577388048,0.0369751602,0.812876284
259640279847,92578,0.260384709,-0.130933717,-0.392447293,-0.070647262,-0.592082441,0.0272530075,0.802312076
259657044638,92594,0.259888291,-0.130879551,-0.389701486,-0.0726347715,-0.604621947,0.0161729082,0.79302907
259673631253,92610,0.259278804,-0.131005913,-0.387143016,-0.0743393302,-0.617465854,0.00316367578,0.783070683
259690300367,92627,0.258491278,-0.131227702,-0.384589583,-0.0767623261,-0.631243229,-0.0130228195,0.771667004
259706953336,92644,0.257484317,-0.131371334,-0.382113189,-0.0810972676,-0.64466697,-0.0316108614,0.759492338
259724023649,92660,0.256426275,-0.13159579,-0.379879415,-0.086751163,-0.656569958,-0.0496381223,0.747613668
259740310836,92677,0.255284399,-0.132043779,-0.377538711,-0.0933338031,-0.667849839,-0.0678856075,0.735293806
259756951565,92693,0.25422892,-0.132609352,-0.375383019,-0.100194842,-0.676655293,-0.0828293636,0.724733055
259773710888,92710,0.253224432,-0.133597642,-0.373047739,-0.107729174,-0.68323344,-0.0955086723,0.715866387
259790292294,92727,0.252233088,-0.134812772,-0.37059629,-0.115858398,-0.686139762,-0.105091304,0.710454047
259807019742,92743,0.251292884,-0.136047155,-0.368107498,-0.12445268,-0.685063839,-0.111405425,0.709075391
259823900680,92759,0.25036341,-0.137336433,-0.365460575,-0.133125424,-0.680594683,-0.114945367,0.711235583
259840273544,92776,0.24948813,-0.138765156,-0.362604082,-0.141522065,-0.673364639,-0.115913279,0.716320932
259856949482,92793,0.248694137,-0.140180022,-0.359824806,-0.14848347,-0.664912403,-0.114590585,0.722989023
259873640471,92809,0.247928038,-0.14136146,-0.35738343,-0.153249204,-0.656636477,-0.111864731,0.729951739
259890406513,92825,0.24719432,-0.142430514,-0.355202913,-0.156337947,-0.648633003,-0.108537294,0.736921549
259907024951,92843,0.246233016,-0.143361747,-0.35311076,-0.15846388,-0.640402675,-0.105131738,0.744124293
259923612607,92859,0.245201677,-0.143898696,-0.35154447,-0.159722552,-0.633886993,-0.103036635,0.749706328
259940276096,92875,0.243979365,-0.144126132,-0.350174516,-0.160884306,-0.627950013,-0.101878442,0.754596531
259956960471,92893,0.242318571,-0.143874198,-0.348702669,-0.162163928,-0.621717572,-0.102191754,0.759425402
259973746774,92909,0.240585953,-0.14321357,-0.347471267,-0.163668558,-0.616855621,-0.103810228,0.762840211
259990318180,92925,0.238656983,-0.142187893,-0.346260428,-0.165344074,-0.612742066,-0.106207997,0.765459597
260006947451,92941,0.236592993,-0.140828595,-0.345075369,-0.167273775,-0.609263957,-0.108804353,0.767449379
260023613857,92959,0.234024614,-0.139067963,-0.343791604,-0.170224875,-0.605320871,-0.111647233,0.769509673
260040276617,92975,0.231535479,-0.137309104,-0.342541724,-0.173420191,-0.600934029,-0.114510775,0.771810293
260056959274,92991,0.229014963,-0.135319725,-0.341102451,-0.176870942,-0.595805764,-0.117660075,0.77452457
260073626565,93008,0.226379991,-0.133090094,-0.339446396,-0.180117443,-0.590492189,-0.120661765,0.777378619
260090448805,93025,0.223827764,-0.130858973,-0.337751627,-0.182394654,-0.586118221,-0.123096935,0.779772282
260106946096,93041,0.221512184,-0.12881352,-0.336221933,-0.183357373,-0.58315593,-0.124672413,0.781515241
260123611982,93057,0.219312489,-0.126812041,-0.334788263,-0.183115616,-0.581217289,-0.12524426,0.7829234
260140280263,93074,0.217054248,-0.124670297,-0.333360881,-0.182232693,-0.579879999,-0.12488322,0.784177721
260156945680,93091,0.214815736,-0.122486159,-0.331975341,-0.181185126,-0.578824162,-0.123909585,0.785354018
260173641930,93107,0.212770998,-0.120335944,-0.330661744,-0.180073783,-0.577916503,-0.12273813,0.786461294
260190274846,93124,0.21061939,-0.117959902,-0.329310417,-0.178811491,-0.577178836,-0.121364467,0.787503541
260206947242,93140,0.20856303,-0.115644194,-0.328122705,-0.17747055,-0.576707006,-0.120324522,0.78831172
260223613857,93157,0.206272691,-0.113180146,-0.326998085,-0.175988123,-0.576477349,-0.119572535,0.788926184
260240300992,93174,0.20381698,-0.11078389,-0.326027632,-0.174537167,-0.576407373,-0.11910446,0.789370358
260256945784,93190,0.201352194,-0.108550899,-0.325205773,-0.173474208,-0.576351881,-0.119058341,0.789652109
260273610211,93207,0.19857569,-0.106181845,-0.324362248,-0.172951192,-0.576228976,-0.119409837,0.789803445
260290297659,93222,0.196071744,-0.104056284,-0.323607802,-0.172832176,-0.575992942,-0.119813189,0.789940536
260306963753,93240,0.193046704,-0.101552978,-0.32276395,-0.172644585,-0.575677454,-0.119674191,0.790232539
260323612867,93256,0.190346226,-0.0994384885,-0.322025001,-0.172069311,-0.575323462,-0.11892198,0.790729225
260340281565,93273,0.187512636,-0.0973258987,-0.321288675,-0.170865282,-0.57507503,-0.117512837,0.791381419
260356944013,93290,0.184792757,-0.0952528119,-0.320715219,-0.169153377,-0.575248599,-0.115145244,0.791970849
260373703857,93306,0.182285264,-0.0933151022,-0.320260584,-0.166925848,-0.575569868,-0.112457991,0.792595923
260390283700,93322,0.179769263,-0.0913833305,-0.319835573,-0.164493531,-0.575855076,-0.110117719,0.793225706
260406959378,93339,0.177069724,-0.0893059373,-0.319468707,-0.16210486,-0.576441526,-0.10805402,0.793575227
260423615784,93356,0.174374491,-0.0872027874,-0.319210112,-0.159903064,-0.577443838,-0.106316216,0.793527961
260440280211,93372,0.171876669,-0.0851753801,-0.319074899,-0.158070177,-0.578585327,-0.104920298,0.793249369
260456956825,93389,0.169223189,-0.0830840319,-0.319015235,-0.155938745,-0.579569757,-0.103740089,0.793107867
260473619273,93406,0.166547492,-0.0811551586,-0.319023818,-0.153554663,-0.580089033,-0.102737382,0.793323815
260490376044,93422,0.164054275,-0.0794638246,-0.319099247,-0.151549488,-0.580087662,-0.101752564,0.793837249
260507121669,93438,0.16157198,-0.0778389499,-0.319212407,-0.150250167,-0.579414725,-0.100962132,0.794676125
260523612607,93456,0.15883261,-0.0759906918,-0.319369227,-0.149722308,-0.57782954,-0.100751281,0.795955718
260540295211,93472,0.156482548,-0.0743498504,-0.319529474,-0.149374127,-0.576170146,-0.100929692,0.797200501
260556951357,93488,0.154182926,-0.0727526397,-0.319753438,-0.148749083,-0.574901938,-0.101035766,0.798218846
260573798805,93505,0.151786566,-0.0711323023,-0.320043832,-0.147693157,-0.573987782,-0.10112939,0.799060524
260590283909,93522,0.149388477,-0.0696350187,-0.320310146,-0.146302909,-0.573226869,-0.10118939,0.799854457
260606944690,93538,0.147155821,-0.0682277381,-0.320512265,-0.145367146,-0.572428226,-0.101094842,0.800608695
260623614169,93554,0.144912243,-0.0667973086,-0.320637733,-0.144742146,-0.571343482,-0.100760967,0.801538348
260640307190,93572,0.14235644,-0.065202862,-0.320662379,-0.143980652,-0.569764495,-0.100147888,0.802875161
260656969690,93588,0.140020549,-0.0637833625,-0.320578367,-0.14338249,-0.568356216,-0.0994943604,0.804060698
260673611930,93604,0.137577653,-0.0624167286,-0.320423692,-0.142756611,-0.567339599,-0.0987766311,0.804978013
260690289117,93621,0.134876579,-0.0610117801,-0.32020548,-0.142316803,-0.566705704,-0.0982658863,0.805564642
260706975732,93638,0.131978869,-0.0595922098,-0.319890022,-0.14262639,-0.566445649,-0.0983714461,0.805679977
260723611357,93654,0.129097089,-0.0582021736,-0.31950748,-0.143729031,-0.56652689,-0.0990402102,0.80534488
260740294429,93670,0.126077682,-0.0567209907,-0.319051445,-0.145084813,-0.566718221,-0.0999049395,0.804860234
260757000940,93688,0.122492462,-0.0550113358,-0.31843707,-0.146352157,-0.566816986,-0.100800358,0.804449499
260773614325,93704,0.119161204,-0.0535070896,-0.317819744,-0.147444457,-0.566684961,-0.101557538,0.804247737
260790309690,93720,0.115704834,-0.0519967899,-0.317133874,-0.148364931,-0.566254556,-0.102127172,0.804309487
260806945992,93736,0.112223767,-0.0504735,-0.316355109,-0.148821995,-0.565524817,-0.102255277,0.80472213
260823661304,93753,0.108460732,-0.0487988554,-0.315445036,-0.148587465,-0.564681113,-0.101923667,0.805399716
260840288752,93770,0.104543582,-0.0471596085,-0.314566731,-0.147099927,-0.564186454,-0.101052575,0.80612874
260856953700,93786,0.100700349,-0.0456949212,-0.313757896,-0.144610569,-0.563882589,-0.100132309,0.806906343
260873752763,93803,0.0964454338,-0.0441107973,-0.312859714,-0.141849041,-0.56366843,-0.0995964482,0.807612062
260890281929,93819,0.0922865719,-0.0425513834,-0.312013805,-0.139933214,-0.563694537,-0.0994959325,0.807940423
260906952659,93836,0.0876714438,-0.0408085734,-0.311077952,-0.138716415,-0.563823104,-0.0999255255,0.808007598
260923619534,93852,0.0831841528,-0.0391240828,-0.310190916,-0.138206556,-0.564118087,-0.100629866,0.807801604
260940315992,93869,0.0783437341,-0.0373698771,-0.309250385,-0.137670755,-0.56483227,-0.101235606,0.807318211
260956942398,93886,0.0734771192,-0.0357270613,-0.308316827,-0.136829436,-0.56603533,-0.101462945,0.806589782
260973874950,93902,0.0688610077,-0.0343119502,-0.307505518,-0.13606064,-0.56749022,-0.101367146,0.805709064
260990332971,93919,0.0638821274,-0.0329072811,-0.306687057,-0.135655254,-0.568849623,-0.101200506,0.804839313
261006952450,93936,0.0588993952,-0.0315287039,-0.305856377,-0.135888383,-0.569636822,-0.10128057,0.804232895
261023608648,93952,0.0542730764,-0.0302025676,-0.305107981,-0.136565655,-0.569963694,-0.101525918,0.803855598
261040275054,93969,0.0494956449,-0.0288667828,-0.304423839,-0.137131393,-0.570104957,-0.101774916,0.803627551
261056940575,93985,0.0451188385,-0.0277541429,-0.303882211,-0.137134552,-0.570042789,-0.102118738,0.803627551
261073632815,94002,0.04053884,-0.0267259479,-0.303383857,-0.136704206,-0.569913566,-0.102698646,0.803718567
261090342086,94019,0.0360429808,-0.0258043855,-0.302941293,-0.136722654,-0.56990546,-0.10329657,0.803644478
261106952294,94035,0.0319078416,-0.0248878151,-0.302496791,-0.137619406,-0.569675863,-0.103729844,0.803598464
261123607606,94051,0.0279452801,-0.0239199735,-0.302003592,-0.138576284,-0.568986356,-0.103872433,0.803904057
261140350679,94068,0.023874402,-0.0228762105,-0.301480114,-0.139102086,-0.568101525,-0.10358943,0.804475367
261156941565,94085,0.0198645666,-0.0218556486,-0.301030695,-0.139294446,-0.567471266,-0.102780633,0.804990411
261173626981,94101,0.0161448419,-0.0209212601,-0.300644249,-0.1392598,-0.567020535,-0.101893999,0.805426657
261190275002,94117,0.0124111325,-0.0199212767,-0.300223589,-0.139693081,-0.566631973,-0.10121081,0.80571115
261206945471,94135,0.00815749168,-0.0186723657,-0.299708933,-0.141514853,-0.566270113,-0.10047625,0.805739641
261223610106,94151,0.00433466583,-0.0175028816,-0.299167573,-0.143871173,-0.565678239,-0.0996230915,0.805843949
261240275158,94167,0.000458754599,-0.0163344964,-0.298521489,-0.146362975,-0.564643145,-0.0987768546,0.80622524
261256947919,94184,-0.0037317723,-0.0150701255,-0.297757626,-0.149381831,-0.56348592,-0.0982048661,0.806551039
261273634221,94201,-0.00797002017,-0.0137681067,-0.296937466,-0.152809724,-0.562829733,-0.0977608338,0.806420982
261290301148,94217,-0.011927288,-0.0125017315,-0.296163648,-0.155872062,-0.562606037,-0.0970868096,0.806072354
261307268804,94234,-0.0161041133,-0.0111918412,-0.295302242,-0.15809457,-0.56227535,-0.0962386578,0.80597192
261323611304,94250,-0.0199917033,-0.010034807,-0.294446647,-0.158953488,-0.561787784,-0.0954701155,0.8062343
261340433023,94267,-0.0240548626,-0.00887776911,-0.293538868,-0.159057751,-0.561434388,-0.094306238,0.806596875
261356941669,94283,-0.0277611464,-0.00780353695,-0.292642653,-0.158952445,-0.561050415,-0.0931608528,0.807017803
261373628544,94300,-0.0315623283,-0.00659709796,-0.291648835,-0.159304842,-0.560425162,-0.092398271,0.807470262
261390347502,94316,-0.0350453928,-0.00545411929,-0.290676504,-0.160063192,-0.559821784,-0.0918883458,0.807797015
261406945627,94333,-0.0386573449,-0.0042758137,-0.289678186,-0.16097562,-0.559464037,-0.0912357122,0.807937503
261424040367,94350,-0.0421526581,-0.00310733914,-0.288696766,-0.162097827,-0.55949229,-0.090647839,0.807759702
261440279013,94366,-0.0452858284,-0.00201253593,-0.287782282,-0.163503617,-0.559719622,-0.0900910422,0.807381034
261456946304,94383,-0.0484475568,-0.000851094723,-0.286839724,-0.165361688,-0.559743226,-0.0893438756,0.807069302
261473627242,94400,-0.0514788106,0.000277340412,-0.285889775,-0.167319223,-0.559352279,-0.0884669349,0.807033479
261490283231,94416,-0.0542432293,0.00129978359,-0.285023957,-0.168965682,-0.558810115,-0.0874652639,0.807175219
261507301148,94432,-0.0569350049,0.00223658606,-0.284227312,-0.170329243,-0.558243692,-0.0863295496,0.80740279
261523620106,94449,-0.0597287565,0.00318323821,-0.283468992,-0.17173779,-0.557501376,-0.0853789449,0.807718337
261540285888,94466,-0.0624654815,0.00410630926,-0.282733679,-0.173346758,-0.556617975,-0.0849050581,0.808033764
261556969377,94482,-0.0649798587,0.00493746251,-0.282042086,-0.175153255,-0.555888832,-0.0845716745,0.808181107
261573674169,94499,-0.067587778,0.00577649474,-0.281354487,-0.177065149,-0.555329323,-0.0838955194,0.808219612
261590331669,94515,-0.0699799657,0.00645798445,-0.280734986,-0.178242251,-0.554851413,-0.0831244215,0.808368742
261606942346,94532,-0.0725143403,0.00704069808,-0.280119658,-0.178861722,-0.554270506,-0.0824584886,0.808698595
261623618648,94549,-0.0751006305,0.00751091912,-0.27953729,-0.179291293,-0.553557932,-0.0819522664,0.809142888
261640292398,94565,-0.0775873363,0.00786467269,-0.27897349,-0.179808244,-0.552573025,-0.0815603137,0.809740782
261656944950,94581,-0.0801338553,0.00811948255,-0.27839148,-0.180635244,-0.551084399,-0.0812562555,0.810601294
261674088075,94598,-0.0828666463,0.00825253874,-0.277738124,-0.181862488,-0.548799992,-0.0811314806,0.811888158
261690434065,94614,-0.0854299963,0.00821409002,-0.277083635,-0.182954952,-0.546231151,-0.0810703337,0.813379765
261706966044,94631,-0.0881313756,0.00800873712,-0.276383191,-0.183728054,-0.543604612,-0.0808599591,0.81498456
261723609637,94647,-0.0906438455,0.00762466341,-0.275721431,-0.18379046,-0.5413149,-0.0804929808,0.816529334
261740275679,94665,-0.0933794156,0.00698270649,-0.274950266,-0.183038279,-0.538791895,-0.0800278708,0.818410575
261756980419,94681,-0.0956697986,0.00631140918,-0.274324328,-0.182129517,-0.536731899,-0.0792937875,0.820036709
261773738440,94697,-0.0978082716,0.00561580434,-0.273814112,-0.181338698,-0.534758747,-0.078175284,0.821606994
261790279377,94714,-0.0998678654,0.00492619351,-0.273389161,-0.180647418,-0.532357633,-0.0770581886,0.823422134
261806946356,94730,-0.101602368,0.00435633585,-0.273159772,-0.179838851,-0.529936731,-0.0759597048,0.825260758
261823607137,94747,-0.103306018,0.00386260822,-0.273122579,-0.178454414,-0.527429998,-0.0743899122,0.827307522
261840346669,94764,-0.104892783,0.00356416032,-0.273226202,-0.17633982,-0.524882853,-0.0726808012,0.829529881
261856945783,94780,-0.106250644,0.00348468497,-0.27343601,-0.17360957,-0.522536695,-0.0712050572,0.831712127
261873611408,94797,-0.107506394,0.00360188261,-0.273784846,-0.170034751,-0.520490885,-0.0697280914,0.833855808
261890370367,94813,-0.10848514,0.00386325642,-0.274230778,-0.166265681,-0.51921767,-0.0681526661,0.835538149
261906954377,94830,-0.109318696,0.00420953706,-0.27480045,-0.161853477,-0.518466949,-0.066151537,0.837030172
261923737710,94846,-0.10993313,0.00455864891,-0.275438637,-0.157753378,-0.518148422,-0.0638589337,0.838187397
261940298283,94863,-0.110417798,0.00490230322,-0.276157618,-0.154000148,-0.51788944,-0.0611659028,0.839245677
261956963492,94880,-0.110703193,0.00521449372,-0.276856184,-0.151328549,-0.517582178,-0.0585001074,0.840110838
261973708596,94896,-0.110758461,0.00544746593,-0.27753669,-0.149996713,-0.517362952,-0.0558446459,0.840665221
261990275783,94913,-0.110553704,0.00555593893,-0.278268486,-0.149534926,-0.517205596,-0.0529306643,0.841032803
262006974742,94929,-0.110112965,0.00550352037,-0.27900669,-0.149910659,-0.517314255,-0.0503838919,0.841055453
262023610262,94946,-0.109399416,0.00523389876,-0.279860288,-0.15109089,-0.517867386,-0.0479617082,0.840645373
262040296929,94962,-0.10847988,0.00473409891,-0.280693024,-0.152573854,-0.518572927,-0.0460030772,0.840051889
262056952085,94979,-0.107172623,0.00396433473,-0.281596154,-0.154407322,-0.519355357,-0.0443084575,0.839324296
262073619950,94996,-0.105494365,0.00289634988,-0.282541692,-0.156176299,-0.520182252,-0.0426916741,0.83856827
262090320575,95012,-0.103662074,0.00157466903,-0.283479422,-0.157401681,-0.520810306,-0.0412216522,0.838022828
262106961252,95029,-0.101581596,-5.89713454e-05,-0.284479499,-0.15860121,-0.52107811,-0.0403384492,0.837673068
262123614794,95045,-0.0995210856,-0.00170307979,-0.285408914,-0.160000801,-0.521069109,-0.0403715223,0.837410867
262140279377,95061,-0.0972960964,-0.0034336634,-0.286330462,-0.16177468,-0.521209121,-0.0409617648,0.836954117
262156944846,95079,-0.0945334435,-0.00550585985,-0.287375659,-0.164114654,-0.52200377,-0.0419995673,0.835951328
262173616564,95095,-0.0918641984,-0.00747841597,-0.288338244,-0.166255534,-0.523459375,-0.0428780504,0.834572256
262190284377,95111,-0.0890183225,-0.00959768519,-0.289323598,-0.168336213,-0.525357842,-0.0435244367,0.832927227
262206939794,95129,-0.0855806172,-0.0121165626,-0.290428847,-0.17091912,-0.527547002,-0.0442489833,0.830977082
262223615627,95145,-0.0823182985,-0.0144216046,-0.291380644,-0.173586547,-0.529534757,-0.0449423194,0.829120576
262240330314,95161,-0.0788622573,-0.0167936422,-0.292312384,-0.176288575,-0.531717479,-0.0457047857,0.827109456
262256947189,95178,-0.0749554858,-0.0193974897,-0.293294728,-0.178994641,-0.53442359,-0.0467709042,0.824721158
262273729064,95194,-0.0710312426,-0.0220019743,-0.2942141,-0.181067616,-0.537408113,-0.0478302948,0.822264791
262290295210,95210,-0.0669452325,-0.0248168558,-0.295149028,-0.182333335,-0.540697992,-0.048706729,0.819773138
262306950314,95228,-0.0623133034,-0.0281284526,-0.296170145,-0.183195055,-0.544209182,-0.0498488843,0.817184865
262323612971,95244,-0.0581947416,-0.0310693532,-0.29698354,-0.183837041,-0.546751618,-0.0513466746,0.815248549
262340281564,95261,-0.0537858158,-0.034020666,-0.297644109,-0.184717074,-0.549107015,-0.0532931201,0.813339472
262356965418,95277,-0.0495925471,-0.0365758464,-0.298090607,-0.185826436,-0.551622868,-0.0551214404,0.811259747
262373668023,95294,-0.0450861081,-0.0391562507,-0.298462242,-0.186744258,-0.555030167,-0.0566989332,0.808612049
262390272346,95310,-0.0408591852,-0.0415182374,-0.298733711,-0.18691659,-0.558883011,-0.0576822162,0.805844188
262406944325,95327,-0.036442697,-0.0439490974,-0.298973471,-0.186419755,-0.563245296,-0.0583451726,0.802868843
262423611304,95344,-0.0320911855,-0.0461620949,-0.299104154,-0.185716152,-0.567501307,-0.0588022582,0.799996257
262440279741,95360,-0.0279921293,-0.0479898676,-0.299080282,-0.185240984,-0.571213126,-0.0591695085,0.797433615
262456945627,95376,-0.0238272995,-0.049627576,-0.298932195,-0.184975207,-0.574701846,-0.059547402,0.794956625
262473668491,95393,-0.0192963108,-0.051266294,-0.298741847,-0.184659213,-0.578578651,-0.0596866347,0.79220283
262490338595,95410,-0.0146956593,-0.0529323891,-0.298609346,-0.183718726,-0.58275795,-0.059190318,0.789390385
262507808752,95427,-0.0100923926,-0.0546433665,-0.298454851,-0.182107463,-0.586841226,-0.0585658439,0.786781073
262523644273,95443,-0.00573568791,-0.0562366582,-0.298280954,-0.180435702,-0.590456784,-0.0582828447,0.784478784
262540286408,95460,-0.000953301787,-0.057908535,-0.298046321,-0.178951293,-0.594398141,-0.0581073128,0.781850874
262556940627,95476,0.00371368974,-0.0594848208,-0.297787249,-0.177966446,-0.598374546,-0.0577113517,0.77906692
262573645887,95493,0.00881958753,-0.0612384565,-0.297479272,-0.176939204,-0.602608979,-0.0571572296,0.776072204
262590289377,95509,0.0137120113,-0.0630481541,-0.297172248,-0.175872758,-0.606568456,-0.0563238896,0.773285985
262606966408,95525,0.0186631754,-0.0650125667,-0.296861708,-0.175089538,-0.610397696,-0.0550718009,0.770535767
262623672814,95543,0.0243321806,-0.0672336668,-0.296452224,-0.174986288,-0.614150107,-0.0535839573,0.767677188
262640298127,95559,0.0294638388,-0.0691275448,-0.296020389,-0.175558612,-0.617010951,-0.0523498133,0.76533407
262656967345,95575,0.0346763544,-0.0710072294,-0.295559198,-0.17644687,-0.619617879,-0.0512977727,0.763091624
262673666720,95592,0.0403073542,-0.0730476305,-0.295090735,-0.177386761,-0.622312069,-0.0505397469,0.7607283
262691455106,95610,0.0463756993,-0.0752963722,-0.294665694,-0.177992702,-0.625260949,-0.0501721688,0.758188784
262706959845,95625,0.0515042692,-0.0772182196,-0.294350326,-0.178180248,-0.627794504,-0.0503398962,0.756036937
262723621200,95642,0.0573583692,-0.0794176236,-0.293995261,-0.178206176,-0.630735397,-0.0510241874,0.753533065
262740286304,95658,0.0629445761,-0.081459038,-0.2936306,-0.17828171,-0.633544028,-0.0518792793,0.751096666
262756945210,95674,0.0686511099,-0.0834580064,-0.293213397,-0.178327784,-0.636281729,-0.0525403507,0.748721838
262773838283,95692,0.0751249939,-0.0856918097,-0.292723298,-0.178220615,-0.639148593,-0.0528055429,0.746282876
262790287814,95708,0.0808405429,-0.0876893252,-0.292283058,-0.17792207,-0.641323626,-0.0527321808,0.74449116
262806949220,95724,0.0864868015,-0.0897056535,-0.291845024,-0.177471682,-0.643178523,-0.0524400622,0.743017673
262823660470,95741,0.0924307555,-0.0918332189,-0.291356206,-0.176808342,-0.645019174,-0.0519589521,0.741612732
262840341668,95758,0.098276794,-0.0939124376,-0.290872633,-0.176012889,-0.647025466,-0.0513820238,0.740092933
262856973179,95774,0.103606939,-0.0957846418,-0.29046762,-0.175294042,-0.648979187,-0.0510277711,0.738575876
262873885679,95791,0.109023191,-0.0976683125,-0.290103793,-0.174654528,-0.650866628,-0.0511108451,0.737059116
262890290627,95807,0.11390917,-0.0992862359,-0.289826065,-0.174556792,-0.652492523,-0.0516923629,0.735602796
262906946668,95824,0.118981108,-0.100774474,-0.289535642,-0.175043926,-0.654208302,-0.0524901748,0.73390466
262923616772,95840,0.123729035,-0.101985298,-0.289234251,-0.175684571,-0.655889452,-0.0530708134,0.732207298
262940297449,95857,0.128740638,-0.103177786,-0.288873464,-0.176177993,-0.657760024,-0.0535691977,0.73037219
262957014793,95874,0.133711845,-0.104330942,-0.288518369,-0.176527336,-0.659902513,-0.0539756976,0.728322387
262973632502,95890,0.138401076,-0.105343752,-0.288168818,-0.176967457,-0.662108839,-0.0543939099,0.726178885
262990281929,95907,0.143440664,-0.106325783,-0.287731886,-0.177692696,-0.664494693,-0.0549085177,0.723779857
263006945106,95923,0.148272693,-0.107214093,-0.28726542,-0.178561807,-0.666582108,-0.0552526601,0.721617103
263023714897,95940,0.153460771,-0.108185068,-0.286671907,-0.179223567,-0.668428898,-0.0556489266,0.719711661
263040284012,95957,0.158728942,-0.109221332,-0.286036342,-0.179459244,-0.670156777,-0.0560234152,0.718015194
263056951199,95973,0.163741007,-0.11029309,-0.285479009,-0.179202855,-0.671903908,-0.0563367419,0.716420054
263073620002,95989,0.168698192,-0.111434832,-0.284975857,-0.178802863,-0.673659205,-0.0568550006,0.714828908
263090292606,96006,0.17390129,-0.112674385,-0.284433007,-0.178434804,-0.675312161,-0.0577367507,0.713288903
263107867554,96023,0.179040104,-0.113943167,-0.283854485,-0.177967101,-0.676810205,-0.0584141351,0.711929381
263123622762,96039,0.183804631,-0.11526069,-0.283261836,-0.17741178,-0.678224266,-0.0588284805,0.710687101
263140280314,96055,0.188445091,-0.116709366,-0.282645524,-0.17697145,-0.679540455,-0.0593503155,0.709495187
263156985366,96073,0.193510503,-0.11852067,-0.28187266,-0.176318124,-0.680711508,-0.0603791103,0.708447754
263173637658,96089,0.19790256,-0.120271102,-0.281122088,-0.175682634,-0.681843281,-0.0618960597,0.70738554
263190278387,96105,0.202201754,-0.122062132,-0.280397356,-0.175321728,-0.683476686,-0.0638514757,0.705722988
263206945001,96122,0.206730843,-0.124028556,-0.27964583,-0.174958691,-0.685577273,-0.0660792962,0.703567266
263223616251,96139,0.211186484,-0.126129627,-0.278829962,-0.174445391,-0.687672973,-0.0684937984,0.7014153
263240278439,96155,0.215317324,-0.128265828,-0.277981043,-0.173811927,-0.689604998,-0.0711219236,0.699411273
263256940470,96172,0.219673485,-0.130675822,-0.277086973,-0.173204303,-0.691802382,-0.0740886256,0.697080135
263273627554,96188,0.22373952,-0.133007988,-0.276259363,-0.172965139,-0.69368726,-0.0769116282,0.694957316
263290496304,96204,0.227779076,-0.135354981,-0.275351465,-0.17311126,-0.69487673,-0.0798752308,0.693396509
263306955158,96222,0.23224324,-0.138030544,-0.27418521,-0.173616394,-0.695379853,-0.0830066577,0.692397416
263323610522,96238,0.236155719,-0.140547007,-0.273040235,-0.173993796,-0.69558239,-0.0852353722,0.691828251
263340277606,96254,0.240027964,-0.14312534,-0.271840483,-0.174057811,-0.696036518,-0.0870203301,0.691132784
263356944897,96272,0.244300216,-0.145984888,-0.270450026,-0.173682123,-0.696957171,-0.088834554,0.690067947
263373700314,96288,0.247993007,-0.148491666,-0.269180477,-0.173053265,-0.697906554,-0.0903669521,0.689066708
263390376616,96304,0.251502812,-0.150931358,-0.26786989,-0.172251061,-0.698814332,-0.0918919072,0.688145339
263406942449,96320,0.254838884,-0.153289646,-0.266503632,-0.171596229,-0.699672401,-0.0934373662,0.687228322
263423624845,96338,0.258296579,-0.155818552,-0.264932543,-0.171128139,-0.700597525,-0.0952747762,0.686149418
263440292658,96354,0.261066169,-0.157942653,-0.263516068,-0.171056449,-0.7013551,-0.0972626209,0.685113728
263457009741,96370,0.26355806,-0.159890741,-0.262102187,-0.171396419,-0.702061951,-0.0996401682,0.683962166
263473632189,96387,0.265929163,-0.161687404,-0.260618478,-0.172131076,-0.702863216,-0.102072865,0.682594597
263490556460,96404,0.268100381,-0.163264811,-0.259112388,-0.172803536,-0.703845084,-0.103687994,0.68116796
263507796824,96421,0.269994706,-0.164662793,-0.2576015,-0.173174515,-0.705086529,-0.104222879,0.679706693
263523609689,96436,0.271457285,-0.165749013,-0.256248653,-0.173253134,-0.706404269,-0.103737541,0.678391457
263540609116,96454,0.272969604,-0.166894823,-0.254631847,-0.172955558,-0.708142221,-0.102043606,0.676910758
263556948178,96470,0.274062037,-0.167757481,-0.253236175,-0.172419086,-0.709693491,-0.100023054,0.675723493
263573617449,96486,0.274941355,-0.168468729,-0.251875907,-0.171604037,-0.711209595,-0.0979355127,0.674641788
263590326095,96503,0.275616437,-0.169047385,-0.250561327,-0.170447677,-0.712842166,-0.0958589911,0.673509181
263606947553,96520,0.276024669,-0.169446737,-0.249375209,-0.169247523,-0.71444577,-0.0942473114,0.672339261
263626835314,96536,0.276121646,-0.169684067,-0.248275563,-0.168225735,-0.715851426,-0.0933255926,0.67122817
263640277658,96553,0.275952607,-0.169757828,-0.247471213,-0.167533055,-0.717167616,-0.0929896384,0.670041919
263656946616,96569,0.275546521,-0.169743434,-0.246711448,-0.167517602,-0.718200862,-0.0930565074,0.668928921
263673626876,96586,0.274892747,-0.169644445,-0.245986074,-0.167922869,-0.719051182,-0.0931035131,0.667906463
263690296199,96602,0.274130583,-0.169524044,-0.245355263,-0.16833052,-0.719718993,-0.092917785,0.667109966
263706960939,96619,0.273192555,-0.169408292,-0.24478893,-0.168718591,-0.720400393,-0.0925288722,0.666330099
263723613960,96635,0.272220224,-0.169341281,-0.244342536,-0.168936357,-0.720917463,-0.0921774209,0.665764153
263740291980,96652,0.271103233,-0.169267535,-0.243971854,-0.169103175,-0.721177578,-0.0922021121,0.665436566
263756998335,96669,0.269922018,-0.169184417,-0.243736669,-0.169342652,-0.721212387,-0.0927834362,0.665257156
263773616824,96685,0.268761307,-0.169134945,-0.243614599,-0.169608176,-0.721104503,-0.0937616751,0.665169358
263790313960,96701,0.267532706,-0.169136867,-0.243558407,-0.169935435,-0.720853567,-0.0951140374,0.665165782
263806956095,96718,0.266198069,-0.169207603,-0.243518084,-0.170576692,-0.720452189,-0.0967360586,0.665202498
263823627293,96735,0.264836848,-0.169372171,-0.243515819,-0.171644643,-0.719921589,-0.0982812196,0.665275753
263840285939,96751,0.263549149,-0.169618875,-0.243537873,-0.173061609,-0.719268203,-0.0996625945,0.665409982
263856947032,96768,0.262194842,-0.169924319,-0.243558258,-0.174796402,-0.718467951,-0.100944266,0.665627778
263873663803,96785,0.260879904,-0.170254141,-0.24358198,-0.176282108,-0.717749238,-0.101725139,0.665892482
263890297814,96801,0.259710461,-0.170605212,-0.243636608,-0.177278697,-0.717336595,-0.102047086,0.666023195
263906947814,96817,0.258593857,-0.17098847,-0.243773833,-0.177864775,-0.717193723,-0.102206424,0.665996373
263923636355,96834,0.257478982,-0.171454966,-0.243969798,-0.177924037,-0.717153251,-0.102314822,0.666007519
263940284116,96851,0.256438553,-0.171910226,-0.244205147,-0.177591354,-0.717099607,-0.102547757,0.666118205
263956952866,96867,0.255532712,-0.172250405,-0.244482815,-0.177247584,-0.717065096,-0.10285861,0.666199028
263973832085,96884,0.254665673,-0.17255263,-0.244815677,-0.176864922,-0.716977775,-0.103186965,0.666343927
263990273387,96901,0.253852457,-0.172840104,-0.245214626,-0.17657344,-0.716725171,-0.10357973,0.666631937
264006956355,96917,0.25315544,-0.173120722,-0.245635748,-0.176621154,-0.716343462,-0.103973672,0.666968107
264023624116,96933,0.252518952,-0.173385769,-0.24607718,-0.17698954,-0.715861917,-0.104207993,0.667350888
264040279428,96950,0.251930386,-0.173597723,-0.246545166,-0.177691355,-0.715349138,-0.104269072,0.667704582
264056968803,96967,0.251451761,-0.173745453,-0.247031257,-0.178575754,-0.714984596,-0.104224294,0.667866111
264073649689,96983,0.25109762,-0.173864201,-0.247535825,-0.179382488,-0.71483618,-0.104105949,0.667827249
264090380366,96999,0.250845134,-0.173994914,-0.248071045,-0.180120304,-0.714755714,-0.103957169,0.667737842
264106945887,97017,0.250640184,-0.174130976,-0.248705029,-0.180957139,-0.714489222,-0.103839017,0.667815268
264123613334,97033,0.250537723,-0.17420727,-0.249243066,-0.181755453,-0.713996768,-0.103778586,0.668134511
264140330782,97049,0.25049752,-0.174231708,-0.249764934,-0.1826168,-0.71334511,-0.103685051,0.668609977
264156938178,97067,0.250513226,-0.174225092,-0.250358731,-0.183436066,-0.712609947,-0.103528321,0.669193685
264173804584,97083,0.250578374,-0.174214333,-0.250884235,-0.18386367,-0.712101758,-0.103268869,0.66965729
264190408959,97099,0.250650823,-0.174202815,-0.251423568,-0.1839232,-0.711762309,-0.102809504,0.670072317
264206947189,97115,0.250765949,-0.174183175,-0.251926482,-0.183636725,-0.711493075,-0.102175891,0.670533597
264223616772,97132,0.250910163,-0.174154177,-0.252416134,-0.183087677,-0.711200535,-0.101352565,0.671118796
264240288386,97149,0.25105232,-0.174127996,-0.252858132,-0.182603866,-0.710840464,-0.100496374,0.671760559
264256987501,97165,0.251182199,-0.174093664,-0.253198773,-0.182329521,-0.710375905,-0.0998781472,0.672418416
264273645209,97182,0.251301438,-0.174017176,-0.253498465,-0.182283655,-0.709810257,-0.0995189622,0.67308104
264290285053,97199,0.251419693,-0.173937321,-0.253732204,-0.182430476,-0.709369004,-0.0993639678,0.673529267
264306992449,97215,0.251532674,-0.173886195,-0.253885001,-0.182630867,-0.709155738,-0.0992417559,0.673717439
264323610886,97231,0.251665831,-0.173867568,-0.253943324,-0.182827801,-0.70913285,-0.0990369469,0.673718274
264340275678,97249,0.251821756,-0.173894465,-0.253917724,-0.183007881,-0.709314883,-0.0985407606,0.673550546
264356952136,97265,0.25193882,-0.173956722,-0.253835261,-0.183195591,-0.70960778,-0.0979374349,0.673278868
264373724220,97282,0.252035379,-0.17403169,-0.253683448,-0.183485195,-0.709907353,-0.0973846689,0.672964275
264390327189,97297,0.252099037,-0.174091786,-0.253504246,-0.183757871,-0.710092247,-0.0971312448,0.672731519
264406948386,97314,0.252156049,-0.174141437,-0.253265649,-0.184041083,-0.710204542,-0.0971115455,0.67253828
264423614428,97332,0.252153128,-0.174175724,-0.252978891,-0.184191152,-0.710211158,-0.0974030197,0.672448039
264440278855,97348,0.252098441,-0.174205124,-0.252682954,-0.184083894,-0.710196912,-0.0978456363,0.67242825
264456950053,97364,0.252006173,-0.17423597,-0.252370924,-0.183682844,-0.710316122,-0.0982585698,0.672351778
264474064897,97381,0.251856416,-0.174236715,-0.252058655,-0.183012635,-0.710642815,-0.0986318812,0.672134638
264490422605,97398,0.251667678,-0.174176902,-0.251758099,-0.182336837,-0.711045921,-0.0991131291,0.671821177
264506943438,97414,0.251461506,-0.174069718,-0.251492798,-0.181851596,-0.711321354,-0.0997309983,0.671569526
264523610001,97430,0.251246482,-0.173917204,-0.2512196,-0.181412861,-0.711468637,-0.100540444,0.671411514
264540276303,97447,0.251048416,-0.173710436,-0.25093627,-0.180885017,-0.711691201,-0.101462342,0.671179295
264557053126,97464,0.250904709,-0.17349419,-0.250696868,-0.18022123,-0.712198973,-0.10217955,0.670710325
264573690313,97480,0.25080651,-0.173281059,-0.250494897,-0.179262221,-0.712846577,-0.102691256,0.670201004
264590279688,97497,0.250723898,-0.173006803,-0.2503317,-0.177982092,-0.713615358,-0.102990016,0.669677973
264606966303,97513,0.250677735,-0.172691017,-0.2502051,-0.176694423,-0.714251459,-0.102987207,0.669341207
264623633647,97530,0.250626147,-0.172305197,-0.250080884,-0.17539449,-0.71460402,-0.102877453,0.669323742
264640375157,97547,0.250540912,-0.171863303,-0.249971449,-0.174425349,-0.714587688,-0.102769628,0.669610858
264656941563,97563,0.250443637,-0.171370462,-0.249891818,-0.173702896,-0.714354813,-0.102594286,0.670073867
264673633334,97579,0.250330448,-0.170784682,-0.249875501,-0.172982961,-0.7141155,-0.102280669,0.670562983
264690366824,97595,0.250181228,-0.170152456,-0.24994415,-0.17217502,-0.714095891,-0.101664864,0.670885265
264706945365,97613,0.249953434,-0.169425383,-0.250102341,-0.17114982,-0.714364529,-0.100430928,0.671047449
264723810990,97629,0.249678716,-0.168795019,-0.250277519,-0.17013818,-0.714739799,-0.0988170654,0.671144724
264740291563,97645,0.249312237,-0.168155178,-0.250502199,-0.169020638,-0.715164065,-0.0969319791,0.671250105
264756943126,97663,0.248741254,-0.167363942,-0.250838786,-0.167880356,-0.715678275,-0.0947212726,0.671303749
264773714324,97679,0.248052463,-0.166605815,-0.251200199,-0.167106777,-0.716169059,-0.0926624462,0.671260774
264790295470,97695,0.247156084,-0.165778443,-0.251633883,-0.166741595,-0.716619909,-0.0906038433,0.67115134
264807168282,97712,0.245906919,-0.164756209,-0.252155364,-0.167021826,-0.716941476,-0.0887487382,0.670986056
264823653022,97729,0.244391292,-0.163521811,-0.25273031,-0.167964056,-0.717113197,-0.0870934725,0.670784235
264840282293,97745,0.24275817,-0.162148833,-0.253294587,-0.169021443,-0.717116475,-0.085369654,0.67073673
264856973438,97762,0.240796864,-0.160460353,-0.253916174,-0.169727474,-0.717083991,-0.0832617134,0.670858204
264873632188,97778,0.238752395,-0.158697858,-0.254610032,-0.16967161,-0.717400193,-0.0806527585,0.670852959
264890546511,97795,0.236367047,-0.156707048,-0.255479932,-0.168517068,-0.718093336,-0.0770785362,0.670822501
264906971459,97812,0.233744323,-0.154564083,-0.256481409,-0.166508779,-0.718766689,-0.0734321848,0.671011925
264923612188,97828,0.231021449,-0.152383521,-0.257487774,-0.164288685,-0.719193578,-0.0704374015,0.67142272
264940300782,97844,0.228107676,-0.150051221,-0.258543015,-0.161903754,-0.719426274,-0.0678287148,0.672021151
264956943647,97861,0.224845842,-0.147419959,-0.259740174,-0.159248069,-0.719643295,-0.0655048713,0.672653556
264973928126,97878,0.221368313,-0.144684047,-0.261030585,-0.156458512,-0.720056474,-0.0635823458,0.673050284
264990316563,97894,0.217939675,-0.142053246,-0.262351185,-0.153867483,-0.720628321,-0.0617934987,0.673202217
265006944688,97911,0.21415627,-0.139235824,-0.263776809,-0.151161328,-0.721178412,-0.0596142001,0.673422635
265023633178,97927,0.210519999,-0.136542067,-0.26515156,-0.148762152,-0.721448123,-0.0573175922,0.673867345
265040282501,97944,0.206542045,-0.133657709,-0.266612709,-0.146437213,-0.721380115,-0.0546567775,0.674669921
265057008178,97961,0.202430785,-0.130737379,-0.268050075,-0.144225657,-0.721017063,-0.051792793,0.675759494
265073639740,97977,0.198452353,-0.127913624,-0.269421011,-0.142232612,-0.720644355,-0.0490865707,0.676780701
265090284480,97994,0.194049612,-0.124900296,-0.270933747,-0.140267566,-0.720569432,-0.0462559275,0.677469671
265106974115,98010,0.18979311,-0.122064464,-0.272471309,-0.138503268,-0.720874965,-0.0435751677,0.67768538
265123612605,98027,0.18514508,-0.119087137,-0.274196655,-0.136840597,-0.721382499,-0.0407337807,0.67765981
265140288699,98043,0.180725455,-0.116261601,-0.27584669,-0.135657147,-0.721685588,-0.0381463505,0.677725554
265156958959,98060,0.176109761,-0.113147095,-0.27758792,-0.13485682,-0.721648812,-0.0353424959,0.678076327
265173610990,98076,0.171833873,-0.110169835,-0.279197574,-0.134113744,-0.72126472,-0.0323245674,0.678782701
265190283907,98093,0.167379484,-0.107014343,-0.280918807,-0.132893026,-0.720576346,-0.0288694203,0.679908633
265206944011,98110,0.162948489,-0.103923649,-0.282688737,-0.130975023,-0.720000565,-0.0254342835,0.681027055
265223610417,98126,0.158757105,-0.101119623,-0.284436762,-0.128669634,-0.719986022,-0.0222671628,0.681592584
265240276719,98142,0.15447396,-0.0983540267,-0.286274254,-0.126673281,-0.720482528,-0.0196880195,0.681521237
265256962969,98160,0.149550885,-0.0952066109,-0.288356125,-0.125644699,-0.721372008,-0.0180088282,0.680816829
265273631719,98176,0.145138279,-0.0923271179,-0.290183187,-0.125654787,-0.722392976,-0.0171691068,0.679753304
265290337709,98192,0.140703157,-0.0894318074,-0.291997671,-0.125953302,-0.723739147,-0.0164044239,0.678283393
265306947449,98209,0.135973692,-0.0864356905,-0.293928444,-0.126018018,-0.725640953,-0.0155546134,0.676256418
265323611563,98226,0.131213844,-0.0835850537,-0.29588151,-0.125464186,-0.727946222,-0.014399589,0.673903346
265340283074,98242,0.126696154,-0.0810872614,-0.297749937,-0.124492995,-0.730146408,-0.0128188347,0.671731651
265356943074,98258,0.122097977,-0.0786851794,-0.299637139,-0.123807333,-0.731884062,-0.011185837,0.669994295
265373693542,98276,0.116774105,-0.07597287,-0.301708668,-0.123759933,-0.732962608,-0.00950142182,0.668849051
265390279688,98292,0.111952305,-0.0735162199,-0.303487182,-0.124194078,-0.733264565,-0.0076385932,0.668461382
265406944740,98308,0.107070953,-0.0710733011,-0.30523634,-0.124562092,-0.733174324,-0.00534861209,0.668514192
265423624324,98325,0.101842746,-0.068573676,-0.307115912,-0.124419235,-0.732981861,-0.00284093362,0.668767095
265440275938,98342,0.0966373011,-0.0661980957,-0.309095502,-0.123639509,-0.732949674,-0.000226186588,0.668953001
265456945313,98358,0.0917493999,-0.0640684366,-0.311039805,-0.122582063,-0.73293525,0.00222335756,0.669159651
265473646251,98375,0.086480394,-0.0618609786,-0.313156366,-0.121676192,-0.732638478,0.00442312937,0.669638932
265491093542,98391,0.0814794451,-0.0598125532,-0.315149307,-0.121050611,-0.731918097,0.00616555009,0.67052573
265506967292,98408,0.0762637705,-0.0576355197,-0.317230582,-0.120458081,-0.730747819,0.00788505748,0.671889365
265523611824,98424,0.0715099722,-0.0556186289,-0.319166869,-0.119716227,-0.729380667,0.00943701155,0.673485577
265540281823,98441,0.0666586086,-0.0535278134,-0.321192294,-0.11833898,-0.727747738,0.0110393725,0.675468206
265556944115,98458,0.0620490909,-0.0515421405,-0.323228329,-0.11631839,-0.725990593,0.0128517877,0.677674413
265573653490,98474,0.0579433255,-0.0498115681,-0.325117111,-0.113627926,-0.724081874,0.0146279763,0.680132508
265590288334,98491,0.0538330823,-0.048012536,-0.327048987,-0.110142045,-0.721836925,0.016046958,0.68305397
265606944480,98507,0.0501662754,-0.0463378653,-0.32882762,-0.106462918,-0.719717503,0.0169354361,0.685846627
265623618594,98524,0.0464815274,-0.0445926972,-0.330663115,-0.102419347,-0.717430055,0.0174687374,0.688839138
265640278178,98540,0.0431040972,-0.0430357717,-0.332335025,-0.0985574871,-0.715138972,0.0173303168,0.691782057
265656956251,98557,0.039661333,-0.0414647833,-0.333997488,-0.0943803564,-0.712830782,0.0164920185,0.694760799
265673667917,98573,0.0366544127,-0.0400527045,-0.335467011,-0.0903773978,-0.711199999,0.0156977437,0.696979344
265690281876,98590,0.0336752534,-0.0386699922,-0.336946458,-0.0859697685,-0.710046947,0.0150368139,0.698724926
265706958230,98607,0.0309191123,-0.0374260731,-0.338307053,-0.081746079,-0.709313869,0.0143630886,0.699989438
265723610782,98623,0.0284781456,-0.0363764241,-0.339502037,-0.0782385692,-0.708775401,0.0137660606,0.700947046
265740284948,98639,0.0261813626,-0.0354032964,-0.340583295,-0.0755488425,-0.708133519,0.01325271,0.701900065
265756940730,98657,0.0237770677,-0.034338329,-0.341633707,-0.0736009628,-0.707251966,0.0126191806,0.703006685
265773682448,98673,0.0218314379,-0.033435449,-0.342445076,-0.0726782754,-0.706567168,0.0122145209,0.703797996
265790283125,98689,0.0201240629,-0.0326671079,-0.343123823,-0.0722963139,-0.706033647,0.012166434,0.70437336
265806946719,98706,0.0185394362,-0.0320409164,-0.343712181,-0.0722126961,-0.705437541,0.0123819588,0.704975128
265823646146,98723,0.0172298849,-0.0315670408,-0.344134361,-0.0723866299,-0.704810321,0.0125621352,0.705581188
265840279428,98739,0.0162699372,-0.0312295072,-0.344430119,-0.0727074072,-0.704473972,0.0128459688,0.705878973
265856942292,98755,0.0156347454,-0.0309907086,-0.344601333,-0.0729674175,-0.704530954,0.0133799715,0.705785334
265873628178,98773,0.0153255537,-0.0308773629,-0.344639987,-0.0730819777,-0.705082238,0.0141228726,0.705208302
265890282813,98789,0.0153927505,-0.0309626833,-0.344570965,-0.0730470642,-0.705830932,0.0148383025,0.704447865
265907070261,98805,0.0158333033,-0.0312692821,-0.344397157,-0.0729566142,-0.706682503,0.0156589579,0.703585148
265923612605,98822,0.0166118741,-0.0318845324,-0.344148755,-0.0733508617,-0.707621455,0.0164947435,0.70258069
265940280053,98839,0.0177392736,-0.0327522643,-0.343778491,-0.0745676532,-0.708348691,0.0169651154,0.701707959
265956942917,98855,0.0191182047,-0.0337379649,-0.343292952,-0.0762380809,-0.70873028,0.0169656072,0.701142967
265973660313,98872,0.0209156126,-0.0350039676,-0.34266746,-0.0780806765,-0.709109426,0.0166184641,0.700564802
265990652032,98888,0.0229582414,-0.0364368185,-0.341992199,-0.0794942006,-0.709778309,0.0159443635,0.699743688
266006958855,98905,0.0254085436,-0.0382320322,-0.341245979,-0.0803130567,-0.710993528,0.0148676764,0.698439002
266023615990,98921,0.028018795,-0.0401034057,-0.340512574,-0.080378674,-0.712510467,0.0136108585,0.696909606
266040307396,98938,0.0310408846,-0.0422433466,-0.339718908,-0.0799391568,-0.714258373,0.0119134942,0.695199847
266056953750,98954,0.0340565667,-0.0443549938,-0.338929474,-0.0794687867,-0.715843439,0.00980760995,0.693654597
266074167448,98971,0.0374373049,-0.0466453023,-0.338024169,-0.0792233422,-0.71735394,0.00719733303,0.692152619
266090417084,98988,0.0409659036,-0.0489546396,-0.337070197,-0.0793123543,-0.718643606,0.00433558831,0.690827131
266106948282,99004,0.0444736294,-0.0511272661,-0.336095572,-0.079578273,-0.7197631,0.00148491946,0.689642131
266123611823,99020,0.0480986871,-0.0533484668,-0.335071772,-0.0797741115,-0.720988989,-0.00122285867,0.68833822
266140279271,99038,0.0524220429,-0.0558280125,-0.333854467,-0.079644002,-0.722647071,-0.00380692771,0.68660289
266156949427,99054,0.0565113761,-0.0579487868,-0.332682997,-0.07911437,-0.724413216,-0.00567576475,0.684787691
266173641927,99070,0.0608038157,-0.0600188375,-0.331469506,-0.0780848563,-0.726447403,-0.00701311929,0.682735562
266190295469,99087,0.0656188428,-0.0621619634,-0.330143541,-0.0764019415,-0.728679478,-0.00798628014,0.680532992
266206968490,99103,0.0703080297,-0.0641510263,-0.328865558,-0.0742020682,-0.73070848,-0.0087262867,0.678589046
266223625000,99120,0.0754842758,-0.0661920384,-0.327497572,-0.0714369118,-0.732875228,-0.00954264868,0.67653501
266240309011,99136,0.0804836452,-0.0680375099,-0.326211303,-0.0688438267,-0.735017598,-0.010542661,0.674461722
266257038073,99153,0.0858883709,-0.0699575394,-0.324843049,-0.0664228722,-0.737343609,-0.0120479465,0.672136426
266273619896,99170,0.0913752392,-0.0718429685,-0.323462367,-0.0644782409,-0.739661217,-0.0139597012,0.669738114
266290286146,99186,0.0965902805,-0.0736494064,-0.322151721,-0.0630999133,-0.741946697,-0.015712779,0.667298079
266306945677,99203,0.102292858,-0.0756590068,-0.320722282,-0.0621624403,-0.7445122,-0.017212715,0.664485693
266323615938,99219,0.107758477,-0.0776307881,-0.319334894,-0.0619682036,-0.746938169,-0.018254593,0.661747813
266340294479,99236,0.113625079,-0.0797890797,-0.317801923,-0.0624791943,-0.749293745,-0.0189482104,0.659011662
266356941667,99253,0.119484149,-0.0819631219,-0.31622377,-0.0634356365,-0.751513004,-0.0193031859,0.656377673
266373615521,99269,0.12501061,-0.0839657784,-0.314789057,-0.0648306832,-0.753902733,-0.0193552841,0.653492987
266390278490,99285,0.130621389,-0.0859441459,-0.313387364,-0.0665841177,-0.756442428,-0.0191996135,0.650379002
266406942396,99303,0.136927545,-0.0881518275,-0.311813444,-0.0690109655,-0.758997381,-0.0192268305,0.647140563
266423620990,99319,0.142509222,-0.0900644362,-0.310436606,-0.0715538785,-0.760884702,-0.0196028631,0.644631922
266440277604,99335,0.14804478,-0.0919564068,-0.309080482,-0.0742045566,-0.762533486,-0.0200054925,0.642367721
266456954323,99352,0.153924465,-0.0939280242,-0.307666153,-0.0768029094,-0.764114141,-0.0203934163,0.640168011
266473627031,99369,0.159823373,-0.0958592817,-0.30632326,-0.0788913593,-0.765534997,-0.0209818669,0.638194501
266490283646,99385,0.165396422,-0.0976751596,-0.305146635,-0.0804820433,-0.76665926,-0.021760067,0.636618257
266508308906,99403,0.171713412,-0.0997477919,-0.303897411,-0.0818725973,-0.767412961,-0.0229823273,0.635488868
266523610990,99418,0.176929981,-0.1014878,-0.3028844,-0.0827714428,-0.767562628,-0.0245345831,0.635133564
266540279011,99435,0.182842538,-0.103447676,-0.30176729,-0.083502464,-0.767436862,-0.0267748553,0.635099292
266556943750,99451,0.188482225,-0.105319723,-0.300764322,-0.0837058425,-0.767154217,-0.0290965009,0.635311902
266573618542,99468,0.194509849,-0.107394308,-0.299764991,-0.0834711418,-0.766638517,-0.0319422446,0.635828316
266590305052,99484,0.200221479,-0.109439909,-0.298856199,-0.0829476118,-0.765871584,-0.0351002924,0.636654139
266606949063,99501,0.206344739,-0.11180494,-0.297888011,-0.0819298103,-0.764770091,-0.0384351164,0.637916148
266623608542,99518,0.212555736,-0.114385277,-0.296886444,-0.0801813602,-0.76337564,-0.0416623726,0.639603615
266640275052,99534,0.218445346,-0.116975732,-0.295923084,-0.0780392364,-0.761956811,-0.0449956059,0.641332269
266656946719,99551,0.224703491,-0.119858518,-0.294922799,-0.0755706802,-0.760445893,-0.0490804985,0.643119276
266673652188,99567,0.230563551,-0.122602507,-0.294006944,-0.0734394267,-0.759052098,-0.053652592,0.644645691
266690461458,99584,0.236753821,-0.125491291,-0.293029964,-0.0717801228,-0.75780046,-0.0593000725,0.645809293
266706944688,99600,0.242597923,-0.128234833,-0.292106658,-0.0708579794,-0.757047892,-0.0647537336,0.646269739
266723612865,99617,0.248804092,-0.131188303,-0.29104954,-0.0705057904,-0.756697237,-0.0700814724,0.646163225
266740275365,99634,0.254977852,-0.134167135,-0.289914191,-0.0708958432,-0.756655455,-0.0745567754,0.645668387
266756974531,99650,0.260759234,-0.136976421,-0.288772136,-0.0719602332,-0.756690204,-0.0777080432,0.645138144
266773670365,99666,0.266512573,-0.139797837,-0.287523985,-0.0734995082,-0.756657779,-0.0797464922,0.644753754
266790280781,99683,0.27261433,-0.142816365,-0.286126256,-0.0755925477,-0.756582618,-0.0808073878,0.644467831
266806961354,99700,0.278739035,-0.145837039,-0.284696251,-0.0781926215,-0.756393015,-0.0808154196,0.644379199
266823635833,99716,0.28446576,-0.148649335,-0.283291638,-0.0806243792,-0.755849123,-0.0802726522,0.644785404
266840456042,99732,0.290145159,-0.151366934,-0.281866044,-0.082712017,-0.755075455,-0.0797039792,0.64549762
266856948594,99750,0.296563178,-0.154323533,-0.280328542,-0.0842610374,-0.754329383,-0.0788737461,0.64627111
266873670521,99766,0.302322388,-0.156893343,-0.279010028,-0.0841496587,-0.75384897,-0.0779459924,0.646958292
266890647240,99782,0.308147669,-0.159384191,-0.277765423,-0.0826201737,-0.753531337,-0.0771395266,0.647621751
266907008385,99799,0.314364254,-0.161983564,-0.276524454,-0.0794623569,-0.753204584,-0.0764488876,0.648478329
266924209688,99816,0.320616186,-0.164494291,-0.275296509,-0.0749545172,-0.752738535,-0.0760429725,0.649603009
266940275417,99832,0.326461762,-0.166771099,-0.274211943,-0.0706065893,-0.752276123,-0.0759851113,0.650631785
266956943385,99849,0.332529187,-0.169089079,-0.273117036,-0.0669082701,-0.751599252,-0.0761873424,0.651780248
266973611250,99865,0.338056475,-0.171152264,-0.272057742,-0.0648401529,-0.750580668,-0.0765765384,0.653115988
266990284583,99882,0.343655795,-0.173229933,-0.270880759,-0.0643124655,-0.749311864,-0.077012606,0.654572189
267006971302,99899,0.349011332,-0.175141975,-0.269688159,-0.0652635396,-0.74829936,-0.0769147053,0.65564698
267023613906,99915,0.353822827,-0.176862478,-0.268580586,-0.0670489892,-0.747636259,-0.0760515779,0.656323671
267040298958,99932,0.358669341,-0.178602353,-0.267432153,-0.0694117919,-0.746902049,-0.0745839775,0.657081842
267057050990,99948,0.362946719,-0.180119023,-0.266394526,-0.0716304779,-0.745970428,-0.0729726851,0.658082247
267073645885,99965,0.367141008,-0.181634486,-0.265370697,-0.073820442,-0.744718492,-0.0712694153,0.659443438
267090619479,99981,0.370737702,-0.182926878,-0.264483064,-0.075560309,-0.74322468,-0.070085071,0.661056638
267106959844,99998,0.374199033,-0.184101284,-0.263676077,-0.076944232,-0.741388261,-0.0694870949,0.6630193
267123611823,100014,0.377099603,-0.185013011,-0.263065964,-0.0779860616,-0.739530146,-0.0693353936,0.664985776
267140316771,100031,0.379834533,-0.18583177,-0.262549192,-0.0789911747,-0.737443388,-0.0695064962,0.667163074
267156944896,100047,0.382115364,-0.18650651,-0.26219368,-0.0795981213,-0.735481977,-0.0699384287,0.669207871
267173620521,100064,0.384237826,-0.187091634,-0.261974305,-0.0796528682,-0.733553588,-0.0706354082,0.671241641
267190383021,100081,0.386042804,-0.18755354,-0.261932254,-0.0789633319,-0.731895924,-0.0714813918,0.673040628
267206946406,100097,0.387471646,-0.187861413,-0.262034148,-0.0777850747,-0.730568826,-0.0724985227,0.674509168
267223644479,100113,0.388605803,-0.188056499,-0.262322307,-0.0763768852,-0.72935456,-0.0738059655,0.675841093
267240274479,100131,0.389507383,-0.18815732,-0.262843132,-0.0744544193,-0.727949917,-0.0755861923,0.677371502
267256966562,100147,0.389989883,-0.188137054,-0.263452679,-0.0724446252,-0.726753354,-0.0771835074,0.678692877
267273654062,100163,0.390152723,-0.188029453,-0.264236212,-0.0702343211,-0.725757182,-0.078521803,0.67983675
267290422656,100180,0.389963061,-0.187858805,-0.26518327,-0.0678477436,-0.724862695,-0.0794445798,0.680925369
267306975729,100197,0.389423013,-0.187608957,-0.266260266,-0.0658209473,-0.724031806,-0.0797996223,0.681965947
267323599427,100213,0.388591468,-0.187269256,-0.267381042,-0.0645895228,-0.723281801,-0.0796195939,0.682900012
267340274062,100229,0.387409031,-0.186842114,-0.268588364,-0.064090997,-0.722559512,-0.0790131316,0.683781505
267356942344,100247,0.385657668,-0.1862358,-0.270045161,-0.0642369464,-0.721790612,-0.0780152977,0.684693873
267373624271,100263,0.383737862,-0.185564861,-0.271408707,-0.0649320409,-0.721179307,-0.0768892318,0.685399354
267390275469,100279,0.381486654,-0.184838474,-0.272826195,-0.0659345835,-0.720463753,-0.0756029859,0.68619889
267406979219,100296,0.378750503,-0.183999792,-0.274334043,-0.0672417581,-0.719502151,-0.074096486,0.687244534
267423610208,100313,0.37574932,-0.183034062,-0.275842398,-0.0686138421,-0.718441606,-0.0722845197,0.688410342
267440282969,100329,0.372765839,-0.182026342,-0.277260214,-0.0696608201,-0.717569768,-0.0701509491,0.689434409
267456947448,100346,0.369424671,-0.180877969,-0.278770328,-0.0701561123,-0.716829658,-0.0676714554,0.690401316
267473685885,100363,0.365886629,-0.179643959,-0.280315697,-0.0700716078,-0.716203868,-0.0653965995,0.691277981
267490282656,100378,0.362578064,-0.178484678,-0.281678051,-0.0698270649,-0.715580046,-0.0636884198,0.692107797
267506943698,100396,0.358301133,-0.177014768,-0.283274859,-0.0699260533,-0.714406788,-0.0622071549,0.693443298
267523611041,100412,0.354206115,-0.175607473,-0.284637272,-0.0706420764,-0.712739706,-0.0613797903,0.695157886
267540280677,100429,0.349557668,-0.174032062,-0.285994858,-0.071913965,-0.710187614,-0.0608431026,0.697681963
267556940000,100445,0.344911605,-0.172514483,-0.287195206,-0.0734113008,-0.707153082,-0.0606089123,0.700622439
267573638906,100462,0.339817494,-0.170874953,-0.288405806,-0.0748104975,-0.703597069,-0.0605208352,0.704053879
267590282916,100478,0.334979057,-0.169337422,-0.289548159,-0.0755213946,-0.700472295,-0.0603084117,0.707105398
267606947291,100495,0.329824775,-0.167710438,-0.290791333,-0.0756829306,-0.697782397,-0.0599012263,0.709777236
267623700521,100511,0.324925989,-0.166208491,-0.291973919,-0.0753855035,-0.695828736,-0.0594702847,0.711760342
267640277239,100528,0.319617182,-0.16460301,-0.29317832,-0.0749076456,-0.693991184,-0.0590679236,0.713635921
267656948698,100545,0.314185947,-0.162935436,-0.29428643,-0.0746213943,-0.691996217,-0.0589513965,0.715610027
267673619271,100561,0.308974415,-0.161300018,-0.295247912,-0.0746251717,-0.68977356,-0.0589768291,0.717750132
267690418281,100577,0.303671211,-0.159617275,-0.296108603,-0.0743732601,-0.687014639,-0.0589729659,0.720417798
267706950052,100594,0.297888398,-0.157797605,-0.296958536,-0.0735381991,-0.683515072,-0.0590515547,0.723817825
267723608541,100611,0.291975021,-0.155961171,-0.297695011,-0.0722063333,-0.679509103,-0.0592720583,0.727695405
267740279531,100627,0.286332011,-0.154207483,-0.298256725,-0.0704215989,-0.675405741,-0.0593831614,0.73167038
267756955052,100644,0.280312568,-0.152272999,-0.298742861,-0.0680641085,-0.671232283,-0.0594100393,0.735720754
267773933750,100661,0.274304181,-0.150297374,-0.299170047,-0.0653586015,-0.667841315,-0.0591510683,0.739065289
267790284375,100677,0.268668264,-0.148477256,-0.299548656,-0.0624901988,-0.665363669,-0.0584949665,0.741595924
267806943385,100693,0.263027906,-0.14671576,-0.299884319,-0.0598612316,-0.663288593,-0.0575595796,0.74374181
267823615833,100711,0.256711185,-0.144772619,-0.300188005,-0.0577654578,-0.660919309,-0.0562915765,0.746110022
267840276041,100727,0.251195252,-0.143050998,-0.300327122,-0.0566723421,-0.658546925,-0.0548778735,0.748393416
267856994062,100743,0.245783567,-0.141346127,-0.300377339,-0.0562216975,-0.656105161,-0.0532222204,0.750688136
267873775468,100760,0.240118861,-0.139581874,-0.300379127,-0.0561263524,-0.653631449,-0.0515173115,0.752968609
267890283698,100777,0.234561831,-0.137871727,-0.300338924,-0.0560863167,-0.651436567,-0.0501354821,0.754964411
267906956406,100793,0.229426563,-0.136280537,-0.300318301,-0.0558049791,-0.649800181,-0.0490448363,0.756465614
267923613802,100809,0.224359646,-0.134689867,-0.30027613,-0.0550916828,-0.648638964,-0.0481346957,0.757572055
267940470468,100825,0.219390765,-0.133076668,-0.300195724,-0.0540408865,-0.648038149,-0.0472486094,0.758217514
267956944791,100843,0.213933378,-0.131231993,-0.300035864,-0.0525734909,-0.647849858,-0.0460017808,0.758558154
267973662187,100859,0.209170789,-0.129566565,-0.299778402,-0.0512276627,-0.647772014,-0.0446562879,0.75879705
267990354948,100876,0.204193473,-0.127730042,-0.299349397,-0.0499853119,-0.647697031,-0.0430355743,0.759037614
268006959375,100892,0.199547693,-0.125953004,-0.298820466,-0.0491597243,-0.647813976,-0.0409924239,0.759104729
268023737864,100909,0.194609493,-0.124051638,-0.298140496,-0.048682604,-0.648155868,-0.0383978784,0.75897938
268040311666,100925,0.189904243,-0.122172967,-0.297401965,-0.048874639,-0.648703218,-0.0359517783,0.75861907
268056949531,100942,0.184851304,-0.120075017,-0.296530783,-0.049427703,-0.649665952,-0.0334077254,0.757875383
268073630104,100959,0.179762051,-0.117892265,-0.295631081,-0.0501422547,-0.651262462,-0.0308335386,0.756566107
268090302916,100975,0.174905807,-0.115775004,-0.294796407,-0.0508675613,-0.653255582,-0.0283817071,0.754893482
268106958020,100991,0.169975817,-0.113687284,-0.293951273,-0.051412262,-0.655307233,-0.0257568881,0.75317049
268123610885,101009,0.164344072,-0.111395285,-0.29297033,-0.051920291,-0.657317638,-0.0226216726,0.751482606
268140285468,101025,0.159320548,-0.109364122,-0.29209128,-0.0524670184,-0.658767819,-0.0196796078,0.750256538
268156987239,101041,0.154334158,-0.107348152,-0.291217625,-0.0528627411,-0.659907103,-0.0166050028,0.749301374
268173910104,101059,0.148732334,-0.105114803,-0.290303111,-0.0531757548,-0.66123575,-0.0131427199,0.74817574
268190328593,101075,0.143723518,-0.103137583,-0.289617062,-0.0537594371,-0.662758887,-0.0102863712,0.746829808
268206950416,101091,0.138696343,-0.101183355,-0.289054811,-0.0541690253,-0.664353371,-0.00756711978,0.745414674
268223611145,101107,0.133692682,-0.0992604792,-0.288580418,-0.0540865846,-0.665860116,-0.00509811658,0.74409616
268240282447,101125,0.128057957,-0.0971310437,-0.288226277,-0.0535779372,-0.667849123,-0.00249958062,0.742361605
268256955625,101141,0.1230831,-0.0953189805,-0.288093507,-0.0528023057,-0.669973373,0.000147132509,0.74050504
268273884218,101157,0.118171424,-0.093559742,-0.288096458,-0.0520949326,-0.67210269,0.0031419103,0.738616467
268290430572,101173,0.113268636,-0.0918211713,-0.288219988,-0.0516577214,-0.67386055,0.00626445888,0.737024009
268306949843,101191,0.107820146,-0.089891687,-0.2884579,-0.0511883907,-0.675163865,0.0102278395,0.735818565
268323626770,101207,0.103043146,-0.0882347748,-0.288762152,-0.0502336547,-0.675827742,0.0144265378,0.735204339
268340275052,101224,0.098046571,-0.0865077376,-0.289209306,-0.0486821011,-0.676383018,0.0193272475,0.734685361
268356968645,101240,0.0933554024,-0.0849135667,-0.289776385,-0.0468200594,-0.676915586,0.0239244662,0.734180331
268374132135,101257,0.0883375183,-0.0832375064,-0.290554404,-0.0446461216,-0.677485645,0.0285028294,0.733626306
268390283385,101274,0.0832915232,-0.0815409869,-0.291490018,-0.0423279144,-0.677952588,0.0326308161,0.733160198
268406945937,101290,0.0785001293,-0.0799433812,-0.292494059,-0.0401771665,-0.678346813,0.0361795612,0.732749999
268423612031,101307,0.0734375268,-0.0783019811,-0.293626785,-0.0380253494,-0.67864418,0.0400352664,0.732388854
268440277812,101323,0.0687012076,-0.0768942088,-0.294665575,-0.0359649397,-0.678507447,0.043742314,0.73240757
268456944583,101339,0.06400159,-0.0755800381,-0.295695662,-0.0341229588,-0.678147376,0.0473843329,0.732602656
268473682552,101357,0.0587755889,-0.0741844475,-0.29690069,-0.0321171731,-0.677704751,0.0516606495,0.732813776
268490280364,101373,0.0541982576,-0.0730851293,-0.297997266,-0.0299975984,-0.677114427,0.0555867031,0.733161867
268506955729,101389,0.0497686788,-0.0721846521,-0.299104273,-0.0275463667,-0.676296175,0.0592218302,0.733728528
268523617291,101405,0.0454374999,-0.071571663,-0.300288737,-0.0249307603,-0.675355434,0.0623658523,0.734427691
268540637708,101423,0.0407087132,-0.0712233409,-0.301638931,-0.0221113525,-0.674075246,0.0648344532,0.735479593
268556947135,101439,0.0365930647,-0.0711691082,-0.3027578,-0.0203163791,-0.672719121,0.0654106885,0.73672092
268573659687,101455,0.032560356,-0.0713484436,-0.30385232,-0.0196132809,-0.671339869,0.0644904599,0.738077939
268590277291,101472,0.02849444,-0.0717715919,-0.305009305,-0.0199962072,-0.669791818,0.0627143681,0.739625573
268606979739,101489,0.0247132555,-0.072439529,-0.306063533,-0.0209743138,-0.667888343,0.0606461428,0.741489947
268623611093,101505,0.0215060934,-0.073242113,-0.306938797,-0.022130955,-0.666026711,0.0586819947,0.743286729
268640282031,101522,0.0185117498,-0.0743373781,-0.307780594,-0.0231267195,-0.66428715,0.0569894873,0.744943023
268656947031,101538,0.0161256343,-0.0755537525,-0.308492601,-0.023718603,-0.662939012,0.0557831004,0.746215463
268673703176,101554,0.0141798705,-0.0768616349,-0.309133232,-0.0241345763,-0.661797643,0.0548288822,0.747285306
268690364479,101572,0.0124460384,-0.0784555376,-0.309747249,-0.0243714582,-0.660628021,0.0541646183,0.748360157
268706971197,101588,0.0112938136,-0.0799024254,-0.310159147,-0.024682058,-0.659766436,0.0537491664,0.749139667
268723741874,101604,0.010425806,-0.0813348889,-0.310492039,-0.0254267063,-0.659176171,0.0532765649,0.749667883
268740299322,101622,0.00977113843,-0.082912676,-0.310739905,-0.0269197524,-0.658679008,0.0524788871,0.750108838
268756947604,101638,0.00946706533,-0.0842636675,-0.310861021,-0.0289868396,-0.658376694,0.0514567979,0.750367999
268773762395,101654,0.00945201516,-0.0855479613,-0.310912043,-0.031602405,-0.658347845,0.0503487252,0.750362933
268790302239,101671,0.00981093943,-0.0868280381,-0.310871243,-0.0345898978,-0.65874362,0.0492773764,0.74995476
268806944895,101688,0.0105840936,-0.0879855901,-0.310744673,-0.0376077481,-0.659625828,0.0484241769,0.749089122
268823617343,101704,0.0117596015,-0.0889583007,-0.310544044,-0.0401204042,-0.660811961,0.0479984097,0.747939885
268840276353,101720,0.0133271739,-0.0899319947,-0.310344219,-0.0421340019,-0.662263036,0.0480229594,0.746542811
268856955624,101738,0.0155767202,-0.0910475552,-0.310107052,-0.0438267216,-0.664075375,0.0483280569,0.7448138
268873658228,101754,0.0180272534,-0.0920424759,-0.309868366,-0.04483537,-0.665690362,0.0485565178,0.743295729
268890301718,101770,0.0208669379,-0.0930877477,-0.309634924,-0.0454907604,-0.667358994,0.0485546477,0.741758108
268907079270,101786,0.024096109,-0.0942006335,-0.309394956,-0.0459535085,-0.669199407,0.0481861159,0.740093589
268923612395,101804,0.0281300098,-0.0956341773,-0.309202373,-0.0461080708,-0.671450853,0.0472654253,0.738101482
268940277499,101820,0.0320631638,-0.0970913321,-0.309120417,-0.0460050367,-0.673717558,0.0459244885,0.736124396
268957540103,101837,0.0365675539,-0.098842904,-0.309180558,-0.0461813435,-0.676310182,0.0440092161,0.733849466
268974029322,101853,0.0411028787,-0.100679487,-0.309312999,-0.0470380634,-0.678469658,0.0417993367,0.731928408
268990281874,101870,0.0462593958,-0.102842361,-0.309424222,-0.0487763211,-0.68013674,0.0391123109,0.730414391
269006943906,101886,0.0513995588,-0.105123669,-0.309547544,-0.0510736592,-0.681295872,0.0363057442,0.729321241
269023608280,101902,0.0568194836,-0.107674643,-0.309706151,-0.0540018491,-0.682500541,0.0332610719,0.728128135
269040314635,101920,0.0632156581,-0.110890046,-0.309982836,-0.0581888743,-0.68396616,0.0294883195,0.726591289
269056943437,101936,0.0690978691,-0.114018947,-0.310298085,-0.0628873482,-0.685077548,0.0255926941,0.725299299
269073659530,101952,0.0751203001,-0.117324516,-0.310587972,-0.0684545636,-0.685926914,0.0210400466,0.724137843
269090354114,101969,0.0816607401,-0.120963901,-0.310902238,-0.0750735551,-0.686891317,0.0157688279,0.722700238
269106945208,101986,0.0883563533,-0.124691218,-0.311219305,-0.0822195634,-0.688187659,0.0104672378,0.720783055
269123854583,102002,0.0947322622,-0.128262341,-0.31152755,-0.0892208368,-0.689486623,0.00546268607,0.718761504
269140284218,102018,0.10115099,-0.131844819,-0.311806828,-0.0961989462,-0.690564692,0.000456121255,0.716844499
269156944530,102035,0.108037792,-0.135660574,-0.312057167,-0.103103772,-0.691388309,-0.00452304911,0.71507442
269173609270,102052,0.114921272,-0.139462724,-0.312326461,-0.109331399,-0.69194454,-0.00918902643,0.713564992
269190276458,102069,0.121766604,-0.143123895,-0.312605321,-0.114953354,-0.692287326,-0.0140596377,0.712268531
269206951822,102085,0.128144622,-0.146387458,-0.312867403,-0.119715929,-0.692437232,-0.019126622,0.71121937
269223613020,102101,0.134356067,-0.149502575,-0.313116193,-0.124066003,-0.692517698,-0.0248646028,0.710217357
269240276093,102118,0.14083153,-0.152606532,-0.313415051,-0.12857607,-0.692699254,-0.0315404572,0.708971977
269256946510,102135,0.147244185,-0.155537307,-0.313741535,-0.13269718,-0.692932427,-0.0379759185,0.707667947
269273613697,102151,0.153215617,-0.15821673,-0.314003944,-0.135765061,-0.69310689,-0.0431975722,0.706614912
269290465260,102167,0.159215733,-0.160833076,-0.314235747,-0.138355508,-0.693253875,-0.0474988781,0.705691695
269306970728,102185,0.165886894,-0.163792148,-0.314372212,-0.14040105,-0.693270028,-0.0511224754,0.705018282
269323608280,102201,0.171764895,-0.166406199,-0.314398795,-0.141337067,-0.693254173,-0.0532367751,0.704690278
269340320780,102217,0.177602544,-0.16892682,-0.314396143,-0.141503721,-0.693360686,-0.0544553511,0.704458952
269356940780,102234,0.183748543,-0.171482146,-0.314394623,-0.140761837,-0.693644643,-0.0548439324,0.704297781
269374159999,102251,0.189831614,-0.173890054,-0.314440489,-0.139029801,-0.694020391,-0.0545216613,0.704296649
269390286822,102267,0.195421636,-0.175920099,-0.314519405,-0.136843145,-0.694286764,-0.0540459491,0.704499066
269406947499,102284,0.201242626,-0.177778631,-0.314657658,-0.13425824,-0.694377244,-0.0534907542,0.704949558
269423777447,102301,0.206899136,-0.179351002,-0.314814627,-0.131752685,-0.694218516,-0.0527844802,0.705631435
269440274062,102317,0.21209532,-0.180557758,-0.314964622,-0.129597977,-0.693865061,-0.0519398823,0.706440389
269456951822,102333,0.217207685,-0.181594163,-0.315109313,-0.12754938,-0.693443894,-0.0507825054,0.707310319
269473849114,102350,0.222557321,-0.182652161,-0.315270662,-0.125611186,-0.693159521,-0.0491063073,0.708053946
269490469322,102367,0.227869332,-0.183710307,-0.315479517,-0.124363005,-0.693122983,-0.0471225008,0.708444715
269506963853,102383,0.232802644,-0.184740752,-0.315731525,-0.124214105,-0.693178356,-0.0453967936,0.708529294
269523608541,102400,0.237971634,-0.185754001,-0.31612128,-0.125487939,-0.693218768,-0.0440397337,0.708350956
269540282187,102416,0.242695242,-0.186711386,-0.316531032,-0.127752751,-0.693162322,-0.0431784838,0.708054304
269556953697,102433,0.247463241,-0.187858045,-0.316965103,-0.131228447,-0.692931056,-0.0427715182,0.707669675
269573615624,102449,0.251700997,-0.189029604,-0.317393273,-0.135441318,-0.692390025,-0.042984169,0.707392514
269590304530,102466,0.255953789,-0.190341413,-0.31779182,-0.140340462,-0.691333294,-0.0437501185,0.707424104
269606945468,102482,0.259768039,-0.191573679,-0.31814909,-0.144900307,-0.690006077,-0.0448134877,0.707733989
269627848489,102503,0.264442623,-0.193298757,-0.318587899,-0.149997339,-0.688054144,-0.0466387384,0.708454072
269640277655,102516,0.267195016,-0.194420293,-0.318835229,-0.152344674,-0.686757207,-0.0480949059,0.709113896
269656948332,102532,0.270408511,-0.195839077,-0.319124997,-0.154480264,-0.685125232,-0.050344158,0.710073769
269673705572,102548,0.27340126,-0.197231948,-0.319422007,-0.156305879,-0.683581352,-0.0532920659,0.71094656
269690283020,102565,0.276403517,-0.198583841,-0.319768816,-0.158247143,-0.682078421,-0.057310611,0.711647689
269706957030,102582,0.279165208,-0.199826449,-0.320116222,-0.159971058,-0.68066895,-0.061902374,0.712226927
269723609791,102598,0.281612784,-0.200955972,-0.320456296,-0.161064446,-0.679321766,-0.0662307888,0.712877095
269740280051,102615,0.284039289,-0.202117234,-0.320813209,-0.161759913,-0.677727044,-0.0704383254,0.713833511
269756941926,102632,0.286259055,-0.203213036,-0.321112841,-0.162105486,-0.67579782,-0.0739517435,0.715227425
269773706197,102648,0.288262784,-0.20408088,-0.321329236,-0.161849543,-0.673752308,-0.076478146,0.716947496
269790281770,102665,0.290327072,-0.204732567,-0.321607739,-0.160816297,-0.671837449,-0.0779631659,0.718814552
269806989478,102681,0.292249709,-0.205078959,-0.321970969,-0.158748731,-0.670446277,-0.0779462084,0.72057271
269823616509,102697,0.294130802,-0.205188468,-0.322417259,-0.155336753,-0.669235468,-0.0763679668,0.72260803
269840278489,102715,0.296181738,-0.204980671,-0.322984219,-0.150044799,-0.667901814,-0.0726331025,0.725340128
269857033905,102731,0.297970235,-0.204420283,-0.323578417,-0.144284144,-0.666798592,-0.0675639883,0.728008926
269873763853,102746,0.299578488,-0.203592762,-0.324260205,-0.137776151,-0.665934801,-0.0614537187,0.730597138
269891935259,102765,0.30154866,-0.202106357,-0.325282812,-0.127975896,-0.66520083,-0.0525755957,0.73373419
269906944738,102780,0.303049564,-0.200561881,-0.326240897,-0.119043112,-0.665193021,-0.0449966453,0.735746086
269923611093,102797,0.304709077,-0.198462069,-0.327515751,-0.107474819,-0.666102469,-0.03536788,0.737228453
269940278749,102814,0.306350112,-0.196022376,-0.329002142,-0.0944316834,-0.667963088,-0.0246217605,0.737768114
269956946509,102830,0.307827324,-0.19344306,-0.33058688,-0.0811533034,-0.67041105,-0.0138155241,0.737409174
269973705416,102847,0.309280574,-0.190410614,-0.332359076,-0.0660165101,-0.673491299,-0.00155313767,0.736239791
269990293384,102863,0.31057173,-0.187397242,-0.334078819,-0.0510329828,-0.676481307,0.0105631528,0.734613657
270006946978,102880,0.311801732,-0.184027001,-0.335882306,-0.0349513702,-0.679332852,0.0239438713,0.732606292
270023622916,102897,0.312855124,-0.180474818,-0.337584108,-0.019211553,-0.681327999,0.0378340743,0.730747402
270040278124,102913,0.31366384,-0.176962271,-0.339086741,-0.00513374247,-0.682225883,0.0513872206,0.729315341
270057095363,102929,0.314201862,-0.173321068,-0.340471715,0.00769535499,-0.682334781,0.0650017112,0.728103697
270073617551,102947,0.314439356,-0.169158712,-0.341896206,0.0201863386,-0.681902349,0.08026582,0.726745546
270090285468,102963,0.314301372,-0.165343791,-0.3430143,0.0295583438,-0.681123435,0.0941825807,0.725483835
270106950311,102979,0.313845009,-0.161415145,-0.343993247,0.0373006165,-0.680136025,0.108500533,0.724051952
270123609426,102996,0.312972456,-0.157120168,-0.344901502,0.0438580923,-0.679315925,0.12410754,0.721944392
270140571822,103013,0.311651707,-0.152712911,-0.345681846,0.0492475368,-0.679025054,0.140295565,0.718899727
270157166197,103029,0.309988678,-0.148501635,-0.346338838,0.0534209758,-0.679299891,0.15596509,0.715103388
270173743228,103046,0.307680875,-0.143917367,-0.346901447,0.0572517738,-0.680023491,0.172542244,0.71029532
270190405988,103062,0.305060089,-0.139490664,-0.347342968,0.0607271232,-0.681063473,0.18824397,0.705002844
270206948801,103079,0.301853955,-0.134683758,-0.347757161,0.0648509115,-0.682253361,0.205053687,0.698768735
270223746405,103095,0.2984671,-0.130089521,-0.348083287,0.0689533874,-0.683396578,0.22030744,0.692588747
270240278749,103112,0.294500172,-0.125209644,-0.348451614,0.0738019198,-0.684533775,0.235744044,0.685850978
270256942082,103128,0.290413618,-0.120537408,-0.348871171,0.0793781653,-0.685335696,0.249646723,0.679478168
270273687082,103145,0.28573525,-0.115487255,-0.349371821,0.0864214748,-0.686025918,0.263575166,0.672627628
270290402134,103162,0.280744731,-0.110439301,-0.349866629,0.0946340337,-0.686484993,0.277008891,0.665619135
270307007759,103178,0.275874197,-0.105677478,-0.350280046,0.103325784,-0.686704695,0.289735913,0.658645272
270323610936,103194,0.270811021,-0.100960016,-0.350651592,0.112435147,-0.686807692,0.302534163,0.651250064
270340278228,103211,0.265271038,-0.0960521325,-0.35095197,0.121996611,-0.686649799,0.315877408,0.643312037
270356943124,103228,0.25958699,-0.0913207829,-0.351161599,0.130887046,-0.686167717,0.328858078,0.635527313
270373992915,103244,0.25415808,-0.0871108025,-0.351312488,0.138318196,-0.685411811,0.340455502,0.628624499
270390294842,103261,0.248487413,-0.0828387886,-0.351415694,0.14499636,-0.684353054,0.351670563,0.622065008
270406942603,103277,0.243255526,-0.0791331828,-0.351495773,0.150059387,-0.683138847,0.361060083,0.616797507
270423616978,103294,0.23793906,-0.0754525959,-0.351600289,0.154070392,-0.68151933,0.369744092,0.612440228
270440274582,103311,0.2328576,-0.0720856339,-0.351746231,0.156812876,-0.679308772,0.376948684,0.609802485
270456943436,103327,0.2284123,-0.0692550689,-0.351842433,0.158570945,-0.676779449,0.382361799,0.608789206
270473638697,103344,0.224228233,-0.0665622801,-0.351829231,0.159987986,-0.673886836,0.387021154,0.60868299
270490283905,103360,0.220776737,-0.0645015985,-0.351710618,0.161226377,-0.671257317,0.390389025,0.609110892
270507011926,103376,0.217919499,-0.0628527254,-0.351458192,0.16218093,-0.669158816,0.392401099,0.609873176
270523644478,103394,0.21541281,-0.0616176911,-0.350992471,0.162521705,-0.667702615,0.392795622,0.611123264
270540279374,103410,0.213861197,-0.0610101558,-0.350464463,0.161321402,-0.667624712,0.391484082,0.612366676
270556941561,103426,0.212922946,-0.0608514473,-0.349860638,0.157965899,-0.668604255,0.388548732,0.614039958
270573639269,103443,0.212230742,-0.0612580441,-0.3490569,0.151623055,-0.670435429,0.382761925,0.617268264
270590280728,103460,0.21178174,-0.0621381365,-0.348103076,0.143033966,-0.673561811,0.374153882,0.621180117
270607128905,103476,0.21154727,-0.0634321868,-0.34719032,0.133404821,-0.677882016,0.363620192,0.624867678
270623612915,103493,0.211601198,-0.0651514083,-0.346311271,0.121243075,-0.683788359,0.349672735,0.628858149
270640327655,103510,0.211749658,-0.067335628,-0.345537275,0.107291147,-0.690429389,0.332906663,0.633221209
270656942759,103526,0.211949065,-0.069679901,-0.34495908,0.09301994,-0.696873367,0.314966917,0.637581885
270673621926,103542,0.212228715,-0.0721368641,-0.344541341,0.0779691041,-0.703303993,0.295389622,0.641895115
270690319894,103559,0.212506562,-0.0749367401,-0.344258666,0.0610569157,-0.709877849,0.27348873,0.64618063
270706963072,103576,0.212980956,-0.0779129937,-0.344042897,0.0432329625,-0.715656459,0.251023501,0.65034914
270723611405,103592,0.213435099,-0.0810180828,-0.343773574,0.0258186236,-0.719969988,0.229485452,0.654456317
270740290832,103608,0.213858277,-0.0842658058,-0.343441546,0.00848317519,-0.723035514,0.208024889,0.658690751
270756962082,103625,0.214352041,-0.0876870006,-0.343146086,-0.00889899023,-0.724943757,0.186011598,0.663156927
270773663696,103642,0.214886963,-0.0913400725,-0.3429012,-0.0243231747,-0.725362539,0.165135726,0.667823136
270790360884,103659,0.215468287,-0.0951168016,-0.342624366,-0.0373608582,-0.72425127,0.144938305,0.673095226
270807733019,103676,0.215976536,-0.0989961475,-0.34242627,-0.0484801792,-0.722300053,0.125687435,0.678332567
270823659478,103691,0.216475531,-0.102410614,-0.34245196,-0.0570987426,-0.720264494,0.109933473,0.682549238
270840274374,103708,0.216955721,-0.106219903,-0.342503875,-0.0654667467,-0.717211306,0.0928765386,0.687528908
270856946144,103725,0.21729961,-0.109911792,-0.342537105,-0.0723736063,-0.713726342,0.0761420354,0.692502141
270873643332,103741,0.21770902,-0.113270029,-0.342736542,-0.0781651661,-0.710853934,0.0612605847,0.696293175
270890402030,103757,0.218040138,-0.11659535,-0.343047589,-0.0839880258,-0.708270371,0.047061801,0.699345708
270906972446,103775,0.2181824,-0.120045617,-0.343459457,-0.0912497938,-0.705327928,0.0307064559,0.702312768
270923608176,103791,0.218096569,-0.122921377,-0.343825042,-0.0984787121,-0.702864826,0.0161096174,0.704289377
270940286821,103807,0.217837915,-0.125718534,-0.34411025,-0.106089227,-0.700764716,0.00207806146,0.705456972
270956942082,103825,0.217433929,-0.128605068,-0.344381958,-0.115145437,-0.699197888,-0.0127584115,0.705479324
270973658436,103841,0.217075258,-0.130899429,-0.344532758,-0.122983404,-0.698326349,-0.024295928,0.704716325
270990341248,103857,0.21679306,-0.133076981,-0.344526619,-0.1298756,-0.697509289,-0.0336606726,0.703903496
271006945676,103873,0.216492981,-0.135254368,-0.344358504,-0.136065453,-0.696660399,-0.0415301062,0.703154206
271023609686,103891,0.216184035,-0.137672395,-0.34404701,-0.142269492,-0.69579041,-0.0491537228,0.702295601
271040274478,103907,0.215961784,-0.139817983,-0.343710035,-0.147206366,-0.695127487,-0.0549029857,0.701508224
271056942551,103923,0.21572116,-0.141826242,-0.34331736,-0.151943699,-0.69441241,-0.0602742061,0.700765014
271073776196,103941,0.215371832,-0.143839031,-0.342797518,-0.156816438,-0.693515301,-0.0665709004,0.700009584
271090299946,103957,0.214932576,-0.145575196,-0.342298627,-0.160879403,-0.692943871,-0.0723873898,0.699075639
271106948853,103973,0.21432969,-0.147268146,-0.34179306,-0.165146098,-0.692844689,-0.0785260946,0.697514713
271123610467,103990,0.213451341,-0.149012804,-0.34122932,-0.170751899,-0.69334805,-0.0856071413,0.694826365
271140306196,104007,0.212377787,-0.15060392,-0.340567052,-0.177811339,-0.694243371,-0.0927689672,0.691233099
271156968436,104023,0.211292639,-0.151871383,-0.339811653,-0.18537353,-0.695085168,-0.0990421996,0.687520087
271173682863,104039,0.210185975,-0.152955577,-0.338950425,-0.193119362,-0.695795178,-0.104277901,0.683886111
271190299634,104056,0.209007576,-0.154004961,-0.337962091,-0.200536817,-0.696575463,-0.107917801,0.680383265
271206941978,104073,0.207801104,-0.154937044,-0.336960495,-0.206405506,-0.697337806,-0.10991849,0.67752099
271223627550,104089,0.206629753,-0.155651912,-0.336078703,-0.210605413,-0.698297799,-0.110888824,0.67507726
271240346561,104106,0.205371514,-0.156231374,-0.335225999,-0.213648096,-0.69960022,-0.111049816,0.672742248
271256967342,104122,0.204111695,-0.156530976,-0.334523737,-0.215613171,-0.700778902,-0.110948309,0.670902729
271273629894,104139,0.202665985,-0.156503946,-0.333857775,-0.217103481,-0.701813161,-0.111124359,0.669309914
271290284842,104156,0.201157972,-0.156128973,-0.333297372,-0.217714354,-0.702822328,-0.111382902,0.668008387
271306946821,104172,0.199626401,-0.15554066,-0.332878381,-0.217392102,-0.703965187,-0.111588493,0.666874647
271323652498,104188,0.198050097,-0.154706508,-0.33253324,-0.216319948,-0.705250919,-0.111854956,0.665819347
271340310207,104205,0.196266428,-0.153620273,-0.332246184,-0.214506075,-0.706708431,-0.111786135,0.664871573
271358437290,104223,0.194180042,-0.15223752,-0.332042783,-0.212331057,-0.70804888,-0.111334749,0.664219022
271374396613,104239,0.192181572,-0.150715232,-0.331885338,-0.210528523,-0.708796859,-0.111029334,0.664046168
271390276040,104254,0.190128952,-0.149105191,-0.331732243,-0.208910167,-0.709240735,-0.110688165,0.664140224
271406949269,104272,0.187508076,-0.146896183,-0.331568241,-0.207140177,-0.709648788,-0.11023435,0.664334238
271423612498,104288,0.18494001,-0.144800931,-0.331476927,-0.205833361,-0.710001051,-0.110115625,0.66438365
271440274686,104304,0.182197243,-0.142579287,-0.331465214,-0.204837799,-0.710409462,-0.110276677,0.664228082
271457015102,104322,0.178913131,-0.139910161,-0.331521451,-0.204100579,-0.710855007,-0.110642381,0.663917482
271473659425,104338,0.17573382,-0.137530059,-0.331625372,-0.203649357,-0.711238146,-0.110902049,0.663602293
271490285259,104354,0.172510907,-0.135003999,-0.33173424,-0.203282297,-0.711510599,-0.111118853,0.663386524
271507526925,104371,0.168943018,-0.132327765,-0.331883222,-0.202926293,-0.711772084,-0.111188672,0.66320318
271523611300,104388,0.165278479,-0.129685581,-0.332082987,-0.202508166,-0.712043822,-0.111114904,0.663051665
271540304061,104404,0.161686748,-0.127232626,-0.3323403,-0.2019694,-0.712274134,-0.11119929,0.662954509
271556943696,104420,0.157898948,-0.124875456,-0.332677901,-0.201158762,-0.712494254,-0.111379862,0.662934184
271573950832,104437,0.153729349,-0.122453049,-0.333127439,-0.199948788,-0.712706745,-0.111442596,0.663061261
271590277863,104453,0.149619132,-0.120283484,-0.333621114,-0.198657468,-0.712691486,-0.111470014,0.66346103
271606940155,104470,0.145192623,-0.117954038,-0.334186733,-0.197310314,-0.712326288,-0.111604095,0.664232314
271623615936,104487,0.140611798,-0.115627214,-0.334821641,-0.19590044,-0.711737931,-0.111494869,0.665297747
271640274790,104503,0.136164635,-0.113442034,-0.335531384,-0.194544107,-0.711127281,-0.110926539,0.666442752
271656950727,104519,0.131626755,-0.111259356,-0.336354613,-0.193158016,-0.710475802,-0.110017836,0.667690277
271673781144,104537,0.126355648,-0.108821809,-0.337369472,-0.191397741,-0.709662914,-0.109013781,0.66922462
271690284269,104553,0.12175259,-0.1065742,-0.338403195,-0.190052122,-0.709100008,-0.1081407,0.670345485
271706949842,104569,0.117081217,-0.104275845,-0.339609981,-0.189118981,-0.708643198,-0.107143365,0.671252012
271723614269,104586,0.111975111,-0.101688564,-0.341048181,-0.188545853,-0.707798421,-0.106477194,0.672409475
271740313071,104603,0.106819563,-0.0989814699,-0.342570662,-0.188341931,-0.706586361,-0.105943441,0.673824191
271756947602,104619,0.102016263,-0.096401982,-0.34403941,-0.188121513,-0.705234885,-0.104919739,0.675459862
271773630936,104636,0.0970391631,-0.0935688913,-0.345662147,-0.187558636,-0.703564167,-0.103498235,0.677574694
271790345311,104652,0.0922749639,-0.0908991173,-0.347241521,-0.186333686,-0.701951623,-0.101896212,0.679824173
271806940936,104669,0.0872138813,-0.0880964249,-0.349003375,-0.184215322,-0.700336277,-0.0996726006,0.682392299
271823637863,104686,0.0820619464,-0.0853101015,-0.350822717,-0.181696028,-0.698593795,-0.0973143503,0.685188532
271840289061,104702,0.0772346854,-0.0826065242,-0.352541029,-0.179195642,-0.696644545,-0.0952075869,0.6881212
271856961040,104718,0.0724168196,-0.0798345953,-0.354225725,-0.17645666,-0.694510043,-0.0928237364,0.691305041
271873614894,104735,0.0672080815,-0.0768858865,-0.355957747,-0.173253626,-0.69230777,-0.089877978,0.694705129
271890295988,104752,0.062099807,-0.0739143193,-0.357646644,-0.169605345,-0.690409064,-0.0868241712,0.697876096
271906968904,104768,0.0572198667,-0.0712449104,-0.359171242,-0.165559098,-0.689073622,-0.0837374181,0.700539708
271923625675,104785,0.0522585325,-0.0685106069,-0.360716045,-0.160858139,-0.688249171,-0.0798461065,0.702895761
271940281196,104802,0.0474100746,-0.0658654571,-0.362138212,-0.156047106,-0.687859356,-0.0750186741,0.704890788
271956946717,104818,0.0427205935,-0.0635294765,-0.363297552,-0.151774168,-0.687537789,-0.0696461052,0.706686497
271973612759,104834,0.0381426811,-0.0612579063,-0.364279062,-0.148278758,-0.687006354,-0.0638366491,0.708491862
271990331977,104850,0.0335651338,-0.0590288825,-0.365068197,-0.145730153,-0.686223447,-0.0579661094,0.71028167
272006944894,104868,0.0287093446,-0.0565038398,-0.365803003,-0.143843204,-0.685432196,-0.0515505634,0.711923122
272024185779,104885,0.0241975896,-0.0542222485,-0.366378725,-0.142596468,-0.685204208,-0.0456907079,0.712792933
272040280050,104900,0.0202349164,-0.052356746,-0.366776496,-0.141734764,-0.685470641,-0.0405874141,0.713017523
272056946717,104918,0.0156118311,-0.0502429493,-0.367123961,-0.140920922,-0.686107457,-0.0343525521,0.712893903
272073675259,104934,0.011630021,-0.0484813079,-0.367276847,-0.140388861,-0.686788023,-0.0287682731,0.712590754
272090509425,104950,0.00791157037,-0.0468333252,-0.367279559,-0.140089557,-0.687586904,-0.0231669955,0.71208322
272106954633,104967,0.0040765442,-0.0452721827,-0.367175728,-0.140014723,-0.6885342,-0.0171331838,0.711352944
272123607863,104984,0.000436879694,-0.0439147614,-0.36695224,-0.14021042,-0.689349473,-0.011442191,0.710638762
272140278227,105000,-0.00283933803,-0.0427757986,-0.366660029,-0.140752926,-0.689994991,-0.00666133966,0.709965706
272156969373,105017,-0.00613143295,-0.0417182818,-0.366323888,-0.141662002,-0.690649033,-0.00212772097,0.70917654
272173613696,105033,-0.00903617218,-0.0408515893,-0.365974724,-0.142716482,-0.691276312,0.00138273579,0.708355308
272190276248,105050,-0.0119769387,-0.0400397666,-0.365555227,-0.144031718,-0.692066193,0.00424305769,0.707305729
272206941040,105066,-0.0144278966,-0.0393918827,-0.365098625,-0.145347804,-0.692885637,0.00630791765,0.706217885
272223644061,105083,-0.0167608485,-0.0388481542,-0.364560336,-0.146701947,-0.693823099,0.00807665568,0.704998493
272240289425,105100,-0.0186898224,-0.0385585651,-0.364035517,-0.147773862,-0.694915771,0.00970637798,0.703676641
272256967238,105116,-0.0201374069,-0.0384706557,-0.363479942,-0.148237184,-0.695992053,0.011255946,0.702491343
272273654686,105133,-0.0212930366,-0.0384874791,-0.362748981,-0.148275569,-0.697218657,0.0128987608,0.701237619
272290280779,105149,-0.0218698122,-0.0386741869,-0.36196509,-0.148254842,-0.698594689,0.0145332674,0.699839056
272307035831,105166,-0.0220588334,-0.0391543098,-0.36107108,-0.148319662,-0.700252354,0.0164381322,0.698124468
272323609581,105182,-0.021913711,-0.039927721,-0.360206902,-0.148581773,-0.701790214,0.0178759769,0.696487308
272340455102,105199,-0.0215180032,-0.0409719385,-0.35924691,-0.149327636,-0.703251779,0.0182742756,0.694841206
272356941040,105215,-0.0208493173,-0.042115517,-0.358329326,-0.150802717,-0.704565406,0.0176586602,0.693205893
272373630258,105232,-0.0197621137,-0.043496497,-0.357347131,-0.153253645,-0.705930531,0.0161494315,0.691313744
272390275935,105249,-0.0183705389,-0.0450526625,-0.356359839,-0.156216711,-0.707346916,0.0139833447,0.689246833
272406942915,105265,-0.0166994445,-0.0467537306,-0.355441988,-0.15892452,-0.708910882,0.0120379934,0.687054217
272423704581,105281,-0.0146930516,-0.0486849397,-0.354502916,-0.161218807,-0.710713267,0.0106348088,0.684676707
272440272498,105299,-0.0120208412,-0.0511479713,-0.353396118,-0.163607061,-0.712877154,0.00952578895,0.681871057
272456946560,105315,-0.00934642926,-0.0535496585,-0.352382064,-0.165869579,-0.714629412,0.00850617513,0.679499686
272473638748,105331,-0.00649882108,-0.0560462326,-0.351378739,-0.168490618,-0.716054201,0.00712548476,0.67736733
272490286456,105348,-0.00323517621,-0.0587130748,-0.350298703,-0.17175281,-0.71726948,0.00500302622,0.675278127
272506951977,105364,7.63498247e-05,-0.0611344464,-0.349230111,-0.174979404,-0.718283057,0.00258535496,0.673383296
272523611404,105381,0.00400034338,-0.0637168437,-0.348010331,-0.17812641,-0.719438136,0.000242058057,0.671326876
272540278487,105397,0.00802690536,-0.0661876947,-0.34683001,-0.180411756,-0.720676422,-0.00110930623,0.669384718
272556941248,105415,0.0128904246,-0.0690628439,-0.345462531,-0.181913197,-0.722104192,-0.00143331941,0.667436182
272573663175,105431,0.0175669156,-0.0716580749,-0.344150692,-0.182545543,-0.723390102,-0.000697094947,0.665870428
272590544894,105447,0.0225686692,-0.0742137283,-0.342766911,-0.182872728,-0.724813461,0.000972776732,0.664230525
272606945154,105464,0.0282701626,-0.0770003945,-0.341245413,-0.18310605,-0.726490557,0.00331019866,0.662323713
272623607498,105481,0.0342347808,-0.0798779652,-0.339695871,-0.183310226,-0.728343666,0.00563909486,0.660212874
272640276560,105497,0.0400568172,-0.0827336013,-0.338243067,-0.183511123,-0.730191469,0.00751733826,0.658093929
272656946456,105513,0.0460811891,-0.0857105553,-0.336828858,-0.183709815,-0.7319839,0.00905233435,0.656024694
272673850935,105531,0.0529985465,-0.0891311616,-0.335300922,-0.183683738,-0.73372227,0.010275091,0.654069066
272690288696,105547,0.0592248887,-0.0922600776,-0.334007055,-0.183412269,-0.735053182,0.010620161,0.6526438
272706973227,105563,0.0654895902,-0.0954707265,-0.332797527,-0.183097199,-0.736296654,0.0101456251,0.651336908
272723637602,105580,0.0721710771,-0.0989210978,-0.331598073,-0.182933301,-0.737502038,0.00878666528,0.650037706
272740297862,105597,0.0788756162,-0.102305204,-0.330466181,-0.183064103,-0.738572955,0.00688493159,0.648806691
272756946352,105613,0.0852348357,-0.105318375,-0.329422683,-0.183154151,-0.739358604,0.00504126912,0.647902787
272773656925,105630,0.0920444131,-0.108427778,-0.328325063,-0.182801589,-0.740005374,0.00351317669,0.647273779
272790285310,105646,0.0984506309,-0.111336455,-0.327316374,-0.182278067,-0.740569174,0.00240536057,0.646781445
272806966196,105663,0.105209142,-0.114350349,-0.326305002,-0.182129368,-0.741096616,0.00121920067,0.646222353
272823673748,105679,0.111514367,-0.117041923,-0.32538271,-0.182664812,-0.741391897,-0.000137134804,0.645733356
272840291717,105696,0.118117265,-0.11971347,-0.324416101,-0.183948755,-0.741540849,-0.00177043932,0.645195305
272856976196,105712,0.124273688,-0.122105941,-0.323538303,-0.185614467,-0.74173665,-0.0030747049,0.644487858
272873639685,105729,0.130811676,-0.124614939,-0.322637111,-0.187853605,-0.742083848,-0.00392250391,0.643433988
272890311769,105746,0.137296438,-0.1270843,-0.321718425,-0.190621093,-0.742413819,-0.00441930117,0.642235041
272906951039,105762,0.143310905,-0.129369631,-0.320827246,-0.193611592,-0.742738664,-0.00458743377,0.640962422
272923618644,105778,0.14920184,-0.131668508,-0.319907308,-0.196726516,-0.743191659,-0.00443564402,0.639488339
272940352289,105795,0.155397311,-0.134113833,-0.318912834,-0.199822366,-0.743785501,-0.00396126276,0.63783896
272956945050,105812,0.161581933,-0.136586636,-0.317939043,-0.202251226,-0.744379401,-0.00302330544,0.63638413
272973722185,105828,0.167333648,-0.138979107,-0.317063928,-0.203860149,-0.744698524,-0.00181639206,0.635501325
272990279894,105845,0.173270464,-0.141584828,-0.31619817,-0.204984054,-0.744550049,-0.000816132,0.635315776
273006945466,105862,0.178925648,-0.144246653,-0.315433085,-0.205853954,-0.743901432,-0.000817687833,0.635794222
273023615519,105878,0.184017897,-0.146707907,-0.31477809,-0.206612051,-0.742969811,-0.00192673935,0.636634588
273040279841,105894,0.188950121,-0.149037123,-0.314178109,-0.207103327,-0.741949081,-0.00396240642,0.637655199
273056992237,105911,0.194084734,-0.151401177,-0.313647091,-0.206803665,-0.741062582,-0.00639377255,0.638762593
273073614321,105928,0.199169666,-0.153743923,-0.313170433,-0.204741955,-0.740429342,-0.00853994954,0.640134513
273090274373,105944,0.203873008,-0.155994549,-0.312781155,-0.201325163,-0.740218461,-0.0101008788,0.641438127
273106971352,105961,0.208745375,-0.158416152,-0.312414467,-0.197126582,-0.74041599,-0.011312101,0.642493129
273123609841,105977,0.213128835,-0.160586357,-0.312089205,-0.193614915,-0.740744114,-0.0124467192,0.643161356
273140284164,105994,0.217624187,-0.162527427,-0.31179592,-0.191335022,-0.741089225,-0.0135194901,0.643424332
273156941508,106011,0.22201398,-0.164120898,-0.3115201,-0.190377846,-0.740975082,-0.0137201501,0.643835425
273173658331,106027,0.225980431,-0.165463477,-0.311235845,-0.190158382,-0.74024123,-0.0130245686,0.644758224
273190541248,106043,0.229814976,-0.166633576,-0.310947627,-0.190483972,-0.739305735,-0.0115681458,0.645762444
273206943435,106061,0.23403208,-0.167825609,-0.310682297,-0.191048443,-0.738380313,-0.00863653328,0.646699667
273223611716,106077,0.237707615,-0.168838888,-0.310488701,-0.191667691,-0.737507939,-0.00559663074,0.647544801
273240273123,106093,0.241266236,-0.169746414,-0.310366273,-0.19257696,-0.736391485,-0.00312231435,0.648561537
273256960310,106110,0.244951278,-0.170587808,-0.310325295,-0.193101361,-0.734941185,-0.000987389823,0.650055707
273273612446,106127,0.248593152,-0.171318725,-0.31047532,-0.192676663,-0.733510256,0.00111262186,0.651795387
273290281612,106143,0.251946509,-0.171927169,-0.310853451,-0.191052958,-0.732187808,0.00293286913,0.653751612
273306951456,106160,0.255443245,-0.172479421,-0.311499238,-0.187436461,-0.730513394,0.00489194226,0.656653583
273323611768,106176,0.258619934,-0.172920585,-0.312356293,-0.181804851,-0.728320241,0.00731406221,0.660638452
273340313643,106193,0.261867791,-0.173313707,-0.313507587,-0.172888786,-0.724914849,0.0108027607,0.666701853
273356975102,106210,0.264956594,-0.17362909,-0.314880133,-0.160976872,-0.720401764,0.0148499049,0.674453259
273373654581,106226,0.267593086,-0.173813567,-0.316443503,-0.148092076,-0.715631068,0.0189013612,0.682336926
273390277029,106242,0.269882679,-0.173803777,-0.3183043,-0.134735316,-0.710751534,0.0230370257,0.690034747
273406977654,106260,0.271850586,-0.173487306,-0.320680857,-0.120250382,-0.70535928,0.0272395927,0.698044538
273423621195,106276,0.273025125,-0.172835797,-0.323024511,-0.108546525,-0.701072693,0.0306641273,0.70411253
273440314945,106292,0.273709089,-0.171848074,-0.325556278,-0.0976710171,-0.697700322,0.0348130614,0.708846033
273456945362,106308,0.273943603,-0.170624182,-0.328232229,-0.0870918185,-0.695410192,0.0405781567,0.712160945
273473792602,106325,0.273749381,-0.169161618,-0.331187129,-0.075700216,-0.693966508,0.0488127545,0.714350998
273490522602,106342,0.273103148,-0.167601004,-0.334210783,-0.0638128445,-0.693173885,0.0592260025,0.715492964
273506944477,106358,0.272167206,-0.166109473,-0.337168872,-0.0523541085,-0.692720592,0.0708824396,0.715802312
273523638018,106375,0.270795375,-0.164452195,-0.340375602,-0.0404424258,-0.692384899,0.0843492225,0.715438902
273540279320,106392,0.268979043,-0.162582442,-0.343562901,-0.0301642697,-0.692536175,0.0981101766,0.714043558
273556945310,106408,0.266834944,-0.160577446,-0.346566379,-0.0231975112,-0.693365872,0.111445822,0.71153748
273573661039,106425,0.264066666,-0.158248216,-0.349703044,-0.0190018117,-0.694700003,0.125405118,0.708028555
273590286977,106441,0.261031657,-0.155914977,-0.352679491,-0.0180663727,-0.696315944,0.137636632,0.704183161
273607087602,106457,0.257595032,-0.153532863,-0.355752826,-0.0187736191,-0.697818041,0.149286032,0.70029372
273623613331,106474,0.253738195,-0.151069224,-0.359076858,-0.0198813602,-0.698549688,0.160969675,0.696937501
273640297341,106492,0.249536276,-0.148512259,-0.362632751,-0.0204336215,-0.698164105,0.172199652,0.694619775
273656947185,106507,0.245976523,-0.146405846,-0.365704536,-0.0199914109,-0.697018862,0.181170747,0.693500042
273673648852,106524,0.242033452,-0.144061714,-0.369265139,-0.0181630105,-0.694606602,0.190500349,0.693470657
273690564320,106541,0.238179475,-0.141741708,-0.37293458,-0.0149387429,-0.691409469,0.198274761,0.694562376
273707030414,106556,0.234916627,-0.139707461,-0.376322269,-0.010831045,-0.688224912,0.204470918,0.696003497
273723614581,106573,0.231358737,-0.137458235,-0.380163223,-0.00464369077,-0.683968246,0.210568577,0.698446035
273740284477,106590,0.227932513,-0.135275602,-0.384033978,0.00209401827,-0.679583848,0.215320945,0.701283395
273756971872,106607,0.224726051,-0.133221209,-0.387950122,0.00836961344,-0.674954414,0.219061539,0.704541385
273773852289,106623,0.221879482,-0.131478503,-0.391512215,0.0133242551,-0.66968596,0.221215859,0.708806634
273790289372,106640,0.219011396,-0.129656643,-0.395056337,0.0170090161,-0.66349256,0.221341223,0.714490354
273806947289,106656,0.216478854,-0.128056079,-0.398241043,0.0192643199,-0.657861114,0.220251635,0.719956219
273823624425,106673,0.214097306,-0.126475394,-0.401411533,0.0211731251,-0.652260303,0.218029976,0.725652277
273840279841,106690,0.211971253,-0.124994725,-0.404396147,0.0226755552,-0.647420347,0.214431688,0.730993748
273856943643,106706,0.210254624,-0.123788692,-0.406988084,0.0243149791,-0.643401504,0.210434735,0.735636115
273873657549,106723,0.208840817,-0.122678883,-0.409437746,0.0265576597,-0.639822781,0.206115201,0.739890575
273890312549,106740,0.207733497,-0.12168707,-0.411582798,0.0292473119,-0.637432277,0.201870129,0.743016243
273906966768,106756,0.207004339,-0.120781295,-0.413334787,0.0323382393,-0.636184335,0.198245227,0.74493134
273923637081,106772,0.206494242,-0.119984373,-0.414819777,0.0360362418,-0.635433435,0.195076868,0.746237814
273940421299,106788,0.206204534,-0.119334169,-0.416007638,0.039987646,-0.634950995,0.191835552,0.747286677
273956940414,106806,0.206102401,-0.118715718,-0.416975975,0.0439582244,-0.634756148,0.187952414,0.748215377
273973693904,106822,0.206133336,-0.118218854,-0.417463124,0.0468592197,-0.634707928,0.184687451,0.748892963
273990349477,106838,0.206258565,-0.117701761,-0.41754204,0.0488946252,-0.634966135,0.18138887,0.749350011
274006974893,106856,0.206480235,-0.117117129,-0.417155951,0.0499796309,-0.63623929,0.177726209,0.749076068
274023643799,106872,0.206916243,-0.116640851,-0.416424453,0.0505064949,-0.638145089,0.17511113,0.748034775
274040276872,106888,0.207600117,-0.116333127,-0.415343851,0.0509899668,-0.640583873,0.17279011,0.74645561
274056956508,106905,0.20859459,-0.116176449,-0.413868278,0.0512720346,-0.644051254,0.170384943,0.744001508
274073788383,106922,0.209935248,-0.11615669,-0.412097096,0.0513360798,-0.648359478,0.168260649,0.740731359
274090832966,106938,0.211453259,-0.116318449,-0.410131514,0.0511747114,-0.652719676,0.166118532,0.737389266
274106977862,106955,0.21327655,-0.116685152,-0.407700926,0.0504727513,-0.657490313,0.162895873,0.733910024
274123648799,106971,0.215039939,-0.117241122,-0.405140489,0.0494231135,-0.662164867,0.158939347,0.730638981
274140280518,106987,0.21692653,-0.117877446,-0.402395964,0.0480779298,-0.667178988,0.154541597,0.72710222
274156943122,107005,0.219234139,-0.118654281,-0.399105668,0.0460762233,-0.673277617,0.149342865,0.722683132
274173744841,107021,0.221362919,-0.119508535,-0.395994127,0.0439179204,-0.678866386,0.144672573,0.718527377
274190280987,107037,0.223636985,-0.120525494,-0.392690271,0.0417436585,-0.68434459,0.140051439,0.714363813
274206943799,107054,0.226133376,-0.121780634,-0.389057457,0.0394668579,-0.689985335,0.135542318,0.709923208
274223609997,107071,0.228755414,-0.123098418,-0.385192811,0.0374926776,-0.69511044,0.131493717,0.70577985
274240278643,107087,0.231309533,-0.124360271,-0.381328791,0.0358624049,-0.699544728,0.128036737,0.702109396
274256942862,107104,0.233968943,-0.125817791,-0.377129912,0.0342519581,-0.70408392,0.124817699,0.698221445
274273657393,107120,0.236473978,-0.127251804,-0.373087436,0.0328763947,-0.708026111,0.122100778,0.694773018
274290615310,107136,0.238996834,-0.128682673,-0.368926167,0.0316963568,-0.711536765,0.119124494,0.691751599
274306956716,107153,0.241665512,-0.130131811,-0.364413023,0.0307160523,-0.715121329,0.115307115,0.688739657
274323611820,107170,0.24419643,-0.131566375,-0.359881014,0.0300237238,-0.719053507,0.110916816,0.685389102
274340288956,107187,0.246723518,-0.132945225,-0.355351001,0.0292825885,-0.723471045,0.106305957,0.681491911
274356943799,107203,0.249136776,-0.134232819,-0.351002216,0.028562557,-0.727643847,0.101832539,0.677752793
274373942497,107220,0.251665384,-0.135647789,-0.346277595,0.0278656427,-0.731981695,0.0971831456,0.673781753
274390289008,107236,0.254116565,-0.137003094,-0.341726273,0.0272805765,-0.736173332,0.0933922455,0.669763029
274406944581,107253,0.256710887,-0.138526976,-0.336755961,0.0266558584,-0.74075985,0.0898558423,0.665199459
274423610518,107269,0.259190679,-0.140010655,-0.331990451,0.0257840138,-0.745165169,0.0866631716,0.660722077
274440279841,107286,0.261839211,-0.141715974,-0.326829314,0.0247716028,-0.749537945,0.0832515284,0.656238079
274456973070,107303,0.264450014,-0.143476218,-0.321527302,0.0238041878,-0.753410041,0.0794166774,0.652303398
274473614268,107319,0.266865015,-0.145068645,-0.31644243,0.0229172092,-0.756963253,0.0756033361,0.648664534
274490278695,107336,0.26936987,-0.14675729,-0.310950816,0.022296099,-0.760829329,0.0716138557,0.644603133
274506951664,107352,0.271704972,-0.148290291,-0.305708021,0.0221387725,-0.764463723,0.0675282255,0.640737951
274523821351,107368,0.273946404,-0.149799377,-0.300446868,0.0224717688,-0.768117249,0.0630416274,0.636801958
274540302497,107386,0.276364982,-0.151457652,-0.294535786,0.0234322604,-0.7723822,0.0582100339,0.632050872
274556955049,107402,0.278416097,-0.152836695,-0.289294332,0.0243386794,-0.776468277,0.0543882363,0.627332866
274573653955,107418,0.280346662,-0.154156432,-0.284062237,0.024819782,-0.780656755,0.0512029156,0.622364283
274590275935,107435,0.282331675,-0.155527949,-0.27849704,0.0248403642,-0.784694314,0.048625119,0.617473483
274606944060,107452,0.284174085,-0.156839862,-0.273014635,0.0244004242,-0.787976742,0.046421729,0.613467455
274623666403,107468,0.285764724,-0.157969832,-0.268005431,0.0238764081,-0.790246964,0.0444078296,0.6107108
274640276455,107484,0.28726694,-0.159023702,-0.263217211,0.0235438105,-0.791761458,0.0423213691,0.60890758
274656946924,107502,0.288899899,-0.160163507,-0.258233249,0.0234883148,-0.792704761,0.0394723304,0.607872963
274673630362,107518,0.290317148,-0.161148816,-0.254209518,0.02359185,-0.792926967,0.0359987393,0.607794762
274690287445,107534,0.291668504,-0.162107855,-0.250555426,0.0235618204,-0.792559505,0.031364996,0.608531475
274706964476,107551,0.293048501,-0.16306065,-0.247112691,0.0227663666,-0.791728854,0.0252701323,0.609925032
274723609320,107568,0.29431513,-0.163921475,-0.244162783,0.0208503418,-0.790542245,0.0182198416,0.611781299
274740277966,107584,0.295419753,-0.164631248,-0.241818368,0.0180870034,-0.78899157,0.0109598311,0.614040017
274756943018,107600,0.296492815,-0.165295109,-0.239902124,0.014063769,-0.786882699,0.00314011122,0.616934419
274773700414,107618,0.297647089,-0.166023403,-0.238250583,0.0072795758,-0.783566773,-0.00648320792,0.621231198
274790387966,107634,0.298634887,-0.166491956,-0.237093285,-0.00129722257,-0.779627562,-0.0160337593,0.626036823
274806944789,107650,0.299662471,-0.166785419,-0.23618415,-0.0125243533,-0.774875224,-0.0264659077,0.631435812
274823612810,107667,0.300916016,-0.166959658,-0.23555699,-0.0273993835,-0.768836319,-0.0386136696,0.637690365
274840327862,107684,0.302331746,-0.167007506,-0.235280916,-0.0448953286,-0.761234879,-0.052370511,0.644796968
274856947810,107700,0.303723574,-0.166968986,-0.235365272,-0.0630575344,-0.752278388,-0.0667719096,0.652412891
274873642497,107716,0.305123061,-0.166860342,-0.235753089,-0.0820585191,-0.741500556,-0.0823830888,0.660799921
274890286560,107733,0.306715101,-0.166506559,-0.236324936,-0.10209506,-0.728716433,-0.100296311,0.669693768
274906950987,107750,0.308563858,-0.166054696,-0.237168744,-0.120904647,-0.715979517,-0.11819993,0.677336156
274923611455,107766,0.310628772,-0.165734202,-0.238152638,-0.135905966,-0.704677165,-0.134168759,0.683343649
274940278903,107783,0.31315732,-0.165624529,-0.239308193,-0.148352161,-0.693740427,-0.150006741,0.688631952
274956943643,107800,0.31596303,-0.165907696,-0.240655527,-0.157907337,-0.68438679,-0.163867101,0.692695916
274973638018,107816,0.318813175,-0.166495234,-0.242013127,-0.164759874,-0.676307797,-0.175266355,0.696235418
274990306403,107832,0.321801394,-0.167233184,-0.243326828,-0.170062453,-0.668235779,-0.186036676,0.699950159
275006981976,107849,0.325164169,-0.168113813,-0.244691759,-0.175390452,-0.659923673,-0.196962178,0.703523159
275023612653,107866,0.328614622,-0.169119179,-0.246062681,-0.180812106,-0.651620507,-0.207360029,0.706894398
275040277601,107882,0.331932545,-0.170214653,-0.247246996,-0.185459986,-0.643414319,-0.217058659,0.710287392
275056943122,107899,0.335622996,-0.17146565,-0.24840793,-0.189644247,-0.634904802,-0.22701852,0.713718176
275073782862,107916,0.339476347,-0.172818661,-0.24962008,-0.19293116,-0.627663732,-0.23516649,0.716597974
275090348122,107931,0.343069583,-0.174195111,-0.250670284,-0.194570899,-0.622464478,-0.240353033,0.718964994
275106951247,107949,0.347529858,-0.175914258,-0.251878589,-0.195205167,-0.617239952,-0.244549558,0.721876264
275123614216,107965,0.351657569,-0.177467436,-0.25287202,-0.195089191,-0.613258421,-0.246303588,0.724699199
275140276924,107982,0.35611403,-0.179193109,-0.253807843,-0.194683716,-0.609518528,-0.246213272,0.727986634
275156943799,107998,0.36032936,-0.180719912,-0.254550904,-0.194746628,-0.606379628,-0.245003894,0.730992973
275174804893,108015,0.364912927,-0.182122856,-0.255164772,-0.195422441,-0.603729904,-0.242755964,0.733750522
275190286455,108031,0.369083077,-0.18330133,-0.255696714,-0.196483418,-0.60217011,-0.23938255,0.735854208
275207090361,108048,0.373340219,-0.184400544,-0.25621292,-0.198097631,-0.601229012,-0.235041052,0.737588465
275223613330,108065,0.377290159,-0.185263902,-0.256708533,-0.200212613,-0.600638151,-0.230427712,0.738953233
275240491768,108081,0.380596161,-0.185860261,-0.257159978,-0.202430308,-0.600013494,-0.225766987,0.74029392
275256950049,108098,0.383742452,-0.186157092,-0.257473588,-0.204588205,-0.598836541,-0.221061707,0.742071509
275273638174,108114,0.386238456,-0.186016336,-0.257623494,-0.206372827,-0.597292542,-0.21729973,0.743930638
275290309789,108130,0.388373077,-0.185528189,-0.257650793,-0.207547307,-0.595786273,-0.213762388,0.745834112
275307104893,108148,0.390187144,-0.184603125,-0.25756222,-0.207562074,-0.594615221,-0.2101053,0.747801185
275323610205,108164,0.391287535,-0.18345055,-0.257459372,-0.206466541,-0.594735265,-0.206954926,0.748886645
275340277809,108180,0.392011285,-0.18209663,-0.257328361,-0.204393625,-0.596167505,-0.203551948,0.74924916
275356941872,108196,0.392189443,-0.180621505,-0.257067055,-0.201603144,-0.598439336,-0.200385377,0.749047518
275374029059,108214,0.391735643,-0.178807706,-0.25660494,-0.198649794,-0.601611853,-0.197218686,0.748135149
275390434945,108230,0.390647769,-0.177102476,-0.256122053,-0.196727529,-0.604405463,-0.194956779,0.746983469
275406943278,108246,0.389049321,-0.175314814,-0.255538613,-0.195974946,-0.60649091,-0.193728358,0.745809555
275423613330,108264,0.386863828,-0.173202738,-0.254712403,-0.196752056,-0.607554853,-0.193412602,0.744820297
275440289684,108280,0.384704173,-0.171335131,-0.253823757,-0.198218107,-0.607357562,-0.193391949,0.744597852
275456947653,108296,0.38242054,-0.169526905,-0.252821356,-0.199893013,-0.606519878,-0.193176776,0.744888663
275473641768,108313,0.37970084,-0.167706221,-0.251692265,-0.201034531,-0.605632544,-0.192439958,0.745494008
275490380674,108330,0.376949847,-0.165948763,-0.250464737,-0.200863197,-0.605448604,-0.190907344,0.746083438
275506955778,108346,0.374224663,-0.164230943,-0.249376774,-0.199960858,-0.606181979,-0.188643575,0.746306002
275523613434,108362,0.371489435,-0.162338972,-0.24836503,-0.198845565,-0.60736227,-0.185958907,0.746318221
275540319372,108380,0.368399203,-0.159925729,-0.247197375,-0.197653741,-0.608718753,-0.182725042,0.746328413
275556972861,108396,0.365412086,-0.157525122,-0.246141821,-0.196869344,-0.609856963,-0.179606304,0.746363521
275573699111,108412,0.362302333,-0.154852599,-0.245060503,-0.196495131,-0.610774875,-0.176591471,0.746430993
275590276820,108429,0.35861668,-0.151724547,-0.243949309,-0.196804821,-0.611360371,-0.173776656,0.746530652
275606944163,108446,0.354645401,-0.148319423,-0.242834777,-0.198122099,-0.611582279,-0.171303421,0.746572137
275623616351,108462,0.350548059,-0.144910455,-0.241811171,-0.20063296,-0.6117661,-0.169130504,0.746246338
275640304476,108478,0.346302062,-0.141267687,-0.240828365,-0.204288527,-0.6120103,-0.167224422,0.745483518
275656949007,108495,0.341721654,-0.137268633,-0.239838645,-0.20842731,-0.612395167,-0.165490791,0.744407833
275673608695,108512,0.336868078,-0.133310959,-0.238983259,-0.212345287,-0.613038003,-0.164061531,0.743086636
275690290934,108528,0.332318306,-0.129662573,-0.238285139,-0.215879813,-0.613915682,-0.162962154,0.741584003
275706955622,108545,0.327320397,-0.125904948,-0.237676486,-0.219513938,-0.615030229,-0.161950916,0.73981303
275723649476,108561,0.322479576,-0.122477941,-0.237204015,-0.223149687,-0.616037786,-0.161266729,0.738034368
275740276976,108578,0.317303061,-0.118936948,-0.23680231,-0.227547184,-0.616903901,-0.160826847,0.736061633
275757021507,108594,0.312442958,-0.115707047,-0.236550868,-0.231656045,-0.617416918,-0.160411984,0.734438479
275773664320,108611,0.307510853,-0.112417728,-0.236370385,-0.235002413,-0.617618084,-0.159974813,0.733300686
275790276976,108628,0.302849948,-0.109296821,-0.236350924,-0.236997917,-0.617851377,-0.159546882,0.732554793
275806991455,108644,0.298806101,-0.106544539,-0.23654145,-0.237412617,-0.618339062,-0.158787534,0.73217392
275823613851,108661,0.294755042,-0.103820354,-0.236951053,-0.236047521,-0.618862629,-0.157785967,0.73238939
275840276455,108677,0.291163296,-0.101372547,-0.237496585,-0.233829632,-0.619046688,-0.157039464,0.733105421
275856943695,108694,0.287632674,-0.0988791138,-0.238155708,-0.231224045,-0.61879313,-0.156484649,0.734263659
275873653695,108710,0.284458697,-0.0966029018,-0.238814756,-0.229223788,-0.618185222,-0.156089231,0.735486031
275890280882,108727,0.281278878,-0.0941775888,-0.239516109,-0.228185639,-0.617281139,-0.15563722,0.736663043
275906947601,108744,0.278265357,-0.0917106569,-0.240212291,-0.2281394,-0.61628443,-0.154923886,0.737661481
275923610830,108760,0.275710464,-0.089415729,-0.240877643,-0.228674203,-0.615495861,-0.153658062,0.738418698
275940357809,108776,0.273256421,-0.0872113183,-0.24154456,-0.229510963,-0.615077496,-0.151672453,0.738918006
275956939528,108793,0.270607263,-0.0849184245,-0.24224849,-0.230706662,-0.615039647,-0.148859948,0.739149094
275973819267,108810,0.268078685,-0.0825313106,-0.242945671,-0.232143506,-0.615056396,-0.145531267,0.739348173
275990279580,108826,0.265726417,-0.0801541209,-0.243616506,-0.233546883,-0.614738166,-0.1421725,0.739824235
276006943538,108843,0.263373524,-0.0775035322,-0.244313046,-0.234814927,-0.613924682,-0.138538569,0.740787208
276023631924,108860,0.261007011,-0.074810192,-0.245061725,-0.235554397,-0.612994492,-0.134726018,0.742024839
276040278799,108876,0.25881815,-0.0722931176,-0.245868534,-0.235677108,-0.612251163,-0.13126795,0.743218362
276056988330,108892,0.256657183,-0.0698239207,-0.246757656,-0.235082328,-0.611799181,-0.128263116,0.744302869
276073620049,108909,0.254297256,-0.0672462732,-0.247806475,-0.233676597,-0.611762762,-0.125607282,0.745227754
276090284684,108925,0.252035648,-0.064870581,-0.248906076,-0.231798202,-0.61185205,-0.123631157,0.7460711
276106968851,108942,0.249352872,-0.0624400489,-0.25011158,-0.229528695,-0.61155659,-0.122347891,0.747225702
276123608955,108959,0.246441483,-0.0600812323,-0.251333445,-0.227803424,-0.610699713,-0.121945299,0.748519063
276140418486,108975,0.243493155,-0.0578877553,-0.252448082,-0.227441162,-0.60946548,-0.122181028,0.749596
276156944580,108992,0.240194395,-0.0555558205,-0.253551424,-0.22878176,-0.607803822,-0.123058863,0.750393212
276173690778,109009,0.236919478,-0.0532272756,-0.254585803,-0.231559142,-0.605962813,-0.124208979,0.750840545
276190282132,109025,0.233864576,-0.0511184745,-0.255495578,-0.234433234,-0.604339302,-0.124885596,0.751145005
276206942549,109041,0.231011286,-0.0492249243,-0.256410658,-0.236652866,-0.603003383,-0.124763027,0.751542866
276223662549,109058,0.228071064,-0.0475460067,-0.257388145,-0.23768194,-0.601828456,-0.123735182,0.75232935
276240277444,109075,0.225242466,-0.0462285355,-0.258334041,-0.237175047,-0.600537896,-0.1221838,0.753772736
276256937549,109091,0.222719252,-0.0452363566,-0.259207428,-0.2359263,-0.598950207,-0.120719865,0.755661428
276273777653,109108,0.220125794,-0.0443168245,-0.260104567,-0.234446242,-0.596778095,-0.119616695,0.758012414
276290353121,109124,0.217868477,-0.0435619056,-0.260914981,-0.233144909,-0.594385624,-0.119251281,0.760347545
276306951663,109141,0.215561062,-0.0428964309,-0.261720806,-0.231902182,-0.591687322,-0.119591706,0.762774706
276323623694,109157,0.213569418,-0.0424630232,-0.262430519,-0.230809048,-0.589197636,-0.12062186,0.764868498
276340309163,109175,0.211416855,-0.0421520658,-0.26316306,-0.229973286,-0.586521566,-0.122494482,0.766876757
276356941976,109191,0.209588051,-0.0419898927,-0.263703346,-0.229851097,-0.584098876,-0.124517225,0.768435121
276374101767,109207,0.20800063,-0.0419560708,-0.264060795,-0.230361328,-0.581402838,-0.126511842,0.769999504
276390395986,109224,0.206574693,-0.0420591235,-0.2641505,-0.231153429,-0.578244805,-0.128359839,0.771832108
276406950101,109240,0.205644161,-0.0423639491,-0.264019698,-0.231723934,-0.575386882,-0.129603758,0.773586988
276423633903,109257,0.205025643,-0.0428941846,-0.263669759,-0.231839389,-0.572807491,-0.130492315,0.775315344
276440278069,109274,0.204715073,-0.0436262526,-0.263145536,-0.231214106,-0.571019948,-0.131295502,0.776683867
276456946923,109290,0.204728693,-0.04452537,-0.262587816,-0.230339676,-0.570167124,-0.132141337,0.777426422
276473767705,109306,0.204986736,-0.0455888286,-0.261917859,-0.229445741,-0.569707811,-0.133505747,0.777794242
276490504736,109324,0.205621496,-0.0469348505,-0.260978699,-0.228470489,-0.569308579,-0.135900095,0.777959049
276506950882,109340,0.206365302,-0.0481867865,-0.2600317,-0.228068084,-0.56916827,-0.138379827,0.777742565
276523629684,109356,0.207290292,-0.0495063812,-0.259005845,-0.228202254,-0.569057465,-0.141175717,0.777281702
276540276403,109373,0.208492279,-0.0509979129,-0.257769376,-0.228760153,-0.568923235,-0.144378915,0.776627302
276556946819,109390,0.20990628,-0.0526147634,-0.256332636,-0.229414508,-0.569158971,-0.147101492,0.775750101
276573655569,109406,0.211448878,-0.0543486699,-0.254875332,-0.229814857,-0.569972634,-0.148644835,0.774739444
276590278330,109422,0.213127673,-0.0562618449,-0.25336659,-0.229844123,-0.571118951,-0.149451584,0.773730636
276606938069,109439,0.215049908,-0.058411099,-0.25173682,-0.229537442,-0.572317064,-0.150055796,0.772818983
276623607132,109456,0.217071831,-0.0605852604,-0.250096887,-0.229214057,-0.573414922,-0.150659025,0.771983266
276640294267,109472,0.219104379,-0.0626121759,-0.248576209,-0.229217753,-0.57435286,-0.151435539,0.771132529
276656943069,109489,0.2213687,-0.0647361428,-0.247006014,-0.229343653,-0.575275362,-0.152677923,0.770161808
276673755830,109505,0.223525286,-0.0667410865,-0.245632783,-0.229359612,-0.576379001,-0.154012963,0.76906538
276690354423,109522,0.225859255,-0.0689113513,-0.244338289,-0.229408622,-0.578056931,-0.155237049,0.767543793
276707112340,109539,0.228172541,-0.0710570961,-0.243175909,-0.229686692,-0.579941928,-0.156138971,0.765853763
276723619736,109555,0.230384618,-0.0730598718,-0.242162108,-0.230301991,-0.581368864,-0.156855151,0.764439523
276740287444,109571,0.232644066,-0.0750317797,-0.241233692,-0.231270522,-0.582230449,-0.157496423,0.763358712
276756942861,109589,0.235203713,-0.0772263631,-0.240318656,-0.232628077,-0.582574308,-0.158045515,0.762569964
276773749007,109605,0.237505853,-0.0791463554,-0.239600509,-0.2340049,-0.582404673,-0.158584476,0.762166321
276790283225,109621,0.239792317,-0.0809952617,-0.2389732,-0.235651523,-0.582016766,-0.159192801,0.761828482
276806950205,109638,0.242209643,-0.0829169825,-0.238413543,-0.237670004,-0.581569552,-0.159997553,0.761374176
276823625778,109655,0.244625777,-0.0848087296,-0.238003373,-0.240055278,-0.581106544,-0.161001831,0.76076746
276840278173,109671,0.246872589,-0.0866124332,-0.237773046,-0.242419764,-0.580434978,-0.161973402,0.760323942
276856950517,109687,0.24910146,-0.0884189159,-0.237593606,-0.244681969,-0.579223335,-0.163098142,0.760282934
276873673955,109705,0.251619101,-0.0903753936,-0.237371922,-0.247035831,-0.577417552,-0.164388046,0.760617435
276890292080,109721,0.253856212,-0.092034474,-0.237196922,-0.248913139,-0.575697005,-0.165267378,0.761118829
276909981871,109740,0.256379455,-0.093829006,-0.2370608,-0.250514746,-0.573427081,-0.166350111,0.762070537
276923612548,109754,0.258081496,-0.0950162634,-0.23699069,-0.25102824,-0.571545959,-0.167327911,0.763099849
276940285361,109770,0.259819657,-0.096219115,-0.236953676,-0.250947893,-0.569246113,-0.168516055,0.764582455
276956946819,109787,0.261380792,-0.0972471088,-0.236914337,-0.250302762,-0.56649816,-0.170021862,0.766499162
276973723069,109804,0.262612075,-0.0979158953,-0.236766785,-0.249439314,-0.563411117,-0.172082812,0.768593252
276990358277,109820,0.263427198,-0.0981399119,-0.236490473,-0.248672605,-0.560402036,-0.174462378,0.770502746
277006940465,109837,0.263886631,-0.0979459211,-0.236057729,-0.248346195,-0.557464659,-0.177274659,0.772095203
277023612392,109853,0.263926923,-0.097344242,-0.235488668,-0.248690292,-0.555146754,-0.180128679,0.772993445
277040282861,109870,0.263585806,-0.0962944999,-0.234684691,-0.24971059,-0.553230226,-0.182994783,0.773365378
277056942809,109886,0.26295799,-0.0949896649,-0.233726129,-0.251048774,-0.551851511,-0.185221165,0.773387134
277073681194,109902,0.262045294,-0.0934476703,-0.232579201,-0.252446413,-0.550678194,-0.186730325,0.773405552
277090279788,109919,0.26073882,-0.0916025192,-0.231156841,-0.25377807,-0.549393833,-0.187524706,0.773690939
277106999371,109936,0.25905928,-0.0895273983,-0.22957623,-0.255020887,-0.547915995,-0.187867731,0.774246871
277123619632,109953,0.257026136,-0.0871883482,-0.227863342,-0.256337732,-0.546202183,-0.188141823,0.774956048
277140278538,109969,0.254792333,-0.0847464278,-0.226150542,-0.258014441,-0.544436216,-0.188739538,0.775496721
277156952704,109986,0.252025247,-0.0819216073,-0.224290282,-0.2607072,-0.542596817,-0.189692497,0.775652766
277173803746,110002,0.24909237,-0.0790623575,-0.222461477,-0.264213771,-0.540746927,-0.190809995,0.775484025
277190362132,110019,0.245730162,-0.0758230686,-0.220380425,-0.268911958,-0.5384776,-0.192226097,0.775098264
277206947548,110035,0.242423207,-0.0726141855,-0.218283027,-0.273864061,-0.536412477,-0.193251044,0.774541318
277223616298,110052,0.238804892,-0.0690937042,-0.216007888,-0.279079229,-0.534758985,-0.193504438,0.773759425
277240276559,110068,0.235313296,-0.0657172427,-0.213871539,-0.283297539,-0.533613145,-0.193322077,0.773062825
277259814684,110088,0.230802238,-0.0614610612,-0.211257741,-0.286890149,-0.532685041,-0.192649454,0.772545755
277273616715,110102,0.227575898,-0.0584606975,-0.209442973,-0.2882604,-0.532277703,-0.192168713,0.772436202
277290278642,110118,0.223843426,-0.0550046936,-0.207377627,-0.289114088,-0.53207159,-0.191750377,0.772363126
277306945309,110135,0.219795287,-0.0513193458,-0.205248877,-0.289470047,-0.532267153,-0.191367626,0.772189915
277323623746,110151,0.215869099,-0.0478599966,-0.203332573,-0.289469689,-0.532720566,-0.19110316,0.771942854
277340302288,110168,0.211625919,-0.04415299,-0.201349124,-0.289407581,-0.533222497,-0.191363513,0.771554947
277356943121,110185,0.207386822,-0.0403996333,-0.199426174,-0.289806366,-0.533802927,-0.192133635,0.770812154
277373723121,110201,0.203384861,-0.0368537903,-0.197697967,-0.29083389,-0.534648418,-0.193110064,0.769594193
277390274423,110217,0.199338257,-0.0332859084,-0.196093768,-0.292793006,-0.535761774,-0.194338843,0.767765641
277407264319,110235,0.194738269,-0.0292612836,-0.194400758,-0.296065271,-0.536957085,-0.196215689,0.765193999
277423621715,110251,0.190579996,-0.0256888419,-0.192937911,-0.299610376,-0.53767097,-0.198438019,0.762735903
277440272965,110267,0.186366439,-0.0221316591,-0.191501155,-0.303898871,-0.538128436,-0.200843975,0.760082304
277456941715,110284,0.181864932,-0.0184233487,-0.189963713,-0.309143782,-0.538267374,-0.203319699,0.757205069
277473649111,110301,0.177354679,-0.0148360729,-0.188359067,-0.314465463,-0.538010597,-0.20565635,0.754560471
277490320934,110317,0.173138991,-0.0115457475,-0.186720893,-0.319314986,-0.537576854,-0.207611844,0.752294064
277507004944,110333,0.168960273,-0.00832465291,-0.184990481,-0.324059099,-0.537268579,-0.208969727,0.750106633
277523610465,110350,0.164593458,-0.00500276685,-0.183084652,-0.328879386,-0.537127554,-0.209641337,0.747919023
277540309631,110366,0.160559952,-0.0019653514,-0.181214511,-0.332812518,-0.536936879,-0.210099906,0.746185482
277556973954,110383,0.156374723,0.00110561401,-0.179207206,-0.335911959,-0.536861122,-0.210258603,0.744805098
277574074319,110400,0.152324885,0.00393596292,-0.177166879,-0.337455451,-0.537068248,-0.209811494,0.744083822
277590298329,110417,0.148332074,0.00656498969,-0.175055087,-0.337181926,-0.537689805,-0.208930328,0.744006813
277606942756,110433,0.144624025,0.00884436071,-0.173045143,-0.335494429,-0.538675785,-0.208055988,0.744301438
277623614006,110449,0.141230106,0.0109986812,-0.171258703,-0.33424148,-0.539565325,-0.208082065,0.744213521
277640313590,110467,0.138370574,0.0131332166,-0.170379847,-0.336203247,-0.539933622,-0.207518518,0.743219435
277656948173,110483,0.136028916,0.014802862,-0.170244932,-0.338114858,-0.539532304,-0.205268458,0.743268609
277673627600,110499,0.133736372,0.016603671,-0.170034617,-0.338289559,-0.537689567,-0.205043226,0.744585454
277690475361,110515,0.131443664,0.0184292458,-0.169794932,-0.336256385,-0.536310792,-0.205872968,0.746269882
277706956871,110533,0.128740013,0.0200312808,-0.16958338,-0.330845207,-0.537341952,-0.204458684,0.74833262
277723614006,110549,0.126430005,0.0212200768,-0.169398516,-0.325252384,-0.539602339,-0.202573031,0.749669552
277740289423,110565,0.124192491,0.0224209838,-0.169202879,-0.32037124,-0.541729391,-0.201541007,0.750514984
277756979006,110582,0.121861234,0.023685962,-0.168981016,-0.316257775,-0.542967677,-0.200735196,0.75158006
277773612183,110599,0.119773149,0.024990309,-0.168821454,-0.314463645,-0.543030679,-0.199913144,0.752505898
277790284840,110615,0.118051335,0.0261300206,-0.168712124,-0.314666808,-0.542660117,-0.198753431,0.752995312
277806942235,110632,0.116454698,0.0270403773,-0.16846031,-0.315683514,-0.542149007,-0.196972191,0.753405809
277823610725,110648,0.115098372,0.0275857821,-0.168121368,-0.3174918,-0.541556418,-0.19532226,0.753501713
277840279579,110665,0.113818631,0.0277700052,-0.167700261,-0.320224464,-0.540753722,-0.194023177,0.753257513
277857179631,110681,0.112828918,0.0275652595,-0.167353719,-0.323126733,-0.540000737,-0.193051338,0.752807856
277873652288,110698,0.11213392,0.0270199627,-0.167251736,-0.326674879,-0.539337754,-0.192180529,0.751974106
277890733485,110715,0.111883581,0.0261349082,-0.16746068,-0.33003661,-0.538632274,-0.191645056,0.751147985
277906943746,110732,0.111963972,0.0249458477,-0.167938948,-0.33241725,-0.5377388,-0.191626295,0.750743091
277923620829,110748,0.112309888,0.023547072,-0.168618828,-0.334014714,-0.536850631,-0.192106992,0.750546753
277940280673,110764,0.11285349,0.0219540857,-0.169562846,-0.3350555,-0.536171973,-0.19297047,0.750346541
277956968121,110781,0.113638684,0.0201436132,-0.170895264,-0.33560884,-0.535578907,-0.194475025,0.750134349
277973724006,110798,0.114699304,0.0182928443,-0.172485083,-0.33592999,-0.534865677,-0.196820512,0.749887705
277990277287,110814,0.115983188,0.0165893584,-0.174139798,-0.33638671,-0.534074545,-0.199504808,0.749537349
278006947652,110830,0.117611788,0.0148638971,-0.175937504,-0.337405622,-0.53333056,-0.201943114,0.748955965
278023634944,110847,0.119694449,0.0129986405,-0.177971706,-0.339292407,-0.532626092,-0.204064474,0.748029351
278040276662,110864,0.122146949,0.0110648349,-0.180115759,-0.341874301,-0.531819999,-0.205893189,0.746925354
278056951558,110880,0.124795519,0.00913245976,-0.182188347,-0.344675988,-0.5309062,-0.207410768,0.745867252
278073695100,110897,0.127942994,0.00696028024,-0.184452027,-0.3479909,-0.529743731,-0.208959103,0.744721532
278090374944,110913,0.131317586,0.00474856049,-0.186649203,-0.351010531,-0.528438449,-0.21078372,0.743716836
278107011090,110930,0.135275304,0.00223254412,-0.188997,-0.353518039,-0.52709347,-0.213250473,0.742779791
278123611402,110946,0.13934125,-0.000313602388,-0.191242993,-0.355175018,-0.526297748,-0.215737298,0.74183476
278140299996,110963,0.143951833,-0.00324397534,-0.193691626,-0.356221825,-0.526067376,-0.218208715,0.740772665
278156950933,110979,0.148479849,-0.00618032366,-0.195998922,-0.356547982,-0.526118577,-0.220400274,0.739930153
278173851767,110996,0.153513849,-0.0094114691,-0.198411852,-0.356312871,-0.526110828,-0.222903863,0.739298642
278190404319,111013,0.158685058,-0.0126062483,-0.200796872,-0.355595767,-0.526102066,-0.225672886,0.738809884
278206939735,111029,0.163677573,-0.0155550241,-0.203040034,-0.354752749,-0.526310205,-0.228371799,0.738237441
278223624735,111046,0.169043452,-0.0185802802,-0.205377728,-0.354009718,-0.526848018,-0.231373489,0.737275124
278240278589,111063,0.174428895,-0.0214932859,-0.207653835,-0.353767395,-0.527683198,-0.234270141,0.73587817
278256947444,111079,0.179508284,-0.0241536349,-0.209758222,-0.353959173,-0.528710783,-0.236558169,0.73431474
278273662287,111095,0.184563488,-0.0267339051,-0.211858973,-0.35440582,-0.529919744,-0.238184601,0.732700288
278290339214,111112,0.189967781,-0.0294374451,-0.214081332,-0.354867876,-0.531172633,-0.239119738,0.731263459
278308730621,111131,0.195950657,-0.0324306861,-0.216461867,-0.354794681,-0.532360256,-0.239164382,0.730420232
278323610100,111145,0.200315773,-0.03466288,-0.218075901,-0.354217649,-0.533061445,-0.238564923,0.730385005
278340370308,111161,0.205228806,-0.0372319892,-0.219827265,-0.35314253,-0.53373003,-0.237385571,0.730801404
278356943642,111179,0.21059829,-0.0401825234,-0.221792117,-0.351664573,-0.53445369,-0.235547543,0.731579542
278373651506,111195,0.215217635,-0.0428846255,-0.223514408,-0.350410283,-0.534972191,-0.234050915,0.732282519
278390273173,111211,0.219588786,-0.045601666,-0.225141898,-0.349254906,-0.53538835,-0.233265638,0.732780635
278406990464,111229,0.224234164,-0.048691608,-0.226794079,-0.34813109,-0.536047101,-0.233242676,0.732841194
278423634839,111245,0.228043497,-0.051520735,-0.228145897,-0.347407252,-0.537075043,-0.23354128,0.7323367
278440276610,111261,0.231520012,-0.0544432923,-0.229411006,-0.347172856,-0.538235426,-0.234118968,0.731410921
278456943746,111278,0.234815449,-0.0575599521,-0.230547771,-0.347444922,-0.539058328,-0.235420644,0.730257034
278473707548,111295,0.237689689,-0.0605423599,-0.231388226,-0.348501176,-0.539326429,-0.23750791,0.728878558
278490700829,111311,0.240057305,-0.0632135794,-0.231937021,-0.350378901,-0.539311826,-0.239582196,0.727308631
278506975412,111327,0.24205035,-0.0657309517,-0.232261658,-0.352863252,-0.539110482,-0.241542697,0.725606382
278523610516,111344,0.243764728,-0.0681968406,-0.23237431,-0.355883807,-0.538665831,-0.24370335,0.723736584
278540311402,111361,0.245132819,-0.0703994036,-0.232348487,-0.359217435,-0.538128972,-0.245824859,0.721768856
278556941194,111377,0.246163666,-0.0722194985,-0.232272416,-0.362419039,-0.537640393,-0.247606486,0.719921112
278573643381,111394,0.247034267,-0.0738943219,-0.232137233,-0.365452498,-0.537070334,-0.249298215,0.718227267
278590283225,111410,0.247615531,-0.0751855373,-0.231983975,-0.367652982,-0.536495388,-0.250745237,0.717029154
278606952548,111427,0.248028159,-0.0762719512,-0.231816813,-0.369300634,-0.535919309,-0.252238989,0.716088712
278623610725,111444,0.248226792,-0.0770739019,-0.231667876,-0.370248884,-0.535570979,-0.253572166,0.715388477
278640278225,111460,0.248210788,-0.0775639936,-0.231550917,-0.370454371,-0.535568476,-0.254642397,0.714903712
278656942235,111476,0.24801223,-0.0777616277,-0.231417924,-0.370332032,-0.535746932,-0.255667925,0.714467227
278673629475,111494,0.247587919,-0.0776085481,-0.231202871,-0.370165437,-0.535978317,-0.256682694,0.71401602
278690293121,111510,0.247035637,-0.0772064552,-0.230945855,-0.36998871,-0.536172092,-0.257242858,0.713760495
278706948173,111526,0.246263653,-0.0765541568,-0.230593145,-0.369695604,-0.536294758,-0.257369548,0.713774502
278723613277,111542,0.245326519,-0.075661324,-0.230147481,-0.369357526,-0.536238313,-0.256952703,0.714141965
278740300048,111560,0.244104415,-0.0743557364,-0.229500532,-0.368634105,-0.536034703,-0.255705744,0.715115607
278756951246,111576,0.242840841,-0.0729348212,-0.228816867,-0.367574304,-0.536012232,-0.253628075,0.716416657
278773695204,111592,0.241398737,-0.0712058246,-0.228102922,-0.366275638,-0.536187112,-0.250761181,0.71795857
278790281558,111609,0.23963064,-0.0689109415,-0.227327019,-0.364629686,-0.53634733,-0.247460216,0.719819546
278806942964,111626,0.237611786,-0.0661378503,-0.226534128,-0.362667471,-0.536273599,-0.244313076,0.721937716
278823612391,111642,0.235445186,-0.0631245524,-0.225802302,-0.360549569,-0.53606683,-0.241455346,0.724110305
278840306246,111659,0.232847288,-0.0595262423,-0.225023329,-0.357776701,-0.535804033,-0.238476276,0.726662874
278856955360,111675,0.230127499,-0.0558037236,-0.224272981,-0.354444742,-0.535590172,-0.235771671,0.729331076
278873680412,111691,0.227106333,-0.051799722,-0.223546952,-0.350544125,-0.535526395,-0.233064741,0.732127845
278890279423,111709,0.223349139,-0.0470333025,-0.222688422,-0.345578074,-0.535540462,-0.230034396,0.735429466
278906957443,111725,0.219703004,-0.0426044837,-0.221812084,-0.340845883,-0.535409927,-0.227492183,0.738517165
278923614579,111741,0.215789318,-0.0380302817,-0.220811397,-0.336246192,-0.535110474,-0.224976182,0.74160713
278940431662,111759,0.211073905,-0.0327878669,-0.219493628,-0.331411749,-0.534717441,-0.221986502,0.74496007
278956945777,111775,0.206535757,-0.0281152427,-0.218170017,-0.327403575,-0.534485579,-0.219019756,0.74777174
278973701193,111791,0.201653153,-0.0234490559,-0.216731653,-0.323914289,-0.53421998,-0.216027543,0.750347078
278990289214,111808,0.196127951,-0.0184923857,-0.215090901,-0.321113557,-0.533643603,-0.213199407,0.752766073
279006943745,111825,0.190290764,-0.0136061832,-0.213393092,-0.319157839,-0.532849967,-0.21058619,0.754892528
279023629423,111841,0.184644833,-0.00914888084,-0.211804673,-0.317902982,-0.531910181,-0.208098769,0.75677228
279040287287,111857,0.178965777,-0.0049091354,-0.210268334,-0.31663236,-0.5308218,-0.205337569,0.758820653
279056980568,111874,0.17288968,-0.000680521131,-0.208739579,-0.314443111,-0.529608965,-0.201861992,0.7615062
279073911089,111891,0.166708872,0.00323271751,-0.20733574,-0.31073156,-0.528364003,-0.198053375,0.764887035
279090280985,111907,0.160757616,0.00660382211,-0.206148565,-0.30598408,-0.527225733,-0.194498405,0.768490255
279107002131,111924,0.154353842,0.0098561421,-0.205037057,-0.300584555,-0.526157498,-0.191159815,0.772182107
279123613433,111940,0.148382917,0.0126788467,-0.204166397,-0.296842963,-0.525222778,-0.188962638,0.774802268
279140277808,111957,0.142259121,0.0154111236,-0.203346834,-0.294675469,-0.524188578,-0.187854767,0.776597321
279156961922,111974,0.13643074,0.0176946968,-0.202649683,-0.293471307,-0.523445189,-0.186789095,0.777810812
279173684058,111990,0.131252974,0.0193353444,-0.202154368,-0.292817116,-0.522985697,-0.184913844,0.778813839
279190335412,112006,0.126408085,0.020546332,-0.201732859,-0.292719662,-0.522108853,-0.182651579,0.779971838
279206947756,112023,0.121623725,0.0213362575,-0.201306283,-0.292916626,-0.520377398,-0.180112839,0.781643569
279223615568,112039,0.117424875,0.0216532014,-0.200977907,-0.292945564,-0.518359959,-0.177419215,0.7835868
279240277808,112057,0.112982191,0.0215878375,-0.200735673,-0.292436212,-0.516111076,-0.174264014,0.785965919
279256948068,112073,0.109213002,0.0211821161,-0.200625718,-0.291277736,-0.514344394,-0.171769813,0.788100421
279273809527,112089,0.105555326,0.0205451101,-0.200628579,-0.289533645,-0.512975097,-0.169833437,0.790052831
279290719735,112107,0.101538137,0.0196588077,-0.200787112,-0.287365705,-0.512060165,-0.168458313,0.791730583
279307536922,112123,0.0980280787,0.0188142583,-0.201086596,-0.285370916,-0.511925757,-0.167916566,0.792653501
279323616818,112139,0.0945176035,0.0179233924,-0.201493576,-0.283290595,-0.512471795,-0.167788997,0.793073654
279340272964,112155,0.0910225362,0.0169943944,-0.201977283,-0.281345338,-0.513523757,-0.167711467,0.793102205
279358524162,112174,0.0869131833,0.0158794709,-0.202589363,-0.279469848,-0.514745593,-0.167366937,0.793046057
279373820620,112189,0.0836944282,0.0150304027,-0.203039289,-0.278364301,-0.515301764,-0.166982323,0.793154716
279390283849,112206,0.0801635608,0.0141518191,-0.203482881,-0.277539968,-0.515625358,-0.166439757,0.793347299
279406959735,112222,0.0769447312,0.0133480579,-0.203849882,-0.276971042,-0.516137064,-0.165459067,0.793418527
279423610724,112238,0.0738598853,0.0125261173,-0.204204977,-0.276338816,-0.51705879,-0.164016664,0.793338299
279440439995,112255,0.0707342029,0.0116378255,-0.204587862,-0.275756776,-0.518340528,-0.162434474,0.793029904
279456966506,112272,0.0677713007,0.0107440501,-0.204966694,-0.275541782,-0.51975286,-0.161022455,0.792468011
279473660881,112288,0.0652048439,0.00988814607,-0.205325827,-0.275900006,-0.521060169,-0.159936056,0.791704535
279490286037,112304,0.0629308,0.00899922475,-0.205695793,-0.276941776,-0.522280693,-0.159250244,0.79067409
279506944266,112321,0.0610105917,0.00799684972,-0.206182182,-0.278673083,-0.523558676,-0.158951983,0.789279342
279523642547,112337,0.0597425662,0.00691990554,-0.20677118,-0.280441254,-0.52477771,-0.158955142,0.787841618
279540288954,112355,0.0589791462,0.00549200177,-0.207616776,-0.282349855,-0.526338637,-0.159306228,0.786045671
279556948537,112371,0.0588717759,0.00398588926,-0.208537057,-0.28390941,-0.528122365,-0.159740895,0.784197152
279573716349,112387,0.0593467653,0.0022270605,-0.20961383,-0.285143226,-0.530367553,-0.159986913,0.782181501
279590283589,112404,0.0606184267,8.20457935e-05,-0.210949197,-0.286183774,-0.533178389,-0.159835696,0.779918134
279606969579,112421,0.0625730604,-0.00243728608,-0.2124843,-0.287189901,-0.53612566,-0.158908322,0.777714252
279623632079,112437,0.0649546534,-0.00515443832,-0.214107424,-0.288175553,-0.538444459,-0.157356039,0.776061594
279642046974,112456,0.0682925507,-0.00874347985,-0.216173217,-0.289545506,-0.53996104,-0.155244052,0.77492249
279656971037,112470,0.0711205304,-0.0115807727,-0.217780814,-0.290780693,-0.540337205,-0.153688073,0.774507821
279673660620,112487,0.0750581399,-0.0151998922,-0.219907984,-0.292682141,-0.540492058,-0.151556641,0.774103463
279690298276,112503,0.0791701451,-0.0187886283,-0.222064778,-0.294632435,-0.540652871,-0.149372965,0.773675621
279706959214,112520,0.0838951916,-0.0227680728,-0.224527866,-0.296423823,-0.541045785,-0.147033617,0.77316469
279723609266,112536,0.0884793624,-0.0266869664,-0.227008313,-0.297646016,-0.541716814,-0.144737661,0.772658229
279740279891,112553,0.0935465023,-0.0309592783,-0.229827315,-0.298612028,-0.542508006,-0.142318726,0.772179604
279756946506,112570,0.0988813192,-0.0352317318,-0.232769623,-0.299607575,-0.542934477,-0.140176758,0.771885991
279774223328,112586,0.104103319,-0.0392258465,-0.235564798,-0.300692618,-0.542768836,-0.138570473,0.771870613
279790281506,112602,0.109627642,-0.0431958064,-0.238415033,-0.301918894,-0.542107999,-0.137154371,0.77210921
279806942964,112620,0.116129249,-0.047731474,-0.241691321,-0.303034961,-0.541178584,-0.135161802,0.772675216
279823618797,112636,0.122176498,-0.0518564135,-0.244704783,-0.303396761,-0.5404585,-0.132969841,0.773417175
279840278224,112652,0.128391027,-0.0560453162,-0.247804135,-0.303109825,-0.539954245,-0.130586013,0.774287581
279856948589,112669,0.135162219,-0.0605410337,-0.251200914,-0.302464664,-0.539482534,-0.127745718,0.77534169
279873739735,112686,0.142187044,-0.0650144368,-0.254687726,-0.301668435,-0.538612723,-0.124626517,0.776762962
279890345047,112702,0.148940146,-0.0691859722,-0.257975399,-0.300804615,-0.537198484,-0.121650785,0.778547049
279906952912,112719,0.156309202,-0.0735975057,-0.261548162,-0.299726933,-0.53524065,-0.118344538,0.780817389
279923626558,112736,0.163778022,-0.0779857039,-0.265235275,-0.298469514,-0.53313148,-0.11490339,0.783252239
279940286037,112752,0.170830041,-0.0820622593,-0.268802792,-0.29749164,-0.531135619,-0.111677453,0.785443783
279957043172,112768,0.177914172,-0.0860378146,-0.272441655,-0.296896249,-0.529068768,-0.10859444,0.787493646
279973619162,112785,0.185415059,-0.0901335329,-0.276331246,-0.296790749,-0.526789665,-0.105384484,0.789494812
279990281453,112802,0.192948803,-0.0941008776,-0.280260265,-0.297295153,-0.524501085,-0.101909876,0.791282892
280006958953,112818,0.200013369,-0.0977493078,-0.283967942,-0.297987521,-0.522196412,-0.0983435065,0.792996228
280023646297,112835,0.207450882,-0.101561368,-0.287860036,-0.2984927,-0.519359589,-0.0943688899,0.795149207
280040283276,112851,0.21430254,-0.105083019,-0.2914083,-0.29856506,-0.516414583,-0.0905345306,0.79748261
280056943537,112867,0.22093235,-0.108543649,-0.294899195,-0.298377961,-0.513558924,-0.086389862,0.799852908
280073625464,112885,0.228126809,-0.112370163,-0.298826158,-0.29787758,-0.510388672,-0.0818091109,0.802545786
280090309214,112901,0.234204516,-0.115710899,-0.302224427,-0.296860546,-0.507359326,-0.0789404884,0.805126607
280106944891,112918,0.240362346,-0.119236812,-0.305734336,-0.295396179,-0.504455388,-0.0774805546,0.807627797
280123611349,112934,0.245755151,-0.122569844,-0.309025168,-0.294186115,-0.502731264,-0.0770883039,0.809180617
280140275620,112951,0.251071066,-0.126086801,-0.312565804,-0.293617487,-0.501438558,-0.0773341879,0.810165226
280156944630,112968,0.256065816,-0.129508078,-0.315970927,-0.293025315,-0.499480307,-0.078752175,0.811451614
280173633016,112984,0.260474443,-0.132685587,-0.31899032,-0.291953444,-0.497128367,-0.0804499239,0.813114107
280190334578,113000,0.264687806,-0.135927618,-0.32188946,-0.290271193,-0.49490276,-0.081317462,0.814985514
280206981818,113016,0.268629462,-0.139287114,-0.324627221,-0.28786549,-0.492554247,-0.0813046917,0.817259729
280223611870,113034,0.272749841,-0.143029526,-0.327419251,-0.284937501,-0.488966018,-0.0815016031,0.820414782
280240278016,113050,0.276125014,-0.146179944,-0.329713076,-0.282935768,-0.485123307,-0.0821004137,0.823323965
280256947651,113066,0.279188305,-0.149105191,-0.331925809,-0.281947792,-0.481296539,-0.0828921795,0.825825691
280273654682,113084,0.282320529,-0.152052805,-0.334337324,-0.282230169,-0.477340847,-0.0843290761,0.827877164
280290836245,113100,0.28481397,-0.154386908,-0.33637771,-0.283171922,-0.474208236,-0.0861841962,0.82916379
280307004943,113116,0.287030965,-0.156530559,-0.338309944,-0.28410694,-0.471654236,-0.0881357938,0.830094993
280323612547,113133,0.28901884,-0.15862827,-0.340279281,-0.284900248,-0.469898909,-0.0895187557,0.830670357
280340304422,113150,0.290632963,-0.160529733,-0.342128605,-0.285363048,-0.468916327,-0.0897467285,0.831042051
280356944422,113166,0.291810632,-0.162107974,-0.343702286,-0.285333544,-0.468156844,-0.0890168473,0.831558824
280373804995,113182,0.292604446,-0.163384527,-0.345086843,-0.28501302,-0.467238754,-0.0878260732,0.832311273
280390338328,113199,0.292987287,-0.164362818,-0.346369833,-0.284572631,-0.466154993,-0.0863165036,0.833227217
280406945255,113216,0.292799652,-0.164919272,-0.347431809,-0.284271181,-0.465009153,-0.0848960206,0.834115803
280423622807,113232,0.292114645,-0.165018648,-0.348192543,-0.284540474,-0.463919401,-0.0840687975,0.834714353
280440271870,113249,0.290864944,-0.164693743,-0.348763227,-0.285637915,-0.463044167,-0.0836152509,0.834870994
280456952391,113265,0.28921169,-0.164003804,-0.349082947,-0.287332922,-0.462733179,-0.0834991336,0.834473252
280473610984,113282,0.287072033,-0.16285941,-0.34920606,-0.289652228,-0.46301198,-0.0834567472,0.833520591
280490282443,113299,0.284616977,-0.161371022,-0.349084258,-0.29173255,-0.463846236,-0.0831443146,0.832361639
280506984891,113315,0.28207776,-0.159746423,-0.348740846,-0.29310149,-0.465120882,-0.0822594911,0.831256628
280523610412,113332,0.279122919,-0.157848388,-0.34810698,-0.294125259,-0.466791362,-0.0807074606,0.830109954
280540316922,113348,0.276092678,-0.15587914,-0.347262114,-0.294692367,-0.468349516,-0.0789956599,0.829195321
280556956714,113364,0.272832841,-0.153673396,-0.346239656,-0.295014203,-0.469801039,-0.0772834122,0.828420758
280573708745,113382,0.268791556,-0.150900081,-0.34485665,-0.295321643,-0.471348703,-0.0757002831,0.827577889
280590287026,113398,0.264908791,-0.14814733,-0.343486667,-0.295559466,-0.472740054,-0.0747770146,0.826782882
280606945099,113414,0.260749489,-0.145121425,-0.341955185,-0.295709372,-0.474292666,-0.0742544532,0.825886667
280623698432,113431,0.256064892,-0.141644105,-0.340194225,-0.29568699,-0.476272821,-0.0739122257,0.824785173
280640306401,113448,0.25109458,-0.137970537,-0.338321149,-0.295393705,-0.478681713,-0.0735727623,0.823525012
280656946297,113464,0.24612239,-0.134370878,-0.336412013,-0.295011729,-0.481367141,-0.0730502233,0.822142005
280673642859,113480,0.240947083,-0.130615801,-0.334424347,-0.295010865,-0.48433429,-0.072228305,0.820470631
280690443745,113497,0.235261187,-0.126433551,-0.332203567,-0.295928597,-0.487370104,-0.0711726099,0.818432093
280706984682,113514,0.229466483,-0.122005425,-0.32988295,-0.298003107,-0.489948481,-0.0702322423,0.816218138
280723646401,113530,0.22385782,-0.117689908,-0.327593803,-0.300591916,-0.492076814,-0.0695547238,0.814043701
280740310568,113547,0.217757061,-0.113054231,-0.325092226,-0.303381503,-0.494418144,-0.0688997954,0.811642349
280756946766,113564,0.211562127,-0.108443841,-0.322580814,-0.305510491,-0.497001469,-0.0682850182,0.809314609
280773634682,113580,0.205611527,-0.104221329,-0.320184678,-0.306351185,-0.499610871,-0.0679798648,0.807413578
280790380516,113597,0.199178353,-0.0998446271,-0.317664772,-0.306233257,-0.50271368,-0.0679946542,0.805528939
280807010516,113613,0.192980334,-0.0958195403,-0.315345854,-0.305704266,-0.505898297,-0.0680646896,0.803728223
280823718536,113629,0.186705559,-0.091869466,-0.31306541,-0.304609507,-0.508785307,-0.0683184564,0.802298725
280840281713,113647,0.179611534,-0.0874893889,-0.310521454,-0.30272916,-0.51135093,-0.0693324208,0.801291704
280856944995,113663,0.173254892,-0.0836629719,-0.308306813,-0.300701171,-0.513418972,-0.0704206005,0.800637722
280873668224,113679,0.166873842,-0.0799594745,-0.306177408,-0.298029006,-0.515563309,-0.0710369498,0.800204396
280890470724,113695,0.16046302,-0.0764200538,-0.304111421,-0.294361651,-0.517674387,-0.0714215562,0.80016458
280906945984,113713,0.153220564,-0.0726477727,-0.30191198,-0.288931847,-0.520203531,-0.0718138963,0.800468326
280923616974,113729,0.146726936,-0.0695845634,-0.300112456,-0.282869339,-0.522919357,-0.0715809166,0.800884783
280940279422,113746,0.139799297,-0.0666674227,-0.298367918,-0.275443912,-0.526117384,-0.0707274899,0.801454246
280956956349,113762,0.133344039,-0.0642364398,-0.296858132,-0.267958552,-0.529046893,-0.0699263588,0.802133381
280973727182,113779,0.126598343,-0.0621004254,-0.295427263,-0.259662777,-0.531998694,-0.0689492226,0.802993596
280990287703,113796,0.11998865,-0.0604658164,-0.294161022,-0.251298398,-0.534529209,-0.0679765493,0.804056525
281006956557,113812,0.113882393,-0.059261404,-0.293063164,-0.243899122,-0.536220729,-0.0676747113,0.805233419
281023609370,113828,0.107907936,-0.0583517961,-0.291986406,-0.23736769,-0.537283897,-0.0680372268,0.806445003
281040378693,113846,0.10131973,-0.057630498,-0.290738761,-0.231449142,-0.538051367,-0.0690096319,0.807570219
281057060359,113862,0.0956358761,-0.0571796149,-0.289599419,-0.227788478,-0.538494766,-0.0703086779,0.80820328
281073761088,113878,0.0901864097,-0.0568778291,-0.288437486,-0.225657418,-0.538743973,-0.0716659948,0.808515787
281090310047,113895,0.0846246928,-0.0566402636,-0.287149012,-0.224734351,-0.538809478,-0.0728337765,0.808624804
281107477338,113912,0.0793198571,-0.0563992523,-0.285797954,-0.224922299,-0.53877902,-0.0737636983,0.808508515
281123617599,113928,0.0745695233,-0.056145519,-0.284473985,-0.225600824,-0.538844824,-0.0742276534,0.808233202
281140306870,113944,0.0700903907,-0.0559076443,-0.283189476,-0.226112545,-0.539053261,-0.0741216913,0.807960868
281156950255,113961,0.0655974075,-0.0556994006,-0.281929016,-0.225972146,-0.539274395,-0.0737109333,0.807890177
281173705568,113978,0.0613228083,-0.0555373058,-0.28077656,-0.225070074,-0.539353609,-0.0732482076,0.808131158
281190294109,113994,0.0575518422,-0.0554073043,-0.279779136,-0.223566592,-0.539278686,-0.0727576166,0.808642626
281206946401,114011,0.0537969694,-0.0553011224,-0.278783411,-0.221598804,-0.539060473,-0.0721748024,0.809381664
281223645255,114027,0.05055888,-0.0552008189,-0.277869761,-0.2196915,-0.53869611,-0.0718059167,0.810176611
281240279370,114044,0.0474648364,-0.0551001616,-0.276936531,-0.217917472,-0.538326263,-0.0715600401,0.81092298
281256945984,114061,0.0447435789,-0.0549836867,-0.276033014,-0.216679662,-0.53830415,-0.0713928267,0.811284006
281273732963,114076,0.0426872782,-0.0548284426,-0.275287956,-0.216473013,-0.538738191,-0.0712457448,0.811064005
281290283901,114094,0.0406212248,-0.05462908,-0.274476141,-0.217155352,-0.539650261,-0.0709762424,0.810298502
281307096505,114110,0.0392670073,-0.054450158,-0.273862064,-0.218252659,-0.540532887,-0.0707992166,0.809430361
281323674265,114126,0.0383713469,-0.0543334037,-0.273380309,-0.219653815,-0.541509867,-0.0705654547,0.808418155
281340408692,114143,0.0379904285,-0.054342214,-0.27301088,-0.221206293,-0.542636693,-0.0699879751,0.807288706
281356961922,114160,0.0382619239,-0.0545061193,-0.272803664,-0.222563535,-0.543660402,-0.0689347535,0.806316853
281373685932,114176,0.0390545912,-0.0548791848,-0.272791624,-0.223514885,-0.544395804,-0.0675717518,0.805672646
281390649526,114193,0.0404693447,-0.0555503815,-0.272996336,-0.224253401,-0.54484725,-0.0661387742,0.805281103
281407031817,114210,0.0423899777,-0.0565257668,-0.273445368,-0.225123629,-0.545069933,-0.0649705976,0.804982543
281423592442,114226,0.0447275378,-0.057661742,-0.274109513,-0.226427689,-0.545099556,-0.0642490983,0.804654658
281440389057,114242,0.0475766882,-0.0589751899,-0.274964482,-0.228328064,-0.544884801,-0.0639457479,0.804287136
281456944213,114260,0.0513309613,-0.0607674569,-0.276140749,-0.2311984,-0.544432998,-0.0636391938,0.803797364
281473744526,114276,0.0551532283,-0.0627235919,-0.277379841,-0.234234467,-0.543851972,-0.0632463843,0.803342462
281491976817,114294,0.0598708801,-0.0653696582,-0.278985173,-0.237874225,-0.542993367,-0.0628756285,0.802882791
281506942078,114308,0.0638703927,-0.0677332655,-0.280370712,-0.240729555,-0.542260587,-0.0627343506,0.802537978
281523629838,114326,0.0693367422,-0.0711409822,-0.282333106,-0.244464427,-0.541264236,-0.062751621,0.802080095
281540272234,114342,0.0744879618,-0.0744613707,-0.284281611,-0.247894645,-0.539992869,-0.0630919561,0.801857412
281556952338,114358,0.0799106583,-0.0780106336,-0.286402583,-0.251390636,-0.537957013,-0.0639378279,0.802070498
281573780411,114376,0.0862467736,-0.0822595507,-0.288942128,-0.255259156,-0.534824252,-0.0654427931,0.802821994
281590284265,114392,0.0920716003,-0.0862420052,-0.291346222,-0.258495212,-0.531804621,-0.0669896007,0.803664446
281606962286,114408,0.0979882777,-0.0903660581,-0.293874621,-0.261301994,-0.528898478,-0.0687267184,0.804527402
281623627130,114425,0.104435921,-0.0948470384,-0.29669717,-0.263692677,-0.526062727,-0.0707812309,0.805428028
281640285672,114441,0.110665023,-0.0991794318,-0.29950285,-0.265354961,-0.523682594,-0.0726130903,0.806269586
281656950724,114458,0.11738722,-0.103857443,-0.3025814,-0.266531408,-0.52144897,-0.074308686,0.807174206
281673616974,114475,0.124208495,-0.108496778,-0.305743128,-0.2676332,-0.519441307,-0.0755131096,0.807991922
281690282130,114491,0.130686522,-0.112783417,-0.308806717,-0.268983811,-0.517471552,-0.0760697126,0.808754861
281706948901,114507,0.137249604,-0.11693383,-0.31192255,-0.270822495,-0.515097022,-0.0763460696,0.809630513
281723663640,114525,0.144682914,-0.121459045,-0.31547299,-0.273476481,-0.512131453,-0.0764438435,0.810609877
281740301088,114541,0.151319996,-0.12535578,-0.318693697,-0.276008427,-0.509714007,-0.076074928,0.811309814
281756954786,114557,0.157972053,-0.129089653,-0.321977049,-0.278282642,-0.507888079,-0.0752109587,0.811758518
281773627390,114574,0.1650334,-0.132883534,-0.325528622,-0.28031072,-0.506892443,-0.0734799877,0.811841547
281790276921,114591,0.172026932,-0.136621431,-0.329151779,-0.281598568,-0.506695032,-0.0706545711,0.811769962
281807817703,114608,0.178821653,-0.140320957,-0.332766771,-0.281908453,-0.506681025,-0.067598395,0.811931312
281823646453,114624,0.185005754,-0.14372313,-0.336114407,-0.281252921,-0.506822467,-0.0654255375,0.812248349
281840316140,114640,0.191008717,-0.147011176,-0.339441657,-0.279854715,-0.507739186,-0.0636646152,0.812298715
281856946609,114657,0.197191656,-0.150395915,-0.342967242,-0.277736127,-0.510047495,-0.0619203933,0.811714292
281873612703,114673,0.202754796,-0.153488129,-0.346328229,-0.275469214,-0.513378084,-0.0603927858,0.810501337
281890533796,114690,0.208320335,-0.156739414,-0.349882603,-0.272607237,-0.517449379,-0.0588368624,0.808993042
281906953119,114706,0.21325402,-0.159856007,-0.35309276,-0.269271821,-0.521374702,-0.0572755858,0.807700813
281923615463,114723,0.218141913,-0.16314128,-0.356320322,-0.265401125,-0.525902092,-0.0555452928,0.806166291
281940284630,114740,0.222783864,-0.166332886,-0.359270453,-0.261293918,-0.53151989,-0.054191526,0.80391258
281956945723,114756,0.227035478,-0.169207439,-0.361785412,-0.257198036,-0.538722694,-0.0532326289,0.800495744
281973696765,114772,0.231109843,-0.171981424,-0.364172548,-0.252949536,-0.548529804,-0.0521383658,0.795244157
281990476609,114789,0.235194147,-0.174961865,-0.366676956,-0.24817799,-0.561841846,-0.0502389669,0.787538946
282006943588,114806,0.239010543,-0.178030193,-0.369128108,-0.243049115,-0.577392161,-0.047139585,0.778025329
282023622494,114822,0.242420241,-0.180985451,-0.371378332,-0.237753227,-0.593304336,-0.0427729301,0.767876208
282040275255,114839,0.245904952,-0.184173703,-0.37356481,-0.231628627,-0.610575676,-0.0368848927,0.756429195
282056948432,114856,0.249282271,-0.187261239,-0.375339091,-0.224791884,-0.627508759,-0.0307936538,0.744817555
282073615671,114872,0.252394199,-0.189961195,-0.376648754,-0.217805654,-0.643298566,-0.0254958384,0.733537734
282090284057,114888,0.255372375,-0.192346901,-0.377876371,-0.210833803,-0.659452498,-0.0203552432,0.721288621
282106952390,114905,0.258459568,-0.194602072,-0.379425317,-0.203598425,-0.676694691,-0.0144227846,0.707406521
282123632494,114922,0.261438102,-0.196741566,-0.381074309,-0.19554022,-0.69291991,-0.00891082361,0.693935692
282140283484,114938,0.264052033,-0.198792219,-0.382693976,-0.186838821,-0.707008302,-0.00415504025,0.682065547
282156966557,114955,0.266698062,-0.200963855,-0.384413868,-0.176625922,-0.721073687,0.00100134721,0.669966519
282173657234,114972,0.269194335,-0.203108907,-0.38602823,-0.165836185,-0.734523594,0.00647928007,0.657975376
282190308432,114988,0.27140519,-0.205067098,-0.387538761,-0.155986533,-0.746497691,0.0112232752,0.646748424
282206948275,115004,0.273349643,-0.206957385,-0.38907215,-0.146411762,-0.757404327,0.0149918869,0.636142671
282223619421,115021,0.275227308,-0.208944619,-0.390622854,-0.135896772,-0.767845094,0.0176381171,0.625807405
282240332338,115038,0.276883304,-0.210881025,-0.392028749,-0.125373557,-0.777571082,0.019241523,0.615868866
282256947911,115055,0.278328031,-0.212778062,-0.393325567,-0.115576379,-0.7870996,0.0203524698,0.605559349
282273614525,115071,0.279539526,-0.21443589,-0.394344687,-0.107352078,-0.79541111,0.0207733214,0.596125126
282290350880,115087,0.28042832,-0.215974778,-0.395064414,-0.099476032,-0.802546918,0.0206585154,0.587874413
282306950619,115104,0.281110168,-0.217532918,-0.395596504,-0.0917370245,-0.809142113,0.0199865308,0.58006382
282323637390,115121,0.281553149,-0.219171435,-0.395891488,-0.0847846195,-0.815271318,0.0193207692,0.572512925
282340275880,115137,0.281882048,-0.220752209,-0.395954072,-0.0789239481,-0.820663989,0.0191641115,0.565609872
282356947025,115153,0.282177955,-0.222218871,-0.395797729,-0.0733827651,-0.825384736,0.0191882811,0.559452236
282373734838,115170,0.282337785,-0.223805308,-0.395326525,-0.0676885471,-0.829463542,0.0189962927,0.554118812
282390279369,115186,0.282489955,-0.225501597,-0.39466846,-0.0629579052,-0.832216203,0.0186653379,0.55054903
282406978692,115203,0.282606065,-0.227524728,-0.393652231,-0.0581735559,-0.833640456,0.0174377188,0.54895848
282423612963,115220,0.282448798,-0.229510814,-0.39224872,-0.052870959,-0.833883703,0.0150547111,0.549195886
282440277025,115236,0.282140195,-0.231249958,-0.390723109,-0.0474555418,-0.834115744,0.012438653,0.549403548
282456948640,115253,0.281846732,-0.233136848,-0.389033437,-0.0416583344,-0.834945083,0.00945959333,0.548672915
282473627130,115269,0.28177157,-0.235032022,-0.387422293,-0.036218334,-0.835948825,0.00583874015,0.547579944
282490402182,115286,0.281831741,-0.237166971,-0.385708362,-0.0305582546,-0.836956263,0.00120109436,0.546414733
282506947755,115303,0.281987637,-0.239328951,-0.383913964,-0.0244223196,-0.837731659,-0.00339448196,0.545525253
282523610775,115319,0.282066852,-0.241266981,-0.382105827,-0.0181829743,-0.838692725,-0.00758268218,0.544248462
282540280932,115336,0.282042891,-0.243176833,-0.380153507,-0.0118733505,-0.840501249,-0.0115731834,0.541556001
282556948796,115352,0.282098681,-0.24491398,-0.378345937,-0.00662483554,-0.842620254,-0.0140983928,0.53828299
282574023223,115369,0.282317817,-0.24691157,-0.376396716,-0.00187513547,-0.844285905,-0.01545237,0.535666943
282590282025,115386,0.282830864,-0.249130264,-0.374400616,0.00184301531,-0.844576657,-0.0156565476,0.535202622
282606958536,115402,0.283203244,-0.25115636,-0.372288942,0.00555858063,-0.843012154,-0.0150480494,0.537655234
282623618067,115418,0.283374131,-0.252727509,-0.369972199,0.0101811104,-0.840250731,-0.0138392188,0.541925907
282640280879,115436,0.283698291,-0.254277766,-0.367295176,0.0136660924,-0.836464822,-0.0102852294,0.547753632
282656945671,115452,0.283934802,-0.255137324,-0.364616096,0.0148954485,-0.831985772,-0.00379279442,0.554584086
282673638640,115468,0.284005225,-0.255864114,-0.362058491,0.0146060828,-0.827104628,0.000649932132,0.56185782
282690285984,115484,0.284011334,-0.256320626,-0.359695226,0.0133789731,-0.822308064,0.00438270718,0.568868458
282707009577,115502,0.28426227,-0.256638736,-0.357434064,0.0109367408,-0.818362534,0.00761567894,0.574547827
282723612494,115518,0.284715772,-0.25667423,-0.355982482,0.00943360385,-0.816515982,0.00979550928,0.577162683
282740276192,115534,0.285447419,-0.256839812,-0.354820251,0.00934953243,-0.815434158,0.0111199096,0.578667581
282756981452,115551,0.286416143,-0.256956637,-0.353765845,0.0100437216,-0.814322293,0.0115552824,0.580211043
282773633015,115568,0.287475467,-0.257081747,-0.352815896,0.0104725352,-0.812932372,0.0124085695,0.582131743
282790300202,115584,0.288707197,-0.25720647,-0.351959199,0.0106222657,-0.810697734,0.0142279379,0.585195601
282806946609,115601,0.290220082,-0.257399142,-0.351054996,0.0108561218,-0.806563258,0.0170490034,0.590802252
282825201504,115618,0.29173559,-0.257526398,-0.349908769,0.011246901,-0.799554825,0.0200115908,0.60015434
282840279265,115634,0.292689949,-0.25763616,-0.348108649,0.0108241811,-0.78977412,0.0220903773,0.61290431
282856947338,115651,0.29392156,-0.257926643,-0.346099973,0.0123269437,-0.777539432,0.0240909345,0.628251731
282873636973,115667,0.295138389,-0.25818333,-0.344306201,0.0147122256,-0.764932096,0.0243670009,0.643481791
282890305150,115684,0.296208143,-0.258411318,-0.342433691,0.0174708199,-0.750353158,0.0237703808,0.660378575
282906951088,115700,0.297008574,-0.258515209,-0.340535522,0.0190448556,-0.734999359,0.0232816041,0.677400351
282923621661,115717,0.297751367,-0.258507371,-0.338453084,0.0190741047,-0.717343032,0.0232721977,0.696070075
282940278900,115733,0.298583746,-0.258563936,-0.336649328,0.0194824953,-0.700528264,0.0241053235,0.712951362
282956972754,115750,0.299627692,-0.258719295,-0.335103929,0.021121176,-0.683730245,0.0247164797,0.729010284
282973862442,115766,0.300495505,-0.258821607,-0.333819032,0.0227645282,-0.669121146,0.0243636798,0.742404997
282990283223,115783,0.301268727,-0.258850217,-0.332427233,0.0237371475,-0.654693782,0.0237547029,0.755147994
283006956504,115799,0.301967084,-0.258758157,-0.331091285,0.0236388538,-0.642046273,0.0230476409,0.765954733
283023613536,115816,0.302752554,-0.25865975,-0.329639763,0.0238189008,-0.629296064,0.0222023595,0.776483238
283040288223,115833,0.303432822,-0.258700371,-0.32815221,0.0251374971,-0.617070198,0.0214818381,0.7862131
283056945671,115849,0.30392769,-0.258823782,-0.326722562,0.027034346,-0.605825186,0.0210154355,0.794860661
283073633900,115865,0.304428577,-0.258981109,-0.325247109,0.0291829463,-0.594605625,0.0204807594,0.803226709
283090352702,115883,0.305002511,-0.259178221,-0.323586404,0.0317539759,-0.582644641,0.0193885304,0.811875045
283106987442,115899,0.305485129,-0.259311616,-0.322350174,0.0338193588,-0.573579609,0.0185999386,0.818240106
283123609108,115915,0.305828393,-0.259502441,-0.321424782,0.0357108451,-0.566082656,0.0190135129,0.823355198
283140294421,115932,0.306138307,-0.259665579,-0.320672959,0.0371595435,-0.559261501,0.0199785959,0.827917039
283156942233,115949,0.306465179,-0.259771168,-0.320158184,0.0379696265,-0.553789496,0.0208421741,0.831529379
283173638327,115965,0.306665063,-0.259802729,-0.319851965,0.0380194411,-0.55016166,0.0214333013,0.833916903
283190287650,115981,0.306822985,-0.259795368,-0.319733679,0.0375288092,-0.547957301,0.0219604746,0.835375488
283206957129,115999,0.306975901,-0.25971216,-0.319715619,0.0368605107,-0.546542168,0.0221612379,0.83632648
283223632129,116015,0.307111561,-0.25965181,-0.319693625,0.0365764871,-0.54564172,0.021989949,0.836931169
283240274421,116031,0.307243884,-0.25956881,-0.319721043,0.0364033431,-0.545299351,0.0216594301,0.837170362
283256950463,116048,0.307242841,-0.259491831,-0.319854707,0.0358872116,-0.546046793,0.021467261,0.836710334
283273636921,116065,0.307207227,-0.259367943,-0.320158094,0.0347042792,-0.547819912,0.0215269718,0.835598886
283290275827,116081,0.307135522,-0.259267986,-0.320545077,0.0332054868,-0.550142586,0.0219005588,0.834122896
283306953483,116098,0.307029307,-0.25919494,-0.320923418,0.0322373994,-0.552631199,0.0223675352,0.832501829
283323615098,116114,0.306947052,-0.259218514,-0.321146429,0.0324290395,-0.554298997,0.0229135249,0.831369936
283340284160,116130,0.306801975,-0.259316444,-0.321220189,0.0335389897,-0.555035353,0.0241035167,0.830800831
283356942494,116148,0.306583166,-0.259499192,-0.321232766,0.0354182869,-0.555249035,0.0258110855,0.830528736
283373858535,116164,0.30633834,-0.259771109,-0.321228087,0.0373707078,-0.555594623,0.0273421071,0.830163002
283390357077,116180,0.306144387,-0.25991416,-0.32126379,0.0387953334,-0.556365788,0.0284233205,0.829544544
283406943483,116198,0.306037575,-0.259934276,-0.321330279,0.0394163392,-0.557375729,0.029107241,0.828813314
283423635619,116214,0.306017637,-0.259939671,-0.321421236,0.0393056087,-0.558137536,0.0292182565,0.828301787
283440287910,116230,0.306063563,-0.259902596,-0.321545333,0.038393613,-0.55871284,0.0290624034,0.82796216
283456949265,116246,0.306141198,-0.259824187,-0.321718693,0.0365668423,-0.559127033,0.0288515091,0.827772617
283473625358,116264,0.306327164,-0.259637952,-0.321996808,0.0335216783,-0.559433043,0.0285403561,0.827705562
283490276973,116280,0.306518257,-0.259422928,-0.322270334,0.0303284563,-0.559662998,0.0279484559,0.827693462
283507132181,116296,0.306708515,-0.25921607,-0.32252118,0.0275086462,-0.559995115,0.0272427946,0.827590883
283523614837,116313,0.306844383,-0.25901559,-0.322701782,0.0261428785,-0.560540318,0.0261250101,0.827301979
283540279785,116330,0.306889504,-0.25902307,-0.322766483,0.0260042399,-0.561461091,0.0249246191,0.826718867
283556950567,116346,0.306901515,-0.259052992,-0.322786689,0.0261671878,-0.562279284,0.0241878703,0.826179266
283573635983,116362,0.306913167,-0.259085774,-0.322823197,0.026335245,-0.562645555,0.0240156837,0.825929642
283590509890,116379,0.306939304,-0.259102792,-0.322833449,0.0264465399,-0.562357187,0.0242747422,0.826114833
283606946608,116396,0.306944728,-0.259156764,-0.322791994,0.0265405197,-0.561843634,0.0245077349,0.826454401
283623620671,116412,0.306942582,-0.259215802,-0.32275629,0.0267464593,-0.56167829,0.0245685615,0.826558292
283640272546,116429,0.306972176,-0.259222955,-0.322786272,0.0269746576,-0.56190443,0.0245848931,0.826396704
283656961608,116446,0.306982964,-0.25921604,-0.322861582,0.026889611,-0.562258244,0.0246673748,0.826156259
283673664629,116462,0.307010889,-0.259190321,-0.322952062,0.0265528969,-0.562485576,0.0247820448,0.826008916
283690280671,116478,0.307002872,-0.259209663,-0.322980762,0.0263512935,-0.562517703,0.0248846859,0.825990498
283706946348,116496,0.306983918,-0.259263456,-0.322970092,0.0264444668,-0.562505841,0.0248846952,0.825995564
283723610254,116512,0.306988448,-0.25928247,-0.322975934,0.0266130026,-0.562548995,0.0248558,0.825961649
283740305827,116528,0.306985587,-0.259306103,-0.322983325,0.0267701838,-0.562542677,0.0249508787,0.825957954
283757067858,116545,0.306978613,-0.25933513,-0.322987705,0.0268593729,-0.562500477,0.0250735581,0.825980127
283773704681,116562,0.306953281,-0.259384632,-0.322977513,0.0268498808,-0.562487066,0.0250187833,0.825991213
283790280306,116578,0.306966364,-0.25939855,-0.322976023,0.0267956294,-0.562486172,0.0248541478,0.825998604
283806951712,116594,0.306984007,-0.25939703,-0.322984368,0.0267421007,-0.56249541,0.0247428417,0.825997353
283823623744,116611,0.306978881,-0.259407222,-0.322998822,0.0266659614,-0.562518656,0.0247507226,0.825983763
283840279733,116628,0.306966066,-0.259415954,-0.323003203,0.0266255494,-0.56250602,0.0247920621,0.825992405
283856981087,116643,0.306951463,-0.259429932,-0.322995096,0.0266935267,-0.562493682,0.0247955043,0.825998545
283873656400,116661,0.306950301,-0.25943923,-0.322988391,0.0268242341,-0.562497377,0.0247832015,0.825992167
283890304941,116678,0.306943297,-0.25945437,-0.322982162,0.0268810298,-0.562499404,0.0248283129,0.825987577
283906979004,116694,0.30693844,-0.25946033,-0.32298407,0.0268831514,-0.562500536,0.0249118879,0.82598424
283923620306,116711,0.306922317,-0.259474695,-0.322990656,0.0268857237,-0.562529981,0.0249893367,0.825961769
283940340202,116727,0.306906104,-0.259490371,-0.322989851,0.0268807951,-0.562550843,0.0250040311,0.825947285
283956976244,116743,0.306915253,-0.259476364,-0.322987497,0.0268666558,-0.562553108,0.0249695219,0.825947165
283973660931,116761,0.306931913,-0.259482175,-0.32297042,0.0268559828,-0.562546849,0.0249325726,0.825952947
283990300983,116777,0.306945354,-0.259484351,-0.322956651,0.0268565137,-0.562545717,0.0249082409,0.825954378
284006945306,116793,0.306943566,-0.259497017,-0.32294175,0.0268785972,-0.562530994,0.0248923022,0.825964153
284023632598,116810,0.306935757,-0.259515733,-0.322922736,0.0269265771,-0.562519312,0.0248740595,0.825971186
284040276816,116827,0.306928396,-0.259537846,-0.322909087,0.0269541163,-0.562517881,0.0248707514,0.825971365
284056982129,116843,0.30692029,-0.259558797,-0.322900891,0.0269235577,-0.562529981,0.0248880647,0.825963557
284073612546,116859,0.306911826,-0.259557277,-0.322901756,0.0268855467,-0.562541962,0.0249315444,0.825955391
284090323379,116877,0.306884915,-0.259564906,-0.322917134,0.0268965177,-0.56254673,0.0249751508,0.825950444
284107018379,116893,0.306865454,-0.259569645,-0.322920293,0.0269441102,-0.562538028,0.0249979291,0.82595408
284123612806,116909,0.306851417,-0.259595394,-0.322912544,0.0269904546,-0.562533617,0.0250148959,0.825955033
284140283796,116926,0.306835622,-0.259623706,-0.322903037,0.0270100869,-0.562531471,0.0250248518,0.82595557
284156986139,116943,0.306831539,-0.259627998,-0.322896302,0.0269942656,-0.562537253,0.0250148866,0.82595253
284173627285,116959,0.306836337,-0.259641469,-0.322883874,0.0269686319,-0.562529564,0.0249860995,0.825959444
284190298066,116976,0.306836218,-0.25965324,-0.322876245,0.0269529019,-0.56252712,0.0249579791,0.825962424
284207693639,116993,0.306828052,-0.259670436,-0.322884351,0.0269429814,-0.562529922,0.0249545611,0.825960934
284223676608,117008,0.306817889,-0.259683073,-0.322891861,0.0269484948,-0.562536299,0.0249628704,0.825956166
284240318535,117026,0.306814194,-0.259682924,-0.322886437,0.0269658938,-0.562534392,0.0249728262,0.825956583
284257007077,117042,0.30681482,-0.25968504,-0.322876573,0.0269920249,-0.562529266,0.0249783639,0.825959086
284274099577,117058,0.306806982,-0.259686887,-0.322872043,0.0270145368,-0.562535942,0.0249920432,0.825953364
284290308327,117075,0.306793004,-0.259713441,-0.322865903,0.0270125717,-0.562543511,0.0250139665,0.825947642
284306945671,117092,0.306777149,-0.259735495,-0.322859049,0.0270076059,-0.562554836,0.0250312574,0.825939596
284323610410,117108,0.306770921,-0.259737879,-0.322866887,0.0270013157,-0.562557459,0.0250279251,0.825938046
284340289004,117124,0.306766063,-0.259741843,-0.322873533,0.0269986819,-0.562550068,0.0250154771,0.825943589
284356980150,117142,0.306753635,-0.259744912,-0.322870821,0.0270076636,-0.562550902,0.0250113178,0.825942874
284373616191,117158,0.306748867,-0.25975585,-0.322863221,0.0270170886,-0.562550902,0.0250029098,0.825942755
284390278535,117175,0.306742102,-0.259764969,-0.322856158,0.0270221271,-0.56255424,0.0249960944,0.825940549
284406941973,117191,0.306744039,-0.25977698,-0.322863191,0.0270267092,-0.562545478,0.0250015855,0.825946152
284423616191,117207,0.306745052,-0.259785831,-0.322868586,0.027021654,-0.56254077,0.0250060949,0.82594949
284440463639,117224,0.306741476,-0.259787828,-0.322874576,0.0270121731,-0.562553823,0.0250253398,0.825940251
284456948900,117241,0.306740373,-0.259789258,-0.322882146,0.0270176232,-0.562556803,0.0250323098,0.825937808
284473607910,117257,0.306733727,-0.259790808,-0.322884142,0.027032651,-0.562565327,0.0250383373,0.82593143
284490278535,117273,0.306747466,-0.259794265,-0.322875559,0.0270328857,-0.562556267,0.0250334982,0.825937688
284506947441,117291,0.3067559,-0.259796649,-0.322864413,0.0270403121,-0.562547624,0.0250320807,0.825943351
284523640931,117307,0.306757212,-0.259797335,-0.322865486,0.0270414986,-0.562550724,0.025029527,0.825941324
284540281764,117323,0.306761086,-0.259797543,-0.322869688,0.027030034,-0.562553763,0.0250279829,0.825939596
284556972910,117341,0.306758404,-0.259800166,-0.322869897,0.0270322636,-0.562555611,0.0250323378,0.825938165
284573634525,117357,0.306762904,-0.259807885,-0.322872788,0.0270343237,-0.562550306,0.025039712,0.825941503
284590277077,117373,0.306761533,-0.259812623,-0.32287237,0.0270340331,-0.562552154,0.025048906,0.825939953
284606982181,117389,0.30675289,-0.25981015,-0.32286489,0.0270436406,-0.562554717,0.0250559803,0.825937688
284623610566,117407,0.30674386,-0.259804428,-0.322855145,0.0270605162,-0.562557101,0.0250609033,0.825935304
284640283847,117423,0.306744158,-0.259808481,-0.322853744,0.0270601287,-0.562557757,0.0250653177,0.825934827
284656946764,117439,0.306748778,-0.259815782,-0.322856069,0.0270559508,-0.562554479,0.0250788517,0.825936794
284673770045,117456,0.306744099,-0.259820282,-0.322855115,0.0270560961,-0.562566936,0.025083052,0.825928092
284690294837,117473,0.30673945,-0.259831756,-0.322856665,0.0270552952,-0.562577069,0.0250882078,0.825921118
284712753014,117495,0.306728005,-0.259840757,-0.322854906,0.0270572063,-0.562587202,0.0250988808,0.825913846
284723616035,117506,0.30673027,-0.259842962,-0.322858006,0.0270578004,-0.562584639,0.0251040701,0.825915396
284740281608,117522,0.306732416,-0.259846956,-0.322861373,0.0270661674,-0.562577724,0.0251051188,0.825919807
284756944316,117538,0.306718946,-0.259849578,-0.322859526,0.0270785745,-0.562583625,0.0251144003,0.825915039
284773629785,117556,0.306723237,-0.25985077,-0.322866708,0.0270880628,-0.562590837,0.0251205526,0.825909734
284790282024,117572,0.306721002,-0.259850353,-0.322874993,0.0270907544,-0.56259799,0.0251221079,0.825904727
284806947129,117588,0.306725472,-0.259836078,-0.322888255,0.0270913467,-0.562596738,0.0251307059,0.825905263
284823645045,117606,0.306733459,-0.259818047,-0.322906494,0.0271075983,-0.562584937,0.025132142,0.825912714
284840278170,117622,0.306718916,-0.259817809,-0.322915554,0.0270795617,-0.562586606,0.0251180194,0.825912893
284857046035,117638,0.306699693,-0.259822488,-0.322915375,0.0270349607,-0.562592924,0.0251092613,0.82591033
284873614316,117655,0.306679279,-0.259824336,-0.322912812,0.0270852149,-0.562602341,0.0251137856,0.825902164
284890276295,117672,0.306678355,-0.259820223,-0.322915733,0.0271096062,-0.562590301,0.0251037013,0.825909853
284907011504,117688,0.306669861,-0.25981757,-0.322918743,0.0271147434,-0.562578619,0.0251136329,0.825917304
284923612806,117704,0.306659997,-0.259809375,-0.322917908,0.0271251183,-0.562589645,0.0251461379,0.825908542
284940297754,117721,0.306660026,-0.259791374,-0.322915137,0.0271138716,-0.562597454,0.0251535363,0.825903296
284956963535,117738,0.30665803,-0.259788573,-0.322907507,0.0271185674,-0.562596917,0.0251293611,0.825904191
284973621087,117754,0.306669235,-0.259798586,-0.322888732,0.0271291416,-0.562586963,0.0251181237,0.825911045
284990354160,117771,0.306668997,-0.259801209,-0.322873801,0.0271224789,-0.562588394,0.0251401979,0.825909674
285006978743,117787,0.306666553,-0.25981769,-0.32287699,0.0271039829,-0.562589109,0.0251397807,0.825909793
285023609108,117804,0.306661993,-0.259838939,-0.322879672,0.0271154158,-0.562587082,0.0251099672,0.825911701
285040274733,117820,0.306645691,-0.259848356,-0.322875798,0.0271402467,-0.562580109,0.0251033455,0.825915813
285056948274,117837,0.306650221,-0.259862751,-0.322876304,0.0271347594,-0.562570155,0.0251131933,0.825922489
285073985618,117854,0.306648105,-0.259871036,-0.32287848,0.0271191988,-0.562568963,0.0251245163,0.825923502
285090284576,117870,0.306643993,-0.259870142,-0.322878599,0.0271349177,-0.562577069,0.0251253694,0.825917423
285107079160,117887,0.306630552,-0.259871006,-0.322878212,0.0271400139,-0.562579572,0.0251212679,0.825915635
285123616087,117903,0.306622207,-0.25987047,-0.32288143,0.0271355528,-0.562575459,0.0251244828,0.825918496
285140286191,117920,0.306616575,-0.259868234,-0.32288605,0.0271399822,-0.562573731,0.0251252167,0.825919509
285156979004,117936,0.306598574,-0.259875,-0.32288754,0.0271432493,-0.562578559,0.0251326654,0.825915873
285173637962,117953,0.306586027,-0.259883523,-0.322888732,0.0271436218,-0.562575161,0.0251319669,0.825918198
285191350045,117971,0.306558311,-0.259891212,-0.32289049,0.0271508619,-0.562582552,0.025125077,0.825913072
285206946816,117986,0.306573391,-0.259886056,-0.322881967,0.0271347407,-0.562575638,0.0251165945,0.825918615
285223650201,118003,0.306589574,-0.259880424,-0.322872967,0.0271168929,-0.562564194,0.0251176469,0.82592696
285240281503,118019,0.306585491,-0.259877056,-0.322877884,0.0271196179,-0.562565088,0.0251126885,0.825926423
285256951764,118036,0.306583464,-0.259872556,-0.322884142,0.0271268915,-0.562566221,0.0251063854,0.825925589
285273607441,118052,0.306561083,-0.259875029,-0.322885007,0.0271324422,-0.56256932,0.0251080636,0.825923204
285290337649,118069,0.306560695,-0.259874791,-0.322878271,0.0271201823,-0.562560081,0.0251124464,0.825929821
285306965618,118086,0.3065525,-0.25987643,-0.322874099,0.0271153692,-0.562550187,0.0251157712,0.825936615
285323618847,118102,0.306539536,-0.259904742,-0.322862685,0.0271145497,-0.562548697,0.0251125358,0.825937748
285340323066,118118,0.306529403,-0.259937406,-0.322848052,0.0271149427,-0.562543631,0.025107583,0.825941324
285357012128,118136,0.3064996,-0.259955704,-0.322849721,0.0271167532,-0.562543869,0.0251095556,0.825941086
285374578378,118152,0.306506366,-0.259952366,-0.322848856,0.0271104053,-0.562536418,0.0251020379,0.825946569
285390286035,118168,0.306515455,-0.259950608,-0.322845578,0.02710752,-0.562524676,0.0250972174,0.825954854
285406945722,118184,0.306520015,-0.259959668,-0.3228392,0.0271034539,-0.562522709,0.0250861719,0.825956643
285423621243,118201,0.30651921,-0.259970427,-0.322834164,0.0270987358,-0.562519431,0.025081845,0.825959146
285440278378,118218,0.306510538,-0.259969324,-0.322832465,0.0270957258,-0.562518954,0.0250853822,0.825959444
285457057701,118234,0.306517959,-0.259956181,-0.32282424,0.0270892456,-0.562508643,0.0250731558,0.825967073
285473636555,118251,0.306509733,-0.259955436,-0.32282117,0.0270975325,-0.562507033,0.0250661988,0.825968146
285490275410,118268,0.306507707,-0.259956151,-0.322810948,0.027092861,-0.562502265,0.0250660479,0.825971544
285506948639,118285,0.306498617,-0.259960979,-0.322801411,0.0270890184,-0.562497497,0.0250704177,0.825974703
285523612337,118301,0.306484342,-0.259961873,-0.322794288,0.027091857,-0.562492847,0.025072705,0.825977743
285540281608,118317,0.30648613,-0.259946018,-0.322775185,0.0270937029,-0.562483251,0.0250615627,0.825984538
285556945201,118334,0.306482464,-0.259932905,-0.322761536,0.0270910915,-0.562475979,0.0250622053,0.825989604
285573612753,118351,0.306482136,-0.259912521,-0.322755545,0.0270833001,-0.562479258,0.0250640996,0.825987577
285590276712,118367,0.306471914,-0.259901673,-0.322752893,0.0270801038,-0.56248033,0.0250646118,0.825986922
285606945878,118383,0.306472123,-0.259882748,-0.32274577,0.0270802081,-0.562466383,0.0250519812,0.825996816
285623745410,118400,0.306468993,-0.259864509,-0.322740853,0.0270785224,-0.562457085,0.025048282,0.826003313
285640275357,118417,0.306454778,-0.25986883,-0.322737277,0.0270825103,-0.562462449,0.0250557456,0.82599926
285656959264,118433,0.306458771,-0.259866297,-0.322726607,0.0270780101,-0.56246376,0.0250486713,0.825998664
285673621555,118450,0.30644995,-0.259866357,-0.322719634,0.0270783566,-0.562467098,0.0250496063,0.825996518
285690281139,118466,0.306458175,-0.25985679,-0.322705746,0.0270700548,-0.562455893,0.0250483956,0.826004386
285707168691,118483,0.306459486,-0.259851038,-0.322691083,0.0270640384,-0.562455416,0.0250547491,0.826004744
285723609264,118499,0.306452155,-0.259854585,-0.322679818,0.0270660557,-0.562460363,0.0250413325,0.826001704
285740273847,118516,0.306452781,-0.259860545,-0.322665125,0.0270665083,-0.562461913,0.0250347927,0.82600075
285756946503,118532,0.30644083,-0.259863615,-0.322651714,0.0270704739,-0.562459767,0.0250352826,0.826002121
285773734472,118549,0.306437969,-0.259856731,-0.322627187,0.0270606317,-0.562449694,0.0250352267,0.826009333
285790277389,118566,0.306423545,-0.259852141,-0.322609305,0.0270691495,-0.562443435,0.0250225309,0.826013684
285806944837,118582,0.306418091,-0.259844035,-0.32260856,0.0270658415,-0.562447846,0.0250207391,0.826010823
285823646035,118599,0.306408376,-0.259836018,-0.322605222,0.0270589199,-0.562451959,0.0250274967,0.826008022
285840273639,118616,0.306381106,-0.259834379,-0.322596133,0.0270587429,-0.562451959,0.0250366013,0.826007724
285856948118,118632,0.306378245,-0.259817988,-0.322585255,0.02705466,-0.562440455,0.0250229836,0.826016128
285873611607,118648,0.306371212,-0.259805024,-0.322573543,0.0270639304,-0.562432587,0.0250222981,0.826021254
285890299159,118666,0.306367099,-0.259796053,-0.322557867,0.0270605143,-0.56243813,0.025018435,0.826017678
285906947701,118682,0.306360781,-0.259787172,-0.322541714,0.0270513743,-0.562437713,0.0250183828,0.826018274
285923609055,118698,0.306352496,-0.259779543,-0.322534174,0.0270527825,-0.562433481,0.025019113,0.826021075
285940276712,118714,0.306361675,-0.259768426,-0.322535962,0.0270579495,-0.562425137,0.0250121206,0.826026857
285957072389,118731,0.306368768,-0.259757549,-0.322536916,0.0270516295,-0.562421262,0.0250157919,0.826029539
285974110097,118748,0.306376696,-0.259744942,-0.322533041,0.0270387009,-0.562416434,0.0250242203,0.826033056
285990287337,118764,0.306369364,-0.259735405,-0.322527766,0.0270383898,-0.562419295,0.0250267722,0.826031029
286007011816,118781,0.306368649,-0.259728372,-0.322521895,0.027043419,-0.562414289,0.0250141881,0.826034546
286023613847,118798,0.306382149,-0.259719789,-0.322515994,0.0270225033,-0.562399566,0.0250085089,0.826045513
286040274680,118814,0.306386709,-0.259711295,-0.32251665,0.0270128455,-0.562398612,0.0250129998,0.826046348
286056981972,118831,0.306388736,-0.259701818,-0.32251963,0.027024271,-0.562394917,0.0250022411,0.826048791
286073629107,118847,0.306376576,-0.259692699,-0.322521478,0.0270306058,-0.562393188,0.0249908231,0.826050103
286090299420,118864,0.306374729,-0.25967899,-0.322513491,0.0270256102,-0.562383175,0.0249967221,0.826056898
286106950201,118881,0.306364745,-0.259664923,-0.322504938,0.0270234309,-0.562383711,0.0250168908,0.826055944
286123611659,118897,0.306360811,-0.259659499,-0.322505236,0.0270291734,-0.562384963,0.0250195079,0.826054871
286140322336,118913,0.306357294,-0.259654433,-0.32250458,0.0270298328,-0.56238991,0.0250153188,0.826051593
286156945305,118931,0.306344211,-0.259651601,-0.322491169,0.0270422045,-0.562401295,0.0250211917,0.826043248
286173648743,118947,0.306350172,-0.259653807,-0.322472543,0.0270330571,-0.562390685,0.0250208527,0.826050758
286190286659,118963,0.306343019,-0.259651899,-0.322458178,0.0270254817,-0.562385082,0.0250187088,0.82605499
286206945722,118980,0.306352317,-0.259655833,-0.322449267,0.0270214509,-0.562392294,0.0250142608,0.826050341
286223700878,118997,0.306364149,-0.259661496,-0.32244128,0.0270265546,-0.562393069,0.0250086002,0.826049805
286240279264,119013,0.306368202,-0.259666592,-0.32244122,0.0270256326,-0.562383771,0.0249966476,0.82605648
286256978274,119030,0.306384802,-0.259678155,-0.322448492,0.0270159338,-0.562375069,0.0249869619,0.826063037
286273705930,119046,0.306384146,-0.259685934,-0.322452188,0.0270111039,-0.562375486,0.0249898601,0.826062799
286290298743,119062,0.306390762,-0.259693772,-0.322461665,0.0270070545,-0.562377214,0.0249845665,0.826061904
286306990670,119080,0.306388795,-0.259701788,-0.322472572,0.0270080008,-0.562378049,0.0249775816,0.826061487
286323625045,119096,0.306390822,-0.25970611,-0.322481334,0.0270056278,-0.562381446,0.0249894131,0.826058984
286340279628,119112,0.306398392,-0.259709507,-0.322487742,0.0269921459,-0.562385917,0.0250103362,0.826055706
286356944107,119129,0.306395948,-0.259711623,-0.322488487,0.0269889664,-0.562388241,0.025006894,0.826054335
286373621295,119146,0.306396544,-0.259714127,-0.322496116,0.0269947052,-0.56238991,0.0249956157,0.826053381
286390276451,119162,0.306390166,-0.25971663,-0.322498858,0.026997719,-0.562392414,0.0249939319,0.826051593
286406942961,119178,0.306401551,-0.259718984,-0.322506785,0.0269823372,-0.562388122,0.0250104684,0.826054513
286423613326,119196,0.306413531,-0.25972119,-0.32251358,0.0269707199,-0.562390387,0.0250097848,0.826053321
286440275357,119212,0.306403935,-0.259721726,-0.32250303,0.0269774999,-0.562390745,0.0249958169,0.826053381
286456943899,119228,0.306393027,-0.259722561,-0.322490662,0.0269745681,-0.562393725,0.024992723,0.826051533
286473713847,119245,0.306383908,-0.259727687,-0.322484195,0.0269719828,-0.562395036,0.0250078272,0.826050282
286490294680,119261,0.306389928,-0.259732991,-0.322472155,0.0269723423,-0.562386811,0.0250102505,0.826055765
286506944732,119278,0.306394577,-0.2597363,-0.322461128,0.0269774832,-0.562381625,0.025006488,0.826059282
286523606972,119295,0.306388855,-0.259736478,-0.322454691,0.026984185,-0.56238234,0.0250069834,0.826058507
286540340149,119311,0.306387097,-0.259731442,-0.32244724,0.0269835591,-0.562387586,0.0250134505,0.826054811
286556943222,119327,0.306390643,-0.259722352,-0.322443038,0.0269809645,-0.562393129,0.025017675,0.826050997
286573613586,119344,0.306403726,-0.259707183,-0.322441638,0.0269846395,-0.562382162,0.0250055548,0.826058686
286590277284,119361,0.306409895,-0.259695441,-0.322438121,0.0269863196,-0.56237793,0.0249949787,0.826061785
286606940670,119377,0.306415826,-0.259693384,-0.322438151,0.0269892998,-0.562372148,0.0249906611,0.826065779
286623612753,119394,0.306417644,-0.259690791,-0.322440326,0.0269848742,-0.562371612,0.0249782875,0.826066673
286640282180,119411,0.306420147,-0.259681046,-0.322438538,0.0269817617,-0.56237036,0.0249721091,0.826067805
286656949680,119427,0.306429565,-0.259668916,-0.322435796,0.0269892514,-0.562363148,0.0249744188,0.826072454
286673609420,119443,0.306428134,-0.259663939,-0.322434306,0.0269967671,-0.562358916,0.0249854662,0.826074719
286690278795,119461,0.306419522,-0.259663761,-0.322430044,0.0270088036,-0.562356532,0.0249940194,0.826075673
286706943065,119477,0.306409448,-0.259663582,-0.322430164,0.0270190667,-0.562364995,0.0250044633,0.826069236
286723629680,119493,0.306408226,-0.259660482,-0.322433919,0.0270252917,-0.562360466,0.0250161961,0.826071799
286740416763,119509,0.306409538,-0.259658158,-0.322436273,0.0270257983,-0.562354743,0.0250265524,0.826075375
286756945774,119526,0.306406587,-0.259665102,-0.322435141,0.0270287115,-0.562355459,0.0250261594,0.826074779
286773980409,119543,0.306405157,-0.259678423,-0.322429091,0.0270249285,-0.562358201,0.0250191968,0.826073229
286790335409,119560,0.306399316,-0.259687692,-0.322423249,0.0270282235,-0.562356114,0.0250097737,0.826074898
286806963899,119576,0.30640921,-0.259701192,-0.322406381,0.027042659,-0.562354147,0.0250227246,0.826075315
286823619055,119592,0.306430042,-0.259712964,-0.322383255,0.0270458963,-0.562346816,0.025061449,0.826079071
286840283638,119609,0.306442499,-0.259719878,-0.32237944,0.0270134229,-0.562353671,0.0250439756,0.826075912
286856941763,119626,0.306446433,-0.259725958,-0.322386801,0.0270162262,-0.562364817,0.0250018723,0.826069593
286873606399,119642,0.30644241,-0.259726584,-0.322388977,0.0270134471,-0.562359214,0.0250204746,0.826072872
286890386242,119658,0.306447566,-0.259716004,-0.322397649,0.027002234,-0.562351227,0.0250486694,0.826077878
286906949159,119676,0.306445897,-0.259711027,-0.322403282,0.0270186495,-0.562343359,0.0250525046,0.826082587
286923612597,119692,0.306441218,-0.259710997,-0.322396517,0.027040828,-0.5623523,0.0250496026,0.826075852
286940370513,119708,0.306444585,-0.259708256,-0.322387397,0.0270367265,-0.56235826,0.0250651743,0.826071382
286956942753,119726,0.306448221,-0.259701788,-0.322377086,0.0270264447,-0.562351465,0.0250883736,0.826075673
286974022701,119742,0.306455016,-0.259687454,-0.322360158,0.0270371828,-0.562339604,0.0250914954,0.826083362
286990298847,119758,0.306455731,-0.25967741,-0.322347134,0.0270428266,-0.562340677,0.0250770766,0.826082826
287006943117,119775,0.306450963,-0.259669542,-0.322340965,0.0270263832,-0.562338173,0.0250655171,0.826085448
287023769159,119792,0.306447715,-0.259659529,-0.32233566,0.0270208176,-0.562339485,0.0250588041,0.826084912
287040282388,119808,0.30645436,-0.259640515,-0.322338283,0.0270207729,-0.562340438,0.0250557717,0.826084316
287056981451,119825,0.306470335,-0.259615004,-0.322342724,0.0270183571,-0.562333047,0.025048364,0.82608968
287073623378,119841,0.306475163,-0.25961262,-0.322343349,0.0270286221,-0.56232959,0.0250424221,0.826091886
287090272701,119858,0.306481391,-0.259636492,-0.322346151,0.0270298235,-0.562330604,0.0250588022,0.826090634
287106982909,119875,0.306483269,-0.259649068,-0.322350442,0.0270140767,-0.562332273,0.0250805225,0.826089382
287123617076,119891,0.306483686,-0.259649932,-0.322355807,0.0270129554,-0.562334836,0.0250842329,0.826087534
287140279940,119907,0.306490093,-0.259653538,-0.322359741,0.0270249825,-0.56233114,0.0250727795,0.826090097
287156956034,119924,0.306493819,-0.259661287,-0.322368681,0.0270251594,-0.562327027,0.0250701495,0.826092958
287173611815,119941,0.30649513,-0.259674489,-0.322379142,0.0270182714,-0.562321305,0.0250755586,0.826096833
287190457024,119957,0.30649364,-0.259685934,-0.322384685,0.027022792,-0.562321782,0.0250742193,0.826096475
287206948534,119973,0.306498349,-0.259700358,-0.32236734,0.027028447,-0.562310398,0.0250606015,0.826104343
287223691190,119991,0.306503236,-0.259718329,-0.322353899,0.0270274598,-0.562300384,0.0250586122,0.826111257
287240289211,120007,0.30649966,-0.259737104,-0.322360575,0.0270232614,-0.562301695,0.0250717308,0.826110184
287257039263,120023,0.306493908,-0.259760618,-0.322367221,0.0270182472,-0.562304318,0.0250752252,0.826108456
287273683274,120040,0.306485593,-0.259783953,-0.322378725,0.0270130076,-0.56230545,0.0250787754,0.82610774
287290277388,120057,0.306480527,-0.259798527,-0.32237798,0.0270277429,-0.562293708,0.0250806566,0.826115191
287307003742,120073,0.306477606,-0.259810597,-0.322378188,0.0270378385,-0.562289298,0.0250826292,0.826117814
287323613430,120089,0.306472152,-0.259816229,-0.322386175,0.0270392634,-0.562291086,0.025084883,0.826116502
287340279263,120106,0.306465834,-0.259819657,-0.322397292,0.0270378049,-0.562292695,0.0250783842,0.826115608
287356971242,120122,0.306465507,-0.259816229,-0.322407603,0.0270448606,-0.562297046,0.0250762049,0.826112449
287373620305,120140,0.306479663,-0.259782284,-0.32240501,0.0270417407,-0.562291801,0.0250724256,0.826116323
287390307492,120156,0.30648309,-0.25976783,-0.322408378,0.0270420387,-0.562288165,0.0250743348,0.826118708
287406946659,120172,0.3064816,-0.259761155,-0.322415531,0.0270425621,-0.562284887,0.0250703711,0.826120973
287423609784,120189,0.306475997,-0.259757012,-0.322425127,0.0270405188,-0.562287211,0.0250774175,0.826119304
287440353586,120206,0.306474984,-0.259754032,-0.322427183,0.0270421896,-0.562284708,0.0250837244,0.826120734
287456940096,120222,0.306480974,-0.259746283,-0.32242161,0.0270431153,-0.562283993,0.0250850376,0.826121151
287473619836,120238,0.306475103,-0.259744853,-0.322421521,0.0270425715,-0.562286556,0.025086673,0.826119423
287490285982,120255,0.306465,-0.259740949,-0.322412252,0.0270428136,-0.562286794,0.0250796489,0.826119423
287507019523,120272,0.306451857,-0.259738088,-0.322409302,0.0270512421,-0.562289596,0.0250822846,0.826117098
287523614055,120288,0.306447268,-0.259723157,-0.322406501,0.0270549543,-0.562283576,0.0250807628,0.826121151
287540275565,120305,0.306442916,-0.259699821,-0.322399437,0.0270574465,-0.562273562,0.0250706244,0.826128244
287556992388,120321,0.306430876,-0.259691,-0.322398633,0.0270564668,-0.562277913,0.0250665918,0.826125443
287573719836,120338,0.306419313,-0.259686708,-0.322387099,0.0270548463,-0.56227231,0.0250713378,0.826129138
287590297753,120354,0.306405723,-0.259685278,-0.322384238,0.0270542558,-0.562273979,0.0250733774,0.826128006
287606960930,120371,0.306400359,-0.259676754,-0.322383761,0.0270589124,-0.562274933,0.0250656195,0.82612741
287623611659,120388,0.306404293,-0.259663552,-0.32237947,0.0270569231,-0.562271595,0.0250583477,0.826129973
287640284211,120404,0.306406915,-0.259663373,-0.322373956,0.027055135,-0.562268019,0.0250589773,0.826132476
287656969836,120421,0.306406319,-0.259668589,-0.32236737,0.0270561278,-0.56226629,0.0250585526,0.826133609
287673633690,120438,0.306407988,-0.259664565,-0.322363913,0.0270585716,-0.562265396,0.0250618476,0.826133966
287690277128,120454,0.306427419,-0.259649485,-0.322356015,0.0270569641,-0.562263787,0.0250539668,0.826135397
287706981867,120470,0.306436807,-0.259639353,-0.32234925,0.0270521175,-0.562263012,0.0250498559,0.826136172
287723609523,120487,0.306434065,-0.259638369,-0.32234025,0.0270577166,-0.562263548,0.0250506382,0.826135695
287740295982,120503,0.306435585,-0.259638131,-0.32232821,0.0270589292,-0.562262297,0.025039738,0.826136768
287756946138,120521,0.30643332,-0.259642869,-0.32232216,0.0270623844,-0.562266469,0.0250309873,0.826134086
287773619628,120537,0.306434333,-0.259647787,-0.322318882,0.0270603281,-0.56226331,0.0250306539,0.826136351
287790298898,120553,0.306428701,-0.259650856,-0.322315574,0.0270601884,-0.562262475,0.025032565,0.826136887
287806941190,120570,0.30641681,-0.259668112,-0.322310209,0.0270617027,-0.562265158,0.025033351,0.82613492
287823649002,120586,0.306404114,-0.259681493,-0.322303832,0.027063584,-0.562265337,0.0250350311,0.826134682
287840278221,120602,0.306391925,-0.259687722,-0.322298646,0.0270619206,-0.562263966,0.0250358321,0.826135695
287856952023,120620,0.306382418,-0.259696841,-0.322294563,0.0270625893,-0.562264562,0.025038911,0.826135218
287873650825,120636,0.306370258,-0.259700537,-0.322289824,0.0270638391,-0.562265515,0.0250359438,0.826134562
287890293377,120652,0.306357861,-0.259702384,-0.322278142,0.0270703007,-0.562267184,0.0250269119,0.82613349
287907156555,120670,0.306342512,-0.259707004,-0.322268486,0.0270703472,-0.562268317,0.025023073,0.826132774
287923609784,120686,0.306337595,-0.259721994,-0.322272629,0.0270609222,-0.562266231,0.0250235982,0.826134562
287940278742,120702,0.306333512,-0.259739369,-0.322278202,0.0270591043,-0.562263131,0.0250267368,0.826136649
287956939471,120719,0.306322336,-0.259749234,-0.322277516,0.0270662196,-0.56226629,0.0250268001,0.826134264
287973680617,120736,0.306325555,-0.259750128,-0.322271675,0.0270675439,-0.562266469,0.0250260495,0.826134086
287990304419,120752,0.306329429,-0.259747088,-0.322265029,0.0270674173,-0.562267005,0.0250257943,0.826133788
288006943846,120769,0.306343675,-0.259727061,-0.322257251,0.0270656496,-0.562263191,0.0250241458,0.82613647
288023611138,120785,0.306353986,-0.259710222,-0.322250724,0.0270636268,-0.562257767,0.0250216648,0.826140285
288040281867,120802,0.306355655,-0.259704828,-0.322248846,0.0270663965,-0.562261462,0.0250243545,0.826137543
288056948221,120818,0.30636555,-0.259690702,-0.322249323,0.0270647667,-0.562256753,0.0250216015,0.82614094
288073615148,120835,0.30637145,-0.25967741,-0.322246075,0.0270675793,-0.562255561,0.0250175893,0.826141715
288090281919,120851,0.306381524,-0.259656608,-0.3222422,0.0270602368,-0.562252343,0.0250169914,0.826144218
288106945773,120868,0.306387514,-0.259638339,-0.32223922,0.0270588137,-0.562250197,0.0250169486,0.826145768
288123609888,120885,0.30638507,-0.25963679,-0.322240919,0.0270566177,-0.562254965,0.0250190254,0.82614249
288140276867,120901,0.306383371,-0.259634852,-0.322241873,0.0270585436,-0.562257946,0.0250196829,0.826140344
288157078794,120918,0.30638501,-0.259623587,-0.32223624,0.0270613041,-0.562252939,0.0250164047,0.826143742
288174090982,120935,0.306397408,-0.259607643,-0.322228342,0.0270551424,-0.562251151,0.0250202995,0.826145053
288190278950,120951,0.306403935,-0.259598821,-0.322222888,0.0270529259,-0.562252998,0.0250218455,0.826143861
288206943794,120968,0.30640769,-0.259602129,-0.32221657,0.0270521771,-0.562250376,0.0250188503,0.826145768
288223609367,120984,0.306408733,-0.25960362,-0.322211206,0.0270573962,-0.562250316,0.0250233579,0.82614553
288240536086,121001,0.306419343,-0.259594113,-0.322214723,0.0270584114,-0.562248051,0.0250273328,0.826146841
288257028534,121017,0.306439996,-0.259581208,-0.322222501,0.0270508863,-0.562247992,0.0250285771,0.826147139
288273737804,121033,0.30645138,-0.259584814,-0.322226614,0.0270476695,-0.562246859,0.0250268877,0.826148093
288290295200,121051,0.3064574,-0.259607553,-0.32222873,0.0270425715,-0.562244177,0.025029866,0.82614994
288306946138,121067,0.306458712,-0.259616613,-0.322232664,0.0270374697,-0.562256992,0.0250355862,0.826141238
288323619002,121083,0.306463122,-0.259613782,-0.322230458,0.0270395745,-0.562257111,0.0250396188,0.82614094
288340312023,121100,0.306467921,-0.259609401,-0.322227776,0.0270386338,-0.562259018,0.0250363834,0.826139808
288356963481,121116,0.306462646,-0.259617984,-0.322227836,0.0270446911,-0.562268496,0.0250420179,0.826133013
288374085096,121133,0.30645439,-0.25963515,-0.322228551,0.0270390548,-0.562267661,0.025053421,0.82613343
288390289002,121150,0.30644834,-0.259647578,-0.322229475,0.0270432346,-0.562273264,0.0250660554,0.826129079
288406950356,121166,0.306436449,-0.259657264,-0.32223314,0.0270488616,-0.562276006,0.025072705,0.826126814
288423645356,121182,0.306419551,-0.259667426,-0.322239071,0.0270485822,-0.562268257,0.0250720065,0.826132119
288440281190,121200,0.306403339,-0.259683847,-0.322239995,0.0270491093,-0.562264681,0.0250701979,0.826134503
288456991398,121216,0.306392133,-0.259698004,-0.322239518,0.0270460602,-0.562265575,0.0250705332,0.826134026
288473624002,121232,0.306380421,-0.259703964,-0.322240561,0.0270501282,-0.562267363,0.0250689685,0.826132715
288490280304,121249,0.306383073,-0.259685725,-0.322237313,0.0270504076,-0.562262058,0.0250610951,0.826136529
288506965877,121266,0.306385607,-0.259670198,-0.322234929,0.0270501524,-0.562256932,0.0250569526,0.826140225
288523610408,121282,0.306376427,-0.259674937,-0.32223466,0.0270518586,-0.562254131,0.0250536017,0.826142132
288540280148,121298,0.306368411,-0.259685308,-0.322237432,0.0270543825,-0.562250614,0.0250554979,0.826144397
288556938481,121316,0.306359947,-0.259694397,-0.322244108,0.0270534474,-0.562253773,0.0250641666,0.826142013
288573885044,121332,0.306368738,-0.259689718,-0.322253197,0.0270512216,-0.562246501,0.0250665061,0.826146901
288590537179,121348,0.306376278,-0.25968641,-0.322262824,0.027044056,-0.562245727,0.0250668842,0.826147735
288606948013,121365,0.306375206,-0.259690613,-0.322261006,0.0270425454,-0.56224817,0.0250674356,0.826146126
288623611763,121382,0.306370914,-0.259694219,-0.322260886,0.0270394217,-0.562252581,0.0250634793,0.826143265
288640278638,121398,0.30636552,-0.259699821,-0.322265029,0.0270357206,-0.562255383,0.0250620898,0.826141596
288656959992,121414,0.306362867,-0.259706706,-0.322267175,0.0270399991,-0.562252939,0.025065368,0.826142967
288673623898,121431,0.306355715,-0.259712756,-0.322268903,0.0270427316,-0.562254429,0.0250648521,0.826141894
288690303481,121448,0.306352228,-0.259702474,-0.32225287,0.0270429049,-0.562254429,0.0250666663,0.826141834
288706955617,121464,0.306347609,-0.259692192,-0.322240084,0.0270449705,-0.562254667,0.0250635017,0.826141715
288723625304,121481,0.306347936,-0.25968343,-0.32223922,0.0270444956,-0.562253118,0.0250690784,0.826142609
288740463950,121497,0.306354344,-0.259668678,-0.322235286,0.0270427633,-0.562248945,0.0250687916,0.82614553
288756977908,121514,0.306357265,-0.25965777,-0.322228462,0.0270434469,-0.562244713,0.0250702612,0.826148391
288773614575,121531,0.30636099,-0.259643614,-0.32222113,0.0270419251,-0.562245309,0.0250662696,0.826148152
288790277179,121547,0.306359291,-0.259635776,-0.322221786,0.0270373467,-0.562243521,0.0250666365,0.826149464
288806960929,121563,0.306369513,-0.259626418,-0.322227269,0.0270393025,-0.562240601,0.0250682198,0.826151371
288823612596,121581,0.306383312,-0.259615242,-0.32223466,0.0270309802,-0.562245607,0.0250675511,0.826148212
288840303065,121597,0.30638656,-0.25960964,-0.322230101,0.0270340275,-0.56224817,0.0250723902,0.826146245
288856945408,121613,0.306390643,-0.259600013,-0.322221398,0.0270304233,-0.562246442,0.0250665266,0.826147616
288873683377,121630,0.306387484,-0.259593993,-0.322224349,0.0270276666,-0.562246382,0.0250618663,0.826148033
288890274835,121647,0.306394011,-0.259589046,-0.322229952,0.027027823,-0.562246263,0.0250577629,0.826148212
288906942648,121663,0.306399226,-0.25958547,-0.322236389,0.0270287264,-0.562243581,0.0250607114,0.826149821
288923653169,121680,0.306393385,-0.259590745,-0.322243243,0.0270251017,-0.562240183,0.0250643194,0.826152205
288940277908,121696,0.30638814,-0.2595976,-0.32224986,0.0270282272,-0.562240839,0.0250683222,0.82615149
288956971919,121713,0.306384504,-0.259593606,-0.322250068,0.027030969,-0.562240362,0.0250670649,0.826151848
288973643950,121729,0.306383014,-0.259587646,-0.322241724,0.0270362888,-0.562232792,0.0250572059,0.826157093
288990291450,121746,0.306376904,-0.259583443,-0.322241694,0.0270351376,-0.562233031,0.0250614006,0.826156855
289006970669,121762,0.306366622,-0.259581089,-0.322237968,0.0270319674,-0.562231839,0.0250590108,0.826157808
289023612179,121779,0.306355923,-0.259578377,-0.322232008,0.027030712,-0.56223315,0.0250591859,0.826156974
289040279992,121796,0.306353331,-0.259572476,-0.322221339,0.0270293877,-0.562228739,0.0250582937,0.826160073
289056946867,121812,0.306355238,-0.259567797,-0.322201163,0.0270328503,-0.562222958,0.0250572376,0.826163888
289073614627,121828,0.30635637,-0.259571373,-0.322183967,0.0270377118,-0.562218964,0.0250615273,0.826166332
289090478846,121846,0.306359798,-0.259581685,-0.322161764,0.0270356685,-0.562217832,0.0250615478,0.826167166
289106946033,121862,0.306354403,-0.259586513,-0.322147727,0.0270386953,-0.562214553,0.0250617694,0.826169252
289123616346,121878,0.306350827,-0.259587854,-0.322144181,0.0270379148,-0.562213063,0.0250549875,0.826170504
289140281346,121895,0.306351483,-0.259590149,-0.322140962,0.0270386413,-0.562206447,0.0250502527,0.826175094
289156942700,121912,0.306344897,-0.259593904,-0.322138011,0.0270466376,-0.562204719,0.0250520352,0.826175988
289173667908,121928,0.306341052,-0.259609967,-0.322131425,0.0270500742,-0.562207282,0.0250513759,0.82617414
289190287075,121945,0.306339324,-0.259623945,-0.32212469,0.0270481035,-0.562211275,0.0250474177,0.826171577
289206947700,121961,0.306347638,-0.259619474,-0.322127074,0.0270473696,-0.562208951,0.0250433646,0.826173425
289223638533,121978,0.306355983,-0.259616405,-0.322127849,0.0270504858,-0.562208593,0.0250483304,0.826173365
289240275408,121995,0.306361347,-0.259617001,-0.322123796,0.0270506982,-0.562208474,0.0250523891,0.826173306
289256947231,122011,0.306367457,-0.259616911,-0.322119534,0.027046917,-0.562206686,0.0250588451,0.826174498
289273662544,122027,0.306368262,-0.259615004,-0.322115302,0.0270549022,-0.562212229,0.0250521246,0.826170623
289290276450,122045,0.306373358,-0.259613544,-0.322113127,0.0270530712,-0.562212527,0.025052039,0.826170504
289306973742,122061,0.3063775,-0.259613514,-0.322111428,0.027056694,-0.562210619,0.0250469372,0.826171875
289323608533,122077,0.306381524,-0.259617895,-0.322110504,0.0270538032,-0.562210321,0.0250470508,0.826172113
289340299210,122093,0.306386828,-0.259622931,-0.322107762,0.0270520467,-0.562205136,0.025047401,0.82617569
289356992179,122110,0.306393206,-0.259625703,-0.322107643,0.0270491559,-0.562206328,0.0250473935,0.826174915
289373788273,122127,0.306404352,-0.259624988,-0.322115093,0.0270441845,-0.562204361,0.025048852,0.826176465
289390308481,122144,0.306411862,-0.259625435,-0.322119206,0.0270401854,-0.562198222,0.025054004,0.826180518
289406942179,122160,0.306417227,-0.259628356,-0.3221232,0.0270355307,-0.56219393,0.0250599235,0.826183438
289423628012,122176,0.306421906,-0.259633332,-0.322126955,0.0270352792,-0.562188804,0.0250551142,0.826187134
289440302752,122193,0.306427658,-0.259643495,-0.322125077,0.0270373896,-0.562186658,0.0250477046,0.826188684
289456947804,122210,0.306432664,-0.259657025,-0.322123528,0.0270381328,-0.562186837,0.0250456985,0.826188684
289473681710,122226,0.306433886,-0.259675324,-0.322122693,0.0270409025,-0.562186241,0.0250501987,0.826188803
289490388012,122243,0.306431532,-0.259705484,-0.322122276,0.0270392559,-0.562189698,0.0250530448,0.826186478
289506966450,122260,0.306430995,-0.259731948,-0.322123587,0.0270462837,-0.562188625,0.0250499398,0.826187074
289523615304,122276,0.306434661,-0.259729862,-0.322127461,0.0270477589,-0.562193036,0.0250536911,0.826183856
289540277127,122292,0.306440502,-0.259706885,-0.3221246,0.0270480644,-0.562195182,0.0250625014,0.826182127
289556976762,122309,0.306443483,-0.259693354,-0.322122395,0.027047107,-0.562198162,0.0250651315,0.8261801
289574070773,122326,0.306438535,-0.259689659,-0.322126925,0.0270517524,-0.562199175,0.0250643343,0.826179266
289590279054,122342,0.306435049,-0.259687245,-0.322130024,0.0270538833,-0.562196434,0.0250712875,0.826180816
289606941918,122358,0.306430221,-0.259693086,-0.322120368,0.0270575844,-0.562192798,0.0250748862,0.826183081
289623612439,122376,0.306426376,-0.259700507,-0.322110236,0.0270641968,-0.56218338,0.0250736289,0.826189339
289640279939,122392,0.306426048,-0.259706497,-0.322109461,0.0270710811,-0.56217891,0.0250723306,0.826192081
289656947543,122409,0.306427598,-0.259712785,-0.322109431,0.0270677153,-0.562178493,0.0250737388,0.826192498
289673678481,122425,0.306431651,-0.259716153,-0.322108924,0.0270624962,-0.562176824,0.0250754207,0.82619375
289690284314,122441,0.306438088,-0.259703219,-0.322103113,0.0270591583,-0.562172651,0.0250737444,0.82619679
289706953064,122458,0.306445003,-0.259692639,-0.322098106,0.0270616803,-0.562165976,0.0250729825,0.82620126
289723613585,122475,0.306449443,-0.259693116,-0.322104335,0.0270609148,-0.562164068,0.0250765271,0.826202452
289740280408,122491,0.306452215,-0.259691477,-0.322112501,0.0270600021,-0.56216383,0.0250808056,0.826202512
289756939262,122507,0.306452692,-0.259693474,-0.322119415,0.027060315,-0.562165916,0.0250832308,0.826200962
289774444002,122525,0.306451499,-0.259685338,-0.322111577,0.0270570312,-0.562162936,0.0250784419,0.826203227
289790281398,122541,0.30645144,-0.259681761,-0.322106898,0.027059136,-0.562161148,0.0250746775,0.826204598
289806949731,122557,0.306440592,-0.259685665,-0.322119594,0.0270608086,-0.562158167,0.025080204,0.826206386
289823615981,122574,0.306428373,-0.259689838,-0.322136164,0.0270604845,-0.562153757,0.025083784,0.826209247
289840278845,122591,0.306424379,-0.259686649,-0.322141707,0.0270561595,-0.562152743,0.0250741281,0.826210439
289856949314,122607,0.306420684,-0.259682,-0.322142422,0.0270574056,-0.562152684,0.0250724889,0.826210439
289873700304,122624,0.306415707,-0.259685069,-0.322151333,0.0270630009,-0.562149167,0.0250705369,0.826212704
289890314158,122640,0.306401014,-0.259695768,-0.32215625,0.0270624422,-0.562149286,0.0250811521,0.826212287
289907065877,122657,0.306383371,-0.25970763,-0.322159976,0.027061427,-0.562151074,0.0250880048,0.826210916
289923611293,122673,0.306377172,-0.259710848,-0.322159827,0.0270668417,-0.562153518,0.0250958987,0.82620883
289940284731,122690,0.306371808,-0.259713292,-0.322160155,0.0270642228,-0.562159061,0.0250934847,0.826205254
289956957491,122706,0.306365967,-0.259714603,-0.322169155,0.027057495,-0.562164843,0.0250892024,0.826201677
289973631762,122723,0.306362331,-0.259708881,-0.322176546,0.0270593129,-0.562168419,0.0250924714,0.826199114
289990385252,122740,0.306355238,-0.259710848,-0.322188169,0.0270647686,-0.562166691,0.0251061805,0.826199591
290006944939,122756,0.306353599,-0.259711832,-0.322185695,0.0270687789,-0.562175572,0.0251100454,0.826193392
290023710043,122772,0.306350589,-0.259711862,-0.322181046,0.0270784441,-0.562176108,0.0251101498,0.826192677
290040277700,122790,0.306345463,-0.259717047,-0.322191447,0.0270832963,-0.562177539,0.0251108352,0.826191545
290056945095,122806,0.306343913,-0.259716928,-0.322198272,0.0270838141,-0.562178433,0.0251134038,0.82619077
290073610720,122822,0.306342065,-0.259714693,-0.322205037,0.0270835403,-0.562178016,0.025115516,0.826191068
290090275200,122839,0.306350231,-0.259691179,-0.322196573,0.0270881802,-0.562177002,0.0251116939,0.826191664
290107413325,122856,0.306355149,-0.259672314,-0.322192073,0.0270878766,-0.562173903,0.0251030792,0.826194048
290123609835,122872,0.306349754,-0.259676635,-0.322186351,0.0270884037,-0.562177658,0.0251019672,0.826191545
290140281033,122889,0.306343794,-0.259683937,-0.32217145,0.0270939395,-0.562176704,0.0251084697,0.826191783
290156959679,122905,0.306337893,-0.25968349,-0.32216838,0.0271000993,-0.562171459,0.025106946,0.82619518
290173780877,122922,0.306341618,-0.259675682,-0.322159559,0.0271026604,-0.562168837,0.0251080412,0.826196849
290190318845,122938,0.30634141,-0.259669125,-0.322152436,0.0270939376,-0.562168539,0.0251061656,0.826197386
290206945825,122955,0.30633533,-0.259674251,-0.32214278,0.0270898305,-0.562166393,0.0251121782,0.826198816
290223609991,122972,0.306326866,-0.259679377,-0.32213667,0.0270909127,-0.562167346,0.0251077749,0.826198339
290240280356,122988,0.306320786,-0.259673744,-0.322134286,0.0270927195,-0.56216979,0.0251018852,0.82619679
290256948793,123005,0.306319863,-0.259663403,-0.322117895,0.0270964541,-0.562158704,0.025103908,0.826204121
290273634627,123021,0.306316197,-0.2596609,-0.322107196,0.0270999949,-0.562155664,0.0251144879,0.82620573
290290281345,123038,0.306315124,-0.259671241,-0.322094947,0.0271014087,-0.56215477,0.025122853,0.826206028
290306950824,123055,0.306315005,-0.259675831,-0.322083861,0.0270967036,-0.562150538,0.025115557,0.826209247
290323608220,123071,0.306328297,-0.259668171,-0.322070718,0.0270872582,-0.562152684,0.0251098555,0.826208353
290340493585,123087,0.306343466,-0.259662449,-0.322060227,0.0270747095,-0.562159002,0.0251085293,0.826204479
290357276918,123104,0.30634737,-0.259664983,-0.322051942,0.0270767547,-0.562158883,0.0251041055,0.826204658
290373653324,123121,0.306355059,-0.259670109,-0.322041214,0.0270822067,-0.562159657,0.0250987653,0.826204121
290390274835,123137,0.306356043,-0.259672165,-0.32203418,0.0270840824,-0.562163651,0.0250952989,0.826201439
290406939418,123154,0.306355864,-0.25966543,-0.322028071,0.0270796027,-0.562167645,0.0250991918,0.826198757
290423611918,123170,0.306355506,-0.259660929,-0.322022587,0.027080657,-0.562169373,0.025102444,0.826197386
290440275929,123187,0.306356877,-0.259670317,-0.322015524,0.0270810779,-0.562165678,0.0250977464,0.826200068
290457013116,123204,0.306361526,-0.259684294,-0.322005421,0.0270766076,-0.562158823,0.0251001045,0.826204777
290473608116,123220,0.306366414,-0.259691864,-0.321999371,0.0270780884,-0.562161088,0.0251000542,0.826203227
290490303949,123237,0.306373239,-0.259692252,-0.321994126,0.0270774458,-0.562158644,0.0251053702,0.826204777
290506950356,123253,0.306377709,-0.259695143,-0.32198903,0.0270824656,-0.562156379,0.0250983723,0.826206326
290523614418,123270,0.306384742,-0.259684324,-0.321995437,0.0270791501,-0.562156379,0.0251034983,0.826206267
290540317804,123286,0.306390196,-0.259673178,-0.322000504,0.027078364,-0.562154949,0.0251117405,0.826206982
290556945199,123302,0.306388736,-0.259677678,-0.321998149,0.0270794556,-0.562157869,0.0251205862,0.826204777
290573660929,123320,0.306388736,-0.259670019,-0.321997046,0.027079815,-0.562148273,0.0251147989,0.826211393
290590294626,123336,0.306387991,-0.259666502,-0.32199806,0.0270818789,-0.562145472,0.0251188446,0.826213121
290606962699,123352,0.306390345,-0.259664088,-0.321998835,0.0270806868,-0.562143326,0.0251187533,0.826214612
290623612647,123369,0.306396008,-0.259658575,-0.321998894,0.0270837694,-0.562137663,0.0251182206,0.826218367
290640290981,123386,0.306402564,-0.259661257,-0.32198742,0.0270825289,-0.562132239,0.0251177847,0.826222181
290656966293,123403,0.306409121,-0.259665042,-0.321972698,0.0270793457,-0.562125146,0.0251080506,0.826227427
290673621189,123419,0.30640918,-0.259667099,-0.321964562,0.0270819049,-0.562124014,0.0251094159,0.826228023
290690279887,123435,0.306404799,-0.259660393,-0.321960092,0.0270806458,-0.562119484,0.0251107719,0.826231122
290706957387,123451,0.306399107,-0.259653568,-0.3219558,0.0270770993,-0.562115192,0.0251133367,0.826234102
290723612178,123469,0.306401253,-0.259655535,-0.321954012,0.0270809121,-0.562111616,0.0251064934,0.826236546
290740280356,123485,0.306405723,-0.259657562,-0.321955174,0.027074011,-0.562114,0.0251069162,0.826235175
290756966501,123501,0.306404471,-0.259656459,-0.321948767,0.027075896,-0.562112331,0.0251129828,0.826236069
290773994366,123518,0.306399256,-0.259650141,-0.321938604,0.0270773228,-0.562110424,0.0251108054,0.826237381
290790378220,123535,0.306394696,-0.259645224,-0.321929097,0.0270802733,-0.562104881,0.0251051709,0.826241255
290806944678,123551,0.30638811,-0.259654403,-0.321927667,0.0270805787,-0.562099993,0.0251047052,0.826244593
290823621710,123567,0.306380361,-0.25966382,-0.321925581,0.0270777065,-0.562095821,0.0251117274,0.826247215
290840280564,123585,0.306375802,-0.25965184,-0.321918368,0.0270818435,-0.562096298,0.0251089483,0.826246917
290856946762,123601,0.30637005,-0.25963828,-0.321913481,0.0270767696,-0.562095046,0.0251088683,0.826247931
290873742283,123617,0.306362897,-0.259630412,-0.321906447,0.0270775035,-0.562095165,0.0251092259,0.826247811
290890279887,123634,0.306352288,-0.259639949,-0.321900725,0.0270760078,-0.56209147,0.0251132268,0.826250196
290906962699,123651,0.306341618,-0.259650022,-0.321895659,0.0270733461,-0.562091887,0.0251103975,0.826250136
290923612543,123667,0.306340128,-0.259635091,-0.321892232,0.0270726625,-0.562088668,0.02511199,0.826252282
290940276293,123683,0.306339949,-0.259613574,-0.321889639,0.0270644482,-0.56208688,0.0251129977,0.826253772
290956947595,123700,0.306336582,-0.259610236,-0.321884662,0.0270660054,-0.562091291,0.0251138043,0.826250672
290973771814,123717,0.306336313,-0.259618044,-0.321879238,0.0270700697,-0.562089324,0.0251109712,0.826251984
290990312230,123734,0.306331098,-0.259619117,-0.321871787,0.0270739626,-0.562089086,0.0251101628,0.826252043
291006945980,123750,0.306321293,-0.25961265,-0.321868718,0.0270710774,-0.562085569,0.0251124669,0.826254427
291023630095,123766,0.306310982,-0.259605467,-0.321868241,0.0270607993,-0.56208694,0.0251177251,0.826253712
291040292908,123783,0.306303918,-0.259602189,-0.32186383,0.0270607676,-0.562091947,0.0251171719,0.826250255
291056949939,123800,0.306305766,-0.25961113,-0.321861386,0.0270602927,-0.562090158,0.0251152553,0.826251566
291073616970,123816,0.30630675,-0.259615809,-0.321858197,0.0270601641,-0.562090337,0.0251121279,0.826251626
291090275720,123833,0.306308955,-0.259618133,-0.321858287,0.0270577036,-0.56209439,0.0251165368,0.826248765
291106950147,123850,0.306309789,-0.259617656,-0.321854919,0.0270521361,-0.562094867,0.0251153037,0.826248646
291123629314,123866,0.306307018,-0.259620935,-0.32185629,0.0270530414,-0.562093675,0.0251114909,0.826249599
291140280251,123883,0.306302756,-0.259625584,-0.321858644,0.0270540453,-0.562093496,0.0251187813,0.826249361
291156944210,123899,0.306294739,-0.259619862,-0.321852297,0.0270612258,-0.562089086,0.0251155682,0.826252282
291173624418,123915,0.30630064,-0.259602666,-0.321855515,0.027057087,-0.562087536,0.0251185801,0.826253414
291190279730,123932,0.306305707,-0.259584725,-0.321855694,0.0270531736,-0.562083542,0.0251158904,0.826256335
291206997126,123949,0.306307793,-0.259584963,-0.321841091,0.027057413,-0.562085092,0.0251184646,0.826255083
291223715095,123966,0.30630976,-0.259585679,-0.321824968,0.0270565487,-0.56207943,0.0251146723,0.826259017
291240283637,123982,0.306308091,-0.259576976,-0.321822971,0.0270586237,-0.562073231,0.0251109973,0.826263309
291256954210,123999,0.306310833,-0.259565532,-0.321831346,0.027067041,-0.562070489,0.0251095295,0.826264918
291273610512,124015,0.306309253,-0.259565979,-0.321837485,0.0270650145,-0.562072873,0.0251162667,0.82626313
291290318272,124031,0.306305707,-0.2595824,-0.321841717,0.0270608943,-0.562071919,0.025118785,0.826263845
291307006605,124048,0.306300759,-0.259591788,-0.321841896,0.0270652976,-0.562070489,0.0251185484,0.826264679
291323615303,124065,0.306299508,-0.259588927,-0.321838945,0.0270671993,-0.562063575,0.02511888,0.826269388
291340281084,124081,0.306303173,-0.25958994,-0.321839631,0.0270678885,-0.562059224,0.0251200236,0.826272249
291356943376,124098,0.306300581,-0.259605587,-0.321841747,0.0270726029,-0.562056065,0.0251200795,0.826274216
291374569626,124115,0.306292832,-0.25963521,-0.321843714,0.0270688925,-0.5620507,0.0251268484,0.826277792
291390288741,124131,0.306284904,-0.259645253,-0.321844548,0.0270627346,-0.562049687,0.0251242854,0.826278806
291406946657,124148,0.30629003,-0.259626687,-0.321852267,0.0270566735,-0.562050879,0.0251285341,0.826277971
291423612230,124164,0.306296498,-0.259608448,-0.321858823,0.0270474441,-0.56205219,0.0251273401,0.826277494
291440274887,124181,0.306301117,-0.259620339,-0.321859866,0.0270447619,-0.562044859,0.0251221415,0.82628274
291456958584,124197,0.30630976,-0.259636492,-0.32186234,0.0270404145,-0.562042236,0.0251259152,0.826284528
291473617022,124214,0.306312531,-0.259636283,-0.321862429,0.0270444993,-0.562042236,0.0251234956,0.826284409
291490277439,124231,0.306320131,-0.259622455,-0.321861893,0.0270446502,-0.562040985,0.0251240768,0.826285303
291506976137,124247,0.306323677,-0.259613812,-0.321862698,0.0270478036,-0.562040865,0.0251263883,0.826285124
291523606501,124263,0.306317449,-0.259626627,-0.321869403,0.027054118,-0.56203723,0.0251351818,0.82628721
291540297022,124280,0.306310594,-0.259644061,-0.321879178,0.0270570777,-0.562034905,0.0251385793,0.826288581
291556950928,124297,0.306310773,-0.259647548,-0.321879894,0.0270524025,-0.562029243,0.0251363218,0.826292634
291573628168,124313,0.30631727,-0.259643674,-0.321874768,0.0270559303,-0.562029719,0.0251351744,0.826292217
291590322230,124329,0.306319118,-0.259639502,-0.321871161,0.027053535,-0.562027633,0.0251288228,0.826293945
291606943636,124347,0.30632323,-0.259654224,-0.321872175,0.0270473231,-0.562028527,0.0251255594,0.826293588
291623611084,124363,0.30632937,-0.259671867,-0.321871191,0.0270538498,-0.562027574,0.0251317695,0.826293886
291640276866,124379,0.306337446,-0.259668469,-0.321875244,0.0270562507,-0.562030256,0.0251381081,0.8262918
291657012022,124397,0.306349307,-0.259658396,-0.321882337,0.0270621087,-0.562031627,0.0251428839,0.826290548
291673631918,124413,0.306353152,-0.259663373,-0.321884871,0.0270561408,-0.562030911,0.0251499712,0.826290905
291690279209,124429,0.306353986,-0.259678364,-0.321882725,0.0270601939,-0.562032044,0.0251504835,0.826290071
291706946761,124445,0.306353897,-0.259689003,-0.32188043,0.0270599537,-0.562024057,0.0251468495,0.826295614
291723613220,124463,0.306357205,-0.259686559,-0.321878731,0.0270656142,-0.562024117,0.0251457933,0.826295376
291740280616,124479,0.306365281,-0.259677529,-0.321873158,0.0270704497,-0.562017083,0.0251381118,0.826300323
291756969886,124495,0.306372434,-0.259673566,-0.321866751,0.0270673018,-0.56201303,0.0251361001,0.826303184
291773616657,124512,0.306377888,-0.259676635,-0.321859062,0.0270642601,-0.562012732,0.0251403134,0.826303303
291790277126,124529,0.306383461,-0.2596789,-0.321852028,0.0270658918,-0.562012851,0.0251411237,0.826303244
291806947803,124545,0.306389749,-0.259672791,-0.321837634,0.0270613078,-0.562011182,0.0251391158,0.826304495
291823608636,124561,0.306396365,-0.259667784,-0.321823746,0.0270583108,-0.562011898,0.0251369588,0.826304197
291840278949,124579,0.30640167,-0.259671986,-0.32181409,0.0270583034,-0.562014937,0.025139913,0.826302111
291856948011,124595,0.30640769,-0.259676397,-0.321799785,0.0270592999,-0.5620116,0.0251370799,0.826304436
291873655772,124611,0.306413651,-0.259676069,-0.321792424,0.0270645469,-0.56201005,0.0251312368,0.826305389
291890294938,124628,0.30641517,-0.259659916,-0.321796536,0.0270672906,-0.562007129,0.0251286607,0.826307416
291906978011,124645,0.306415737,-0.259646505,-0.321799427,0.0270619839,-0.562004685,0.0251264162,0.826309323
291923612803,124661,0.30641219,-0.259654909,-0.321807146,0.0270597879,-0.562002301,0.0251237042,0.826311111
291940278220,124677,0.306404918,-0.259669602,-0.321819186,0.0270621404,-0.56200093,0.0251248963,0.826311886
291956942282,124695,0.306399405,-0.259667188,-0.321826637,0.0270640254,-0.562002897,0.0251350477,0.826310217
291973940824,124711,0.306396842,-0.259649724,-0.321830839,0.0270637125,-0.562002838,0.0251375251,0.826310217
291990281865,124727,0.306393862,-0.259639502,-0.321832955,0.0270566139,-0.562000871,0.0251321793,0.826311946
292006942334,124744,0.306391388,-0.259640545,-0.321833104,0.0270615611,-0.561998546,0.0251318738,0.826313376
292023612074,124761,0.306388736,-0.259641469,-0.321835339,0.0270562712,-0.562000751,0.0251307581,0.826312125
292040274209,124777,0.306384265,-0.259639919,-0.321837187,0.027057942,-0.56200093,0.0251306258,0.826311946
292056958220,124794,0.306380898,-0.2596367,-0.321839094,0.0270550735,-0.562001169,0.0251318552,0.826311827
292073652803,124810,0.306378901,-0.259636819,-0.321834415,0.027052993,-0.561998904,0.0251277052,0.826313555
292090332751,124826,0.306377232,-0.259647012,-0.321818471,0.0270463731,-0.561991692,0.0251309779,0.826318562
292106956136,124844,0.306376249,-0.25965476,-0.321805298,0.027049439,-0.56199342,0.0251302123,0.82631731
292123608376,124860,0.306376517,-0.259647489,-0.32179442,0.0270543247,-0.561992109,0.0251291338,0.826318026
292140330043,124876,0.30637902,-0.259634435,-0.321778387,0.0270575471,-0.561993837,0.0251292977,0.826316774
292156949782,124892,0.306381762,-0.259628415,-0.321767688,0.0270534717,-0.561994791,0.0251320116,0.826316118
292173633636,124910,0.306381136,-0.259631097,-0.321761072,0.0270530321,-0.562001824,0.0251313299,0.826311409
292190316188,124926,0.306381375,-0.259630054,-0.321754247,0.027050525,-0.562010527,0.0251388662,0.82630533
292206944365,124942,0.306388378,-0.259611726,-0.321748316,0.0270497166,-0.562012732,0.0251448676,0.826303661
292223827074,124959,0.306395769,-0.259590328,-0.321742684,0.0270470064,-0.56201601,0.025146924,0.826301515
292240277595,124976,0.30639267,-0.259588212,-0.321737915,0.0270446613,-0.562018394,0.0251503848,0.826299846
292256945980,124992,0.306387007,-0.259594321,-0.32173714,0.0270498972,-0.562019765,0.0251468122,0.826298833
292273615459,125009,0.306381971,-0.259595305,-0.321734756,0.0270542074,-0.562018335,0.0251505878,0.826299548
292290279886,125026,0.306379735,-0.259587884,-0.321735352,0.0270536169,-0.562019825,0.0251501016,0.826298594
292307107907,125042,0.306376547,-0.259584427,-0.321733266,0.0270502437,-0.562022388,0.0251494627,0.826296985
292323608428,125058,0.306371987,-0.259600133,-0.321732074,0.0270540044,-0.562024176,0.0251454059,0.826295733
292340276761,125075,0.306366652,-0.259621143,-0.321733654,0.0270491503,-0.562025428,0.0251436289,0.826295137
292356955772,125092,0.306363225,-0.259622425,-0.321736187,0.0270491336,-0.562024355,0.025140699,0.826295972
292373629313,125108,0.306361169,-0.259615511,-0.321747214,0.0270490255,-0.562021613,0.025142625,0.82629776
292391031501,125126,0.306354076,-0.259613544,-0.321752071,0.0270490535,-0.562017262,0.0251416303,0.82630074
292406949834,125141,0.306341648,-0.259623468,-0.32175678,0.0270516314,-0.56201756,0.0251469277,0.826300263
292423610876,125158,0.306325555,-0.259637326,-0.32176289,0.0270488057,-0.562019825,0.0251575243,0.826298475
292440304626,125175,0.306314737,-0.259640038,-0.321763784,0.0270534698,-0.56202203,0.0251621343,0.826296747
292456963532,125191,0.306310475,-0.259635448,-0.321768045,0.0270532817,-0.562026858,0.0251633171,0.826293349
