# timestamp tx ty tz qx qy qz qw
202.356873619 0.003865158 -0.018391568 0.039799134 0.500406402 -0.502855016 -0.502955354 0.493726825
202.396927056 -0.012864302 -0.012479588 0.054738975 0.497079102 -0.509007366 -0.498554416 0.495244750
202.436842577 -0.014535643 -0.014315901 0.069627820 0.492910403 -0.512258707 -0.499926207 0.494675791
202.476922577 -0.016995275 -0.016022944 0.087873798 0.489481587 -0.516115431 -0.500942373 0.493040949
202.516866431 -0.013322777 -0.021345405 0.109413742 0.491437837 -0.515668250 -0.503770207 0.488662140
202.556857733 -0.014279517 -0.024826063 0.128936492 0.492350280 -0.513346600 -0.505335160 0.488572253
202.596831118 -0.014426055 -0.027143812 0.152593626 0.490642352 -0.516991412 -0.509989359 0.481560812
202.636834452 -0.014731512 -0.029828508 0.176910878 0.492439918 -0.517164642 -0.511008182 0.478449892
202.676897473 -0.015753051 -0.030978679 0.199243814 0.491976414 -0.522169163 -0.509956968 0.474597160
202.716838202 -0.016995080 -0.032790370 0.220248164 0.493572578 -0.520683590 -0.511608550 0.472791076
202.756863306 -0.018683215 -0.035740141 0.239120344 0.490869227 -0.519820064 -0.516861553 0.470838230
202.796931795 -0.021215424 -0.039574956 0.253239593 0.487370120 -0.520773188 -0.523001597 0.466620811
202.836878983 -0.023294684 -0.042441566 0.263472644 0.477974061 -0.528018349 -0.529284554 0.461080558
202.876904712 -0.026578925 -0.046581749 0.270201582 0.461586571 -0.540897982 -0.532804078 0.458788650
202.916854972 -0.029851448 -0.049873269 0.272794573 0.436067591 -0.562047777 -0.535765477 0.454865592
202.956853722 -0.035531695 -0.053456335 0.274186699 0.404782543 -0.585898877 -0.535968669 0.453443695
202.996855129 -0.044237061 -0.056240670 0.272835660 0.369158478 -0.609024027 -0.534916626 0.454616274
203.036859191 -0.053383849 -0.059637911 0.270656244 0.328952651 -0.632216879 -0.534739051 0.454033169
203.076859920 -0.062185055 -0.062128125 0.269128217 0.285991350 -0.657103289 -0.532747901 0.450115417
203.116880441 -0.069813480 -0.064445823 0.268954078 0.246135730 -0.683701298 -0.527358597 0.440298363
203.156937785 -0.075654829 -0.065570597 0.270173255 0.213208258 -0.713689088 -0.514999968 0.424223004
203.196949087 -0.081016244 -0.065528581 0.272626578 0.186611882 -0.741482807 -0.498909356 0.408005768
203.236900077 -0.086725833 -0.064648577 0.274585088 0.164141375 -0.760218765 -0.489949812 0.393794642
203.276861483 -0.093505612 -0.063123812 0.274113199 0.139982941 -0.768967764 -0.494615345 0.380064488
203.316964972 -0.100373654 -0.061546508 0.273076257 0.113141013 -0.769774616 -0.517460738 0.356202944
203.356893826 -0.107368888 -0.061092685 0.274229697 0.095095369 -0.767518676 -0.538054659 0.335215061
203.396852316 -0.114604092 -0.060533624 0.275657614 0.078405754 -0.763805026 -0.559414262 0.312266079
203.436848201 -0.121591171 -0.060670958 0.278938114 0.060940128 -0.768067285 -0.571741028 0.281906268
203.476988097 -0.127756085 -0.061730144 0.284532690 0.037970666 -0.783717785 -0.570201897 0.243340213
203.516845441 -0.135671560 -0.060085953 0.291644203 0.003082593 -0.803445466 -0.560825509 0.199851519
203.556850910 -0.144138818 -0.058069874 0.298250664 -0.042355805 -0.817936029 -0.552098566 0.156121147
203.596862524 -0.152778394 -0.053562114 0.304490349 -0.088300527 -0.827947901 -0.542307627 0.112284139
203.636933201 -0.159985915 -0.047495311 0.310166816 -0.134192911 -0.835010479 -0.529229964 0.068303785
203.676861222 -0.167333793 -0.040331153 0.315363395 -0.175471542 -0.836729887 -0.517998295 0.027759698
203.716869295 -0.175392874 -0.030987001 0.322661213 0.218915982 0.833866883 0.506689762 0.002701814
203.756859555 -0.183498392 -0.024508773 0.330395825 0.256100737 0.829341344 0.496070548 0.022789460
203.796878097 -0.192114133 -0.017500853 0.336679070 0.289771775 0.821002419 0.490166764 0.041519760
203.836986222 -0.201490567 -0.009038994 0.338925181 0.321762549 0.804736796 0.494293775 0.067388535
203.876860128 -0.211532631 0.000208523 0.337537062 0.350102455 0.786463206 0.498324242 0.102843799
203.916883722 -0.220957993 0.009126245 0.334642236 0.372441737 0.769060887 0.499798582 0.141541098
203.956882160 -0.228344935 0.014856017 0.333217539 0.386669002 0.756709403 0.499127777 0.169556552
203.996893982 -0.234582945 0.018936689 0.331675732 0.397463262 0.741607882 0.505992810 0.189768232
204.036879347 -0.240358882 0.023913193 0.328441662 0.409116659 0.722813397 0.513800542 0.214879860
204.076886014 -0.244484114 0.031394112 0.327083372 0.424515626 0.708407548 0.509287612 0.242015201
204.116914660 -0.246938675 0.038445231 0.326572500 0.438515916 0.692811609 0.507341672 0.265179739
204.156987993 -0.248507904 0.041434877 0.325565477 0.444558784 0.679705770 0.509345425 0.284490409
204.196867837 -0.246431716 0.043988978 0.325171838 0.450559419 0.659218022 0.516267446 0.309670362
204.236868045 -0.241513611 0.047908305 0.326425092 0.464434507 0.637330422 0.518120322 0.331152312
204.276874191 -0.241390111 0.054877259 0.334448919 0.483783528 0.626449209 0.512489474 0.332970606
204.316868722 -0.238542079 0.056394278 0.339499351 0.500457700 0.619346300 0.507472521 0.329277834
204.356895493 -0.232502639 0.058362374 0.344637514 0.519353764 0.608041911 0.498294777 0.335050767
204.396970284 -0.224529406 0.060929402 0.348885325 0.536221710 0.591528742 0.488842756 0.351557655
204.436950493 -0.216009246 0.062894027 0.353240761 0.553370189 0.570895520 0.478027654 0.373295194
204.476865232 -0.207723249 0.065761640 0.356227421 0.565705063 0.554304034 0.466090650 0.394315008
204.516872055 -0.198309039 0.069218803 0.357525120 0.575868647 0.544906163 0.451863068 0.408989416
204.556872003 -0.193366112 0.076664195 0.358319058 0.587591074 0.539250533 0.430087342 0.423049018
204.596895076 -0.188488405 0.085618823 0.357938840 0.598590945 0.535698687 0.409524631 0.432441179
204.636875857 -0.184796142 0.096141759 0.355992938 0.609183195 0.531716236 0.385302269 0.444652494
204.676894972 -0.181587915 0.108194308 0.353242488 0.619666228 0.523845939 0.361867769 0.458967228
204.716948305 -0.178555301 0.119733898 0.348875694 0.624959766 0.511654822 0.344608634 0.478413549
204.756955336 -0.175128520 0.131158686 0.342990977 0.622880051 0.497682512 0.331693631 0.504293460
204.796948722 -0.172662402 0.141297314 0.337544203 0.615068600 0.489051311 0.321675387 0.528246512
204.836941951 -0.168788793 0.148926429 0.332992356 0.602835086 0.477869791 0.314961936 0.555904038
204.876917315 -0.164222790 0.155107544 0.332101623 0.599307494 0.466819340 0.303116176 0.575352774
204.916895857 -0.159118705 0.160624728 0.332545025 0.605080972 0.458398827 0.277399788 0.588894634
204.956945493 -0.152813600 0.167488413 0.332554242 0.616709793 0.445936080 0.232551195 0.605582352
204.996873513 -0.147563177 0.173535377 0.332766342 0.629141929 0.434811892 0.173936139 0.620375105
205.036901482 -0.147799010 0.177898557 0.332918553 0.636007684 0.410474465 0.100353236 0.645704396
205.076919034 -0.136142479 0.179516500 0.331513953 0.634180960 0.371666700 0.025514828 0.677515585
205.116927367 -0.125657951 0.181172694 0.330351884 0.627011132 0.325296604 -0.047789071 0.706226142
205.156907263 -0.119283221 0.181105375 0.329398791 0.610154278 0.281412852 -0.127281522 0.729601246
205.196960024 -0.115931223 0.180975915 0.328715031 0.594697986 0.242821754 -0.201271794 0.739500890
205.236952315 -0.112186788 0.180671423 0.327002126 0.581725187 0.210361832 -0.254937929 0.743202771
205.276888305 -0.110356660 0.179308449 0.324911726 0.573421671 0.185171552 -0.296124394 0.741086653
205.316941065 -0.111253982 0.173792653 0.321606493 0.567334752 0.163674108 -0.333695782 0.734839568
205.356909399 -0.110846695 0.169808092 0.317559174 0.564362398 0.139671335 -0.366424931 0.726443234
205.396901274 -0.111521956 0.161712770 0.314849468 0.554886412 0.109920765 -0.382360525 0.730629129
205.436962940 -0.113684479 0.154537695 0.314995159 0.534250742 0.071851660 -0.411559272 0.734869001
205.476898253 -0.120648558 0.148194451 0.316993752 0.511630120 0.030630711 -0.452599228 0.729691934
205.516878357 -0.135971327 0.143163013 0.319232010 0.499350365 -0.002919456 -0.478155500 0.722501216
205.556885440 -0.144781536 0.138595438 0.321112587 0.502682349 -0.025344353 -0.485993282 0.714477886
205.596899815 -0.145086924 0.133639233 0.321768865 0.509756918 -0.045186062 -0.494826509 0.702319607
205.636893096 -0.156122568 0.127467030 0.323098095 0.513686257 -0.075570435 -0.508227691 0.687110001
205.676934451 -0.154846302 0.122107776 0.325131087 0.516199627 -0.117826680 -0.518172760 0.671678353
205.716896169 -0.153475140 0.116840539 0.323972090 0.507397564 -0.173370414 -0.531751499 0.655538522
205.756913930 -0.154528349 0.101794940 0.320984771 0.487568919 -0.240150793 -0.557839856 0.627231090
205.796889398 -0.155103154 0.096040744 0.318508531 0.471647060 -0.289986359 -0.583566334 0.594060011
205.836912003 -0.154519489 0.092009451 0.316124485 0.459257644 -0.341852313 -0.606030357 0.552219720
205.876901378 -0.154892422 0.086327664 0.313574138 0.438218771 -0.394430419 -0.631347594 0.503774919
205.916931013 -0.155686453 0.081358766 0.309693480 0.407482267 -0.446215451 -0.650575725 0.460001304
205.956903305 -0.157778577 0.076212098 0.305959747 0.374838915 -0.488483673 -0.663634548 0.424816049
205.996994919 -0.156434540 0.075718705 0.299727297 0.349516215 -0.513212500 -0.673749965 0.400639900
206.036951325 -0.155891597 0.074427098 0.293711714 0.334730152 -0.521180738 -0.684170778 0.385015208
206.076892107 -0.155619164 0.072187034 0.287942215 0.326769245 -0.514913060 -0.696550059 0.378027006
206.116901013 -0.154261931 0.070639415 0.281967516 0.320247024 -0.509130399 -0.705229480 0.375339126
206.156923669 -0.154292200 0.065585241 0.277491158 0.310427837 -0.512273657 -0.710965604 0.368426612
206.196913305 -0.154557736 0.060522789 0.275042923 0.295644310 -0.528156556 -0.710577335 0.358782587
206.236946065 -0.153944855 0.056076207 0.274713832 0.278634840 -0.548128917 -0.705364929 0.352672132
206.276920544 -0.154558905 0.049326261 0.275267588 0.254932394 -0.566248552 -0.696800332 0.358944772
206.317164190 -0.154426904 0.043863639 0.278775742 0.229364838 -0.584800151 -0.682036512 0.374468626
206.357003617 -0.153846909 0.040526989 0.284097008 0.203831871 -0.602658491 -0.662488586 0.395429115
206.396921013 -0.153938340 0.037340608 0.289773453 0.177657290 -0.617272134 -0.644511990 0.414749676
206.436908617 -0.153768206 0.035622762 0.295721054 0.149570683 -0.630873202 -0.626240294 0.432955782
206.476899659 -0.154053028 0.034558740 0.301523057 0.120457934 -0.639907453 -0.610486436 0.450904257
206.516952054 -0.154835934 0.033537378 0.307416383 0.086998605 -0.645794551 -0.601017648 0.462772545
206.556893617 -0.155231839 0.032959412 0.312336008 0.055315956 -0.650816166 -0.592481309 0.471534051
206.596891065 -0.154508729 0.032648836 0.316341626 0.030549595 -0.659228886 -0.580470808 0.477009056
206.636904606 -0.153291166 0.033035955 0.319311691 0.009495520 -0.666533748 -0.568694527 0.481901580
206.676957940 -0.150562337 0.033723547 0.322529126 -0.012022164 -0.670065605 -0.553410229 0.494575243
206.716942002 -0.146589456 0.034472215 0.326877837 -0.040049672 -0.673746922 -0.530899764 0.512451509
206.756947367 -0.140814645 0.036803896 0.331285237 -0.076184885 -0.674187359 -0.504315295 0.534166034
206.796905075 -0.133922763 0.040293776 0.334092365 -0.118306776 -0.670440560 -0.477118051 0.555761934
206.836899033 -0.127440398 0.044311422 0.335499693 -0.164098428 -0.664160024 -0.454693163 0.570278263
206.876906377 -0.122290727 0.047718558 0.334484956 -0.203415072 -0.660537805 -0.437028269 0.575602649
206.916911481 -0.118246943 0.050843467 0.332505892 -0.230815939 -0.658976836 -0.426307404 0.575096105
206.957120127 -0.115290243 0.053067759 0.329635400 -0.241023539 -0.661937246 -0.417812758 0.573741436
206.996919138 -0.114596486 0.054790470 0.326408836 -0.235123433 -0.669275169 -0.418167848 0.567382914
207.036902731 -0.116339705 0.054971409 0.322557002 -0.218415445 -0.675353175 -0.430245882 0.557746594
207.076920544 -0.119897899 0.054095410 0.318750845 -0.194112212 -0.679526106 -0.453518852 0.543033490
207.116920440 -0.125723035 0.051792108 0.314346480 -0.166114143 -0.680184340 -0.491048393 0.518292225
207.156905440 -0.131734865 0.049001495 0.308800564 -0.132304755 -0.673001131 -0.539803497 0.488033927
207.196927054 -0.135675343 0.045991424 0.301058650 -0.085281485 -0.659714686 -0.589303974 0.458502375
207.236992783 -0.136526195 0.044473496 0.292845625 -0.025786407 -0.642167837 -0.632030183 0.433005056
207.276918565 -0.135586656 0.044652520 0.284650095 0.035185412 -0.619472322 -0.668674004 0.409745170
207.316909971 -0.133869892 0.045436458 0.276278630 0.096973586 -0.588342798 -0.700849294 0.391483260
207.356965231 -0.132375452 0.046324761 0.267440237 0.153929129 -0.551249206 -0.728619776 0.376222484
207.396931273 -0.131276071 0.047035578 0.258304317 0.204291669 -0.516256886 -0.748828457 0.361938786
207.436916221 -0.128558789 0.046614069 0.249340826 0.249253972 -0.488920180 -0.758129182 0.352235231
207.476956429 -0.125453354 0.045365446 0.240678745 0.285828046 -0.463039562 -0.763584321 0.347614264
207.516905283 -0.121906654 0.044157075 0.232195018 0.315809265 -0.439205131 -0.765664795 0.348024113
207.556956429 -0.117171471 0.042879294 0.225091484 0.341673795 -0.422504223 -0.761747690 0.352830916
207.596925231 -0.112206031 0.042239813 0.219908251 0.362731559 -0.413934873 -0.752947570 0.360768200
207.636929398 -0.108269288 0.040992903 0.216113131 0.375617581 -0.411298281 -0.743573134 0.369924522
207.676923252 -0.102787101 0.040437967 0.214551326 0.381369797 -0.416498096 -0.732437301 0.380292011
207.716932366 -0.096030484 0.037773109 0.214653692 0.385375534 -0.424389316 -0.719725078 0.391631483
207.756935544 -0.090654984 0.034640407 0.214696397 0.386815020 -0.431690143 -0.709042532 0.401592391
207.796921741 -0.082943452 0.032882505 0.215979977 0.393505567 -0.441719951 -0.693750956 0.410787615
207.836918252 -0.075663298 0.032643365 0.216500910 0.402624191 -0.449166840 -0.678582580 0.419128373
207.876964294 -0.068283119 0.033001017 0.216425688 0.411039848 -0.454222031 -0.665304565 0.426729921
207.916974814 -0.061634176 0.034191794 0.215588374 0.416701827 -0.461043957 -0.652877065 0.433069967
207.956917210 -0.054815445 0.035477920 0.214091264 0.417906701 -0.469000240 -0.642877957 0.438292936
207.996922523 -0.049909362 0.036154029 0.211368215 0.410762348 -0.476857123 -0.638495416 0.442950539
208.036922939 -0.046847500 0.036066494 0.208017377 0.395590908 -0.485532626 -0.640747877 0.444081142
208.076919606 -0.045898392 0.035393570 0.205582766 0.375829563 -0.500340115 -0.645658458 0.437649477
208.116921585 -0.046010376 0.034846319 0.204485063 0.354114741 -0.520087895 -0.651979480 0.423124200
208.156966741 -0.046079058 0.034341897 0.204351031 0.331545833 -0.542952548 -0.659137341 0.401021018
208.197086168 -0.047730470 0.033732569 0.203629392 0.304545697 -0.561557418 -0.668457062 0.380881007
208.236951845 -0.050884793 0.033125132 0.202042201 0.276516553 -0.571401752 -0.676997360 0.372442222
208.276960491 -0.055250131 0.032490469 0.200169218 0.249518599 -0.577326311 -0.683971765 0.369617943
208.316938460 -0.056591191 0.029720667 0.200149274 0.223511507 -0.605384460 -0.681847174 0.344436778
208.356987210 -0.056770400 0.029134719 0.199637465 0.211731989 -0.632263663 -0.673443118 0.319196792
208.396936168 -0.057205311 0.031692447 0.197764930 0.206458528 -0.638766027 -0.676660667 0.302461865
208.436942054 -0.058231930 0.035994827 0.195534962 0.199620668 -0.638246936 -0.685295609 0.288378858
208.476955127 -0.058397364 0.039774573 0.194178298 0.188632437 -0.647705865 -0.689524175 0.263536199
208.516956272 -0.059102914 0.043860727 0.193489792 0.176357337 -0.654787485 -0.697657587 0.231139201
208.556933772 -0.058650692 0.050591720 0.191423471 0.161043949 -0.654084293 -0.711198029 0.201086917
208.596930074 -0.057851680 0.056894052 0.188833015 0.142198045 -0.652026678 -0.724660003 0.171781277
208.636947522 -0.056694337 0.062425968 0.186543720 0.122653495 -0.649444343 -0.736196467 0.145577908
208.676958668 -0.055647851 0.066519536 0.184756102 0.102493248 -0.648881442 -0.744042547 0.121855231
208.716952783 -0.055367717 0.070538586 0.183772800 0.082438110 -0.652163614 -0.747313803 0.096998243
208.756940543 -0.054836386 0.074652024 0.182546034 0.063849474 -0.657423811 -0.747459794 0.070859250
208.796942158 -0.054423497 0.078746132 0.180113584 0.047533528 -0.662096365 -0.746864726 0.039522751
208.836949293 -0.055746643 0.084289827 0.176041826 0.030538137 -0.662832762 -0.748142982 0.001493788
208.876942106 -0.057661483 0.090157588 0.170880765 -0.013500893 0.657893490 0.752082018 0.036966476
208.916933720 -0.060368546 0.094534035 0.166340326 0.003102420 0.654472087 0.752686478 0.071552278
208.956945856 -0.064031225 0.097484091 0.162884455 0.021891799 0.651044419 0.752445050 0.097408211
208.996971376 -0.067237608 0.098933245 0.160588392 0.040539682 0.647843656 0.752315518 0.112589933
209.037006689 -0.069415034 0.098095935 0.159381963 0.055889165 0.650044066 0.748449623 0.118921300
209.076951428 -0.069631119 0.094587688 0.158472467 0.062343868 0.657990248 0.741099943 0.118037913
209.117034293 -0.068634121 0.090526773 0.157042003 0.061197930 0.664500410 0.736228197 0.112525822
209.156981793 -0.066435980 0.086715285 0.153523004 0.050795484 0.665108877 0.737424333 0.106091253
209.196955960 -0.064478287 0.082990984 0.149078196 0.038179972 0.664307188 0.739326484 0.103124192
209.236975283 -0.064179835 0.080783143 0.147680398 0.032942714 0.662931691 0.741070081 0.101249625
209.276967105 -0.067004410 0.084027932 0.148219245 0.048391754 0.658748265 0.742554895 0.111000857
209.316965647 -0.072030684 0.090763157 0.150978293 0.082940870 0.657826800 0.736901007 0.131763497
209.356943720 -0.077763148 0.099146240 0.155085890 0.125306442 0.659649452 0.723820186 0.158887489
209.396963668 -0.082892007 0.106833754 0.159000238 0.165934864 0.660330706 0.708310938 0.186345363
209.437081897 -0.085391193 0.114106841 0.161982136 0.195456886 0.656872070 0.696632446 0.212176638
209.476975335 -0.086070551 0.118626202 0.163363824 0.209642306 0.649694743 0.690586813 0.238823569
209.517257210 -0.085832696 0.122343372 0.162817149 0.212241265 0.638327495 0.685916640 0.277506788
209.557023043 -0.085346640 0.125138537 0.162496782 0.209734041 0.629450984 0.673142462 0.326622591
209.596981897 -0.085502818 0.128029511 0.163375585 0.207625403 0.617033261 0.657950610 0.378500518
209.636956220 -0.084030101 0.130831928 0.164608932 0.208315798 0.601871260 0.636650061 0.434778351
209.676945230 -0.082553591 0.131768598 0.167087302 0.217281819 0.587519537 0.612826098 0.481719398
209.716945959 -0.082223192 0.131700847 0.172075938 0.234435845 0.576081716 0.594243251 0.509945731
209.757036741 -0.081040475 0.131098172 0.177703079 0.259205723 0.563174530 0.576891236 0.531830183
209.796959553 -0.078313708 0.129380428 0.182922710 0.286804338 0.546175264 0.558503749 0.554535314
209.836981480 -0.073169114 0.127135836 0.186684137 0.314997730 0.523830421 0.535114462 0.583121456
209.876976376 -0.066331327 0.125798361 0.188570765 0.343463860 0.497849576 0.511674331 0.610219432
209.917024136 -0.060220479 0.126806623 0.189595636 0.374103397 0.474151764 0.494260318 0.625246745
209.956982105 -0.055556765 0.128247781 0.189206504 0.402030162 0.456717635 0.485070776 0.628082074
209.997005855 -0.053111490 0.129973147 0.188205131 0.429239444 0.446482882 0.475924629 0.624421559
210.036984761 -0.049846966 0.131957280 0.186604778 0.453099160 0.434660292 0.467951903 0.621926522
210.077041897 -0.046450157 0.134050093 0.184933132 0.476824209 0.421376491 0.458692477 0.620227166
210.117045959 -0.042231374 0.135216944 0.182648812 0.498814930 0.406155835 0.442954735 0.624509573
210.156954657 -0.038463446 0.136060633 0.180709248 0.516634331 0.389396085 0.416947253 0.638447057
210.196950230 -0.034241264 0.135597232 0.178617060 0.528181504 0.370330102 0.382678726 0.661390132
210.236960803 -0.029973566 0.133560438 0.176984475 0.533834527 0.349019071 0.342966864 0.689623170
210.276961376 -0.026123302 0.129486123 0.175949430 0.537374847 0.324833223 0.295808296 0.719867420
210.316957053 -0.023393417 0.125572943 0.175477176 0.540782001 0.294550903 0.250722779 0.746948914
210.356993095 -0.021950768 0.121968837 0.175976830 0.543698394 0.263027372 0.210518268 0.768694163
210.397003511 -0.021589348 0.118842247 0.177079340 0.549139427 0.232931440 0.177834806 0.782664433
210.437105386 -0.021304598 0.118867699 0.179159973 0.559179101 0.207281036 0.158208466 0.786971020
210.476971740 -0.023680544 0.117600329 0.180396486 0.569182353 0.183683093 0.152503201 0.786787610
210.516975647 -0.024242307 0.118991254 0.182223162 0.580252103 0.160062332 0.155128641 0.783340700
210.556959136 -0.025018335 0.121064060 0.183567405 0.591114035 0.140419010 0.153013831 0.779393012
210.596968667 -0.025369110 0.121996753 0.184665009 0.599606517 0.131074739 0.144383932 0.776173124
210.636955386 -0.025272965 0.122283193 0.185441548 0.606544977 0.127177968 0.136557909 0.772839500
210.676988303 -0.023781224 0.121695653 0.185326389 0.610141752 0.122098085 0.116030577 0.774180861
210.716992365 -0.020982579 0.119023675 0.184427079 0.603090961 0.115786528 0.086256669 0.784496373
210.757010438 -0.018108438 0.115322843 0.184221614 0.582894146 0.108257033 0.059875271 0.803075202
210.796961063 -0.015810105 0.112077365 0.183441971 0.549664404 0.096782357 0.036091020 0.828975064
210.836993355 -0.012726842 0.107545706 0.183384710 0.503820911 0.079369846 0.013665218 0.860045452
210.877059084 -0.010161602 0.101371453 0.183904129 0.448199251 0.060756082 -0.015586080 0.891730455
210.916975022 -0.008898904 0.094243666 0.184704533 0.383280080 0.042604715 -0.050886746 0.921244679
210.956971219 -0.009021643 0.086883213 0.186689044 0.309367416 0.024818749 -0.085809095 0.946737889
210.996990230 -0.010361654 0.079944627 0.189877666 0.234510066 0.006680053 -0.122138128 0.964387206
211.037132105 -0.012712665 0.073909860 0.193364732 0.160485541 -0.008837928 -0.158077823 0.974257504
211.076984344 -0.015355833 0.069298547 0.196394611 0.090557505 -0.015820751 -0.188419513 0.977776626
211.116965230 -0.018170478 0.065546120 0.199529850 0.025416519 -0.017859727 -0.216813323 0.975718716
211.157080490 -0.022335387 0.061328741 0.204549931 -0.044979797 -0.021320765 -0.251962177 0.966456054
211.196987209 -0.027282752 0.057267212 0.212291609 -0.116763878 -0.029990442 -0.288486469 0.949864373
211.236978198 -0.031884963 0.054256310 0.219963515 -0.181984166 -0.036723244 -0.322634553 0.928137981
211.276973146 -0.034798604 0.051841625 0.225808902 -0.240238620 -0.033366754 -0.348025578 0.905566266
211.317046428 -0.037400968 0.049153710 0.229774846 -0.289449030 -0.024962068 -0.371832669 0.881666956
211.357068459 -0.038741257 0.045486964 0.233450721 -0.327475134 -0.018752120 -0.387991500 0.861319331
211.397001115 -0.040186535 0.040925326 0.236176000 -0.349757831 -0.015844024 -0.396706549 0.848553086
211.436977053 -0.042563807 0.035952786 0.238469489 -0.360851530 -0.015294557 -0.400124418 0.842290152
211.477062209 -0.045917180 0.031116974 0.242879680 -0.371414288 -0.020500251 -0.402227237 0.836567042
211.516984917 -0.050140600 0.026481309 0.247611743 -0.381623222 -0.024731206 -0.405611401 0.830199660
211.556980021 -0.055826690 0.021240790 0.251312299 -0.387335895 -0.021494117 -0.413420230 0.823767334
211.596978250 -0.061942306 0.013995800 0.253948896 -0.386678357 -0.009149995 -0.425683758 0.818040014
211.637066584 -0.068509429 0.006562727 0.256482642 -0.382690128 0.003883828 -0.437185993 0.813880574
211.677029605 -0.074564618 -0.001229291 0.259672411 -0.375962347 0.012078725 -0.443937524 0.813280943
211.716991063 -0.080265319 -0.009310140 0.262588837 -0.365185246 0.013664037 -0.446115417 0.816966380
211.757009292 -0.090487907 -0.011743649 0.264918674 -0.359264113 0.009873736 -0.450489311 0.817246099
211.797003355 -0.097083287 -0.017569026 0.266228856 -0.354468283 0.006265940 -0.453660088 0.817621856
211.836996427 -0.106284250 -0.017671766 0.266118674 -0.348080710 0.011029882 -0.456741796 0.818599470
211.876987834 -0.112183314 -0.022705715 0.264984178 -0.340484875 0.015865284 -0.456225064 0.821995762
211.916983250 -0.115902275 -0.026950083 0.262911663 -0.326984455 0.019316707 -0.451493550 0.829976871
211.957051740 -0.116924049 -0.031644667 0.260530624 -0.314511439 0.020070965 -0.438064913 0.841890042
211.997063302 -0.114514298 -0.033969350 0.258190986 -0.311704385 0.022776164 -0.415317273 0.854302748
212.036984448 -0.110713274 -0.034216701 0.256890564 -0.325797505 0.018842541 -0.394761961 0.858873645
212.076991948 -0.106255810 -0.032644908 0.256955677 -0.347803737 0.015938320 -0.372737854 0.860142443
212.117093667 -0.101491358 -0.030420931 0.254991729 -0.346790449 0.039414760 -0.338454375 0.873860113
212.156989552 -0.093939849 -0.027974680 0.251296982 -0.345908411 0.052791240 -0.318801146 0.880866781
212.196987000 -0.093366414 -0.027518823 0.250966764 -0.358147050 0.052225492 -0.320734077 0.875290146
212.237020281 -0.093867805 -0.027788538 0.250327346 -0.369756487 0.053062987 -0.327532035 0.867863599
212.277007990 -0.092167255 -0.028281454 0.248683463 -0.377708103 0.062261486 -0.325233030 0.864686980
212.316989708 -0.088210132 -0.029787724 0.246686758 -0.387930218 0.074040050 -0.311031130 0.864458127
212.357004708 -0.082329386 -0.031447719 0.243309717 -0.400031882 0.084153434 -0.290494865 0.865162081
212.396998406 -0.076809459 -0.034914002 0.241371312 -0.413410356 0.093434921 -0.270179384 0.864502686
212.437052000 -0.071856266 -0.038098594 0.240389438 -0.426449777 0.100646839 -0.255374890 0.861855247
212.477004969 -0.069271519 -0.043848243 0.240589803 -0.438075079 0.106051914 -0.246461057 0.857962799
212.516993250 -0.067327604 -0.048332527 0.241624090 -0.452350400 0.108203268 -0.242040982 0.851520599
212.557049292 -0.064157525 -0.045790139 0.244242518 -0.471769384 0.109145011 -0.242909066 0.840545180
212.597090594 -0.064813317 -0.047297967 0.248981417 -0.493715222 0.112070923 -0.248816178 0.825697219
212.637027521 -0.065133898 -0.048698271 0.253367622 -0.509635664 0.119445285 -0.256984884 0.812381119
212.677006688 -0.058961851 -0.045648641 0.254803187 -0.524632138 0.127635846 -0.262761195 0.799641648
212.717049969 -0.054834099 -0.043891050 0.256575700 -0.538403551 0.125254915 -0.268136245 0.789009364
212.757059708 -0.054366011 -0.042825490 0.260504712 -0.552139701 0.113581049 -0.272277238 0.779811645
212.797000698 -0.052351785 -0.036872435 0.264457115 -0.566202272 0.102141313 -0.269663464 0.772181167
212.837001896 -0.048683854 -0.031833504 0.267300386 -0.578329915 0.102429693 -0.261469327 0.765948078
212.877006167 -0.046423677 -0.030380544 0.269999107 -0.591910329 0.101924083 -0.253802511 0.758180670
212.917025750 -0.044325170 -0.029127541 0.273533444 -0.610323059 0.094138323 -0.245635419 0.747199425
212.957025021 -0.042321608 -0.027813465 0.276747573 -0.626629659 0.083658221 -0.240111441 0.736670258
212.997018875 -0.039601207 -0.026462039 0.279311278 -0.641120528 0.077323385 -0.235876041 0.726187343
213.037023667 -0.036792071 -0.024411771 0.283676318 -0.662218018 0.076709053 -0.224970365 0.710613364
213.077009812 -0.034357267 -0.020068478 0.291295699 -0.692053951 0.076982000 -0.218096973 0.683790034
213.117001896 -0.031697141 -0.013310341 0.300415127 -0.730184685 0.081223963 -0.206578511 0.646187522
213.157004344 -0.028646977 -0.004168858 0.308840928 -0.771049402 0.096244741 -0.191978194 0.599469885
213.197057416 -0.025429092 0.008113492 0.317523923 -0.815186101 0.115614734 -0.176695097 0.539336348
213.237079656 -0.021137094 0.021946177 0.325895200 -0.857836421 0.131592946 -0.164279941 0.468841202
213.277003666 -0.017071607 0.033119963 0.332608224 -0.884131021 0.140806132 -0.162242126 0.414925854
213.317009239 -0.011412075 0.044296563 0.336490565 -0.906564074 0.139190834 -0.152413521 0.368154329
213.357004552 -0.005543580 0.053733171 0.337273077 -0.923893318 0.140381523 -0.138475229 0.327931055
213.397019812 0.000694131 0.062461521 0.334383457 -0.939895970 0.148123826 -0.122206617 0.282348082
213.437018458 0.008378216 0.071085831 0.327146661 -0.955796544 0.156152017 -0.104600261 0.226115677
213.477028979 0.014482341 0.077155165 0.320076282 -0.966914591 0.165000799 -0.092027824 0.171411169
213.517071166 0.021707443 0.081078371 0.310434549 -0.974557715 0.174485712 -0.079947327 0.115760193
213.557160021 0.026907288 0.084453025 0.300728267 -0.978942180 0.185039774 -0.066347026 0.055050543
213.597087364 0.031147466 0.086749496 0.291592161 0.979524853 -0.193407454 0.055719794 0.004463599
213.637154187 0.034029341 0.088400025 0.283099983 0.977956526 -0.194158817 0.048500228 0.059591237
213.677081739 0.036357548 0.093019237 0.276661342 0.974448113 -0.190582229 0.044843821 0.110083241
213.717025125 0.037906526 0.094059827 0.270660473 0.967491100 -0.190245466 0.041635353 0.161350960
213.757065437 0.038670143 0.092091668 0.268118081 0.960384429 -0.192741375 0.040924710 0.197072776
213.797047729 0.034790261 0.087786425 0.265596405 0.952818243 -0.199690416 0.042085015 0.224699765
213.837067156 0.031938573 0.084620365 0.266795967 0.946964357 -0.205934256 0.043841490 0.242749895
213.877071114 0.027588169 0.083977411 0.268216288 0.944725463 -0.205818827 0.047424487 0.250765484
213.917061635 0.023356951 0.082003351 0.270671128 0.942595217 -0.200816945 0.049344281 0.262205938
213.957044864 0.019221894 0.079544654 0.272130386 0.939816740 -0.198035773 0.051723317 0.273589157
213.997042729 0.015419411 0.074983277 0.273738142 0.936010139 -0.199518495 0.053511258 0.284980588
214.037022104 0.010840880 0.071395796 0.270207602 0.932428622 -0.202296374 0.053702383 0.294565946
214.077020229 0.005325424 0.068260553 0.264877230 0.927982006 -0.198761379 0.054433507 0.310451776
214.117055229 0.004214791 0.068479634 0.261437617 0.924455063 -0.184341421 0.057198008 0.328830451
214.157039760 0.002384843 0.068497535 0.257919562 0.925118468 -0.179012138 0.053985000 0.330448323
214.197082572 0.001620548 0.064646561 0.254754989 0.922245546 -0.184585477 0.053218660 0.335498328
214.237056114 0.002017631 0.059571331 0.248534450 0.919304739 -0.187613414 0.047310196 0.342697753
214.277064187 0.002817118 0.055034896 0.241026281 0.918456255 -0.187292035 0.040483861 0.346007021
214.317080333 0.002477817 0.050043551 0.234255931 0.916768454 -0.186373942 0.038718770 0.351142723
214.357045906 0.002708661 0.048240149 0.227539803 0.914143301 -0.176895442 0.034906641 0.363086152
214.397042468 0.003677644 0.048125106 0.222495015 0.908453290 -0.171798102 0.032018934 0.379700961
214.437029291 0.004122580 0.045258637 0.219211961 0.899839305 -0.176835576 0.033974170 0.397321231
214.477061010 0.005521277 0.042331840 0.216784443 0.892479499 -0.186952398 0.039073497 0.408659280
214.517091895 0.007137457 0.038595047 0.214627461 0.890517023 -0.191260063 0.043757839 0.410468357
214.557039603 0.008186973 0.035256127 0.212025431 0.891984438 -0.185097687 0.042686849 0.410219992
214.597028614 0.008492066 0.033639196 0.209137327 0.894884316 -0.170311454 0.041404067 0.410440950
214.637056895 0.009432196 0.032682722 0.207873727 0.896619988 -0.158336913 0.049986611 0.410491604
214.677042989 0.010630354 0.033484678 0.204938453 0.892843181 -0.150175333 0.065233345 0.419550991
214.717035176 0.013167754 0.033139250 0.200143656 0.882085468 -0.154932281 0.071986748 0.439020642
214.757066791 0.015993214 0.033829277 0.193043194 0.869861069 -0.165933377 0.069367496 0.459342994
214.797074187 0.019759676 0.032081207 0.184492538 0.856738771 -0.181025273 0.054955502 0.479800398
214.837100905 0.022734160 0.031204401 0.175382681 0.843788949 -0.188189650 0.041547842 0.500877872
214.877035385 0.024594044 0.033180922 0.167911034 0.835359015 -0.185894234 0.037047273 0.515990455
214.917039864 0.024917923 0.034616677 0.159589557 0.831448396 -0.171552263 0.030937513 0.527547397
214.957059343 0.024501988 0.036856105 0.150289006 0.827300711 -0.153021510 0.024214048 0.539973732
214.997041062 0.024230914 0.037622872 0.140234307 0.820991119 -0.135893594 0.019682803 0.554183274
215.037033197 0.024546891 0.037735155 0.130015557 0.814175667 -0.122415604 0.013723928 0.567401143
215.077095228 0.026364223 0.036830621 0.120683207 0.809940927 -0.113916076 0.003437988 0.575332080
215.117058041 0.028848754 0.040647297 0.113554280 0.807295890 -0.107146100 -0.010157786 0.580249841
215.157131843 0.031896897 0.040472534 0.106068613 0.803244165 -0.101452767 -0.021887715 0.586538214
215.197042103 0.035424190 0.040170874 0.099789713 0.797738608 -0.096230437 -0.029067951 0.594565279
215.237071530 0.038688440 0.039122364 0.095015827 0.791374649 -0.090566305 -0.037982902 0.603391422
215.277041166 0.042026108 0.037341030 0.094168449 0.785892160 -0.083817934 -0.044454675 0.611041609
215.317037468 0.045370230 0.039105829 0.100399266 0.782893830 -0.078771197 -0.045925009 0.615437440
215.357033457 0.048806398 0.038067597 0.111196305 0.781641719 -0.075872551 -0.045821334 0.617397752
215.397110436 0.051929399 0.037362142 0.128096447 0.781571400 -0.075967377 -0.040867442 0.617822755
215.437072103 0.054588715 0.037733685 0.150412317 0.781650072 -0.080506976 -0.030183886 0.617762677
215.477053822 0.056732142 0.039906890 0.176098050 0.780442372 -0.088816726 -0.015954039 0.618681471
215.517042207 0.058882082 0.041100411 0.202113951 0.777569625 -0.099198965 -0.001757003 0.620920250
215.557152259 0.060182598 0.041951838 0.227163934 0.773169373 -0.110352913 0.012009705 0.624409419
215.597039186 0.060901389 0.043515649 0.250159465 0.766808855 -0.121560691 0.027111251 0.629676232
215.637053874 0.060774040 0.048210957 0.270792198 0.759395054 -0.133531666 0.040673405 0.635479441
215.677053041 0.060378788 0.049238375 0.286934373 0.751534130 -0.146110685 0.052140590 0.641193791
215.717102728 0.059243232 0.050537049 0.298399863 0.742740851 -0.157327904 0.062218375 0.647852477
215.757059186 0.056364858 0.054825495 0.304343074 0.735145406 -0.164012233 0.069342148 0.654104644
215.797043665 0.053329147 0.057846493 0.304561899 0.730278084 -0.165050172 0.074429347 0.658720451
215.837040176 0.050214062 0.060971998 0.299764570 0.728206840 -0.160150757 0.077542581 0.661856239
215.877100905 0.046933214 0.063873064 0.290847677 0.728721513 -0.149980381 0.077863747 0.663632488
215.917051582 0.044074570 0.067225736 0.279143124 0.730728188 -0.136446190 0.077061127 0.664439865
215.957045540 0.042005253 0.069899402 0.265241394 0.732277552 -0.122767406 0.073277454 0.665828931
215.997064030 0.040998483 0.071720668 0.250071151 0.733379953 -0.111666921 0.065943125 0.667334884
216.037068040 0.040876866 0.072751068 0.233781950 0.733701218 -0.102937721 0.056633432 0.669237628
216.077075905 0.041270946 0.073476046 0.216483171 0.733176678 -0.094549739 0.047399152 0.671763073
216.117082676 0.041528891 0.073774861 0.198815488 0.732260612 -0.085410265 0.037137122 0.674626057
216.157088926 0.041820218 0.073669137 0.181119150 0.731613461 -0.076702947 0.025422445 0.676913658
216.197119447 0.041709902 0.073369494 0.164373580 0.731479518 -0.068106410 0.014755046 0.678293093
216.237067467 0.041559026 0.072643627 0.149307360 0.730906700 -0.060852298 0.005563492 0.679736303
216.277056322 0.041676730 0.071221003 0.136245008 0.730182823 -0.056678873 -0.004415762 0.680882553
216.317058405 0.042447852 0.069328363 0.125883828 0.729411354 -0.057854028 -0.013458617 0.681491639
216.357128301 0.043770947 0.067360875 0.118025209 0.727863803 -0.061716386 -0.021171883 0.682610521
216.397107103 0.045744142 0.065727606 0.112793011 0.726703807 -0.066961335 -0.027462441 0.683127785
216.437096374 0.048925985 0.063853514 0.109888543 0.725333685 -0.075598633 -0.035085228 0.683333681
216.477061321 0.054095925 0.060538941 0.109136986 0.723489290 -0.094256393 -0.049408675 0.682083398
216.517076217 0.060652723 0.055444527 0.110346354 0.722348117 -0.126841373 -0.069568848 0.676228245
216.557114134 0.067090063 0.049738780 0.112474607 0.721982904 -0.167026437 -0.089154788 0.665503027
216.597056269 0.072679095 0.043504897 0.113942189 0.717065146 -0.207517643 -0.109918213 0.656256041
216.637117155 0.077273558 0.037045072 0.114838412 0.708165286 -0.245608760 -0.130879943 0.648882660
216.677113301 0.080639327 0.030574776 0.115116220 0.699479950 -0.280838917 -0.151762921 0.639394494
216.717100905 0.082645752 0.024338942 0.114485079 0.692165591 -0.310717423 -0.173323391 0.627949424
216.757062415 0.083556751 0.018891539 0.113259868 0.688138923 -0.333595702 -0.194152569 0.614396866
216.797055071 0.083701741 0.014972223 0.111418624 0.687214426 -0.350957193 -0.213826649 0.599035512
216.837077988 0.083020282 0.012125735 0.108911029 0.684963002 -0.363313622 -0.231187294 0.587691528
216.877061842 0.082714070 0.008758535 0.107953310 0.678988603 -0.378713132 -0.241407929 0.580752144
216.917077936 0.082939526 0.003454199 0.109056927 0.666757398 -0.404392667 -0.244481309 0.576307238
216.957122623 0.082463314 -0.002555402 0.111348192 0.647645766 -0.433321158 -0.244189813 0.577199333
216.997076998 0.081293723 -0.007096894 0.114000776 0.628956326 -0.458348493 -0.243072869 0.579004473
217.037093248 0.080758803 -0.010461631 0.116920836 0.612649549 -0.477719271 -0.238135370 0.582869089
217.077109915 0.080589655 -0.014169120 0.118967546 0.600178155 -0.491867408 -0.238521568 0.583917885
217.117101738 0.079774107 -0.018293439 0.120334291 0.590540385 -0.503622110 -0.245404878 0.580864243
217.157089030 0.077684335 -0.021975319 0.121929589 0.580157276 -0.516242656 -0.254746177 0.576207810
217.197074446 0.075594233 -0.024945637 0.124034356 0.568064993 -0.530392612 -0.263877385 0.571274510
217.237075071 0.073616243 -0.027593866 0.125460341 0.554249500 -0.542592276 -0.277693680 0.566822136
217.277095071 0.071080342 -0.029856901 0.127388202 0.533071850 -0.555209708 -0.292330668 0.567555604
217.317089290 0.068269713 -0.031942143 0.130237502 0.510142294 -0.570015368 -0.302053313 0.568859487
217.357111269 0.064484083 -0.033380929 0.132926640 0.490869380 -0.588795953 -0.313382343 0.560498068
217.397127884 0.060593150 -0.033395888 0.135246302 0.481859689 -0.605499005 -0.326514071 0.542743731
217.437113821 0.056905682 -0.033097783 0.138099668 0.479169717 -0.619262778 -0.338358319 0.521942183
217.477067519 0.052780805 -0.033098537 0.140475151 0.479244666 -0.630954134 -0.350499244 0.499371316
217.517076269 0.048562198 -0.033238036 0.142343390 0.481540375 -0.642328403 -0.361538620 0.474154949
217.557070748 0.044807661 -0.034384313 0.145477343 0.491680032 -0.649162782 -0.362721277 0.453069204
217.597097415 0.042017576 -0.035210706 0.147732789 0.496940390 -0.654822779 -0.363627209 0.438215279
217.637089967 0.037297150 -0.037541685 0.151863960 0.486517696 -0.667955676 -0.368810862 0.425575250
217.677084759 0.031756149 -0.040478236 0.156181797 0.466927994 -0.682370499 -0.377905545 0.416576704
217.717097415 0.025718420 -0.042760256 0.159352170 0.448448377 -0.694533563 -0.388496298 0.406924821
217.757076738 0.019492370 -0.045049096 0.161927792 0.435739428 -0.706931291 -0.396731376 0.391131073
217.797098977 0.011433822 -0.046036378 0.161562355 0.420429546 -0.718679798 -0.412795133 0.369240467
217.837142675 0.002860777 -0.046951477 0.158323995 0.409090680 -0.729789160 -0.433841628 0.334415968
217.877101217 -0.005742568 -0.047838670 0.152375669 0.400905787 -0.739821748 -0.456428579 0.289156156
217.917080696 -0.014445196 -0.048398909 0.144793944 0.393812873 -0.748315711 -0.478117395 0.237357903
217.957116738 -0.021036536 -0.048800518 0.140633661 0.386007393 -0.758456555 -0.487907358 0.194134896
217.997114915 -0.027074356 -0.050106689 0.141041323 0.366716297 -0.766937526 -0.494807710 0.180253485
218.037123196 -0.034298063 -0.050533795 0.139038961 0.342552559 -0.771295010 -0.509314197 0.168406652
218.077128717 -0.040904513 -0.051167691 0.137259512 0.319034147 -0.777307861 -0.519160362 0.156467952
218.117092988 -0.046824612 -0.051684710 0.135216663 0.295398900 -0.781877327 -0.528755086 0.147734203
218.157079915 -0.051321594 -0.051338624 0.132004348 0.274640043 -0.784016112 -0.538782476 0.140017949
218.197082883 -0.054483283 -0.052063010 0.127821720 0.257313651 -0.784427695 -0.547727714 0.135857382
218.237168665 -0.056415401 -0.053765742 0.124415370 0.243659676 -0.785074736 -0.553569925 0.133596256
218.277160487 -0.059084705 -0.054700799 0.120348599 0.232699260 -0.783270248 -0.562296096 0.127129354
218.317112310 -0.061194431 -0.055299803 0.116271249 0.222529687 -0.782186881 -0.570078273 0.116940087
218.357078821 -0.063763988 -0.055177991 0.112650601 0.213513211 -0.781862355 -0.576543990 0.103442713
218.397084862 -0.065699002 -0.054301135 0.109436607 0.206255107 -0.780098545 -0.583523798 0.091679154
218.437100175 -0.067560301 -0.053714164 0.106805470 0.198629873 -0.776433141 -0.592112121 0.084267361
218.477091008 -0.068807161 -0.053618864 0.105088113 0.192584214 -0.773112699 -0.598555492 0.083303052
218.517082727 -0.068965259 -0.053647681 0.103541490 0.193307560 -0.769021012 -0.603240234 0.085674332
218.557188664 -0.067885406 -0.053673713 0.101788312 0.198089569 -0.765043756 -0.606390320 0.088087196
218.597211529 -0.067333344 -0.053228769 0.100335645 0.200406246 -0.764038200 -0.606922734 0.087907686
218.637084654 -0.068753300 -0.052197174 0.099768433 0.198126484 -0.765788324 -0.605902857 0.084828450
218.677093300 -0.072051214 -0.050563434 0.099932832 0.189381645 -0.770706867 -0.603293767 0.078626633
218.717178925 -0.076463571 -0.048489640 0.101186656 0.175861506 -0.775707559 -0.601293735 0.076133819
218.757093664 -0.080502929 -0.046595438 0.102735349 0.164133486 -0.777894119 -0.601745557 0.076440977
218.797091737 -0.083491304 -0.044702158 0.104061204 0.157229721 -0.778956544 -0.602554443 0.073713364
218.837128248 -0.086295941 -0.042522997 0.104039919 0.152350184 -0.780330232 -0.603055247 0.064795978
218.877212258 -0.089508820 -0.040361145 0.103534488 0.145802552 -0.782686866 -0.602806621 0.052602878
218.917132466 -0.093557996 -0.039274799 0.103888055 0.137112887 -0.782394476 -0.605542188 0.048760636
218.957116841 -0.096803400 -0.039573897 0.104962704 0.129104786 -0.783011588 -0.606609735 0.047428220
218.997117466 -0.098920141 -0.040554922 0.106368652 0.124421249 -0.784950461 -0.605305370 0.044469497
219.037149237 -0.100027933 -0.041420245 0.107597455 0.121509941 -0.787489453 -0.603082491 0.037245186
219.077106737 -0.100500575 -0.041589890 0.108727450 0.120470637 -0.791123936 -0.598995870 0.028525269
219.117113195 -0.100751553 -0.041624289 0.109915299 0.121274333 -0.796054970 -0.592695089 0.017365276
219.157113195 -0.101047248 -0.041326173 0.111429209 0.118810422 -0.798257364 -0.590464539 0.004570882
219.197240695 -0.101796475 -0.040355110 0.112740879 -0.109634385 0.796579285 0.594237617 0.017983290
219.237107310 -0.102848849 -0.039005552 0.114438623 -0.095451026 0.793723753 0.598659907 0.049980219
219.277106216 -0.105259109 -0.037480899 0.117792846 -0.071146217 0.792752837 0.598872825 0.088501383
219.317101581 -0.108289428 -0.035924161 0.122999326 -0.036787135 0.794694948 0.593340877 0.122691692
219.357172258 -0.111269614 -0.033587626 0.128978049 0.002658230 0.796343291 0.586703266 0.147001952
219.397103195 -0.113414776 -0.030709566 0.134935183 0.043104366 0.796108791 0.579208905 0.169911307
219.437121945 -0.115462606 -0.027085317 0.140884971 0.088810085 0.795005547 0.567672178 0.194492282
219.477137154 -0.117811151 -0.022022385 0.146568416 0.141246296 0.791996491 0.551343455 0.220933104
219.517608299 -0.119239931 -0.015393247 0.151816088 0.198653302 0.786532124 0.529637800 0.247765787
219.557149549 -0.119343506 -0.008368020 0.156446073 0.252235259 0.780410638 0.504178199 0.270445843
219.597114185 -0.117979038 -0.001509453 0.160059883 0.298650754 0.773962341 0.476247528 0.291510401
219.637107310 -0.115894340 0.005529563 0.163100315 0.340443314 0.767291704 0.442809457 0.315089791
219.677160487 -0.113430988 0.013010424 0.165032093 0.380060824 0.756628835 0.405352668 0.344609621
219.717107674 -0.110901090 0.021330268 0.166456125 0.420730662 0.739510038 0.363005787 0.379917638
219.757232466 -0.108058236 0.029025361 0.166822900 0.458173151 0.715343350 0.323144249 0.417060007
219.797130279 -0.105045249 0.037166440 0.167355086 0.491957942 0.686100680 0.281552443 0.456038882
219.837129549 -0.101215243 0.044944887 0.167716190 0.522156907 0.652861915 0.232499578 0.497058780
219.877124914 -0.097271302 0.051937263 0.168367565 0.549076940 0.616696162 0.183419931 0.533439300
219.917117622 -0.094324274 0.056159335 0.170659040 0.572582737 0.584889679 0.146281744 0.555567030
219.957130956 -0.094404667 0.060620965 0.174278977 0.591421479 0.556383126 0.118930031 0.571414123
219.997118403 -0.093956039 0.064722227 0.176151414 0.612064553 0.518742790 0.083915829 0.590966187
220.037121633 -0.091758052 0.067678913 0.175647846 0.630983805 0.464439872 0.043815387 0.619867127
220.077114862 -0.089080540 0.068826253 0.174332421 0.644690338 0.400151549 0.011546266 0.651244800
220.117172310 -0.085241798 0.071393238 0.172600995 0.654546962 0.334472153 -0.019322250 0.677733948
220.157170122 -0.083643149 0.071378111 0.171782686 0.661002397 0.266624918 -0.049699385 0.699654883
220.197191893 -0.082049368 0.069968798 0.172065836 0.665018705 0.201560028 -0.078562300 0.714808815
220.237123924 -0.080857432 0.067361319 0.174307488 0.669878391 0.140599775 -0.101043751 0.722000557
220.277139289 -0.078122513 0.063995407 0.177389795 0.671981721 0.076249815 -0.121850900 0.726483923
220.317115487 -0.075053704 0.060112535 0.180567180 0.668861096 0.012317049 -0.141805161 0.729633073
220.357119757 -0.072897313 0.056097933 0.183857405 0.657933292 -0.036890572 -0.148296986 0.737408213
220.397146112 -0.070634874 0.051199783 0.188867751 0.641566114 -0.068633550 -0.140158508 0.751024600
220.437176841 -0.067927836 0.045068693 0.194410442 0.625486391 -0.096715929 -0.140213312 0.761415150
220.477188924 -0.064669100 0.038361884 0.199902466 0.615071543 -0.130920540 -0.156021124 0.761711375
220.517254966 -0.062534166 0.031317812 0.204718647 0.611479604 -0.160581572 -0.168154229 0.756326919
220.557129601 -0.061313319 0.026062240 0.208929135 0.611466131 -0.179606131 -0.170881195 0.751432250
220.597213664 -0.060628320 0.021600730 0.211955865 0.610523950 -0.193033267 -0.173695482 0.748216909
220.637199549 -0.060163765 0.017412392 0.213919879 0.605896689 -0.205363444 -0.179113890 0.747417737
220.677133664 -0.060048176 0.013777579 0.215195456 0.598888712 -0.216291875 -0.183160280 0.749000967
220.717125018 -0.061811301 0.013491273 0.217017306 0.593184893 -0.223877930 -0.183864825 0.751135195
220.757180382 -0.061733079 0.020884777 0.219690593 0.591150611 -0.223361743 -0.180202335 0.753775567
220.797222778 -0.066798988 0.028773572 0.217094978 0.594570594 -0.211609309 -0.173922603 0.755948568
220.837136372 -0.068237848 0.033682801 0.213430289 0.598083101 -0.198454149 -0.175344986 0.756417008
220.877124705 -0.068942057 0.035976855 0.210397983 0.600234684 -0.188196888 -0.183156976 0.755482480
220.917177309 -0.069098326 0.036585294 0.209355368 0.602372297 -0.181104770 -0.192162432 0.753274371
220.957247726 -0.068351133 0.037079097 0.209570853 0.605364655 -0.179619758 -0.202388449 0.748538104
220.997131580 -0.067419168 0.037499916 0.211203162 0.609527869 -0.182316083 -0.210156810 0.742341389
221.037139132 -0.065977627 0.038909434 0.214548324 0.616559115 -0.192228716 -0.215405727 0.732463891
221.077167882 -0.063428163 0.040915867 0.219667355 0.625811042 -0.210747501 -0.219452030 0.718183011
221.117152413 -0.060392337 0.042906345 0.226190532 0.634570626 -0.236077123 -0.222623773 0.701445912
221.157258976 -0.057526665 0.043899496 0.231963421 0.637725684 -0.263692461 -0.229611738 0.686331325
221.197132934 -0.054735722 0.044531458 0.237399113 0.641498795 -0.292136794 -0.240527908 0.667294325
221.237230174 -0.052918719 0.045656911 0.240079888 0.645900878 -0.316289543 -0.260049758 0.644319102
221.277219809 -0.051508322 0.046391520 0.239428446 0.646169636 -0.333609527 -0.288006208 0.623074562
221.317145122 -0.048222569 0.045182540 0.238432143 0.636328813 -0.346231175 -0.311937830 0.614739299
221.357248507 -0.043421786 0.041179632 0.238149217 0.608923894 -0.362463156 -0.326125332 0.625679167
221.397162726 -0.038295072 0.035955963 0.237490564 0.574306834 -0.381646520 -0.340807186 0.639036819
221.437278715 -0.034537337 0.029999684 0.235638350 0.536326218 -0.404574080 -0.364035184 0.645098741
221.477137101 -0.032366747 0.023833971 0.233430026 0.499340333 -0.431649884 -0.389964515 0.642078879
221.517130590 -0.032184748 0.017625467 0.231489497 0.463465506 -0.460699908 -0.413288410 0.634151409
221.557146163 -0.033763435 0.011957336 0.229595736 0.431336622 -0.488354406 -0.430438524 0.624644994
221.597164028 -0.037061706 0.006184852 0.227827743 0.401360792 -0.511254053 -0.444280045 0.616558229
221.637179028 -0.040997028 0.000715406 0.225727349 0.377654105 -0.528588844 -0.453937105 0.609846141
221.677185538 -0.044780678 -0.003869137 0.223301031 0.363988506 -0.540184465 -0.459810849 0.603562006
221.717156059 -0.046716479 -0.007532108 0.220632487 0.364395908 -0.547697073 -0.460759508 0.595771949
221.757259340 -0.047477984 -0.009345382 0.216641706 0.373101652 -0.546281623 -0.461994650 0.590705078
221.797146580 -0.046961685 -0.010726310 0.212063123 0.383444563 -0.539394806 -0.464150914 0.588716773
221.837141840 -0.045528566 -0.012101394 0.208750921 0.397137773 -0.535266974 -0.463078099 0.584234139
221.877170903 -0.044135656 -0.013260232 0.205960691 0.411951397 -0.534941202 -0.461109590 0.575770703
221.917150694 -0.042536138 -0.013951073 0.204219806 0.422918374 -0.536012207 -0.458704428 0.568701337
221.957143611 -0.041729506 -0.013715212 0.202387221 0.425181343 -0.535046703 -0.457659113 0.568765318
221.997258715 -0.041256051 -0.011824638 0.199189799 0.429356263 -0.530532957 -0.457047456 0.570346915
222.037213715 -0.040433591 -0.009162958 0.193996259 0.440083450 -0.524695834 -0.458934810 0.566038584
222.077187257 -0.039171661 -0.006994707 0.187421155 0.455975477 -0.520000491 -0.462507360 0.554772743
222.117182778 -0.036800903 -0.004657453 0.181505307 0.477057912 -0.515744900 -0.460664857 0.542412054
222.157168298 -0.033605311 -0.003000451 0.176030845 0.497104599 -0.509137190 -0.454665265 0.535673255
222.197173246 -0.030269615 -0.002600179 0.170919926 0.507296198 -0.505065083 -0.442914296 0.539802516
222.237150642 -0.026104208 -0.002827578 0.163327758 0.512326852 -0.501700234 -0.426601546 0.551207033
222.277148819 -0.021764994 -0.002723500 0.153649794 0.521878669 -0.500138452 -0.410315200 0.556008652
222.317218298 -0.018418018 -0.002327832 0.142079200 0.536631063 -0.500102283 -0.400894672 0.548824445
222.357166736 -0.016215459 -0.002207185 0.128424380 0.551252899 -0.497198539 -0.400406037 0.537204672
222.397226632 -0.014610110 -0.002464312 0.114524315 0.561551242 -0.490375527 -0.406295095 0.528314623
222.437164705 -0.013771935 -0.002996036 0.100782506 0.567428565 -0.481594942 -0.416868326 0.521835160
222.477162517 -0.013571216 -0.002626416 0.087546002 0.576258058 -0.471335004 -0.430493653 0.510338299
222.517158038 -0.013754613 -0.002212698 0.077071657 0.583818811 -0.461333786 -0.442034352 0.500931498
222.557157465 -0.014387969 -0.001510626 0.068650474 0.589176295 -0.454456336 -0.454102298 0.490032484
222.597156527 -0.014353163 -0.001429675 0.065307640 0.593702415 -0.458238904 -0.458810926 0.476473592
222.637178090 -0.013878494 -0.002582707 0.066045330 0.593938928 -0.469772002 -0.457059433 0.466527053
222.677235173 -0.012626779 -0.004550346 0.071418814 0.588507909 -0.485689918 -0.449873377 0.464088018
222.717281684 -0.011103302 -0.007005543 0.080581856 0.579055501 -0.503917641 -0.437392755 0.468454177
222.757274965 -0.010077236 -0.009011258 0.092344713 0.569409000 -0.522797278 -0.427569325 0.468658585
222.797165329 -0.010105201 -0.010495123 0.104693137 0.561241844 -0.536348576 -0.424757671 0.465745336
222.837183819 -0.009535627 -0.011246086 0.119035134 0.556003210 -0.542895209 -0.424867007 0.464341737
222.877189444 -0.010150126 -0.012514471 0.134751004 0.549756228 -0.545030933 -0.427623868 0.466741041
222.917209079 -0.008887564 -0.013921851 0.151552664 0.542825897 -0.548119121 -0.432878684 0.466392024
222.957184548 -0.007922386 -0.016755229 0.167918814 0.536604398 -0.551599863 -0.440217867 0.462603005
222.997295902 -0.005201238 -0.020079825 0.182848755 0.532663680 -0.552699939 -0.448671892 0.457696094
223.037239392 -0.001875980 -0.023227586 0.195800362 0.533546060 -0.551046176 -0.453203199 0.454184516
223.077165069 0.001907878 -0.025711428 0.206169875 0.538059913 -0.549674839 -0.453660024 0.450046314
223.117188090 0.005490125 -0.028563043 0.212791011 0.540616188 -0.550207671 -0.457386097 0.442497021
223.157168298 0.007833754 -0.031856552 0.215461444 0.536225823 -0.553314302 -0.465988149 0.434925506
223.197173194 0.009824193 -0.035801905 0.214950339 0.527345106 -0.561675976 -0.471904983 0.428640787
223.237166996 0.010520860 -0.040337503 0.211474182 0.513460819 -0.575955332 -0.471967926 0.426473585
223.277206788 0.011453317 -0.044804203 0.204543028 0.492747267 -0.593647659 -0.472027641 0.426582341
223.317170746 0.012254389 -0.047535596 0.196221416 0.474064960 -0.613035654 -0.471911379 0.420415688
223.357169444 0.015845970 -0.048908362 0.188478083 0.463705923 -0.631658186 -0.466022338 0.410862427
223.397169704 0.020125615 -0.049306030 0.184021577 0.460951717 -0.649468578 -0.452261347 0.401464512
223.437187100 0.026271686 -0.048533387 0.183430989 0.466275437 -0.666610191 -0.428035743 0.393704804
223.477195225 0.031296903 -0.048047663 0.185404967 0.475016988 -0.682451008 -0.401272318 0.384187466
223.517184860 0.033859249 -0.048605030 0.189765037 0.483365998 -0.700989103 -0.375524049 0.365996282
223.557173663 0.033222768 -0.050380959 0.195452469 0.488628149 -0.720002678 -0.353401767 0.343432479
223.597232152 0.030495818 -0.053044334 0.203213909 0.486520190 -0.741452788 -0.333232189 0.320159612
223.637238975 0.025603350 -0.055841329 0.213378953 0.483193414 -0.764867838 -0.305497530 0.296938671
223.677190746 0.018609412 -0.058608695 0.224455749 0.474853536 -0.787721947 -0.278425156 0.276564072
223.717176944 0.010412974 -0.061564670 0.235467283 0.455527055 -0.810933299 -0.259353720 0.260034489
223.757212725 0.002037749 -0.063738686 0.246292279 0.439865698 -0.831624704 -0.240119145 0.239293367
223.797171006 -0.006796967 -0.065532958 0.256059827 0.425548377 -0.850715462 -0.218790991 0.217536854
223.837183194 -0.014200317 -0.066212272 0.264655313 0.418116493 -0.863680619 -0.199806040 0.198272372
223.877271892 -0.020439301 -0.065551789 0.272869403 0.416573063 -0.872171585 -0.179971922 0.182739476
223.917190277 -0.025652368 -0.063684959 0.280798443 0.420371796 -0.876650033 -0.158393668 0.172289637
223.957325850 -0.028655042 -0.061092369 0.288474242 0.431605193 -0.876114124 -0.135049595 0.167040735
223.997404496 -0.031797400 -0.058329208 0.295303153 0.435960423 -0.878720699 -0.113653591 0.157706382
224.037328871 -0.034378258 -0.055720163 0.299502872 0.431686144 -0.883349136 -0.097219708 0.154562947
224.077316891 -0.035789638 -0.053675813 0.300332229 0.426902384 -0.884945067 -0.088890429 0.163478058
224.117200641 -0.035912668 -0.051923305 0.296718744 0.426487563 -0.881548168 -0.095335317 0.178584332
224.157192256 -0.036365496 -0.050946289 0.289304901 0.418258606 -0.878500455 -0.122086707 0.195937556
224.197174964 -0.034732859 -0.051082840 0.278276141 0.410363728 -0.869071426 -0.165791062 0.220974639
224.237266110 -0.032627933 -0.052531959 0.263906955 0.401239296 -0.853581248 -0.223818734 0.245583499
224.277185381 -0.029968432 -0.054288170 0.246684120 0.391044565 -0.832531121 -0.289630931 0.264745170
224.317357308 -0.028241219 -0.054726801 0.228622805 0.374412648 -0.809825092 -0.353589274 0.281021556
224.357299808 -0.026913047 -0.053415422 0.212076816 0.357525767 -0.787354949 -0.405599931 0.296202980
224.397213037 -0.024297343 -0.050920394 0.197432020 0.348889550 -0.764990925 -0.444247427 0.309369019
224.437199704 -0.020208455 -0.047644697 0.184686790 0.357975690 -0.740566845 -0.471290929 0.318275058
224.477227985 -0.016203285 -0.044075663 0.173468933 0.376179279 -0.711804597 -0.494438958 0.327648413
224.517236423 -0.012224117 -0.040249214 0.163593555 0.392429572 -0.681072267 -0.516016094 0.340392403
224.557231631 -0.008508057 -0.036122576 0.153907702 0.408982590 -0.647569119 -0.536003064 0.355088991
224.597219391 -0.005700165 -0.031781727 0.144671709 0.421440047 -0.616253574 -0.553400270 0.369280327
224.637236162 -0.003739149 -0.027170855 0.136284297 0.428508090 -0.587705393 -0.570506983 0.381451138
224.677190850 -0.003280609 -0.022007193 0.130817107 0.426820107 -0.569884670 -0.580882702 0.394501389
224.717244808 -0.001297980 -0.017147516 0.128317458 0.431586179 -0.557078801 -0.578849933 0.410279581
224.757273402 -0.003218339 -0.012999284 0.126783476 0.431271304 -0.554425093 -0.573962375 0.420933570
224.797187412 -0.006078499 -0.009447645 0.127077260 0.427471505 -0.550523708 -0.573730420 0.430145514
224.837217985 -0.009922838 -0.006050350 0.126937683 0.411376882 -0.531059375 -0.594058755 0.442537225
224.877221110 -0.014074526 -0.001779811 0.126943042 0.394495124 -0.499982141 -0.622959092 0.454217377
224.917228714 -0.019332239 0.002504521 0.128121226 0.373414325 -0.468253796 -0.649807201 0.468028553
224.957197985 -0.025136694 0.007185246 0.129201214 0.348827225 -0.436708461 -0.677497673 0.478123614
224.997208193 -0.030210517 0.011506096 0.129443233 0.323461200 -0.401570664 -0.704738040 0.487296777
225.037219808 -0.035053867 0.015551323 0.128776909 0.297947389 -0.362362863 -0.729667347 0.497499820
225.077196839 -0.040075573 0.019426262 0.127863409 0.269532617 -0.322614366 -0.750614500 0.509754855
225.117195954 -0.044574923 0.022946409 0.127126784 0.237523623 -0.284055776 -0.768439705 0.521914998
225.157265381 -0.047453273 0.025558455 0.126096300 0.211366714 -0.245133911 -0.779884462 0.535736599
225.197308714 -0.049279102 0.026813607 0.125301775 0.185832751 -0.213490534 -0.785146009 0.550848187
225.237411110 -0.050639560 0.027568655 0.124506740 0.163413455 -0.185630547 -0.788573398 0.563018062
225.277224443 -0.051842006 0.027715482 0.123573067 0.143532497 -0.160301057 -0.791219189 0.572428326
225.317234287 -0.052788504 0.027317701 0.122654767 0.126036870 -0.143923961 -0.793242785 0.578071350
225.357227204 -0.053565980 0.026521851 0.121852010 0.110573063 -0.129731729 -0.797005393 0.579418398
225.397207151 -0.053751895 0.025974214 0.121306091 0.099456066 -0.121764235 -0.800319142 0.578594186
225.437221110 -0.052519757 0.024884715 0.120423968 0.099227883 -0.126615224 -0.801248304 0.576301629
225.477267568 -0.048603249 0.022220650 0.119579342 0.109723467 -0.143200548 -0.798216981 0.574720814
225.517210328 -0.043694119 0.018362567 0.118855709 0.129755754 -0.170499097 -0.791306696 0.572649295
225.557218245 -0.037406233 0.013380185 0.118638904 0.156532072 -0.209443672 -0.781658915 0.566251181
225.597196162 -0.030533413 0.009088937 0.118151133 0.186753840 -0.254640629 -0.770371402 0.553903472
225.637221683 -0.023492947 0.003308503 0.119903050 0.215007490 -0.305628711 -0.755779051 0.537736828
225.677223922 -0.017700982 -0.003028624 0.123269917 0.239963979 -0.358591186 -0.737891884 0.518984794
225.717199495 -0.012456848 -0.010430273 0.128945264 0.260119026 -0.412844861 -0.717059619 0.497717506
225.757252047 -0.008268193 -0.018016662 0.135306687 0.276122367 -0.467637256 -0.692356493 0.475094014
225.797223610 -0.004945958 -0.025470097 0.142604409 0.288821232 -0.519830662 -0.664235261 0.452934760
225.837262047 -0.001851706 -0.032106397 0.150892978 0.299039423 -0.564946387 -0.633856163 0.435473728
225.877197360 0.001071580 -0.037100617 0.159510551 0.306248729 -0.602841513 -0.602730273 0.423686258
225.917282203 0.004509035 -0.039729754 0.166660590 0.315739200 -0.630976891 -0.574447361 0.414954395
225.957364339 0.007749154 -0.040806903 0.171996963 0.320346279 -0.647297597 -0.554165025 0.413866172
225.997208610 0.010052311 -0.040615163 0.176200584 0.317959965 -0.653766674 -0.546344871 0.415930137
226.037208453 0.009809398 -0.039897730 0.179625588 0.307654962 -0.654362155 -0.552548456 0.414546497
226.077208922 0.005183429 -0.040591915 0.183065618 0.288966627 -0.655409486 -0.568441443 0.404735740
226.117367047 -0.001704672 -0.038908745 0.187356542 0.260628807 -0.657059669 -0.595662491 0.381485797
226.157265849 -0.011950503 -0.035632365 0.192490784 0.226380722 -0.656851260 -0.623957690 0.357735926
226.197339234 -0.023188280 -0.030166277 0.196627914 0.180541008 -0.655290344 -0.654234308 0.331627773
226.237223505 -0.033425691 -0.020907654 0.196836776 0.132446411 -0.647991465 -0.691388600 0.290769347
226.277311734 -0.043194283 -0.008211745 0.193571098 0.090330681 -0.632712375 -0.731791693 0.236635453
226.317226734 -0.053417169 0.008202132 0.187884874 0.046400329 -0.615499221 -0.769157884 0.165541136
226.357210536 -0.060733552 0.020254403 0.185028872 -0.008224100 -0.609411885 -0.785739371 0.105655854
226.397206318 -0.065853856 0.025093580 0.182982587 -0.047912585 -0.587781899 -0.803062259 0.085485852
226.437324651 -0.068002677 0.024642964 0.182572771 -0.081312713 -0.584700773 -0.803773757 0.073898555
226.477364078 -0.069007345 0.021340679 0.186774646 -0.121040456 -0.598114464 -0.790271107 0.055496611
226.517223193 -0.070684368 0.019804004 0.191172115 -0.157727604 -0.616151354 -0.771500261 0.016335814
226.557229651 -0.073667458 0.020353480 0.196180091 0.194183457 0.642765675 0.740455151 0.029516803
226.597277151 -0.078824257 0.024230830 0.200564071 0.231093859 0.666646109 0.704012203 0.080903715
226.637252359 -0.085537668 0.029663950 0.203474044 0.261956786 0.683848598 0.670824958 0.117147827
226.677249599 -0.090297827 0.036744025 0.202379505 0.282313603 0.690332411 0.647488504 0.156521017
226.717212307 -0.093632541 0.041674087 0.197947713 0.290091026 0.690586467 0.634237646 0.191520588
226.757408401 -0.096746519 0.045760542 0.193935525 0.299922439 0.684001734 0.631192559 0.209246531
226.797232932 -0.098432227 0.049121671 0.190379496 0.304035002 0.674751472 0.633572377 0.225519867
226.837230640 -0.098969468 0.049276046 0.186474575 0.300049388 0.670259568 0.635547380 0.238331710
226.877218661 -0.097129393 0.048631406 0.182983075 0.293282898 0.662724862 0.645279429 0.241651313
226.917343192 -0.093826987 0.046210054 0.182583485 0.287920822 0.656669500 0.656388143 0.234608979
226.957246057 -0.090314574 0.043172706 0.183975507 0.282799787 0.654858925 0.662440527 0.228815682
226.997293401 -0.086493531 0.040032173 0.184719752 0.278363021 0.656703098 0.659809355 0.236445945
227.037223713 -0.083892685 0.041892300 0.186071366 0.280307973 0.656850712 0.649405440 0.261241568
227.077223817 -0.089196340 0.042520059 0.184305968 0.293664302 0.653970785 0.625231438 0.308494957
227.117346213 -0.085071291 0.043746450 0.184567842 0.317174232 0.645354693 0.591400289 0.364915777
227.157226942 -0.080186721 0.045210004 0.185475436 0.340617813 0.632336175 0.563061006 0.408769826
227.197226265 -0.076114586 0.044602623 0.186365308 0.355844802 0.618603593 0.550395923 0.433322513
227.237230640 -0.073571473 0.042956604 0.187856214 0.361133618 0.609620100 0.553000436 0.438333619
227.277227463 -0.072245381 0.040386435 0.189584014 0.360996144 0.607954436 0.558973798 0.433152952
227.317235276 -0.070231155 0.038938456 0.190206361 0.361356381 0.603613850 0.557972301 0.440157696
227.357236109 -0.068035318 0.039056128 0.190603533 0.361806670 0.599300174 0.556042467 0.448053579
227.397238817 -0.068950151 0.037414794 0.192730985 0.351982664 0.609366656 0.572116542 0.421263749
227.437326734 -0.073053878 0.030364968 0.196931172 0.323727839 0.639178164 0.606556445 0.344587928
227.477235640 -0.076870064 0.017952182 0.200888734 0.274629220 0.675048457 0.644490969 0.231343389
227.517228349 -0.076846376 0.001717210 0.202319165 0.204066193 0.706679574 0.667773456 0.114190980
227.557229494 -0.071328043 -0.011243678 0.199076769 0.118299498 0.731108735 0.671283145 0.029397047
227.597239078 -0.063571174 -0.020022511 0.193534421 -0.031075231 -0.749342407 -0.661041381 0.023336248
227.637294026 -0.055781303 -0.025325084 0.187072892 0.051406499 -0.763668703 -0.641041981 0.056856508
227.677285692 -0.049387207 -0.025998129 0.182014589 0.113856254 -0.760807612 -0.633172337 0.085447777
227.717338401 -0.045124036 -0.025396610 0.178474288 0.156063562 -0.749167384 -0.631048897 0.127160077
227.757257255 -0.041731453 -0.023088337 0.173816853 0.185378225 -0.727632110 -0.639558826 0.164775407
227.797236473 -0.037511970 -0.021813985 0.168659640 0.218974251 -0.699345403 -0.651202356 0.197235331
227.837253505 -0.031098978 -0.022222918 0.164023577 0.265434205 -0.672005416 -0.654504075 0.222660773
227.877244390 -0.024497114 -0.022756674 0.160927022 0.309909313 -0.655237177 -0.649304119 0.230270755
227.917238921 -0.021009892 -0.022762459 0.160041403 0.343092899 -0.639897666 -0.647244502 0.232148218
227.957241005 -0.018427388 -0.023620533 0.159979936 0.361023202 -0.627124759 -0.648142345 0.237251521
227.997333140 -0.015919319 -0.024145504 0.159592587 0.384317239 -0.615803228 -0.638200977 0.256488122
228.037343244 -0.011321511 -0.020746518 0.160754760 0.407172178 -0.602947081 -0.627718390 0.276830740
228.077311369 -0.003254244 -0.016839628 0.162383717 0.433356896 -0.587411298 -0.616147625 0.295824055
228.117264077 0.008859600 -0.015582862 0.162874265 0.467699352 -0.566387279 -0.600539057 0.315936082
228.157294234 0.019071677 -0.013421494 0.162717295 0.495228775 -0.544801171 -0.586544184 0.337499725
228.197238817 0.025659100 -0.013871102 0.163316354 0.512936703 -0.533823801 -0.572010744 0.353173891
228.237270275 0.028608517 -0.014489050 0.165302754 0.521353739 -0.529853198 -0.555410767 0.372779757
228.277262932 0.030270021 -0.014335450 0.166493472 0.527421218 -0.519732607 -0.538147252 0.402619437
228.317282307 0.031370487 -0.010964255 0.168244458 0.537367856 -0.503346918 -0.514769595 0.439192362
228.357291577 0.033012563 -0.009308066 0.171558278 0.548037220 -0.489435829 -0.485058607 0.474158120
228.397247879 0.033024513 -0.008001848 0.176667198 0.551142735 -0.481878607 -0.450442969 0.511014506
228.437263400 0.031706000 -0.004736953 0.180325035 0.548922253 -0.472198893 -0.419178819 0.547724094
228.477311421 0.030429447 -0.003126414 0.182860189 0.540863191 -0.463346273 -0.393424114 0.581373122
228.517317671 0.029756914 -0.001562326 0.185180150 0.534513948 -0.460956256 -0.370070746 0.604037923
228.557249650 0.028724936 -0.001330505 0.186680910 0.529891418 -0.458924127 -0.349416359 0.621700844
228.597246525 0.027902030 -0.002748121 0.188221971 0.526920654 -0.458008087 -0.329995429 0.635363072
228.637306369 0.025860266 -0.006672287 0.189249710 0.520077798 -0.450368385 -0.308333453 0.656976318
228.677273036 0.021894465 -0.011843592 0.186741008 0.505851118 -0.429862198 -0.281810792 0.692759565
228.717254129 0.020319438 -0.016580891 0.184555926 0.493571989 -0.405315824 -0.246998481 0.728764382
228.757245275 0.021968214 -0.018634376 0.182187786 0.488978051 -0.378626516 -0.211606247 0.756812541
228.797251004 0.024900039 -0.016297144 0.178995201 0.500288942 -0.350682032 -0.184983468 0.769749442
228.837270119 0.027092224 -0.011700088 0.175440274 0.516107918 -0.318659477 -0.162883931 0.778175803
228.877271733 0.028608146 -0.005896068 0.171771387 0.531965694 -0.284791261 -0.141101102 0.784854710
228.917331369 0.029027430 0.000173651 0.168586652 0.546351324 -0.250310414 -0.115663672 0.790864617
228.957260900 0.029568754 0.005485139 0.165838601 0.557693324 -0.219399593 -0.087724924 0.795704916
228.997322410 0.029836401 0.009178614 0.163594924 0.566731592 -0.195753147 -0.068873165 0.797340890
229.037297202 0.030144462 0.011562564 0.161986784 0.575664859 -0.185155768 -0.063073428 0.793945246
229.077247515 0.031135324 0.012395043 0.160227654 0.581275026 -0.179175064 -0.065720449 0.791009775
229.117284650 0.032469593 0.011075842 0.158574980 0.579159037 -0.178601167 -0.074200975 0.791941063
229.157272515 0.034218428 0.007400999 0.157416620 0.565727231 -0.186426707 -0.089878885 0.798197701
229.197291681 0.035259814 0.001624718 0.157603678 0.544119562 -0.206241701 -0.113416059 0.805316746
229.237274910 0.036220370 -0.005682459 0.158812329 0.511118924 -0.230191319 -0.137184089 0.816670024
229.277279129 0.036497296 -0.013446697 0.161843067 0.463929590 -0.256242153 -0.152600712 0.834159647
229.317299181 0.036268589 -0.020333976 0.165906604 0.403261162 -0.278760847 -0.160332706 0.856718302
229.357281369 0.036043039 -0.025616482 0.170020730 0.328167677 -0.292741544 -0.156876392 0.884306600
229.397263556 0.035460887 -0.029030366 0.173041184 0.239546086 -0.286883218 -0.144007276 0.916284670
229.437271160 0.034824248 -0.030981170 0.173955682 0.145593932 -0.261565022 -0.127956785 0.945522716
229.477264442 0.035148340 -0.031036514 0.173314133 0.063430307 -0.225716666 -0.107371641 0.966177993
229.517268869 0.036746058 -0.029822261 0.169922890 0.019078504 -0.196424789 -0.093952413 0.975820812
229.557318712 0.038967075 -0.027558281 0.164137277 0.018411029 -0.184113885 -0.093061004 0.978316289
229.597274650 0.041878718 -0.026778731 0.157121363 0.040870777 -0.179446696 -0.100918905 0.977723804
229.637286733 0.043964517 -0.026443088 0.149767044 0.065776583 -0.173516036 -0.112006933 0.976227470
229.677268191 0.046134311 -0.025821823 0.142462021 0.097650447 -0.160152271 -0.118999694 0.975015237
229.717324910 0.048252659 -0.023436065 0.134639195 0.147725872 -0.143477382 -0.127888019 0.970173161
229.757287775 0.050610410 -0.018384835 0.127735038 0.221530270 -0.133403994 -0.143504739 0.955266509
229.797316004 0.052683694 -0.010256754 0.122360683 0.314188388 -0.130125246 -0.166415703 0.925558691
229.837275535 0.054530481 -0.000659968 0.118317087 0.413194806 -0.128529485 -0.192367903 0.880763767
229.877301889 0.055247925 0.007602622 0.115733890 0.505291427 -0.127765961 -0.220848570 0.824367844
229.917368400 0.055617749 0.013729411 0.114279548 0.583067491 -0.127855450 -0.250520921 0.762184068
229.957287514 0.056322657 0.018628605 0.114080961 0.647127824 -0.130236683 -0.272315866 0.700077178
229.997273816 0.057002067 0.022281057 0.113992710 0.697500457 -0.130665089 -0.284605714 0.644530321
230.037301160 0.057673671 0.024807469 0.114557320 0.733040823 -0.131013739 -0.287459081 0.602373496
230.077277514 0.058446012 0.026651186 0.116069178 0.756759632 -0.130313685 -0.276163368 0.577985292
230.117277670 0.059010939 0.028219693 0.119107983 0.773935243 -0.131663318 -0.261296483 0.561616558
230.157324181 0.059477852 0.029855056 0.124139915 0.789940812 -0.134609721 -0.248025132 0.544387059
230.197322618 0.059187637 0.033133575 0.132032768 0.811944206 -0.138273028 -0.232803056 0.517136262
230.237307358 0.059058706 0.034390815 0.141565989 0.837332941 -0.142461020 -0.219938012 0.479797534
230.277353191 0.058108426 0.035769126 0.152528718 0.863993405 -0.146519122 -0.206829800 0.435050545
230.317283868 0.058221766 0.032525043 0.163479823 0.888650023 -0.149819059 -0.195441670 0.386856484
230.357311993 0.057627032 0.031881627 0.172889230 0.907520877 -0.151687716 -0.189092515 0.342987923
230.397274962 0.057080247 0.032257656 0.181525289 0.922450735 -0.150231261 -0.182728054 0.305164983
230.437278556 0.056512845 0.032138541 0.188383186 0.933842199 -0.147011349 -0.178171042 0.273096118
230.477292202 0.055725027 0.032991683 0.194262283 0.943993729 -0.141387803 -0.174029627 0.242072339
230.517362306 0.056247652 0.032309942 0.197952283 0.952493537 -0.133326951 -0.176819562 0.209080915
230.557316212 0.057009791 0.032035206 0.201139143 0.959297401 -0.125361945 -0.184109329 0.173599064
230.597292254 0.058011618 0.031906518 0.203954682 0.964649116 -0.117542239 -0.192682525 0.136049072
230.637281629 0.059214380 0.030945415 0.205551291 0.968237988 -0.109455688 -0.201800082 0.099052404
230.677351160 0.061905640 0.030979677 0.207718857 0.970275390 -0.101287778 -0.211022315 0.061449458
230.717295639 0.064936074 0.030237444 0.207618860 0.971114592 -0.091385366 -0.219186174 0.023293476
230.757299441 0.067185392 0.027944786 0.207599493 -0.970330076 0.082106081 0.226648156 0.018674792
230.797316108 0.070052076 0.024937814 0.206256046 -0.966736397 0.075861879 0.236567692 0.060839466
230.837348087 0.071934600 0.023895369 0.205419795 -0.963200723 0.071056133 0.241183933 0.095003698
230.877355326 0.073020631 0.024118818 0.206006151 -0.962283708 0.070844334 0.239077457 0.108780126
230.917403399 0.073007530 0.024655777 0.204745941 -0.964892151 0.075598727 0.231347970 0.098722273
230.957305014 0.072002716 0.024750836 0.205756472 -0.968150464 0.083389471 0.223745264 0.075292317
230.997313347 0.072740959 0.027434381 0.205911182 -0.968656970 0.094783814 0.224523225 0.048052311
231.037283920 0.072980297 0.029713686 0.205788405 -0.967080107 0.106605848 0.230477927 0.016467708
231.077291733 0.073295380 0.032131658 0.204938909 0.963382367 -0.124046942 -0.236078916 0.027812167
231.117300743 0.071941043 0.032489872 0.205180063 0.958445693 -0.145567686 -0.231468831 0.081327014
231.157343868 0.071075144 0.035414223 0.206037233 0.951181984 -0.165247402 -0.218619361 0.141956697
231.197331680 0.070557027 0.038665250 0.207489762 0.940619409 -0.180092188 -0.201859501 0.205072360
231.237316055 0.068901072 0.040423636 0.208394164 0.925643745 -0.195652896 -0.186513040 0.264795182
231.277311889 0.067802440 0.040462903 0.207290066 0.903617630 -0.216201156 -0.177301692 0.324493989
231.317304076 0.067180062 0.039231318 0.203904218 0.873555729 -0.241379566 -0.173105334 0.385578573
231.357298920 0.066050622 0.038689187 0.199721603 0.833668139 -0.260174277 -0.169332285 0.456764006
231.397289805 0.064246581 0.036970655 0.195305832 0.789410258 -0.269096129 -0.166662049 0.525968135
231.437369805 0.063100610 0.038771402 0.190593456 0.748522831 -0.267840201 -0.170657908 0.582109162
231.477327253 0.062463294 0.041104643 0.185933864 0.721877348 -0.259143623 -0.180571077 0.615736765
231.517399389 0.062661000 0.043713420 0.180854858 0.712041745 -0.247246083 -0.197599272 0.626753904
231.557292149 0.063526380 0.045386658 0.175877126 0.714978913 -0.240148983 -0.224533526 0.617023756
231.597373816 0.064473326 0.043972259 0.170979789 0.725389636 -0.236561004 -0.258753564 0.592364212
231.637315795 0.064289681 0.044779606 0.167362614 0.739857830 -0.234246734 -0.277514898 0.566325295
231.677319805 0.063717532 0.047586500 0.164616930 0.755977571 -0.224498633 -0.272837283 0.551051806
231.717309909 0.064262241 0.052918622 0.164084417 0.772863429 -0.209907656 -0.247651998 0.545242501
231.757359389 0.063080110 0.058344112 0.164291531 0.788721886 -0.192529260 -0.216417680 0.542230264
231.797327514 0.060223511 0.063596355 0.163681329 0.802731156 -0.165019986 -0.190474622 0.540472492
231.837339649 0.057121361 0.071104402 0.163352576 0.813636873 -0.125940445 -0.164340015 0.543255375
231.877304701 0.052639392 0.079500529 0.161326910 0.821353381 -0.079658946 -0.138056773 0.547698277
231.917318555 0.048598760 0.089041494 0.159335655 0.825032945 -0.033872481 -0.112862048 0.552662150
231.957309284 0.044183572 0.097670544 0.155780960 0.822080784 0.011802864 -0.089592734 0.562153911
231.997312566 0.040084774 0.106275633 0.152196633 0.812232729 0.054307467 -0.061658537 0.577517894
232.037306055 0.034032237 0.114659334 0.148950197 0.796143239 0.097159399 -0.024205813 0.596766347
232.077347513 0.026628866 0.121694779 0.146221378 0.775979451 0.136889504 0.022389737 0.615317687
232.117351211 0.018785183 0.129479391 0.143873544 0.754308687 0.174908311 0.072198630 0.628659562
232.157337774 0.011288439 0.134213429 0.141306908 0.734438503 0.203083471 0.117493293 0.636830053
232.197311003 0.006338984 0.138839657 0.139816571 0.718688890 0.223333105 0.153463413 0.640357388
232.237340482 0.003387531 0.141809851 0.137941257 0.707128910 0.238067743 0.173574657 0.642778572
232.277304180 0.001096718 0.141914756 0.135702600 0.703993983 0.248030377 0.173458831 0.642483803
232.317313190 0.001575015 0.140788078 0.134489131 0.705674732 0.247822402 0.165367825 0.642853569
232.357308763 0.005407448 0.137900191 0.132862650 0.706875079 0.238761484 0.148088755 0.649145821
232.397359649 0.012785391 0.133452262 0.131444287 0.708351716 0.217327328 0.115426347 0.661576478
232.437372670 0.020293257 0.126616552 0.129634038 0.710508349 0.186988140 0.067774997 0.674996201
232.477453451 0.028246352 0.117452165 0.128256560 0.712392494 0.150597251 0.006091404 0.685405206
232.517336628 0.034069176 0.107017470 0.127449576 0.713203342 0.109215204 -0.056343808 0.690100288
232.557338190 0.038233118 0.097643039 0.127039039 0.711594832 0.067311952 -0.113662735 0.690059909
232.597319128 0.041303240 0.089772996 0.127440217 0.709000160 0.025975483 -0.172752728 0.683228031
232.637379701 0.042155747 0.083143732 0.127339716 0.706361983 -0.011263516 -0.231885300 0.668696560
232.677310482 0.038069728 0.075731173 0.123639794 0.699551129 -0.052632195 -0.290368379 0.650802792
232.717324128 0.037331787 0.069428943 0.121702608 0.686579973 -0.096329767 -0.350414693 0.629712680
232.757315794 0.036028566 0.063855542 0.120012505 0.670081990 -0.144530397 -0.401396942 0.607438545
232.797359961 0.034634330 0.057464120 0.118953930 0.649654279 -0.197280559 -0.444867213 0.584057242
232.837345169 0.033161384 0.049861391 0.118535682 0.624849057 -0.251286573 -0.488784159 0.554534723
232.877369805 0.030480880 0.042895708 0.117025886 0.600935884 -0.299564625 -0.531443070 0.516435245
232.917335169 0.026102661 0.036180726 0.116925824 0.574618009 -0.340152709 -0.572604762 0.475640690
232.957321628 0.020459035 0.029225429 0.116435780 0.542530884 -0.375345621 -0.613939265 0.433421831
232.997333503 0.013368066 0.022732450 0.115998735 0.508186335 -0.403261255 -0.654437856 0.388378811
233.037327773 0.005741243 0.017999572 0.115278622 0.471787666 -0.430660123 -0.689833936 0.340701332
233.077425846 -0.002145104 0.013311056 0.114508248 0.428573635 -0.460880930 -0.721979809 0.287504023
233.117493815 -0.010175571 0.009184039 0.113152463 0.383655057 -0.490325888 -0.747720405 0.230875544
233.157319128 -0.019229566 0.006969501 0.112862224 0.337452460 -0.517315000 -0.765358761 0.180933674
233.197407565 -0.028839711 0.009185733 0.113218117 0.288914470 -0.540507817 -0.777010142 0.143648765
233.237323763 -0.037910896 0.010463075 0.114684879 0.242248862 -0.557423194 -0.785153512 0.118864773
233.277324596 -0.044953361 0.012239658 0.116697583 0.199604926 -0.571417753 -0.789894110 0.098523703
233.317331628 -0.049258898 0.014332000 0.117968866 0.168778121 -0.583203022 -0.790874784 0.076845671
233.357357825 -0.050562883 0.016610975 0.117843953 0.151828000 -0.592284251 -0.789644018 0.051087667
233.397360898 -0.051002667 0.018058515 0.117471052 0.142296457 -0.601727610 -0.785637443 0.021199294
233.437328346 -0.051188820 0.019793654 0.116847223 -0.132385459 0.609602582 0.781573868 0.001034571
233.477344284 -0.051199034 0.020329323 0.117892654 -0.120246016 0.614147960 0.779957221 0.005469209
233.517439648 -0.052861417 0.021752229 0.119171134 -0.103704040 0.619072971 0.778450869 0.002893421
233.557331055 -0.050804557 0.023920005 0.119469791 -0.087542184 0.627283363 0.773790473 0.010012601
233.597323242 -0.050499287 0.025981260 0.119333295 -0.076260563 0.636462273 0.767170583 0.023439226
233.637403502 -0.050972564 0.030736337 0.118428055 -0.065905451 0.636596772 0.767606424 0.034371499
233.677441315 -0.052152569 0.036185413 0.117784572 -0.056337752 0.632375817 0.771319858 0.044638101
233.717330950 -0.053137679 0.042317065 0.116182116 -0.047141090 0.623816173 0.778104594 0.056429958
233.757337773 -0.054985498 0.049055500 0.114804217 -0.035137087 0.612965953 0.786204018 0.070152458
233.797327409 -0.058190664 0.056759311 0.113898986 -0.018786147 0.599657697 0.795712161 0.083065540
233.837345013 -0.061432546 0.062222473 0.114439665 -0.001662928 0.591468836 0.801070993 0.091908189
233.877335742 -0.063300030 0.061633023 0.116982539 0.008354226 0.593541604 0.800260778 0.084977988
233.917332721 -0.063363880 0.058696350 0.119652303 0.012948846 0.601342860 0.795656424 0.071763130
233.957380481 -0.061903112 0.055870360 0.121117126 0.015646569 0.609279991 0.790644266 0.058435622
233.997373034 -0.059965230 0.054704422 0.121250823 0.016867633 0.608181162 0.792578358 0.040628851
234.037423450 -0.057728214 0.053123544 0.119503368 0.012809692 0.604753449 0.795972769 0.023163096
234.077353659 -0.053816959 0.050878746 0.115873235 0.001909324 0.604003116 0.796893523 0.011717608
234.117342408 -0.048142222 0.048200221 0.110873847 -0.015042109 0.603036901 0.797557891 0.004652055
234.157397825 -0.042953645 0.045245709 0.107366795 0.028107194 -0.602198278 -0.797828083 0.006129392
234.197389440 -0.038030511 0.041790312 0.104857537 0.038270152 -0.600524100 -0.798455881 0.019349601
234.237335169 -0.034292332 0.038367003 0.103045521 0.047547182 -0.599227177 -0.798431016 0.034263238
234.277396471 -0.031672847 0.035012132 0.102645354 0.056910927 -0.597494273 -0.798271219 0.050247396
234.317352669 -0.030112054 0.032365753 0.103352679 0.062180136 -0.599501403 -0.795696568 0.059988918
234.357383085 -0.029649963 0.028947894 0.105106198 0.058875047 -0.614672150 -0.784726891 0.053996142
234.397335169 -0.030001127 0.024363626 0.108628444 0.049504006 -0.643113915 -0.763233601 0.037793072
234.437362565 -0.030346125 0.019962827 0.114175731 0.042844712 -0.673762641 -0.737445496 0.019554423
234.477348190 -0.030789380 0.015718754 0.121240064 0.038108113 -0.704727647 -0.708441062 0.004240049
234.517362721 -0.031872709 0.011543720 0.129395536 -0.031576160 0.733526936 0.678885778 0.007435112
234.557348606 -0.033341835 0.008297942 0.137674317 -0.026479430 0.753770177 0.656415320 0.015757121
234.597496575 -0.034646425 0.005104240 0.145722772 -0.023358432 0.772669542 0.634059899 0.020104889
234.637347825 -0.036201118 0.002283076 0.153098071 -0.021422043 0.785648313 0.617983908 0.019842249
234.677338815 -0.037521669 -0.001040029 0.160020030 -0.020259733 0.797341383 0.602921816 0.017931725
234.717355325 -0.037898806 -0.003660193 0.165890812 -0.018889080 0.810377486 0.585339783 0.017574750
234.757358554 -0.038048736 -0.006081862 0.171449512 -0.014575472 0.826183052 0.563081873 0.012162464
234.797348242 -0.037621487 -0.008653392 0.176463313 -0.009539722 0.844830470 0.534945839 0.001849561
234.837360794 -0.037385515 -0.011484301 0.182808909 0.003503251 -0.872949008 -0.487672737 0.011093156
234.877351367 -0.037508387 -0.012779722 0.187816466 -0.001388390 -0.899588371 -0.436618770 0.010143187
234.917360794 -0.037821618 -0.013943817 0.191550265 -0.001346260 0.920748678 0.390148084 0.002128778
234.957389023 -0.038690942 -0.016369930 0.195938858 -0.008846898 0.933049190 0.359636139 0.001669917
234.997353398 -0.039139386 -0.020095354 0.202497478 0.026286971 -0.943589888 -0.330042191 0.004389712
235.037349023 -0.039637517 -0.022117524 0.212079765 0.033932206 -0.957580767 -0.286048460 0.007997419
235.077385533 -0.039273538 -0.022869029 0.222584869 0.036397837 -0.969380745 -0.242393292 0.014888299
235.117365273 -0.038912358 -0.022054404 0.233417271 0.033848521 -0.979858009 -0.196015839 0.017616779
235.157436262 -0.038414325 -0.021116610 0.243517294 0.034813701 -0.987844368 -0.150145149 0.020197624
235.197446262 -0.038899595 -0.019069370 0.251333901 0.037126944 -0.992836108 -0.112221380 0.017447489
235.237430325 -0.040187016 -0.017055339 0.258321179 0.039408206 -0.996188607 -0.076682096 0.013232903
235.277469439 -0.041864409 -0.013451687 0.264412543 0.039038135 -0.998238799 -0.043188955 0.011403446
235.317547773 -0.044394883 -0.007916931 0.268912509 0.033307311 -0.999376256 -0.010207213 0.005790922
235.357378085 -0.047046448 0.000222020 0.271076060 -0.028937427 0.999359321 -0.021061083 0.000057601
235.397433606 -0.049242141 0.004298588 0.271378256 -0.026342319 0.998814485 -0.040602275 0.005211716
235.437352200 -0.050570894 0.006744889 0.269847957 -0.020505534 0.998801670 -0.043808368 0.007454800
235.477406366 -0.050999145 0.008792895 0.265100924 -0.018879236 0.999470698 -0.025224126 0.008101910
235.517384804 -0.049727396 0.004107896 0.258785740 -0.025127233 0.999418855 0.021265643 0.008851336
235.557373450 -0.047697295 0.000068344 0.249394903 -0.034476188 0.995534365 0.087564570 0.007427403
235.597358606 -0.042787324 -0.007226794 0.239043518 -0.048046844 0.985033246 0.165422241 0.006040491
235.637366210 -0.037061595 -0.012836335 0.226744676 -0.068760912 0.966778130 0.246154543 0.004463805
235.677352877 -0.030845332 -0.017266316 0.213904570 -0.088361107 0.940668435 0.327618273 0.001215399
235.717443033 -0.024686801 -0.019634773 0.199191662 0.108858871 -0.905113699 -0.410987397 0.002880625
235.757396627 -0.019877281 -0.018523413 0.182827665 0.128961401 -0.861096552 -0.491789857 0.004941874
235.797372981 -0.015823387 -0.014821494 0.166124152 0.146915039 -0.809195177 -0.568874048 0.001206326
235.837366887 -0.013256404 -0.010062406 0.151742491 -0.160155431 0.755234329 0.635586906 0.000794337
235.877490168 -0.012759911 -0.005006246 0.140247087 0.169554478 -0.699336242 -0.694390396 0.001441271
235.917392981 -0.013125223 0.000332549 0.130626514 0.175177128 -0.641617796 -0.746709938 0.007990388
235.957366731 -0.014117362 0.004207169 0.123379184 0.181112614 -0.595125552 -0.782501699 0.026737390
235.997360168 -0.015036356 0.007139233 0.117597338 0.186433472 -0.551109580 -0.811505736 0.054582338
236.037443554 -0.015296913 0.009816310 0.113338635 0.190481654 -0.508988703 -0.835427537 0.081902814
236.077408033 -0.015647222 0.013224237 0.110607417 0.193694189 -0.470078056 -0.854276715 0.108261149
236.117357356 -0.016023699 0.013326354 0.108341273 0.203946256 -0.430027285 -0.868602395 0.137885232
236.157404543 -0.016544954 0.014550020 0.106202060 0.219182364 -0.394122607 -0.877395331 0.163718955
236.197461054 -0.017424450 0.015449368 0.104495921 0.232388017 -0.372958870 -0.880689475 0.176871532
236.237391991 -0.018842896 0.016530513 0.103569671 0.239452300 -0.363158216 -0.882999872 0.176323373
236.277372824 -0.019883034 0.017502564 0.103262197 0.244151449 -0.364681482 -0.881790413 0.172751709
236.317405637 -0.020814869 0.018311114 0.104015835 0.245042171 -0.374503346 -0.877642864 0.171594233
236.357372720 -0.021469371 0.019130216 0.106060953 0.241426591 -0.390272765 -0.872083506 0.169913886
236.397547199 -0.021596934 0.019241434 0.109095530 0.230247098 -0.413991886 -0.864856323 0.166194262
236.437373293 -0.019362872 0.015506456 0.112565724 0.214823942 -0.445332465 -0.854732792 0.157992164
236.477369803 -0.017052757 0.011329863 0.116491613 0.196477346 -0.489426712 -0.836694318 0.147650818
236.517398085 -0.013293492 0.005272181 0.119838148 0.190120799 -0.540871295 -0.807019410 0.141534433
236.557427147 -0.011017026 -0.000665252 0.124133244 0.179754439 -0.595216199 -0.772302839 0.130208847
236.597375376 -0.010261227 -0.005204396 0.128639811 0.160493450 -0.648130331 -0.735858940 0.112607936
236.637376835 -0.009701480 -0.007459356 0.132135289 0.146999670 -0.684880691 -0.707097713 0.096655890
236.677381887 -0.009344672 -0.009418593 0.135352402 0.143278619 -0.710021441 -0.683398390 0.091145113
236.717409178 -0.009648466 -0.011683650 0.139599376 0.136614107 -0.736888594 -0.656294678 0.087230048
236.757404387 -0.011137575 -0.014000023 0.144590376 0.125270214 -0.768212647 -0.622644875 0.080436700
236.797438137 -0.013026750 -0.015849534 0.149750692 0.115122762 -0.797028575 -0.588235444 0.073967985
236.837455480 -0.014766095 -0.016941556 0.155483020 0.106693144 -0.820486231 -0.557043066 0.071567734
236.877405480 -0.015887756 -0.017927853 0.160921582 0.104649339 -0.837867360 -0.530291499 0.076274042
236.917394178 -0.017198889 -0.017704699 0.166549089 0.098141763 -0.849796419 -0.510895400 0.084853586
236.957387407 -0.018152401 -0.016690170 0.172041160 0.093050432 -0.856334495 -0.499111854 0.094446849
236.997409907 -0.018812554 -0.015538455 0.177050222 0.092918193 -0.864167876 -0.483833140 0.102399142
237.037391470 -0.020047028 -0.013934418 0.181622617 0.087734472 -0.867866933 -0.476980658 0.107699126
237.077398918 -0.021200996 -0.012587785 0.185427078 0.081190449 -0.866251707 -0.479110548 0.116056773
237.117459282 -0.021303584 -0.011511897 0.187825278 0.078334081 -0.862044546 -0.484762947 0.125490465
237.157394491 -0.018675055 -0.011513308 0.187466724 0.089002285 -0.855323480 -0.493889697 0.128737345
237.197386001 -0.014293230 -0.012685939 0.182837962 0.109076775 -0.842206096 -0.511964961 0.129162795
237.237459178 -0.010238147 -0.014316662 0.177606517 0.127070931 -0.827196569 -0.530941786 0.133039970
237.277432459 -0.005866929 -0.016205504 0.174256858 0.146286730 -0.810682926 -0.549102053 0.140997597
237.317378397 -0.001895224 -0.017624948 0.170773821 0.164479849 -0.795369092 -0.564668096 0.146575333
237.357385845 0.001764215 -0.019665348 0.168684292 0.182983117 -0.782716469 -0.576517894 0.146626145
237.397394543 0.003425250 -0.022102611 0.166901794 0.196102869 -0.768241663 -0.592679342 0.141702538
237.437507043 0.000299474 -0.023379973 0.164733416 0.199084709 -0.755902533 -0.609084688 0.134136059
237.477422251 -0.004615985 -0.021637327 0.160705225 0.201578546 -0.738853281 -0.632998586 0.113025263
237.517399855 -0.009415444 -0.018782462 0.156200465 0.205235623 -0.721485578 -0.655240616 0.089423905
237.557396209 -0.014150044 -0.015417300 0.151181782 0.207535070 -0.696402993 -0.683459949 0.069531036
237.597538345 -0.018986432 -0.010373642 0.145936959 0.205075025 -0.664058787 -0.717091033 0.052446268
237.637413084 -0.025950953 -0.006974906 0.142323785 0.193717766 -0.634020453 -0.746507800 0.056723863
237.677466938 -0.034844715 -0.006774245 0.138318737 0.174338545 -0.604654009 -0.773393994 0.076559332
237.717488188 -0.036166005 -0.007865448 0.135448103 0.173145951 -0.582073675 -0.792200877 0.060236924
237.757450740 -0.036838297 -0.007991498 0.131921691 0.176657113 -0.560274194 -0.808093614 0.043241221
237.797515220 -0.036871805 -0.006762534 0.128700756 0.181294172 -0.535910881 -0.823608624 0.040009815
237.837401626 -0.036951286 -0.006029340 0.126190549 0.185296564 -0.507990755 -0.839041459 0.060166492
237.877420845 -0.036626759 -0.004616167 0.123919225 0.190941304 -0.481819192 -0.850900639 0.085789202
237.917466209 -0.036638986 -0.002353978 0.121477521 0.192406116 -0.459725073 -0.860450216 0.106104527
237.957425740 -0.037130310 0.000303756 0.119829185 0.190954928 -0.442533193 -0.868235589 0.117760563
237.997418553 -0.037808842 0.001437714 0.120080155 0.182894414 -0.439582791 -0.870834836 0.122324538
238.037402511 -0.038649645 -0.000206268 0.122789009 0.170366218 -0.453623448 -0.866575739 0.119363344
238.077462980 -0.040090892 -0.005366119 0.128017458 0.154699686 -0.485897779 -0.852753056 0.113064501
238.117415428 -0.041215093 -0.011837484 0.135249558 0.142166200 -0.528761002 -0.829806297 0.107805771
238.157423605 -0.042137559 -0.019201674 0.144213650 0.130328581 -0.576093284 -0.799530091 0.109007441
238.197421782 -0.042714078 -0.026960224 0.153681849 0.123407708 -0.626810416 -0.760908521 0.113566997
238.237517251 -0.043224217 -0.033344862 0.164308632 0.116523491 -0.678967432 -0.715409188 0.116684172
238.277406001 -0.043538402 -0.037199598 0.173750060 0.109114809 -0.722854780 -0.672813842 0.113562583
238.317400115 -0.045088651 -0.040352030 0.182467306 0.099707309 -0.765823258 -0.626179956 0.107106735
238.357429074 -0.046951121 -0.043044544 0.190778080 0.089656186 -0.799519669 -0.583655053 0.109894702
238.397549178 -0.048532676 -0.045290895 0.196939721 0.080168060 -0.820818963 -0.551403546 0.125632168
238.437409438 -0.049435096 -0.047460412 0.200189830 0.075276690 -0.833938927 -0.528576648 0.139592313
238.477431990 -0.050059968 -0.049485203 0.198846768 0.072826312 -0.837885720 -0.519452022 0.151041204
238.517407198 -0.049686019 -0.051759255 0.192381016 0.080869755 -0.831829508 -0.525239613 0.160134636
238.557431157 -0.047595064 -0.054753890 0.183948731 0.095706264 -0.820826421 -0.537594022 0.167561827
238.597420844 -0.044034261 -0.056719568 0.175822632 0.111320328 -0.805961164 -0.556303817 0.168998374
238.637453448 -0.040761034 -0.057217736 0.167788944 0.120578916 -0.787942168 -0.577756277 0.175515098
238.677412771 -0.038800033 -0.058229368 0.162091802 0.116753486 -0.770859737 -0.593228681 0.200558274
238.717422303 -0.037440899 -0.059719726 0.158033627 0.105112144 -0.749473647 -0.610550114 0.233386480
238.757451938 -0.035784330 -0.060897362 0.154948548 0.098012953 -0.733222720 -0.622076948 0.256511550
238.797418136 -0.034517387 -0.061142047 0.150837702 0.101085423 -0.721799961 -0.633049467 0.260835057
238.837410480 -0.033663075 -0.060889415 0.146475185 0.112741667 -0.712434383 -0.646357070 0.248895771
238.877440115 -0.033246293 -0.060090303 0.141727322 0.131652040 -0.703336382 -0.658860333 0.232139473
238.917439230 -0.032906993 -0.058933641 0.138050124 0.148482795 -0.695409781 -0.667801142 0.219999388
238.957409334 -0.032456849 -0.058030908 0.135769625 0.162286485 -0.689657187 -0.672454198 0.214106081
238.997425688 -0.031503223 -0.057550100 0.135116300 0.172022509 -0.691566006 -0.668494272 0.212744271
239.037471886 -0.030651809 -0.057245297 0.136261428 0.175753910 -0.696791287 -0.661601077 0.214187956
239.077408917 -0.030500165 -0.056645906 0.137998638 0.173891637 -0.700499506 -0.658107759 0.214374249
239.117406677 -0.030777452 -0.055630574 0.139111955 0.169918928 -0.701789671 -0.658865511 0.210985909
239.157447771 -0.030265663 -0.055053664 0.139197635 0.169815471 -0.699880070 -0.660604437 0.211972571
239.197449750 -0.028988250 -0.054853961 0.138311787 0.173986083 -0.696084826 -0.662236024 0.215958805
239.237462719 -0.027456780 -0.054736769 0.136394949 0.179654473 -0.688798737 -0.666526918 0.221410113
239.277412875 -0.026075101 -0.054739552 0.134454939 0.183162542 -0.680692396 -0.671902114 0.227281530
239.317454177 -0.024981169 -0.054521739 0.132603348 0.186439083 -0.674392115 -0.675929909 0.231418456
239.357439281 -0.024116352 -0.054177931 0.131712661 0.188417157 -0.670657873 -0.677795107 0.235182452
239.397438761 -0.023767150 -0.053744552 0.131776525 0.188448189 -0.669088323 -0.678769019 0.236813672
239.437470740 -0.023550880 -0.053116857 0.132783874 0.187380061 -0.668924172 -0.679252856 0.236737666
239.477464386 -0.023112218 -0.052638083 0.134816125 0.186781300 -0.670253013 -0.677513841 0.238429528
239.517415479 -0.022738123 -0.052168399 0.137125950 0.186084704 -0.672438084 -0.675015016 0.239904635
239.557427042 -0.022435632 -0.051650032 0.139332995 0.186303195 -0.674077294 -0.672895450 0.241086364
239.597430063 -0.022275804 -0.051332514 0.141478967 0.187461227 -0.675584342 -0.670347942 0.243059091
239.637563344 -0.022699219 -0.051442079 0.143695879 0.188078103 -0.678553796 -0.667216635 0.242926602
239.677430479 -0.023916130 -0.052000735 0.145909910 0.186998821 -0.682573165 -0.664430279 0.240120218
239.717421000 -0.025343544 -0.052724558 0.147980752 0.185607749 -0.686384507 -0.662521291 0.235566573
239.757464073 -0.026031765 -0.053446005 0.150044202 0.185254672 -0.688241383 -0.661690850 0.232743902
239.797484490 -0.026110803 -0.054106274 0.152281530 0.186220197 -0.688257237 -0.661615649 0.232139500
239.837419594 -0.026367795 -0.054810603 0.155012551 0.187020973 -0.688242275 -0.661419566 0.232098867
239.877423708 -0.027369371 -0.055623371 0.158400416 0.187432511 -0.689721546 -0.660324944 0.230486900
239.917445010 -0.029192543 -0.056628170 0.162514587 0.188253640 -0.692941843 -0.657991267 0.226803132
239.957603917 -0.031617695 -0.057785041 0.167157736 0.190143748 -0.696965386 -0.655138340 0.221084510
239.997463135 -0.033991674 -0.059030036 0.172478697 0.192797303 -0.700932238 -0.652284757 0.214587496
240.037448500 -0.035657134 -0.060167316 0.178748388 0.196049995 -0.704442204 -0.649876596 0.207330629
240.077467510 -0.036192844 -0.061218673 0.186198088 0.198609439 -0.707182312 -0.647829567 0.201901761
240.117518708 -0.035826563 -0.062196063 0.194175905 0.200082381 -0.709002404 -0.646362384 0.198741795
240.157425375 -0.035033150 -0.062903315 0.201763472 0.201045584 -0.709797881 -0.645882269 0.196478335
240.197439750 -0.033899843 -0.063279296 0.208774956 0.203112694 -0.709331448 -0.645930740 0.195876518
240.237443500 -0.032294401 -0.063173506 0.215068442 0.207778000 -0.707472457 -0.645923525 0.197721586
240.277579281 -0.030629037 -0.062712924 0.220593398 0.214781577 -0.704401451 -0.645851805 0.201402372
240.317451989 -0.029079383 -0.061904719 0.225497489 0.222191403 -0.701258878 -0.645238911 0.206237034
240.357484802 -0.027321132 -0.061029150 0.229602154 0.230362489 -0.697312179 -0.643552179 0.215706840
240.397430635 -0.025106846 -0.060195933 0.232342234 0.240918181 -0.691812138 -0.640017986 0.231800286
240.437530844 -0.022896059 -0.059375760 0.233490024 0.253888949 -0.685216001 -0.635180610 0.250130020
240.477436781 -0.021673893 -0.058696665 0.232842537 0.265935054 -0.678185583 -0.631243841 0.266221855
240.517432614 -0.021736005 -0.058294930 0.230878786 0.275720337 -0.671322956 -0.628804351 0.279121608
240.557442406 -0.022984021 -0.058054980 0.228598734 0.283595913 -0.664994029 -0.627311794 0.289544837
240.597550010 -0.024846668 -0.058022780 0.226833445 0.291273548 -0.659186531 -0.626573279 0.296713267
240.637458812 -0.026367547 -0.057626379 0.226791480 0.300903563 -0.652343568 -0.626102172 0.303151754
240.677519437 -0.026223606 -0.056519818 0.229180511 0.314326457 -0.642989817 -0.623003948 0.315640706
240.717451573 -0.023691144 -0.054725008 0.233321220 0.332954929 -0.630121140 -0.615518517 0.336489702
240.757446468 -0.019603234 -0.052451313 0.238255076 0.353059057 -0.613679403 -0.604106415 0.365790011
240.797445427 -0.015236469 -0.050245574 0.242573474 0.373847201 -0.594594119 -0.591042344 0.396692642
240.837474646 -0.012155369 -0.048262162 0.245602674 0.391109876 -0.575970436 -0.579509619 0.423626867
240.877607458 -0.010280219 -0.046819335 0.246383398 0.406183489 -0.561270603 -0.569968910 0.441730375
240.917477718 -0.010079765 -0.044670454 0.243688071 0.420557118 -0.545330255 -0.566117463 0.453053684
240.957525270 -0.012057111 -0.042105437 0.238277887 0.430664401 -0.522417813 -0.566388253 0.469906533
240.997465166 -0.015712480 -0.040220731 0.231156004 0.430202073 -0.493603906 -0.565687749 0.501277100
241.037475843 -0.017463678 -0.039521494 0.224207263 0.430958943 -0.472958359 -0.552077533 0.534598145
241.077446885 -0.019083630 -0.039040734 0.215701301 0.438751184 -0.460681959 -0.543672192 0.547439566
241.117502093 -0.022440903 -0.039006253 0.206507793 0.440780902 -0.451350768 -0.547075193 0.550184890
241.157517562 -0.025711518 -0.040167687 0.197942342 0.437650512 -0.444266367 -0.551468039 0.554050924
241.197500375 -0.028047140 -0.042102427 0.190094166 0.432209675 -0.441215187 -0.555057352 0.557167203
241.237472770 -0.029769919 -0.045980014 0.182646624 0.422267510 -0.443199624 -0.558408387 0.559860979
241.277508291 -0.031453322 -0.051381850 0.176127079 0.404409783 -0.449067087 -0.563359067 0.563398651
241.317490010 -0.032367108 -0.056029321 0.170168472 0.380732672 -0.458162457 -0.573555164 0.562284864
241.357474645 -0.031968689 -0.060747170 0.163975662 0.353202641 -0.467157820 -0.588342653 0.557552139
241.397480218 -0.030313927 -0.065336874 0.157327558 0.325710179 -0.471093975 -0.604828200 0.553322866
241.437471572 -0.027471862 -0.069906570 0.150214227 0.299779744 -0.469752057 -0.620637125 0.551610976
241.477466208 -0.023932003 -0.074673785 0.142300843 0.276311298 -0.465028128 -0.634201631 0.552439315
241.517466885 -0.019652715 -0.079303850 0.133678204 0.258082152 -0.457017235 -0.645264886 0.555123479
241.557446364 -0.015063796 -0.083794094 0.124414126 0.245781525 -0.445320599 -0.654806992 0.559024874
241.597469176 -0.010908099 -0.087771871 0.114811236 0.239200277 -0.429086898 -0.665149761 0.562355277
241.637503708 -0.006765871 -0.091598882 0.105743561 0.235471507 -0.412408331 -0.673798347 0.566099219
241.677483135 -0.003036405 -0.095441313 0.097477596 0.231256297 -0.398129631 -0.681312945 0.569057108
241.717454541 -0.000239499 -0.099030759 0.090426728 0.224582098 -0.386718064 -0.689548718 0.569679371
241.757473187 0.001451165 -0.102580258 0.085018131 0.214613150 -0.376902446 -0.699001562 0.568579421
241.797484176 0.002830529 -0.105775132 0.080903308 0.205305569 -0.369031214 -0.707041068 0.567237617
241.837508812 0.004212786 -0.108787635 0.077772036 0.198982423 -0.363313790 -0.712795930 0.565977956
241.877464593 0.005227550 -0.111267458 0.075325061 0.195180078 -0.359927075 -0.718441230 0.562316136
241.917486624 0.005948031 -0.113546529 0.073819193 0.191461882 -0.359452087 -0.723691359 0.557142138
241.957455426 0.005803703 -0.115641851 0.073477210 0.185800346 -0.360118392 -0.729508996 0.551007804
241.997489853 0.005432936 -0.117275540 0.073825506 0.182123411 -0.362024315 -0.734323014 0.544554102
242.037506833 0.004447194 -0.118373900 0.074237473 0.181693263 -0.363680060 -0.737584547 0.539159910
242.077475426 0.002802418 -0.118928706 0.075737205 0.183272873 -0.364402077 -0.739554713 0.535426005
242.117457301 0.000417106 -0.119310685 0.078255228 0.185872934 -0.364838798 -0.739081583 0.534885331
242.157486260 -0.002692006 -0.119275918 0.081648253 0.190429217 -0.365205286 -0.737124066 0.535733071
242.197505739 -0.007015757 -0.118588642 0.086196693 0.195300214 -0.364587081 -0.735624350 0.536461464
242.237529905 -0.012026169 -0.117528858 0.091806030 0.201053229 -0.363541949 -0.733219941 0.538333882
242.277493082 -0.017753754 -0.116118396 0.098519310 0.204659234 -0.360383568 -0.731203911 0.541829422
242.317485270 -0.024012965 -0.114591716 0.106407084 0.205323949 -0.353310497 -0.730419933 0.547266380
242.357480687 -0.030370207 -0.113239178 0.115508067 0.203716499 -0.341635415 -0.730504550 0.555110741
242.397482822 -0.037072035 -0.111804928 0.125088492 0.202032730 -0.324561389 -0.731748448 0.564257822
242.437467978 -0.043425681 -0.110567100 0.134806411 0.201210335 -0.306181380 -0.731287661 0.575313585
242.477474332 -0.049187080 -0.110025582 0.144489289 0.200853159 -0.290441751 -0.730256944 0.584830227
242.517485218 -0.054950000 -0.109812692 0.153903636 0.198551208 -0.277160296 -0.731787255 0.590124565
242.557490166 -0.061466100 -0.108857402 0.162819875 0.194456639 -0.261419604 -0.738513672 0.590291422
242.597468187 -0.068525915 -0.107199834 0.170433285 0.191477610 -0.243318495 -0.750468512 0.583891639
242.637501364 -0.074998537 -0.105457224 0.176810241 0.193085589 -0.226719367 -0.764021198 0.572352945
242.677472405 -0.080087115 -0.105022187 0.183202482 0.196480248 -0.215268792 -0.772406149 0.564308072
242.717517197 -0.083893644 -0.106448357 0.189817212 0.200321179 -0.213048341 -0.772562203 0.563586259
242.757521364 -0.087167370 -0.108434130 0.196448040 0.203707048 -0.220235226 -0.769572435 0.563700408
242.797548864 -0.090529380 -0.109743817 0.202977349 0.206616434 -0.232798480 -0.767058335 0.561013394
242.837504905 -0.094259287 -0.110665495 0.209234418 0.207878152 -0.245192210 -0.764714283 0.558461743
242.877482509 -0.098396771 -0.110906949 0.215517778 0.207944865 -0.256013990 -0.761993280 0.557298853
242.917469541 -0.102427347 -0.110340711 0.221420446 0.209376878 -0.265670729 -0.758648869 0.556805423
242.957475999 -0.106474127 -0.109176542 0.227246155 0.211384061 -0.273906846 -0.755184005 0.556766501
242.997474749 -0.110377450 -0.107734143 0.232946225 0.213970608 -0.281042106 -0.751551081 0.557138121
243.037486572 -0.114423698 -0.105984125 0.238507160 0.216352977 -0.286357915 -0.748489237 0.557632850
243.077488447 -0.118640115 -0.104012251 0.243881070 0.218167327 -0.289950658 -0.746216957 0.558114582
243.117509697 -0.123050688 -0.102154214 0.249524837 0.218690942 -0.292207225 -0.743720900 0.560061098
243.157528759 -0.127676753 -0.100347093 0.254863481 0.220772547 -0.294427328 -0.740318113 0.562584325
243.197482093 -0.131959233 -0.098829208 0.259741467 0.224562660 -0.298087816 -0.734919940 0.566222525
243.237516259 -0.136039138 -0.097186749 0.263769995 0.229622468 -0.300788706 -0.729311737 0.570003568
243.277518238 -0.139793062 -0.095739527 0.267104413 0.234160699 -0.302876333 -0.723935726 0.573891766
243.317497249 -0.142888097 -0.094479999 0.269555650 0.237373891 -0.305735656 -0.719725048 0.576346424
243.357507457 -0.144990790 -0.093684113 0.271273564 0.239313825 -0.309508296 -0.715954843 0.578223288
243.397550686 -0.146233216 -0.093292458 0.271943750 0.241082272 -0.313214158 -0.713357921 0.578702606
243.437538290 -0.146406190 -0.092998725 0.271341702 0.243409867 -0.316697050 -0.712378807 0.577036438
243.477526103 -0.145731539 -0.092860044 0.269858349 0.243679664 -0.319383844 -0.712657652 0.575094126
243.517475374 -0.144420098 -0.092745269 0.267762343 0.240603682 -0.321451115 -0.715100698 0.572197554
243.557516103 -0.142565984 -0.092558865 0.265054538 0.233748740 -0.323629049 -0.718850189 0.569104711
243.597629801 -0.140279751 -0.092301980 0.261495810 0.225479886 -0.324963958 -0.723542326 0.565724094
243.637488342 -0.137649615 -0.092159409 0.257490147 0.218265278 -0.324771289 -0.727219235 0.563946861
243.677494072 -0.134223620 -0.092176331 0.253046804 0.213125726 -0.322879898 -0.729273935 0.564345216
243.717500321 -0.130240347 -0.092473403 0.248609474 0.208098450 -0.320161106 -0.729995344 0.566832161
243.757529384 -0.126236386 -0.093055197 0.244035308 0.202508861 -0.316510315 -0.730876382 0.569764070
243.797514957 -0.122115865 -0.093814233 0.239127429 0.197896418 -0.311477503 -0.732714157 0.571794313
243.837519644 -0.117656076 -0.094804144 0.233775164 0.195247661 -0.306051785 -0.734693791 0.573093089
243.877514905 -0.113164973 -0.096034648 0.228469458 0.191224907 -0.300170596 -0.736370692 0.575403208
243.917524749 -0.108730024 -0.097529840 0.223209547 0.186470391 -0.294773667 -0.738178933 0.577433236
243.957514488 -0.104362548 -0.099188234 0.217859388 0.181774410 -0.290771764 -0.740428936 0.578078573
243.997496467 -0.099882342 -0.101180332 0.212510262 0.177926566 -0.288157240 -0.742412427 0.578040941
244.037535009 -0.095528257 -0.103275892 0.207172774 0.173880265 -0.286085172 -0.745240046 0.576661254
244.077576571 -0.091214765 -0.105666344 0.201761807 0.170932954 -0.284537110 -0.747975745 0.574763294
244.117501051 -0.086936350 -0.108496369 0.196368530 0.167725007 -0.282811555 -0.749820481 0.574156070
244.157506519 -0.083095130 -0.111423374 0.191094438 0.162334253 -0.280809708 -0.752850724 0.572720950
244.197532248 -0.079315076 -0.114283848 0.185825454 0.156809315 -0.280102188 -0.756651011 0.569590072
244.237496519 -0.075630796 -0.117258212 0.180681458 0.150831126 -0.279712583 -0.759980336 0.566957434
244.277494123 -0.072249273 -0.120155262 0.175469983 0.143808506 -0.278838689 -0.763837906 0.564021057
244.317585738 -0.068564092 -0.123077255 0.169924409 0.139246070 -0.279045715 -0.766567571 0.561353881
244.357527300 -0.064410833 -0.125935853 0.163804264 0.136777325 -0.280285192 -0.768563013 0.558608154
244.397681259 -0.060534808 -0.128704340 0.157515330 0.131690675 -0.279158448 -0.772122887 0.555476709
244.437543238 -0.056561881 -0.131656335 0.151221626 0.127275209 -0.276867275 -0.774306504 0.554612451
244.477494957 -0.052158795 -0.134752339 0.144679139 0.125839408 -0.275931407 -0.774684859 0.554878068
244.517527092 -0.048255387 -0.138056491 0.138827664 0.122390333 -0.272216217 -0.775327384 0.556584572
244.557515477 -0.045354012 -0.141312674 0.133885620 0.118517391 -0.264536354 -0.776933916 0.558880878
244.597543082 -0.043000962 -0.144143480 0.129420701 0.116882298 -0.255654688 -0.779462761 0.559836594
244.637528134 -0.041380388 -0.146633020 0.125934645 0.116001514 -0.245884206 -0.782196629 0.560582768
244.677534592 -0.040181902 -0.148779234 0.123788159 0.115432073 -0.236601399 -0.783963093 0.562225118
244.717591988 -0.039548612 -0.150603645 0.122984286 0.114941043 -0.229784170 -0.784505649 0.564392309
244.757522665 -0.039761750 -0.151908742 0.123636025 0.114233923 -0.225640999 -0.784724431 0.565901332
244.797527613 -0.040812806 -0.152795694 0.125805020 0.114807733 -0.224925426 -0.784137049 0.566883433
244.837532456 -0.042603773 -0.152999776 0.129009086 0.118596273 -0.226823021 -0.782880681 0.567083840
244.877555842 -0.045240249 -0.152877712 0.133545504 0.123554578 -0.229137848 -0.780546252 0.568311237
244.917545477 -0.048436920 -0.152252112 0.138970663 0.128245972 -0.231292238 -0.778130726 0.569709966
244.957579696 -0.052222785 -0.151411035 0.145287413 0.131781171 -0.232917588 -0.775651617 0.571618482
244.997550634 -0.056458651 -0.150310278 0.152217106 0.136727290 -0.234074959 -0.773340218 0.573113835
245.037587092 -0.060950294 -0.149076129 0.159454828 0.145417800 -0.236261007 -0.770372639 0.574073513
245.077505633 -0.066135420 -0.147650078 0.167245315 0.154447070 -0.238317389 -0.767805703 0.574304211
245.117533967 -0.071725691 -0.145973453 0.175543842 0.163880982 -0.241306915 -0.764621442 0.574689523
245.157515686 -0.077368518 -0.144035139 0.184051436 0.175289598 -0.245654788 -0.760230263 0.575306205
245.197513081 -0.083153702 -0.141711939 0.192808612 0.187654430 -0.251022382 -0.754304702 0.576886467
245.237604227 -0.089028443 -0.139347147 0.201803255 0.200164233 -0.256225742 -0.746797025 0.580152439
245.277534071 -0.094887736 -0.136849354 0.210743054 0.212371391 -0.260210309 -0.737265082 0.586198931
245.317679852 -0.100518064 -0.134059170 0.219408532 0.225974387 -0.263633305 -0.725699003 0.593964657
245.357568133 -0.105907068 -0.131036114 0.227678812 0.239749166 -0.265582435 -0.711905060 0.604299175
245.397532613 -0.110759246 -0.127723892 0.235313773 0.256753070 -0.265880255 -0.694092106 0.617755372
245.437547717 -0.114864703 -0.123891421 0.241751047 0.278213910 -0.264255843 -0.672396616 0.632968135
245.477525008 -0.118889410 -0.119982762 0.246907210 0.300270319 -0.261107980 -0.649229092 0.648199001
245.517512665 -0.122113327 -0.116182767 0.251360060 0.320842159 -0.258458985 -0.626400491 0.661726293
245.557509800 -0.125377769 -0.112652270 0.254992942 0.337713038 -0.255334407 -0.609169755 0.670571737
245.597523915 -0.129428554 -0.109849568 0.258243545 0.348120890 -0.251486749 -0.600330395 0.674662640
245.637715165 -0.133583688 -0.107958794 0.261066647 0.354502366 -0.245283616 -0.595396530 0.677987457
245.677537040 -0.136948659 -0.106738999 0.263366035 0.362797538 -0.236286832 -0.589328293 0.682084044
245.717523706 -0.139515893 -0.106165866 0.265466223 0.372737379 -0.225012230 -0.580042005 0.688467584
245.757533394 -0.142063176 -0.106269876 0.267130692 0.380263661 -0.214455844 -0.576722867 0.690506317
245.797531414 -0.144655443 -0.106872138 0.268337930 0.384848399 -0.206849526 -0.581515788 0.686253868
245.837521362 -0.146851703 -0.108073491 0.269251817 0.387281800 -0.205543258 -0.591286333 0.676864277
245.877550060 -0.148190360 -0.109541781 0.269802512 0.387705965 -0.206954533 -0.601585383 0.667044925
245.917624748 -0.148065795 -0.110726335 0.269951961 0.390354895 -0.204962449 -0.605273379 0.662765107
245.957578654 -0.146731925 -0.111069462 0.269401556 0.398055057 -0.194695580 -0.600287539 0.665808286
245.997528341 -0.144365716 -0.110200935 0.268276939 0.411334599 -0.176650717 -0.585949042 0.675471755
246.037532248 -0.140098807 -0.108348305 0.266299245 0.432836252 -0.153061993 -0.561965809 0.688054674
246.077671519 -0.134847109 -0.105119340 0.264234082 0.456550945 -0.128503146 -0.531910028 0.701512579
246.117603758 -0.129650613 -0.102019133 0.261780387 0.475217963 -0.103939579 -0.504721404 0.713176525
246.157527664 -0.125068045 -0.099241727 0.259316852 0.487072311 -0.084059077 -0.485693378 0.720969194
246.197536883 -0.121498619 -0.097616504 0.256811418 0.490113015 -0.071916955 -0.478524591 0.725004414
246.237716466 -0.118728466 -0.096686122 0.254071186 0.486714788 -0.068058318 -0.483353055 0.724462977
246.277535893 -0.116327128 -0.096508984 0.251321178 0.480432322 -0.071589466 -0.491525628 0.722815529
246.317684227 -0.114293899 -0.097329951 0.248411843 0.470524144 -0.082928726 -0.503781421 0.719676411
246.357598810 -0.113151221 -0.100037320 0.245584335 0.451440820 -0.109053694 -0.526002498 0.712481474
246.397574435 -0.112281050 -0.104010733 0.242538123 0.424430411 -0.154305494 -0.559310310 0.695140718
246.437535737 -0.112082937 -0.108428275 0.239439412 0.389779310 -0.211838389 -0.596399724 0.668957365
246.477595320 -0.112460697 -0.112349627 0.235578628 0.349115078 -0.271267385 -0.630936949 0.637535281
246.517538289 -0.112486459 -0.114763008 0.230299369 0.311842291 -0.327134862 -0.656061664 0.604417290
246.557683289 -0.111721673 -0.116031894 0.223804602 0.281051926 -0.374415343 -0.672598680 0.573091599
246.597653758 -0.109832570 -0.116455361 0.216120235 0.261703775 -0.411704122 -0.681054948 0.546054034
246.637591675 -0.107453620 -0.117367374 0.207682512 0.247533504 -0.440769169 -0.685158687 0.524411363
246.677544695 -0.105373221 -0.118331703 0.199993949 0.235762132 -0.460925291 -0.690915992 0.504578225
246.717556570 -0.102551913 -0.118995757 0.193191297 0.226776564 -0.476497973 -0.694441350 0.489155684
246.757531362 -0.098528760 -0.119490844 0.186991162 0.222669911 -0.488922612 -0.695440590 0.477216069
246.797528029 -0.094405771 -0.119349803 0.181394106 0.219120590 -0.497422760 -0.696350848 0.468670739
246.837550372 -0.090462592 -0.118865277 0.175781222 0.216934893 -0.501827169 -0.698075771 0.462383999
246.877773029 -0.086867558 -0.118238190 0.170484281 0.214896742 -0.501541977 -0.701318384 0.458723839
246.917553029 -0.083433921 -0.117373824 0.165715424 0.215391166 -0.497068418 -0.704595339 0.458339438
246.957555685 -0.080279655 -0.116545624 0.161292251 0.214316330 -0.486845883 -0.709728799 0.461881617
246.997632299 -0.077117276 -0.115437465 0.156897981 0.213926655 -0.473851600 -0.714072408 0.468829013
247.037634956 -0.073963066 -0.114492780 0.152538250 0.213628859 -0.461790620 -0.715352358 0.478939597
247.077545893 -0.071043629 -0.114108989 0.148426353 0.213451702 -0.452214933 -0.715113156 0.488419083
247.117540529 -0.068923266 -0.114717469 0.143968536 0.210055852 -0.439104627 -0.719678120 0.495103090
247.157625685 -0.066466833 -0.116418263 0.138616711 0.208397397 -0.426129404 -0.726790848 0.496748749
247.197619539 -0.063694246 -0.118026489 0.133939590 0.210355337 -0.421111755 -0.727671416 0.498908641
247.237620528 -0.062253858 -0.118323967 0.131003635 0.209787216 -0.419001256 -0.727952706 0.500511868
247.277541570 -0.062147435 -0.117122700 0.129432425 0.208381980 -0.419995932 -0.727765587 0.500537329
247.317543758 -0.061708880 -0.115862519 0.127952460 0.209834902 -0.424744800 -0.724979436 0.499965986
247.357669278 -0.062059779 -0.114719995 0.127518311 0.211768076 -0.433662101 -0.721635086 0.496320730
247.397541831 -0.062580500 -0.113856574 0.128012315 0.214722367 -0.437860133 -0.719897390 0.493883141
247.437541883 -0.061747957 -0.113514007 0.128340443 0.215365117 -0.431893749 -0.715989339 0.504425339
247.477598549 -0.060406113 -0.113072413 0.127291355 0.216923378 -0.422985074 -0.713065133 0.515330953
247.517572664 -0.060328357 -0.112427140 0.125728339 0.220181977 -0.415184437 -0.713714934 0.519377294
247.557604070 -0.060931135 -0.112428082 0.124575877 0.219966789 -0.402100669 -0.717932203 0.523930353
247.597582872 -0.062218497 -0.112169863 0.123320682 0.219027130 -0.384859035 -0.725162960 0.527303822
247.637564643 -0.063244566 -0.111085834 0.121715503 0.216080753 -0.368272594 -0.732798995 0.529801885
247.677566622 -0.064938442 -0.110289584 0.119363698 0.211201300 -0.351964731 -0.740957496 0.531504306
247.717568289 -0.065679368 -0.112485461 0.116278440 0.206182584 -0.352921954 -0.741166271 0.532548022
247.757571778 -0.066169847 -0.115443567 0.114141327 0.200627361 -0.361447714 -0.738585930 0.532536418
247.797601674 -0.067070543 -0.117841173 0.113765375 0.194331268 -0.372550779 -0.735899499 0.530936157
247.837577455 -0.067663821 -0.119885913 0.113818044 0.189190438 -0.373903216 -0.738990078 0.527538650
247.877654903 -0.067303328 -0.121657572 0.114074542 0.187404528 -0.360736240 -0.745216432 0.528584314
247.917547820 -0.066410052 -0.122664513 0.114363617 0.186521111 -0.347574509 -0.751395464 0.528967572
247.957625372 -0.065460202 -0.124009928 0.113347725 0.186342224 -0.338680548 -0.757014490 0.526783755
247.997623653 -0.061814644 -0.127039546 0.111042627 0.192659463 -0.340088229 -0.756901102 0.523758580
248.037563966 -0.055692920 -0.130309374 0.108367014 0.203212191 -0.343618641 -0.754679296 0.520663227
248.077572559 -0.048418077 -0.133123169 0.104848784 0.213920846 -0.343751293 -0.752819819 0.518975182
248.117589070 -0.040340217 -0.135800087 0.100848816 0.222355703 -0.342437192 -0.750844008 0.519160849
248.157571622 -0.032132602 -0.138659568 0.096776316 0.227335091 -0.340182555 -0.747110825 0.523851124
248.197647091 -0.024395957 -0.142096454 0.092568302 0.226976906 -0.340304251 -0.741794859 0.531427219
248.237545945 -0.017054385 -0.145809767 0.087828587 0.223323984 -0.340839735 -0.734683446 0.542397370
248.277564955 -0.010492990 -0.149063381 0.082590026 0.217553791 -0.339126744 -0.727233194 0.555693514
248.317562768 -0.005030045 -0.151118435 0.077706280 0.211983527 -0.336659263 -0.722002052 0.566071164
248.357577507 -0.000921325 -0.151484087 0.074715326 0.210892773 -0.334080977 -0.718685391 0.572193541
248.397565111 0.001265189 -0.150730023 0.074707391 0.213722519 -0.334222585 -0.716907156 0.573290571
248.437577351 0.001214811 -0.149843377 0.077914559 0.215556548 -0.337425867 -0.715125584 0.572952492
248.477611934 -0.001384719 -0.149495381 0.084209980 0.214040402 -0.341150240 -0.711538847 0.575773991
248.517569382 -0.006533838 -0.149587272 0.093058569 0.209377598 -0.344314311 -0.708387094 0.579479423
248.557555320 -0.012942169 -0.149811472 0.103831026 0.205733578 -0.347897149 -0.705983085 0.581574717
248.597597247 -0.020177378 -0.149346838 0.115377135 0.206346819 -0.348892528 -0.704192574 0.582930367
248.637568861 -0.028198103 -0.148151658 0.127527872 0.210115998 -0.350000573 -0.704249396 0.580847359
248.677569486 -0.036494640 -0.146225167 0.140041205 0.216043099 -0.352658994 -0.704368272 0.576907576
248.717567038 -0.045132074 -0.144380507 0.152801886 0.221502022 -0.355777484 -0.703877883 0.573511257
248.757585736 -0.054540844 -0.142169663 0.165538533 0.225134877 -0.359625118 -0.703537948 0.570103865
248.797578288 -0.064661155 -0.139438513 0.178072572 0.227159285 -0.363702024 -0.703227325 0.567089787
248.837606153 -0.075270441 -0.135886552 0.190123944 0.228583883 -0.367843750 -0.701996190 0.565368670
248.877571674 -0.086477332 -0.132215557 0.201016509 0.228870138 -0.371062294 -0.701572588 0.563672899
248.917606257 -0.097896188 -0.127989847 0.211013242 0.228188152 -0.373067716 -0.702317859 0.561694108
248.957572924 -0.109069176 -0.123034359 0.219940527 0.228482648 -0.374557898 -0.702337229 0.560557291
248.997570736 -0.120085459 -0.117403905 0.227901901 0.230020789 -0.375628727 -0.703129331 0.558213795
249.037571153 -0.130704734 -0.111289065 0.235150355 0.233758951 -0.377649460 -0.704637665 0.553374556
249.077648184 -0.140671030 -0.104845813 0.242088399 0.239641701 -0.380839732 -0.704582102 0.548723077
249.117592090 -0.149735318 -0.098761710 0.248500408 0.245836301 -0.385897584 -0.702593621 0.544986028
249.157590736 -0.159196264 -0.092673647 0.255823587 0.250672325 -0.394540487 -0.699398593 0.540687338
249.197572871 -0.169279583 -0.086095747 0.263045383 0.254377239 -0.402504348 -0.695127024 0.538591580
249.237639694 -0.180126427 -0.079214150 0.269826483 0.256695401 -0.408043408 -0.690863147 0.538809947
249.277573340 -0.191692063 -0.072789385 0.276161143 0.253989245 -0.412811932 -0.688828383 0.539065145
249.317583913 -0.202800790 -0.067010763 0.282071087 0.246886100 -0.417483578 -0.687715707 0.540186839
249.357664746 -0.213094671 -0.062284888 0.287836729 0.238669253 -0.421773418 -0.686489846 0.542103184
249.397584955 -0.222462406 -0.058182245 0.293285948 0.230579843 -0.425951522 -0.685597883 0.543464607
249.437662038 -0.232120084 -0.053470038 0.298624389 0.222933569 -0.427355933 -0.685841784 0.545241760
249.477596517 -0.240534625 -0.049426739 0.302738884 0.215017955 -0.426349467 -0.687604124 0.546986270
249.517603392 -0.247972580 -0.045740494 0.306525714 0.208742299 -0.425866631 -0.689709644 0.547142461
249.557596726 -0.253967355 -0.042255073 0.309859577 0.206004102 -0.426868406 -0.690967153 0.545811385
249.597589173 -0.258321126 -0.039656187 0.312668709 0.205061340 -0.427414870 -0.691496290 0.545068121
249.637609955 -0.260136749 -0.039039370 0.314105638 0.204105634 -0.428714156 -0.690125452 0.546142769
249.677627559 -0.258808022 -0.039819749 0.313368244 0.202862479 -0.428269815 -0.689283738 0.548014333
249.717596830 -0.254647227 -0.042198633 0.310369267 0.200525490 -0.427030839 -0.689177952 0.549970855
249.757693236 -0.249245712 -0.045015716 0.306253529 0.199820526 -0.425252113 -0.688022616 0.553043650
249.797621986 -0.240236855 -0.048082299 0.298997960 0.201171849 -0.420931312 -0.688773830 0.554921011
249.837608861 -0.229161807 -0.051374243 0.290751005 0.204695207 -0.416932835 -0.690622821 0.554352778
249.877608132 -0.215971602 -0.055655456 0.282307078 0.209936664 -0.414780346 -0.689591075 0.555290925
249.917628080 -0.201183874 -0.060854449 0.273796514 0.215358925 -0.413994884 -0.687228893 0.556727238
249.957595580 -0.185172220 -0.066657600 0.265038209 0.221560930 -0.413743354 -0.685044282 0.557172794
249.997681413 -0.168635419 -0.072753551 0.255910253 0.228138170 -0.413126752 -0.682731801 0.557814082
250.037605684 -0.151875564 -0.078911516 0.246711986 0.234412628 -0.411658357 -0.679434823 0.560318158
250.077757715 -0.135057301 -0.085072385 0.237445910 0.239314283 -0.409253410 -0.676668755 0.563346888
250.117615944 -0.118919939 -0.091196748 0.228324109 0.242471186 -0.406869231 -0.674734732 0.566037273
250.157597611 -0.103394803 -0.097495615 0.219218558 0.243592954 -0.404114307 -0.672875820 0.569729963
250.197589642 -0.088782697 -0.103651208 0.209793925 0.243263051 -0.400814882 -0.672108136 0.573097873
250.237584277 -0.075318658 -0.109551241 0.200112846 0.240918934 -0.395482476 -0.673109097 0.576607164
250.277613652 -0.062436500 -0.115632291 0.190509859 0.237895093 -0.390665990 -0.672814998 0.581468819
250.317622038 -0.050368013 -0.121332738 0.180599976 0.234491537 -0.385806452 -0.672309734 0.586657244
250.357618548 -0.038841821 -0.126690224 0.170817604 0.229729400 -0.380197275 -0.671216087 0.593416716
250.397714850 -0.027324025 -0.131978763 0.161175716 0.226305598 -0.377108531 -0.668706273 0.599505507
250.437600059 -0.015888376 -0.136947961 0.151608794 0.226702424 -0.377169917 -0.665798291 0.602545849
250.477611413 -0.005360279 -0.141040093 0.142276262 0.230608849 -0.376541551 -0.664987156 0.602352140
250.517612194 0.004739434 -0.144891572 0.133915847 0.237819258 -0.379943122 -0.664587019 0.597837200
250.557611777 0.014447465 -0.148572884 0.126535691 0.248906060 -0.387929321 -0.661901975 0.591136524
250.597602715 0.022384879 -0.151586601 0.119962047 0.258673676 -0.394840350 -0.660380498 0.584026220
250.637723965 0.027729451 -0.154197376 0.114691625 0.262322551 -0.397462341 -0.660171439 0.580847861
250.677676413 0.031774080 -0.157333431 0.111412829 0.261658456 -0.401138549 -0.657295174 0.581881234
250.717617871 0.036178954 -0.160941241 0.110432542 0.262754995 -0.411656805 -0.650152122 0.582065895
250.757595110 0.040457708 -0.163990086 0.111132457 0.266808414 -0.423192556 -0.643084490 0.579796231
250.797602142 0.044822823 -0.166402029 0.113454891 0.274220981 -0.436443616 -0.636970279 0.573226558
250.837595735 0.050393639 -0.168316198 0.117176584 0.288921532 -0.454436767 -0.628235504 0.561544054
250.877627090 0.055357291 -0.169528662 0.121252249 0.304676168 -0.471989020 -0.619787296 0.547962138
250.917617298 0.057878602 -0.169839061 0.125518326 0.314572060 -0.482711003 -0.614714285 0.538665809
250.957609121 0.057162480 -0.169752766 0.129444471 0.315041111 -0.487903552 -0.612477878 0.536255603
250.997619954 0.052741559 -0.169232259 0.132732058 0.306452779 -0.486314146 -0.614338902 0.540530257
251.037688444 0.046855758 -0.168905191 0.136907819 0.295863200 -0.487488673 -0.615529519 0.544006592
251.077661412 0.041520809 -0.168552196 0.141000198 0.291005071 -0.493614226 -0.613593163 0.543290414
251.117606412 0.035664373 -0.167798290 0.145149915 0.289931920 -0.499007898 -0.614071020 0.538374759
251.157632610 0.030015904 -0.166965324 0.148941832 0.291729332 -0.506747169 -0.615999230 0.527869541
251.197627975 0.024573872 -0.165613617 0.151444762 0.294966269 -0.509855004 -0.618600051 0.519977647
251.237603444 0.020506372 -0.164157937 0.154073086 0.300901011 -0.510539071 -0.618540577 0.515961232
251.277716881 0.017878124 -0.163178485 0.156105141 0.307018193 -0.513563546 -0.616146830 0.512206401
251.317649902 0.014907508 -0.161959546 0.156889559 0.307179957 -0.511097474 -0.618225356 0.512071533
251.357620475 0.012354226 -0.160382755 0.157213571 0.304531867 -0.504144382 -0.621443177 0.516630585
251.397604537 0.011174602 -0.158590761 0.156626277 0.304131070 -0.497316107 -0.622550149 0.522122872
251.437663444 0.009940257 -0.156075214 0.155142447 0.303819505 -0.486217266 -0.626616239 0.527862262
251.477608808 0.007860828 -0.153120401 0.153110807 0.301975373 -0.472923241 -0.634237948 0.531880350
251.517619016 0.004334212 -0.149830914 0.150966300 0.296859197 -0.460153590 -0.644578831 0.533527339
251.557646933 -0.000181690 -0.146881071 0.150089158 0.291265091 -0.450762807 -0.649649303 0.538454568
251.597750058 -0.006549476 -0.144070801 0.150534921 0.283551933 -0.443520630 -0.652655300 0.544911747
251.637666100 -0.015217601 -0.141077240 0.153089764 0.272904249 -0.437392294 -0.657732862 0.549180056
251.677644225 -0.025552207 -0.137632116 0.157670388 0.262632721 -0.433199624 -0.662282199 0.552036619
251.717618964 -0.036679491 -0.133733670 0.164008548 0.254937459 -0.430251876 -0.665267175 0.554355303
251.757678391 -0.048348248 -0.129344141 0.171489771 0.250979340 -0.430041779 -0.668216926 0.552774438
251.797620110 -0.060350377 -0.124414040 0.179228746 0.249993047 -0.432497936 -0.671713211 0.547037817
251.837610110 -0.072442330 -0.118904488 0.186756493 0.252153481 -0.435185548 -0.674024486 0.541038956
251.877642558 -0.085093446 -0.112742513 0.193449458 0.255528247 -0.437022896 -0.676855482 0.534399626
251.917632818 -0.098169735 -0.105873905 0.199103980 0.258810995 -0.435400632 -0.680243327 0.529822776
251.957797662 -0.110664373 -0.098942246 0.204081073 0.261473506 -0.432400013 -0.682417731 0.528174095
251.997635475 -0.120651934 -0.091957130 0.207929775 0.268494068 -0.430344557 -0.682228373 0.526572830
252.037638964 -0.127654250 -0.084263796 0.210604928 0.281258127 -0.430956681 -0.681348723 0.520513326
252.077644954 -0.132082859 -0.075853725 0.212394712 0.295756946 -0.430369448 -0.680320782 0.514269968
252.117617922 -0.134403330 -0.067086697 0.213802388 0.307553703 -0.428947232 -0.677239048 0.512603418
252.157618495 -0.135087885 -0.057780169 0.214939634 0.314870860 -0.426072749 -0.672781967 0.516413380
252.197647766 -0.133731781 -0.047891272 0.215974741 0.316523809 -0.424488350 -0.667721223 0.523231008
252.237670422 -0.130393233 -0.036675211 0.216931391 0.316004428 -0.422957039 -0.660828723 0.533435978
252.277761672 -0.124709066 -0.023831985 0.217881749 0.316090215 -0.422243708 -0.652418186 0.544194577
252.317621256 -0.116534289 -0.009139623 0.218855055 0.320074435 -0.422483239 -0.642740570 0.553122797
252.357624224 -0.105736128 0.006805316 0.219691947 0.327380784 -0.425062392 -0.631062441 0.560271346
252.397689849 -0.093098880 0.023789518 0.220505828 0.335774710 -0.427826853 -0.617393057 0.568370778
252.437631516 -0.079875900 0.041953683 0.220814873 0.344172393 -0.428143344 -0.604352061 0.577059119
252.477634693 -0.066237976 0.061110500 0.220708397 0.353049006 -0.425441554 -0.590669562 0.587763007
252.517675943 -0.053102016 0.080856008 0.219992296 0.361991774 -0.422332069 -0.578211958 0.596882326
252.557676985 -0.040568984 0.100503745 0.218564500 0.370544500 -0.417850844 -0.566494261 0.605955195
252.597650631 -0.029158535 0.119680991 0.215934491 0.378505311 -0.412981922 -0.558324410 0.611926070
252.637620162 -0.019469247 0.138093062 0.212136236 0.386512416 -0.405150006 -0.551723422 0.618112361
252.677684589 -0.011450561 0.155141903 0.207210617 0.395193572 -0.396486850 -0.544168953 0.624900287
252.717636985 -0.005048876 0.170356071 0.201830823 0.404004941 -0.387174108 -0.535915290 0.632195397
252.757624068 -0.000872795 0.182770862 0.196275495 0.407685786 -0.380388086 -0.530872820 0.638178074
252.797648599 0.001571795 0.191719617 0.190927917 0.407620918 -0.375311491 -0.526157044 0.645093200
252.837655943 0.002746258 0.197556651 0.186412074 0.405227748 -0.373406608 -0.521994998 0.651060058
252.877664589 0.003009936 0.199195702 0.181953140 0.402162405 -0.371408591 -0.520043793 0.655648924
252.917634745 0.002845401 0.197224250 0.177938095 0.399142336 -0.368210811 -0.521955201 0.657775769
252.957651568 0.002829977 0.191405241 0.174744650 0.398781493 -0.366335091 -0.527058713 0.654966438
252.997656880 0.002946833 0.182250029 0.172085094 0.400021443 -0.365915394 -0.533859343 0.648909063
253.037646985 0.002672880 0.169872311 0.169714075 0.400441900 -0.366159103 -0.541493198 0.642151783
253.077650943 0.002170472 0.153990081 0.167334641 0.399711456 -0.369406596 -0.548407045 0.634837957
253.117686828 0.001369107 0.136283727 0.164881094 0.398488054 -0.373230203 -0.552299149 0.629977886
253.157684380 0.000342681 0.116923208 0.162104550 0.395699792 -0.374643317 -0.554520251 0.628944632
253.197634276 -0.001055830 0.096386601 0.158977550 0.391423001 -0.377238248 -0.557341604 0.627574438
253.237668964 -0.002117530 0.075103536 0.155873427 0.387850756 -0.381693256 -0.560155376 0.624586267
253.277672089 -0.003641779 0.053483318 0.152655862 0.383457255 -0.386694598 -0.565167426 0.619688311
253.317673964 -0.005697477 0.032007336 0.149536205 0.378562297 -0.390553632 -0.571644032 0.614313885
253.357644276 -0.008159316 0.010595007 0.146540587 0.373158245 -0.394536383 -0.578334619 0.608788169
253.397638130 -0.010776732 -0.010581944 0.143662420 0.367449850 -0.398111466 -0.584919364 0.603620084
253.437726984 -0.013221212 -0.031390744 0.140782700 0.362384075 -0.401729229 -0.591366361 0.597977621
253.477723599 -0.015688394 -0.051560001 0.137847061 0.357368168 -0.405824533 -0.597925740 0.591674953
253.517720057 -0.018321982 -0.071346424 0.135070560 0.351635628 -0.410414212 -0.604411200 0.585320135
253.557659432 -0.021527366 -0.090417949 0.132876836 0.344609163 -0.417591376 -0.611129715 0.577392794
253.597639120 -0.024968141 -0.108567245 0.131283534 0.336368644 -0.425121595 -0.615497237 0.572093451
253.637710318 -0.029441114 -0.126234208 0.130824276 0.324397742 -0.435847112 -0.621325387 0.564586719
253.677711932 -0.035779443 -0.143420272 0.131315864 0.305961218 -0.454281026 -0.634039423 0.545903374
253.717666828 -0.044354340 -0.159093078 0.132724715 0.281008644 -0.473145650 -0.647900896 0.526679944
253.757661516 -0.055493277 -0.173198177 0.134996525 0.249360633 -0.488406491 -0.663280528 0.509251721
253.797656255 -0.068641987 -0.185725544 0.138705570 0.210449098 -0.505918140 -0.680125085 0.487019385
253.837765838 -0.083062595 -0.195589141 0.142538857 0.168307270 -0.525810994 -0.699975949 0.453022220
253.877697245 -0.097325606 -0.203074425 0.145428057 0.132595740 -0.546888072 -0.716902076 0.411561928
253.917650526 -0.112579251 -0.207635896 0.146271062 0.098855509 -0.565710997 -0.737922643 0.354497997
253.957728026 -0.127769745 -0.207817683 0.145334776 0.063280437 -0.579453498 -0.763338146 0.278467423
253.997656203 -0.139540293 -0.208796847 0.144630879 0.035226670 -0.602216595 -0.772293952 0.199138913
254.037680370 -0.149302118 -0.213418306 0.145174268 0.017142742 -0.638029119 -0.758570447 0.131132936
254.077667609 -0.159324205 -0.219612284 0.147448491 0.001522146 -0.675865171 -0.732956575 0.077321491
254.117811151 -0.171651067 -0.224258461 0.151016653 -0.015138429 -0.704410166 -0.708459788 0.040766104
254.157696255 -0.184000170 -0.226873926 0.154113643 -0.033446925 -0.717598952 -0.695284803 0.022629414
254.197688599 -0.195921129 -0.229112993 0.157400427 -0.049222660 -0.720303675 -0.691721780 0.016146960
254.237660213 -0.206282007 -0.229984895 0.159150903 -0.061990321 -0.719622430 -0.691472072 0.012927940
254.277752817 -0.214654993 -0.229334089 0.159094131 -0.070844004 -0.717378221 -0.693023546 0.008245018
254.317650265 -0.219954261 -0.229442130 0.157526346 -0.072832190 -0.711556263 -0.698824699 0.005215036
254.357657192 -0.221569868 -0.229248397 0.155128310 -0.064815824 -0.701938862 -0.709187771 0.011552023
254.397735317 -0.219912239 -0.229661719 0.153104899 -0.045909879 -0.693025406 -0.718878130 0.028675842
254.437799015 -0.215516193 -0.230305392 0.152044538 -0.023134838 -0.686375697 -0.725156419 0.050013505
254.477782297 -0.208322167 -0.230689991 0.151472691 0.003325508 -0.683801031 -0.725887977 0.074106245
254.517687036 -0.199850163 -0.231717219 0.151296844 0.031617578 -0.682791559 -0.723051853 0.099960161
254.557670838 -0.189786699 -0.231431550 0.151094472 0.059251973 -0.680138599 -0.719727401 0.126068072
254.597739901 -0.179044378 -0.230575717 0.150629090 0.084189838 -0.676069608 -0.715531442 0.154456183
254.637667609 -0.166836382 -0.229347383 0.150357257 0.114437584 -0.671845658 -0.707643002 0.186464026
254.677669276 -0.153288377 -0.226798157 0.149284320 0.147952983 -0.663612076 -0.699928978 0.218696946
254.717877401 -0.140187769 -0.222163607 0.147771370 0.177458635 -0.650467147 -0.695334281 0.248819538
254.757683182 -0.125770997 -0.216464938 0.146068157 0.208770819 -0.636570195 -0.688140047 0.278668992
254.797745890 -0.109915125 -0.209301767 0.144275991 0.244860785 -0.622445785 -0.676871791 0.307325592
254.837680057 -0.094033341 -0.199818698 0.142398428 0.280811717 -0.602929111 -0.665209426 0.339289975
254.877660109 -0.078994861 -0.188793685 0.141441333 0.313822130 -0.581046836 -0.652545121 0.371598050
254.917690734 -0.062854299 -0.176974595 0.141144999 0.347658651 -0.563321188 -0.633330146 0.400868592
254.957675369 -0.046052799 -0.164017514 0.141582863 0.383200695 -0.545821538 -0.609032741 0.429319458
254.997675942 -0.030594634 -0.148805232 0.142180946 0.415193165 -0.523439682 -0.581498978 0.464203052
255.037680161 -0.016175083 -0.133145539 0.143427935 0.442856781 -0.497165009 -0.550625847 0.503503726
255.077699171 -0.002620443 -0.115743096 0.144323660 0.466225598 -0.468039423 -0.515937522 0.545326750
255.117684067 0.009363599 -0.098415898 0.144892416 0.484793661 -0.434234466 -0.484839469 0.584248426
255.157698286 0.020155293 -0.081238772 0.145952766 0.498433726 -0.403412614 -0.454458093 0.618295985
255.197722609 0.031312139 -0.063489826 0.146846634 0.513876045 -0.378531680 -0.418887284 0.645893660
255.237666880 0.042682454 -0.044269701 0.147673398 0.532893223 -0.353165942 -0.377102647 0.670143435
255.277676932 0.052017507 -0.023667495 0.147567395 0.553364147 -0.322695592 -0.336923315 0.690027794
255.317774900 0.057867105 -0.001646514 0.146069080 0.573305220 -0.281456897 -0.303946542 0.706908508
255.357675786 0.060122014 0.019197312 0.142969603 0.591208757 -0.234726968 -0.277227046 0.720083760
255.397674171 0.059158067 0.036420866 0.139962802 0.603998803 -0.194716200 -0.257654583 0.728618668
255.437682296 0.058677607 0.051329159 0.138374586 0.608684787 -0.164806183 -0.236215388 0.739286171
255.477662036 0.056148702 0.065294858 0.137938018 0.611598312 -0.133470877 -0.207004095 0.751852602
255.517723182 0.050936338 0.078041410 0.136645122 0.615909935 -0.097534752 -0.184190535 0.759747175
255.557682036 0.044953734 0.089283667 0.134951930 0.623405886 -0.065767725 -0.172128515 0.759875965
255.597676307 0.041425552 0.097661447 0.133455949 0.629486759 -0.044859787 -0.164752024 0.758017671
255.637700786 0.040471443 0.101122504 0.132273881 0.628214301 -0.038283577 -0.154919805 0.761499189
255.677755734 0.040275842 0.101724291 0.130525601 0.620950358 -0.037758435 -0.149763432 0.768482835
255.717728025 0.039880122 0.102782935 0.129118510 0.616845756 -0.038461473 -0.150186515 0.771664460
255.757675890 0.040256166 0.108038992 0.127172861 0.618884069 -0.039115166 -0.158577196 0.768313599
255.797681775 0.041192853 0.107163081 0.127925572 0.622203265 -0.050599840 -0.177037759 0.760894464
255.837716359 0.044292865 0.104452282 0.130038578 0.624586515 -0.076393055 -0.198498170 0.751434803
255.877702556 0.048431052 0.097942159 0.132963778 0.622827593 -0.111455884 -0.227262782 0.740280354
255.917682921 0.051229736 0.087789894 0.135418204 0.614799381 -0.150447910 -0.267042066 0.726688160
255.957694015 0.050701803 0.074864416 0.137323364 0.599180222 -0.194787924 -0.313905069 0.710284685
255.997686619 0.046613306 0.061499430 0.138459543 0.582180293 -0.235582391 -0.358376217 0.690748529
256.037712088 0.040298299 0.047367607 0.137789300 0.563117031 -0.269002479 -0.395406909 0.673936386
256.077692036 0.033096291 0.032417415 0.136013936 0.541420883 -0.295605538 -0.421682027 0.664578860
256.117679692 0.025785352 0.015873645 0.134402442 0.518179180 -0.322059075 -0.441192991 0.658116277
256.157697400 0.017979938 -0.001272605 0.133192314 0.494118979 -0.352820306 -0.460568509 0.647488158
256.197684796 0.009760017 -0.017362932 0.131934582 0.474963642 -0.384256280 -0.486800137 0.624325457
256.237710160 0.000613336 -0.032474300 0.130564709 0.456220546 -0.415863531 -0.522843216 0.587839526
256.277775785 -0.008795579 -0.042846995 0.127466791 0.443172067 -0.433775191 -0.557710905 0.551721079
256.317691515 -0.016301795 -0.050794455 0.123738124 0.438339288 -0.437228459 -0.584484414 0.524469173
256.357808806 -0.022417834 -0.058627691 0.120228808 0.434746974 -0.437873645 -0.604690518 0.503598170
256.397720525 -0.026269214 -0.066768960 0.116938532 0.431555321 -0.445292763 -0.613556520 0.488899536
256.437688494 -0.029589928 -0.077385410 0.114612096 0.422737403 -0.457890573 -0.614573960 0.483661202
256.477726306 -0.032515895 -0.084843535 0.112124924 0.415251512 -0.461647892 -0.613890370 0.487427964
256.517709431 -0.034628517 -0.089776157 0.108826744 0.410727912 -0.458343791 -0.615590209 0.492211587
256.557688754 -0.035012789 -0.092234911 0.105093911 0.410887482 -0.455875918 -0.619964645 0.488868555
256.597751046 -0.034027448 -0.094048170 0.102304316 0.413762967 -0.458187427 -0.623610913 0.479555959
256.637735994 -0.033025294 -0.095100981 0.100403273 0.413442828 -0.460429304 -0.626801808 0.473486408
256.677776567 -0.032921357 -0.096039850 0.099581659 0.408801593 -0.462094878 -0.628989462 0.472992429
256.717737556 -0.032024863 -0.096344329 0.099948639 0.404672091 -0.466929664 -0.627208992 0.474158273
256.757708806 -0.030312307 -0.096217489 0.101227840 0.402626011 -0.473820959 -0.623057747 0.474536656
256.797694900 -0.028467088 -0.095620211 0.102532188 0.399471350 -0.479131778 -0.619547072 0.476462806
256.837695889 -0.027637611 -0.095033624 0.103761629 0.393497648 -0.479979787 -0.617845092 0.482748845
256.877715785 -0.027125053 -0.094507178 0.104358624 0.386096444 -0.477316268 -0.617286912 0.491991447
256.917717087 -0.026621523 -0.093908998 0.104571796 0.382825927 -0.472706347 -0.617194324 0.499063307
256.957766931 -0.026177105 -0.093578125 0.104441438 0.382422127 -0.469818402 -0.618798473 0.500112423
256.997694691 -0.025354909 -0.093779531 0.105134740 0.384878900 -0.471000187 -0.618989784 0.496868899
257.037684223 -0.024212050 -0.094435876 0.106361464 0.389061957 -0.475267542 -0.616835978 0.492204158
257.077732191 -0.023260029 -0.095350120 0.108206778 0.392361644 -0.478038139 -0.613415851 0.491174991
257.117707035 -0.022336103 -0.096974931 0.110427469 0.393230197 -0.483868750 -0.608913991 0.490372100
257.157706514 -0.021283507 -0.098994252 0.112713140 0.392866455 -0.491838428 -0.602435780 0.490736222
257.197703181 -0.019961981 -0.101386652 0.115002593 0.392421926 -0.501772843 -0.594410241 0.490821262
257.237733025 -0.017603913 -0.104305587 0.117881430 0.396537717 -0.517294743 -0.581525847 0.486817910
257.277734587 -0.014148697 -0.107483989 0.121737024 0.405590700 -0.539846799 -0.563883761 0.475496290
257.317841306 -0.010604841 -0.110052977 0.126017122 0.419163878 -0.562404028 -0.547096208 0.456825012
257.357735004 -0.008943097 -0.111830461 0.130564893 0.431917333 -0.578122942 -0.540615323 0.432384499
257.397725108 -0.008594210 -0.113640193 0.136261512 0.441648079 -0.594481831 -0.537382049 0.403433836
257.437710160 -0.008976313 -0.116408147 0.144799768 0.448119515 -0.616261075 -0.525753489 0.378146079
257.477703025 -0.011748843 -0.120131991 0.154749597 0.444294216 -0.640075364 -0.511276041 0.362633407
257.517727295 -0.016181275 -0.123740732 0.163464118 0.430637852 -0.659381726 -0.498426073 0.362406166
257.557723441 -0.020725486 -0.126756950 0.171418521 0.414901106 -0.675052619 -0.485980059 0.368760649
257.597787764 -0.024958465 -0.129091849 0.179383799 0.404275627 -0.692137540 -0.475009806 0.363142572
257.637758597 -0.028774637 -0.130283390 0.187028385 0.399390682 -0.709293723 -0.467872324 0.344216479
257.677716150 -0.032664550 -0.130452573 0.194547587 0.397872928 -0.724395235 -0.464067025 0.318732603
257.717726722 -0.036222211 -0.130128520 0.202789180 0.396821937 -0.737681878 -0.456771799 0.299528498
257.757723754 -0.039206472 -0.129223853 0.211144318 0.394731665 -0.748389502 -0.444844909 0.293620627
257.797733858 -0.041931142 -0.127847659 0.218414610 0.389671320 -0.755939576 -0.433659840 0.297742780
257.837699483 -0.043584581 -0.125892512 0.223780356 0.384274643 -0.760914862 -0.425537464 0.303742389
257.877836514 -0.043175240 -0.123094894 0.227172972 0.384608430 -0.761951827 -0.420453862 0.307773160
257.917710993 -0.041192278 -0.119817101 0.228120949 0.388581776 -0.759801184 -0.419971898 0.308755518
257.957720681 -0.038762942 -0.117035823 0.226939996 0.391246833 -0.755479752 -0.423816163 0.310734807
257.997708233 -0.036334060 -0.114792269 0.222445515 0.388316137 -0.747250673 -0.435441520 0.318147279
258.037707399 -0.034769671 -0.112740270 0.214071009 0.379296751 -0.731129620 -0.458339505 0.333928662
258.077735316 -0.034088678 -0.110520983 0.200230405 0.363211248 -0.704247264 -0.496283326 0.354705851
258.117716566 -0.035083087 -0.106170859 0.183127082 0.344796273 -0.664873457 -0.545250783 0.376510823
258.157735316 -0.037334268 -0.100054286 0.163148037 0.330200390 -0.620929600 -0.597508985 0.385223502
258.197803389 -0.042441111 -0.090778685 0.142194362 0.313728331 -0.568248749 -0.654436899 0.387788909
258.237810472 -0.049334227 -0.079584530 0.122975271 0.292824374 -0.510927996 -0.707132080 0.391370273
258.277716670 -0.056520248 -0.069171699 0.107047231 0.271436831 -0.457735903 -0.744760067 0.402656594
258.317726201 -0.059492012 -0.063045350 0.096467582 0.259850506 -0.422459408 -0.761062186 0.418079073
258.357732035 -0.057422073 -0.060836989 0.089437944 0.264048852 -0.414962062 -0.759345141 0.426004280
258.397715733 -0.054465452 -0.060064445 0.085151313 0.269866042 -0.415922886 -0.753615456 0.431560212
258.437735420 -0.052889656 -0.060111247 0.083365664 0.269304496 -0.415995228 -0.750613593 0.437038091
258.477728024 -0.051298371 -0.061161298 0.082772528 0.266543559 -0.418815640 -0.746474368 0.443084651
258.517736305 -0.046487966 -0.064382026 0.083910671 0.271427295 -0.430988094 -0.732195579 0.452179301
258.557951045 -0.036990429 -0.069447125 0.087339737 0.289754672 -0.455167938 -0.705379463 0.459678357
258.597715524 -0.025914025 -0.073611569 0.092838018 0.314762021 -0.481172948 -0.674853144 0.462569669
258.637716462 -0.015007061 -0.076942724 0.099614522 0.340804529 -0.505643085 -0.644245420 0.461654831
258.677732764 -0.006357196 -0.078427400 0.105494625 0.362161020 -0.520930352 -0.619363717 0.462449512
258.717730732 -0.000641232 -0.078226013 0.109820718 0.377844001 -0.525368803 -0.602923969 0.466587847
258.757724795 0.004215679 -0.075828405 0.112119640 0.396740061 -0.521876407 -0.590870601 0.470227893
258.797791722 0.007209152 -0.072126071 0.112318943 0.413665644 -0.512252453 -0.586753687 0.471379116
258.837808441 0.008120491 -0.067225603 0.110961395 0.422885611 -0.497115584 -0.588787551 0.476836531
258.877749534 0.008186112 -0.061018011 0.108346445 0.432576946 -0.475906541 -0.590349903 0.487726503
258.917711566 0.007711529 -0.055141319 0.104893484 0.440219134 -0.455162887 -0.591458981 0.499209509
258.957731357 0.005846845 -0.049565681 0.100828304 0.440982018 -0.437840631 -0.597394913 0.506902120
258.997752659 0.003250271 -0.044312467 0.095879266 0.439395723 -0.420061016 -0.606684878 0.512263214
259.037725264 -0.000589716 -0.040206721 0.091132744 0.429446089 -0.405391604 -0.617517045 0.519525171
259.077723805 -0.004742705 -0.036585860 0.086779821 0.417774078 -0.390603105 -0.625827165 0.530315372
259.117850368 -0.009301359 -0.033345606 0.082914495 0.403465558 -0.375948087 -0.634363614 0.541720762
259.157758857 -0.012582231 -0.028491574 0.079587117 0.396185603 -0.359275098 -0.642412255 0.548876003
259.197784899 -0.012963924 -0.021103603 0.076562017 0.405245242 -0.340841206 -0.647230519 0.548357750
259.237774118 -0.011923978 -0.011781292 0.074109064 0.423254479 -0.318521858 -0.650971176 0.543724195
259.277885055 -0.010020679 -0.001652858 0.072800818 0.445507271 -0.294911780 -0.649629191 0.540862485
259.317781878 -0.006612224 0.007375715 0.072792059 0.468958500 -0.275162751 -0.637301920 0.546085752
259.357731774 -0.000409175 0.013016092 0.075166766 0.491607335 -0.269806361 -0.609730037 0.560139302
259.397740836 0.007792282 0.014733941 0.079844310 0.510271246 -0.282606481 -0.574741941 0.573958652
259.437798232 0.015216355 0.013289563 0.086450686 0.516498004 -0.306174775 -0.544672085 0.585507591
259.477792868 0.021241597 0.009988250 0.094593301 0.515568228 -0.332734657 -0.521501321 0.592885674
259.517743701 0.026145335 0.006216621 0.103360407 0.513584740 -0.360471861 -0.501042847 0.596025853
259.557742243 0.031223980 0.001112435 0.112087845 0.512504549 -0.389030239 -0.479412185 0.596790179
259.597850472 0.033801380 -0.005491783 0.119748460 0.506319762 -0.417246833 -0.469153236 0.591135027
259.637735211 0.033281830 -0.013955639 0.125861738 0.489657253 -0.444646938 -0.476525740 0.579178810
259.677737086 0.031407871 -0.022892403 0.131445956 0.470158799 -0.475137641 -0.487472891 0.561751819
259.717742242 0.029467600 -0.032069137 0.136633210 0.456299259 -0.504329973 -0.492091668 0.543404135
259.757785524 0.026987317 -0.042087140 0.141570336 0.443731356 -0.530386051 -0.493963464 0.527060923
259.797770524 0.021749295 -0.052087992 0.144991308 0.423564753 -0.552480332 -0.504315790 0.510905047
259.837755055 0.014065310 -0.061892785 0.146726341 0.398463426 -0.568354419 -0.523800724 0.493794445
259.877770992 0.003877006 -0.071120781 0.146360682 0.368716958 -0.577889587 -0.552613827 0.474035218
259.917779326 -0.007015628 -0.078513072 0.143449157 0.345966922 -0.577390746 -0.586151478 0.450947071
259.957815367 -0.018679452 -0.083640678 0.137829675 0.325816303 -0.567683367 -0.627295766 0.421994494
259.997780003 -0.031712121 -0.086281856 0.130618437 0.300521101 -0.548220107 -0.673004221 0.395230441
260.037763232 -0.043124894 -0.087811111 0.123809776 0.276457092 -0.529158417 -0.706921327 0.379242777
260.077829430 -0.051103018 -0.089825052 0.118034810 0.263129867 -0.511573002 -0.721093417 0.386108820
260.117800732 -0.055532486 -0.092683598 0.113964555 0.263134230 -0.497955306 -0.717059344 0.410641921
260.157780471 -0.057339747 -0.095101175 0.111460176 0.271215764 -0.491391218 -0.704437762 0.434446912
260.197749065 -0.059180657 -0.095626078 0.110425439 0.280761086 -0.486339414 -0.693867387 0.450771822
260.237773336 -0.063639994 -0.094511184 0.111046221 0.288549680 -0.477722620 -0.689329081 0.461893493
260.277742294 -0.069407565 -0.092745614 0.113254464 0.292304411 -0.467521816 -0.689706438 0.469346900
260.317743648 -0.076105442 -0.090239604 0.116472820 0.295008586 -0.454658347 -0.690136938 0.479548463
260.357764690 -0.082902069 -0.088256118 0.120632606 0.298684140 -0.443148207 -0.689617290 0.488707935
260.397767190 -0.088954837 -0.087200213 0.125417498 0.302670425 -0.439858910 -0.687945268 0.491575083
260.437758596 -0.094110284 -0.086554197 0.130879357 0.306168180 -0.441133874 -0.684712370 0.492778775
260.477750576 -0.099361428 -0.085836868 0.136841509 0.309349876 -0.443265391 -0.681877687 0.492809565
260.517766148 -0.104915188 -0.084147981 0.142574950 0.311940260 -0.444574346 -0.680732517 0.491579257
260.557803284 -0.111107244 -0.081713059 0.148067568 0.312967362 -0.443910795 -0.680879517 0.491322419
260.597767815 -0.116925254 -0.079068529 0.153446567 0.314510190 -0.445309543 -0.679033407 0.491626264
260.637786825 -0.121628803 -0.076770607 0.159071338 0.317191113 -0.450950520 -0.674732968 0.490682024
260.677790836 -0.126307062 -0.074111565 0.164710602 0.320173606 -0.456648776 -0.671233276 0.488269031
260.717770471 -0.131023773 -0.071125799 0.170266735 0.321767205 -0.461507034 -0.669592295 0.484895124
260.757796200 -0.135166669 -0.067488548 0.175111372 0.325219539 -0.464722399 -0.667388469 0.482553598
260.797748700 -0.138930861 -0.063399964 0.179232958 0.328659385 -0.463796973 -0.665118246 0.484244871
260.837763075 -0.142264655 -0.059206487 0.183074200 0.332167213 -0.462733948 -0.663574068 0.484986281
260.877764482 -0.145770541 -0.055287121 0.186650238 0.335541328 -0.462511413 -0.661966432 0.485072833
260.917785471 -0.149448087 -0.051702676 0.190290370 0.338963627 -0.462154581 -0.659056127 0.486992633
260.957851148 -0.154237379 -0.048298486 0.193826241 0.340951231 -0.462423782 -0.657057671 0.488048893
260.997839794 -0.160822390 -0.044807696 0.197087929 0.339120894 -0.460813862 -0.658520758 0.488874233
261.037802763 -0.168375639 -0.040997979 0.200384637 0.337167443 -0.458740290 -0.660282594 0.489798284
261.077780367 -0.176329173 -0.037260623 0.204043662 0.337387560 -0.457254771 -0.659982620 0.491437331
261.117755107 -0.184116366 -0.033402573 0.208148828 0.341149765 -0.459139932 -0.657393073 0.490552452
261.157769377 -0.192884913 -0.028808792 0.212173211 0.345327420 -0.460882958 -0.656007897 0.487841685
261.197781044 -0.203053412 -0.023970594 0.216209490 0.346140181 -0.460676871 -0.657172272 0.485889289
261.237786044 -0.213402331 -0.019255779 0.219881691 0.345467324 -0.462603910 -0.658576428 0.482625154
261.277782398 -0.223932384 -0.014191178 0.223179302 0.343781495 -0.463559433 -0.659768781 0.481281716
261.317787502 -0.233745554 -0.008980866 0.226029647 0.343021156 -0.462919691 -0.660485971 0.481456257
261.357807659 -0.242814634 -0.003576590 0.228056139 0.343490472 -0.461936484 -0.661248643 0.481018932
261.397833336 -0.251302752 0.001324272 0.230298458 0.342996025 -0.460411509 -0.660997189 0.483174592
261.437758283 -0.258952756 0.005880765 0.232816999 0.343462484 -0.460999791 -0.659115279 0.484850249
261.477762554 -0.267176801 0.010261745 0.235542268 0.341166725 -0.460826789 -0.658173505 0.487905292
261.517767242 -0.276082961 0.014421194 0.238332179 0.337499487 -0.459111228 -0.656898025 0.493756987
261.557780783 -0.285573369 0.018338612 0.241244147 0.331927346 -0.457587572 -0.656836507 0.499002660
261.597767815 -0.294370992 0.022263765 0.244206176 0.330442838 -0.457977462 -0.655372322 0.501548896
261.637852033 -0.303371256 0.025914671 0.247412409 0.330691012 -0.458928160 -0.653297154 0.503220852
261.677826981 -0.311435448 0.028915367 0.250157279 0.329358644 -0.458894466 -0.652328849 0.505376914
261.717774325 -0.319206796 0.031432388 0.252877271 0.325920347 -0.459133532 -0.652208426 0.507539649
261.757765471 -0.326174201 0.033817316 0.255453155 0.322886021 -0.459046669 -0.650886810 0.511240779
261.797845731 -0.332367129 0.036257597 0.257749869 0.320965427 -0.458668235 -0.649273631 0.514828511
261.837779065 -0.338285461 0.038568508 0.259686196 0.318268388 -0.457502360 -0.648466983 0.518543533
261.877778648 -0.343708434 0.040973442 0.261228809 0.317420890 -0.457449225 -0.647079337 0.520838282
261.917766044 -0.349296243 0.044003750 0.262052380 0.317891009 -0.456254281 -0.645335840 0.523754704
261.957811148 -0.354803416 0.047154236 0.261925142 0.319624722 -0.452621297 -0.642617385 0.529166227
261.997915315 -0.360069019 0.050099333 0.260895097 0.323377923 -0.450211790 -0.639054343 0.533240668
262.037814221 -0.364400911 0.052840629 0.259490570 0.328082838 -0.449653112 -0.634636440 0.536106630
262.077792450 -0.367167768 0.055556978 0.258395181 0.333174746 -0.449111487 -0.629337586 0.539655134
262.117804585 -0.368541278 0.058542794 0.258486534 0.340799139 -0.450106162 -0.622761963 0.541689881
262.157789794 -0.368101385 0.061446196 0.259660021 0.349829480 -0.453149787 -0.616720179 0.540306234
262.197804742 -0.366752958 0.063643255 0.261611647 0.357328175 -0.459172213 -0.610775682 0.537057278
262.237772242 -0.364952992 0.065027270 0.263308655 0.360505497 -0.464557730 -0.605352326 0.536442414
262.277788075 -0.362673592 0.065367923 0.263987981 0.358681351 -0.468907630 -0.601431159 0.538287920
262.317828387 -0.359639272 0.064841928 0.263102308 0.353655565 -0.471992615 -0.600049593 0.540454622
262.357895054 -0.355232153 0.063610509 0.260501427 0.349134925 -0.474407806 -0.599210109 0.542207786
262.397801200 -0.350066600 0.061972182 0.256263521 0.346189275 -0.473545482 -0.599959669 0.544018435
262.437815783 -0.344631901 0.059700713 0.251139348 0.340776683 -0.472051310 -0.603706201 0.544589420
262.477810991 -0.338470640 0.056440587 0.245232781 0.333385602 -0.471988770 -0.608323779 0.544079793
262.517781668 -0.331815509 0.052049548 0.239019766 0.324784066 -0.471730000 -0.613812910 0.543341356
262.557793231 -0.324336923 0.047048656 0.232066566 0.316916522 -0.473151282 -0.620120934 0.539575584
262.597808335 -0.316772974 0.042023623 0.224439935 0.311905423 -0.473515079 -0.626128655 0.535220875
262.637828596 -0.309649471 0.036114996 0.217887010 0.305901414 -0.473736446 -0.632866571 0.530545009
262.677798596 -0.302784810 0.029481906 0.212423154 0.299985228 -0.477892264 -0.638995567 0.522792991
262.717789793 -0.296050906 0.022402446 0.208227039 0.294645475 -0.482203936 -0.644062616 0.515603292
262.757817658 -0.289132655 0.014752025 0.204729744 0.289242575 -0.487871663 -0.648172775 0.508125996
262.797787033 -0.281693766 0.007040713 0.201263568 0.285706418 -0.494105588 -0.651588105 0.499664340
262.837825731 -0.273961253 -0.001467965 0.197789100 0.280298841 -0.500469555 -0.655362472 0.491388659
262.877828283 -0.265755202 -0.010594422 0.193754233 0.274295783 -0.507558128 -0.657854704 0.484121637
262.917800783 -0.257339006 -0.019991892 0.189682647 0.267185942 -0.512596537 -0.659641749 0.480342820
262.957836147 -0.248473400 -0.029416079 0.185170334 0.260632608 -0.516073271 -0.662293250 0.476557104
262.997800470 -0.239152234 -0.038801956 0.180234187 0.255347484 -0.518301531 -0.666645876 0.470897506
263.037783856 -0.229637112 -0.048623189 0.175437124 0.250409021 -0.520671401 -0.670524307 0.465396356
263.077813335 -0.219770782 -0.058429720 0.170888069 0.247334124 -0.523655627 -0.672237525 0.461202044
263.117839116 -0.210195627 -0.067782038 0.166631219 0.244826873 -0.527152778 -0.673405974 0.456830543
263.157795314 -0.201572611 -0.076072470 0.162763924 0.242124096 -0.528647397 -0.675880066 0.452873038
263.197797606 -0.193682923 -0.083983879 0.159746242 0.237779952 -0.529221391 -0.679035359 0.449773716
263.237790106 -0.186110893 -0.091956934 0.157148700 0.232840386 -0.530698963 -0.682296306 0.445663232
263.277805783 -0.178690253 -0.100343381 0.154893718 0.227081509 -0.531916906 -0.685643819 0.442030480
263.317800835 -0.170702859 -0.109004677 0.152458803 0.223490913 -0.533205132 -0.688133397 0.438425053
263.357793179 -0.162538197 -0.117325884 0.149502235 0.221126694 -0.534163739 -0.690897071 0.434089072
263.397890054 -0.154824700 -0.125550095 0.146259327 0.219432805 -0.535263000 -0.693008691 0.430211250
263.437814897 -0.147751710 -0.133418603 0.141936532 0.218781906 -0.534893626 -0.695879942 0.426350082
263.477814376 -0.141403750 -0.141251961 0.136694809 0.216330095 -0.533662359 -0.701165788 0.420442998
263.517884116 -0.135565329 -0.148887346 0.130587123 0.214257541 -0.531728188 -0.707375633 0.413495530
263.557961408 -0.130056300 -0.156489494 0.123884607 0.212274628 -0.528234281 -0.713533721 0.408384201
263.597804064 -0.124465869 -0.164182142 0.117074615 0.211752090 -0.524472573 -0.717525310 0.406505845
263.637797866 -0.119308104 -0.171986482 0.110314242 0.211347677 -0.522976352 -0.720770874 0.402886141
263.677802710 -0.115067016 -0.179260043 0.104068092 0.211319810 -0.521705974 -0.723864001 0.398983362
263.717875887 -0.112365177 -0.185553125 0.098334680 0.210246409 -0.518882702 -0.727962385 0.395762498
263.757829845 -0.111115462 -0.191078340 0.094008248 0.207529091 -0.516304100 -0.731940201 0.393224230
263.797803699 -0.110639981 -0.196522809 0.091510010 0.204104025 -0.518729814 -0.732579411 0.390625567
263.837901772 -0.110733392 -0.201452371 0.090420154 0.201338469 -0.524381254 -0.730747143 0.387937796
263.877867866 -0.111584398 -0.204899942 0.090098994 0.199684563 -0.529477354 -0.729419054 0.384353548
263.917842918 -0.113503872 -0.206521539 0.090107390 0.197833629 -0.531492212 -0.730091187 0.381241055
263.957836408 -0.116200236 -0.207066272 0.090462597 0.195314692 -0.532155942 -0.730859408 0.380140435
263.997819116 -0.118925770 -0.206774795 0.090728591 0.193651724 -0.532933129 -0.731043496 0.379548017
264.037818022 -0.121435379 -0.205540692 0.090545981 0.193469378 -0.531442925 -0.732270148 0.379365850
264.077811512 -0.124135455 -0.203478656 0.089808596 0.193572064 -0.528081797 -0.734449642 0.379793622
264.117816876 -0.127061338 -0.201365282 0.088615809 0.192579018 -0.524030571 -0.736395269 0.382135174
264.157884428 -0.129603272 -0.199401028 0.087499657 0.191528566 -0.521823240 -0.737089248 0.384339373
264.197864532 -0.131476775 -0.197366570 0.086406508 0.191599517 -0.521487850 -0.737256557 0.384438312
264.237826303 -0.132773674 -0.195372973 0.085450117 0.192612908 -0.521128619 -0.737509834 0.383932904
264.277801095 -0.133602710 -0.193319475 0.084663490 0.193586686 -0.520131230 -0.737680526 0.384467347
264.317805626 -0.134031944 -0.191648715 0.084140855 0.193172649 -0.519097496 -0.737541390 0.386335108
264.357821772 -0.134023536 -0.190272514 0.083875449 0.191832289 -0.518641158 -0.737486021 0.387719087
264.397868178 -0.133427258 -0.189017261 0.083679128 0.191223833 -0.517694909 -0.737150743 0.389915644
264.437807449 -0.132470426 -0.188017089 0.083745312 0.191280250 -0.516990487 -0.736428411 0.392180950
264.477875886 -0.131248260 -0.187253031 0.083952864 0.192262369 -0.517889489 -0.735054161 0.393091642
264.517915470 -0.129994893 -0.186797196 0.084261357 0.193775256 -0.519037289 -0.733314354 0.394083114
264.557811720 -0.129069837 -0.186523748 0.084531467 0.194586552 -0.518882459 -0.732501362 0.395397043
264.597814011 -0.128680377 -0.186693027 0.084685001 0.194125431 -0.519166815 -0.732166649 0.395870097
264.637809480 -0.128717145 -0.187280148 0.084724696 0.192847473 -0.520259729 -0.731681751 0.395956414
264.678066772 -0.129052609 -0.187827448 0.084612021 0.192030999 -0.520283554 -0.731828830 0.396050102
264.717837605 -0.129621133 -0.188217657 0.084435347 0.192465744 -0.519734342 -0.732427845 0.395452404
264.758089741 -0.130388906 -0.188365147 0.084387064 0.193105062 -0.519811739 -0.733213336 0.393578957
264.797834272 -0.131217346 -0.188470231 0.084545387 0.193912042 -0.518944509 -0.734457413 0.392003858
264.837821980 -0.131880856 -0.188631438 0.084916911 0.194505851 -0.519005127 -0.735677597 0.389332281
264.877858751 -0.132112529 -0.188825184 0.085638992 0.195755916 -0.520427767 -0.735925898 0.386325813
264.917818699 -0.132050259 -0.188913024 0.086775497 0.197709794 -0.521200433 -0.735295760 0.385488121
264.957815782 -0.131911553 -0.188739530 0.088448142 0.199391418 -0.522584866 -0.734023092 0.385172976
264.997824636 -0.131809106 -0.188414688 0.090602846 0.200214540 -0.526439191 -0.731475666 0.384342642
265.037849011 -0.132253324 -0.187420577 0.093112732 0.200375415 -0.531062952 -0.728411102 0.383717476
265.077859845 -0.133660016 -0.185350925 0.096157774 0.198636324 -0.534405086 -0.725970111 0.384606569
265.117870886 -0.136138795 -0.182230542 0.100306388 0.196125111 -0.536904488 -0.723481256 0.387096092
265.157836407 -0.138980273 -0.178269947 0.105988544 0.195375911 -0.543230731 -0.718831702 0.387310740
265.197825105 -0.142025775 -0.172938826 0.112487000 0.197836155 -0.550357078 -0.713548029 0.385768263
265.237824688 -0.145825992 -0.166347907 0.119484128 0.201643641 -0.555894912 -0.709504986 0.383305836
265.277905105 -0.150222643 -0.158914283 0.126855079 0.204904464 -0.561600487 -0.705682092 0.380304927
265.317818438 -0.154628724 -0.151243386 0.134672389 0.208557345 -0.567243502 -0.700489561 0.379543171
265.357820209 -0.159610546 -0.142965496 0.142676913 0.211619476 -0.572890559 -0.695118933 0.379240389
265.397854480 -0.165536233 -0.133987205 0.150726432 0.212589890 -0.578837203 -0.690518792 0.378069873
265.437912240 -0.170978848 -0.125001494 0.159035582 0.213286853 -0.583929246 -0.685329139 0.379287919
265.477850157 -0.175722678 -0.116152878 0.167375177 0.216232968 -0.589952797 -0.678724050 0.380174520
265.517831719 -0.181109895 -0.106779871 0.175128692 0.217060638 -0.595365158 -0.674897871 0.378071252
265.557828282 -0.187665283 -0.097058746 0.182552504 0.213456832 -0.597979330 -0.674978759 0.375846481
265.597965574 -0.194614314 -0.087402149 0.189655275 0.208928373 -0.602512461 -0.675113571 0.370876443
265.637852813 -0.201682754 -0.077606072 0.196275915 0.205678692 -0.606823353 -0.673779019 0.368080871
265.677840105 -0.208592772 -0.067400464 0.203102805 0.203865484 -0.610250124 -0.670337426 0.369704458
265.717940261 -0.215201187 -0.056843698 0.209361835 0.204168172 -0.614790985 -0.665869195 0.370088661
265.757942813 -0.221409209 -0.045869141 0.215089068 0.205858128 -0.617768802 -0.661828709 0.371438956
265.797854323 -0.226847078 -0.035248595 0.220466149 0.209843528 -0.619415183 -0.657415797 0.374292660
265.837838698 -0.230771314 -0.025327057 0.225583627 0.217380838 -0.621772741 -0.651628231 0.376197923
265.877836251 -0.233445733 -0.016060565 0.230127666 0.228606476 -0.623353225 -0.646047600 0.376553229
265.917834740 -0.235549750 -0.007451767 0.233893878 0.241248277 -0.622844316 -0.642287011 0.375940982
265.957840313 -0.237576451 0.000027458 0.237030916 0.252215312 -0.622789522 -0.640103573 0.372542701
265.997829219 -0.239702924 0.006256087 0.239518684 0.260203496 -0.623248743 -0.638772512 0.368544195
266.037906250 -0.242100341 0.011174420 0.241862237 0.264713369 -0.622474754 -0.638064112 0.367867098
266.077953750 -0.243882754 0.014535150 0.243335016 0.266120232 -0.622115438 -0.637179995 0.368990594
266.117845000 -0.245225263 0.016301860 0.244192253 0.265908493 -0.622280658 -0.636459544 0.370106343
266.157838698 -0.245573729 0.016102898 0.244370715 0.264036561 -0.624142630 -0.636010017 0.369082551
266.197860782 -0.244842595 0.014245948 0.243209240 0.260887229 -0.625966277 -0.635976446 0.368290692
266.237848490 -0.243130545 0.010877895 0.240367107 0.256990209 -0.625170442 -0.637467396 0.369801662
266.277840886 -0.240534270 0.006392890 0.236066208 0.253548077 -0.624262733 -0.640642591 0.368220699
266.317845990 -0.236919591 0.000770782 0.230512727 0.251610381 -0.623389446 -0.645166539 0.363094963
266.357852969 -0.232783549 -0.005398752 0.224396935 0.250193562 -0.620505190 -0.650934418 0.358693288
266.397906250 -0.227937319 -0.012459569 0.218093792 0.248479340 -0.617411710 -0.656789818 0.354524939
266.437854740 -0.222312778 -0.020838095 0.212442523 0.246406875 -0.617189967 -0.661164937 0.348168239
266.477889323 -0.215936922 -0.030233793 0.207540877 0.245961100 -0.619336312 -0.663645407 0.339853561
266.517846042 -0.208579387 -0.039891728 0.202657836 0.245966765 -0.621288242 -0.666592541 0.330387128
266.557856875 -0.201030548 -0.050175689 0.197656079 0.244281474 -0.621667953 -0.671101621 0.321680169
266.597871042 -0.193383331 -0.061059028 0.192445032 0.239325179 -0.622541573 -0.675170937 0.315134344
266.637867396 -0.186053499 -0.072470207 0.187348004 0.231928782 -0.623809292 -0.678383968 0.311233352
266.677872552 -0.178665207 -0.083685763 0.182475434 0.222365940 -0.624835598 -0.681799469 0.308680011
266.717918646 -0.171179281 -0.094556000 0.177706645 0.213730085 -0.624241904 -0.685320628 0.308183602
266.757886615 -0.163118409 -0.105139163 0.172976306 0.207900908 -0.623167585 -0.688457640 0.307352325
266.797846198 -0.154016146 -0.115194225 0.167786523 0.206424024 -0.619999040 -0.691788603 0.307276490
266.837856719 -0.144130508 -0.124965004 0.162063535 0.208621290 -0.615344868 -0.695491100 0.306789798
266.877854896 -0.133318473 -0.134539290 0.155424982 0.214406694 -0.609588840 -0.699124967 0.306031855
266.917886458 -0.121928052 -0.144111617 0.147649029 0.223586287 -0.603537920 -0.702291359 0.304200589
266.957848750 -0.110851151 -0.153203382 0.139084380 0.231991701 -0.594758579 -0.708273784 0.301314339
266.997857708 -0.100867821 -0.162391992 0.130500213 0.235223882 -0.586115278 -0.715673838 0.298244135
267.037900781 -0.091608834 -0.172505452 0.122592648 0.233825162 -0.580757089 -0.720515077 0.298169449
267.077876511 -0.082613192 -0.183287883 0.115550923 0.230134220 -0.578810565 -0.721697172 0.301943310
267.117872135 -0.073285781 -0.194333146 0.109085502 0.228182955 -0.578068202 -0.720823447 0.306892899
267.157867708 -0.063107877 -0.205245766 0.103219454 0.230781445 -0.579808419 -0.718568472 0.306955164
267.197893073 -0.051970407 -0.215775306 0.097644819 0.239283131 -0.582500058 -0.715551836 0.302362096
267.237956250 -0.041319720 -0.225752386 0.092450867 0.246638742 -0.582858274 -0.713728728 0.300061438
267.277919844 -0.032510807 -0.235232189 0.087937408 0.247949747 -0.581514835 -0.712909468 0.303515255
267.318029896 -0.025158479 -0.244167175 0.084347579 0.245373742 -0.581799966 -0.710874822 0.309770098
267.357871406 -0.018671404 -0.251452347 0.081428039 0.244903670 -0.581439645 -0.708216696 0.316826834
267.397859896 -0.012986077 -0.256666736 0.079099155 0.247332385 -0.579045069 -0.706554733 0.322976638
267.437864844 -0.008254216 -0.260011343 0.077265690 0.251395800 -0.575906013 -0.705584873 0.327539925
267.477918437 -0.004310147 -0.261568185 0.075959604 0.256999590 -0.573332839 -0.705215884 0.328498438
267.517858802 -0.001380394 -0.261171724 0.075247120 0.263773460 -0.570390477 -0.705540556 0.327552727
267.557860208 0.000546387 -0.259134545 0.075310958 0.270318275 -0.568959315 -0.705124995 0.325594948
267.597931198 0.001054750 -0.255467623 0.076292438 0.274152379 -0.569198099 -0.703413307 0.325674250
267.637972187 -0.000209939 -0.250382172 0.078023315 0.274621375 -0.569979492 -0.701292329 0.328474579
267.677870885 -0.002901534 -0.244012156 0.080429153 0.273920579 -0.570787559 -0.698646768 0.333259316
267.717877760 -0.006442560 -0.237068708 0.083686150 0.273407744 -0.573071292 -0.694691637 0.337995606
267.757877864 -0.010727807 -0.229348202 0.087405979 0.274437768 -0.575732176 -0.690782242 0.340640966
267.797956406 -0.016097702 -0.220614193 0.091185277 0.276693492 -0.574842731 -0.687862062 0.346182509
267.837878906 -0.022593226 -0.210830751 0.094871689 0.281103317 -0.570825818 -0.684734590 0.355355248
267.877862291 -0.028485451 -0.201672204 0.098327351 0.286240301 -0.568254610 -0.681406738 0.361715420
267.917878177 -0.035827585 -0.191766814 0.102198841 0.290714334 -0.566932114 -0.678715811 0.365264291
267.958047760 -0.043807670 -0.181643463 0.106107666 0.296673786 -0.564083820 -0.675649394 0.370529358
267.997914791 -0.051716368 -0.171264886 0.110325196 0.307043450 -0.560252597 -0.670928359 0.376425935
268.037863646 -0.060161398 -0.161404516 0.115038523 0.318723147 -0.557674000 -0.665409186 0.380323389
268.077860000 -0.069195927 -0.152046916 0.119989532 0.327492408 -0.558106939 -0.660112273 0.381467107
268.117942552 -0.078539830 -0.143209971 0.124787970 0.333310803 -0.558421090 -0.654436771 0.385723097
268.157867031 -0.087942010 -0.135184108 0.129255947 0.337090878 -0.558336091 -0.649537914 0.390808198
268.197915677 -0.097257899 -0.127854395 0.133613300 0.340130905 -0.559028172 -0.646328949 0.392501413
268.237880833 -0.106733585 -0.121081504 0.138368693 0.342162688 -0.561739744 -0.643512352 0.391490750
268.278533385 -0.116562089 -0.115343249 0.143593371 0.342589534 -0.565777440 -0.639924835 0.391183466
268.317877291 -0.127105519 -0.110492891 0.149151499 0.339716703 -0.570501178 -0.636920031 0.391731850
268.357922604 -0.138915920 -0.105606408 0.155143338 0.333739463 -0.576424656 -0.635363433 0.390724834
268.397870833 -0.150783605 -0.100838831 0.161233654 0.327939177 -0.582935373 -0.633111061 0.389631406
268.437889270 -0.162496351 -0.095971984 0.167273175 0.323335194 -0.589282033 -0.629643484 0.389551180
268.477878333 -0.173960903 -0.090767077 0.173100240 0.318066812 -0.595420738 -0.627170263 0.388542286
268.517876406 -0.184975523 -0.084806869 0.178774336 0.313891380 -0.602005255 -0.625022116 0.385239183
268.557887395 -0.195392095 -0.078279150 0.184386314 0.309309676 -0.609638156 -0.621741577 0.382238478
268.597961614 -0.204508619 -0.071424336 0.190308507 0.307107944 -0.617972577 -0.615101749 0.381371790
268.637957812 -0.212837852 -0.063968162 0.196149227 0.306756085 -0.627048372 -0.607230434 0.379449922
268.677960104 -0.220762176 -0.055558996 0.201777026 0.307383029 -0.634780535 -0.600393929 0.376956862
268.717942343 -0.228332141 -0.046981674 0.206941936 0.308823591 -0.641725952 -0.592922500 0.375843985
268.757889739 -0.235218900 -0.038485211 0.211457560 0.310808078 -0.648510121 -0.584732528 0.375394236
268.797911510 -0.241180123 -0.029999490 0.214446443 0.315210277 -0.653692857 -0.577127337 0.374502559
268.837909374 -0.246685670 -0.021473479 0.214428816 0.320213983 -0.652736660 -0.574989401 0.375213335
268.877899999 -0.251724892 -0.013727927 0.212393046 0.323626200 -0.647237922 -0.576649062 0.379242685
268.918040989 -0.255317939 -0.007694697 0.209076720 0.326340002 -0.642475914 -0.577847192 0.383170360
268.957893958 -0.257272534 -0.003835293 0.205331304 0.328467382 -0.639886276 -0.577956247 0.385514343
268.997877083 -0.258590704 -0.001609191 0.201572582 0.328635181 -0.637882898 -0.578548956 0.387795604
269.037901406 -0.258364058 -0.001357677 0.197502089 0.325649128 -0.634720643 -0.581337004 0.391317823
269.077947812 -0.258077008 -0.002724623 0.194226009 0.319793300 -0.632686468 -0.585065265 0.393876521
269.117884374 -0.256207372 -0.005913606 0.191737009 0.313442661 -0.633457174 -0.587679484 0.393850899
269.157881093 -0.252373664 -0.010620197 0.189168023 0.308590327 -0.635066339 -0.589922740 0.391731943
269.197926093 -0.246978754 -0.016107431 0.185721893 0.304723325 -0.635978747 -0.593829489 0.387351607
269.238023906 -0.239509144 -0.022646527 0.180627638 0.300372410 -0.635095109 -0.600115510 0.382481362
269.277899999 -0.230364280 -0.029877957 0.173787590 0.295524132 -0.630774201 -0.607400682 0.381908113
269.317880416 -0.220035874 -0.037835575 0.164811827 0.287942987 -0.624038250 -0.616768815 0.383746437
269.357896770 -0.209209199 -0.045928415 0.154098017 0.277853519 -0.613562189 -0.628872201 0.388405223
269.397944166 -0.198371882 -0.054468785 0.142867333 0.265043340 -0.602374568 -0.642041064 0.393294012
269.437882291 -0.187216659 -0.062854004 0.131932642 0.254248076 -0.591652423 -0.653293439 0.398136922
269.477891353 -0.176168064 -0.070825412 0.121653463 0.246981645 -0.580369314 -0.664044541 0.401517588
269.517912239 -0.165537050 -0.078314807 0.112054928 0.241524929 -0.567494390 -0.676183676 0.402978241
269.557892707 -0.154672511 -0.085835873 0.103649231 0.237853351 -0.558056043 -0.685061261 0.403348863
269.597940572 -0.143558127 -0.093986229 0.096365718 0.236930965 -0.553852836 -0.688907285 0.403134602
269.637900520 -0.131813526 -0.102453302 0.090544786 0.238547649 -0.554771457 -0.688892552 0.400937279
269.677905103 -0.119849280 -0.110468348 0.086363157 0.242773613 -0.557317352 -0.687116847 0.397905492
269.717889530 -0.108472232 -0.117804518 0.083692093 0.247346754 -0.559912349 -0.684271458 0.396346207
269.757886822 -0.097419168 -0.125100345 0.081806549 0.249534990 -0.563610683 -0.680694279 0.395892139
269.797953593 -0.087354070 -0.131885883 0.079605395 0.246577714 -0.565034560 -0.679191648 0.398288942
269.837971822 -0.078685653 -0.137608087 0.076582026 0.240042849 -0.562393921 -0.680261082 0.404150181
269.877892603 -0.071129797 -0.142343528 0.072864651 0.234190314 -0.556307647 -0.682488734 0.412172084
269.917904218 -0.064113062 -0.146192356 0.068406267 0.232722611 -0.549445327 -0.684998519 0.418003645
269.957904530 -0.058165968 -0.148968295 0.063562187 0.233624811 -0.540596607 -0.689830758 0.421079900
269.997973436 -0.053139003 -0.150916745 0.059127731 0.236094540 -0.531009084 -0.695587674 0.422429295
270.037899009 -0.048224872 -0.152530638 0.055659758 0.241149535 -0.523745250 -0.698175791 0.424368213
270.077992707 -0.042730195 -0.154251639 0.054618005 0.248345427 -0.523078571 -0.695869924 0.424827502
270.117936874 -0.035995806 -0.156177910 0.056862858 0.259305787 -0.531512266 -0.686295851 0.423383071
270.157922291 -0.028122526 -0.157926093 0.062547863 0.273216459 -0.548006925 -0.670416453 0.419026199
270.197897551 -0.019876466 -0.159250374 0.071461608 0.288174847 -0.571537986 -0.651397849 0.407406958
270.237904686 -0.011721897 -0.160112565 0.083339131 0.302316965 -0.601667302 -0.629297345 0.388053813
270.277915728 -0.004361528 -0.160736814 0.097288132 0.316051739 -0.634244635 -0.603607466 0.365380718
270.317968488 0.001705989 -0.160638557 0.112592925 0.328718013 -0.664767396 -0.573965767 0.347263698
270.357935780 0.005101499 -0.159526036 0.128433812 0.336018202 -0.691524909 -0.543764940 0.336459148
270.397912968 0.005400825 -0.157820176 0.145093331 0.335110005 -0.717201662 -0.513486402 0.331141626
270.438028853 0.001891242 -0.155168641 0.162431657 0.325955741 -0.743951423 -0.483718919 0.326044695
270.478094322 -0.005395826 -0.150780942 0.180312242 0.313443703 -0.770943642 -0.454087350 0.318125172
270.518033332 -0.014437180 -0.145140477 0.198109239 0.302617131 -0.795690376 -0.425667592 0.306768314
270.557957290 -0.024858804 -0.137726513 0.215837639 0.296623079 -0.818337721 -0.397515979 0.290377634
270.597987238 -0.036774672 -0.129383348 0.233530656 0.292371875 -0.840579992 -0.367421192 0.270084491
270.638021874 -0.050148169 -0.120150542 0.249674108 0.287512563 -0.859895469 -0.338324234 0.251898833
270.677926509 -0.062257770 -0.111682974 0.263117368 0.282720109 -0.873684225 -0.314702934 0.240223392
270.717907082 -0.072050232 -0.104006652 0.273298475 0.280836526 -0.880927338 -0.297904723 0.237382913
270.757910624 -0.078787303 -0.098133206 0.280928337 0.282767052 -0.883517923 -0.286811262 0.239119580
270.798105207 -0.083542128 -0.095093622 0.283709697 0.285184692 -0.882670636 -0.284962868 0.241574841
270.837937342 -0.085450513 -0.095928807 0.281434390 0.282972010 -0.876705158 -0.297932497 0.250102250
270.877947499 -0.086439912 -0.099026544 0.273616169 0.276781180 -0.863348435 -0.328963592 0.264205628
270.917917551 -0.087018024 -0.102676393 0.261040287 0.266931470 -0.841661109 -0.376016209 0.281008858
270.957910519 -0.088034669 -0.104923120 0.245903612 0.255454785 -0.812078909 -0.430860630 0.299382390
270.997909947 -0.088663761 -0.106475773 0.228091078 0.243017811 -0.776160285 -0.485294961 0.320946033
271.037914894 -0.088680893 -0.107237640 0.209907219 0.234957792 -0.738229054 -0.531727608 0.342167285
271.078033853 -0.087970615 -0.106650620 0.192525691 0.235902505 -0.701765590 -0.568131573 0.359307085
271.117937863 -0.086995174 -0.104773557 0.176797113 0.241578072 -0.668716822 -0.596518244 0.372322216
271.157918853 -0.086341375 -0.102111736 0.162379903 0.246827760 -0.638612579 -0.621264038 0.381157482
271.197917863 -0.087282476 -0.098524739 0.149039303 0.247381016 -0.607622109 -0.646317159 0.389707758
271.237924061 -0.090219554 -0.095167690 0.137846752 0.241227419 -0.580493958 -0.669184717 0.396267474
271.277936926 -0.093151389 -0.093197082 0.129110472 0.234347814 -0.561719865 -0.684385828 0.401457263
271.317923644 -0.095872254 -0.092318617 0.121768319 0.228357224 -0.547897366 -0.695091104 0.405598091
271.357919478 -0.099297626 -0.091140905 0.115310086 0.223395351 -0.534533910 -0.705444715 0.408308425
271.398065936 -0.104708343 -0.089692193 0.109224938 0.213424338 -0.519898721 -0.718839014 0.409177033
271.438045207 -0.111751114 -0.088645545 0.104456609 0.197398896 -0.505492880 -0.731905700 0.412097889
271.477945207 -0.117564772 -0.089068746 0.101667759 0.183816948 -0.498348927 -0.738507010 0.415291550
271.517956613 -0.122835424 -0.089009195 0.100563104 0.175267309 -0.497437891 -0.741078908 0.415498457
271.557982603 -0.127353936 -0.088173934 0.101193888 0.171144536 -0.497529646 -0.742825197 0.413986142
271.597944009 -0.131112912 -0.086823063 0.103344423 0.170638651 -0.499377997 -0.744097519 0.409661993
271.637926196 -0.134444065 -0.085077001 0.106840406 0.172286994 -0.502339951 -0.743986228 0.405532068
271.677929425 -0.138893974 -0.082019211 0.111609629 0.174724696 -0.504527284 -0.743265131 0.403088632
271.717989321 -0.143902198 -0.078177599 0.117099585 0.175793597 -0.505236356 -0.743659347 0.401003257
271.757931040 -0.150035381 -0.073324380 0.123056609 0.175983621 -0.505475261 -0.744203883 0.399606190
271.797946300 -0.156561507 -0.067907229 0.129067858 0.176308629 -0.506073869 -0.744289582 0.398544256
271.837934373 -0.163247226 -0.061582221 0.134680223 0.177935693 -0.506774080 -0.744316958 0.396876790
271.877962863 -0.170054748 -0.054447434 0.139995520 0.181426826 -0.507260932 -0.743597285 0.396022389
271.917924425 -0.176754068 -0.046617401 0.145485853 0.185649723 -0.508671672 -0.741377952 0.396416501
271.957926040 -0.183254539 -0.038115578 0.151220805 0.189817853 -0.510564033 -0.738737080 0.396939639
271.997963540 -0.190069874 -0.028576036 0.157244978 0.192634841 -0.511225050 -0.736570523 0.398753847
272.037940259 -0.196279061 -0.018762245 0.163851577 0.196440148 -0.511927060 -0.733010939 0.402538093
272.077934373 -0.201728377 -0.008758563 0.170784326 0.203286030 -0.514943934 -0.727399404 0.405459791
272.117929894 -0.205684997 0.000704304 0.177693511 0.212423950 -0.518345202 -0.720621826 0.408532130
272.157936509 -0.210583230 0.010615315 0.185091956 0.222518457 -0.523474612 -0.712585662 0.410708583
272.197988852 -0.215891998 0.019902371 0.192564798 0.231945429 -0.532129037 -0.703753710 0.409598243
272.237983019 -0.220967924 0.027215177 0.199997229 0.238660601 -0.543713653 -0.692638143 0.409474033
272.278029686 -0.227378944 0.033953055 0.207318774 0.241395508 -0.554008060 -0.681727363 0.412372502
272.318087915 -0.234393362 0.039693225 0.213996350 0.239945406 -0.564328258 -0.672696306 0.414052531
272.357986821 -0.241583435 0.044230472 0.220121392 0.236387215 -0.574905822 -0.664130386 0.415373581
272.398064529 -0.248516991 0.047733835 0.225222929 0.231548445 -0.584519281 -0.656292307 0.417136590
272.437969633 -0.255284280 0.050560402 0.229104734 0.226255196 -0.591106354 -0.650879451 0.419234785
272.477946508 -0.261393254 0.052815750 0.231483210 0.220697855 -0.594809917 -0.648669352 0.420382790
272.517984008 -0.266706697 0.053596093 0.232809982 0.216010263 -0.597987413 -0.647492240 0.420124290
272.557953852 -0.269992774 0.052886270 0.233133853 0.212197428 -0.602142674 -0.646200663 0.418116198
272.597938852 -0.272384110 0.050819885 0.232085145 0.207514315 -0.605694764 -0.645873602 0.415835245
272.637972185 -0.273437271 0.047796748 0.228782155 0.201433903 -0.604284485 -0.649734284 0.414861427
272.677955727 -0.272546908 0.043167587 0.223762915 0.193590800 -0.601057298 -0.655733632 0.413843122
272.717983748 -0.270920625 0.037585731 0.218052681 0.185466075 -0.599896080 -0.660377120 0.411860520
272.757933488 -0.268085125 0.031269399 0.211415595 0.177545949 -0.596314186 -0.665916941 0.411632671
272.797975571 -0.263961157 0.023811290 0.204812968 0.170084611 -0.592185389 -0.671648097 0.411432283
272.837945050 -0.258045879 0.014696087 0.198849867 0.164777860 -0.593127312 -0.673155096 0.409768795
272.877951769 -0.250422484 0.003725055 0.193261503 0.159423256 -0.598059648 -0.671464608 0.407485169
272.917963487 -0.241927902 -0.007992284 0.187166404 0.153636935 -0.602834269 -0.670463925 0.404307632
272.958034217 -0.232311826 -0.019645322 0.179895471 0.150178316 -0.605469136 -0.670882896 0.400961020
272.998124789 -0.222324996 -0.030767486 0.171692048 0.148390981 -0.604633035 -0.674150262 0.397392039
273.037957133 -0.211913141 -0.041696578 0.163799939 0.147799413 -0.602754804 -0.677590098 0.394605676
273.077951300 -0.201056400 -0.052553359 0.156420020 0.147538281 -0.601448809 -0.679990588 0.392561570
273.117953331 -0.190712940 -0.063115481 0.149791828 0.145079668 -0.598317422 -0.683086714 0.392887635
273.157972602 -0.180775920 -0.073605833 0.143932237 0.139348993 -0.595934208 -0.685364180 0.394614012
273.197944112 -0.171365080 -0.084093776 0.138452276 0.131439476 -0.594504275 -0.686751898 0.397064430
273.237941144 -0.161889423 -0.094533955 0.133068648 0.125451411 -0.595190891 -0.686283365 0.398779249
273.278047081 -0.152267851 -0.103916622 0.126923366 0.124740300 -0.594194142 -0.685910298 0.401123724
273.317989581 -0.143054095 -0.111790051 0.120391079 0.127650266 -0.589678851 -0.688441946 0.402531924
273.357965258 -0.133488459 -0.119259774 0.114140848 0.135637842 -0.588462037 -0.689903496 0.399184134
273.397968800 -0.124606179 -0.126162362 0.108569820 0.142549650 -0.589212113 -0.690826479 0.394039921
273.437947654 -0.116605912 -0.132690064 0.105088815 0.144749605 -0.589534267 -0.689895554 0.394386895
273.477962914 -0.109036499 -0.139051283 0.103154686 0.144640115 -0.592221297 -0.685275368 0.398435493
273.517957237 -0.101538098 -0.144744196 0.101668175 0.144732009 -0.594431650 -0.680348559 0.403521372
273.557966404 -0.093090466 -0.149375871 0.100584817 0.149630096 -0.596968858 -0.675330559 0.406408236
273.597990102 -0.082434384 -0.152268962 0.100235329 0.166282392 -0.602796127 -0.666314311 0.406216979
273.638061768 -0.069098142 -0.153119150 0.100744289 0.198846477 -0.612463013 -0.650002589 0.403541535
273.677958435 -0.056802322 -0.150881804 0.103040499 0.232644324 -0.621787815 -0.632657635 0.398749106
273.717953904 -0.047842533 -0.146116207 0.108027081 0.257128452 -0.632765239 -0.616181152 0.392191152
273.757963748 -0.041617763 -0.140280500 0.115964037 0.273351519 -0.653168073 -0.594083996 0.381725845
273.797966248 -0.037684568 -0.133372964 0.125885041 0.283954289 -0.679430669 -0.566544504 0.369825977
273.837975623 -0.037727163 -0.125351476 0.136850005 0.280715801 -0.704579347 -0.541657058 0.362455810
273.877959581 -0.040810793 -0.115745979 0.147466029 0.266731333 -0.724169447 -0.522603788 0.362378654
273.917994060 -0.043540273 -0.104606819 0.157222771 0.258028900 -0.738693876 -0.504220885 0.365395325
273.958091143 -0.044407585 -0.092360622 0.166182634 0.260552054 -0.749045996 -0.485464184 0.367922886
273.998124164 -0.043440505 -0.079650533 0.174158558 0.273001604 -0.756104923 -0.467828891 0.367303142
274.038143591 -0.041227983 -0.067207708 0.180311413 0.289246387 -0.757761799 -0.454192025 0.368569109
274.077994008 -0.038343137 -0.055959338 0.184093858 0.305991442 -0.751206698 -0.448002499 0.375967414
274.117979841 -0.035367751 -0.046565118 0.186004673 0.321084936 -0.741577547 -0.448255500 0.382144230
274.157989060 -0.032800058 -0.039684091 0.186872512 0.334198498 -0.733658223 -0.451044345 0.382904654
274.197993279 -0.030722514 -0.035671712 0.187772791 0.344687774 -0.729682539 -0.454003103 0.377670377
274.238011352 -0.029141875 -0.033925505 0.188077454 0.353180056 -0.726104660 -0.458076403 0.371755134
274.278072185 -0.029681844 -0.034296300 0.188427706 0.356008782 -0.723138884 -0.464256626 0.367142597
274.318103018 -0.031104120 -0.037625035 0.188322145 0.353411021 -0.723048349 -0.471372173 0.360707651
274.358217966 -0.032879320 -0.044314771 0.187054870 0.346645513 -0.724693623 -0.480370166 0.351995091
274.398015726 -0.035221239 -0.052753650 0.184049774 0.338865029 -0.723688744 -0.493432761 0.343466452
274.437972133 -0.038237366 -0.062598719 0.179962455 0.328464482 -0.721844298 -0.509123830 0.334432084
274.477984216 -0.041484430 -0.073430489 0.175224013 0.317510454 -0.720097702 -0.523935199 0.325788764
274.517977914 -0.044677334 -0.085401627 0.170397304 0.308096052 -0.718988280 -0.535701354 0.318051468
274.558043799 -0.047761460 -0.097969008 0.165498099 0.300356857 -0.717759231 -0.545676816 0.311198100
274.598034893 -0.051178334 -0.110476283 0.160405898 0.293966184 -0.715020891 -0.557397525 0.302716051
274.638068851 -0.055036799 -0.123161584 0.155257582 0.286689534 -0.712138921 -0.569963314 0.292931884
274.678047185 -0.059281592 -0.136436871 0.150142535 0.278057955 -0.710879862 -0.580877141 0.282693018
274.718059945 -0.063795013 -0.150067275 0.144640451 0.269399944 -0.709154933 -0.591377508 0.273487833
274.757970570 -0.068639536 -0.163872925 0.139079757 0.262163982 -0.706381681 -0.602005420 0.264356658
274.797997080 -0.073993205 -0.177506390 0.133515402 0.256540046 -0.703267278 -0.612998633 0.252655926
274.838070153 -0.079993200 -0.190849131 0.128782176 0.249380893 -0.701986626 -0.622676189 0.239370655
274.878074580 -0.085934432 -0.203669999 0.124842708 0.241879063 -0.701372199 -0.629605187 0.230583749
274.918016247 -0.090475619 -0.214883390 0.121270738 0.239353765 -0.698854283 -0.634846613 0.226455832
274.957981872 -0.092871655 -0.223775651 0.117139793 0.242410523 -0.691762922 -0.641925971 0.225016102
274.997975414 -0.093847863 -0.229917569 0.112443303 0.246603362 -0.678758811 -0.653038953 0.228064429
275.038038174 -0.093292116 -0.233342406 0.107321974 0.249679234 -0.659951050 -0.667120192 0.238904877
275.077978435 -0.091761023 -0.234542794 0.102006051 0.248566516 -0.631938430 -0.685460045 0.262703320
275.117978122 -0.089101123 -0.233437617 0.095980895 0.243529545 -0.591605472 -0.707986166 0.299085130
275.157980205 -0.085071396 -0.229655356 0.089572972 0.241172176 -0.539281481 -0.730980607 0.341582812
275.198066976 -0.079812005 -0.225493793 0.083972712 0.241468985 -0.489202494 -0.750236990 0.373521229
275.238031351 -0.072738559 -0.222432555 0.078628469 0.245804984 -0.451971141 -0.763099056 0.391128915
275.277986924 -0.064728403 -0.220360107 0.073018149 0.253031836 -0.420718944 -0.771872339 0.403959840
275.317975622 -0.056495453 -0.218785879 0.067304795 0.260815833 -0.390721527 -0.778624847 0.415998962
275.358040309 -0.046938259 -0.219138125 0.062046395 0.268297570 -0.370381822 -0.781758540 0.423895394
275.397984372 -0.036148431 -0.221734352 0.057550976 0.276244978 -0.362599002 -0.779436971 0.429754213
275.437979007 -0.025625786 -0.226201644 0.054021448 0.281017784 -0.362072656 -0.773715433 0.437374927
275.477986559 -0.016390551 -0.231690641 0.052199935 0.279836236 -0.367107458 -0.767181844 0.445371545
275.518508070 -0.008978508 -0.236417237 0.051895059 0.276587724 -0.373122238 -0.760138189 0.454388556
275.557976976 -0.003954489 -0.239596863 0.053586088 0.276350914 -0.377034360 -0.753436647 0.462394293
275.597989059 -0.001305009 -0.241612296 0.057206022 0.278058209 -0.384053284 -0.748297693 0.463936709
275.637979893 -0.001972264 -0.242347194 0.061952858 0.278625785 -0.394570640 -0.745704463 0.458918878
275.678010570 -0.006459222 -0.241213620 0.066803559 0.276237465 -0.400306468 -0.745823326 0.455186951
275.718055205 -0.013199252 -0.238775063 0.071236714 0.273697853 -0.399281722 -0.745834080 0.457597111
275.758020622 -0.020180766 -0.236363343 0.075642804 0.273621699 -0.400882879 -0.743643685 0.459802297
275.797991403 -0.027424655 -0.234072583 0.081114364 0.273421685 -0.407874146 -0.740459475 0.458910698
275.838030153 -0.035405340 -0.231286197 0.088234255 0.272266720 -0.415119290 -0.736737453 0.459091205
275.878286663 -0.045625417 -0.227321761 0.096388051 0.268856749 -0.419138942 -0.733816672 0.462116530
275.918052861 -0.057263337 -0.222381002 0.105594991 0.260342626 -0.420309798 -0.732766250 0.467562846
275.958052236 -0.068381090 -0.216601319 0.115791547 0.250884513 -0.420883112 -0.733279125 0.471398019
275.998028174 -0.077607752 -0.218583477 0.124231205 0.240974605 -0.420185414 -0.735050113 0.474422584
276.038008486 -0.087875655 -0.215273450 0.133067701 0.232354775 -0.418625767 -0.736318491 0.478120074
276.078117601 -0.095457439 -0.211799410 0.141415655 0.230216414 -0.419825432 -0.736029657 0.478547128
276.118113174 -0.100837211 -0.206045076 0.148221454 0.234860773 -0.422752329 -0.734214679 0.476497315
276.158036767 -0.104593244 -0.200181851 0.153947142 0.239056826 -0.423549477 -0.732155531 0.476871002
276.198093382 -0.108082113 -0.195197067 0.159717105 0.239064446 -0.424727619 -0.729406915 0.480021034
276.238064424 -0.111426980 -0.191178068 0.165770775 0.235796206 -0.428894371 -0.725374993 0.484025709
276.278089163 -0.113902799 -0.187278285 0.172592025 0.233632503 -0.433352481 -0.719661878 0.489600105
276.318022653 -0.115480078 -0.183028960 0.179299185 0.234178594 -0.438448230 -0.713670444 0.493556514
276.358012913 -0.117040760 -0.178116054 0.185460765 0.237319870 -0.443362298 -0.709693414 0.493400861
276.398001976 -0.120006135 -0.171450417 0.191052894 0.241856086 -0.444044103 -0.707567168 0.493638705
276.438046090 -0.124409272 -0.164490938 0.195841436 0.241167175 -0.439121794 -0.707732367 0.498121813
276.478095465 -0.129017251 -0.158164852 0.200423210 0.238940396 -0.435929060 -0.706825254 0.503260770
276.518047288 -0.132000327 -0.152313622 0.203644450 0.242413797 -0.437242493 -0.702709244 0.506215638
276.558081090 -0.134231420 -0.146531532 0.205694384 0.249368844 -0.436447183 -0.698492614 0.509349688
276.598100101 -0.136371266 -0.141000890 0.206384590 0.256470148 -0.432237595 -0.696714761 0.511842033
276.638014111 -0.138649336 -0.136424068 0.205856797 0.261354156 -0.425465513 -0.696707005 0.515046068
276.678083694 -0.140176926 -0.134120119 0.204489040 0.265600862 -0.419213454 -0.695455086 0.519671517
276.718094736 -0.140735778 -0.134147812 0.202248229 0.269746204 -0.416409094 -0.694629984 0.520893115
276.758042965 -0.140536743 -0.136097724 0.198486539 0.272744386 -0.413247779 -0.696730212 0.519041217
276.798111194 -0.140343874 -0.139229226 0.193986811 0.273384908 -0.408028453 -0.701041120 0.517024972
276.838077288 -0.139835198 -0.144071786 0.188984424 0.271940643 -0.404603463 -0.705109172 0.514942113
276.878071507 -0.138575928 -0.150118410 0.183525135 0.270573655 -0.405044948 -0.707407520 0.512155335
276.918111663 -0.136802122 -0.156375110 0.177939425 0.269145106 -0.404587530 -0.709948714 0.509747649
276.958022653 -0.134874583 -0.162335870 0.172460164 0.266791492 -0.404181005 -0.713569595 0.506239516
276.998019892 -0.132620258 -0.167925452 0.167235226 0.263148303 -0.404115558 -0.716603296 0.503908030
277.038055569 -0.130035613 -0.172911628 0.162350286 0.260353559 -0.402332848 -0.717982421 0.504822292
277.078110205 -0.126981815 -0.177261500 0.157603615 0.257162152 -0.399103147 -0.719324893 0.507105516
277.118069580 -0.123748630 -0.180828876 0.152784601 0.253860129 -0.394522861 -0.720729852 0.510348143
277.158014111 -0.120068751 -0.183948328 0.148296337 0.252846118 -0.389248569 -0.720882693 0.514667402
277.198022027 -0.116221383 -0.186197776 0.144565578 0.255531904 -0.384196785 -0.720125243 0.518185209
277.238024007 -0.113170095 -0.187144542 0.142069270 0.262224090 -0.378250093 -0.719019257 0.520746293
277.278024892 -0.112493031 -0.187243085 0.141629676 0.268292404 -0.370306581 -0.719424872 0.522800226
277.318050465 -0.114911884 -0.187231485 0.143546262 0.269333918 -0.362823801 -0.721601740 0.524508397
277.358046819 -0.119468459 -0.187518470 0.147421677 0.268674573 -0.358550447 -0.722114530 0.527073199
277.398048902 -0.125782582 -0.187332895 0.152699137 0.268494586 -0.354872853 -0.721139725 0.530974023
277.438059996 -0.134682794 -0.186381045 0.159234901 0.265037613 -0.348531922 -0.721494202 0.536401603
277.478028329 -0.145685052 -0.185314429 0.166779765 0.257738825 -0.340634225 -0.722182212 0.544051353
277.518037913 -0.156916509 -0.184467236 0.175272094 0.250773400 -0.336941141 -0.721793424 0.550088740
277.558028434 -0.167862387 -0.183098789 0.184053016 0.248541070 -0.336541991 -0.721145359 0.552192173
277.598034579 -0.178788512 -0.181176701 0.192953208 0.247726349 -0.337287194 -0.721493646 0.551648370
277.638074319 -0.190219712 -0.178636269 0.201803193 0.245037165 -0.336151353 -0.723944693 0.550330025
277.678057027 -0.202421032 -0.175641055 0.210586854 0.237164834 -0.332417999 -0.728710128 0.549756914
277.718049527 -0.215278084 -0.172085735 0.219093009 0.226398825 -0.325166065 -0.734289113 0.551207857
277.758052756 -0.228296853 -0.168901737 0.227163797 0.215565047 -0.317248531 -0.738527605 0.554492613
277.798026819 -0.240981747 -0.166612173 0.235094746 0.205375520 -0.312198015 -0.740783548 0.558205186
277.838036611 -0.252530961 -0.164916298 0.242257332 0.199975822 -0.310787418 -0.741354211 0.560191740
277.878039215 -0.262664421 -0.163538744 0.248358044 0.201431765 -0.314282551 -0.740960329 0.558237864
277.918041767 -0.269325746 -0.161391716 0.253376772 0.197613328 -0.315105726 -0.740042784 0.560351704
277.958032131 -0.273588372 -0.157917903 0.257643662 0.203350516 -0.314432233 -0.738144827 0.561180143
277.998051402 -0.277020480 -0.154926187 0.261156922 0.212419111 -0.324057201 -0.736655206 0.554260011
278.038056923 -0.280477403 -0.152103020 0.264286731 0.217764908 -0.328511642 -0.735452553 0.551151602
278.078029788 -0.283714340 -0.150574276 0.266858057 0.216305368 -0.330000037 -0.732839692 0.554308532
278.118036402 -0.286968819 -0.149960465 0.267414627 0.211195690 -0.329146989 -0.730979846 0.559220086
278.158125413 -0.288381163 -0.149511427 0.265814431 0.204716201 -0.326891603 -0.730236605 0.563903944
278.198090985 -0.286963192 -0.148511537 0.262241841 0.202407913 -0.323728674 -0.730417537 0.566322349
278.238093850 -0.283565528 -0.146540304 0.257484002 0.202642438 -0.319355225 -0.732500412 0.566031297
278.278116350 -0.278345095 -0.144651007 0.252613498 0.201799767 -0.313201130 -0.735591302 0.565762621
278.318147131 -0.270906811 -0.144069456 0.247257809 0.197252294 -0.307111913 -0.737885751 0.567713329
278.358164787 -0.262340153 -0.144327671 0.241371302 0.192212058 -0.299985565 -0.739833284 0.570709994
278.398102027 -0.251840724 -0.145310669 0.234299288 0.189727444 -0.293354090 -0.743010511 0.570860978
278.438037287 -0.239748289 -0.147038921 0.226270122 0.189696798 -0.289135382 -0.746466943 0.568509419
278.478058694 -0.226975662 -0.149233768 0.218120842 0.191433462 -0.285082502 -0.750498744 0.564652842
278.518038329 -0.214508578 -0.152027772 0.210798456 0.190350616 -0.281502301 -0.755380319 0.560288918
278.558068225 -0.202197936 -0.155391508 0.204317664 0.187331717 -0.280604749 -0.758632306 0.557355207
278.598078954 -0.189296930 -0.159324772 0.198054182 0.187446787 -0.283347964 -0.758508677 0.556095513
278.638058433 -0.176683572 -0.163251549 0.191661894 0.189541898 -0.287923252 -0.756582988 0.555658396
278.678056298 -0.165830594 -0.166516299 0.184750379 0.190936492 -0.289860595 -0.756764259 0.553924136
278.718120360 -0.157664347 -0.169238583 0.177320358 0.189435688 -0.289722880 -0.759162677 0.551223006
278.758046714 -0.152757328 -0.171365727 0.170225025 0.185460000 -0.284848965 -0.762695744 0.550237093
278.798074110 -0.150672989 -0.173342440 0.164216908 0.179034284 -0.278201727 -0.765970322 0.551216826
278.838051089 -0.150255920 -0.174750583 0.159691561 0.172358517 -0.271883567 -0.768649016 0.552766277
278.878061610 -0.150396842 -0.175448471 0.156718056 0.169105861 -0.267260098 -0.770475577 0.553482279
278.918100412 -0.151070832 -0.175403509 0.155413364 0.168602969 -0.265150272 -0.772102377 0.552382378
278.958060048 -0.152652070 -0.174983790 0.155995039 0.168676451 -0.264293513 -0.773269055 0.551137154
278.998096193 -0.154932756 -0.174598250 0.158265554 0.169851848 -0.265509315 -0.772326816 0.551512868
279.038119058 -0.157518729 -0.174495197 0.162461788 0.172722081 -0.271044577 -0.768548361 0.553204607
279.078101089 -0.160835945 -0.173812330 0.169166612 0.177345664 -0.278057137 -0.763587691 0.555127537
279.118149683 -0.165066153 -0.171854447 0.178138759 0.184783097 -0.285241434 -0.758355206 0.556228292
279.158062964 -0.170181923 -0.168747730 0.188686203 0.195192232 -0.293569866 -0.753077564 0.555509594
279.198057443 -0.176998629 -0.165027731 0.200354189 0.206636249 -0.301525608 -0.747518082 0.554617422
279.238095360 -0.186023554 -0.161070685 0.212414264 0.215898080 -0.309534804 -0.741579513 0.554649485
279.278067391 -0.197424064 -0.156389553 0.224281916 0.221596385 -0.314732812 -0.736246620 0.556578130
279.318165881 -0.209233429 -0.151130639 0.235240459 0.226896161 -0.319908526 -0.729907040 0.559832457
279.358106454 -0.219967205 -0.144979158 0.244558393 0.238377225 -0.328096930 -0.721646796 0.561029950
279.398100829 -0.230931289 -0.137806970 0.252019568 0.247984867 -0.333302064 -0.716024259 0.561001338
279.438125516 -0.241266450 -0.131290794 0.257083577 0.250924905 -0.335702081 -0.712728105 0.562458402
279.478119683 -0.249825040 -0.125501520 0.259634439 0.252814038 -0.338034446 -0.707132834 0.567257376
279.518110725 -0.256411367 -0.120171270 0.259802488 0.256998776 -0.340831072 -0.700258089 0.572210117
279.558118016 -0.262261887 -0.114463167 0.258453095 0.262574245 -0.343545940 -0.696039003 0.573202111
279.598077652 -0.268063524 -0.108373364 0.256490260 0.266239910 -0.346113782 -0.695744534 0.570316670
279.638194579 -0.273929114 -0.102404117 0.254398829 0.268023759 -0.348833818 -0.695817638 0.567728850
279.678061089 -0.279555027 -0.097150997 0.252712694 0.268468934 -0.351604787 -0.694829261 0.567019227
279.718061766 -0.284619655 -0.092654040 0.251052918 0.267107170 -0.356081983 -0.694095774 0.565765355
279.758065152 -0.289060473 -0.089055053 0.249104861 0.263011271 -0.358539875 -0.694777166 0.565295427
279.798061558 -0.291677364 -0.086547279 0.246475449 0.257034722 -0.358803324 -0.697109318 0.565006129
279.838066714 -0.291169825 -0.085383642 0.242611805 0.250621769 -0.359772373 -0.700687636 0.562840480
279.878091506 -0.286870372 -0.086061556 0.237328234 0.243775066 -0.363875673 -0.703256591 0.559998552
279.918097443 -0.279090739 -0.087703133 0.230431434 0.238720797 -0.367519111 -0.702375544 0.560901667
279.958077599 -0.268340986 -0.090224309 0.222181500 0.233699693 -0.370052862 -0.699952588 0.564368414
279.998116506 -0.255505880 -0.093050562 0.213090404 0.229252891 -0.373932549 -0.697638189 0.566496706
280.038068224 -0.241334802 -0.095668495 0.203593778 0.226256219 -0.376531048 -0.695286738 0.568866281
280.078078068 -0.225280716 -0.098878601 0.193881051 0.224916656 -0.377845442 -0.691885263 0.572660547
280.118074943 -0.207398747 -0.102421681 0.183971239 0.225914606 -0.381796394 -0.687214886 0.575264986
280.158068641 -0.187820185 -0.106174482 0.174115644 0.229029171 -0.386065017 -0.680707599 0.578909843
280.198090203 -0.166912948 -0.109889883 0.164398516 0.233909016 -0.389958893 -0.672705448 0.583683146
280.238090620 -0.145753809 -0.113354333 0.155153284 0.237179111 -0.392816297 -0.665019286 0.589228966
280.278072808 -0.124799407 -0.116888101 0.146663061 0.238446065 -0.395400610 -0.656612312 0.596374131
280.318068537 -0.104098034 -0.120025470 0.138655184 0.241613042 -0.398436225 -0.646577563 0.603994344
280.358083901 -0.084868572 -0.122263693 0.130767554 0.246962078 -0.400752180 -0.637195060 0.610237558
280.398139787 -0.068143787 -0.123151665 0.122269392 0.252019768 -0.399906855 -0.633786109 0.612270947
280.438087599 -0.053610313 -0.122775944 0.113634546 0.257502364 -0.395397405 -0.633137285 0.613588302
280.478063953 -0.040263664 -0.122260403 0.105134692 0.266520344 -0.393313646 -0.629490837 0.614827267
280.518085151 -0.028799383 -0.121255518 0.097012210 0.276324493 -0.388424533 -0.624852459 0.618328845
280.558086714 -0.020125662 -0.119896115 0.090112680 0.280414217 -0.380767691 -0.623325918 0.622774946
280.598079630 -0.013655913 -0.118549367 0.084703750 0.281717442 -0.376027265 -0.623255034 0.625133539
280.638080412 -0.008986212 -0.117113350 0.081334672 0.282959852 -0.376560367 -0.620606366 0.626884160
280.678091766 -0.007051268 -0.115008020 0.080215418 0.284592311 -0.377469900 -0.617020923 0.629133429
280.718089734 -0.009123424 -0.112246653 0.081223107 0.282731028 -0.376299467 -0.616010740 0.631658646
280.758079578 -0.014376488 -0.109502578 0.084416065 0.277229782 -0.376086781 -0.617191604 0.633069432
280.798079891 -0.021131167 -0.107311854 0.089397192 0.272258003 -0.379909609 -0.617328085 0.632811429
280.838079526 -0.029693187 -0.104969754 0.095727416 0.268779191 -0.384297113 -0.616889938 0.632076166
280.878075828 -0.040221078 -0.102228552 0.103256595 0.265828606 -0.387332637 -0.618092189 0.630294079
280.918080568 -0.052685726 -0.099433467 0.112217248 0.262683625 -0.391426289 -0.620554241 0.626653978
280.958079109 -0.066891914 -0.096667273 0.122303914 0.256463496 -0.396355729 -0.623127838 0.623570612
280.998105203 -0.082501762 -0.094060486 0.133359443 0.247061947 -0.398604906 -0.625795151 0.623261544
281.038147651 -0.098656367 -0.091020671 0.144380106 0.239589373 -0.401589119 -0.628919159 0.621114968
281.078139682 -0.114920781 -0.087209498 0.154749610 0.235896413 -0.405890665 -0.632927439 0.615636668
281.118243484 -0.131050289 -0.082487677 0.164443152 0.236630371 -0.408680953 -0.636751254 0.609535714
281.158101922 -0.146331257 -0.077094568 0.173450797 0.241076196 -0.413210749 -0.639147991 0.602186840
281.198165307 -0.160744401 -0.070948741 0.181459272 0.250279908 -0.421792862 -0.640075970 0.591399613
281.238091245 -0.173973932 -0.064334402 0.187666698 0.262170315 -0.432614256 -0.639571576 0.578843529
281.278403120 -0.186158039 -0.056997064 0.191433287 0.275286497 -0.441038831 -0.638488452 0.567480917
281.318097599 -0.198093676 -0.050034313 0.192972332 0.284895866 -0.443590994 -0.639000924 0.560124267
281.358152130 -0.210310726 -0.044136674 0.193500888 0.287944433 -0.442637445 -0.640561898 0.557530762
281.398133536 -0.221694205 -0.039532669 0.194051480 0.286773663 -0.441696132 -0.641529359 0.557768299
281.438135307 -0.231312865 -0.035632159 0.194677038 0.287383990 -0.442914272 -0.640876186 0.557238821
281.478160932 -0.239369674 -0.032007844 0.195345586 0.291301184 -0.444770046 -0.639072924 0.555795847
281.518131453 -0.245779084 -0.029374421 0.195778691 0.294811257 -0.445899113 -0.637819675 0.554478463
281.558177182 -0.251145476 -0.028066693 0.196383915 0.292942403 -0.446915627 -0.638484307 0.553885331
281.598137495 -0.254638949 -0.028080165 0.196895293 0.288314634 -0.447784013 -0.639786050 0.554110061
281.638110672 -0.254393414 -0.029516836 0.196572171 0.284063756 -0.450077431 -0.639453878 0.554830449
281.678085463 -0.250707018 -0.031575336 0.194872568 0.281379930 -0.451716749 -0.638295090 0.556198428
281.718094213 -0.244046957 -0.034344953 0.191413307 0.277206949 -0.450468985 -0.638237693 0.559362716
281.758124526 -0.234173629 -0.038208816 0.185651510 0.271446505 -0.447892426 -0.638019171 0.564482690
281.798111974 -0.222736597 -0.041990989 0.177943656 0.265856231 -0.444116416 -0.638163098 0.569937658
281.838191349 -0.209235416 -0.045392964 0.168307621 0.262715478 -0.436671677 -0.638129746 0.577138503
281.878148692 -0.194202807 -0.048352672 0.157348209 0.261948909 -0.427881883 -0.638247878 0.583900257
281.918103953 -0.178004264 -0.051270182 0.145928091 0.263096235 -0.420768771 -0.638644341 0.588104939
281.958101349 -0.160769558 -0.054392469 0.134839684 0.263831254 -0.415910656 -0.637769276 0.592166992
281.998096661 -0.142928187 -0.057652015 0.124603297 0.262772721 -0.410826497 -0.635295694 0.598808373
282.038093224 -0.124694164 -0.061388092 0.115656488 0.259823999 -0.409561889 -0.632201741 0.604211475
282.078133692 -0.106414006 -0.064911745 0.107742997 0.257789061 -0.413832572 -0.627914203 0.606639230
282.118204057 -0.089128154 -0.067714942 0.100294516 0.258416729 -0.419701469 -0.626238687 0.604066699
282.158117078 -0.073540723 -0.070200273 0.093482136 0.257698649 -0.428900749 -0.627625728 0.596423926
282.198089109 -0.059907384 -0.072305848 0.086815781 0.257826311 -0.439996372 -0.629615512 0.586099900
282.238095671 -0.049393272 -0.075734355 0.081048658 0.252285909 -0.455845440 -0.637277191 0.567833194
282.278169317 -0.042032022 -0.080223752 0.076331966 0.236322458 -0.482305081 -0.648883718 0.538965143
282.318112026 -0.036567485 -0.085483107 0.072667695 0.216354050 -0.515638706 -0.657302521 0.505233655
282.358107963 -0.033070885 -0.091182643 0.070138998 0.196197182 -0.548397886 -0.664773492 0.467806186
282.398208796 -0.029765401 -0.095308092 0.068553953 0.176821239 -0.579658122 -0.670220826 0.428409565
282.438113744 -0.026479457 -0.098078574 0.066630990 0.164360343 -0.608660023 -0.671848945 0.388764259
282.478122650 -0.023776367 -0.099575767 0.064331205 0.154577584 -0.632930862 -0.672616346 0.350844046
282.518104265 -0.021926614 -0.100072057 0.061183936 0.148961430 -0.650623507 -0.674911753 0.314632596
282.558102963 -0.021366566 -0.100269539 0.057802066 0.143618619 -0.662907234 -0.678201335 0.282790808
282.598178640 -0.022157443 -0.100512136 0.054150435 0.139702680 -0.671307982 -0.681159996 0.256612185
282.638168067 -0.023738257 -0.101419288 0.050654730 0.137127370 -0.678220157 -0.682342800 0.235842758
282.678114682 -0.024947120 -0.103119122 0.045875461 0.141722274 -0.680469625 -0.683246712 0.223718164
282.718192442 -0.026850010 -0.105256316 0.040629042 0.151728090 -0.679672691 -0.685385320 0.212768847
282.758260255 -0.028714142 -0.107856965 0.034509229 0.160694712 -0.676892359 -0.690173272 0.199135127
282.798103848 -0.030889115 -0.110686504 0.028594679 0.169901618 -0.674415982 -0.694683346 0.183607114
282.838104994 -0.033180060 -0.114356706 0.023600281 0.173479111 -0.675271212 -0.696712024 0.168837624
282.878107859 -0.033482978 -0.119250664 0.019320206 0.183577769 -0.677120865 -0.692903755 0.166405897
282.918122390 -0.033107149 -0.125532418 0.018362678 0.197023070 -0.682539294 -0.681408905 0.176079318
282.958114473 -0.033025295 -0.131122542 0.018645856 0.207343822 -0.684511557 -0.671431723 0.193989456
282.998111973 -0.032893703 -0.135209425 0.019339148 0.209815177 -0.685493912 -0.666997358 0.202953719
283.038192025 -0.031248831 -0.138727303 0.019416603 0.213709701 -0.685769838 -0.664564010 0.205918842
283.078142754 -0.026668484 -0.143159652 0.020105671 0.223435483 -0.686583178 -0.656801008 0.217468524
283.118174890 -0.020221092 -0.148081159 0.020706498 0.250192041 -0.680577116 -0.643548162 0.245080588
283.158113588 -0.012082278 -0.151429850 0.020350328 0.287929114 -0.667983619 -0.628930454 0.274483505
283.198106609 -0.004988581 -0.152983090 0.020228968 0.326505170 -0.650605402 -0.610693777 0.311705142
283.238112598 0.002806177 -0.153727568 0.020261769 0.361241030 -0.634157836 -0.592220088 0.341502744
283.278111869 0.008376353 -0.154137426 0.020300285 0.387387961 -0.617866076 -0.578051774 0.366098657
283.318122806 0.012863064 -0.154548246 0.020500927 0.411398552 -0.603511383 -0.564265800 0.384875758
283.358129786 0.016705435 -0.154861842 0.020399408 0.434513326 -0.589839758 -0.550889742 0.399759580
283.398144056 0.019618872 -0.155074100 0.020474769 0.449958007 -0.581644197 -0.539801001 0.409686099
283.438178327 0.021858014 -0.155192959 0.020880772 0.457562397 -0.577328424 -0.532648778 0.416669921
283.478170827 0.023309034 -0.155441855 0.021175232 0.458949286 -0.575506838 -0.530750742 0.420072711
283.518119733 0.024296146 -0.155835000 0.021386217 0.458573131 -0.574939412 -0.531396115 0.420444438
283.558119108 0.024790727 -0.156307141 0.021754515 0.452917839 -0.577346342 -0.534437142 0.419420522
283.598116869 0.025342236 -0.156809184 0.022253087 0.450260166 -0.580645416 -0.535159721 0.416798221
283.638130827 0.026125787 -0.157195726 0.023012725 0.451632079 -0.584455745 -0.532039035 0.413973928
283.678154004 0.026845488 -0.157767889 0.023520044 0.450898691 -0.587007855 -0.531649298 0.411656620
283.718127858 0.026669871 -0.159181464 0.023704569 0.448224992 -0.586828656 -0.533312812 0.412678967
283.758125931 0.026114317 -0.157257215 0.024021147 0.443250979 -0.584915515 -0.536098046 0.417134625
283.798113275 0.026652777 -0.157936510 0.024041555 0.440819372 -0.583327174 -0.539304505 0.417801795
283.838241035 0.026893644 -0.158887376 0.024100535 0.440380508 -0.583400720 -0.540743758 0.416298926
283.878177702 0.027342350 -0.159754069 0.024342591 0.441054740 -0.583322299 -0.539878900 0.416817208
283.918124994 0.027623099 -0.160792721 0.024443749 0.440819139 -0.583733580 -0.540064812 0.416249436
283.958194629 0.027915732 -0.161891452 0.024506150 0.440213712 -0.583910433 -0.540196705 0.416470905
283.998257442 0.028149684 -0.163085890 0.024529961 0.440414797 -0.584034323 -0.540150624 0.416144230
284.038151139 0.028442948 -0.164354623 0.024455711 0.440488410 -0.584070995 -0.540081448 0.416104629
284.078127910 0.028734801 -0.165694060 0.024333749 0.440436425 -0.583878737 -0.540330860 0.416105681
284.118179421 0.029027390 -0.167076933 0.024253987 0.440417351 -0.583917576 -0.540321507 0.416083515
284.158213796 0.029358202 -0.168520731 0.024135394 0.440512751 -0.584005757 -0.540266899 0.415929645
284.198131035 0.028627702 -0.166742839 0.023306150 0.440366625 -0.584216733 -0.540153159 0.415935823
284.238130306 0.028448323 -0.166294216 0.023045854 0.440327136 -0.584209276 -0.540195781 0.415932752
284.278250879 0.022392642 -0.159221886 0.020954952 0.440356591 -0.584436872 -0.540017467 0.415813361
284.318146712 0.021767920 -0.158555360 0.020729630 0.440336267 -0.584495883 -0.539997536 0.415777821
284.358235931 0.021199005 -0.158047888 0.020554057 0.440276324 -0.584609668 -0.539944698 0.415749946
284.398176400 0.020630172 -0.157428201 0.020453000 0.440322789 -0.584695901 -0.539875210 0.415669704
284.438184473 0.020122993 -0.156874942 0.020323362 0.440288001 -0.584703876 -0.539901274 0.415661482
284.478307285 0.019655992 -0.156389778 0.020228828 0.440266466 -0.584732077 -0.539908871 0.415634754
284.518185566 0.019357191 -0.156100512 0.020187367 0.440277406 -0.584798333 -0.539875489 0.415573305
284.558214941 0.019198213 -0.155911486 0.020190029 0.440254304 -0.584868785 -0.539844438 0.415538969
284.598189004 0.019233544 -0.156063666 0.020285429 0.440233319 -0.584890890 -0.539873556 0.415492256
284.638289993 0.019258207 -0.156132926 0.020391622 0.440237312 -0.584907527 -0.539883277 0.415451972
284.678144160 0.019371877 -0.156253257 0.020452939 0.440231840 -0.584935436 -0.539887059 0.415413561
284.718189056 0.019358058 -0.156199299 0.020544916 0.440203102 -0.584984958 -0.539872857 0.415392738
284.758178014 0.019304379 -0.155964570 0.020610456 0.440192806 -0.585027243 -0.539850611 0.415373009
284.798197077 0.019349071 -0.155905826 0.020683844 0.440178791 -0.585048424 -0.539849054 0.415360051
284.838201191 0.019297246 -0.155765084 0.020740278 0.440161124 -0.585091865 -0.539830242 0.415342034
284.878185983 0.019323759 -0.155750367 0.020743897 0.440154094 -0.585134110 -0.539814613 0.415310282
284.918154837 0.019328014 -0.155640944 0.020751533 0.440131183 -0.585179606 -0.539798745 0.415291085
284.958152181 0.019381838 -0.155535084 0.020743155 0.440095161 -0.585226541 -0.539794844 0.415268192
284.998202702 0.019392590 -0.155306871 0.020741313 0.440076356 -0.585276462 -0.539770155 0.415249857
285.038156556 0.019342769 -0.155041346 0.020725076 0.440068969 -0.585329006 -0.539743371 0.415218437
285.078239212 0.019286832 -0.154770189 0.020690426 0.440053497 -0.585385627 -0.539718445 0.415187413
285.118169837 0.019245903 -0.154601942 0.020662799 0.440005658 -0.585389822 -0.539746245 0.415196059
285.158147129 0.019223419 -0.154614196 0.020634871 0.440049363 -0.585426950 -0.539742830 0.415101821
285.198145670 0.019161923 -0.154647248 0.020622901 0.440029497 -0.585497673 -0.539720689 0.415051918
285.238207701 0.019131131 -0.154676151 0.020582957 0.440032775 -0.585514846 -0.539742881 0.414995354
285.278199056 0.019114988 -0.154716402 0.020580028 0.440006334 -0.585539036 -0.539757921 0.414969698
285.318144160 0.019104096 -0.154791700 0.020574009 0.440022942 -0.585555958 -0.539768287 0.414914721
285.358138743 0.019063202 -0.154836287 0.020569243 0.440007923 -0.585599397 -0.539767583 0.414870257
285.398150045 0.019087279 -0.154756044 0.020541788 0.439987519 -0.585626802 -0.539768369 0.414852191
285.438151816 0.019033569 -0.154773717 0.020514177 0.439980147 -0.585658066 -0.539770174 0.414813523
285.478210045 0.018960831 -0.154731470 0.020481684 0.439954243 -0.585685189 -0.539780405 0.414789390
285.518206295 0.018907286 -0.154734633 0.020464569 0.439948639 -0.585708926 -0.539789416 0.414750088
285.558169785 0.018847724 -0.154746596 0.020411778 0.439928180 -0.585737195 -0.539794007 0.414725891
285.598160514 0.018821247 -0.154698521 0.020343486 0.439919983 -0.585761589 -0.539797861 0.414695115
285.638203899 0.018793958 -0.154571413 0.020302152 0.439902856 -0.585782424 -0.539798607 0.414682882
285.678204993 0.018829986 -0.154453066 0.020257535 0.439892413 -0.585792270 -0.539804647 0.414672190
285.718149524 0.018883653 -0.154362615 0.020221742 0.439866855 -0.585809208 -0.539815833 0.414660812
285.758155774 0.018852432 -0.154289707 0.020183766 0.439862246 -0.585824754 -0.539821759 0.414636023
285.798209733 0.018828298 -0.154250235 0.020169871 0.439849951 -0.585844764 -0.539833007 0.414606148
285.838166243 0.018812286 -0.154244374 0.020116216 0.439825818 -0.585865832 -0.539847566 0.414583022
285.878172805 0.018773610 -0.154248219 0.020088733 0.439818422 -0.585880535 -0.539864285 0.414548318
285.918226607 0.018752233 -0.154218265 0.020103554 0.439797604 -0.585904148 -0.539877172 0.414520247
285.958143587 0.018717095 -0.154069518 0.020049201 0.439772694 -0.585934187 -0.539869044 0.414514804
285.998152962 0.018683309 -0.154083497 0.019945203 0.439756584 -0.585950742 -0.539898069 0.414470687
286.038272128 0.018689781 -0.154105538 0.019850648 0.439735423 -0.585967159 -0.539916689 0.414445673
286.078174524 0.018699170 -0.154123308 0.019758342 0.439717559 -0.585983555 -0.539939676 0.414411496
286.118171920 0.018713213 -0.154073681 0.019688428 0.439694846 -0.585999892 -0.539948667 0.414400779
286.158155305 0.018773363 -0.154023124 0.019581272 0.439673298 -0.586022181 -0.539958785 0.414378939
286.198307597 0.018896059 -0.154044729 0.019447429 0.439649841 -0.586038428 -0.539980898 0.414352034
286.238165462 0.018989360 -0.153987039 0.019380504 0.439614553 -0.586067801 -0.539983721 0.414344251
286.278153691 0.019194478 -0.153953246 0.019350101 0.439587489 -0.586072510 -0.540011814 0.414329691
286.318158951 0.019354764 -0.153869938 0.019322496 0.439564736 -0.586091177 -0.540024145 0.414311354
286.358232024 0.019529295 -0.153833887 0.019280717 0.439537075 -0.586116558 -0.540039766 0.414284433
286.398253691 0.019612334 -0.153832850 0.019255260 0.439507226 -0.586154839 -0.540055631 0.414241255
286.438177232 0.019706266 -0.153888653 0.019227568 0.439474815 -0.586193358 -0.540075088 0.414195768
286.478182493 0.019781892 -0.153956492 0.019227140 0.439446652 -0.586214439 -0.540104173 0.414157886
