== ibfs_hook8 init ctor=0x70a4ca8598 mqread=0x70a720b9f0 nent=96 maxfs=6000 ==
MAP e=0 host=24633707911695 id=0 k=0 handle=70a168a490 va=70a45eb000 640x481 nfds=2
MAP e=1 host=24633708084090 id=1 k=0 handle=70a168a518 va=70a4447000 640x481 nfds=2
MAP e=2 host=24633708199976 id=2 k=0 handle=70a168a5a0 va=709d7dd000 640x481 nfds=2
MAP e=3 host=24633708301851 id=3 k=0 handle=70a168a628 va=709c62a000 640x481 nfds=2
MAP e=4 host=24633708391122 id=4 k=0 handle=70a168a6b0 va=709bc9a000 640x481 nfds=2
MAP e=5 host=24633708483205 id=5 k=0 handle=70a168a738 va=709ba91000 640x481 nfds=2
MAP e=6 host=24633708576538 id=6 k=0 handle=70a168a7c0 va=70952dd000 640x481 nfds=2
MAP e=7 host=24633708665080 id=7 k=0 handle=70a168a848 va=7094fdf000 640x481 nfds=2
MAP e=8 host=24633708758622 id=8 k=0 handle=70a168a8d0 va=7094c6b000 640x481 nfds=2
MAP e=9 host=24633708844715 id=9 k=0 handle=70a168a958 va=7094bd3000 640x481 nfds=2
MAP e=10 host=24633708929559 id=10 k=0 handle=70a168a9e0 va=7094b3b000 640x481 nfds=2
MAP e=11 host=24633709015705 id=11 k=0 handle=70a168aa68 va=7094aa3000 640x481 nfds=2
MAP e=12 host=24633709098049 id=12 k=0 handle=70a168aaf0 va=7094a0b000 640x481 nfds=2
MAP e=13 host=24633709188257 id=13 k=0 handle=70a168ab78 va=7094973000 640x481 nfds=2
MAP e=14 host=24633709276851 id=14 k=0 handle=70a168ac00 va=70948db000 640x481 nfds=2
MAP e=15 host=24633709361122 id=15 k=0 handle=70a168ac88 va=7094843000 640x481 nfds=2
MAP e=16 host=24633709454455 id=0 k=1 handle=70a168af10 va=70947ab000 640x481 nfds=2
MAP e=17 host=24633709537215 id=1 k=1 handle=70a168af98 va=7094713000 640x481 nfds=2
MAP e=18 host=24633709618882 id=2 k=1 handle=70a168b020 va=709467b000 640x481 nfds=2
MAP e=19 host=24633709701747 id=3 k=1 handle=70a168b0a8 va=70945e3000 640x481 nfds=2
MAP e=20 host=24633709782788 id=4 k=1 handle=70a168b130 va=709454b000 640x481 nfds=2
MAP e=21 host=24633709865653 id=5 k=1 handle=70a168b1b8 va=70944b3000 640x481 nfds=2
MAP e=22 host=24633709952267 id=6 k=1 handle=70a168b240 va=709441b000 640x481 nfds=2
MAP e=23 host=24633710103778 id=7 k=1 handle=70a168b2c8 va=7094383000 640x481 nfds=2
MAP e=24 host=24633710194403 id=8 k=1 handle=70a168b350 va=70942eb000 640x481 nfds=2
MAP e=25 host=24633710280392 id=9 k=1 handle=70a168b3d8 va=7094253000 640x481 nfds=2
MAP e=26 host=24633710374663 id=10 k=1 handle=70a168b460 va=70941bb000 640x481 nfds=2
MAP e=27 host=24633710466590 id=11 k=1 handle=70a168b4e8 va=7094123000 640x481 nfds=2
MAP e=28 host=24633710548674 id=12 k=1 handle=70a168b570 va=709408b000 640x481 nfds=2
MAP e=29 host=24633710632476 id=13 k=1 handle=70a168b5f8 va=7093ff3000 640x481 nfds=2
MAP e=30 host=24633710714663 id=14 k=1 handle=70a168b680 va=7093f5b000 640x481 nfds=2
MAP e=31 host=24633710799090 id=15 k=1 handle=70a168b708 va=7093ec3000 640x481 nfds=2
MAP e=32 host=24633710891382 id=0 k=2 handle=70a168b990 va=7093e2b000 640x481 nfds=2
MAP e=33 host=24633710979715 id=1 k=2 handle=70a168ba18 va=7093d93000 640x481 nfds=2
MAP e=34 host=24633711063413 id=2 k=2 handle=70a168baa0 va=7093cfb000 640x481 nfds=2
MAP e=35 host=24633711156330 id=3 k=2 handle=70a168bb28 va=7093c63000 640x481 nfds=2
MAP e=36 host=24633711241017 id=4 k=2 handle=70a168bbb0 va=7093bcb000 640x481 nfds=2
MAP e=37 host=24633711324872 id=5 k=2 handle=70a168bc38 va=7093b33000 640x481 nfds=2
MAP e=38 host=24633711407424 id=6 k=2 handle=70a168bcc0 va=7093a9b000 640x481 nfds=2
MAP e=39 host=24633711488830 id=7 k=2 handle=70a168bd48 va=7093a03000 640x481 nfds=2
MAP e=40 host=24633711596174 id=8 k=2 handle=70a168bdd0 va=709396b000 640x481 nfds=2
MAP e=41 host=24633711678934 id=9 k=2 handle=70a168be58 va=70938d3000 640x481 nfds=2
MAP e=42 host=24633711760601 id=10 k=2 handle=70a168bee0 va=709383b000 640x481 nfds=2
MAP e=43 host=24633711844767 id=11 k=2 handle=70a168bf68 va=70937a3000 640x481 nfds=2
MAP e=44 host=24633711926486 id=12 k=2 handle=70a168bff0 va=709370b000 640x481 nfds=2
MAP e=45 host=24633712012267 id=13 k=2 handle=70a168c078 va=7093673000 640x481 nfds=2
MAP e=46 host=24633712095965 id=14 k=2 handle=70a168c100 va=70935db000 640x481 nfds=2
MAP e=47 host=24633712186122 id=15 k=2 handle=70a168c188 va=7093543000 640x481 nfds=2
MAP e=48 host=24633712296955 id=0 k=3 handle=70a168c410 va=70934ab000 640x481 nfds=2
MAP e=49 host=24633712381486 id=1 k=3 handle=70a168c498 va=7093413000 640x481 nfds=2
MAP e=50 host=24633712469924 id=2 k=3 handle=70a168c520 va=709337b000 640x481 nfds=2
MAP e=51 host=24633712552163 id=3 k=3 handle=70a168c5a8 va=70932e3000 640x481 nfds=2
MAP e=52 host=24633712633465 id=4 k=3 handle=70a168c630 va=709324b000 640x481 nfds=2
MAP e=53 host=24633712725392 id=5 k=3 handle=70a168c6b8 va=70931b3000 640x481 nfds=2
MAP e=54 host=24633712811486 id=6 k=3 handle=70a168c740 va=709311b000 640x481 nfds=2
MAP e=55 host=24633712904090 id=7 k=3 handle=70a168c7c8 va=7093083000 640x481 nfds=2
MAP e=56 host=24633712989872 id=8 k=3 handle=70a168c850 va=7092feb000 640x481 nfds=2
MAP e=57 host=24633713078830 id=9 k=3 handle=70a168c8d8 va=7092f53000 640x481 nfds=2
MAP e=58 host=24633713162997 id=10 k=3 handle=70a168c960 va=7092ebb000 640x481 nfds=2
MAP e=59 host=24633713250601 id=11 k=3 handle=70a168c9e8 va=7092e23000 640x481 nfds=2
MAP e=60 host=24633713337892 id=12 k=3 handle=70a168ca70 va=7092d8b000 640x481 nfds=2
MAP e=61 host=24633713425028 id=13 k=3 handle=70a168caf8 va=7092cf3000 640x481 nfds=2
MAP e=62 host=24633713512215 id=14 k=3 handle=70a168cb80 va=7092c5b000 640x481 nfds=2
MAP e=63 host=24633713598361 id=15 k=3 handle=70a168cc08 va=7092bc3000 640x481 nfds=2
FS n=64 fsseq=538668 buf=1 c0=0:24634463585236 c1=1:24634464078413 c2=2:24634463593673 c3=3:24634463949038 CH: 0/id0/k0 1/id1/k0 2/id2/k0 3/id3/k0 4/id4/k0 5/id5/k0 6/id6/k0 7/id7/k0 8/id8/k0 9/id9/k0 10/id10/k0 11/id11/k0 12/id12/k0 13/id13/k0 14/id14/k0 15/id15/k0 16/id0/k1 17/id1/k1 18/id2/k1 19/id3/k1 20/id4/k1 21/id5/k1 22/id6/k1 23/id7/k1 24/id8/k1 25/id9/k1 26/id10/k1 27/id11/k1 28/id12/k1 29/id13/k1 30/id14/k1 31/id15/k1 32/id0/k2 33/id1/k2 34/id2/k2 35/id3/k2 36/id4/k2 37/id5/k2 38/id6/k2 39/id7/k2 40/id8/k2 41/id9/k2 42/id10/k2 43/id11/k2 44/id12/k2 45/id13/k2 46/id14/k2 47/id15/k2 48/id0/k3 49/id1/k3 50/id2/k3 51/id3/k3 52/id4/k3 53/id5/k3 54/id6/k3 55/id7/k3 56/id8/k3 57/id9/k3 58/id10/k3 59/id11/k3 60/id12/k3 61/id13/k3 62/id14/k3 63/id15/k3
FS n=64 fsseq=538669 buf=5 c0=0:24634503577163 c1=1:24634504084246 c2=2:24634503581538 c3=3:24634503953673 CH: 5/id5/k0 10/id10/k0 18/id2/k1 29/id13/k1 36/id4/k2 44/id12/k2 52/id4/k3 59/id11/k3
FS n=64 fsseq=538670 buf=2 c0=0:24634543672319 c1=1:24634544222475 c2=2:24634543677475 c3=3:24634543951903 CH: 2/id2/k0 11/id11/k0 19/id3/k1 24/id8/k1 38/id6/k2 45/id13/k2 54/id6/k3 57/id9/k3
FS n=64 fsseq=538671 buf=0 c0=0:24634583577944 c1=1:24634584094975 c2=2:24634583583517 c3=3:24634583953830 CH: 0/id0/k0 13/id13/k0 21/id5/k1 25/id9/k1 33/id1/k2 46/id14/k2 49/id1/k3 60/id12/k3
FS n=64 fsseq=538672 buf=4 c0=0:24634623581694 c1=1:24634624085861 c2=2:24634623589663 c3=3:24634623954975 CH: 4/id4/k0 15/id15/k0 20/id4/k1 30/id14/k1 39/id7/k2 41/id9/k2 50/id2/k3 62/id14/k3
FS n=64 fsseq=537884 buf=12 c0=0:24634641447163 c1=1:24634641449507 c2=2:24634641478986 c3=3:24634641496694 CH: 12/id12/k0 28/id12/k1 43/id11/k2 58/id10/k3
FS n=64 fsseq=538673 buf=6 c0=0:24634663605236 c1=1:24634664078205 c2=2:24634663605184 c3=3:24634663946225 CH: 6/id6/k0 26/id10/k1 37/id5/k2 51/id3/k3
FS n=64 fsseq=537885 buf=14 c0=0:24634681447788 c1=1:24634681447788 c2=2:24634681468725 c3=3:24634681493830 CH: 14/id14/k0 23/id7/k1 47/id15/k2 61/id13/k3
FS n=64 fsseq=538674 buf=8 c0=0:24634703579559 c1=1:24634704086017 c2=2:24634703582423 c3=3:24634703952163 CH: 8/id8/k0 31/id15/k1 34/id2/k2 53/id5/k3
FS n=64 fsseq=537886 buf=9 c0=0:24634721477788 c1=1:24634721477736 c2=2:24634721539819 c3=3:24634721515548 CH: 9/id9/k0 17/id1/k1 42/id10/k2 63/id15/k3
FS n=64 fsseq=538675 buf=3 c0=0:24634743577059 c1=1:24634744085757 c2=2:24634743585809 c3=3:24634743950236 CH: 3/id3/k0 16/id0/k1 35/id3/k2 55/id7/k3
FS n=64 fsseq=537887 buf=10 c0=0:24634761456121 c1=1:24634761458413 c2=2:24634761504455 c3=3:24634761498830 CH: 10/id10/k0 18/id2/k1 44/id12/k2 59/id11/k3
FS n=64 fsseq=538676 buf=7 c0=0:24634783589455 c1=1:24634784088152 c2=2:24634783598830 c3=3:24634783951538 CH: 7/id7/k0 22/id6/k1 40/id8/k2 56/id8/k3
FS n=64 fsseq=537888 buf=11 c0=0:24634801471642 c1=1:24634801472996 c2=2:24634801537632 c3=3:24634801569975 CH: 11/id11/k0 19/id3/k1 45/id13/k2 57/id9/k3
FS n=64 fsseq=537888 buf=11 c0=0:24634801471642 c1=1:24634801472996 c2=2:24634801537632 c3=3:24634801569975 CH:
FS n=64 fsseq=538677 buf=1 c0=0:24634823654559 c1=1:24634824085652 c2=2:24634823654507 c3=3:24634823948152 CH: 1/id1/k0 27/id11/k1 32/id0/k2 48/id0/k3
FS n=64 fsseq=538677 buf=1 c0=0:24634823654559 c1=1:24634824085652 c2=2:24634823654507 c3=3:24634823948152 CH:
FS n=64 fsseq=538677 buf=1 c0=0:24634823654559 c1=1:24634824085652 c2=2:24634823654507 c3=3:24634823948152 CH:
FS n=64 fsseq=537889 buf=13 c0=0:24634841451642 c1=1:24634841451642 c2=2:24634841478882 c3=3:24634841518048 CH: 46/id14/k2 60/id12/k3
FS n=64 fsseq=537889 buf=13 c0=0:24634841451642 c1=1:24634841451642 c2=2:24634841478882 c3=3:24634841518048 CH: 46/id14/k2 60/id12/k3
FS n=64 fsseq=537889 buf=13 c0=0:24634841451642 c1=1:24634841451642 c2=2:24634841478882 c3=3:24634841518048 CH: 13/id13/k0 21/id5/k1
FS n=64 fsseq=538678 buf=5 c0=0:24634863620132 c1=1:24634864105757 c2=2:24634863619923 c3=3:24634863953777 CH: 5/id5/k0
FS n=64 fsseq=538678 buf=5 c0=0:24634863620132 c1=1:24634864105757 c2=2:24634863619923 c3=3:24634863953777 CH: 29/id13/k1 36/id4/k2 52/id4/k3
FS n=64 fsseq=538678 buf=5 c0=0:24634863620132 c1=1:24634864105757 c2=2:24634863619923 c3=3:24634863953777 CH:
FS n=64 fsseq=537890 buf=15 c0=0:24634881443465 c1=1:24634881443465 c2=2:24634881463257 c3=3:24634881500340 CH:
FS n=64 fsseq=537890 buf=15 c0=0:24634881443465 c1=1:24634881443465 c2=2:24634881463257 c3=3:24634881500340 CH:
FS n=64 fsseq=537890 buf=15 c0=0:24634881443465 c1=1:24634881443465 c2=2:24634881463257 c3=3:24634881500340 CH: 15/id15/k0 20/id4/k1 41/id9/k2 62/id14/k3
FS n=64 fsseq=538679 buf=2 c0=0:24634904457580 c1=1:24634904471850 c2=2:24634904493830 c3=3:24634904530913 CH: 2/id2/k0 24/id8/k1 38/id6/k2 54/id6/k3
FS n=64 fsseq=538679 buf=2 c0=0:24634904457580 c1=1:24634904471850 c2=2:24634904493830 c3=3:24634904530913 CH: 2/id2/k0 24/id8/k1 38/id6/k2 54/id6/k3
FS n=64 fsseq=538679 buf=2 c0=0:24634904457580 c1=1:24634904471850 c2=2:24634904493830 c3=3:24634904530913 CH:
FS n=64 fsseq=537891 buf=0 c0=0:24634921459194 c1=1:24634921459090 c2=2:24634921482319 c3=3:24634921508934 CH: 49/id1/k3
FS n=64 fsseq=537891 buf=0 c0=0:24634921459194 c1=1:24634921459090 c2=2:24634921482319 c3=3:24634921508934 CH: 0/id0/k0 25/id9/k1 33/id1/k2 49/id1/k3
FS n=64 fsseq=537891 buf=0 c0=0:24634921459194 c1=1:24634921459090 c2=2:24634921482319 c3=3:24634921508934 CH: 49/id1/k3
FS n=64 fsseq=538680 buf=4 c0=0:24634944457215 c1=1:24634944458465 c2=2:24634944481694 c3=3:24634944504871 CH:
FS n=64 fsseq=538680 buf=4 c0=0:24634944457215 c1=1:24634944458465 c2=2:24634944481694 c3=3:24634944504871 CH: 4/id4/k0 30/id14/k1 39/id7/k2 50/id2/k3
FS n=64 fsseq=538680 buf=4 c0=0:24634944457215 c1=1:24634944458465 c2=2:24634944481694 c3=3:24634944504871 CH:
FS n=64 fsseq=537892 buf=12 c0=0:24634961471590 c1=1:24634961471538 c2=2:24634961524767 c3=3:24634961537475 CH: 12/id12/k0 26/id10/k1 43/id11/k2 58/id10/k3
FS n=64 fsseq=537892 buf=12 c0=0:24634961471590 c1=1:24634961471538 c2=2:24634961524767 c3=3:24634961537475 CH:
FS n=64 fsseq=537892 buf=12 c0=0:24634961471590 c1=1:24634961471538 c2=2:24634961524767 c3=3:24634961537475 CH:
FS n=64 fsseq=538681 buf=6 c0=0:24634983750027 c1=1:24634983528152 c2=2:24634983790079 c3=3:24634983783517 CH: 37/id5/k2 51/id3/k3
FS n=64 fsseq=538681 buf=6 c0=0:24634983750027 c1=1:24634983528152 c2=2:24634983790079 c3=3:24634983783517 CH: 6/id6/k0 28/id12/k1 37/id5/k2 51/id3/k3
FS n=64 fsseq=538681 buf=6 c0=0:24634983750027 c1=1:24634983528152 c2=2:24634983790079 c3=3:24634983783517 CH:
FS n=64 fsseq=537893 buf=14 c0=0:24635001446746 c1=1:24635001446746 c2=2:24635001466850 c3=3:24635001489715 CH: 14/id14/k0 23/id7/k1
FS n=64 fsseq=537893 buf=14 c0=0:24635001446746 c1=1:24635001446746 c2=2:24635001466850 c3=3:24635001489715 CH: 14/id14/k0 23/id7/k1
FS n=64 fsseq=537893 buf=14 c0=0:24635001446746 c1=1:24635001446746 c2=2:24635001466850 c3=3:24635001489715 CH: 14/id14/k0 23/id7/k1 47/id15/k2 61/id13/k3
FS n=64 fsseq=538682 buf=8 c0=0:24635023847111 c1=1:24635023569923 c2=2:24635023767007 c3=3:24635023773517 CH:
FS n=64 fsseq=538682 buf=8 c0=0:24635023847111 c1=1:24635023569923 c2=2:24635023767007 c3=3:24635023773517 CH:
FS n=64 fsseq=538682 buf=8 c0=0:24635023847111 c1=1:24635023569923 c2=2:24635023767007 c3=3:24635023773517 CH: 8/id8/k0 31/id15/k1 34/id2/k2 53/id5/k3
FS n=64 fsseq=537894 buf=9 c0=0:24635041445809 c1=1:24635041445757 c2=2:24635041464611 c3=3:24635041487163 CH:
FS n=64 fsseq=537894 buf=9 c0=0:24635041445809 c1=1:24635041445757 c2=2:24635041464611 c3=3:24635041487163 CH: 9/id9/k0 16/id0/k1 42/id10/k2 63/id15/k3
FS n=64 fsseq=537894 buf=9 c0=0:24635041445809 c1=1:24635041445757 c2=2:24635041464611 c3=3:24635041487163 CH:
FS n=64 fsseq=538683 buf=3 c0=0:24635063568257 c1=1:24635064049090 c2=2:24635063576746 c3=3:24635063924090 CH: 55/id7/k3
FS n=64 fsseq=538683 buf=3 c0=0:24635063568257 c1=1:24635064049090 c2=2:24635063576746 c3=3:24635063924090 CH: 17/id1/k1 35/id3/k2 55/id7/k3
FS n=64 fsseq=538683 buf=3 c0=0:24635063568257 c1=1:24635064049090 c2=2:24635063576746 c3=3:24635063924090 CH: 3/id3/k0 17/id1/k1 35/id3/k2 55/id7/k3
FS n=64 fsseq=537895 buf=10 c0=0:24635081460027 c1=1:24635081460340 c2=2:24635081543048 c3=3:24635081545965 CH:
FS n=64 fsseq=537895 buf=10 c0=0:24635081460027 c1=1:24635081460340 c2=2:24635081543048 c3=3:24635081545965 CH:
FS n=64 fsseq=537895 buf=10 c0=0:24635081460027 c1=1:24635081460340 c2=2:24635081543048 c3=3:24635081545965 CH: 10/id10/k0 18/id2/k1 44/id12/k2 59/id11/k3
FS n=64 fsseq=538684 buf=7 c0=0:24635103572892 c1=1:24635104063048 c2=2:24635103582319 c3=3:24635103903152 CH: 7/id7/k0 22/id6/k1 40/id8/k2 56/id8/k3
FS n=64 fsseq=538684 buf=7 c0=0:24635103572892 c1=1:24635104063048 c2=2:24635103582319 c3=3:24635103903152 CH: 7/id7/k0 56/id8/k3
FS n=64 fsseq=537896 buf=11 c0=0:24635121456590 c1=1:24635121456642 c2=2:24635121519142 c3=3:24635121522632 CH:
FS n=64 fsseq=537896 buf=11 c0=0:24635121456590 c1=1:24635121456642 c2=2:24635121519142 c3=3:24635121522632 CH: 45/id13/k2 57/id9/k3
FS n=64 fsseq=537896 buf=11 c0=0:24635121456590 c1=1:24635121456642 c2=2:24635121519142 c3=3:24635121522632 CH: 11/id11/k0 19/id3/k1 45/id13/k2 57/id9/k3
FS n=64 fsseq=538685 buf=1 c0=0:24635143561434 c1=1:24635144064350 c2=2:24635143571746 c3=3:24635143896069 CH: 1/id1/k0 27/id11/k1 32/id0/k2 48/id0/k3
FS n=64 fsseq=538685 buf=1 c0=0:24635143561434 c1=1:24635144064350 c2=2:24635143571746 c3=3:24635143896069 CH:
FS n=64 fsseq=537897 buf=13 c0=0:24635161455861 c1=1:24635161455861 c2=2:24635161529663 c3=3:24635161518569 CH:
FS n=64 fsseq=537897 buf=13 c0=0:24635161455861 c1=1:24635161455861 c2=2:24635161529663 c3=3:24635161518569 CH:
FS n=64 fsseq=537897 buf=13 c0=0:24635161455861 c1=1:24635161455861 c2=2:24635161529663 c3=3:24635161518569 CH: 13/id13/k0 21/id5/k1 46/id14/k2 60/id12/k3
FS n=64 fsseq=538684 buf=7 c0=0:24635103572892 c1=1:24635104063048 c2=2:24635103582319 c3=3:24635103903152 CH:
FS n=64 fsseq=538685 buf=1 c0=0:24635143561434 c1=1:24635144064350 c2=2:24635143571746 c3=3:24635143896069 CH:
FS n=64 fsseq=538686 buf=5 c0=0:24635183625861 c1=1:24635184078048 c2=2:24635183639038 c3=3:24635183904298 CH: 5/id5/k0 29/id13/k1 36/id4/k2 52/id4/k3
FS n=64 fsseq=538686 buf=5 c0=0:24635183625861 c1=1:24635184078048 c2=2:24635183639038 c3=3:24635183904298 CH: 5/id5/k0 29/id13/k1 36/id4/k2 52/id4/k3
FS n=64 fsseq=538686 buf=5 c0=0:24635183625861 c1=1:24635184078048 c2=2:24635183639038 c3=3:24635183904298 CH:
FS n=64 fsseq=537898 buf=15 c0=0:24635201471746 c1=1:24635201471746 c2=2:24635201520652 c3=3:24635201528881 CH: 20/id4/k1 38/id6/k2 62/id14/k3
FS n=64 fsseq=537898 buf=15 c0=0:24635201471746 c1=1:24635201471746 c2=2:24635201520652 c3=3:24635201528881 CH: 15/id15/k0 38/id6/k2 62/id14/k3
FS n=64 fsseq=537898 buf=15 c0=0:24635201471746 c1=1:24635201471746 c2=2:24635201520652 c3=3:24635201528881 CH: 15/id15/k0
FS n=64 fsseq=538687 buf=2 c0=0:24635223566329 c1=1:24635224065704 c2=2:24635223571798 c3=3:24635223900027 CH: 2/id2/k0 5/id5/k0
FS n=64 fsseq=538687 buf=2 c0=0:24635223566329 c1=1:24635224065704 c2=2:24635223571798 c3=3:24635223900027 CH: 41/id9/k2 49/id1/k3
FS n=64 fsseq=538687 buf=2 c0=0:24635223566329 c1=1:24635224065704 c2=2:24635223571798 c3=3:24635223900027 CH: 24/id8/k1
FS n=64 fsseq=537899 buf=0 c0=0:24635241458309 c1=1:24635241458309 c2=2:24635241480131 c3=3:24635241528152 CH: 0/id0/k0 25/id9/k1 33/id1/k2 54/id6/k3
FS n=64 fsseq=537899 buf=0 c0=0:24635241458309 c1=1:24635241458309 c2=2:24635241480131 c3=3:24635241528152 CH:
FS n=64 fsseq=537899 buf=0 c0=0:24635241458309 c1=1:24635241458309 c2=2:24635241480131 c3=3:24635241528152 CH:
FS n=64 fsseq=538688 buf=4 c0=0:24635263562267 c1=1:24635264070131 c2=2:24635263562215 c3=3:24635263899246 CH: 4/id4/k0 30/id14/k1 39/id7/k2 50/id2/k3
FS n=64 fsseq=538688 buf=4 c0=0:24635263562267 c1=1:24635264070131 c2=2:24635263562215 c3=3:24635263899246 CH:
FS n=64 fsseq=538688 buf=4 c0=0:24635263562267 c1=1:24635264070131 c2=2:24635263562215 c3=3:24635263899246 CH:
FS n=64 fsseq=537900 buf=12 c0=0:24635281494142 c1=1:24635281486590 c2=2:24635281504923 c3=3:24635281563569 CH:
FS n=64 fsseq=537900 buf=12 c0=0:24635281494142 c1=1:24635281486590 c2=2:24635281504923 c3=3:24635281563569 CH: 12/id12/k0 26/id10/k1 43/id11/k2 58/id10/k3
FS n=64 fsseq=537900 buf=12 c0=0:24635281494142 c1=1:24635281486590 c2=2:24635281504923 c3=3:24635281563569 CH:
FS n=64 fsseq=538689 buf=6 c0=0:24635303564975 c1=1:24635304066694 c2=2:24635303569090 c3=3:24635303901694 CH: 6/id6/k0 28/id12/k1 37/id5/k2 51/id3/k3
FS n=64 fsseq=538689 buf=6 c0=0:24635303564975 c1=1:24635304066694 c2=2:24635303569090 c3=3:24635303901694 CH:
FS n=64 fsseq=538689 buf=6 c0=0:24635303564975 c1=1:24635304066694 c2=2:24635303569090 c3=3:24635303901694 CH:
FS n=64 fsseq=537901 buf=14 c0=0:24635321457371 c1=1:24635321457475 c2=2:24635321481642 c3=3:24635321507892 CH: 23/id7/k1
FS n=64 fsseq=537901 buf=14 c0=0:24635321457371 c1=1:24635321457475 c2=2:24635321481642 c3=3:24635321507892 CH: 47/id15/k2 61/id13/k3
FS n=64 fsseq=537901 buf=14 c0=0:24635321457371 c1=1:24635321457475 c2=2:24635321481642 c3=3:24635321507892 CH: 14/id14/k0 23/id7/k1
FS n=64 fsseq=538690 buf=8 c0=0:24635343588517 c1=1:24635344081798 c2=2:24635343588621 c3=3:24635343908413 CH: 8/id8/k0 31/id15/k1 34/id2/k2 53/id5/k3
FS n=64 fsseq=538690 buf=8 c0=0:24635343588517 c1=1:24635344081798 c2=2:24635343588621 c3=3:24635343908413 CH:
FS n=64 fsseq=538690 buf=8 c0=0:24635343588517 c1=1:24635344081798 c2=2:24635343588621 c3=3:24635343908413 CH:
FS n=64 fsseq=537902 buf=9 c0=0:24635361457111 c1=1:24635361461694 c2=2:24635361535704 c3=3:24635361524819 CH: 42/id10/k2 63/id15/k3
FS n=64 fsseq=537902 buf=9 c0=0:24635361457111 c1=1:24635361461694 c2=2:24635361535704 c3=3:24635361524819 CH: 9/id9/k0 16/id0/k1 42/id10/k2 63/id15/k3
FS n=64 fsseq=537902 buf=9 c0=0:24635361457111 c1=1:24635361461694 c2=2:24635361535704 c3=3:24635361524819 CH: 9/id9/k0
FS n=64 fsseq=538691 buf=10 c0=0:24635383604246 c1=1:24635384069871 c2=2:24635383604871 c3=3:24635383907527 CH: 10/id10/k0 17/id1/k1 44/id12/k2 59/id11/k3
FS n=64 fsseq=538691 buf=10 c0=0:24635383604246 c1=1:24635384069871 c2=2:24635383604871 c3=3:24635383907527 CH: 17/id1/k1
FS n=64 fsseq=538691 buf=10 c0=0:24635383604246 c1=1:24635384069871 c2=2:24635383604871 c3=3:24635383907527 CH:
FS n=64 fsseq=537903 buf=3 c0=0:24635401466954 c1=1:24635401466954 c2=2:24635401514975 c3=3:24635401506381 CH:
FS n=64 fsseq=537903 buf=3 c0=0:24635401466954 c1=1:24635401466954 c2=2:24635401514975 c3=3:24635401506381 CH: 3/id3/k0 18/id2/k1 35/id3/k2 55/id7/k3
FS n=64 fsseq=537903 buf=3 c0=0:24635401466954 c1=1:24635401466954 c2=2:24635401514975 c3=3:24635401506381 CH:
FS n=64 fsseq=538692 buf=7 c0=0:24635423561433 c1=1:24635424074819 c2=2:24635423570340 c3=3:24635423903048 CH:
FS n=64 fsseq=538692 buf=7 c0=0:24635423561433 c1=1:24635424074819 c2=2:24635423570340 c3=3:24635423903048 CH: 7/id7/k0 22/id6/k1 40/id8/k2 56/id8/k3
FS n=64 fsseq=538692 buf=7 c0=0:24635423561433 c1=1:24635424074819 c2=2:24635423570340 c3=3:24635423903048 CH:
FS n=64 fsseq=537904 buf=11 c0=0:24635441491902 c1=1:24635441545392 c2=2:24635441521538 c3=3:24635441544558 CH: 19/id3/k1
FS n=64 fsseq=537904 buf=11 c0=0:24635441491902 c1=1:24635441545392 c2=2:24635441521538 c3=3:24635441544558 CH: 11/id11/k0 19/id3/k1 45/id13/k2 57/id9/k3
FS n=64 fsseq=537904 buf=11 c0=0:24635441491902 c1=1:24635441545392 c2=2:24635441521538 c3=3:24635441544558 CH: 19/id3/k1
FS n=64 fsseq=538693 buf=1 c0=0:24635463568152 c1=1:24635464072267 c2=2:24635463568725 c3=3:24635463900600 CH: 48/id0/k3
FS n=64 fsseq=538693 buf=1 c0=0:24635463568152 c1=1:24635464072267 c2=2:24635463568725 c3=3:24635463900600 CH:
FS n=64 fsseq=538693 buf=1 c0=0:24635463568152 c1=1:24635464072267 c2=2:24635463568725 c3=3:24635463900600 CH: 1/id1/k0 27/id11/k1 32/id0/k2 48/id0/k3
FS n=64 fsseq=537905 buf=13 c0=0:24635481470183 c1=1:24635481509402 c2=2:24635481484506 c3=3:24635481499194 CH: 13/id13/k0 21/id5/k1 46/id14/k2 60/id12/k3
FS n=64 fsseq=537905 buf=13 c0=0:24635481470183 c1=1:24635481509402 c2=2:24635481484506 c3=3:24635481499194 CH: 13/id13/k0 21/id5/k1 46/id14/k2 60/id12/k3
FS n=64 fsseq=537905 buf=13 c0=0:24635481470183 c1=1:24635481509402 c2=2:24635481484506 c3=3:24635481499194 CH:
FS n=64 fsseq=538694 buf=5 c0=0:24635503584298 c1=1:24635504077996 c2=2:24635503586329 c3=3:24635503908517 CH: 5/id5/k0 29/id13/k1 36/id4/k2 52/id4/k3 58/id10/k3
FS n=64 fsseq=538694 buf=5 c0=0:24635503584298 c1=1:24635504077996 c2=2:24635503586329 c3=3:24635503908517 CH:
FS n=64 fsseq=538694 buf=5 c0=0:24635503584298 c1=1:24635504077996 c2=2:24635503586329 c3=3:24635503908517 CH:
FS n=64 fsseq=537906 buf=15 c0=0:24635521470236 c1=1:24635521515027 c2=2:24635521491277 c3=3:24635521512163 CH: 15/id15/k0 20/id4/k1 38/id6/k2 62/id14/k3
FS n=64 fsseq=537906 buf=15 c0=0:24635521470236 c1=1:24635521515027 c2=2:24635521491277 c3=3:24635521512163 CH:
FS n=64 fsseq=537906 buf=15 c0=0:24635521470236 c1=1:24635521515027 c2=2:24635521491277 c3=3:24635521512163 CH:
FS n=64 fsseq=538695 buf=2 c0=0:24635543584767 c1=1:24635544077944 c2=2:24635543584975 c3=3:24635543908829 CH: 2/id2/k0 24/id8/k1 41/id9/k2 49/id1/k3
FS n=64 fsseq=538695 buf=2 c0=0:24635543584767 c1=1:24635544077944 c2=2:24635543584975 c3=3:24635543908829 CH:
FS n=64 fsseq=538695 buf=2 c0=0:24635543584767 c1=1:24635544077944 c2=2:24635543584975 c3=3:24635543908829 CH:
FS n=64 fsseq=537907 buf=0 c0=0:24635561473308 c1=1:24635561473413 c2=2:24635561525131 c3=3:24635561537736 CH: 54/id6/k3
FS n=64 fsseq=537907 buf=0 c0=0:24635561473308 c1=1:24635561473413 c2=2:24635561525131 c3=3:24635561537736 CH: 25/id9/k1 33/id1/k2 54/id6/k3
FS n=64 fsseq=537907 buf=0 c0=0:24635561473308 c1=1:24635561473413 c2=2:24635561525131 c3=3:24635561537736 CH: 0/id0/k0
FS n=64 fsseq=538696 buf=4 c0=0:24635583573517 c1=1:24635584073777 c2=2:24635583584142 c3=3:24635583903048 CH: 4/id4/k0 30/id14/k1 39/id7/k2 50/id2/k3
FS n=64 fsseq=538696 buf=4 c0=0:24635583573517 c1=1:24635584073777 c2=2:24635583584142 c3=3:24635583903048 CH:
FS n=64 fsseq=538696 buf=4 c0=0:24635583573517 c1=1:24635584073777 c2=2:24635583584142 c3=3:24635583903048 CH:
FS n=64 fsseq=537908 buf=12 c0=0:24635601503100 c1=1:24635601502996 c2=2:24635601543256 c3=3:24635601581694 CH: 12/id12/k0 26/id10/k1 43/id11/k2 58/id10/k3
FS n=64 fsseq=537908 buf=12 c0=0:24635601503100 c1=1:24635601502996 c2=2:24635601543256 c3=3:24635601581694 CH:
FS n=64 fsseq=537908 buf=12 c0=0:24635601503100 c1=1:24635601502996 c2=2:24635601543256 c3=3:24635601581694 CH:
FS n=64 fsseq=538697 buf=6 c0=0:24635623563360 c1=1:24635624095131 c2=2:24635623567840 c3=3:24635623905652 CH: 6/id6/k0 28/id12/k1 37/id5/k2 51/id3/k3
FS n=64 fsseq=538697 buf=6 c0=0:24635623563360 c1=1:24635624095131 c2=2:24635623567840 c3=3:24635623905652 CH: 51/id3/k3
FS n=64 fsseq=538697 buf=6 c0=0:24635623563360 c1=1:24635624095131 c2=2:24635623567840 c3=3:24635623905652 CH: 6/id6/k0
FS n=64 fsseq=537909 buf=14 c0=0:24635641462058 c1=1:24635641484298 c2=2:24635641482944 c3=3:24635641531121 CH: 14/id14/k0 23/id7/k1 47/id15/k2 61/id13/k3
FS n=64 fsseq=537909 buf=14 c0=0:24635641462058 c1=1:24635641484298 c2=2:24635641482944 c3=3:24635641531121 CH: 14/id14/k0 23/id7/k1 47/id15/k2 61/id13/k3
FS n=64 fsseq=537909 buf=14 c0=0:24635641462058 c1=1:24635641484298 c2=2:24635641482944 c3=3:24635641531121 CH: 23/id7/k1
FS n=64 fsseq=538698 buf=8 c0=0:24635663583517 c1=1:24635664078100 c2=2:24635663583673 c3=3:24635663907319 CH:
FS n=64 fsseq=538698 buf=8 c0=0:24635663583517 c1=1:24635664078100 c2=2:24635663583673 c3=3:24635663907319 CH: 8/id8/k0 31/id15/k1 34/id2/k2 53/id5/k3
FS n=64 fsseq=538698 buf=8 c0=0:24635663583517 c1=1:24635664078100 c2=2:24635663583673 c3=3:24635663907319 CH:
FS n=64 fsseq=537910 buf=9 c0=0:24635681466746 c1=1:24635681469350 c2=2:24635681525340 c3=3:24635681532788 CH: 9/id9/k0 42/id10/k2
FS n=64 fsseq=537910 buf=9 c0=0:24635681466746 c1=1:24635681469350 c2=2:24635681525340 c3=3:24635681532788 CH: 9/id9/k0 16/id0/k1 42/id10/k2 63/id15/k3
FS n=64 fsseq=537910 buf=9 c0=0:24635681466746 c1=1:24635681469350 c2=2:24635681525340 c3=3:24635681532788 CH: 42/id10/k2
FS n=64 fsseq=538699 buf=10 c0=0:24635703569871 c1=1:24635704080756 c2=2:24635703579194 c3=3:24635703918465 CH: 10/id10/k0 17/id1/k1 44/id12/k2 59/id11/k3
FS n=64 fsseq=538699 buf=10 c0=0:24635703569871 c1=1:24635704080756 c2=2:24635703579194 c3=3:24635703918465 CH:
FS n=64 fsseq=538699 buf=10 c0=0:24635703569871 c1=1:24635704080756 c2=2:24635703579194 c3=3:24635703918465 CH:
FS n=64 fsseq=537911 buf=3 c0=0:24635721467892 c1=1:24635721472423 c2=2:24635721525235 c3=3:24635721537579 CH: 3/id3/k0 18/id2/k1 35/id3/k2 55/id7/k3
FS n=64 fsseq=537911 buf=3 c0=0:24635721467892 c1=1:24635721472423 c2=2:24635721525235 c3=3:24635721537579 CH:
FS n=64 fsseq=537911 buf=3 c0=0:24635721467892 c1=1:24635721472423 c2=2:24635721525235 c3=3:24635721537579 CH:
FS n=64 fsseq=538700 buf=7 c0=0:24635743565756 c1=1:24635744080444 c2=2:24635743579142 c3=3:24635743908777 CH:
FS n=64 fsseq=538700 buf=7 c0=0:24635743565756 c1=1:24635744080444 c2=2:24635743579142 c3=3:24635743908777 CH: 7/id7/k0 22/id6/k1 40/id8/k2 56/id8/k3
FS n=64 fsseq=538700 buf=7 c0=0:24635743565756 c1=1:24635744080444 c2=2:24635743579142 c3=3:24635743908777 CH:
FS n=64 fsseq=537912 buf=11 c0=0:24635761492215 c1=1:24635761492163 c2=2:24635761545183 c3=3:24635761560496 CH: 11/id11/k0 19/id3/k1 45/id13/k2 57/id9/k3
FS n=64 fsseq=537912 buf=11 c0=0:24635761492215 c1=1:24635761492163 c2=2:24635761545183 c3=3:24635761560496 CH: 11/id11/k0 19/id3/k1 45/id13/k2 57/id9/k3
FS n=64 fsseq=537912 buf=11 c0=0:24635761492215 c1=1:24635761492163 c2=2:24635761545183 c3=3:24635761560496 CH:
FS n=64 fsseq=538701 buf=1 c0=0:24635783570860 c1=1:24635784079038 c2=2:24635783583517 c3=3:24635783910131 CH: 1/id1/k0 27/id11/k1 32/id0/k2 48/id0/k3
FS n=64 fsseq=538701 buf=1 c0=0:24635783570860 c1=1:24635784079038 c2=2:24635783583517 c3=3:24635783910131 CH:
FS n=64 fsseq=538701 buf=1 c0=0:24635783570860 c1=1:24635784079038 c2=2:24635783583517 c3=3:24635783910131 CH: 1/id1/k0 27/id11/k1 32/id0/k2 48/id0/k3
FS n=64 fsseq=537913 buf=13 c0=0:24635801473204 c1=1:24635801473152 c2=2:24635801523360 c3=3:24635801533360 CH: 46/id14/k2 60/id12/k3
FS n=64 fsseq=537913 buf=13 c0=0:24635801473204 c1=1:24635801473152 c2=2:24635801523360 c3=3:24635801533360 CH: 60/id12/k3
FS n=64 fsseq=537913 buf=13 c0=0:24635801473204 c1=1:24635801473152 c2=2:24635801523360 c3=3:24635801533360 CH: 13/id13/k0 21/id5/k1 46/id14/k2 60/id12/k3
FS n=64 fsseq=538702 buf=5 c0=0:24635823574298 c1=1:24635824090444 c2=2:24635823585288 c3=3:24635823923777 CH: 5/id5/k0 36/id4/k2 52/id4/k3
FS n=64 fsseq=538702 buf=5 c0=0:24635823574298 c1=1:24635824090444 c2=2:24635823585288 c3=3:24635823923777 CH: 29/id13/k1 36/id4/k2 52/id4/k3
FS n=64 fsseq=538702 buf=5 c0=0:24635823574298 c1=1:24635824090444 c2=2:24635823585288 c3=3:24635823923777 CH: 5/id5/k0 29/id13/k1
FS n=64 fsseq=537914 buf=15 c0=0:24635841481225 c1=1:24635841481225 c2=2:24635841548308 c3=3:24635841540027 CH:
FS n=64 fsseq=537914 buf=15 c0=0:24635841481225 c1=1:24635841481225 c2=2:24635841548308 c3=3:24635841540027 CH:
FS n=64 fsseq=537914 buf=15 c0=0:24635841481225 c1=1:24635841481225 c2=2:24635841548308 c3=3:24635841540027 CH: 15/id15/k0 20/id4/k1 38/id6/k2 62/id14/k3
FS n=64 fsseq=538703 buf=2 c0=0:24635863577787 c1=1:24635864080131 c2=2:24635863582996 c3=3:24635863912631 CH: 2/id2/k0 24/id8/k1 41/id9/k2 49/id1/k3
FS n=64 fsseq=538703 buf=2 c0=0:24635863577787 c1=1:24635864080131 c2=2:24635863582996 c3=3:24635863912631 CH:
FS n=64 fsseq=538703 buf=2 c0=0:24635863577787 c1=1:24635864080131 c2=2:24635863582996 c3=3:24635863912631 CH:
FS n=64 fsseq=537915 buf=0 c0=0:24635881476433 c1=1:24635881476433 c2=2:24635881527892 c3=3:24635881535131 CH: 0/id0/k0 25/id9/k1 33/id1/k2 54/id6/k3
FS n=64 fsseq=537915 buf=0 c0=0:24635881476433 c1=1:24635881476433 c2=2:24635881527892 c3=3:24635881535131 CH:
FS n=64 fsseq=537915 buf=0 c0=0:24635881476433 c1=1:24635881476433 c2=2:24635881527892 c3=3:24635881535131 CH:
FS n=64 fsseq=538704 buf=4 c0=0:24635903577267 c1=1:24635904079975 c2=2:24635903589037 c3=3:24635903912735 CH: 4/id4/k0 39/id7/k2
FS n=64 fsseq=538704 buf=4 c0=0:24635903577267 c1=1:24635904079975 c2=2:24635903589037 c3=3:24635903912735 CH: 4/id4/k0 30/id14/k1 39/id7/k2
FS n=64 fsseq=538704 buf=4 c0=0:24635903577267 c1=1:24635904079975 c2=2:24635903589037 c3=3:24635903912735 CH: 50/id2/k3
FS n=64 fsseq=537916 buf=12 c0=0:24635921635079 c1=1:24635921552267 c2=2:24635921581537 c3=3:24635921626121 CH: 12/id12/k0 26/id10/k1 43/id11/k2 58/id10/k3
FS n=64 fsseq=537916 buf=12 c0=0:24635921635079 c1=1:24635921552267 c2=2:24635921581537 c3=3:24635921626121 CH:
FS n=64 fsseq=537916 buf=12 c0=0:24635921635079 c1=1:24635921552267 c2=2:24635921581537 c3=3:24635921626121 CH:
FS n=64 fsseq=538705 buf=6 c0=0:24635943596069 c1=1:24635944083517 c2=2:24635943595756 c3=3:24635943910340 CH: 28/id12/k1 37/id5/k2 51/id3/k3
FS n=64 fsseq=538705 buf=6 c0=0:24635943596069 c1=1:24635944083517 c2=2:24635943595756 c3=3:24635943910340 CH: 51/id3/k3
FS n=64 fsseq=538705 buf=6 c0=0:24635943596069 c1=1:24635944083517 c2=2:24635943595756 c3=3:24635943910340 CH: 6/id6/k0 51/id3/k3
FS n=64 fsseq=537917 buf=14 c0=0:24635961530131 c1=1:24635961493360 c2=2:24635961501902 c3=3:24635961562110 CH: 14/id14/k0 23/id7/k1 47/id15/k2 61/id13/k3
FS n=64 fsseq=537917 buf=14 c0=0:24635961530131 c1=1:24635961493360 c2=2:24635961501902 c3=3:24635961562110 CH:
FS n=64 fsseq=537917 buf=14 c0=0:24635961530131 c1=1:24635961493360 c2=2:24635961501902 c3=3:24635961562110 CH: 23/id7/k1
FS n=64 fsseq=538706 buf=8 c0=0:24635983599767 c1=1:24635984079350 c2=2:24635983599767 c3=3:24635983922423 CH: 8/id8/k0 31/id15/k1 34/id2/k2 53/id5/k3
FS n=64 fsseq=538706 buf=8 c0=0:24635983599767 c1=1:24635984079350 c2=2:24635983599767 c3=3:24635983922423 CH: 8/id8/k0 34/id2/k2 53/id5/k3
FS n=64 fsseq=538706 buf=8 c0=0:24635983599767 c1=1:24635984079350 c2=2:24635983599767 c3=3:24635983922423 CH: 31/id15/k1
FS n=64 fsseq=537918 buf=9 c0=0:24636001535860 c1=1:24636001487840 c2=2:24636001494246 c3=3:24636001527579 CH:
FS n=64 fsseq=537918 buf=9 c0=0:24636001535860 c1=1:24636001487840 c2=2:24636001494246 c3=3:24636001527579 CH: 9/id9/k0
FS n=64 fsseq=537918 buf=9 c0=0:24636001535860 c1=1:24636001487840 c2=2:24636001494246 c3=3:24636001527579 CH: 9/id9/k0 16/id0/k1 42/id10/k2 63/id15/k3
FS n=64 fsseq=538707 buf=10 c0=0:24636023594819 c1=1:24636024077110 c2=2:24636023594871 c3=3:24636023910027 CH: 10/id10/k0 17/id1/k1 44/id12/k2 55/id7/k3
FS n=64 fsseq=538707 buf=10 c0=0:24636023594819 c1=1:24636024077110 c2=2:24636023594871 c3=3:24636023910027 CH:
FS n=64 fsseq=538707 buf=10 c0=0:24636023594819 c1=1:24636024077110 c2=2:24636023594871 c3=3:24636023910027 CH:
FS n=64 fsseq=537919 buf=3 c0=0:24636041472215 c1=1:24636041476433 c2=2:24636041498829 c3=3:24636041543569 CH: 3/id3/k0 18/id2/k1 35/id3/k2 59/id11/k3
FS n=64 fsseq=537919 buf=3 c0=0:24636041472215 c1=1:24636041476433 c2=2:24636041498829 c3=3:24636041543569 CH:
FS n=64 fsseq=537919 buf=3 c0=0:24636041472215 c1=1:24636041476433 c2=2:24636041498829 c3=3:24636041543569 CH:
FS n=64 fsseq=538708 buf=7 c0=0:24636063576433 c1=1:24636064081537 c2=2:24636063581017 c3=3:24636063910131 CH: 56/id8/k3
FS n=64 fsseq=538708 buf=7 c0=0:24636063576433 c1=1:24636064081537 c2=2:24636063581017 c3=3:24636063910131 CH: 7/id7/k0 22/id6/k1 40/id8/k2 56/id8/k3
FS n=64 fsseq=538708 buf=7 c0=0:24636063576433 c1=1:24636064081537 c2=2:24636063581017 c3=3:24636063910131 CH:
FS n=64 fsseq=537920 buf=11 c0=0:24636081507214 c1=1:24636081520964 c2=2:24636081523100 c3=3:24636081574662 CH: 11/id11/k0 19/id3/k1 45/id13/k2 57/id9/k3
FS n=64 fsseq=537920 buf=11 c0=0:24636081507214 c1=1:24636081520964 c2=2:24636081523100 c3=3:24636081574662 CH:
FS n=64 fsseq=537920 buf=11 c0=0:24636081507214 c1=1:24636081520964 c2=2:24636081523100 c3=3:24636081574662 CH:
FS n=64 fsseq=538709 buf=1 c0=0:24636103578621 c1=1:24636104083829 c2=2:24636103581173 c3=3:24636103912683 CH: 1/id1/k0 27/id11/k1 32/id0/k2 48/id0/k3
FS n=64 fsseq=538709 buf=1 c0=0:24636103578621 c1=1:24636104083829 c2=2:24636103581173 c3=3:24636103912683 CH:
FS n=64 fsseq=538709 buf=1 c0=0:24636103578621 c1=1:24636104083829 c2=2:24636103581173 c3=3:24636103912683 CH:
FS n=64 fsseq=537921 buf=13 c0=0:24636121476381 c1=1:24636121476381 c2=2:24636121556017 c3=3:24636121542579 CH: 13/id13/k0 21/id5/k1 46/id14/k2 60/id12/k3
FS n=64 fsseq=537921 buf=13 c0=0:24636121476381 c1=1:24636121476381 c2=2:24636121556017 c3=3:24636121542579 CH: 13/id13/k0 21/id5/k1 46/id14/k2 60/id12/k3
FS n=64 fsseq=537921 buf=13 c0=0:24636121476381 c1=1:24636121476381 c2=2:24636121556017 c3=3:24636121542579 CH:
FS n=64 fsseq=538710 buf=5 c0=0:24636143576589 c1=1:24636144097214 c2=2:24636143577839 c3=3:24636143914402 CH: 5/id5/k0 29/id13/k1 52/id4/k3
FS n=64 fsseq=538710 buf=5 c0=0:24636143576589 c1=1:24636144097214 c2=2:24636143577839 c3=3:24636143914402 CH: 5/id5/k0 29/id13/k1 52/id4/k3
FS n=64 fsseq=538710 buf=5 c0=0:24636143576589 c1=1:24636144097214 c2=2:24636143577839 c3=3:24636143914402 CH: 5/id5/k0 29/id13/k1 36/id4/k2 52/id4/k3
FS n=64 fsseq=537922 buf=15 c0=0:24636161473621 c1=1:24636161478517 c2=2:24636161505652 c3=3:24636161540339 CH:
FS n=64 fsseq=537922 buf=15 c0=0:24636161473621 c1=1:24636161478517 c2=2:24636161505652 c3=3:24636161540339 CH: 15/id15/k0 20/id4/k1 38/id6/k2 62/id14/k3
FS n=64 fsseq=537922 buf=15 c0=0:24636161473621 c1=1:24636161478517 c2=2:24636161505652 c3=3:24636161540339 CH: 15/id15/k0 20/id4/k1 38/id6/k2 62/id14/k3
FS n=64 fsseq=538711 buf=2 c0=0:24636183575444 c1=1:24636184084923 c2=2:24636183577162 c3=3:24636183910548 CH: 41/id9/k2 49/id1/k3
FS n=64 fsseq=538711 buf=2 c0=0:24636183575444 c1=1:24636184084923 c2=2:24636183577162 c3=3:24636183910548 CH: 2/id2/k0 24/id8/k1 49/id1/k3
FS n=64 fsseq=538711 buf=2 c0=0:24636183575444 c1=1:24636184084923 c2=2:24636183577162 c3=3:24636183910548 CH:
FS n=64 fsseq=537923 buf=0 c0=0:24636201481381 c1=1:24636201481381 c2=2:24636201540392 c3=3:24636201550392 CH: 0/id0/k0 25/id9/k1 33/id1/k2 54/id6/k3
FS n=64 fsseq=537923 buf=0 c0=0:24636201481381 c1=1:24636201481381 c2=2:24636201540392 c3=3:24636201550392 CH:
FS n=64 fsseq=537923 buf=0 c0=0:24636201481381 c1=1:24636201481381 c2=2:24636201540392 c3=3:24636201550392 CH:
FS n=64 fsseq=538712 buf=4 c0=0:24636223574246 c1=1:24636224087631 c2=2:24636223586694 c3=3:24636223915808 CH: 2/id2/k0 4/id4/k0 30/id14/k1 39/id7/k2 50/id2/k3
FS n=64 fsseq=538712 buf=4 c0=0:24636223574246 c1=1:24636224087631 c2=2:24636223586694 c3=3:24636223915808 CH:
FS n=64 fsseq=538712 buf=4 c0=0:24636223574246 c1=1:24636224087631 c2=2:24636223586694 c3=3:24636223915808 CH:
FS n=64 fsseq=537924 buf=12 c0=0:24636241487839 c1=1:24636241491537 c2=2:24636241560808 c3=3:24636241572527 CH: 12/id12/k0 26/id10/k1 43/id11/k2 58/id10/k3
FS n=64 fsseq=537924 buf=12 c0=0:24636241487839 c1=1:24636241491537 c2=2:24636241560808 c3=3:24636241572527 CH:
FS n=64 fsseq=537924 buf=12 c0=0:24636241487839 c1=1:24636241491537 c2=2:24636241560808 c3=3:24636241572527 CH:
FS n=64 fsseq=538713 buf=6 c0=0:24636263583308 c1=1:24636264088777 c2=2:24636263592058 c3=3:24636263917735 CH: 6/id6/k0 51/id3/k3
FS n=64 fsseq=538713 buf=6 c0=0:24636263583308 c1=1:24636264088777 c2=2:24636263592058 c3=3:24636263917735 CH: 28/id12/k1 37/id5/k2 51/id3/k3
FS n=64 fsseq=538713 buf=6 c0=0:24636263583308 c1=1:24636264088777 c2=2:24636263592058 c3=3:24636263917735 CH: 6/id6/k0 28/id12/k1 37/id5/k2
FS n=64 fsseq=537925 buf=14 c0=0:24636281483360 c1=1:24636281482996 c2=2:24636281535704 c3=3:24636281541641 CH: 14/id14/k0 23/id7/k1 47/id15/k2 61/id13/k3
FS n=64 fsseq=537925 buf=14 c0=0:24636281483360 c1=1:24636281482996 c2=2:24636281535704 c3=3:24636281541641 CH:
FS n=64 fsseq=537925 buf=14 c0=0:24636281483360 c1=1:24636281482996 c2=2:24636281535704 c3=3:24636281541641 CH:
FS n=64 fsseq=538714 buf=8 c0=0:24636303578516 c1=1:24636304087787 c2=2:24636303584975 c3=3:24636303923152 CH: 6/id6/k0 8/id8/k0 31/id15/k1 34/id2/k2 53/id5/k3
FS n=64 fsseq=538714 buf=8 c0=0:24636303578516 c1=1:24636304087787 c2=2:24636303584975 c3=3:24636303923152 CH: 6/id6/k0
FS n=64 fsseq=538714 buf=8 c0=0:24636303578516 c1=1:24636304087787 c2=2:24636303584975 c3=3:24636303923152 CH:
FS n=64 fsseq=537926 buf=9 c0=0:24636321473621 c1=1:24636321473725 c2=2:24636321493412 c3=3:24636321540027 CH: 42/id10/k2 63/id15/k3
FS n=64 fsseq=537926 buf=9 c0=0:24636321473621 c1=1:24636321473725 c2=2:24636321493412 c3=3:24636321540027 CH: 9/id9/k0 16/id0/k1
FS n=64 fsseq=537926 buf=9 c0=0:24636321473621 c1=1:24636321473725 c2=2:24636321493412 c3=3:24636321540027 CH:
FS n=64 fsseq=538715 buf=10 c0=0:24636343581277 c1=1:24636344090912 c2=2:24636343581121 c3=3:24636343915287 CH: 10/id10/k0 17/id1/k1 35/id3/k2 55/id7/k3
FS n=64 fsseq=538715 buf=10 c0=0:24636343581277 c1=1:24636344090912 c2=2:24636343581121 c3=3:24636343915287 CH:
FS n=64 fsseq=538715 buf=10 c0=0:24636343581277 c1=1:24636344090912 c2=2:24636343581121 c3=3:24636343915287 CH:
FS n=64 fsseq=537927 buf=3 c0=0:24636361472266 c1=1:24636361472423 c2=2:24636361547683 c3=3:24636361520756 CH: 3/id3/k0 18/id2/k1 44/id12/k2 59/id11/k3
FS n=64 fsseq=537927 buf=3 c0=0:24636361472266 c1=1:24636361472423 c2=2:24636361547683 c3=3:24636361520756 CH:
FS n=64 fsseq=537927 buf=3 c0=0:24636361472266 c1=1:24636361472423 c2=2:24636361547683 c3=3:24636361520756 CH:
FS n=64 fsseq=538716 buf=7 c0=0:24636383587944 c1=1:24636384085339 c2=2:24636383595964 c3=3:24636383909246 CH:
FS n=64 fsseq=538716 buf=7 c0=0:24636383587944 c1=1:24636384085339 c2=2:24636383595964 c3=3:24636383909246 CH:
FS n=64 fsseq=538716 buf=7 c0=0:24636383587944 c1=1:24636384085339 c2=2:24636383595964 c3=3:24636383909246 CH: 7/id7/k0 22/id6/k1 40/id8/k2 56/id8/k3
FS n=64 fsseq=537928 buf=11 c0=0:24636401484714 c1=1:24636401484819 c2=2:24636401543204 c3=3:24636401551225 CH: 19/id3/k1
FS n=64 fsseq=537928 buf=11 c0=0:24636401484714 c1=1:24636401484819 c2=2:24636401543204 c3=3:24636401551225 CH: 45/id13/k2 57/id9/k3
FS n=64 fsseq=537928 buf=11 c0=0:24636401484714 c1=1:24636401484819 c2=2:24636401543204 c3=3:24636401551225 CH: 11/id11/k0 19/id3/k1
FS n=64 fsseq=538717 buf=1 c0=0:24636423607371 c1=1:24636424087839 c2=2:24636423610079 c3=3:24636423920235 CH:
FS n=64 fsseq=538717 buf=1 c0=0:24636423607371 c1=1:24636424087839 c2=2:24636423610079 c3=3:24636423920235 CH: 27/id11/k1
FS n=64 fsseq=538717 buf=1 c0=0:24636423607371 c1=1:24636424087839 c2=2:24636423610079 c3=3:24636423920235 CH: 1/id1/k0 27/id11/k1 32/id0/k2 48/id0/k3
FS n=64 fsseq=537929 buf=13 c0=0:24636441478256 c1=1:24636441478569 c2=2:24636441507475 c3=3:24636441555704 CH: 13/id13/k0 21/id5/k1 46/id14/k2 60/id12/k3
FS n=64 fsseq=537929 buf=13 c0=0:24636441478256 c1=1:24636441478569 c2=2:24636441507475 c3=3:24636441555704 CH:
FS n=64 fsseq=537929 buf=13 c0=0:24636441478256 c1=1:24636441478569 c2=2:24636441507475 c3=3:24636441555704 CH:
FS n=64 fsseq=538718 buf=5 c0=0:24636463590444 c1=1:24636464092110 c2=2:24636463596069 c3=3:24636463922162 CH: 5/id5/k0 29/id13/k1 36/id4/k2 52/id4/k3
FS n=64 fsseq=538718 buf=5 c0=0:24636463590444 c1=1:24636464092110 c2=2:24636463596069 c3=3:24636463922162 CH: 52/id4/k3
FS n=64 fsseq=538718 buf=5 c0=0:24636463590444 c1=1:24636464092110 c2=2:24636463596069 c3=3:24636463922162 CH: 52/id4/k3
FS n=64 fsseq=537930 buf=15 c0=0:24636481486694 c1=1:24636481500391 c2=2:24636481545808 c3=3:24636481553412 CH: 15/id15/k0 20/id4/k1 38/id6/k2 62/id14/k3
FS n=64 fsseq=537930 buf=15 c0=0:24636481486694 c1=1:24636481500391 c2=2:24636481545808 c3=3:24636481553412 CH:
FS n=64 fsseq=537930 buf=15 c0=0:24636481486694 c1=1:24636481500391 c2=2:24636481545808 c3=3:24636481553412 CH:
FS n=64 fsseq=538719 buf=2 c0=0:24636503585964 c1=1:24636504086954 c2=2:24636503594246 c3=3:24636503921537 CH: 2/id2/k0 24/id8/k1 41/id9/k2 49/id1/k3
FS n=64 fsseq=538719 buf=2 c0=0:24636503585964 c1=1:24636504086954 c2=2:24636503594246 c3=3:24636503921537 CH:
FS n=64 fsseq=538719 buf=2 c0=0:24636503585964 c1=1:24636504086954 c2=2:24636503594246 c3=3:24636503921537 CH:
FS n=64 fsseq=537931 buf=0 c0=0:24636521505443 c1=1:24636521519506 c2=2:24636521565704 c3=3:24636521569923 CH: 0/id0/k0 25/id9/k1 33/id1/k2 54/id6/k3
FS n=64 fsseq=537931 buf=0 c0=0:24636521505443 c1=1:24636521519506 c2=2:24636521565704 c3=3:24636521569923 CH:
FS n=64 fsseq=537931 buf=0 c0=0:24636521505443 c1=1:24636521519506 c2=2:24636521565704 c3=3:24636521569923 CH:
FS n=64 fsseq=538720 buf=4 c0=0:24636543578516 c1=1:24636544091902 c2=2:24636543580912 c3=3:24636543916277 CH: 4/id4/k0 30/id14/k1 39/id7/k2 50/id2/k3
FS n=64 fsseq=538720 buf=4 c0=0:24636543578516 c1=1:24636544091902 c2=2:24636543580912 c3=3:24636543916277 CH:
FS n=64 fsseq=538720 buf=4 c0=0:24636543578516 c1=1:24636544091902 c2=2:24636543580912 c3=3:24636543916277 CH:
FS n=64 fsseq=537932 buf=12 c0=0:24636561482996 c1=1:24636561486537 c2=2:24636561516173 c3=3:24636561556121 CH: 12/id12/k0 26/id10/k1 43/id11/k2 58/id10/k3
FS n=64 fsseq=537932 buf=12 c0=0:24636561482996 c1=1:24636561486537 c2=2:24636561516173 c3=3:24636561556121 CH:
FS n=64 fsseq=537932 buf=12 c0=0:24636561482996 c1=1:24636561486537 c2=2:24636561516173 c3=3:24636561556121 CH:
FS n=64 fsseq=538721 buf=6 c0=0:24636583595964 c1=1:24636584088516 c2=2:24636583596016 c3=3:24636583922787 CH: 6/id6/k0 28/id12/k1 37/id5/k2 51/id3/k3
FS n=64 fsseq=538721 buf=6 c0=0:24636583595964 c1=1:24636584088516 c2=2:24636583596016 c3=3:24636583922787 CH:
FS n=64 fsseq=538721 buf=6 c0=0:24636583595964 c1=1:24636584088516 c2=2:24636583596016 c3=3:24636583922787 CH:
FS n=64 fsseq=537933 buf=14 c0=0:24636601480860 c1=1:24636601480704 c2=2:24636601535496 c3=3:24636601539610 CH: 47/id15/k2
FS n=64 fsseq=537933 buf=14 c0=0:24636601480860 c1=1:24636601480704 c2=2:24636601535496 c3=3:24636601539610 CH: 14/id14/k0 23/id7/k1 47/id15/k2 61/id13/k3
FS n=64 fsseq=537933 buf=14 c0=0:24636601480860 c1=1:24636601480704 c2=2:24636601535496 c3=3:24636601539610 CH: 47/id15/k2
FS n=64 fsseq=538722 buf=8 c0=0:24636623587266 c1=1:24636624090235 c2=2:24636623593204 c3=3:24636623932839 CH: 8/id8/k0 31/id15/k1 34/id2/k2 53/id5/k3
FS n=64 fsseq=538722 buf=8 c0=0:24636623587266 c1=1:24636624090235 c2=2:24636623593204 c3=3:24636623932839 CH:
FS n=64 fsseq=538722 buf=8 c0=0:24636623587266 c1=1:24636624090235 c2=2:24636623593204 c3=3:24636623932839 CH:
FS n=64 fsseq=537934 buf=9 c0=0:24636641484610 c1=1:24636641484662 c2=2:24636641539558 c3=3:24636641546121 CH: 9/id9/k0 16/id0/k1 42/id10/k2 63/id15/k3
FS n=64 fsseq=537934 buf=9 c0=0:24636641484610 c1=1:24636641484662 c2=2:24636641539558 c3=3:24636641546121 CH:
FS n=64 fsseq=537934 buf=9 c0=0:24636641484610 c1=1:24636641484662 c2=2:24636641539558 c3=3:24636641546121 CH:
FS n=64 fsseq=538723 buf=10 c0=0:24636663581746 c1=1:24636664092475 c2=2:24636663590027 c3=3:24636663920548 CH: 10/id10/k0 17/id1/k1 35/id3/k2 55/id7/k3
FS n=64 fsseq=538723 buf=10 c0=0:24636663581746 c1=1:24636664092475 c2=2:24636663590027 c3=3:24636663920548 CH:
FS n=64 fsseq=538723 buf=10 c0=0:24636663581746 c1=1:24636664092475 c2=2:24636663590027 c3=3:24636663920548 CH:
FS n=64 fsseq=537935 buf=3 c0=0:24636681479402 c1=1:24636681479141 c2=2:24636681507527 c3=3:24636681547996 CH: 3/id3/k0 18/id2/k1 44/id12/k2 59/id11/k3
FS n=64 fsseq=537935 buf=3 c0=0:24636681479402 c1=1:24636681479141 c2=2:24636681507527 c3=3:24636681547996 CH: 44/id12/k2 59/id11/k3
FS n=64 fsseq=537935 buf=3 c0=0:24636681479402 c1=1:24636681479141 c2=2:24636681507527 c3=3:24636681547996 CH:
FS n=64 fsseq=538724 buf=7 c0=0:24636703583412 c1=1:24636704095079 c2=2:24636703584402 c3=3:24636703922318 CH: 7/id7/k0 22/id6/k1 40/id8/k2 56/id8/k3
FS n=64 fsseq=538724 buf=7 c0=0:24636703583412 c1=1:24636704095079 c2=2:24636703584402 c3=3:24636703922318 CH:
FS n=64 fsseq=538724 buf=7 c0=0:24636703583412 c1=1:24636704095079 c2=2:24636703584402 c3=3:24636703922318 CH:
FS n=64 fsseq=537936 buf=11 c0=0:24636721482631 c1=1:24636721485079 c2=2:24636721540391 c3=3:24636721544610 CH: 11/id11/k0 19/id3/k1 45/id13/k2 57/id9/k3
FS n=64 fsseq=537936 buf=11 c0=0:24636721482631 c1=1:24636721485079 c2=2:24636721540391 c3=3:24636721544610 CH:
FS n=64 fsseq=537936 buf=11 c0=0:24636721482631 c1=1:24636721485079 c2=2:24636721540391 c3=3:24636721544610 CH:
FS n=64 fsseq=538725 buf=1 c0=0:24636743596277 c1=1:24636744100131 c2=2:24636743602891 c3=3:24636743936745 CH: 1/id1/k0 27/id11/k1 32/id0/k2 48/id0/k3
FS n=64 fsseq=538725 buf=1 c0=0:24636743596277 c1=1:24636744100131 c2=2:24636743602891 c3=3:24636743936745 CH:
FS n=64 fsseq=538725 buf=1 c0=0:24636743596277 c1=1:24636744100131 c2=2:24636743602891 c3=3:24636743936745 CH: 1/id1/k0 48/id0/k3
FS n=64 fsseq=537937 buf=13 c0=0:24636761481798 c1=1:24636761481693 c2=2:24636761510756 c3=3:24636761554766 CH: 13/id13/k0 21/id5/k1 46/id14/k2 60/id12/k3
FS n=64 fsseq=537937 buf=13 c0=0:24636761481798 c1=1:24636761481693 c2=2:24636761510756 c3=3:24636761554766 CH:
FS n=64 fsseq=537937 buf=13 c0=0:24636761481798 c1=1:24636761481693 c2=2:24636761510756 c3=3:24636761554766 CH:
FS n=64 fsseq=538726 buf=5 c0=0:24636783582579 c1=1:24636784095600 c2=2:24636783588360 c3=3:24636783923204 CH: 5/id5/k0 29/id13/k1 36/id4/k2 52/id4/k3
FS n=64 fsseq=538726 buf=5 c0=0:24636783582579 c1=1:24636784095600 c2=2:24636783588360 c3=3:24636783923204 CH:
FS n=64 fsseq=538726 buf=5 c0=0:24636783582579 c1=1:24636784095600 c2=2:24636783588360 c3=3:24636783923204 CH:
FS n=64 fsseq=537938 buf=15 c0=0:24636801486537 c1=1:24636801487527 c2=2:24636801543568 c3=3:24636801550860 CH: 15/id15/k0 20/id4/k1 38/id6/k2 62/id14/k3
FS n=64 fsseq=537938 buf=15 c0=0:24636801486537 c1=1:24636801487527 c2=2:24636801543568 c3=3:24636801550860 CH:
FS n=64 fsseq=537938 buf=15 c0=0:24636801486537 c1=1:24636801487527 c2=2:24636801543568 c3=3:24636801550860 CH:
FS n=64 fsseq=538727 buf=2 c0=0:24636823586329 c1=1:24636824095287 c2=2:24636823599141 c3=3:24636823926537 CH: 2/id2/k0 24/id8/k1 41/id9/k2 49/id1/k3
FS n=64 fsseq=538727 buf=2 c0=0:24636823586329 c1=1:24636824095287 c2=2:24636823599141 c3=3:24636823926537 CH:
FS n=64 fsseq=538727 buf=2 c0=0:24636823586329 c1=1:24636824095287 c2=2:24636823599141 c3=3:24636823926537 CH:
FS n=64 fsseq=537939 buf=0 c0=0:24636841538881 c1=1:24636841596485 c2=2:24636841625704 c3=3:24636841656537 CH: 25/id9/k1 33/id1/k2 54/id6/k3
FS n=64 fsseq=537939 buf=0 c0=0:24636841538881 c1=1:24636841596485 c2=2:24636841625704 c3=3:24636841656537 CH: 0/id0/k0 2/id2/k0 25/id9/k1
FS n=64 fsseq=537939 buf=0 c0=0:24636841538881 c1=1:24636841596485 c2=2:24636841625704 c3=3:24636841656537 CH: 0/id0/k0 2/id2/k0 25/id9/k1
FS n=64 fsseq=538728 buf=4 c0=0:24636863594558 c1=1:24636864091954 c2=2:24636863594402 c3=3:24636863924662 CH: 4/id4/k0 30/id14/k1 39/id7/k2 50/id2/k3
FS n=64 fsseq=538728 buf=4 c0=0:24636863594558 c1=1:24636864091954 c2=2:24636863594402 c3=3:24636863924662 CH:
FS n=64 fsseq=538728 buf=4 c0=0:24636863594558 c1=1:24636864091954 c2=2:24636863594402 c3=3:24636863924662 CH:
FS n=64 fsseq=537940 buf=12 c0=0:24636881482370 c1=1:24636881512683 c2=2:24636881578048 c3=3:24636881592839 CH: 4/id4/k0 12/id12/k0 26/id10/k1 43/id11/k2 58/id10/k3
FS n=64 fsseq=537940 buf=12 c0=0:24636881482370 c1=1:24636881512683 c2=2:24636881578048 c3=3:24636881592839 CH:
FS n=64 fsseq=537940 buf=12 c0=0:24636881482370 c1=1:24636881512683 c2=2:24636881578048 c3=3:24636881592839 CH:
FS n=64 fsseq=538729 buf=6 c0=0:24636903609193 c1=1:24636904097214 c2=2:24636903614714 c3=3:24636903938568 CH:
FS n=64 fsseq=538729 buf=6 c0=0:24636903609193 c1=1:24636904097214 c2=2:24636903614714 c3=3:24636903938568 CH: 6/id6/k0 28/id12/k1 37/id5/k2 51/id3/k3
FS n=64 fsseq=538729 buf=6 c0=0:24636903609193 c1=1:24636904097214 c2=2:24636903614714 c3=3:24636903938568 CH:
FS n=64 fsseq=537941 buf=14 c0=0:24636921484454 c1=1:24636921484089 c2=2:24636921515183 c3=3:24636921557943 CH: 14/id14/k0 23/id7/k1 47/id15/k2 61/id13/k3
FS n=64 fsseq=537941 buf=14 c0=0:24636921484454 c1=1:24636921484089 c2=2:24636921515183 c3=3:24636921557943 CH: 23/id7/k1
FS n=64 fsseq=537941 buf=14 c0=0:24636921484454 c1=1:24636921484089 c2=2:24636921515183 c3=3:24636921557943 CH:
FS n=64 fsseq=538730 buf=8 c0=0:24636943586120 c1=1:24636944112318 c2=2:24636943592162 c3=3:24636943925704 CH: 8/id8/k0 31/id15/k1 34/id2/k2 53/id5/k3
FS n=64 fsseq=538730 buf=8 c0=0:24636943586120 c1=1:24636944112318 c2=2:24636943592162 c3=3:24636943925704 CH:
FS n=64 fsseq=538730 buf=8 c0=0:24636943586120 c1=1:24636944112318 c2=2:24636943592162 c3=3:24636943925704 CH:
FS n=64 fsseq=537942 buf=9 c0=0:24636961492110 c1=1:24636961492058 c2=2:24636961544402 c3=3:24636961552162 CH:
FS n=64 fsseq=537942 buf=9 c0=0:24636961492110 c1=1:24636961492058 c2=2:24636961544402 c3=3:24636961552162 CH:
FS n=64 fsseq=537942 buf=9 c0=0:24636961492110 c1=1:24636961492058 c2=2:24636961544402 c3=3:24636961552162 CH: 9/id9/k0 16/id0/k1 42/id10/k2 63/id15/k3
FS n=64 fsseq=538731 buf=10 c0=0:24636983587735 c1=1:24636984094870 c2=2:24636983595443 c3=3:24636983927370 CH:
FS n=64 fsseq=538731 buf=10 c0=0:24636983587735 c1=1:24636984094870 c2=2:24636983595443 c3=3:24636983927370 CH:
FS n=64 fsseq=538731 buf=10 c0=0:24636983587735 c1=1:24636984094870 c2=2:24636983595443 c3=3:24636983927370 CH: 10/id10/k0 17/id1/k1 35/id3/k2 55/id7/k3
FS n=64 fsseq=537943 buf=3 c0=0:24637001487943 c1=1:24637001487735 c2=2:24637001529402 c3=3:24637001566172 CH: 44/id12/k2 59/id11/k3
FS n=64 fsseq=537943 buf=3 c0=0:24637001487943 c1=1:24637001487735 c2=2:24637001529402 c3=3:24637001566172 CH: 3/id3/k0 18/id2/k1 44/id12/k2 59/id11/k3
FS n=64 fsseq=537943 buf=3 c0=0:24637001487943 c1=1:24637001487735 c2=2:24637001529402 c3=3:24637001566172 CH:
FS n=64 fsseq=538732 buf=7 c0=0:24637023586745 c1=1:24637024099297 c2=2:24637023590860 c3=3:24637023942370 CH:
FS n=64 fsseq=538732 buf=7 c0=0:24637023586745 c1=1:24637024099297 c2=2:24637023590860 c3=3:24637023942370 CH: 7/id7/k0 22/id6/k1 40/id8/k2 56/id8/k3
FS n=64 fsseq=538732 buf=7 c0=0:24637023586745 c1=1:24637024099297 c2=2:24637023590860 c3=3:24637023942370 CH:
FS n=64 fsseq=537944 buf=11 c0=0:24637041487110 c1=1:24637041487058 c2=2:24637041507683 c3=3:24637041567266 CH:
FS n=64 fsseq=537944 buf=11 c0=0:24637041487110 c1=1:24637041487058 c2=2:24637041507683 c3=3:24637041567266 CH:
FS n=64 fsseq=537944 buf=11 c0=0:24637041487110 c1=1:24637041487058 c2=2:24637041507683 c3=3:24637041567266 CH: 11/id11/k0 19/id3/k1 45/id13/k2 57/id9/k3
FS n=64 fsseq=538733 buf=1 c0=0:24637063611745 c1=1:24637064108152 c2=2:24637063611745 c3=3:24637063931433 CH: 48/id0/k3
FS n=64 fsseq=538733 buf=1 c0=0:24637063611745 c1=1:24637064108152 c2=2:24637063611745 c3=3:24637063931433 CH: 1/id1/k0 27/id11/k1 32/id0/k2 48/id0/k3
FS n=64 fsseq=538733 buf=1 c0=0:24637063611745 c1=1:24637064108152 c2=2:24637063611745 c3=3:24637063931433 CH: 1/id1/k0 48/id0/k3
FS n=64 fsseq=537945 buf=13 c0=0:24637081495547 c1=1:24637081495600 c2=2:24637081513256 c3=3:24637081561172 CH: 13/id13/k0 21/id5/k1 46/id14/k2 60/id12/k3
FS n=64 fsseq=537945 buf=13 c0=0:24637081495547 c1=1:24637081495600 c2=2:24637081513256 c3=3:24637081561172 CH: 13/id13/k0 21/id5/k1 46/id14/k2 60/id12/k3
FS n=64 fsseq=537945 buf=13 c0=0:24637081495547 c1=1:24637081495600 c2=2:24637081513256 c3=3:24637081561172 CH:
FS n=64 fsseq=538734 buf=5 c0=0:24637103593256 c1=1:24637104098881 c2=2:24637103602579 c3=3:24637103931537 CH:
FS n=64 fsseq=538734 buf=5 c0=0:24637103593256 c1=1:24637104098881 c2=2:24637103602579 c3=3:24637103931537 CH: 5/id5/k0 29/id13/k1 36/id4/k2 52/id4/k3
FS n=64 fsseq=538734 buf=5 c0=0:24637103593256 c1=1:24637104098881 c2=2:24637103602579 c3=3:24637103931537 CH:
FS n=64 fsseq=537946 buf=15 c0=0:24637121495235 c1=1:24637121495287 c2=2:24637121548308 c3=3:24637121553516 CH: 15/id15/k0 20/id4/k1 38/id6/k2 62/id14/k3
FS n=64 fsseq=537946 buf=15 c0=0:24637121495235 c1=1:24637121495287 c2=2:24637121548308 c3=3:24637121553516 CH:
FS n=64 fsseq=537946 buf=15 c0=0:24637121495235 c1=1:24637121495287 c2=2:24637121548308 c3=3:24637121553516 CH:
FS n=64 fsseq=538735 buf=2 c0=0:24637143590964 c1=1:24637144102422 c2=2:24637143598933 c3=3:24637143923100 CH: 2/id2/k0 24/id8/k1 41/id9/k2 49/id1/k3
FS n=64 fsseq=538735 buf=2 c0=0:24637143590964 c1=1:24637144102422 c2=2:24637143598933 c3=3:24637143923100 CH:
FS n=64 fsseq=538735 buf=2 c0=0:24637143590964 c1=1:24637144102422 c2=2:24637143598933 c3=3:24637143923100 CH:
FS n=64 fsseq=537947 buf=0 c0=0:24637161500027 c1=1:24637161499974 c2=2:24637161554974 c3=3:24637161565704 CH: 25/id9/k1 33/id1/k2 54/id6/k3
FS n=64 fsseq=537947 buf=0 c0=0:24637161500027 c1=1:24637161499974 c2=2:24637161554974 c3=3:24637161565704 CH: 0/id0/k0 54/id6/k3
FS n=64 fsseq=537947 buf=0 c0=0:24637161500027 c1=1:24637161499974 c2=2:24637161554974 c3=3:24637161565704 CH:
FS n=64 fsseq=538736 buf=4 c0=0:24637183588672 c1=1:24637184099818 c2=2:24637183596954 c3=3:24637183922162 CH: 4/id4/k0 30/id14/k1
FS n=64 fsseq=538736 buf=4 c0=0:24637183588672 c1=1:24637184099818 c2=2:24637183596954 c3=3:24637183922162 CH: 30/id14/k1 39/id7/k2 50/id2/k3
FS n=64 fsseq=538736 buf=4 c0=0:24637183588672 c1=1:24637184099818 c2=2:24637183596954 c3=3:24637183922162 CH: 4/id4/k0 30/id14/k1
FS n=64 fsseq=537948 buf=12 c0=0:24637201486172 c1=1:24637201486485 c2=2:24637201513672 c3=3:24637201568152 CH: 12/id12/k0 26/id10/k1 43/id11/k2 58/id10/k3
FS n=64 fsseq=537948 buf=12 c0=0:24637201486172 c1=1:24637201486485 c2=2:24637201513672 c3=3:24637201568152 CH:
FS n=64 fsseq=537948 buf=12 c0=0:24637201486172 c1=1:24637201486485 c2=2:24637201513672 c3=3:24637201568152 CH:
FS n=64 fsseq=538737 buf=6 c0=0:24637223605860 c1=1:24637224102474 c2=2:24637223607579 c3=3:24637223934141 CH: 6/id6/k0 28/id12/k1 37/id5/k2 51/id3/k3
FS n=64 fsseq=538737 buf=6 c0=0:24637223605860 c1=1:24637224102474 c2=2:24637223607579 c3=3:24637223934141 CH:
FS n=64 fsseq=538737 buf=6 c0=0:24637223605860 c1=1:24637224102474 c2=2:24637223607579 c3=3:24637223934141 CH:
FS n=64 fsseq=537949 buf=14 c0=0:24637241481954 c1=1:24637241487214 c2=2:24637241539141 c3=3:24637241547527 CH: 14/id14/k0 23/id7/k1 47/id15/k2 61/id13/k3
FS n=64 fsseq=537949 buf=14 c0=0:24637241481954 c1=1:24637241487214 c2=2:24637241539141 c3=3:24637241547527 CH:
FS n=64 fsseq=537949 buf=14 c0=0:24637241481954 c1=1:24637241487214 c2=2:24637241539141 c3=3:24637241547527 CH:
FS n=64 fsseq=538738 buf=8 c0=0:24637263585756 c1=1:24637264096902 c2=2:24637263590443 c3=3:24637263920287 CH: 8/id8/k0 31/id15/k1 34/id2/k2 53/id5/k3
FS n=64 fsseq=538738 buf=8 c0=0:24637263585756 c1=1:24637264096902 c2=2:24637263590443 c3=3:24637263920287 CH:
FS n=64 fsseq=538738 buf=8 c0=0:24637263585756 c1=1:24637264096902 c2=2:24637263590443 c3=3:24637263920287 CH:
FS n=64 fsseq=537950 buf=9 c0=0:24637281486589 c1=1:24637281486433 c2=2:24637281538568 c3=3:24637281555079 CH: 9/id9/k0 16/id0/k1 42/id10/k2 63/id15/k3
FS n=64 fsseq=537950 buf=9 c0=0:24637281486589 c1=1:24637281486433 c2=2:24637281538568 c3=3:24637281555079 CH:
FS n=64 fsseq=537950 buf=9 c0=0:24637281486589 c1=1:24637281486433 c2=2:24637281538568 c3=3:24637281555079 CH:
FS n=64 fsseq=538739 buf=10 c0=0:24637303592318 c1=1:24637304097370 c2=2:24637303596277 c3=3:24637303925860 CH: 10/id10/k0 17/id1/k1 35/id3/k2 55/id7/k3
FS n=64 fsseq=538739 buf=10 c0=0:24637303592318 c1=1:24637304097370 c2=2:24637303596277 c3=3:24637303925860 CH:
FS n=64 fsseq=538739 buf=10 c0=0:24637303592318 c1=1:24637304097370 c2=2:24637303596277 c3=3:24637303925860 CH:
FS n=64 fsseq=537951 buf=3 c0=0:24637321508777 c1=1:24637321560183 c2=2:24637321534089 c3=3:24637321572058 CH: 3/id3/k0 18/id2/k1 44/id12/k2 59/id11/k3
FS n=64 fsseq=537951 buf=3 c0=0:24637321508777 c1=1:24637321560183 c2=2:24637321534089 c3=3:24637321572058 CH: 3/id3/k0
FS n=64 fsseq=537951 buf=3 c0=0:24637321508777 c1=1:24637321560183 c2=2:24637321534089 c3=3:24637321572058 CH:
FS n=64 fsseq=538740 buf=7 c0=0:24637343590652 c1=1:24637344099662 c2=2:24637343593672 c3=3:24637343935704 CH: 7/id7/k0 22/id6/k1 40/id8/k2 56/id8/k3
FS n=64 fsseq=538740 buf=7 c0=0:24637343590652 c1=1:24637344099662 c2=2:24637343593672 c3=3:24637343935704 CH:
FS n=64 fsseq=538740 buf=7 c0=0:24637343590652 c1=1:24637344099662 c2=2:24637343593672 c3=3:24637343935704 CH:
FS n=64 fsseq=537952 buf=11 c0=0:24637361496277 c1=1:24637361496068 c2=2:24637361550964 c3=3:24637361562891 CH: 11/id11/k0 19/id3/k1 45/id13/k2 57/id9/k3
FS n=64 fsseq=537952 buf=11 c0=0:24637361496277 c1=1:24637361496068 c2=2:24637361550964 c3=3:24637361562891 CH:
FS n=64 fsseq=537952 buf=11 c0=0:24637361496277 c1=1:24637361496068 c2=2:24637361550964 c3=3:24637361562891 CH:
FS n=64 fsseq=538741 buf=1 c0=0:24637383667422 c1=1:24637384124454 c2=2:24637383667631 c3=3:24637383943360 CH: 1/id1/k0 27/id11/k1 32/id0/k2 48/id0/k3
FS n=64 fsseq=538741 buf=1 c0=0:24637383667422 c1=1:24637384124454 c2=2:24637383667631 c3=3:24637383943360 CH:
FS n=64 fsseq=538741 buf=1 c0=0:24637383667422 c1=1:24637384124454 c2=2:24637383667631 c3=3:24637383943360 CH:
FS n=64 fsseq=537953 buf=13 c0=0:24637401497787 c1=1:24637401497579 c2=2:24637401522006 c3=3:24637401570079 CH: 21/id5/k1 46/id14/k2 60/id12/k3
FS n=64 fsseq=537953 buf=13 c0=0:24637401497787 c1=1:24637401497579 c2=2:24637401522006 c3=3:24637401570079 CH: 13/id13/k0 21/id5/k1 46/id14/k2 60/id12/k3
FS n=64 fsseq=537953 buf=13 c0=0:24637401497787 c1=1:24637401497579 c2=2:24637401522006 c3=3:24637401570079 CH:
FS n=64 fsseq=538742 buf=5 c0=0:24637423594506 c1=1:24637424118516 c2=2:24637423595964 c3=3:24637423930079 CH: 5/id5/k0 29/id13/k1 36/id4/k2 52/id4/k3
FS n=64 fsseq=538742 buf=5 c0=0:24637423594506 c1=1:24637424118516 c2=2:24637423595964 c3=3:24637423930079 CH:
FS n=64 fsseq=538742 buf=5 c0=0:24637423594506 c1=1:24637424118516 c2=2:24637423595964 c3=3:24637423930079 CH:
FS n=64 fsseq=537954 buf=15 c0=0:24637441490235 c1=1:24637441489610 c2=2:24637441521954 c3=3:24637441548724 CH: 15/id15/k0 20/id4/k1
FS n=64 fsseq=537954 buf=15 c0=0:24637441490235 c1=1:24637441489610 c2=2:24637441521954 c3=3:24637441548724 CH: 38/id6/k2 62/id14/k3
FS n=64 fsseq=537954 buf=15 c0=0:24637441490235 c1=1:24637441489610 c2=2:24637441521954 c3=3:24637441548724 CH:
FS n=64 fsseq=538743 buf=2 c0=0:24637463611172 c1=1:24637464098516 c2=2:24637463611172 c3=3:24637463928985 CH: 2/id2/k0 24/id8/k1 41/id9/k2 49/id1/k3
FS n=64 fsseq=538743 buf=2 c0=0:24637463611172 c1=1:24637464098516 c2=2:24637463611172 c3=3:24637463928985 CH:
FS n=64 fsseq=538743 buf=2 c0=0:24637463611172 c1=1:24637464098516 c2=2:24637463611172 c3=3:24637463928985 CH:
FS n=64 fsseq=537955 buf=0 c0=0:24637481518151 c1=1:24637481518516 c2=2:24637481567110 c3=3:24637481592683 CH:
FS n=64 fsseq=537955 buf=0 c0=0:24637481518151 c1=1:24637481518516 c2=2:24637481567110 c3=3:24637481592683 CH:
FS n=64 fsseq=537955 buf=0 c0=0:24637481518151 c1=1:24637481518516 c2=2:24637481567110 c3=3:24637481592683 CH: 0/id0/k0 25/id9/k1 33/id1/k2 54/id6/k3
FS n=64 fsseq=538744 buf=4 c0=0:24637503593724 c1=1:24637504099974 c2=2:24637503599037 c3=3:24637503931485 CH: 4/id4/k0 30/id14/k1 39/id7/k2 50/id2/k3
FS n=64 fsseq=538744 buf=4 c0=0:24637503593724 c1=1:24637504099974 c2=2:24637503599037 c3=3:24637503931485 CH:
FS n=64 fsseq=538744 buf=4 c0=0:24637503593724 c1=1:24637504099974 c2=2:24637503599037 c3=3:24637503931485 CH:
FS n=64 fsseq=537956 buf=12 c0=0:24637521497266 c1=1:24637521497214 c2=2:24637521552839 c3=3:24637521561693 CH:
FS n=64 fsseq=537956 buf=12 c0=0:24637521497266 c1=1:24637521497214 c2=2:24637521552839 c3=3:24637521561693 CH:
FS n=64 fsseq=537956 buf=12 c0=0:24637521497266 c1=1:24637521497214 c2=2:24637521552839 c3=3:24637521561693 CH: 12/id12/k0 26/id10/k1 43/id11/k2 58/id10/k3
FS n=64 fsseq=538745 buf=6 c0=0:24637543615860 c1=1:24637544121172 c2=2:24637543617110 c3=3:24637543943047 CH: 6/id6/k0 28/id12/k1 37/id5/k2 51/id3/k3
FS n=64 fsseq=538745 buf=6 c0=0:24637543615860 c1=1:24637544121172 c2=2:24637543617110 c3=3:24637543943047 CH:
FS n=64 fsseq=538745 buf=6 c0=0:24637543615860 c1=1:24637544121172 c2=2:24637543617110 c3=3:24637543943047 CH:
FS n=64 fsseq=537957 buf=14 c0=0:24637561500704 c1=1:24637561502370 c2=2:24637561554349 c3=3:24637561561537 CH: 14/id14/k0 47/id15/k2 61/id13/k3
FS n=64 fsseq=537957 buf=14 c0=0:24637561500704 c1=1:24637561502370 c2=2:24637561554349 c3=3:24637561561537 CH: 23/id7/k1 61/id13/k3
FS n=64 fsseq=537957 buf=14 c0=0:24637561500704 c1=1:24637561502370 c2=2:24637561554349 c3=3:24637561561537 CH: 14/id14/k0 23/id7/k1 47/id15/k2
FS n=64 fsseq=538746 buf=8 c0=0:24637583607943 c1=1:24637584108412 c2=2:24637583632631 c3=3:24637583968204 CH: 4/id4/k0 6/id6/k0 8/id8/k0 31/id15/k1 34/id2/k2 53/id5/k3 61/id13/k3
FS n=64 fsseq=538746 buf=8 c0=0:24637583607943 c1=1:24637584108412 c2=2:24637583632631 c3=3:24637583968204 CH:
FS n=64 fsseq=538746 buf=8 c0=0:24637583607943 c1=1:24637584108412 c2=2:24637583632631 c3=3:24637583968204 CH:
FS n=64 fsseq=537958 buf=9 c0=0:24637601492839 c1=1:24637601492735 c2=2:24637601514662 c3=3:24637601549974 CH: 9/id9/k0 16/id0/k1 42/id10/k2 63/id15/k3
FS n=64 fsseq=537958 buf=9 c0=0:24637601492839 c1=1:24637601492735 c2=2:24637601514662 c3=3:24637601549974 CH: 9/id9/k0 16/id0/k1 42/id10/k2 63/id15/k3
FS n=64 fsseq=537958 buf=9 c0=0:24637601492839 c1=1:24637601492735 c2=2:24637601514662 c3=3:24637601549974 CH:
FS n=64 fsseq=538747 buf=10 c0=0:24637623597735 c1=1:24637624106016 c2=2:24637623597631 c3=3:24637623933047 CH: 5/id5/k0 10/id10/k0 17/id1/k1 35/id3/k2 55/id7/k3
FS n=64 fsseq=538747 buf=10 c0=0:24637623597735 c1=1:24637624106016 c2=2:24637623597631 c3=3:24637623933047 CH:
FS n=64 fsseq=538747 buf=10 c0=0:24637623597735 c1=1:24637624106016 c2=2:24637623597631 c3=3:24637623933047 CH:
FS n=64 fsseq=537959 buf=3 c0=0:24637641530547 c1=1:24637641530495 c2=2:24637641583672 c3=3:24637641622058 CH: 3/id3/k0 18/id2/k1 44/id12/k2 59/id11/k3
FS n=64 fsseq=537959 buf=3 c0=0:24637641530547 c1=1:24637641530495 c2=2:24637641583672 c3=3:24637641622058 CH:
FS n=64 fsseq=537959 buf=3 c0=0:24637641530547 c1=1:24637641530495 c2=2:24637641583672 c3=3:24637641622058 CH:
FS n=64 fsseq=538748 buf=7 c0=0:24637663597110 c1=1:24637664110599 c2=2:24637663602058 c3=3:24637663934714 CH: 7/id7/k0 22/id6/k1 40/id8/k2 56/id8/k3
FS n=64 fsseq=538748 buf=7 c0=0:24637663597110 c1=1:24637664110599 c2=2:24637663602058 c3=3:24637663934714 CH:
FS n=64 fsseq=538748 buf=7 c0=0:24637663597110 c1=1:24637664110599 c2=2:24637663602058 c3=3:24637663934714 CH:
FS n=64 fsseq=537960 buf=11 c0=0:24637681497370 c1=1:24637681497370 c2=2:24637681557683 c3=3:24637681570235 CH: 11/id11/k0 19/id3/k1 45/id13/k2 57/id9/k3
FS n=64 fsseq=537960 buf=11 c0=0:24637681497370 c1=1:24637681497370 c2=2:24637681557683 c3=3:24637681570235 CH:
FS n=64 fsseq=537960 buf=11 c0=0:24637681497370 c1=1:24637681497370 c2=2:24637681557683 c3=3:24637681570235 CH:
FS n=64 fsseq=538749 buf=1 c0=0:24637703630964 c1=1:24637704111381 c2=2:24637703631068 c3=3:24637703937214 CH: 1/id1/k0 27/id11/k1
FS n=64 fsseq=538749 buf=1 c0=0:24637703630964 c1=1:24637704111381 c2=2:24637703631068 c3=3:24637703937214 CH: 27/id11/k1
FS n=64 fsseq=538749 buf=1 c0=0:24637703630964 c1=1:24637704111381 c2=2:24637703631068 c3=3:24637703937214 CH: 32/id0/k2 48/id0/k3
FS n=64 fsseq=537961 buf=13 c0=0:24637721500651 c1=1:24637721500756 c2=2:24637721524714 c3=3:24637721569037 CH: 13/id13/k0 21/id5/k1 46/id14/k2
FS n=64 fsseq=537961 buf=13 c0=0:24637721500651 c1=1:24637721500756 c2=2:24637721524714 c3=3:24637721569037 CH: 13/id13/k0 21/id5/k1 46/id14/k2 60/id12/k3
FS n=64 fsseq=537961 buf=13 c0=0:24637721500651 c1=1:24637721500756 c2=2:24637721524714 c3=3:24637721569037 CH: 60/id12/k3
FS n=64 fsseq=538750 buf=5 c0=0:24637743602995 c1=1:24637744109297 c2=2:24637743603464 c3=3:24637743937735 CH: 5/id5/k0 29/id13/k1 36/id4/k2 52/id4/k3
FS n=64 fsseq=538750 buf=5 c0=0:24637743602995 c1=1:24637744109297 c2=2:24637743603464 c3=3:24637743937735 CH:
FS n=64 fsseq=538750 buf=5 c0=0:24637743602995 c1=1:24637744109297 c2=2:24637743603464 c3=3:24637743937735 CH:
FS n=64 fsseq=537962 buf=15 c0=0:24637761500339 c1=1:24637761503308 c2=2:24637761558672 c3=3:24637761566589 CH: 15/id15/k0 20/id4/k1 38/id6/k2 62/id14/k3
FS n=64 fsseq=537962 buf=15 c0=0:24637761500339 c1=1:24637761503308 c2=2:24637761558672 c3=3:24637761566589 CH:
FS n=64 fsseq=537962 buf=15 c0=0:24637761500339 c1=1:24637761503308 c2=2:24637761558672 c3=3:24637761566589 CH:
FS n=64 fsseq=538751 buf=2 c0=0:24637783604870 c1=1:24637784104245 c2=2:24637783611693 c3=3:24637783936953 CH: 2/id2/k0 24/id8/k1 41/id9/k2 49/id1/k3
FS n=64 fsseq=538751 buf=2 c0=0:24637783604870 c1=1:24637784104245 c2=2:24637783611693 c3=3:24637783936953 CH:
FS n=64 fsseq=538751 buf=2 c0=0:24637783604870 c1=1:24637784104245 c2=2:24637783611693 c3=3:24637783936953 CH:
FS n=64 fsseq=537963 buf=0 c0=0:24637801528151 c1=1:24637801539870 c2=2:24637801610078 c3=3:24637801601953 CH: 25/id9/k1 33/id1/k2 54/id6/k3
FS n=64 fsseq=537963 buf=0 c0=0:24637801528151 c1=1:24637801539870 c2=2:24637801610078 c3=3:24637801601953 CH: 0/id0/k0 54/id6/k3
FS n=64 fsseq=537963 buf=0 c0=0:24637801528151 c1=1:24637801539870 c2=2:24637801610078 c3=3:24637801601953 CH: 54/id6/k3
FS n=64 fsseq=538752 buf=4 c0=0:24637823602266 c1=1:24637824106224 c2=2:24637823607422 c3=3:24637823939766 CH: 4/id4/k0 30/id14/k1 39/id7/k2 50/id2/k3
FS n=64 fsseq=538752 buf=4 c0=0:24637823602266 c1=1:24637824106224 c2=2:24637823607422 c3=3:24637823939766 CH: 30/id14/k1 39/id7/k2
FS n=64 fsseq=538752 buf=4 c0=0:24637823602266 c1=1:24637824106224 c2=2:24637823607422 c3=3:24637823939766 CH:
FS n=64 fsseq=537964 buf=12 c0=0:24637841500912 c1=1:24637841527266 c2=2:24637841556328 c3=3:24637841575703 CH: 12/id12/k0 26/id10/k1 43/id11/k2 58/id10/k3
FS n=64 fsseq=537964 buf=12 c0=0:24637841500912 c1=1:24637841527266 c2=2:24637841556328 c3=3:24637841575703 CH: 43/id11/k2 58/id10/k3
FS n=64 fsseq=537964 buf=12 c0=0:24637841500912 c1=1:24637841527266 c2=2:24637841556328 c3=3:24637841575703 CH: 26/id10/k1
FS n=64 fsseq=538753 buf=6 c0=0:24637863627683 c1=1:24637864109401 c2=2:24637863627630 c3=3:24637863951172 CH: 6/id6/k0 28/id12/k1 37/id5/k2 51/id3/k3
FS n=64 fsseq=538753 buf=6 c0=0:24637863627683 c1=1:24637864109401 c2=2:24637863627630 c3=3:24637863951172 CH: 6/id6/k0 28/id12/k1 37/id5/k2 51/id3/k3
FS n=64 fsseq=538753 buf=6 c0=0:24637863627683 c1=1:24637864109401 c2=2:24637863627630 c3=3:24637863951172 CH: 51/id3/k3
FS n=64 fsseq=537965 buf=14 c0=0:24637881507110 c1=1:24637881507110 c2=2:24637881533151 c3=3:24637881564662 CH:
FS n=64 fsseq=537965 buf=14 c0=0:24637881507110 c1=1:24637881507110 c2=2:24637881533151 c3=3:24637881564662 CH: 14/id14/k0 23/id7/k1 47/id15/k2 61/id13/k3
FS n=64 fsseq=537965 buf=14 c0=0:24637881507110 c1=1:24637881507110 c2=2:24637881533151 c3=3:24637881564662 CH:
FS n=64 fsseq=538754 buf=8 c0=0:24637903601953 c1=1:24637904110808 c2=2:24637903603099 c3=3:24637903941433 CH: 8/id8/k0 31/id15/k1 34/id2/k2 53/id5/k3
FS n=64 fsseq=538754 buf=8 c0=0:24637903601953 c1=1:24637904110808 c2=2:24637903603099 c3=3:24637903941433 CH:
FS n=64 fsseq=538754 buf=8 c0=0:24637903601953 c1=1:24637904110808 c2=2:24637903603099 c3=3:24637903941433 CH:
FS n=64 fsseq=537966 buf=9 c0=0:24637921497995 c1=1:24637921498568 c2=2:24637921520808 c3=3:24637921560860 CH: 9/id9/k0 16/id0/k1 63/id15/k3
FS n=64 fsseq=537966 buf=9 c0=0:24637921497995 c1=1:24637921498568 c2=2:24637921520808 c3=3:24637921560860 CH: 9/id9/k0 16/id0/k1 42/id10/k2 63/id15/k3
FS n=64 fsseq=537966 buf=9 c0=0:24637921497995 c1=1:24637921498568 c2=2:24637921520808 c3=3:24637921560860 CH: 9/id9/k0 16/id0/k1 63/id15/k3
FS n=64 fsseq=538755 buf=10 c0=0:24637943599870 c1=1:24637944114089 c2=2:24637943602735 c3=3:24637943943568 CH: 10/id10/k0 55/id7/k3
FS n=64 fsseq=538755 buf=10 c0=0:24637943599870 c1=1:24637944114089 c2=2:24637943602735 c3=3:24637943943568 CH: 10/id10/k0 17/id1/k1 35/id3/k2 55/id7/k3
FS n=64 fsseq=538755 buf=10 c0=0:24637943599870 c1=1:24637944114089 c2=2:24637943602735 c3=3:24637943943568 CH:
FS n=64 fsseq=537967 buf=3 c0=0:24637961512474 c1=1:24637961512526 c2=2:24637961537058 c3=3:24637961589922 CH: 3/id3/k0 44/id12/k2
FS n=64 fsseq=537967 buf=3 c0=0:24637961512474 c1=1:24637961512526 c2=2:24637961537058 c3=3:24637961589922 CH: 59/id11/k3
FS n=64 fsseq=537967 buf=3 c0=0:24637961512474 c1=1:24637961512526 c2=2:24637961537058 c3=3:24637961589922 CH: 3/id3/k0 18/id2/k1 44/id12/k2 59/id11/k3
FS n=64 fsseq=538756 buf=7 c0=0:24637983609401 c1=1:24637984108880 c2=2:24637983616849 c3=3:24637983944193 CH: 7/id7/k0 22/id6/k1 40/id8/k2 56/id8/k3
FS n=64 fsseq=538756 buf=7 c0=0:24637983609401 c1=1:24637984108880 c2=2:24637983616849 c3=3:24637983944193 CH:
FS n=64 fsseq=538756 buf=7 c0=0:24637983609401 c1=1:24637984108880 c2=2:24637983616849 c3=3:24637983944193 CH:
FS n=64 fsseq=537968 buf=11 c0=0:24638001495703 c1=1:24638001498203 c2=2:24638001527422 c3=3:24638001569974 CH: 11/id11/k0 19/id3/k1 45/id13/k2 57/id9/k3
FS n=64 fsseq=537968 buf=11 c0=0:24638001495703 c1=1:24638001498203 c2=2:24638001527422 c3=3:24638001569974 CH:
FS n=64 fsseq=537968 buf=11 c0=0:24638001495703 c1=1:24638001498203 c2=2:24638001527422 c3=3:24638001569974 CH:
FS n=64 fsseq=538757 buf=1 c0=0:24638023609557 c1=1:24638024120130 c2=2:24638023610703 c3=3:24638023948568 CH:
FS n=64 fsseq=538757 buf=1 c0=0:24638023609557 c1=1:24638024120130 c2=2:24638023610703 c3=3:24638023948568 CH: 1/id1/k0 27/id11/k1
FS n=64 fsseq=538757 buf=1 c0=0:24638023609557 c1=1:24638024120130 c2=2:24638023610703 c3=3:24638023948568 CH: 32/id0/k2 48/id0/k3
FS n=64 fsseq=537969 buf=13 c0=0:24638041509974 c1=1:24638041510078 c2=2:24638041532526 c3=3:24638041572682 CH: 13/id13/k0 21/id5/k1 46/id14/k2 60/id12/k3
FS n=64 fsseq=537969 buf=13 c0=0:24638041509974 c1=1:24638041510078 c2=2:24638041532526 c3=3:24638041572682 CH:
FS n=64 fsseq=537969 buf=13 c0=0:24638041509974 c1=1:24638041510078 c2=2:24638041532526 c3=3:24638041572682 CH:
FS n=64 fsseq=538758 buf=5 c0=0:24638063611797 c1=1:24638064113412 c2=2:24638063611849 c3=3:24638063943307 CH: 5/id5/k0 29/id13/k1 36/id4/k2 52/id4/k3
FS n=64 fsseq=538758 buf=5 c0=0:24638063611797 c1=1:24638064113412 c2=2:24638063611849 c3=3:24638063943307 CH:
FS n=64 fsseq=538758 buf=5 c0=0:24638063611797 c1=1:24638064113412 c2=2:24638063611849 c3=3:24638063943307 CH: 5/id5/k0
FS n=64 fsseq=537970 buf=15 c0=0:24638081508828 c1=1:24638081508932 c2=2:24638081542578 c3=3:24638081573307 CH: 15/id15/k0 20/id4/k1 38/id6/k2 62/id14/k3
FS n=64 fsseq=537970 buf=15 c0=0:24638081508828 c1=1:24638081508932 c2=2:24638081542578 c3=3:24638081573307 CH:
FS n=64 fsseq=537970 buf=15 c0=0:24638081508828 c1=1:24638081508932 c2=2:24638081542578 c3=3:24638081573307 CH:
FS n=64 fsseq=538759 buf=2 c0=0:24638103607682 c1=1:24638104113307 c2=2:24638103607839 c3=3:24638103943932 CH: 41/id9/k2 49/id1/k3
FS n=64 fsseq=538759 buf=2 c0=0:24638103607682 c1=1:24638104113307 c2=2:24638103607839 c3=3:24638103943932 CH: 2/id2/k0 24/id8/k1 41/id9/k2 49/id1/k3
FS n=64 fsseq=538759 buf=2 c0=0:24638103607682 c1=1:24638104113307 c2=2:24638103607839 c3=3:24638103943932 CH: 41/id9/k2 49/id1/k3
FS n=64 fsseq=537971 buf=0 c0=0:24638121547318 c1=1:24638121547318 c2=2:24638121608620 c3=3:24638121664193 CH: 0/id0/k0 2/id2/k0 25/id9/k1 33/id1/k2 54/id6/k3
FS n=64 fsseq=537971 buf=0 c0=0:24638121547318 c1=1:24638121547318 c2=2:24638121608620 c3=3:24638121664193 CH: 54/id6/k3
FS n=64 fsseq=537971 buf=0 c0=0:24638121547318 c1=1:24638121547318 c2=2:24638121608620 c3=3:24638121664193 CH:
FS n=64 fsseq=538760 buf=4 c0=0:24638143605026 c1=1:24638144110287 c2=2:24638143608568 c3=3:24638143936589 CH: 30/id14/k1 39/id7/k2 50/id2/k3
FS n=64 fsseq=538760 buf=4 c0=0:24638143605026 c1=1:24638144110287 c2=2:24638143608568 c3=3:24638143936589 CH:
FS n=64 fsseq=538760 buf=4 c0=0:24638143605026 c1=1:24638144110287 c2=2:24638143608568 c3=3:24638143936589 CH:
FS n=64 fsseq=537972 buf=12 c0=0:24638161513307 c1=1:24638161531068 c2=2:24638161563985 c3=3:24638161564974 CH: 4/id4/k0 12/id12/k0 26/id10/k1 43/id11/k2 58/id10/k3
FS n=64 fsseq=537972 buf=12 c0=0:24638161513307 c1=1:24638161531068 c2=2:24638161563985 c3=3:24638161564974 CH:
FS n=64 fsseq=537972 buf=12 c0=0:24638161513307 c1=1:24638161531068 c2=2:24638161563985 c3=3:24638161564974 CH:
FS n=64 fsseq=538761 buf=6 c0=0:24638183621537 c1=1:24638184121380 c2=2:24638183628516 c3=3:24638183954505 CH: 37/id5/k2 51/id3/k3
FS n=64 fsseq=538761 buf=6 c0=0:24638183621537 c1=1:24638184121380 c2=2:24638183628516 c3=3:24638183954505 CH: 6/id6/k0 28/id12/k1
FS n=64 fsseq=538761 buf=6 c0=0:24638183621537 c1=1:24638184121380 c2=2:24638183628516 c3=3:24638183954505 CH: 28/id12/k1
FS n=64 fsseq=537973 buf=14 c0=0:24638201505235 c1=1:24638201505078 c2=2:24638201564714 c3=3:24638201575182 CH: 14/id14/k0 23/id7/k1 47/id15/k2 61/id13/k3
FS n=64 fsseq=537973 buf=14 c0=0:24638201505235 c1=1:24638201505078 c2=2:24638201564714 c3=3:24638201575182 CH:
FS n=64 fsseq=537973 buf=14 c0=0:24638201505235 c1=1:24638201505078 c2=2:24638201564714 c3=3:24638201575182 CH:
FS n=64 fsseq=538762 buf=8 c0=0:24638223609662 c1=1:24638224116589 c2=2:24638223620703 c3=3:24638223946849 CH: 8/id8/k0 31/id15/k1 34/id2/k2 53/id5/k3
FS n=64 fsseq=538762 buf=8 c0=0:24638223609662 c1=1:24638224116589 c2=2:24638223620703 c3=3:24638223946849 CH:
FS n=64 fsseq=538762 buf=8 c0=0:24638223609662 c1=1:24638224116589 c2=2:24638223620703 c3=3:24638223946849 CH:
FS n=64 fsseq=537974 buf=9 c0=0:24638241507995 c1=1:24638241507943 c2=2:24638241554766 c3=3:24638241565964 CH: 9/id9/k0 16/id0/k1 42/id10/k2 63/id15/k3
FS n=64 fsseq=537974 buf=9 c0=0:24638241507995 c1=1:24638241507943 c2=2:24638241554766 c3=3:24638241565964 CH:
FS n=64 fsseq=537974 buf=9 c0=0:24638241507995 c1=1:24638241507943 c2=2:24638241554766 c3=3:24638241565964 CH:
FS n=64 fsseq=538763 buf=10 c0=0:24638263607578 c1=1:24638264115495 c2=2:24638263620547 c3=3:24638263947005 CH: 10/id10/k0 17/id1/k1 35/id3/k2 55/id7/k3
FS n=64 fsseq=538763 buf=10 c0=0:24638263607578 c1=1:24638264115495 c2=2:24638263620547 c3=3:24638263947005 CH:
FS n=64 fsseq=538763 buf=10 c0=0:24638263607578 c1=1:24638264115495 c2=2:24638263620547 c3=3:24638263947005 CH:
FS n=64 fsseq=537975 buf=3 c0=0:24638281528047 c1=1:24638281528151 c2=2:24638281553568 c3=3:24638281618984 CH: 3/id3/k0 18/id2/k1 44/id12/k2 59/id11/k3
FS n=64 fsseq=537975 buf=3 c0=0:24638281528047 c1=1:24638281528151 c2=2:24638281553568 c3=3:24638281618984 CH:
FS n=64 fsseq=537975 buf=3 c0=0:24638281528047 c1=1:24638281528151 c2=2:24638281553568 c3=3:24638281618984 CH:
FS n=64 fsseq=538764 buf=7 c0=0:24638303620339 c1=1:24638304114245 c2=2:24638303630026 c3=3:24638303948828 CH: 7/id7/k0 22/id6/k1 40/id8/k2 56/id8/k3
FS n=64 fsseq=538764 buf=7 c0=0:24638303620339 c1=1:24638304114245 c2=2:24638303630026 c3=3:24638303948828 CH:
FS n=64 fsseq=538764 buf=7 c0=0:24638303620339 c1=1:24638304114245 c2=2:24638303630026 c3=3:24638303948828 CH:
FS n=64 fsseq=537976 buf=11 c0=0:24638321506328 c1=1:24638321506120 c2=2:24638321536276 c3=3:24638321580912 CH: 11/id11/k0 19/id3/k1 45/id13/k2 57/id9/k3
FS n=64 fsseq=537976 buf=11 c0=0:24638321506328 c1=1:24638321506120 c2=2:24638321536276 c3=3:24638321580912 CH:
FS n=64 fsseq=537976 buf=11 c0=0:24638321506328 c1=1:24638321506120 c2=2:24638321536276 c3=3:24638321580912 CH:
FS n=64 fsseq=538765 buf=1 c0=0:24638343614037 c1=1:24638344141224 c2=2:24638343615599 c3=3:24638343959037 CH: 1/id1/k0 27/id11/k1 32/id0/k2 48/id0/k3
FS n=64 fsseq=538765 buf=1 c0=0:24638343614037 c1=1:24638344141224 c2=2:24638343615599 c3=3:24638343959037 CH:
FS n=64 fsseq=538765 buf=1 c0=0:24638343614037 c1=1:24638344141224 c2=2:24638343615599 c3=3:24638343959037 CH: 48/id0/k3
FS n=64 fsseq=537977 buf=13 c0=0:24638361511016 c1=1:24638361510651 c2=2:24638361569922 c3=3:24638361581484 CH: 13/id13/k0 21/id5/k1 46/id14/k2 60/id12/k3
FS n=64 fsseq=537977 buf=13 c0=0:24638361511016 c1=1:24638361510651 c2=2:24638361569922 c3=3:24638361581484 CH:
FS n=64 fsseq=537977 buf=13 c0=0:24638361511016 c1=1:24638361510651 c2=2:24638361569922 c3=3:24638361581484 CH:
FS n=64 fsseq=538766 buf=5 c0=0:24638383613047 c1=1:24638384112318 c2=2:24638383613620 c3=3:24638383945599 CH: 5/id5/k0 29/id13/k1 36/id4/k2 52/id4/k3
FS n=64 fsseq=538766 buf=5 c0=0:24638383613047 c1=1:24638384112318 c2=2:24638383613620 c3=3:24638383945599 CH:
FS n=64 fsseq=538766 buf=5 c0=0:24638383613047 c1=1:24638384112318 c2=2:24638383613620 c3=3:24638383945599 CH:
FS n=64 fsseq=537978 buf=15 c0=0:24638401504766 c1=1:24638401504922 c2=2:24638401529922 c3=3:24638401562734 CH:
FS n=64 fsseq=537978 buf=15 c0=0:24638401504766 c1=1:24638401504922 c2=2:24638401529922 c3=3:24638401562734 CH: 15/id15/k0 20/id4/k1 38/id6/k2 62/id14/k3
FS n=64 fsseq=537978 buf=15 c0=0:24638401504766 c1=1:24638401504922 c2=2:24638401529922 c3=3:24638401562734 CH:
FS n=64 fsseq=538767 buf=2 c0=0:24638423610287 c1=1:24638424117630 c2=2:24638423610964 c3=3:24638423946901 CH: 2/id2/k0 24/id8/k1 41/id9/k2 49/id1/k3
FS n=64 fsseq=538767 buf=2 c0=0:24638423610287 c1=1:24638424117630 c2=2:24638423610964 c3=3:24638423946901 CH:
FS n=64 fsseq=538767 buf=2 c0=0:24638423610287 c1=1:24638424117630 c2=2:24638423610964 c3=3:24638423946901 CH:
FS n=64 fsseq=537979 buf=0 c0=0:24638441543359 c1=1:24638441542005 c2=2:24638441612162 c3=3:24638441636849 CH: 25/id9/k1 33/id1/k2 54/id6/k3
FS n=64 fsseq=537979 buf=0 c0=0:24638441543359 c1=1:24638441542005 c2=2:24638441612162 c3=3:24638441636849 CH: 25/id9/k1
FS n=64 fsseq=537979 buf=0 c0=0:24638441543359 c1=1:24638441542005 c2=2:24638441612162 c3=3:24638441636849 CH: 0/id0/k0 25/id9/k1
FS n=64 fsseq=538768 buf=4 c0=0:24638463611172 c1=1:24638464116953 c2=2:24638463622578 c3=3:24638463948464 CH: 30/id14/k1 39/id7/k2 50/id2/k3
FS n=64 fsseq=538768 buf=4 c0=0:24638463611172 c1=1:24638464116953 c2=2:24638463622578 c3=3:24638463948464 CH: 4/id4/k0
FS n=64 fsseq=538768 buf=4 c0=0:24638463611172 c1=1:24638464116953 c2=2:24638463622578 c3=3:24638463948464 CH:
FS n=64 fsseq=537980 buf=12 c0=0:24638481518672 c1=1:24638481583880 c2=2:24638481581380 c3=3:24638481594141 CH: 12/id12/k0 26/id10/k1 43/id11/k2 58/id10/k3
FS n=64 fsseq=537980 buf=12 c0=0:24638481518672 c1=1:24638481583880 c2=2:24638481581380 c3=3:24638481594141 CH:
FS n=64 fsseq=537980 buf=12 c0=0:24638481518672 c1=1:24638481583880 c2=2:24638481581380 c3=3:24638481594141 CH:
FS n=64 fsseq=538769 buf=6 c0=0:24638503657943 c1=1:24638504124453 c2=2:24638503657839 c3=3:24638503947005 CH: 6/id6/k0 28/id12/k1 37/id5/k2 51/id3/k3
FS n=64 fsseq=538769 buf=6 c0=0:24638503657943 c1=1:24638504124453 c2=2:24638503657839 c3=3:24638503947005 CH:
FS n=64 fsseq=538769 buf=6 c0=0:24638503657943 c1=1:24638504124453 c2=2:24638503657839 c3=3:24638503947005 CH:
FS n=64 fsseq=537981 buf=14 c0=0:24638521510339 c1=1:24638521570078 c2=2:24638521554609 c3=3:24638521561432 CH: 14/id14/k0 23/id7/k1 47/id15/k2 61/id13/k3
FS n=64 fsseq=537981 buf=14 c0=0:24638521510339 c1=1:24638521570078 c2=2:24638521554609 c3=3:24638521561432 CH:
FS n=64 fsseq=537981 buf=14 c0=0:24638521510339 c1=1:24638521570078 c2=2:24638521554609 c3=3:24638521561432 CH:
FS n=64 fsseq=538770 buf=8 c0=0:24638543624922 c1=1:24638544118151 c2=2:24638543624453 c3=3:24638543950130 CH: 53/id5/k3
FS n=64 fsseq=538770 buf=8 c0=0:24638543624922 c1=1:24638544118151 c2=2:24638543624453 c3=3:24638543950130 CH: 8/id8/k0 31/id15/k1 34/id2/k2 53/id5/k3
FS n=64 fsseq=538770 buf=8 c0=0:24638543624922 c1=1:24638544118151 c2=2:24638543624453 c3=3:24638543950130 CH: 8/id8/k0 31/id15/k1 34/id2/k2
FS n=64 fsseq=537982 buf=9 c0=0:24638561507109 c1=1:24638561507109 c2=2:24638561574453 c3=3:24638561579714 CH: 9/id9/k0 16/id0/k1 42/id10/k2 63/id15/k3
FS n=64 fsseq=537982 buf=9 c0=0:24638561507109 c1=1:24638561507109 c2=2:24638561574453 c3=3:24638561579714 CH:
FS n=64 fsseq=537982 buf=9 c0=0:24638561507109 c1=1:24638561507109 c2=2:24638561574453 c3=3:24638561579714 CH:
FS n=64 fsseq=538771 buf=10 c0=0:24638583612526 c1=1:24638584120964 c2=2:24638583616745 c3=3:24638583950807 CH: 35/id3/k2 55/id7/k3
FS n=64 fsseq=538771 buf=10 c0=0:24638583612526 c1=1:24638584120964 c2=2:24638583616745 c3=3:24638583950807 CH: 10/id10/k0 17/id1/k1
FS n=64 fsseq=538771 buf=10 c0=0:24638583612526 c1=1:24638584120964 c2=2:24638583616745 c3=3:24638583950807 CH:
FS n=64 fsseq=537983 buf=3 c0=0:24638601527891 c1=1:24638601527734 c2=2:24638601585495 c3=3:24638601597630 CH: 3/id3/k0 18/id2/k1 44/id12/k2 59/id11/k3
FS n=64 fsseq=537983 buf=3 c0=0:24638601527891 c1=1:24638601527734 c2=2:24638601585495 c3=3:24638601597630 CH:
FS n=64 fsseq=537983 buf=3 c0=0:24638601527891 c1=1:24638601527734 c2=2:24638601585495 c3=3:24638601597630 CH:
FS n=64 fsseq=538772 buf=7 c0=0:24638623652891 c1=1:24638624117161 c2=2:24638623652526 c3=3:24638623952943 CH: 7/id7/k0 22/id6/k1 40/id8/k2 56/id8/k3
FS n=64 fsseq=538772 buf=7 c0=0:24638623652891 c1=1:24638624117161 c2=2:24638623652526 c3=3:24638623952943 CH:
FS n=64 fsseq=538772 buf=7 c0=0:24638623652891 c1=1:24638624117161 c2=2:24638623652526 c3=3:24638623952943 CH:
FS n=64 fsseq=537984 buf=11 c0=0:24638641515234 c1=1:24638641515286 c2=2:24638641567630 c3=3:24638641579870 CH: 11/id11/k0 19/id3/k1 45/id13/k2 57/id9/k3
FS n=64 fsseq=537984 buf=11 c0=0:24638641515234 c1=1:24638641515286 c2=2:24638641567630 c3=3:24638641579870 CH:
FS n=64 fsseq=537984 buf=11 c0=0:24638641515234 c1=1:24638641515286 c2=2:24638641567630 c3=3:24638641579870 CH:
FS n=64 fsseq=538773 buf=1 c0=0:24638663613255 c1=1:24638664127682 c2=2:24638663623099 c3=3:24638663949714 CH: 1/id1/k0 27/id11/k1 32/id0/k2 48/id0/k3
FS n=64 fsseq=538773 buf=1 c0=0:24638663613255 c1=1:24638664127682 c2=2:24638663623099 c3=3:24638663949714 CH:
FS n=64 fsseq=538773 buf=1 c0=0:24638663613255 c1=1:24638664127682 c2=2:24638663623099 c3=3:24638663949714 CH:
FS n=64 fsseq=537985 buf=13 c0=0:24638681511745 c1=1:24638681511901 c2=2:24638681536953 c3=3:24638681588359 CH: 13/id13/k0 21/id5/k1 46/id14/k2 60/id12/k3
FS n=64 fsseq=537985 buf=13 c0=0:24638681511745 c1=1:24638681511901 c2=2:24638681536953 c3=3:24638681588359 CH:
FS n=64 fsseq=537985 buf=13 c0=0:24638681511745 c1=1:24638681511901 c2=2:24638681536953 c3=3:24638681588359 CH:
FS n=64 fsseq=538774 buf=5 c0=0:24638703615703 c1=1:24638704122422 c2=2:24638703616224 c3=3:24638703954922 CH: 5/id5/k0 29/id13/k1 36/id4/k2 52/id4/k3
FS n=64 fsseq=538774 buf=5 c0=0:24638703615703 c1=1:24638704122422 c2=2:24638703616224 c3=3:24638703954922 CH:
FS n=64 fsseq=538774 buf=5 c0=0:24638703615703 c1=1:24638704122422 c2=2:24638703616224 c3=3:24638703954922 CH:
FS n=64 fsseq=537986 buf=15 c0=0:24638721551172 c1=1:24638721559401 c2=2:24638721594349 c3=3:24638721662786 CH: 15/id15/k0 20/id4/k1 38/id6/k2 62/id14/k3
FS n=64 fsseq=537986 buf=15 c0=0:24638721551172 c1=1:24638721559401 c2=2:24638721594349 c3=3:24638721662786 CH: 15/id15/k0
FS n=64 fsseq=537986 buf=15 c0=0:24638721551172 c1=1:24638721559401 c2=2:24638721594349 c3=3:24638721662786 CH: 15/id15/k0
FS n=64 fsseq=538775 buf=0 c0=0:24638743619088 c1=1:24638744119818 c2=2:24638743638255 c3=3:24638743947266 CH: 0/id0/k0
FS n=64 fsseq=538775 buf=0 c0=0:24638743619088 c1=1:24638744119818 c2=2:24638743638255 c3=3:24638743947266 CH: 24/id8/k1 41/id9/k2 49/id1/k3
FS n=64 fsseq=538775 buf=0 c0=0:24638743619088 c1=1:24638744119818 c2=2:24638743638255 c3=3:24638743947266 CH: 0/id0/k0
FS n=64 fsseq=537987 buf=2 c0=0:24638761527474 c1=1:24638761528516 c2=2:24638761584661 c3=3:24638761596380 CH: 25/id9/k1 33/id1/k2 54/id6/k3
FS n=64 fsseq=537987 buf=2 c0=0:24638761527474 c1=1:24638761528516 c2=2:24638761584661 c3=3:24638761596380 CH:
FS n=64 fsseq=537987 buf=2 c0=0:24638761527474 c1=1:24638761528516 c2=2:24638761584661 c3=3:24638761596380 CH: 2/id2/k0 25/id9/k1 33/id1/k2 54/id6/k3
FS n=64 fsseq=538776 buf=4 c0=0:24638783632630 c1=1:24638784126849 c2=2:24638783637578 c3=3:24638783950703 CH: 30/id14/k1 39/id7/k2 50/id2/k3
FS n=64 fsseq=538776 buf=4 c0=0:24638783632630 c1=1:24638784126849 c2=2:24638783637578 c3=3:24638783950703 CH: 50/id2/k3
FS n=64 fsseq=538776 buf=4 c0=0:24638783632630 c1=1:24638784126849 c2=2:24638783637578 c3=3:24638783950703 CH: 4/id4/k0 50/id2/k3
FS n=64 fsseq=537988 buf=12 c0=0:24638801520547 c1=1:24638801520495 c2=2:24638801567786 c3=3:24638801582943 CH: 12/id12/k0 26/id10/k1 43/id11/k2 58/id10/k3
FS n=64 fsseq=537988 buf=12 c0=0:24638801520547 c1=1:24638801520495 c2=2:24638801567786 c3=3:24638801582943 CH:
FS n=64 fsseq=537988 buf=12 c0=0:24638801520547 c1=1:24638801520495 c2=2:24638801567786 c3=3:24638801582943 CH:
FS n=64 fsseq=538777 buf=6 c0=0:24638823613828 c1=1:24638824131224 c2=2:24638823624713 c3=3:24638823953828 CH: 6/id6/k0 28/id12/k1 37/id5/k2 51/id3/k3
FS n=64 fsseq=538777 buf=6 c0=0:24638823613828 c1=1:24638824131224 c2=2:24638823624713 c3=3:24638823953828 CH: 6/id6/k0 51/id3/k3
FS n=64 fsseq=538777 buf=6 c0=0:24638823613828 c1=1:24638824131224 c2=2:24638823624713 c3=3:24638823953828 CH: 6/id6/k0 51/id3/k3
FS n=64 fsseq=537989 buf=14 c0=0:24638841516380 c1=1:24638841516328 c2=2:24638841562161 c3=3:24638841573255 CH: 14/id14/k0 23/id7/k1 47/id15/k2 61/id13/k3
FS n=64 fsseq=537989 buf=14 c0=0:24638841516380 c1=1:24638841516328 c2=2:24638841562161 c3=3:24638841573255 CH:
FS n=64 fsseq=537989 buf=14 c0=0:24638841516380 c1=1:24638841516328 c2=2:24638841562161 c3=3:24638841573255 CH:
FS n=64 fsseq=538778 buf=8 c0=0:24638863608724 c1=1:24638864122318 c2=2:24638863617786 c3=3:24638863955963 CH: 8/id8/k0 31/id15/k1
FS n=64 fsseq=538778 buf=8 c0=0:24638863608724 c1=1:24638864122318 c2=2:24638863617786 c3=3:24638863955963 CH: 31/id15/k1 34/id2/k2 53/id5/k3
FS n=64 fsseq=538778 buf=8 c0=0:24638863608724 c1=1:24638864122318 c2=2:24638863617786 c3=3:24638863955963 CH: 8/id8/k0 34/id2/k2 53/id5/k3
FS n=64 fsseq=537990 buf=9 c0=0:24638881513255 c1=1:24638881513099 c2=2:24638881565078 c3=3:24638881572891 CH: 16/id0/k1 42/id10/k2 63/id15/k3
FS n=64 fsseq=537990 buf=9 c0=0:24638881513255 c1=1:24638881513099 c2=2:24638881565078 c3=3:24638881572891 CH: 9/id9/k0 16/id0/k1 42/id10/k2 63/id15/k3
FS n=64 fsseq=537990 buf=9 c0=0:24638881513255 c1=1:24638881513099 c2=2:24638881565078 c3=3:24638881572891 CH: 9/id9/k0
FS n=64 fsseq=538779 buf=10 c0=0:24638903621015 c1=1:24638904127943 c2=2:24638903627318 c3=3:24638903955390 CH:
FS n=64 fsseq=538779 buf=10 c0=0:24638903621015 c1=1:24638904127943 c2=2:24638903627318 c3=3:24638903955390 CH:
FS n=64 fsseq=538779 buf=10 c0=0:24638903621015 c1=1:24638904127943 c2=2:24638903627318 c3=3:24638903955390 CH: 10/id10/k0 17/id1/k1 35/id3/k2 55/id7/k3
FS n=64 fsseq=537991 buf=3 c0=0:24638921506536 c1=1:24638921506588 c2=2:24638921533255 c3=3:24638921578515 CH: 18/id2/k1 44/id12/k2
FS n=64 fsseq=537991 buf=3 c0=0:24638921506536 c1=1:24638921506588 c2=2:24638921533255 c3=3:24638921578515 CH: 3/id3/k0 18/id2/k1 59/id11/k3
FS n=64 fsseq=537991 buf=3 c0=0:24638921506536 c1=1:24638921506588 c2=2:24638921533255 c3=3:24638921578515 CH: 44/id12/k2 59/id11/k3
FS n=64 fsseq=538780 buf=7 c0=0:24638943637318 c1=1:24638944128411 c2=2:24638943639193 c3=3:24638943964349 CH: 3/id3/k0 7/id7/k0 22/id6/k1 40/id8/k2 56/id8/k3
FS n=64 fsseq=538780 buf=7 c0=0:24638943637318 c1=1:24638944128411 c2=2:24638943639193 c3=3:24638943964349 CH:
FS n=64 fsseq=538780 buf=7 c0=0:24638943637318 c1=1:24638944128411 c2=2:24638943639193 c3=3:24638943964349 CH:
FS n=64 fsseq=537992 buf=11 c0=0:24638961509818 c1=1:24638961509818 c2=2:24638961531224 c3=3:24638961572526 CH: 11/id11/k0 19/id3/k1 45/id13/k2 57/id9/k3
FS n=64 fsseq=537992 buf=11 c0=0:24638961509818 c1=1:24638961509818 c2=2:24638961531224 c3=3:24638961572526 CH:
FS n=64 fsseq=537992 buf=11 c0=0:24638961509818 c1=1:24638961509818 c2=2:24638961531224 c3=3:24638961572526 CH:
FS n=64 fsseq=538781 buf=1 c0=0:24638983621536 c1=1:24638984124922 c2=2:24638983622682 c3=3:24638983955547 CH: 1/id1/k0 27/id11/k1 32/id0/k2 48/id0/k3
FS n=64 fsseq=538781 buf=1 c0=0:24638983621536 c1=1:24638984124922 c2=2:24638983622682 c3=3:24638983955547 CH:
FS n=64 fsseq=538781 buf=1 c0=0:24638983621536 c1=1:24638984124922 c2=2:24638983622682 c3=3:24638983955547 CH:
FS n=64 fsseq=537993 buf=13 c0=0:24639001526276 c1=1:24639001575755 c2=2:24639001548255 c3=3:24639001583724 CH: 21/id5/k1 46/id14/k2 60/id12/k3
FS n=64 fsseq=537993 buf=13 c0=0:24639001526276 c1=1:24639001575755 c2=2:24639001548255 c3=3:24639001583724 CH:
FS n=64 fsseq=537993 buf=13 c0=0:24639001526276 c1=1:24639001575755 c2=2:24639001548255 c3=3:24639001583724 CH: 13/id13/k0 21/id5/k1 46/id14/k2 60/id12/k3
FS n=64 fsseq=538782 buf=5 c0=0:24639023620234 c1=1:24639024129297 c2=2:24639023620547 c3=3:24639023954453 CH: 29/id13/k1 36/id4/k2 52/id4/k3
FS n=64 fsseq=538782 buf=5 c0=0:24639023620234 c1=1:24639024129297 c2=2:24639023620547 c3=3:24639023954453 CH:
FS n=64 fsseq=538782 buf=5 c0=0:24639023620234 c1=1:24639024129297 c2=2:24639023620547 c3=3:24639023954453 CH:
FS n=64 fsseq=537994 buf=15 c0=0:24639041567422 c1=1:24639041567734 c2=2:24639041605026 c3=3:24639041653151 CH: 15/id15/k0 20/id4/k1 38/id6/k2 62/id14/k3
FS n=64 fsseq=537994 buf=15 c0=0:24639041567422 c1=1:24639041567734 c2=2:24639041605026 c3=3:24639041653151 CH: 38/id6/k2 62/id14/k3
FS n=64 fsseq=537994 buf=15 c0=0:24639041567422 c1=1:24639041567734 c2=2:24639041605026 c3=3:24639041653151 CH: 20/id4/k1
FS n=64 fsseq=538783 buf=0 c0=0:24639063620911 c1=1:24639064127838 c2=2:24639063621276 c3=3:24639063956536 CH: 0/id0/k0 5/id5/k0 24/id8/k1 41/id9/k2 49/id1/k3
FS n=64 fsseq=538783 buf=0 c0=0:24639063620911 c1=1:24639064127838 c2=2:24639063621276 c3=3:24639063956536 CH:
FS n=64 fsseq=538783 buf=0 c0=0:24639063620911 c1=1:24639064127838 c2=2:24639063621276 c3=3:24639063956536 CH:
FS n=64 fsseq=537995 buf=2 c0=0:24639081515286 c1=1:24639081515755 c2=2:24639081542265 c3=3:24639081579818 CH: 2/id2/k0 25/id9/k1 33/id1/k2
FS n=64 fsseq=537995 buf=2 c0=0:24639081515286 c1=1:24639081515755 c2=2:24639081542265 c3=3:24639081579818 CH: 54/id6/k3
FS n=64 fsseq=537995 buf=2 c0=0:24639081515286 c1=1:24639081515755 c2=2:24639081542265 c3=3:24639081579818 CH: 33/id1/k2 54/id6/k3
FS n=64 fsseq=538784 buf=4 c0=0:24639103632370 c1=1:24639104129453 c2=2:24639103636588 c3=3:24639103951432 CH: 4/id4/k0
FS n=64 fsseq=538784 buf=4 c0=0:24639103632370 c1=1:24639104129453 c2=2:24639103636588 c3=3:24639103951432 CH: 30/id14/k1 39/id7/k2 50/id2/k3
FS n=64 fsseq=538784 buf=4 c0=0:24639103632370 c1=1:24639104129453 c2=2:24639103636588 c3=3:24639103951432 CH:
FS n=64 fsseq=537996 buf=12 c0=0:24639121521224 c1=1:24639121525911 c2=2:24639121578776 c3=3:24639121576328 CH: 12/id12/k0 26/id10/k1 43/id11/k2 58/id10/k3
FS n=64 fsseq=537996 buf=12 c0=0:24639121521224 c1=1:24639121525911 c2=2:24639121578776 c3=3:24639121576328 CH:
FS n=64 fsseq=537996 buf=12 c0=0:24639121521224 c1=1:24639121525911 c2=2:24639121578776 c3=3:24639121576328 CH:
FS n=64 fsseq=538785 buf=6 c0=0:24639143621536 c1=1:24639144134036 c2=2:24639143628203 c3=3:24639143975390 CH:
FS n=64 fsseq=538785 buf=6 c0=0:24639143621536 c1=1:24639144134036 c2=2:24639143628203 c3=3:24639143975390 CH: 6/id6/k0 28/id12/k1 37/id5/k2 51/id3/k3
FS n=64 fsseq=538785 buf=6 c0=0:24639143621536 c1=1:24639144134036 c2=2:24639143628203 c3=3:24639143975390 CH:
FS n=64 fsseq=537997 buf=14 c0=0:24639161522995 c1=1:24639161522995 c2=2:24639161577890 c3=3:24639161588672 CH:
FS n=64 fsseq=537997 buf=14 c0=0:24639161522995 c1=1:24639161522995 c2=2:24639161577890 c3=3:24639161588672 CH:
FS n=64 fsseq=537997 buf=14 c0=0:24639161522995 c1=1:24639161522995 c2=2:24639161577890 c3=3:24639161588672 CH: 14/id14/k0 23/id7/k1 47/id15/k2 61/id13/k3
FS n=64 fsseq=538786 buf=8 c0=0:24639183619140 c1=1:24639184125807 c2=2:24639183631797 c3=3:24639183961328 CH: 8/id8/k0 53/id5/k3
FS n=64 fsseq=538786 buf=8 c0=0:24639183619140 c1=1:24639184125807 c2=2:24639183631797 c3=3:24639183961328 CH: 31/id15/k1 34/id2/k2 53/id5/k3
FS n=64 fsseq=538786 buf=8 c0=0:24639183619140 c1=1:24639184125807 c2=2:24639183631797 c3=3:24639183961328 CH: 53/id5/k3
FS n=64 fsseq=537998 buf=9 c0=0:24639201528724 c1=1:24639201591901 c2=2:24639201562370 c3=3:24639201600807 CH: 9/id9/k0 16/id0/k1 42/id10/k2 63/id15/k3
FS n=64 fsseq=537998 buf=9 c0=0:24639201528724 c1=1:24639201591901 c2=2:24639201562370 c3=3:24639201600807 CH:
FS n=64 fsseq=537998 buf=9 c0=0:24639201528724 c1=1:24639201591901 c2=2:24639201562370 c3=3:24639201600807 CH:
FS n=64 fsseq=538787 buf=10 c0=0:24639223622786 c1=1:24639224129036 c2=2:24639223626588 c3=3:24639223957317 CH: 10/id10/k0 17/id1/k1 35/id3/k2 55/id7/k3
FS n=64 fsseq=538787 buf=10 c0=0:24639223622786 c1=1:24639224129036 c2=2:24639223626588 c3=3:24639223957317 CH:
FS n=64 fsseq=538787 buf=10 c0=0:24639223622786 c1=1:24639224129036 c2=2:24639223626588 c3=3:24639223957317 CH:
FS n=64 fsseq=537999 buf=3 c0=0:24639241582630 c1=1:24639241619922 c2=2:24639241582265 c3=3:24639241623567 CH: 3/id3/k0 18/id2/k1 44/id12/k2 59/id11/k3
FS n=64 fsseq=537999 buf=3 c0=0:24639241582630 c1=1:24639241619922 c2=2:24639241582265 c3=3:24639241623567 CH:
FS n=64 fsseq=537999 buf=3 c0=0:24639241582630 c1=1:24639241619922 c2=2:24639241582265 c3=3:24639241623567 CH:
FS n=64 fsseq=538788 buf=7 c0=0:24639263643151 c1=1:24639264138672 c2=2:24639263647890 c3=3:24639263959765 CH: 40/id8/k2 56/id8/k3
FS n=64 fsseq=538788 buf=7 c0=0:24639263643151 c1=1:24639264138672 c2=2:24639263647890 c3=3:24639263959765 CH: 7/id7/k0 22/id6/k1
FS n=64 fsseq=538788 buf=7 c0=0:24639263643151 c1=1:24639264138672 c2=2:24639263647890 c3=3:24639263959765 CH: 22/id6/k1
FS n=64 fsseq=538000 buf=11 c0=0:24639281528099 c1=1:24639281573307 c2=2:24639281547995 c3=3:24639281584713 CH: 11/id11/k0 19/id3/k1 45/id13/k2 57/id9/k3
FS n=64 fsseq=538000 buf=11 c0=0:24639281528099 c1=1:24639281573307 c2=2:24639281547995 c3=3:24639281584713 CH:
FS n=64 fsseq=538000 buf=11 c0=0:24639281528099 c1=1:24639281573307 c2=2:24639281547995 c3=3:24639281584713 CH:
FS n=64 fsseq=538789 buf=1 c0=0:24639303620390 c1=1:24639304132995 c2=2:24639303624609 c3=3:24639303959765 CH: 32/id0/k2 48/id0/k3
FS n=64 fsseq=538789 buf=1 c0=0:24639303620390 c1=1:24639304132995 c2=2:24639303624609 c3=3:24639303959765 CH: 1/id1/k0 27/id11/k1 32/id0/k2
FS n=64 fsseq=538789 buf=1 c0=0:24639303620390 c1=1:24639304132995 c2=2:24639303624609 c3=3:24639303959765 CH:
FS n=64 fsseq=538001 buf=13 c0=0:24639321530078 c1=1:24639321585755 c2=2:24639321573984 c3=3:24639321603515 CH: 13/id13/k0 21/id5/k1 46/id14/k2 60/id12/k3
FS n=64 fsseq=538001 buf=13 c0=0:24639321530078 c1=1:24639321585755 c2=2:24639321573984 c3=3:24639321603515 CH:
FS n=64 fsseq=538001 buf=13 c0=0:24639321530078 c1=1:24639321585755 c2=2:24639321573984 c3=3:24639321603515 CH:
FS n=64 fsseq=538790 buf=5 c0=0:24639343627265 c1=1:24639344130703 c2=2:24639343627109 c3=3:24639343955078 CH: 5/id5/k0 29/id13/k1 36/id4/k2 52/id4/k3
FS n=64 fsseq=538790 buf=5 c0=0:24639343627265 c1=1:24639344130703 c2=2:24639343627109 c3=3:24639343955078 CH:
FS n=64 fsseq=538790 buf=5 c0=0:24639343627265 c1=1:24639344130703 c2=2:24639343627109 c3=3:24639343955078 CH:
FS n=64 fsseq=538002 buf=15 c0=0:24639361576380 c1=1:24639361544817 c2=2:24639361587422 c3=3:24639361622422 CH:
FS n=64 fsseq=538002 buf=15 c0=0:24639361576380 c1=1:24639361544817 c2=2:24639361587422 c3=3:24639361622422 CH:
FS n=64 fsseq=538002 buf=15 c0=0:24639361576380 c1=1:24639361544817 c2=2:24639361587422 c3=3:24639361622422 CH: 15/id15/k0 20/id4/k1 38/id6/k2 62/id14/k3
FS n=64 fsseq=538791 buf=0 c0=0:24639383626744 c1=1:24639384133619 c2=2:24639383628411 c3=3:24639383962890 CH: 0/id0/k0 24/id8/k1 41/id9/k2 49/id1/k3
FS n=64 fsseq=538791 buf=0 c0=0:24639383626744 c1=1:24639384133619 c2=2:24639383628411 c3=3:24639383962890 CH:
FS n=64 fsseq=538791 buf=0 c0=0:24639383626744 c1=1:24639384133619 c2=2:24639383628411 c3=3:24639383962890 CH:
FS n=64 fsseq=538003 buf=2 c0=0:24639401519869 c1=1:24639401522005 c2=2:24639401577213 c3=3:24639401581901 CH: 2/id2/k0 25/id9/k1 33/id1/k2 54/id6/k3
FS n=64 fsseq=538003 buf=2 c0=0:24639401519869 c1=1:24639401522005 c2=2:24639401577213 c3=3:24639401581901 CH:
FS n=64 fsseq=538003 buf=2 c0=0:24639401519869 c1=1:24639401522005 c2=2:24639401577213 c3=3:24639401581901 CH:
FS n=64 fsseq=538792 buf=4 c0=0:24639423633047 c1=1:24639424146901 c2=2:24639423645390 c3=3:24639423971224 CH: 4/id4/k0 30/id14/k1 39/id7/k2 50/id2/k3
FS n=64 fsseq=538792 buf=4 c0=0:24639423633047 c1=1:24639424146901 c2=2:24639423645390 c3=3:24639423971224 CH: 30/id14/k1
FS n=64 fsseq=538792 buf=4 c0=0:24639423633047 c1=1:24639424146901 c2=2:24639423645390 c3=3:24639423971224 CH:
FS n=64 fsseq=538004 buf=12 c0=0:24639441538724 c1=1:24639441594244 c2=2:24639441627265 c3=3:24639441629192 CH:
FS n=64 fsseq=538004 buf=12 c0=0:24639441538724 c1=1:24639441594244 c2=2:24639441627265 c3=3:24639441629192 CH: 2/id2/k0 12/id12/k0 26/id10/k1 43/id11/k2 58/id10/k3
FS n=64 fsseq=538004 buf=12 c0=0:24639441538724 c1=1:24639441594244 c2=2:24639441627265 c3=3:24639441629192 CH: 2/id2/k0 12/id12/k0 26/id10/k1 43/id11/k2 58/id10/k3
FS n=64 fsseq=538793 buf=6 c0=0:24639463624557 c1=1:24639464128776 c2=2:24639463633411 c3=3:24639463959244 CH: 6/id6/k0 28/id12/k1 37/id5/k2 51/id3/k3
FS n=64 fsseq=538793 buf=6 c0=0:24639463624557 c1=1:24639464128776 c2=2:24639463633411 c3=3:24639463959244 CH:
FS n=64 fsseq=538793 buf=6 c0=0:24639463624557 c1=1:24639464128776 c2=2:24639463633411 c3=3:24639463959244 CH:
FS n=64 fsseq=538005 buf=14 c0=0:24639481524817 c1=1:24639481524817 c2=2:24639481569453 c3=3:24639481584192 CH: 14/id14/k0 23/id7/k1 47/id15/k2 61/id13/k3
FS n=64 fsseq=538005 buf=14 c0=0:24639481524817 c1=1:24639481524817 c2=2:24639481569453 c3=3:24639481584192 CH:
FS n=64 fsseq=538005 buf=14 c0=0:24639481524817 c1=1:24639481524817 c2=2:24639481569453 c3=3:24639481584192 CH:
FS n=64 fsseq=538794 buf=8 c0=0:24639503627630 c1=1:24639504123880 c2=2:24639503642890 c3=3:24639503962734 CH: 8/id8/k0 31/id15/k1 34/id2/k2 53/id5/k3
FS n=64 fsseq=538794 buf=8 c0=0:24639503627630 c1=1:24639504123880 c2=2:24639503642890 c3=3:24639503962734 CH:
FS n=64 fsseq=538794 buf=8 c0=0:24639503627630 c1=1:24639504123880 c2=2:24639503642890 c3=3:24639503962734 CH:
FS n=64 fsseq=538006 buf=9 c0=0:24639521545442 c1=1:24639521545182 c2=2:24639521576692 c3=3:24639521627161 CH: 63/id15/k3
FS n=64 fsseq=538006 buf=9 c0=0:24639521545442 c1=1:24639521545182 c2=2:24639521576692 c3=3:24639521627161 CH: 9/id9/k0 16/id0/k1 42/id10/k2 63/id15/k3
FS n=64 fsseq=538006 buf=9 c0=0:24639521545442 c1=1:24639521545182 c2=2:24639521576692 c3=3:24639521627161 CH:
FS n=64 fsseq=538795 buf=10 c0=0:24639543629349 c1=1:24639544134869 c2=2:24639543629349 c3=3:24639543960859 CH: 35/id3/k2 55/id7/k3
FS n=64 fsseq=538795 buf=10 c0=0:24639543629349 c1=1:24639544134869 c2=2:24639543629349 c3=3:24639543960859 CH: 10/id10/k0 17/id1/k1
FS n=64 fsseq=538795 buf=10 c0=0:24639543629349 c1=1:24639544134869 c2=2:24639543629349 c3=3:24639543960859 CH:
FS n=64 fsseq=538007 buf=3 c0=0:24639561520963 c1=1:24639561520911 c2=2:24639561541953 c3=3:24639561580807 CH: 3/id3/k0 18/id2/k1 44/id12/k2 59/id11/k3
FS n=64 fsseq=538007 buf=3 c0=0:24639561520963 c1=1:24639561520911 c2=2:24639561541953 c3=3:24639561580807 CH: 44/id12/k2
FS n=64 fsseq=538007 buf=3 c0=0:24639561520963 c1=1:24639561520911 c2=2:24639561541953 c3=3:24639561580807 CH:
FS n=64 fsseq=538796 buf=7 c0=0:24639583661276 c1=1:24639584142005 c2=2:24639583661276 c3=3:24639583976432 CH: 22/id6/k1 56/id8/k3
FS n=64 fsseq=538796 buf=7 c0=0:24639583661276 c1=1:24639584142005 c2=2:24639583661276 c3=3:24639583976432 CH: 22/id6/k1 40/id8/k2 56/id8/k3
FS n=64 fsseq=538796 buf=7 c0=0:24639583661276 c1=1:24639584142005 c2=2:24639583661276 c3=3:24639583976432 CH: 7/id7/k0 22/id6/k1 56/id8/k3
FS n=64 fsseq=538008 buf=11 c0=0:24639601529036 c1=1:24639601528984 c2=2:24639601547890 c3=3:24639601596901 CH: 11/id11/k0
FS n=64 fsseq=538008 buf=11 c0=0:24639601529036 c1=1:24639601528984 c2=2:24639601547890 c3=3:24639601596901 CH: 19/id3/k1 45/id13/k2 57/id9/k3
FS n=64 fsseq=538008 buf=11 c0=0:24639601529036 c1=1:24639601528984 c2=2:24639601547890 c3=3:24639601596901 CH: 11/id11/k0
FS n=64 fsseq=538797 buf=1 c0=0:24639623639244 c1=1:24639624133567 c2=2:24639623662265 c3=3:24639623967265 CH: 1/id1/k0 27/id11/k1 32/id0/k2
FS n=64 fsseq=538797 buf=1 c0=0:24639623639244 c1=1:24639624133567 c2=2:24639623662265 c3=3:24639623967265 CH: 48/id0/k3
FS n=64 fsseq=538797 buf=1 c0=0:24639623639244 c1=1:24639624133567 c2=2:24639623662265 c3=3:24639623967265 CH:
FS n=64 fsseq=538009 buf=13 c0=0:24639641528880 c1=1:24639641529661 c2=2:24639641583515 c3=3:24639641592161 CH: 13/id13/k0 21/id5/k1 46/id14/k2 60/id12/k3
FS n=64 fsseq=538009 buf=13 c0=0:24639641528880 c1=1:24639641529661 c2=2:24639641583515 c3=3:24639641592161 CH:
FS n=64 fsseq=538009 buf=13 c0=0:24639641528880 c1=1:24639641529661 c2=2:24639641583515 c3=3:24639641592161 CH:
FS n=64 fsseq=538798 buf=5 c0=0:24639663639349 c1=1:24639664135494 c2=2:24639663639505 c3=3:24639663965911 CH: 5/id5/k0 29/id13/k1 36/id4/k2 52/id4/k3
FS n=64 fsseq=538798 buf=5 c0=0:24639663639349 c1=1:24639664135494 c2=2:24639663639505 c3=3:24639663965911 CH:
FS n=64 fsseq=538798 buf=5 c0=0:24639663639349 c1=1:24639664135494 c2=2:24639663639505 c3=3:24639663965911 CH:
FS n=64 fsseq=538010 buf=15 c0=0:24639681559609 c1=1:24639681559661 c2=2:24639681617109 c3=3:24639681633515 CH: 15/id15/k0 20/id4/k1 38/id6/k2
FS n=64 fsseq=538010 buf=15 c0=0:24639681559609 c1=1:24639681559661 c2=2:24639681617109 c3=3:24639681633515 CH: 15/id15/k0 20/id4/k1 38/id6/k2 62/id14/k3
FS n=64 fsseq=538010 buf=15 c0=0:24639681559609 c1=1:24639681559661 c2=2:24639681617109 c3=3:24639681633515 CH:
FS n=64 fsseq=538799 buf=0 c0=0:24639703626901 c1=1:24639704151328 c2=2:24639703641328 c3=3:24639703962317 CH: 0/id0/k0 24/id8/k1 41/id9/k2 49/id1/k3
FS n=64 fsseq=538799 buf=0 c0=0:24639703626901 c1=1:24639704151328 c2=2:24639703641328 c3=3:24639703962317 CH:
FS n=64 fsseq=538799 buf=0 c0=0:24639703626901 c1=1:24639704151328 c2=2:24639703641328 c3=3:24639703962317 CH:
FS n=64 fsseq=538011 buf=2 c0=0:24639721538463 c1=1:24639721538619 c2=2:24639721605130 c3=3:24639721592734 CH: 2/id2/k0 25/id9/k1 33/id1/k2 54/id6/k3
FS n=64 fsseq=538011 buf=2 c0=0:24639721538463 c1=1:24639721538619 c2=2:24639721605130 c3=3:24639721592734 CH:
FS n=64 fsseq=538011 buf=2 c0=0:24639721538463 c1=1:24639721538619 c2=2:24639721605130 c3=3:24639721592734 CH:
FS n=64 fsseq=538800 buf=4 c0=0:24639743638671 c1=1:24639744140130 c2=2:24639743650651 c3=3:24639743977317 CH:
FS n=64 fsseq=538800 buf=4 c0=0:24639743638671 c1=1:24639744140130 c2=2:24639743650651 c3=3:24639743977317 CH: 4/id4/k0 30/id14/k1 39/id7/k2 50/id2/k3
FS n=64 fsseq=538800 buf=4 c0=0:24639743638671 c1=1:24639744140130 c2=2:24639743650651 c3=3:24639743977317 CH:
FS n=64 fsseq=538012 buf=12 c0=0:24639761534713 c1=1:24639761541067 c2=2:24639761575963 c3=3:24639761573307 CH: 12/id12/k0 26/id10/k1 43/id11/k2 58/id10/k3
FS n=64 fsseq=538012 buf=12 c0=0:24639761534713 c1=1:24639761541067 c2=2:24639761575963 c3=3:24639761573307 CH:
FS n=64 fsseq=538012 buf=12 c0=0:24639761534713 c1=1:24639761541067 c2=2:24639761575963 c3=3:24639761573307 CH:
FS n=64 fsseq=538801 buf=6 c0=0:24639783630442 c1=1:24639784134661 c2=2:24639783635286 c3=3:24639783965598 CH: 51/id3/k3
FS n=64 fsseq=538801 buf=6 c0=0:24639783630442 c1=1:24639784134661 c2=2:24639783635286 c3=3:24639783965598 CH: 51/id3/k3
FS n=64 fsseq=538801 buf=6 c0=0:24639783630442 c1=1:24639784134661 c2=2:24639783635286 c3=3:24639783965598 CH: 6/id6/k0 28/id12/k1 37/id5/k2
FS n=64 fsseq=538013 buf=14 c0=0:24639801537057 c1=1:24639801537057 c2=2:24639801591484 c3=3:24639801602734 CH: 14/id14/k0 23/id7/k1 47/id15/k2 61/id13/k3
FS n=64 fsseq=538013 buf=14 c0=0:24639801537057 c1=1:24639801537057 c2=2:24639801591484 c3=3:24639801602734 CH:
FS n=64 fsseq=538013 buf=14 c0=0:24639801537057 c1=1:24639801537057 c2=2:24639801591484 c3=3:24639801602734 CH:
FS n=64 fsseq=538802 buf=8 c0=0:24639823635026 c1=1:24639824139817 c2=2:24639823643151 c3=3:24639823981067 CH: 8/id8/k0 53/id5/k3
FS n=64 fsseq=538802 buf=8 c0=0:24639823635026 c1=1:24639824139817 c2=2:24639823643151 c3=3:24639823981067 CH: 53/id5/k3
FS n=64 fsseq=538802 buf=8 c0=0:24639823635026 c1=1:24639824139817 c2=2:24639823643151 c3=3:24639823981067 CH: 8/id8/k0 31/id15/k1 34/id2/k2 53/id5/k3
FS n=64 fsseq=538014 buf=9 c0=0:24639841549401 c1=1:24639841549869 c2=2:24639841611848 c3=3:24639841625598 CH: 9/id9/k0 16/id0/k1 42/id10/k2 63/id15/k3
FS n=64 fsseq=538014 buf=9 c0=0:24639841549401 c1=1:24639841549869 c2=2:24639841611848 c3=3:24639841625598 CH:
FS n=64 fsseq=538014 buf=9 c0=0:24639841549401 c1=1:24639841549869 c2=2:24639841611848 c3=3:24639841625598 CH: 9/id9/k0
FS n=64 fsseq=538803 buf=10 c0=0:24639863624140 c1=1:24639864136901 c2=2:24639863632369 c3=3:24639863968151 CH:
FS n=64 fsseq=538803 buf=10 c0=0:24639863624140 c1=1:24639864136901 c2=2:24639863632369 c3=3:24639863968151 CH: 10/id10/k0 17/id1/k1 35/id3/k2 55/id7/k3
FS n=64 fsseq=538803 buf=10 c0=0:24639863624140 c1=1:24639864136901 c2=2:24639863632369 c3=3:24639863968151 CH: 10/id10/k0 17/id1/k1 35/id3/k2 55/id7/k3
FS n=64 fsseq=538015 buf=3 c0=0:24639881534505 c1=1:24639881537005 c2=2:24639881590651 c3=3:24639881612630 CH: 18/id2/k1 44/id12/k2
FS n=64 fsseq=538015 buf=3 c0=0:24639881534505 c1=1:24639881537005 c2=2:24639881590651 c3=3:24639881612630 CH:
FS n=64 fsseq=538015 buf=3 c0=0:24639881534505 c1=1:24639881537005 c2=2:24639881590651 c3=3:24639881612630 CH:
FS n=64 fsseq=538804 buf=7 c0=0:24639903679453 c1=1:24639904144817 c2=2:24639903671067 c3=3:24639903978463 CH: 7/id7/k0 22/id6/k1 40/id8/k2 56/id8/k3
FS n=64 fsseq=538804 buf=7 c0=0:24639903679453 c1=1:24639904144817 c2=2:24639903671067 c3=3:24639903978463 CH:
FS n=64 fsseq=538804 buf=7 c0=0:24639903679453 c1=1:24639904144817 c2=2:24639903671067 c3=3:24639903978463 CH:
FS n=64 fsseq=538016 buf=11 c0=0:24639921537057 c1=1:24639921537109 c2=2:24639921584088 c3=3:24639921582526 CH: 11/id11/k0 19/id3/k1 45/id13/k2 57/id9/k3
FS n=64 fsseq=538016 buf=11 c0=0:24639921537057 c1=1:24639921537109 c2=2:24639921584088 c3=3:24639921582526 CH:
FS n=64 fsseq=538016 buf=11 c0=0:24639921537057 c1=1:24639921537109 c2=2:24639921584088 c3=3:24639921582526 CH:
FS n=64 fsseq=538805 buf=1 c0=0:24639943637526 c1=1:24639944136536 c2=2:24639943648671 c3=3:24639943980078 CH: 27/id11/k1 32/id0/k2 48/id0/k3
FS n=64 fsseq=538805 buf=1 c0=0:24639943637526 c1=1:24639944136536 c2=2:24639943648671 c3=3:24639943980078 CH: 1/id1/k0
FS n=64 fsseq=538805 buf=1 c0=0:24639943637526 c1=1:24639944136536 c2=2:24639943648671 c3=3:24639943980078 CH: 1/id1/k0
FS n=64 fsseq=538017 buf=13 c0=0:24639961546067 c1=1:24639961546953 c2=2:24639961597942 c3=3:24639961608671 CH: 59/id11/k3
FS n=64 fsseq=538017 buf=13 c0=0:24639961546067 c1=1:24639961546953 c2=2:24639961597942 c3=3:24639961608671 CH: 3/id3/k0 13/id13/k0 21/id5/k1 46/id14/k2 60/id12/k3
FS n=64 fsseq=538017 buf=13 c0=0:24639961546067 c1=1:24639961546953 c2=2:24639961597942 c3=3:24639961608671 CH: 21/id5/k1 46/id14/k2
FS n=64 fsseq=538806 buf=5 c0=0:24639983638359 c1=1:24639984138515 c2=2:24639983645234 c3=3:24639983974765 CH: 5/id5/k0 29/id13/k1 36/id4/k2 52/id4/k3
FS n=64 fsseq=538806 buf=5 c0=0:24639983638359 c1=1:24639984138515 c2=2:24639983645234 c3=3:24639983974765 CH:
FS n=64 fsseq=538806 buf=5 c0=0:24639983638359 c1=1:24639984138515 c2=2:24639983645234 c3=3:24639983974765 CH: 5/id5/k0
FS n=64 fsseq=538018 buf=15 c0=0:24640001558723 c1=1:24640001558723 c2=2:24640001582734 c3=3:24640001622630 CH: 15/id15/k0 20/id4/k1 38/id6/k2 62/id14/k3
FS n=64 fsseq=538018 buf=15 c0=0:24640001558723 c1=1:24640001558723 c2=2:24640001582734 c3=3:24640001622630 CH:
FS n=64 fsseq=538018 buf=15 c0=0:24640001558723 c1=1:24640001558723 c2=2:24640001582734 c3=3:24640001622630 CH:
FS n=64 fsseq=538807 buf=0 c0=0:24640023633098 c1=1:24640024142369 c2=2:24640023635755 c3=3:24640023974765 CH: 0/id0/k0 24/id8/k1 41/id9/k2 49/id1/k3
FS n=64 fsseq=538807 buf=0 c0=0:24640023633098 c1=1:24640024142369 c2=2:24640023635755 c3=3:24640023974765 CH:
FS n=64 fsseq=538807 buf=0 c0=0:24640023633098 c1=1:24640024142369 c2=2:24640023635755 c3=3:24640023974765 CH:
FS n=64 fsseq=538019 buf=2 c0=0:24640041526380 c1=1:24640041526119 c2=2:24640041550494 c3=3:24640041580755 CH: 2/id2/k0 25/id9/k1 33/id1/k2 54/id6/k3
FS n=64 fsseq=538019 buf=2 c0=0:24640041526380 c1=1:24640041526119 c2=2:24640041550494 c3=3:24640041580755 CH:
FS n=64 fsseq=538019 buf=2 c0=0:24640041526380 c1=1:24640041526119 c2=2:24640041550494 c3=3:24640041580755 CH:
FS n=64 fsseq=538808 buf=4 c0=0:24640063650703 c1=1:24640064148567 c2=2:24640063650703 c3=3:24640063981171 CH: 4/id4/k0 30/id14/k1 39/id7/k2 50/id2/k3
FS n=64 fsseq=538808 buf=4 c0=0:24640063650703 c1=1:24640064148567 c2=2:24640063650703 c3=3:24640063981171 CH:
FS n=64 fsseq=538808 buf=4 c0=0:24640063650703 c1=1:24640064148567 c2=2:24640063650703 c3=3:24640063981171 CH:
FS n=64 fsseq=538020 buf=12 c0=0:24640081528359 c1=1:24640081528411 c2=2:24640081550598 c3=3:24640081591223 CH:
FS n=64 fsseq=538020 buf=12 c0=0:24640081528359 c1=1:24640081528411 c2=2:24640081550598 c3=3:24640081591223 CH: 12/id12/k0 26/id10/k1 43/id11/k2 58/id10/k3
FS n=64 fsseq=538020 buf=12 c0=0:24640081528359 c1=1:24640081528411 c2=2:24640081550598 c3=3:24640081591223 CH:
FS n=64 fsseq=538809 buf=6 c0=0:24640103636744 c1=1:24640104138411 c2=2:24640103640390 c3=3:24640103973411 CH: 6/id6/k0 28/id12/k1 37/id5/k2 51/id3/k3
FS n=64 fsseq=538809 buf=6 c0=0:24640103636744 c1=1:24640104138411 c2=2:24640103640390 c3=3:24640103973411 CH:
FS n=64 fsseq=538809 buf=6 c0=0:24640103636744 c1=1:24640104138411 c2=2:24640103640390 c3=3:24640103973411 CH:
FS n=64 fsseq=538021 buf=14 c0=0:24640121530234 c1=1:24640121532213 c2=2:24640121555963 c3=3:24640121599505 CH: 14/id14/k0 23/id7/k1 47/id15/k2 61/id13/k3
FS n=64 fsseq=538021 buf=14 c0=0:24640121530234 c1=1:24640121532213 c2=2:24640121555963 c3=3:24640121599505 CH:
FS n=64 fsseq=538021 buf=14 c0=0:24640121530234 c1=1:24640121532213 c2=2:24640121555963 c3=3:24640121599505 CH: 23/id7/k1
FS n=64 fsseq=538810 buf=8 c0=0:24640143639661 c1=1:24640144151796 c2=2:24640143644453 c3=3:24640143971796 CH: 34/id2/k2 53/id5/k3
FS n=64 fsseq=538810 buf=8 c0=0:24640143639661 c1=1:24640144151796 c2=2:24640143644453 c3=3:24640143971796 CH:
FS n=64 fsseq=538810 buf=8 c0=0:24640143639661 c1=1:24640144151796 c2=2:24640143644453 c3=3:24640143971796 CH: 8/id8/k0 31/id15/k1 34/id2/k2 53/id5/k3
FS n=64 fsseq=538022 buf=9 c0=0:24640161564765 c1=1:24640161564713 c2=2:24640161591328 c3=3:24640161636588 CH:
FS n=64 fsseq=538022 buf=9 c0=0:24640161564765 c1=1:24640161564713 c2=2:24640161591328 c3=3:24640161636588 CH:
FS n=64 fsseq=538022 buf=9 c0=0:24640161564765 c1=1:24640161564713 c2=2:24640161591328 c3=3:24640161636588 CH: 9/id9/k0 16/id0/k1 42/id10/k2 63/id15/k3
FS n=64 fsseq=538811 buf=10 c0=0:24640183644817 c1=1:24640184144348 c2=2:24640183644817 c3=3:24640183978515 CH:
FS n=64 fsseq=538811 buf=10 c0=0:24640183644817 c1=1:24640184144348 c2=2:24640183644817 c3=3:24640183978515 CH: 10/id10/k0 17/id1/k1 35/id3/k2
FS n=64 fsseq=538811 buf=10 c0=0:24640183644817 c1=1:24640184144348 c2=2:24640183644817 c3=3:24640183978515 CH: 17/id1/k1 35/id3/k2 55/id7/k3
FS n=64 fsseq=538023 buf=3 c0=0:24640201531744 c1=1:24640201531744 c2=2:24640201553775 c3=3:24640201592942 CH: 18/id2/k1 44/id12/k2 59/id11/k3
FS n=64 fsseq=538023 buf=3 c0=0:24640201531744 c1=1:24640201531744 c2=2:24640201553775 c3=3:24640201592942 CH: 3/id3/k0 18/id2/k1
FS n=64 fsseq=538023 buf=3 c0=0:24640201531744 c1=1:24640201531744 c2=2:24640201553775 c3=3:24640201592942 CH:
FS n=64 fsseq=538812 buf=7 c0=0:24640223660442 c1=1:24640224150286 c2=2:24640223665807 c3=3:24640223985546 CH: 7/id7/k0
FS n=64 fsseq=538812 buf=7 c0=0:24640223660442 c1=1:24640224150286 c2=2:24640223665807 c3=3:24640223985546 CH: 7/id7/k0 22/id6/k1 40/id8/k2 56/id8/k3
FS n=64 fsseq=538812 buf=7 c0=0:24640223660442 c1=1:24640224150286 c2=2:24640223665807 c3=3:24640223985546 CH: 7/id7/k0
FS n=64 fsseq=538024 buf=11 c0=0:24640241542838 c1=1:24640241623307 c2=2:24640241591275 c3=3:24640241652786 CH: 11/id11/k0 19/id3/k1 45/id13/k2 57/id9/k3
FS n=64 fsseq=538024 buf=11 c0=0:24640241542838 c1=1:24640241623307 c2=2:24640241591275 c3=3:24640241652786 CH: 57/id9/k3
FS n=64 fsseq=538024 buf=11 c0=0:24640241542838 c1=1:24640241623307 c2=2:24640241591275 c3=3:24640241652786 CH: 11/id11/k0 19/id3/k1 45/id13/k2
FS n=64 fsseq=538813 buf=1 c0=0:24640263636223 c1=1:24640264146588 c2=2:24640263639140 c3=3:24640263986432 CH:
FS n=64 fsseq=538813 buf=1 c0=0:24640263636223 c1=1:24640264146588 c2=2:24640263639140 c3=3:24640263986432 CH:
FS n=64 fsseq=538813 buf=1 c0=0:24640263636223 c1=1:24640264146588 c2=2:24640263639140 c3=3:24640263986432 CH: 1/id1/k0 27/id11/k1 32/id0/k2 48/id0/k3
FS n=64 fsseq=538025 buf=13 c0=0:24640281534296 c1=1:24640281534400 c2=2:24640281563359 c3=3:24640281611119 CH: 13/id13/k0 21/id5/k1 46/id14/k2 60/id12/k3
FS n=64 fsseq=538025 buf=13 c0=0:24640281534296 c1=1:24640281534400 c2=2:24640281563359 c3=3:24640281611119 CH: 46/id14/k2 60/id12/k3
FS n=64 fsseq=538025 buf=13 c0=0:24640281534296 c1=1:24640281534400 c2=2:24640281563359 c3=3:24640281611119 CH:
FS n=64 fsseq=538814 buf=5 c0=0:24640303632265 c1=1:24640304147473 c2=2:24640303635286 c3=3:24640303977786 CH: 5/id5/k0 29/id13/k1 36/id4/k2 52/id4/k3
FS n=64 fsseq=538814 buf=5 c0=0:24640303632265 c1=1:24640304147473 c2=2:24640303635286 c3=3:24640303977786 CH: 5/id5/k0
FS n=64 fsseq=538814 buf=5 c0=0:24640303632265 c1=1:24640304147473 c2=2:24640303635286 c3=3:24640303977786 CH: 29/id13/k1 36/id4/k2 52/id4/k3
FS n=64 fsseq=538026 buf=15 c0=0:24640321570911 c1=1:24640321571067 c2=2:24640321597838 c3=3:24640321649921 CH: 38/id6/k2 62/id14/k3
FS n=64 fsseq=538026 buf=15 c0=0:24640321570911 c1=1:24640321571067 c2=2:24640321597838 c3=3:24640321649921 CH: 15/id15/k0 20/id4/k1
FS n=64 fsseq=538026 buf=15 c0=0:24640321570911 c1=1:24640321571067 c2=2:24640321597838 c3=3:24640321649921 CH: 15/id15/k0 20/id4/k1
FS n=64 fsseq=538815 buf=0 c0=0:24640343637577 c1=1:24640344144921 c2=2:24640343641015 c3=3:24640343976275 CH: 0/id0/k0 24/id8/k1 41/id9/k2 49/id1/k3
FS n=64 fsseq=538815 buf=0 c0=0:24640343637577 c1=1:24640344144921 c2=2:24640343641015 c3=3:24640343976275 CH:
FS n=64 fsseq=538815 buf=0 c0=0:24640343637577 c1=1:24640344144921 c2=2:24640343641015 c3=3:24640343976275 CH:
FS n=64 fsseq=538027 buf=2 c0=0:24640361541640 c1=1:24640361541484 c2=2:24640361593463 c3=3:24640361602994 CH: 2/id2/k0 25/id9/k1 33/id1/k2 54/id6/k3
FS n=64 fsseq=538027 buf=2 c0=0:24640361541640 c1=1:24640361541484 c2=2:24640361593463 c3=3:24640361602994 CH:
FS n=64 fsseq=538027 buf=2 c0=0:24640361541640 c1=1:24640361541484 c2=2:24640361593463 c3=3:24640361602994 CH:
FS n=64 fsseq=538816 buf=4 c0=0:24640383638567 c1=1:24640384151171 c2=2:24640383652630 c3=3:24640383987161 CH: 4/id4/k0 30/id14/k1 39/id7/k2 50/id2/k3
FS n=64 fsseq=538816 buf=4 c0=0:24640383638567 c1=1:24640384151171 c2=2:24640383652630 c3=3:24640383987161 CH:
FS n=64 fsseq=538816 buf=4 c0=0:24640383638567 c1=1:24640384151171 c2=2:24640383652630 c3=3:24640383987161 CH:
FS n=64 fsseq=538028 buf=12 c0=0:24640401536848 c1=1:24640401536848 c2=2:24640401584452 c3=3:24640401595338 CH: 12/id12/k0 26/id10/k1 43/id11/k2 58/id10/k3
FS n=64 fsseq=538028 buf=12 c0=0:24640401536848 c1=1:24640401536848 c2=2:24640401584452 c3=3:24640401595338 CH:
FS n=64 fsseq=538028 buf=12 c0=0:24640401536848 c1=1:24640401536848 c2=2:24640401584452 c3=3:24640401595338 CH:
FS n=64 fsseq=538817 buf=6 c0=0:24640423637630 c1=1:24640424148411 c2=2:24640423645025 c3=3:24640423975650 CH: 6/id6/k0 28/id12/k1 37/id5/k2 51/id3/k3
FS n=64 fsseq=538817 buf=6 c0=0:24640423637630 c1=1:24640424148411 c2=2:24640423645025 c3=3:24640423975650 CH:
FS n=64 fsseq=538817 buf=6 c0=0:24640423637630 c1=1:24640424148411 c2=2:24640423645025 c3=3:24640423975650 CH:
FS n=64 fsseq=538029 buf=14 c0=0:24640441537525 c1=1:24640441540025 c2=2:24640441589296 c3=3:24640441598619 CH: 14/id14/k0 23/id7/k1 47/id15/k2 61/id13/k3
FS n=64 fsseq=538029 buf=14 c0=0:24640441537525 c1=1:24640441540025 c2=2:24640441589296 c3=3:24640441598619 CH:
FS n=64 fsseq=538029 buf=14 c0=0:24640441537525 c1=1:24640441540025 c2=2:24640441589296 c3=3:24640441598619 CH:
FS n=64 fsseq=538818 buf=8 c0=0:24640463641067 c1=1:24640464146796 c2=2:24640463647890 c3=3:24640463976848 CH: 8/id8/k0 31/id15/k1 34/id2/k2 53/id5/k3
FS n=64 fsseq=538818 buf=8 c0=0:24640463641067 c1=1:24640464146796 c2=2:24640463647890 c3=3:24640463976848 CH:
FS n=64 fsseq=538818 buf=8 c0=0:24640463641067 c1=1:24640464146796 c2=2:24640463647890 c3=3:24640463976848 CH:
FS n=64 fsseq=538030 buf=9 c0=0:24640481574452 c1=1:24640481574400 c2=2:24640481628775 c3=3:24640481636067 CH: 9/id9/k0 16/id0/k1 42/id10/k2 63/id15/k3
FS n=64 fsseq=538030 buf=9 c0=0:24640481574452 c1=1:24640481574400 c2=2:24640481628775 c3=3:24640481636067 CH:
FS n=64 fsseq=538030 buf=9 c0=0:24640481574452 c1=1:24640481574400 c2=2:24640481628775 c3=3:24640481636067 CH:
FS n=64 fsseq=538819 buf=10 c0=0:24640503639140 c1=1:24640504149400 c2=2:24640503652369 c3=3:24640503978359 CH: 10/id10/k0 17/id1/k1 35/id3/k2 55/id7/k3
FS n=64 fsseq=538819 buf=10 c0=0:24640503639140 c1=1:24640504149400 c2=2:24640503652369 c3=3:24640503978359 CH:
FS n=64 fsseq=538819 buf=10 c0=0:24640503639140 c1=1:24640504149400 c2=2:24640503652369 c3=3:24640503978359 CH:
FS n=64 fsseq=538031 buf=3 c0=0:24640521541952 c1=1:24640521545286 c2=2:24640521593359 c3=3:24640521602473 CH:
FS n=64 fsseq=538031 buf=3 c0=0:24640521541952 c1=1:24640521545286 c2=2:24640521593359 c3=3:24640521602473 CH:
FS n=64 fsseq=538031 buf=3 c0=0:24640521541952 c1=1:24640521545286 c2=2:24640521593359 c3=3:24640521602473 CH: 3/id3/k0 18/id2/k1 44/id12/k2 59/id11/k3
FS n=64 fsseq=538820 buf=7 c0=0:24640543651900 c1=1:24640544170442 c2=2:24640543659973 c3=3:24640543991432 CH: 7/id7/k0
FS n=64 fsseq=538820 buf=7 c0=0:24640543651900 c1=1:24640544170442 c2=2:24640543659973 c3=3:24640543991432 CH: 7/id7/k0 22/id6/k1 40/id8/k2 56/id8/k3
FS n=64 fsseq=538820 buf=7 c0=0:24640543651900 c1=1:24640544170442 c2=2:24640543659973 c3=3:24640543991432 CH:
FS n=64 fsseq=538032 buf=11 c0=0:24640561544348 c1=1:24640561564452 c2=2:24640561609036 c3=3:24640561614869 CH: 11/id11/k0 19/id3/k1 45/id13/k2 57/id9/k3
FS n=64 fsseq=538032 buf=11 c0=0:24640561544348 c1=1:24640561564452 c2=2:24640561609036 c3=3:24640561614869 CH:
FS n=64 fsseq=538032 buf=11 c0=0:24640561544348 c1=1:24640561564452 c2=2:24640561609036 c3=3:24640561614869 CH:
FS n=64 fsseq=538821 buf=1 c0=0:24640583644817 c1=1:24640584147317 c2=2:24640583665754 c3=3:24640583977994 CH: 1/id1/k0 48/id0/k3
FS n=64 fsseq=538821 buf=1 c0=0:24640583644817 c1=1:24640584147317 c2=2:24640583665754 c3=3:24640583977994 CH: 27/id11/k1 32/id0/k2 48/id0/k3
FS n=64 fsseq=538821 buf=1 c0=0:24640583644817 c1=1:24640584147317 c2=2:24640583665754 c3=3:24640583977994 CH: 48/id0/k3
FS n=64 fsseq=538033 buf=13 c0=0:24640601545182 c1=1:24640601546275 c2=2:24640601595807 c3=3:24640601603307 CH: 13/id13/k0 21/id5/k1 46/id14/k2 60/id12/k3
FS n=64 fsseq=538033 buf=13 c0=0:24640601545182 c1=1:24640601546275 c2=2:24640601595807 c3=3:24640601603307 CH: 60/id12/k3
FS n=64 fsseq=538033 buf=13 c0=0:24640601545182 c1=1:24640601546275 c2=2:24640601595807 c3=3:24640601603307 CH: 60/id12/k3
FS n=64 fsseq=538822 buf=5 c0=0:24640623643202 c1=1:24640624150754 c2=2:24640623646432 c3=3:24640623993775 CH: 5/id5/k0 29/id13/k1 36/id4/k2 52/id4/k3
FS n=64 fsseq=538822 buf=5 c0=0:24640623643202 c1=1:24640624150754 c2=2:24640623646432 c3=3:24640623993775 CH:
FS n=64 fsseq=538822 buf=5 c0=0:24640623643202 c1=1:24640624150754 c2=2:24640623646432 c3=3:24640623993775 CH:
FS n=64 fsseq=538034 buf=15 c0=0:24640641599869 c1=1:24640641647942 c2=2:24640641653723 c3=3:24640641666744 CH: 15/id15/k0 20/id4/k1 38/id6/k2 62/id14/k3
FS n=64 fsseq=538034 buf=15 c0=0:24640641599869 c1=1:24640641647942 c2=2:24640641653723 c3=3:24640641666744 CH:
FS n=64 fsseq=538034 buf=15 c0=0:24640641599869 c1=1:24640641647942 c2=2:24640641653723 c3=3:24640641666744 CH:
FS n=64 fsseq=538823 buf=0 c0=0:24640663648515 c1=1:24640664150598 c2=2:24640663651692 c3=3:24640663980286 CH: 0/id0/k0 24/id8/k1 41/id9/k2 49/id1/k3
FS n=64 fsseq=538823 buf=0 c0=0:24640663648515 c1=1:24640664150598 c2=2:24640663651692 c3=3:24640663980286 CH:
FS n=64 fsseq=538823 buf=0 c0=0:24640663648515 c1=1:24640664150598 c2=2:24640663651692 c3=3:24640663980286 CH:
FS n=64 fsseq=538035 buf=2 c0=0:24640681547681 c1=1:24640681594088 c2=2:24640681568515 c3=3:24640681608775 CH: 2/id2/k0 25/id9/k1 33/id1/k2 54/id6/k3
FS n=64 fsseq=538035 buf=2 c0=0:24640681547681 c1=1:24640681594088 c2=2:24640681568515 c3=3:24640681608775 CH:
FS n=64 fsseq=538035 buf=2 c0=0:24640681547681 c1=1:24640681594088 c2=2:24640681568515 c3=3:24640681608775 CH:
FS n=64 fsseq=538824 buf=4 c0=0:24640703634973 c1=1:24640704155286 c2=2:24640703636171 c3=3:24640703987942 CH: 4/id4/k0 30/id14/k1 39/id7/k2 50/id2/k3
FS n=64 fsseq=538824 buf=4 c0=0:24640703634973 c1=1:24640704155286 c2=2:24640703636171 c3=3:24640703987942 CH:
FS n=64 fsseq=538824 buf=4 c0=0:24640703634973 c1=1:24640704155286 c2=2:24640703636171 c3=3:24640703987942 CH:
FS n=64 fsseq=538036 buf=12 c0=0:24640721541796 c1=1:24640721543984 c2=2:24640721567786 c3=3:24640721610442 CH: 4/id4/k0 12/id12/k0 26/id10/k1 43/id11/k2 58/id10/k3
FS n=64 fsseq=538036 buf=12 c0=0:24640721541796 c1=1:24640721543984 c2=2:24640721567786 c3=3:24640721610442 CH:
FS n=64 fsseq=538036 buf=12 c0=0:24640721541796 c1=1:24640721543984 c2=2:24640721567786 c3=3:24640721610442 CH:
FS n=64 fsseq=538825 buf=6 c0=0:24640743648671 c1=1:24640744151588 c2=2:24640743664244 c3=3:24640743985911 CH: 6/id6/k0 28/id12/k1 37/id5/k2 51/id3/k3
FS n=64 fsseq=538825 buf=6 c0=0:24640743648671 c1=1:24640744151588 c2=2:24640743664244 c3=3:24640743985911 CH:
FS n=64 fsseq=538825 buf=6 c0=0:24640743648671 c1=1:24640744151588 c2=2:24640743664244 c3=3:24640743985911 CH:
FS n=64 fsseq=538037 buf=14 c0=0:24640761538515 c1=1:24640761538515 c2=2:24640761565859 c3=3:24640761597890 CH: 14/id14/k0 23/id7/k1 47/id15/k2 61/id13/k3
FS n=64 fsseq=538037 buf=14 c0=0:24640761538515 c1=1:24640761538515 c2=2:24640761565859 c3=3:24640761597890 CH:
FS n=64 fsseq=538037 buf=14 c0=0:24640761538515 c1=1:24640761538515 c2=2:24640761565859 c3=3:24640761597890 CH:
FS n=64 fsseq=538826 buf=8 c0=0:24640783646952 c1=1:24640784155494 c2=2:24640783646848 c3=3:24640783982734 CH: 8/id8/k0 31/id15/k1 34/id2/k2 53/id5/k3
FS n=64 fsseq=538826 buf=8 c0=0:24640783646952 c1=1:24640784155494 c2=2:24640783646848 c3=3:24640783982734 CH:
FS n=64 fsseq=538826 buf=8 c0=0:24640783646952 c1=1:24640784155494 c2=2:24640783646848 c3=3:24640783982734 CH:
FS n=64 fsseq=538038 buf=9 c0=0:24640801559973 c1=1:24640801559817 c2=2:24640801586692 c3=3:24640801644713 CH: 9/id9/k0 16/id0/k1 42/id10/k2 63/id15/k3
FS n=64 fsseq=538038 buf=9 c0=0:24640801559973 c1=1:24640801559817 c2=2:24640801586692 c3=3:24640801644713 CH:
FS n=64 fsseq=538038 buf=9 c0=0:24640801559973 c1=1:24640801559817 c2=2:24640801586692 c3=3:24640801644713 CH:
FS n=64 fsseq=538827 buf=10 c0=0:24640823670234 c1=1:24640824154609 c2=2:24640823687161 c3=3:24640823983879 CH: 10/id10/k0 17/id1/k1 35/id3/k2 55/id7/k3
FS n=64 fsseq=538827 buf=10 c0=0:24640823670234 c1=1:24640824154609 c2=2:24640823687161 c3=3:24640823983879 CH:
FS n=64 fsseq=538827 buf=10 c0=0:24640823670234 c1=1:24640824154609 c2=2:24640823687161 c3=3:24640823983879 CH:
FS n=64 fsseq=538039 buf=3 c0=0:24640841548827 c1=1:24640841551952 c2=2:24640841610181 c3=3:24640841618567 CH: 3/id3/k0 18/id2/k1 44/id12/k2 59/id11/k3
FS n=64 fsseq=538039 buf=3 c0=0:24640841548827 c1=1:24640841551952 c2=2:24640841610181 c3=3:24640841618567 CH:
FS n=64 fsseq=538039 buf=3 c0=0:24640841548827 c1=1:24640841551952 c2=2:24640841610181 c3=3:24640841618567 CH:
FS n=64 fsseq=538828 buf=7 c0=0:24640863650494 c1=1:24640864163515 c2=2:24640863661327 c3=3:24640863987213 CH: 7/id7/k0 22/id6/k1 40/id8/k2 56/id8/k3
FS n=64 fsseq=538828 buf=7 c0=0:24640863650494 c1=1:24640864163515 c2=2:24640863661327 c3=3:24640863987213 CH:
FS n=64 fsseq=538828 buf=7 c0=0:24640863650494 c1=1:24640864163515 c2=2:24640863661327 c3=3:24640863987213 CH:
FS n=64 fsseq=538040 buf=11 c0=0:24640881548723 c1=1:24640881548723 c2=2:24640881598879 c3=3:24640881607994 CH: 11/id11/k0 19/id3/k1 45/id13/k2 57/id9/k3
FS n=64 fsseq=538040 buf=11 c0=0:24640881548723 c1=1:24640881548723 c2=2:24640881598879 c3=3:24640881607994 CH: 45/id13/k2 57/id9/k3
FS n=64 fsseq=538040 buf=11 c0=0:24640881548723 c1=1:24640881548723 c2=2:24640881598879 c3=3:24640881607994 CH:
FS n=64 fsseq=538829 buf=1 c0=0:24640903643931 c1=1:24640904155390 c2=2:24640903657525 c3=3:24640903981536 CH: 1/id1/k0 27/id11/k1 32/id0/k2
FS n=64 fsseq=538829 buf=1 c0=0:24640903643931 c1=1:24640904155390 c2=2:24640903657525 c3=3:24640903981536 CH: 27/id11/k1 32/id0/k2 48/id0/k3
FS n=64 fsseq=538829 buf=1 c0=0:24640903643931 c1=1:24640904155390 c2=2:24640903657525 c3=3:24640903981536 CH:
FS n=64 fsseq=538041 buf=13 c0=0:24640921547473 c1=1:24640921561223 c2=2:24640921626431 c3=3:24640921612213 CH: 13/id13/k0 21/id5/k1 46/id14/k2 60/id12/k3
FS n=64 fsseq=538041 buf=13 c0=0:24640921547473 c1=1:24640921561223 c2=2:24640921626431 c3=3:24640921612213 CH:
FS n=64 fsseq=538041 buf=13 c0=0:24640921547473 c1=1:24640921561223 c2=2:24640921626431 c3=3:24640921612213 CH:
FS n=64 fsseq=538830 buf=5 c0=0:24640943649244 c1=1:24640944152942 c2=2:24640943663046 c3=3:24640943987733 CH: 5/id5/k0 29/id13/k1 36/id4/k2 52/id4/k3
FS n=64 fsseq=538830 buf=5 c0=0:24640943649244 c1=1:24640944152942 c2=2:24640943663046 c3=3:24640943987733 CH:
FS n=64 fsseq=538830 buf=5 c0=0:24640943649244 c1=1:24640944152942 c2=2:24640943663046 c3=3:24640943987733 CH:
FS n=64 fsseq=538042 buf=15 c0=0:24640961560077 c1=1:24640961560077 c2=2:24640961577733 c3=3:24640961626588 CH: 15/id15/k0 38/id6/k2 62/id14/k3
FS n=64 fsseq=538042 buf=15 c0=0:24640961560077 c1=1:24640961560077 c2=2:24640961577733 c3=3:24640961626588 CH:
FS n=64 fsseq=538042 buf=15 c0=0:24640961560077 c1=1:24640961560077 c2=2:24640961577733 c3=3:24640961626588 CH: 20/id4/k1
FS n=64 fsseq=538831 buf=0 c0=0:24640983650806 c1=1:24640984161900 c2=2:24640983655650 c3=3:24640983984713 CH: 24/id8/k1 41/id9/k2 49/id1/k3
FS n=64 fsseq=538831 buf=0 c0=0:24640983650806 c1=1:24640984161900 c2=2:24640983655650 c3=3:24640983984713 CH: 0/id0/k0
FS n=64 fsseq=538831 buf=0 c0=0:24640983650806 c1=1:24640984161900 c2=2:24640983655650 c3=3:24640983984713 CH:
FS n=64 fsseq=538043 buf=2 c0=0:24641001554296 c1=1:24641001554348 c2=2:24641001573463 c3=3:24641001598931 CH: 2/id2/k0 25/id9/k1 33/id1/k2 54/id6/k3
FS n=64 fsseq=538043 buf=2 c0=0:24641001554296 c1=1:24641001554348 c2=2:24641001573463 c3=3:24641001598931 CH: 2/id2/k0 25/id9/k1 54/id6/k3
FS n=64 fsseq=538043 buf=2 c0=0:24641001554296 c1=1:24641001554348 c2=2:24641001573463 c3=3:24641001598931 CH:
FS n=64 fsseq=538832 buf=4 c0=0:24641023639973 c1=1:24641024163723 c2=2:24641023649036 c3=3:24641023988931 CH:
FS n=64 fsseq=538832 buf=4 c0=0:24641023639973 c1=1:24641024163723 c2=2:24641023649036 c3=3:24641023988931 CH:
FS n=64 fsseq=538832 buf=4 c0=0:24641023639973 c1=1:24641024163723 c2=2:24641023649036 c3=3:24641023988931 CH: 4/id4/k0 30/id14/k1 39/id7/k2 50/id2/k3
FS n=64 fsseq=538044 buf=12 c0=0:24641041550390 c1=1:24641041550963 c2=2:24641041607525 c3=3:24641041616015 CH: 12/id12/k0 26/id10/k1 43/id11/k2 58/id10/k3
FS n=64 fsseq=538044 buf=12 c0=0:24641041550390 c1=1:24641041550963 c2=2:24641041607525 c3=3:24641041616015 CH: 43/id11/k2 58/id10/k3
FS n=64 fsseq=538044 buf=12 c0=0:24641041550390 c1=1:24641041550963 c2=2:24641041607525 c3=3:24641041616015 CH:
FS n=64 fsseq=538833 buf=6 c0=0:24641063658567 c1=1:24641064158567 c2=2:24641063668254 c3=3:24641063988775 CH: 28/id12/k1 37/id5/k2 51/id3/k3
FS n=64 fsseq=538833 buf=6 c0=0:24641063658567 c1=1:24641064158567 c2=2:24641063668254 c3=3:24641063988775 CH:
FS n=64 fsseq=538833 buf=6 c0=0:24641063658567 c1=1:24641064158567 c2=2:24641063668254 c3=3:24641063988775 CH:
FS n=64 fsseq=538045 buf=14 c0=0:24641081541588 c1=1:24641081541744 c2=2:24641081569556 c3=3:24641081613931 CH: 6/id6/k0 14/id14/k0 23/id7/k1 47/id15/k2 61/id13/k3
FS n=64 fsseq=538045 buf=14 c0=0:24641081541588 c1=1:24641081541744 c2=2:24641081569556 c3=3:24641081613931 CH:
FS n=64 fsseq=538045 buf=14 c0=0:24641081541588 c1=1:24641081541744 c2=2:24641081569556 c3=3:24641081613931 CH:
FS n=64 fsseq=538834 buf=8 c0=0:24641103650338 c1=1:24641104159035 c2=2:24641103653410 c3=3:24641103989556 CH: 8/id8/k0 31/id15/k1 34/id2/k2 53/id5/k3
FS n=64 fsseq=538834 buf=8 c0=0:24641103650338 c1=1:24641104159035 c2=2:24641103653410 c3=3:24641103989556 CH:
FS n=64 fsseq=538834 buf=8 c0=0:24641103650338 c1=1:24641104159035 c2=2:24641103653410 c3=3:24641103989556 CH:
FS n=64 fsseq=538046 buf=9 c0=0:24641121543671 c1=1:24641121543671 c2=2:24641121568879 c3=3:24641121606796 CH: 9/id9/k0 16/id0/k1 42/id10/k2 63/id15/k3
FS n=64 fsseq=538046 buf=9 c0=0:24641121543671 c1=1:24641121543671 c2=2:24641121568879 c3=3:24641121606796 CH: 16/id0/k1
FS n=64 fsseq=538046 buf=9 c0=0:24641121543671 c1=1:24641121543671 c2=2:24641121568879 c3=3:24641121606796 CH:
FS n=64 fsseq=538835 buf=10 c0=0:24641143669140 c1=1:24641144156900 c2=2:24641143674296 c3=3:24641143993567 CH: 6/id6/k0 10/id10/k0 17/id1/k1 35/id3/k2 55/id7/k3
FS n=64 fsseq=538835 buf=10 c0=0:24641143669140 c1=1:24641144156900 c2=2:24641143674296 c3=3:24641143993567 CH: 6/id6/k0 10/id10/k0 17/id1/k1 35/id3/k2 55/id7/k3
FS n=64 fsseq=538835 buf=10 c0=0:24641143669140 c1=1:24641144156900 c2=2:24641143674296 c3=3:24641143993567 CH:
FS n=64 fsseq=538047 buf=3 c0=0:24641161546119 c1=1:24641161546379 c2=2:24641161626535 c3=3:24641161595598 CH: 3/id3/k0 44/id12/k2
FS n=64 fsseq=538047 buf=3 c0=0:24641161546119 c1=1:24641161546379 c2=2:24641161626535 c3=3:24641161595598 CH: 18/id2/k1 44/id12/k2
FS n=64 fsseq=538047 buf=3 c0=0:24641161546119 c1=1:24641161546379 c2=2:24641161626535 c3=3:24641161595598 CH: 3/id3/k0 18/id2/k1
FS n=64 fsseq=538836 buf=7 c0=0:24641183652525 c1=1:24641184152004 c2=2:24641183666327 c3=3:24641183986588 CH: 7/id7/k0 22/id6/k1 40/id8/k2 56/id8/k3
FS n=64 fsseq=538836 buf=7 c0=0:24641183652525 c1=1:24641184152004 c2=2:24641183666327 c3=3:24641183986588 CH:
FS n=64 fsseq=538836 buf=7 c0=0:24641183652525 c1=1:24641184152004 c2=2:24641183666327 c3=3:24641183986588 CH:
FS n=64 fsseq=538048 buf=11 c0=0:24641201549921 c1=1:24641201549973 c2=2:24641201603306 c3=3:24641201623358 CH: 3/id3/k0 11/id11/k0 19/id3/k1 45/id13/k2 57/id9/k3 63/id15/k3
FS n=64 fsseq=538048 buf=11 c0=0:24641201549921 c1=1:24641201549973 c2=2:24641201603306 c3=3:24641201623358 CH:
FS n=64 fsseq=538048 buf=11 c0=0:24641201549921 c1=1:24641201549973 c2=2:24641201603306 c3=3:24641201623358 CH:
FS n=64 fsseq=538837 buf=1 c0=0:24641223649869 c1=1:24641224163619 c2=2:24641223664452 c3=3:24641223988046 CH: 1/id1/k0 27/id11/k1 32/id0/k2 48/id0/k3
FS n=64 fsseq=538837 buf=1 c0=0:24641223649869 c1=1:24641224163619 c2=2:24641223664452 c3=3:24641223988046 CH:
FS n=64 fsseq=538837 buf=1 c0=0:24641223649869 c1=1:24641224163619 c2=2:24641223664452 c3=3:24641223988046 CH:
FS n=64 fsseq=538049 buf=13 c0=0:24641241617629 c1=1:24641241603410 c2=2:24641241700650 c3=3:24641241686223 CH: 13/id13/k0 21/id5/k1 46/id14/k2 59/id11/k3 60/id12/k3
FS n=64 fsseq=538049 buf=13 c0=0:24641241617629 c1=1:24641241603410 c2=2:24641241700650 c3=3:24641241686223 CH: 60/id12/k3
FS n=64 fsseq=538049 buf=13 c0=0:24641241617629 c1=1:24641241603410 c2=2:24641241700650 c3=3:24641241686223 CH:
FS n=64 fsseq=538838 buf=5 c0=0:24641263648827 c1=1:24641264152369 c2=2:24641263654296 c3=3:24641263988931 CH: 5/id5/k0 29/id13/k1 36/id4/k2 52/id4/k3
FS n=64 fsseq=538838 buf=5 c0=0:24641263648827 c1=1:24641264152369 c2=2:24641263654296 c3=3:24641263988931 CH:
FS n=64 fsseq=538838 buf=5 c0=0:24641263648827 c1=1:24641264152369 c2=2:24641263654296 c3=3:24641263988931 CH:
FS n=64 fsseq=538050 buf=15 c0=0:24641281555025 c1=1:24641281558515 c2=2:24641281604921 c3=3:24641281639088 CH: 15/id15/k0 20/id4/k1 38/id6/k2 62/id14/k3
FS n=64 fsseq=538050 buf=15 c0=0:24641281555025 c1=1:24641281558515 c2=2:24641281604921 c3=3:24641281639088 CH:
FS n=64 fsseq=538050 buf=15 c0=0:24641281555025 c1=1:24641281558515 c2=2:24641281604921 c3=3:24641281639088 CH:
FS n=64 fsseq=538839 buf=0 c0=0:24641303666119 c1=1:24641304158931 c2=2:24641303680181 c3=3:24641303993358 CH: 0/id0/k0 24/id8/k1 41/id9/k2 49/id1/k3
FS n=64 fsseq=538839 buf=0 c0=0:24641303666119 c1=1:24641304158931 c2=2:24641303680181 c3=3:24641303993358 CH:
FS n=64 fsseq=538839 buf=0 c0=0:24641303666119 c1=1:24641304158931 c2=2:24641303680181 c3=3:24641303993358 CH:
FS n=64 fsseq=538051 buf=2 c0=0:24641321558046 c1=1:24641321648671 c2=2:24641321607108 c3=3:24641321642890 CH: 2/id2/k0 25/id9/k1 33/id1/k2 54/id6/k3
FS n=64 fsseq=538051 buf=2 c0=0:24641321558046 c1=1:24641321648671 c2=2:24641321607108 c3=3:24641321642890 CH:
FS n=64 fsseq=538051 buf=2 c0=0:24641321558046 c1=1:24641321648671 c2=2:24641321607108 c3=3:24641321642890 CH:
FS n=64 fsseq=538840 buf=4 c0=0:24641343651223 c1=1:24641344162733 c2=2:24641343667681 c3=3:24641343997785 CH: 4/id4/k0 30/id14/k1 39/id7/k2
FS n=64 fsseq=538840 buf=4 c0=0:24641343651223 c1=1:24641344162733 c2=2:24641343667681 c3=3:24641343997785 CH:
FS n=64 fsseq=538840 buf=4 c0=0:24641343651223 c1=1:24641344162733 c2=2:24641343667681 c3=3:24641343997785 CH: 39/id7/k2 50/id2/k3
FS n=64 fsseq=538052 buf=12 c0=0:24641361568202 c1=1:24641361629192 c2=2:24641361606275 c3=3:24641361629192 CH: 12/id12/k0 26/id10/k1 43/id11/k2 58/id10/k3
FS n=64 fsseq=538052 buf=12 c0=0:24641361568202 c1=1:24641361629192 c2=2:24641361606275 c3=3:24641361629192 CH:
FS n=64 fsseq=538052 buf=12 c0=0:24641361568202 c1=1:24641361629192 c2=2:24641361606275 c3=3:24641361629192 CH: 12/id12/k0 26/id10/k1 43/id11/k2 58/id10/k3
FS n=64 fsseq=538841 buf=6 c0=0:24641383659452 c1=1:24641384160025 c2=2:24641383660077 c3=3:24641383985337 CH: 28/id12/k1 37/id5/k2 51/id3/k3
FS n=64 fsseq=538841 buf=6 c0=0:24641383659452 c1=1:24641384160025 c2=2:24641383660077 c3=3:24641383985337 CH: 6/id6/k0
FS n=64 fsseq=538841 buf=6 c0=0:24641383659452 c1=1:24641384160025 c2=2:24641383660077 c3=3:24641383985337 CH:
FS n=64 fsseq=538053 buf=14 c0=0:24641401551015 c1=1:24641401552056 c2=2:24641401603098 c3=3:24641401620598 CH: 14/id14/k0 23/id7/k1 47/id15/k2 61/id13/k3
FS n=64 fsseq=538053 buf=14 c0=0:24641401551015 c1=1:24641401552056 c2=2:24641401603098 c3=3:24641401620598 CH:
FS n=64 fsseq=538053 buf=14 c0=0:24641401551015 c1=1:24641401552056 c2=2:24641401603098 c3=3:24641401620598 CH: 6/id6/k0
FS n=64 fsseq=538842 buf=8 c0=0:24641423649765 c1=1:24641424160650 c2=2:24641423656483 c3=3:24641423990806 CH: 8/id8/k0
FS n=64 fsseq=538842 buf=8 c0=0:24641423649765 c1=1:24641424160650 c2=2:24641423656483 c3=3:24641423990806 CH:
FS n=64 fsseq=538842 buf=8 c0=0:24641423649765 c1=1:24641424160650 c2=2:24641423656483 c3=3:24641423990806 CH: 31/id15/k1 34/id2/k2 53/id5/k3
FS n=64 fsseq=538054 buf=9 c0=0:24641441577004 c1=1:24641441577004 c2=2:24641441599348 c3=3:24641441636796 CH: 42/id10/k2 61/id13/k3 63/id15/k3
FS n=64 fsseq=538054 buf=9 c0=0:24641441577004 c1=1:24641441577004 c2=2:24641441599348 c3=3:24641441636796 CH: 16/id0/k1
FS n=64 fsseq=538054 buf=9 c0=0:24641441577004 c1=1:24641441577004 c2=2:24641441599348 c3=3:24641441636796 CH: 9/id9/k0 16/id0/k1
FS n=64 fsseq=538843 buf=10 c0=0:24641463673671 c1=1:24641464181119 c2=2:24641463673619 c3=3:24641464006015 CH: 35/id3/k2 55/id7/k3
FS n=64 fsseq=538843 buf=10 c0=0:24641463673671 c1=1:24641464181119 c2=2:24641463673619 c3=3:24641464006015 CH: 10/id10/k0 17/id1/k1 35/id3/k2
FS n=64 fsseq=538843 buf=10 c0=0:24641463673671 c1=1:24641464181119 c2=2:24641463673619 c3=3:24641464006015 CH: 10/id10/k0 17/id1/k1 35/id3/k2
FS n=64 fsseq=538055 buf=3 c0=0:24641481557733 c1=1:24641481557369 c2=2:24641481578462 c3=3:24641481620650 CH: 3/id3/k0 18/id2/k1
FS n=64 fsseq=538055 buf=3 c0=0:24641481557733 c1=1:24641481557369 c2=2:24641481578462 c3=3:24641481620650 CH: 44/id12/k2 59/id11/k3
FS n=64 fsseq=538055 buf=3 c0=0:24641481557733 c1=1:24641481557369 c2=2:24641481578462 c3=3:24641481620650 CH:
FS n=64 fsseq=538844 buf=7 c0=0:24641503675390 c1=1:24641504160806 c2=2:24641503675494 c3=3:24641503998671 CH:
FS n=64 fsseq=538844 buf=7 c0=0:24641503675390 c1=1:24641504160806 c2=2:24641503675494 c3=3:24641503998671 CH: 40/id8/k2 56/id8/k3 63/id15/k3
FS n=64 fsseq=538844 buf=7 c0=0:24641503675390 c1=1:24641504160806 c2=2:24641503675494 c3=3:24641503998671 CH: 7/id7/k0 22/id6/k1 40/id8/k2 56/id8/k3 63/id15/k3
FS n=64 fsseq=538056 buf=11 c0=0:24641521554973 c1=1:24641521556483 c2=2:24641521580494 c3=3:24641521626796 CH: 45/id13/k2 57/id9/k3
FS n=64 fsseq=538056 buf=11 c0=0:24641521554973 c1=1:24641521556483 c2=2:24641521580494 c3=3:24641521626796 CH: 11/id11/k0 19/id3/k1 45/id13/k2 57/id9/k3
FS n=64 fsseq=538056 buf=11 c0=0:24641521554973 c1=1:24641521556483 c2=2:24641521580494 c3=3:24641521626796 CH:
FS n=64 fsseq=538845 buf=1 c0=0:24641543651587 c1=1:24641544162629 c2=2:24641543657733 c3=3:24641543990858 CH:
FS n=64 fsseq=538845 buf=1 c0=0:24641543651587 c1=1:24641544162629 c2=2:24641543657733 c3=3:24641543990858 CH: 1/id1/k0 27/id11/k1 32/id0/k2 48/id0/k3
FS n=64 fsseq=538845 buf=1 c0=0:24641543651587 c1=1:24641544162629 c2=2:24641543657733 c3=3:24641543990858 CH:
FS n=64 fsseq=538057 buf=13 c0=0:24641561608723 c1=1:24641561598202 c2=2:24641561602733 c3=3:24641561660754 CH: 13/id13/k0 21/id5/k1 46/id14/k2 60/id12/k3
FS n=64 fsseq=538057 buf=13 c0=0:24641561608723 c1=1:24641561598202 c2=2:24641561602733 c3=3:24641561660754 CH: 13/id13/k0 46/id14/k2 60/id12/k3
FS n=64 fsseq=538057 buf=13 c0=0:24641561608723 c1=1:24641561598202 c2=2:24641561602733 c3=3:24641561660754 CH: 21/id5/k1
FS n=64 fsseq=538846 buf=5 c0=0:24641583672108 c1=1:24641584166483 c2=2:24641583672212 c3=3:24641583991483 CH: 29/id13/k1
FS n=64 fsseq=538846 buf=5 c0=0:24641583672108 c1=1:24641584166483 c2=2:24641583672212 c3=3:24641583991483 CH: 5/id5/k0 29/id13/k1 36/id4/k2 52/id4/k3
FS n=64 fsseq=538846 buf=5 c0=0:24641583672108 c1=1:24641584166483 c2=2:24641583672212 c3=3:24641583991483 CH:
FS n=64 fsseq=538058 buf=15 c0=0:24641601559192 c1=1:24641601564244 c2=2:24641601614869 c3=3:24641601627681 CH: 15/id15/k0 20/id4/k1 38/id6/k2 62/id14/k3
FS n=64 fsseq=538058 buf=15 c0=0:24641601559192 c1=1:24641601564244 c2=2:24641601614869 c3=3:24641601627681 CH:
FS n=64 fsseq=538058 buf=15 c0=0:24641601559192 c1=1:24641601564244 c2=2:24641601614869 c3=3:24641601627681 CH:
FS n=64 fsseq=538847 buf=0 c0=0:24641623676744 c1=1:24641624166692 c2=2:24641623680494 c3=3:24641624002108 CH: 0/id0/k0 24/id8/k1 41/id9/k2 49/id1/k3
FS n=64 fsseq=538847 buf=0 c0=0:24641623676744 c1=1:24641624166692 c2=2:24641623680494 c3=3:24641624002108 CH:
FS n=64 fsseq=538847 buf=0 c0=0:24641623676744 c1=1:24641624166692 c2=2:24641623680494 c3=3:24641624002108 CH:
FS n=64 fsseq=538059 buf=2 c0=0:24641641557212 c1=1:24641641557264 c2=2:24641641618098 c3=3:24641641626587 CH: 33/id1/k2 54/id6/k3
FS n=64 fsseq=538059 buf=2 c0=0:24641641557212 c1=1:24641641557264 c2=2:24641641618098 c3=3:24641641626587 CH: 2/id2/k0 25/id9/k1 54/id6/k3
FS n=64 fsseq=538059 buf=2 c0=0:24641641557212 c1=1:24641641557264 c2=2:24641641618098 c3=3:24641641626587 CH: 54/id6/k3
FS n=64 fsseq=538848 buf=4 c0=0:24641663658931 c1=1:24641664163827 c2=2:24641663660025 c3=3:24641663995494 CH:
FS n=64 fsseq=538848 buf=4 c0=0:24641663658931 c1=1:24641664163827 c2=2:24641663660025 c3=3:24641663995494 CH: 4/id4/k0 30/id14/k1 39/id7/k2 50/id2/k3
FS n=64 fsseq=538848 buf=4 c0=0:24641663658931 c1=1:24641664163827 c2=2:24641663660025 c3=3:24641663995494 CH:
FS n=64 fsseq=538060 buf=12 c0=0:24641681555389 c1=1:24641681558410 c2=2:24641681586431 c3=3:24641681609400 CH: 12/id12/k0 26/id10/k1 43/id11/k2 58/id10/k3
FS n=64 fsseq=538060 buf=12 c0=0:24641681555389 c1=1:24641681558410 c2=2:24641681586431 c3=3:24641681609400 CH: 12/id12/k0 26/id10/k1 43/id11/k2
FS n=64 fsseq=538060 buf=12 c0=0:24641681555389 c1=1:24641681558410 c2=2:24641681586431 c3=3:24641681609400 CH:
FS n=64 fsseq=538849 buf=6 c0=0:24641703659556 c1=1:24641704168150 c2=2:24641703673358 c3=3:24641703995389 CH: 6/id6/k0 28/id12/k1 37/id5/k2 51/id3/k3
FS n=64 fsseq=538849 buf=6 c0=0:24641703659556 c1=1:24641704168150 c2=2:24641703673358 c3=3:24641703995389 CH:
FS n=64 fsseq=538849 buf=6 c0=0:24641703659556 c1=1:24641704168150 c2=2:24641703673358 c3=3:24641703995389 CH:
FS n=64 fsseq=538061 buf=14 c0=0:24641721579452 c1=1:24641721632629 c2=2:24641721647004 c3=3:24641721657004 CH: 14/id14/k0 23/id7/k1 47/id15/k2
FS n=64 fsseq=538061 buf=14 c0=0:24641721579452 c1=1:24641721632629 c2=2:24641721647004 c3=3:24641721657004 CH: 14/id14/k0 23/id7/k1 61/id13/k3
FS n=64 fsseq=538061 buf=14 c0=0:24641721579452 c1=1:24641721632629 c2=2:24641721647004 c3=3:24641721657004 CH: 47/id15/k2 61/id13/k3
FS n=64 fsseq=538850 buf=8 c0=0:24641743677160 c1=1:24641744163254 c2=2:24641743677473 c3=3:24641743997369 CH: 8/id8/k0 31/id15/k1 34/id2/k2 53/id5/k3
FS n=64 fsseq=538850 buf=8 c0=0:24641743677160 c1=1:24641744163254 c2=2:24641743677473 c3=3:24641743997369 CH: 31/id15/k1 34/id2/k2
FS n=64 fsseq=538850 buf=8 c0=0:24641743677160 c1=1:24641744163254 c2=2:24641743677473 c3=3:24641743997369 CH: 8/id8/k0 31/id15/k1 34/id2/k2 53/id5/k3
FS n=64 fsseq=538062 buf=9 c0=0:24641761558306 c1=1:24641761560962 c2=2:24641761584608 c3=3:24641761635806 CH: 9/id9/k0 16/id0/k1 42/id10/k2 63/id15/k3
FS n=64 fsseq=538062 buf=9 c0=0:24641761558306 c1=1:24641761560962 c2=2:24641761584608 c3=3:24641761635806 CH:
FS n=64 fsseq=538062 buf=9 c0=0:24641761558306 c1=1:24641761560962 c2=2:24641761584608 c3=3:24641761635806 CH:
FS n=64 fsseq=538851 buf=10 c0=0:24641783688254 c1=1:24641784176275 c2=2:24641783688358 c3=3:24641784005806 CH: 10/id10/k0 17/id1/k1 35/id3/k2 55/id7/k3
FS n=64 fsseq=538851 buf=10 c0=0:24641783688254 c1=1:24641784176275 c2=2:24641783688358 c3=3:24641784005806 CH:
FS n=64 fsseq=538851 buf=10 c0=0:24641783688254 c1=1:24641784176275 c2=2:24641783688358 c3=3:24641784005806 CH:
FS n=64 fsseq=538063 buf=3 c0=0:24641801554608 c1=1:24641801554660 c2=2:24641801577316 c3=3:24641801616275 CH: 3/id3/k0 18/id2/k1 44/id12/k2 59/id11/k3
FS n=64 fsseq=538063 buf=3 c0=0:24641801554608 c1=1:24641801554660 c2=2:24641801577316 c3=3:24641801616275 CH:
FS n=64 fsseq=538063 buf=3 c0=0:24641801554608 c1=1:24641801554660 c2=2:24641801577316 c3=3:24641801616275 CH:
FS n=64 fsseq=538852 buf=7 c0=0:24641823661952 c1=1:24641824167316 c2=2:24641823663254 c3=3:24641823998358 CH: 7/id7/k0 22/id6/k1 40/id8/k2 56/id8/k3
FS n=64 fsseq=538852 buf=7 c0=0:24641823661952 c1=1:24641824167316 c2=2:24641823663254 c3=3:24641823998358 CH:
FS n=64 fsseq=538852 buf=7 c0=0:24641823661952 c1=1:24641824167316 c2=2:24641823663254 c3=3:24641823998358 CH:
FS n=64 fsseq=538064 buf=11 c0=0:24641841558046 c1=1:24641841558254 c2=2:24641841580754 c3=3:24641841620337 CH: 11/id11/k0 19/id3/k1 45/id13/k2 57/id9/k3
FS n=64 fsseq=538064 buf=11 c0=0:24641841558046 c1=1:24641841558254 c2=2:24641841580754 c3=3:24641841620337 CH:
FS n=64 fsseq=538064 buf=11 c0=0:24641841558046 c1=1:24641841558254 c2=2:24641841580754 c3=3:24641841620337 CH:
FS n=64 fsseq=538853 buf=1 c0=0:24641863661639 c1=1:24641864167421 c2=2:24641863667264 c3=3:24641863998879 CH: 1/id1/k0 27/id11/k1 32/id0/k2 48/id0/k3
FS n=64 fsseq=538853 buf=1 c0=0:24641863661639 c1=1:24641864167421 c2=2:24641863667264 c3=3:24641863998879 CH:
FS n=64 fsseq=538853 buf=1 c0=0:24641863661639 c1=1:24641864167421 c2=2:24641863667264 c3=3:24641863998879 CH:
FS n=64 fsseq=538065 buf=13 c0=0:24641881586431 c1=1:24641881586119 c2=2:24641881610494 c3=3:24641881661848 CH: 13/id13/k0 21/id5/k1 46/id14/k2 60/id12/k3
FS n=64 fsseq=538065 buf=13 c0=0:24641881586431 c1=1:24641881586119 c2=2:24641881610494 c3=3:24641881661848 CH:
FS n=64 fsseq=538065 buf=13 c0=0:24641881586431 c1=1:24641881586119 c2=2:24641881610494 c3=3:24641881661848 CH:
FS n=64 fsseq=538854 buf=5 c0=0:24641903667369 c1=1:24641904179712 c2=2:24641903670806 c3=3:24641904003358 CH: 5/id5/k0 29/id13/k1 36/id4/k2 52/id4/k3
FS n=64 fsseq=538854 buf=5 c0=0:24641903667369 c1=1:24641904179712 c2=2:24641903670806 c3=3:24641904003358 CH:
FS n=64 fsseq=538854 buf=5 c0=0:24641903667369 c1=1:24641904179712 c2=2:24641903670806 c3=3:24641904003358 CH:
FS n=64 fsseq=538066 buf=15 c0=0:24641921564712 c1=1:24641921568827 c2=2:24641921625389 c3=3:24641921637681 CH: 62/id14/k3
FS n=64 fsseq=538066 buf=15 c0=0:24641921564712 c1=1:24641921568827 c2=2:24641921625389 c3=3:24641921637681 CH:
FS n=64 fsseq=538066 buf=15 c0=0:24641921564712 c1=1:24641921568827 c2=2:24641921625389 c3=3:24641921637681 CH: 5/id5/k0 15/id15/k0 20/id4/k1 38/id6/k2
FS n=64 fsseq=538855 buf=0 c0=0:24641943668723 c1=1:24641944181900 c2=2:24641943673671 c3=3:24641944000910 CH: 41/id9/k2 49/id1/k3
FS n=64 fsseq=538855 buf=0 c0=0:24641943668723 c1=1:24641944181900 c2=2:24641943673671 c3=3:24641944000910 CH: 0/id0/k0 24/id8/k1 41/id9/k2 49/id1/k3
FS n=64 fsseq=538855 buf=0 c0=0:24641943668723 c1=1:24641944181900 c2=2:24641943673671 c3=3:24641944000910 CH: 0/id0/k0 41/id9/k2
FS n=64 fsseq=538067 buf=2 c0=0:24641961586900 c1=1:24641961631483 c2=2:24641961658462 c3=3:24641961662108 CH: 2/id2/k0 25/id9/k1 33/id1/k2 54/id6/k3
FS n=64 fsseq=538067 buf=2 c0=0:24641961586900 c1=1:24641961631483 c2=2:24641961658462 c3=3:24641961662108 CH:
FS n=64 fsseq=538067 buf=2 c0=0:24641961586900 c1=1:24641961631483 c2=2:24641961658462 c3=3:24641961662108 CH:
FS n=64 fsseq=538856 buf=4 c0=0:24641983661691 c1=1:24641984169973 c2=2:24641983662889 c3=3:24641983995025 CH: 4/id4/k0 30/id14/k1 39/id7/k2 50/id2/k3
FS n=64 fsseq=538856 buf=4 c0=0:24641983661691 c1=1:24641984169973 c2=2:24641983662889 c3=3:24641983995025 CH:
FS n=64 fsseq=538856 buf=4 c0=0:24641983661691 c1=1:24641984169973 c2=2:24641983662889 c3=3:24641983995025 CH:
FS n=64 fsseq=538068 buf=12 c0=0:24642001567681 c1=1:24642001620441 c2=2:24642001590441 c3=3:24642001629660 CH: 12/id12/k0 26/id10/k1 43/id11/k2 58/id10/k3
FS n=64 fsseq=538068 buf=12 c0=0:24642001567681 c1=1:24642001620441 c2=2:24642001590441 c3=3:24642001629660 CH:
FS n=64 fsseq=538068 buf=12 c0=0:24642001567681 c1=1:24642001620441 c2=2:24642001590441 c3=3:24642001629660 CH:
FS n=64 fsseq=538857 buf=6 c0=0:24642023662368 c1=1:24642024171796 c2=2:24642023665754 c3=3:24642024003150 CH: 6/id6/k0 28/id12/k1 37/id5/k2 51/id3/k3
FS n=64 fsseq=538857 buf=6 c0=0:24642023662368 c1=1:24642024171796 c2=2:24642023665754 c3=3:24642024003150 CH:
FS n=64 fsseq=538857 buf=6 c0=0:24642023662368 c1=1:24642024171796 c2=2:24642023665754 c3=3:24642024003150 CH:
FS n=64 fsseq=538069 buf=14 c0=0:24642041576900 c1=1:24642041580493 c2=2:24642041607421 c3=3:24642041662212 CH: 14/id14/k0 23/id7/k1
FS n=64 fsseq=538069 buf=14 c0=0:24642041576900 c1=1:24642041580493 c2=2:24642041607421 c3=3:24642041662212 CH:
FS n=64 fsseq=538069 buf=14 c0=0:24642041576900 c1=1:24642041580493 c2=2:24642041607421 c3=3:24642041662212 CH: 47/id15/k2 61/id13/k3
FS n=64 fsseq=538858 buf=8 c0=0:24642063661379 c1=1:24642064171327 c2=2:24642063665598 c3=3:24642064000546 CH: 8/id8/k0 31/id15/k1 34/id2/k2 53/id5/k3
FS n=64 fsseq=538858 buf=8 c0=0:24642063661379 c1=1:24642064171327 c2=2:24642063665598 c3=3:24642064000546 CH:
FS n=64 fsseq=538858 buf=8 c0=0:24642063661379 c1=1:24642064171327 c2=2:24642063665598 c3=3:24642064000546 CH:
FS n=64 fsseq=538070 buf=9 c0=0:24642081600077 c1=1:24642081630546 c2=2:24642081601379 c3=3:24642081637785 CH: 9/id9/k0 16/id0/k1 42/id10/k2 63/id15/k3
FS n=64 fsseq=538070 buf=9 c0=0:24642081600077 c1=1:24642081630546 c2=2:24642081601379 c3=3:24642081637785 CH:
FS n=64 fsseq=538070 buf=9 c0=0:24642081600077 c1=1:24642081630546 c2=2:24642081601379 c3=3:24642081637785 CH:
FS n=64 fsseq=538859 buf=10 c0=0:24642103694243 c1=1:24642104185129 c2=2:24642103694139 c3=3:24642104004504 CH: 10/id10/k0 17/id1/k1 35/id3/k2 55/id7/k3
FS n=64 fsseq=538859 buf=10 c0=0:24642103694243 c1=1:24642104185129 c2=2:24642103694139 c3=3:24642104004504 CH:
FS n=64 fsseq=538859 buf=10 c0=0:24642103694243 c1=1:24642104185129 c2=2:24642103694139 c3=3:24642104004504 CH:
FS n=64 fsseq=538071 buf=3 c0=0:24642121570389 c1=1:24642121612264 c2=2:24642121589660 c3=3:24642121601327 CH: 3/id3/k0 18/id2/k1 44/id12/k2 59/id11/k3
FS n=64 fsseq=538071 buf=3 c0=0:24642121570389 c1=1:24642121612264 c2=2:24642121589660 c3=3:24642121601327 CH:
FS n=64 fsseq=538071 buf=3 c0=0:24642121570389 c1=1:24642121612264 c2=2:24642121589660 c3=3:24642121601327 CH:
FS n=64 fsseq=538860 buf=7 c0=0:24642143668775 c1=1:24642144171796 c2=2:24642143671483 c3=3:24642144003098 CH: 7/id7/k0 22/id6/k1 40/id8/k2 56/id8/k3
FS n=64 fsseq=538860 buf=7 c0=0:24642143668775 c1=1:24642144171796 c2=2:24642143671483 c3=3:24642144003098 CH:
FS n=64 fsseq=538860 buf=7 c0=0:24642143668775 c1=1:24642144171796 c2=2:24642143671483 c3=3:24642144003098 CH:
FS n=64 fsseq=538072 buf=11 c0=0:24642161564921 c1=1:24642161564973 c2=2:24642161629035 c3=3:24642161622681 CH: 45/id13/k2 57/id9/k3
FS n=64 fsseq=538072 buf=11 c0=0:24642161564921 c1=1:24642161564973 c2=2:24642161629035 c3=3:24642161622681 CH: 11/id11/k0 19/id3/k1
FS n=64 fsseq=538072 buf=11 c0=0:24642161564921 c1=1:24642161564973 c2=2:24642161629035 c3=3:24642161622681 CH: 11/id11/k0 19/id3/k1
FS n=64 fsseq=538861 buf=1 c0=0:24642183670493 c1=1:24642184170441 c2=2:24642183670389 c3=3:24642184005337 CH: 1/id1/k0 27/id11/k1 32/id0/k2 48/id0/k3
FS n=64 fsseq=538861 buf=1 c0=0:24642183670493 c1=1:24642184170441 c2=2:24642183670389 c3=3:24642184005337 CH:
FS n=64 fsseq=538861 buf=1 c0=0:24642183670493 c1=1:24642184170441 c2=2:24642183670389 c3=3:24642184005337 CH:
FS n=64 fsseq=538073 buf=13 c0=0:24642201582889 c1=1:24642201582733 c2=2:24642201609348 c3=3:24642201643983 CH:
FS n=64 fsseq=538073 buf=13 c0=0:24642201582889 c1=1:24642201582733 c2=2:24642201609348 c3=3:24642201643983 CH: 13/id13/k0 21/id5/k1 46/id14/k2 60/id12/k3
FS n=64 fsseq=538073 buf=13 c0=0:24642201582889 c1=1:24642201582733 c2=2:24642201609348 c3=3:24642201643983 CH:
FS n=64 fsseq=538862 buf=5 c0=0:24642223664920 c1=1:24642224175858 c2=2:24642223673566 c3=3:24642224003462 CH: 5/id5/k0 29/id13/k1 36/id4/k2 52/id4/k3
FS n=64 fsseq=538862 buf=5 c0=0:24642223664920 c1=1:24642224175858 c2=2:24642223673566 c3=3:24642224003462 CH:
FS n=64 fsseq=538862 buf=5 c0=0:24642223664920 c1=1:24642224175858 c2=2:24642223673566 c3=3:24642224003462 CH:
FS n=64 fsseq=538074 buf=15 c0=0:24642241568254 c1=1:24642241568879 c2=2:24642241627160 c3=3:24642241630441 CH:
FS n=64 fsseq=538074 buf=15 c0=0:24642241568254 c1=1:24642241568879 c2=2:24642241627160 c3=3:24642241630441 CH: 15/id15/k0 20/id4/k1 38/id6/k2 62/id14/k3
FS n=64 fsseq=538074 buf=15 c0=0:24642241568254 c1=1:24642241568879 c2=2:24642241627160 c3=3:24642241630441 CH:
FS n=64 fsseq=538863 buf=0 c0=0:24642263697368 c1=1:24642264185441 c2=2:24642263700181 c3=3:24642264013462 CH:
FS n=64 fsseq=538863 buf=0 c0=0:24642263697368 c1=1:24642264185441 c2=2:24642263700181 c3=3:24642264013462 CH:
FS n=64 fsseq=538863 buf=0 c0=0:24642263697368 c1=1:24642264185441 c2=2:24642263700181 c3=3:24642264013462 CH: 0/id0/k0 24/id8/k1 41/id9/k2 49/id1/k3
FS n=64 fsseq=538075 buf=2 c0=0:24642281559243 c1=1:24642281560077 c2=2:24642281585806 c3=3:24642281631483 CH: 25/id9/k1 33/id1/k2 54/id6/k3
FS n=64 fsseq=538075 buf=2 c0=0:24642281559243 c1=1:24642281560077 c2=2:24642281585806 c3=3:24642281631483 CH: 2/id2/k0
FS n=64 fsseq=538075 buf=2 c0=0:24642281559243 c1=1:24642281560077 c2=2:24642281585806 c3=3:24642281631483 CH: 2/id2/k0
FS n=64 fsseq=538864 buf=4 c0=0:24642303675077 c1=1:24642304178775 c2=2:24642303690493 c3=3:24642304006275 CH: 4/id4/k0 30/id14/k1 39/id7/k2 50/id2/k3
FS n=64 fsseq=538864 buf=4 c0=0:24642303675077 c1=1:24642304178775 c2=2:24642303690493 c3=3:24642304006275 CH:
FS n=64 fsseq=538864 buf=4 c0=0:24642303675077 c1=1:24642304178775 c2=2:24642303690493 c3=3:24642304006275 CH:
FS n=64 fsseq=538076 buf=12 c0=0:24642321565389 c1=1:24642321565441 c2=2:24642321585077 c3=3:24642321625754 CH: 12/id12/k0 26/id10/k1 43/id11/k2 58/id10/k3
FS n=64 fsseq=538076 buf=12 c0=0:24642321565389 c1=1:24642321565441 c2=2:24642321585077 c3=3:24642321625754 CH:
FS n=64 fsseq=538076 buf=12 c0=0:24642321565389 c1=1:24642321565441 c2=2:24642321585077 c3=3:24642321625754 CH:
FS n=64 fsseq=538865 buf=6 c0=0:24642343672837 c1=1:24642344175545 c2=2:24642343694295 c3=3:24642344008202 CH: 6/id6/k0 28/id12/k1 37/id5/k2 51/id3/k3
FS n=64 fsseq=538865 buf=6 c0=0:24642343672837 c1=1:24642344175545 c2=2:24642343694295 c3=3:24642344008202 CH:
FS n=64 fsseq=538865 buf=6 c0=0:24642343672837 c1=1:24642344175545 c2=2:24642343694295 c3=3:24642344008202 CH:
FS n=64 fsseq=538077 buf=14 c0=0:24642361581900 c1=1:24642361586848 c2=2:24642361616170 c3=3:24642361667212 CH: 6/id6/k0 14/id14/k0 23/id7/k1 47/id15/k2 61/id13/k3
FS n=64 fsseq=538077 buf=14 c0=0:24642361581900 c1=1:24642361586848 c2=2:24642361616170 c3=3:24642361667212 CH:
FS n=64 fsseq=538077 buf=14 c0=0:24642361581900 c1=1:24642361586848 c2=2:24642361616170 c3=3:24642361667212 CH:
FS n=64 fsseq=538866 buf=8 c0=0:24642383672785 c1=1:24642384177889 c2=2:24642383672993 c3=3:24642384008670 CH: 8/id8/k0 31/id15/k1 34/id2/k2 53/id5/k3
FS n=64 fsseq=538866 buf=8 c0=0:24642383672785 c1=1:24642384177889 c2=2:24642383672993 c3=3:24642384008670 CH:
FS n=64 fsseq=538866 buf=8 c0=0:24642383672785 c1=1:24642384177889 c2=2:24642383672993 c3=3:24642384008670 CH:
FS n=64 fsseq=538078 buf=9 c0=0:24642401567993 c1=1:24642401567993 c2=2:24642401622056 c3=3:24642401632993 CH: 9/id9/k0 16/id0/k1 42/id10/k2 63/id15/k3
FS n=64 fsseq=538078 buf=9 c0=0:24642401567993 c1=1:24642401567993 c2=2:24642401622056 c3=3:24642401632993 CH:
FS n=64 fsseq=538078 buf=9 c0=0:24642401567993 c1=1:24642401567993 c2=2:24642401622056 c3=3:24642401632993 CH:
FS n=64 fsseq=538867 buf=10 c0=0:24642423702889 c1=1:24642424181014 c2=2:24642423741483 c3=3:24642424018618 CH:
FS n=64 fsseq=538867 buf=10 c0=0:24642423702889 c1=1:24642424181014 c2=2:24642423741483 c3=3:24642424018618 CH: 10/id10/k0 17/id1/k1 35/id3/k2 55/id7/k3
FS n=64 fsseq=538867 buf=10 c0=0:24642423702889 c1=1:24642424181014 c2=2:24642423741483 c3=3:24642424018618 CH:
FS n=64 fsseq=538079 buf=3 c0=0:24642441572993 c1=1:24642441573045 c2=2:24642441618879 c3=3:24642441633722 CH: 3/id3/k0 18/id2/k1 44/id12/k2 59/id11/k3
FS n=64 fsseq=538079 buf=3 c0=0:24642441572993 c1=1:24642441573045 c2=2:24642441618879 c3=3:24642441633722 CH: 59/id11/k3
FS n=64 fsseq=538079 buf=3 c0=0:24642441572993 c1=1:24642441573045 c2=2:24642441618879 c3=3:24642441633722 CH:
FS n=64 fsseq=538868 buf=7 c0=0:24642463666222 c1=1:24642464175858 c2=2:24642463676795 c3=3:24642464006222 CH: 7/id7/k0 22/id6/k1 40/id8/k2 56/id8/k3
FS n=64 fsseq=538868 buf=7 c0=0:24642463666222 c1=1:24642464175858 c2=2:24642463676795 c3=3:24642464006222 CH: 7/id7/k0 22/id6/k1 40/id8/k2 56/id8/k3
FS n=64 fsseq=538868 buf=7 c0=0:24642463666222 c1=1:24642464175858 c2=2:24642463676795 c3=3:24642464006222 CH:
FS n=64 fsseq=538080 buf=11 c0=0:24642481578462 c1=1:24642481578410 c2=2:24642481622368 c3=3:24642481637316 CH: 11/id11/k0 19/id3/k1
FS n=64 fsseq=538080 buf=11 c0=0:24642481578462 c1=1:24642481578410 c2=2:24642481622368 c3=3:24642481637316 CH:
FS n=64 fsseq=538080 buf=11 c0=0:24642481578462 c1=1:24642481578410 c2=2:24642481622368 c3=3:24642481637316 CH: 45/id13/k2 57/id9/k3
FS n=64 fsseq=538869 buf=1 c0=0:24642503672056 c1=1:24642504180181 c2=2:24642503681900 c3=3:24642504008254 CH: 1/id1/k0 27/id11/k1 32/id0/k2 48/id0/k3
FS n=64 fsseq=538869 buf=1 c0=0:24642503672056 c1=1:24642504180181 c2=2:24642503681900 c3=3:24642504008254 CH:
FS n=64 fsseq=538869 buf=1 c0=0:24642503672056 c1=1:24642504180181 c2=2:24642503681900 c3=3:24642504008254 CH:
FS n=64 fsseq=538081 buf=13 c0=0:24642521593202 c1=1:24642521594556 c2=2:24642521653306 c3=3:24642521665389 CH: 13/id13/k0 21/id5/k1 46/id14/k2 60/id12/k3
FS n=64 fsseq=538081 buf=13 c0=0:24642521593202 c1=1:24642521594556 c2=2:24642521653306 c3=3:24642521665389 CH:
FS n=64 fsseq=538081 buf=13 c0=0:24642521593202 c1=1:24642521594556 c2=2:24642521653306 c3=3:24642521665389 CH:
FS n=64 fsseq=538870 buf=5 c0=0:24642543675702 c1=1:24642544188722 c2=2:24642543685858 c3=3:24642544009660 CH: 5/id5/k0 29/id13/k1
FS n=64 fsseq=538870 buf=5 c0=0:24642543675702 c1=1:24642544188722 c2=2:24642543685858 c3=3:24642544009660 CH:
FS n=64 fsseq=538870 buf=5 c0=0:24642543675702 c1=1:24642544188722 c2=2:24642543685858 c3=3:24642544009660 CH: 29/id13/k1 36/id4/k2 52/id4/k3
FS n=64 fsseq=538082 buf=15 c0=0:24642561574347 c1=1:24642561637941 c2=2:24642561635754 c3=3:24642561643879 CH: 5/id5/k0 15/id15/k0 20/id4/k1 38/id6/k2 62/id14/k3
FS n=64 fsseq=538082 buf=15 c0=0:24642561574347 c1=1:24642561637941 c2=2:24642561635754 c3=3:24642561643879 CH:
FS n=64 fsseq=538082 buf=15 c0=0:24642561574347 c1=1:24642561637941 c2=2:24642561635754 c3=3:24642561643879 CH:
FS n=64 fsseq=538871 buf=0 c0=0:24642583688670 c1=1:24642584187472 c2=2:24642583688618 c3=3:24642584011431 CH: 0/id0/k0 24/id8/k1 41/id9/k2 49/id1/k3
FS n=64 fsseq=538871 buf=0 c0=0:24642583688670 c1=1:24642584187472 c2=2:24642583688618 c3=3:24642584011431 CH:
FS n=64 fsseq=538871 buf=0 c0=0:24642583688670 c1=1:24642584187472 c2=2:24642583688618 c3=3:24642584011431 CH: 24/id8/k1 41/id9/k2 49/id1/k3
FS n=64 fsseq=538083 buf=2 c0=0:24642601567420 c1=1:24642601567368 c2=2:24642601610337 c3=3:24642601629452 CH: 2/id2/k0 25/id9/k1 33/id1/k2 54/id6/k3
FS n=64 fsseq=538083 buf=2 c0=0:24642601567420 c1=1:24642601567368 c2=2:24642601610337 c3=3:24642601629452 CH:
FS n=64 fsseq=538083 buf=2 c0=0:24642601567420 c1=1:24642601567368 c2=2:24642601610337 c3=3:24642601629452 CH:
FS n=64 fsseq=538872 buf=4 c0=0:24642623673618 c1=1:24642624174347 c2=2:24642623673306 c3=3:24642624010545 CH:
FS n=64 fsseq=538872 buf=4 c0=0:24642623673618 c1=1:24642624174347 c2=2:24642623673306 c3=3:24642624010545 CH: 4/id4/k0 30/id14/k1 39/id7/k2 50/id2/k3
FS n=64 fsseq=538872 buf=4 c0=0:24642623673618 c1=1:24642624174347 c2=2:24642623673306 c3=3:24642624010545 CH: 4/id4/k0 30/id14/k1 39/id7/k2 50/id2/k3
FS n=64 fsseq=538084 buf=12 c0=0:24642641566952 c1=1:24642641566847 c2=2:24642641589399 c3=3:24642641637472 CH: 12/id12/k0 26/id10/k1
FS n=64 fsseq=538084 buf=12 c0=0:24642641566952 c1=1:24642641566847 c2=2:24642641589399 c3=3:24642641637472 CH: 43/id11/k2 58/id10/k3
FS n=64 fsseq=538084 buf=12 c0=0:24642641566952 c1=1:24642641566847 c2=2:24642641589399 c3=3:24642641637472 CH: 43/id11/k2 58/id10/k3
FS n=64 fsseq=538873 buf=6 c0=0:24642663668670 c1=1:24642664182681 c2=2:24642663669764 c3=3:24642664014660 CH: 6/id6/k0 28/id12/k1 37/id5/k2 51/id3/k3
FS n=64 fsseq=538873 buf=6 c0=0:24642663668670 c1=1:24642664182681 c2=2:24642663669764 c3=3:24642664014660 CH: 6/id6/k0
FS n=64 fsseq=538873 buf=6 c0=0:24642663668670 c1=1:24642664182681 c2=2:24642663669764 c3=3:24642664014660 CH:
FS n=64 fsseq=538085 buf=14 c0=0:24642681592837 c1=1:24642681592420 c2=2:24642681614452 c3=3:24642681669816 CH:
FS n=64 fsseq=538085 buf=14 c0=0:24642681592837 c1=1:24642681592420 c2=2:24642681614452 c3=3:24642681669816 CH:
FS n=64 fsseq=538085 buf=14 c0=0:24642681592837 c1=1:24642681592420 c2=2:24642681614452 c3=3:24642681669816 CH: 14/id14/k0 23/id7/k1 47/id15/k2 61/id13/k3
FS n=64 fsseq=538874 buf=8 c0=0:24642703677108 c1=1:24642704183618 c2=2:24642703677108 c3=3:24642704012264 CH:
FS n=64 fsseq=538874 buf=8 c0=0:24642703677108 c1=1:24642704183618 c2=2:24642703677108 c3=3:24642704012264 CH: 8/id8/k0 31/id15/k1 34/id2/k2 53/id5/k3
FS n=64 fsseq=538874 buf=8 c0=0:24642703677108 c1=1:24642704183618 c2=2:24642703677108 c3=3:24642704012264 CH:
FS n=64 fsseq=538086 buf=9 c0=0:24642721578983 c1=1:24642721578879 c2=2:24642721630493 c3=3:24642721636847 CH: 9/id9/k0 16/id0/k1 42/id10/k2 63/id15/k3
FS n=64 fsseq=538086 buf=9 c0=0:24642721578983 c1=1:24642721578879 c2=2:24642721630493 c3=3:24642721636847 CH:
FS n=64 fsseq=538086 buf=9 c0=0:24642721578983 c1=1:24642721578879 c2=2:24642721630493 c3=3:24642721636847 CH:
FS n=64 fsseq=538875 buf=10 c0=0:24642743687837 c1=1:24642744191222 c2=2:24642743688306 c3=3:24642744035754 CH: 10/id10/k0 17/id1/k1 35/id3/k2 55/id7/k3
FS n=64 fsseq=538875 buf=10 c0=0:24642743687837 c1=1:24642744191222 c2=2:24642743688306 c3=3:24642744035754 CH:
FS n=64 fsseq=538875 buf=10 c0=0:24642743687837 c1=1:24642744191222 c2=2:24642743688306 c3=3:24642744035754 CH:
FS n=64 fsseq=538087 buf=3 c0=0:24642761576431 c1=1:24642761576118 c2=2:24642761627889 c3=3:24642761636483 CH: 3/id3/k0 18/id2/k1 44/id12/k2 59/id11/k3
FS n=64 fsseq=538087 buf=3 c0=0:24642761576431 c1=1:24642761576118 c2=2:24642761627889 c3=3:24642761636483 CH:
FS n=64 fsseq=538087 buf=3 c0=0:24642761576431 c1=1:24642761576118 c2=2:24642761627889 c3=3:24642761636483 CH:
FS n=64 fsseq=538876 buf=7 c0=0:24642783676899 c1=1:24642784181170 c2=2:24642783683931 c3=3:24642784011691 CH: 7/id7/k0 22/id6/k1 40/id8/k2 56/id8/k3
FS n=64 fsseq=538876 buf=7 c0=0:24642783676899 c1=1:24642784181170 c2=2:24642783683931 c3=3:24642784011691 CH:
FS n=64 fsseq=538876 buf=7 c0=0:24642783676899 c1=1:24642784181170 c2=2:24642783683931 c3=3:24642784011691 CH:
FS n=64 fsseq=538088 buf=11 c0=0:24642801576118 c1=1:24642801579139 c2=2:24642801626014 c3=3:24642801635962 CH: 11/id11/k0 19/id3/k1 45/id13/k2 57/id9/k3
FS n=64 fsseq=538088 buf=11 c0=0:24642801576118 c1=1:24642801579139 c2=2:24642801626014 c3=3:24642801635962 CH:
FS n=64 fsseq=538088 buf=11 c0=0:24642801576118 c1=1:24642801579139 c2=2:24642801626014 c3=3:24642801635962 CH:
FS n=64 fsseq=538877 buf=1 c0=0:24642823685858 c1=1:24642824228983 c2=2:24642823698618 c3=3:24642824026066 CH: 1/id1/k0 27/id11/k1 32/id0/k2 48/id0/k3
FS n=64 fsseq=538877 buf=1 c0=0:24642823685858 c1=1:24642824228983 c2=2:24642823698618 c3=3:24642824026066 CH:
FS n=64 fsseq=538877 buf=1 c0=0:24642823685858 c1=1:24642824228983 c2=2:24642823698618 c3=3:24642824026066 CH:
FS n=64 fsseq=538089 buf=13 c0=0:24642841602212 c1=1:24642841602264 c2=2:24642841658722 c3=3:24642841691639 CH: 13/id13/k0 21/id5/k1 46/id14/k2 60/id12/k3
FS n=64 fsseq=538089 buf=13 c0=0:24642841602212 c1=1:24642841602264 c2=2:24642841658722 c3=3:24642841691639 CH:
FS n=64 fsseq=538089 buf=13 c0=0:24642841602212 c1=1:24642841602264 c2=2:24642841658722 c3=3:24642841691639 CH:
FS n=64 fsseq=538878 buf=5 c0=0:24642863682733 c1=1:24642864181014 c2=2:24642863686847 c3=3:24642864013774 CH: 5/id5/k0 29/id13/k1 36/id4/k2 52/id4/k3
FS n=64 fsseq=538878 buf=5 c0=0:24642863682733 c1=1:24642864181014 c2=2:24642863686847 c3=3:24642864013774 CH: 5/id5/k0
FS n=64 fsseq=538878 buf=5 c0=0:24642863682733 c1=1:24642864181014 c2=2:24642863686847 c3=3:24642864013774 CH: 5/id5/k0
FS n=64 fsseq=538090 buf=15 c0=0:24642881579451 c1=1:24642881579399 c2=2:24642881606795 c3=3:24642881654295 CH: 15/id15/k0 20/id4/k1 38/id6/k2 62/id14/k3
FS n=64 fsseq=538090 buf=15 c0=0:24642881579451 c1=1:24642881579399 c2=2:24642881606795 c3=3:24642881654295 CH:
FS n=64 fsseq=538090 buf=15 c0=0:24642881579451 c1=1:24642881579399 c2=2:24642881606795 c3=3:24642881654295 CH:
FS n=64 fsseq=538879 buf=0 c0=0:24642903677420 c1=1:24642904194712 c2=2:24642903677212 c3=3:24642904022316 CH: 0/id0/k0 24/id8/k1 41/id9/k2 49/id1/k3
FS n=64 fsseq=538879 buf=0 c0=0:24642903677420 c1=1:24642904194712 c2=2:24642903677212 c3=3:24642904022316 CH: 49/id1/k3
FS n=64 fsseq=538879 buf=0 c0=0:24642903677420 c1=1:24642904194712 c2=2:24642903677212 c3=3:24642904022316 CH: 24/id8/k1 41/id9/k2 49/id1/k3
FS n=64 fsseq=538091 buf=2 c0=0:24642921570910 c1=1:24642921570962 c2=2:24642921604347 c3=3:24642921635962 CH:
FS n=64 fsseq=538091 buf=2 c0=0:24642921570910 c1=1:24642921570962 c2=2:24642921604347 c3=3:24642921635962 CH: 2/id2/k0 25/id9/k1 33/id1/k2 54/id6/k3
FS n=64 fsseq=538091 buf=2 c0=0:24642921570910 c1=1:24642921570962 c2=2:24642921604347 c3=3:24642921635962 CH:
FS n=64 fsseq=538880 buf=4 c0=0:24642943679504 c1=1:24642944182004 c2=2:24642943684347 c3=3:24642944010806 CH:
FS n=64 fsseq=538880 buf=4 c0=0:24642943679504 c1=1:24642944182004 c2=2:24642943684347 c3=3:24642944010806 CH: 4/id4/k0 30/id14/k1
FS n=64 fsseq=538880 buf=4 c0=0:24642943679504 c1=1:24642944182004 c2=2:24642943684347 c3=3:24642944010806 CH: 30/id14/k1 39/id7/k2 50/id2/k3
FS n=64 fsseq=538092 buf=12 c0=0:24642961597056 c1=1:24642961596795 c2=2:24642961655597 c3=3:24642961649712 CH: 12/id12/k0 26/id10/k1
FS n=64 fsseq=538092 buf=12 c0=0:24642961597056 c1=1:24642961596795 c2=2:24642961655597 c3=3:24642961649712 CH: 12/id12/k0 26/id10/k1
FS n=64 fsseq=538092 buf=12 c0=0:24642961597056 c1=1:24642961596795 c2=2:24642961655597 c3=3:24642961649712 CH: 43/id11/k2 58/id10/k3
FS n=64 fsseq=538881 buf=6 c0=0:24642983680806 c1=1:24642984185910 c2=2:24642983691899 c3=3:24642984020597 CH: 6/id6/k0 28/id12/k1 37/id5/k2 51/id3/k3
FS n=64 fsseq=538881 buf=6 c0=0:24642983680806 c1=1:24642984185910 c2=2:24642983691899 c3=3:24642984020597 CH:
FS n=64 fsseq=538881 buf=6 c0=0:24642983680806 c1=1:24642984185910 c2=2:24642983691899 c3=3:24642984020597 CH:
FS n=64 fsseq=538093 buf=14 c0=0:24643001606483 c1=1:24643001606743 c2=2:24643001665701 c3=3:24643001677733 CH: 14/id14/k0 23/id7/k1 47/id15/k2 61/id13/k3
FS n=64 fsseq=538093 buf=14 c0=0:24643001606483 c1=1:24643001606743 c2=2:24643001665701 c3=3:24643001677733 CH: 47/id15/k2
FS n=64 fsseq=538093 buf=14 c0=0:24643001606483 c1=1:24643001606743 c2=2:24643001665701 c3=3:24643001677733 CH: 47/id15/k2
FS n=64 fsseq=538882 buf=8 c0=0:24643023710597 c1=1:24643024185910 c2=2:24643023712941 c3=3:24643024018358 CH: 6/id6/k0 8/id8/k0 31/id15/k1 34/id2/k2 53/id5/k3
FS n=64 fsseq=538882 buf=8 c0=0:24643023710597 c1=1:24643024185910 c2=2:24643023712941 c3=3:24643024018358 CH:
FS n=64 fsseq=538882 buf=8 c0=0:24643023710597 c1=1:24643024185910 c2=2:24643023712941 c3=3:24643024018358 CH:
FS n=64 fsseq=538094 buf=9 c0=0:24643041575962 c1=1:24643041575806 c2=2:24643041603931 c3=3:24643041649972 CH: 9/id9/k0 16/id0/k1 42/id10/k2 63/id15/k3
FS n=64 fsseq=538094 buf=9 c0=0:24643041575962 c1=1:24643041575806 c2=2:24643041603931 c3=3:24643041649972 CH:
FS n=64 fsseq=538094 buf=9 c0=0:24643041575962 c1=1:24643041575806 c2=2:24643041603931 c3=3:24643041649972 CH:
FS n=64 fsseq=538883 buf=10 c0=0:24643063691587 c1=1:24643064192576 c2=2:24643063716535 c3=3:24643064019087 CH: 10/id10/k0 17/id1/k1 35/id3/k2 55/id7/k3
FS n=64 fsseq=538883 buf=10 c0=0:24643063691587 c1=1:24643064192576 c2=2:24643063716535 c3=3:24643064019087 CH:
FS n=64 fsseq=538883 buf=10 c0=0:24643063691587 c1=1:24643064192576 c2=2:24643063716535 c3=3:24643064019087 CH:
FS n=64 fsseq=538095 buf=3 c0=0:24643081578201 c1=1:24643081578201 c2=2:24643081595649 c3=3:24643081637733 CH: 3/id3/k0 18/id2/k1 44/id12/k2 59/id11/k3
FS n=64 fsseq=538095 buf=3 c0=0:24643081578201 c1=1:24643081578201 c2=2:24643081595649 c3=3:24643081637733 CH: 3/id3/k0 18/id2/k1 44/id12/k2
FS n=64 fsseq=538095 buf=3 c0=0:24643081578201 c1=1:24643081578201 c2=2:24643081595649 c3=3:24643081637733 CH:
FS n=64 fsseq=538884 buf=7 c0=0:24643103699087 c1=1:24643104184243 c2=2:24643103698931 c3=3:24643104017993 CH: 22/id6/k1 40/id8/k2 56/id8/k3
FS n=64 fsseq=538884 buf=7 c0=0:24643103699087 c1=1:24643104184243 c2=2:24643103698931 c3=3:24643104017993 CH: 7/id7/k0
FS n=64 fsseq=538884 buf=7 c0=0:24643103699087 c1=1:24643104184243 c2=2:24643103698931 c3=3:24643104017993 CH:
FS n=64 fsseq=538096 buf=11 c0=0:24643121587889 c1=1:24643121587889 c2=2:24643121640962 c3=3:24643121647368 CH: 11/id11/k0 19/id3/k1 45/id13/k2 57/id9/k3
FS n=64 fsseq=538096 buf=11 c0=0:24643121587889 c1=1:24643121587889 c2=2:24643121640962 c3=3:24643121647368 CH:
FS n=64 fsseq=538096 buf=11 c0=0:24643121587889 c1=1:24643121587889 c2=2:24643121640962 c3=3:24643121647368 CH:
FS n=64 fsseq=538885 buf=1 c0=0:24643143682264 c1=1:24643144188774 c2=2:24643143689295 c3=3:24643144029347 CH:
FS n=64 fsseq=538885 buf=1 c0=0:24643143682264 c1=1:24643144188774 c2=2:24643143689295 c3=3:24643144029347 CH: 1/id1/k0 27/id11/k1 32/id0/k2 48/id0/k3
FS n=64 fsseq=538885 buf=1 c0=0:24643143682264 c1=1:24643144188774 c2=2:24643143689295 c3=3:24643144029347 CH:
FS n=64 fsseq=538097 buf=13 c0=0:24643161586222 c1=1:24643161586587 c2=2:24643161626431 c3=3:24643161673722 CH:
FS n=64 fsseq=538097 buf=13 c0=0:24643161586222 c1=1:24643161586587 c2=2:24643161626431 c3=3:24643161673722 CH: 21/id5/k1 46/id14/k2 60/id12/k3
FS n=64 fsseq=538097 buf=13 c0=0:24643161586222 c1=1:24643161586587 c2=2:24643161626431 c3=3:24643161673722 CH: 13/id13/k0 21/id5/k1
FS n=64 fsseq=538886 buf=5 c0=0:24643183683410 c1=1:24643184186118 c2=2:24643183689868 c3=3:24643184020753 CH: 5/id5/k0 29/id13/k1 36/id4/k2 52/id4/k3
FS n=64 fsseq=538886 buf=5 c0=0:24643183683410 c1=1:24643184186118 c2=2:24643183689868 c3=3:24643184020753 CH:
FS n=64 fsseq=538886 buf=5 c0=0:24643183683410 c1=1:24643184186118 c2=2:24643183689868 c3=3:24643184020753 CH:
FS n=64 fsseq=538098 buf=15 c0=0:24643201576118 c1=1:24643201575962 c2=2:24643201605337 c3=3:24643201649295 CH: 15/id15/k0 20/id4/k1 38/id6/k2 62/id14/k3
FS n=64 fsseq=538098 buf=15 c0=0:24643201576118 c1=1:24643201575962 c2=2:24643201605337 c3=3:24643201649295 CH:
FS n=64 fsseq=538098 buf=15 c0=0:24643201576118 c1=1:24643201575962 c2=2:24643201605337 c3=3:24643201649295 CH:
FS n=64 fsseq=538887 buf=0 c0=0:24643223729035 c1=1:24643224196222 c2=2:24643223702941 c3=3:24643224018410 CH: 0/id0/k0 24/id8/k1 41/id9/k2 49/id1/k3
FS n=64 fsseq=538887 buf=0 c0=0:24643223729035 c1=1:24643224196222 c2=2:24643223702941 c3=3:24643224018410 CH:
FS n=64 fsseq=538887 buf=0 c0=0:24643223729035 c1=1:24643224196222 c2=2:24643223702941 c3=3:24643224018410 CH:
FS n=64 fsseq=538099 buf=2 c0=0:24643241582003 c1=1:24643241582003 c2=2:24643241635649 c3=3:24643241638201 CH: 2/id2/k0 25/id9/k1 33/id1/k2 54/id6/k3
FS n=64 fsseq=538099 buf=2 c0=0:24643241582003 c1=1:24643241582003 c2=2:24643241635649 c3=3:24643241638201 CH:
FS n=64 fsseq=538099 buf=2 c0=0:24643241582003 c1=1:24643241582003 c2=2:24643241635649 c3=3:24643241638201 CH:
FS n=64 fsseq=538888 buf=4 c0=0:24643263680493 c1=1:24643264190806 c2=2:24643263689399 c3=3:24643264017264 CH:
FS n=64 fsseq=538888 buf=4 c0=0:24643263680493 c1=1:24643264190806 c2=2:24643263689399 c3=3:24643264017264 CH: 4/id4/k0 30/id14/k1 39/id7/k2 50/id2/k3
FS n=64 fsseq=538888 buf=4 c0=0:24643263680493 c1=1:24643264190806 c2=2:24643263689399 c3=3:24643264017264 CH:
FS n=64 fsseq=538100 buf=12 c0=0:24643281583930 c1=1:24643281583774 c2=2:24643281608305 c3=3:24643281655076 CH: 12/id12/k0 26/id10/k1 43/id11/k2 58/id10/k3
FS n=64 fsseq=538100 buf=12 c0=0:24643281583930 c1=1:24643281583774 c2=2:24643281608305 c3=3:24643281655076 CH:
FS n=64 fsseq=538100 buf=12 c0=0:24643281583930 c1=1:24643281583774 c2=2:24643281608305 c3=3:24643281655076 CH:
FS n=64 fsseq=538889 buf=6 c0=0:24643303677889 c1=1:24643304192472 c2=2:24643303679503 c3=3:24643304020180 CH:
FS n=64 fsseq=538889 buf=6 c0=0:24643303677889 c1=1:24643304192472 c2=2:24643303679503 c3=3:24643304020180 CH:
FS n=64 fsseq=538889 buf=6 c0=0:24643303677889 c1=1:24643304192472 c2=2:24643303679503 c3=3:24643304020180 CH: 6/id6/k0 28/id12/k1 37/id5/k2 51/id3/k3
FS n=64 fsseq=538101 buf=14 c0=0:24643321594608 c1=1:24643321594295 c2=2:24643321643566 c3=3:24643321688826 CH: 23/id7/k1
FS n=64 fsseq=538101 buf=14 c0=0:24643321594608 c1=1:24643321594295 c2=2:24643321643566 c3=3:24643321688826 CH: 14/id14/k0 23/id7/k1 47/id15/k2 61/id13/k3
FS n=64 fsseq=538101 buf=14 c0=0:24643321594608 c1=1:24643321594295 c2=2:24643321643566 c3=3:24643321688826 CH: 23/id7/k1
FS n=64 fsseq=538890 buf=8 c0=0:24643343725441 c1=1:24643344183618 c2=2:24643343725233 c3=3:24643344036274 CH: 8/id8/k0 31/id15/k1 34/id2/k2 53/id5/k3
FS n=64 fsseq=538890 buf=8 c0=0:24643343725441 c1=1:24643344183618 c2=2:24643343725233 c3=3:24643344036274 CH:
FS n=64 fsseq=538890 buf=8 c0=0:24643343725441 c1=1:24643344183618 c2=2:24643343725233 c3=3:24643344036274 CH:
FS n=64 fsseq=538102 buf=9 c0=0:24643361578878 c1=1:24643361584608 c2=2:24643361611639 c3=3:24643361656795 CH:
FS n=64 fsseq=538102 buf=9 c0=0:24643361578878 c1=1:24643361584608 c2=2:24643361611639 c3=3:24643361656795 CH: 9/id9/k0 16/id0/k1 42/id10/k2 63/id15/k3
FS n=64 fsseq=538102 buf=9 c0=0:24643361578878 c1=1:24643361584608 c2=2:24643361611639 c3=3:24643361656795 CH:
FS n=64 fsseq=538891 buf=10 c0=0:24643383692889 c1=1:24643384193983 c2=2:24643383697264 c3=3:24643384019295 CH: 10/id10/k0 17/id1/k1 35/id3/k2 55/id7/k3
FS n=64 fsseq=538891 buf=10 c0=0:24643383692889 c1=1:24643384193983 c2=2:24643383697264 c3=3:24643384019295 CH:
FS n=64 fsseq=538891 buf=10 c0=0:24643383692889 c1=1:24643384193983 c2=2:24643383697264 c3=3:24643384019295 CH:
FS n=64 fsseq=538103 buf=3 c0=0:24643401581378 c1=1:24643401581222 c2=2:24643401600962 c3=3:24643401645389 CH: 3/id3/k0 18/id2/k1 44/id12/k2 59/id11/k3
FS n=64 fsseq=538103 buf=3 c0=0:24643401581378 c1=1:24643401581222 c2=2:24643401600962 c3=3:24643401645389 CH:
FS n=64 fsseq=538103 buf=3 c0=0:24643401581378 c1=1:24643401581222 c2=2:24643401600962 c3=3:24643401645389 CH:
FS n=64 fsseq=538892 buf=7 c0=0:24643423686378 c1=1:24643424189191 c2=2:24643423688149 c3=3:24643424022472 CH: 7/id7/k0 22/id6/k1 40/id8/k2 56/id8/k3
FS n=64 fsseq=538892 buf=7 c0=0:24643423686378 c1=1:24643424189191 c2=2:24643423688149 c3=3:24643424022472 CH:
FS n=64 fsseq=538892 buf=7 c0=0:24643423686378 c1=1:24643424189191 c2=2:24643423688149 c3=3:24643424022472 CH:
FS n=64 fsseq=538104 buf=11 c0=0:24643441618722 c1=1:24643441618722 c2=2:24643441645910 c3=3:24643441676014 CH:
FS n=64 fsseq=538104 buf=11 c0=0:24643441618722 c1=1:24643441618722 c2=2:24643441645910 c3=3:24643441676014 CH: 11/id11/k0 19/id3/k1 45/id13/k2 57/id9/k3
FS n=64 fsseq=538104 buf=11 c0=0:24643441618722 c1=1:24643441618722 c2=2:24643441645910 c3=3:24643441676014 CH:
FS n=64 fsseq=538893 buf=1 c0=0:24643463687524 c1=1:24643464208618 c2=2:24643463690649 c3=3:24643464022108 CH: 1/id1/k0 27/id11/k1 32/id0/k2 48/id0/k3
FS n=64 fsseq=538893 buf=1 c0=0:24643463687524 c1=1:24643464208618 c2=2:24643463690649 c3=3:24643464022108 CH:
FS n=64 fsseq=538893 buf=1 c0=0:24643463687524 c1=1:24643464208618 c2=2:24643463690649 c3=3:24643464022108 CH:
FS n=64 fsseq=538105 buf=13 c0=0:24643481591430 c1=1:24643481591483 c2=2:24643481613462 c3=3:24643481636951 CH: 13/id13/k0 21/id5/k1 46/id14/k2 60/id12/k3
FS n=64 fsseq=538105 buf=13 c0=0:24643481591430 c1=1:24643481591483 c2=2:24643481613462 c3=3:24643481636951 CH:
FS n=64 fsseq=538105 buf=13 c0=0:24643481591430 c1=1:24643481591483 c2=2:24643481613462 c3=3:24643481636951 CH:
FS n=64 fsseq=538894 buf=5 c0=0:24643503699243 c1=1:24643504195857 c2=2:24643503701951 c3=3:24643504023410 CH: 5/id5/k0 29/id13/k1 36/id4/k2 52/id4/k3
FS n=64 fsseq=538894 buf=5 c0=0:24643503699243 c1=1:24643504195857 c2=2:24643503701951 c3=3:24643504023410 CH:
FS n=64 fsseq=538894 buf=5 c0=0:24643503699243 c1=1:24643504195857 c2=2:24643503701951 c3=3:24643504023410 CH:
FS n=64 fsseq=538106 buf=15 c0=0:24643521590649 c1=1:24643521590493 c2=2:24643521644555 c3=3:24643521642732 CH: 15/id15/k0 20/id4/k1 38/id6/k2 62/id14/k3
FS n=64 fsseq=538106 buf=15 c0=0:24643521590649 c1=1:24643521590493 c2=2:24643521644555 c3=3:24643521642732 CH:
FS n=64 fsseq=538106 buf=15 c0=0:24643521590649 c1=1:24643521590493 c2=2:24643521644555 c3=3:24643521642732 CH:
FS n=64 fsseq=538895 buf=0 c0=0:24643543685545 c1=1:24643544195337 c2=2:24643543698514 c3=3:24643544033201 CH: 0/id0/k0 24/id8/k1 41/id9/k2 49/id1/k3
FS n=64 fsseq=538895 buf=0 c0=0:24643543685545 c1=1:24643544195337 c2=2:24643543698514 c3=3:24643544033201 CH:
FS n=64 fsseq=538895 buf=0 c0=0:24643543685545 c1=1:24643544195337 c2=2:24643543698514 c3=3:24643544033201 CH:
FS n=64 fsseq=538107 buf=2 c0=0:24643561580337 c1=1:24643561580389 c2=2:24643561612160 c3=3:24643561656378 CH: 2/id2/k0 25/id9/k1 33/id1/k2 54/id6/k3
FS n=64 fsseq=538107 buf=2 c0=0:24643561580337 c1=1:24643561580389 c2=2:24643561612160 c3=3:24643561656378 CH:
FS n=64 fsseq=538107 buf=2 c0=0:24643561580337 c1=1:24643561580389 c2=2:24643561612160 c3=3:24643561656378 CH:
FS n=64 fsseq=538896 buf=4 c0=0:24643583697941 c1=1:24643584197837 c2=2:24643583700076 c3=3:24643584025180 CH: 4/id4/k0 30/id14/k1 39/id7/k2 50/id2/k3
FS n=64 fsseq=538896 buf=4 c0=0:24643583697941 c1=1:24643584197837 c2=2:24643583700076 c3=3:24643584025180 CH:
FS n=64 fsseq=538896 buf=4 c0=0:24643583697941 c1=1:24643584197837 c2=2:24643583700076 c3=3:24643584025180 CH:
FS n=64 fsseq=538108 buf=12 c0=0:24643601593253 c1=1:24643601595805 c2=2:24643601647472 c3=3:24643601657837 CH: 12/id12/k0 26/id10/k1 43/id11/k2 58/id10/k3
FS n=64 fsseq=538108 buf=12 c0=0:24643601593253 c1=1:24643601595805 c2=2:24643601647472 c3=3:24643601657837 CH:
FS n=64 fsseq=538108 buf=12 c0=0:24643601593253 c1=1:24643601595805 c2=2:24643601647472 c3=3:24643601657837 CH:
FS n=64 fsseq=538897 buf=6 c0=0:24643623688930 c1=1:24643624196535 c2=2:24643623700857 c3=3:24643624024503 CH: 6/id6/k0 28/id12/k1 37/id5/k2 51/id3/k3
FS n=64 fsseq=538897 buf=6 c0=0:24643623688930 c1=1:24643624196535 c2=2:24643623700857 c3=3:24643624024503 CH:
FS n=64 fsseq=538897 buf=6 c0=0:24643623688930 c1=1:24643624196535 c2=2:24643623700857 c3=3:24643624024503 CH:
FS n=64 fsseq=538109 buf=14 c0=0:24643641576639 c1=1:24643641578045 c2=2:24643641631899 c3=3:24643641639607 CH: 47/id15/k2 61/id13/k3
FS n=64 fsseq=538109 buf=14 c0=0:24643641576639 c1=1:24643641578045 c2=2:24643641631899 c3=3:24643641639607 CH: 14/id14/k0 23/id7/k1 47/id15/k2 61/id13/k3
FS n=64 fsseq=538109 buf=14 c0=0:24643641576639 c1=1:24643641578045 c2=2:24643641631899 c3=3:24643641639607 CH:
FS n=64 fsseq=538898 buf=8 c0=0:24643663708722 c1=1:24643664203722 c2=2:24643663719191 c3=3:24643664059087 CH: 8/id8/k0 34/id2/k2 53/id5/k3
FS n=64 fsseq=538898 buf=8 c0=0:24643663708722 c1=1:24643664203722 c2=2:24643663719191 c3=3:24643664059087 CH: 31/id15/k1 34/id2/k2 53/id5/k3
FS n=64 fsseq=538898 buf=8 c0=0:24643663708722 c1=1:24643664203722 c2=2:24643663719191 c3=3:24643664059087 CH:
FS n=64 fsseq=538110 buf=9 c0=0:24643681586847 c1=1:24643681587889 c2=2:24643681634347 c3=3:24643681630857 CH: 9/id9/k0 16/id0/k1 42/id10/k2 63/id15/k3
FS n=64 fsseq=538110 buf=9 c0=0:24643681586847 c1=1:24643681587889 c2=2:24643681634347 c3=3:24643681630857 CH:
FS n=64 fsseq=538110 buf=9 c0=0:24643681586847 c1=1:24643681587889 c2=2:24643681634347 c3=3:24643681630857 CH:
FS n=64 fsseq=538899 buf=10 c0=0:24643703689451 c1=1:24643704195753 c2=2:24643703692107 c3=3:24643704027420 CH: 10/id10/k0 17/id1/k1 35/id3/k2 55/id7/k3
FS n=64 fsseq=538899 buf=10 c0=0:24643703689451 c1=1:24643704195753 c2=2:24643703692107 c3=3:24643704027420 CH:
FS n=64 fsseq=538899 buf=10 c0=0:24643703689451 c1=1:24643704195753 c2=2:24643703692107 c3=3:24643704027420 CH:
FS n=64 fsseq=538111 buf=3 c0=0:24643721607628 c1=1:24643721608253 c2=2:24643721662003 c3=3:24643721671482 CH:
FS n=64 fsseq=538111 buf=3 c0=0:24643721607628 c1=1:24643721608253 c2=2:24643721662003 c3=3:24643721671482 CH:
FS n=64 fsseq=538111 buf=3 c0=0:24643721607628 c1=1:24643721608253 c2=2:24643721662003 c3=3:24643721671482 CH: 3/id3/k0 18/id2/k1 44/id12/k2 59/id11/k3
FS n=64 fsseq=538900 buf=7 c0=0:24643743694972 c1=1:24643744200180 c2=2:24643743703149 c3=3:24643744028826 CH: 7/id7/k0 22/id6/k1 40/id8/k2 56/id8/k3
FS n=64 fsseq=538900 buf=7 c0=0:24643743694972 c1=1:24643744200180 c2=2:24643743703149 c3=3:24643744028826 CH:
FS n=64 fsseq=538900 buf=7 c0=0:24643743694972 c1=1:24643744200180 c2=2:24643743703149 c3=3:24643744028826 CH:
FS n=64 fsseq=538112 buf=11 c0=0:24643761619972 c1=1:24643761632732 c2=2:24643761675180 c3=3:24643761710805 CH: 11/id11/k0 19/id3/k1 45/id13/k2 57/id9/k3
FS n=64 fsseq=538112 buf=11 c0=0:24643761619972 c1=1:24643761632732 c2=2:24643761675180 c3=3:24643761710805 CH: 45/id13/k2
FS n=64 fsseq=538112 buf=11 c0=0:24643761619972 c1=1:24643761632732 c2=2:24643761675180 c3=3:24643761710805 CH:
FS n=64 fsseq=538901 buf=1 c0=0:24643783693982 c1=1:24643784199243 c2=2:24643783696795 c3=3:24643784029243 CH: 1/id1/k0 27/id11/k1 32/id0/k2 48/id0/k3
FS n=64 fsseq=538901 buf=1 c0=0:24643783693982 c1=1:24643784199243 c2=2:24643783696795 c3=3:24643784029243 CH:
FS n=64 fsseq=538901 buf=1 c0=0:24643783693982 c1=1:24643784199243 c2=2:24643783696795 c3=3:24643784029243 CH:
FS n=64 fsseq=538113 buf=13 c0=0:24643801585389 c1=1:24643801585493 c2=2:24643801609503 c3=3:24643801649712 CH: 13/id13/k0 21/id5/k1 46/id14/k2 60/id12/k3
FS n=64 fsseq=538113 buf=13 c0=0:24643801585389 c1=1:24643801585493 c2=2:24643801609503 c3=3:24643801649712 CH:
FS n=64 fsseq=538113 buf=13 c0=0:24643801585389 c1=1:24643801585493 c2=2:24643801609503 c3=3:24643801649712 CH: 13/id13/k0
FS n=64 fsseq=538902 buf=5 c0=0:24643823729243 c1=1:24643824200284 c2=2:24643823729139 c3=3:24643824037003 CH: 5/id5/k0 29/id13/k1 36/id4/k2 52/id4/k3
FS n=64 fsseq=538902 buf=5 c0=0:24643823729243 c1=1:24643824200284 c2=2:24643823729139 c3=3:24643824037003 CH:
FS n=64 fsseq=538902 buf=5 c0=0:24643823729243 c1=1:24643824200284 c2=2:24643823729139 c3=3:24643824037003 CH:
FS n=64 fsseq=538114 buf=15 c0=0:24643841595024 c1=1:24643841598774 c2=2:24643841656847 c3=3:24643841664347 CH: 15/id15/k0 20/id4/k1 38/id6/k2 62/id14/k3
FS n=64 fsseq=538114 buf=15 c0=0:24643841595024 c1=1:24643841598774 c2=2:24643841656847 c3=3:24643841664347 CH:
FS n=64 fsseq=538114 buf=15 c0=0:24643841595024 c1=1:24643841598774 c2=2:24643841656847 c3=3:24643841664347 CH:
FS n=64 fsseq=538903 buf=0 c0=0:24643863692316 c1=1:24643864242107 c2=2:24643863694972 c3=3:24643864027212 CH: 0/id0/k0 24/id8/k1 41/id9/k2 49/id1/k3
FS n=64 fsseq=538903 buf=0 c0=0:24643863692316 c1=1:24643864242107 c2=2:24643863694972 c3=3:24643864027212 CH:
FS n=64 fsseq=538903 buf=0 c0=0:24643863692316 c1=1:24643864242107 c2=2:24643863694972 c3=3:24643864027212 CH:
FS n=64 fsseq=538115 buf=2 c0=0:24643881584139 c1=1:24643881583982 c2=2:24643881669555 c3=3:24643881666899 CH: 2/id2/k0 25/id9/k1 33/id1/k2 54/id6/k3
FS n=64 fsseq=538115 buf=2 c0=0:24643881584139 c1=1:24643881583982 c2=2:24643881669555 c3=3:24643881666899 CH:
FS n=64 fsseq=538115 buf=2 c0=0:24643881584139 c1=1:24643881583982 c2=2:24643881669555 c3=3:24643881666899 CH:
FS n=64 fsseq=538904 buf=4 c0=0:24643903690180 c1=1:24643904193201 c2=2:24643903698566 c3=3:24643904029920 CH: 4/id4/k0 30/id14/k1 39/id7/k2 50/id2/k3
FS n=64 fsseq=538904 buf=4 c0=0:24643903690180 c1=1:24643904193201 c2=2:24643903698566 c3=3:24643904029920 CH:
FS n=64 fsseq=538904 buf=4 c0=0:24643903690180 c1=1:24643904193201 c2=2:24643903698566 c3=3:24643904029920 CH:
FS n=64 fsseq=538116 buf=12 c0=0:24643921606534 c1=1:24643921606326 c2=2:24643921666014 c3=3:24643921695024 CH: 12/id12/k0 26/id10/k1 43/id11/k2 58/id10/k3
FS n=64 fsseq=538116 buf=12 c0=0:24643921606534 c1=1:24643921606326 c2=2:24643921666014 c3=3:24643921695024 CH: 26/id10/k1 43/id11/k2 58/id10/k3
FS n=64 fsseq=538116 buf=12 c0=0:24643921606534 c1=1:24643921606326 c2=2:24643921666014 c3=3:24643921695024 CH:
FS n=64 fsseq=538905 buf=6 c0=0:24643943692159 c1=1:24643944202003 c2=2:24643943695753 c3=3:24643944028514 CH: 6/id6/k0 28/id12/k1 37/id5/k2 51/id3/k3
FS n=64 fsseq=538905 buf=6 c0=0:24643943692159 c1=1:24643944202003 c2=2:24643943695753 c3=3:24643944028514 CH:
FS n=64 fsseq=538905 buf=6 c0=0:24643943692159 c1=1:24643944202003 c2=2:24643943695753 c3=3:24643944028514 CH:
FS n=64 fsseq=538117 buf=14 c0=0:24643961606847 c1=1:24643961606847 c2=2:24643961737055 c3=3:24643961680128 CH: 14/id14/k0 23/id7/k1 47/id15/k2 61/id13/k3
FS n=64 fsseq=538117 buf=14 c0=0:24643961606847 c1=1:24643961606847 c2=2:24643961737055 c3=3:24643961680128 CH:
FS n=64 fsseq=538117 buf=14 c0=0:24643961606847 c1=1:24643961606847 c2=2:24643961737055 c3=3:24643961680128 CH:
FS n=64 fsseq=538906 buf=8 c0=0:24643983708097 c1=1:24643984229816 c2=2:24643983713774 c3=3:24643984030857 CH: 8/id8/k0 31/id15/k1 34/id2/k2 53/id5/k3
FS n=64 fsseq=538906 buf=8 c0=0:24643983708097 c1=1:24643984229816 c2=2:24643983713774 c3=3:24643984030857 CH: 8/id8/k0 31/id15/k1 34/id2/k2 53/id5/k3
FS n=64 fsseq=538906 buf=8 c0=0:24643983708097 c1=1:24643984229816 c2=2:24643983713774 c3=3:24643984030857 CH:
FS n=64 fsseq=538118 buf=9 c0=0:24644001593722 c1=1:24644001593722 c2=2:24644001654503 c3=3:24644001678253 CH: 63/id15/k3
FS n=64 fsseq=538118 buf=9 c0=0:24644001593722 c1=1:24644001593722 c2=2:24644001654503 c3=3:24644001678253 CH: 9/id9/k0 16/id0/k1 42/id10/k2 63/id15/k3
FS n=64 fsseq=538118 buf=9 c0=0:24644001593722 c1=1:24644001593722 c2=2:24644001654503 c3=3:24644001678253 CH: 9/id9/k0 16/id0/k1 42/id10/k2 63/id15/k3
FS n=64 fsseq=538907 buf=10 c0=0:24644023692941 c1=1:24644024201378 c2=2:24644023702628 c3=3:24644024032680 CH:
FS n=64 fsseq=538907 buf=10 c0=0:24644023692941 c1=1:24644024201378 c2=2:24644023702628 c3=3:24644024032680 CH: 10/id10/k0 17/id1/k1 35/id3/k2 55/id7/k3
FS n=64 fsseq=538907 buf=10 c0=0:24644023692941 c1=1:24644024201378 c2=2:24644023702628 c3=3:24644024032680 CH:
FS n=64 fsseq=538119 buf=3 c0=0:24644041587055 c1=1:24644041587264 c2=2:24644041611014 c3=3:24644041645389 CH: 44/id12/k2 59/id11/k3
FS n=64 fsseq=538119 buf=3 c0=0:24644041587055 c1=1:24644041587264 c2=2:24644041611014 c3=3:24644041645389 CH:
FS n=64 fsseq=538119 buf=3 c0=0:24644041587055 c1=1:24644041587264 c2=2:24644041611014 c3=3:24644041645389 CH: 3/id3/k0 18/id2/k1 44/id12/k2 59/id11/k3
FS n=64 fsseq=538908 buf=7 c0=0:24644063694711 c1=1:24644064196743 c2=2:24644063702003 c3=3:24644064023930 CH: 7/id7/k0 22/id6/k1 40/id8/k2 56/id8/k3
FS n=64 fsseq=538908 buf=7 c0=0:24644063694711 c1=1:24644064196743 c2=2:24644063702003 c3=3:24644064023930 CH:
FS n=64 fsseq=538908 buf=7 c0=0:24644063694711 c1=1:24644064196743 c2=2:24644063702003 c3=3:24644064023930 CH:
FS n=64 fsseq=538120 buf=11 c0=0:24644081615232 c1=1:24644081615232 c2=2:24644081673878 c3=3:24644081680961 CH: 11/id11/k0 19/id3/k1 45/id13/k2 57/id9/k3
FS n=64 fsseq=538120 buf=11 c0=0:24644081615232 c1=1:24644081615232 c2=2:24644081673878 c3=3:24644081680961 CH:
FS n=64 fsseq=538120 buf=11 c0=0:24644081615232 c1=1:24644081615232 c2=2:24644081673878 c3=3:24644081680961 CH:
FS n=64 fsseq=538909 buf=1 c0=0:24644103705389 c1=1:24644104203826 c2=2:24644103717211 c3=3:24644104044972 CH: 1/id1/k0 27/id11/k1 32/id0/k2 48/id0/k3
FS n=64 fsseq=538909 buf=1 c0=0:24644103705389 c1=1:24644104203826 c2=2:24644103717211 c3=3:24644104044972 CH:
FS n=64 fsseq=538909 buf=1 c0=0:24644103705389 c1=1:24644104203826 c2=2:24644103717211 c3=3:24644104044972 CH:
FS n=64 fsseq=538121 buf=13 c0=0:24644121588305 c1=1:24644121588618 c2=2:24644121619555 c3=3:24644121666795 CH: 13/id13/k0 21/id5/k1 46/id14/k2 60/id12/k3
FS n=64 fsseq=538121 buf=13 c0=0:24644121588305 c1=1:24644121588618 c2=2:24644121619555 c3=3:24644121666795 CH:
FS n=64 fsseq=538121 buf=13 c0=0:24644121588305 c1=1:24644121588618 c2=2:24644121619555 c3=3:24644121666795 CH:
FS n=64 fsseq=538910 buf=5 c0=0:24644143755076 c1=1:24644144211274 c2=2:24644143758618 c3=3:24644144046795 CH: 29/id13/k1 36/id4/k2 52/id4/k3
FS n=64 fsseq=538910 buf=5 c0=0:24644143755076 c1=1:24644144211274 c2=2:24644143758618 c3=3:24644144046795 CH:
FS n=64 fsseq=538910 buf=5 c0=0:24644143755076 c1=1:24644144211274 c2=2:24644143758618 c3=3:24644144046795 CH:
FS n=64 fsseq=538122 buf=15 c0=0:24644161600545 c1=1:24644161600336 c2=2:24644161637263 c3=3:24644161679555 CH: 15/id15/k0 20/id4/k1 38/id6/k2 62/id14/k3
FS n=64 fsseq=538122 buf=15 c0=0:24644161600545 c1=1:24644161600336 c2=2:24644161637263 c3=3:24644161679555 CH:
FS n=64 fsseq=538122 buf=15 c0=0:24644161600545 c1=1:24644161600336 c2=2:24644161637263 c3=3:24644161679555 CH:
FS n=64 fsseq=538911 buf=0 c0=0:24644183740649 c1=1:24644184204763 c2=2:24644183740649 c3=3:24644184037993 CH: 0/id0/k0 24/id8/k1 33/id1/k2 49/id1/k3
FS n=64 fsseq=538911 buf=0 c0=0:24644183740649 c1=1:24644184204763 c2=2:24644183740649 c3=3:24644184037993 CH:
FS n=64 fsseq=538911 buf=0 c0=0:24644183740649 c1=1:24644184204763 c2=2:24644183740649 c3=3:24644184037993 CH:
FS n=64 fsseq=538123 buf=2 c0=0:24644201592263 c1=1:24644201593566 c2=2:24644201643566 c3=3:24644201651899 CH:
FS n=64 fsseq=538123 buf=2 c0=0:24644201592263 c1=1:24644201593566 c2=2:24644201643566 c3=3:24644201651899 CH:
FS n=64 fsseq=538123 buf=2 c0=0:24644201592263 c1=1:24644201593566 c2=2:24644201643566 c3=3:24644201651899 CH: 2/id2/k0 25/id9/k1 41/id9/k2 54/id6/k3
FS n=64 fsseq=538912 buf=4 c0=0:24644223748149 c1=1:24644224205232 c2=2:24644223748149 c3=3:24644224036170 CH: 4/id4/k0 30/id14/k1 39/id7/k2 50/id2/k3
FS n=64 fsseq=538912 buf=4 c0=0:24644223748149 c1=1:24644224205232 c2=2:24644223748149 c3=3:24644224036170 CH:
FS n=64 fsseq=538912 buf=4 c0=0:24644223748149 c1=1:24644224205232 c2=2:24644223748149 c3=3:24644224036170 CH:
FS n=64 fsseq=538124 buf=12 c0=0:24644241612263 c1=1:24644241612576 c2=2:24644241650388 c3=3:24644241692159 CH: 12/id12/k0 26/id10/k1 43/id11/k2 58/id10/k3
FS n=64 fsseq=538124 buf=12 c0=0:24644241612263 c1=1:24644241612576 c2=2:24644241650388 c3=3:24644241692159 CH: 5/id5/k0
FS n=64 fsseq=538124 buf=12 c0=0:24644241612263 c1=1:24644241612576 c2=2:24644241650388 c3=3:24644241692159 CH:
FS n=64 fsseq=538913 buf=6 c0=0:24644263698149 c1=1:24644264222420 c2=2:24644263698201 c3=3:24644264031326 CH: 6/id6/k0 28/id12/k1
FS n=64 fsseq=538913 buf=6 c0=0:24644263698149 c1=1:24644264222420 c2=2:24644263698201 c3=3:24644264031326 CH: 6/id6/k0 28/id12/k1 37/id5/k2 51/id3/k3
FS n=64 fsseq=538913 buf=6 c0=0:24644263698149 c1=1:24644264222420 c2=2:24644263698201 c3=3:24644264031326 CH: 37/id5/k2 51/id3/k3
FS n=64 fsseq=538125 buf=14 c0=0:24644281600805 c1=1:24644281610284 c2=2:24644281637888 c3=3:24644281661638 CH: 5/id5/k0 14/id14/k0 23/id7/k1 47/id15/k2 61/id13/k3
FS n=64 fsseq=538125 buf=14 c0=0:24644281600805 c1=1:24644281610284 c2=2:24644281637888 c3=3:24644281661638 CH: 5/id5/k0 14/id14/k0 23/id7/k1 47/id15/k2 61/id13/k3
FS n=64 fsseq=538125 buf=14 c0=0:24644281600805 c1=1:24644281610284 c2=2:24644281637888 c3=3:24644281661638 CH:
FS n=64 fsseq=538914 buf=8 c0=0:24644303721274 c1=1:24644304208618 c2=2:24644303723409 c3=3:24644304043461 CH:
FS n=64 fsseq=538914 buf=8 c0=0:24644303721274 c1=1:24644304208618 c2=2:24644303723409 c3=3:24644304043461 CH: 8/id8/k0 31/id15/k1 34/id2/k2 53/id5/k3
FS n=64 fsseq=538914 buf=8 c0=0:24644303721274 c1=1:24644304208618 c2=2:24644303723409 c3=3:24644304043461 CH: 8/id8/k0
FS n=64 fsseq=538126 buf=9 c0=0:24644321603982 c1=1:24644321604034 c2=2:24644321654659 c3=3:24644321667159 CH: 9/id9/k0 16/id0/k1 42/id10/k2 63/id15/k3
FS n=64 fsseq=538126 buf=9 c0=0:24644321603982 c1=1:24644321604034 c2=2:24644321654659 c3=3:24644321667159 CH:
FS n=64 fsseq=538126 buf=9 c0=0:24644321603982 c1=1:24644321604034 c2=2:24644321654659 c3=3:24644321667159 CH:
FS n=64 fsseq=538915 buf=10 c0=0:24644343699034 c1=1:24644344209451 c2=2:24644343711482 c3=3:24644344037524 CH: 35/id3/k2 55/id7/k3
FS n=64 fsseq=538915 buf=10 c0=0:24644343699034 c1=1:24644344209451 c2=2:24644343711482 c3=3:24644344037524 CH: 10/id10/k0 17/id1/k1
FS n=64 fsseq=538915 buf=10 c0=0:24644343699034 c1=1:24644344209451 c2=2:24644343711482 c3=3:24644344037524 CH:
FS n=64 fsseq=538127 buf=3 c0=0:24644361617888 c1=1:24644361617836 c2=2:24644361643618 c3=3:24644361700805 CH:
FS n=64 fsseq=538127 buf=3 c0=0:24644361617888 c1=1:24644361617836 c2=2:24644361643618 c3=3:24644361700805 CH: 3/id3/k0 18/id2/k1 44/id12/k2 59/id11/k3
FS n=64 fsseq=538127 buf=3 c0=0:24644361617888 c1=1:24644361617836 c2=2:24644361643618 c3=3:24644361700805 CH: 18/id2/k1
FS n=64 fsseq=538916 buf=7 c0=0:24644383725545 c1=1:24644384208305 c2=2:24644383725128 c3=3:24644384038826 CH: 7/id7/k0 22/id6/k1 40/id8/k2 56/id8/k3
FS n=64 fsseq=538916 buf=7 c0=0:24644383725545 c1=1:24644384208305 c2=2:24644383725128 c3=3:24644384038826 CH:
FS n=64 fsseq=538916 buf=7 c0=0:24644383725545 c1=1:24644384208305 c2=2:24644383725128 c3=3:24644384038826 CH:
FS n=64 fsseq=538128 buf=11 c0=0:24644401777315 c1=1:24644401857211 c2=2:24644401841586 c3=3:24644401892368 CH: 19/id3/k1 45/id13/k2 57/id9/k3
FS n=64 fsseq=538128 buf=11 c0=0:24644401777315 c1=1:24644401857211 c2=2:24644401841586 c3=3:24644401892368 CH: 11/id11/k0 57/id9/k3
FS n=64 fsseq=538128 buf=11 c0=0:24644401777315 c1=1:24644401857211 c2=2:24644401841586 c3=3:24644401892368 CH: 11/id11/k0 19/id3/k1 45/id13/k2 57/id9/k3
FS n=64 fsseq=538917 buf=1 c0=0:24644424041586 c1=1:24644424204920 c2=2:24644424064920 c3=3:24644424105336 CH: 1/id1/k0 27/id11/k1 32/id0/k2 48/id0/k3
FS n=64 fsseq=538917 buf=1 c0=0:24644424041586 c1=1:24644424204920 c2=2:24644424064920 c3=3:24644424105336 CH:
FS n=64 fsseq=538917 buf=1 c0=0:24644424041586 c1=1:24644424204920 c2=2:24644424064920 c3=3:24644424105336 CH:
FS n=64 fsseq=538129 buf=13 c0=0:24644441985024 c1=1:24644441985024 c2=2:24644442028982 c3=3:24644442176690 CH:
FS n=64 fsseq=538129 buf=13 c0=0:24644441985024 c1=1:24644441985024 c2=2:24644442028982 c3=3:24644442176690 CH: 13/id13/k0 21/id5/k1 46/id14/k2 60/id12/k3
FS n=64 fsseq=538129 buf=13 c0=0:24644441985024 c1=1:24644441985024 c2=2:24644442028982 c3=3:24644442176690 CH:
FS n=64 fsseq=538918 buf=5 c0=0:24644463741795 c1=1:24644464216274 c2=2:24644463747680 c3=3:24644464043201 CH: 5/id5/k0 29/id13/k1 36/id4/k2 52/id4/k3
FS n=64 fsseq=538918 buf=5 c0=0:24644463741795 c1=1:24644464216274 c2=2:24644463747680 c3=3:24644464043201 CH:
FS n=64 fsseq=538918 buf=5 c0=0:24644463741795 c1=1:24644464216274 c2=2:24644463747680 c3=3:24644464043201 CH:
FS n=64 fsseq=538130 buf=15 c0=0:24644481605336 c1=1:24644481606274 c2=2:24644481660232 c3=3:24644481671274 CH:
FS n=64 fsseq=538130 buf=15 c0=0:24644481605336 c1=1:24644481606274 c2=2:24644481660232 c3=3:24644481671274 CH: 15/id15/k0 20/id4/k1 38/id6/k2 62/id14/k3
FS n=64 fsseq=538130 buf=15 c0=0:24644481605336 c1=1:24644481606274 c2=2:24644481660232 c3=3:24644481671274 CH:
FS n=64 fsseq=538919 buf=0 c0=0:24644503719295 c1=1:24644504311899 c2=2:24644503728670 c3=3:24644504038461 CH: 0/id0/k0 33/id1/k2 49/id1/k3
FS n=64 fsseq=538919 buf=0 c0=0:24644503719295 c1=1:24644504311899 c2=2:24644503728670 c3=3:24644504038461 CH: 33/id1/k2 49/id1/k3
FS n=64 fsseq=538919 buf=0 c0=0:24644503719295 c1=1:24644504311899 c2=2:24644503728670 c3=3:24644504038461 CH: 0/id0/k0 24/id8/k1
FS n=64 fsseq=538131 buf=2 c0=0:24644521609295 c1=1:24644521668097 c2=2:24644521673565 c3=3:24644521717784 CH: 2/id2/k0 25/id9/k1 41/id9/k2 54/id6/k3
FS n=64 fsseq=538131 buf=2 c0=0:24644521609295 c1=1:24644521668097 c2=2:24644521673565 c3=3:24644521717784 CH: 54/id6/k3
FS n=64 fsseq=538131 buf=2 c0=0:24644521609295 c1=1:24644521668097 c2=2:24644521673565 c3=3:24644521717784 CH: 41/id9/k2
FS n=64 fsseq=538920 buf=4 c0=0:24644543710753 c1=1:24644544209451 c2=2:24644543714347 c3=3:24644544035961 CH: 4/id4/k0 30/id14/k1 39/id7/k2 50/id2/k3
FS n=64 fsseq=538920 buf=4 c0=0:24644543710753 c1=1:24644544209451 c2=2:24644543714347 c3=3:24644544035961 CH:
FS n=64 fsseq=538920 buf=4 c0=0:24644543710753 c1=1:24644544209451 c2=2:24644543714347 c3=3:24644544035961 CH:
FS n=64 fsseq=538132 buf=12 c0=0:24644561657680 c1=1:24644561665701 c2=2:24644561724763 c3=3:24644561759347 CH: 26/id10/k1 43/id11/k2 58/id10/k3
FS n=64 fsseq=538132 buf=12 c0=0:24644561657680 c1=1:24644561665701 c2=2:24644561724763 c3=3:24644561759347 CH: 58/id10/k3
FS n=64 fsseq=538132 buf=12 c0=0:24644561657680 c1=1:24644561665701 c2=2:24644561724763 c3=3:24644561759347 CH: 12/id12/k0 26/id10/k1 43/id11/k2 58/id10/k3
FS n=64 fsseq=538921 buf=6 c0=0:24644583717159 c1=1:24644584213513 c2=2:24644583717159 c3=3:24644584037680 CH: 6/id6/k0 28/id12/k1 37/id5/k2 51/id3/k3
FS n=64 fsseq=538921 buf=6 c0=0:24644583717159 c1=1:24644584213513 c2=2:24644583717159 c3=3:24644584037680 CH:
FS n=64 fsseq=538921 buf=6 c0=0:24644583717159 c1=1:24644584213513 c2=2:24644583717159 c3=3:24644584037680 CH: 6/id6/k0
FS n=64 fsseq=538133 buf=14 c0=0:24644601605232 c1=1:24644601606378 c2=2:24644601660336 c3=3:24644601667367 CH: 14/id14/k0 23/id7/k1 47/id15/k2 61/id13/k3
FS n=64 fsseq=538133 buf=14 c0=0:24644601605232 c1=1:24644601606378 c2=2:24644601660336 c3=3:24644601667367 CH:
FS n=64 fsseq=538133 buf=14 c0=0:24644601605232 c1=1:24644601606378 c2=2:24644601660336 c3=3:24644601667367 CH:
FS n=64 fsseq=538922 buf=8 c0=0:24644623759399 c1=1:24644624222003 c2=2:24644623759190 c3=3:24644624048878 CH: 8/id8/k0 31/id15/k1 34/id2/k2 53/id5/k3
FS n=64 fsseq=538922 buf=8 c0=0:24644623759399 c1=1:24644624222003 c2=2:24644623759190 c3=3:24644624048878 CH: 8/id8/k0 31/id15/k1 34/id2/k2 53/id5/k3
FS n=64 fsseq=538922 buf=8 c0=0:24644623759399 c1=1:24644624222003 c2=2:24644623759190 c3=3:24644624048878 CH:
FS n=64 fsseq=538134 buf=9 c0=0:24644641606013 c1=1:24644641605961 c2=2:24644641650805 c3=3:24644641661482 CH: 42/id10/k2 63/id15/k3
FS n=64 fsseq=538134 buf=9 c0=0:24644641606013 c1=1:24644641605961 c2=2:24644641650805 c3=3:24644641661482 CH: 9/id9/k0 16/id0/k1 42/id10/k2 63/id15/k3
FS n=64 fsseq=538134 buf=9 c0=0:24644641606013 c1=1:24644641605961 c2=2:24644641650805 c3=3:24644641661482 CH:
FS n=64 fsseq=538923 buf=10 c0=0:24644663717784 c1=1:24644664211117 c2=2:24644663728565 c3=3:24644664043826 CH:
FS n=64 fsseq=538923 buf=10 c0=0:24644663717784 c1=1:24644664211117 c2=2:24644663728565 c3=3:24644664043826 CH: 10/id10/k0 17/id1/k1 35/id3/k2 55/id7/k3
FS n=64 fsseq=538923 buf=10 c0=0:24644663717784 c1=1:24644664211117 c2=2:24644663728565 c3=3:24644664043826 CH:
FS n=64 fsseq=538135 buf=3 c0=0:24644681608670 c1=1:24644681608617 c2=2:24644681657680 c3=3:24644681666117 CH: 3/id3/k0 18/id2/k1 44/id12/k2 59/id11/k3
FS n=64 fsseq=538135 buf=3 c0=0:24644681608670 c1=1:24644681608617 c2=2:24644681657680 c3=3:24644681666117 CH:
FS n=64 fsseq=538135 buf=3 c0=0:24644681608670 c1=1:24644681608617 c2=2:24644681657680 c3=3:24644681666117 CH:
FS n=64 fsseq=538924 buf=7 c0=0:24644703714659 c1=1:24644704212420 c2=2:24644703726690 c3=3:24644704066534 CH: 7/id7/k0 22/id6/k1 40/id8/k2 56/id8/k3
FS n=64 fsseq=538924 buf=7 c0=0:24644703714659 c1=1:24644704212420 c2=2:24644703726690 c3=3:24644704066534 CH:
FS n=64 fsseq=538924 buf=7 c0=0:24644703714659 c1=1:24644704212420 c2=2:24644703726690 c3=3:24644704066534 CH:
FS n=64 fsseq=538136 buf=11 c0=0:24644721628565 c1=1:24644721628513 c2=2:24644721650076 c3=3:24644721706951 CH: 11/id11/k0 19/id3/k1 45/id13/k2 57/id9/k3
FS n=64 fsseq=538136 buf=11 c0=0:24644721628565 c1=1:24644721628513 c2=2:24644721650076 c3=3:24644721706951 CH:
FS n=64 fsseq=538136 buf=11 c0=0:24644721628565 c1=1:24644721628513 c2=2:24644721650076 c3=3:24644721706951 CH:
FS n=64 fsseq=538925 buf=1 c0=0:24644743745180 c1=1:24644744216742 c2=2:24644743749242 c3=3:24644744052472 CH: 1/id1/k0 27/id11/k1 32/id0/k2 48/id0/k3
FS n=64 fsseq=538925 buf=1 c0=0:24644743745180 c1=1:24644744216742 c2=2:24644743749242 c3=3:24644744052472 CH:
FS n=64 fsseq=538925 buf=1 c0=0:24644743745180 c1=1:24644744216742 c2=2:24644743749242 c3=3:24644744052472 CH:
FS n=64 fsseq=538137 buf=13 c0=0:24644761619190 c1=1:24644761619242 c2=2:24644761665492 c3=3:24644761678305 CH: 46/id14/k2 60/id12/k3
FS n=64 fsseq=538137 buf=13 c0=0:24644761619190 c1=1:24644761619242 c2=2:24644761665492 c3=3:24644761678305 CH: 13/id13/k0 21/id5/k1
FS n=64 fsseq=538137 buf=13 c0=0:24644761619190 c1=1:24644761619242 c2=2:24644761665492 c3=3:24644761678305 CH: 21/id5/k1
FS n=64 fsseq=538926 buf=5 c0=0:24644783732211 c1=1:24644784219503 c2=2:24644783735284 c3=3:24644784046326 CH: 5/id5/k0 29/id13/k1 36/id4/k2 52/id4/k3
FS n=64 fsseq=538926 buf=5 c0=0:24644783732211 c1=1:24644784219503 c2=2:24644783735284 c3=3:24644784046326 CH: 5/id5/k0 29/id13/k1 52/id4/k3
FS n=64 fsseq=538926 buf=5 c0=0:24644783732211 c1=1:24644784219503 c2=2:24644783735284 c3=3:24644784046326 CH:
FS n=64 fsseq=538138 buf=15 c0=0:24644801603513 c1=1:24644801603565 c2=2:24644801630440 c3=3:24644801674503 CH: 15/id15/k0 20/id4/k1 38/id6/k2 62/id14/k3
FS n=64 fsseq=538138 buf=15 c0=0:24644801603513 c1=1:24644801603565 c2=2:24644801630440 c3=3:24644801674503 CH:
FS n=64 fsseq=538138 buf=15 c0=0:24644801603513 c1=1:24644801603565 c2=2:24644801630440 c3=3:24644801674503 CH:
FS n=64 fsseq=538927 buf=0 c0=0:24644823703461 c1=1:24644824211326 c2=2:24644823704972 c3=3:24644824039034 CH: 49/id1/k3
FS n=64 fsseq=538927 buf=0 c0=0:24644823703461 c1=1:24644824211326 c2=2:24644823704972 c3=3:24644824039034 CH: 0/id0/k0 24/id8/k1 33/id1/k2 49/id1/k3
FS n=64 fsseq=538927 buf=0 c0=0:24644823703461 c1=1:24644824211326 c2=2:24644823704972 c3=3:24644824039034 CH: 49/id1/k3
FS n=64 fsseq=538139 buf=2 c0=0:24644841609555 c1=1:24644841682784 c2=2:24644841668461 c3=3:24644841670024 CH:
FS n=64 fsseq=538139 buf=2 c0=0:24644841609555 c1=1:24644841682784 c2=2:24644841668461 c3=3:24644841670024 CH: 2/id2/k0 25/id9/k1 41/id9/k2 54/id6/k3
FS n=64 fsseq=538139 buf=2 c0=0:24644841609555 c1=1:24644841682784 c2=2:24644841668461 c3=3:24644841670024 CH:
FS n=64 fsseq=538928 buf=4 c0=0:24644863718669 c1=1:24644864216638 c2=2:24644863722159 c3=3:24644864037784 CH:
FS n=64 fsseq=538928 buf=4 c0=0:24644863718669 c1=1:24644864216638 c2=2:24644863722159 c3=3:24644864037784 CH: 4/id4/k0 30/id14/k1 39/id7/k2 50/id2/k3
FS n=64 fsseq=538928 buf=4 c0=0:24644863718669 c1=1:24644864216638 c2=2:24644863722159 c3=3:24644864037784 CH:
FS n=64 fsseq=538140 buf=12 c0=0:24644881739294 c1=1:24644881692784 c2=2:24644881692732 c3=3:24644881727836 CH: 12/id12/k0 26/id10/k1 58/id10/k3
FS n=64 fsseq=538140 buf=12 c0=0:24644881739294 c1=1:24644881692784 c2=2:24644881692732 c3=3:24644881727836 CH: 12/id12/k0 26/id10/k1 43/id11/k2 58/id10/k3
FS n=64 fsseq=538140 buf=12 c0=0:24644881739294 c1=1:24644881692784 c2=2:24644881692732 c3=3:24644881727836 CH: 43/id11/k2
FS n=64 fsseq=538929 buf=6 c0=0:24644903742576 c1=1:24644904215492 c2=2:24644903742367 c3=3:24644904049242 CH: 6/id6/k0 28/id12/k1 37/id5/k2 51/id3/k3
FS n=64 fsseq=538929 buf=6 c0=0:24644903742576 c1=1:24644904215492 c2=2:24644903742367 c3=3:24644904049242 CH:
FS n=64 fsseq=538929 buf=6 c0=0:24644903742576 c1=1:24644904215492 c2=2:24644903742367 c3=3:24644904049242 CH:
FS n=64 fsseq=538141 buf=14 c0=0:24644921650701 c1=1:24644921625284 c2=2:24644921625284 c3=3:24644921662576 CH: 14/id14/k0 23/id7/k1 47/id15/k2 61/id13/k3
FS n=64 fsseq=538141 buf=14 c0=0:24644921650701 c1=1:24644921625284 c2=2:24644921625284 c3=3:24644921662576 CH:
FS n=64 fsseq=538141 buf=14 c0=0:24644921650701 c1=1:24644921625284 c2=2:24644921625284 c3=3:24644921662576 CH:
FS n=64 fsseq=538930 buf=8 c0=0:24644943752211 c1=1:24644944223722 c2=2:24644943751951 c3=3:24644944050753 CH: 8/id8/k0 31/id15/k1 34/id2/k2 53/id5/k3
FS n=64 fsseq=538930 buf=8 c0=0:24644943752211 c1=1:24644944223722 c2=2:24644943751951 c3=3:24644944050753 CH:
FS n=64 fsseq=538930 buf=8 c0=0:24644943752211 c1=1:24644944223722 c2=2:24644943751951 c3=3:24644944050753 CH:
FS n=64 fsseq=538142 buf=9 c0=0:24644961674972 c1=1:24644961635597 c2=2:24644961645440 c3=3:24644961707732 CH: 42/id10/k2 63/id15/k3
FS n=64 fsseq=538142 buf=9 c0=0:24644961674972 c1=1:24644961635597 c2=2:24644961645440 c3=3:24644961707732 CH: 9/id9/k0 16/id0/k1 42/id10/k2 63/id15/k3
FS n=64 fsseq=538142 buf=9 c0=0:24644961674972 c1=1:24644961635597 c2=2:24644961645440 c3=3:24644961707732 CH:
FS n=64 fsseq=538931 buf=10 c0=0:24644983742628 c1=1:24644984215440 c2=2:24644983742732 c3=3:24644984047524 CH: 17/id1/k1
FS n=64 fsseq=538931 buf=10 c0=0:24644983742628 c1=1:24644984215440 c2=2:24644983742732 c3=3:24644984047524 CH: 10/id10/k0 17/id1/k1 35/id3/k2 55/id7/k3
FS n=64 fsseq=538931 buf=10 c0=0:24644983742628 c1=1:24644984215440 c2=2:24644983742732 c3=3:24644984047524 CH:
FS n=64 fsseq=538143 buf=3 c0=0:24645001609399 c1=1:24645001609399 c2=2:24645001653617 c3=3:24645001679294 CH:
FS n=64 fsseq=538143 buf=3 c0=0:24645001609399 c1=1:24645001609399 c2=2:24645001653617 c3=3:24645001679294 CH: 18/id2/k1 44/id12/k2 59/id11/k3
FS n=64 fsseq=538143 buf=3 c0=0:24645001609399 c1=1:24645001609399 c2=2:24645001653617 c3=3:24645001679294 CH: 3/id3/k0 18/id2/k1
FS n=64 fsseq=538932 buf=7 c0=0:24645023721690 c1=1:24645024220024 c2=2:24645023726742 c3=3:24645024046742 CH: 7/id7/k0 22/id6/k1 40/id8/k2 56/id8/k3
FS n=64 fsseq=538932 buf=7 c0=0:24645023721690 c1=1:24645024220024 c2=2:24645023726742 c3=3:24645024046742 CH:
FS n=64 fsseq=538932 buf=7 c0=0:24645023721690 c1=1:24645024220024 c2=2:24645023726742 c3=3:24645024046742 CH:
FS n=64 fsseq=538144 buf=11 c0=0:24645041653149 c1=1:24645041670857 c2=2:24645041766534 c3=3:24645041733513 CH: 11/id11/k0 19/id3/k1 45/id13/k2 57/id9/k3
FS n=64 fsseq=538144 buf=11 c0=0:24645041653149 c1=1:24645041670857 c2=2:24645041766534 c3=3:24645041733513 CH:
FS n=64 fsseq=538144 buf=11 c0=0:24645041653149 c1=1:24645041670857 c2=2:24645041766534 c3=3:24645041733513 CH:
FS n=64 fsseq=538933 buf=1 c0=0:24645063730596 c1=1:24645064227211 c2=2:24645063743357 c3=3:24645064060701 CH: 48/id0/k3
FS n=64 fsseq=538933 buf=1 c0=0:24645063730596 c1=1:24645064227211 c2=2:24645063743357 c3=3:24645064060701 CH: 1/id1/k0 27/id11/k1 32/id0/k2 48/id0/k3
FS n=64 fsseq=538933 buf=1 c0=0:24645063730596 c1=1:24645064227211 c2=2:24645063743357 c3=3:24645064060701 CH:
FS n=64 fsseq=538145 buf=13 c0=0:24645081604503 c1=1:24645081607471 c2=2:24645081636899 c3=3:24645081686274 CH: 13/id13/k0 21/id5/k1 46/id14/k2 60/id12/k3
FS n=64 fsseq=538145 buf=13 c0=0:24645081604503 c1=1:24645081607471 c2=2:24645081636899 c3=3:24645081686274 CH: 21/id5/k1 60/id12/k3
FS n=64 fsseq=538145 buf=13 c0=0:24645081604503 c1=1:24645081607471 c2=2:24645081636899 c3=3:24645081686274 CH: 60/id12/k3
FS n=64 fsseq=538934 buf=5 c0=0:24645103715492 c1=1:24645104231742 c2=2:24645103721274 c3=3:24645104053982 CH: 52/id4/k3
FS n=64 fsseq=538934 buf=5 c0=0:24645103715492 c1=1:24645104231742 c2=2:24645103721274 c3=3:24645104053982 CH: 52/id4/k3
FS n=64 fsseq=538934 buf=5 c0=0:24645103715492 c1=1:24645104231742 c2=2:24645103721274 c3=3:24645104053982 CH: 5/id5/k0 29/id13/k1 36/id4/k2 52/id4/k3
FS n=64 fsseq=538146 buf=15 c0=0:24645121613096 c1=1:24645121612680 c2=2:24645121695232 c3=3:24645121669294 CH: 15/id15/k0 20/id4/k1 38/id6/k2 62/id14/k3
FS n=64 fsseq=538146 buf=15 c0=0:24645121613096 c1=1:24645121612680 c2=2:24645121695232 c3=3:24645121669294 CH: 20/id4/k1 62/id14/k3
FS n=64 fsseq=538146 buf=15 c0=0:24645121613096 c1=1:24645121612680 c2=2:24645121695232 c3=3:24645121669294 CH: 20/id4/k1 62/id14/k3
FS n=64 fsseq=538935 buf=0 c0=0:24645143706794 c1=1:24645144218357 c2=2:24645143722315 c3=3:24645144066169 CH:
FS n=64 fsseq=538935 buf=0 c0=0:24645143706794 c1=1:24645144218357 c2=2:24645143722315 c3=3:24645144066169 CH: 49/id1/k3
FS n=64 fsseq=538935 buf=0 c0=0:24645143706794 c1=1:24645144218357 c2=2:24645143722315 c3=3:24645144066169 CH: 0/id0/k0 24/id8/k1 33/id1/k2
FS n=64 fsseq=538147 buf=2 c0=0:24645161612003 c1=1:24645161612732 c2=2:24645161662211 c3=3:24645161669451 CH: 2/id2/k0 25/id9/k1 41/id9/k2 54/id6/k3
FS n=64 fsseq=538147 buf=2 c0=0:24645161612003 c1=1:24645161612732 c2=2:24645161662211 c3=3:24645161669451 CH:
FS n=64 fsseq=538147 buf=2 c0=0:24645161612003 c1=1:24645161612732 c2=2:24645161662211 c3=3:24645161669451 CH:
FS n=64 fsseq=538936 buf=4 c0=0:24645183712732 c1=1:24645184215649 c2=2:24645183721326 c3=3:24645184051899 CH: 4/id4/k0 30/id14/k1 39/id7/k2 50/id2/k3
FS n=64 fsseq=538936 buf=4 c0=0:24645183712732 c1=1:24645184215649 c2=2:24645183721326 c3=3:24645184051899 CH:
FS n=64 fsseq=538936 buf=4 c0=0:24645183712732 c1=1:24645184215649 c2=2:24645183721326 c3=3:24645184051899 CH:
FS n=64 fsseq=538148 buf=12 c0=0:24645201645180 c1=1:24645201645232 c2=2:24645201703253 c3=3:24645201715492 CH: 12/id12/k0 26/id10/k1 43/id11/k2 58/id10/k3
FS n=64 fsseq=538148 buf=12 c0=0:24645201645180 c1=1:24645201645232 c2=2:24645201703253 c3=3:24645201715492 CH:
FS n=64 fsseq=538148 buf=12 c0=0:24645201645180 c1=1:24645201645232 c2=2:24645201703253 c3=3:24645201715492 CH:
FS n=64 fsseq=538937 buf=6 c0=0:24645223754711 c1=1:24645224218201 c2=2:24645223754659 c3=3:24645224051117 CH: 6/id6/k0 28/id12/k1 37/id5/k2 51/id3/k3
FS n=64 fsseq=538937 buf=6 c0=0:24645223754711 c1=1:24645224218201 c2=2:24645223754659 c3=3:24645224051117 CH:
FS n=64 fsseq=538937 buf=6 c0=0:24645223754711 c1=1:24645224218201 c2=2:24645223754659 c3=3:24645224051117 CH:
FS n=64 fsseq=538149 buf=14 c0=0:24645241660805 c1=1:24645241629451 c2=2:24645241635023 c3=3:24645241669346 CH: 14/id14/k0 23/id7/k1 47/id15/k2 61/id13/k3
FS n=64 fsseq=538149 buf=14 c0=0:24645241660805 c1=1:24645241629451 c2=2:24645241635023 c3=3:24645241669346 CH:
FS n=64 fsseq=538149 buf=14 c0=0:24645241660805 c1=1:24645241629451 c2=2:24645241635023 c3=3:24645241669346 CH:
FS n=64 fsseq=538938 buf=8 c0=0:24645263747732 c1=1:24645264254451 c2=2:24645263747419 c3=3:24645264059346 CH: 8/id8/k0 31/id15/k1 34/id2/k2 53/id5/k3
FS n=64 fsseq=538938 buf=8 c0=0:24645263747732 c1=1:24645264254451 c2=2:24645263747419 c3=3:24645264059346 CH:
FS n=64 fsseq=538938 buf=8 c0=0:24645263747732 c1=1:24645264254451 c2=2:24645263747419 c3=3:24645264059346 CH:
FS n=64 fsseq=538150 buf=9 c0=0:24645281611273 c1=1:24645281627003 c2=2:24645281637784 c3=3:24645281665492 CH:
FS n=64 fsseq=538150 buf=9 c0=0:24645281611273 c1=1:24645281627003 c2=2:24645281637784 c3=3:24645281665492 CH: 9/id9/k0 16/id0/k1 42/id10/k2 63/id15/k3
FS n=64 fsseq=538150 buf=9 c0=0:24645281611273 c1=1:24645281627003 c2=2:24645281637784 c3=3:24645281665492 CH:
FS n=64 fsseq=538939 buf=10 c0=0:24645303713044 c1=1:24645304215023 c2=2:24645303716273 c3=3:24645304043409 CH: 10/id10/k0 17/id1/k1 35/id3/k2 55/id7/k3
FS n=64 fsseq=538939 buf=10 c0=0:24645303713044 c1=1:24645304215023 c2=2:24645303716273 c3=3:24645304043409 CH:
FS n=64 fsseq=538939 buf=10 c0=0:24645303713044 c1=1:24645304215023 c2=2:24645303716273 c3=3:24645304043409 CH:
FS n=64 fsseq=538151 buf=3 c0=0:24645321611846 c1=1:24645321611846 c2=2:24645321641378 c3=3:24645321671951 CH: 3/id3/k0 18/id2/k1 44/id12/k2 59/id11/k3
FS n=64 fsseq=538151 buf=3 c0=0:24645321611846 c1=1:24645321611846 c2=2:24645321641378 c3=3:24645321671951 CH:
FS n=64 fsseq=538151 buf=3 c0=0:24645321611846 c1=1:24645321611846 c2=2:24645321641378 c3=3:24645321671951 CH:
FS n=64 fsseq=538940 buf=7 c0=0:24645343715544 c1=1:24645344223305 c2=2:24645343717784 c3=3:24645344050232 CH: 7/id7/k0 22/id6/k1 40/id8/k2 56/id8/k3
FS n=64 fsseq=538940 buf=7 c0=0:24645343715544 c1=1:24645344223305 c2=2:24645343717784 c3=3:24645344050232 CH:
FS n=64 fsseq=538940 buf=7 c0=0:24645343715544 c1=1:24645344223305 c2=2:24645343717784 c3=3:24645344050232 CH:
FS n=64 fsseq=538152 buf=11 c0=0:24645361647576 c1=1:24645361647367 c2=2:24645361720596 c3=3:24645361734711 CH: 11/id11/k0 19/id3/k1 45/id13/k2 57/id9/k3
FS n=64 fsseq=538152 buf=11 c0=0:24645361647576 c1=1:24645361647367 c2=2:24645361720596 c3=3:24645361734711 CH:
FS n=64 fsseq=538152 buf=11 c0=0:24645361647576 c1=1:24645361647367 c2=2:24645361720596 c3=3:24645361734711 CH:
FS n=64 fsseq=538941 buf=1 c0=0:24645383717159 c1=1:24645384220544 c2=2:24645383726013 c3=3:24645384054919 CH: 27/id11/k1 32/id0/k2 48/id0/k3
FS n=64 fsseq=538941 buf=1 c0=0:24645383717159 c1=1:24645384220544 c2=2:24645383726013 c3=3:24645384054919 CH: 1/id1/k0
FS n=64 fsseq=538941 buf=1 c0=0:24645383717159 c1=1:24645384220544 c2=2:24645383726013 c3=3:24645384054919 CH:
FS n=64 fsseq=538153 buf=13 c0=0:24645401618148 c1=1:24645401618201 c2=2:24645401665648 c3=3:24645401668721 CH:
FS n=64 fsseq=538153 buf=13 c0=0:24645401618148 c1=1:24645401618201 c2=2:24645401665648 c3=3:24645401668721 CH:
FS n=64 fsseq=538153 buf=13 c0=0:24645401618148 c1=1:24645401618201 c2=2:24645401665648 c3=3:24645401668721 CH: 13/id13/k0 21/id5/k1 46/id14/k2 60/id12/k3
FS n=64 fsseq=538942 buf=5 c0=0:24645423735440 c1=1:24645424231794 c2=2:24645423754555 c3=3:24645424053305 CH: 36/id4/k2 52/id4/k3
FS n=64 fsseq=538942 buf=5 c0=0:24645423735440 c1=1:24645424231794 c2=2:24645423754555 c3=3:24645424053305 CH: 29/id13/k1
FS n=64 fsseq=538942 buf=5 c0=0:24645423735440 c1=1:24645424231794 c2=2:24645423754555 c3=3:24645424053305 CH: 5/id5/k0 29/id13/k1
FS n=64 fsseq=538154 buf=15 c0=0:24645441619867 c1=1:24645441634659 c2=2:24645441665076 c3=3:24645441666430 CH:
FS n=64 fsseq=538154 buf=15 c0=0:24645441619867 c1=1:24645441634659 c2=2:24645441665076 c3=3:24645441666430 CH: 15/id15/k0 20/id4/k1 38/id6/k2 62/id14/k3
FS n=64 fsseq=538154 buf=15 c0=0:24645441619867 c1=1:24645441634659 c2=2:24645441665076 c3=3:24645441666430 CH:
FS n=64 fsseq=538943 buf=0 c0=0:24645463727575 c1=1:24645464218825 c2=2:24645463740492 c3=3:24645464065232 CH: 0/id0/k0 24/id8/k1 33/id1/k2 49/id1/k3
FS n=64 fsseq=538943 buf=0 c0=0:24645463727575 c1=1:24645464218825 c2=2:24645463740492 c3=3:24645464065232 CH:
FS n=64 fsseq=538943 buf=0 c0=0:24645463727575 c1=1:24645464218825 c2=2:24645463740492 c3=3:24645464065232 CH:
FS n=64 fsseq=538155 buf=2 c0=0:24645481617211 c1=1:24645481629555 c2=2:24645481687628 c3=3:24645481671534 CH: 54/id6/k3
FS n=64 fsseq=538155 buf=2 c0=0:24645481617211 c1=1:24645481629555 c2=2:24645481687628 c3=3:24645481671534 CH: 2/id2/k0 25/id9/k1 41/id9/k2 54/id6/k3
FS n=64 fsseq=538155 buf=2 c0=0:24645481617211 c1=1:24645481629555 c2=2:24645481687628 c3=3:24645481671534 CH: 2/id2/k0 54/id6/k3
FS n=64 fsseq=538944 buf=4 c0=0:24645503734190 c1=1:24645504224242 c2=2:24645503734294 c3=3:24645504069711 CH:
FS n=64 fsseq=538944 buf=4 c0=0:24645503734190 c1=1:24645504224242 c2=2:24645503734294 c3=3:24645504069711 CH: 4/id4/k0 30/id14/k1 39/id7/k2 50/id2/k3
FS n=64 fsseq=538944 buf=4 c0=0:24645503734190 c1=1:24645504224242 c2=2:24645503734294 c3=3:24645504069711 CH:
FS n=64 fsseq=538156 buf=12 c0=0:24645521622784 c1=1:24645521638200 c2=2:24645521703148 c3=3:24645521677159 CH: 12/id12/k0 26/id10/k1 43/id11/k2 58/id10/k3
FS n=64 fsseq=538156 buf=12 c0=0:24645521622784 c1=1:24645521638200 c2=2:24645521703148 c3=3:24645521677159 CH:
FS n=64 fsseq=538156 buf=12 c0=0:24645521622784 c1=1:24645521638200 c2=2:24645521703148 c3=3:24645521677159 CH:
FS n=64 fsseq=538945 buf=6 c0=0:24645543775023 c1=1:24645544225753 c2=2:24645543777263 c3=3:24645544130648 CH: 6/id6/k0 28/id12/k1 37/id5/k2 51/id3/k3
FS n=64 fsseq=538945 buf=6 c0=0:24645543775023 c1=1:24645544225753 c2=2:24645543777263 c3=3:24645544130648 CH:
FS n=64 fsseq=538945 buf=6 c0=0:24645543775023 c1=1:24645544225753 c2=2:24645543777263 c3=3:24645544130648 CH:
FS n=64 fsseq=538157 buf=14 c0=0:24645561614294 c1=1:24645561614294 c2=2:24645561661430 c3=3:24645561658773 CH: 23/id7/k1
FS n=64 fsseq=538157 buf=14 c0=0:24645561614294 c1=1:24645561614294 c2=2:24645561661430 c3=3:24645561658773 CH: 23/id7/k1
FS n=64 fsseq=538157 buf=14 c0=0:24645561614294 c1=1:24645561614294 c2=2:24645561661430 c3=3:24645561658773 CH: 14/id14/k0 23/id7/k1 47/id15/k2 61/id13/k3
FS n=64 fsseq=538946 buf=8 c0=0:24645583717523 c1=1:24645584223044 c2=2:24645583717992 c3=3:24645584129711 CH: 8/id8/k0 31/id15/k1 34/id2/k2 53/id5/k3
FS n=64 fsseq=538946 buf=8 c0=0:24645583717523 c1=1:24645584223044 c2=2:24645583717992 c3=3:24645584129711 CH: 8/id8/k0
FS n=64 fsseq=538946 buf=8 c0=0:24645583717523 c1=1:24645584223044 c2=2:24645583717992 c3=3:24645584129711 CH: 8/id8/k0
FS n=64 fsseq=538158 buf=9 c0=0:24645601611846 c1=1:24645601612003 c2=2:24645601635023 c3=3:24645601671586 CH: 63/id15/k3
FS n=64 fsseq=538158 buf=9 c0=0:24645601611846 c1=1:24645601612003 c2=2:24645601635023 c3=3:24645601671586 CH: 9/id9/k0 16/id0/k1 42/id10/k2 63/id15/k3
FS n=64 fsseq=538158 buf=9 c0=0:24645601611846 c1=1:24645601612003 c2=2:24645601635023 c3=3:24645601671586 CH:
FS n=64 fsseq=538947 buf=10 c0=0:24645623714815 c1=1:24645624224138 c2=2:24645623716273 c3=3:24645624131846 CH: 10/id10/k0 17/id1/k1 35/id3/k2 55/id7/k3
FS n=64 fsseq=538947 buf=10 c0=0:24645623714815 c1=1:24645624224138 c2=2:24645623716273 c3=3:24645624131846 CH:
FS n=64 fsseq=538947 buf=10 c0=0:24645623714815 c1=1:24645624224138 c2=2:24645623716273 c3=3:24645624131846 CH:
FS n=64 fsseq=538159 buf=3 c0=0:24645641628773 c1=1:24645641685805 c2=2:24645641655857 c3=3:24645641702628 CH:
FS n=64 fsseq=538159 buf=3 c0=0:24645641628773 c1=1:24645641685805 c2=2:24645641655857 c3=3:24645641702628 CH:
FS n=64 fsseq=538159 buf=3 c0=0:24645641628773 c1=1:24645641685805 c2=2:24645641655857 c3=3:24645641702628 CH: 3/id3/k0 18/id2/k1 44/id12/k2 59/id11/k3
FS n=64 fsseq=538948 buf=7 c0=0:24645663721690 c1=1:24645664225232 c2=2:24645663724607 c3=3:24645664131794 CH:
FS n=64 fsseq=538948 buf=7 c0=0:24645663721690 c1=1:24645664225232 c2=2:24645663724607 c3=3:24645664131794 CH: 7/id7/k0 22/id6/k1 40/id8/k2 56/id8/k3
FS n=64 fsseq=538948 buf=7 c0=0:24645663721690 c1=1:24645664225232 c2=2:24645663724607 c3=3:24645664131794 CH:
FS n=64 fsseq=538160 buf=11 c0=0:24645681614971 c1=1:24645681614711 c2=2:24645681644346 c3=3:24645681666065 CH: 11/id11/k0 19/id3/k1 45/id13/k2
FS n=64 fsseq=538160 buf=11 c0=0:24645681614971 c1=1:24645681614711 c2=2:24645681644346 c3=3:24645681666065 CH: 45/id13/k2 57/id9/k3
FS n=64 fsseq=538160 buf=11 c0=0:24645681614971 c1=1:24645681614711 c2=2:24645681644346 c3=3:24645681666065 CH: 57/id9/k3
FS n=64 fsseq=538949 buf=1 c0=0:24645703745440 c1=1:24645704223825 c2=2:24645703750023 c3=3:24645704130805 CH: 1/id1/k0 27/id11/k1 32/id0/k2 48/id0/k3
FS n=64 fsseq=538949 buf=1 c0=0:24645703745440 c1=1:24645704223825 c2=2:24645703750023 c3=3:24645704130805 CH:
FS n=64 fsseq=538949 buf=1 c0=0:24645703745440 c1=1:24645704223825 c2=2:24645703750023 c3=3:24645704130805 CH:
FS n=64 fsseq=538161 buf=13 c0=0:24645721612836 c1=1:24645721615180 c2=2:24645721643200 c3=3:24645721663773 CH: 13/id13/k0 21/id5/k1 46/id14/k2 60/id12/k3 63/id15/k3
FS n=64 fsseq=538161 buf=13 c0=0:24645721612836 c1=1:24645721615180 c2=2:24645721643200 c3=3:24645721663773 CH:
FS n=64 fsseq=538161 buf=13 c0=0:24645721612836 c1=1:24645721615180 c2=2:24645721643200 c3=3:24645721663773 CH:
FS n=64 fsseq=538950 buf=5 c0=0:24645743718461 c1=1:24645744221013 c2=2:24645743722471 c3=3:24645744130961 CH: 5/id5/k0 29/id13/k1 36/id4/k2 52/id4/k3
FS n=64 fsseq=538950 buf=5 c0=0:24645743718461 c1=1:24645744221013 c2=2:24645743722471 c3=3:24645744130961 CH:
FS n=64 fsseq=538950 buf=5 c0=0:24645743718461 c1=1:24645744221013 c2=2:24645743722471 c3=3:24645744130961 CH:
FS n=64 fsseq=538162 buf=15 c0=0:24645761619086 c1=1:24645761667419 c2=2:24645761643252 c3=3:24645761677211 CH: 15/id15/k0 20/id4/k1 38/id6/k2 62/id14/k3
FS n=64 fsseq=538162 buf=15 c0=0:24645761619086 c1=1:24645761667419 c2=2:24645761643252 c3=3:24645761677211 CH:
FS n=64 fsseq=538162 buf=15 c0=0:24645761619086 c1=1:24645761667419 c2=2:24645761643252 c3=3:24645761677211 CH:
FS n=64 fsseq=538951 buf=0 c0=0:24645783718513 c1=1:24645784226013 c2=2:24645783722940 c3=3:24645784133044 CH: 0/id0/k0 24/id8/k1 33/id1/k2 49/id1/k3
FS n=64 fsseq=538951 buf=0 c0=0:24645783718513 c1=1:24645784226013 c2=2:24645783722940 c3=3:24645784133044 CH:
FS n=64 fsseq=538951 buf=0 c0=0:24645783718513 c1=1:24645784226013 c2=2:24645783722940 c3=3:24645784133044 CH:
FS n=64 fsseq=538163 buf=2 c0=0:24645801615961 c1=1:24645801616377 c2=2:24645801643409 c3=3:24645801687992 CH: 25/id9/k1 41/id9/k2 54/id6/k3
FS n=64 fsseq=538163 buf=2 c0=0:24645801615961 c1=1:24645801616377 c2=2:24645801643409 c3=3:24645801687992 CH:
FS n=64 fsseq=538163 buf=2 c0=0:24645801615961 c1=1:24645801616377 c2=2:24645801643409 c3=3:24645801687992 CH: 2/id2/k0
FS n=64 fsseq=538952 buf=4 c0=0:24645823721430 c1=1:24645824228877 c2=2:24645823722471 c3=3:24645824131534 CH: 39/id7/k2 50/id2/k3
FS n=64 fsseq=538952 buf=4 c0=0:24645823721430 c1=1:24645824228877 c2=2:24645823722471 c3=3:24645824131534 CH: 4/id4/k0 30/id14/k1
FS n=64 fsseq=538952 buf=4 c0=0:24645823721430 c1=1:24645824228877 c2=2:24645823722471 c3=3:24645824131534 CH:
FS n=64 fsseq=538164 buf=12 c0=0:24645841619763 c1=1:24645841619763 c2=2:24645841639502 c3=3:24645841684555 CH: 2/id2/k0 4/id4/k0 12/id12/k0 26/id10/k1 43/id11/k2 58/id10/k3
FS n=64 fsseq=538164 buf=12 c0=0:24645841619763 c1=1:24645841619763 c2=2:24645841639502 c3=3:24645841684555 CH:
FS n=64 fsseq=538164 buf=12 c0=0:24645841619763 c1=1:24645841619763 c2=2:24645841639502 c3=3:24645841684555 CH:
FS n=64 fsseq=538953 buf=6 c0=0:24645863735961 c1=1:24645864237888 c2=2:24645863736430 c3=3:24645864142888 CH: 6/id6/k0 28/id12/k1
FS n=64 fsseq=538953 buf=6 c0=0:24645863735961 c1=1:24645864237888 c2=2:24645863736430 c3=3:24645864142888 CH: 6/id6/k0 28/id12/k1 37/id5/k2 51/id3/k3
FS n=64 fsseq=538953 buf=6 c0=0:24645863735961 c1=1:24645864237888 c2=2:24645863736430 c3=3:24645864142888 CH: 37/id5/k2 51/id3/k3
FS n=64 fsseq=538165 buf=14 c0=0:24645881613982 c1=1:24645881613877 c2=2:24645881642419 c3=3:24645881666325 CH: 14/id14/k0 23/id7/k1 47/id15/k2 61/id13/k3
FS n=64 fsseq=538165 buf=14 c0=0:24645881613982 c1=1:24645881613877 c2=2:24645881642419 c3=3:24645881666325 CH: 14/id14/k0 23/id7/k1 47/id15/k2 61/id13/k3
FS n=64 fsseq=538165 buf=14 c0=0:24645881613982 c1=1:24645881613877 c2=2:24645881642419 c3=3:24645881666325 CH:
FS n=64 fsseq=538954 buf=8 c0=0:24645903724659 c1=1:24645904222732 c2=2:24645903724554 c3=3:24645904134815 CH:
FS n=64 fsseq=538954 buf=8 c0=0:24645903724659 c1=1:24645904222732 c2=2:24645903724554 c3=3:24645904134815 CH:
FS n=64 fsseq=538954 buf=8 c0=0:24645903724659 c1=1:24645904222732 c2=2:24645903724554 c3=3:24645904134815 CH: 8/id8/k0 31/id15/k1 34/id2/k2 53/id5/k3
FS n=64 fsseq=538166 buf=9 c0=0:24645921630127 c1=1:24645921630127 c2=2:24645921679919 c3=3:24645921689711 CH: 9/id9/k0 16/id0/k1 42/id10/k2 63/id15/k3
FS n=64 fsseq=538166 buf=9 c0=0:24645921630127 c1=1:24645921630127 c2=2:24645921679919 c3=3:24645921689711 CH: 16/id0/k1 42/id10/k2 63/id15/k3
FS n=64 fsseq=538166 buf=9 c0=0:24645921630127 c1=1:24645921630127 c2=2:24645921679919 c3=3:24645921689711 CH:
FS n=64 fsseq=538955 buf=10 c0=0:24645943724867 c1=1:24645944229502 c2=2:24645943731950 c3=3:24645944138148 CH: 10/id10/k0
FS n=64 fsseq=538955 buf=10 c0=0:24645943724867 c1=1:24645944229502 c2=2:24645943731950 c3=3:24645944138148 CH: 17/id1/k1 35/id3/k2 55/id7/k3 63/id15/k3
FS n=64 fsseq=538955 buf=10 c0=0:24645943724867 c1=1:24645944229502 c2=2:24645943731950 c3=3:24645944138148 CH:
FS n=64 fsseq=538167 buf=3 c0=0:24645961681898 c1=1:24645961681117 c2=2:24645961745752 c3=3:24645961730284 CH: 3/id3/k0 18/id2/k1 44/id12/k2 59/id11/k3
FS n=64 fsseq=538167 buf=3 c0=0:24645961681898 c1=1:24645961681117 c2=2:24645961745752 c3=3:24645961730284 CH:
FS n=64 fsseq=538167 buf=3 c0=0:24645961681898 c1=1:24645961681117 c2=2:24645961745752 c3=3:24645961730284 CH:
FS n=64 fsseq=538956 buf=7 c0=0:24645983721794 c1=1:24645984227367 c2=2:24645983728982 c3=3:24645984137315 CH: 7/id7/k0 22/id6/k1 40/id8/k2 56/id8/k3
FS n=64 fsseq=538956 buf=7 c0=0:24645983721794 c1=1:24645984227367 c2=2:24645983728982 c3=3:24645984137315 CH:
FS n=64 fsseq=538956 buf=7 c0=0:24645983721794 c1=1:24645984227367 c2=2:24645983728982 c3=3:24645984137315 CH:
FS n=64 fsseq=538168 buf=11 c0=0:24646001620804 c1=1:24646001620492 c2=2:24646001652159 c3=3:24646001697523 CH: 11/id11/k0 19/id3/k1 45/id13/k2 57/id9/k3
FS n=64 fsseq=538168 buf=11 c0=0:24646001620804 c1=1:24646001620492 c2=2:24646001652159 c3=3:24646001697523 CH:
FS n=64 fsseq=538168 buf=11 c0=0:24646001620804 c1=1:24646001620492 c2=2:24646001652159 c3=3:24646001697523 CH:
FS n=64 fsseq=538957 buf=1 c0=0:24646023729346 c1=1:24646024230075 c2=2:24646023737732 c3=3:24646024139450 CH: 1/id1/k0 27/id11/k1 32/id0/k2 48/id0/k3
FS n=64 fsseq=538957 buf=1 c0=0:24646023729346 c1=1:24646024230075 c2=2:24646023737732 c3=3:24646024139450 CH: 1/id1/k0 27/id11/k1 32/id0/k2 48/id0/k3
FS n=64 fsseq=538957 buf=1 c0=0:24646023729346 c1=1:24646024230075 c2=2:24646023737732 c3=3:24646024139450 CH:
FS n=64 fsseq=538169 buf=13 c0=0:24646041628148 c1=1:24646041627992 c2=2:24646041654450 c3=3:24646041677315 CH: 13/id13/k0 21/id5/k1 46/id14/k2 60/id12/k3
FS n=64 fsseq=538169 buf=13 c0=0:24646041628148 c1=1:24646041627992 c2=2:24646041654450 c3=3:24646041677315 CH:
FS n=64 fsseq=538169 buf=13 c0=0:24646041628148 c1=1:24646041627992 c2=2:24646041654450 c3=3:24646041677315 CH:
FS n=64 fsseq=538958 buf=5 c0=0:24646063723825 c1=1:24646064230909 c2=2:24646063723877 c3=3:24646064155700 CH: 5/id5/k0 29/id13/k1 36/id4/k2 52/id4/k3
FS n=64 fsseq=538958 buf=5 c0=0:24646063723825 c1=1:24646064230909 c2=2:24646063723877 c3=3:24646064155700 CH:
FS n=64 fsseq=538958 buf=5 c0=0:24646063723825 c1=1:24646064230909 c2=2:24646063723877 c3=3:24646064155700 CH:
FS n=64 fsseq=538170 buf=15 c0=0:24646081622367 c1=1:24646081625179 c2=2:24646081680388 c3=3:24646081683877 CH: 15/id15/k0 20/id4/k1 38/id6/k2 62/id14/k3
FS n=64 fsseq=538170 buf=15 c0=0:24646081622367 c1=1:24646081625179 c2=2:24646081680388 c3=3:24646081683877 CH:
FS n=64 fsseq=538170 buf=15 c0=0:24646081622367 c1=1:24646081625179 c2=2:24646081680388 c3=3:24646081683877 CH:
FS n=64 fsseq=538959 buf=0 c0=0:24646103723461 c1=1:24646104235336 c2=2:24646103731950 c3=3:24646104137888 CH: 0/id0/k0 24/id8/k1 33/id1/k2 49/id1/k3
FS n=64 fsseq=538959 buf=0 c0=0:24646103723461 c1=1:24646104235336 c2=2:24646103731950 c3=3:24646104137888 CH:
FS n=64 fsseq=538959 buf=0 c0=0:24646103723461 c1=1:24646104235336 c2=2:24646103731950 c3=3:24646104137888 CH:
FS n=64 fsseq=538171 buf=2 c0=0:24646121646586 c1=1:24646121646586 c2=2:24646121699242 c3=3:24646121677159 CH: 2/id2/k0 25/id9/k1 41/id9/k2 54/id6/k3
FS n=64 fsseq=538171 buf=2 c0=0:24646121646586 c1=1:24646121646586 c2=2:24646121699242 c3=3:24646121677159 CH:
FS n=64 fsseq=538171 buf=2 c0=0:24646121646586 c1=1:24646121646586 c2=2:24646121699242 c3=3:24646121677159 CH:
FS n=64 fsseq=538960 buf=4 c0=0:24646143722367 c1=1:24646144234606 c2=2:24646143734034 c3=3:24646144138096 CH: 4/id4/k0
FS n=64 fsseq=538960 buf=4 c0=0:24646143722367 c1=1:24646144234606 c2=2:24646143734034 c3=3:24646144138096 CH: 30/id14/k1 39/id7/k2 50/id2/k3
FS n=64 fsseq=538960 buf=4 c0=0:24646143722367 c1=1:24646144234606 c2=2:24646143734034 c3=3:24646144138096 CH:
FS n=64 fsseq=538172 buf=12 c0=0:24646161670388 c1=1:24646161657002 c2=2:24646161671690 c3=3:24646161719867 CH:
FS n=64 fsseq=538172 buf=12 c0=0:24646161670388 c1=1:24646161657002 c2=2:24646161671690 c3=3:24646161719867 CH: 12/id12/k0 26/id10/k1 43/id11/k2 58/id10/k3
FS n=64 fsseq=538172 buf=12 c0=0:24646161670388 c1=1:24646161657002 c2=2:24646161671690 c3=3:24646161719867 CH:
FS n=64 fsseq=538961 buf=6 c0=0:24646183743200 c1=1:24646184249242 c2=2:24646183743200 c3=3:24646184161638 CH: 28/id12/k1 37/id5/k2
FS n=64 fsseq=538961 buf=6 c0=0:24646183743200 c1=1:24646184249242 c2=2:24646183743200 c3=3:24646184161638 CH: 6/id6/k0 28/id12/k1 37/id5/k2 51/id3/k3
FS n=64 fsseq=538961 buf=6 c0=0:24646183743200 c1=1:24646184249242 c2=2:24646183743200 c3=3:24646184161638 CH:
FS n=64 fsseq=538173 buf=14 c0=0:24646201621742 c1=1:24646201621846 c2=2:24646201647575 c3=3:24646201696481 CH: 23/id7/k1
FS n=64 fsseq=538173 buf=14 c0=0:24646201621742 c1=1:24646201621846 c2=2:24646201647575 c3=3:24646201696481 CH: 14/id14/k0 23/id7/k1 47/id15/k2 61/id13/k3
FS n=64 fsseq=538173 buf=14 c0=0:24646201621742 c1=1:24646201621846 c2=2:24646201647575 c3=3:24646201696481 CH:
FS n=64 fsseq=538962 buf=8 c0=0:24646223731221 c1=1:24646224230804 c2=2:24646223732731 c3=3:24646224139659 CH: 8/id8/k0 31/id15/k1 34/id2/k2 53/id5/k3
FS n=64 fsseq=538962 buf=8 c0=0:24646223731221 c1=1:24646224230804 c2=2:24646223732731 c3=3:24646224139659 CH:
FS n=64 fsseq=538962 buf=8 c0=0:24646223731221 c1=1:24646224230804 c2=2:24646223732731 c3=3:24646224139659 CH:
FS n=64 fsseq=538174 buf=9 c0=0:24646241626481 c1=1:24646241626586 c2=2:24646241677679 c3=3:24646241713669 CH: 9/id9/k0 16/id0/k1 42/id10/k2 63/id15/k3
FS n=64 fsseq=538174 buf=9 c0=0:24646241626481 c1=1:24646241626586 c2=2:24646241677679 c3=3:24646241713669 CH:
FS n=64 fsseq=538174 buf=9 c0=0:24646241626481 c1=1:24646241626586 c2=2:24646241677679 c3=3:24646241713669 CH:
FS n=64 fsseq=538963 buf=10 c0=0:24646263731690 c1=1:24646264234450 c2=2:24646263731481 c3=3:24646264137054 CH: 10/id10/k0 17/id1/k1 35/id3/k2 55/id7/k3
FS n=64 fsseq=538963 buf=10 c0=0:24646263731690 c1=1:24646264234450 c2=2:24646263731481 c3=3:24646264137054 CH:
FS n=64 fsseq=538963 buf=10 c0=0:24646263731690 c1=1:24646264234450 c2=2:24646263731481 c3=3:24646264137054 CH:
FS n=64 fsseq=538175 buf=3 c0=0:24646281648513 c1=1:24646281686013 c2=2:24646281708669 c3=3:24646281717992 CH: 3/id3/k0 18/id2/k1 44/id12/k2 59/id11/k3
FS n=64 fsseq=538175 buf=3 c0=0:24646281648513 c1=1:24646281686013 c2=2:24646281708669 c3=3:24646281717992 CH: 3/id3/k0 18/id2/k1 44/id12/k2 59/id11/k3
FS n=64 fsseq=538175 buf=3 c0=0:24646281648513 c1=1:24646281686013 c2=2:24646281708669 c3=3:24646281717992 CH:
FS n=64 fsseq=538964 buf=7 c0=0:24646303728096 c1=1:24646304237002 c2=2:24646303735336 c3=3:24646304144294 CH: 7/id7/k0 22/id6/k1 40/id8/k2 56/id8/k3
FS n=64 fsseq=538964 buf=7 c0=0:24646303728096 c1=1:24646304237002 c2=2:24646303735336 c3=3:24646304144294 CH:
FS n=64 fsseq=538964 buf=7 c0=0:24646303728096 c1=1:24646304237002 c2=2:24646303735336 c3=3:24646304144294 CH:
FS n=64 fsseq=538176 buf=11 c0=0:24646321619606 c1=1:24646321621273 c2=2:24646321647888 c3=3:24646321696742 CH: 11/id11/k0 19/id3/k1
FS n=64 fsseq=538176 buf=11 c0=0:24646321619606 c1=1:24646321621273 c2=2:24646321647888 c3=3:24646321696742 CH: 45/id13/k2 57/id9/k3
FS n=64 fsseq=538176 buf=11 c0=0:24646321619606 c1=1:24646321621273 c2=2:24646321647888 c3=3:24646321696742 CH:
FS n=64 fsseq=538965 buf=1 c0=0:24646343749450 c1=1:24646344237211 c2=2:24646343754398 c3=3:24646344152575 CH: 1/id1/k0 27/id11/k1 32/id0/k2 48/id0/k3
FS n=64 fsseq=538965 buf=1 c0=0:24646343749450 c1=1:24646344237211 c2=2:24646343754398 c3=3:24646344152575 CH:
FS n=64 fsseq=538965 buf=1 c0=0:24646343749450 c1=1:24646344237211 c2=2:24646343754398 c3=3:24646344152575 CH:
FS n=64 fsseq=538177 buf=13 c0=0:24646361628304 c1=1:24646361628565 c2=2:24646361650700 c3=3:24646361709815 CH:
FS n=64 fsseq=538177 buf=13 c0=0:24646361628304 c1=1:24646361628565 c2=2:24646361650700 c3=3:24646361709815 CH: 13/id13/k0
FS n=64 fsseq=538177 buf=13 c0=0:24646361628304 c1=1:24646361628565 c2=2:24646361650700 c3=3:24646361709815 CH: 21/id5/k1 46/id14/k2 60/id12/k3
FS n=64 fsseq=538966 buf=5 c0=0:24646383730648 c1=1:24646384234658 c2=2:24646383730908 c3=3:24646384144763 CH: 29/id13/k1 36/id4/k2 52/id4/k3
FS n=64 fsseq=538966 buf=5 c0=0:24646383730648 c1=1:24646384234658 c2=2:24646383730908 c3=3:24646384144763 CH:
FS n=64 fsseq=538966 buf=5 c0=0:24646383730648 c1=1:24646384234658 c2=2:24646383730908 c3=3:24646384144763 CH: 5/id5/k0
FS n=64 fsseq=538178 buf=15 c0=0:24646401627783 c1=1:24646401627679 c2=2:24646401649502 c3=3:24646401686533 CH: 15/id15/k0 20/id4/k1 38/id6/k2 62/id14/k3
FS n=64 fsseq=538178 buf=15 c0=0:24646401627783 c1=1:24646401627679 c2=2:24646401649502 c3=3:24646401686533 CH:
FS n=64 fsseq=538178 buf=15 c0=0:24646401627783 c1=1:24646401627679 c2=2:24646401649502 c3=3:24646401686533 CH:
FS n=64 fsseq=538967 buf=0 c0=0:24646423726377 c1=1:24646424238669 c2=2:24646423730961 c3=3:24646424141950 CH:
FS n=64 fsseq=538967 buf=0 c0=0:24646423726377 c1=1:24646424238669 c2=2:24646423730961 c3=3:24646424141950 CH: 0/id0/k0 24/id8/k1 33/id1/k2 49/id1/k3
FS n=64 fsseq=538967 buf=0 c0=0:24646423726377 c1=1:24646424238669 c2=2:24646423730961 c3=3:24646424141950 CH:
FS n=64 fsseq=538179 buf=2 c0=0:24646441649346 c1=1:24646441649554 c2=2:24646441712002 c3=3:24646441722471 CH: 2/id2/k0 25/id9/k1 41/id9/k2 54/id6/k3
FS n=64 fsseq=538179 buf=2 c0=0:24646441649346 c1=1:24646441649554 c2=2:24646441712002 c3=3:24646441722471 CH:
FS n=64 fsseq=538179 buf=2 c0=0:24646441649346 c1=1:24646441649554 c2=2:24646441712002 c3=3:24646441722471 CH:
FS n=64 fsseq=538968 buf=4 c0=0:24646463739502 c1=1:24646464239450 c2=2:24646463750908 c3=3:24646464144815 CH:
FS n=64 fsseq=538968 buf=4 c0=0:24646463739502 c1=1:24646464239450 c2=2:24646463750908 c3=3:24646464144815 CH: 4/id4/k0 30/id14/k1 39/id7/k2 50/id2/k3
FS n=64 fsseq=538968 buf=4 c0=0:24646463739502 c1=1:24646464239450 c2=2:24646463750908 c3=3:24646464144815 CH:
FS n=64 fsseq=538180 buf=12 c0=0:24646481632679 c1=1:24646481632679 c2=2:24646481693669 c3=3:24646481692002 CH: 12/id12/k0 26/id10/k1 43/id11/k2 58/id10/k3
FS n=64 fsseq=538180 buf=12 c0=0:24646481632679 c1=1:24646481632679 c2=2:24646481693669 c3=3:24646481692002 CH:
FS n=64 fsseq=538180 buf=12 c0=0:24646481632679 c1=1:24646481632679 c2=2:24646481693669 c3=3:24646481692002 CH:
FS n=64 fsseq=538969 buf=6 c0=0:24646503776533 c1=1:24646504245388 c2=2:24646503798877 c3=3:24646504156586 CH: 2/id2/k0 5/id5/k0 6/id6/k0 28/id12/k1 37/id5/k2 51/id3/k3
FS n=64 fsseq=538969 buf=6 c0=0:24646503776533 c1=1:24646504245388 c2=2:24646503798877 c3=3:24646504156586 CH:
FS n=64 fsseq=538969 buf=6 c0=0:24646503776533 c1=1:24646504245388 c2=2:24646503798877 c3=3:24646504156586 CH:
FS n=64 fsseq=538181 buf=14 c0=0:24646521645596 c1=1:24646521645440 c2=2:24646521691533 c3=3:24646521700544 CH: 14/id14/k0 23/id7/k1 47/id15/k2 61/id13/k3
FS n=64 fsseq=538181 buf=14 c0=0:24646521645596 c1=1:24646521645440 c2=2:24646521691533 c3=3:24646521700544 CH: 61/id13/k3
FS n=64 fsseq=538181 buf=14 c0=0:24646521645596 c1=1:24646521645440 c2=2:24646521691533 c3=3:24646521700544 CH: 23/id7/k1
FS n=64 fsseq=538970 buf=8 c0=0:24646543743460 c1=1:24646544241950 c2=2:24646543752106 c3=3:24646544141742 CH: 8/id8/k0 31/id15/k1 34/id2/k2 53/id5/k3
FS n=64 fsseq=538970 buf=8 c0=0:24646543743460 c1=1:24646544241950 c2=2:24646543752106 c3=3:24646544141742 CH:
FS n=64 fsseq=538970 buf=8 c0=0:24646543743460 c1=1:24646544241950 c2=2:24646543752106 c3=3:24646544141742 CH:
FS n=64 fsseq=538182 buf=9 c0=0:24646561693929 c1=1:24646561685179 c2=2:24646561684450 c3=3:24646561697315 CH:
FS n=64 fsseq=538182 buf=9 c0=0:24646561693929 c1=1:24646561685179 c2=2:24646561684450 c3=3:24646561697315 CH: 9/id9/k0 16/id0/k1 42/id10/k2 63/id15/k3
FS n=64 fsseq=538182 buf=9 c0=0:24646561693929 c1=1:24646561685179 c2=2:24646561684450 c3=3:24646561697315 CH:
FS n=64 fsseq=538971 buf=10 c0=0:24646583772627 c1=1:24646584241690 c2=2:24646583772627 c3=3:24646584145075 CH: 10/id10/k0 17/id1/k1 35/id3/k2 55/id7/k3
FS n=64 fsseq=538971 buf=10 c0=0:24646583772627 c1=1:24646584241690 c2=2:24646583772627 c3=3:24646584145075 CH:
FS n=64 fsseq=538971 buf=10 c0=0:24646583772627 c1=1:24646584241690 c2=2:24646583772627 c3=3:24646584145075 CH:
FS n=64 fsseq=538183 buf=3 c0=0:24646601712783 c1=1:24646601685388 c2=2:24646601685908 c3=3:24646601720440 CH: 3/id3/k0 18/id2/k1 44/id12/k2 59/id11/k3
FS n=64 fsseq=538183 buf=3 c0=0:24646601712783 c1=1:24646601685388 c2=2:24646601685908 c3=3:24646601720440 CH: 3/id3/k0 18/id2/k1 44/id12/k2 59/id11/k3
FS n=64 fsseq=538183 buf=3 c0=0:24646601712783 c1=1:24646601685388 c2=2:24646601685908 c3=3:24646601720440 CH:
FS n=64 fsseq=538972 buf=7 c0=0:24646623757731 c1=1:24646624238565 c2=2:24646623759658 c3=3:24646624148929 CH: 3/id3/k0 7/id7/k0 22/id6/k1 40/id8/k2 56/id8/k3
FS n=64 fsseq=538972 buf=7 c0=0:24646623757731 c1=1:24646624238565 c2=2:24646623759658 c3=3:24646624148929 CH:
FS n=64 fsseq=538972 buf=7 c0=0:24646623757731 c1=1:24646624238565 c2=2:24646623759658 c3=3:24646624148929 CH:
FS n=64 fsseq=538184 buf=11 c0=0:24646641632940 c1=1:24646641632627 c2=2:24646641683356 c3=3:24646641695023 CH:
FS n=64 fsseq=538184 buf=11 c0=0:24646641632940 c1=1:24646641632627 c2=2:24646641683356 c3=3:24646641695023 CH:
FS n=64 fsseq=538184 buf=11 c0=0:24646641632940 c1=1:24646641632627 c2=2:24646641683356 c3=3:24646641695023 CH: 11/id11/k0 19/id3/k1 45/id13/k2 57/id9/k3
FS n=64 fsseq=538973 buf=1 c0=0:24646663750596 c1=1:24646664255544 c2=2:24646663755179 c3=3:24646664164919 CH: 32/id0/k2 48/id0/k3
FS n=64 fsseq=538973 buf=1 c0=0:24646663750596 c1=1:24646664255544 c2=2:24646663755179 c3=3:24646664164919 CH: 1/id1/k0 32/id0/k2 48/id0/k3
FS n=64 fsseq=538973 buf=1 c0=0:24646663750596 c1=1:24646664255544 c2=2:24646663755179 c3=3:24646664164919 CH: 27/id11/k1 32/id0/k2 48/id0/k3
FS n=64 fsseq=538185 buf=13 c0=0:24646681635335 c1=1:24646681635440 c2=2:24646681658096 c3=3:24646681715023 CH: 46/id14/k2 60/id12/k3
FS n=64 fsseq=538185 buf=13 c0=0:24646681635335 c1=1:24646681635440 c2=2:24646681658096 c3=3:24646681715023 CH: 13/id13/k0 21/id5/k1
FS n=64 fsseq=538185 buf=13 c0=0:24646681635335 c1=1:24646681635440 c2=2:24646681658096 c3=3:24646681715023 CH:
FS n=64 fsseq=538974 buf=5 c0=0:24646703736377 c1=1:24646704242419 c2=2:24646703738304 c3=3:24646704146950 CH: 29/id13/k1 52/id4/k3
FS n=64 fsseq=538974 buf=5 c0=0:24646703736377 c1=1:24646704242419 c2=2:24646703738304 c3=3:24646704146950 CH: 5/id5/k0 29/id13/k1 36/id4/k2 52/id4/k3
FS n=64 fsseq=538974 buf=5 c0=0:24646703736377 c1=1:24646704242419 c2=2:24646703738304 c3=3:24646704146950 CH: 5/id5/k0 36/id4/k2
FS n=64 fsseq=538186 buf=15 c0=0:24646721636377 c1=1:24646721636325 c2=2:24646721682471 c3=3:24646721706429 CH:
FS n=64 fsseq=538186 buf=15 c0=0:24646721636377 c1=1:24646721636325 c2=2:24646721682471 c3=3:24646721706429 CH:
FS n=64 fsseq=538186 buf=15 c0=0:24646721636377 c1=1:24646721636325 c2=2:24646721682471 c3=3:24646721706429 CH: 15/id15/k0 20/id4/k1 38/id6/k2 62/id14/k3
FS n=64 fsseq=538975 buf=0 c0=0:24646743739763 c1=1:24646744239971 c2=2:24646743740023 c3=3:24646744147471 CH: 0/id0/k0 5/id5/k0 24/id8/k1 33/id1/k2 49/id1/k3
FS n=64 fsseq=538975 buf=0 c0=0:24646743739763 c1=1:24646744239971 c2=2:24646743740023 c3=3:24646744147471 CH:
FS n=64 fsseq=538975 buf=0 c0=0:24646743739763 c1=1:24646744239971 c2=2:24646743740023 c3=3:24646744147471 CH:
FS n=64 fsseq=538187 buf=2 c0=0:24646761676377 c1=1:24646761742627 c2=2:24646761707471 c3=3:24646761759971 CH: 2/id2/k0 25/id9/k1 41/id9/k2 54/id6/k3
FS n=64 fsseq=538187 buf=2 c0=0:24646761676377 c1=1:24646761742627 c2=2:24646761707471 c3=3:24646761759971 CH:
FS n=64 fsseq=538187 buf=2 c0=0:24646761676377 c1=1:24646761742627 c2=2:24646761707471 c3=3:24646761759971 CH:
FS n=64 fsseq=538976 buf=4 c0=0:24646783745908 c1=1:24646784243669 c2=2:24646783749346 c3=3:24646784145283 CH: 4/id4/k0 30/id14/k1 39/id7/k2 50/id2/k3
FS n=64 fsseq=538976 buf=4 c0=0:24646783745908 c1=1:24646784243669 c2=2:24646783749346 c3=3:24646784145283 CH:
FS n=64 fsseq=538976 buf=4 c0=0:24646783745908 c1=1:24646784243669 c2=2:24646783749346 c3=3:24646784145283 CH:
FS n=64 fsseq=538188 buf=12 c0=0:24646801642419 c1=1:24646801685075 c2=2:24646801659710 c3=3:24646801697887 CH: 12/id12/k0 26/id10/k1 58/id10/k3
FS n=64 fsseq=538188 buf=12 c0=0:24646801642419 c1=1:24646801685075 c2=2:24646801659710 c3=3:24646801697887 CH: 12/id12/k0 26/id10/k1 43/id11/k2 58/id10/k3
FS n=64 fsseq=538188 buf=12 c0=0:24646801642419 c1=1:24646801685075 c2=2:24646801659710 c3=3:24646801697887 CH:
FS n=64 fsseq=538977 buf=6 c0=0:24646823786690 c1=1:24646824256481 c2=2:24646823789815 c3=3:24646824165908 CH: 6/id6/k0
FS n=64 fsseq=538977 buf=6 c0=0:24646823786690 c1=1:24646824256481 c2=2:24646823789815 c3=3:24646824165908 CH: 6/id6/k0 28/id12/k1 37/id5/k2 51/id3/k3
FS n=64 fsseq=538977 buf=6 c0=0:24646823786690 c1=1:24646824256481 c2=2:24646823789815 c3=3:24646824165908 CH:
FS n=64 fsseq=538189 buf=14 c0=0:24646841634710 c1=1:24646841636012 c2=2:24646841664762 c3=3:24646841703617 CH: 14/id14/k0 23/id7/k1 47/id15/k2 61/id13/k3
FS n=64 fsseq=538189 buf=14 c0=0:24646841634710 c1=1:24646841636012 c2=2:24646841664762 c3=3:24646841703617 CH: 23/id7/k1
FS n=64 fsseq=538189 buf=14 c0=0:24646841634710 c1=1:24646841636012 c2=2:24646841664762 c3=3:24646841703617 CH:
FS n=64 fsseq=538978 buf=8 c0=0:24646863753565 c1=1:24646864242575 c2=2:24646863753512 c3=3:24646864153669 CH: 8/id8/k0 31/id15/k1 34/id2/k2 53/id5/k3
FS n=64 fsseq=538978 buf=8 c0=0:24646863753565 c1=1:24646864242575 c2=2:24646863753512 c3=3:24646864153669 CH:
FS n=64 fsseq=538978 buf=8 c0=0:24646863753565 c1=1:24646864242575 c2=2:24646863753512 c3=3:24646864153669 CH: 8/id8/k0 31/id15/k1 34/id2/k2 53/id5/k3
FS n=64 fsseq=538190 buf=9 c0=0:24646881634710 c1=1:24646881634815 c2=2:24646881653252 c3=3:24646881692992 CH: 9/id9/k0 16/id0/k1
FS n=64 fsseq=538190 buf=9 c0=0:24646881634710 c1=1:24646881634815 c2=2:24646881653252 c3=3:24646881692992 CH: 42/id10/k2 63/id15/k3
FS n=64 fsseq=538190 buf=9 c0=0:24646881634710 c1=1:24646881634815 c2=2:24646881653252 c3=3:24646881692992 CH: 9/id9/k0 16/id0/k1
FS n=64 fsseq=538979 buf=10 c0=0:24646903746846 c1=1:24646904244137 c2=2:24646903755960 c3=3:24646904151273 CH: 10/id10/k0 17/id1/k1 35/id3/k2 55/id7/k3
FS n=64 fsseq=538979 buf=10 c0=0:24646903746846 c1=1:24646904244137 c2=2:24646903755960 c3=3:24646904151273 CH:
FS n=64 fsseq=538979 buf=10 c0=0:24646903746846 c1=1:24646904244137 c2=2:24646903755960 c3=3:24646904151273 CH:
FS n=64 fsseq=538191 buf=3 c0=0:24646921653460 c1=1:24646921653565 c2=2:24646921675179 c3=3:24646921725440 CH: 3/id3/k0 18/id2/k1 44/id12/k2 59/id11/k3
FS n=64 fsseq=538191 buf=3 c0=0:24646921653460 c1=1:24646921653565 c2=2:24646921675179 c3=3:24646921725440 CH:
FS n=64 fsseq=538191 buf=3 c0=0:24646921653460 c1=1:24646921653565 c2=2:24646921675179 c3=3:24646921725440 CH:
FS n=64 fsseq=538980 buf=7 c0=0:24646943775023 c1=1:24646944243721 c2=2:24646943775127 c3=3:24646944159815 CH: 7/id7/k0 22/id6/k1 40/id8/k2 56/id8/k3
FS n=64 fsseq=538980 buf=7 c0=0:24646943775023 c1=1:24646944243721 c2=2:24646943775127 c3=3:24646944159815 CH:
FS n=64 fsseq=538980 buf=7 c0=0:24646943775023 c1=1:24646944243721 c2=2:24646943775127 c3=3:24646944159815 CH:
FS n=64 fsseq=538192 buf=11 c0=0:24646961644085 c1=1:24646961644085 c2=2:24646961697210 c3=3:24646961705544 CH: 11/id11/k0 19/id3/k1 45/id13/k2 57/id9/k3
FS n=64 fsseq=538192 buf=11 c0=0:24646961644085 c1=1:24646961644085 c2=2:24646961697210 c3=3:24646961705544 CH:
FS n=64 fsseq=538192 buf=11 c0=0:24646961644085 c1=1:24646961644085 c2=2:24646961697210 c3=3:24646961705544 CH:
FS n=64 fsseq=538981 buf=1 c0=0:24646983771325 c1=1:24646984258304 c2=2:24646983771325 c3=3:24646984167575 CH: 1/id1/k0 27/id11/k1 48/id0/k3
FS n=64 fsseq=538981 buf=1 c0=0:24646983771325 c1=1:24646984258304 c2=2:24646983771325 c3=3:24646984167575 CH: 27/id11/k1 32/id0/k2 48/id0/k3
FS n=64 fsseq=538981 buf=1 c0=0:24646983771325 c1=1:24646984258304 c2=2:24646983771325 c3=3:24646984167575 CH: 1/id1/k0 27/id11/k1 48/id0/k3
FS n=64 fsseq=538193 buf=13 c0=0:24647001640856 c1=1:24647001640856 c2=2:24647001671064 c3=3:24647001712106 CH: 60/id12/k3
FS n=64 fsseq=538193 buf=13 c0=0:24647001640856 c1=1:24647001640856 c2=2:24647001671064 c3=3:24647001712106 CH: 13/id13/k0 21/id5/k1 46/id14/k2 60/id12/k3
FS n=64 fsseq=538193 buf=13 c0=0:24647001640856 c1=1:24647001640856 c2=2:24647001671064 c3=3:24647001712106 CH:
FS n=64 fsseq=538982 buf=5 c0=0:24647023745231 c1=1:24647024260127 c2=2:24647023746377 c3=3:24647024149398 CH: 52/id4/k3
FS n=64 fsseq=538982 buf=5 c0=0:24647023745231 c1=1:24647024260127 c2=2:24647023746377 c3=3:24647024149398 CH: 5/id5/k0 29/id13/k1 36/id4/k2 52/id4/k3
FS n=64 fsseq=538982 buf=5 c0=0:24647023745231 c1=1:24647024260127 c2=2:24647023746377 c3=3:24647024149398 CH:
FS n=64 fsseq=538194 buf=15 c0=0:24647041636898 c1=1:24647041645544 c2=2:24647041705596 c3=3:24647041698200 CH:
FS n=64 fsseq=538194 buf=15 c0=0:24647041636898 c1=1:24647041645544 c2=2:24647041705596 c3=3:24647041698200 CH: 15/id15/k0 20/id4/k1 38/id6/k2 62/id14/k3
FS n=64 fsseq=538194 buf=15 c0=0:24647041636898 c1=1:24647041645544 c2=2:24647041705596 c3=3:24647041698200 CH:
FS n=64 fsseq=538983 buf=0 c0=0:24647063740908 c1=1:24647064248408 c2=2:24647063750752 c3=3:24647064153617 CH: 0/id0/k0 24/id8/k1 33/id1/k2 49/id1/k3
FS n=64 fsseq=538983 buf=0 c0=0:24647063740908 c1=1:24647064248408 c2=2:24647063750752 c3=3:24647064153617 CH: 0/id0/k0 24/id8/k1 33/id1/k2 49/id1/k3
FS n=64 fsseq=538983 buf=0 c0=0:24647063740908 c1=1:24647064248408 c2=2:24647063750752 c3=3:24647064153617 CH: 33/id1/k2 49/id1/k3
FS n=64 fsseq=538195 buf=2 c0=0:24647081660231 c1=1:24647081665648 c2=2:24647081717887 c3=3:24647081718408 CH: 41/id9/k2
FS n=64 fsseq=538195 buf=2 c0=0:24647081660231 c1=1:24647081665648 c2=2:24647081717887 c3=3:24647081718408 CH: 2/id2/k0 25/id9/k1 41/id9/k2 54/id6/k3
FS n=64 fsseq=538195 buf=2 c0=0:24647081660231 c1=1:24647081665648 c2=2:24647081717887 c3=3:24647081718408 CH: 2/id2/k0 25/id9/k1 54/id6/k3
FS n=64 fsseq=538984 buf=4 c0=0:24647103742783 c1=1:24647104244085 c2=2:24647103748044 c3=3:24647104150179 CH: 30/id14/k1 39/id7/k2 50/id2/k3
FS n=64 fsseq=538984 buf=4 c0=0:24647103742783 c1=1:24647104244085 c2=2:24647103748044 c3=3:24647104150179 CH: 2/id2/k0 4/id4/k0
FS n=64 fsseq=538984 buf=4 c0=0:24647103742783 c1=1:24647104244085 c2=2:24647103748044 c3=3:24647104150179 CH: 30/id14/k1 39/id7/k2 50/id2/k3
FS n=64 fsseq=538196 buf=12 c0=0:24647121632002 c1=1:24647121633096 c2=2:24647121691794 c3=3:24647121701898 CH: 12/id12/k0 26/id10/k1 43/id11/k2 58/id10/k3
FS n=64 fsseq=538196 buf=12 c0=0:24647121632002 c1=1:24647121633096 c2=2:24647121691794 c3=3:24647121701898 CH:
FS n=64 fsseq=538196 buf=12 c0=0:24647121632002 c1=1:24647121633096 c2=2:24647121691794 c3=3:24647121701898 CH:
FS n=64 fsseq=538985 buf=6 c0=0:24647143766742 c1=1:24647144258877 c2=2:24647143771846 c3=3:24647144160752 CH: 6/id6/k0 28/id12/k1 37/id5/k2 51/id3/k3
FS n=64 fsseq=538985 buf=6 c0=0:24647143766742 c1=1:24647144258877 c2=2:24647143771846 c3=3:24647144160752 CH:
FS n=64 fsseq=538985 buf=6 c0=0:24647143766742 c1=1:24647144258877 c2=2:24647143771846 c3=3:24647144160752 CH:
FS n=64 fsseq=538197 buf=14 c0=0:24647161635127 c1=1:24647161635387 c2=2:24647161660960 c3=3:24647161707419 CH: 14/id14/k0 23/id7/k1 47/id15/k2 61/id13/k3
FS n=64 fsseq=538197 buf=14 c0=0:24647161635127 c1=1:24647161635387 c2=2:24647161660960 c3=3:24647161707419 CH: 61/id13/k3
FS n=64 fsseq=538197 buf=14 c0=0:24647161635127 c1=1:24647161635387 c2=2:24647161660960 c3=3:24647161707419 CH:
FS n=64 fsseq=538986 buf=8 c0=0:24647183744658 c1=1:24647184248356 c2=2:24647183747002 c3=3:24647184151429 CH:
FS n=64 fsseq=538986 buf=8 c0=0:24647183744658 c1=1:24647184248356 c2=2:24647183747002 c3=3:24647184151429 CH: 8/id8/k0 31/id15/k1 34/id2/k2 53/id5/k3
FS n=64 fsseq=538986 buf=8 c0=0:24647183744658 c1=1:24647184248356 c2=2:24647183747002 c3=3:24647184151429 CH:
FS n=64 fsseq=538198 buf=9 c0=0:24647201641741 c1=1:24647201641689 c2=2:24647201722314 c3=3:24647201692002 CH: 16/id0/k1 42/id10/k2 63/id15/k3
FS n=64 fsseq=538198 buf=9 c0=0:24647201641741 c1=1:24647201641689 c2=2:24647201722314 c3=3:24647201692002 CH: 9/id9/k0
FS n=64 fsseq=538198 buf=9 c0=0:24647201641741 c1=1:24647201641689 c2=2:24647201722314 c3=3:24647201692002 CH: 9/id9/k0
FS n=64 fsseq=538987 buf=10 c0=0:24647223745283 c1=1:24647224248877 c2=2:24647223752575 c3=3:24647224157627 CH: 10/id10/k0 17/id1/k1 35/id3/k2 55/id7/k3
FS n=64 fsseq=538987 buf=10 c0=0:24647223745283 c1=1:24647224248877 c2=2:24647223752575 c3=3:24647224157627 CH:
FS n=64 fsseq=538987 buf=10 c0=0:24647223745283 c1=1:24647224248877 c2=2:24647223752575 c3=3:24647224157627 CH:
FS n=64 fsseq=538199 buf=3 c0=0:24647241677679 c1=1:24647241677679 c2=2:24647241730387 c3=3:24647241753512 CH: 3/id3/k0 18/id2/k1 44/id12/k2 59/id11/k3
FS n=64 fsseq=538199 buf=3 c0=0:24647241677679 c1=1:24647241677679 c2=2:24647241730387 c3=3:24647241753512 CH:
FS n=64 fsseq=538199 buf=3 c0=0:24647241677679 c1=1:24647241677679 c2=2:24647241730387 c3=3:24647241753512 CH:
FS n=64 fsseq=538988 buf=7 c0=0:24647263739866 c1=1:24647264241741 c2=2:24647263753616 c3=3:24647264156325 CH: 7/id7/k0 22/id6/k1 40/id8/k2 56/id8/k3
FS n=64 fsseq=538988 buf=7 c0=0:24647263739866 c1=1:24647264241741 c2=2:24647263753616 c3=3:24647264156325 CH:
FS n=64 fsseq=538988 buf=7 c0=0:24647263739866 c1=1:24647264241741 c2=2:24647263753616 c3=3:24647264156325 CH:
FS n=64 fsseq=538200 buf=11 c0=0:24647281638096 c1=1:24647281637939 c2=2:24647281686429 c3=3:24647281713512 CH: 11/id11/k0 19/id3/k1 45/id13/k2 57/id9/k3
FS n=64 fsseq=538200 buf=11 c0=0:24647281638096 c1=1:24647281637939 c2=2:24647281686429 c3=3:24647281713512 CH:
FS n=64 fsseq=538200 buf=11 c0=0:24647281638096 c1=1:24647281637939 c2=2:24647281686429 c3=3:24647281713512 CH:
FS n=64 fsseq=538989 buf=1 c0=0:24647303738564 c1=1:24647304263981 c2=2:24647303742158 c3=3:24647304161898 CH: 1/id1/k0 27/id11/k1 32/id0/k2 48/id0/k3
FS n=64 fsseq=538989 buf=1 c0=0:24647303738564 c1=1:24647304263981 c2=2:24647303742158 c3=3:24647304161898 CH:
FS n=64 fsseq=538989 buf=1 c0=0:24647303738564 c1=1:24647304263981 c2=2:24647303742158 c3=3:24647304161898 CH:
FS n=64 fsseq=538201 buf=13 c0=0:24647321634502 c1=1:24647321660804 c2=2:24647321711273 c3=3:24647321704189 CH: 13/id13/k0 21/id5/k1 46/id14/k2 60/id12/k3
FS n=64 fsseq=538201 buf=13 c0=0:24647321634502 c1=1:24647321660804 c2=2:24647321711273 c3=3:24647321704189 CH:
FS n=64 fsseq=538201 buf=13 c0=0:24647321634502 c1=1:24647321660804 c2=2:24647321711273 c3=3:24647321704189 CH:
FS n=64 fsseq=538990 buf=5 c0=0:24647343742783 c1=1:24647344243564 c2=2:24647343752939 c3=3:24647344160283 CH: 29/id13/k1
FS n=64 fsseq=538990 buf=5 c0=0:24647343742783 c1=1:24647344243564 c2=2:24647343752939 c3=3:24647344160283 CH: 5/id5/k0 29/id13/k1 36/id4/k2 52/id4/k3
FS n=64 fsseq=538990 buf=5 c0=0:24647343742783 c1=1:24647344243564 c2=2:24647343752939 c3=3:24647344160283 CH:
FS n=64 fsseq=538202 buf=15 c0=0:24647361711637 c1=1:24647361670023 c2=2:24647361695231 c3=3:24647361715491 CH:
FS n=64 fsseq=538202 buf=15 c0=0:24647361711637 c1=1:24647361670023 c2=2:24647361695231 c3=3:24647361715491 CH:
FS n=64 fsseq=538202 buf=15 c0=0:24647361711637 c1=1:24647361670023 c2=2:24647361695231 c3=3:24647361715491 CH: 15/id15/k0 20/id4/k1 38/id6/k2 62/id14/k3
FS n=64 fsseq=538991 buf=0 c0=0:24647383776325 c1=1:24647384249658 c2=2:24647383776637 c3=3:24647384162575 CH:
FS n=64 fsseq=538991 buf=0 c0=0:24647383776325 c1=1:24647384249658 c2=2:24647383776637 c3=3:24647384162575 CH: 0/id0/k0 24/id8/k1 33/id1/k2 49/id1/k3
FS n=64 fsseq=538991 buf=0 c0=0:24647383776325 c1=1:24647384249658 c2=2:24647383776637 c3=3:24647384162575 CH:
FS n=64 fsseq=538203 buf=2 c0=0:24647401734814 c1=1:24647401691273 c2=2:24647401716169 c3=3:24647401733877 CH: 25/id9/k1 41/id9/k2 54/id6/k3
FS n=64 fsseq=538203 buf=2 c0=0:24647401734814 c1=1:24647401691273 c2=2:24647401716169 c3=3:24647401733877 CH: 2/id2/k0
FS n=64 fsseq=538203 buf=2 c0=0:24647401734814 c1=1:24647401691273 c2=2:24647401716169 c3=3:24647401733877 CH: 2/id2/k0 25/id9/k1 41/id9/k2 54/id6/k3
FS n=64 fsseq=538992 buf=4 c0=0:24647423758981 c1=1:24647424252991 c2=2:24647423758668 c3=3:24647424161064 CH: 4/id4/k0 30/id14/k1 39/id7/k2
FS n=64 fsseq=538992 buf=4 c0=0:24647423758981 c1=1:24647424252991 c2=2:24647423758668 c3=3:24647424161064 CH: 30/id14/k1 39/id7/k2 50/id2/k3
FS n=64 fsseq=538992 buf=4 c0=0:24647423758981 c1=1:24647424252991 c2=2:24647423758668 c3=3:24647424161064 CH:
FS n=64 fsseq=538204 buf=12 c0=0:24647441691846 c1=1:24647441666741 c2=2:24647441670231 c3=3:24647441680387 CH: 26/id10/k1 43/id11/k2 58/id10/k3
FS n=64 fsseq=538204 buf=12 c0=0:24647441691846 c1=1:24647441666741 c2=2:24647441670231 c3=3:24647441680387 CH: 26/id10/k1 43/id11/k2 58/id10/k3
FS n=64 fsseq=538204 buf=12 c0=0:24647441691846 c1=1:24647441666741 c2=2:24647441670231 c3=3:24647441680387 CH: 12/id12/k0
FS n=64 fsseq=538993 buf=6 c0=0:24647463764814 c1=1:24647464260023 c2=2:24647463764606 c3=3:24647464180127 CH:
FS n=64 fsseq=538993 buf=6 c0=0:24647463764814 c1=1:24647464260023 c2=2:24647463764606 c3=3:24647464180127 CH: 28/id12/k1 37/id5/k2 51/id3/k3
FS n=64 fsseq=538993 buf=6 c0=0:24647463764814 c1=1:24647464260023 c2=2:24647463764606 c3=3:24647464180127 CH: 6/id6/k0 28/id12/k1 37/id5/k2 51/id3/k3
FS n=64 fsseq=538205 buf=14 c0=0:24647481706221 c1=1:24647481669346 c2=2:24647481682627 c3=3:24647481715596 CH: 14/id14/k0 23/id7/k1 47/id15/k2 61/id13/k3
FS n=64 fsseq=538205 buf=14 c0=0:24647481706221 c1=1:24647481669346 c2=2:24647481682627 c3=3:24647481715596 CH: 14/id14/k0 23/id7/k1 47/id15/k2 61/id13/k3
FS n=64 fsseq=538205 buf=14 c0=0:24647481706221 c1=1:24647481669346 c2=2:24647481682627 c3=3:24647481715596 CH:
FS n=64 fsseq=538994 buf=8 c0=0:24647503760283 c1=1:24647504254450 c2=2:24647503760231 c3=3:24647504160439 CH: 8/id8/k0 31/id15/k1 34/id2/k2 53/id5/k3
FS n=64 fsseq=538994 buf=8 c0=0:24647503760283 c1=1:24647504254450 c2=2:24647503760231 c3=3:24647504160439 CH:
FS n=64 fsseq=538994 buf=8 c0=0:24647503760283 c1=1:24647504254450 c2=2:24647503760231 c3=3:24647504160439 CH:
FS n=64 fsseq=538206 buf=9 c0=0:24647521644918 c1=1:24647521645075 c2=2:24647521667106 c3=3:24647521706273 CH: 9/id9/k0 16/id0/k1 42/id10/k2 63/id15/k3
FS n=64 fsseq=538206 buf=9 c0=0:24647521644918 c1=1:24647521645075 c2=2:24647521667106 c3=3:24647521706273 CH:
FS n=64 fsseq=538206 buf=9 c0=0:24647521644918 c1=1:24647521645075 c2=2:24647521667106 c3=3:24647521706273 CH:
FS n=64 fsseq=538995 buf=10 c0=0:24647543740491 c1=1:24647544266793 c2=2:24647543740387 c3=3:24647544162158 CH: 10/id10/k0 17/id1/k1 35/id3/k2 55/id7/k3
FS n=64 fsseq=538995 buf=10 c0=0:24647543740491 c1=1:24647544266793 c2=2:24647543740387 c3=3:24647544162158 CH:
FS n=64 fsseq=538995 buf=10 c0=0:24647543740491 c1=1:24647544266793 c2=2:24647543740387 c3=3:24647544162158 CH:
FS n=64 fsseq=538207 buf=3 c0=0:24647561696273 c1=1:24647561695908 c2=2:24647561764398 c3=3:24647561742158 CH:
FS n=64 fsseq=538207 buf=3 c0=0:24647561696273 c1=1:24647561695908 c2=2:24647561764398 c3=3:24647561742158 CH: 3/id3/k0 18/id2/k1 44/id12/k2 59/id11/k3
FS n=64 fsseq=538207 buf=3 c0=0:24647561696273 c1=1:24647561695908 c2=2:24647561764398 c3=3:24647561742158 CH:
FS n=64 fsseq=538996 buf=7 c0=0:24647583762262 c1=1:24647584255543 c2=2:24647583772835 c3=3:24647584160960 CH: 7/id7/k0 22/id6/k1 40/id8/k2 56/id8/k3
FS n=64 fsseq=538996 buf=7 c0=0:24647583762262 c1=1:24647584255543 c2=2:24647583772835 c3=3:24647584160960 CH:
FS n=64 fsseq=538996 buf=7 c0=0:24647583762262 c1=1:24647584255543 c2=2:24647583772835 c3=3:24647584160960 CH:
FS n=64 fsseq=538208 buf=11 c0=0:24647601641273 c1=1:24647601641012 c2=2:24647601668877 c3=3:24647601716168 CH: 11/id11/k0 19/id3/k1 45/id13/k2 57/id9/k3
FS n=64 fsseq=538208 buf=11 c0=0:24647601641273 c1=1:24647601641012 c2=2:24647601668877 c3=3:24647601716168 CH:
FS n=64 fsseq=538208 buf=11 c0=0:24647601641273 c1=1:24647601641012 c2=2:24647601668877 c3=3:24647601716168 CH:
FS n=64 fsseq=538997 buf=1 c0=0:24647623743460 c1=1:24647624257783 c2=2:24647623744293 c3=3:24647624168981 CH: 1/id1/k0 27/id11/k1 32/id0/k2 48/id0/k3
FS n=64 fsseq=538997 buf=1 c0=0:24647623743460 c1=1:24647624257783 c2=2:24647623744293 c3=3:24647624168981 CH:
FS n=64 fsseq=538997 buf=1 c0=0:24647623743460 c1=1:24647624257783 c2=2:24647623744293 c3=3:24647624168981 CH:
FS n=64 fsseq=538209 buf=13 c0=0:24647641639398 c1=1:24647641639345 c2=2:24647641662158 c3=3:24647641703356 CH: 13/id13/k0 21/id5/k1 46/id14/k2 60/id12/k3
FS n=64 fsseq=538209 buf=13 c0=0:24647641639398 c1=1:24647641639345 c2=2:24647641662158 c3=3:24647641703356 CH:
FS n=64 fsseq=538209 buf=13 c0=0:24647641639398 c1=1:24647641639345 c2=2:24647641662158 c3=3:24647641703356 CH:
FS n=64 fsseq=538998 buf=5 c0=0:24647663748720 c1=1:24647664257210 c2=2:24647663751116 c3=3:24647664161220 CH: 5/id5/k0 29/id13/k1 36/id4/k2 52/id4/k3
FS n=64 fsseq=538998 buf=5 c0=0:24647663748720 c1=1:24647664257210 c2=2:24647663751116 c3=3:24647664161220 CH:
FS n=64 fsseq=538998 buf=5 c0=0:24647663748720 c1=1:24647664257210 c2=2:24647663751116 c3=3:24647664161220 CH:
FS n=64 fsseq=538210 buf=15 c0=0:24647681646377 c1=1:24647681648564 c2=2:24647681706898 c3=3:24647681716533 CH: 15/id15/k0 20/id4/k1 38/id6/k2 62/id14/k3
FS n=64 fsseq=538210 buf=15 c0=0:24647681646377 c1=1:24647681648564 c2=2:24647681706898 c3=3:24647681716533 CH:
FS n=64 fsseq=538210 buf=15 c0=0:24647681646377 c1=1:24647681648564 c2=2:24647681706898 c3=3:24647681716533 CH:
FS n=64 fsseq=538999 buf=0 c0=0:24647703747262 c1=1:24647704275439 c2=2:24647703761950 c3=3:24647704164502 CH: 0/id0/k0 24/id8/k1
FS n=64 fsseq=538999 buf=0 c0=0:24647703747262 c1=1:24647704275439 c2=2:24647703761950 c3=3:24647704164502 CH: 0/id0/k0 24/id8/k1
FS n=64 fsseq=538999 buf=0 c0=0:24647703747262 c1=1:24647704275439 c2=2:24647703761950 c3=3:24647704164502 CH: 24/id8/k1 33/id1/k2 49/id1/k3
FS n=64 fsseq=538211 buf=2 c0=0:24647721687575 c1=1:24647721687575 c2=2:24647721766168 c3=3:24647721770283 CH:
FS n=64 fsseq=538211 buf=2 c0=0:24647721687575 c1=1:24647721687575 c2=2:24647721766168 c3=3:24647721770283 CH: 2/id2/k0 25/id9/k1 41/id9/k2 54/id6/k3
FS n=64 fsseq=538211 buf=2 c0=0:24647721687575 c1=1:24647721687575 c2=2:24647721766168 c3=3:24647721770283 CH: 54/id6/k3
FS n=64 fsseq=539000 buf=4 c0=0:24647743813773 c1=1:24647744257106 c2=2:24647743813773 c3=3:24647744162002 CH: 4/id4/k0 50/id2/k3
FS n=64 fsseq=539000 buf=4 c0=0:24647743813773 c1=1:24647744257106 c2=2:24647743813773 c3=3:24647744162002 CH: 30/id14/k1 39/id7/k2
FS n=64 fsseq=539000 buf=4 c0=0:24647743813773 c1=1:24647744257106 c2=2:24647743813773 c3=3:24647744162002 CH:
FS n=64 fsseq=538212 buf=12 c0=0:24647761651689 c1=1:24647761667262 c2=2:24647761716064 c3=3:24647761701116 CH: 4/id4/k0 12/id12/k0 26/id10/k1 43/id11/k2 58/id10/k3
FS n=64 fsseq=538212 buf=12 c0=0:24647761651689 c1=1:24647761667262 c2=2:24647761716064 c3=3:24647761701116 CH:
FS n=64 fsseq=538212 buf=12 c0=0:24647761651689 c1=1:24647761667262 c2=2:24647761716064 c3=3:24647761701116 CH:
FS n=64 fsseq=539001 buf=6 c0=0:24647783753200 c1=1:24647784266377 c2=2:24647783767887 c3=3:24647784182783 CH: 51/id3/k3
FS n=64 fsseq=539001 buf=6 c0=0:24647783753200 c1=1:24647784266377 c2=2:24647783767887 c3=3:24647784182783 CH: 6/id6/k0 28/id12/k1 37/id5/k2
FS n=64 fsseq=539001 buf=6 c0=0:24647783753200 c1=1:24647784266377 c2=2:24647783767887 c3=3:24647784182783 CH: 6/id6/k0 28/id12/k1 37/id5/k2 51/id3/k3
FS n=64 fsseq=538213 buf=14 c0=0:24647801651741 c1=1:24647801651741 c2=2:24647801699762 c3=3:24647801707835 CH: 47/id15/k2
FS n=64 fsseq=538213 buf=14 c0=0:24647801651741 c1=1:24647801651741 c2=2:24647801699762 c3=3:24647801707835 CH: 6/id6/k0 14/id14/k0 23/id7/k1 61/id13/k3
FS n=64 fsseq=538213 buf=14 c0=0:24647801651741 c1=1:24647801651741 c2=2:24647801699762 c3=3:24647801707835 CH: 6/id6/k0 14/id14/k0 23/id7/k1 47/id15/k2 61/id13/k3
FS n=64 fsseq=539002 buf=8 c0=0:24647823751689 c1=1:24647824258981 c2=2:24647823760023 c3=3:24647824162783 CH: 8/id8/k0 31/id15/k1 34/id2/k2 53/id5/k3
FS n=64 fsseq=539002 buf=8 c0=0:24647823751689 c1=1:24647824258981 c2=2:24647823760023 c3=3:24647824162783 CH:
FS n=64 fsseq=539002 buf=8 c0=0:24647823751689 c1=1:24647824258981 c2=2:24647823760023 c3=3:24647824162783 CH:
FS n=64 fsseq=538214 buf=9 c0=0:24647841655908 c1=1:24647841656064 c2=2:24647841703773 c3=3:24647841714293 CH: 9/id9/k0 16/id0/k1 42/id10/k2 63/id15/k3
FS n=64 fsseq=538214 buf=9 c0=0:24647841655908 c1=1:24647841656064 c2=2:24647841703773 c3=3:24647841714293 CH:
FS n=64 fsseq=538214 buf=9 c0=0:24647841655908 c1=1:24647841656064 c2=2:24647841703773 c3=3:24647841714293 CH:
FS n=64 fsseq=539003 buf=10 c0=0:24647863751637 c1=1:24647864260231 c2=2:24647863762731 c3=3:24647864166533 CH: 10/id10/k0 17/id1/k1 35/id3/k2 55/id7/k3
FS n=64 fsseq=539003 buf=10 c0=0:24647863751637 c1=1:24647864260231 c2=2:24647863762731 c3=3:24647864166533 CH:
FS n=64 fsseq=539003 buf=10 c0=0:24647863751637 c1=1:24647864260231 c2=2:24647863762731 c3=3:24647864166533 CH:
FS n=64 fsseq=538215 buf=3 c0=0:24647881655231 c1=1:24647881660387 c2=2:24647881717522 c3=3:24647881725752 CH: 3/id3/k0 18/id2/k1 44/id12/k2 59/id11/k3
FS n=64 fsseq=538215 buf=3 c0=0:24647881655231 c1=1:24647881660387 c2=2:24647881717522 c3=3:24647881725752 CH:
FS n=64 fsseq=538215 buf=3 c0=0:24647881655231 c1=1:24647881660387 c2=2:24647881717522 c3=3:24647881725752 CH:
FS n=64 fsseq=539004 buf=7 c0=0:24647903760647 c1=1:24647904256897 c2=2:24647903766533 c3=3:24647904167939 CH: 7/id7/k0 22/id6/k1 40/id8/k2 56/id8/k3
FS n=64 fsseq=539004 buf=7 c0=0:24647903760647 c1=1:24647904256897 c2=2:24647903766533 c3=3:24647904167939 CH:
FS n=64 fsseq=539004 buf=7 c0=0:24647903760647 c1=1:24647904256897 c2=2:24647903766533 c3=3:24647904167939 CH:
FS n=64 fsseq=538216 buf=11 c0=0:24647921645804 c1=1:24647921645804 c2=2:24647921673564 c3=3:24647921719814 CH: 11/id11/k0 19/id3/k1 45/id13/k2 57/id9/k3
FS n=64 fsseq=538216 buf=11 c0=0:24647921645804 c1=1:24647921645804 c2=2:24647921673564 c3=3:24647921719814 CH:
FS n=64 fsseq=538216 buf=11 c0=0:24647921645804 c1=1:24647921645804 c2=2:24647921673564 c3=3:24647921719814 CH:
FS n=64 fsseq=539005 buf=1 c0=0:24647943753304 c1=1:24647944264085 c2=2:24647943755335 c3=3:24647944163356 CH: 48/id0/k3
FS n=64 fsseq=539005 buf=1 c0=0:24647943753304 c1=1:24647944264085 c2=2:24647943755335 c3=3:24647944163356 CH: 1/id1/k0 27/id11/k1 32/id0/k2 48/id0/k3
FS n=64 fsseq=539005 buf=1 c0=0:24647943753304 c1=1:24647944264085 c2=2:24647943755335 c3=3:24647944163356 CH: 48/id0/k3
FS n=64 fsseq=538217 buf=13 c0=0:24647961647262 c1=1:24647961651533 c2=2:24647961731533 c3=3:24647961702106 CH: 21/id5/k1 46/id14/k2 60/id12/k3
FS n=64 fsseq=538217 buf=13 c0=0:24647961647262 c1=1:24647961651533 c2=2:24647961731533 c3=3:24647961702106 CH: 60/id12/k3
FS n=64 fsseq=538217 buf=13 c0=0:24647961647262 c1=1:24647961651533 c2=2:24647961731533 c3=3:24647961702106 CH: 13/id13/k0 21/id5/k1 46/id14/k2 60/id12/k3
FS n=64 fsseq=539006 buf=5 c0=0:24647983752470 c1=1:24647984259658 c2=2:24647983763981 c3=3:24647984166116 CH:
FS n=64 fsseq=539006 buf=5 c0=0:24647983752470 c1=1:24647984259658 c2=2:24647983763981 c3=3:24647984166116 CH: 5/id5/k0 29/id13/k1 36/id4/k2 52/id4/k3
FS n=64 fsseq=539006 buf=5 c0=0:24647983752470 c1=1:24647984259658 c2=2:24647983763981 c3=3:24647984166116 CH:
FS n=64 fsseq=538218 buf=15 c0=0:24648001656429 c1=1:24648001656429 c2=2:24648001704710 c3=3:24648001717835 CH: 15/id15/k0 20/id4/k1 38/id6/k2 62/id14/k3
FS n=64 fsseq=538218 buf=15 c0=0:24648001656429 c1=1:24648001656429 c2=2:24648001704710 c3=3:24648001717835 CH:
FS n=64 fsseq=538218 buf=15 c0=0:24648001656429 c1=1:24648001656429 c2=2:24648001704710 c3=3:24648001717835 CH:
FS n=64 fsseq=539007 buf=0 c0=0:24648023754866 c1=1:24648024261950 c2=2:24648023766481 c3=3:24648024169450 CH: 33/id1/k2 49/id1/k3
FS n=64 fsseq=539007 buf=0 c0=0:24648023754866 c1=1:24648024261950 c2=2:24648023766481 c3=3:24648024169450 CH: 0/id0/k0 24/id8/k1 33/id1/k2 49/id1/k3
FS n=64 fsseq=539007 buf=0 c0=0:24648023754866 c1=1:24648024261950 c2=2:24648023766481 c3=3:24648024169450 CH:
FS n=64 fsseq=538219 buf=2 c0=0:24648041696689 c1=1:24648041826220 c2=2:24648041740439 c3=3:24648041790075 CH:
FS n=64 fsseq=538219 buf=2 c0=0:24648041696689 c1=1:24648041826220 c2=2:24648041740439 c3=3:24648041790075 CH: 2/id2/k0 25/id9/k1 41/id9/k2 54/id6/k3
FS n=64 fsseq=538219 buf=2 c0=0:24648041696689 c1=1:24648041826220 c2=2:24648041740439 c3=3:24648041790075 CH: 2/id2/k0 25/id9/k1 41/id9/k2 54/id6/k3
FS n=64 fsseq=539008 buf=4 c0=0:24648063779085 c1=1:24648064262314 c2=2:24648063794606 c3=3:24648064160700 CH: 4/id4/k0 30/id14/k1 39/id7/k2 50/id2/k3
FS n=64 fsseq=539008 buf=4 c0=0:24648063779085 c1=1:24648064262314 c2=2:24648063794606 c3=3:24648064160700 CH:
FS n=64 fsseq=539008 buf=4 c0=0:24648063779085 c1=1:24648064262314 c2=2:24648063794606 c3=3:24648064160700 CH:
FS n=64 fsseq=538220 buf=12 c0=0:24648081654137 c1=1:24648081700699 c2=2:24648081735491 c3=3:24648081711637 CH: 12/id12/k0 26/id10/k1 43/id11/k2 58/id10/k3
FS n=64 fsseq=538220 buf=12 c0=0:24648081654137 c1=1:24648081700699 c2=2:24648081735491 c3=3:24648081711637 CH:
FS n=64 fsseq=538220 buf=12 c0=0:24648081654137 c1=1:24648081700699 c2=2:24648081735491 c3=3:24648081711637 CH:
FS n=64 fsseq=539009 buf=6 c0=0:24648103757418 c1=1:24648104265127 c2=2:24648103772627 c3=3:24648104164241 CH: 28/id12/k1 37/id5/k2 51/id3/k3
FS n=64 fsseq=539009 buf=6 c0=0:24648103757418 c1=1:24648104265127 c2=2:24648103772627 c3=3:24648104164241 CH: 6/id6/k0 28/id12/k1 37/id5/k2 51/id3/k3
FS n=64 fsseq=539009 buf=6 c0=0:24648103757418 c1=1:24648104265127 c2=2:24648103772627 c3=3:24648104164241 CH: 51/id3/k3
FS n=64 fsseq=538221 buf=14 c0=0:24648121656116 c1=1:24648121655804 c2=2:24648121685491 c3=3:24648121731168 CH: 14/id14/k0 23/id7/k1 47/id15/k2 61/id13/k3
FS n=64 fsseq=538221 buf=14 c0=0:24648121656116 c1=1:24648121655804 c2=2:24648121685491 c3=3:24648121731168 CH: 61/id13/k3
FS n=64 fsseq=538221 buf=14 c0=0:24648121656116 c1=1:24648121655804 c2=2:24648121685491 c3=3:24648121731168 CH:
FS n=64 fsseq=539010 buf=8 c0=0:24648143752574 c1=1:24648144262054 c2=2:24648143756845 c3=3:24648144165231 CH: 8/id8/k0 31/id15/k1 34/id2/k2 53/id5/k3
FS n=64 fsseq=539010 buf=8 c0=0:24648143752574 c1=1:24648144262054 c2=2:24648143756845 c3=3:24648144165231 CH:
FS n=64 fsseq=539010 buf=8 c0=0:24648143752574 c1=1:24648144262054 c2=2:24648143756845 c3=3:24648144165231 CH:
FS n=64 fsseq=538222 buf=9 c0=0:24648161687210 c1=1:24648161687210 c2=2:24648161725179 c3=3:24648161760022 CH: 63/id15/k3
FS n=64 fsseq=538222 buf=9 c0=0:24648161687210 c1=1:24648161687210 c2=2:24648161725179 c3=3:24648161760022 CH: 9/id9/k0 16/id0/k1 42/id10/k2 63/id15/k3
FS n=64 fsseq=538222 buf=9 c0=0:24648161687210 c1=1:24648161687210 c2=2:24648161725179 c3=3:24648161760022 CH: 9/id9/k0 16/id0/k1 42/id10/k2
FS n=64 fsseq=539011 buf=10 c0=0:24648183759710 c1=1:24648184264137 c2=2:24648183761064 c3=3:24648184170856 CH: 10/id10/k0 17/id1/k1 35/id3/k2 55/id7/k3
FS n=64 fsseq=539011 buf=10 c0=0:24648183759710 c1=1:24648184264137 c2=2:24648183761064 c3=3:24648184170856 CH:
FS n=64 fsseq=539011 buf=10 c0=0:24648183759710 c1=1:24648184264137 c2=2:24648183761064 c3=3:24648184170856 CH:
FS n=64 fsseq=538223 buf=3 c0=0:24648201662470 c1=1:24648201667470 c2=2:24648201726064 c3=3:24648201739554 CH: 3/id3/k0 18/id2/k1 44/id12/k2 59/id11/k3
FS n=64 fsseq=538223 buf=3 c0=0:24648201662470 c1=1:24648201667470 c2=2:24648201726064 c3=3:24648201739554 CH:
FS n=64 fsseq=538223 buf=3 c0=0:24648201662470 c1=1:24648201667470 c2=2:24648201726064 c3=3:24648201739554 CH:
FS n=64 fsseq=539012 buf=7 c0=0:24648223769970 c1=1:24648224262991 c2=2:24648223782783 c3=3:24648224174085 CH: 7/id7/k0 22/id6/k1 40/id8/k2 56/id8/k3
FS n=64 fsseq=539012 buf=7 c0=0:24648223769970 c1=1:24648224262991 c2=2:24648223782783 c3=3:24648224174085 CH:
FS n=64 fsseq=539012 buf=7 c0=0:24648223769970 c1=1:24648224262991 c2=2:24648223782783 c3=3:24648224174085 CH:
FS n=64 fsseq=538224 buf=11 c0=0:24648241655127 c1=1:24648241654762 c2=2:24648241702887 c3=3:24648241712731 CH: 45/id13/k2 57/id9/k3
FS n=64 fsseq=538224 buf=11 c0=0:24648241655127 c1=1:24648241654762 c2=2:24648241702887 c3=3:24648241712731 CH: 11/id11/k0 19/id3/k1
FS n=64 fsseq=538224 buf=11 c0=0:24648241655127 c1=1:24648241654762 c2=2:24648241702887 c3=3:24648241712731 CH:
FS n=64 fsseq=539013 buf=1 c0=0:24648263753929 c1=1:24648264267470 c2=2:24648263767470 c3=3:24648264175283 CH: 1/id1/k0 27/id11/k1 32/id0/k2 48/id0/k3
FS n=64 fsseq=539013 buf=1 c0=0:24648263753929 c1=1:24648264267470 c2=2:24648263767470 c3=3:24648264175283 CH:
FS n=64 fsseq=539013 buf=1 c0=0:24648263753929 c1=1:24648264267470 c2=2:24648263767470 c3=3:24648264175283 CH:
FS n=64 fsseq=538225 buf=13 c0=0:24648281661741 c1=1:24648281664502 c2=2:24648281719814 c3=3:24648281724970 CH: 13/id13/k0 21/id5/k1 46/id14/k2 60/id12/k3
FS n=64 fsseq=538225 buf=13 c0=0:24648281661741 c1=1:24648281664502 c2=2:24648281719814 c3=3:24648281724970 CH: 60/id12/k3
FS n=64 fsseq=538225 buf=13 c0=0:24648281661741 c1=1:24648281664502 c2=2:24648281719814 c3=3:24648281724970 CH: 60/id12/k3
FS n=64 fsseq=539014 buf=5 c0=0:24648303758460 c1=1:24648304263304 c2=2:24648303766845 c3=3:24648304168356 CH: 5/id5/k0 29/id13/k1 36/id4/k2 52/id4/k3
FS n=64 fsseq=539014 buf=5 c0=0:24648303758460 c1=1:24648304263304 c2=2:24648303766845 c3=3:24648304168356 CH:
FS n=64 fsseq=539014 buf=5 c0=0:24648303758460 c1=1:24648304263304 c2=2:24648303766845 c3=3:24648304168356 CH:
FS n=64 fsseq=538226 buf=15 c0=0:24648321771116 c1=1:24648321771168 c2=2:24648321837939 c3=3:24648321833720 CH: 15/id15/k0 20/id4/k1 38/id6/k2 62/id14/k3
FS n=64 fsseq=538226 buf=15 c0=0:24648321771116 c1=1:24648321771168 c2=2:24648321837939 c3=3:24648321833720 CH:
FS n=64 fsseq=538226 buf=15 c0=0:24648321771116 c1=1:24648321771168 c2=2:24648321837939 c3=3:24648321833720 CH:
FS n=64 fsseq=539015 buf=0 c0=0:24648343758408 c1=1:24648344265699 c2=2:24648343768824 c3=3:24648344171272 CH: 0/id0/k0 24/id8/k1 33/id1/k2 49/id1/k3
FS n=64 fsseq=539015 buf=0 c0=0:24648343758408 c1=1:24648344265699 c2=2:24648343768824 c3=3:24648344171272 CH:
FS n=64 fsseq=539015 buf=0 c0=0:24648343758408 c1=1:24648344265699 c2=2:24648343768824 c3=3:24648344171272 CH:
FS n=64 fsseq=538227 buf=2 c0=0:24648361698512 c1=1:24648361698512 c2=2:24648361747418 c3=3:24648361783043 CH:
FS n=64 fsseq=538227 buf=2 c0=0:24648361698512 c1=1:24648361698512 c2=2:24648361747418 c3=3:24648361783043 CH:
FS n=64 fsseq=538227 buf=2 c0=0:24648361698512 c1=1:24648361698512 c2=2:24648361747418 c3=3:24648361783043 CH: 2/id2/k0 25/id9/k1 41/id9/k2 54/id6/k3
FS n=64 fsseq=539016 buf=4 c0=0:24648383780126 c1=1:24648384303616 c2=2:24648383784866 c3=3:24648384190283 CH: 4/id4/k0 30/id14/k1 39/id7/k2 50/id2/k3
FS n=64 fsseq=539016 buf=4 c0=0:24648383780126 c1=1:24648384303616 c2=2:24648383784866 c3=3:24648384190283 CH:
FS n=64 fsseq=539016 buf=4 c0=0:24648383780126 c1=1:24648384303616 c2=2:24648383784866 c3=3:24648384190283 CH:
FS n=64 fsseq=538228 buf=12 c0=0:24648401659762 c1=1:24648401663043 c2=2:24648401709710 c3=3:24648401723147 CH:
FS n=64 fsseq=538228 buf=12 c0=0:24648401659762 c1=1:24648401663043 c2=2:24648401709710 c3=3:24648401723147 CH: 12/id12/k0 26/id10/k1 43/id11/k2 58/id10/k3
FS n=64 fsseq=538228 buf=12 c0=0:24648401659762 c1=1:24648401663043 c2=2:24648401709710 c3=3:24648401723147 CH:
FS n=64 fsseq=539017 buf=6 c0=0:24648423757210 c1=1:24648424269814 c2=2:24648423764814 c3=3:24648424189814 CH:
FS n=64 fsseq=539017 buf=6 c0=0:24648423757210 c1=1:24648424269814 c2=2:24648423764814 c3=3:24648424189814 CH: 6/id6/k0 28/id12/k1 37/id5/k2 51/id3/k3
FS n=64 fsseq=539017 buf=6 c0=0:24648423757210 c1=1:24648424269814 c2=2:24648423764814 c3=3:24648424189814 CH:
FS n=64 fsseq=538229 buf=14 c0=0:24648441658981 c1=1:24648441664397 c2=2:24648441736845 c3=3:24648441727314 CH: 14/id14/k0 23/id7/k1 47/id15/k2 61/id13/k3
FS n=64 fsseq=538229 buf=14 c0=0:24648441658981 c1=1:24648441664397 c2=2:24648441736845 c3=3:24648441727314 CH:
FS n=64 fsseq=538229 buf=14 c0=0:24648441658981 c1=1:24648441664397 c2=2:24648441736845 c3=3:24648441727314 CH:
FS n=64 fsseq=539018 buf=8 c0=0:24648463762366 c1=1:24648464262783 c2=2:24648463770439 c3=3:24648464173876 CH: 8/id8/k0 31/id15/k1 34/id2/k2 53/id5/k3
FS n=64 fsseq=539018 buf=8 c0=0:24648463762366 c1=1:24648464262783 c2=2:24648463770439 c3=3:24648464173876 CH:
FS n=64 fsseq=539018 buf=8 c0=0:24648463762366 c1=1:24648464262783 c2=2:24648463770439 c3=3:24648464173876 CH:
FS n=64 fsseq=538230 buf=9 c0=0:24648481678616 c1=1:24648481694658 c2=2:24648481764137 c3=3:24648481771897 CH: 63/id15/k3
FS n=64 fsseq=538230 buf=9 c0=0:24648481678616 c1=1:24648481694658 c2=2:24648481764137 c3=3:24648481771897 CH: 9/id9/k0 16/id0/k1 42/id10/k2
FS n=64 fsseq=538230 buf=9 c0=0:24648481678616 c1=1:24648481694658 c2=2:24648481764137 c3=3:24648481771897 CH: 16/id0/k1 42/id10/k2
FS n=64 fsseq=539019 buf=10 c0=0:24648503761064 c1=1:24648504267939 c2=2:24648503764554 c3=3:24648504171429 CH: 10/id10/k0 17/id1/k1 35/id3/k2 55/id7/k3
FS n=64 fsseq=539019 buf=10 c0=0:24648503761064 c1=1:24648504267939 c2=2:24648503764554 c3=3:24648504171429 CH:
FS n=64 fsseq=539019 buf=10 c0=0:24648503761064 c1=1:24648504267939 c2=2:24648503764554 c3=3:24648504171429 CH:
FS n=64 fsseq=538231 buf=3 c0=0:24648521650908 c1=1:24648521653356 c2=2:24648521675439 c3=3:24648521722626 CH: 3/id3/k0 18/id2/k1 44/id12/k2 59/id11/k3
FS n=64 fsseq=538231 buf=3 c0=0:24648521650908 c1=1:24648521653356 c2=2:24648521675439 c3=3:24648521722626 CH:
FS n=64 fsseq=538231 buf=3 c0=0:24648521650908 c1=1:24648521653356 c2=2:24648521675439 c3=3:24648521722626 CH:
FS n=64 fsseq=539020 buf=7 c0=0:24648543782210 c1=1:24648544288095 c2=2:24648543783824 c3=3:24648544178981 CH: 3/id3/k0 7/id7/k0 22/id6/k1 40/id8/k2 56/id8/k3
FS n=64 fsseq=539020 buf=7 c0=0:24648543782210 c1=1:24648544288095 c2=2:24648543783824 c3=3:24648544178981 CH:
FS n=64 fsseq=539020 buf=7 c0=0:24648543782210 c1=1:24648544288095 c2=2:24648543783824 c3=3:24648544178981 CH:
FS n=64 fsseq=538232 buf=11 c0=0:24648561660543 c1=1:24648561660595 c2=2:24648561682835 c3=3:24648561723824 CH: 11/id11/k0 19/id3/k1 45/id13/k2 57/id9/k3
FS n=64 fsseq=538232 buf=11 c0=0:24648561660543 c1=1:24648561660595 c2=2:24648561682835 c3=3:24648561723824 CH:
FS n=64 fsseq=538232 buf=11 c0=0:24648561660543 c1=1:24648561660595 c2=2:24648561682835 c3=3:24648561723824 CH:
FS n=64 fsseq=539021 buf=1 c0=0:24648583767678 c1=1:24648584272991 c2=2:24648583767887 c3=3:24648584175439 CH: 1/id1/k0 27/id11/k1 32/id0/k2 48/id0/k3
FS n=64 fsseq=539021 buf=1 c0=0:24648583767678 c1=1:24648584272991 c2=2:24648583767887 c3=3:24648584175439 CH:
FS n=64 fsseq=539021 buf=1 c0=0:24648583767678 c1=1:24648584272991 c2=2:24648583767887 c3=3:24648584175439 CH:
FS n=64 fsseq=538233 buf=13 c0=0:24648601662522 c1=1:24648601662366 c2=2:24648601711220 c3=3:24648601722001 CH: 13/id13/k0 21/id5/k1 46/id14/k2 60/id12/k3
FS n=64 fsseq=538233 buf=13 c0=0:24648601662522 c1=1:24648601662366 c2=2:24648601711220 c3=3:24648601722001 CH:
FS n=64 fsseq=538233 buf=13 c0=0:24648601662522 c1=1:24648601662366 c2=2:24648601711220 c3=3:24648601722001 CH:
FS n=64 fsseq=539022 buf=5 c0=0:24648623762001 c1=1:24648624269918 c2=2:24648623773408 c3=3:24648624178720 CH: 5/id5/k0 29/id13/k1 36/id4/k2 52/id4/k3
FS n=64 fsseq=539022 buf=5 c0=0:24648623762001 c1=1:24648624269918 c2=2:24648623773408 c3=3:24648624178720 CH:
FS n=64 fsseq=539022 buf=5 c0=0:24648623762001 c1=1:24648624269918 c2=2:24648623773408 c3=3:24648624178720 CH:
FS n=64 fsseq=538234 buf=15 c0=0:24648641674762 c1=1:24648641677470 c2=2:24648641737158 c3=3:24648641774137 CH: 15/id15/k0 20/id4/k1 38/id6/k2 62/id14/k3
FS n=64 fsseq=538234 buf=15 c0=0:24648641674762 c1=1:24648641677470 c2=2:24648641737158 c3=3:24648641774137 CH:
FS n=64 fsseq=538234 buf=15 c0=0:24648641674762 c1=1:24648641677470 c2=2:24648641737158 c3=3:24648641774137 CH:
FS n=64 fsseq=539023 buf=0 c0=0:24648663764710 c1=1:24648664266064 c2=2:24648663774085 c3=3:24648664175335 CH: 24/id8/k1 33/id1/k2 49/id1/k3
FS n=64 fsseq=539023 buf=0 c0=0:24648663764710 c1=1:24648664266064 c2=2:24648663774085 c3=3:24648664175335 CH: 0/id0/k0 24/id8/k1 33/id1/k2 49/id1/k3
FS n=64 fsseq=539023 buf=0 c0=0:24648663764710 c1=1:24648664266064 c2=2:24648663774085 c3=3:24648664175335 CH: 0/id0/k0
FS n=64 fsseq=538235 buf=2 c0=0:24648681667626 c1=1:24648681667418 c2=2:24648681718720 c3=3:24648681729449 CH: 41/id9/k2 54/id6/k3
FS n=64 fsseq=538235 buf=2 c0=0:24648681667626 c1=1:24648681667418 c2=2:24648681718720 c3=3:24648681729449 CH: 2/id2/k0 25/id9/k1 41/id9/k2 54/id6/k3
FS n=64 fsseq=538235 buf=2 c0=0:24648681667626 c1=1:24648681667418 c2=2:24648681718720 c3=3:24648681729449 CH: 41/id9/k2 54/id6/k3
FS n=64 fsseq=539024 buf=4 c0=0:24648703786012 c1=1:24648704270751 c2=2:24648703793981 c3=3:24648704178824 CH:
FS n=64 fsseq=539024 buf=4 c0=0:24648703786012 c1=1:24648704270751 c2=2:24648703793981 c3=3:24648704178824 CH: 4/id4/k0 30/id14/k1 39/id7/k2 50/id2/k3
FS n=64 fsseq=539024 buf=4 c0=0:24648703786012 c1=1:24648704270751 c2=2:24648703793981 c3=3:24648704178824 CH:
FS n=64 fsseq=538236 buf=12 c0=0:24648721656845 c1=1:24648721662991 c2=2:24648721701845 c3=3:24648721728616 CH: 12/id12/k0 26/id10/k1 43/id11/k2 58/id10/k3
FS n=64 fsseq=538236 buf=12 c0=0:24648721656845 c1=1:24648721662991 c2=2:24648721701845 c3=3:24648721728616 CH:
FS n=64 fsseq=538236 buf=12 c0=0:24648721656845 c1=1:24648721662991 c2=2:24648721701845 c3=3:24648721728616 CH:
FS n=64 fsseq=539025 buf=6 c0=0:24648743763251 c1=1:24648744269658 c2=2:24648743765335 c3=3:24648744178043 CH: 51/id3/k3
FS n=64 fsseq=539025 buf=6 c0=0:24648743763251 c1=1:24648744269658 c2=2:24648743765335 c3=3:24648744178043 CH: 6/id6/k0 51/id3/k3
FS n=64 fsseq=539025 buf=6 c0=0:24648743763251 c1=1:24648744269658 c2=2:24648743765335 c3=3:24648744178043 CH: 28/id12/k1 37/id5/k2 51/id3/k3
FS n=64 fsseq=538237 buf=14 c0=0:24648761660178 c1=1:24648761659970 c2=2:24648761690751 c3=3:24648761730699 CH: 14/id14/k0 23/id7/k1 47/id15/k2 61/id13/k3
FS n=64 fsseq=538237 buf=14 c0=0:24648761660178 c1=1:24648761659970 c2=2:24648761690751 c3=3:24648761730699 CH: 23/id7/k1
FS n=64 fsseq=538237 buf=14 c0=0:24648761660178 c1=1:24648761659970 c2=2:24648761690751 c3=3:24648761730699 CH: 23/id7/k1
FS n=64 fsseq=539026 buf=8 c0=0:24648783771689 c1=1:24648784274137 c2=2:24648783774137 c3=3:24648784175908 CH: 8/id8/k0 31/id15/k1 34/id2/k2 53/id5/k3
FS n=64 fsseq=539026 buf=8 c0=0:24648783771689 c1=1:24648784274137 c2=2:24648783774137 c3=3:24648784175908 CH: 53/id5/k3
FS n=64 fsseq=539026 buf=8 c0=0:24648783771689 c1=1:24648784274137 c2=2:24648783774137 c3=3:24648784175908 CH:
FS n=64 fsseq=538238 buf=9 c0=0:24648801686741 c1=1:24648801686741 c2=2:24648801710074 c3=3:24648801759241 CH: 16/id0/k1
FS n=64 fsseq=538238 buf=9 c0=0:24648801686741 c1=1:24648801686741 c2=2:24648801710074 c3=3:24648801759241 CH: 9/id9/k0 16/id0/k1 42/id10/k2 63/id15/k3
FS n=64 fsseq=538238 buf=9 c0=0:24648801686741 c1=1:24648801686741 c2=2:24648801710074 c3=3:24648801759241 CH:
FS n=64 fsseq=539027 buf=10 c0=0:24648823773616 c1=1:24648824270960 c2=2:24648823773564 c3=3:24648824177835 CH:
FS n=64 fsseq=539027 buf=10 c0=0:24648823773616 c1=1:24648824270960 c2=2:24648823773564 c3=3:24648824177835 CH: 10/id10/k0 17/id1/k1 35/id3/k2 55/id7/k3
FS n=64 fsseq=539027 buf=10 c0=0:24648823773616 c1=1:24648824270960 c2=2:24648823773564 c3=3:24648824177835 CH:
FS n=64 fsseq=538239 buf=3 c0=0:24648841661533 c1=1:24648841662262 c2=2:24648841685126 c3=3:24648841729762 CH: 18/id2/k1
FS n=64 fsseq=538239 buf=3 c0=0:24648841661533 c1=1:24648841662262 c2=2:24648841685126 c3=3:24648841729762 CH: 3/id3/k0 18/id2/k1 44/id12/k2 59/id11/k3
FS n=64 fsseq=538239 buf=3 c0=0:24648841661533 c1=1:24648841662262 c2=2:24648841685126 c3=3:24648841729762 CH: 18/id2/k1
FS n=64 fsseq=539028 buf=7 c0=0:24648863778460 c1=1:24648864277678 c2=2:24648863780908 c3=3:24648864184241 CH:
FS n=64 fsseq=539028 buf=7 c0=0:24648863778460 c1=1:24648864277678 c2=2:24648863780908 c3=3:24648864184241 CH:
FS n=64 fsseq=539028 buf=7 c0=0:24648863778460 c1=1:24648864277678 c2=2:24648863780908 c3=3:24648864184241 CH: 7/id7/k0 22/id6/k1 40/id8/k2 56/id8/k3
FS n=64 fsseq=538240 buf=11 c0=0:24648881657105 c1=1:24648881658095 c2=2:24648881681897 c3=3:24648881720751 CH:
FS n=64 fsseq=538240 buf=11 c0=0:24648881657105 c1=1:24648881658095 c2=2:24648881681897 c3=3:24648881720751 CH: 11/id11/k0 19/id3/k1 45/id13/k2 57/id9/k3
FS n=64 fsseq=538240 buf=11 c0=0:24648881657105 c1=1:24648881658095 c2=2:24648881681897 c3=3:24648881720751 CH: 45/id13/k2
FS n=64 fsseq=539029 buf=1 c0=0:24648903766949 c1=1:24648904269137 c2=2:24648903777158 c3=3:24648904183876 CH: 27/id11/k1 32/id0/k2 48/id0/k3
FS n=64 fsseq=539029 buf=1 c0=0:24648903766949 c1=1:24648904269137 c2=2:24648903777158 c3=3:24648904183876 CH: 1/id1/k0
FS n=64 fsseq=539029 buf=1 c0=0:24648903766949 c1=1:24648904269137 c2=2:24648903777158 c3=3:24648904183876 CH: 1/id1/k0
FS n=64 fsseq=538241 buf=13 c0=0:24648921668303 c1=1:24648921668199 c2=2:24648921691272 c3=3:24648921717470 CH: 13/id13/k0 21/id5/k1 46/id14/k2 60/id12/k3
FS n=64 fsseq=538241 buf=13 c0=0:24648921668303 c1=1:24648921668199 c2=2:24648921691272 c3=3:24648921717470 CH:
FS n=64 fsseq=538241 buf=13 c0=0:24648921668303 c1=1:24648921668199 c2=2:24648921691272 c3=3:24648921717470 CH:
FS n=64 fsseq=539030 buf=5 c0=0:24648943768199 c1=1:24648944288355 c2=2:24648943773460 c3=3:24648944178928 CH: 5/id5/k0 29/id13/k1 36/id4/k2 52/id4/k3 63/id15/k3
FS n=64 fsseq=539030 buf=5 c0=0:24648943768199 c1=1:24648944288355 c2=2:24648943773460 c3=3:24648944178928 CH:
FS n=64 fsseq=539030 buf=5 c0=0:24648943768199 c1=1:24648944288355 c2=2:24648943773460 c3=3:24648944178928 CH:
FS n=64 fsseq=538242 buf=15 c0=0:24648961691012 c1=1:24648961705178 c2=2:24648961748460 c3=3:24648961792782 CH: 38/id6/k2 62/id14/k3
FS n=64 fsseq=538242 buf=15 c0=0:24648961691012 c1=1:24648961705178 c2=2:24648961748460 c3=3:24648961792782 CH: 15/id15/k0 20/id4/k1 38/id6/k2 62/id14/k3
FS n=64 fsseq=538242 buf=15 c0=0:24648961691012 c1=1:24648961705178 c2=2:24648961748460 c3=3:24648961792782 CH:
FS n=64 fsseq=539031 buf=0 c0=0:24648983766689 c1=1:24648984288303 c2=2:24648983771793 c3=3:24648984179293 CH: 0/id0/k0 24/id8/k1 33/id1/k2 49/id1/k3
FS n=64 fsseq=539031 buf=0 c0=0:24648983766689 c1=1:24648984288303 c2=2:24648983771793 c3=3:24648984179293 CH:
FS n=64 fsseq=539031 buf=0 c0=0:24648983766689 c1=1:24648984288303 c2=2:24648983771793 c3=3:24648984179293 CH:
FS n=64 fsseq=538243 buf=2 c0=0:24649001659814 c1=1:24649001659814 c2=2:24649001721428 c3=3:24649001727366 CH:
FS n=64 fsseq=538243 buf=2 c0=0:24649001659814 c1=1:24649001659814 c2=2:24649001721428 c3=3:24649001727366 CH: 2/id2/k0 25/id9/k1 41/id9/k2 54/id6/k3
FS n=64 fsseq=538243 buf=2 c0=0:24649001659814 c1=1:24649001659814 c2=2:24649001721428 c3=3:24649001727366 CH:
FS n=64 fsseq=539032 buf=4 c0=0:24649023787105 c1=1:24649024279657 c2=2:24649023787105 c3=3:24649024187262 CH: 4/id4/k0 30/id14/k1 39/id7/k2 50/id2/k3
FS n=64 fsseq=539032 buf=4 c0=0:24649023787105 c1=1:24649024279657 c2=2:24649023787105 c3=3:24649024187262 CH:
FS n=64 fsseq=539032 buf=4 c0=0:24649023787105 c1=1:24649024279657 c2=2:24649023787105 c3=3:24649024187262 CH:
FS n=64 fsseq=538244 buf=12 c0=0:24649041675439 c1=1:24649041675439 c2=2:24649041727991 c3=3:24649041739449 CH: 12/id12/k0 26/id10/k1 43/id11/k2 58/id10/k3
FS n=64 fsseq=538244 buf=12 c0=0:24649041675439 c1=1:24649041675439 c2=2:24649041727991 c3=3:24649041739449 CH:
FS n=64 fsseq=538244 buf=12 c0=0:24649041675439 c1=1:24649041675439 c2=2:24649041727991 c3=3:24649041739449 CH:
FS n=64 fsseq=539033 buf=6 c0=0:24649063767105 c1=1:24649064274345 c2=2:24649063781585 c3=3:24649064182626 CH: 6/id6/k0 28/id12/k1 37/id5/k2 51/id3/k3
FS n=64 fsseq=539033 buf=6 c0=0:24649063767105 c1=1:24649064274345 c2=2:24649063781585 c3=3:24649064182626 CH:
FS n=64 fsseq=539033 buf=6 c0=0:24649063767105 c1=1:24649064274345 c2=2:24649063781585 c3=3:24649064182626 CH:
FS n=64 fsseq=538245 buf=14 c0=0:24649081672626 c1=1:24649081672626 c2=2:24649081725387 c3=3:24649081735543 CH: 6/id6/k0 14/id14/k0 23/id7/k1 47/id15/k2 61/id13/k3
FS n=64 fsseq=538245 buf=14 c0=0:24649081672626 c1=1:24649081672626 c2=2:24649081725387 c3=3:24649081735543 CH:
FS n=64 fsseq=538245 buf=14 c0=0:24649081672626 c1=1:24649081672626 c2=2:24649081725387 c3=3:24649081735543 CH: 6/id6/k0 47/id15/k2
FS n=64 fsseq=539034 buf=8 c0=0:24649103769553 c1=1:24649104276845 c2=2:24649103781585 c3=3:24649104183668 CH: 8/id8/k0 31/id15/k1 34/id2/k2 53/id5/k3
FS n=64 fsseq=539034 buf=8 c0=0:24649103769553 c1=1:24649104276845 c2=2:24649103781585 c3=3:24649104183668 CH:
FS n=64 fsseq=539034 buf=8 c0=0:24649103769553 c1=1:24649104276845 c2=2:24649103781585 c3=3:24649104183668 CH:
FS n=64 fsseq=538246 buf=9 c0=0:24649121700803 c1=1:24649121700751 c2=2:24649121745855 c3=3:24649121784189 CH: 9/id9/k0 16/id0/k1 42/id10/k2 63/id15/k3
FS n=64 fsseq=538246 buf=9 c0=0:24649121700803 c1=1:24649121700751 c2=2:24649121745855 c3=3:24649121784189 CH:
FS n=64 fsseq=538246 buf=9 c0=0:24649121700803 c1=1:24649121700751 c2=2:24649121745855 c3=3:24649121784189 CH:
FS n=64 fsseq=539035 buf=10 c0=0:24649143772835 c1=1:24649144273928 c2=2:24649143783824 c3=3:24649144182730 CH: 10/id10/k0 17/id1/k1 35/id3/k2 55/id7/k3
FS n=64 fsseq=539035 buf=10 c0=0:24649143772835 c1=1:24649144273928 c2=2:24649143783824 c3=3:24649144182730 CH:
FS n=64 fsseq=539035 buf=10 c0=0:24649143772835 c1=1:24649144273928 c2=2:24649143783824 c3=3:24649144182730 CH:
FS n=64 fsseq=538247 buf=3 c0=0:24649161670022 c1=1:24649161776480 c2=2:24649161714553 c3=3:24649161757366 CH: 3/id3/k0 18/id2/k1 44/id12/k2 59/id11/k3
FS n=64 fsseq=538247 buf=3 c0=0:24649161670022 c1=1:24649161776480 c2=2:24649161714553 c3=3:24649161757366 CH:
FS n=64 fsseq=538247 buf=3 c0=0:24649161670022 c1=1:24649161776480 c2=2:24649161714553 c3=3:24649161757366 CH:
FS n=64 fsseq=539036 buf=7 c0=0:24649183796480 c1=1:24649184295334 c2=2:24649183798459 c3=3:24649184187730 CH: 7/id7/k0 22/id6/k1 40/id8/k2 56/id8/k3
FS n=64 fsseq=539036 buf=7 c0=0:24649183796480 c1=1:24649184295334 c2=2:24649183798459 c3=3:24649184187730 CH:
FS n=64 fsseq=539036 buf=7 c0=0:24649183796480 c1=1:24649184295334 c2=2:24649183798459 c3=3:24649184187730 CH:
FS n=64 fsseq=538248 buf=11 c0=0:24649201665751 c1=1:24649201665803 c2=2:24649201685387 c3=3:24649201728824 CH: 11/id11/k0 19/id3/k1 45/id13/k2 57/id9/k3
FS n=64 fsseq=538248 buf=11 c0=0:24649201665751 c1=1:24649201665803 c2=2:24649201685387 c3=3:24649201728824 CH:
FS n=64 fsseq=538248 buf=11 c0=0:24649201665751 c1=1:24649201665803 c2=2:24649201685387 c3=3:24649201728824 CH:
FS n=64 fsseq=539037 buf=1 c0=0:24649223771637 c1=1:24649224275751 c2=2:24649223776168 c3=3:24649224185439 CH: 1/id1/k0 27/id11/k1 32/id0/k2 48/id0/k3
FS n=64 fsseq=539037 buf=1 c0=0:24649223771637 c1=1:24649224275751 c2=2:24649223776168 c3=3:24649224185439 CH:
FS n=64 fsseq=539037 buf=1 c0=0:24649223771637 c1=1:24649224275751 c2=2:24649223776168 c3=3:24649224185439 CH:
FS n=64 fsseq=538249 buf=13 c0=0:24649241670491 c1=1:24649241670282 c2=2:24649241726272 c3=3:24649241731168 CH: 13/id13/k0 21/id5/k1 46/id14/k2 60/id12/k3
FS n=64 fsseq=538249 buf=13 c0=0:24649241670491 c1=1:24649241670282 c2=2:24649241726272 c3=3:24649241731168 CH:
FS n=64 fsseq=538249 buf=13 c0=0:24649241670491 c1=1:24649241670282 c2=2:24649241726272 c3=3:24649241731168 CH:
FS n=64 fsseq=539038 buf=5 c0=0:24649263772834 c1=1:24649264277834 c2=2:24649263780543 c3=3:24649264188876 CH: 5/id5/k0 29/id13/k1 36/id4/k2 52/id4/k3
FS n=64 fsseq=539038 buf=5 c0=0:24649263772834 c1=1:24649264277834 c2=2:24649263780543 c3=3:24649264188876 CH:
FS n=64 fsseq=539038 buf=5 c0=0:24649263772834 c1=1:24649264277834 c2=2:24649263780543 c3=3:24649264188876 CH:
FS n=64 fsseq=538250 buf=15 c0=0:24649281686480 c1=1:24649281686376 c2=2:24649281737626 c3=3:24649281754397 CH: 5/id5/k0 15/id15/k0 20/id4/k1 38/id6/k2 62/id14/k3
FS n=64 fsseq=538250 buf=15 c0=0:24649281686480 c1=1:24649281686376 c2=2:24649281737626 c3=3:24649281754397 CH: 15/id15/k0
FS n=64 fsseq=538250 buf=15 c0=0:24649281686480 c1=1:24649281686376 c2=2:24649281737626 c3=3:24649281754397 CH:
FS n=64 fsseq=539039 buf=0 c0=0:24649303774189 c1=1:24649304280022 c2=2:24649303783355 c3=3:24649304187314 CH: 0/id0/k0 24/id8/k1 33/id1/k2 49/id1/k3
FS n=64 fsseq=539039 buf=0 c0=0:24649303774189 c1=1:24649304280022 c2=2:24649303783355 c3=3:24649304187314 CH:
FS n=64 fsseq=539039 buf=0 c0=0:24649303774189 c1=1:24649304280022 c2=2:24649303783355 c3=3:24649304187314 CH:
FS n=64 fsseq=538251 buf=2 c0=0:24649321675595 c1=1:24649321675855 c2=2:24649321726793 c3=3:24649321739866 CH: 2/id2/k0 25/id9/k1 41/id9/k2 54/id6/k3
FS n=64 fsseq=538251 buf=2 c0=0:24649321675595 c1=1:24649321675855 c2=2:24649321726793 c3=3:24649321739866 CH:
FS n=64 fsseq=538251 buf=2 c0=0:24649321675595 c1=1:24649321675855 c2=2:24649321726793 c3=3:24649321739866 CH:
FS n=64 fsseq=539040 buf=4 c0=0:24649343841220 c1=1:24649344282105 c2=2:24649343841116 c3=3:24649344196272 CH: 4/id4/k0 30/id14/k1 39/id7/k2 50/id2/k3
FS n=64 fsseq=539040 buf=4 c0=0:24649343841220 c1=1:24649344282105 c2=2:24649343841116 c3=3:24649344196272 CH:
FS n=64 fsseq=539040 buf=4 c0=0:24649343841220 c1=1:24649344282105 c2=2:24649343841116 c3=3:24649344196272 CH:
FS n=64 fsseq=538252 buf=12 c0=0:24649361729762 c1=1:24649361697262 c2=2:24649361698251 c3=3:24649361739189 CH: 12/id12/k0 26/id10/k1 43/id11/k2 58/id10/k3
FS n=64 fsseq=538252 buf=12 c0=0:24649361729762 c1=1:24649361697262 c2=2:24649361698251 c3=3:24649361739189 CH:
FS n=64 fsseq=538252 buf=12 c0=0:24649361729762 c1=1:24649361697262 c2=2:24649361698251 c3=3:24649361739189 CH:
FS n=64 fsseq=539041 buf=6 c0=0:24649383793459 c1=1:24649384279136 c2=2:24649383793459 c3=3:24649384189397 CH: 6/id6/k0 28/id12/k1 37/id5/k2 51/id3/k3
FS n=64 fsseq=539041 buf=6 c0=0:24649383793459 c1=1:24649384279136 c2=2:24649383793459 c3=3:24649384189397 CH:
FS n=64 fsseq=539041 buf=6 c0=0:24649383793459 c1=1:24649384279136 c2=2:24649383793459 c3=3:24649384189397 CH:
FS n=64 fsseq=538253 buf=14 c0=0:24649401724709 c1=1:24649401688043 c2=2:24649401701480 c3=3:24649401733980 CH: 14/id14/k0 23/id7/k1 47/id15/k2 61/id13/k3
FS n=64 fsseq=538253 buf=14 c0=0:24649401724709 c1=1:24649401688043 c2=2:24649401701480 c3=3:24649401733980 CH:
FS n=64 fsseq=538253 buf=14 c0=0:24649401724709 c1=1:24649401688043 c2=2:24649401701480 c3=3:24649401733980 CH:
FS n=64 fsseq=539042 buf=8 c0=0:24649423792522 c1=1:24649424282730 c2=2:24649423792522 c3=3:24649424188147 CH: 8/id8/k0 31/id15/k1 34/id2/k2 53/id5/k3
FS n=64 fsseq=539042 buf=8 c0=0:24649423792522 c1=1:24649424282730 c2=2:24649423792522 c3=3:24649424188147 CH:
FS n=64 fsseq=539042 buf=8 c0=0:24649423792522 c1=1:24649424282730 c2=2:24649423792522 c3=3:24649424188147 CH:
FS n=64 fsseq=538254 buf=9 c0=0:24649441764761 c1=1:24649441729918 c2=2:24649441732834 c3=3:24649441781949 CH: 9/id9/k0 16/id0/k1 42/id10/k2 63/id15/k3
FS n=64 fsseq=538254 buf=9 c0=0:24649441764761 c1=1:24649441729918 c2=2:24649441732834 c3=3:24649441781949 CH:
FS n=64 fsseq=538254 buf=9 c0=0:24649441764761 c1=1:24649441729918 c2=2:24649441732834 c3=3:24649441781949 CH:
FS n=64 fsseq=539043 buf=10 c0=0:24649463797418 c1=1:24649464282939 c2=2:24649463797366 c3=3:24649464188616 CH: 10/id10/k0 17/id1/k1 35/id3/k2 55/id7/k3
FS n=64 fsseq=539043 buf=10 c0=0:24649463797418 c1=1:24649464282939 c2=2:24649463797366 c3=3:24649464188616 CH:
FS n=64 fsseq=539043 buf=10 c0=0:24649463797418 c1=1:24649464282939 c2=2:24649463797366 c3=3:24649464188616 CH: 17/id1/k1
FS n=64 fsseq=538255 buf=3 c0=0:24649481673251 c1=1:24649481673147 c2=2:24649481743564 c3=3:24649481738564 CH: 3/id3/k0 18/id2/k1 44/id12/k2 59/id11/k3
FS n=64 fsseq=538255 buf=3 c0=0:24649481673251 c1=1:24649481673147 c2=2:24649481743564 c3=3:24649481738564 CH:
FS n=64 fsseq=538255 buf=3 c0=0:24649481673251 c1=1:24649481673147 c2=2:24649481743564 c3=3:24649481738564 CH:
FS n=64 fsseq=539044 buf=7 c0=0:24649503802157 c1=1:24649504303095 c2=2:24649503810230 c3=3:24649504197522 CH:
FS n=64 fsseq=539044 buf=7 c0=0:24649503802157 c1=1:24649504303095 c2=2:24649503810230 c3=3:24649504197522 CH: 7/id7/k0 22/id6/k1 40/id8/k2 56/id8/k3
FS n=64 fsseq=539044 buf=7 c0=0:24649503802157 c1=1:24649504303095 c2=2:24649503810230 c3=3:24649504197522 CH:
FS n=64 fsseq=538256 buf=11 c0=0:24649521667574 c1=1:24649521668980 c2=2:24649521698876 c3=3:24649521739189 CH: 11/id11/k0 19/id3/k1 45/id13/k2
FS n=64 fsseq=538256 buf=11 c0=0:24649521667574 c1=1:24649521668980 c2=2:24649521698876 c3=3:24649521739189 CH: 45/id13/k2 57/id9/k3
FS n=64 fsseq=538256 buf=11 c0=0:24649521667574 c1=1:24649521668980 c2=2:24649521698876 c3=3:24649521739189 CH: 45/id13/k2
FS n=64 fsseq=539045 buf=1 c0=0:24649543775751 c1=1:24649544284918 c2=2:24649543789501 c3=3:24649544189345 CH: 1/id1/k0 27/id11/k1 32/id0/k2 48/id0/k3
FS n=64 fsseq=539045 buf=1 c0=0:24649543775751 c1=1:24649544284918 c2=2:24649543789501 c3=3:24649544189345 CH:
FS n=64 fsseq=539045 buf=1 c0=0:24649543775751 c1=1:24649544284918 c2=2:24649543789501 c3=3:24649544189345 CH:
FS n=64 fsseq=538257 buf=13 c0=0:24649561670022 c1=1:24649561669657 c2=2:24649561693303 c3=3:24649561743251 CH: 13/id13/k0 21/id5/k1 46/id14/k2 60/id12/k3
FS n=64 fsseq=538257 buf=13 c0=0:24649561670022 c1=1:24649561669657 c2=2:24649561693303 c3=3:24649561743251 CH:
FS n=64 fsseq=538257 buf=13 c0=0:24649561670022 c1=1:24649561669657 c2=2:24649561693303 c3=3:24649561743251 CH:
FS n=64 fsseq=539046 buf=5 c0=0:24649583780022 c1=1:24649584286220 c2=2:24649583782991 c3=3:24649584188511 CH: 5/id5/k0 29/id13/k1 36/id4/k2 52/id4/k3
FS n=64 fsseq=539046 buf=5 c0=0:24649583780022 c1=1:24649584286220 c2=2:24649583782991 c3=3:24649584188511 CH:
FS n=64 fsseq=539046 buf=5 c0=0:24649583780022 c1=1:24649584286220 c2=2:24649583782991 c3=3:24649584188511 CH:
FS n=64 fsseq=538258 buf=15 c0=0:24649601692001 c1=1:24649601691584 c2=2:24649601717261 c3=3:24649601768095 CH: 15/id15/k0 20/id4/k1 38/id6/k2 62/id14/k3
FS n=64 fsseq=538258 buf=15 c0=0:24649601692001 c1=1:24649601691584 c2=2:24649601717261 c3=3:24649601768095 CH:
FS n=64 fsseq=538258 buf=15 c0=0:24649601692001 c1=1:24649601691584 c2=2:24649601717261 c3=3:24649601768095 CH:
FS n=64 fsseq=539047 buf=0 c0=0:24649623779918 c1=1:24649624283720 c2=2:24649623779918 c3=3:24649624191688 CH: 0/id0/k0 24/id8/k1 33/id1/k2 49/id1/k3
FS n=64 fsseq=539047 buf=0 c0=0:24649623779918 c1=1:24649624283720 c2=2:24649623779918 c3=3:24649624191688 CH:
FS n=64 fsseq=539047 buf=0 c0=0:24649623779918 c1=1:24649624283720 c2=2:24649623779918 c3=3:24649624191688 CH:
FS n=64 fsseq=538259 buf=2 c0=0:24649641675178 c1=1:24649641675282 c2=2:24649641696063 c3=3:24649641736897 CH: 2/id2/k0 25/id9/k1 41/id9/k2 54/id6/k3
FS n=64 fsseq=538259 buf=2 c0=0:24649641675178 c1=1:24649641675282 c2=2:24649641696063 c3=3:24649641736897 CH:
FS n=64 fsseq=538259 buf=2 c0=0:24649641675178 c1=1:24649641675282 c2=2:24649641696063 c3=3:24649641736897 CH:
FS n=64 fsseq=539048 buf=4 c0=0:24649663775386 c1=1:24649664294657 c2=2:24649663780543 c3=3:24649664202366 CH: 4/id4/k0 30/id14/k1 39/id7/k2 50/id2/k3
FS n=64 fsseq=539048 buf=4 c0=0:24649663775386 c1=1:24649664294657 c2=2:24649663780543 c3=3:24649664202366 CH:
FS n=64 fsseq=539048 buf=4 c0=0:24649663775386 c1=1:24649664294657 c2=2:24649663780543 c3=3:24649664202366 CH:
FS n=64 fsseq=538260 buf=12 c0=0:24649681681480 c1=1:24649681681376 c2=2:24649681739136 c3=3:24649681747209 CH: 12/id12/k0 26/id10/k1 43/id11/k2 58/id10/k3
FS n=64 fsseq=538260 buf=12 c0=0:24649681681480 c1=1:24649681681376 c2=2:24649681739136 c3=3:24649681747209 CH:
FS n=64 fsseq=538260 buf=12 c0=0:24649681681480 c1=1:24649681681376 c2=2:24649681739136 c3=3:24649681747209 CH:
FS n=64 fsseq=539049 buf=6 c0=0:24649703783720 c1=1:24649704286376 c2=2:24649703795803 c3=3:24649704188147 CH: 6/id6/k0 28/id12/k1 37/id5/k2 51/id3/k3
FS n=64 fsseq=539049 buf=6 c0=0:24649703783720 c1=1:24649704286376 c2=2:24649703795803 c3=3:24649704188147 CH:
FS n=64 fsseq=539049 buf=6 c0=0:24649703783720 c1=1:24649704286376 c2=2:24649703795803 c3=3:24649704188147 CH:
FS n=64 fsseq=538261 buf=14 c0=0:24649721669866 c1=1:24649721675438 c2=2:24649721702313 c3=3:24649721719970 CH: 14/id14/k0 23/id7/k1 47/id15/k2 61/id13/k3
FS n=64 fsseq=538261 buf=14 c0=0:24649721669866 c1=1:24649721675438 c2=2:24649721702313 c3=3:24649721719970 CH: 54/id6/k3
FS n=64 fsseq=538261 buf=14 c0=0:24649721669866 c1=1:24649721675438 c2=2:24649721702313 c3=3:24649721719970 CH:
FS n=64 fsseq=539050 buf=8 c0=0:24649743772991 c1=1:24649744286949 c2=2:24649743776116 c3=3:24649744189553 CH:
FS n=64 fsseq=539050 buf=8 c0=0:24649743772991 c1=1:24649744286949 c2=2:24649743776116 c3=3:24649744189553 CH: 53/id5/k3
FS n=64 fsseq=539050 buf=8 c0=0:24649743772991 c1=1:24649744286949 c2=2:24649743776116 c3=3:24649744189553 CH: 8/id8/k0 31/id15/k1 34/id2/k2 53/id5/k3
FS n=64 fsseq=538262 buf=9 c0=0:24649761719136 c1=1:24649761719136 c2=2:24649761763563 c3=3:24649761782470 CH: 63/id15/k3
FS n=64 fsseq=538262 buf=9 c0=0:24649761719136 c1=1:24649761719136 c2=2:24649761763563 c3=3:24649761782470 CH: 9/id9/k0 16/id0/k1 42/id10/k2 63/id15/k3
FS n=64 fsseq=538262 buf=9 c0=0:24649761719136 c1=1:24649761719136 c2=2:24649761763563 c3=3:24649761782470 CH: 42/id10/k2
FS n=64 fsseq=539051 buf=10 c0=0:24649783781220 c1=1:24649784284449 c2=2:24649783783303 c3=3:24649784187001 CH: 10/id10/k0 17/id1/k1 35/id3/k2 55/id7/k3
FS n=64 fsseq=539051 buf=10 c0=0:24649783781220 c1=1:24649784284449 c2=2:24649783783303 c3=3:24649784187001 CH:
FS n=64 fsseq=539051 buf=10 c0=0:24649783781220 c1=1:24649784284449 c2=2:24649783783303 c3=3:24649784187001 CH:
FS n=64 fsseq=538263 buf=3 c0=0:24649801675595 c1=1:24649801675334 c2=2:24649801700438 c3=3:24649801740751 CH: 3/id3/k0 18/id2/k1 44/id12/k2 59/id11/k3
FS n=64 fsseq=538263 buf=3 c0=0:24649801675595 c1=1:24649801675334 c2=2:24649801700438 c3=3:24649801740751 CH:
FS n=64 fsseq=538263 buf=3 c0=0:24649801675595 c1=1:24649801675334 c2=2:24649801700438 c3=3:24649801740751 CH:
FS n=64 fsseq=539052 buf=7 c0=0:24649823781688 c1=1:24649824294136 c2=2:24649823785230 c3=3:24649824202313 CH: 7/id7/k0 22/id6/k1 40/id8/k2 56/id8/k3
FS n=64 fsseq=539052 buf=7 c0=0:24649823781688 c1=1:24649824294136 c2=2:24649823785230 c3=3:24649824202313 CH:
FS n=64 fsseq=539052 buf=7 c0=0:24649823781688 c1=1:24649824294136 c2=2:24649823785230 c3=3:24649824202313 CH:
FS n=64 fsseq=538264 buf=11 c0=0:24649841673251 c1=1:24649841675907 c2=2:24649841703199 c3=3:24649841735647 CH: 11/id11/k0 19/id3/k1 45/id13/k2 57/id9/k3
FS n=64 fsseq=538264 buf=11 c0=0:24649841673251 c1=1:24649841675907 c2=2:24649841703199 c3=3:24649841735647 CH: 11/id11/k0 19/id3/k1 45/id13/k2 57/id9/k3
FS n=64 fsseq=538264 buf=11 c0=0:24649841673251 c1=1:24649841675907 c2=2:24649841703199 c3=3:24649841735647 CH:
FS n=64 fsseq=539053 buf=1 c0=0:24649863785074 c1=1:24649864288355 c2=2:24649863787313 c3=3:24649864191376 CH: 1/id1/k0 27/id11/k1 32/id0/k2 48/id0/k3
FS n=64 fsseq=539053 buf=1 c0=0:24649863785074 c1=1:24649864288355 c2=2:24649863787313 c3=3:24649864191376 CH:
FS n=64 fsseq=539053 buf=1 c0=0:24649863785074 c1=1:24649864288355 c2=2:24649863787313 c3=3:24649864191376 CH:
FS n=64 fsseq=538265 buf=13 c0=0:24649881675647 c1=1:24649881675595 c2=2:24649881738043 c3=3:24649881745959 CH:
FS n=64 fsseq=538265 buf=13 c0=0:24649881675647 c1=1:24649881675595 c2=2:24649881738043 c3=3:24649881745959 CH: 13/id13/k0 21/id5/k1 46/id14/k2 60/id12/k3
FS n=64 fsseq=538265 buf=13 c0=0:24649881675647 c1=1:24649881675595 c2=2:24649881738043 c3=3:24649881745959 CH:
FS n=64 fsseq=539054 buf=5 c0=0:24649903779657 c1=1:24649904287678 c2=2:24649903779605 c3=3:24649904196688 CH: 5/id5/k0 29/id13/k1 36/id4/k2 52/id4/k3
FS n=64 fsseq=539054 buf=5 c0=0:24649903779657 c1=1:24649904287678 c2=2:24649903779605 c3=3:24649904196688 CH:
FS n=64 fsseq=539054 buf=5 c0=0:24649903779657 c1=1:24649904287678 c2=2:24649903779605 c3=3:24649904196688 CH:
FS n=64 fsseq=538266 buf=15 c0=0:24649921708147 c1=1:24649921708043 c2=2:24649921795230 c3=3:24649921774449 CH: 15/id15/k0 20/id4/k1 38/id6/k2 62/id14/k3
FS n=64 fsseq=538266 buf=15 c0=0:24649921708147 c1=1:24649921708043 c2=2:24649921795230 c3=3:24649921774449 CH:
FS n=64 fsseq=538266 buf=15 c0=0:24649921708147 c1=1:24649921708043 c2=2:24649921795230 c3=3:24649921774449 CH:
FS n=64 fsseq=539055 buf=0 c0=0:24649943821428 c1=1:24649944289188 c2=2:24649943827470 c3=3:24649944193199 CH: 0/id0/k0 24/id8/k1 33/id1/k2 49/id1/k3
FS n=64 fsseq=539055 buf=0 c0=0:24649943821428 c1=1:24649944289188 c2=2:24649943827470 c3=3:24649944193199 CH:
FS n=64 fsseq=539055 buf=0 c0=0:24649943821428 c1=1:24649944289188 c2=2:24649943827470 c3=3:24649944193199 CH:
FS n=64 fsseq=538267 buf=2 c0=0:24649961682418 c1=1:24649961682261 c2=2:24649961709657 c3=3:24649961751740 CH: 2/id2/k0 25/id9/k1 41/id9/k2 54/id6/k3
FS n=64 fsseq=538267 buf=2 c0=0:24649961682418 c1=1:24649961682261 c2=2:24649961709657 c3=3:24649961751740 CH:
FS n=64 fsseq=538267 buf=2 c0=0:24649961682418 c1=1:24649961682261 c2=2:24649961709657 c3=3:24649961751740 CH:
FS n=64 fsseq=539056 buf=4 c0=0:24649983782001 c1=1:24649984302834 c2=2:24649983785178 c3=3:24649984203980 CH: 4/id4/k0 30/id14/k1 39/id7/k2 50/id2/k3
FS n=64 fsseq=539056 buf=4 c0=0:24649983782001 c1=1:24649984302834 c2=2:24649983785178 c3=3:24649984203980 CH:
FS n=64 fsseq=539056 buf=4 c0=0:24649983782001 c1=1:24649984302834 c2=2:24649983785178 c3=3:24649984203980 CH:
FS n=64 fsseq=538268 buf=12 c0=0:24650001681532 c1=1:24650001681480 c2=2:24650001702886 c3=3:24650001754813 CH:
FS n=64 fsseq=538268 buf=12 c0=0:24650001681532 c1=1:24650001681480 c2=2:24650001702886 c3=3:24650001754813 CH: 12/id12/k0 26/id10/k1 43/id11/k2 58/id10/k3
FS n=64 fsseq=538268 buf=12 c0=0:24650001681532 c1=1:24650001681480 c2=2:24650001702886 c3=3:24650001754813 CH:
FS n=64 fsseq=539057 buf=6 c0=0:24650023782730 c1=1:24650024291115 c2=2:24650023784553 c3=3:24650024196168 CH: 6/id6/k0 28/id12/k1 37/id5/k2 51/id3/k3
FS n=64 fsseq=539057 buf=6 c0=0:24650023782730 c1=1:24650024291115 c2=2:24650023784553 c3=3:24650024196168 CH: 6/id6/k0 37/id5/k2 51/id3/k3
FS n=64 fsseq=539057 buf=6 c0=0:24650023782730 c1=1:24650024291115 c2=2:24650023784553 c3=3:24650024196168 CH: 6/id6/k0 28/id12/k1 51/id3/k3
FS n=64 fsseq=538269 buf=14 c0=0:24650041689032 c1=1:24650041689084 c2=2:24650041742730 c3=3:24650041752365 CH: 14/id14/k0 23/id7/k1 47/id15/k2 61/id13/k3
FS n=64 fsseq=538269 buf=14 c0=0:24650041689032 c1=1:24650041689084 c2=2:24650041742730 c3=3:24650041752365 CH: 47/id15/k2 61/id13/k3
FS n=64 fsseq=538269 buf=14 c0=0:24650041689032 c1=1:24650041689084 c2=2:24650041742730 c3=3:24650041752365 CH: 14/id14/k0 23/id7/k1
FS n=64 fsseq=539058 buf=8 c0=0:24650063779761 c1=1:24650064292053 c2=2:24650063810751 c3=3:24650064197990 CH: 8/id8/k0
FS n=64 fsseq=539058 buf=8 c0=0:24650063779761 c1=1:24650064292053 c2=2:24650063810751 c3=3:24650064197990 CH: 8/id8/k0 31/id15/k1 34/id2/k2 53/id5/k3
FS n=64 fsseq=539058 buf=8 c0=0:24650063779761 c1=1:24650064292053 c2=2:24650063810751 c3=3:24650064197990 CH:
FS n=64 fsseq=538270 buf=9 c0=0:24650081720803 c1=1:24650081720959 c2=2:24650081777365 c3=3:24650081792470 CH:
FS n=64 fsseq=538270 buf=9 c0=0:24650081720803 c1=1:24650081720959 c2=2:24650081777365 c3=3:24650081792470 CH: 9/id9/k0 16/id0/k1 42/id10/k2 63/id15/k3
FS n=64 fsseq=538270 buf=9 c0=0:24650081720803 c1=1:24650081720959 c2=2:24650081777365 c3=3:24650081792470 CH:
FS n=64 fsseq=539059 buf=10 c0=0:24650103818980 c1=1:24650104288459 c2=2:24650103826063 c3=3:24650104192626 CH: 35/id3/k2 55/id7/k3
FS n=64 fsseq=539059 buf=10 c0=0:24650103818980 c1=1:24650104288459 c2=2:24650103826063 c3=3:24650104192626 CH: 17/id1/k1 35/id3/k2 55/id7/k3
FS n=64 fsseq=539059 buf=10 c0=0:24650103818980 c1=1:24650104288459 c2=2:24650103826063 c3=3:24650104192626 CH: 10/id10/k0
FS n=64 fsseq=538271 buf=3 c0=0:24650121697001 c1=1:24650121697053 c2=2:24650121737574 c3=3:24650121728042 CH: 3/id3/k0 18/id2/k1 44/id12/k2 59/id11/k3
FS n=64 fsseq=538271 buf=3 c0=0:24650121697001 c1=1:24650121697053 c2=2:24650121737574 c3=3:24650121728042 CH:
FS n=64 fsseq=538271 buf=3 c0=0:24650121697001 c1=1:24650121697053 c2=2:24650121737574 c3=3:24650121728042 CH:
FS n=64 fsseq=539060 buf=7 c0=0:24650143843876 c1=1:24650144294240 c2=2:24650143843251 c3=3:24650144206845 CH: 7/id7/k0 22/id6/k1 40/id8/k2 56/id8/k3
FS n=64 fsseq=539060 buf=7 c0=0:24650143843876 c1=1:24650144294240 c2=2:24650143843251 c3=3:24650144206845 CH:
FS n=64 fsseq=539060 buf=7 c0=0:24650143843876 c1=1:24650144294240 c2=2:24650143843251 c3=3:24650144206845 CH:
FS n=64 fsseq=538272 buf=11 c0=0:24650161684397 c1=1:24650161685334 c2=2:24650161740022 c3=3:24650161746740 CH: 11/id11/k0 19/id3/k1 45/id13/k2 57/id9/k3
FS n=64 fsseq=538272 buf=11 c0=0:24650161684397 c1=1:24650161685334 c2=2:24650161740022 c3=3:24650161746740 CH: 57/id9/k3
FS n=64 fsseq=538272 buf=11 c0=0:24650161684397 c1=1:24650161685334 c2=2:24650161740022 c3=3:24650161746740 CH:
FS n=64 fsseq=539061 buf=1 c0=0:24650183792834 c1=1:24650184290542 c2=2:24650183800699 c3=3:24650184200334 CH: 1/id1/k0 27/id11/k1 32/id0/k2 48/id0/k3
FS n=64 fsseq=539061 buf=1 c0=0:24650183792834 c1=1:24650184290542 c2=2:24650183800699 c3=3:24650184200334 CH:
FS n=64 fsseq=539061 buf=1 c0=0:24650183792834 c1=1:24650184290542 c2=2:24650183800699 c3=3:24650184200334 CH:
FS n=64 fsseq=538273 buf=13 c0=0:24650201684709 c1=1:24650201684709 c2=2:24650201729813 c3=3:24650201720178 CH: 13/id13/k0 21/id5/k1 46/id14/k2 60/id12/k3
FS n=64 fsseq=538273 buf=13 c0=0:24650201684709 c1=1:24650201684709 c2=2:24650201729813 c3=3:24650201720178 CH:
FS n=64 fsseq=538273 buf=13 c0=0:24650201684709 c1=1:24650201684709 c2=2:24650201729813 c3=3:24650201720178 CH:
FS n=64 fsseq=539062 buf=5 c0=0:24650223784553 c1=1:24650224292522 c2=2:24650223794553 c3=3:24650224201220 CH: 5/id5/k0 29/id13/k1 36/id4/k2 52/id4/k3
FS n=64 fsseq=539062 buf=5 c0=0:24650223784553 c1=1:24650224292522 c2=2:24650223794553 c3=3:24650224201220 CH:
FS n=64 fsseq=539062 buf=5 c0=0:24650223784553 c1=1:24650224292522 c2=2:24650223794553 c3=3:24650224201220 CH:
FS n=64 fsseq=538274 buf=15 c0=0:24650241690490 c1=1:24650241693147 c2=2:24650241752001 c3=3:24650241747678 CH:
FS n=64 fsseq=538274 buf=15 c0=0:24650241690490 c1=1:24650241693147 c2=2:24650241752001 c3=3:24650241747678 CH: 15/id15/k0 20/id4/k1 38/id6/k2 62/id14/k3
FS n=64 fsseq=538274 buf=15 c0=0:24650241690490 c1=1:24650241693147 c2=2:24650241752001 c3=3:24650241747678 CH:
FS n=64 fsseq=539063 buf=0 c0=0:24650263832626 c1=1:24650264289397 c2=2:24650263833199 c3=3:24650264198303 CH: 0/id0/k0
FS n=64 fsseq=539063 buf=0 c0=0:24650263832626 c1=1:24650264289397 c2=2:24650263833199 c3=3:24650264198303 CH:
FS n=64 fsseq=539063 buf=0 c0=0:24650263832626 c1=1:24650264289397 c2=2:24650263833199 c3=3:24650264198303 CH: 24/id8/k1 33/id1/k2 49/id1/k3
FS n=64 fsseq=538275 buf=2 c0=0:24650281679865 c1=1:24650281682001 c2=2:24650281710855 c3=3:24650281751272 CH: 2/id2/k0
FS n=64 fsseq=538275 buf=2 c0=0:24650281679865 c1=1:24650281682001 c2=2:24650281710855 c3=3:24650281751272 CH: 25/id9/k1 41/id9/k2 54/id6/k3
FS n=64 fsseq=538275 buf=2 c0=0:24650281679865 c1=1:24650281682001 c2=2:24650281710855 c3=3:24650281751272 CH: 2/id2/k0
FS n=64 fsseq=539064 buf=4 c0=0:24650303781167 c1=1:24650304294344 c2=2:24650303788303 c3=3:24650304201897 CH:
FS n=64 fsseq=539064 buf=4 c0=0:24650303781167 c1=1:24650304294344 c2=2:24650303788303 c3=3:24650304201897 CH: 4/id4/k0 30/id14/k1 39/id7/k2 50/id2/k3
FS n=64 fsseq=539064 buf=4 c0=0:24650303781167 c1=1:24650304294344 c2=2:24650303788303 c3=3:24650304201897 CH:
FS n=64 fsseq=538276 buf=12 c0=0:24650321685282 c1=1:24650321685230 c2=2:24650321706272 c3=3:24650321744865 CH: 12/id12/k0 26/id10/k1 43/id11/k2 58/id10/k3
FS n=64 fsseq=538276 buf=12 c0=0:24650321685282 c1=1:24650321685230 c2=2:24650321706272 c3=3:24650321744865 CH:
FS n=64 fsseq=538276 buf=12 c0=0:24650321685282 c1=1:24650321685230 c2=2:24650321706272 c3=3:24650321744865 CH:
FS n=64 fsseq=539065 buf=6 c0=0:24650343793563 c1=1:24650344297990 c2=2:24650343793511 c3=3:24650344199865 CH: 6/id6/k0 28/id12/k1 37/id5/k2 51/id3/k3
FS n=64 fsseq=539065 buf=6 c0=0:24650343793563 c1=1:24650344297990 c2=2:24650343793511 c3=3:24650344199865 CH:
FS n=64 fsseq=539065 buf=6 c0=0:24650343793563 c1=1:24650344297990 c2=2:24650343793511 c3=3:24650344199865 CH:
FS n=64 fsseq=538277 buf=14 c0=0:24650361727938 c1=1:24650361766376 c2=2:24650361752678 c3=3:24650361775126 CH: 6/id6/k0 14/id14/k0 23/id7/k1 47/id15/k2 61/id13/k3
FS n=64 fsseq=538277 buf=14 c0=0:24650361727938 c1=1:24650361766376 c2=2:24650361752678 c3=3:24650361775126 CH:
FS n=64 fsseq=538277 buf=14 c0=0:24650361727938 c1=1:24650361766376 c2=2:24650361752678 c3=3:24650361775126 CH:
FS n=64 fsseq=539066 buf=8 c0=0:24650383784813 c1=1:24650384295751 c2=2:24650383790438 c3=3:24650384201636 CH: 8/id8/k0 31/id15/k1 34/id2/k2 53/id5/k3
FS n=64 fsseq=539066 buf=8 c0=0:24650383784813 c1=1:24650384295751 c2=2:24650383790438 c3=3:24650384201636 CH:
FS n=64 fsseq=539066 buf=8 c0=0:24650383784813 c1=1:24650384295751 c2=2:24650383790438 c3=3:24650384201636 CH:
FS n=64 fsseq=538278 buf=9 c0=0:24650401709084 c1=1:24650401778511 c2=2:24650401728251 c3=3:24650401770751 CH: 9/id9/k0 16/id0/k1 42/id10/k2 63/id15/k3
FS n=64 fsseq=538278 buf=9 c0=0:24650401709084 c1=1:24650401778511 c2=2:24650401728251 c3=3:24650401770751 CH:
FS n=64 fsseq=538278 buf=9 c0=0:24650401709084 c1=1:24650401778511 c2=2:24650401728251 c3=3:24650401770751 CH:
FS n=64 fsseq=539067 buf=10 c0=0:24650423806219 c1=1:24650424296688 c2=2:24650423806219 c3=3:24650424206897 CH: 10/id10/k0 17/id1/k1 35/id3/k2 55/id7/k3
FS n=64 fsseq=539067 buf=10 c0=0:24650423806219 c1=1:24650424296688 c2=2:24650423806219 c3=3:24650424206897 CH:
FS n=64 fsseq=539067 buf=10 c0=0:24650423806219 c1=1:24650424296688 c2=2:24650423806219 c3=3:24650424206897 CH:
FS n=64 fsseq=538279 buf=3 c0=0:24650441692574 c1=1:24650441739865 c2=2:24650441714188 c3=3:24650441726636 CH: 18/id2/k1 44/id12/k2 59/id11/k3
FS n=64 fsseq=538279 buf=3 c0=0:24650441692574 c1=1:24650441739865 c2=2:24650441714188 c3=3:24650441726636 CH: 3/id3/k0 18/id2/k1 44/id12/k2 59/id11/k3
FS n=64 fsseq=538279 buf=3 c0=0:24650441692574 c1=1:24650441739865 c2=2:24650441714188 c3=3:24650441726636 CH:
FS n=64 fsseq=539068 buf=7 c0=0:24650463789449 c1=1:24650464301376 c2=2:24650463789344 c3=3:24650464200594 CH: 7/id7/k0 22/id6/k1 40/id8/k2 56/id8/k3
FS n=64 fsseq=539068 buf=7 c0=0:24650463789449 c1=1:24650464301376 c2=2:24650463789344 c3=3:24650464200594 CH: 56/id8/k3
FS n=64 fsseq=539068 buf=7 c0=0:24650463789449 c1=1:24650464301376 c2=2:24650463789344 c3=3:24650464200594 CH: 56/id8/k3
FS n=64 fsseq=538280 buf=11 c0=0:24650481696063 c1=1:24650481742938 c2=2:24650481718719 c3=3:24650481750490 CH: 11/id11/k0 19/id3/k1 45/id13/k2 57/id9/k3
FS n=64 fsseq=538280 buf=11 c0=0:24650481696063 c1=1:24650481742938 c2=2:24650481718719 c3=3:24650481750490 CH:
FS n=64 fsseq=538280 buf=11 c0=0:24650481696063 c1=1:24650481742938 c2=2:24650481718719 c3=3:24650481750490 CH:
FS n=64 fsseq=539069 buf=1 c0=0:24650503786844 c1=1:24650504297365 c2=2:24650503787574 c3=3:24650504202834 CH: 1/id1/k0 27/id11/k1 32/id0/k2 48/id0/k3
FS n=64 fsseq=539069 buf=1 c0=0:24650503786844 c1=1:24650504297365 c2=2:24650503787574 c3=3:24650504202834 CH:
FS n=64 fsseq=539069 buf=1 c0=0:24650503786844 c1=1:24650504297365 c2=2:24650503787574 c3=3:24650504202834 CH:
FS n=64 fsseq=538281 buf=13 c0=0:24650521687938 c1=1:24650521689709 c2=2:24650521714709 c3=3:24650521761324 CH: 13/id13/k0 21/id5/k1 46/id14/k2 60/id12/k3
FS n=64 fsseq=538281 buf=13 c0=0:24650521687938 c1=1:24650521689709 c2=2:24650521714709 c3=3:24650521761324 CH:
FS n=64 fsseq=538281 buf=13 c0=0:24650521687938 c1=1:24650521689709 c2=2:24650521714709 c3=3:24650521761324 CH:
FS n=64 fsseq=539070 buf=5 c0=0:24650543788667 c1=1:24650544298511 c2=2:24650543790438 c3=3:24650544207417 CH: 29/id13/k1 36/id4/k2 52/id4/k3
FS n=64 fsseq=539070 buf=5 c0=0:24650543788667 c1=1:24650544298511 c2=2:24650543790438 c3=3:24650544207417 CH: 5/id5/k0 29/id13/k1 36/id4/k2 52/id4/k3
FS n=64 fsseq=539070 buf=5 c0=0:24650543788667 c1=1:24650544298511 c2=2:24650543790438 c3=3:24650544207417 CH:
FS n=64 fsseq=538282 buf=15 c0=0:24650561689761 c1=1:24650561691063 c2=2:24650561773303 c3=3:24650561744449 CH: 15/id15/k0 20/id4/k1
FS n=64 fsseq=538282 buf=15 c0=0:24650561689761 c1=1:24650561691063 c2=2:24650561773303 c3=3:24650561744449 CH: 15/id15/k0 20/id4/k1
FS n=64 fsseq=538282 buf=15 c0=0:24650561689761 c1=1:24650561691063 c2=2:24650561773303 c3=3:24650561744449 CH: 38/id6/k2 62/id14/k3
FS n=64 fsseq=539071 buf=0 c0=0:24650583817521 c1=1:24650584327574 c2=2:24650583817417 c3=3:24650584213719 CH: 0/id0/k0 24/id8/k1 33/id1/k2 49/id1/k3
FS n=64 fsseq=539071 buf=0 c0=0:24650583817521 c1=1:24650584327574 c2=2:24650583817417 c3=3:24650584213719 CH:
FS n=64 fsseq=539071 buf=0 c0=0:24650583817521 c1=1:24650584327574 c2=2:24650583817417 c3=3:24650584213719 CH:
FS n=64 fsseq=538283 buf=2 c0=0:24650601686324 c1=1:24650601686480 c2=2:24650601713563 c3=3:24650601758251 CH: 2/id2/k0 25/id9/k1 41/id9/k2 54/id6/k3
FS n=64 fsseq=538283 buf=2 c0=0:24650601686324 c1=1:24650601686480 c2=2:24650601713563 c3=3:24650601758251 CH:
FS n=64 fsseq=538283 buf=2 c0=0:24650601686324 c1=1:24650601686480 c2=2:24650601713563 c3=3:24650601758251 CH:
FS n=64 fsseq=539072 buf=4 c0=0:24650623789969 c1=1:24650624297626 c2=2:24650623794865 c3=3:24650624206896 CH: 4/id4/k0 30/id14/k1 39/id7/k2 50/id2/k3
FS n=64 fsseq=539072 buf=4 c0=0:24650623789969 c1=1:24650624297626 c2=2:24650623794865 c3=3:24650624206896 CH:
FS n=64 fsseq=539072 buf=4 c0=0:24650623789969 c1=1:24650624297626 c2=2:24650623794865 c3=3:24650624206896 CH:
FS n=64 fsseq=538284 buf=12 c0=0:24650641692053 c1=1:24650641693459 c2=2:24650641777990 c3=3:24650641746428 CH: 12/id12/k0 26/id10/k1 43/id11/k2 58/id10/k3
FS n=64 fsseq=538284 buf=12 c0=0:24650641692053 c1=1:24650641693459 c2=2:24650641777990 c3=3:24650641746428 CH:
FS n=64 fsseq=538284 buf=12 c0=0:24650641692053 c1=1:24650641693459 c2=2:24650641777990 c3=3:24650641746428 CH:
FS n=64 fsseq=539073 buf=6 c0=0:24650663792678 c1=1:24650664301115 c2=2:24650663799292 c3=3:24650664208459 CH: 6/id6/k0 28/id12/k1 37/id5/k2 51/id3/k3
FS n=64 fsseq=539073 buf=6 c0=0:24650663792678 c1=1:24650664301115 c2=2:24650663799292 c3=3:24650664208459 CH:
FS n=64 fsseq=539073 buf=6 c0=0:24650663792678 c1=1:24650664301115 c2=2:24650663799292 c3=3:24650664208459 CH:
FS n=64 fsseq=538285 buf=14 c0=0:24650681751480 c1=1:24650681734344 c2=2:24650681751219 c3=3:24650681811011 CH: 14/id14/k0 23/id7/k1 47/id15/k2 61/id13/k3
FS n=64 fsseq=538285 buf=14 c0=0:24650681751480 c1=1:24650681734344 c2=2:24650681751219 c3=3:24650681811011 CH:
FS n=64 fsseq=538285 buf=14 c0=0:24650681751480 c1=1:24650681734344 c2=2:24650681751219 c3=3:24650681811011 CH:
FS n=64 fsseq=539074 buf=8 c0=0:24650703798563 c1=1:24650704298303 c2=2:24650703800542 c3=3:24650704207678 CH: 8/id8/k0 31/id15/k1 34/id2/k2 53/id5/k3
FS n=64 fsseq=539074 buf=8 c0=0:24650703798563 c1=1:24650704298303 c2=2:24650703800542 c3=3:24650704207678 CH:
FS n=64 fsseq=539074 buf=8 c0=0:24650703798563 c1=1:24650704298303 c2=2:24650703800542 c3=3:24650704207678 CH:
FS n=64 fsseq=538286 buf=9 c0=0:24650721693876 c1=1:24650721698980 c2=2:24650721755751 c3=3:24650721763459 CH: 42/id10/k2 63/id15/k3
FS n=64 fsseq=538286 buf=9 c0=0:24650721693876 c1=1:24650721698980 c2=2:24650721755751 c3=3:24650721763459 CH:
FS n=64 fsseq=538286 buf=9 c0=0:24650721693876 c1=1:24650721698980 c2=2:24650721755751 c3=3:24650721763459 CH: 9/id9/k0 16/id0/k1
FS n=64 fsseq=539075 buf=10 c0=0:24650743817990 c1=1:24650744391115 c2=2:24650743826792 c3=3:24650744209657 CH:
FS n=64 fsseq=539075 buf=10 c0=0:24650743817990 c1=1:24650744391115 c2=2:24650743826792 c3=3:24650744209657 CH: 5/id5/k0 10/id10/k0 17/id1/k1 35/id3/k2 55/id7/k3
FS n=64 fsseq=539075 buf=10 c0=0:24650743817990 c1=1:24650744391115 c2=2:24650743826792 c3=3:24650744209657 CH: 5/id5/k0 10/id10/k0 17/id1/k1 35/id3/k2 55/id7/k3
FS n=64 fsseq=538287 buf=3 c0=0:24650761693980 c1=1:24650761711532 c2=2:24650761752990 c3=3:24650761761896 CH: 18/id2/k1
FS n=64 fsseq=538287 buf=3 c0=0:24650761693980 c1=1:24650761711532 c2=2:24650761752990 c3=3:24650761761896 CH: 3/id3/k0 18/id2/k1 44/id12/k2 59/id11/k3
FS n=64 fsseq=538287 buf=3 c0=0:24650761693980 c1=1:24650761711532 c2=2:24650761752990 c3=3:24650761761896 CH: 18/id2/k1
FS n=64 fsseq=539076 buf=7 c0=0:24650783810073 c1=1:24650784345959 c2=2:24650783822834 c3=3:24650784211428 CH: 56/id8/k3
FS n=64 fsseq=539076 buf=7 c0=0:24650783810073 c1=1:24650784345959 c2=2:24650783822834 c3=3:24650784211428 CH: 56/id8/k3
FS n=64 fsseq=539076 buf=7 c0=0:24650783810073 c1=1:24650784345959 c2=2:24650783822834 c3=3:24650784211428 CH: 7/id7/k0 22/id6/k1 40/id8/k2
FS n=64 fsseq=538288 buf=11 c0=0:24650801697521 c1=1:24650801753094 c2=2:24650801725282 c3=3:24650801763094 CH: 11/id11/k0 19/id3/k1 45/id13/k2 57/id9/k3
FS n=64 fsseq=538288 buf=11 c0=0:24650801697521 c1=1:24650801753094 c2=2:24650801725282 c3=3:24650801763094 CH: 45/id13/k2 57/id9/k3
FS n=64 fsseq=538288 buf=11 c0=0:24650801697521 c1=1:24650801753094 c2=2:24650801725282 c3=3:24650801763094 CH:
FS n=64 fsseq=539077 buf=1 c0=0:24650823792313 c1=1:24650824302417 c2=2:24650823794292 c3=3:24650824206428 CH: 48/id0/k3
FS n=64 fsseq=539077 buf=1 c0=0:24650823792313 c1=1:24650824302417 c2=2:24650823794292 c3=3:24650824206428 CH: 1/id1/k0 27/id11/k1 32/id0/k2
FS n=64 fsseq=539077 buf=1 c0=0:24650823792313 c1=1:24650824302417 c2=2:24650823794292 c3=3:24650824206428 CH:
FS n=64 fsseq=538289 buf=13 c0=0:24650841708407 c1=1:24650841771428 c2=2:24650841751636 c3=3:24650841782521 CH: 46/id14/k2 60/id12/k3
FS n=64 fsseq=538289 buf=13 c0=0:24650841708407 c1=1:24650841771428 c2=2:24650841751636 c3=3:24650841782521 CH: 13/id13/k0 21/id5/k1 60/id12/k3
FS n=64 fsseq=538289 buf=13 c0=0:24650841708407 c1=1:24650841771428 c2=2:24650841751636 c3=3:24650841782521 CH:
FS n=64 fsseq=539078 buf=5 c0=0:24650863800282 c1=1:24650864301219 c2=2:24650863802001 c3=3:24650864207001 CH: 5/id5/k0
FS n=64 fsseq=539078 buf=5 c0=0:24650863800282 c1=1:24650864301219 c2=2:24650863802001 c3=3:24650864207001 CH: 29/id13/k1 36/id4/k2 52/id4/k3
FS n=64 fsseq=539078 buf=5 c0=0:24650863800282 c1=1:24650864301219 c2=2:24650863802001 c3=3:24650864207001 CH:
FS n=64 fsseq=538290 buf=15 c0=0:24650881695021 c1=1:24650881695021 c2=2:24650881715907 c3=3:24650881792209 CH: 15/id15/k0 20/id4/k1 38/id6/k2 62/id14/k3
FS n=64 fsseq=538290 buf=15 c0=0:24650881695021 c1=1:24650881695021 c2=2:24650881715907 c3=3:24650881792209 CH:
FS n=64 fsseq=538290 buf=15 c0=0:24650881695021 c1=1:24650881695021 c2=2:24650881715907 c3=3:24650881792209 CH: 15/id15/k0 20/id4/k1 38/id6/k2 62/id14/k3
FS n=64 fsseq=539079 buf=0 c0=0:24650903814657 c1=1:24650904317105 c2=2:24650903818094 c3=3:24650904212469 CH:
FS n=64 fsseq=539079 buf=0 c0=0:24650903814657 c1=1:24650904317105 c2=2:24650903818094 c3=3:24650904212469 CH:
FS n=64 fsseq=539079 buf=0 c0=0:24650903814657 c1=1:24650904317105 c2=2:24650903818094 c3=3:24650904212469 CH: 0/id0/k0 24/id8/k1 33/id1/k2 49/id1/k3
FS n=64 fsseq=538291 buf=2 c0=0:24650921705021 c1=1:24650921765803 c2=2:24650921728823 c3=3:24650921782938 CH:
FS n=64 fsseq=538291 buf=2 c0=0:24650921705021 c1=1:24650921765803 c2=2:24650921728823 c3=3:24650921782938 CH:
FS n=64 fsseq=538291 buf=2 c0=0:24650921705021 c1=1:24650921765803 c2=2:24650921728823 c3=3:24650921782938 CH: 2/id2/k0 25/id9/k1 41/id9/k2 54/id6/k3
FS n=64 fsseq=539080 buf=4 c0=0:24650943802417 c1=1:24650944304865 c2=2:24650943803459 c3=3:24650944208042 CH: 30/id14/k1 39/id7/k2 50/id2/k3
FS n=64 fsseq=539080 buf=4 c0=0:24650943802417 c1=1:24650944304865 c2=2:24650943803459 c3=3:24650944208042 CH: 4/id4/k0 30/id14/k1 39/id7/k2
FS n=64 fsseq=539080 buf=4 c0=0:24650943802417 c1=1:24650944304865 c2=2:24650943803459 c3=3:24650944208042 CH:
FS n=64 fsseq=538292 buf=12 c0=0:24650961688928 c1=1:24650961690438 c2=2:24650961712209 c3=3:24650961760959 CH:
FS n=64 fsseq=538292 buf=12 c0=0:24650961688928 c1=1:24650961690438 c2=2:24650961712209 c3=3:24650961760959 CH: 12/id12/k0 26/id10/k1 43/id11/k2 58/id10/k3
FS n=64 fsseq=538292 buf=12 c0=0:24650961688928 c1=1:24650961690438 c2=2:24650961712209 c3=3:24650961760959 CH:
FS n=64 fsseq=539081 buf=6 c0=0:24650983813667 c1=1:24650984306844 c2=2:24650983813719 c3=3:24650984207730 CH: 6/id6/k0 28/id12/k1 37/id5/k2 51/id3/k3
FS n=64 fsseq=539081 buf=6 c0=0:24650983813667 c1=1:24650984306844 c2=2:24650983813719 c3=3:24650984207730 CH:
FS n=64 fsseq=539081 buf=6 c0=0:24650983813667 c1=1:24650984306844 c2=2:24650983813719 c3=3:24650984207730 CH:
FS n=64 fsseq=538293 buf=14 c0=0:24651001708928 c1=1:24651001748355 c2=2:24651001726323 c3=3:24651001767417 CH: 14/id14/k0 23/id7/k1 47/id15/k2 61/id13/k3
FS n=64 fsseq=538293 buf=14 c0=0:24651001708928 c1=1:24651001748355 c2=2:24651001726323 c3=3:24651001767417 CH: 14/id14/k0 47/id15/k2
FS n=64 fsseq=538293 buf=14 c0=0:24651001708928 c1=1:24651001748355 c2=2:24651001726323 c3=3:24651001767417 CH: 23/id7/k1 61/id13/k3
FS n=64 fsseq=539082 buf=8 c0=0:24651023795230 c1=1:24651024306636 c2=2:24651023799396 c3=3:24651024213459 CH: 8/id8/k0 31/id15/k1 53/id5/k3
FS n=64 fsseq=539082 buf=8 c0=0:24651023795230 c1=1:24651024306636 c2=2:24651023799396 c3=3:24651024213459 CH: 8/id8/k0 31/id15/k1 34/id2/k2 53/id5/k3
FS n=64 fsseq=539082 buf=8 c0=0:24651023795230 c1=1:24651024306636 c2=2:24651023799396 c3=3:24651024213459 CH: 8/id8/k0 31/id15/k1 53/id5/k3
FS n=64 fsseq=538294 buf=9 c0=0:24651041697573 c1=1:24651041701219 c2=2:24651041757053 c3=3:24651041770542 CH: 16/id0/k1 42/id10/k2
FS n=64 fsseq=538294 buf=9 c0=0:24651041697573 c1=1:24651041701219 c2=2:24651041757053 c3=3:24651041770542 CH: 63/id15/k3
FS n=64 fsseq=538294 buf=9 c0=0:24651041697573 c1=1:24651041701219 c2=2:24651041757053 c3=3:24651041770542 CH: 9/id9/k0 16/id0/k1 42/id10/k2 63/id15/k3
FS n=64 fsseq=539083 buf=10 c0=0:24651063817678 c1=1:24651064315386 c2=2:24651063827469 c3=3:24651064224344 CH: 35/id3/k2 55/id7/k3
FS n=64 fsseq=539083 buf=10 c0=0:24651063817678 c1=1:24651064315386 c2=2:24651063827469 c3=3:24651064224344 CH: 17/id1/k1
FS n=64 fsseq=539083 buf=10 c0=0:24651063817678 c1=1:24651064315386 c2=2:24651063827469 c3=3:24651064224344 CH: 10/id10/k0
FS n=64 fsseq=538295 buf=3 c0=0:24651081701375 c1=1:24651081701063 c2=2:24651081748198 c3=3:24651081739084 CH: 3/id3/k0 18/id2/k1 44/id12/k2 59/id11/k3
FS n=64 fsseq=538295 buf=3 c0=0:24651081701375 c1=1:24651081701063 c2=2:24651081748198 c3=3:24651081739084 CH: 44/id12/k2 59/id11/k3
FS n=64 fsseq=538295 buf=3 c0=0:24651081701375 c1=1:24651081701063 c2=2:24651081748198 c3=3:24651081739084 CH:
FS n=64 fsseq=539084 buf=7 c0=0:24651103804188 c1=1:24651104304553 c2=2:24651103815855 c3=3:24651104215646 CH: 7/id7/k0 22/id6/k1 40/id8/k2 56/id8/k3
FS n=64 fsseq=539084 buf=7 c0=0:24651103804188 c1=1:24651104304553 c2=2:24651103815855 c3=3:24651104215646 CH:
FS n=64 fsseq=539084 buf=7 c0=0:24651103804188 c1=1:24651104304553 c2=2:24651103815855 c3=3:24651104215646 CH:
FS n=64 fsseq=538296 buf=11 c0=0:24651121698303 c1=1:24651121698719 c2=2:24651121746688 c3=3:24651121759396 CH:
FS n=64 fsseq=538296 buf=11 c0=0:24651121698303 c1=1:24651121698719 c2=2:24651121746688 c3=3:24651121759396 CH: 45/id13/k2 57/id9/k3
FS n=64 fsseq=538296 buf=11 c0=0:24651121698303 c1=1:24651121698719 c2=2:24651121746688 c3=3:24651121759396 CH: 11/id11/k0 19/id3/k1 45/id13/k2 57/id9/k3
FS n=64 fsseq=539085 buf=1 c0=0:24651143792834 c1=1:24651144305594 c2=2:24651143805386 c3=3:24651144208980 CH:
FS n=64 fsseq=539085 buf=1 c0=0:24651143792834 c1=1:24651144305594 c2=2:24651143805386 c3=3:24651144208980 CH: 1/id1/k0 27/id11/k1 32/id0/k2 48/id0/k3
FS n=64 fsseq=539085 buf=1 c0=0:24651143792834 c1=1:24651144305594 c2=2:24651143805386 c3=3:24651144208980 CH:
FS n=64 fsseq=538297 buf=13 c0=0:24651161723459 c1=1:24651161736896 c2=2:24651161777417 c3=3:24651161792834 CH: 46/id14/k2 60/id12/k3
FS n=64 fsseq=538297 buf=13 c0=0:24651161723459 c1=1:24651161736896 c2=2:24651161777417 c3=3:24651161792834 CH: 13/id13/k0 21/id5/k1 46/id14/k2 60/id12/k3
FS n=64 fsseq=538297 buf=13 c0=0:24651161723459 c1=1:24651161736896 c2=2:24651161777417 c3=3:24651161792834 CH:
FS n=64 fsseq=539086 buf=5 c0=0:24651183802886 c1=1:24651184303198 c2=2:24651183806532 c3=3:24651184212730 CH: 5/id5/k0 29/id13/k1 36/id4/k2 52/id4/k3
FS n=64 fsseq=539086 buf=5 c0=0:24651183802886 c1=1:24651184303198 c2=2:24651183806532 c3=3:24651184212730 CH:
FS n=64 fsseq=539086 buf=5 c0=0:24651183802886 c1=1:24651184303198 c2=2:24651183806532 c3=3:24651184212730 CH:
FS n=64 fsseq=538298 buf=15 c0=0:24651201706844 c1=1:24651201706844 c2=2:24651201760855 c3=3:24651201768511 CH: 15/id15/k0 20/id4/k1 38/id6/k2 62/id14/k3
FS n=64 fsseq=538298 buf=15 c0=0:24651201706844 c1=1:24651201706844 c2=2:24651201760855 c3=3:24651201768511 CH:
FS n=64 fsseq=538298 buf=15 c0=0:24651201706844 c1=1:24651201706844 c2=2:24651201760855 c3=3:24651201768511 CH:
FS n=64 fsseq=539087 buf=0 c0=0:24651223828667 c1=1:24651224311011 c2=2:24651223834240 c3=3:24651224221688 CH: 0/id0/k0 24/id8/k1 33/id1/k2 49/id1/k3
FS n=64 fsseq=539087 buf=0 c0=0:24651223828667 c1=1:24651224311011 c2=2:24651223834240 c3=3:24651224221688 CH: 24/id8/k1 33/id1/k2 49/id1/k3
FS n=64 fsseq=539087 buf=0 c0=0:24651223828667 c1=1:24651224311011 c2=2:24651223834240 c3=3:24651224221688 CH:
FS n=64 fsseq=538299 buf=2 c0=0:24651241716427 c1=1:24651241719292 c2=2:24651241750959 c3=3:24651241767417 CH:
FS n=64 fsseq=538299 buf=2 c0=0:24651241716427 c1=1:24651241719292 c2=2:24651241750959 c3=3:24651241767417 CH: 2/id2/k0 25/id9/k1 41/id9/k2 54/id6/k3
FS n=64 fsseq=538299 buf=2 c0=0:24651241716427 c1=1:24651241719292 c2=2:24651241750959 c3=3:24651241767417 CH:
FS n=64 fsseq=539088 buf=4 c0=0:24651263803407 c1=1:24651264303875 c2=2:24651263804500 c3=3:24651264213667 CH: 30/id14/k1 39/id7/k2 50/id2/k3
FS n=64 fsseq=539088 buf=4 c0=0:24651263803407 c1=1:24651264303875 c2=2:24651263804500 c3=3:24651264213667 CH:
FS n=64 fsseq=539088 buf=4 c0=0:24651263803407 c1=1:24651264303875 c2=2:24651263804500 c3=3:24651264213667 CH: 4/id4/k0 30/id14/k1 39/id7/k2 50/id2/k3
FS n=64 fsseq=538300 buf=12 c0=0:24651281695334 c1=1:24651281695230 c2=2:24651281715021 c3=3:24651281756844 CH: 12/id12/k0 26/id10/k1 43/id11/k2 58/id10/k3
FS n=64 fsseq=538300 buf=12 c0=0:24651281695334 c1=1:24651281695230 c2=2:24651281715021 c3=3:24651281756844 CH: 12/id12/k0 26/id10/k1 43/id11/k2 58/id10/k3
FS n=64 fsseq=538300 buf=12 c0=0:24651281695334 c1=1:24651281695230 c2=2:24651281715021 c3=3:24651281756844 CH:
FS n=64 fsseq=539089 buf=6 c0=0:24651303803823 c1=1:24651304309813 c2=2:24651303806792 c3=3:24651304215230 CH: 51/id3/k3
FS n=64 fsseq=539089 buf=6 c0=0:24651303803823 c1=1:24651304309813 c2=2:24651303806792 c3=3:24651304215230 CH: 51/id3/k3
FS n=64 fsseq=539089 buf=6 c0=0:24651303803823 c1=1:24651304309813 c2=2:24651303806792 c3=3:24651304215230 CH: 6/id6/k0 28/id12/k1 37/id5/k2
FS n=64 fsseq=538301 buf=14 c0=0:24651321719917 c1=1:24651321810698 c2=2:24651321761271 c3=3:24651321790959 CH: 23/id7/k1
FS n=64 fsseq=538301 buf=14 c0=0:24651321719917 c1=1:24651321810698 c2=2:24651321761271 c3=3:24651321790959 CH: 23/id7/k1
FS n=64 fsseq=538301 buf=14 c0=0:24651321719917 c1=1:24651321810698 c2=2:24651321761271 c3=3:24651321790959 CH: 14/id14/k0 23/id7/k1 47/id15/k2 61/id13/k3
FS n=64 fsseq=539090 buf=8 c0=0:24651343818250 c1=1:24651344311323 c2=2:24651343818146 c3=3:24651344213459 CH: 8/id8/k0 31/id15/k1 34/id2/k2 53/id5/k3
FS n=64 fsseq=539090 buf=8 c0=0:24651343818250 c1=1:24651344311323 c2=2:24651343818146 c3=3:24651344213459 CH:
FS n=64 fsseq=539090 buf=8 c0=0:24651343818250 c1=1:24651344311323 c2=2:24651343818146 c3=3:24651344213459 CH:
FS n=64 fsseq=538302 buf=9 c0=0:24651361696063 c1=1:24651361700854 c2=2:24651361730386 c3=3:24651361773042 CH: 9/id9/k0 16/id0/k1 42/id10/k2 63/id15/k3
FS n=64 fsseq=538302 buf=9 c0=0:24651361696063 c1=1:24651361700854 c2=2:24651361730386 c3=3:24651361773042 CH: 63/id15/k3
FS n=64 fsseq=538302 buf=9 c0=0:24651361696063 c1=1:24651361700854 c2=2:24651361730386 c3=3:24651361773042 CH: 42/id10/k2
FS n=64 fsseq=539091 buf=10 c0=0:24651383812938 c1=1:24651384324396 c2=2:24651383813250 c3=3:24651384229813 CH:
FS n=64 fsseq=539091 buf=10 c0=0:24651383812938 c1=1:24651384324396 c2=2:24651383813250 c3=3:24651384229813 CH:
FS n=64 fsseq=539091 buf=10 c0=0:24651383812938 c1=1:24651384324396 c2=2:24651383813250 c3=3:24651384229813 CH: 10/id10/k0 17/id1/k1 35/id3/k2 55/id7/k3
FS n=64 fsseq=538303 buf=3 c0=0:24651401695490 c1=1:24651401699813 c2=2:24651401723094 c3=3:24651401766479 CH: 44/id12/k2 59/id11/k3
FS n=64 fsseq=538303 buf=3 c0=0:24651401695490 c1=1:24651401699813 c2=2:24651401723094 c3=3:24651401766479 CH: 44/id12/k2 59/id11/k3
FS n=64 fsseq=538303 buf=3 c0=0:24651401695490 c1=1:24651401699813 c2=2:24651401723094 c3=3:24651401766479 CH: 3/id3/k0 18/id2/k1
FS n=64 fsseq=539092 buf=7 c0=0:24651423803354 c1=1:24651424309813 c2=2:24651423807052 c3=3:24651424218250 CH: 7/id7/k0 22/id6/k1 40/id8/k2 56/id8/k3
FS n=64 fsseq=539092 buf=7 c0=0:24651423803354 c1=1:24651424309813 c2=2:24651423807052 c3=3:24651424218250 CH:
FS n=64 fsseq=539092 buf=7 c0=0:24651423803354 c1=1:24651424309813 c2=2:24651423807052 c3=3:24651424218250 CH:
FS n=64 fsseq=538304 buf=11 c0=0:24651441705750 c1=1:24651441705073 c2=2:24651441760854 c3=3:24651441768198 CH: 11/id11/k0 19/id3/k1 45/id13/k2 57/id9/k3
FS n=64 fsseq=538304 buf=11 c0=0:24651441705750 c1=1:24651441705073 c2=2:24651441760854 c3=3:24651441768198 CH:
FS n=64 fsseq=538304 buf=11 c0=0:24651441705750 c1=1:24651441705073 c2=2:24651441760854 c3=3:24651441768198 CH:
FS n=64 fsseq=539093 buf=1 c0=0:24651463803354 c1=1:24651464311688 c2=2:24651463813094 c3=3:24651464219552 CH: 1/id1/k0 27/id11/k1 32/id0/k2 48/id0/k3
FS n=64 fsseq=539093 buf=1 c0=0:24651463803354 c1=1:24651464311688 c2=2:24651463813094 c3=3:24651464219552 CH:
FS n=64 fsseq=539093 buf=1 c0=0:24651463803354 c1=1:24651464311688 c2=2:24651463813094 c3=3:24651464219552 CH:
FS n=64 fsseq=538305 buf=13 c0=0:24651481738927 c1=1:24651481801532 c2=2:24651481759240 c3=3:24651481817261 CH: 13/id13/k0 21/id5/k1 46/id14/k2 60/id12/k3
FS n=64 fsseq=538305 buf=13 c0=0:24651481738927 c1=1:24651481801532 c2=2:24651481759240 c3=3:24651481817261 CH:
FS n=64 fsseq=538305 buf=13 c0=0:24651481738927 c1=1:24651481801532 c2=2:24651481759240 c3=3:24651481817261 CH:
FS n=64 fsseq=539094 buf=5 c0=0:24651503820073 c1=1:24651504317261 c2=2:24651503821532 c3=3:24651504216532 CH: 5/id5/k0 29/id13/k1 36/id4/k2 52/id4/k3
FS n=64 fsseq=539094 buf=5 c0=0:24651503820073 c1=1:24651504317261 c2=2:24651503821532 c3=3:24651504216532 CH:
FS n=64 fsseq=539094 buf=5 c0=0:24651503820073 c1=1:24651504317261 c2=2:24651503821532 c3=3:24651504216532 CH:
FS n=64 fsseq=538306 buf=15 c0=0:24651521701427 c1=1:24651521701167 c2=2:24651521752990 c3=3:24651521771896 CH: 15/id15/k0 20/id4/k1 38/id6/k2 62/id14/k3
FS n=64 fsseq=538306 buf=15 c0=0:24651521701427 c1=1:24651521701167 c2=2:24651521752990 c3=3:24651521771896 CH:
FS n=64 fsseq=538306 buf=15 c0=0:24651521701427 c1=1:24651521701167 c2=2:24651521752990 c3=3:24651521771896 CH:
FS n=64 fsseq=539095 buf=0 c0=0:24651543838511 c1=1:24651544311532 c2=2:24651543846167 c3=3:24651544225334 CH: 0/id0/k0 24/id8/k1 33/id1/k2 49/id1/k3
FS n=64 fsseq=539095 buf=0 c0=0:24651543838511 c1=1:24651544311532 c2=2:24651543846167 c3=3:24651544225334 CH:
FS n=64 fsseq=539095 buf=0 c0=0:24651543838511 c1=1:24651544311532 c2=2:24651543846167 c3=3:24651544225334 CH:
FS n=64 fsseq=538307 buf=2 c0=0:24651561701896 c1=1:24651561701896 c2=2:24651561728927 c3=3:24651561773250 CH: 2/id2/k0 25/id9/k1 41/id9/k2 54/id6/k3
FS n=64 fsseq=538307 buf=2 c0=0:24651561701896 c1=1:24651561701896 c2=2:24651561728927 c3=3:24651561773250 CH:
FS n=64 fsseq=538307 buf=2 c0=0:24651561701896 c1=1:24651561701896 c2=2:24651561728927 c3=3:24651561773250 CH:
FS n=64 fsseq=539096 buf=4 c0=0:24651583810802 c1=1:24651584313406 c2=2:24651583812417 c3=3:24651584218979 CH: 4/id4/k0 30/id14/k1 39/id7/k2 50/id2/k3
FS n=64 fsseq=539096 buf=4 c0=0:24651583810802 c1=1:24651584313406 c2=2:24651583812417 c3=3:24651584218979 CH:
FS n=64 fsseq=539096 buf=4 c0=0:24651583810802 c1=1:24651584313406 c2=2:24651583812417 c3=3:24651584218979 CH:
FS n=64 fsseq=538308 buf=12 c0=0:24651601710490 c1=1:24651601713094 c2=2:24651601764500 c3=3:24651601771688 CH: 4/id4/k0 12/id12/k0
FS n=64 fsseq=538308 buf=12 c0=0:24651601710490 c1=1:24651601713094 c2=2:24651601764500 c3=3:24651601771688 CH: 26/id10/k1 43/id11/k2 58/id10/k3
FS n=64 fsseq=538308 buf=12 c0=0:24651601710490 c1=1:24651601713094 c2=2:24651601764500 c3=3:24651601771688 CH:
FS n=64 fsseq=539097 buf=6 c0=0:24651623805698 c1=1:24651624315438 c2=2:24651623815646 c3=3:24651624218875 CH: 6/id6/k0 28/id12/k1 37/id5/k2 51/id3/k3
FS n=64 fsseq=539097 buf=6 c0=0:24651623805698 c1=1:24651624315438 c2=2:24651623815646 c3=3:24651624218875 CH:
FS n=64 fsseq=539097 buf=6 c0=0:24651623805698 c1=1:24651624315438 c2=2:24651623815646 c3=3:24651624218875 CH:
FS n=64 fsseq=538309 buf=14 c0=0:24651641736948 c1=1:24651641736948 c2=2:24651641792313 c3=3:24651641808563 CH: 14/id14/k0 23/id7/k1 47/id15/k2 61/id13/k3
FS n=64 fsseq=538309 buf=14 c0=0:24651641736948 c1=1:24651641736948 c2=2:24651641792313 c3=3:24651641808563 CH: 14/id14/k0
FS n=64 fsseq=538309 buf=14 c0=0:24651641736948 c1=1:24651641736948 c2=2:24651641792313 c3=3:24651641808563 CH:
FS n=64 fsseq=539098 buf=8 c0=0:24651663807938 c1=1:24651664313406 c2=2:24651663818823 c3=3:24651664222052 CH: 8/id8/k0 31/id15/k1 34/id2/k2 53/id5/k3
FS n=64 fsseq=539098 buf=8 c0=0:24651663807938 c1=1:24651664313406 c2=2:24651663818823 c3=3:24651664222052 CH:
FS n=64 fsseq=539098 buf=8 c0=0:24651663807938 c1=1:24651664313406 c2=2:24651663818823 c3=3:24651664222052 CH:
FS n=64 fsseq=538310 buf=9 c0=0:24651681697469 c1=1:24651681698719 c2=2:24651681722365 c3=3:24651681778354 CH: 9/id9/k0 16/id0/k1 42/id10/k2 63/id15/k3
FS n=64 fsseq=538310 buf=9 c0=0:24651681697469 c1=1:24651681698719 c2=2:24651681722365 c3=3:24651681778354 CH:
FS n=64 fsseq=538310 buf=9 c0=0:24651681697469 c1=1:24651681698719 c2=2:24651681722365 c3=3:24651681778354 CH:
FS n=64 fsseq=539099 buf=10 c0=0:24651703828771 c1=1:24651704316479 c2=2:24651703828823 c3=3:24651704229552 CH: 10/id10/k0 17/id1/k1 35/id3/k2 55/id7/k3
FS n=64 fsseq=539099 buf=10 c0=0:24651703828771 c1=1:24651704316479 c2=2:24651703828823 c3=3:24651704229552 CH:
FS n=64 fsseq=539099 buf=10 c0=0:24651703828771 c1=1:24651704316479 c2=2:24651703828823 c3=3:24651704229552 CH:
FS n=64 fsseq=538311 buf=3 c0=0:24651721708302 c1=1:24651721711844 c2=2:24651721762417 c3=3:24651721769031 CH:
FS n=64 fsseq=538311 buf=3 c0=0:24651721708302 c1=1:24651721711844 c2=2:24651721762417 c3=3:24651721769031 CH: 3/id3/k0 18/id2/k1 44/id12/k2 59/id11/k3
FS n=64 fsseq=538311 buf=3 c0=0:24651721708302 c1=1:24651721711844 c2=2:24651721762417 c3=3:24651721769031 CH:
FS n=64 fsseq=539100 buf=7 c0=0:24651743811531 c1=1:24651744317000 c2=2:24651743825386 c3=3:24651744227521 CH: 7/id7/k0 22/id6/k1 40/id8/k2 56/id8/k3
FS n=64 fsseq=539100 buf=7 c0=0:24651743811531 c1=1:24651744317000 c2=2:24651743825386 c3=3:24651744227521 CH:
FS n=64 fsseq=539100 buf=7 c0=0:24651743811531 c1=1:24651744317000 c2=2:24651743825386 c3=3:24651744227521 CH:
FS n=64 fsseq=538312 buf=11 c0=0:24651761703302 c1=1:24651761703927 c2=2:24651761735021 c3=3:24651761768459 CH: 11/id11/k0 19/id3/k1 45/id13/k2 57/id9/k3
FS n=64 fsseq=538312 buf=11 c0=0:24651761703302 c1=1:24651761703927 c2=2:24651761735021 c3=3:24651761768459 CH: 45/id13/k2 57/id9/k3
FS n=64 fsseq=538312 buf=11 c0=0:24651761703302 c1=1:24651761703927 c2=2:24651761735021 c3=3:24651761768459 CH:
FS n=64 fsseq=539101 buf=1 c0=0:24651783810698 c1=1:24651784316011 c2=2:24651783829031 c3=3:24651784227990 CH: 1/id1/k0 27/id11/k1 32/id0/k2 48/id0/k3
FS n=64 fsseq=539101 buf=1 c0=0:24651783810698 c1=1:24651784316011 c2=2:24651783829031 c3=3:24651784227990 CH:
FS n=64 fsseq=539101 buf=1 c0=0:24651783810698 c1=1:24651784316011 c2=2:24651783829031 c3=3:24651784227990 CH:
FS n=64 fsseq=538313 buf=13 c0=0:24651801729865 c1=1:24651801730281 c2=2:24651801755490 c3=3:24651801804292 CH: 13/id13/k0 21/id5/k1 46/id14/k2 60/id12/k3
FS n=64 fsseq=538313 buf=13 c0=0:24651801729865 c1=1:24651801730281 c2=2:24651801755490 c3=3:24651801804292 CH:
FS n=64 fsseq=538313 buf=13 c0=0:24651801729865 c1=1:24651801730281 c2=2:24651801755490 c3=3:24651801804292 CH:
FS n=64 fsseq=539102 buf=5 c0=0:24651823812000 c1=1:24651824317886 c2=2:24651823819240 c3=3:24651824220750 CH:
FS n=64 fsseq=539102 buf=5 c0=0:24651823812000 c1=1:24651824317886 c2=2:24651823819240 c3=3:24651824220750 CH: 5/id5/k0 29/id13/k1 36/id4/k2 52/id4/k3
FS n=64 fsseq=539102 buf=5 c0=0:24651823812000 c1=1:24651824317886 c2=2:24651823819240 c3=3:24651824220750 CH:
FS n=64 fsseq=538314 buf=15 c0=0:24651841704240 c1=1:24651841706375 c2=2:24651841765958 c3=3:24651841776219 CH: 15/id15/k0 20/id4/k1 38/id6/k2 62/id14/k3
FS n=64 fsseq=538314 buf=15 c0=0:24651841704240 c1=1:24651841706375 c2=2:24651841765958 c3=3:24651841776219 CH:
FS n=64 fsseq=538314 buf=15 c0=0:24651841704240 c1=1:24651841706375 c2=2:24651841765958 c3=3:24651841776219 CH:
FS n=64 fsseq=539103 buf=0 c0=0:24651863815906 c1=1:24651864332156 c2=2:24651863821844 c3=3:24651864229552 CH: 0/id0/k0 24/id8/k1 33/id1/k2 49/id1/k3
FS n=64 fsseq=539103 buf=0 c0=0:24651863815906 c1=1:24651864332156 c2=2:24651863821844 c3=3:24651864229552 CH:
FS n=64 fsseq=539103 buf=0 c0=0:24651863815906 c1=1:24651864332156 c2=2:24651863821844 c3=3:24651864229552 CH:
FS n=64 fsseq=538315 buf=2 c0=0:24651881711479 c1=1:24651881716011 c2=2:24651881768875 c3=3:24651881774865 CH: 2/id2/k0 25/id9/k1 41/id9/k2 54/id6/k3
FS n=64 fsseq=538315 buf=2 c0=0:24651881711479 c1=1:24651881716011 c2=2:24651881768875 c3=3:24651881774865 CH:
FS n=64 fsseq=538315 buf=2 c0=0:24651881711479 c1=1:24651881716011 c2=2:24651881768875 c3=3:24651881774865 CH:
FS n=64 fsseq=539104 buf=4 c0=0:24651903822573 c1=1:24651904319344 c2=2:24651903833719 c3=3:24651904225177 CH:
FS n=64 fsseq=539104 buf=4 c0=0:24651903822573 c1=1:24651904319344 c2=2:24651903833719 c3=3:24651904225177 CH:
FS n=64 fsseq=539104 buf=4 c0=0:24651903822573 c1=1:24651904319344 c2=2:24651903833719 c3=3:24651904225177 CH: 4/id4/k0 30/id14/k1 39/id7/k2 50/id2/k3
FS n=64 fsseq=538316 buf=12 c0=0:24651921713250 c1=1:24651921713250 c2=2:24651921737000 c3=3:24651921787833 CH: 26/id10/k1 43/id11/k2 58/id10/k3
FS n=64 fsseq=538316 buf=12 c0=0:24651921713250 c1=1:24651921713250 c2=2:24651921737000 c3=3:24651921787833 CH: 12/id12/k0
FS n=64 fsseq=538316 buf=12 c0=0:24651921713250 c1=1:24651921713250 c2=2:24651921737000 c3=3:24651921787833 CH:
FS n=64 fsseq=539105 buf=6 c0=0:24651943810958 c1=1:24651944321583 c2=2:24651943810854 c3=3:24651944232677 CH: 51/id3/k3
FS n=64 fsseq=539105 buf=6 c0=0:24651943810958 c1=1:24651944321583 c2=2:24651943810854 c3=3:24651944232677 CH: 6/id6/k0 28/id12/k1 37/id5/k2 51/id3/k3
FS n=64 fsseq=539105 buf=6 c0=0:24651943810958 c1=1:24651944321583 c2=2:24651943810854 c3=3:24651944232677 CH:
FS n=64 fsseq=538317 buf=14 c0=0:24651961735125 c1=1:24651961734917 c2=2:24651961783875 c3=3:24651961806636 CH: 23/id7/k1 47/id15/k2 61/id13/k3
FS n=64 fsseq=538317 buf=14 c0=0:24651961735125 c1=1:24651961734917 c2=2:24651961783875 c3=3:24651961806636 CH: 14/id14/k0 23/id7/k1
FS n=64 fsseq=538317 buf=14 c0=0:24651961735125 c1=1:24651961734917 c2=2:24651961783875 c3=3:24651961806636 CH: 14/id14/k0 23/id7/k1
FS n=64 fsseq=539106 buf=8 c0=0:24651983815021 c1=1:24651984319656 c2=2:24651983817156 c3=3:24651984222521 CH: 8/id8/k0 31/id15/k1 34/id2/k2 53/id5/k3
FS n=64 fsseq=539106 buf=8 c0=0:24651983815021 c1=1:24651984319656 c2=2:24651983817156 c3=3:24651984222521 CH:
FS n=64 fsseq=539106 buf=8 c0=0:24651983815021 c1=1:24651984319656 c2=2:24651983817156 c3=3:24651984222521 CH:
FS n=64 fsseq=538318 buf=9 c0=0:24652001703563 c1=1:24652001726792 c2=2:24652001733302 c3=3:24652001759865 CH: 9/id9/k0 42/id10/k2
FS n=64 fsseq=538318 buf=9 c0=0:24652001703563 c1=1:24652001726792 c2=2:24652001733302 c3=3:24652001759865 CH: 9/id9/k0 16/id0/k1 63/id15/k3
FS n=64 fsseq=538318 buf=9 c0=0:24652001703563 c1=1:24652001726792 c2=2:24652001733302 c3=3:24652001759865 CH: 9/id9/k0 16/id0/k1 42/id10/k2 63/id15/k3
FS n=64 fsseq=539107 buf=10 c0=0:24652023822990 c1=1:24652024317885 c2=2:24652023822833 c3=3:24652024226948 CH: 10/id10/k0 17/id1/k1 35/id3/k2 55/id7/k3
FS n=64 fsseq=539107 buf=10 c0=0:24652023822990 c1=1:24652024317885 c2=2:24652023822833 c3=3:24652024226948 CH:
FS n=64 fsseq=539107 buf=10 c0=0:24652023822990 c1=1:24652024317885 c2=2:24652023822833 c3=3:24652024226948 CH:
FS n=64 fsseq=538319 buf=3 c0=0:24652041711167 c1=1:24652041713250 c2=2:24652041759240 c3=3:24652041770073 CH: 3/id3/k0 18/id2/k1 44/id12/k2 59/id11/k3
FS n=64 fsseq=538319 buf=3 c0=0:24652041711167 c1=1:24652041713250 c2=2:24652041759240 c3=3:24652041770073 CH: 3/id3/k0
FS n=64 fsseq=538319 buf=3 c0=0:24652041711167 c1=1:24652041713250 c2=2:24652041759240 c3=3:24652041770073 CH:
FS n=64 fsseq=539108 buf=7 c0=0:24652063811323 c1=1:24652064322156 c2=2:24652063822417 c3=3:24652064228198 CH: 7/id7/k0 22/id6/k1 40/id8/k2 56/id8/k3
FS n=64 fsseq=539108 buf=7 c0=0:24652063811323 c1=1:24652064322156 c2=2:24652063822417 c3=3:24652064228198 CH: 56/id8/k3
FS n=64 fsseq=539108 buf=7 c0=0:24652063811323 c1=1:24652064322156 c2=2:24652063822417 c3=3:24652064228198 CH:
FS n=64 fsseq=538320 buf=11 c0=0:24652081716115 c1=1:24652081716167 c2=2:24652081764500 c3=3:24652081774292 CH: 11/id11/k0 19/id3/k1 45/id13/k2 57/id9/k3
FS n=64 fsseq=538320 buf=11 c0=0:24652081716115 c1=1:24652081716167 c2=2:24652081764500 c3=3:24652081774292 CH:
FS n=64 fsseq=538320 buf=11 c0=0:24652081716115 c1=1:24652081716167 c2=2:24652081764500 c3=3:24652081774292 CH:
FS n=64 fsseq=539109 buf=1 c0=0:24652103811479 c1=1:24652104328510 c2=2:24652103822000 c3=3:24652104226792 CH: 27/id11/k1 32/id0/k2 48/id0/k3
FS n=64 fsseq=539109 buf=1 c0=0:24652103811479 c1=1:24652104328510 c2=2:24652103822000 c3=3:24652104226792 CH: 48/id0/k3
FS n=64 fsseq=539109 buf=1 c0=0:24652103811479 c1=1:24652104328510 c2=2:24652103822000 c3=3:24652104226792 CH: 1/id1/k0 27/id11/k1 32/id0/k2 48/id0/k3
FS n=64 fsseq=538321 buf=13 c0=0:24652121750958 c1=1:24652121764656 c2=2:24652121848406 c3=3:24652121827052 CH:
FS n=64 fsseq=538321 buf=13 c0=0:24652121750958 c1=1:24652121764656 c2=2:24652121848406 c3=3:24652121827052 CH: 46/id14/k2 60/id12/k3
FS n=64 fsseq=538321 buf=13 c0=0:24652121750958 c1=1:24652121764656 c2=2:24652121848406 c3=3:24652121827052 CH: 13/id13/k0 21/id5/k1 46/id14/k2 60/id12/k3
FS n=64 fsseq=539110 buf=5 c0=0:24652143819135 c1=1:24652144317625 c2=2:24652143832833 c3=3:24652144227573 CH: 5/id5/k0 29/id13/k1 36/id4/k2 52/id4/k3
FS n=64 fsseq=539110 buf=5 c0=0:24652143819135 c1=1:24652144317625 c2=2:24652143832833 c3=3:24652144227573 CH:
FS n=64 fsseq=539110 buf=5 c0=0:24652143819135 c1=1:24652144317625 c2=2:24652143832833 c3=3:24652144227573 CH:
FS n=64 fsseq=538322 buf=15 c0=0:24652161707833 c1=1:24652161707781 c2=2:24652161732104 c3=3:24652161779083 CH: 5/id5/k0 15/id15/k0 20/id4/k1 38/id6/k2 62/id14/k3
FS n=64 fsseq=538322 buf=15 c0=0:24652161707833 c1=1:24652161707781 c2=2:24652161732104 c3=3:24652161779083 CH:
FS n=64 fsseq=538322 buf=15 c0=0:24652161707833 c1=1:24652161707781 c2=2:24652161732104 c3=3:24652161779083 CH:
FS n=64 fsseq=539111 buf=0 c0=0:24652183819292 c1=1:24652184330281 c2=2:24652183822573 c3=3:24652184242573 CH: 0/id0/k0 24/id8/k1 33/id1/k2 49/id1/k3
FS n=64 fsseq=539111 buf=0 c0=0:24652183819292 c1=1:24652184330281 c2=2:24652183822573 c3=3:24652184242573 CH:
FS n=64 fsseq=539111 buf=0 c0=0:24652183819292 c1=1:24652184330281 c2=2:24652183822573 c3=3:24652184242573 CH:
FS n=64 fsseq=538323 buf=2 c0=0:24652201787313 c1=1:24652201805281 c2=2:24652201878250 c3=3:24652201879552 CH: 2/id2/k0 25/id9/k1 41/id9/k2 54/id6/k3
FS n=64 fsseq=538323 buf=2 c0=0:24652201787313 c1=1:24652201805281 c2=2:24652201878250 c3=3:24652201879552 CH:
FS n=64 fsseq=538323 buf=2 c0=0:24652201787313 c1=1:24652201805281 c2=2:24652201878250 c3=3:24652201879552 CH:
FS n=64 fsseq=539112 buf=4 c0=0:24652223819031 c1=1:24652224324396 c2=2:24652223827417 c3=3:24652224238354 CH: 4/id4/k0 30/id14/k1 39/id7/k2 50/id2/k3
FS n=64 fsseq=539112 buf=4 c0=0:24652223819031 c1=1:24652224324396 c2=2:24652223827417 c3=3:24652224238354 CH:
FS n=64 fsseq=539112 buf=4 c0=0:24652223819031 c1=1:24652224324396 c2=2:24652223827417 c3=3:24652224238354 CH:
FS n=64 fsseq=538324 buf=12 c0=0:24652241725490 c1=1:24652241746062 c2=2:24652241774135 c3=3:24652241793354 CH:
FS n=64 fsseq=538324 buf=12 c0=0:24652241725490 c1=1:24652241746062 c2=2:24652241774135 c3=3:24652241793354 CH:
FS n=64 fsseq=538324 buf=12 c0=0:24652241725490 c1=1:24652241746062 c2=2:24652241774135 c3=3:24652241793354 CH: 12/id12/k0 26/id10/k1 43/id11/k2 58/id10/k3
FS n=64 fsseq=539113 buf=6 c0=0:24652263817677 c1=1:24652264323302 c2=2:24652263818823 c3=3:24652264221479 CH: 6/id6/k0 28/id12/k1 37/id5/k2 51/id3/k3
FS n=64 fsseq=539113 buf=6 c0=0:24652263817677 c1=1:24652264323302 c2=2:24652263818823 c3=3:24652264221479 CH:
FS n=64 fsseq=539113 buf=6 c0=0:24652263817677 c1=1:24652264323302 c2=2:24652263818823 c3=3:24652264221479 CH:
FS n=64 fsseq=538325 buf=14 c0=0:24652281764604 c1=1:24652281764292 c2=2:24652281832937 c3=3:24652281847781 CH: 14/id14/k0 23/id7/k1 47/id15/k2 61/id13/k3
FS n=64 fsseq=538325 buf=14 c0=0:24652281764604 c1=1:24652281764292 c2=2:24652281832937 c3=3:24652281847781 CH: 23/id7/k1 47/id15/k2
FS n=64 fsseq=538325 buf=14 c0=0:24652281764604 c1=1:24652281764292 c2=2:24652281832937 c3=3:24652281847781 CH:
FS n=64 fsseq=539114 buf=8 c0=0:24652303818615 c1=1:24652304333667 c2=2:24652303827573 c3=3:24652304227104 CH: 6/id6/k0 8/id8/k0 31/id15/k1 34/id2/k2 53/id5/k3
FS n=64 fsseq=539114 buf=8 c0=0:24652303818615 c1=1:24652304333667 c2=2:24652303827573 c3=3:24652304227104 CH: 53/id5/k3
FS n=64 fsseq=539114 buf=8 c0=0:24652303818615 c1=1:24652304333667 c2=2:24652303827573 c3=3:24652304227104 CH:
FS n=64 fsseq=538326 buf=9 c0=0:24652321713823 c1=1:24652321713771 c2=2:24652321742781 c3=3:24652321785646 CH: 9/id9/k0 16/id0/k1 42/id10/k2 63/id15/k3
FS n=64 fsseq=538326 buf=9 c0=0:24652321713823 c1=1:24652321713771 c2=2:24652321742781 c3=3:24652321785646 CH:
FS n=64 fsseq=538326 buf=9 c0=0:24652321713823 c1=1:24652321713771 c2=2:24652321742781 c3=3:24652321785646 CH:
FS n=64 fsseq=539115 buf=10 c0=0:24652343844760 c1=1:24652344330802 c2=2:24652343846844 c3=3:24652344228771 CH:
FS n=64 fsseq=539115 buf=10 c0=0:24652343844760 c1=1:24652344330802 c2=2:24652343846844 c3=3:24652344228771 CH: 10/id10/k0 17/id1/k1 35/id3/k2 55/id7/k3
FS n=64 fsseq=539115 buf=10 c0=0:24652343844760 c1=1:24652344330802 c2=2:24652343846844 c3=3:24652344228771 CH:
FS n=64 fsseq=538327 buf=3 c0=0:24652361717052 c1=1:24652361782729 c2=2:24652361750594 c3=3:24652361790073 CH:
FS n=64 fsseq=538327 buf=3 c0=0:24652361717052 c1=1:24652361782729 c2=2:24652361750594 c3=3:24652361790073 CH: 3/id3/k0 18/id2/k1 44/id12/k2 59/id11/k3
FS n=64 fsseq=538327 buf=3 c0=0:24652361717052 c1=1:24652361782729 c2=2:24652361750594 c3=3:24652361790073 CH:
FS n=64 fsseq=539116 buf=7 c0=0:24652383819552 c1=1:24652384326531 c2=2:24652383821583 c3=3:24652384227104 CH: 7/id7/k0 22/id6/k1 40/id8/k2 56/id8/k3
FS n=64 fsseq=539116 buf=7 c0=0:24652383819552 c1=1:24652384326531 c2=2:24652383821583 c3=3:24652384227104 CH: 22/id6/k1
FS n=64 fsseq=539116 buf=7 c0=0:24652383819552 c1=1:24652384326531 c2=2:24652383821583 c3=3:24652384227104 CH:
FS n=64 fsseq=538328 buf=11 c0=0:24652401719500 c1=1:24652401768927 c2=2:24652401739083 c3=3:24652401779031 CH:
FS n=64 fsseq=538328 buf=11 c0=0:24652401719500 c1=1:24652401768927 c2=2:24652401739083 c3=3:24652401779031 CH:
FS n=64 fsseq=538328 buf=11 c0=0:24652401719500 c1=1:24652401768927 c2=2:24652401739083 c3=3:24652401779031 CH: 11/id11/k0 19/id3/k1 45/id13/k2 57/id9/k3
FS n=64 fsseq=539117 buf=1 c0=0:24652423820698 c1=1:24652424329240 c2=2:24652423821167 c3=3:24652424229656 CH: 27/id11/k1 32/id0/k2 48/id0/k3
FS n=64 fsseq=539117 buf=1 c0=0:24652423820698 c1=1:24652424329240 c2=2:24652423821167 c3=3:24652424229656 CH:
FS n=64 fsseq=539117 buf=1 c0=0:24652423820698 c1=1:24652424329240 c2=2:24652423821167 c3=3:24652424229656 CH: 1/id1/k0
FS n=64 fsseq=538329 buf=13 c0=0:24652441722833 c1=1:24652441727521 c2=2:24652441760437 c3=3:24652441806219 CH:
FS n=64 fsseq=538329 buf=13 c0=0:24652441722833 c1=1:24652441727521 c2=2:24652441760437 c3=3:24652441806219 CH: 13/id13/k0 21/id5/k1 46/id14/k2 60/id12/k3
FS n=64 fsseq=538329 buf=13 c0=0:24652441722833 c1=1:24652441727521 c2=2:24652441760437 c3=3:24652441806219 CH:
FS n=64 fsseq=539118 buf=5 c0=0:24652463847417 c1=1:24652464326219 c2=2:24652463847364 c3=3:24652464236479 CH: 5/id5/k0 29/id13/k1 36/id4/k2 52/id4/k3
FS n=64 fsseq=539118 buf=5 c0=0:24652463847417 c1=1:24652464326219 c2=2:24652463847364 c3=3:24652464236479 CH:
FS n=64 fsseq=539118 buf=5 c0=0:24652463847417 c1=1:24652464326219 c2=2:24652463847364 c3=3:24652464236479 CH:
FS n=64 fsseq=538330 buf=15 c0=0:24652481728094 c1=1:24652481784292 c2=2:24652481755906 c3=3:24652481791219 CH: 15/id15/k0 20/id4/k1 38/id6/k2 62/id14/k3
FS n=64 fsseq=538330 buf=15 c0=0:24652481728094 c1=1:24652481784292 c2=2:24652481755906 c3=3:24652481791219 CH:
FS n=64 fsseq=538330 buf=15 c0=0:24652481728094 c1=1:24652481784292 c2=2:24652481755906 c3=3:24652481791219 CH:
FS n=64 fsseq=539119 buf=0 c0=0:24652503822052 c1=1:24652504331375 c2=2:24652503827208 c3=3:24652504238302 CH: 0/id0/k0 24/id8/k1 33/id1/k2 49/id1/k3
FS n=64 fsseq=539119 buf=0 c0=0:24652503822052 c1=1:24652504331375 c2=2:24652503827208 c3=3:24652504238302 CH:
FS n=64 fsseq=539119 buf=0 c0=0:24652503822052 c1=1:24652504331375 c2=2:24652503827208 c3=3:24652504238302 CH:
FS n=64 fsseq=538331 buf=2 c0=0:24652521717052 c1=1:24652521722833 c2=2:24652521743198 c3=3:24652521796167 CH: 2/id2/k0 25/id9/k1 41/id9/k2 54/id6/k3
FS n=64 fsseq=538331 buf=2 c0=0:24652521717052 c1=1:24652521722833 c2=2:24652521743198 c3=3:24652521796167 CH:
FS n=64 fsseq=538331 buf=2 c0=0:24652521717052 c1=1:24652521722833 c2=2:24652521743198 c3=3:24652521796167 CH:
FS n=64 fsseq=539120 buf=4 c0=0:24652543819708 c1=1:24652544329396 c2=2:24652543824292 c3=3:24652544233979 CH: 4/id4/k0 30/id14/k1 39/id7/k2 50/id2/k3
FS n=64 fsseq=539120 buf=4 c0=0:24652543819708 c1=1:24652544329396 c2=2:24652543824292 c3=3:24652544233979 CH:
FS n=64 fsseq=539120 buf=4 c0=0:24652543819708 c1=1:24652544329396 c2=2:24652543824292 c3=3:24652544233979 CH:
FS n=64 fsseq=538332 buf=12 c0=0:24652561817729 c1=1:24652561765698 c2=2:24652561773094 c3=3:24652561811114 CH: 4/id4/k0 12/id12/k0 26/id10/k1 43/id11/k2 58/id10/k3
FS n=64 fsseq=538332 buf=12 c0=0:24652561817729 c1=1:24652561765698 c2=2:24652561773094 c3=3:24652561811114 CH: 58/id10/k3
FS n=64 fsseq=538332 buf=12 c0=0:24652561817729 c1=1:24652561765698 c2=2:24652561773094 c3=3:24652561811114 CH:
FS n=64 fsseq=539121 buf=6 c0=0:24652583838771 c1=1:24652584327625 c2=2:24652583838771 c3=3:24652584254083 CH: 6/id6/k0 28/id12/k1 37/id5/k2 51/id3/k3
FS n=64 fsseq=539121 buf=6 c0=0:24652583838771 c1=1:24652584327625 c2=2:24652583838771 c3=3:24652584254083 CH:
FS n=64 fsseq=539121 buf=6 c0=0:24652583838771 c1=1:24652584327625 c2=2:24652583838771 c3=3:24652584254083 CH:
FS n=64 fsseq=538333 buf=14 c0=0:24652601722208 c1=1:24652601722417 c2=2:24652601746531 c3=3:24652601795125 CH: 14/id14/k0 23/id7/k1 47/id15/k2 61/id13/k3
FS n=64 fsseq=538333 buf=14 c0=0:24652601722208 c1=1:24652601722417 c2=2:24652601746531 c3=3:24652601795125 CH:
FS n=64 fsseq=538333 buf=14 c0=0:24652601722208 c1=1:24652601722417 c2=2:24652601746531 c3=3:24652601795125 CH:
FS n=64 fsseq=539122 buf=8 c0=0:24652623841531 c1=1:24652624326739 c2=2:24652623841531 c3=3:24652624236114 CH: 8/id8/k0 31/id15/k1 34/id2/k2 53/id5/k3
FS n=64 fsseq=539122 buf=8 c0=0:24652623841531 c1=1:24652624326739 c2=2:24652623841531 c3=3:24652624236114 CH:
FS n=64 fsseq=539122 buf=8 c0=0:24652623841531 c1=1:24652624326739 c2=2:24652623841531 c3=3:24652624236114 CH:
FS n=64 fsseq=538334 buf=9 c0=0:24652641722052 c1=1:24652641726583 c2=2:24652641782104 c3=3:24652641790229 CH: 9/id9/k0 16/id0/k1 42/id10/k2 63/id15/k3
FS n=64 fsseq=538334 buf=9 c0=0:24652641722052 c1=1:24652641726583 c2=2:24652641782104 c3=3:24652641790229 CH:
FS n=64 fsseq=538334 buf=9 c0=0:24652641722052 c1=1:24652641726583 c2=2:24652641782104 c3=3:24652641790229 CH:
FS n=64 fsseq=539123 buf=10 c0=0:24652663821948 c1=1:24652664330802 c2=2:24652663829083 c3=3:24652664238562 CH: 10/id10/k0 17/id1/k1 35/id3/k2 55/id7/k3
FS n=64 fsseq=539123 buf=10 c0=0:24652663821948 c1=1:24652664330802 c2=2:24652663829083 c3=3:24652664238562 CH:
FS n=64 fsseq=539123 buf=10 c0=0:24652663821948 c1=1:24652664330802 c2=2:24652663829083 c3=3:24652664238562 CH:
FS n=64 fsseq=538335 buf=3 c0=0:24652681729656 c1=1:24652681740646 c2=2:24652681776791 c3=3:24652681767937 CH: 3/id3/k0 18/id2/k1 44/id12/k2 59/id11/k3
FS n=64 fsseq=538335 buf=3 c0=0:24652681729656 c1=1:24652681740646 c2=2:24652681776791 c3=3:24652681767937 CH:
FS n=64 fsseq=538335 buf=3 c0=0:24652681729656 c1=1:24652681740646 c2=2:24652681776791 c3=3:24652681767937 CH:
FS n=64 fsseq=539124 buf=7 c0=0:24652703819396 c1=1:24652704329083 c2=2:24652703831062 c3=3:24652704235750 CH: 7/id7/k0 22/id6/k1 40/id8/k2 56/id8/k3
FS n=64 fsseq=539124 buf=7 c0=0:24652703819396 c1=1:24652704329083 c2=2:24652703831062 c3=3:24652704235750 CH:
FS n=64 fsseq=539124 buf=7 c0=0:24652703819396 c1=1:24652704329083 c2=2:24652703831062 c3=3:24652704235750 CH:
FS n=64 fsseq=538336 buf=11 c0=0:24652721725333 c1=1:24652721728146 c2=2:24652721779187 c3=3:24652721800073 CH: 11/id11/k0 19/id3/k1 45/id13/k2 57/id9/k3
FS n=64 fsseq=538336 buf=11 c0=0:24652721725333 c1=1:24652721728146 c2=2:24652721779187 c3=3:24652721800073 CH: 57/id9/k3
FS n=64 fsseq=538336 buf=11 c0=0:24652721725333 c1=1:24652721728146 c2=2:24652721779187 c3=3:24652721800073 CH: 11/id11/k0 19/id3/k1 45/id13/k2
FS n=64 fsseq=539125 buf=1 c0=0:24652743820385 c1=1:24652744348146 c2=2:24652743830021 c3=3:24652744255125 CH:
FS n=64 fsseq=539125 buf=1 c0=0:24652743820385 c1=1:24652744348146 c2=2:24652743830021 c3=3:24652744255125 CH: 1/id1/k0
FS n=64 fsseq=539125 buf=1 c0=0:24652743820385 c1=1:24652744348146 c2=2:24652743830021 c3=3:24652744255125 CH: 27/id11/k1 32/id0/k2 48/id0/k3
FS n=64 fsseq=538337 buf=13 c0=0:24652761718250 c1=1:24652761722989 c2=2:24652761794239 c3=3:24652761773614 CH: 13/id13/k0 21/id5/k1 46/id14/k2 60/id12/k3
FS n=64 fsseq=538337 buf=13 c0=0:24652761718250 c1=1:24652761722989 c2=2:24652761794239 c3=3:24652761773614 CH:
FS n=64 fsseq=538337 buf=13 c0=0:24652761718250 c1=1:24652761722989 c2=2:24652761794239 c3=3:24652761773614 CH:
FS n=64 fsseq=539126 buf=5 c0=0:24652783839187 c1=1:24652784333823 c2=2:24652783853041 c3=3:24652784243666 CH: 52/id4/k3
FS n=64 fsseq=539126 buf=5 c0=0:24652783839187 c1=1:24652784333823 c2=2:24652783853041 c3=3:24652784243666 CH:
FS n=64 fsseq=539126 buf=5 c0=0:24652783839187 c1=1:24652784333823 c2=2:24652783853041 c3=3:24652784243666 CH: 5/id5/k0 29/id13/k1 36/id4/k2
FS n=64 fsseq=538338 buf=15 c0=0:24652801725385 c1=1:24652801725125 c2=2:24652801753562 c3=3:24652801801010 CH: 20/id4/k1
FS n=64 fsseq=538338 buf=15 c0=0:24652801725385 c1=1:24652801725125 c2=2:24652801753562 c3=3:24652801801010 CH: 5/id5/k0 15/id15/k0 20/id4/k1 38/id6/k2 62/id14/k3
FS n=64 fsseq=538338 buf=15 c0=0:24652801725385 c1=1:24652801725125 c2=2:24652801753562 c3=3:24652801801010 CH: 20/id4/k1
FS n=64 fsseq=539127 buf=0 c0=0:24652823854604 c1=1:24652824341271 c2=2:24652823864031 c3=3:24652824323979 CH: 0/id0/k0
FS n=64 fsseq=539127 buf=0 c0=0:24652823854604 c1=1:24652824341271 c2=2:24652823864031 c3=3:24652824323979 CH: 0/id0/k0 24/id8/k1 33/id1/k2 49/id1/k3
FS n=64 fsseq=539127 buf=0 c0=0:24652823854604 c1=1:24652824341271 c2=2:24652823864031 c3=3:24652824323979 CH:
FS n=64 fsseq=538339 buf=2 c0=0:24652841743510 c1=1:24652841743406 c2=2:24652841749812 c3=3:24652841791166 CH: 2/id2/k0 25/id9/k1 41/id9/k2 54/id6/k3
FS n=64 fsseq=538339 buf=2 c0=0:24652841743510 c1=1:24652841743406 c2=2:24652841749812 c3=3:24652841791166 CH:
FS n=64 fsseq=538339 buf=2 c0=0:24652841743510 c1=1:24652841743406 c2=2:24652841749812 c3=3:24652841791166 CH:
FS n=64 fsseq=539128 buf=4 c0=0:24652863824187 c1=1:24652864337000 c2=2:24652863828562 c3=3:24652864242833 CH: 4/id4/k0 30/id14/k1 39/id7/k2
FS n=64 fsseq=539128 buf=4 c0=0:24652863824187 c1=1:24652864337000 c2=2:24652863828562 c3=3:24652864242833 CH: 30/id14/k1 50/id2/k3
FS n=64 fsseq=539128 buf=4 c0=0:24652863824187 c1=1:24652864337000 c2=2:24652863828562 c3=3:24652864242833 CH: 4/id4/k0 30/id14/k1 39/id7/k2 50/id2/k3
FS n=64 fsseq=538340 buf=12 c0=0:24652881798146 c1=1:24652881797937 c2=2:24652881816427 c3=3:24652881861323 CH:
FS n=64 fsseq=538340 buf=12 c0=0:24652881798146 c1=1:24652881797937 c2=2:24652881816427 c3=3:24652881861323 CH:
FS n=64 fsseq=538340 buf=12 c0=0:24652881798146 c1=1:24652881797937 c2=2:24652881816427 c3=3:24652881861323 CH: 12/id12/k0 26/id10/k1 43/id11/k2 58/id10/k3
FS n=64 fsseq=539129 buf=6 c0=0:24652903823406 c1=1:24652904333979 c2=2:24652903824656 c3=3:24652904239604 CH: 51/id3/k3
FS n=64 fsseq=539129 buf=6 c0=0:24652903823406 c1=1:24652904333979 c2=2:24652903824656 c3=3:24652904239604 CH: 6/id6/k0 28/id12/k1 37/id5/k2 51/id3/k3
FS n=64 fsseq=539129 buf=6 c0=0:24652903823406 c1=1:24652904333979 c2=2:24652903824656 c3=3:24652904239604 CH:
FS n=64 fsseq=538341 buf=14 c0=0:24652921720021 c1=1:24652921722312 c2=2:24652921746948 c3=3:24652921782989 CH: 14/id14/k0 23/id7/k1 47/id15/k2 61/id13/k3
FS n=64 fsseq=538341 buf=14 c0=0:24652921720021 c1=1:24652921722312 c2=2:24652921746948 c3=3:24652921782989 CH:
FS n=64 fsseq=538341 buf=14 c0=0:24652921720021 c1=1:24652921722312 c2=2:24652921746948 c3=3:24652921782989 CH:
FS n=64 fsseq=539130 buf=8 c0=0:24652943862833 c1=1:24652944334343 c2=2:24652943862625 c3=3:24652944242677 CH: 8/id8/k0 31/id15/k1 34/id2/k2 53/id5/k3
FS n=64 fsseq=539130 buf=8 c0=0:24652943862833 c1=1:24652944334343 c2=2:24652943862625 c3=3:24652944242677 CH:
FS n=64 fsseq=539130 buf=8 c0=0:24652943862833 c1=1:24652944334343 c2=2:24652943862625 c3=3:24652944242677 CH:
FS n=64 fsseq=538342 buf=9 c0=0:24652961736114 c1=1:24652961735958 c2=2:24652961792364 c3=3:24652961798250 CH: 9/id9/k0 16/id0/k1 42/id10/k2 63/id15/k3
FS n=64 fsseq=538342 buf=9 c0=0:24652961736114 c1=1:24652961735958 c2=2:24652961792364 c3=3:24652961798250 CH:
FS n=64 fsseq=538342 buf=9 c0=0:24652961736114 c1=1:24652961735958 c2=2:24652961792364 c3=3:24652961798250 CH:
FS n=64 fsseq=539131 buf=10 c0=0:24652983827052 c1=1:24652984331635 c2=2:24652983836635 c3=3:24652984258927 CH: 10/id10/k0 17/id1/k1 35/id3/k2 55/id7/k3
FS n=64 fsseq=539131 buf=10 c0=0:24652983827052 c1=1:24652984331635 c2=2:24652983836635 c3=3:24652984258927 CH:
FS n=64 fsseq=539131 buf=10 c0=0:24652983827052 c1=1:24652984331635 c2=2:24652983836635 c3=3:24652984258927 CH:
FS n=64 fsseq=538343 buf=3 c0=0:24653001725906 c1=1:24653001725489 c2=2:24653001769604 c3=3:24653001779760 CH: 3/id3/k0 18/id2/k1 44/id12/k2 59/id11/k3
FS n=64 fsseq=538343 buf=3 c0=0:24653001725906 c1=1:24653001725489 c2=2:24653001769604 c3=3:24653001779760 CH:
FS n=64 fsseq=538343 buf=3 c0=0:24653001725906 c1=1:24653001725489 c2=2:24653001769604 c3=3:24653001779760 CH:
FS n=64 fsseq=539132 buf=7 c0=0:24653023826323 c1=1:24653024334031 c2=2:24653023835333 c3=3:24653024244968 CH: 7/id7/k0 22/id6/k1 40/id8/k2 56/id8/k3
FS n=64 fsseq=539132 buf=7 c0=0:24653023826323 c1=1:24653024334031 c2=2:24653023835333 c3=3:24653024244968 CH:
FS n=64 fsseq=539132 buf=7 c0=0:24653023826323 c1=1:24653024334031 c2=2:24653023835333 c3=3:24653024244968 CH:
FS n=64 fsseq=538344 buf=11 c0=0:24653041720958 c1=1:24653041721427 c2=2:24653041782312 c3=3:24653041779187 CH: 11/id11/k0 19/id3/k1 45/id13/k2 57/id9/k3
FS n=64 fsseq=538344 buf=11 c0=0:24653041720958 c1=1:24653041721427 c2=2:24653041782312 c3=3:24653041779187 CH: 11/id11/k0 19/id3/k1 45/id13/k2 57/id9/k3
FS n=64 fsseq=538344 buf=11 c0=0:24653041720958 c1=1:24653041721427 c2=2:24653041782312 c3=3:24653041779187 CH:
FS n=64 fsseq=539133 buf=1 c0=0:24653063828771 c1=1:24653064336479 c2=2:24653063835854 c3=3:24653064243927 CH:
FS n=64 fsseq=539133 buf=1 c0=0:24653063828771 c1=1:24653064336479 c2=2:24653063835854 c3=3:24653064243927 CH: 1/id1/k0 27/id11/k1 32/id0/k2 48/id0/k3
FS n=64 fsseq=539133 buf=1 c0=0:24653063828771 c1=1:24653064336479 c2=2:24653063835854 c3=3:24653064243927 CH:
FS n=64 fsseq=538345 buf=13 c0=0:24653081755177 c1=1:24653081754864 c2=2:24653081817104 c3=3:24653081832677 CH: 3/id3/k0 13/id13/k0 21/id5/k1 46/id14/k2 60/id12/k3 63/id15/k3
FS n=64 fsseq=538345 buf=13 c0=0:24653081755177 c1=1:24653081754864 c2=2:24653081817104 c3=3:24653081832677 CH:
FS n=64 fsseq=538345 buf=13 c0=0:24653081755177 c1=1:24653081754864 c2=2:24653081817104 c3=3:24653081832677 CH:
FS n=64 fsseq=539134 buf=5 c0=0:24653103837885 c1=1:24653104335593 c2=2:24653103851635 c3=3:24653104248093 CH: 29/id13/k1 36/id4/k2 52/id4/k3
FS n=64 fsseq=539134 buf=5 c0=0:24653103837885 c1=1:24653104335593 c2=2:24653103851635 c3=3:24653104248093 CH: 5/id5/k0
FS n=64 fsseq=539134 buf=5 c0=0:24653103837885 c1=1:24653104335593 c2=2:24653103851635 c3=3:24653104248093 CH:
FS n=64 fsseq=538346 buf=15 c0=0:24653121732000 c1=1:24653121732000 c2=2:24653121786218 c3=3:24653121793302 CH: 15/id15/k0 20/id4/k1 38/id6/k2 62/id14/k3
FS n=64 fsseq=538346 buf=15 c0=0:24653121732000 c1=1:24653121732000 c2=2:24653121786218 c3=3:24653121793302 CH:
FS n=64 fsseq=538346 buf=15 c0=0:24653121732000 c1=1:24653121732000 c2=2:24653121786218 c3=3:24653121793302 CH:
FS n=64 fsseq=539135 buf=0 c0=0:24653143837052 c1=1:24653144335333 c2=2:24653143844500 c3=3:24653144244604 CH: 0/id0/k0 24/id8/k1 33/id1/k2 49/id1/k3
FS n=64 fsseq=539135 buf=0 c0=0:24653143837052 c1=1:24653144335333 c2=2:24653143844500 c3=3:24653144244604 CH:
FS n=64 fsseq=539135 buf=0 c0=0:24653143837052 c1=1:24653144335333 c2=2:24653143844500 c3=3:24653144244604 CH:
FS n=64 fsseq=538347 buf=2 c0=0:24653161723198 c1=1:24653161723093 c2=2:24653161745020 c3=3:24653161780177 CH: 2/id2/k0 25/id9/k1 41/id9/k2 54/id6/k3
FS n=64 fsseq=538347 buf=2 c0=0:24653161723198 c1=1:24653161723093 c2=2:24653161745020 c3=3:24653161780177 CH:
FS n=64 fsseq=538347 buf=2 c0=0:24653161723198 c1=1:24653161723093 c2=2:24653161745020 c3=3:24653161780177 CH:
FS n=64 fsseq=539136 buf=4 c0=0:24653183828770 c1=1:24653184338250 c2=2:24653183832677 c3=3:24653184242833 CH: 4/id4/k0 30/id14/k1 39/id7/k2 50/id2/k3
FS n=64 fsseq=539136 buf=4 c0=0:24653183828770 c1=1:24653184338250 c2=2:24653183832677 c3=3:24653184242833 CH:
FS n=64 fsseq=539136 buf=4 c0=0:24653183828770 c1=1:24653184338250 c2=2:24653183832677 c3=3:24653184242833 CH:
FS n=64 fsseq=538348 buf=12 c0=0:24653201819552 c1=1:24653201799760 c2=2:24653201882677 c3=3:24653201857468 CH: 4/id4/k0 12/id12/k0 26/id10/k1 43/id11/k2 58/id10/k3
FS n=64 fsseq=538348 buf=12 c0=0:24653201819552 c1=1:24653201799760 c2=2:24653201882677 c3=3:24653201857468 CH:
FS n=64 fsseq=538348 buf=12 c0=0:24653201819552 c1=1:24653201799760 c2=2:24653201882677 c3=3:24653201857468 CH:
FS n=64 fsseq=539137 buf=6 c0=0:24653223835854 c1=1:24653224339187 c2=2:24653223839291 c3=3:24653224246948 CH: 6/id6/k0 28/id12/k1 37/id5/k2 51/id3/k3
FS n=64 fsseq=539137 buf=6 c0=0:24653223835854 c1=1:24653224339187 c2=2:24653223839291 c3=3:24653224246948 CH:
FS n=64 fsseq=539137 buf=6 c0=0:24653223835854 c1=1:24653224339187 c2=2:24653223839291 c3=3:24653224246948 CH:
FS n=64 fsseq=538349 buf=14 c0=0:24653241733823 c1=1:24653241733666 c2=2:24653241791687 c3=3:24653241797520 CH: 14/id14/k0 23/id7/k1 47/id15/k2 61/id13/k3
FS n=64 fsseq=538349 buf=14 c0=0:24653241733823 c1=1:24653241733666 c2=2:24653241791687 c3=3:24653241797520 CH: 47/id15/k2
FS n=64 fsseq=538349 buf=14 c0=0:24653241733823 c1=1:24653241733666 c2=2:24653241791687 c3=3:24653241797520 CH:
FS n=64 fsseq=539138 buf=8 c0=0:24653263853718 c1=1:24653264336323 c2=2:24653263857416 c3=3:24653264256218 CH: 8/id8/k0 31/id15/k1 34/id2/k2 53/id5/k3
FS n=64 fsseq=539138 buf=8 c0=0:24653263853718 c1=1:24653264336323 c2=2:24653263857416 c3=3:24653264256218 CH: 53/id5/k3
FS n=64 fsseq=539138 buf=8 c0=0:24653263853718 c1=1:24653264336323 c2=2:24653263857416 c3=3:24653264256218 CH: 53/id5/k3
FS n=64 fsseq=538350 buf=9 c0=0:24653281733250 c1=1:24653281736687 c2=2:24653281789083 c3=3:24653281796843 CH: 9/id9/k0 16/id0/k1 42/id10/k2 63/id15/k3
FS n=64 fsseq=538350 buf=9 c0=0:24653281733250 c1=1:24653281736687 c2=2:24653281789083 c3=3:24653281796843 CH:
FS n=64 fsseq=538350 buf=9 c0=0:24653281733250 c1=1:24653281736687 c2=2:24653281789083 c3=3:24653281796843 CH:
FS n=64 fsseq=539139 buf=10 c0=0:24653303833614 c1=1:24653304353666 c2=2:24653303840854 c3=3:24653304244187 CH:
FS n=64 fsseq=539139 buf=10 c0=0:24653303833614 c1=1:24653304353666 c2=2:24653303840854 c3=3:24653304244187 CH: 35/id3/k2 55/id7/k3
FS n=64 fsseq=539139 buf=10 c0=0:24653303833614 c1=1:24653304353666 c2=2:24653303840854 c3=3:24653304244187 CH: 10/id10/k0 17/id1/k1 35/id3/k2
FS n=64 fsseq=538351 buf=3 c0=0:24653321725020 c1=1:24653321726375 c2=2:24653321752208 c3=3:24653321801947 CH: 3/id3/k0 18/id2/k1 44/id12/k2 59/id11/k3
FS n=64 fsseq=538351 buf=3 c0=0:24653321725020 c1=1:24653321726375 c2=2:24653321752208 c3=3:24653321801947 CH:
FS n=64 fsseq=538351 buf=3 c0=0:24653321725020 c1=1:24653321726375 c2=2:24653321752208 c3=3:24653321801947 CH: 3/id3/k0 18/id2/k1 44/id12/k2 59/id11/k3
FS n=64 fsseq=539140 buf=7 c0=0:24653343834812 c1=1:24653344336791 c2=2:24653343835072 c3=3:24653344241218 CH: 7/id7/k0 22/id6/k1 40/id8/k2 56/id8/k3
FS n=64 fsseq=539140 buf=7 c0=0:24653343834812 c1=1:24653344336791 c2=2:24653343835072 c3=3:24653344241218 CH:
FS n=64 fsseq=539140 buf=7 c0=0:24653343834812 c1=1:24653344336791 c2=2:24653343835072 c3=3:24653344241218 CH:
FS n=64 fsseq=538352 buf=11 c0=0:24653361754864 c1=1:24653361754916 c2=2:24653361779187 c3=3:24653361827260 CH: 45/id13/k2
FS n=64 fsseq=538352 buf=11 c0=0:24653361754864 c1=1:24653361754916 c2=2:24653361779187 c3=3:24653361827260 CH: 57/id9/k3
FS n=64 fsseq=538352 buf=11 c0=0:24653361754864 c1=1:24653361754916 c2=2:24653361779187 c3=3:24653361827260 CH: 11/id11/k0 19/id3/k1 45/id13/k2
FS n=64 fsseq=539141 buf=1 c0=0:24653383838614 c1=1:24653384340750 c2=2:24653383839656 c3=3:24653384246895 CH:
FS n=64 fsseq=539141 buf=1 c0=0:24653383838614 c1=1:24653384340750 c2=2:24653383839656 c3=3:24653384246895 CH: 1/id1/k0 32/id0/k2 48/id0/k3
FS n=64 fsseq=539141 buf=1 c0=0:24653383838614 c1=1:24653384340750 c2=2:24653383839656 c3=3:24653384246895 CH: 1/id1/k0 27/id11/k1 32/id0/k2 48/id0/k3
FS n=64 fsseq=538353 buf=13 c0=0:24653401729916 c1=1:24653401731895 c2=2:24653401788927 c3=3:24653401790229 CH: 46/id14/k2 60/id12/k3
FS n=64 fsseq=538353 buf=13 c0=0:24653401729916 c1=1:24653401731895 c2=2:24653401788927 c3=3:24653401790229 CH: 13/id13/k0 21/id5/k1 60/id12/k3
FS n=64 fsseq=538353 buf=13 c0=0:24653401729916 c1=1:24653401731895 c2=2:24653401788927 c3=3:24653401790229 CH: 13/id13/k0 21/id5/k1 60/id12/k3
FS n=64 fsseq=539142 buf=5 c0=0:24653423866322 c1=1:24653424347156 c2=2:24653423866375 c3=3:24653424257104 CH: 29/id13/k1 36/id4/k2 52/id4/k3
FS n=64 fsseq=539142 buf=5 c0=0:24653423866322 c1=1:24653424347156 c2=2:24653423866375 c3=3:24653424257104 CH:
FS n=64 fsseq=539142 buf=5 c0=0:24653423866322 c1=1:24653424347156 c2=2:24653423866375 c3=3:24653424257104 CH:
FS n=64 fsseq=538354 buf=15 c0=0:24653441734916 c1=1:24653441734916 c2=2:24653441784187 c3=3:24653441793145 CH:
FS n=64 fsseq=538354 buf=15 c0=0:24653441734916 c1=1:24653441734916 c2=2:24653441784187 c3=3:24653441793145 CH:
FS n=64 fsseq=538354 buf=15 c0=0:24653441734916 c1=1:24653441734916 c2=2:24653441784187 c3=3:24653441793145 CH: 5/id5/k0 15/id15/k0 20/id4/k1 38/id6/k2 62/id14/k3
FS n=64 fsseq=539143 buf=0 c0=0:24653463834291 c1=1:24653464340333 c2=2:24653463841479 c3=3:24653464250020 CH: 0/id0/k0 33/id1/k2 49/id1/k3
FS n=64 fsseq=539143 buf=0 c0=0:24653463834291 c1=1:24653464340333 c2=2:24653463841479 c3=3:24653464250020 CH: 0/id0/k0 24/id8/k1 33/id1/k2
FS n=64 fsseq=539143 buf=0 c0=0:24653463834291 c1=1:24653464340333 c2=2:24653463841479 c3=3:24653464250020 CH: 24/id8/k1 33/id1/k2 49/id1/k3
FS n=64 fsseq=538355 buf=2 c0=0:24653481730489 c1=1:24653481731375 c2=2:24653481762625 c3=3:24653481806687 CH: 2/id2/k0 25/id9/k1 41/id9/k2 54/id6/k3
FS n=64 fsseq=538355 buf=2 c0=0:24653481730489 c1=1:24653481731375 c2=2:24653481762625 c3=3:24653481806687 CH:
FS n=64 fsseq=538355 buf=2 c0=0:24653481730489 c1=1:24653481731375 c2=2:24653481762625 c3=3:24653481806687 CH:
FS n=64 fsseq=539144 buf=4 c0=0:24653503847729 c1=1:24653504339187 c2=2:24653503850177 c3=3:24653504250333 CH: 4/id4/k0 39/id7/k2 50/id2/k3
FS n=64 fsseq=539144 buf=4 c0=0:24653503847729 c1=1:24653504339187 c2=2:24653503850177 c3=3:24653504250333 CH: 30/id14/k1 39/id7/k2 50/id2/k3
FS n=64 fsseq=539144 buf=4 c0=0:24653503847729 c1=1:24653504339187 c2=2:24653503850177 c3=3:24653504250333 CH:
FS n=64 fsseq=538356 buf=12 c0=0:24653521770020 c1=1:24653521770020 c2=2:24653521792052 c3=3:24653521850958 CH:
FS n=64 fsseq=538356 buf=12 c0=0:24653521770020 c1=1:24653521770020 c2=2:24653521792052 c3=3:24653521850958 CH: 4/id4/k0 12/id12/k0 26/id10/k1 43/id11/k2 58/id10/k3
FS n=64 fsseq=538356 buf=12 c0=0:24653521770020 c1=1:24653521770020 c2=2:24653521792052 c3=3:24653521850958 CH:
FS n=64 fsseq=539145 buf=6 c0=0:24653543837364 c1=1:24653544342572 c2=2:24653543837468 c3=3:24653544246218 CH:
FS n=64 fsseq=539145 buf=6 c0=0:24653543837364 c1=1:24653544342572 c2=2:24653543837468 c3=3:24653544246218 CH: 28/id12/k1 37/id5/k2 51/id3/k3
FS n=64 fsseq=539145 buf=6 c0=0:24653543837364 c1=1:24653544342572 c2=2:24653543837468 c3=3:24653544246218 CH:
FS n=64 fsseq=538357 buf=14 c0=0:24653561732885 c1=1:24653561747729 c2=2:24653561810333 c3=3:24653561787781 CH: 47/id15/k2 61/id13/k3
FS n=64 fsseq=538357 buf=14 c0=0:24653561732885 c1=1:24653561747729 c2=2:24653561810333 c3=3:24653561787781 CH: 6/id6/k0 14/id14/k0 23/id7/k1 47/id15/k2 61/id13/k3
FS n=64 fsseq=538357 buf=14 c0=0:24653561732885 c1=1:24653561747729 c2=2:24653561810333 c3=3:24653561787781 CH:
FS n=64 fsseq=539146 buf=8 c0=0:24653583845906 c1=1:24653584351114 c2=2:24653583860802 c3=3:24653584258510 CH: 8/id8/k0 31/id15/k1 34/id2/k2 53/id5/k3
FS n=64 fsseq=539146 buf=8 c0=0:24653583845906 c1=1:24653584351114 c2=2:24653583860802 c3=3:24653584258510 CH: 8/id8/k0
FS n=64 fsseq=539146 buf=8 c0=0:24653583845906 c1=1:24653584351114 c2=2:24653583860802 c3=3:24653584258510 CH: 8/id8/k0
FS n=64 fsseq=538358 buf=9 c0=0:24653601732260 c1=1:24653601732260 c2=2:24653601757052 c3=3:24653601804552 CH:
FS n=64 fsseq=538358 buf=9 c0=0:24653601732260 c1=1:24653601732260 c2=2:24653601757052 c3=3:24653601804552 CH: 9/id9/k0 16/id0/k1 42/id10/k2 63/id15/k3
FS n=64 fsseq=538358 buf=9 c0=0:24653601732260 c1=1:24653601732260 c2=2:24653601757052 c3=3:24653601804552 CH:
FS n=64 fsseq=539147 buf=10 c0=0:24653623835072 c1=1:24653624341895 c2=2:24653623837416 c3=3:24653624251739 CH: 10/id10/k0 17/id1/k1 35/id3/k2 55/id7/k3
FS n=64 fsseq=539147 buf=10 c0=0:24653623835072 c1=1:24653624341895 c2=2:24653623837416 c3=3:24653624251739 CH:
FS n=64 fsseq=539147 buf=10 c0=0:24653623835072 c1=1:24653624341895 c2=2:24653623837416 c3=3:24653624251739 CH:
FS n=64 fsseq=538359 buf=3 c0=0:24653641737156 c1=1:24653641737156 c2=2:24653641792416 c3=3:24653641797312 CH:
FS n=64 fsseq=538359 buf=3 c0=0:24653641737156 c1=1:24653641737156 c2=2:24653641792416 c3=3:24653641797312 CH:
FS n=64 fsseq=538359 buf=3 c0=0:24653641737156 c1=1:24653641737156 c2=2:24653641792416 c3=3:24653641797312 CH: 3/id3/k0 18/id2/k1 44/id12/k2 59/id11/k3
FS n=64 fsseq=539148 buf=7 c0=0:24653663838614 c1=1:24653664347468 c2=2:24653663843458 c3=3:24653664252677 CH: 7/id7/k0 22/id6/k1 40/id8/k2 56/id8/k3
FS n=64 fsseq=539148 buf=7 c0=0:24653663838614 c1=1:24653664347468 c2=2:24653663843458 c3=3:24653664252677 CH:
FS n=64 fsseq=539148 buf=7 c0=0:24653663838614 c1=1:24653664347468 c2=2:24653663843458 c3=3:24653664252677 CH:
FS n=64 fsseq=538360 buf=11 c0=0:24653681764447 c1=1:24653681830385 c2=2:24653681806218 c3=3:24653681837677 CH: 11/id11/k0 19/id3/k1 45/id13/k2 57/id9/k3
FS n=64 fsseq=538360 buf=11 c0=0:24653681764447 c1=1:24653681830385 c2=2:24653681806218 c3=3:24653681837677 CH: 11/id11/k0 19/id3/k1 45/id13/k2 57/id9/k3
FS n=64 fsseq=538360 buf=11 c0=0:24653681764447 c1=1:24653681830385 c2=2:24653681806218 c3=3:24653681837677 CH:
FS n=64 fsseq=539149 buf=1 c0=0:24653703838822 c1=1:24653704346427 c2=2:24653703840437 c3=3:24653704250385 CH: 1/id1/k0 27/id11/k1 32/id0/k2 48/id0/k3
FS n=64 fsseq=539149 buf=1 c0=0:24653703838822 c1=1:24653704346427 c2=2:24653703840437 c3=3:24653704250385 CH:
FS n=64 fsseq=539149 buf=1 c0=0:24653703838822 c1=1:24653704346427 c2=2:24653703840437 c3=3:24653704250385 CH:
FS n=64 fsseq=538361 buf=13 c0=0:24653721738458 c1=1:24653721810333 c2=2:24653721760697 c3=3:24653721818979 CH:
FS n=64 fsseq=538361 buf=13 c0=0:24653721738458 c1=1:24653721810333 c2=2:24653721760697 c3=3:24653721818979 CH: 13/id13/k0 21/id5/k1 46/id14/k2 60/id12/k3
FS n=64 fsseq=538361 buf=13 c0=0:24653721738458 c1=1:24653721810333 c2=2:24653721760697 c3=3:24653721818979 CH:
FS n=64 fsseq=539150 buf=5 c0=0:24653743856531 c1=1:24653744351635 c2=2:24653743856687 c3=3:24653744254812 CH:
FS n=64 fsseq=539150 buf=5 c0=0:24653743856531 c1=1:24653744351635 c2=2:24653743856687 c3=3:24653744254812 CH: 5/id5/k0 29/id13/k1 36/id4/k2 52/id4/k3
FS n=64 fsseq=539150 buf=5 c0=0:24653743856531 c1=1:24653744351635 c2=2:24653743856687 c3=3:24653744254812 CH:
FS n=64 fsseq=538362 buf=15 c0=0:24653761736218 c1=1:24653761736583 c2=2:24653761763145 c3=3:24653761814395 CH: 62/id14/k3
FS n=64 fsseq=538362 buf=15 c0=0:24653761736218 c1=1:24653761736583 c2=2:24653761763145 c3=3:24653761814395 CH: 15/id15/k0 20/id4/k1 38/id6/k2 62/id14/k3
FS n=64 fsseq=538362 buf=15 c0=0:24653761736218 c1=1:24653761736583 c2=2:24653761763145 c3=3:24653761814395 CH:
FS n=64 fsseq=539151 buf=0 c0=0:24653783840229 c1=1:24653784349760 c2=2:24653783845124 c3=3:24653784252520 CH: 0/id0/k0 24/id8/k1 33/id1/k2 49/id1/k3
FS n=64 fsseq=539151 buf=0 c0=0:24653783840229 c1=1:24653784349760 c2=2:24653783845124 c3=3:24653784252520 CH:
FS n=64 fsseq=539151 buf=0 c0=0:24653783840229 c1=1:24653784349760 c2=2:24653783845124 c3=3:24653784252520 CH:
FS n=64 fsseq=538363 buf=2 c0=0:24653801742781 c1=1:24653801742781 c2=2:24653801792676 c3=3:24653801822208 CH: 2/id2/k0 25/id9/k1 41/id9/k2 54/id6/k3
FS n=64 fsseq=538363 buf=2 c0=0:24653801742781 c1=1:24653801742781 c2=2:24653801792676 c3=3:24653801822208 CH:
FS n=64 fsseq=538363 buf=2 c0=0:24653801742781 c1=1:24653801742781 c2=2:24653801792676 c3=3:24653801822208 CH:
FS n=64 fsseq=539152 buf=4 c0=0:24653823842208 c1=1:24653824345906 c2=2:24653823850020 c3=3:24653824268979 CH: 4/id4/k0 30/id14/k1 39/id7/k2 50/id2/k3
FS n=64 fsseq=539152 buf=4 c0=0:24653823842208 c1=1:24653824345906 c2=2:24653823850020 c3=3:24653824268979 CH:
FS n=64 fsseq=539152 buf=4 c0=0:24653823842208 c1=1:24653824345906 c2=2:24653823850020 c3=3:24653824268979 CH:
FS n=64 fsseq=538364 buf=12 c0=0:24653841774447 c1=1:24653841774447 c2=2:24653841833614 c3=3:24653841827624 CH: 12/id12/k0 26/id10/k1 43/id11/k2 58/id10/k3
FS n=64 fsseq=538364 buf=12 c0=0:24653841774447 c1=1:24653841774447 c2=2:24653841833614 c3=3:24653841827624 CH:
FS n=64 fsseq=538364 buf=12 c0=0:24653841774447 c1=1:24653841774447 c2=2:24653841833614 c3=3:24653841827624 CH:
FS n=64 fsseq=539153 buf=6 c0=0:24653863844447 c1=1:24653864341843 c2=2:24653863853249 c3=3:24653864250801 CH: 6/id6/k0 28/id12/k1 37/id5/k2 51/id3/k3
FS n=64 fsseq=539153 buf=6 c0=0:24653863844447 c1=1:24653864341843 c2=2:24653863853249 c3=3:24653864250801 CH:
FS n=64 fsseq=539153 buf=6 c0=0:24653863844447 c1=1:24653864341843 c2=2:24653863853249 c3=3:24653864250801 CH:
FS n=64 fsseq=538365 buf=14 c0=0:24653881733874 c1=1:24653881733874 c2=2:24653881763770 c3=3:24653881811947 CH: 47/id15/k2
FS n=64 fsseq=538365 buf=14 c0=0:24653881733874 c1=1:24653881733874 c2=2:24653881763770 c3=3:24653881811947 CH: 6/id6/k0 14/id14/k0 23/id7/k1 47/id15/k2 61/id13/k3
FS n=64 fsseq=538365 buf=14 c0=0:24653881733874 c1=1:24653881733874 c2=2:24653881763770 c3=3:24653881811947 CH:
FS n=64 fsseq=539154 buf=8 c0=0:24653903871114 c1=1:24653904353614 c2=2:24653903875489 c3=3:24653904256999 CH: 8/id8/k0 31/id15/k1 34/id2/k2 53/id5/k3
FS n=64 fsseq=539154 buf=8 c0=0:24653903871114 c1=1:24653904353614 c2=2:24653903875489 c3=3:24653904256999 CH:
FS n=64 fsseq=539154 buf=8 c0=0:24653903871114 c1=1:24653904353614 c2=2:24653903875489 c3=3:24653904256999 CH:
FS n=64 fsseq=538366 buf=9 c0=0:24653921744135 c1=1:24653921744968 c2=2:24653921800593 c3=3:24653921811322 CH: 9/id9/k0 16/id0/k1 42/id10/k2 63/id15/k3
FS n=64 fsseq=538366 buf=9 c0=0:24653921744135 c1=1:24653921744968 c2=2:24653921800593 c3=3:24653921811322 CH:
FS n=64 fsseq=538366 buf=9 c0=0:24653921744135 c1=1:24653921744968 c2=2:24653921800593 c3=3:24653921811322 CH:
FS n=64 fsseq=539155 buf=10 c0=0:24653943843458 c1=1:24653944349343 c2=2:24653943851166 c3=3:24653944254551 CH: 10/id10/k0 17/id1/k1 35/id3/k2 55/id7/k3
FS n=64 fsseq=539155 buf=10 c0=0:24653943843458 c1=1:24653944349343 c2=2:24653943851166 c3=3:24653944254551 CH:
FS n=64 fsseq=539155 buf=10 c0=0:24653943843458 c1=1:24653944349343 c2=2:24653943851166 c3=3:24653944254551 CH:
FS n=64 fsseq=538367 buf=3 c0=0:24653961741374 c1=1:24653961744135 c2=2:24653961794499 c3=3:24653961802416 CH: 3/id3/k0 18/id2/k1 44/id12/k2 59/id11/k3
FS n=64 fsseq=538367 buf=3 c0=0:24653961741374 c1=1:24653961744135 c2=2:24653961794499 c3=3:24653961802416 CH:
FS n=64 fsseq=538367 buf=3 c0=0:24653961741374 c1=1:24653961744135 c2=2:24653961794499 c3=3:24653961802416 CH:
FS n=64 fsseq=539156 buf=7 c0=0:24653983840906 c1=1:24653984349187 c2=2:24653983849708 c3=3:24653984255281 CH: 7/id7/k0 22/id6/k1 40/id8/k2 56/id8/k3
FS n=64 fsseq=539156 buf=7 c0=0:24653983840906 c1=1:24653984349187 c2=2:24653983849708 c3=3:24653984255281 CH:
FS n=64 fsseq=539156 buf=7 c0=0:24653983840906 c1=1:24653984349187 c2=2:24653983849708 c3=3:24653984255281 CH:
FS n=64 fsseq=538368 buf=11 c0=0:24654001760437 c1=1:24654001760176 c2=2:24654001800228 c3=3:24654001843822 CH: 11/id11/k0 19/id3/k1 45/id13/k2 57/id9/k3
FS n=64 fsseq=538368 buf=11 c0=0:24654001760437 c1=1:24654001760176 c2=2:24654001800228 c3=3:24654001843822 CH:
FS n=64 fsseq=538368 buf=11 c0=0:24654001760437 c1=1:24654001760176 c2=2:24654001800228 c3=3:24654001843822 CH:
FS n=64 fsseq=539157 buf=1 c0=0:24654023843614 c1=1:24654024352364 c2=2:24654023845906 c3=3:24654024256270 CH: 1/id1/k0 27/id11/k1 32/id0/k2 48/id0/k3
FS n=64 fsseq=539157 buf=1 c0=0:24654023843614 c1=1:24654024352364 c2=2:24654023845906 c3=3:24654024256270 CH: 1/id1/k0
FS n=64 fsseq=539157 buf=1 c0=0:24654023843614 c1=1:24654024352364 c2=2:24654023845906 c3=3:24654024256270 CH: 1/id1/k0 27/id11/k1 32/id0/k2 48/id0/k3
FS n=64 fsseq=538369 buf=13 c0=0:24654041737885 c1=1:24654041737833 c2=2:24654041761843 c3=3:24654041798249 CH: 13/id13/k0 46/id14/k2 60/id12/k3
FS n=64 fsseq=538369 buf=13 c0=0:24654041737885 c1=1:24654041737833 c2=2:24654041761843 c3=3:24654041798249 CH: 21/id5/k1 46/id14/k2
FS n=64 fsseq=538369 buf=13 c0=0:24654041737885 c1=1:24654041737833 c2=2:24654041761843 c3=3:24654041798249 CH: 13/id13/k0 21/id5/k1 46/id14/k2 60/id12/k3
FS n=64 fsseq=539158 buf=5 c0=0:24654063870333 c1=1:24654064352937 c2=2:24654063873926 c3=3:24654064269603 CH: 5/id5/k0 29/id13/k1 36/id4/k2 52/id4/k3
FS n=64 fsseq=539158 buf=5 c0=0:24654063870333 c1=1:24654064352937 c2=2:24654063873926 c3=3:24654064269603 CH:
FS n=64 fsseq=539158 buf=5 c0=0:24654063870333 c1=1:24654064352937 c2=2:24654063873926 c3=3:24654064269603 CH:
FS n=64 fsseq=538370 buf=15 c0=0:24654081743458 c1=1:24654081743458 c2=2:24654081798145 c3=3:24654081806374 CH: 15/id15/k0
FS n=64 fsseq=538370 buf=15 c0=0:24654081743458 c1=1:24654081743458 c2=2:24654081798145 c3=3:24654081806374 CH: 20/id4/k1 38/id6/k2 62/id14/k3
FS n=64 fsseq=538370 buf=15 c0=0:24654081743458 c1=1:24654081743458 c2=2:24654081798145 c3=3:24654081806374 CH: 15/id15/k0
FS n=64 fsseq=539159 buf=0 c0=0:24654103844291 c1=1:24654104347833 c2=2:24654103852103 c3=3:24654104254916 CH: 0/id0/k0 24/id8/k1 33/id1/k2 49/id1/k3
FS n=64 fsseq=539159 buf=0 c0=0:24654103844291 c1=1:24654104347833 c2=2:24654103852103 c3=3:24654104254916 CH: 0/id0/k0 49/id1/k3
FS n=64 fsseq=539159 buf=0 c0=0:24654103844291 c1=1:24654104347833 c2=2:24654103852103 c3=3:24654104254916 CH:
FS n=64 fsseq=538371 buf=2 c0=0:24654121746426 c1=1:24654121747781 c2=2:24654121796426 c3=3:24654121806478 CH: 2/id2/k0 25/id9/k1 41/id9/k2 54/id6/k3
FS n=64 fsseq=538371 buf=2 c0=0:24654121746426 c1=1:24654121747781 c2=2:24654121796426 c3=3:24654121806478 CH:
FS n=64 fsseq=538371 buf=2 c0=0:24654121746426 c1=1:24654121747781 c2=2:24654121796426 c3=3:24654121806478 CH:
FS n=64 fsseq=539160 buf=4 c0=0:24654143845749 c1=1:24654144351791 c2=2:24654143855020 c3=3:24654144256270 CH: 2/id2/k0 4/id4/k0 30/id14/k1 39/id7/k2 50/id2/k3
FS n=64 fsseq=539160 buf=4 c0=0:24654143845749 c1=1:24654144351791 c2=2:24654143855020 c3=3:24654144256270 CH:
FS n=64 fsseq=539160 buf=4 c0=0:24654143845749 c1=1:24654144351791 c2=2:24654143855020 c3=3:24654144256270 CH:
FS n=64 fsseq=538372 buf=12 c0=0:24654161772103 c1=1:24654161772051 c2=2:24654161797051 c3=3:24654161855645 CH: 4/id4/k0 12/id12/k0 26/id10/k1 43/id11/k2 58/id10/k3
FS n=64 fsseq=538372 buf=12 c0=0:24654161772103 c1=1:24654161772051 c2=2:24654161797051 c3=3:24654161855645 CH:
FS n=64 fsseq=538372 buf=12 c0=0:24654161772103 c1=1:24654161772051 c2=2:24654161797051 c3=3:24654161855645 CH:
FS n=64 fsseq=539161 buf=6 c0=0:24654183840176 c1=1:24654184363666 c2=2:24654183843666 c3=3:24654184252781 CH: 6/id6/k0 28/id12/k1 37/id5/k2 51/id3/k3
FS n=64 fsseq=539161 buf=6 c0=0:24654183840176 c1=1:24654184363666 c2=2:24654183843666 c3=3:24654184252781 CH:
FS n=64 fsseq=539161 buf=6 c0=0:24654183840176 c1=1:24654184363666 c2=2:24654183843666 c3=3:24654184252781 CH:
FS n=64 fsseq=538373 buf=14 c0=0:24654201743978 c1=1:24654201828614 c2=2:24654201800437 c3=3:24654201816166 CH: 14/id14/k0 23/id7/k1 47/id15/k2 61/id13/k3
FS n=64 fsseq=538373 buf=14 c0=0:24654201743978 c1=1:24654201828614 c2=2:24654201800437 c3=3:24654201816166 CH: 61/id13/k3
FS n=64 fsseq=538373 buf=14 c0=0:24654201743978 c1=1:24654201828614 c2=2:24654201800437 c3=3:24654201816166 CH: 47/id15/k2
FS n=64 fsseq=539162 buf=8 c0=0:24654223850333 c1=1:24654224356530 c2=2:24654223850280 c3=3:24654224259135 CH: 8/id8/k0 31/id15/k1 34/id2/k2 53/id5/k3
FS n=64 fsseq=539162 buf=8 c0=0:24654223850333 c1=1:24654224356530 c2=2:24654223850280 c3=3:24654224259135 CH:
FS n=64 fsseq=539162 buf=8 c0=0:24654223850333 c1=1:24654224356530 c2=2:24654223850280 c3=3:24654224259135 CH:
FS n=64 fsseq=538374 buf=9 c0=0:24654241746583 c1=1:24654241754968 c2=2:24654241836166 c3=3:24654241807103 CH: 9/id9/k0 16/id0/k1 42/id10/k2 63/id15/k3
FS n=64 fsseq=538374 buf=9 c0=0:24654241746583 c1=1:24654241754968 c2=2:24654241836166 c3=3:24654241807103 CH: 16/id0/k1
FS n=64 fsseq=538374 buf=9 c0=0:24654241746583 c1=1:24654241754968 c2=2:24654241836166 c3=3:24654241807103 CH:
FS n=64 fsseq=539163 buf=10 c0=0:24654263858197 c1=1:24654264347468 c2=2:24654263858301 c3=3:24654264257937 CH: 10/id10/k0 17/id1/k1 35/id3/k2 55/id7/k3
FS n=64 fsseq=539163 buf=10 c0=0:24654263858197 c1=1:24654264347468 c2=2:24654263858301 c3=3:24654264257937 CH: 55/id7/k3
FS n=64 fsseq=539163 buf=10 c0=0:24654263858197 c1=1:24654264347468 c2=2:24654263858301 c3=3:24654264257937 CH:
FS n=64 fsseq=538375 buf=3 c0=0:24654281751843 c1=1:24654281751895 c2=2:24654281775749 c3=3:24654281830853 CH: 3/id3/k0 18/id2/k1 44/id12/k2 59/id11/k3
FS n=64 fsseq=538375 buf=3 c0=0:24654281751843 c1=1:24654281751895 c2=2:24654281775749 c3=3:24654281830853 CH:
FS n=64 fsseq=538375 buf=3 c0=0:24654281751843 c1=1:24654281751895 c2=2:24654281775749 c3=3:24654281830853 CH:
FS n=64 fsseq=539164 buf=7 c0=0:24654303841583 c1=1:24654304354499 c2=2:24654303848718 c3=3:24654304260437 CH: 7/id7/k0 22/id6/k1 40/id8/k2 56/id8/k3
FS n=64 fsseq=539164 buf=7 c0=0:24654303841583 c1=1:24654304354499 c2=2:24654303848718 c3=3:24654304260437 CH:
FS n=64 fsseq=539164 buf=7 c0=0:24654303841583 c1=1:24654304354499 c2=2:24654303848718 c3=3:24654304260437 CH:
FS n=64 fsseq=538376 buf=11 c0=0:24654321769083 c1=1:24654321769030 c2=2:24654321788458 c3=3:24654321831166 CH: 11/id11/k0 19/id3/k1 45/id13/k2 57/id9/k3
FS n=64 fsseq=538376 buf=11 c0=0:24654321769083 c1=1:24654321769030 c2=2:24654321788458 c3=3:24654321831166 CH: 57/id9/k3
FS n=64 fsseq=538376 buf=11 c0=0:24654321769083 c1=1:24654321769030 c2=2:24654321788458 c3=3:24654321831166 CH: 57/id9/k3
FS n=64 fsseq=539165 buf=1 c0=0:24654343854239 c1=1:24654344355645 c2=2:24654343855853 c3=3:24654344260333 CH: 1/id1/k0 27/id11/k1 32/id0/k2 48/id0/k3
FS n=64 fsseq=539165 buf=1 c0=0:24654343854239 c1=1:24654344355645 c2=2:24654343855853 c3=3:24654344260333 CH:
FS n=64 fsseq=539165 buf=1 c0=0:24654343854239 c1=1:24654344355645 c2=2:24654343855853 c3=3:24654344260333 CH:
FS n=64 fsseq=538377 buf=13 c0=0:24654361752572 c1=1:24654361754083 c2=2:24654361779864 c3=3:24654361807468 CH: 13/id13/k0 21/id5/k1 46/id14/k2 60/id12/k3
FS n=64 fsseq=538377 buf=13 c0=0:24654361752572 c1=1:24654361754083 c2=2:24654361779864 c3=3:24654361807468 CH:
FS n=64 fsseq=538377 buf=13 c0=0:24654361752572 c1=1:24654361754083 c2=2:24654361779864 c3=3:24654361807468 CH:
FS n=64 fsseq=539166 buf=5 c0=0:24654383854916 c1=1:24654384359916 c2=2:24654383861322 c3=3:24654384273666 CH: 5/id5/k0 29/id13/k1 36/id4/k2 52/id4/k3
FS n=64 fsseq=539166 buf=5 c0=0:24654383854916 c1=1:24654384359916 c2=2:24654383861322 c3=3:24654384273666 CH:
FS n=64 fsseq=539166 buf=5 c0=0:24654383854916 c1=1:24654384359916 c2=2:24654383861322 c3=3:24654384273666 CH:
FS n=64 fsseq=538378 buf=15 c0=0:24654401745801 c1=1:24654401746687 c2=2:24654401772312 c3=3:24654401821270 CH: 15/id15/k0 20/id4/k1 38/id6/k2 62/id14/k3
FS n=64 fsseq=538378 buf=15 c0=0:24654401745801 c1=1:24654401746687 c2=2:24654401772312 c3=3:24654401821270 CH:
FS n=64 fsseq=538378 buf=15 c0=0:24654401745801 c1=1:24654401746687 c2=2:24654401772312 c3=3:24654401821270 CH:
FS n=64 fsseq=539167 buf=0 c0=0:24654423852103 c1=1:24654424355020 c2=2:24654423852468 c3=3:24654424263510 CH: 0/id0/k0 24/id8/k1 33/id1/k2 49/id1/k3
FS n=64 fsseq=539167 buf=0 c0=0:24654423852103 c1=1:24654424355020 c2=2:24654423852468 c3=3:24654424263510 CH:
FS n=64 fsseq=539167 buf=0 c0=0:24654423852103 c1=1:24654424355020 c2=2:24654423852468 c3=3:24654424263510 CH:
FS n=64 fsseq=538379 buf=2 c0=0:24654441766322 c1=1:24654441816322 c2=2:24654441806270 c3=3:24654441808822 CH: 2/id2/k0 25/id9/k1 41/id9/k2 54/id6/k3
FS n=64 fsseq=538379 buf=2 c0=0:24654441766322 c1=1:24654441816322 c2=2:24654441806270 c3=3:24654441808822 CH:
FS n=64 fsseq=538379 buf=2 c0=0:24654441766322 c1=1:24654441816322 c2=2:24654441806270 c3=3:24654441808822 CH:
FS n=64 fsseq=539168 buf=4 c0=0:24654463848405 c1=1:24654464352364 c2=2:24654463849082 c3=3:24654464261166 CH: 4/id4/k0 30/id14/k1 39/id7/k2 50/id2/k3
FS n=64 fsseq=539168 buf=4 c0=0:24654463848405 c1=1:24654464352364 c2=2:24654463849082 c3=3:24654464261166 CH:
FS n=64 fsseq=539168 buf=4 c0=0:24654463848405 c1=1:24654464352364 c2=2:24654463849082 c3=3:24654464261166 CH: 4/id4/k0 30/id14/k1 39/id7/k2 50/id2/k3
FS n=64 fsseq=538380 buf=12 c0=0:24654481780020 c1=1:24654481780280 c2=2:24654481837364 c3=3:24654481853718 CH: 12/id12/k0 26/id10/k1 43/id11/k2 58/id10/k3
FS n=64 fsseq=538380 buf=12 c0=0:24654481780020 c1=1:24654481780280 c2=2:24654481837364 c3=3:24654481853718 CH:
FS n=64 fsseq=538380 buf=12 c0=0:24654481780020 c1=1:24654481780280 c2=2:24654481837364 c3=3:24654481853718 CH:
FS n=64 fsseq=539169 buf=6 c0=0:24654503849499 c1=1:24654504352937 c2=2:24654503856114 c3=3:24654504262937 CH:
FS n=64 fsseq=539169 buf=6 c0=0:24654503849499 c1=1:24654504352937 c2=2:24654503856114 c3=3:24654504262937 CH: 4/id4/k0 6/id6/k0 28/id12/k1 37/id5/k2 51/id3/k3
FS n=64 fsseq=539169 buf=6 c0=0:24654503849499 c1=1:24654504352937 c2=2:24654503856114 c3=3:24654504262937 CH:
FS n=64 fsseq=538381 buf=14 c0=0:24654521753666 c1=1:24654521753353 c2=2:24654521808145 c3=3:24654521811687 CH: 14/id14/k0 23/id7/k1 47/id15/k2 61/id13/k3
FS n=64 fsseq=538381 buf=14 c0=0:24654521753666 c1=1:24654521753353 c2=2:24654521808145 c3=3:24654521811687 CH:
FS n=64 fsseq=538381 buf=14 c0=0:24654521753666 c1=1:24654521753353 c2=2:24654521808145 c3=3:24654521811687 CH:
FS n=64 fsseq=539170 buf=8 c0=0:24654543845541 c1=1:24654544367572 c2=2:24654543856530 c3=3:24654544274082 CH: 8/id8/k0 31/id15/k1 34/id2/k2 53/id5/k3
FS n=64 fsseq=539170 buf=8 c0=0:24654543845541 c1=1:24654544367572 c2=2:24654543856530 c3=3:24654544274082 CH:
FS n=64 fsseq=539170 buf=8 c0=0:24654543845541 c1=1:24654544367572 c2=2:24654543856530 c3=3:24654544274082 CH:
FS n=64 fsseq=538382 buf=9 c0=0:24654561754030 c1=1:24654561753874 c2=2:24654561804447 c3=3:24654561841478 CH: 9/id9/k0 16/id0/k1 42/id10/k2 63/id15/k3
FS n=64 fsseq=538382 buf=9 c0=0:24654561754030 c1=1:24654561753874 c2=2:24654561804447 c3=3:24654561841478 CH:
FS n=64 fsseq=538382 buf=9 c0=0:24654561754030 c1=1:24654561753874 c2=2:24654561804447 c3=3:24654561841478 CH:
FS n=64 fsseq=539171 buf=10 c0=0:24654583851322 c1=1:24654584355749 c2=2:24654583853353 c3=3:24654584260385 CH:
FS n=64 fsseq=539171 buf=10 c0=0:24654583851322 c1=1:24654584355749 c2=2:24654583853353 c3=3:24654584260385 CH:
FS n=64 fsseq=539171 buf=10 c0=0:24654583851322 c1=1:24654584355749 c2=2:24654583853353 c3=3:24654584260385 CH: 10/id10/k0 17/id1/k1 35/id3/k2 55/id7/k3
FS n=64 fsseq=538383 buf=3 c0=0:24654601760020 c1=1:24654601759655 c2=2:24654601829187 c3=3:24654601807051 CH: 3/id3/k0
FS n=64 fsseq=538383 buf=3 c0=0:24654601760020 c1=1:24654601759655 c2=2:24654601829187 c3=3:24654601807051 CH: 18/id2/k1 44/id12/k2 59/id11/k3
FS n=64 fsseq=538383 buf=3 c0=0:24654601760020 c1=1:24654601759655 c2=2:24654601829187 c3=3:24654601807051 CH: 3/id3/k0
FS n=64 fsseq=539172 buf=7 c0=0:24654623851999 c1=1:24654624359447 c2=2:24654623863874 c3=3:24654624263770 CH: 7/id7/k0 22/id6/k1 40/id8/k2 56/id8/k3
FS n=64 fsseq=539172 buf=7 c0=0:24654623851999 c1=1:24654624359447 c2=2:24654623863874 c3=3:24654624263770 CH: 56/id8/k3
FS n=64 fsseq=539172 buf=7 c0=0:24654623851999 c1=1:24654624359447 c2=2:24654623863874 c3=3:24654624263770 CH: 56/id8/k3
FS n=64 fsseq=538384 buf=11 c0=0:24654641774759 c1=1:24654641774812 c2=2:24654641800332 c3=3:24654641860749 CH:
FS n=64 fsseq=538384 buf=11 c0=0:24654641774759 c1=1:24654641774812 c2=2:24654641800332 c3=3:24654641860749 CH: 11/id11/k0 19/id3/k1 45/id13/k2 57/id9/k3
FS n=64 fsseq=538384 buf=11 c0=0:24654641774759 c1=1:24654641774812 c2=2:24654641800332 c3=3:24654641860749 CH:
FS n=64 fsseq=539173 buf=1 c0=0:24654663878926 c1=1:24654664363822 c2=2:24654663878509 c3=3:24654664266218 CH: 1/id1/k0 27/id11/k1 32/id0/k2 48/id0/k3
FS n=64 fsseq=539173 buf=1 c0=0:24654663878926 c1=1:24654664363822 c2=2:24654663878509 c3=3:24654664266218 CH: 32/id0/k2
FS n=64 fsseq=539173 buf=1 c0=0:24654663878926 c1=1:24654664363822 c2=2:24654663878509 c3=3:24654664266218 CH: 32/id0/k2
FS n=64 fsseq=538385 buf=13 c0=0:24654681752207 c1=1:24654681752207 c2=2:24654681804603 c3=3:24654681815124 CH: 13/id13/k0 21/id5/k1 46/id14/k2 60/id12/k3
FS n=64 fsseq=538385 buf=13 c0=0:24654681752207 c1=1:24654681752207 c2=2:24654681804603 c3=3:24654681815124 CH:
FS n=64 fsseq=538385 buf=13 c0=0:24654681752207 c1=1:24654681752207 c2=2:24654681804603 c3=3:24654681815124 CH:
FS n=64 fsseq=539174 buf=5 c0=0:24654703855801 c1=1:24654704369187 c2=2:24654703861426 c3=3:24654704271582 CH: 5/id5/k0 52/id4/k3
FS n=64 fsseq=539174 buf=5 c0=0:24654703855801 c1=1:24654704369187 c2=2:24654703861426 c3=3:24654704271582 CH: 29/id13/k1 36/id4/k2
FS n=64 fsseq=539174 buf=5 c0=0:24654703855801 c1=1:24654704369187 c2=2:24654703861426 c3=3:24654704271582 CH: 5/id5/k0
FS n=64 fsseq=538386 buf=15 c0=0:24654721755697 c1=1:24654721755905 c2=2:24654721787884 c3=3:24654721836843 CH: 15/id15/k0 20/id4/k1 38/id6/k2 62/id14/k3
FS n=64 fsseq=538386 buf=15 c0=0:24654721755697 c1=1:24654721755905 c2=2:24654721787884 c3=3:24654721836843 CH:
FS n=64 fsseq=538386 buf=15 c0=0:24654721755697 c1=1:24654721755905 c2=2:24654721787884 c3=3:24654721836843 CH:
FS n=64 fsseq=539175 buf=0 c0=0:24654743852520 c1=1:24654744361791 c2=2:24654743860384 c3=3:24654744269655 CH:
FS n=64 fsseq=539175 buf=0 c0=0:24654743852520 c1=1:24654744361791 c2=2:24654743860384 c3=3:24654744269655 CH:
FS n=64 fsseq=539175 buf=0 c0=0:24654743852520 c1=1:24654744361791 c2=2:24654743860384 c3=3:24654744269655 CH: 0/id0/k0 24/id8/k1 33/id1/k2 49/id1/k3
FS n=64 fsseq=538387 buf=2 c0=0:24654761752051 c1=1:24654761751999 c2=2:24654761772364 c3=3:24654761815228 CH: 41/id9/k2
FS n=64 fsseq=538387 buf=2 c0=0:24654761752051 c1=1:24654761751999 c2=2:24654761772364 c3=3:24654761815228 CH:
FS n=64 fsseq=538387 buf=2 c0=0:24654761752051 c1=1:24654761751999 c2=2:24654761772364 c3=3:24654761815228 CH: 2/id2/k0 25/id9/k1 41/id9/k2 54/id6/k3
FS n=64 fsseq=539176 buf=4 c0=0:24654783862416 c1=1:24654784358614 c2=2:24654783870957 c3=3:24654784269551 CH: 4/id4/k0 30/id14/k1 39/id7/k2 50/id2/k3
FS n=64 fsseq=539176 buf=4 c0=0:24654783862416 c1=1:24654784358614 c2=2:24654783870957 c3=3:24654784269551 CH:
FS n=64 fsseq=539176 buf=4 c0=0:24654783862416 c1=1:24654784358614 c2=2:24654783870957 c3=3:24654784269551 CH:
FS n=64 fsseq=538388 buf=12 c0=0:24654801759603 c1=1:24654801759551 c2=2:24654801819447 c3=3:24654801828457 CH: 58/id10/k3
FS n=64 fsseq=538388 buf=12 c0=0:24654801759603 c1=1:24654801759551 c2=2:24654801819447 c3=3:24654801828457 CH: 12/id12/k0 26/id10/k1 43/id11/k2 58/id10/k3
FS n=64 fsseq=538388 buf=12 c0=0:24654801759603 c1=1:24654801759551 c2=2:24654801819447 c3=3:24654801828457 CH: 12/id12/k0 26/id10/k1 43/id11/k2 58/id10/k3
FS n=64 fsseq=539177 buf=6 c0=0:24654823868405 c1=1:24654824360332 c2=2:24654823873249 c3=3:24654824270384 CH: 6/id6/k0 28/id12/k1 37/id5/k2 51/id3/k3
FS n=64 fsseq=539177 buf=6 c0=0:24654823868405 c1=1:24654824360332 c2=2:24654823873249 c3=3:24654824270384 CH:
FS n=64 fsseq=539177 buf=6 c0=0:24654823868405 c1=1:24654824360332 c2=2:24654823873249 c3=3:24654824270384 CH:
FS n=64 fsseq=538389 buf=14 c0=0:24654841752103 c1=1:24654841802051 c2=2:24654841777259 c3=3:24654841810905 CH: 14/id14/k0 23/id7/k1 47/id15/k2 61/id13/k3
FS n=64 fsseq=538389 buf=14 c0=0:24654841752103 c1=1:24654841802051 c2=2:24654841777259 c3=3:24654841810905 CH: 14/id14/k0 23/id7/k1 47/id15/k2 61/id13/k3
FS n=64 fsseq=538389 buf=14 c0=0:24654841752103 c1=1:24654841802051 c2=2:24654841777259 c3=3:24654841810905 CH: 23/id7/k1 47/id15/k2
FS n=64 fsseq=539178 buf=8 c0=0:24654863855853 c1=1:24654864365645 c2=2:24654863859811 c3=3:24654864270957 CH: 6/id6/k0 31/id15/k1 53/id5/k3
FS n=64 fsseq=539178 buf=8 c0=0:24654863855853 c1=1:24654864365645 c2=2:24654863859811 c3=3:24654864270957 CH: 6/id6/k0 8/id8/k0 31/id15/k1 34/id2/k2 53/id5/k3
FS n=64 fsseq=539178 buf=8 c0=0:24654863855853 c1=1:24654864365645 c2=2:24654863859811 c3=3:24654864270957 CH: 31/id15/k1 53/id5/k3
FS n=64 fsseq=538390 buf=9 c0=0:24654881760697 c1=1:24654881803041 c2=2:24654881776947 c3=3:24654881789759 CH: 42/id10/k2
FS n=64 fsseq=538390 buf=9 c0=0:24654881760697 c1=1:24654881803041 c2=2:24654881776947 c3=3:24654881789759 CH: 9/id9/k0 16/id0/k1 42/id10/k2 63/id15/k3
FS n=64 fsseq=538390 buf=9 c0=0:24654881760697 c1=1:24654881803041 c2=2:24654881776947 c3=3:24654881789759 CH: 42/id10/k2
FS n=64 fsseq=539179 buf=10 c0=0:24654903854655 c1=1:24654904365957 c2=2:24654903860749 c3=3:24654904266218 CH: 10/id10/k0 17/id1/k1 55/id7/k3
FS n=64 fsseq=539179 buf=10 c0=0:24654903854655 c1=1:24654904365957 c2=2:24654903860749 c3=3:24654904266218 CH:
FS n=64 fsseq=539179 buf=10 c0=0:24654903854655 c1=1:24654904365957 c2=2:24654903860749 c3=3:24654904266218 CH: 17/id1/k1 35/id3/k2 55/id7/k3
FS n=64 fsseq=538391 buf=3 c0=0:24654921752884 c1=1:24654921752884 c2=2:24654921777780 c3=3:24654921822259 CH: 3/id3/k0
FS n=64 fsseq=538391 buf=3 c0=0:24654921752884 c1=1:24654921752884 c2=2:24654921777780 c3=3:24654921822259 CH: 18/id2/k1 44/id12/k2 59/id11/k3
FS n=64 fsseq=538391 buf=3 c0=0:24654921752884 c1=1:24654921752884 c2=2:24654921777780 c3=3:24654921822259 CH:
FS n=64 fsseq=539180 buf=7 c0=0:24654943854239 c1=1:24654944360228 c2=2:24654943857884 c3=3:24654944270593 CH: 7/id7/k0 22/id6/k1 40/id8/k2
FS n=64 fsseq=539180 buf=7 c0=0:24654943854239 c1=1:24654944360228 c2=2:24654943857884 c3=3:24654944270593 CH: 56/id8/k3
FS n=64 fsseq=539180 buf=7 c0=0:24654943854239 c1=1:24654944360228 c2=2:24654943857884 c3=3:24654944270593 CH: 56/id8/k3
FS n=64 fsseq=538392 buf=11 c0=0:24654961759655 c1=1:24654961759811 c2=2:24654961803822 c3=3:24654961820280 CH: 11/id11/k0 19/id3/k1 45/id13/k2 57/id9/k3
FS n=64 fsseq=538392 buf=11 c0=0:24654961759655 c1=1:24654961759811 c2=2:24654961803822 c3=3:24654961820280 CH:
FS n=64 fsseq=538392 buf=11 c0=0:24654961759655 c1=1:24654961759811 c2=2:24654961803822 c3=3:24654961820280 CH:
FS n=64 fsseq=539181 buf=1 c0=0:24654983879186 c1=1:24654984374134 c2=2:24654983879134 c3=3:24654984268249 CH: 1/id1/k0 27/id11/k1 32/id0/k2 48/id0/k3
FS n=64 fsseq=539181 buf=1 c0=0:24654983879186 c1=1:24654984374134 c2=2:24654983879134 c3=3:24654984268249 CH:
FS n=64 fsseq=539181 buf=1 c0=0:24654983879186 c1=1:24654984374134 c2=2:24654983879134 c3=3:24654984268249 CH:
FS n=64 fsseq=538393 buf=13 c0=0:24655001758666 c1=1:24655001758666 c2=2:24655001806426 c3=3:24655001823457 CH: 13/id13/k0 21/id5/k1 46/id14/k2 60/id12/k3
FS n=64 fsseq=538393 buf=13 c0=0:24655001758666 c1=1:24655001758666 c2=2:24655001806426 c3=3:24655001823457 CH:
FS n=64 fsseq=538393 buf=13 c0=0:24655001758666 c1=1:24655001758666 c2=2:24655001806426 c3=3:24655001823457 CH:
FS n=64 fsseq=539182 buf=5 c0=0:24655023869447 c1=1:24655024358561 c2=2:24655023870332 c3=3:24655024269864 CH: 29/id13/k1 36/id4/k2 52/id4/k3
FS n=64 fsseq=539182 buf=5 c0=0:24655023869447 c1=1:24655024358561 c2=2:24655023870332 c3=3:24655024269864 CH: 5/id5/k0 29/id13/k1 36/id4/k2 52/id4/k3
FS n=64 fsseq=539182 buf=5 c0=0:24655023869447 c1=1:24655024358561 c2=2:24655023870332 c3=3:24655024269864 CH:
FS n=64 fsseq=538394 buf=15 c0=0:24655041754968 c1=1:24655041754916 c2=2:24655041836999 c3=3:24655041816895 CH: 15/id15/k0 20/id4/k1 38/id6/k2 62/id14/k3
FS n=64 fsseq=538394 buf=15 c0=0:24655041754968 c1=1:24655041754916 c2=2:24655041836999 c3=3:24655041816895 CH:
FS n=64 fsseq=538394 buf=15 c0=0:24655041754968 c1=1:24655041754916 c2=2:24655041836999 c3=3:24655041816895 CH:
FS n=64 fsseq=539183 buf=0 c0=0:24655063863926 c1=1:24655064364811 c2=2:24655063870384 c3=3:24655064271061 CH: 24/id8/k1 33/id1/k2 49/id1/k3
FS n=64 fsseq=539183 buf=0 c0=0:24655063863926 c1=1:24655064364811 c2=2:24655063870384 c3=3:24655064271061 CH: 0/id0/k0
FS n=64 fsseq=539183 buf=0 c0=0:24655063863926 c1=1:24655064364811 c2=2:24655063870384 c3=3:24655064271061 CH:
FS n=64 fsseq=538395 buf=2 c0=0:24655081798041 c1=1:24655081797988 c2=2:24655081863770 c3=3:24655081870228 CH: 2/id2/k0 25/id9/k1 41/id9/k2 54/id6/k3
FS n=64 fsseq=538395 buf=2 c0=0:24655081798041 c1=1:24655081797988 c2=2:24655081863770 c3=3:24655081870228 CH:
FS n=64 fsseq=538395 buf=2 c0=0:24655081798041 c1=1:24655081797988 c2=2:24655081863770 c3=3:24655081870228 CH:
FS n=64 fsseq=539184 buf=4 c0=0:24655103854916 c1=1:24655104368718 c2=2:24655103867103 c3=3:24655104273561 CH: 4/id4/k0 30/id14/k1 39/id7/k2 50/id2/k3
FS n=64 fsseq=539184 buf=4 c0=0:24655103854916 c1=1:24655104368718 c2=2:24655103867103 c3=3:24655104273561 CH:
FS n=64 fsseq=539184 buf=4 c0=0:24655103854916 c1=1:24655104368718 c2=2:24655103867103 c3=3:24655104273561 CH:
FS n=64 fsseq=538396 buf=12 c0=0:24655121762259 c1=1:24655121766738 c2=2:24655121815801 c3=3:24655121824707 CH: 12/id12/k0 26/id10/k1 43/id11/k2 58/id10/k3
FS n=64 fsseq=538396 buf=12 c0=0:24655121762259 c1=1:24655121766738 c2=2:24655121815801 c3=3:24655121824707 CH: 26/id10/k1
FS n=64 fsseq=538396 buf=12 c0=0:24655121762259 c1=1:24655121766738 c2=2:24655121815801 c3=3:24655121824707 CH:
FS n=64 fsseq=539185 buf=6 c0=0:24655143877884 c1=1:24655144369082 c2=2:24655143878822 c3=3:24655144275905 CH: 6/id6/k0 28/id12/k1 37/id5/k2 51/id3/k3 63/id15/k3
FS n=64 fsseq=539185 buf=6 c0=0:24655143877884 c1=1:24655144369082 c2=2:24655143878822 c3=3:24655144275905 CH:
FS n=64 fsseq=539185 buf=6 c0=0:24655143877884 c1=1:24655144369082 c2=2:24655143878822 c3=3:24655144275905 CH:
FS n=64 fsseq=538397 buf=14 c0=0:24655161754551 c1=1:24655161754551 c2=2:24655161780124 c3=3:24655161825332 CH:
FS n=64 fsseq=538397 buf=14 c0=0:24655161754551 c1=1:24655161754551 c2=2:24655161780124 c3=3:24655161825332 CH:
FS n=64 fsseq=538397 buf=14 c0=0:24655161754551 c1=1:24655161754551 c2=2:24655161780124 c3=3:24655161825332 CH: 14/id14/k0 23/id7/k1 47/id15/k2 61/id13/k3
FS n=64 fsseq=539186 buf=8 c0=0:24655183851738 c1=1:24655184368770 c2=2:24655183854343 c3=3:24655184283874 CH: 8/id8/k0 31/id15/k1 34/id2/k2 53/id5/k3
FS n=64 fsseq=539186 buf=8 c0=0:24655183851738 c1=1:24655184368770 c2=2:24655183854343 c3=3:24655184283874 CH:
FS n=64 fsseq=539186 buf=8 c0=0:24655183851738 c1=1:24655184368770 c2=2:24655183854343 c3=3:24655184283874 CH:
FS n=64 fsseq=538398 buf=9 c0=0:24655201758770 c1=1:24655201775072 c2=2:24655201833561 c3=3:24655201829030 CH: 42/id10/k2 63/id15/k3
FS n=64 fsseq=538398 buf=9 c0=0:24655201758770 c1=1:24655201775072 c2=2:24655201833561 c3=3:24655201829030 CH: 9/id9/k0 16/id0/k1
FS n=64 fsseq=538398 buf=9 c0=0:24655201758770 c1=1:24655201775072 c2=2:24655201833561 c3=3:24655201829030 CH: 9/id9/k0 16/id0/k1
FS n=64 fsseq=539187 buf=10 c0=0:24655223860384 c1=1:24655224366166 c2=2:24655223870593 c3=3:24655224278978 CH: 10/id10/k0 17/id1/k1 55/id7/k3
FS n=64 fsseq=539187 buf=10 c0=0:24655223860384 c1=1:24655224366166 c2=2:24655223870593 c3=3:24655224278978 CH: 35/id3/k2 55/id7/k3
FS n=64 fsseq=539187 buf=10 c0=0:24655223860384 c1=1:24655224366166 c2=2:24655223870593 c3=3:24655224278978 CH: 10/id10/k0 17/id1/k1 35/id3/k2
FS n=64 fsseq=538399 buf=3 c0=0:24655241760697 c1=1:24655241763613 c2=2:24655241834238 c3=3:24655241836166 CH: 3/id3/k0 18/id2/k1 35/id3/k2 44/id12/k2 59/id11/k3
FS n=64 fsseq=538399 buf=3 c0=0:24655241760697 c1=1:24655241763613 c2=2:24655241834238 c3=3:24655241836166 CH: 18/id2/k1
FS n=64 fsseq=538399 buf=3 c0=0:24655241760697 c1=1:24655241763613 c2=2:24655241834238 c3=3:24655241836166 CH: 18/id2/k1
FS n=64 fsseq=539188 buf=7 c0=0:24655263866634 c1=1:24655264382988 c2=2:24655263868822 c3=3:24655264276218 CH: 7/id7/k0 22/id6/k1 40/id8/k2 56/id8/k3
FS n=64 fsseq=539188 buf=7 c0=0:24655263866634 c1=1:24655264382988 c2=2:24655263868822 c3=3:24655264276218 CH:
FS n=64 fsseq=539188 buf=7 c0=0:24655263866634 c1=1:24655264382988 c2=2:24655263868822 c3=3:24655264276218 CH:
FS n=64 fsseq=538400 buf=11 c0=0:24655281790176 c1=1:24655281791843 c2=2:24655281855540 c3=3:24655281901165 CH:
FS n=64 fsseq=538400 buf=11 c0=0:24655281790176 c1=1:24655281791843 c2=2:24655281855540 c3=3:24655281901165 CH: 11/id11/k0 19/id3/k1 45/id13/k2 57/id9/k3
FS n=64 fsseq=538400 buf=11 c0=0:24655281790176 c1=1:24655281791843 c2=2:24655281855540 c3=3:24655281901165 CH:
FS n=64 fsseq=539189 buf=1 c0=0:24655303878874 c1=1:24655304389499 c2=2:24655303879082 c3=3:24655304306582 CH: 1/id1/k0 27/id11/k1 32/id0/k2 48/id0/k3
FS n=64 fsseq=539189 buf=1 c0=0:24655303878874 c1=1:24655304389499 c2=2:24655303879082 c3=3:24655304306582 CH:
FS n=64 fsseq=539189 buf=1 c0=0:24655303878874 c1=1:24655304389499 c2=2:24655303879082 c3=3:24655304306582 CH:
FS n=64 fsseq=538401 buf=13 c0=0:24655321762051 c1=1:24655321825436 c2=2:24655321796947 c3=3:24655321832520 CH: 13/id13/k0 21/id5/k1 46/id14/k2 60/id12/k3
FS n=64 fsseq=538401 buf=13 c0=0:24655321762051 c1=1:24655321825436 c2=2:24655321796947 c3=3:24655321832520 CH:
FS n=64 fsseq=538401 buf=13 c0=0:24655321762051 c1=1:24655321825436 c2=2:24655321796947 c3=3:24655321832520 CH:
FS n=64 fsseq=539190 buf=5 c0=0:24655343866634 c1=1:24655344374134 c2=2:24655343868457 c3=3:24655344269395 CH: 5/id5/k0 29/id13/k1 36/id4/k2 52/id4/k3
FS n=64 fsseq=539190 buf=5 c0=0:24655343866634 c1=1:24655344374134 c2=2:24655343868457 c3=3:24655344269395 CH:
FS n=64 fsseq=539190 buf=5 c0=0:24655343866634 c1=1:24655344374134 c2=2:24655343868457 c3=3:24655344269395 CH:
FS n=64 fsseq=538402 buf=15 c0=0:24655361769447 c1=1:24655361823926 c2=2:24655361788145 c3=3:24655361835280 CH: 15/id15/k0 20/id4/k1 38/id6/k2 62/id14/k3
FS n=64 fsseq=538402 buf=15 c0=0:24655361769447 c1=1:24655361823926 c2=2:24655361788145 c3=3:24655361835280 CH: 15/id15/k0 20/id4/k1 38/id6/k2 62/id14/k3
FS n=64 fsseq=538402 buf=15 c0=0:24655361769447 c1=1:24655361823926 c2=2:24655361788145 c3=3:24655361835280 CH:
FS n=64 fsseq=539191 buf=0 c0=0:24655383861061 c1=1:24655384370072 c2=2:24655383866478 c3=3:24655384270332 CH: 0/id0/k0 24/id8/k1 33/id1/k2 49/id1/k3
FS n=64 fsseq=539191 buf=0 c0=0:24655383861061 c1=1:24655384370072 c2=2:24655383866478 c3=3:24655384270332 CH:
FS n=64 fsseq=539191 buf=0 c0=0:24655383861061 c1=1:24655384370072 c2=2:24655383866478 c3=3:24655384270332 CH:
FS n=64 fsseq=538403 buf=2 c0=0:24655401807624 c1=1:24655401807624 c2=2:24655401839186 c3=3:24655401888093 CH: 2/id2/k0 25/id9/k1 41/id9/k2 54/id6/k3
FS n=64 fsseq=538403 buf=2 c0=0:24655401807624 c1=1:24655401807624 c2=2:24655401839186 c3=3:24655401888093 CH:
FS n=64 fsseq=538403 buf=2 c0=0:24655401807624 c1=1:24655401807624 c2=2:24655401839186 c3=3:24655401888093 CH:
FS n=64 fsseq=539192 buf=4 c0=0:24655423868613 c1=1:24655424370020 c2=2:24655423868613 c3=3:24655424278822 CH: 4/id4/k0 30/id14/k1 39/id7/k2 50/id2/k3
FS n=64 fsseq=539192 buf=4 c0=0:24655423868613 c1=1:24655424370020 c2=2:24655423868613 c3=3:24655424278822 CH:
FS n=64 fsseq=539192 buf=4 c0=0:24655423868613 c1=1:24655424370020 c2=2:24655423868613 c3=3:24655424278822 CH:
FS n=64 fsseq=538404 buf=12 c0=0:24655441755384 c1=1:24655441758301 c2=2:24655441782520 c3=3:24655441822936 CH: 26/id10/k1 58/id10/k3
FS n=64 fsseq=538404 buf=12 c0=0:24655441755384 c1=1:24655441758301 c2=2:24655441782520 c3=3:24655441822936 CH: 12/id12/k0 26/id10/k1 43/id11/k2 58/id10/k3
FS n=64 fsseq=538404 buf=12 c0=0:24655441755384 c1=1:24655441758301 c2=2:24655441782520 c3=3:24655441822936 CH: 12/id12/k0 43/id11/k2
FS n=64 fsseq=539193 buf=6 c0=0:24655463888509 c1=1:24655464377624 c2=2:24655463889655 c3=3:24655464283405 CH: 28/id12/k1 37/id5/k2 51/id3/k3
FS n=64 fsseq=539193 buf=6 c0=0:24655463888509 c1=1:24655464377624 c2=2:24655463889655 c3=3:24655464283405 CH:
FS n=64 fsseq=539193 buf=6 c0=0:24655463888509 c1=1:24655464377624 c2=2:24655463889655 c3=3:24655464283405 CH: 6/id6/k0
FS n=64 fsseq=538405 buf=14 c0=0:24655481769395 c1=1:24655481772207 c2=2:24655481798718 c3=3:24655481842311 CH:
FS n=64 fsseq=538405 buf=14 c0=0:24655481769395 c1=1:24655481772207 c2=2:24655481798718 c3=3:24655481842311 CH: 14/id14/k0 23/id7/k1 47/id15/k2 61/id13/k3
FS n=64 fsseq=538405 buf=14 c0=0:24655481769395 c1=1:24655481772207 c2=2:24655481798718 c3=3:24655481842311 CH:
FS n=64 fsseq=539194 buf=8 c0=0:24655503863249 c1=1:24655504374915 c2=2:24655503867207 c3=3:24655504282103 CH: 8/id8/k0 31/id15/k1 34/id2/k2 53/id5/k3
FS n=64 fsseq=539194 buf=8 c0=0:24655503863249 c1=1:24655504374915 c2=2:24655503867207 c3=3:24655504282103 CH:
FS n=64 fsseq=539194 buf=8 c0=0:24655503863249 c1=1:24655504374915 c2=2:24655503867207 c3=3:24655504282103 CH:
FS n=64 fsseq=538406 buf=9 c0=0:24655521783145 c1=1:24655521831217 c2=2:24655521805801 c3=3:24655521841634 CH: 9/id9/k0 16/id0/k1 42/id10/k2 63/id15/k3
FS n=64 fsseq=538406 buf=9 c0=0:24655521783145 c1=1:24655521831217 c2=2:24655521805801 c3=3:24655521841634 CH:
FS n=64 fsseq=538406 buf=9 c0=0:24655521783145 c1=1:24655521831217 c2=2:24655521805801 c3=3:24655521841634 CH:
FS n=64 fsseq=539195 buf=10 c0=0:24655543869967 c1=1:24655544375228 c2=2:24655543877780 c3=3:24655544273665 CH: 10/id10/k0 17/id1/k1 35/id3/k2 55/id7/k3
FS n=64 fsseq=539195 buf=10 c0=0:24655543869967 c1=1:24655544375228 c2=2:24655543877780 c3=3:24655544273665 CH:
FS n=64 fsseq=539195 buf=10 c0=0:24655543869967 c1=1:24655544375228 c2=2:24655543877780 c3=3:24655544273665 CH:
FS n=64 fsseq=538407 buf=3 c0=0:24655561774134 c1=1:24655561790957 c2=2:24655561805749 c3=3:24655561843770 CH: 3/id3/k0 18/id2/k1 44/id12/k2 59/id11/k3
FS n=64 fsseq=538407 buf=3 c0=0:24655561774134 c1=1:24655561790957 c2=2:24655561805749 c3=3:24655561843770 CH:
FS n=64 fsseq=538407 buf=3 c0=0:24655561774134 c1=1:24655561790957 c2=2:24655561805749 c3=3:24655561843770 CH:
FS n=64 fsseq=539196 buf=7 c0=0:24655583868301 c1=1:24655584373353 c2=2:24655583870020 c3=3:24655584279759 CH: 40/id8/k2 56/id8/k3
FS n=64 fsseq=539196 buf=7 c0=0:24655583868301 c1=1:24655584373353 c2=2:24655583870020 c3=3:24655584279759 CH: 7/id7/k0 22/id6/k1
FS n=64 fsseq=539196 buf=7 c0=0:24655583868301 c1=1:24655584373353 c2=2:24655583870020 c3=3:24655584279759 CH: 7/id7/k0 22/id6/k1
FS n=64 fsseq=538408 buf=11 c0=0:24655601759707 c1=1:24655601759395 c2=2:24655601782832 c3=3:24655601820540 CH:
FS n=64 fsseq=538408 buf=11 c0=0:24655601759707 c1=1:24655601759395 c2=2:24655601782832 c3=3:24655601820540 CH: 11/id11/k0 19/id3/k1 45/id13/k2 57/id9/k3
FS n=64 fsseq=538408 buf=11 c0=0:24655601759707 c1=1:24655601759395 c2=2:24655601782832 c3=3:24655601820540 CH: 11/id11/k0 19/id3/k1 45/id13/k2 57/id9/k3
FS n=64 fsseq=539197 buf=1 c0=0:24655623900384 c1=1:24655624381634 c2=2:24655623900384 c3=3:24655624282832 CH: 1/id1/k0 27/id11/k1 32/id0/k2 48/id0/k3
FS n=64 fsseq=539197 buf=1 c0=0:24655623900384 c1=1:24655624381634 c2=2:24655623900384 c3=3:24655624282832 CH: 1/id1/k0 27/id11/k1 32/id0/k2 48/id0/k3
FS n=64 fsseq=539197 buf=1 c0=0:24655623900384 c1=1:24655624381634 c2=2:24655623900384 c3=3:24655624282832 CH:
FS n=64 fsseq=538409 buf=13 c0=0:24655641772155 c1=1:24655641772155 c2=2:24655641824447 c3=3:24655641819290 CH: 13/id13/k0 21/id5/k1 46/id14/k2 60/id12/k3
FS n=64 fsseq=538409 buf=13 c0=0:24655641772155 c1=1:24655641772155 c2=2:24655641824447 c3=3:24655641819290 CH:
FS n=64 fsseq=538409 buf=13 c0=0:24655641772155 c1=1:24655641772155 c2=2:24655641824447 c3=3:24655641819290 CH:
FS n=64 fsseq=539198 buf=5 c0=0:24655663866426 c1=1:24655664377884 c2=2:24655663874447 c3=3:24655664293353 CH: 5/id5/k0 29/id13/k1 36/id4/k2 52/id4/k3
FS n=64 fsseq=539198 buf=5 c0=0:24655663866426 c1=1:24655664377884 c2=2:24655663874447 c3=3:24655664293353 CH:
FS n=64 fsseq=539198 buf=5 c0=0:24655663866426 c1=1:24655664377884 c2=2:24655663874447 c3=3:24655664293353 CH:
FS n=64 fsseq=538410 buf=15 c0=0:24655681776738 c1=1:24655681878926 c2=2:24655681815853 c3=3:24655681846061 CH: 15/id15/k0 20/id4/k1 38/id6/k2 62/id14/k3
FS n=64 fsseq=538410 buf=15 c0=0:24655681776738 c1=1:24655681878926 c2=2:24655681815853 c3=3:24655681846061 CH:
FS n=64 fsseq=538410 buf=15 c0=0:24655681776738 c1=1:24655681878926 c2=2:24655681815853 c3=3:24655681846061 CH:
FS n=64 fsseq=539199 buf=0 c0=0:24655703948145 c1=1:24655704377832 c2=2:24655703953353 c3=3:24655704283717 CH:
FS n=64 fsseq=539199 buf=0 c0=0:24655703948145 c1=1:24655704377832 c2=2:24655703953353 c3=3:24655704283717 CH:
FS n=64 fsseq=539199 buf=0 c0=0:24655703948145 c1=1:24655704377832 c2=2:24655703953353 c3=3:24655704283717 CH: 0/id0/k0 24/id8/k1 33/id1/k2 49/id1/k3
FS n=64 fsseq=538411 buf=2 c0=0:24655721779082 c1=1:24655721779551 c2=2:24655721803665 c3=3:24655721872103 CH: 2/id2/k0 25/id9/k1 41/id9/k2 54/id6/k3
FS n=64 fsseq=538411 buf=2 c0=0:24655721779082 c1=1:24655721779551 c2=2:24655721803665 c3=3:24655721872103 CH:
FS n=64 fsseq=538411 buf=2 c0=0:24655721779082 c1=1:24655721779551 c2=2:24655721803665 c3=3:24655721872103 CH:
FS n=64 fsseq=539200 buf=4 c0=0:24655743864967 c1=1:24655744375436 c2=2:24655743868874 c3=3:24655744281894 CH:
FS n=64 fsseq=539200 buf=4 c0=0:24655743864967 c1=1:24655744375436 c2=2:24655743868874 c3=3:24655744281894 CH:
FS n=64 fsseq=539200 buf=4 c0=0:24655743864967 c1=1:24655744375436 c2=2:24655743868874 c3=3:24655744281894 CH: 4/id4/k0 30/id14/k1 39/id7/k2 50/id2/k3
FS n=64 fsseq=538412 buf=12 c0=0:24655761764655 c1=1:24655761764707 c2=2:24655761785905 c3=3:24655761829342 CH: 12/id12/k0 26/id10/k1 43/id11/k2 58/id10/k3
FS n=64 fsseq=538412 buf=12 c0=0:24655761764655 c1=1:24655761764707 c2=2:24655761785905 c3=3:24655761829342 CH:
FS n=64 fsseq=538412 buf=12 c0=0:24655761764655 c1=1:24655761764707 c2=2:24655761785905 c3=3:24655761829342 CH: 2/id2/k0
FS n=64 fsseq=539201 buf=6 c0=0:24655783907988 c1=1:24655784385749 c2=2:24655783907988 c3=3:24655784290436 CH: 51/id3/k3
FS n=64 fsseq=539201 buf=6 c0=0:24655783907988 c1=1:24655784385749 c2=2:24655783907988 c3=3:24655784290436 CH: 6/id6/k0 28/id12/k1 37/id5/k2
FS n=64 fsseq=539201 buf=6 c0=0:24655783907988 c1=1:24655784385749 c2=2:24655783907988 c3=3:24655784290436 CH: 28/id12/k1 37/id5/k2 51/id3/k3
FS n=64 fsseq=538413 buf=14 c0=0:24655801767415 c1=1:24655801767363 c2=2:24655801788613 c3=3:24655801822103 CH: 4/id4/k0 6/id6/k0 14/id14/k0 23/id7/k1 47/id15/k2 61/id13/k3
FS n=64 fsseq=538413 buf=14 c0=0:24655801767415 c1=1:24655801767363 c2=2:24655801788613 c3=3:24655801822103 CH:
FS n=64 fsseq=538413 buf=14 c0=0:24655801767415 c1=1:24655801767363 c2=2:24655801788613 c3=3:24655801822103 CH:
FS n=64 fsseq=539202 buf=8 c0=0:24655823869551 c1=1:24655824404394 c2=2:24655823873457 c3=3:24655824286009 CH: 53/id5/k3
FS n=64 fsseq=539202 buf=8 c0=0:24655823869551 c1=1:24655824404394 c2=2:24655823873457 c3=3:24655824286009 CH:
FS n=64 fsseq=539202 buf=8 c0=0:24655823869551 c1=1:24655824404394 c2=2:24655823873457 c3=3:24655824286009 CH: 8/id8/k0 31/id15/k1 34/id2/k2 53/id5/k3
FS n=64 fsseq=538414 buf=9 c0=0:24655841768613 c1=1:24655841768717 c2=2:24655841787884 c3=3:24655841831322 CH: 9/id9/k0 16/id0/k1 42/id10/k2
FS n=64 fsseq=538414 buf=9 c0=0:24655841768613 c1=1:24655841768717 c2=2:24655841787884 c3=3:24655841831322 CH: 16/id0/k1 42/id10/k2
FS n=64 fsseq=538414 buf=9 c0=0:24655841768613 c1=1:24655841768717 c2=2:24655841787884 c3=3:24655841831322 CH: 42/id10/k2 63/id15/k3
FS n=64 fsseq=539203 buf=10 c0=0:24655863877519 c1=1:24655864378353 c2=2:24655863879811 c3=3:24655864283509 CH: 10/id10/k0 17/id1/k1 35/id3/k2 55/id7/k3
FS n=64 fsseq=539203 buf=10 c0=0:24655863877519 c1=1:24655864378353 c2=2:24655863879811 c3=3:24655864283509 CH: 10/id10/k0 17/id1/k1 35/id3/k2 55/id7/k3
FS n=64 fsseq=539203 buf=10 c0=0:24655863877519 c1=1:24655864378353 c2=2:24655863879811 c3=3:24655864283509 CH:
FS n=64 fsseq=538415 buf=3 c0=0:24655881792519 c1=1:24655881793144 c2=2:24655881811842 c3=3:24655881864447 CH: 3/id3/k0 18/id2/k1 44/id12/k2 59/id11/k3
FS n=64 fsseq=538415 buf=3 c0=0:24655881792519 c1=1:24655881793144 c2=2:24655881811842 c3=3:24655881864447 CH:
FS n=64 fsseq=538415 buf=3 c0=0:24655881792519 c1=1:24655881793144 c2=2:24655881811842 c3=3:24655881864447 CH:
FS n=64 fsseq=539204 buf=7 c0=0:24655903884082 c1=1:24655904372832 c2=2:24655903884186 c3=3:24655904286738 CH: 7/id7/k0 22/id6/k1 40/id8/k2 56/id8/k3
FS n=64 fsseq=539204 buf=7 c0=0:24655903884082 c1=1:24655904372832 c2=2:24655903884186 c3=3:24655904286738 CH:
FS n=64 fsseq=539204 buf=7 c0=0:24655903884082 c1=1:24655904372832 c2=2:24655903884186 c3=3:24655904286738 CH:
FS n=64 fsseq=538416 buf=11 c0=0:24655921771842 c1=1:24655921775749 c2=2:24655921830801 c3=3:24655921840644 CH: 11/id11/k0 19/id3/k1 45/id13/k2 57/id9/k3
FS n=64 fsseq=538416 buf=11 c0=0:24655921771842 c1=1:24655921775749 c2=2:24655921830801 c3=3:24655921840644 CH:
FS n=64 fsseq=538416 buf=11 c0=0:24655921771842 c1=1:24655921775749 c2=2:24655921830801 c3=3:24655921840644 CH:
FS n=64 fsseq=539205 buf=1 c0=0:24655943897259 c1=1:24655944382884 c2=2:24655943910801 c3=3:24655944291999 CH:
FS n=64 fsseq=539205 buf=1 c0=0:24655943897259 c1=1:24655944382884 c2=2:24655943910801 c3=3:24655944291999 CH: 1/id1/k0 3/id3/k0 27/id11/k1 32/id0/k2 48/id0/k3
FS n=64 fsseq=539205 buf=1 c0=0:24655943897259 c1=1:24655944382884 c2=2:24655943910801 c3=3:24655944291999 CH:
FS n=64 fsseq=538417 buf=13 c0=0:24655961782624 c1=1:24655961782624 c2=2:24655961821842 c3=3:24655961824134 CH: 13/id13/k0 21/id5/k1 46/id14/k2 60/id12/k3
FS n=64 fsseq=538417 buf=13 c0=0:24655961782624 c1=1:24655961782624 c2=2:24655961821842 c3=3:24655961824134 CH:
FS n=64 fsseq=538417 buf=13 c0=0:24655961782624 c1=1:24655961782624 c2=2:24655961821842 c3=3:24655961824134 CH:
FS n=64 fsseq=539206 buf=5 c0=0:24655983876009 c1=1:24655984377103 c2=2:24655983878249 c3=3:24655984293301 CH:
FS n=64 fsseq=539206 buf=5 c0=0:24655983876009 c1=1:24655984377103 c2=2:24655983878249 c3=3:24655984293301 CH: 5/id5/k0 29/id13/k1 36/id4/k2 52/id4/k3
FS n=64 fsseq=539206 buf=5 c0=0:24655983876009 c1=1:24655984377103 c2=2:24655983878249 c3=3:24655984293301 CH:
FS n=64 fsseq=538418 buf=15 c0=0:24656001774082 c1=1:24656001774082 c2=2:24656001827832 c3=3:24656001835905 CH: 15/id15/k0 20/id4/k1 38/id6/k2 62/id14/k3
FS n=64 fsseq=538418 buf=15 c0=0:24656001774082 c1=1:24656001774082 c2=2:24656001827832 c3=3:24656001835905 CH:
FS n=64 fsseq=538418 buf=15 c0=0:24656001774082 c1=1:24656001774082 c2=2:24656001827832 c3=3:24656001835905 CH:
FS n=64 fsseq=539207 buf=0 c0=0:24656023870488 c1=1:24656024379551 c2=2:24656023882207 c3=3:24656024288092 CH: 0/id0/k0 24/id8/k1 33/id1/k2 49/id1/k3
FS n=64 fsseq=539207 buf=0 c0=0:24656023870488 c1=1:24656024379551 c2=2:24656023882207 c3=3:24656024288092 CH:
FS n=64 fsseq=539207 buf=0 c0=0:24656023870488 c1=1:24656024379551 c2=2:24656023882207 c3=3:24656024288092 CH:
FS n=64 fsseq=538419 buf=2 c0=0:24656041792415 c1=1:24656041792363 c2=2:24656041846113 c3=3:24656041877780 CH:
FS n=64 fsseq=538419 buf=2 c0=0:24656041792415 c1=1:24656041792363 c2=2:24656041846113 c3=3:24656041877780 CH: 2/id2/k0 25/id9/k1 41/id9/k2 54/id6/k3
FS n=64 fsseq=538419 buf=2 c0=0:24656041792415 c1=1:24656041792363 c2=2:24656041846113 c3=3:24656041877780 CH:
FS n=64 fsseq=539208 buf=4 c0=0:24656063875644 c1=1:24656064379707 c2=2:24656063883301 c3=3:24656064289030 CH: 4/id4/k0 30/id14/k1 39/id7/k2 50/id2/k3
FS n=64 fsseq=539208 buf=4 c0=0:24656063875644 c1=1:24656064379707 c2=2:24656063883301 c3=3:24656064289030 CH:
FS n=64 fsseq=539208 buf=4 c0=0:24656063875644 c1=1:24656064379707 c2=2:24656063883301 c3=3:24656064289030 CH:
FS n=64 fsseq=538420 buf=12 c0=0:24656081769082 c1=1:24656081791634 c2=2:24656081871061 c3=3:24656081857832 CH: 58/id10/k3
FS n=64 fsseq=538420 buf=12 c0=0:24656081769082 c1=1:24656081791634 c2=2:24656081871061 c3=3:24656081857832 CH:
FS n=64 fsseq=538420 buf=12 c0=0:24656081769082 c1=1:24656081791634 c2=2:24656081871061 c3=3:24656081857832 CH: 12/id12/k0 26/id10/k1 43/id11/k2 58/id10/k3
FS n=64 fsseq=539209 buf=6 c0=0:24656103904551 c1=1:24656104388717 c2=2:24656103904603 c3=3:24656104297988 CH: 6/id6/k0 28/id12/k1 37/id5/k2 51/id3/k3
FS n=64 fsseq=539209 buf=6 c0=0:24656103904551 c1=1:24656104388717 c2=2:24656103904603 c3=3:24656104297988 CH: 6/id6/k0 28/id12/k1 37/id5/k2
FS n=64 fsseq=539209 buf=6 c0=0:24656103904551 c1=1:24656104388717 c2=2:24656103904603 c3=3:24656104297988 CH:
FS n=64 fsseq=538421 buf=14 c0=0:24656121773769 c1=1:24656121773509 c2=2:24656121818144 c3=3:24656121811686 CH: 14/id14/k0 23/id7/k1 47/id15/k2 61/id13/k3
FS n=64 fsseq=538421 buf=14 c0=0:24656121773769 c1=1:24656121773509 c2=2:24656121818144 c3=3:24656121811686 CH: 14/id14/k0 23/id7/k1 47/id15/k2 61/id13/k3
FS n=64 fsseq=538421 buf=14 c0=0:24656121773769 c1=1:24656121773509 c2=2:24656121818144 c3=3:24656121811686 CH: 23/id7/k1
FS n=64 fsseq=539210 buf=8 c0=0:24656143872103 c1=1:24656144380592 c2=2:24656143884394 c3=3:24656144286894 CH: 8/id8/k0 31/id15/k1 34/id2/k2 53/id5/k3
FS n=64 fsseq=539210 buf=8 c0=0:24656143872103 c1=1:24656144380592 c2=2:24656143884394 c3=3:24656144286894 CH:
FS n=64 fsseq=539210 buf=8 c0=0:24656143872103 c1=1:24656144380592 c2=2:24656143884394 c3=3:24656144286894 CH:
FS n=64 fsseq=538422 buf=9 c0=0:24656161777259 c1=1:24656161777988 c2=2:24656161828561 c3=3:24656161839707 CH: 9/id9/k0 16/id0/k1 42/id10/k2 63/id15/k3
FS n=64 fsseq=538422 buf=9 c0=0:24656161777259 c1=1:24656161777988 c2=2:24656161828561 c3=3:24656161839707 CH: 63/id15/k3
FS n=64 fsseq=538422 buf=9 c0=0:24656161777259 c1=1:24656161777988 c2=2:24656161828561 c3=3:24656161839707 CH:
FS n=64 fsseq=539211 buf=10 c0=0:24656183883248 c1=1:24656184384655 c2=2:24656183896842 c3=3:24656184292936 CH: 10/id10/k0 17/id1/k1 35/id3/k2 55/id7/k3
FS n=64 fsseq=539211 buf=10 c0=0:24656183883248 c1=1:24656184384655 c2=2:24656183896842 c3=3:24656184292936 CH:
FS n=64 fsseq=539211 buf=10 c0=0:24656183883248 c1=1:24656184384655 c2=2:24656183896842 c3=3:24656184292936 CH:
FS n=64 fsseq=538423 buf=3 c0=0:24656201781894 c1=1:24656201781946 c2=2:24656201814394 c3=3:24656201865801 CH: 3/id3/k0 18/id2/k1 44/id12/k2 59/id11/k3
FS n=64 fsseq=538423 buf=3 c0=0:24656201781894 c1=1:24656201781946 c2=2:24656201814394 c3=3:24656201865801 CH:
FS n=64 fsseq=538423 buf=3 c0=0:24656201781894 c1=1:24656201781946 c2=2:24656201814394 c3=3:24656201865801 CH:
FS n=64 fsseq=539212 buf=7 c0=0:24656223878248 c1=1:24656224383613 c2=2:24656223890176 c3=3:24656224291061 CH: 3/id3/k0 7/id7/k0 22/id6/k1 40/id8/k2 56/id8/k3
FS n=64 fsseq=539212 buf=7 c0=0:24656223878248 c1=1:24656224383613 c2=2:24656223890176 c3=3:24656224291061 CH:
FS n=64 fsseq=539212 buf=7 c0=0:24656223878248 c1=1:24656224383613 c2=2:24656223890176 c3=3:24656224291061 CH:
FS n=64 fsseq=538424 buf=11 c0=0:24656241779915 c1=1:24656241779967 c2=2:24656241835123 c3=3:24656241841946 CH: 11/id11/k0 19/id3/k1 45/id13/k2 57/id9/k3
FS n=64 fsseq=538424 buf=11 c0=0:24656241779915 c1=1:24656241779967 c2=2:24656241835123 c3=3:24656241841946 CH: 19/id3/k1 45/id13/k2 57/id9/k3
FS n=64 fsseq=538424 buf=11 c0=0:24656241779915 c1=1:24656241779967 c2=2:24656241835123 c3=3:24656241841946 CH: 11/id11/k0 19/id3/k1
FS n=64 fsseq=539213 buf=1 c0=0:24656263908561 c1=1:24656264385540 c2=2:24656263908613 c3=3:24656264296269 CH: 1/id1/k0 27/id11/k1 32/id0/k2 48/id0/k3
FS n=64 fsseq=539213 buf=1 c0=0:24656263908561 c1=1:24656264385540 c2=2:24656263908613 c3=3:24656264296269 CH: 27/id11/k1 32/id0/k2 48/id0/k3
FS n=64 fsseq=539213 buf=1 c0=0:24656263908561 c1=1:24656264385540 c2=2:24656263908613 c3=3:24656264296269 CH:
FS n=64 fsseq=538425 buf=13 c0=0:24656281781738 c1=1:24656281781530 c2=2:24656281803301 c3=3:24656281835957 CH: 13/id13/k0 21/id5/k1 46/id14/k2 60/id12/k3
FS n=64 fsseq=538425 buf=13 c0=0:24656281781738 c1=1:24656281781530 c2=2:24656281803301 c3=3:24656281835957 CH: 60/id12/k3
FS n=64 fsseq=538425 buf=13 c0=0:24656281781738 c1=1:24656281781530 c2=2:24656281803301 c3=3:24656281835957 CH: 60/id12/k3
FS n=64 fsseq=539214 buf=5 c0=0:24656303875853 c1=1:24656304386530 c2=2:24656303880696 c3=3:24656304293144 CH:
FS n=64 fsseq=539214 buf=5 c0=0:24656303875853 c1=1:24656304386530 c2=2:24656303880696 c3=3:24656304293144 CH: 5/id5/k0 29/id13/k1 36/id4/k2 52/id4/k3
FS n=64 fsseq=539214 buf=5 c0=0:24656303875853 c1=1:24656304386530 c2=2:24656303880696 c3=3:24656304293144 CH:
FS n=64 fsseq=538426 buf=15 c0=0:24656321771009 c1=1:24656321782571 c2=2:24656321848040 c3=3:24656321840592 CH: 15/id15/k0
FS n=64 fsseq=538426 buf=15 c0=0:24656321771009 c1=1:24656321782571 c2=2:24656321848040 c3=3:24656321840592 CH: 15/id15/k0 20/id4/k1 38/id6/k2 62/id14/k3
FS n=64 fsseq=538426 buf=15 c0=0:24656321771009 c1=1:24656321782571 c2=2:24656321848040 c3=3:24656321840592 CH:
FS n=64 fsseq=539215 buf=0 c0=0:24656343878248 c1=1:24656344386790 c2=2:24656343887051 c3=3:24656344290384 CH:
FS n=64 fsseq=539215 buf=0 c0=0:24656343878248 c1=1:24656344386790 c2=2:24656343887051 c3=3:24656344290384 CH: 0/id0/k0 24/id8/k1 33/id1/k2 49/id1/k3
FS n=64 fsseq=539215 buf=0 c0=0:24656343878248 c1=1:24656344386790 c2=2:24656343887051 c3=3:24656344290384 CH:
FS n=64 fsseq=538427 buf=2 c0=0:24656361794915 c1=1:24656361794915 c2=2:24656361830592 c3=3:24656361885644 CH: 2/id2/k0 25/id9/k1 41/id9/k2 54/id6/k3
FS n=64 fsseq=538427 buf=2 c0=0:24656361794915 c1=1:24656361794915 c2=2:24656361830592 c3=3:24656361885644 CH:
FS n=64 fsseq=538427 buf=2 c0=0:24656361794915 c1=1:24656361794915 c2=2:24656361830592 c3=3:24656361885644 CH:
FS n=64 fsseq=539216 buf=4 c0=0:24656383878925 c1=1:24656384386165 c2=2:24656383881842 c3=3:24656384290696 CH: 30/id14/k1 39/id7/k2
FS n=64 fsseq=539216 buf=4 c0=0:24656383878925 c1=1:24656384386165 c2=2:24656383881842 c3=3:24656384290696 CH: 50/id2/k3 63/id15/k3
FS n=64 fsseq=539216 buf=4 c0=0:24656383878925 c1=1:24656384386165 c2=2:24656383881842 c3=3:24656384290696 CH: 4/id4/k0 39/id7/k2
FS n=64 fsseq=538428 buf=12 c0=0:24656401787103 c1=1:24656401788092 c2=2:24656401886790 c3=3:24656401842936 CH: 12/id12/k0 26/id10/k1 43/id11/k2 58/id10/k3
FS n=64 fsseq=538428 buf=12 c0=0:24656401787103 c1=1:24656401788092 c2=2:24656401886790 c3=3:24656401842936 CH: 12/id12/k0 26/id10/k1 43/id11/k2 58/id10/k3
FS n=64 fsseq=538428 buf=12 c0=0:24656401787103 c1=1:24656401788092 c2=2:24656401886790 c3=3:24656401842936 CH: 58/id10/k3
FS n=64 fsseq=539217 buf=6 c0=0:24656423887675 c1=1:24656424382103 c2=2:24656423892728 c3=3:24656424286425 CH: 28/id12/k1 37/id5/k2 51/id3/k3
FS n=64 fsseq=539217 buf=6 c0=0:24656423887675 c1=1:24656424382103 c2=2:24656423892728 c3=3:24656424286425 CH: 6/id6/k0 28/id12/k1 37/id5/k2 51/id3/k3
FS n=64 fsseq=539217 buf=6 c0=0:24656423887675 c1=1:24656424382103 c2=2:24656423892728 c3=3:24656424286425 CH:
FS n=64 fsseq=538429 buf=14 c0=0:24656441781894 c1=1:24656441781998 c2=2:24656441808821 c3=3:24656441835071 CH: 14/id14/k0 23/id7/k1 47/id15/k2 61/id13/k3
FS n=64 fsseq=538429 buf=14 c0=0:24656441781894 c1=1:24656441781998 c2=2:24656441808821 c3=3:24656441835071 CH:
FS n=64 fsseq=538429 buf=14 c0=0:24656441781894 c1=1:24656441781998 c2=2:24656441808821 c3=3:24656441835071 CH:
FS n=64 fsseq=539218 buf=8 c0=0:24656463879030 c1=1:24656464389082 c2=2:24656463879186 c3=3:24656464294238 CH: 8/id8/k0 31/id15/k1 34/id2/k2 53/id5/k3
FS n=64 fsseq=539218 buf=8 c0=0:24656463879030 c1=1:24656464389082 c2=2:24656463879186 c3=3:24656464294238 CH:
FS n=64 fsseq=539218 buf=8 c0=0:24656463879030 c1=1:24656464389082 c2=2:24656463879186 c3=3:24656464294238 CH:
FS n=64 fsseq=538430 buf=9 c0=0:24656481781321 c1=1:24656481782675 c2=2:24656481814082 c3=3:24656481858821 CH: 9/id9/k0 16/id0/k1 42/id10/k2 63/id15/k3
FS n=64 fsseq=538430 buf=9 c0=0:24656481781321 c1=1:24656481782675 c2=2:24656481814082 c3=3:24656481858821 CH:
FS n=64 fsseq=538430 buf=9 c0=0:24656481781321 c1=1:24656481782675 c2=2:24656481814082 c3=3:24656481858821 CH:
FS n=64 fsseq=539219 buf=10 c0=0:24656503897050 c1=1:24656504388769 c2=2:24656503897050 c3=3:24656504285800 CH: 17/id1/k1 35/id3/k2 55/id7/k3
FS n=64 fsseq=539219 buf=10 c0=0:24656503897050 c1=1:24656504388769 c2=2:24656503897050 c3=3:24656504285800 CH: 10/id10/k0 17/id1/k1 35/id3/k2 55/id7/k3
FS n=64 fsseq=539219 buf=10 c0=0:24656503897050 c1=1:24656504388769 c2=2:24656503897050 c3=3:24656504285800 CH:
FS n=64 fsseq=538431 buf=3 c0=0:24656521786998 c1=1:24656521787363 c2=2:24656521813769 c3=3:24656521876998 CH: 44/id12/k2 59/id11/k3 63/id15/k3
FS n=64 fsseq=538431 buf=3 c0=0:24656521786998 c1=1:24656521787363 c2=2:24656521813769 c3=3:24656521876998 CH: 3/id3/k0 18/id2/k1
FS n=64 fsseq=538431 buf=3 c0=0:24656521786998 c1=1:24656521787363 c2=2:24656521813769 c3=3:24656521876998 CH: 18/id2/k1
FS n=64 fsseq=539220 buf=7 c0=0:24656543883665 c1=1:24656544388300 c2=2:24656543885800 c3=3:24656544295175 CH: 22/id6/k1 40/id8/k2
FS n=64 fsseq=539220 buf=7 c0=0:24656543883665 c1=1:24656544388300 c2=2:24656543885800 c3=3:24656544295175 CH: 7/id7/k0 56/id8/k3
FS n=64 fsseq=539220 buf=7 c0=0:24656543883665 c1=1:24656544388300 c2=2:24656543885800 c3=3:24656544295175 CH: 7/id7/k0 22/id6/k1 40/id8/k2 56/id8/k3
FS n=64 fsseq=538432 buf=11 c0=0:24656561780696 c1=1:24656561780644 c2=2:24656561832623 c3=3:24656561841009 CH:
FS n=64 fsseq=538432 buf=11 c0=0:24656561780696 c1=1:24656561780644 c2=2:24656561832623 c3=3:24656561841009 CH: 11/id11/k0 19/id3/k1 45/id13/k2 57/id9/k3
FS n=64 fsseq=538432 buf=11 c0=0:24656561780696 c1=1:24656561780644 c2=2:24656561832623 c3=3:24656561841009 CH:
FS n=64 fsseq=539221 buf=1 c0=0:24656583885644 c1=1:24656584394915 c2=2:24656583893873 c3=3:24656584303248 CH: 1/id1/k0 27/id11/k1 32/id0/k2 48/id0/k3
FS n=64 fsseq=539221 buf=1 c0=0:24656583885644 c1=1:24656584394915 c2=2:24656583893873 c3=3:24656584303248 CH:
FS n=64 fsseq=539221 buf=1 c0=0:24656583885644 c1=1:24656584394915 c2=2:24656583893873 c3=3:24656584303248 CH:
FS n=64 fsseq=538433 buf=13 c0=0:24656601782155 c1=1:24656601781790 c2=2:24656601827936 c3=3:24656601841790 CH:
FS n=64 fsseq=538433 buf=13 c0=0:24656601782155 c1=1:24656601781790 c2=2:24656601827936 c3=3:24656601841790 CH: 13/id13/k0 21/id5/k1 46/id14/k2 60/id12/k3
FS n=64 fsseq=538433 buf=13 c0=0:24656601782155 c1=1:24656601781790 c2=2:24656601827936 c3=3:24656601841790 CH:
FS n=64 fsseq=539222 buf=5 c0=0:24656623881425 c1=1:24656624393613 c2=2:24656623890227 c3=3:24656624298613 CH: 5/id5/k0 29/id13/k1 36/id4/k2 52/id4/k3
FS n=64 fsseq=539222 buf=5 c0=0:24656623881425 c1=1:24656624393613 c2=2:24656623890227 c3=3:24656624298613 CH: 52/id4/k3
FS n=64 fsseq=539222 buf=5 c0=0:24656623881425 c1=1:24656624393613 c2=2:24656623890227 c3=3:24656624298613 CH: 52/id4/k3
FS n=64 fsseq=538434 buf=15 c0=0:24656641783457 c1=1:24656641786998 c2=2:24656641835748 c3=3:24656641843300 CH: 15/id15/k0 20/id4/k1 38/id6/k2 62/id14/k3
FS n=64 fsseq=538434 buf=15 c0=0:24656641783457 c1=1:24656641786998 c2=2:24656641835748 c3=3:24656641843300 CH:
FS n=64 fsseq=538434 buf=15 c0=0:24656641783457 c1=1:24656641786998 c2=2:24656641835748 c3=3:24656641843300 CH:
FS n=64 fsseq=539223 buf=0 c0=0:24656663882415 c1=1:24656664391165 c2=2:24656663893092 c3=3:24656664295696 CH: 49/id1/k3
FS n=64 fsseq=539223 buf=0 c0=0:24656663882415 c1=1:24656664391165 c2=2:24656663893092 c3=3:24656664295696 CH: 0/id0/k0 24/id8/k1 33/id1/k2 49/id1/k3
FS n=64 fsseq=539223 buf=0 c0=0:24656663882415 c1=1:24656664391165 c2=2:24656663893092 c3=3:24656664295696 CH:
FS n=64 fsseq=538435 buf=2 c0=0:24656681826321 c1=1:24656681883509 c2=2:24656681871009 c3=3:24656681896009 CH:
FS n=64 fsseq=538435 buf=2 c0=0:24656681826321 c1=1:24656681883509 c2=2:24656681871009 c3=3:24656681896009 CH: 2/id2/k0 25/id9/k1 41/id9/k2 54/id6/k3
FS n=64 fsseq=538435 buf=2 c0=0:24656681826321 c1=1:24656681883509 c2=2:24656681871009 c3=3:24656681896009 CH:
FS n=64 fsseq=539224 buf=4 c0=0:24656703882050 c1=1:24656704389655 c2=2:24656703883769 c3=3:24656704296217 CH: 39/id7/k2
FS n=64 fsseq=539224 buf=4 c0=0:24656703882050 c1=1:24656704389655 c2=2:24656703883769 c3=3:24656704296217 CH: 4/id4/k0 30/id14/k1 39/id7/k2 50/id2/k3
FS n=64 fsseq=539224 buf=4 c0=0:24656703882050 c1=1:24656704389655 c2=2:24656703883769 c3=3:24656704296217 CH: 39/id7/k2
FS n=64 fsseq=538436 buf=12 c0=0:24656721786321 c1=1:24656721846321 c2=2:24656721828144 c3=3:24656721851373 CH: 12/id12/k0 26/id10/k1 43/id11/k2 58/id10/k3
FS n=64 fsseq=538436 buf=12 c0=0:24656721786321 c1=1:24656721846321 c2=2:24656721828144 c3=3:24656721851373 CH:
FS n=64 fsseq=538436 buf=12 c0=0:24656721786321 c1=1:24656721846321 c2=2:24656721828144 c3=3:24656721851373 CH: 26/id10/k1
FS n=64 fsseq=539225 buf=6 c0=0:24656743887780 c1=1:24656744400905 c2=2:24656743889290 c3=3:24656744298717 CH: 28/id12/k1 37/id5/k2 51/id3/k3 58/id10/k3
FS n=64 fsseq=539225 buf=6 c0=0:24656743887780 c1=1:24656744400905 c2=2:24656743889290 c3=3:24656744298717 CH:
FS n=64 fsseq=539225 buf=6 c0=0:24656743887780 c1=1:24656744400905 c2=2:24656743889290 c3=3:24656744298717 CH: 6/id6/k0
FS n=64 fsseq=538437 buf=14 c0=0:24656761782363 c1=1:24656761786113 c2=2:24656761812988 c3=3:24656761860644 CH: 14/id14/k0 23/id7/k1 47/id15/k2 61/id13/k3
FS n=64 fsseq=538437 buf=14 c0=0:24656761782363 c1=1:24656761786113 c2=2:24656761812988 c3=3:24656761860644 CH: 14/id14/k0 23/id7/k1 47/id15/k2 61/id13/k3
FS n=64 fsseq=538437 buf=14 c0=0:24656761782363 c1=1:24656761786113 c2=2:24656761812988 c3=3:24656761860644 CH:
FS n=64 fsseq=539226 buf=8 c0=0:24656783885071 c1=1:24656784392415 c2=2:24656783886373 c3=3:24656784296894 CH: 8/id8/k0 31/id15/k1 34/id2/k2 53/id5/k3
FS n=64 fsseq=539226 buf=8 c0=0:24656783885071 c1=1:24656784392415 c2=2:24656783886373 c3=3:24656784296894 CH: 53/id5/k3
FS n=64 fsseq=539226 buf=8 c0=0:24656783885071 c1=1:24656784392415 c2=2:24656783886373 c3=3:24656784296894 CH: 53/id5/k3
FS n=64 fsseq=538438 buf=9 c0=0:24656801794446 c1=1:24656801791998 c2=2:24656801877311 c3=3:24656801874967 CH: 16/id0/k1 42/id10/k2 63/id15/k3
FS n=64 fsseq=538438 buf=9 c0=0:24656801794446 c1=1:24656801791998 c2=2:24656801877311 c3=3:24656801874967 CH: 9/id9/k0 16/id0/k1 42/id10/k2 63/id15/k3
FS n=64 fsseq=538438 buf=9 c0=0:24656801794446 c1=1:24656801791998 c2=2:24656801877311 c3=3:24656801874967 CH:
FS n=64 fsseq=539227 buf=10 c0=0:24656823885488 c1=1:24656824392832 c2=2:24656823896113 c3=3:24656824299811 CH: 10/id10/k0 17/id1/k1 35/id3/k2 55/id7/k3
FS n=64 fsseq=539227 buf=10 c0=0:24656823885488 c1=1:24656824392832 c2=2:24656823896113 c3=3:24656824299811 CH:
FS n=64 fsseq=539227 buf=10 c0=0:24656823885488 c1=1:24656824392832 c2=2:24656823896113 c3=3:24656824299811 CH:
FS n=64 fsseq=538439 buf=3 c0=0:24656841808404 c1=1:24656841808404 c2=2:24656841877623 c3=3:24656841895540 CH: 18/id2/k1 44/id12/k2 59/id11/k3
FS n=64 fsseq=538439 buf=3 c0=0:24656841808404 c1=1:24656841808404 c2=2:24656841877623 c3=3:24656841895540 CH: 44/id12/k2 59/id11/k3
FS n=64 fsseq=538439 buf=3 c0=0:24656841808404 c1=1:24656841808404 c2=2:24656841877623 c3=3:24656841895540 CH: 3/id3/k0
FS n=64 fsseq=539228 buf=7 c0=0:24656863945071 c1=1:24656864385852 c2=2:24656863941009 c3=3:24656864295019 CH: 7/id7/k0 22/id6/k1
FS n=64 fsseq=539228 buf=7 c0=0:24656863945071 c1=1:24656864385852 c2=2:24656863941009 c3=3:24656864295019 CH: 40/id8/k2 56/id8/k3
FS n=64 fsseq=539228 buf=7 c0=0:24656863945071 c1=1:24656864385852 c2=2:24656863941009 c3=3:24656864295019 CH: 7/id7/k0 22/id6/k1
FS n=64 fsseq=538440 buf=11 c0=0:24656881787259 c1=1:24656881788352 c2=2:24656881860384 c3=3:24656881847259 CH: 11/id11/k0 19/id3/k1 45/id13/k2 57/id9/k3
FS n=64 fsseq=538440 buf=11 c0=0:24656881787259 c1=1:24656881788352 c2=2:24656881860384 c3=3:24656881847259 CH:
FS n=64 fsseq=538440 buf=11 c0=0:24656881787259 c1=1:24656881788352 c2=2:24656881860384 c3=3:24656881847259 CH:
FS n=64 fsseq=539229 buf=1 c0=0:24656903883925 c1=1:24656904402519 c2=2:24656903895852 c3=3:24656904306998 CH: 1/id1/k0 27/id11/k1 32/id0/k2 48/id0/k3
FS n=64 fsseq=539229 buf=1 c0=0:24656903883925 c1=1:24656904402519 c2=2:24656903895852 c3=3:24656904306998 CH:
FS n=64 fsseq=539229 buf=1 c0=0:24656903883925 c1=1:24656904402519 c2=2:24656903895852 c3=3:24656904306998 CH:
FS n=64 fsseq=538441 buf=13 c0=0:24656921780592 c1=1:24656921780540 c2=2:24656921808457 c3=3:24656921845123 CH: 13/id13/k0 21/id5/k1 46/id14/k2 60/id12/k3
FS n=64 fsseq=538441 buf=13 c0=0:24656921780592 c1=1:24656921780540 c2=2:24656921808457 c3=3:24656921845123 CH:
FS n=64 fsseq=538441 buf=13 c0=0:24656921780592 c1=1:24656921780540 c2=2:24656921808457 c3=3:24656921845123 CH:
FS n=64 fsseq=539230 buf=5 c0=0:24656943888925 c1=1:24656944394550 c2=2:24656943889394 c3=3:24656944300800 CH: 5/id5/k0 29/id13/k1 36/id4/k2 52/id4/k3
FS n=64 fsseq=539230 buf=5 c0=0:24656943888925 c1=1:24656944394550 c2=2:24656943889394 c3=3:24656944300800 CH:
FS n=64 fsseq=539230 buf=5 c0=0:24656943888925 c1=1:24656944394550 c2=2:24656943889394 c3=3:24656944300800 CH:
FS n=64 fsseq=538442 buf=15 c0=0:24656961783717 c1=1:24656961783717 c2=2:24656961804186 c3=3:24656961846582 CH: 15/id15/k0 20/id4/k1 38/id6/k2 62/id14/k3
FS n=64 fsseq=538442 buf=15 c0=0:24656961783717 c1=1:24656961783717 c2=2:24656961804186 c3=3:24656961846582 CH:
FS n=64 fsseq=538442 buf=15 c0=0:24656961783717 c1=1:24656961783717 c2=2:24656961804186 c3=3:24656961846582 CH:
FS n=64 fsseq=539231 buf=0 c0=0:24656983888769 c1=1:24656984395384 c2=2:24656983890592 c3=3:24656984300800 CH: 0/id0/k0 24/id8/k1 33/id1/k2 49/id1/k3
FS n=64 fsseq=539231 buf=0 c0=0:24656983888769 c1=1:24656984395384 c2=2:24656983890592 c3=3:24656984300800 CH: 49/id1/k3
FS n=64 fsseq=539231 buf=0 c0=0:24656983888769 c1=1:24656984395384 c2=2:24656983890592 c3=3:24656984300800 CH:
FS n=64 fsseq=538443 buf=2 c0=0:24657001813352 c1=1:24657001813613 c2=2:24657001840592 c3=3:24657001873300 CH:
FS n=64 fsseq=538443 buf=2 c0=0:24657001813352 c1=1:24657001813613 c2=2:24657001840592 c3=3:24657001873300 CH: 2/id2/k0 25/id9/k1 41/id9/k2 54/id6/k3
FS n=64 fsseq=538443 buf=2 c0=0:24657001813352 c1=1:24657001813613 c2=2:24657001840592 c3=3:24657001873300 CH:
FS n=64 fsseq=539232 buf=4 c0=0:24657023888873 c1=1:24657024395123 c2=2:24657023890227 c3=3:24657024302050 CH: 4/id4/k0 30/id14/k1 39/id7/k2 50/id2/k3
FS n=64 fsseq=539232 buf=4 c0=0:24657023888873 c1=1:24657024395123 c2=2:24657023890227 c3=3:24657024302050 CH:
FS n=64 fsseq=539232 buf=4 c0=0:24657023888873 c1=1:24657024395123 c2=2:24657023890227 c3=3:24657024302050 CH:
FS n=64 fsseq=538444 buf=12 c0=0:24657041791009 c1=1:24657041808925 c2=2:24657041838613 c3=3:24657041879081 CH: 4/id4/k0 12/id12/k0 26/id10/k1 43/id11/k2 58/id10/k3
FS n=64 fsseq=538444 buf=12 c0=0:24657041791009 c1=1:24657041808925 c2=2:24657041838613 c3=3:24657041879081 CH:
FS n=64 fsseq=538444 buf=12 c0=0:24657041791009 c1=1:24657041808925 c2=2:24657041838613 c3=3:24657041879081 CH:
FS n=64 fsseq=539233 buf=6 c0=0:24657063899967 c1=1:24657064392519 c2=2:24657063901321 c3=3:24657064302779 CH: 6/id6/k0 28/id12/k1 37/id5/k2 51/id3/k3
FS n=64 fsseq=539233 buf=6 c0=0:24657063899967 c1=1:24657064392519 c2=2:24657063901321 c3=3:24657064302779 CH:
FS n=64 fsseq=539233 buf=6 c0=0:24657063899967 c1=1:24657064392519 c2=2:24657063901321 c3=3:24657064302779 CH:
FS n=64 fsseq=538445 buf=14 c0=0:24657081794186 c1=1:24657081794186 c2=2:24657081812779 c3=3:24657081864654 CH: 14/id14/k0 23/id7/k1 47/id15/k2 61/id13/k3
FS n=64 fsseq=538445 buf=14 c0=0:24657081794186 c1=1:24657081794186 c2=2:24657081812779 c3=3:24657081864654 CH: 14/id14/k0 23/id7/k1 47/id15/k2 61/id13/k3
FS n=64 fsseq=538445 buf=14 c0=0:24657081794186 c1=1:24657081794186 c2=2:24657081812779 c3=3:24657081864654 CH:
FS n=64 fsseq=539234 buf=8 c0=0:24657103889915 c1=1:24657104393821 c2=2:24657103892363 c3=3:24657104296009 CH: 8/id8/k0 31/id15/k1 34/id2/k2 53/id5/k3
FS n=64 fsseq=539234 buf=8 c0=0:24657103889915 c1=1:24657104393821 c2=2:24657103892363 c3=3:24657104296009 CH:
FS n=64 fsseq=539234 buf=8 c0=0:24657103889915 c1=1:24657104393821 c2=2:24657103892363 c3=3:24657104296009 CH:
FS n=64 fsseq=538446 buf=9 c0=0:24657121789394 c1=1:24657121848040 c2=2:24657121820331 c3=3:24657121879498 CH: 42/id10/k2 63/id15/k3
FS n=64 fsseq=538446 buf=9 c0=0:24657121789394 c1=1:24657121848040 c2=2:24657121820331 c3=3:24657121879498 CH: 9/id9/k0 16/id0/k1
FS n=64 fsseq=538446 buf=9 c0=0:24657121789394 c1=1:24657121848040 c2=2:24657121820331 c3=3:24657121879498 CH: 9/id9/k0 16/id0/k1
FS n=64 fsseq=539235 buf=10 c0=0:24657143888561 c1=1:24657144397311 c2=2:24657143892206 c3=3:24657144300436 CH: 10/id10/k0 17/id1/k1 35/id3/k2 55/id7/k3
FS n=64 fsseq=539235 buf=10 c0=0:24657143888561 c1=1:24657144397311 c2=2:24657143892206 c3=3:24657144300436 CH:
FS n=64 fsseq=539235 buf=10 c0=0:24657143888561 c1=1:24657144397311 c2=2:24657143892206 c3=3:24657144300436 CH:
FS n=64 fsseq=538447 buf=3 c0=0:24657161802623 c1=1:24657161801894 c2=2:24657161833717 c3=3:24657161881842 CH: 18/id2/k1 44/id12/k2 59/id11/k3
FS n=64 fsseq=538447 buf=3 c0=0:24657161802623 c1=1:24657161801894 c2=2:24657161833717 c3=3:24657161881842 CH:
FS n=64 fsseq=538447 buf=3 c0=0:24657161802623 c1=1:24657161801894 c2=2:24657161833717 c3=3:24657161881842 CH: 3/id3/k0
FS n=64 fsseq=539236 buf=7 c0=0:24657183925644 c1=1:24657184393873 c2=2:24657183925800 c3=3:24657184306165 CH: 22/id6/k1 56/id8/k3
FS n=64 fsseq=539236 buf=7 c0=0:24657183925644 c1=1:24657184393873 c2=2:24657183925800 c3=3:24657184306165 CH: 7/id7/k0 22/id6/k1 40/id8/k2
FS n=64 fsseq=539236 buf=7 c0=0:24657183925644 c1=1:24657184393873 c2=2:24657183925800 c3=3:24657184306165 CH: 7/id7/k0 22/id6/k1 40/id8/k2 56/id8/k3
FS n=64 fsseq=538448 buf=11 c0=0:24657201787363 c1=1:24657201790904 c2=2:24657201814290 c3=3:24657201870436 CH: 11/id11/k0 19/id3/k1 45/id13/k2 56/id8/k3
FS n=64 fsseq=538448 buf=11 c0=0:24657201787363 c1=1:24657201790904 c2=2:24657201814290 c3=3:24657201870436 CH: 57/id9/k3
FS n=64 fsseq=538448 buf=11 c0=0:24657201787363 c1=1:24657201790904 c2=2:24657201814290 c3=3:24657201870436 CH: 57/id9/k3
FS n=64 fsseq=539237 buf=1 c0=0:24657223891009 c1=1:24657224397831 c2=2:24657223892936 c3=3:24657224304863 CH: 1/id1/k0
FS n=64 fsseq=539237 buf=1 c0=0:24657223891009 c1=1:24657224397831 c2=2:24657223892936 c3=3:24657224304863 CH: 1/id1/k0
FS n=64 fsseq=539237 buf=1 c0=0:24657223891009 c1=1:24657224397831 c2=2:24657223892936 c3=3:24657224304863 CH: 27/id11/k1 32/id0/k2 48/id0/k3
FS n=64 fsseq=538449 buf=13 c0=0:24657241801113 c1=1:24657241801269 c2=2:24657241826425 c3=3:24657241853144 CH: 13/id13/k0 21/id5/k1 46/id14/k2 60/id12/k3
FS n=64 fsseq=538449 buf=13 c0=0:24657241801113 c1=1:24657241801269 c2=2:24657241826425 c3=3:24657241853144 CH:
FS n=64 fsseq=538449 buf=13 c0=0:24657241801113 c1=1:24657241801269 c2=2:24657241826425 c3=3:24657241853144 CH:
FS n=64 fsseq=539238 buf=5 c0=0:24657263895331 c1=1:24657264397154 c2=2:24657263896998 c3=3:24657264304290 CH: 5/id5/k0 29/id13/k1 36/id4/k2 52/id4/k3
FS n=64 fsseq=539238 buf=5 c0=0:24657263895331 c1=1:24657264397154 c2=2:24657263896998 c3=3:24657264304290 CH:
FS n=64 fsseq=539238 buf=5 c0=0:24657263895331 c1=1:24657264397154 c2=2:24657263896998 c3=3:24657264304290 CH:
FS n=64 fsseq=538450 buf=15 c0=0:24657281858404 c1=1:24657281858508 c2=2:24657281918561 c3=3:24657281913613 CH: 15/id15/k0 20/id4/k1 38/id6/k2 62/id14/k3
FS n=64 fsseq=538450 buf=15 c0=0:24657281858404 c1=1:24657281858508 c2=2:24657281918561 c3=3:24657281913613 CH: 38/id6/k2 62/id14/k3
FS n=64 fsseq=538450 buf=15 c0=0:24657281858404 c1=1:24657281858508 c2=2:24657281918561 c3=3:24657281913613 CH:
FS n=64 fsseq=539239 buf=0 c0=0:24657303888821 c1=1:24657304398456 c2=2:24657303900904 c3=3:24657304301894 CH: 0/id0/k0 24/id8/k1 33/id1/k2 49/id1/k3
FS n=64 fsseq=539239 buf=0 c0=0:24657303888821 c1=1:24657304398456 c2=2:24657303900904 c3=3:24657304301894 CH:
FS n=64 fsseq=539239 buf=0 c0=0:24657303888821 c1=1:24657304398456 c2=2:24657303900904 c3=3:24657304301894 CH: 24/id8/k1 33/id1/k2 49/id1/k3
FS n=64 fsseq=538451 buf=2 c0=0:24657321797936 c1=1:24657321797675 c2=2:24657321862988 c3=3:24657321860956 CH: 2/id2/k0 25/id9/k1
FS n=64 fsseq=538451 buf=2 c0=0:24657321797936 c1=1:24657321797675 c2=2:24657321862988 c3=3:24657321860956 CH: 41/id9/k2 54/id6/k3
FS n=64 fsseq=538451 buf=2 c0=0:24657321797936 c1=1:24657321797675 c2=2:24657321862988 c3=3:24657321860956 CH: 2/id2/k0
FS n=64 fsseq=539240 buf=4 c0=0:24657343924394 c1=1:24657344401946 c2=2:24657343925852 c3=3:24657344310748 CH: 30/id14/k1 39/id7/k2 50/id2/k3
FS n=64 fsseq=539240 buf=4 c0=0:24657343924394 c1=1:24657344401946 c2=2:24657343925852 c3=3:24657344310748 CH: 4/id4/k0
FS n=64 fsseq=539240 buf=4 c0=0:24657343924394 c1=1:24657344401946 c2=2:24657343925852 c3=3:24657344310748 CH:
FS n=64 fsseq=538452 buf=12 c0=0:24657361792779 c1=1:24657361792727 c2=2:24657361838613 c3=3:24657361846165 CH: 12/id12/k0 26/id10/k1 43/id11/k2 58/id10/k3
FS n=64 fsseq=538452 buf=12 c0=0:24657361792779 c1=1:24657361792727 c2=2:24657361838613 c3=3:24657361846165 CH:
FS n=64 fsseq=538452 buf=12 c0=0:24657361792779 c1=1:24657361792727 c2=2:24657361838613 c3=3:24657361846165 CH:
FS n=64 fsseq=539241 buf=6 c0=0:24657383889394 c1=1:24657384404863 c2=2:24657383901113 c3=3:24657384309550 CH: 6/id6/k0 28/id12/k1 37/id5/k2 51/id3/k3
FS n=64 fsseq=539241 buf=6 c0=0:24657383889394 c1=1:24657384404863 c2=2:24657383901113 c3=3:24657384309550 CH: 6/id6/k0 37/id5/k2
FS n=64 fsseq=539241 buf=6 c0=0:24657383889394 c1=1:24657384404863 c2=2:24657383901113 c3=3:24657384309550 CH: 6/id6/k0 37/id5/k2
FS n=64 fsseq=538453 buf=14 c0=0:24657401795436 c1=1:24657401795436 c2=2:24657401865227 c3=3:24657401854863 CH: 14/id14/k0 23/id7/k1 47/id15/k2 61/id13/k3
FS n=64 fsseq=538453 buf=14 c0=0:24657401795436 c1=1:24657401795436 c2=2:24657401865227 c3=3:24657401854863 CH: 14/id14/k0 23/id7/k1 47/id15/k2 61/id13/k3
FS n=64 fsseq=538453 buf=14 c0=0:24657401795436 c1=1:24657401795436 c2=2:24657401865227 c3=3:24657401854863 CH:
FS n=64 fsseq=539242 buf=8 c0=0:24657423906321 c1=1:24657424399915 c2=2:24657423915644 c3=3:24657424300592 CH:
FS n=64 fsseq=539242 buf=8 c0=0:24657423906321 c1=1:24657424399915 c2=2:24657423915644 c3=3:24657424300592 CH:
FS n=64 fsseq=539242 buf=8 c0=0:24657423906321 c1=1:24657424399915 c2=2:24657423915644 c3=3:24657424300592 CH: 8/id8/k0 31/id15/k1 34/id2/k2 53/id5/k3
FS n=64 fsseq=538454 buf=9 c0=0:24657441902831 c1=1:24657441905904 c2=2:24657441960488 c3=3:24657441968561 CH: 9/id9/k0 16/id0/k1 42/id10/k2 63/id15/k3
FS n=64 fsseq=538454 buf=9 c0=0:24657441902831 c1=1:24657441905904 c2=2:24657441960488 c3=3:24657441968561 CH:
FS n=64 fsseq=538454 buf=9 c0=0:24657441902831 c1=1:24657441905904 c2=2:24657441960488 c3=3:24657441968561 CH:
FS n=64 fsseq=539243 buf=10 c0=0:24657463899602 c1=1:24657464400383 c2=2:24657463906425 c3=3:24657464322623 CH:
FS n=64 fsseq=539243 buf=10 c0=0:24657463899602 c1=1:24657464400383 c2=2:24657463906425 c3=3:24657464322623 CH: 17/id1/k1 35/id3/k2 55/id7/k3
FS n=64 fsseq=539243 buf=10 c0=0:24657463899602 c1=1:24657464400383 c2=2:24657463906425 c3=3:24657464322623 CH: 10/id10/k0
FS n=64 fsseq=538455 buf=3 c0=0:24657481795279 c1=1:24657481795227 c2=2:24657481819498 c3=3:24657481857467 CH:
FS n=64 fsseq=538455 buf=3 c0=0:24657481795279 c1=1:24657481795227 c2=2:24657481819498 c3=3:24657481857467 CH: 3/id3/k0 18/id2/k1 44/id12/k2 59/id11/k3
FS n=64 fsseq=538455 buf=3 c0=0:24657481795279 c1=1:24657481795227 c2=2:24657481819498 c3=3:24657481857467 CH:
FS n=64 fsseq=539244 buf=7 c0=0:24657503914758 c1=1:24657504411894 c2=2:24657503917102 c3=3:24657504322831 CH: 40/id8/k2
FS n=64 fsseq=539244 buf=7 c0=0:24657503914758 c1=1:24657504411894 c2=2:24657503917102 c3=3:24657504322831 CH: 3/id3/k0 7/id7/k0 40/id8/k2
FS n=64 fsseq=539244 buf=7 c0=0:24657503914758 c1=1:24657504411894 c2=2:24657503917102 c3=3:24657504322831 CH: 22/id6/k1 40/id8/k2 56/id8/k3
FS n=64 fsseq=538456 buf=11 c0=0:24657521796529 c1=1:24657521796425 c2=2:24657521849498 c3=3:24657521854654 CH:
FS n=64 fsseq=538456 buf=11 c0=0:24657521796529 c1=1:24657521796425 c2=2:24657521849498 c3=3:24657521854654 CH: 45/id13/k2 57/id9/k3
FS n=64 fsseq=538456 buf=11 c0=0:24657521796529 c1=1:24657521796425 c2=2:24657521849498 c3=3:24657521854654 CH: 11/id11/k0 19/id3/k1 45/id13/k2 57/id9/k3
FS n=64 fsseq=539245 buf=1 c0=0:24657543902154 c1=1:24657544405331 c2=2:24657543910435 c3=3:24657544314602 CH: 1/id1/k0 27/id11/k1 32/id0/k2 48/id0/k3
FS n=64 fsseq=539245 buf=1 c0=0:24657543902154 c1=1:24657544405331 c2=2:24657543910435 c3=3:24657544314602 CH:
FS n=64 fsseq=539245 buf=1 c0=0:24657543902154 c1=1:24657544405331 c2=2:24657543910435 c3=3:24657544314602 CH:
FS n=64 fsseq=538457 buf=13 c0=0:24657561794967 c1=1:24657561795696 c2=2:24657561847415 c3=3:24657561855904 CH: 13/id13/k0 21/id5/k1 46/id14/k2 60/id12/k3
FS n=64 fsseq=538457 buf=13 c0=0:24657561794967 c1=1:24657561795696 c2=2:24657561847415 c3=3:24657561855904 CH:
FS n=64 fsseq=538457 buf=13 c0=0:24657561794967 c1=1:24657561795696 c2=2:24657561847415 c3=3:24657561855904 CH:
FS n=64 fsseq=539246 buf=5 c0=0:24657583901685 c1=1:24657584403508 c2=2:24657583909238 c3=3:24657584308144 CH: 5/id5/k0 29/id13/k1 36/id4/k2 52/id4/k3
FS n=64 fsseq=539246 buf=5 c0=0:24657583901685 c1=1:24657584403508 c2=2:24657583909238 c3=3:24657584308144 CH:
FS n=64 fsseq=539246 buf=5 c0=0:24657583901685 c1=1:24657584403508 c2=2:24657583909238 c3=3:24657584308144 CH:
FS n=64 fsseq=538458 buf=15 c0=0:24657601899654 c1=1:24657601926738 c2=2:24657601951529 c3=3:24657601899550 CH: 5/id5/k0 15/id15/k0 20/id4/k1 38/id6/k2 62/id14/k3
FS n=64 fsseq=538458 buf=15 c0=0:24657601899654 c1=1:24657601926738 c2=2:24657601951529 c3=3:24657601899550 CH:
FS n=64 fsseq=538458 buf=15 c0=0:24657601899654 c1=1:24657601926738 c2=2:24657601951529 c3=3:24657601899550 CH:
FS n=64 fsseq=539247 buf=0 c0=0:24657623892571 c1=1:24657624417727 c2=2:24657623895748 c3=3:24657624311477 CH: 0/id0/k0 24/id8/k1 33/id1/k2 49/id1/k3
FS n=64 fsseq=539247 buf=0 c0=0:24657623892571 c1=1:24657624417727 c2=2:24657623895748 c3=3:24657624311477 CH:
FS n=64 fsseq=539247 buf=0 c0=0:24657623892571 c1=1:24657624417727 c2=2:24657623895748 c3=3:24657624311477 CH:
FS n=64 fsseq=538459 buf=2 c0=0:24657641798092 c1=1:24657641798300 c2=2:24657641891529 c3=3:24657641866425 CH: 2/id2/k0 25/id9/k1 41/id9/k2 54/id6/k3
FS n=64 fsseq=538459 buf=2 c0=0:24657641798092 c1=1:24657641798300 c2=2:24657641891529 c3=3:24657641866425 CH:
FS n=64 fsseq=538459 buf=2 c0=0:24657641798092 c1=1:24657641798300 c2=2:24657641891529 c3=3:24657641866425 CH:
FS n=64 fsseq=539248 buf=4 c0=0:24657663911060 c1=1:24657664400800 c2=2:24657663913717 c3=3:24657664305071 CH: 2/id2/k0 4/id4/k0 30/id14/k1 39/id7/k2 50/id2/k3
FS n=64 fsseq=539248 buf=4 c0=0:24657663911060 c1=1:24657664400800 c2=2:24657663913717 c3=3:24657664305071 CH:
FS n=64 fsseq=539248 buf=4 c0=0:24657663911060 c1=1:24657664400800 c2=2:24657663913717 c3=3:24657664305071 CH:
FS n=64 fsseq=538460 buf=12 c0=0:24657681792727 c1=1:24657681792727 c2=2:24657681863456 c3=3:24657681838404 CH: 12/id12/k0 26/id10/k1 43/id11/k2 58/id10/k3
FS n=64 fsseq=538460 buf=12 c0=0:24657681792727 c1=1:24657681792727 c2=2:24657681863456 c3=3:24657681838404 CH:
FS n=64 fsseq=538460 buf=12 c0=0:24657681792727 c1=1:24657681792727 c2=2:24657681863456 c3=3:24657681838404 CH:
FS n=64 fsseq=539249 buf=6 c0=0:24657703908352 c1=1:24657704437206 c2=2:24657703908404 c3=3:24657704313352 CH: 6/id6/k0 28/id12/k1 37/id5/k2 51/id3/k3
FS n=64 fsseq=539249 buf=6 c0=0:24657703908352 c1=1:24657704437206 c2=2:24657703908404 c3=3:24657704313352 CH:
FS n=64 fsseq=539249 buf=6 c0=0:24657703908352 c1=1:24657704437206 c2=2:24657703908404 c3=3:24657704313352 CH:
FS n=64 fsseq=538461 buf=14 c0=0:24657721794185 c1=1:24657721794185 c2=2:24657721820331 c3=3:24657721868977 CH: 14/id14/k0 23/id7/k1 47/id15/k2 61/id13/k3
FS n=64 fsseq=538461 buf=14 c0=0:24657721794185 c1=1:24657721794185 c2=2:24657721820331 c3=3:24657721868977 CH:
FS n=64 fsseq=538461 buf=14 c0=0:24657721794185 c1=1:24657721794185 c2=2:24657721820331 c3=3:24657721868977 CH:
FS n=64 fsseq=539250 buf=8 c0=0:24657743899550 c1=1:24657744405383 c2=2:24657743904654 c3=3:24657744311529 CH: 8/id8/k0 31/id15/k1 34/id2/k2 53/id5/k3
FS n=64 fsseq=539250 buf=8 c0=0:24657743899550 c1=1:24657744405383 c2=2:24657743904654 c3=3:24657744311529 CH:
FS n=64 fsseq=539250 buf=8 c0=0:24657743899550 c1=1:24657744405383 c2=2:24657743904654 c3=3:24657744311529 CH:
FS n=64 fsseq=538462 buf=9 c0=0:24657761819237 c1=1:24657761871060 c2=2:24657761872102 c3=3:24657761910435 CH:
FS n=64 fsseq=538462 buf=9 c0=0:24657761819237 c1=1:24657761871060 c2=2:24657761872102 c3=3:24657761910435 CH: 9/id9/k0 16/id0/k1 42/id10/k2
FS n=64 fsseq=538462 buf=9 c0=0:24657761819237 c1=1:24657761871060 c2=2:24657761872102 c3=3:24657761910435 CH: 9/id9/k0 16/id0/k1 42/id10/k2 63/id15/k3
FS n=64 fsseq=539251 buf=10 c0=0:24657783904446 c1=1:24657784407935 c2=2:24657783905904 c3=3:24657784308612 CH: 10/id10/k0 17/id1/k1 35/id3/k2 55/id7/k3
FS n=64 fsseq=539251 buf=10 c0=0:24657783904446 c1=1:24657784407935 c2=2:24657783905904 c3=3:24657784308612 CH:
FS n=64 fsseq=539251 buf=10 c0=0:24657783904446 c1=1:24657784407935 c2=2:24657783905904 c3=3:24657784308612 CH:
FS n=64 fsseq=538463 buf=3 c0=0:24657801804862 c1=1:24657801804915 c2=2:24657801889602 c3=3:24657801896112 CH: 3/id3/k0 18/id2/k1 44/id12/k2 59/id11/k3
FS n=64 fsseq=538463 buf=3 c0=0:24657801804862 c1=1:24657801804915 c2=2:24657801889602 c3=3:24657801896112 CH:
FS n=64 fsseq=538463 buf=3 c0=0:24657801804862 c1=1:24657801804915 c2=2:24657801889602 c3=3:24657801896112 CH:
FS n=64 fsseq=539252 buf=7 c0=0:24657823926321 c1=1:24657824428873 c2=2:24657823937675 c3=3:24657824340904 CH:
FS n=64 fsseq=539252 buf=7 c0=0:24657823926321 c1=1:24657824428873 c2=2:24657823937675 c3=3:24657824340904 CH: 7/id7/k0 22/id6/k1 40/id8/k2 56/id8/k3
FS n=64 fsseq=539252 buf=7 c0=0:24657823926321 c1=1:24657824428873 c2=2:24657823937675 c3=3:24657824340904 CH: 7/id7/k0 40/id8/k2 56/id8/k3
FS n=64 fsseq=538464 buf=11 c0=0:24657841807519 c1=1:24657841808717 c2=2:24657841892310 c3=3:24657841859029 CH: 11/id11/k0 19/id3/k1 45/id13/k2 56/id8/k3 57/id9/k3
FS n=64 fsseq=538464 buf=11 c0=0:24657841807519 c1=1:24657841808717 c2=2:24657841892310 c3=3:24657841859029 CH:
FS n=64 fsseq=538464 buf=11 c0=0:24657841807519 c1=1:24657841808717 c2=2:24657841892310 c3=3:24657841859029 CH:
FS n=64 fsseq=539253 buf=1 c0=0:24657863906269 c1=1:24657864408352 c2=2:24657863917362 c3=3:24657864314394 CH: 48/id0/k3
FS n=64 fsseq=539253 buf=1 c0=0:24657863906269 c1=1:24657864408352 c2=2:24657863917362 c3=3:24657864314394 CH: 1/id1/k0 27/id11/k1 32/id0/k2 48/id0/k3
FS n=64 fsseq=539253 buf=1 c0=0:24657863906269 c1=1:24657864408352 c2=2:24657863917362 c3=3:24657864314394 CH:
FS n=64 fsseq=538465 buf=13 c0=0:24657881793248 c1=1:24657881793352 c2=2:24657881818352 c3=3:24657881868144 CH: 13/id13/k0 21/id5/k1 46/id14/k2 60/id12/k3
FS n=64 fsseq=538465 buf=13 c0=0:24657881793248 c1=1:24657881793352 c2=2:24657881818352 c3=3:24657881868144 CH: 13/id13/k0 46/id14/k2
FS n=64 fsseq=538465 buf=13 c0=0:24657881793248 c1=1:24657881793352 c2=2:24657881818352 c3=3:24657881868144 CH: 21/id5/k1 46/id14/k2 60/id12/k3
FS n=64 fsseq=539254 buf=5 c0=0:24657903901842 c1=1:24657904413300 c2=2:24657903906425 c3=3:24657904314342 CH: 29/id13/k1 36/id4/k2 52/id4/k3
FS n=64 fsseq=539254 buf=5 c0=0:24657903901842 c1=1:24657904413300 c2=2:24657903906425 c3=3:24657904314342 CH: 5/id5/k0
FS n=64 fsseq=539254 buf=5 c0=0:24657903901842 c1=1:24657904413300 c2=2:24657903906425 c3=3:24657904314342 CH:
FS n=64 fsseq=538466 buf=15 c0=0:24657921837362 c1=1:24657921837362 c2=2:24657921892727 c3=3:24657921917154 CH: 15/id15/k0 38/id6/k2 62/id14/k3
FS n=64 fsseq=538466 buf=15 c0=0:24657921837362 c1=1:24657921837362 c2=2:24657921892727 c3=3:24657921917154 CH: 38/id6/k2 62/id14/k3
FS n=64 fsseq=538466 buf=15 c0=0:24657921837362 c1=1:24657921837362 c2=2:24657921892727 c3=3:24657921917154 CH: 20/id4/k1
FS n=64 fsseq=539255 buf=0 c0=0:24657943900071 c1=1:24657944407571 c2=2:24657943910331 c3=3:24657944317519 CH: 24/id8/k1
FS n=64 fsseq=539255 buf=0 c0=0:24657943900071 c1=1:24657944407571 c2=2:24657943910331 c3=3:24657944317519 CH: 0/id0/k0 24/id8/k1 33/id1/k2 49/id1/k3 62/id14/k3
FS n=64 fsseq=539255 buf=0 c0=0:24657943900071 c1=1:24657944407571 c2=2:24657943910331 c3=3:24657944317519 CH:
FS n=64 fsseq=538467 buf=2 c0=0:24657961802310 c1=1:24657961804289 c2=2:24657961853977 c3=3:24657961862675 CH: 2/id2/k0 25/id9/k1 41/id9/k2 54/id6/k3
FS n=64 fsseq=538467 buf=2 c0=0:24657961802310 c1=1:24657961804289 c2=2:24657961853977 c3=3:24657961862675 CH:
FS n=64 fsseq=538467 buf=2 c0=0:24657961802310 c1=1:24657961804289 c2=2:24657961853977 c3=3:24657961862675 CH:
FS n=64 fsseq=539256 buf=4 c0=0:24657983923404 c1=1:24657984413196 c2=2:24657983925592 c3=3:24657984319914 CH: 4/id4/k0 5/id5/k0 30/id14/k1 39/id7/k2 50/id2/k3
FS n=64 fsseq=539256 buf=4 c0=0:24657983923404 c1=1:24657984413196 c2=2:24657983925592 c3=3:24657984319914 CH:
FS n=64 fsseq=539256 buf=4 c0=0:24657983923404 c1=1:24657984413196 c2=2:24657983925592 c3=3:24657984319914 CH:
FS n=64 fsseq=538468 buf=12 c0=0:24658001795904 c1=1:24658001795800 c2=2:24658001822206 c3=3:24658001869758 CH:
FS n=64 fsseq=538468 buf=12 c0=0:24658001795904 c1=1:24658001795800 c2=2:24658001822206 c3=3:24658001869758 CH: 12/id12/k0 26/id10/k1 43/id11/k2 58/id10/k3
FS n=64 fsseq=538468 buf=12 c0=0:24658001795904 c1=1:24658001795800 c2=2:24658001822206 c3=3:24658001869758 CH: 12/id12/k0 26/id10/k1 43/id11/k2 58/id10/k3
FS n=64 fsseq=539257 buf=6 c0=0:24658023901217 c1=1:24658024410279 c2=2:24658023903717 c3=3:24658024314394 CH: 28/id12/k1 37/id5/k2 51/id3/k3
FS n=64 fsseq=539257 buf=6 c0=0:24658023901217 c1=1:24658024410279 c2=2:24658023903717 c3=3:24658024314394 CH: 6/id6/k0 28/id12/k1 37/id5/k2 51/id3/k3
FS n=64 fsseq=539257 buf=6 c0=0:24658023901217 c1=1:24658024410279 c2=2:24658023903717 c3=3:24658024314394 CH: 51/id3/k3
FS n=64 fsseq=538469 buf=14 c0=0:24658041799758 c1=1:24658041801321 c2=2:24658041826164 c3=3:24658041870592 CH: 47/id15/k2 61/id13/k3
FS n=64 fsseq=538469 buf=14 c0=0:24658041799758 c1=1:24658041801321 c2=2:24658041826164 c3=3:24658041870592 CH: 14/id14/k0 23/id7/k1 47/id15/k2
FS n=64 fsseq=538469 buf=14 c0=0:24658041799758 c1=1:24658041801321 c2=2:24658041826164 c3=3:24658041870592 CH: 23/id7/k1 61/id13/k3
FS n=64 fsseq=539258 buf=8 c0=0:24658063905175 c1=1:24658064409394 c2=2:24658063908248 c3=3:24658064312987 CH:
FS n=64 fsseq=539258 buf=8 c0=0:24658063905175 c1=1:24658064409394 c2=2:24658063908248 c3=3:24658064312987 CH: 8/id8/k0 31/id15/k1 34/id2/k2 53/id5/k3
FS n=64 fsseq=539258 buf=8 c0=0:24658063905175 c1=1:24658064409394 c2=2:24658063908248 c3=3:24658064312987 CH:
FS n=64 fsseq=538470 buf=9 c0=0:24658081820852 c1=1:24658081821060 c2=2:24658081842779 c3=3:24658081886477 CH: 63/id15/k3
FS n=64 fsseq=538470 buf=9 c0=0:24658081820852 c1=1:24658081821060 c2=2:24658081842779 c3=3:24658081886477 CH: 42/id10/k2 49/id1/k3 63/id15/k3
FS n=64 fsseq=538470 buf=9 c0=0:24658081820852 c1=1:24658081821060 c2=2:24658081842779 c3=3:24658081886477 CH: 9/id9/k0 16/id0/k1
FS n=64 fsseq=539259 buf=10 c0=0:24658103903664 c1=1:24658104411425 c2=2:24658103905227 c3=3:24658104319446 CH: 2/id2/k0 10/id10/k0 17/id1/k1 35/id3/k2 55/id7/k3
FS n=64 fsseq=539259 buf=10 c0=0:24658103903664 c1=1:24658104411425 c2=2:24658103905227 c3=3:24658104319446 CH:
FS n=64 fsseq=539259 buf=10 c0=0:24658103903664 c1=1:24658104411425 c2=2:24658103905227 c3=3:24658104319446 CH:
FS n=64 fsseq=538471 buf=3 c0=0:24658121805748 c1=1:24658121807935 c2=2:24658121857623 c3=3:24658121865071 CH: 3/id3/k0 18/id2/k1 44/id12/k2 59/id11/k3
FS n=64 fsseq=538471 buf=3 c0=0:24658121805748 c1=1:24658121807935 c2=2:24658121857623 c3=3:24658121865071 CH:
FS n=64 fsseq=538471 buf=3 c0=0:24658121805748 c1=1:24658121807935 c2=2:24658121857623 c3=3:24658121865071 CH:
FS n=64 fsseq=539260 buf=7 c0=0:24658143928404 c1=1:24658144415487 c2=2:24658143937466 c3=3:24658144325331 CH: 7/id7/k0 22/id6/k1 40/id8/k2 56/id8/k3
FS n=64 fsseq=539260 buf=7 c0=0:24658143928404 c1=1:24658144415487 c2=2:24658143937466 c3=3:24658144325331 CH: 56/id8/k3
FS n=64 fsseq=539260 buf=7 c0=0:24658143928404 c1=1:24658144415487 c2=2:24658143937466 c3=3:24658144325331 CH:
FS n=64 fsseq=538472 buf=11 c0=0:24658161814341 c1=1:24658161832675 c2=2:24658161860383 c3=3:24658161875696 CH: 11/id11/k0 45/id13/k2 56/id8/k3 57/id9/k3
FS n=64 fsseq=538472 buf=11 c0=0:24658161814341 c1=1:24658161832675 c2=2:24658161860383 c3=3:24658161875696 CH: 19/id3/k1 57/id9/k3
FS n=64 fsseq=538472 buf=11 c0=0:24658161814341 c1=1:24658161832675 c2=2:24658161860383 c3=3:24658161875696 CH: 19/id3/k1 57/id9/k3
FS n=64 fsseq=539261 buf=1 c0=0:24658183907831 c1=1:24658184407258 c2=2:24658183909394 c3=3:24658184315956 CH: 32/id0/k2 48/id0/k3
FS n=64 fsseq=539261 buf=1 c0=0:24658183907831 c1=1:24658184407258 c2=2:24658183909394 c3=3:24658184315956 CH: 27/id11/k1
FS n=64 fsseq=539261 buf=1 c0=0:24658183907831 c1=1:24658184407258 c2=2:24658183909394 c3=3:24658184315956 CH: 1/id1/k0 27/id11/k1
FS n=64 fsseq=538473 buf=13 c0=0:24658201807935 c1=1:24658201807623 c2=2:24658201835227 c3=3:24658201867831 CH:
FS n=64 fsseq=538473 buf=13 c0=0:24658201807935 c1=1:24658201807623 c2=2:24658201835227 c3=3:24658201867831 CH: 13/id13/k0 21/id5/k1 46/id14/k2 60/id12/k3
FS n=64 fsseq=538473 buf=13 c0=0:24658201807935 c1=1:24658201807623 c2=2:24658201835227 c3=3:24658201867831 CH:
FS n=64 fsseq=539262 buf=5 c0=0:24658223909706 c1=1:24658224408352 c2=2:24658223918769 c3=3:24658224312883 CH: 5/id5/k0 29/id13/k1 36/id4/k2 52/id4/k3
FS n=64 fsseq=539262 buf=5 c0=0:24658223909706 c1=1:24658224408352 c2=2:24658223918769 c3=3:24658224312883 CH:
FS n=64 fsseq=539262 buf=5 c0=0:24658223909706 c1=1:24658224408352 c2=2:24658223918769 c3=3:24658224312883 CH:
FS n=64 fsseq=538474 buf=15 c0=0:24658241822727 c1=1:24658241822571 c2=2:24658241849810 c3=3:24658241910175 CH: 15/id15/k0 20/id4/k1 38/id6/k2 62/id14/k3
FS n=64 fsseq=538474 buf=15 c0=0:24658241822727 c1=1:24658241822571 c2=2:24658241849810 c3=3:24658241910175 CH:
FS n=64 fsseq=538474 buf=15 c0=0:24658241822727 c1=1:24658241822571 c2=2:24658241849810 c3=3:24658241910175 CH:
FS n=64 fsseq=539263 buf=0 c0=0:24658263910071 c1=1:24658264413300 c2=2:24658263913248 c3=3:24658264317466 CH: 0/id0/k0 24/id8/k1 33/id1/k2 49/id1/k3
FS n=64 fsseq=539263 buf=0 c0=0:24658263910071 c1=1:24658264413300 c2=2:24658263913248 c3=3:24658264317466 CH:
FS n=64 fsseq=539263 buf=0 c0=0:24658263910071 c1=1:24658264413300 c2=2:24658263913248 c3=3:24658264317466 CH:
FS n=64 fsseq=538475 buf=2 c0=0:24658281810071 c1=1:24658281809758 c2=2:24658281834289 c3=3:24658281880175 CH: 2/id2/k0 25/id9/k1 41/id9/k2 54/id6/k3
FS n=64 fsseq=538475 buf=2 c0=0:24658281810071 c1=1:24658281809758 c2=2:24658281834289 c3=3:24658281880175 CH:
FS n=64 fsseq=538475 buf=2 c0=0:24658281810071 c1=1:24658281809758 c2=2:24658281834289 c3=3:24658281880175 CH:
FS n=64 fsseq=539264 buf=4 c0=0:24658303920748 c1=1:24658304421164 c2=2:24658303923248 c3=3:24658304328039 CH: 4/id4/k0 30/id14/k1 39/id7/k2 50/id2/k3
FS n=64 fsseq=539264 buf=4 c0=0:24658303920748 c1=1:24658304421164 c2=2:24658303923248 c3=3:24658304328039 CH:
FS n=64 fsseq=539264 buf=4 c0=0:24658303920748 c1=1:24658304421164 c2=2:24658303923248 c3=3:24658304328039 CH:
FS n=64 fsseq=538476 buf=12 c0=0:24658321808925 c1=1:24658321829185 c2=2:24658321830644 c3=3:24658321875800 CH:
FS n=64 fsseq=538476 buf=12 c0=0:24658321808925 c1=1:24658321829185 c2=2:24658321830644 c3=3:24658321875800 CH: 4/id4/k0 12/id12/k0 26/id10/k1 43/id11/k2 58/id10/k3
FS n=64 fsseq=538476 buf=12 c0=0:24658321808925 c1=1:24658321829185 c2=2:24658321830644 c3=3:24658321875800 CH:
FS n=64 fsseq=539265 buf=6 c0=0:24658343908612 c1=1:24658344411841 c2=2:24658343914498 c3=3:24658344322831 CH:
FS n=64 fsseq=539265 buf=6 c0=0:24658343908612 c1=1:24658344411841 c2=2:24658343914498 c3=3:24658344322831 CH: 6/id6/k0 28/id12/k1 37/id5/k2 51/id3/k3
FS n=64 fsseq=539265 buf=6 c0=0:24658343908612 c1=1:24658344411841 c2=2:24658343914498 c3=3:24658344322831 CH:
FS n=64 fsseq=538477 buf=14 c0=0:24658361804654 c1=1:24658361804654 c2=2:24658361827675 c3=3:24658361874446 CH: 14/id14/k0 23/id7/k1 47/id15/k2 61/id13/k3
FS n=64 fsseq=538477 buf=14 c0=0:24658361804654 c1=1:24658361804654 c2=2:24658361827675 c3=3:24658361874446 CH:
FS n=64 fsseq=538477 buf=14 c0=0:24658361804654 c1=1:24658361804654 c2=2:24658361827675 c3=3:24658361874446 CH:
FS n=64 fsseq=539266 buf=8 c0=0:24658383907518 c1=1:24658384438925 c2=2:24658383907518 c3=3:24658384318716 CH: 53/id5/k3
FS n=64 fsseq=539266 buf=8 c0=0:24658383907518 c1=1:24658384438925 c2=2:24658383907518 c3=3:24658384318716 CH: 53/id5/k3
FS n=64 fsseq=539266 buf=8 c0=0:24658383907518 c1=1:24658384438925 c2=2:24658383907518 c3=3:24658384318716 CH: 8/id8/k0 31/id15/k1 34/id2/k2 53/id5/k3
FS n=64 fsseq=538478 buf=9 c0=0:24658401828821 c1=1:24658401829237 c2=2:24658401918925 c3=3:24658401911685 CH:
FS n=64 fsseq=538478 buf=9 c0=0:24658401828821 c1=1:24658401829237 c2=2:24658401918925 c3=3:24658401911685 CH: 9/id9/k0 16/id0/k1 42/id10/k2
FS n=64 fsseq=538478 buf=9 c0=0:24658401828821 c1=1:24658401829237 c2=2:24658401918925 c3=3:24658401911685 CH: 63/id15/k3
FS n=64 fsseq=539267 buf=10 c0=0:24658423906373 c1=1:24658424417258 c2=2:24658423913977 c3=3:24658424325123 CH: 10/id10/k0 17/id1/k1 35/id3/k2 55/id7/k3
FS n=64 fsseq=539267 buf=10 c0=0:24658423906373 c1=1:24658424417258 c2=2:24658423913977 c3=3:24658424325123 CH:
FS n=64 fsseq=539267 buf=10 c0=0:24658423906373 c1=1:24658424417258 c2=2:24658423913977 c3=3:24658424325123 CH: 10/id10/k0 17/id1/k1 35/id3/k2 55/id7/k3
FS n=64 fsseq=538479 buf=3 c0=0:24658441804550 c1=1:24658441804550 c2=2:24658441830279 c3=3:24658441881946 CH: 3/id3/k0 18/id2/k1 44/id12/k2 59/id11/k3
FS n=64 fsseq=538479 buf=3 c0=0:24658441804550 c1=1:24658441804550 c2=2:24658441830279 c3=3:24658441881946 CH: 3/id3/k0 44/id12/k2 59/id11/k3
FS n=64 fsseq=538479 buf=3 c0=0:24658441804550 c1=1:24658441804550 c2=2:24658441830279 c3=3:24658441881946 CH:
FS n=64 fsseq=539268 buf=7 c0=0:24658463937831 c1=1:24658464413352 c2=2:24658463944289 c3=3:24658464328300 CH:
FS n=64 fsseq=539268 buf=7 c0=0:24658463937831 c1=1:24658464413352 c2=2:24658463944289 c3=3:24658464328300 CH: 7/id7/k0 22/id6/k1 40/id8/k2 56/id8/k3
FS n=64 fsseq=539268 buf=7 c0=0:24658463937831 c1=1:24658464413352 c2=2:24658463944289 c3=3:24658464328300 CH:
FS n=64 fsseq=538480 buf=11 c0=0:24658481804966 c1=1:24658481804966 c2=2:24658481871789 c3=3:24658481861216 CH: 11/id11/k0 19/id3/k1 45/id13/k2 57/id9/k3
FS n=64 fsseq=538480 buf=11 c0=0:24658481804966 c1=1:24658481804966 c2=2:24658481871789 c3=3:24658481861216 CH:
FS n=64 fsseq=538480 buf=11 c0=0:24658481804966 c1=1:24658481804966 c2=2:24658481871789 c3=3:24658481861216 CH:
FS n=64 fsseq=539269 buf=1 c0=0:24658503909550 c1=1:24658504412258 c2=2:24658503919862 c3=3:24658504321685 CH: 1/id1/k0 27/id11/k1 32/id0/k2 48/id0/k3
FS n=64 fsseq=539269 buf=1 c0=0:24658503909550 c1=1:24658504412258 c2=2:24658503919862 c3=3:24658504321685 CH: 27/id11/k1 32/id0/k2 48/id0/k3
FS n=64 fsseq=539269 buf=1 c0=0:24658503909550 c1=1:24658504412258 c2=2:24658503919862 c3=3:24658504321685 CH:
FS n=64 fsseq=538481 buf=13 c0=0:24658521802414 c1=1:24658521802414 c2=2:24658521878091 c3=3:24658521847154 CH: 13/id13/k0 21/id5/k1 46/id14/k2 60/id12/k3
FS n=64 fsseq=538481 buf=13 c0=0:24658521802414 c1=1:24658521802414 c2=2:24658521878091 c3=3:24658521847154 CH:
FS n=64 fsseq=538481 buf=13 c0=0:24658521802414 c1=1:24658521802414 c2=2:24658521878091 c3=3:24658521847154 CH:
FS n=64 fsseq=539270 buf=5 c0=0:24658543914237 c1=1:24658544415800 c2=2:24658543924706 c3=3:24658544328248 CH: 5/id5/k0 29/id13/k1 36/id4/k2 52/id4/k3
FS n=64 fsseq=539270 buf=5 c0=0:24658543914237 c1=1:24658544415800 c2=2:24658543924706 c3=3:24658544328248 CH:
FS n=64 fsseq=539270 buf=5 c0=0:24658543914237 c1=1:24658544415800 c2=2:24658543924706 c3=3:24658544328248 CH:
FS n=64 fsseq=538482 buf=15 c0=0:24658561844862 c1=1:24658561844862 c2=2:24658561900123 c3=3:24658561919498 CH: 15/id15/k0 20/id4/k1 38/id6/k2 62/id14/k3
FS n=64 fsseq=538482 buf=15 c0=0:24658561844862 c1=1:24658561844862 c2=2:24658561900123 c3=3:24658561919498 CH:
FS n=64 fsseq=538482 buf=15 c0=0:24658561844862 c1=1:24658561844862 c2=2:24658561900123 c3=3:24658561919498 CH:
FS n=64 fsseq=539271 buf=0 c0=0:24658583927623 c1=1:24658584423977 c2=2:24658583930695 c3=3:24658584323664 CH: 0/id0/k0 24/id8/k1 33/id1/k2 49/id1/k3
FS n=64 fsseq=539271 buf=0 c0=0:24658583927623 c1=1:24658584423977 c2=2:24658583930695 c3=3:24658584323664 CH:
FS n=64 fsseq=539271 buf=0 c0=0:24658583927623 c1=1:24658584423977 c2=2:24658583930695 c3=3:24658584323664 CH:
FS n=64 fsseq=538483 buf=2 c0=0:24658601808560 c1=1:24658601808560 c2=2:24658601837779 c3=3:24658601886841 CH: 2/id2/k0 25/id9/k1 41/id9/k2 54/id6/k3
FS n=64 fsseq=538483 buf=2 c0=0:24658601808560 c1=1:24658601808560 c2=2:24658601837779 c3=3:24658601886841 CH:
FS n=64 fsseq=538483 buf=2 c0=0:24658601808560 c1=1:24658601808560 c2=2:24658601837779 c3=3:24658601886841 CH:
FS n=64 fsseq=539272 buf=4 c0=0:24658623920435 c1=1:24658624427362 c2=2:24658623920643 c3=3:24658624333300 CH: 4/id4/k0 30/id14/k1 39/id7/k2 50/id2/k3
FS n=64 fsseq=539272 buf=4 c0=0:24658623920435 c1=1:24658624427362 c2=2:24658623920643 c3=3:24658624333300 CH:
FS n=64 fsseq=539272 buf=4 c0=0:24658623920435 c1=1:24658624427362 c2=2:24658623920643 c3=3:24658624333300 CH:
FS n=64 fsseq=538484 buf=12 c0=0:24658641806685 c1=1:24658641806633 c2=2:24658641826529 c3=3:24658641864810 CH: 12/id12/k0 26/id10/k1 43/id11/k2 58/id10/k3
FS n=64 fsseq=538484 buf=12 c0=0:24658641806685 c1=1:24658641806633 c2=2:24658641826529 c3=3:24658641864810 CH:
FS n=64 fsseq=538484 buf=12 c0=0:24658641806685 c1=1:24658641806633 c2=2:24658641826529 c3=3:24658641864810 CH:
FS n=64 fsseq=539273 buf=6 c0=0:24658663921893 c1=1:24658664417414 c2=2:24658663921893 c3=3:24658664325904 CH: 6/id6/k0 28/id12/k1 37/id5/k2 51/id3/k3
FS n=64 fsseq=539273 buf=6 c0=0:24658663921893 c1=1:24658664417414 c2=2:24658663921893 c3=3:24658664325904 CH:
FS n=64 fsseq=539273 buf=6 c0=0:24658663921893 c1=1:24658664417414 c2=2:24658663921893 c3=3:24658664325904 CH:
FS n=64 fsseq=538485 buf=14 c0=0:24658681813091 c1=1:24658681813091 c2=2:24658681868195 c3=3:24658681878248 CH: 6/id6/k0 14/id14/k0 23/id7/k1 47/id15/k2 61/id13/k3
FS n=64 fsseq=538485 buf=14 c0=0:24658681813091 c1=1:24658681813091 c2=2:24658681868195 c3=3:24658681878248 CH:
FS n=64 fsseq=538485 buf=14 c0=0:24658681813091 c1=1:24658681813091 c2=2:24658681868195 c3=3:24658681878248 CH:
FS n=64 fsseq=539274 buf=8 c0=0:24658703912727 c1=1:24658704417518 c2=2:24658703923039 c3=3:24658704329029 CH: 8/id8/k0 31/id15/k1 34/id2/k2 53/id5/k3
FS n=64 fsseq=539274 buf=8 c0=0:24658703912727 c1=1:24658704417518 c2=2:24658703923039 c3=3:24658704329029 CH:
FS n=64 fsseq=539274 buf=8 c0=0:24658703912727 c1=1:24658704417518 c2=2:24658703923039 c3=3:24658704329029 CH:
FS n=64 fsseq=538486 buf=9 c0=0:24658721840695 c1=1:24658721840695 c2=2:24658721901425 c3=3:24658721915070 CH: 9/id9/k0 16/id0/k1 42/id10/k2 63/id15/k3
FS n=64 fsseq=538486 buf=9 c0=0:24658721840695 c1=1:24658721840695 c2=2:24658721901425 c3=3:24658721915070 CH:
FS n=64 fsseq=538486 buf=9 c0=0:24658721840695 c1=1:24658721840695 c2=2:24658721901425 c3=3:24658721915070 CH:
FS n=64 fsseq=539275 buf=10 c0=0:24658743915487 c1=1:24658744417935 c2=2:24658743919445 c3=3:24658744325227 CH: 10/id10/k0 17/id1/k1 35/id3/k2 55/id7/k3
FS n=64 fsseq=539275 buf=10 c0=0:24658743915487 c1=1:24658744417935 c2=2:24658743919445 c3=3:24658744325227 CH:
FS n=64 fsseq=539275 buf=10 c0=0:24658743915487 c1=1:24658744417935 c2=2:24658743919445 c3=3:24658744325227 CH:
FS n=64 fsseq=538487 buf=3 c0=0:24658761817362 c1=1:24658761817310 c2=2:24658761837466 c3=3:24658761870904 CH: 3/id3/k0 18/id2/k1 44/id12/k2 59/id11/k3
FS n=64 fsseq=538487 buf=3 c0=0:24658761817362 c1=1:24658761817310 c2=2:24658761837466 c3=3:24658761870904 CH:
FS n=64 fsseq=538487 buf=3 c0=0:24658761817362 c1=1:24658761817310 c2=2:24658761837466 c3=3:24658761870904 CH:
FS n=64 fsseq=539276 buf=7 c0=0:24658783916997 c1=1:24658784433612 c2=2:24658783919602 c3=3:24658784337570 CH: 7/id7/k0 22/id6/k1 40/id8/k2 56/id8/k3
FS n=64 fsseq=539276 buf=7 c0=0:24658783916997 c1=1:24658784433612 c2=2:24658783919602 c3=3:24658784337570 CH:
FS n=64 fsseq=539276 buf=7 c0=0:24658783916997 c1=1:24658784433612 c2=2:24658783919602 c3=3:24658784337570 CH:
FS n=64 fsseq=538488 buf=11 c0=0:24658801819029 c1=1:24658801819133 c2=2:24658801844654 c3=3:24658801883039 CH: 11/id11/k0 19/id3/k1 45/id13/k2 57/id9/k3
FS n=64 fsseq=538488 buf=11 c0=0:24658801819029 c1=1:24658801819133 c2=2:24658801844654 c3=3:24658801883039 CH:
FS n=64 fsseq=538488 buf=11 c0=0:24658801819029 c1=1:24658801819133 c2=2:24658801844654 c3=3:24658801883039 CH:
FS n=64 fsseq=539277 buf=1 c0=0:24658823916216 c1=1:24658824419706 c2=2:24658823918977 c3=3:24658824324289 CH: 1/id1/k0 27/id11/k1 32/id0/k2 48/id0/k3
FS n=64 fsseq=539277 buf=1 c0=0:24658823916216 c1=1:24658824419706 c2=2:24658823918977 c3=3:24658824324289 CH:
FS n=64 fsseq=539277 buf=1 c0=0:24658823916216 c1=1:24658824419706 c2=2:24658823918977 c3=3:24658824324289 CH:
FS n=64 fsseq=538489 buf=13 c0=0:24658841822310 c1=1:24658841822310 c2=2:24658841876477 c3=3:24658841883612 CH: 13/id13/k0 21/id5/k1 46/id14/k2 60/id12/k3
FS n=64 fsseq=538489 buf=13 c0=0:24658841822310 c1=1:24658841822310 c2=2:24658841876477 c3=3:24658841883612 CH:
FS n=64 fsseq=538489 buf=13 c0=0:24658841822310 c1=1:24658841822310 c2=2:24658841876477 c3=3:24658841883612 CH:
FS n=64 fsseq=539278 buf=5 c0=0:24658863915643 c1=1:24658864425122 c2=2:24658863927987 c3=3:24658864329289 CH: 5/id5/k0 29/id13/k1 36/id4/k2 52/id4/k3
FS n=64 fsseq=539278 buf=5 c0=0:24658863915643 c1=1:24658864425122 c2=2:24658863927987 c3=3:24658864329289 CH:
FS n=64 fsseq=539278 buf=5 c0=0:24658863915643 c1=1:24658864425122 c2=2:24658863927987 c3=3:24658864329289 CH:
FS n=64 fsseq=538490 buf=15 c0=0:24658881940383 c1=1:24658881885643 c2=2:24658881885539 c3=3:24658881910852 CH: 15/id15/k0 20/id4/k1 38/id6/k2 62/id14/k3
FS n=64 fsseq=538490 buf=15 c0=0:24658881940383 c1=1:24658881885643 c2=2:24658881885539 c3=3:24658881910852 CH:
FS n=64 fsseq=538490 buf=15 c0=0:24658881940383 c1=1:24658881885643 c2=2:24658881885539 c3=3:24658881910852 CH:
FS n=64 fsseq=539279 buf=0 c0=0:24658903918247 c1=1:24658904421581 c2=2:24658903917987 c3=3:24658904329550 CH: 0/id0/k0 24/id8/k1 33/id1/k2 49/id1/k3
FS n=64 fsseq=539279 buf=0 c0=0:24658903918247 c1=1:24658904421581 c2=2:24658903917987 c3=3:24658904329550 CH:
FS n=64 fsseq=539279 buf=0 c0=0:24658903918247 c1=1:24658904421581 c2=2:24658903917987 c3=3:24658904329550 CH:
FS n=64 fsseq=538491 buf=2 c0=0:24658921832310 c1=1:24658921880227 c2=2:24658921851372 c3=3:24658921893560 CH: 2/id2/k0 25/id9/k1 41/id9/k2 54/id6/k3
FS n=64 fsseq=538491 buf=2 c0=0:24658921832310 c1=1:24658921880227 c2=2:24658921851372 c3=3:24658921893560 CH:
FS n=64 fsseq=538491 buf=2 c0=0:24658921832310 c1=1:24658921880227 c2=2:24658921851372 c3=3:24658921893560 CH:
FS n=64 fsseq=539280 buf=4 c0=0:24658943935904 c1=1:24658944430070 c2=2:24658943926685 c3=3:24658944332154 CH: 4/id4/k0 30/id14/k1 39/id7/k2 50/id2/k3
FS n=64 fsseq=539280 buf=4 c0=0:24658943935904 c1=1:24658944430070 c2=2:24658943926685 c3=3:24658944332154 CH:
FS n=64 fsseq=539280 buf=4 c0=0:24658943935904 c1=1:24658944430070 c2=2:24658943926685 c3=3:24658944332154 CH:
FS n=64 fsseq=538492 buf=12 c0=0:24658961810383 c1=1:24658961816112 c2=2:24658961844185 c3=3:24658961860904 CH: 12/id12/k0
FS n=64 fsseq=538492 buf=12 c0=0:24658961810383 c1=1:24658961816112 c2=2:24658961844185 c3=3:24658961860904 CH: 26/id10/k1 43/id11/k2 58/id10/k3
FS n=64 fsseq=538492 buf=12 c0=0:24658961810383 c1=1:24658961816112 c2=2:24658961844185 c3=3:24658961860904 CH:
FS n=64 fsseq=539281 buf=6 c0=0:24658983929810 c1=1:24658984422727 c2=2:24658983929758 c3=3:24658984329237 CH:
FS n=64 fsseq=539281 buf=6 c0=0:24658983929810 c1=1:24658984422727 c2=2:24658983929758 c3=3:24658984329237 CH: 6/id6/k0 28/id12/k1 37/id5/k2 51/id3/k3
FS n=64 fsseq=539281 buf=6 c0=0:24658983929810 c1=1:24658984422727 c2=2:24658983929758 c3=3:24658984329237 CH: 51/id3/k3
FS n=64 fsseq=538493 buf=14 c0=0:24659001818716 c1=1:24659001823404 c2=2:24659001847414 c3=3:24659001894706 CH:
FS n=64 fsseq=538493 buf=14 c0=0:24659001818716 c1=1:24659001823404 c2=2:24659001847414 c3=3:24659001894706 CH: 14/id14/k0 23/id7/k1 47/id15/k2 61/id13/k3
FS n=64 fsseq=538493 buf=14 c0=0:24659001818716 c1=1:24659001823404 c2=2:24659001847414 c3=3:24659001894706 CH:
FS n=64 fsseq=539282 buf=8 c0=0:24659023918768 c1=1:24659024425799 c2=2:24659023918508 c3=3:24659024331841 CH:
FS n=64 fsseq=539282 buf=8 c0=0:24659023918768 c1=1:24659024425799 c2=2:24659023918508 c3=3:24659024331841 CH: 8/id8/k0 31/id15/k1 34/id2/k2 53/id5/k3
FS n=64 fsseq=539282 buf=8 c0=0:24659023918768 c1=1:24659024425799 c2=2:24659023918508 c3=3:24659024331841 CH:
FS n=64 fsseq=538494 buf=9 c0=0:24659041849602 c1=1:24659041849602 c2=2:24659041912154 c3=3:24659041937049 CH: 42/id10/k2 63/id15/k3
FS n=64 fsseq=538494 buf=9 c0=0:24659041849602 c1=1:24659041849602 c2=2:24659041912154 c3=3:24659041937049 CH: 9/id9/k0 16/id0/k1 42/id10/k2
FS n=64 fsseq=538494 buf=9 c0=0:24659041849602 c1=1:24659041849602 c2=2:24659041912154 c3=3:24659041937049 CH: 9/id9/k0 16/id0/k1 63/id15/k3
FS n=64 fsseq=539283 buf=10 c0=0:24659063939549 c1=1:24659064424081 c2=2:24659063943508 c3=3:24659064330122 CH: 17/id1/k1 35/id3/k2 55/id7/k3
FS n=64 fsseq=539283 buf=10 c0=0:24659063939549 c1=1:24659064424081 c2=2:24659063943508 c3=3:24659064330122 CH:
FS n=64 fsseq=539283 buf=10 c0=0:24659063939549 c1=1:24659064424081 c2=2:24659063943508 c3=3:24659064330122 CH: 10/id10/k0 17/id1/k1 35/id3/k2 55/id7/k3
FS n=64 fsseq=538495 buf=3 c0=0:24659081826320 c1=1:24659081826320 c2=2:24659081878456 c3=3:24659081893195 CH: 3/id3/k0 18/id2/k1 44/id12/k2 59/id11/k3
FS n=64 fsseq=538495 buf=3 c0=0:24659081826320 c1=1:24659081826320 c2=2:24659081878456 c3=3:24659081893195 CH:
FS n=64 fsseq=538495 buf=3 c0=0:24659081826320 c1=1:24659081826320 c2=2:24659081878456 c3=3:24659081893195 CH:
FS n=64 fsseq=539284 buf=7 c0=0:24659103919914 c1=1:24659104428664 c2=2:24659103929081 c3=3:24659104344497 CH: 7/id7/k0 22/id6/k1 40/id8/k2 56/id8/k3
FS n=64 fsseq=539284 buf=7 c0=0:24659103919914 c1=1:24659104428664 c2=2:24659103929081 c3=3:24659104344497 CH:
FS n=64 fsseq=539284 buf=7 c0=0:24659103919914 c1=1:24659104428664 c2=2:24659103929081 c3=3:24659104344497 CH:
FS n=64 fsseq=538496 buf=11 c0=0:24659121814549 c1=1:24659121814654 c2=2:24659121840279 c3=3:24659121884289 CH: 11/id11/k0 19/id3/k1 45/id13/k2 57/id9/k3
FS n=64 fsseq=538496 buf=11 c0=0:24659121814549 c1=1:24659121814654 c2=2:24659121840279 c3=3:24659121884289 CH:
FS n=64 fsseq=538496 buf=11 c0=0:24659121814549 c1=1:24659121814654 c2=2:24659121840279 c3=3:24659121884289 CH:
FS n=64 fsseq=539285 buf=1 c0=0:24659143921737 c1=1:24659144425747 c2=2:24659143924393 c3=3:24659144334706 CH: 32/id0/k2 48/id0/k3
FS n=64 fsseq=539285 buf=1 c0=0:24659143921737 c1=1:24659144425747 c2=2:24659143924393 c3=3:24659144334706 CH:
FS n=64 fsseq=539285 buf=1 c0=0:24659143921737 c1=1:24659144425747 c2=2:24659143924393 c3=3:24659144334706 CH: 1/id1/k0 27/id11/k1
FS n=64 fsseq=538497 buf=13 c0=0:24659161820122 c1=1:24659161820122 c2=2:24659161837570 c3=3:24659161882570 CH: 13/id13/k0 21/id5/k1 46/id14/k2 60/id12/k3
FS n=64 fsseq=538497 buf=13 c0=0:24659161820122 c1=1:24659161820122 c2=2:24659161837570 c3=3:24659161882570 CH:
FS n=64 fsseq=538497 buf=13 c0=0:24659161820122 c1=1:24659161820122 c2=2:24659161837570 c3=3:24659161882570 CH:
FS n=64 fsseq=539286 buf=5 c0=0:24659183929497 c1=1:24659184426372 c2=2:24659183931737 c3=3:24659184329549 CH: 5/id5/k0 29/id13/k1 36/id4/k2 52/id4/k3
FS n=64 fsseq=539286 buf=5 c0=0:24659183929497 c1=1:24659184426372 c2=2:24659183931737 c3=3:24659184329549 CH:
FS n=64 fsseq=539286 buf=5 c0=0:24659183929497 c1=1:24659184426372 c2=2:24659183931737 c3=3:24659184329549 CH:
FS n=64 fsseq=538498 buf=15 c0=0:24659201872049 c1=1:24659201872049 c2=2:24659201946997 c3=3:24659201946529 CH:
FS n=64 fsseq=538498 buf=15 c0=0:24659201872049 c1=1:24659201872049 c2=2:24659201946997 c3=3:24659201946529 CH: 15/id15/k0 20/id4/k1 38/id6/k2 62/id14/k3
FS n=64 fsseq=538498 buf=15 c0=0:24659201872049 c1=1:24659201872049 c2=2:24659201946997 c3=3:24659201946529 CH:
FS n=64 fsseq=539287 buf=0 c0=0:24659223926529 c1=1:24659224425487 c2=2:24659223931164 c3=3:24659224343247 CH:
FS n=64 fsseq=539287 buf=0 c0=0:24659223926529 c1=1:24659224425487 c2=2:24659223931164 c3=3:24659224343247 CH: 33/id1/k2 49/id1/k3
FS n=64 fsseq=539287 buf=0 c0=0:24659223926529 c1=1:24659224425487 c2=2:24659223931164 c3=3:24659224343247 CH: 0/id0/k0 24/id8/k1 33/id1/k2 49/id1/k3
FS n=64 fsseq=538499 buf=2 c0=0:24659241822935 c1=1:24659241828456 c2=2:24659241877466 c3=3:24659241873768 CH:
FS n=64 fsseq=538499 buf=2 c0=0:24659241822935 c1=1:24659241828456 c2=2:24659241877466 c3=3:24659241873768 CH: 2/id2/k0 25/id9/k1 41/id9/k2 54/id6/k3
FS n=64 fsseq=538499 buf=2 c0=0:24659241822935 c1=1:24659241828456 c2=2:24659241877466 c3=3:24659241873768 CH:
FS n=64 fsseq=539288 buf=4 c0=0:24659263940904 c1=1:24659264433976 c2=2:24659263951164 c3=3:24659264335851 CH: 30/id14/k1 39/id7/k2 50/id2/k3
FS n=64 fsseq=539288 buf=4 c0=0:24659263940904 c1=1:24659264433976 c2=2:24659263951164 c3=3:24659264335851 CH: 30/id14/k1 39/id7/k2 50/id2/k3
FS n=64 fsseq=539288 buf=4 c0=0:24659263940904 c1=1:24659264433976 c2=2:24659263951164 c3=3:24659264335851 CH: 4/id4/k0 30/id14/k1 39/id7/k2 50/id2/k3
FS n=64 fsseq=538500 buf=12 c0=0:24659281820539 c1=1:24659281820435 c2=2:24659281848976 c3=3:24659281902154 CH: 12/id12/k0 26/id10/k1 58/id10/k3
FS n=64 fsseq=538500 buf=12 c0=0:24659281820539 c1=1:24659281820435 c2=2:24659281848976 c3=3:24659281902154 CH: 12/id12/k0 26/id10/k1 43/id11/k2 58/id10/k3
FS n=64 fsseq=538500 buf=12 c0=0:24659281820539 c1=1:24659281820435 c2=2:24659281848976 c3=3:24659281902154 CH:
FS n=64 fsseq=539289 buf=6 c0=0:24659303921841 c1=1:24659304431320 c2=2:24659303923976 c3=3:24659304333560 CH: 6/id6/k0 28/id12/k1 51/id3/k3
FS n=64 fsseq=539289 buf=6 c0=0:24659303921841 c1=1:24659304431320 c2=2:24659303923976 c3=3:24659304333560 CH: 51/id3/k3
FS n=64 fsseq=539289 buf=6 c0=0:24659303921841 c1=1:24659304431320 c2=2:24659303923976 c3=3:24659304333560 CH: 6/id6/k0 28/id12/k1 37/id5/k2 51/id3/k3
FS n=64 fsseq=538501 buf=14 c0=0:24659321835747 c1=1:24659321835747 c2=2:24659321877154 c3=3:24659321891476 CH: 14/id14/k0 23/id7/k1 47/id15/k2 61/id13/k3
FS n=64 fsseq=538501 buf=14 c0=0:24659321835747 c1=1:24659321835747 c2=2:24659321877154 c3=3:24659321891476 CH:
FS n=64 fsseq=538501 buf=14 c0=0:24659321835747 c1=1:24659321835747 c2=2:24659321877154 c3=3:24659321891476 CH: 47/id15/k2 61/id13/k3
FS n=64 fsseq=539290 buf=8 c0=0:24659343921841 c1=1:24659344426789 c2=2:24659343934497 c3=3:24659344350122 CH:
FS n=64 fsseq=539290 buf=8 c0=0:24659343921841 c1=1:24659344426789 c2=2:24659343934497 c3=3:24659344350122 CH: 8/id8/k0 31/id15/k1 34/id2/k2 53/id5/k3
FS n=64 fsseq=539290 buf=8 c0=0:24659343921841 c1=1:24659344426789 c2=2:24659343934497 c3=3:24659344350122 CH: 53/id5/k3
FS n=64 fsseq=538502 buf=9 c0=0:24659361838768 c1=1:24659361842414 c2=2:24659361911685 c3=3:24659361920487 CH: 9/id9/k0 16/id0/k1 42/id10/k2 63/id15/k3
FS n=64 fsseq=538502 buf=9 c0=0:24659361838768 c1=1:24659361842414 c2=2:24659361911685 c3=3:24659361920487 CH: 63/id15/k3
FS n=64 fsseq=538502 buf=9 c0=0:24659361838768 c1=1:24659361842414 c2=2:24659361911685 c3=3:24659361920487 CH:
FS n=64 fsseq=539291 buf=10 c0=0:24659383944185 c1=1:24659384443924 c2=2:24659383948247 c3=3:24659384333091 CH: 10/id10/k0 17/id1/k1
FS n=64 fsseq=539291 buf=10 c0=0:24659383944185 c1=1:24659384443924 c2=2:24659383948247 c3=3:24659384333091 CH: 10/id10/k0 17/id1/k1 35/id3/k2 55/id7/k3
FS n=64 fsseq=539291 buf=10 c0=0:24659383944185 c1=1:24659384443924 c2=2:24659383948247 c3=3:24659384333091 CH: 35/id3/k2 55/id7/k3
FS n=64 fsseq=538503 buf=3 c0=0:24659401824341 c1=1:24659401823976 c2=2:24659401879914 c3=3:24659401883820 CH: 18/id2/k1 44/id12/k2 59/id11/k3
FS n=64 fsseq=538503 buf=3 c0=0:24659401824341 c1=1:24659401823976 c2=2:24659401879914 c3=3:24659401883820 CH:
FS n=64 fsseq=538503 buf=3 c0=0:24659401824341 c1=1:24659401823976 c2=2:24659401879914 c3=3:24659401883820 CH: 3/id3/k0
FS n=64 fsseq=539292 buf=7 c0=0:24659423923299 c1=1:24659424433299 c2=2:24659423934654 c3=3:24659424339393 CH: 7/id7/k0 22/id6/k1 40/id8/k2 56/id8/k3
FS n=64 fsseq=539292 buf=7 c0=0:24659423923299 c1=1:24659424433299 c2=2:24659423934654 c3=3:24659424339393 CH:
FS n=64 fsseq=539292 buf=7 c0=0:24659423923299 c1=1:24659424433299 c2=2:24659423934654 c3=3:24659424339393 CH:
FS n=64 fsseq=538504 buf=11 c0=0:24659441821581 c1=1:24659441821372 c2=2:24659441843039 c3=3:24659441886893 CH: 11/id11/k0 19/id3/k1 45/id13/k2 57/id9/k3
FS n=64 fsseq=538504 buf=11 c0=0:24659441821581 c1=1:24659441821372 c2=2:24659441843039 c3=3:24659441886893 CH:
FS n=64 fsseq=538504 buf=11 c0=0:24659441821581 c1=1:24659441821372 c2=2:24659441843039 c3=3:24659441886893 CH:
FS n=64 fsseq=539293 buf=1 c0=0:24659463923768 c1=1:24659464431685 c2=2:24659463929237 c3=3:24659464336633 CH: 1/id1/k0 27/id11/k1 32/id0/k2 48/id0/k3
FS n=64 fsseq=539293 buf=1 c0=0:24659463923768 c1=1:24659464431685 c2=2:24659463929237 c3=3:24659464336633 CH:
FS n=64 fsseq=539293 buf=1 c0=0:24659463923768 c1=1:24659464431685 c2=2:24659463929237 c3=3:24659464336633 CH:
FS n=64 fsseq=538505 buf=13 c0=0:24659481823195 c1=1:24659481877153 c2=2:24659481846060 c3=3:24659481885018 CH: 13/id13/k0 21/id5/k1 46/id14/k2 60/id12/k3
FS n=64 fsseq=538505 buf=13 c0=0:24659481823195 c1=1:24659481877153 c2=2:24659481846060 c3=3:24659481885018 CH:
FS n=64 fsseq=538505 buf=13 c0=0:24659481823195 c1=1:24659481877153 c2=2:24659481846060 c3=3:24659481885018 CH:
FS n=64 fsseq=539294 buf=5 c0=0:24659503924549 c1=1:24659504431372 c2=2:24659503926320 c3=3:24659504342049 CH: 5/id5/k0 29/id13/k1 36/id4/k2 52/id4/k3
FS n=64 fsseq=539294 buf=5 c0=0:24659503924549 c1=1:24659504431372 c2=2:24659503926320 c3=3:24659504342049 CH:
FS n=64 fsseq=539294 buf=5 c0=0:24659503924549 c1=1:24659504431372 c2=2:24659503926320 c3=3:24659504342049 CH:
FS n=64 fsseq=538506 buf=15 c0=0:24659521821060 c1=1:24659521826060 c2=2:24659521850851 c3=3:24659521898872 CH: 5/id5/k0 15/id15/k0 20/id4/k1 38/id6/k2 62/id14/k3
FS n=64 fsseq=538506 buf=15 c0=0:24659521821060 c1=1:24659521826060 c2=2:24659521850851 c3=3:24659521898872 CH:
FS n=64 fsseq=538506 buf=15 c0=0:24659521821060 c1=1:24659521826060 c2=2:24659521850851 c3=3:24659521898872 CH:
FS n=64 fsseq=539295 buf=0 c0=0:24659543937310 c1=1:24659544435643 c2=2:24659543952778 c3=3:24659544340174 CH: 0/id0/k0 24/id8/k1 33/id1/k2 49/id1/k3
FS n=64 fsseq=539295 buf=0 c0=0:24659543937310 c1=1:24659544435643 c2=2:24659543952778 c3=3:24659544340174 CH:
FS n=64 fsseq=539295 buf=0 c0=0:24659543937310 c1=1:24659544435643 c2=2:24659543952778 c3=3:24659544340174 CH:
FS n=64 fsseq=538507 buf=2 c0=0:24659561818664 c1=1:24659561818351 c2=2:24659561847726 c3=3:24659561892258 CH: 2/id2/k0 25/id9/k1 41/id9/k2 54/id6/k3
FS n=64 fsseq=538507 buf=2 c0=0:24659561818664 c1=1:24659561818351 c2=2:24659561847726 c3=3:24659561892258 CH:
FS n=64 fsseq=538507 buf=2 c0=0:24659561818664 c1=1:24659561818351 c2=2:24659561847726 c3=3:24659561892258 CH:
FS n=64 fsseq=539296 buf=4 c0=0:24659583924758 c1=1:24659584433456 c2=2:24659583928612 c3=3:24659584338560 CH: 30/id14/k1 39/id7/k2 50/id2/k3
FS n=64 fsseq=539296 buf=4 c0=0:24659583924758 c1=1:24659584433456 c2=2:24659583928612 c3=3:24659584338560 CH: 39/id7/k2 50/id2/k3
FS n=64 fsseq=539296 buf=4 c0=0:24659583924758 c1=1:24659584433456 c2=2:24659583928612 c3=3:24659584338560 CH: 4/id4/k0
FS n=64 fsseq=538508 buf=12 c0=0:24659601825903 c1=1:24659601827362 c2=2:24659601848039 c3=3:24659601891685 CH: 12/id12/k0 26/id10/k1 43/id11/k2 58/id10/k3
FS n=64 fsseq=538508 buf=12 c0=0:24659601825903 c1=1:24659601827362 c2=2:24659601848039 c3=3:24659601891685 CH:
FS n=64 fsseq=538508 buf=12 c0=0:24659601825903 c1=1:24659601827362 c2=2:24659601848039 c3=3:24659601891685 CH:
FS n=64 fsseq=539297 buf=6 c0=0:24659623922726 c1=1:24659624437622 c2=2:24659623924185 c3=3:24659624333508 CH: 6/id6/k0 28/id12/k1 37/id5/k2 51/id3/k3
FS n=64 fsseq=539297 buf=6 c0=0:24659623922726 c1=1:24659624437622 c2=2:24659623924185 c3=3:24659624333508 CH:
FS n=64 fsseq=539297 buf=6 c0=0:24659623922726 c1=1:24659624437622 c2=2:24659623924185 c3=3:24659624333508 CH:
FS n=64 fsseq=538509 buf=14 c0=0:24659641832310 c1=1:24659641832310 c2=2:24659641884028 c3=3:24659641893820 CH: 14/id14/k0 23/id7/k1 47/id15/k2 61/id13/k3
FS n=64 fsseq=538509 buf=14 c0=0:24659641832310 c1=1:24659641832310 c2=2:24659641884028 c3=3:24659641893820 CH:
FS n=64 fsseq=538509 buf=14 c0=0:24659641832310 c1=1:24659641832310 c2=2:24659641884028 c3=3:24659641893820 CH:
FS n=64 fsseq=539298 buf=8 c0=0:24659663932101 c1=1:24659664436528 c2=2:24659663941320 c3=3:24659664342258 CH: 8/id8/k0 31/id15/k1 34/id2/k2 53/id5/k3
FS n=64 fsseq=539298 buf=8 c0=0:24659663932101 c1=1:24659664436528 c2=2:24659663941320 c3=3:24659664342258 CH:
FS n=64 fsseq=539298 buf=8 c0=0:24659663932101 c1=1:24659664436528 c2=2:24659663941320 c3=3:24659664342258 CH:
FS n=64 fsseq=538510 buf=9 c0=0:24659681828716 c1=1:24659681828455 c2=2:24659681859289 c3=3:24659681910435 CH: 42/id10/k2 63/id15/k3
FS n=64 fsseq=538510 buf=9 c0=0:24659681828716 c1=1:24659681828455 c2=2:24659681859289 c3=3:24659681910435 CH: 9/id9/k0 16/id0/k1 63/id15/k3
FS n=64 fsseq=538510 buf=9 c0=0:24659681828716 c1=1:24659681828455 c2=2:24659681859289 c3=3:24659681910435 CH: 9/id9/k0 16/id0/k1 63/id15/k3
FS n=64 fsseq=539299 buf=10 c0=0:24659703934914 c1=1:24659704443976 c2=2:24659703937518 c3=3:24659704349133 CH: 10/id10/k0 17/id1/k1 35/id3/k2 55/id7/k3
FS n=64 fsseq=539299 buf=10 c0=0:24659703934914 c1=1:24659704443976 c2=2:24659703937518 c3=3:24659704349133 CH:
FS n=64 fsseq=539299 buf=10 c0=0:24659703934914 c1=1:24659704443976 c2=2:24659703937518 c3=3:24659704349133 CH:
FS n=64 fsseq=538511 buf=3 c0=0:24659721830383 c1=1:24659721830122 c2=2:24659721882153 c3=3:24659721883976 CH: 3/id3/k0 18/id2/k1 44/id12/k2 59/id11/k3
FS n=64 fsseq=538511 buf=3 c0=0:24659721830383 c1=1:24659721830122 c2=2:24659721882153 c3=3:24659721883976 CH: 18/id2/k1
FS n=64 fsseq=538511 buf=3 c0=0:24659721830383 c1=1:24659721830122 c2=2:24659721882153 c3=3:24659721883976 CH:
FS n=64 fsseq=539300 buf=7 c0=0:24659743926320 c1=1:24659744429185 c2=2:24659743926841 c3=3:24659744336424 CH: 7/id7/k0 22/id6/k1 40/id8/k2 56/id8/k3
FS n=64 fsseq=539300 buf=7 c0=0:24659743926320 c1=1:24659744429185 c2=2:24659743926841 c3=3:24659744336424 CH:
FS n=64 fsseq=539300 buf=7 c0=0:24659743926320 c1=1:24659744429185 c2=2:24659743926841 c3=3:24659744336424 CH:
FS n=64 fsseq=538512 buf=11 c0=0:24659761823299 c1=1:24659761823612 c2=2:24659761842987 c3=3:24659761884185 CH: 11/id11/k0 19/id3/k1 45/id13/k2 57/id9/k3
FS n=64 fsseq=538512 buf=11 c0=0:24659761823299 c1=1:24659761823612 c2=2:24659761842987 c3=3:24659761884185 CH:
FS n=64 fsseq=538512 buf=11 c0=0:24659761823299 c1=1:24659761823612 c2=2:24659761842987 c3=3:24659761884185 CH:
FS n=64 fsseq=539301 buf=1 c0=0:24659783929601 c1=1:24659784436268 c2=2:24659783929601 c3=3:24659784340383 CH: 1/id1/k0 27/id11/k1 32/id0/k2 48/id0/k3
FS n=64 fsseq=539301 buf=1 c0=0:24659783929601 c1=1:24659784436268 c2=2:24659783929601 c3=3:24659784340383 CH:
FS n=64 fsseq=539301 buf=1 c0=0:24659783929601 c1=1:24659784436268 c2=2:24659783929601 c3=3:24659784340383 CH:
FS n=64 fsseq=538513 buf=13 c0=0:24659801858612 c1=1:24659801859185 c2=2:24659801914862 c3=3:24659801931841 CH: 13/id13/k0 21/id5/k1 46/id14/k2 60/id12/k3
FS n=64 fsseq=538513 buf=13 c0=0:24659801858612 c1=1:24659801859185 c2=2:24659801914862 c3=3:24659801931841 CH:
FS n=64 fsseq=538513 buf=13 c0=0:24659801858612 c1=1:24659801859185 c2=2:24659801914862 c3=3:24659801931841 CH:
FS n=64 fsseq=539302 buf=5 c0=0:24659823930174 c1=1:24659824434497 c2=2:24659823930018 c3=3:24659824340955 CH: 5/id5/k0 29/id13/k1 36/id4/k2 52/id4/k3
FS n=64 fsseq=539302 buf=5 c0=0:24659823930174 c1=1:24659824434497 c2=2:24659823930018 c3=3:24659824340955 CH:
FS n=64 fsseq=539302 buf=5 c0=0:24659823930174 c1=1:24659824434497 c2=2:24659823930018 c3=3:24659824340955 CH:
FS n=64 fsseq=538514 buf=15 c0=0:24659841827049 c1=1:24659841827414 c2=2:24659841853195 c3=3:24659841890070 CH: 15/id15/k0 20/id4/k1 38/id6/k2 62/id14/k3
FS n=64 fsseq=538514 buf=15 c0=0:24659841827049 c1=1:24659841827414 c2=2:24659841853195 c3=3:24659841890070 CH:
FS n=64 fsseq=538514 buf=15 c0=0:24659841827049 c1=1:24659841827414 c2=2:24659841853195 c3=3:24659841890070 CH:
FS n=64 fsseq=539303 buf=0 c0=0:24659863948612 c1=1:24659864440383 c2=2:24659863948612 c3=3:24659864351268 CH: 0/id0/k0 24/id8/k1 33/id1/k2 49/id1/k3
FS n=64 fsseq=539303 buf=0 c0=0:24659863948612 c1=1:24659864440383 c2=2:24659863948612 c3=3:24659864351268 CH:
FS n=64 fsseq=539303 buf=0 c0=0:24659863948612 c1=1:24659864440383 c2=2:24659863948612 c3=3:24659864351268 CH:
FS n=64 fsseq=538515 buf=2 c0=0:24659881835695 c1=1:24659881835643 c2=2:24659881892987 c3=3:24659881902310 CH: 2/id2/k0 25/id9/k1 41/id9/k2 54/id6/k3
FS n=64 fsseq=538515 buf=2 c0=0:24659881835695 c1=1:24659881835643 c2=2:24659881892987 c3=3:24659881902310 CH:
FS n=64 fsseq=538515 buf=2 c0=0:24659881835695 c1=1:24659881835643 c2=2:24659881892987 c3=3:24659881902310 CH:
FS n=64 fsseq=539304 buf=4 c0=0:24659903928612 c1=1:24659904434497 c2=2:24659903939549 c3=3:24659904387726 CH: 4/id4/k0 30/id14/k1 39/id7/k2 50/id2/k3
FS n=64 fsseq=539304 buf=4 c0=0:24659903928612 c1=1:24659904434497 c2=2:24659903939549 c3=3:24659904387726 CH:
FS n=64 fsseq=539304 buf=4 c0=0:24659903928612 c1=1:24659904434497 c2=2:24659903939549 c3=3:24659904387726 CH:
FS n=64 fsseq=538516 buf=12 c0=0:24659921832987 c1=1:24659921893716 c2=2:24659921884185 c3=3:24659921885955 CH: 12/id12/k0 26/id10/k1 43/id11/k2 58/id10/k3
FS n=64 fsseq=538516 buf=12 c0=0:24659921832987 c1=1:24659921893716 c2=2:24659921884185 c3=3:24659921885955 CH:
FS n=64 fsseq=538516 buf=12 c0=0:24659921832987 c1=1:24659921893716 c2=2:24659921884185 c3=3:24659921885955 CH:
FS n=64 fsseq=539305 buf=6 c0=0:24659943930591 c1=1:24659944441632 c2=2:24659943934080 c3=3:24659944339705 CH: 6/id6/k0 28/id12/k1 37/id5/k2 51/id3/k3
FS n=64 fsseq=539305 buf=6 c0=0:24659943930591 c1=1:24659944441632 c2=2:24659943934080 c3=3:24659944339705 CH:
FS n=64 fsseq=539305 buf=6 c0=0:24659943930591 c1=1:24659944441632 c2=2:24659943934080 c3=3:24659944339705 CH:
FS n=64 fsseq=538517 buf=14 c0=0:24659961832153 c1=1:24659961832882 c2=2:24659961917205 c3=3:24659961907987 CH: 6/id6/k0 14/id14/k0 23/id7/k1 47/id15/k2 61/id13/k3
FS n=64 fsseq=538517 buf=14 c0=0:24659961832153 c1=1:24659961832882 c2=2:24659961917205 c3=3:24659961907987 CH:
FS n=64 fsseq=538517 buf=14 c0=0:24659961832153 c1=1:24659961832882 c2=2:24659961917205 c3=3:24659961907987 CH:
FS n=64 fsseq=539306 buf=8 c0=0:24659983933091 c1=1:24659984441632 c2=2:24659983937882 c3=3:24659984345539 CH: 8/id8/k0 31/id15/k1 34/id2/k2 53/id5/k3
FS n=64 fsseq=539306 buf=8 c0=0:24659983933091 c1=1:24659984441632 c2=2:24659983937882 c3=3:24659984345539 CH:
FS n=64 fsseq=539306 buf=8 c0=0:24659983933091 c1=1:24659984441632 c2=2:24659983937882 c3=3:24659984345539 CH:
FS n=64 fsseq=538518 buf=9 c0=0:24660001869601 c1=1:24660001857987 c2=2:24660001944341 c3=3:24660001914653 CH: 9/id9/k0 16/id0/k1 42/id10/k2 63/id15/k3
FS n=64 fsseq=538518 buf=9 c0=0:24660001869601 c1=1:24660001857987 c2=2:24660001944341 c3=3:24660001914653 CH: 16/id0/k1 42/id10/k2 63/id15/k3
FS n=64 fsseq=538518 buf=9 c0=0:24660001869601 c1=1:24660001857987 c2=2:24660001944341 c3=3:24660001914653 CH: 9/id9/k0
FS n=64 fsseq=539307 buf=10 c0=0:24660023943820 c1=1:24660024460330 c2=2:24660023950539 c3=3:24660024354237 CH: 10/id10/k0 17/id1/k1 35/id3/k2 55/id7/k3
FS n=64 fsseq=539307 buf=10 c0=0:24660023943820 c1=1:24660024460330 c2=2:24660023950539 c3=3:24660024354237 CH:
FS n=64 fsseq=539307 buf=10 c0=0:24660023943820 c1=1:24660024460330 c2=2:24660023950539 c3=3:24660024354237 CH:
FS n=64 fsseq=538519 buf=3 c0=0:24660041837414 c1=1:24660041849497 c2=2:24660041878143 c3=3:24660041898768 CH: 3/id3/k0 18/id2/k1 44/id12/k2 59/id11/k3
FS n=64 fsseq=538519 buf=3 c0=0:24660041837414 c1=1:24660041849497 c2=2:24660041878143 c3=3:24660041898768 CH:
FS n=64 fsseq=538519 buf=3 c0=0:24660041837414 c1=1:24660041849497 c2=2:24660041878143 c3=3:24660041898768 CH:
FS n=64 fsseq=539308 buf=7 c0=0:24660063932622 c1=1:24660064433716 c2=2:24660063934445 c3=3:24660064341372 CH: 7/id7/k0 22/id6/k1 40/id8/k2 56/id8/k3
FS n=64 fsseq=539308 buf=7 c0=0:24660063932622 c1=1:24660064433716 c2=2:24660063934445 c3=3:24660064341372 CH:
FS n=64 fsseq=539308 buf=7 c0=0:24660063932622 c1=1:24660064433716 c2=2:24660063934445 c3=3:24660064341372 CH:
FS n=64 fsseq=538520 buf=11 c0=0:24660081826945 c1=1:24660081827674 c2=2:24660081851476 c3=3:24660081900591 CH: 11/id11/k0 19/id3/k1 45/id13/k2 57/id9/k3
FS n=64 fsseq=538520 buf=11 c0=0:24660081826945 c1=1:24660081827674 c2=2:24660081851476 c3=3:24660081900591 CH:
FS n=64 fsseq=538520 buf=11 c0=0:24660081826945 c1=1:24660081827674 c2=2:24660081851476 c3=3:24660081900591 CH:
FS n=64 fsseq=539309 buf=1 c0=0:24660103934341 c1=1:24660104444184 c2=2:24660103935903 c3=3:24660104347153 CH: 1/id1/k0 27/id11/k1 32/id0/k2 48/id0/k3
FS n=64 fsseq=539309 buf=1 c0=0:24660103934341 c1=1:24660104444184 c2=2:24660103935903 c3=3:24660104347153 CH:
FS n=64 fsseq=539309 buf=1 c0=0:24660103934341 c1=1:24660104444184 c2=2:24660103935903 c3=3:24660104347153 CH:
FS n=64 fsseq=538521 buf=13 c0=0:24660121889080 c1=1:24660121873299 c2=2:24660121929653 c3=3:24660121936372 CH: 13/id13/k0 21/id5/k1 46/id14/k2 60/id12/k3
FS n=64 fsseq=538521 buf=13 c0=0:24660121889080 c1=1:24660121873299 c2=2:24660121929653 c3=3:24660121936372 CH:
FS n=64 fsseq=538521 buf=13 c0=0:24660121889080 c1=1:24660121873299 c2=2:24660121929653 c3=3:24660121936372 CH:
FS n=64 fsseq=539310 buf=5 c0=0:24660143934705 c1=1:24660144441945 c2=2:24660143940434 c3=3:24660144347049 CH: 5/id5/k0 29/id13/k1 36/id4/k2 52/id4/k3
FS n=64 fsseq=539310 buf=5 c0=0:24660143934705 c1=1:24660144441945 c2=2:24660143940434 c3=3:24660144347049 CH:
FS n=64 fsseq=539310 buf=5 c0=0:24660143934705 c1=1:24660144441945 c2=2:24660143940434 c3=3:24660144347049 CH:
FS n=64 fsseq=538522 buf=15 c0=0:24660161833924 c1=1:24660161835955 c2=2:24660161892101 c3=3:24660161902205 CH: 15/id15/k0 20/id4/k1 38/id6/k2 62/id14/k3
FS n=64 fsseq=538522 buf=15 c0=0:24660161833924 c1=1:24660161835955 c2=2:24660161892101 c3=3:24660161902205 CH:
FS n=64 fsseq=538522 buf=15 c0=0:24660161833924 c1=1:24660161835955 c2=2:24660161892101 c3=3:24660161902205 CH:
FS n=64 fsseq=539311 buf=0 c0=0:24660183945903 c1=1:24660184447674 c2=2:24660183963091 c3=3:24660184352101 CH: 0/id0/k0 24/id8/k1 33/id1/k2 49/id1/k3
FS n=64 fsseq=539311 buf=0 c0=0:24660183945903 c1=1:24660184447674 c2=2:24660183963091 c3=3:24660184352101 CH:
FS n=64 fsseq=539311 buf=0 c0=0:24660183945903 c1=1:24660184447674 c2=2:24660183963091 c3=3:24660184352101 CH:
FS n=64 fsseq=538523 buf=2 c0=0:24660201835539 c1=1:24660201835278 c2=2:24660201858143 c3=3:24660201901945 CH: 25/id9/k1 41/id9/k2 54/id6/k3
FS n=64 fsseq=538523 buf=2 c0=0:24660201835539 c1=1:24660201835278 c2=2:24660201858143 c3=3:24660201901945 CH: 25/id9/k1 41/id9/k2 54/id6/k3
FS n=64 fsseq=538523 buf=2 c0=0:24660201835539 c1=1:24660201835278 c2=2:24660201858143 c3=3:24660201901945 CH: 2/id2/k0
FS n=64 fsseq=539312 buf=4 c0=0:24660223934914 c1=1:24660224460018 c2=2:24660223936684 c3=3:24660224347622 CH: 4/id4/k0 30/id14/k1 39/id7/k2 50/id2/k3
FS n=64 fsseq=539312 buf=4 c0=0:24660223934914 c1=1:24660224460018 c2=2:24660223936684 c3=3:24660224347622 CH:
FS n=64 fsseq=539312 buf=4 c0=0:24660223934914 c1=1:24660224460018 c2=2:24660223936684 c3=3:24660224347622 CH:
FS n=64 fsseq=538524 buf=12 c0=0:24660241835122 c1=1:24660241847518 c2=2:24660241911789 c3=3:24660241907049 CH: 12/id12/k0 26/id10/k1 43/id11/k2 58/id10/k3
FS n=64 fsseq=538524 buf=12 c0=0:24660241835122 c1=1:24660241847518 c2=2:24660241911789 c3=3:24660241907049 CH:
FS n=64 fsseq=538524 buf=12 c0=0:24660241835122 c1=1:24660241847518 c2=2:24660241911789 c3=3:24660241907049 CH:
FS n=64 fsseq=539313 buf=6 c0=0:24660263937778 c1=1:24660264439341 c2=2:24660263945539 c3=3:24660264350695 CH: 6/id6/k0 28/id12/k1 37/id5/k2 51/id3/k3
FS n=64 fsseq=539313 buf=6 c0=0:24660263937778 c1=1:24660264439341 c2=2:24660263945539 c3=3:24660264350695 CH: 6/id6/k0 51/id3/k3
FS n=64 fsseq=539313 buf=6 c0=0:24660263937778 c1=1:24660264439341 c2=2:24660263945539 c3=3:24660264350695 CH: 51/id3/k3
FS n=64 fsseq=538525 buf=14 c0=0:24660281850539 c1=1:24660281850539 c2=2:24660281880018 c3=3:24660281920643 CH: 14/id14/k0 23/id7/k1 47/id15/k2 61/id13/k3
FS n=64 fsseq=538525 buf=14 c0=0:24660281850539 c1=1:24660281850539 c2=2:24660281880018 c3=3:24660281920643 CH:
FS n=64 fsseq=538525 buf=14 c0=0:24660281850539 c1=1:24660281850539 c2=2:24660281880018 c3=3:24660281920643 CH:
FS n=64 fsseq=539314 buf=8 c0=0:24660303937726 c1=1:24660304444757 c2=2:24660303938039 c3=3:24660304348299 CH: 8/id8/k0 31/id15/k1 34/id2/k2 53/id5/k3
FS n=64 fsseq=539314 buf=8 c0=0:24660303937726 c1=1:24660304444757 c2=2:24660303938039 c3=3:24660304348299 CH:
FS n=64 fsseq=539314 buf=8 c0=0:24660303937726 c1=1:24660304444757 c2=2:24660303938039 c3=3:24660304348299 CH:
FS n=64 fsseq=538526 buf=9 c0=0:24660321842361 c1=1:24660321901945 c2=2:24660321878143 c3=3:24660321912674 CH: 9/id9/k0 16/id0/k1 42/id10/k2 63/id15/k3
FS n=64 fsseq=538526 buf=9 c0=0:24660321842361 c1=1:24660321901945 c2=2:24660321878143 c3=3:24660321912674 CH:
FS n=64 fsseq=538526 buf=9 c0=0:24660321842361 c1=1:24660321901945 c2=2:24660321878143 c3=3:24660321912674 CH:
FS n=64 fsseq=539315 buf=10 c0=0:24660343968299 c1=1:24660344447674 c2=2:24660343968039 c3=3:24660344352726 CH: 10/id10/k0 17/id1/k1 35/id3/k2 55/id7/k3
FS n=64 fsseq=539315 buf=10 c0=0:24660343968299 c1=1:24660344447674 c2=2:24660343968039 c3=3:24660344352726 CH:
FS n=64 fsseq=539315 buf=10 c0=0:24660343968299 c1=1:24660344447674 c2=2:24660343968039 c3=3:24660344352726 CH:
FS n=64 fsseq=538527 buf=3 c0=0:24660361843091 c1=1:24660361842882 c2=2:24660361858664 c3=3:24660361884861 CH: 3/id3/k0 18/id2/k1 44/id12/k2 59/id11/k3
FS n=64 fsseq=538527 buf=3 c0=0:24660361843091 c1=1:24660361842882 c2=2:24660361858664 c3=3:24660361884861 CH:
FS n=64 fsseq=538527 buf=3 c0=0:24660361843091 c1=1:24660361842882 c2=2:24660361858664 c3=3:24660361884861 CH: 3/id3/k0 18/id2/k1
FS n=64 fsseq=539316 buf=7 c0=0:24660383936320 c1=1:24660384442934 c2=2:24660383953247 c3=3:24660384351424 CH: 22/id6/k1 40/id8/k2 56/id8/k3
FS n=64 fsseq=539316 buf=7 c0=0:24660383936320 c1=1:24660384442934 c2=2:24660383953247 c3=3:24660384351424 CH: 7/id7/k0
FS n=64 fsseq=539316 buf=7 c0=0:24660383936320 c1=1:24660384442934 c2=2:24660383953247 c3=3:24660384351424 CH:
FS n=64 fsseq=538528 buf=11 c0=0:24660401832518 c1=1:24660401832518 c2=2:24660401853247 c3=3:24660401901841 CH:
FS n=64 fsseq=538528 buf=11 c0=0:24660401832518 c1=1:24660401832518 c2=2:24660401853247 c3=3:24660401901841 CH: 11/id11/k0 19/id3/k1 45/id13/k2 57/id9/k3
FS n=64 fsseq=538528 buf=11 c0=0:24660401832518 c1=1:24660401832518 c2=2:24660401853247 c3=3:24660401901841 CH:
FS n=64 fsseq=539317 buf=1 c0=0:24660423940018 c1=1:24660424445695 c2=2:24660423941945 c3=3:24660424352309 CH: 1/id1/k0 27/id11/k1 32/id0/k2 48/id0/k3
FS n=64 fsseq=539317 buf=1 c0=0:24660423940018 c1=1:24660424445695 c2=2:24660423941945 c3=3:24660424352309 CH:
FS n=64 fsseq=539317 buf=1 c0=0:24660423940018 c1=1:24660424445695 c2=2:24660423941945 c3=3:24660424352309 CH:
FS n=64 fsseq=538529 buf=13 c0=0:24660441856684 c1=1:24660441856736 c2=2:24660441886736 c3=3:24660441929028 CH: 13/id13/k0 21/id5/k1 46/id14/k2 60/id12/k3
FS n=64 fsseq=538529 buf=13 c0=0:24660441856684 c1=1:24660441856736 c2=2:24660441886736 c3=3:24660441929028 CH:
FS n=64 fsseq=538529 buf=13 c0=0:24660441856684 c1=1:24660441856736 c2=2:24660441886736 c3=3:24660441929028 CH:
FS n=64 fsseq=539318 buf=5 c0=0:24660463938664 c1=1:24660464447518 c2=2:24660463942622 c3=3:24660464348768 CH: 5/id5/k0 29/id13/k1 36/id4/k2 52/id4/k3
FS n=64 fsseq=539318 buf=5 c0=0:24660463938664 c1=1:24660464447518 c2=2:24660463942622 c3=3:24660464348768 CH:
FS n=64 fsseq=539318 buf=5 c0=0:24660463938664 c1=1:24660464447518 c2=2:24660463942622 c3=3:24660464348768 CH:
FS n=64 fsseq=538530 buf=15 c0=0:24660481829966 c1=1:24660481833403 c2=2:24660481857570 c3=3:24660481900434 CH: 15/id15/k0 20/id4/k1 38/id6/k2 62/id14/k3
FS n=64 fsseq=538530 buf=15 c0=0:24660481829966 c1=1:24660481833403 c2=2:24660481857570 c3=3:24660481900434 CH:
FS n=64 fsseq=538530 buf=15 c0=0:24660481829966 c1=1:24660481833403 c2=2:24660481857570 c3=3:24660481900434 CH:
FS n=64 fsseq=539319 buf=0 c0=0:24660503976424 c1=1:24660504452101 c2=2:24660503976424 c3=3:24660504364236 CH: 0/id0/k0 24/id8/k1 33/id1/k2 49/id1/k3
FS n=64 fsseq=539319 buf=0 c0=0:24660503976424 c1=1:24660504452101 c2=2:24660503976424 c3=3:24660504364236 CH:
FS n=64 fsseq=539319 buf=0 c0=0:24660503976424 c1=1:24660504452101 c2=2:24660503976424 c3=3:24660504364236 CH:
FS n=64 fsseq=538531 buf=2 c0=0:24660521831059 c1=1:24660521831736 c2=2:24660521855955 c3=3:24660521889341 CH: 2/id2/k0 25/id9/k1 41/id9/k2 54/id6/k3
FS n=64 fsseq=538531 buf=2 c0=0:24660521831059 c1=1:24660521831736 c2=2:24660521855955 c3=3:24660521889341 CH:
FS n=64 fsseq=538531 buf=2 c0=0:24660521831059 c1=1:24660521831736 c2=2:24660521855955 c3=3:24660521889341 CH: 2/id2/k0
FS n=64 fsseq=539320 buf=4 c0=0:24660543937726 c1=1:24660544460382 c2=2:24660543938559 c3=3:24660544355174 CH: 4/id4/k0 30/id14/k1 39/id7/k2 50/id2/k3
FS n=64 fsseq=539320 buf=4 c0=0:24660543937726 c1=1:24660544460382 c2=2:24660543938559 c3=3:24660544355174 CH:
FS n=64 fsseq=539320 buf=4 c0=0:24660543937726 c1=1:24660544460382 c2=2:24660543938559 c3=3:24660544355174 CH:
FS n=64 fsseq=538532 buf=12 c0=0:24660561834393 c1=1:24660561834497 c2=2:24660561891059 c3=3:24660561898455 CH: 12/id12/k0 26/id10/k1 43/id11/k2 58/id10/k3
FS n=64 fsseq=538532 buf=12 c0=0:24660561834393 c1=1:24660561834497 c2=2:24660561891059 c3=3:24660561898455 CH:
FS n=64 fsseq=538532 buf=12 c0=0:24660561834393 c1=1:24660561834497 c2=2:24660561891059 c3=3:24660561898455 CH:
FS n=64 fsseq=539321 buf=6 c0=0:24660583936945 c1=1:24660584446320 c2=2:24660583954861 c3=3:24660584350591 CH: 6/id6/k0 28/id12/k1 37/id5/k2 51/id3/k3
FS n=64 fsseq=539321 buf=6 c0=0:24660583936945 c1=1:24660584446320 c2=2:24660583954861 c3=3:24660584350591 CH:
FS n=64 fsseq=539321 buf=6 c0=0:24660583936945 c1=1:24660584446320 c2=2:24660583954861 c3=3:24660584350591 CH:
FS n=64 fsseq=538533 buf=14 c0=0:24660601855278 c1=1:24660601855591 c2=2:24660601884809 c3=3:24660601935643 CH: 14/id14/k0 23/id7/k1 47/id15/k2 61/id13/k3
FS n=64 fsseq=538533 buf=14 c0=0:24660601855278 c1=1:24660601855591 c2=2:24660601884809 c3=3:24660601935643 CH: 61/id13/k3
FS n=64 fsseq=538533 buf=14 c0=0:24660601855278 c1=1:24660601855591 c2=2:24660601884809 c3=3:24660601935643 CH:
FS n=64 fsseq=539322 buf=8 c0=0:24660623942101 c1=1:24660624448820 c2=2:24660623943663 c3=3:24660624355799 CH: 8/id8/k0 31/id15/k1 34/id2/k2 53/id5/k3
FS n=64 fsseq=539322 buf=8 c0=0:24660623942101 c1=1:24660624448820 c2=2:24660623943663 c3=3:24660624355799 CH:
FS n=64 fsseq=539322 buf=8 c0=0:24660623942101 c1=1:24660624448820 c2=2:24660623943663 c3=3:24660624355799 CH:
FS n=64 fsseq=538534 buf=9 c0=0:24660641834653 c1=1:24660641836059 c2=2:24660641860382 c3=3:24660641902101 CH: 9/id9/k0 16/id0/k1 42/id10/k2 63/id15/k3
FS n=64 fsseq=538534 buf=9 c0=0:24660641834653 c1=1:24660641836059 c2=2:24660641860382 c3=3:24660641902101 CH: 16/id0/k1 63/id15/k3
FS n=64 fsseq=538534 buf=9 c0=0:24660641834653 c1=1:24660641836059 c2=2:24660641860382 c3=3:24660641902101 CH:
FS n=64 fsseq=539323 buf=10 c0=0:24660663964549 c1=1:24660664457778 c2=2:24660663964809 c3=3:24660664359861 CH: 10/id10/k0 17/id1/k1 35/id3/k2 55/id7/k3
FS n=64 fsseq=539323 buf=10 c0=0:24660663964549 c1=1:24660664457778 c2=2:24660663964809 c3=3:24660664359861 CH:
FS n=64 fsseq=539323 buf=10 c0=0:24660663964549 c1=1:24660664457778 c2=2:24660663964809 c3=3:24660664359861 CH:
FS n=64 fsseq=538535 buf=3 c0=0:24660681836476 c1=1:24660681836111 c2=2:24660681861111 c3=3:24660681906893 CH: 3/id3/k0 18/id2/k1 44/id12/k2 59/id11/k3
FS n=64 fsseq=538535 buf=3 c0=0:24660681836476 c1=1:24660681836111 c2=2:24660681861111 c3=3:24660681906893 CH:
FS n=64 fsseq=538535 buf=3 c0=0:24660681836476 c1=1:24660681836111 c2=2:24660681861111 c3=3:24660681906893 CH:
FS n=64 fsseq=539324 buf=7 c0=0:24660703943247 c1=1:24660704447934 c2=2:24660703945538 c3=3:24660704355434 CH: 7/id7/k0 22/id6/k1 40/id8/k2 56/id8/k3
FS n=64 fsseq=539324 buf=7 c0=0:24660703943247 c1=1:24660704447934 c2=2:24660703945538 c3=3:24660704355434 CH:
FS n=64 fsseq=539324 buf=7 c0=0:24660703943247 c1=1:24660704447934 c2=2:24660703945538 c3=3:24660704355434 CH:
FS n=64 fsseq=538536 buf=11 c0=0:24660721836997 c1=1:24660721836997 c2=2:24660721859028 c3=3:24660721898091 CH: 19/id3/k1
FS n=64 fsseq=538536 buf=11 c0=0:24660721836997 c1=1:24660721836997 c2=2:24660721859028 c3=3:24660721898091 CH: 11/id11/k0 19/id3/k1
FS n=64 fsseq=538536 buf=11 c0=0:24660721836997 c1=1:24660721836997 c2=2:24660721859028 c3=3:24660721898091 CH: 11/id11/k0 19/id3/k1 45/id13/k2 57/id9/k3
FS n=64 fsseq=539325 buf=1 c0=0:24660743941632 c1=1:24660744449497 c2=2:24660743945226 c3=3:24660744355278 CH: 1/id1/k0 27/id11/k1 32/id0/k2 48/id0/k3
FS n=64 fsseq=539325 buf=1 c0=0:24660743941632 c1=1:24660744449497 c2=2:24660743945226 c3=3:24660744355278 CH:
FS n=64 fsseq=539325 buf=1 c0=0:24660743941632 c1=1:24660744449497 c2=2:24660743945226 c3=3:24660744355278 CH:
FS n=64 fsseq=538537 buf=13 c0=0:24660761862674 c1=1:24660761862934 c2=2:24660761890538 c3=3:24660761934080 CH: 21/id5/k1 46/id14/k2 60/id12/k3
FS n=64 fsseq=538537 buf=13 c0=0:24660761862674 c1=1:24660761862934 c2=2:24660761890538 c3=3:24660761934080 CH: 13/id13/k0 46/id14/k2 60/id12/k3
FS n=64 fsseq=538537 buf=13 c0=0:24660761862674 c1=1:24660761862934 c2=2:24660761890538 c3=3:24660761934080 CH: 13/id13/k0 21/id5/k1 46/id14/k2 60/id12/k3
FS n=64 fsseq=539326 buf=5 c0=0:24660783943976 c1=1:24660784468351 c2=2:24660783952257 c3=3:24660784372101 CH: 5/id5/k0 29/id13/k1 36/id4/k2 52/id4/k3
FS n=64 fsseq=539326 buf=5 c0=0:24660783943976 c1=1:24660784468351 c2=2:24660783952257 c3=3:24660784372101 CH:
FS n=64 fsseq=539326 buf=5 c0=0:24660783943976 c1=1:24660784468351 c2=2:24660783952257 c3=3:24660784372101 CH:
FS n=64 fsseq=538538 buf=15 c0=0:24660801836945 c1=1:24660801836632 c2=2:24660801860434 c3=3:24660801894028 CH:
FS n=64 fsseq=538538 buf=15 c0=0:24660801836945 c1=1:24660801836632 c2=2:24660801860434 c3=3:24660801894028 CH: 38/id6/k2
FS n=64 fsseq=538538 buf=15 c0=0:24660801836945 c1=1:24660801836632 c2=2:24660801860434 c3=3:24660801894028 CH: 15/id15/k0 20/id4/k1 38/id6/k2 62/id14/k3
FS n=64 fsseq=539327 buf=0 c0=0:24660823964028 c1=1:24660824454184 c2=2:24660823969965 c3=3:24660824369184 CH: 0/id0/k0 5/id5/k0 24/id8/k1 33/id1/k2 49/id1/k3
FS n=64 fsseq=539327 buf=0 c0=0:24660823964028 c1=1:24660824454184 c2=2:24660823969965 c3=3:24660824369184 CH:
FS n=64 fsseq=539327 buf=0 c0=0:24660823964028 c1=1:24660824454184 c2=2:24660823969965 c3=3:24660824369184 CH:
FS n=64 fsseq=538539 buf=2 c0=0:24660841836893 c1=1:24660841836788 c2=2:24660841866632 c3=3:24660841902309 CH:
FS n=64 fsseq=538539 buf=2 c0=0:24660841836893 c1=1:24660841836788 c2=2:24660841866632 c3=3:24660841902309 CH: 25/id9/k1 41/id9/k2 54/id6/k3
FS n=64 fsseq=538539 buf=2 c0=0:24660841836893 c1=1:24660841836788 c2=2:24660841866632 c3=3:24660841902309 CH: 2/id2/k0
FS n=64 fsseq=539328 buf=4 c0=0:24660863949393 c1=1:24660864451372 c2=2:24660863954340 c3=3:24660864361320 CH: 4/id4/k0 30/id14/k1 39/id7/k2 50/id2/k3
FS n=64 fsseq=539328 buf=4 c0=0:24660863949393 c1=1:24660864451372 c2=2:24660863954340 c3=3:24660864361320 CH: 30/id14/k1 39/id7/k2 50/id2/k3
FS n=64 fsseq=539328 buf=4 c0=0:24660863949393 c1=1:24660864451372 c2=2:24660863954340 c3=3:24660864361320 CH:
FS n=64 fsseq=538540 buf=12 c0=0:24660881861893 c1=1:24660881862049 c2=2:24660881921476 c3=3:24660881930330 CH: 12/id12/k0 26/id10/k1 43/id11/k2 58/id10/k3
FS n=64 fsseq=538540 buf=12 c0=0:24660881861893 c1=1:24660881862049 c2=2:24660881921476 c3=3:24660881930330 CH:
FS n=64 fsseq=538540 buf=12 c0=0:24660881861893 c1=1:24660881862049 c2=2:24660881921476 c3=3:24660881930330 CH: 12/id12/k0 26/id10/k1 43/id11/k2 58/id10/k3
FS n=64 fsseq=539329 buf=6 c0=0:24660903945434 c1=1:24660904450226 c2=2:24660903959497 c3=3:24660904359549 CH:
FS n=64 fsseq=539329 buf=6 c0=0:24660903945434 c1=1:24660904450226 c2=2:24660903959497 c3=3:24660904359549 CH:
FS n=64 fsseq=539329 buf=6 c0=0:24660903945434 c1=1:24660904450226 c2=2:24660903959497 c3=3:24660904359549 CH: 6/id6/k0 28/id12/k1 37/id5/k2 51/id3/k3
FS n=64 fsseq=538541 buf=14 c0=0:24660921871059 c1=1:24660921871372 c2=2:24660921943247 c3=3:24660921936997 CH: 14/id14/k0 23/id7/k1 47/id15/k2 61/id13/k3
FS n=64 fsseq=538541 buf=14 c0=0:24660921871059 c1=1:24660921871372 c2=2:24660921943247 c3=3:24660921936997 CH: 14/id14/k0 47/id15/k2 61/id13/k3
FS n=64 fsseq=538541 buf=14 c0=0:24660921871059 c1=1:24660921871372 c2=2:24660921943247 c3=3:24660921936997 CH: 14/id14/k0 47/id15/k2
FS n=64 fsseq=539330 buf=8 c0=0:24660943945018 c1=1:24660944451163 c2=2:24660943955747 c3=3:24660944358090 CH: 8/id8/k0 31/id15/k1 34/id2/k2 53/id5/k3
FS n=64 fsseq=539330 buf=8 c0=0:24660943945018 c1=1:24660944451163 c2=2:24660943955747 c3=3:24660944358090 CH:
FS n=64 fsseq=539330 buf=8 c0=0:24660943945018 c1=1:24660944451163 c2=2:24660943955747 c3=3:24660944358090 CH:
FS n=64 fsseq=538542 buf=9 c0=0:24660961852934 c1=1:24660961856945 c2=2:24660961908351 c3=3:24660961913142 CH: 9/id9/k0 16/id0/k1 42/id10/k2 63/id15/k3
FS n=64 fsseq=538542 buf=9 c0=0:24660961852934 c1=1:24660961856945 c2=2:24660961908351 c3=3:24660961913142 CH:
FS n=64 fsseq=538542 buf=9 c0=0:24660961852934 c1=1:24660961856945 c2=2:24660961908351 c3=3:24660961913142 CH:
FS n=64 fsseq=539331 buf=10 c0=0:24660983995330 c1=1:24660984464965 c2=2:24660983995590 c3=3:24660984368455 CH: 10/id10/k0 17/id1/k1 35/id3/k2 55/id7/k3
FS n=64 fsseq=539331 buf=10 c0=0:24660983995330 c1=1:24660984464965 c2=2:24660983995590 c3=3:24660984368455 CH:
FS n=64 fsseq=539331 buf=10 c0=0:24660983995330 c1=1:24660984464965 c2=2:24660983995590 c3=3:24660984368455 CH:
FS n=64 fsseq=538543 buf=3 c0=0:24661001852257 c1=1:24661001852153 c2=2:24661001901945 c3=3:24661001909653 CH: 3/id3/k0 18/id2/k1 44/id12/k2 59/id11/k3
FS n=64 fsseq=538543 buf=3 c0=0:24661001852257 c1=1:24661001852153 c2=2:24661001901945 c3=3:24661001909653 CH:
FS n=64 fsseq=538543 buf=3 c0=0:24661001852257 c1=1:24661001852153 c2=2:24661001901945 c3=3:24661001909653 CH:
FS n=64 fsseq=539332 buf=7 c0=0:24661023949236 c1=1:24661024453663 c2=2:24661023958976 c3=3:24661024361476 CH: 7/id7/k0 22/id6/k1 40/id8/k2 56/id8/k3
FS n=64 fsseq=539332 buf=7 c0=0:24661023949236 c1=1:24661024453663 c2=2:24661023958976 c3=3:24661024361476 CH:
FS n=64 fsseq=539332 buf=7 c0=0:24661023949236 c1=1:24661024453663 c2=2:24661023958976 c3=3:24661024361476 CH:
FS n=64 fsseq=538544 buf=11 c0=0:24661041847465 c1=1:24661041847257 c2=2:24661041899497 c3=3:24661041924236 CH:
FS n=64 fsseq=538544 buf=11 c0=0:24661041847465 c1=1:24661041847257 c2=2:24661041899497 c3=3:24661041924236 CH: 11/id11/k0 19/id3/k1 45/id13/k2 57/id9/k3
FS n=64 fsseq=538544 buf=11 c0=0:24661041847465 c1=1:24661041847257 c2=2:24661041899497 c3=3:24661041924236 CH:
FS n=64 fsseq=539333 buf=1 c0=0:24661063947309 c1=1:24661064460695 c2=2:24661063957726 c3=3:24661064379653 CH: 1/id1/k0 27/id11/k1 32/id0/k2 48/id0/k3
FS n=64 fsseq=539333 buf=1 c0=0:24661063947309 c1=1:24661064460695 c2=2:24661063957726 c3=3:24661064379653 CH:
FS n=64 fsseq=539333 buf=1 c0=0:24661063947309 c1=1:24661064460695 c2=2:24661063957726 c3=3:24661064379653 CH:
FS n=64 fsseq=538545 buf=13 c0=0:24661081905590 c1=1:24661081905538 c2=2:24661081968142 c3=3:24661081944809 CH: 13/id13/k0 21/id5/k1 46/id14/k2 60/id12/k3
FS n=64 fsseq=538545 buf=13 c0=0:24661081905590 c1=1:24661081905538 c2=2:24661081968142 c3=3:24661081944809 CH:
FS n=64 fsseq=538545 buf=13 c0=0:24661081905590 c1=1:24661081905538 c2=2:24661081968142 c3=3:24661081944809 CH:
FS n=64 fsseq=539334 buf=5 c0=0:24661103948715 c1=1:24661104456632 c2=2:24661103956320 c3=3:24661104362726 CH: 5/id5/k0 29/id13/k1 36/id4/k2 52/id4/k3
FS n=64 fsseq=539334 buf=5 c0=0:24661103948715 c1=1:24661104456632 c2=2:24661103956320 c3=3:24661104362726 CH:
FS n=64 fsseq=539334 buf=5 c0=0:24661103948715 c1=1:24661104456632 c2=2:24661103956320 c3=3:24661104362726 CH:
FS n=64 fsseq=538546 buf=15 c0=0:24661121846945 c1=1:24661121854705 c2=2:24661121908559 c3=3:24661121915590 CH: 15/id15/k0 20/id4/k1 38/id6/k2 62/id14/k3
FS n=64 fsseq=538546 buf=15 c0=0:24661121846945 c1=1:24661121854705 c2=2:24661121908559 c3=3:24661121915590 CH:
FS n=64 fsseq=538546 buf=15 c0=0:24661121846945 c1=1:24661121854705 c2=2:24661121908559 c3=3:24661121915590 CH:
FS n=64 fsseq=539335 buf=0 c0=0:24661143953142 c1=1:24661144460174 c2=2:24661143963559 c3=3:24661144368611 CH:
FS n=64 fsseq=539335 buf=0 c0=0:24661143953142 c1=1:24661144460174 c2=2:24661143963559 c3=3:24661144368611 CH: 0/id0/k0 24/id8/k1 33/id1/k2 49/id1/k3
FS n=64 fsseq=539335 buf=0 c0=0:24661143953142 c1=1:24661144460174 c2=2:24661143963559 c3=3:24661144368611 CH:
FS n=64 fsseq=538547 buf=2 c0=0:24661161848767 c1=1:24661161848663 c2=2:24661161894236 c3=3:24661161905226 CH: 2/id2/k0 25/id9/k1 41/id9/k2 54/id6/k3 59/id11/k3 63/id15/k3
FS n=64 fsseq=538547 buf=2 c0=0:24661161848767 c1=1:24661161848663 c2=2:24661161894236 c3=3:24661161905226 CH:
FS n=64 fsseq=538547 buf=2 c0=0:24661161848767 c1=1:24661161848663 c2=2:24661161894236 c3=3:24661161905226 CH:
FS n=64 fsseq=539336 buf=4 c0=0:24661183961476 c1=1:24661184457934 c2=2:24661183969757 c3=3:24661184363194 CH: 4/id4/k0 30/id14/k1 39/id7/k2 50/id2/k3
FS n=64 fsseq=539336 buf=4 c0=0:24661183961476 c1=1:24661184457934 c2=2:24661183969757 c3=3:24661184363194 CH:
FS n=64 fsseq=539336 buf=4 c0=0:24661183961476 c1=1:24661184457934 c2=2:24661183969757 c3=3:24661184363194 CH:
FS n=64 fsseq=538548 buf=12 c0=0:24661201842205 c1=1:24661201842309 c2=2:24661201872778 c3=3:24661201913767 CH: 12/id12/k0 26/id10/k1 43/id11/k2 58/id10/k3
FS n=64 fsseq=538548 buf=12 c0=0:24661201842205 c1=1:24661201842309 c2=2:24661201872778 c3=3:24661201913767 CH: 26/id10/k1
FS n=64 fsseq=538548 buf=12 c0=0:24661201842205 c1=1:24661201842309 c2=2:24661201872778 c3=3:24661201913767 CH:
FS n=64 fsseq=539337 buf=6 c0=0:24661223947674 c1=1:24661224457205 c2=2:24661223949184 c3=3:24661224363976 CH: 6/id6/k0 28/id12/k1 37/id5/k2 51/id3/k3
FS n=64 fsseq=539337 buf=6 c0=0:24661223947674 c1=1:24661224457205 c2=2:24661223949184 c3=3:24661224363976 CH:
FS n=64 fsseq=539337 buf=6 c0=0:24661223947674 c1=1:24661224457205 c2=2:24661223949184 c3=3:24661224363976 CH:
FS n=64 fsseq=538549 buf=14 c0=0:24661241885486 c1=1:24661241880434 c2=2:24661241892778 c3=3:24661241945069 CH: 14/id14/k0 23/id7/k1 47/id15/k2 61/id13/k3
FS n=64 fsseq=538549 buf=14 c0=0:24661241885486 c1=1:24661241880434 c2=2:24661241892778 c3=3:24661241945069 CH: 23/id7/k1 47/id15/k2
FS n=64 fsseq=538549 buf=14 c0=0:24661241885486 c1=1:24661241880434 c2=2:24661241892778 c3=3:24661241945069 CH: 23/id7/k1 47/id15/k2
FS n=64 fsseq=539338 buf=8 c0=0:24661263947309 c1=1:24661264468715 c2=2:24661263953507 c3=3:24661264361997 CH: 8/id8/k0 31/id15/k1 34/id2/k2 53/id5/k3
FS n=64 fsseq=539338 buf=8 c0=0:24661263947309 c1=1:24661264468715 c2=2:24661263953507 c3=3:24661264361997 CH:
FS n=64 fsseq=539338 buf=8 c0=0:24661263947309 c1=1:24661264468715 c2=2:24661263953507 c3=3:24661264361997 CH:
FS n=64 fsseq=538550 buf=9 c0=0:24661281854340 c1=1:24661281863038 c2=2:24661281916632 c3=3:24661281922726 CH: 9/id9/k0 16/id0/k1 42/id10/k2
FS n=64 fsseq=538550 buf=9 c0=0:24661281854340 c1=1:24661281863038 c2=2:24661281916632 c3=3:24661281922726 CH: 63/id15/k3
FS n=64 fsseq=538550 buf=9 c0=0:24661281854340 c1=1:24661281863038 c2=2:24661281916632 c3=3:24661281922726 CH: 9/id9/k0 16/id0/k1 42/id10/k2
FS n=64 fsseq=539339 buf=10 c0=0:24661303952205 c1=1:24661304475799 c2=2:24661303955642 c3=3:24661304373299 CH: 10/id10/k0 17/id1/k1 35/id3/k2 55/id7/k3
FS n=64 fsseq=539339 buf=10 c0=0:24661303952205 c1=1:24661304475799 c2=2:24661303955642 c3=3:24661304373299 CH:
FS n=64 fsseq=539339 buf=10 c0=0:24661303952205 c1=1:24661304475799 c2=2:24661303955642 c3=3:24661304373299 CH:
FS n=64 fsseq=538551 buf=3 c0=0:24661321864705 c1=1:24661321864601 c2=2:24661321908194 c3=3:24661321919236 CH: 3/id3/k0 18/id2/k1 44/id12/k2 59/id11/k3
FS n=64 fsseq=538551 buf=3 c0=0:24661321864705 c1=1:24661321864601 c2=2:24661321908194 c3=3:24661321919236 CH:
FS n=64 fsseq=538551 buf=3 c0=0:24661321864705 c1=1:24661321864601 c2=2:24661321908194 c3=3:24661321919236 CH:
FS n=64 fsseq=539340 buf=7 c0=0:24661343950747 c1=1:24661344455122 c2=2:24661343956059 c3=3:24661344363663 CH: 7/id7/k0 22/id6/k1 40/id8/k2 56/id8/k3
FS n=64 fsseq=539340 buf=7 c0=0:24661343950747 c1=1:24661344455122 c2=2:24661343956059 c3=3:24661344363663 CH:
FS n=64 fsseq=539340 buf=7 c0=0:24661343950747 c1=1:24661344455122 c2=2:24661343956059 c3=3:24661344363663 CH:
FS n=64 fsseq=538552 buf=11 c0=0:24661361864757 c1=1:24661361864601 c2=2:24661361932101 c3=3:24661361931528 CH: 3/id3/k0 11/id11/k0 19/id3/k1 45/id13/k2 57/id9/k3
FS n=64 fsseq=538552 buf=11 c0=0:24661361864757 c1=1:24661361864601 c2=2:24661361932101 c3=3:24661361931528 CH:
FS n=64 fsseq=538552 buf=11 c0=0:24661361864757 c1=1:24661361864601 c2=2:24661361932101 c3=3:24661361931528 CH:
FS n=64 fsseq=539341 buf=1 c0=0:24661383953872 c1=1:24661384469132 c2=2:24661383954080 c3=3:24661384363976 CH: 1/id1/k0 27/id11/k1 32/id0/k2 48/id0/k3
FS n=64 fsseq=539341 buf=1 c0=0:24661383953872 c1=1:24661384469132 c2=2:24661383954080 c3=3:24661384363976 CH:
FS n=64 fsseq=539341 buf=1 c0=0:24661383953872 c1=1:24661384469132 c2=2:24661383954080 c3=3:24661384363976 CH:
FS n=64 fsseq=538553 buf=13 c0=0:24661401868767 c1=1:24661401869653 c2=2:24661401927205 c3=3:24661401943819 CH: 13/id13/k0 21/id5/k1 46/id14/k2 60/id12/k3
FS n=64 fsseq=538553 buf=13 c0=0:24661401868767 c1=1:24661401869653 c2=2:24661401927205 c3=3:24661401943819 CH:
FS n=64 fsseq=538553 buf=13 c0=0:24661401868767 c1=1:24661401869653 c2=2:24661401927205 c3=3:24661401943819 CH:
FS n=64 fsseq=539342 buf=5 c0=0:24661423955746 c1=1:24661424458142 c2=2:24661423956840 c3=3:24661424363767 CH: 5/id5/k0
FS n=64 fsseq=539342 buf=5 c0=0:24661423955746 c1=1:24661424458142 c2=2:24661423956840 c3=3:24661424363767 CH: 29/id13/k1 36/id4/k2 52/id4/k3
FS n=64 fsseq=539342 buf=5 c0=0:24661423955746 c1=1:24661424458142 c2=2:24661423956840 c3=3:24661424363767 CH: 5/id5/k0 29/id13/k1 36/id4/k2 52/id4/k3
FS n=64 fsseq=538554 buf=15 c0=0:24661441851007 c1=1:24661441851788 c2=2:24661441903611 c3=3:24661441918871 CH:
FS n=64 fsseq=538554 buf=15 c0=0:24661441851007 c1=1:24661441851788 c2=2:24661441903611 c3=3:24661441918871 CH: 15/id15/k0 20/id4/k1 38/id6/k2 62/id14/k3
FS n=64 fsseq=538554 buf=15 c0=0:24661441851007 c1=1:24661441851788 c2=2:24661441903611 c3=3:24661441918871 CH: 62/id14/k3
FS n=64 fsseq=539343 buf=0 c0=0:24661463953767 c1=1:24661464463715 c2=2:24661463963976 c3=3:24661464376371 CH:
FS n=64 fsseq=539343 buf=0 c0=0:24661463953767 c1=1:24661464463715 c2=2:24661463963976 c3=3:24661464376371 CH: 0/id0/k0 24/id8/k1 33/id1/k2 49/id1/k3
FS n=64 fsseq=539343 buf=0 c0=0:24661463953767 c1=1:24661464463715 c2=2:24661463963976 c3=3:24661464376371 CH:
FS n=64 fsseq=538555 buf=2 c0=0:24661481850955 c1=1:24661481851215 c2=2:24661481898142 c3=3:24661481905538 CH: 2/id2/k0 25/id9/k1 41/id9/k2 54/id6/k3
FS n=64 fsseq=538555 buf=2 c0=0:24661481850955 c1=1:24661481851215 c2=2:24661481898142 c3=3:24661481905538 CH:
FS n=64 fsseq=538555 buf=2 c0=0:24661481850955 c1=1:24661481851215 c2=2:24661481898142 c3=3:24661481905538 CH:
FS n=64 fsseq=539344 buf=4 c0=0:24661503956528 c1=1:24661504458871 c2=2:24661503968299 c3=3:24661504371944 CH: 50/id2/k3
FS n=64 fsseq=539344 buf=4 c0=0:24661503956528 c1=1:24661504458871 c2=2:24661503968299 c3=3:24661504371944 CH: 4/id4/k0 50/id2/k3
FS n=64 fsseq=539344 buf=4 c0=0:24661503956528 c1=1:24661504458871 c2=2:24661503968299 c3=3:24661504371944 CH: 30/id14/k1 39/id7/k2 50/id2/k3
FS n=64 fsseq=538556 buf=12 c0=0:24661521848090 c1=1:24661521848090 c2=2:24661521874809 c3=3:24661521922361 CH: 12/id12/k0 26/id10/k1 43/id11/k2 58/id10/k3
FS n=64 fsseq=538556 buf=12 c0=0:24661521848090 c1=1:24661521848090 c2=2:24661521874809 c3=3:24661521922361 CH:
FS n=64 fsseq=538556 buf=12 c0=0:24661521848090 c1=1:24661521848090 c2=2:24661521874809 c3=3:24661521922361 CH:
FS n=64 fsseq=539345 buf=6 c0=0:24661543961996 c1=1:24661544467517 c2=2:24661543966580 c3=3:24661544369444 CH: 37/id5/k2 51/id3/k3 58/id10/k3
FS n=64 fsseq=539345 buf=6 c0=0:24661543961996 c1=1:24661544467517 c2=2:24661543966580 c3=3:24661544369444 CH: 28/id12/k1 37/id5/k2
FS n=64 fsseq=539345 buf=6 c0=0:24661543961996 c1=1:24661544467517 c2=2:24661543966580 c3=3:24661544369444 CH: 6/id6/k0 28/id12/k1 37/id5/k2
FS n=64 fsseq=538557 buf=14 c0=0:24661561876059 c1=1:24661561973038 c2=2:24661561961319 c3=3:24661561937517 CH: 14/id14/k0 23/id7/k1 47/id15/k2 61/id13/k3
FS n=64 fsseq=538557 buf=14 c0=0:24661561876059 c1=1:24661561973038 c2=2:24661561961319 c3=3:24661561937517 CH: 14/id14/k0 23/id7/k1 47/id15/k2 61/id13/k3
FS n=64 fsseq=538557 buf=14 c0=0:24661561876059 c1=1:24661561973038 c2=2:24661561961319 c3=3:24661561937517 CH: 23/id7/k1
FS n=64 fsseq=539346 buf=8 c0=0:24661584004340 c1=1:24661584462465 c2=2:24661584004184 c3=3:24661584376163 CH: 8/id8/k0 31/id15/k1 34/id2/k2 53/id5/k3
FS n=64 fsseq=539346 buf=8 c0=0:24661584004340 c1=1:24661584462465 c2=2:24661584004184 c3=3:24661584376163 CH:
FS n=64 fsseq=539346 buf=8 c0=0:24661584004340 c1=1:24661584462465 c2=2:24661584004184 c3=3:24661584376163 CH:
FS n=64 fsseq=538558 buf=9 c0=0:24661601849965 c1=1:24661601849757 c2=2:24661601875799 c3=3:24661601919080 CH: 9/id9/k0 16/id0/k1 42/id10/k2 63/id15/k3
FS n=64 fsseq=538558 buf=9 c0=0:24661601849965 c1=1:24661601849757 c2=2:24661601875799 c3=3:24661601919080 CH:
FS n=64 fsseq=538558 buf=9 c0=0:24661601849965 c1=1:24661601849757 c2=2:24661601875799 c3=3:24661601919080 CH:
FS n=64 fsseq=539347 buf=10 c0=0:24661623955278 c1=1:24661624464340 c2=2:24661623956007 c3=3:24661624377517 CH: 35/id3/k2 55/id7/k3 61/id13/k3
FS n=64 fsseq=539347 buf=10 c0=0:24661623955278 c1=1:24661624464340 c2=2:24661623956007 c3=3:24661624377517 CH: 10/id10/k0 17/id1/k1
FS n=64 fsseq=539347 buf=10 c0=0:24661623955278 c1=1:24661624464340 c2=2:24661623956007 c3=3:24661624377517 CH: 10/id10/k0 17/id1/k1
FS n=64 fsseq=538559 buf=3 c0=0:24661641859132 c1=1:24661641859080 c2=2:24661641879965 c3=3:24661641904601 CH: 3/id3/k0 18/id2/k1 44/id12/k2 59/id11/k3
FS n=64 fsseq=538559 buf=3 c0=0:24661641859132 c1=1:24661641859080 c2=2:24661641879965 c3=3:24661641904601 CH:
FS n=64 fsseq=538559 buf=3 c0=0:24661641859132 c1=1:24661641859080 c2=2:24661641879965 c3=3:24661641904601 CH:
FS n=64 fsseq=539348 buf=7 c0=0:24661663951892 c1=1:24661664467101 c2=2:24661663957361 c3=3:24661664371267 CH: 7/id7/k0 22/id6/k1 40/id8/k2 56/id8/k3
FS n=64 fsseq=539348 buf=7 c0=0:24661663951892 c1=1:24661664467101 c2=2:24661663957361 c3=3:24661664371267 CH:
FS n=64 fsseq=539348 buf=7 c0=0:24661663951892 c1=1:24661664467101 c2=2:24661663957361 c3=3:24661664371267 CH: 7/id7/k0 22/id6/k1 40/id8/k2 56/id8/k3
FS n=64 fsseq=538560 buf=11 c0=0:24661681864496 c1=1:24661681867309 c2=2:24661681921267 c3=3:24661681928923 CH: 11/id11/k0
FS n=64 fsseq=538560 buf=11 c0=0:24661681864496 c1=1:24661681867309 c2=2:24661681921267 c3=3:24661681928923 CH: 45/id13/k2 57/id9/k3
FS n=64 fsseq=538560 buf=11 c0=0:24661681864496 c1=1:24661681867309 c2=2:24661681921267 c3=3:24661681928923 CH: 19/id3/k1
FS n=64 fsseq=539349 buf=1 c0=0:24661703958923 c1=1:24661704461163 c2=2:24661703968403 c3=3:24661704369392 CH: 48/id0/k3
FS n=64 fsseq=539349 buf=1 c0=0:24661703958923 c1=1:24661704461163 c2=2:24661703968403 c3=3:24661704369392 CH: 27/id11/k1 32/id0/k2
FS n=64 fsseq=539349 buf=1 c0=0:24661703958923 c1=1:24661704461163 c2=2:24661703968403 c3=3:24661704369392 CH: 1/id1/k0 27/id11/k1 32/id0/k2
FS n=64 fsseq=538561 buf=13 c0=0:24661721866267 c1=1:24661721865746 c2=2:24661721922517 c3=3:24661721913976 CH: 13/id13/k0 21/id5/k1 46/id14/k2 60/id12/k3
FS n=64 fsseq=538561 buf=13 c0=0:24661721866267 c1=1:24661721865746 c2=2:24661721922517 c3=3:24661721913976 CH: 13/id13/k0 21/id5/k1 46/id14/k2 60/id12/k3
FS n=64 fsseq=538561 buf=13 c0=0:24661721866267 c1=1:24661721865746 c2=2:24661721922517 c3=3:24661721913976 CH:
FS n=64 fsseq=539350 buf=5 c0=0:24661743964132 c1=1:24661744466996 c2=2:24661743970903 c3=3:24661744373715 CH: 5/id5/k0 29/id13/k1 36/id4/k2 52/id4/k3
FS n=64 fsseq=539350 buf=5 c0=0:24661743964132 c1=1:24661744466996 c2=2:24661743970903 c3=3:24661744373715 CH:
FS n=64 fsseq=539350 buf=5 c0=0:24661743964132 c1=1:24661744466996 c2=2:24661743970903 c3=3:24661744373715 CH:
FS n=64 fsseq=538562 buf=15 c0=0:24661761858142 c1=1:24661761931267 c2=2:24661761915851 c3=3:24661761923038 CH: 15/id15/k0 20/id4/k1 38/id6/k2 62/id14/k3
FS n=64 fsseq=538562 buf=15 c0=0:24661761858142 c1=1:24661761931267 c2=2:24661761915851 c3=3:24661761923038 CH:
FS n=64 fsseq=538562 buf=15 c0=0:24661761858142 c1=1:24661761931267 c2=2:24661761915851 c3=3:24661761923038 CH:
FS n=64 fsseq=539351 buf=0 c0=0:24661783957153 c1=1:24661784470798 c2=2:24661783961736 c3=3:24661784381371 CH: 0/id0/k0 24/id8/k1 33/id1/k2 49/id1/k3
FS n=64 fsseq=539351 buf=0 c0=0:24661783957153 c1=1:24661784470798 c2=2:24661783961736 c3=3:24661784381371 CH:
FS n=64 fsseq=539351 buf=0 c0=0:24661783957153 c1=1:24661784470798 c2=2:24661783961736 c3=3:24661784381371 CH:
FS n=64 fsseq=538563 buf=2 c0=0:24661801852257 c1=1:24661801852257 c2=2:24661801877153 c3=3:24661801922153 CH: 2/id2/k0 25/id9/k1 41/id9/k2 54/id6/k3
FS n=64 fsseq=538563 buf=2 c0=0:24661801852257 c1=1:24661801852257 c2=2:24661801877153 c3=3:24661801922153 CH:
FS n=64 fsseq=538563 buf=2 c0=0:24661801852257 c1=1:24661801852257 c2=2:24661801877153 c3=3:24661801922153 CH:
FS n=64 fsseq=539352 buf=4 c0=0:24661823961892 c1=1:24661824466111 c2=2:24661823963142 c3=3:24661824371632 CH: 30/id14/k1 39/id7/k2 50/id2/k3
FS n=64 fsseq=539352 buf=4 c0=0:24661823961892 c1=1:24661824466111 c2=2:24661823963142 c3=3:24661824371632 CH:
FS n=64 fsseq=539352 buf=4 c0=0:24661823961892 c1=1:24661824466111 c2=2:24661823963142 c3=3:24661824371632 CH: 4/id4/k0
FS n=64 fsseq=538564 buf=12 c0=0:24661841857153 c1=1:24661841857100 c2=2:24661841875486 c3=3:24661841920903 CH: 43/id11/k2 58/id10/k3
FS n=64 fsseq=538564 buf=12 c0=0:24661841857153 c1=1:24661841857100 c2=2:24661841875486 c3=3:24661841920903 CH: 12/id12/k0 26/id10/k1 58/id10/k3
FS n=64 fsseq=538564 buf=12 c0=0:24661841857153 c1=1:24661841857100 c2=2:24661841875486 c3=3:24661841920903 CH: 26/id10/k1 58/id10/k3
FS n=64 fsseq=539353 buf=6 c0=0:24661863962153 c1=1:24661864467673 c2=2:24661863963871 c3=3:24661864375382 CH: 6/id6/k0 28/id12/k1 37/id5/k2 51/id3/k3
FS n=64 fsseq=539353 buf=6 c0=0:24661863962153 c1=1:24661864467673 c2=2:24661863963871 c3=3:24661864375382 CH:
FS n=64 fsseq=539353 buf=6 c0=0:24661863962153 c1=1:24661864467673 c2=2:24661863963871 c3=3:24661864375382 CH:
FS n=64 fsseq=538565 buf=14 c0=0:24661881868923 c1=1:24661881868611 c2=2:24661881914809 c3=3:24661881924028 CH: 14/id14/k0
FS n=64 fsseq=538565 buf=14 c0=0:24661881868923 c1=1:24661881868611 c2=2:24661881914809 c3=3:24661881924028 CH: 23/id7/k1 47/id15/k2 61/id13/k3
FS n=64 fsseq=538565 buf=14 c0=0:24661881868923 c1=1:24661881868611 c2=2:24661881914809 c3=3:24661881924028 CH: 14/id14/k0
FS n=64 fsseq=539354 buf=8 c0=0:24661903998403 c1=1:24661904467517 c2=2:24661903987153 c3=3:24661904374080 CH: 8/id8/k0 31/id15/k1 34/id2/k2 53/id5/k3
FS n=64 fsseq=539354 buf=8 c0=0:24661903998403 c1=1:24661904467517 c2=2:24661903987153 c3=3:24661904374080 CH:
FS n=64 fsseq=539354 buf=8 c0=0:24661903998403 c1=1:24661904467517 c2=2:24661903987153 c3=3:24661904374080 CH:
FS n=64 fsseq=538566 buf=9 c0=0:24661921865486 c1=1:24661921865278 c2=2:24661921909184 c3=3:24661921925590 CH:
FS n=64 fsseq=538566 buf=9 c0=0:24661921865486 c1=1:24661921865278 c2=2:24661921909184 c3=3:24661921925590 CH: 9/id9/k0 16/id0/k1 42/id10/k2 63/id15/k3
FS n=64 fsseq=538566 buf=9 c0=0:24661921865486 c1=1:24661921865278 c2=2:24661921909184 c3=3:24661921925590 CH:
FS n=64 fsseq=539355 buf=10 c0=0:24661943962778 c1=1:24661944467048 c2=2:24661943971528 c3=3:24661944377465 CH: 10/id10/k0 17/id1/k1 35/id3/k2 55/id7/k3
FS n=64 fsseq=539355 buf=10 c0=0:24661943962778 c1=1:24661944467048 c2=2:24661943971528 c3=3:24661944377465 CH:
FS n=64 fsseq=539355 buf=10 c0=0:24661943962778 c1=1:24661944467048 c2=2:24661943971528 c3=3:24661944377465 CH:
FS n=64 fsseq=538567 buf=3 c0=0:24661961923715 c1=1:24661961921944 c2=2:24661961917153 c3=3:24661961939444 CH: 3/id3/k0 18/id2/k1 44/id12/k2 59/id11/k3
FS n=64 fsseq=538567 buf=3 c0=0:24661961923715 c1=1:24661961921944 c2=2:24661961917153 c3=3:24661961939444 CH:
FS n=64 fsseq=538567 buf=3 c0=0:24661961923715 c1=1:24661961921944 c2=2:24661961917153 c3=3:24661961939444 CH:
FS n=64 fsseq=539356 buf=7 c0=0:24661983959653 c1=1:24661984465538 c2=2:24661983961736 c3=3:24661984378715 CH: 40/id8/k2 56/id8/k3
FS n=64 fsseq=539356 buf=7 c0=0:24661983959653 c1=1:24661984465538 c2=2:24661983961736 c3=3:24661984378715 CH: 7/id7/k0 22/id6/k1 40/id8/k2 56/id8/k3
FS n=64 fsseq=539356 buf=7 c0=0:24661983959653 c1=1:24661984465538 c2=2:24661983961736 c3=3:24661984378715 CH:
FS n=64 fsseq=538568 buf=11 c0=0:24662001921788 c1=1:24662001917257 c2=2:24662001970955 c3=3:24662001994809 CH: 11/id11/k0 19/id3/k1 45/id13/k2 57/id9/k3
FS n=64 fsseq=538568 buf=11 c0=0:24662001921788 c1=1:24662001917257 c2=2:24662001970955 c3=3:24662001994809 CH:
FS n=64 fsseq=538568 buf=11 c0=0:24662001921788 c1=1:24662001917257 c2=2:24662001970955 c3=3:24662001994809 CH: 45/id13/k2 57/id9/k3
FS n=64 fsseq=539357 buf=1 c0=0:24662023963350 c1=1:24662024464496 c2=2:24662023964757 c3=3:24662024373819 CH: 27/id11/k1 32/id0/k2 48/id0/k3
FS n=64 fsseq=539357 buf=1 c0=0:24662023963350 c1=1:24662024464496 c2=2:24662023964757 c3=3:24662024373819 CH: 1/id1/k0 27/id11/k1 32/id0/k2 48/id0/k3
FS n=64 fsseq=539357 buf=1 c0=0:24662023963350 c1=1:24662024464496 c2=2:24662023964757 c3=3:24662024373819 CH:
FS n=64 fsseq=538569 buf=13 c0=0:24662041866944 c1=1:24662041866944 c2=2:24662041892569 c3=3:24662041921580 CH: 13/id13/k0 21/id5/k1 46/id14/k2 60/id12/k3
FS n=64 fsseq=538569 buf=13 c0=0:24662041866944 c1=1:24662041866944 c2=2:24662041892569 c3=3:24662041921580 CH:
FS n=64 fsseq=538569 buf=13 c0=0:24662041866944 c1=1:24662041866944 c2=2:24662041892569 c3=3:24662041921580 CH:
FS n=64 fsseq=539358 buf=5 c0=0:24662063985330 c1=1:24662064473611 c2=2:24662063985382 c3=3:24662064376267 CH: 5/id5/k0 29/id13/k1 36/id4/k2 52/id4/k3
FS n=64 fsseq=539358 buf=5 c0=0:24662063985330 c1=1:24662064473611 c2=2:24662063985382 c3=3:24662064376267 CH: 5/id5/k0
FS n=64 fsseq=539358 buf=5 c0=0:24662063985330 c1=1:24662064473611 c2=2:24662063985382 c3=3:24662064376267 CH:
FS n=64 fsseq=538570 buf=15 c0=0:24662081857152 c1=1:24662081857152 c2=2:24662081881267 c3=3:24662081918090 CH:
FS n=64 fsseq=538570 buf=15 c0=0:24662081857152 c1=1:24662081857152 c2=2:24662081881267 c3=3:24662081918090 CH:
FS n=64 fsseq=538570 buf=15 c0=0:24662081857152 c1=1:24662081857152 c2=2:24662081881267 c3=3:24662081918090 CH: 15/id15/k0 20/id4/k1 38/id6/k2 62/id14/k3
FS n=64 fsseq=539359 buf=0 c0=0:24662103963559 c1=1:24662104469184 c2=2:24662103968090 c3=3:24662104383455 CH: 0/id0/k0 24/id8/k1 33/id1/k2 49/id1/k3
FS n=64 fsseq=539359 buf=0 c0=0:24662103963559 c1=1:24662104469184 c2=2:24662103968090 c3=3:24662104383455 CH:
FS n=64 fsseq=539359 buf=0 c0=0:24662103963559 c1=1:24662104469184 c2=2:24662103968090 c3=3:24662104383455 CH:
FS n=64 fsseq=538571 buf=2 c0=0:24662121858819 c1=1:24662121858767 c2=2:24662121880798 c3=3:24662121920382 CH: 25/id9/k1 41/id9/k2 54/id6/k3
FS n=64 fsseq=538571 buf=2 c0=0:24662121858819 c1=1:24662121858767 c2=2:24662121880798 c3=3:24662121920382 CH: 25/id9/k1 41/id9/k2 54/id6/k3
FS n=64 fsseq=538571 buf=2 c0=0:24662121858819 c1=1:24662121858767 c2=2:24662121880798 c3=3:24662121920382 CH: 2/id2/k0
FS n=64 fsseq=539360 buf=4 c0=0:24662143964444 c1=1:24662144471475 c2=2:24662143966527 c3=3:24662144374548 CH: 39/id7/k2
FS n=64 fsseq=539360 buf=4 c0=0:24662143964444 c1=1:24662144471475 c2=2:24662143966527 c3=3:24662144374548 CH: 2/id2/k0 4/id4/k0 30/id14/k1 39/id7/k2 50/id2/k3
FS n=64 fsseq=539360 buf=4 c0=0:24662143964444 c1=1:24662144471475 c2=2:24662143966527 c3=3:24662144374548 CH:
FS n=64 fsseq=538572 buf=12 c0=0:24662161864340 c1=1:24662161864288 c2=2:24662161896423 c3=3:24662161938402 CH: 12/id12/k0 26/id10/k1 43/id11/k2 58/id10/k3
FS n=64 fsseq=538572 buf=12 c0=0:24662161864340 c1=1:24662161864288 c2=2:24662161896423 c3=3:24662161938402 CH:
FS n=64 fsseq=538572 buf=12 c0=0:24662161864340 c1=1:24662161864288 c2=2:24662161896423 c3=3:24662161938402 CH:
FS n=64 fsseq=539361 buf=6 c0=0:24662183962725 c1=1:24662184467777 c2=2:24662183963923 c3=3:24662184387673 CH: 6/id6/k0 28/id12/k1 37/id5/k2 51/id3/k3
FS n=64 fsseq=539361 buf=6 c0=0:24662183962725 c1=1:24662184467777 c2=2:24662183963923 c3=3:24662184387673 CH:
FS n=64 fsseq=539361 buf=6 c0=0:24662183962725 c1=1:24662184467777 c2=2:24662183963923 c3=3:24662184387673 CH:
FS n=64 fsseq=538573 buf=14 c0=0:24662201872100 c1=1:24662201878819 c2=2:24662201904548 c3=3:24662201922621 CH: 14/id14/k0 23/id7/k1 47/id15/k2 61/id13/k3
FS n=64 fsseq=538573 buf=14 c0=0:24662201872100 c1=1:24662201878819 c2=2:24662201904548 c3=3:24662201922621 CH:
FS n=64 fsseq=538573 buf=14 c0=0:24662201872100 c1=1:24662201878819 c2=2:24662201904548 c3=3:24662201922621 CH:
FS n=64 fsseq=539362 buf=8 c0=0:24662223988611 c1=1:24662224478663 c2=2:24662223990538 c3=3:24662224383767 CH: 8/id8/k0 31/id15/k1 34/id2/k2 53/id5/k3
FS n=64 fsseq=539362 buf=8 c0=0:24662223988611 c1=1:24662224478663 c2=2:24662223990538 c3=3:24662224383767 CH:
FS n=64 fsseq=539362 buf=8 c0=0:24662223988611 c1=1:24662224478663 c2=2:24662223990538 c3=3:24662224383767 CH:
FS n=64 fsseq=538574 buf=9 c0=0:24662241868507 c1=1:24662241868559 c2=2:24662241915642 c3=3:24662241924340 CH: 9/id9/k0 16/id0/k1 42/id10/k2 63/id15/k3
FS n=64 fsseq=538574 buf=9 c0=0:24662241868507 c1=1:24662241868559 c2=2:24662241915642 c3=3:24662241924340 CH:
FS n=64 fsseq=538574 buf=9 c0=0:24662241868507 c1=1:24662241868559 c2=2:24662241915642 c3=3:24662241924340 CH:
FS n=64 fsseq=539363 buf=10 c0=0:24662263972205 c1=1:24662264474913 c2=2:24662263980277 c3=3:24662264379600 CH: 10/id10/k0 17/id1/k1 35/id3/k2 55/id7/k3
FS n=64 fsseq=539363 buf=10 c0=0:24662263972205 c1=1:24662264474913 c2=2:24662263980277 c3=3:24662264379600 CH:
FS n=64 fsseq=539363 buf=10 c0=0:24662263972205 c1=1:24662264474913 c2=2:24662263980277 c3=3:24662264379600 CH:
FS n=64 fsseq=538575 buf=3 c0=0:24662281872257 c1=1:24662281872673 c2=2:24662281939757 c3=3:24662281934600 CH: 3/id3/k0 18/id2/k1 44/id12/k2 59/id11/k3
FS n=64 fsseq=538575 buf=3 c0=0:24662281872257 c1=1:24662281872673 c2=2:24662281939757 c3=3:24662281934600 CH:
FS n=64 fsseq=538575 buf=3 c0=0:24662281872257 c1=1:24662281872673 c2=2:24662281939757 c3=3:24662281934600 CH:
FS n=64 fsseq=539364 buf=7 c0=0:24662303964444 c1=1:24662304470069 c2=2:24662303965954 c3=3:24662304377048 CH: 7/id7/k0 22/id6/k1 40/id8/k2 56/id8/k3
FS n=64 fsseq=539364 buf=7 c0=0:24662303964444 c1=1:24662304470069 c2=2:24662303965954 c3=3:24662304377048 CH:
FS n=64 fsseq=539364 buf=7 c0=0:24662303964444 c1=1:24662304470069 c2=2:24662303965954 c3=3:24662304377048 CH:
FS n=64 fsseq=538576 buf=11 c0=0:24662321918767 c1=1:24662321934861 c2=2:24662321969913 c3=3:24662321990173 CH: 11/id11/k0 19/id3/k1 45/id13/k2 57/id9/k3
FS n=64 fsseq=538576 buf=11 c0=0:24662321918767 c1=1:24662321934861 c2=2:24662321969913 c3=3:24662321990173 CH:
FS n=64 fsseq=538576 buf=11 c0=0:24662321918767 c1=1:24662321934861 c2=2:24662321969913 c3=3:24662321990173 CH:
FS n=64 fsseq=539365 buf=1 c0=0:24662343979809 c1=1:24662344468871 c2=2:24662343981007 c3=3:24662344377048 CH: 1/id1/k0 27/id11/k1 32/id0/k2 48/id0/k3
FS n=64 fsseq=539365 buf=1 c0=0:24662343979809 c1=1:24662344468871 c2=2:24662343981007 c3=3:24662344377048 CH:
FS n=64 fsseq=539365 buf=1 c0=0:24662343979809 c1=1:24662344468871 c2=2:24662343981007 c3=3:24662344377048 CH:
FS n=64 fsseq=538577 buf=13 c0=0:24662361857725 c1=1:24662361860590 c2=2:24662361884600 c3=3:24662361929496 CH: 13/id13/k0 21/id5/k1 46/id14/k2 60/id12/k3
FS n=64 fsseq=538577 buf=13 c0=0:24662361857725 c1=1:24662361860590 c2=2:24662361884600 c3=3:24662361929496 CH:
FS n=64 fsseq=538577 buf=13 c0=0:24662361857725 c1=1:24662361860590 c2=2:24662361884600 c3=3:24662361929496 CH:
FS n=64 fsseq=539366 buf=5 c0=0:24662383983402 c1=1:24662384473454 c2=2:24662383983350 c3=3:24662384383350 CH: 5/id5/k0 29/id13/k1 36/id4/k2 52/id4/k3
FS n=64 fsseq=539366 buf=5 c0=0:24662383983402 c1=1:24662384473454 c2=2:24662383983350 c3=3:24662384383350 CH:
FS n=64 fsseq=539366 buf=5 c0=0:24662383983402 c1=1:24662384473454 c2=2:24662383983350 c3=3:24662384383350 CH:
FS n=64 fsseq=538578 buf=15 c0=0:24662401861267 c1=1:24662401861892 c2=2:24662401883507 c3=3:24662401923090 CH:
FS n=64 fsseq=538578 buf=15 c0=0:24662401861267 c1=1:24662401861892 c2=2:24662401883507 c3=3:24662401923090 CH:
FS n=64 fsseq=538578 buf=15 c0=0:24662401861267 c1=1:24662401861892 c2=2:24662401883507 c3=3:24662401923090 CH: 15/id15/k0 20/id4/k1 38/id6/k2 62/id14/k3
FS n=64 fsseq=539367 buf=0 c0=0:24662423970590 c1=1:24662424478090 c2=2:24662423971840 c3=3:24662424385329 CH: 24/id8/k1 33/id1/k2 49/id1/k3
FS n=64 fsseq=539367 buf=0 c0=0:24662423970590 c1=1:24662424478090 c2=2:24662423971840 c3=3:24662424385329 CH: 0/id0/k0
FS n=64 fsseq=539367 buf=0 c0=0:24662423970590 c1=1:24662424478090 c2=2:24662423971840 c3=3:24662424385329 CH:
FS n=64 fsseq=538579 buf=2 c0=0:24662441862465 c1=1:24662441862465 c2=2:24662441882777 c3=3:24662441923559 CH: 2/id2/k0 25/id9/k1 41/id9/k2 54/id6/k3
FS n=64 fsseq=538579 buf=2 c0=0:24662441862465 c1=1:24662441862465 c2=2:24662441882777 c3=3:24662441923559 CH:
FS n=64 fsseq=538579 buf=2 c0=0:24662441862465 c1=1:24662441862465 c2=2:24662441882777 c3=3:24662441923559 CH:
FS n=64 fsseq=539368 buf=4 c0=0:24662463990225 c1=1:24662464474288 c2=2:24662463990225 c3=3:24662464383298 CH: 4/id4/k0 30/id14/k1 39/id7/k2 50/id2/k3
FS n=64 fsseq=539368 buf=4 c0=0:24662463990225 c1=1:24662464474288 c2=2:24662463990225 c3=3:24662464383298 CH:
FS n=64 fsseq=539368 buf=4 c0=0:24662463990225 c1=1:24662464474288 c2=2:24662463990225 c3=3:24662464383298 CH:
FS n=64 fsseq=538580 buf=12 c0=0:24662481907517 c1=1:24662481907361 c2=2:24662481965121 c3=3:24662481961996 CH: 26/id10/k1 58/id10/k3
FS n=64 fsseq=538580 buf=12 c0=0:24662481907517 c1=1:24662481907361 c2=2:24662481965121 c3=3:24662481961996 CH: 26/id10/k1 43/id11/k2 58/id10/k3
FS n=64 fsseq=538580 buf=12 c0=0:24662481907517 c1=1:24662481907361 c2=2:24662481965121 c3=3:24662481961996 CH: 12/id12/k0
FS n=64 fsseq=539369 buf=6 c0=0:24662503967256 c1=1:24662504478559 c2=2:24662503979600 c3=3:24662504382465 CH: 2/id2/k0 6/id6/k0 28/id12/k1 37/id5/k2
FS n=64 fsseq=539369 buf=6 c0=0:24662503967256 c1=1:24662504478559 c2=2:24662503979600 c3=3:24662504382465 CH: 28/id12/k1 37/id5/k2 51/id3/k3
FS n=64 fsseq=539369 buf=6 c0=0:24662503967256 c1=1:24662504478559 c2=2:24662503979600 c3=3:24662504382465 CH: 51/id3/k3
FS n=64 fsseq=538581 buf=14 c0=0:24662521866631 c1=1:24662521866996 c2=2:24662521896840 c3=3:24662521943454 CH: 14/id14/k0 23/id7/k1 47/id15/k2 61/id13/k3
FS n=64 fsseq=538581 buf=14 c0=0:24662521866631 c1=1:24662521866996 c2=2:24662521896840 c3=3:24662521943454 CH: 23/id7/k1
FS n=64 fsseq=538581 buf=14 c0=0:24662521866631 c1=1:24662521866996 c2=2:24662521896840 c3=3:24662521943454 CH:
FS n=64 fsseq=539370 buf=8 c0=0:24662543981163 c1=1:24662544490798 c2=2:24662543989079 c3=3:24662544402100 CH: 8/id8/k0 31/id15/k1 34/id2/k2 53/id5/k3
FS n=64 fsseq=539370 buf=8 c0=0:24662543981163 c1=1:24662544490798 c2=2:24662543989079 c3=3:24662544402100 CH: 8/id8/k0 31/id15/k1
FS n=64 fsseq=539370 buf=8 c0=0:24662543981163 c1=1:24662544490798 c2=2:24662543989079 c3=3:24662544402100 CH: 34/id2/k2 53/id5/k3
FS n=64 fsseq=538582 buf=9 c0=0:24662561874965 c1=1:24662561875017 c2=2:24662561930538 c3=3:24662561937256 CH: 9/id9/k0 16/id0/k1 42/id10/k2 63/id15/k3
FS n=64 fsseq=538582 buf=9 c0=0:24662561874965 c1=1:24662561875017 c2=2:24662561930538 c3=3:24662561937256 CH:
FS n=64 fsseq=538582 buf=9 c0=0:24662561874965 c1=1:24662561875017 c2=2:24662561930538 c3=3:24662561937256 CH:
FS n=64 fsseq=539371 buf=10 c0=0:24662583971892 c1=1:24662584479861 c2=2:24662583983194 c3=3:24662584384079 CH: 10/id10/k0 17/id1/k1 35/id3/k2 55/id7/k3
FS n=64 fsseq=539371 buf=10 c0=0:24662583971892 c1=1:24662584479861 c2=2:24662583983194 c3=3:24662584384079 CH: 35/id3/k2 55/id7/k3
FS n=64 fsseq=539371 buf=10 c0=0:24662583971892 c1=1:24662584479861 c2=2:24662583983194 c3=3:24662584384079 CH:
FS n=64 fsseq=538583 buf=3 c0=0:24662601881631 c1=1:24662601881579 c2=2:24662601927100 c3=3:24662601916996 CH: 3/id3/k0 18/id2/k1 44/id12/k2 59/id11/k3
FS n=64 fsseq=538583 buf=3 c0=0:24662601881631 c1=1:24662601881579 c2=2:24662601927100 c3=3:24662601916996 CH:
FS n=64 fsseq=538583 buf=3 c0=0:24662601881631 c1=1:24662601881579 c2=2:24662601927100 c3=3:24662601916996 CH:
FS n=64 fsseq=539372 buf=7 c0=0:24662623972204 c1=1:24662624478871 c2=2:24662623984913 c3=3:24662624401892 CH: 56/id8/k3
FS n=64 fsseq=539372 buf=7 c0=0:24662623972204 c1=1:24662624478871 c2=2:24662623984913 c3=3:24662624401892 CH: 7/id7/k0 56/id8/k3
FS n=64 fsseq=539372 buf=7 c0=0:24662623972204 c1=1:24662624478871 c2=2:24662623984913 c3=3:24662624401892 CH: 7/id7/k0 22/id6/k1 40/id8/k2 56/id8/k3
FS n=64 fsseq=538584 buf=11 c0=0:24662641963194 c1=1:24662641924288 c2=2:24662641930434 c3=3:24662642005121 CH: 11/id11/k0 19/id3/k1 45/id13/k2 57/id9/k3
FS n=64 fsseq=538584 buf=11 c0=0:24662641963194 c1=1:24662641924288 c2=2:24662641930434 c3=3:24662642005121 CH: 11/id11/k0 19/id3/k1 45/id13/k2 57/id9/k3
FS n=64 fsseq=538584 buf=11 c0=0:24662641963194 c1=1:24662641924288 c2=2:24662641930434 c3=3:24662642005121 CH:
FS n=64 fsseq=539373 buf=1 c0=0:24662663990017 c1=1:24662664480642 c2=2:24662663989965 c3=3:24662664389756 CH: 1/id1/k0 27/id11/k1 32/id0/k2 48/id0/k3
FS n=64 fsseq=539373 buf=1 c0=0:24662663990017 c1=1:24662664480642 c2=2:24662663989965 c3=3:24662664389756 CH:
FS n=64 fsseq=539373 buf=1 c0=0:24662663990017 c1=1:24662664480642 c2=2:24662663989965 c3=3:24662664389756 CH:
FS n=64 fsseq=538585 buf=13 c0=0:24662681870798 c1=1:24662681870746 c2=2:24662681944131 c3=3:24662681944027 CH: 21/id5/k1
FS n=64 fsseq=538585 buf=13 c0=0:24662681870798 c1=1:24662681870746 c2=2:24662681944131 c3=3:24662681944027 CH:
FS n=64 fsseq=538585 buf=13 c0=0:24662681870798 c1=1:24662681870746 c2=2:24662681944131 c3=3:24662681944027 CH: 13/id13/k0 21/id5/k1 46/id14/k2 60/id12/k3
FS n=64 fsseq=539374 buf=5 c0=0:24662704006059 c1=1:24662704485590 c2=2:24662704006111 c3=3:24662704395954 CH: 5/id5/k0 36/id4/k2 52/id4/k3
FS n=64 fsseq=539374 buf=5 c0=0:24662704006059 c1=1:24662704485590 c2=2:24662704006111 c3=3:24662704395954 CH:
FS n=64 fsseq=539374 buf=5 c0=0:24662704006059 c1=1:24662704485590 c2=2:24662704006111 c3=3:24662704395954 CH: 5/id5/k0 29/id13/k1 36/id4/k2 52/id4/k3
FS n=64 fsseq=538586 buf=15 c0=0:24662721875694 c1=1:24662721879808 c2=2:24662721932777 c3=3:24662721940069 CH: 15/id15/k0 20/id4/k1 38/id6/k2 62/id14/k3
FS n=64 fsseq=538586 buf=15 c0=0:24662721875694 c1=1:24662721879808 c2=2:24662721932777 c3=3:24662721940069 CH: 38/id6/k2 62/id14/k3
FS n=64 fsseq=538586 buf=15 c0=0:24662721875694 c1=1:24662721879808 c2=2:24662721932777 c3=3:24662721940069 CH:
FS n=64 fsseq=539375 buf=0 c0=0:24662743976111 c1=1:24662744478819 c2=2:24662743984444 c3=3:24662744388142 CH: 49/id1/k3
FS n=64 fsseq=539375 buf=0 c0=0:24662743976111 c1=1:24662744478819 c2=2:24662743984444 c3=3:24662744388142 CH: 0/id0/k0 24/id8/k1 33/id1/k2
FS n=64 fsseq=539375 buf=0 c0=0:24662743976111 c1=1:24662744478819 c2=2:24662743984444 c3=3:24662744388142 CH:
FS n=64 fsseq=538587 buf=2 c0=0:24662761868090 c1=1:24662761869548 c2=2:24662761912100 c3=3:24662761940486 CH: 2/id2/k0 25/id9/k1 41/id9/k2 54/id6/k3 62/id14/k3
FS n=64 fsseq=538587 buf=2 c0=0:24662761868090 c1=1:24662761869548 c2=2:24662761912100 c3=3:24662761940486 CH:
FS n=64 fsseq=538587 buf=2 c0=0:24662761868090 c1=1:24662761869548 c2=2:24662761912100 c3=3:24662761940486 CH:
FS n=64 fsseq=539376 buf=4 c0=0:24662783978142 c1=1:24662784478871 c2=2:24662783978923 c3=3:24662784384704 CH: 4/id4/k0 30/id14/k1 39/id7/k2 50/id2/k3
FS n=64 fsseq=539376 buf=4 c0=0:24662783978142 c1=1:24662784478871 c2=2:24662783978923 c3=3:24662784384704 CH:
FS n=64 fsseq=539376 buf=4 c0=0:24662783978142 c1=1:24662784478871 c2=2:24662783978923 c3=3:24662784384704 CH:
FS n=64 fsseq=538588 buf=12 c0=0:24662801901527 c1=1:24662801901579 c2=2:24662801961631 c3=3:24662801974288 CH: 58/id10/k3
FS n=64 fsseq=538588 buf=12 c0=0:24662801901527 c1=1:24662801901579 c2=2:24662801961631 c3=3:24662801974288 CH: 12/id12/k0 26/id10/k1 43/id11/k2 58/id10/k3
FS n=64 fsseq=538588 buf=12 c0=0:24662801901527 c1=1:24662801901579 c2=2:24662801961631 c3=3:24662801974288 CH: 58/id10/k3
FS n=64 fsseq=539377 buf=6 c0=0:24662823980121 c1=1:24662824480381 c2=2:24662823989704 c3=3:24662824383767 CH: 6/id6/k0 28/id12/k1 37/id5/k2 51/id3/k3
FS n=64 fsseq=539377 buf=6 c0=0:24662823980121 c1=1:24662824480381 c2=2:24662823989704 c3=3:24662824383767 CH:
FS n=64 fsseq=539377 buf=6 c0=0:24662823980121 c1=1:24662824480381 c2=2:24662823989704 c3=3:24662824383767 CH:
FS n=64 fsseq=538589 buf=14 c0=0:24662841900329 c1=1:24662841907569 c2=2:24662841962777 c3=3:24662841983506 CH:
FS n=64 fsseq=538589 buf=14 c0=0:24662841900329 c1=1:24662841907569 c2=2:24662841962777 c3=3:24662841983506 CH:
FS n=64 fsseq=538589 buf=14 c0=0:24662841900329 c1=1:24662841907569 c2=2:24662841962777 c3=3:24662841983506 CH: 14/id14/k0 23/id7/k1 47/id15/k2 61/id13/k3
FS n=64 fsseq=539378 buf=8 c0=0:24662864002517 c1=1:24662864485590 c2=2:24662864004704 c3=3:24662864393194 CH:
FS n=64 fsseq=539378 buf=8 c0=0:24662864002517 c1=1:24662864485590 c2=2:24662864004704 c3=3:24662864393194 CH:
FS n=64 fsseq=539378 buf=8 c0=0:24662864002517 c1=1:24662864485590 c2=2:24662864004704 c3=3:24662864393194 CH: 8/id8/k0 31/id15/k1 34/id2/k2 53/id5/k3
FS n=64 fsseq=538590 buf=9 c0=0:24662881873819 c1=1:24662881873871 c2=2:24662881893350 c3=3:24662881939183 CH: 42/id10/k2 63/id15/k3
FS n=64 fsseq=538590 buf=9 c0=0:24662881873819 c1=1:24662881873871 c2=2:24662881893350 c3=3:24662881939183 CH: 42/id10/k2 63/id15/k3
FS n=64 fsseq=538590 buf=9 c0=0:24662881873819 c1=1:24662881873871 c2=2:24662881893350 c3=3:24662881939183 CH: 9/id9/k0 16/id0/k1
FS n=64 fsseq=539379 buf=10 c0=0:24662903973611 c1=1:24662904484079 c2=2:24662903979861 c3=3:24662904386892 CH: 55/id7/k3
FS n=64 fsseq=539379 buf=10 c0=0:24662903973611 c1=1:24662904484079 c2=2:24662903979861 c3=3:24662904386892 CH: 10/id10/k0 17/id1/k1 35/id3/k2 55/id7/k3
FS n=64 fsseq=539379 buf=10 c0=0:24662903973611 c1=1:24662904484079 c2=2:24662903979861 c3=3:24662904386892 CH:
FS n=64 fsseq=538591 buf=3 c0=0:24662921886163 c1=1:24662921887361 c2=2:24662921944131 c3=3:24662921948506 CH: 59/id11/k3
FS n=64 fsseq=538591 buf=3 c0=0:24662921886163 c1=1:24662921887361 c2=2:24662921944131 c3=3:24662921948506 CH: 3/id3/k0 18/id2/k1 44/id12/k2
FS n=64 fsseq=538591 buf=3 c0=0:24662921886163 c1=1:24662921887361 c2=2:24662921944131 c3=3:24662921948506 CH: 18/id2/k1 44/id12/k2
FS n=64 fsseq=539380 buf=7 c0=0:24662943975850 c1=1:24662944484756 c2=2:24662943987360 c3=3:24662944391631 CH: 7/id7/k0 22/id6/k1 40/id8/k2 56/id8/k3
FS n=64 fsseq=539380 buf=7 c0=0:24662943975850 c1=1:24662944484756 c2=2:24662943987360 c3=3:24662944391631 CH:
FS n=64 fsseq=539380 buf=7 c0=0:24662943975850 c1=1:24662944484756 c2=2:24662943987360 c3=3:24662944391631 CH:
FS n=64 fsseq=538592 buf=11 c0=0:24662961893350 c1=1:24662961893350 c2=2:24662961919079 c3=3:24662961960225 CH: 11/id11/k0 19/id3/k1 45/id13/k2 57/id9/k3
FS n=64 fsseq=538592 buf=11 c0=0:24662961893350 c1=1:24662961893350 c2=2:24662961919079 c3=3:24662961960225 CH:
FS n=64 fsseq=538592 buf=11 c0=0:24662961893350 c1=1:24662961893350 c2=2:24662961919079 c3=3:24662961960225 CH:
FS n=64 fsseq=539381 buf=1 c0=0:24662983978298 c1=1:24662984484079 c2=2:24662983980694 c3=3:24662984390329 CH: 1/id1/k0 27/id11/k1 32/id0/k2 48/id0/k3
FS n=64 fsseq=539381 buf=1 c0=0:24662983978298 c1=1:24662984484079 c2=2:24662983980694 c3=3:24662984390329 CH:
FS n=64 fsseq=539381 buf=1 c0=0:24662983978298 c1=1:24662984484079 c2=2:24662983980694 c3=3:24662984390329 CH:
FS n=64 fsseq=538593 buf=13 c0=0:24663001870017 c1=1:24663001870017 c2=2:24663001891527 c3=3:24663001931788 CH: 13/id13/k0 21/id5/k1 46/id14/k2 60/id12/k3
FS n=64 fsseq=538593 buf=13 c0=0:24663001870017 c1=1:24663001870017 c2=2:24663001891527 c3=3:24663001931788 CH:
FS n=64 fsseq=538593 buf=13 c0=0:24663001870017 c1=1:24663001870017 c2=2:24663001891527 c3=3:24663001931788 CH:
FS n=64 fsseq=539382 buf=5 c0=0:24663024006423 c1=1:24663024492360 c2=2:24663024006371 c3=3:24663024396892 CH: 5/id5/k0 29/id13/k1 36/id4/k2 52/id4/k3
FS n=64 fsseq=539382 buf=5 c0=0:24663024006423 c1=1:24663024492360 c2=2:24663024006371 c3=3:24663024396892 CH:
FS n=64 fsseq=539382 buf=5 c0=0:24663024006423 c1=1:24663024492360 c2=2:24663024006371 c3=3:24663024396892 CH:
FS n=64 fsseq=538594 buf=15 c0=0:24663041884548 c1=1:24663041884548 c2=2:24663041903506 c3=3:24663041930485 CH: 15/id15/k0 20/id4/k1 38/id6/k2 62/id14/k3
FS n=64 fsseq=538594 buf=15 c0=0:24663041884548 c1=1:24663041884548 c2=2:24663041903506 c3=3:24663041930485 CH:
FS n=64 fsseq=538594 buf=15 c0=0:24663041884548 c1=1:24663041884548 c2=2:24663041903506 c3=3:24663041930485 CH:
FS n=64 fsseq=539383 buf=0 c0=0:24663063977256 c1=1:24663064499340 c2=2:24663063984808 c3=3:24663064390069 CH: 0/id0/k0 24/id8/k1 33/id1/k2 49/id1/k3
FS n=64 fsseq=539383 buf=0 c0=0:24663063977256 c1=1:24663064499340 c2=2:24663063984808 c3=3:24663064390069 CH:
FS n=64 fsseq=539383 buf=0 c0=0:24663063977256 c1=1:24663064499340 c2=2:24663063984808 c3=3:24663064390069 CH:
FS n=64 fsseq=538595 buf=2 c0=0:24663081971944 c1=1:24663081916527 c2=2:24663081919496 c3=3:24663081959027 CH: 2/id2/k0 25/id9/k1 41/id9/k2 54/id6/k3
FS n=64 fsseq=538595 buf=2 c0=0:24663081971944 c1=1:24663081916527 c2=2:24663081919496 c3=3:24663081959027 CH: 54/id6/k3
FS n=64 fsseq=538595 buf=2 c0=0:24663081971944 c1=1:24663081916527 c2=2:24663081919496 c3=3:24663081959027 CH: 2/id2/k0 25/id9/k1 41/id9/k2 54/id6/k3
FS n=64 fsseq=539384 buf=4 c0=0:24663103987621 c1=1:24663104496892 c2=2:24663103987881 c3=3:24663104392100 CH: 4/id4/k0 30/id14/k1 39/id7/k2 50/id2/k3
FS n=64 fsseq=539384 buf=4 c0=0:24663103987621 c1=1:24663104496892 c2=2:24663103987881 c3=3:24663104392100 CH: 39/id7/k2
FS n=64 fsseq=539384 buf=4 c0=0:24663103987621 c1=1:24663104496892 c2=2:24663103987881 c3=3:24663104392100 CH: 39/id7/k2
FS n=64 fsseq=538596 buf=12 c0=0:24663121905017 c1=1:24663121971215 c2=2:24663121954027 c3=3:24663121972256 CH: 12/id12/k0 26/id10/k1 43/id11/k2 58/id10/k3
FS n=64 fsseq=538596 buf=12 c0=0:24663121905017 c1=1:24663121971215 c2=2:24663121954027 c3=3:24663121972256 CH:
FS n=64 fsseq=538596 buf=12 c0=0:24663121905017 c1=1:24663121971215 c2=2:24663121954027 c3=3:24663121972256 CH:
FS n=64 fsseq=539385 buf=6 c0=0:24663143978298 c1=1:24663144483819 c2=2:24663143978090 c3=3:24663144394444 CH: 6/id6/k0 28/id12/k1 37/id5/k2 51/id3/k3
FS n=64 fsseq=539385 buf=6 c0=0:24663143978298 c1=1:24663144483819 c2=2:24663143978090 c3=3:24663144394444 CH:
FS n=64 fsseq=539385 buf=6 c0=0:24663143978298 c1=1:24663144483819 c2=2:24663143978090 c3=3:24663144394444 CH:
FS n=64 fsseq=538597 buf=14 c0=0:24663161877100 c1=1:24663161927048 c2=2:24663161901735 c3=3:24663161940173 CH: 14/id14/k0 23/id7/k1 47/id15/k2 61/id13/k3
FS n=64 fsseq=538597 buf=14 c0=0:24663161877100 c1=1:24663161927048 c2=2:24663161901735 c3=3:24663161940173 CH:
FS n=64 fsseq=538597 buf=14 c0=0:24663161877100 c1=1:24663161927048 c2=2:24663161901735 c3=3:24663161940173 CH:
FS n=64 fsseq=539386 buf=8 c0=0:24663184032777 c1=1:24663184492829 c2=2:24663184016683 c3=3:24663184398037 CH: 8/id8/k0 34/id2/k2 53/id5/k3
FS n=64 fsseq=539386 buf=8 c0=0:24663184032777 c1=1:24663184492829 c2=2:24663184016683 c3=3:24663184398037 CH: 31/id15/k1
FS n=64 fsseq=539386 buf=8 c0=0:24663184032777 c1=1:24663184492829 c2=2:24663184016683 c3=3:24663184398037 CH: 8/id8/k0 31/id15/k1 34/id2/k2 53/id5/k3
FS n=64 fsseq=538598 buf=9 c0=0:24663201890850 c1=1:24663201934444 c2=2:24663201905694 c3=3:24663201942256 CH:
FS n=64 fsseq=538598 buf=9 c0=0:24663201890850 c1=1:24663201934444 c2=2:24663201905694 c3=3:24663201942256 CH: 9/id9/k0 16/id0/k1 42/id10/k2 63/id15/k3
FS n=64 fsseq=538598 buf=9 c0=0:24663201890850 c1=1:24663201934444 c2=2:24663201905694 c3=3:24663201942256 CH:
FS n=64 fsseq=539387 buf=10 c0=0:24663223994652 c1=1:24663224485225 c2=2:24663223994860 c3=3:24663224392412 CH: 55/id7/k3
FS n=64 fsseq=539387 buf=10 c0=0:24663223994652 c1=1:24663224485225 c2=2:24663223994860 c3=3:24663224392412 CH: 10/id10/k0 17/id1/k1 35/id3/k2 55/id7/k3
FS n=64 fsseq=539387 buf=10 c0=0:24663223994652 c1=1:24663224485225 c2=2:24663223994860 c3=3:24663224392412 CH: 55/id7/k3
FS n=64 fsseq=538599 buf=3 c0=0:24663241878662 c1=1:24663241927256 c2=2:24663241900537 c3=3:24663241935225 CH: 3/id3/k0 18/id2/k1 44/id12/k2 59/id11/k3
FS n=64 fsseq=538599 buf=3 c0=0:24663241878662 c1=1:24663241927256 c2=2:24663241900537 c3=3:24663241935225 CH: 3/id3/k0
FS n=64 fsseq=538599 buf=3 c0=0:24663241878662 c1=1:24663241927256 c2=2:24663241900537 c3=3:24663241935225 CH:
FS n=64 fsseq=539388 buf=7 c0=0:24663263976110 c1=1:24663264482412 c2=2:24663263982100 c3=3:24663264390798 CH: 7/id7/k0 22/id6/k1 40/id8/k2 56/id8/k3
FS n=64 fsseq=539388 buf=7 c0=0:24663263976110 c1=1:24663264482412 c2=2:24663263982100 c3=3:24663264390798 CH:
FS n=64 fsseq=539388 buf=7 c0=0:24663263976110 c1=1:24663264482412 c2=2:24663263982100 c3=3:24663264390798 CH:
FS n=64 fsseq=538600 buf=11 c0=0:24663281907621 c1=1:24663281908610 c2=2:24663281931371 c3=3:24663281990381 CH: 11/id11/k0 19/id3/k1 45/id13/k2 57/id9/k3
FS n=64 fsseq=538600 buf=11 c0=0:24663281907621 c1=1:24663281908610 c2=2:24663281931371 c3=3:24663281990381 CH:
FS n=64 fsseq=538600 buf=11 c0=0:24663281907621 c1=1:24663281908610 c2=2:24663281931371 c3=3:24663281990381 CH:
FS n=64 fsseq=539389 buf=1 c0=0:24663303980902 c1=1:24663304490694 c2=2:24663303983819 c3=3:24663304387517 CH: 1/id1/k0 27/id11/k1 32/id0/k2 48/id0/k3
FS n=64 fsseq=539389 buf=1 c0=0:24663303980902 c1=1:24663304490694 c2=2:24663303983819 c3=3:24663304387517 CH:
FS n=64 fsseq=539389 buf=1 c0=0:24663303980902 c1=1:24663304490694 c2=2:24663303983819 c3=3:24663304387517 CH:
FS n=64 fsseq=538601 buf=13 c0=0:24663321896892 c1=1:24663321898037 c2=2:24663321956840 c3=3:24663321962621 CH: 13/id13/k0 21/id5/k1 46/id14/k2 60/id12/k3
FS n=64 fsseq=538601 buf=13 c0=0:24663321896892 c1=1:24663321898037 c2=2:24663321956840 c3=3:24663321962621 CH: 21/id5/k1
FS n=64 fsseq=538601 buf=13 c0=0:24663321896892 c1=1:24663321898037 c2=2:24663321956840 c3=3:24663321962621 CH:
FS n=64 fsseq=539390 buf=5 c0=0:24663343986787 c1=1:24663344492517 c2=2:24663343998142 c3=3:24663344406944 CH: 5/id5/k0 29/id13/k1
FS n=64 fsseq=539390 buf=5 c0=0:24663343986787 c1=1:24663344492517 c2=2:24663343998142 c3=3:24663344406944 CH: 36/id4/k2 52/id4/k3
FS n=64 fsseq=539390 buf=5 c0=0:24663343986787 c1=1:24663344492517 c2=2:24663343998142 c3=3:24663344406944 CH: 5/id5/k0 29/id13/k1 36/id4/k2 52/id4/k3
FS n=64 fsseq=538602 buf=15 c0=0:24663361892569 c1=1:24663361893246 c2=2:24663361945381 c3=3:24663361955798 CH:
FS n=64 fsseq=538602 buf=15 c0=0:24663361892569 c1=1:24663361893246 c2=2:24663361945381 c3=3:24663361955798 CH: 15/id15/k0 20/id4/k1 38/id6/k2 62/id14/k3
FS n=64 fsseq=538602 buf=15 c0=0:24663361892569 c1=1:24663361893246 c2=2:24663361945381 c3=3:24663361955798 CH:
FS n=64 fsseq=539391 buf=0 c0=0:24663383990850 c1=1:24663384483975 c2=2:24663383997256 c3=3:24663384396787 CH:
FS n=64 fsseq=539391 buf=0 c0=0:24663383990850 c1=1:24663384483975 c2=2:24663383997256 c3=3:24663384396787 CH:
FS n=64 fsseq=539391 buf=0 c0=0:24663383990850 c1=1:24663384483975 c2=2:24663383997256 c3=3:24663384396787 CH: 0/id0/k0 24/id8/k1 33/id1/k2 49/id1/k3
FS n=64 fsseq=538603 buf=2 c0=0:24663401894444 c1=1:24663401972360 c2=2:24663401972204 c3=3:24663401961579 CH: 2/id2/k0 25/id9/k1 41/id9/k2 54/id6/k3
FS n=64 fsseq=538603 buf=2 c0=0:24663401894444 c1=1:24663401972360 c2=2:24663401972204 c3=3:24663401961579 CH:
FS n=64 fsseq=538603 buf=2 c0=0:24663401894444 c1=1:24663401972360 c2=2:24663401972204 c3=3:24663401961579 CH:
FS n=64 fsseq=539392 buf=4 c0=0:24663423998558 c1=1:24663424489704 c2=2:24663423998610 c3=3:24663424406631 CH: 4/id4/k0 30/id14/k1 39/id7/k2 50/id2/k3
FS n=64 fsseq=539392 buf=4 c0=0:24663423998558 c1=1:24663424489704 c2=2:24663423998610 c3=3:24663424406631 CH:
FS n=64 fsseq=539392 buf=4 c0=0:24663423998558 c1=1:24663424489704 c2=2:24663423998610 c3=3:24663424406631 CH:
FS n=64 fsseq=538604 buf=12 c0=0:24663441907048 c1=1:24663441906996 c2=2:24663441987569 c3=3:24663441987308 CH: 12/id12/k0 26/id10/k1 43/id11/k2 58/id10/k3
FS n=64 fsseq=538604 buf=12 c0=0:24663441907048 c1=1:24663441906996 c2=2:24663441987569 c3=3:24663441987308 CH: 58/id10/k3
FS n=64 fsseq=538604 buf=12 c0=0:24663441907048 c1=1:24663441906996 c2=2:24663441987569 c3=3:24663441987308 CH: 58/id10/k3
FS n=64 fsseq=539393 buf=6 c0=0:24663463987412 c1=1:24663464487308 c2=2:24663463990746 c3=3:24663464403037 CH: 6/id6/k0 28/id12/k1 37/id5/k2 51/id3/k3
FS n=64 fsseq=539393 buf=6 c0=0:24663463987412 c1=1:24663464487308 c2=2:24663463990746 c3=3:24663464403037 CH:
FS n=64 fsseq=539393 buf=6 c0=0:24663463987412 c1=1:24663464487308 c2=2:24663463990746 c3=3:24663464403037 CH:
FS n=64 fsseq=538605 buf=14 c0=0:24663481877621 c1=1:24663481877360 c2=2:24663481899964 c3=3:24663481948558 CH: 14/id14/k0 23/id7/k1 47/id15/k2 61/id13/k3
FS n=64 fsseq=538605 buf=14 c0=0:24663481877621 c1=1:24663481877360 c2=2:24663481899964 c3=3:24663481948558 CH:
FS n=64 fsseq=538605 buf=14 c0=0:24663481877621 c1=1:24663481877360 c2=2:24663481899964 c3=3:24663481948558 CH:
FS n=64 fsseq=539394 buf=8 c0=0:24663503982933 c1=1:24663504499964 c2=2:24663503988350 c3=3:24663504406631 CH: 8/id8/k0 31/id15/k1 34/id2/k2 53/id5/k3
FS n=64 fsseq=539394 buf=8 c0=0:24663503982933 c1=1:24663504499964 c2=2:24663503988350 c3=3:24663504406631 CH: 8/id8/k0 31/id15/k1 34/id2/k2 53/id5/k3
FS n=64 fsseq=539394 buf=8 c0=0:24663503982933 c1=1:24663504499964 c2=2:24663503988350 c3=3:24663504406631 CH:
FS n=64 fsseq=538606 buf=9 c0=0:24663521880589 c1=1:24663521880589 c2=2:24663521899652 c3=3:24663521939444 CH: 16/id0/k1 42/id10/k2
FS n=64 fsseq=538606 buf=9 c0=0:24663521880589 c1=1:24663521880589 c2=2:24663521899652 c3=3:24663521939444 CH: 9/id9/k0 16/id0/k1 42/id10/k2 63/id15/k3
FS n=64 fsseq=538606 buf=9 c0=0:24663521880589 c1=1:24663521880589 c2=2:24663521899652 c3=3:24663521939444 CH: 63/id15/k3
FS n=64 fsseq=539395 buf=10 c0=0:24663543989548 c1=1:24663544493350 c2=2:24663543993871 c3=3:24663544399287 CH: 55/id7/k3
FS n=64 fsseq=539395 buf=10 c0=0:24663543989548 c1=1:24663544493350 c2=2:24663543993871 c3=3:24663544399287 CH: 10/id10/k0 17/id1/k1 35/id3/k2
FS n=64 fsseq=539395 buf=10 c0=0:24663543989548 c1=1:24663544493350 c2=2:24663543993871 c3=3:24663544399287 CH:
FS n=64 fsseq=538607 buf=3 c0=0:24663561878714 c1=1:24663561878819 c2=2:24663561902517 c3=3:24663561939392 CH: 3/id3/k0 18/id2/k1 44/id12/k2 59/id11/k3
FS n=64 fsseq=538607 buf=3 c0=0:24663561878714 c1=1:24663561878819 c2=2:24663561902517 c3=3:24663561939392 CH:
FS n=64 fsseq=538607 buf=3 c0=0:24663561878714 c1=1:24663561878819 c2=2:24663561902517 c3=3:24663561939392 CH:
FS n=64 fsseq=539396 buf=7 c0=0:24663583986162 c1=1:24663584494496 c2=2:24663583987829 c3=3:24663584399496 CH: 22/id6/k1 40/id8/k2 56/id8/k3
FS n=64 fsseq=539396 buf=7 c0=0:24663583986162 c1=1:24663584494496 c2=2:24663583987829 c3=3:24663584399496 CH: 40/id8/k2
FS n=64 fsseq=539396 buf=7 c0=0:24663583986162 c1=1:24663584494496 c2=2:24663583987829 c3=3:24663584399496 CH: 7/id7/k0 40/id8/k2
FS n=64 fsseq=538608 buf=11 c0=0:24663601927621 c1=1:24663602002777 c2=2:24663602031579 c3=3:24663602015954 CH: 11/id11/k0 19/id3/k1 45/id13/k2 57/id9/k3
FS n=64 fsseq=538608 buf=11 c0=0:24663601927621 c1=1:24663602002777 c2=2:24663602031579 c3=3:24663602015954 CH:
FS n=64 fsseq=538608 buf=11 c0=0:24663601927621 c1=1:24663602002777 c2=2:24663602031579 c3=3:24663602015954 CH:
FS n=64 fsseq=539397 buf=1 c0=0:24663623985746 c1=1:24663624493975 c2=2:24663623994183 c3=3:24663624398610 CH: 1/id1/k0 27/id11/k1
FS n=64 fsseq=539397 buf=1 c0=0:24663623985746 c1=1:24663624493975 c2=2:24663623994183 c3=3:24663624398610 CH: 1/id1/k0 27/id11/k1 32/id0/k2 48/id0/k3
FS n=64 fsseq=539397 buf=1 c0=0:24663623985746 c1=1:24663624493975 c2=2:24663623994183 c3=3:24663624398610 CH: 32/id0/k2 48/id0/k3
FS n=64 fsseq=538609 buf=13 c0=0:24663641896214 c1=1:24663641950954 c2=2:24663641920225 c3=3:24663641961631 CH: 13/id13/k0 21/id5/k1 46/id14/k2 60/id12/k3
FS n=64 fsseq=538609 buf=13 c0=0:24663641896214 c1=1:24663641950954 c2=2:24663641920225 c3=3:24663641961631 CH:
FS n=64 fsseq=538609 buf=13 c0=0:24663641896214 c1=1:24663641950954 c2=2:24663641920225 c3=3:24663641961631 CH:
FS n=64 fsseq=539398 buf=5 c0=0:24663664000016 c1=1:24663664498506 c2=2:24663664000537 c3=3:24663664403089 CH: 5/id5/k0 29/id13/k1 36/id4/k2 52/id4/k3
FS n=64 fsseq=539398 buf=5 c0=0:24663664000016 c1=1:24663664498506 c2=2:24663664000537 c3=3:24663664403089 CH: 29/id13/k1 36/id4/k2 52/id4/k3
FS n=64 fsseq=539398 buf=5 c0=0:24663664000016 c1=1:24663664498506 c2=2:24663664000537 c3=3:24663664403089 CH:
FS n=64 fsseq=538610 buf=15 c0=0:24663681879287 c1=1:24663681879391 c2=2:24663681930694 c3=3:24663681939131 CH: 15/id15/k0 20/id4/k1 38/id6/k2 62/id14/k3
FS n=64 fsseq=538610 buf=15 c0=0:24663681879287 c1=1:24663681879391 c2=2:24663681930694 c3=3:24663681939131 CH:
FS n=64 fsseq=538610 buf=15 c0=0:24663681879287 c1=1:24663681879391 c2=2:24663681930694 c3=3:24663681939131 CH:
FS n=64 fsseq=539399 buf=0 c0=0:24663703977725 c1=1:24663704489183 c2=2:24663703980850 c3=3:24663704399391 CH: 0/id0/k0 24/id8/k1 33/id1/k2 49/id1/k3
FS n=64 fsseq=539399 buf=0 c0=0:24663703977725 c1=1:24663704489183 c2=2:24663703980850 c3=3:24663704399391 CH:
FS n=64 fsseq=539399 buf=0 c0=0:24663703977725 c1=1:24663704489183 c2=2:24663703980850 c3=3:24663704399391 CH:
FS n=64 fsseq=538611 buf=2 c0=0:24663721882100 c1=1:24663721882048 c2=2:24663721902829 c3=3:24663721947256 CH: 2/id2/k0 25/id9/k1 41/id9/k2 54/id6/k3
FS n=64 fsseq=538611 buf=2 c0=0:24663721882100 c1=1:24663721882048 c2=2:24663721902829 c3=3:24663721947256 CH:
FS n=64 fsseq=538611 buf=2 c0=0:24663721882100 c1=1:24663721882048 c2=2:24663721902829 c3=3:24663721947256 CH:
FS n=64 fsseq=539400 buf=4 c0=0:24663743982152 c1=1:24663744495121 c2=2:24663743984756 c3=3:24663744398714 CH: 30/id14/k1 39/id7/k2 50/id2/k3
FS n=64 fsseq=539400 buf=4 c0=0:24663743982152 c1=1:24663744495121 c2=2:24663743984756 c3=3:24663744398714 CH:
FS n=64 fsseq=539400 buf=4 c0=0:24663743982152 c1=1:24663744495121 c2=2:24663743984756 c3=3:24663744398714 CH:
FS n=64 fsseq=538612 buf=12 c0=0:24663761920381 c1=1:24663761920433 c2=2:24663761980746 c3=3:24663761991891 CH: 4/id4/k0 12/id12/k0 26/id10/k1 43/id11/k2 58/id10/k3
FS n=64 fsseq=538612 buf=12 c0=0:24663761920381 c1=1:24663761920433 c2=2:24663761980746 c3=3:24663761991891 CH: 58/id10/k3
FS n=64 fsseq=538612 buf=12 c0=0:24663761920381 c1=1:24663761920433 c2=2:24663761980746 c3=3:24663761991891 CH: 58/id10/k3
FS n=64 fsseq=539401 buf=6 c0=0:24663784035641 c1=1:24663784496475 c2=2:24663784028819 c3=3:24663784401996 CH: 6/id6/k0 28/id12/k1 37/id5/k2 51/id3/k3
FS n=64 fsseq=539401 buf=6 c0=0:24663784035641 c1=1:24663784496475 c2=2:24663784028819 c3=3:24663784401996 CH:
FS n=64 fsseq=539401 buf=6 c0=0:24663784035641 c1=1:24663784496475 c2=2:24663784028819 c3=3:24663784401996 CH:
FS n=64 fsseq=538613 buf=14 c0=0:24663801886214 c1=1:24663801886266 c2=2:24663801935277 c3=3:24663801943454 CH: 14/id14/k0 23/id7/k1 47/id15/k2 61/id13/k3
FS n=64 fsseq=538613 buf=14 c0=0:24663801886214 c1=1:24663801886266 c2=2:24663801935277 c3=3:24663801943454 CH:
FS n=64 fsseq=538613 buf=14 c0=0:24663801886214 c1=1:24663801886266 c2=2:24663801935277 c3=3:24663801943454 CH:
FS n=64 fsseq=539402 buf=8 c0=0:24663823990798 c1=1:24663824510433 c2=2:24663824001214 c3=3:24663824414496 CH:
FS n=64 fsseq=539402 buf=8 c0=0:24663823990798 c1=1:24663824510433 c2=2:24663824001214 c3=3:24663824414496 CH: 31/id15/k1 34/id2/k2 53/id5/k3
FS n=64 fsseq=539402 buf=8 c0=0:24663823990798 c1=1:24663824510433 c2=2:24663824001214 c3=3:24663824414496 CH: 8/id8/k0
FS n=64 fsseq=538614 buf=9 c0=0:24663841892100 c1=1:24663841892152 c2=2:24663841914027 c3=3:24663841967152 CH: 9/id9/k0 16/id0/k1 42/id10/k2 63/id15/k3
FS n=64 fsseq=538614 buf=9 c0=0:24663841892100 c1=1:24663841892152 c2=2:24663841914027 c3=3:24663841967152 CH: 63/id15/k3
FS n=64 fsseq=538614 buf=9 c0=0:24663841892100 c1=1:24663841892152 c2=2:24663841914027 c3=3:24663841967152 CH:
FS n=64 fsseq=539403 buf=10 c0=0:24663863992933 c1=1:24663864497204 c2=2:24663863995381 c3=3:24663864404079 CH:
FS n=64 fsseq=539403 buf=10 c0=0:24663863992933 c1=1:24663864497204 c2=2:24663863995381 c3=3:24663864404079 CH: 10/id10/k0 17/id1/k1 35/id3/k2 55/id7/k3
FS n=64 fsseq=539403 buf=10 c0=0:24663863992933 c1=1:24663864497204 c2=2:24663863995381 c3=3:24663864404079 CH:
FS n=64 fsseq=538615 buf=3 c0=0:24663881895329 c1=1:24663881895329 c2=2:24663881945329 c3=3:24663881952985 CH: 3/id3/k0 18/id2/k1 44/id12/k2 59/id11/k3
FS n=64 fsseq=538615 buf=3 c0=0:24663881895329 c1=1:24663881895329 c2=2:24663881945329 c3=3:24663881952985 CH:
FS n=64 fsseq=538615 buf=3 c0=0:24663881895329 c1=1:24663881895329 c2=2:24663881945329 c3=3:24663881952985 CH:
FS n=64 fsseq=539404 buf=7 c0=0:24663903999860 c1=1:24663904494808 c2=2:24663904011683 c3=3:24663904400381 CH: 22/id6/k1 56/id8/k3
FS n=64 fsseq=539404 buf=7 c0=0:24663903999860 c1=1:24663904494808 c2=2:24663904011683 c3=3:24663904400381 CH: 7/id7/k0 22/id6/k1 40/id8/k2
FS n=64 fsseq=539404 buf=7 c0=0:24663903999860 c1=1:24663904494808 c2=2:24663904011683 c3=3:24663904400381 CH: 7/id7/k0 22/id6/k1 40/id8/k2 56/id8/k3
FS n=64 fsseq=538616 buf=11 c0=0:24663921923298 c1=1:24663921926891 c2=2:24663922019131 c3=3:24663922012933 CH: 11/id11/k0 19/id3/k1 45/id13/k2 57/id9/k3
FS n=64 fsseq=538616 buf=11 c0=0:24663921923298 c1=1:24663921926891 c2=2:24663922019131 c3=3:24663922012933 CH:
FS n=64 fsseq=538616 buf=11 c0=0:24663921923298 c1=1:24663921926891 c2=2:24663922019131 c3=3:24663922012933 CH:
FS n=64 fsseq=539405 buf=1 c0=0:24663943986162 c1=1:24663944505954 c2=2:24663943997881 c3=3:24663944403298 CH: 1/id1/k0 27/id11/k1 32/id0/k2 48/id0/k3
FS n=64 fsseq=539405 buf=1 c0=0:24663943986162 c1=1:24663944505954 c2=2:24663943997881 c3=3:24663944403298 CH:
FS n=64 fsseq=539405 buf=1 c0=0:24663943986162 c1=1:24663944505954 c2=2:24663943997881 c3=3:24663944403298 CH:
FS n=64 fsseq=538617 buf=13 c0=0:24663961902360 c1=1:24663961902048 c2=2:24663961946475 c3=3:24663961960641 CH: 5/id5/k0 13/id13/k0 21/id5/k1 46/id14/k2 60/id12/k3
FS n=64 fsseq=538617 buf=13 c0=0:24663961902360 c1=1:24663961902048 c2=2:24663961946475 c3=3:24663961960641 CH: 60/id12/k3
FS n=64 fsseq=538617 buf=13 c0=0:24663961902360 c1=1:24663961902048 c2=2:24663961946475 c3=3:24663961960641 CH:
FS n=64 fsseq=539406 buf=5 c0=0:24663984033350 c1=1:24663984498454 c2=2:24663984020225 c3=3:24663984402568 CH: 5/id5/k0 29/id13/k1 36/id4/k2 52/id4/k3
FS n=64 fsseq=539406 buf=5 c0=0:24663984033350 c1=1:24663984498454 c2=2:24663984020225 c3=3:24663984402568 CH:
FS n=64 fsseq=539406 buf=5 c0=0:24663984033350 c1=1:24663984498454 c2=2:24663984020225 c3=3:24663984402568 CH:
FS n=64 fsseq=538618 buf=15 c0=0:24664001888193 c1=1:24664001893193 c2=2:24664001943246 c3=3:24664001949808 CH: 5/id5/k0 15/id15/k0 20/id4/k1 38/id6/k2 62/id14/k3
FS n=64 fsseq=538618 buf=15 c0=0:24664001888193 c1=1:24664001893193 c2=2:24664001943246 c3=3:24664001949808 CH:
FS n=64 fsseq=538618 buf=15 c0=0:24664001888193 c1=1:24664001893193 c2=2:24664001943246 c3=3:24664001949808 CH:
FS n=64 fsseq=539407 buf=0 c0=0:24664023995902 c1=1:24664024499339 c2=2:24664024001839 c3=3:24664024407829 CH: 0/id0/k0 24/id8/k1 33/id1/k2 49/id1/k3
FS n=64 fsseq=539407 buf=0 c0=0:24664023995902 c1=1:24664024499339 c2=2:24664024001839 c3=3:24664024407829 CH:
FS n=64 fsseq=539407 buf=0 c0=0:24664023995902 c1=1:24664024499339 c2=2:24664024001839 c3=3:24664024407829 CH:
FS n=64 fsseq=538619 buf=2 c0=0:24664041891370 c1=1:24664041891683 c2=2:24664041940016 c3=3:24664041949808 CH: 2/id2/k0 25/id9/k1 41/id9/k2 54/id6/k3
FS n=64 fsseq=538619 buf=2 c0=0:24664041891370 c1=1:24664041891683 c2=2:24664041940016 c3=3:24664041949808 CH:
FS n=64 fsseq=538619 buf=2 c0=0:24664041891370 c1=1:24664041891683 c2=2:24664041940016 c3=3:24664041949808 CH:
FS n=64 fsseq=539408 buf=4 c0=0:24664063991475 c1=1:24664064501058 c2=2:24664064004131 c3=3:24664064409652 CH: 4/id4/k0 30/id14/k1 39/id7/k2 50/id2/k3
FS n=64 fsseq=539408 buf=4 c0=0:24664063991475 c1=1:24664064501058 c2=2:24664064004131 c3=3:24664064409652 CH:
FS n=64 fsseq=539408 buf=4 c0=0:24664063991475 c1=1:24664064501058 c2=2:24664064004131 c3=3:24664064409652 CH:
FS n=64 fsseq=538620 buf=12 c0=0:24664081901787 c1=1:24664081903610 c2=2:24664081964808 c3=3:24664081969027 CH: 4/id4/k0 12/id12/k0 26/id10/k1 43/id11/k2 58/id10/k3
FS n=64 fsseq=538620 buf=12 c0=0:24664081901787 c1=1:24664081903610 c2=2:24664081964808 c3=3:24664081969027 CH:
FS n=64 fsseq=538620 buf=12 c0=0:24664081901787 c1=1:24664081903610 c2=2:24664081964808 c3=3:24664081969027 CH:
FS n=64 fsseq=539409 buf=6 c0=0:24664104038610 c1=1:24664104498402 c2=2:24664104029548 c3=3:24664104405641 CH: 6/id6/k0 28/id12/k1 37/id5/k2 51/id3/k3
FS n=64 fsseq=539409 buf=6 c0=0:24664104038610 c1=1:24664104498402 c2=2:24664104029548 c3=3:24664104405641 CH:
FS n=64 fsseq=539409 buf=6 c0=0:24664104038610 c1=1:24664104498402 c2=2:24664104029548 c3=3:24664104405641 CH:
FS n=64 fsseq=538621 buf=14 c0=0:24664121893818 c1=1:24664121893766 c2=2:24664121916110 c3=3:24664121961839 CH: 14/id14/k0 23/id7/k1 47/id15/k2 61/id13/k3
FS n=64 fsseq=538621 buf=14 c0=0:24664121893818 c1=1:24664121893766 c2=2:24664121916110 c3=3:24664121961839 CH:
FS n=64 fsseq=538621 buf=14 c0=0:24664121893818 c1=1:24664121893766 c2=2:24664121916110 c3=3:24664121961839 CH:
FS n=64 fsseq=539410 buf=8 c0=0:24664143994079 c1=1:24664144502204 c2=2:24664143994495 c3=3:24664144409131 CH: 8/id8/k0 31/id15/k1 34/id2/k2 53/id5/k3
FS n=64 fsseq=539410 buf=8 c0=0:24664143994079 c1=1:24664144502204 c2=2:24664143994495 c3=3:24664144409131 CH:
FS n=64 fsseq=539410 buf=8 c0=0:24664143994079 c1=1:24664144502204 c2=2:24664143994495 c3=3:24664144409131 CH:
FS n=64 fsseq=538622 buf=9 c0=0:24664161895016 c1=1:24664161894912 c2=2:24664161951110 c3=3:24664161956683 CH: 9/id9/k0 16/id0/k1 42/id10/k2 63/id15/k3
FS n=64 fsseq=538622 buf=9 c0=0:24664161895016 c1=1:24664161894912 c2=2:24664161951110 c3=3:24664161956683 CH:
FS n=64 fsseq=538622 buf=9 c0=0:24664161895016 c1=1:24664161894912 c2=2:24664161951110 c3=3:24664161956683 CH:
FS n=64 fsseq=539411 buf=10 c0=0:24664184000902 c1=1:24664184501006 c2=2:24664184010277 c3=3:24664184409287 CH: 10/id10/k0 17/id1/k1 35/id3/k2 55/id7/k3
FS n=64 fsseq=539411 buf=10 c0=0:24664184000902 c1=1:24664184501006 c2=2:24664184010277 c3=3:24664184409287 CH:
FS n=64 fsseq=539411 buf=10 c0=0:24664184000902 c1=1:24664184501006 c2=2:24664184010277 c3=3:24664184409287 CH:
FS n=64 fsseq=538623 buf=3 c0=0:24664201940485 c1=1:24664201940277 c2=2:24664201966683 c3=3:24664202011214 CH: 3/id3/k0 18/id2/k1 44/id12/k2 59/id11/k3
FS n=64 fsseq=538623 buf=3 c0=0:24664201940485 c1=1:24664201940277 c2=2:24664201966683 c3=3:24664202011214 CH:
FS n=64 fsseq=538623 buf=3 c0=0:24664201940485 c1=1:24664201940277 c2=2:24664201966683 c3=3:24664202011214 CH:
FS n=64 fsseq=539412 buf=7 c0=0:24664223996735 c1=1:24664224503610 c2=2:24664223998923 c3=3:24664224416318 CH: 7/id7/k0 22/id6/k1 40/id8/k2 56/id8/k3
FS n=64 fsseq=539412 buf=7 c0=0:24664223996735 c1=1:24664224503610 c2=2:24664223998923 c3=3:24664224416318 CH:
FS n=64 fsseq=539412 buf=7 c0=0:24664223996735 c1=1:24664224503610 c2=2:24664223998923 c3=3:24664224416318 CH:
FS n=64 fsseq=538624 buf=11 c0=0:24664241906110 c1=1:24664241905693 c2=2:24664241967516 c3=3:24664241989547 CH: 11/id11/k0 19/id3/k1 45/id13/k2 57/id9/k3
FS n=64 fsseq=538624 buf=11 c0=0:24664241906110 c1=1:24664241905693 c2=2:24664241967516 c3=3:24664241989547 CH: 45/id13/k2 57/id9/k3
FS n=64 fsseq=538624 buf=11 c0=0:24664241906110 c1=1:24664241905693 c2=2:24664241967516 c3=3:24664241989547 CH:
FS n=64 fsseq=539413 buf=1 c0=0:24664264036110 c1=1:24664264500172 c2=2:24664264065381 c3=3:24664264412933 CH: 1/id1/k0 27/id11/k1 32/id0/k2 48/id0/k3
FS n=64 fsseq=539413 buf=1 c0=0:24664264036110 c1=1:24664264500172 c2=2:24664264065381 c3=3:24664264412933 CH:
FS n=64 fsseq=539413 buf=1 c0=0:24664264036110 c1=1:24664264500172 c2=2:24664264065381 c3=3:24664264412933 CH:
FS n=64 fsseq=538625 buf=13 c0=0:24664281898350 c1=1:24664281899235 c2=2:24664281963506 c3=3:24664281952256 CH: 13/id13/k0 21/id5/k1 46/id14/k2 60/id12/k3
FS n=64 fsseq=538625 buf=13 c0=0:24664281898350 c1=1:24664281899235 c2=2:24664281963506 c3=3:24664281952256 CH:
FS n=64 fsseq=538625 buf=13 c0=0:24664281898350 c1=1:24664281899235 c2=2:24664281963506 c3=3:24664281952256 CH:
FS n=64 fsseq=539414 buf=5 c0=0:24664304009912 c1=1:24664304499860 c2=2:24664304019756 c3=3:24664304410797 CH: 5/id5/k0 29/id13/k1 36/id4/k2 52/id4/k3
FS n=64 fsseq=539414 buf=5 c0=0:24664304009912 c1=1:24664304499860 c2=2:24664304019756 c3=3:24664304410797 CH:
FS n=64 fsseq=539414 buf=5 c0=0:24664304009912 c1=1:24664304499860 c2=2:24664304019756 c3=3:24664304410797 CH:
FS n=64 fsseq=538626 buf=15 c0=0:24664321904704 c1=1:24664321953350 c2=2:24664321930589 c3=3:24664321965589 CH:
FS n=64 fsseq=538626 buf=15 c0=0:24664321904704 c1=1:24664321953350 c2=2:24664321930589 c3=3:24664321965589 CH: 15/id15/k0 20/id4/k1 38/id6/k2 62/id14/k3
FS n=64 fsseq=538626 buf=15 c0=0:24664321904704 c1=1:24664321953350 c2=2:24664321930589 c3=3:24664321965589 CH:
FS n=64 fsseq=539415 buf=0 c0=0:24664344009860 c1=1:24664344506527 c2=2:24664344025850 c3=3:24664344412152 CH: 0/id0/k0 24/id8/k1 33/id1/k2 49/id1/k3
FS n=64 fsseq=539415 buf=0 c0=0:24664344009860 c1=1:24664344506527 c2=2:24664344025850 c3=3:24664344412152 CH:
FS n=64 fsseq=539415 buf=0 c0=0:24664344009860 c1=1:24664344506527 c2=2:24664344025850 c3=3:24664344412152 CH:
FS n=64 fsseq=538627 buf=2 c0=0:24664361889600 c1=1:24664361891579 c2=2:24664361930277 c3=3:24664361965537 CH: 2/id2/k0 25/id9/k1 41/id9/k2 54/id6/k3
FS n=64 fsseq=538627 buf=2 c0=0:24664361889600 c1=1:24664361891579 c2=2:24664361930277 c3=3:24664361965537 CH:
FS n=64 fsseq=538627 buf=2 c0=0:24664361889600 c1=1:24664361891579 c2=2:24664361930277 c3=3:24664361965537 CH:
FS n=64 fsseq=539416 buf=4 c0=0:24664384011527 c1=1:24664384503089 c2=2:24664384016579 c3=3:24664384417933 CH: 4/id4/k0 30/id14/k1 39/id7/k2 50/id2/k3
FS n=64 fsseq=539416 buf=4 c0=0:24664384011527 c1=1:24664384503089 c2=2:24664384016579 c3=3:24664384417933 CH:
FS n=64 fsseq=539416 buf=4 c0=0:24664384011527 c1=1:24664384503089 c2=2:24664384016579 c3=3:24664384417933 CH:
FS n=64 fsseq=538628 buf=12 c0=0:24664401887360 c1=1:24664401888975 c2=2:24664401918245 c3=3:24664401948870 CH: 12/id12/k0 26/id10/k1 43/id11/k2 58/id10/k3
FS n=64 fsseq=538628 buf=12 c0=0:24664401887360 c1=1:24664401888975 c2=2:24664401918245 c3=3:24664401948870 CH:
FS n=64 fsseq=538628 buf=12 c0=0:24664401887360 c1=1:24664401888975 c2=2:24664401918245 c3=3:24664401948870 CH:
FS n=64 fsseq=539417 buf=6 c0=0:24664424040537 c1=1:24664424539495 c2=2:24664424040589 c3=3:24664424424287 CH:
FS n=64 fsseq=539417 buf=6 c0=0:24664424040537 c1=1:24664424539495 c2=2:24664424040589 c3=3:24664424424287 CH: 6/id6/k0 28/id12/k1 37/id5/k2 51/id3/k3
FS n=64 fsseq=539417 buf=6 c0=0:24664424040537 c1=1:24664424539495 c2=2:24664424040589 c3=3:24664424424287 CH: 6/id6/k0
FS n=64 fsseq=538629 buf=14 c0=0:24664441903245 c1=1:24664441911266 c2=2:24664441950902 c3=3:24664441988506 CH: 14/id14/k0 23/id7/k1 47/id15/k2 61/id13/k3
FS n=64 fsseq=538629 buf=14 c0=0:24664441903245 c1=1:24664441911266 c2=2:24664441950902 c3=3:24664441988506 CH: 23/id7/k1
FS n=64 fsseq=538629 buf=14 c0=0:24664441903245 c1=1:24664441911266 c2=2:24664441950902 c3=3:24664441988506 CH: 23/id7/k1
FS n=64 fsseq=539418 buf=8 c0=0:24664464003610 c1=1:24664464503037 c2=2:24664464004704 c3=3:24664464405224 CH: 8/id8/k0 31/id15/k1 34/id2/k2 53/id5/k3
FS n=64 fsseq=539418 buf=8 c0=0:24664464003610 c1=1:24664464503037 c2=2:24664464004704 c3=3:24664464405224 CH:
FS n=64 fsseq=539418 buf=8 c0=0:24664464003610 c1=1:24664464503037 c2=2:24664464004704 c3=3:24664464405224 CH:
FS n=64 fsseq=538630 buf=9 c0=0:24664481899027 c1=1:24664481899027 c2=2:24664481919131 c3=3:24664481969912 CH: 42/id10/k2 63/id15/k3
FS n=64 fsseq=538630 buf=9 c0=0:24664481899027 c1=1:24664481899027 c2=2:24664481919131 c3=3:24664481969912 CH: 9/id9/k0 16/id0/k1
FS n=64 fsseq=538630 buf=9 c0=0:24664481899027 c1=1:24664481899027 c2=2:24664481919131 c3=3:24664481969912 CH: 9/id9/k0 16/id0/k1
FS n=64 fsseq=539419 buf=10 c0=0:24664503996474 c1=1:24664504507204 c2=2:24664503998037 c3=3:24664504413193 CH: 10/id10/k0 17/id1/k1 35/id3/k2 55/id7/k3
FS n=64 fsseq=539419 buf=10 c0=0:24664503996474 c1=1:24664504507204 c2=2:24664503998037 c3=3:24664504413193 CH:
FS n=64 fsseq=539419 buf=10 c0=0:24664503996474 c1=1:24664504507204 c2=2:24664503998037 c3=3:24664504413193 CH:
FS n=64 fsseq=538631 buf=3 c0=0:24664521962777 c1=1:24664522004756 c2=2:24664521987516 c3=3:24664522030016 CH: 3/id3/k0 18/id2/k1 44/id12/k2 59/id11/k3
FS n=64 fsseq=538631 buf=3 c0=0:24664521962777 c1=1:24664522004756 c2=2:24664521987516 c3=3:24664522030016 CH: 44/id12/k2 59/id11/k3
FS n=64 fsseq=538631 buf=3 c0=0:24664521962777 c1=1:24664522004756 c2=2:24664521987516 c3=3:24664522030016 CH:
FS n=64 fsseq=539420 buf=7 c0=0:24664544001631 c1=1:24664544516474 c2=2:24664544010589 c3=3:24664544415745 CH: 7/id7/k0 22/id6/k1 40/id8/k2 56/id8/k3
FS n=64 fsseq=539420 buf=7 c0=0:24664544001631 c1=1:24664544516474 c2=2:24664544010589 c3=3:24664544415745 CH: 7/id7/k0 22/id6/k1 40/id8/k2 56/id8/k3
FS n=64 fsseq=539420 buf=7 c0=0:24664544001631 c1=1:24664544516474 c2=2:24664544010589 c3=3:24664544415745 CH:
FS n=64 fsseq=538632 buf=11 c0=0:24664561905120 c1=1:24664561919756 c2=2:24664561995745 c3=3:24664561952360 CH: 11/id11/k0 19/id3/k1 45/id13/k2 57/id9/k3
FS n=64 fsseq=538632 buf=11 c0=0:24664561905120 c1=1:24664561919756 c2=2:24664561995745 c3=3:24664561952360 CH:
FS n=64 fsseq=538632 buf=11 c0=0:24664561905120 c1=1:24664561919756 c2=2:24664561995745 c3=3:24664561952360 CH:
FS n=64 fsseq=539421 buf=1 c0=0:24664584023662 c1=1:24664584509860 c2=2:24664584039443 c3=3:24664584408610 CH: 1/id1/k0 27/id11/k1 32/id0/k2 48/id0/k3
FS n=64 fsseq=539421 buf=1 c0=0:24664584023662 c1=1:24664584509860 c2=2:24664584039443 c3=3:24664584408610 CH:
FS n=64 fsseq=539421 buf=1 c0=0:24664584023662 c1=1:24664584509860 c2=2:24664584039443 c3=3:24664584408610 CH:
FS n=64 fsseq=538633 buf=13 c0=0:24664601889495 c1=1:24664601889599 c2=2:24664601912724 c3=3:24664601949756 CH:
FS n=64 fsseq=538633 buf=13 c0=0:24664601889495 c1=1:24664601889599 c2=2:24664601912724 c3=3:24664601949756 CH: 13/id13/k0 21/id5/k1 46/id14/k2 60/id12/k3
FS n=64 fsseq=538633 buf=13 c0=0:24664601889495 c1=1:24664601889599 c2=2:24664601912724 c3=3:24664601949756 CH:
FS n=64 fsseq=539422 buf=5 c0=0:24664624000537 c1=1:24664624528037 c2=2:24664624001683 c3=3:24664624415902 CH: 5/id5/k0 29/id13/k1 36/id4/k2 52/id4/k3
FS n=64 fsseq=539422 buf=5 c0=0:24664624000537 c1=1:24664624528037 c2=2:24664624001683 c3=3:24664624415902 CH:
FS n=64 fsseq=539422 buf=5 c0=0:24664624000537 c1=1:24664624528037 c2=2:24664624001683 c3=3:24664624415902 CH:
FS n=64 fsseq=538634 buf=15 c0=0:24664641907464 c1=1:24664641907516 c2=2:24664641960329 c3=3:24664641969027 CH:
FS n=64 fsseq=538634 buf=15 c0=0:24664641907464 c1=1:24664641907516 c2=2:24664641960329 c3=3:24664641969027 CH: 15/id15/k0 20/id4/k1 38/id6/k2 62/id14/k3
FS n=64 fsseq=538634 buf=15 c0=0:24664641907464 c1=1:24664641907516 c2=2:24664641960329 c3=3:24664641969027 CH:
FS n=64 fsseq=539423 buf=0 c0=0:24664664001891 c1=1:24664664507204 c2=2:24664664011891 c3=3:24664664414339 CH: 0/id0/k0 24/id8/k1 33/id1/k2 49/id1/k3
FS n=64 fsseq=539423 buf=0 c0=0:24664664001891 c1=1:24664664507204 c2=2:24664664011891 c3=3:24664664414339 CH:
FS n=64 fsseq=539423 buf=0 c0=0:24664664001891 c1=1:24664664507204 c2=2:24664664011891 c3=3:24664664414339 CH:
FS n=64 fsseq=538635 buf=2 c0=0:24664681901943 c1=1:24664681906995 c2=2:24664682046943 c3=3:24664681977829 CH:
FS n=64 fsseq=538635 buf=2 c0=0:24664681901943 c1=1:24664681906995 c2=2:24664682046943 c3=3:24664681977829 CH: 2/id2/k0 25/id9/k1 41/id9/k2 54/id6/k3
FS n=64 fsseq=538635 buf=2 c0=0:24664681901943 c1=1:24664681906995 c2=2:24664682046943 c3=3:24664681977829 CH:
FS n=64 fsseq=539424 buf=4 c0=0:24664704000172 c1=1:24664704509808 c2=2:24664704002360 c3=3:24664704416110 CH: 4/id4/k0 30/id14/k1 39/id7/k2 50/id2/k3
FS n=64 fsseq=539424 buf=4 c0=0:24664704000172 c1=1:24664704509808 c2=2:24664704002360 c3=3:24664704416110 CH:
FS n=64 fsseq=539424 buf=4 c0=0:24664704000172 c1=1:24664704509808 c2=2:24664704002360 c3=3:24664704416110 CH:
FS n=64 fsseq=538636 buf=12 c0=0:24664721898922 c1=1:24664721898922 c2=2:24664721918193 c3=3:24664721987672 CH: 12/id12/k0 26/id10/k1 43/id11/k2 58/id10/k3
FS n=64 fsseq=538636 buf=12 c0=0:24664721898922 c1=1:24664721898922 c2=2:24664721918193 c3=3:24664721987672 CH: 26/id10/k1
FS n=64 fsseq=538636 buf=12 c0=0:24664721898922 c1=1:24664721898922 c2=2:24664721918193 c3=3:24664721987672 CH:
FS n=64 fsseq=539425 buf=6 c0=0:24664744017256 c1=1:24664744521683 c2=2:24664744018662 c3=3:24664744424235 CH: 6/id6/k0 28/id12/k1 37/id5/k2 51/id3/k3
FS n=64 fsseq=539425 buf=6 c0=0:24664744017256 c1=1:24664744521683 c2=2:24664744018662 c3=3:24664744424235 CH:
FS n=64 fsseq=539425 buf=6 c0=0:24664744017256 c1=1:24664744521683 c2=2:24664744018662 c3=3:24664744424235 CH:
FS n=64 fsseq=538637 buf=14 c0=0:24664761911526 c1=1:24664761911683 c2=2:24664761964443 c3=3:24664761973297 CH: 14/id14/k0 23/id7/k1 47/id15/k2 61/id13/k3
FS n=64 fsseq=538637 buf=14 c0=0:24664761911526 c1=1:24664761911683 c2=2:24664761964443 c3=3:24664761973297 CH:
FS n=64 fsseq=538637 buf=14 c0=0:24664761911526 c1=1:24664761911683 c2=2:24664761964443 c3=3:24664761973297 CH:
FS n=64 fsseq=539426 buf=8 c0=0:24664784006474 c1=1:24664784509131 c2=2:24664784015797 c3=3:24664784415276 CH: 8/id8/k0 31/id15/k1 34/id2/k2 53/id5/k3
FS n=64 fsseq=539426 buf=8 c0=0:24664784006474 c1=1:24664784509131 c2=2:24664784015797 c3=3:24664784415276 CH:
FS n=64 fsseq=539426 buf=8 c0=0:24664784006474 c1=1:24664784509131 c2=2:24664784015797 c3=3:24664784415276 CH:
FS n=64 fsseq=538638 buf=9 c0=0:24664801904026 c1=1:24664801905329 c2=2:24664801973922 c3=3:24664801967360 CH: 9/id9/k0 16/id0/k1 42/id10/k2 63/id15/k3
FS n=64 fsseq=538638 buf=9 c0=0:24664801904026 c1=1:24664801905329 c2=2:24664801973922 c3=3:24664801967360 CH: 9/id9/k0 16/id0/k1 42/id10/k2
FS n=64 fsseq=538638 buf=9 c0=0:24664801904026 c1=1:24664801905329 c2=2:24664801973922 c3=3:24664801967360 CH:
FS n=64 fsseq=539427 buf=10 c0=0:24664823998297 c1=1:24664824509651 c2=2:24664824007360 c3=3:24664824421474 CH: 10/id10/k0 17/id1/k1 35/id3/k2 55/id7/k3
FS n=64 fsseq=539427 buf=10 c0=0:24664823998297 c1=1:24664824509651 c2=2:24664824007360 c3=3:24664824421474 CH:
FS n=64 fsseq=539427 buf=10 c0=0:24664823998297 c1=1:24664824509651 c2=2:24664824007360 c3=3:24664824421474 CH:
FS n=64 fsseq=538639 buf=3 c0=0:24664841939599 c1=1:24664841923297 c2=2:24664841938141 c3=3:24664841987776 CH: 3/id3/k0 18/id2/k1 44/id12/k2 59/id11/k3
FS n=64 fsseq=538639 buf=3 c0=0:24664841939599 c1=1:24664841923297 c2=2:24664841938141 c3=3:24664841987776 CH:
FS n=64 fsseq=538639 buf=3 c0=0:24664841939599 c1=1:24664841923297 c2=2:24664841938141 c3=3:24664841987776 CH:
FS n=64 fsseq=539428 buf=7 c0=0:24664864001422 c1=1:24664864511162 c2=2:24664864004756 c3=3:24664864417151 CH: 7/id7/k0 22/id6/k1 40/id8/k2 56/id8/k3
FS n=64 fsseq=539428 buf=7 c0=0:24664864001422 c1=1:24664864511162 c2=2:24664864004756 c3=3:24664864417151 CH:
FS n=64 fsseq=539428 buf=7 c0=0:24664864001422 c1=1:24664864511162 c2=2:24664864004756 c3=3:24664864417151 CH:
FS n=64 fsseq=538640 buf=11 c0=0:24664881901162 c1=1:24664881901110 c2=2:24664881925016 c3=3:24664881974443 CH:
FS n=64 fsseq=538640 buf=11 c0=0:24664881901162 c1=1:24664881901110 c2=2:24664881925016 c3=3:24664881974443 CH: 11/id11/k0 19/id3/k1 45/id13/k2 57/id9/k3
FS n=64 fsseq=538640 buf=11 c0=0:24664881901162 c1=1:24664881901110 c2=2:24664881925016 c3=3:24664881974443 CH:
FS n=64 fsseq=539429 buf=1 c0=0:24664904019495 c1=1:24664904539860 c2=2:24664904025328 c3=3:24664904425641 CH:
FS n=64 fsseq=539429 buf=1 c0=0:24664904019495 c1=1:24664904539860 c2=2:24664904025328 c3=3:24664904425641 CH: 1/id1/k0 27/id11/k1 32/id0/k2 48/id0/k3
FS n=64 fsseq=539429 buf=1 c0=0:24664904019495 c1=1:24664904539860 c2=2:24664904025328 c3=3:24664904425641 CH:
FS n=64 fsseq=538641 buf=13 c0=0:24664921901683 c1=1:24664921901318 c2=2:24664921925328 c3=3:24664921960693 CH: 13/id13/k0 21/id5/k1 46/id14/k2 60/id12/k3
FS n=64 fsseq=538641 buf=13 c0=0:24664921901683 c1=1:24664921901318 c2=2:24664921925328 c3=3:24664921960693 CH:
FS n=64 fsseq=538641 buf=13 c0=0:24664921901683 c1=1:24664921901318 c2=2:24664921925328 c3=3:24664921960693 CH:
FS n=64 fsseq=539430 buf=5 c0=0:24664944002985 c1=1:24664944515693 c2=2:24664944008662 c3=3:24664944421526 CH: 5/id5/k0 29/id13/k1 36/id4/k2 52/id4/k3
FS n=64 fsseq=539430 buf=5 c0=0:24664944002985 c1=1:24664944515693 c2=2:24664944008662 c3=3:24664944421526 CH:
FS n=64 fsseq=539430 buf=5 c0=0:24664944002985 c1=1:24664944515693 c2=2:24664944008662 c3=3:24664944421526 CH:
FS n=64 fsseq=538642 buf=15 c0=0:24664961895224 c1=1:24664961895224 c2=2:24664961919078 c3=3:24664961966995 CH: 15/id15/k0 20/id4/k1 38/id6/k2 62/id14/k3
FS n=64 fsseq=538642 buf=15 c0=0:24664961895224 c1=1:24664961895224 c2=2:24664961919078 c3=3:24664961966995 CH: 15/id15/k0
FS n=64 fsseq=538642 buf=15 c0=0:24664961895224 c1=1:24664961895224 c2=2:24664961919078 c3=3:24664961966995 CH:
FS n=64 fsseq=539431 buf=0 c0=0:24664984012308 c1=1:24664984514703 c2=2:24664984015589 c3=3:24664984420537 CH:
FS n=64 fsseq=539431 buf=0 c0=0:24664984012308 c1=1:24664984514703 c2=2:24664984015589 c3=3:24664984420537 CH: 0/id0/k0 24/id8/k1 33/id1/k2 49/id1/k3
FS n=64 fsseq=539431 buf=0 c0=0:24664984012308 c1=1:24664984514703 c2=2:24664984015589 c3=3:24664984420537 CH:
FS n=64 fsseq=538643 buf=2 c0=0:24665001922776 c1=1:24665001922985 c2=2:24665001947360 c3=3:24665001992933 CH: 2/id2/k0 25/id9/k1 41/id9/k2 54/id6/k3
FS n=64 fsseq=538643 buf=2 c0=0:24665001922776 c1=1:24665001922985 c2=2:24665001947360 c3=3:24665001992933 CH:
FS n=64 fsseq=538643 buf=2 c0=0:24665001922776 c1=1:24665001922985 c2=2:24665001947360 c3=3:24665001992933 CH:
FS n=64 fsseq=539432 buf=4 c0=0:24665024003714 c1=1:24665024512464 c2=2:24665024009808 c3=3:24665024419964 CH: 2/id2/k0 4/id4/k0 30/id14/k1 39/id7/k2 50/id2/k3
FS n=64 fsseq=539432 buf=4 c0=0:24665024003714 c1=1:24665024512464 c2=2:24665024009808 c3=3:24665024419964 CH:
FS n=64 fsseq=539432 buf=4 c0=0:24665024003714 c1=1:24665024512464 c2=2:24665024009808 c3=3:24665024419964 CH:
FS n=64 fsseq=538644 buf=12 c0=0:24665041909756 c1=1:24665041910172 c2=2:24665041934391 c3=3:24665041957047 CH: 12/id12/k0 26/id10/k1 43/id11/k2 58/id10/k3
FS n=64 fsseq=538644 buf=12 c0=0:24665041909756 c1=1:24665041910172 c2=2:24665041934391 c3=3:24665041957047 CH: 43/id11/k2 58/id10/k3
FS n=64 fsseq=538644 buf=12 c0=0:24665041909756 c1=1:24665041910172 c2=2:24665041934391 c3=3:24665041957047 CH:
FS n=64 fsseq=539433 buf=6 c0=0:24665064020641 c1=1:24665064520381 c2=2:24665064029547 c3=3:24665064429443 CH: 6/id6/k0 28/id12/k1 37/id5/k2 51/id3/k3
FS n=64 fsseq=539433 buf=6 c0=0:24665064020641 c1=1:24665064520381 c2=2:24665064029547 c3=3:24665064429443 CH:
FS n=64 fsseq=539433 buf=6 c0=0:24665064020641 c1=1:24665064520381 c2=2:24665064029547 c3=3:24665064429443 CH:
FS n=64 fsseq=538645 buf=14 c0=0:24665081914495 c1=1:24665081914651 c2=2:24665081967985 c3=3:24665081974703 CH: 14/id14/k0 23/id7/k1 47/id15/k2 61/id13/k3
FS n=64 fsseq=538645 buf=14 c0=0:24665081914495 c1=1:24665081914651 c2=2:24665081967985 c3=3:24665081974703 CH: 47/id15/k2
FS n=64 fsseq=538645 buf=14 c0=0:24665081914495 c1=1:24665081914651 c2=2:24665081967985 c3=3:24665081974703 CH: 47/id15/k2
FS n=64 fsseq=539434 buf=8 c0=0:24665104006370 c1=1:24665104513453 c2=2:24665104018558 c3=3:24665104422151 CH: 8/id8/k0 31/id15/k1 34/id2/k2 53/id5/k3
FS n=64 fsseq=539434 buf=8 c0=0:24665104006370 c1=1:24665104513453 c2=2:24665104018558 c3=3:24665104422151 CH:
FS n=64 fsseq=539434 buf=8 c0=0:24665104006370 c1=1:24665104513453 c2=2:24665104018558 c3=3:24665104422151 CH:
FS n=64 fsseq=538646 buf=9 c0=0:24665121917360 c1=1:24665121917151 c2=2:24665121963349 c3=3:24665121971110 CH: 9/id9/k0 16/id0/k1 42/id10/k2 63/id15/k3
FS n=64 fsseq=538646 buf=9 c0=0:24665121917360 c1=1:24665121917151 c2=2:24665121963349 c3=3:24665121971110 CH:
FS n=64 fsseq=538646 buf=9 c0=0:24665121917360 c1=1:24665121917151 c2=2:24665121963349 c3=3:24665121971110 CH:
FS n=64 fsseq=539435 buf=10 c0=0:24665144008974 c1=1:24665144511891 c2=2:24665144020328 c3=3:24665144417724 CH: 10/id10/k0 17/id1/k1 35/id3/k2 55/id7/k3
FS n=64 fsseq=539435 buf=10 c0=0:24665144008974 c1=1:24665144511891 c2=2:24665144020328 c3=3:24665144417724 CH:
FS n=64 fsseq=539435 buf=10 c0=0:24665144008974 c1=1:24665144511891 c2=2:24665144020328 c3=3:24665144417724 CH:
FS n=64 fsseq=538647 buf=3 c0=0:24665161967203 c1=1:24665162001422 c2=2:24665161971110 c3=3:24665162011110 CH:
FS n=64 fsseq=538647 buf=3 c0=0:24665161967203 c1=1:24665162001422 c2=2:24665161971110 c3=3:24665162011110 CH:
FS n=64 fsseq=538647 buf=3 c0=0:24665161967203 c1=1:24665162001422 c2=2:24665161971110 c3=3:24665162011110 CH: 3/id3/k0 18/id2/k1 44/id12/k2 59/id11/k3
FS n=64 fsseq=539436 buf=7 c0=0:24665184011787 c1=1:24665184518297 c2=2:24665184012308 c3=3:24665184422151 CH: 7/id7/k0 22/id6/k1 40/id8/k2 56/id8/k3
FS n=64 fsseq=539436 buf=7 c0=0:24665184011787 c1=1:24665184518297 c2=2:24665184012308 c3=3:24665184422151 CH:
FS n=64 fsseq=539436 buf=7 c0=0:24665184011787 c1=1:24665184518297 c2=2:24665184012308 c3=3:24665184422151 CH:
FS n=64 fsseq=538648 buf=11 c0=0:24665201909651 c1=1:24665201968245 c2=2:24665201935797 c3=3:24665201974078 CH: 19/id3/k1 57/id9/k3
FS n=64 fsseq=538648 buf=11 c0=0:24665201909651 c1=1:24665201968245 c2=2:24665201935797 c3=3:24665201974078 CH: 11/id11/k0 19/id3/k1 45/id13/k2 57/id9/k3
FS n=64 fsseq=538648 buf=11 c0=0:24665201909651 c1=1:24665201968245 c2=2:24665201935797 c3=3:24665201974078 CH:
FS n=64 fsseq=539437 buf=1 c0=0:24665224044443 c1=1:24665224522464 c2=2:24665224047464 c3=3:24665224431891 CH: 1/id1/k0 27/id11/k1 32/id0/k2 48/id0/k3
FS n=64 fsseq=539437 buf=1 c0=0:24665224044443 c1=1:24665224522464 c2=2:24665224047464 c3=3:24665224431891 CH:
FS n=64 fsseq=539437 buf=1 c0=0:24665224044443 c1=1:24665224522464 c2=2:24665224047464 c3=3:24665224431891 CH:
FS n=64 fsseq=538649 buf=13 c0=0:24665241915693 c1=1:24665241961839 c2=2:24665241935224 c3=3:24665241970120 CH: 13/id13/k0 21/id5/k1 46/id14/k2 60/id12/k3
FS n=64 fsseq=538649 buf=13 c0=0:24665241915693 c1=1:24665241961839 c2=2:24665241935224 c3=3:24665241970120 CH:
FS n=64 fsseq=538649 buf=13 c0=0:24665241915693 c1=1:24665241961839 c2=2:24665241935224 c3=3:24665241970120 CH:
FS n=64 fsseq=539438 buf=5 c0=0:24665264010849 c1=1:24665264518714 c2=2:24665264012412 c3=3:24665264426058 CH: 5/id5/k0 29/id13/k1 36/id4/k2 52/id4/k3
FS n=64 fsseq=539438 buf=5 c0=0:24665264010849 c1=1:24665264518714 c2=2:24665264012412 c3=3:24665264426058 CH:
FS n=64 fsseq=539438 buf=5 c0=0:24665264010849 c1=1:24665264518714 c2=2:24665264012412 c3=3:24665264426058 CH:
FS n=64 fsseq=538650 buf=15 c0=0:24665281904964 c1=1:24665281905016 c2=2:24665281989860 c3=3:24665281982568 CH: 15/id15/k0 20/id4/k1 38/id6/k2 62/id14/k3
FS n=64 fsseq=538650 buf=15 c0=0:24665281904964 c1=1:24665281905016 c2=2:24665281989860 c3=3:24665281982568 CH:
FS n=64 fsseq=538650 buf=15 c0=0:24665281904964 c1=1:24665281905016 c2=2:24665281989860 c3=3:24665281982568 CH:
FS n=64 fsseq=539439 buf=0 c0=0:24665304005693 c1=1:24665304519495 c2=2:24665304017308 c3=3:24665304424651 CH: 0/id0/k0 24/id8/k1 33/id1/k2 49/id1/k3
FS n=64 fsseq=539439 buf=0 c0=0:24665304005693 c1=1:24665304519495 c2=2:24665304017308 c3=3:24665304424651 CH:
FS n=64 fsseq=539439 buf=0 c0=0:24665304005693 c1=1:24665304519495 c2=2:24665304017308 c3=3:24665304424651 CH:
FS n=64 fsseq=538651 buf=2 c0=0:24665321930068 c1=1:24665322002464 c2=2:24665321965797 c3=3:24665322017933 CH: 25/id9/k1 54/id6/k3
FS n=64 fsseq=538651 buf=2 c0=0:24665321930068 c1=1:24665322002464 c2=2:24665321965797 c3=3:24665322017933 CH: 2/id2/k0 25/id9/k1 41/id9/k2 54/id6/k3
FS n=64 fsseq=538651 buf=2 c0=0:24665321930068 c1=1:24665322002464 c2=2:24665321965797 c3=3:24665322017933 CH: 54/id6/k3
FS n=64 fsseq=539440 buf=4 c0=0:24665344011787 c1=1:24665344519182 c2=2:24665344014443 c3=3:24665344423505 CH: 4/id4/k0 30/id14/k1 39/id7/k2 50/id2/k3
FS n=64 fsseq=539440 buf=4 c0=0:24665344011787 c1=1:24665344519182 c2=2:24665344014443 c3=3:24665344423505 CH:
FS n=64 fsseq=539440 buf=4 c0=0:24665344011787 c1=1:24665344519182 c2=2:24665344014443 c3=3:24665344423505 CH:
FS n=64 fsseq=538652 buf=12 c0=0:24665361911214 c1=1:24665361955849 c2=2:24665361931682 c3=3:24665361964026 CH: 12/id12/k0 26/id10/k1 43/id11/k2
FS n=64 fsseq=538652 buf=12 c0=0:24665361911214 c1=1:24665361955849 c2=2:24665361931682 c3=3:24665361964026 CH: 58/id10/k3
FS n=64 fsseq=538652 buf=12 c0=0:24665361911214 c1=1:24665361955849 c2=2:24665361931682 c3=3:24665361964026 CH:
FS n=64 fsseq=539441 buf=6 c0=0:24665384036057 c1=1:24665384521318 c2=2:24665384041735 c3=3:24665384429964 CH: 6/id6/k0 28/id12/k1 37/id5/k2 51/id3/k3
FS n=64 fsseq=539441 buf=6 c0=0:24665384036057 c1=1:24665384521318 c2=2:24665384041735 c3=3:24665384429964 CH:
FS n=64 fsseq=539441 buf=6 c0=0:24665384036057 c1=1:24665384521318 c2=2:24665384041735 c3=3:24665384429964 CH:
FS n=64 fsseq=538653 buf=14 c0=0:24665401912776 c1=1:24665401956318 c2=2:24665401935589 c3=3:24665401968401 CH: 14/id14/k0 23/id7/k1 47/id15/k2 61/id13/k3
FS n=64 fsseq=538653 buf=14 c0=0:24665401912776 c1=1:24665401956318 c2=2:24665401935589 c3=3:24665401968401 CH:
FS n=64 fsseq=538653 buf=14 c0=0:24665401912776 c1=1:24665401956318 c2=2:24665401935589 c3=3:24665401968401 CH:
FS n=64 fsseq=539442 buf=8 c0=0:24665424014912 c1=1:24665424523922 c2=2:24665424018557 c3=3:24665424424964 CH: 8/id8/k0 31/id15/k1 34/id2/k2 53/id5/k3
FS n=64 fsseq=539442 buf=8 c0=0:24665424014912 c1=1:24665424523922 c2=2:24665424018557 c3=3:24665424424964 CH:
FS n=64 fsseq=539442 buf=8 c0=0:24665424014912 c1=1:24665424523922 c2=2:24665424018557 c3=3:24665424424964 CH:
FS n=64 fsseq=538654 buf=9 c0=0:24665441908766 c1=1:24665441908714 c2=2:24665441933557 c3=3:24665441980380 CH: 9/id9/k0 16/id0/k1 42/id10/k2 63/id15/k3
FS n=64 fsseq=538654 buf=9 c0=0:24665441908766 c1=1:24665441908714 c2=2:24665441933557 c3=3:24665441980380 CH: 9/id9/k0
FS n=64 fsseq=538654 buf=9 c0=0:24665441908766 c1=1:24665441908714 c2=2:24665441933557 c3=3:24665441980380 CH:
FS n=64 fsseq=539443 buf=10 c0=0:24665464011787 c1=1:24665464517307 c2=2:24665464016422 c3=3:24665464422880 CH: 10/id10/k0 17/id1/k1 35/id3/k2 55/id7/k3
FS n=64 fsseq=539443 buf=10 c0=0:24665464011787 c1=1:24665464517307 c2=2:24665464016422 c3=3:24665464422880 CH:
FS n=64 fsseq=539443 buf=10 c0=0:24665464011787 c1=1:24665464517307 c2=2:24665464016422 c3=3:24665464422880 CH:
FS n=64 fsseq=538655 buf=3 c0=0:24665481948037 c1=1:24665481948349 c2=2:24665482033245 c3=3:24665482019339 CH: 3/id3/k0 18/id2/k1 44/id12/k2 59/id11/k3
FS n=64 fsseq=538655 buf=3 c0=0:24665481948037 c1=1:24665481948349 c2=2:24665482033245 c3=3:24665482019339 CH:
FS n=64 fsseq=538655 buf=3 c0=0:24665481948037 c1=1:24665481948349 c2=2:24665482033245 c3=3:24665482019339 CH:
FS n=64 fsseq=539444 buf=7 c0=0:24665504012985 c1=1:24665504515537 c2=2:24665504019807 c3=3:24665504428297 CH: 7/id7/k0 22/id6/k1 40/id8/k2 56/id8/k3
FS n=64 fsseq=539444 buf=7 c0=0:24665504012985 c1=1:24665504515537 c2=2:24665504019807 c3=3:24665504428297 CH:
FS n=64 fsseq=539444 buf=7 c0=0:24665504012985 c1=1:24665504515537 c2=2:24665504019807 c3=3:24665504428297 CH:
FS n=64 fsseq=538656 buf=11 c0=0:24665521921630 c1=1:24665521929391 c2=2:24665521981630 c3=3:24665521988662 CH: 11/id11/k0 19/id3/k1 45/id13/k2 57/id9/k3
FS n=64 fsseq=538656 buf=11 c0=0:24665521921630 c1=1:24665521929391 c2=2:24665521981630 c3=3:24665521988662 CH:
FS n=64 fsseq=538656 buf=11 c0=0:24665521921630 c1=1:24665521929391 c2=2:24665521981630 c3=3:24665521988662 CH:
FS n=64 fsseq=539445 buf=1 c0=0:24665544047203 c1=1:24665544527047 c2=2:24665544046943 c3=3:24665544437985 CH: 1/id1/k0 27/id11/k1 32/id0/k2 48/id0/k3
FS n=64 fsseq=539445 buf=1 c0=0:24665544047203 c1=1:24665544527047 c2=2:24665544046943 c3=3:24665544437985 CH:
FS n=64 fsseq=539445 buf=1 c0=0:24665544047203 c1=1:24665544527047 c2=2:24665544046943 c3=3:24665544437985 CH:
FS n=64 fsseq=538657 buf=13 c0=0:24665561909755 c1=1:24665561909651 c2=2:24665561936787 c3=3:24665561974703 CH: 13/id13/k0 21/id5/k1 46/id14/k2 60/id12/k3
FS n=64 fsseq=538657 buf=13 c0=0:24665561909755 c1=1:24665561909651 c2=2:24665561936787 c3=3:24665561974703 CH:
FS n=64 fsseq=538657 buf=13 c0=0:24665561909755 c1=1:24665561909651 c2=2:24665561936787 c3=3:24665561974703 CH:
FS n=64 fsseq=539446 buf=5 c0=0:24665584015641 c1=1:24665584523714 c2=2:24665584020745 c3=3:24665584425068 CH: 5/id5/k0 29/id13/k1 36/id4/k2 52/id4/k3
FS n=64 fsseq=539446 buf=5 c0=0:24665584015641 c1=1:24665584523714 c2=2:24665584020745 c3=3:24665584425068 CH:
FS n=64 fsseq=539446 buf=5 c0=0:24665584015641 c1=1:24665584523714 c2=2:24665584020745 c3=3:24665584425068 CH:
FS n=64 fsseq=538658 buf=15 c0=0:24665601920901 c1=1:24665601922672 c2=2:24665601975016 c3=3:24665602002203 CH: 15/id15/k0 20/id4/k1 38/id6/k2 62/id14/k3
FS n=64 fsseq=538658 buf=15 c0=0:24665601920901 c1=1:24665601922672 c2=2:24665601975016 c3=3:24665602002203 CH:
FS n=64 fsseq=538658 buf=15 c0=0:24665601920901 c1=1:24665601922672 c2=2:24665601975016 c3=3:24665602002203 CH:
FS n=64 fsseq=539447 buf=0 c0=0:24665624017255 c1=1:24665624523922 c2=2:24665624023714 c3=3:24665624427620 CH: 0/id0/k0 24/id8/k1 33/id1/k2 49/id1/k3
FS n=64 fsseq=539447 buf=0 c0=0:24665624017255 c1=1:24665624523922 c2=2:24665624023714 c3=3:24665624427620 CH:
FS n=64 fsseq=539447 buf=0 c0=0:24665624017255 c1=1:24665624523922 c2=2:24665624023714 c3=3:24665624427620 CH:
FS n=64 fsseq=538659 buf=2 c0=0:24665641955120 c1=1:24665642065745 c2=2:24665641994339 c3=3:24665642034807 CH: 2/id2/k0 25/id9/k1 41/id9/k2 54/id6/k3
FS n=64 fsseq=538659 buf=2 c0=0:24665641955120 c1=1:24665642065745 c2=2:24665641994339 c3=3:24665642034807 CH: 25/id9/k1 41/id9/k2
FS n=64 fsseq=538659 buf=2 c0=0:24665641955120 c1=1:24665642065745 c2=2:24665641994339 c3=3:24665642034807 CH:
FS n=64 fsseq=539448 buf=4 c0=0:24665664014807 c1=1:24665664521630 c2=2:24665664020380 c3=3:24665664428818 CH: 4/id4/k0 30/id14/k1 39/id7/k2 50/id2/k3
FS n=64 fsseq=539448 buf=4 c0=0:24665664014807 c1=1:24665664521630 c2=2:24665664020380 c3=3:24665664428818 CH:
FS n=64 fsseq=539448 buf=4 c0=0:24665664014807 c1=1:24665664521630 c2=2:24665664020380 c3=3:24665664428818 CH:
FS n=64 fsseq=538660 buf=12 c0=0:24665681908714 c1=1:24665681908870 c2=2:24665681935901 c3=3:24665681983297 CH: 12/id12/k0 26/id10/k1 43/id11/k2 58/id10/k3
FS n=64 fsseq=538660 buf=12 c0=0:24665681908714 c1=1:24665681908870 c2=2:24665681935901 c3=3:24665681983297 CH:
FS n=64 fsseq=538660 buf=12 c0=0:24665681908714 c1=1:24665681908870 c2=2:24665681935901 c3=3:24665681983297 CH:
FS n=64 fsseq=539449 buf=6 c0=0:24665704014495 c1=1:24665704520589 c2=2:24665704014391 c3=3:24665704441943 CH: 6/id6/k0 28/id12/k1 37/id5/k2 51/id3/k3
FS n=64 fsseq=539449 buf=6 c0=0:24665704014495 c1=1:24665704520589 c2=2:24665704014391 c3=3:24665704441943 CH:
FS n=64 fsseq=539449 buf=6 c0=0:24665704014495 c1=1:24665704520589 c2=2:24665704014391 c3=3:24665704441943 CH:
FS n=64 fsseq=538661 buf=14 c0=0:24665721917828 c1=1:24665721917828 c2=2:24665721968349 c3=3:24665721977984 CH: 6/id6/k0 14/id14/k0 23/id7/k1 47/id15/k2 61/id13/k3
FS n=64 fsseq=538661 buf=14 c0=0:24665721917828 c1=1:24665721917828 c2=2:24665721968349 c3=3:24665721977984 CH:
FS n=64 fsseq=538661 buf=14 c0=0:24665721917828 c1=1:24665721917828 c2=2:24665721968349 c3=3:24665721977984 CH:
FS n=64 fsseq=539450 buf=8 c0=0:24665744019287 c1=1:24665744527203 c2=2:24665744031109 c3=3:24665744432099 CH: 8/id8/k0 31/id15/k1 34/id2/k2 53/id5/k3
FS n=64 fsseq=539450 buf=8 c0=0:24665744019287 c1=1:24665744527203 c2=2:24665744031109 c3=3:24665744432099 CH:
FS n=64 fsseq=539450 buf=8 c0=0:24665744019287 c1=1:24665744527203 c2=2:24665744031109 c3=3:24665744432099 CH:
FS n=64 fsseq=538662 buf=9 c0=0:24665761913714 c1=1:24665761913766 c2=2:24665761940276 c3=3:24665761995172 CH: 9/id9/k0 16/id0/k1 42/id10/k2 63/id15/k3
FS n=64 fsseq=538662 buf=9 c0=0:24665761913714 c1=1:24665761913766 c2=2:24665761940276 c3=3:24665761995172 CH:
FS n=64 fsseq=538662 buf=9 c0=0:24665761913714 c1=1:24665761913766 c2=2:24665761940276 c3=3:24665761995172 CH:
FS n=64 fsseq=539451 buf=10 c0=0:24665784014443 c1=1:24665784525849 c2=2:24665784018505 c3=3:24665784427984 CH: 10/id10/k0 17/id1/k1 35/id3/k2 55/id7/k3
FS n=64 fsseq=539451 buf=10 c0=0:24665784014443 c1=1:24665784525849 c2=2:24665784018505 c3=3:24665784427984 CH:
FS n=64 fsseq=539451 buf=10 c0=0:24665784014443 c1=1:24665784525849 c2=2:24665784018505 c3=3:24665784427984 CH:
FS n=64 fsseq=538663 buf=3 c0=0:24665801944234 c1=1:24665801944339 c2=2:24665801974859 c3=3:24665802028036 CH: 3/id3/k0 18/id2/k1 44/id12/k2 59/id11/k3
FS n=64 fsseq=538663 buf=3 c0=0:24665801944234 c1=1:24665801944339 c2=2:24665801974859 c3=3:24665802028036 CH: 3/id3/k0 18/id2/k1 44/id12/k2 59/id11/k3
FS n=64 fsseq=538663 buf=3 c0=0:24665801944234 c1=1:24665801944339 c2=2:24665801974859 c3=3:24665802028036 CH:
FS n=64 fsseq=539452 buf=7 c0=0:24665824031214 c1=1:24665824526474 c2=2:24665824031109 c3=3:24665824430276 CH: 7/id7/k0 22/id6/k1 40/id8/k2 56/id8/k3
FS n=64 fsseq=539452 buf=7 c0=0:24665824031214 c1=1:24665824526474 c2=2:24665824031109 c3=3:24665824430276 CH:
FS n=64 fsseq=539452 buf=7 c0=0:24665824031214 c1=1:24665824526474 c2=2:24665824031109 c3=3:24665824430276 CH:
FS n=64 fsseq=538664 buf=11 c0=0:24665841919911 c1=1:24665841923036 c2=2:24665841980745 c3=3:24665841993089 CH: 11/id11/k0 19/id3/k1 45/id13/k2 57/id9/k3
FS n=64 fsseq=538664 buf=11 c0=0:24665841919911 c1=1:24665841923036 c2=2:24665841980745 c3=3:24665841993089 CH:
FS n=64 fsseq=538664 buf=11 c0=0:24665841919911 c1=1:24665841923036 c2=2:24665841980745 c3=3:24665841993089 CH:
FS n=64 fsseq=539453 buf=1 c0=0:24665864011943 c1=1:24665864532151 c2=2:24665864017984 c3=3:24665864441214 CH: 1/id1/k0
FS n=64 fsseq=539453 buf=1 c0=0:24665864011943 c1=1:24665864532151 c2=2:24665864017984 c3=3:24665864441214 CH: 27/id11/k1 32/id0/k2 48/id0/k3
FS n=64 fsseq=539453 buf=1 c0=0:24665864011943 c1=1:24665864532151 c2=2:24665864017984 c3=3:24665864441214 CH: 1/id1/k0
FS n=64 fsseq=538665 buf=13 c0=0:24665881917932 c1=1:24665881917620 c2=2:24665881942568 c3=3:24665881989547 CH: 46/id14/k2 60/id12/k3
FS n=64 fsseq=538665 buf=13 c0=0:24665881917932 c1=1:24665881917620 c2=2:24665881942568 c3=3:24665881989547 CH: 13/id13/k0 21/id5/k1
FS n=64 fsseq=538665 buf=13 c0=0:24665881917932 c1=1:24665881917620 c2=2:24665881942568 c3=3:24665881989547 CH:
FS n=64 fsseq=539454 buf=5 c0=0:24665904029859 c1=1:24665904531630 c2=2:24665904030068 c3=3:24665904434755 CH: 5/id5/k0 29/id13/k1 36/id4/k2 52/id4/k3
FS n=64 fsseq=539454 buf=5 c0=0:24665904029859 c1=1:24665904531630 c2=2:24665904030068 c3=3:24665904434755 CH:
FS n=64 fsseq=539454 buf=5 c0=0:24665904029859 c1=1:24665904531630 c2=2:24665904030068 c3=3:24665904434755 CH:
FS n=64 fsseq=538666 buf=15 c0=0:24665921925276 c1=1:24665921925276 c2=2:24665921987151 c3=3:24665921964755 CH: 15/id15/k0 20/id4/k1 38/id6/k2 62/id14/k3
FS n=64 fsseq=538666 buf=15 c0=0:24665921925276 c1=1:24665921925276 c2=2:24665921987151 c3=3:24665921964755 CH:
FS n=64 fsseq=538666 buf=15 c0=0:24665921925276 c1=1:24665921925276 c2=2:24665921987151 c3=3:24665921964755 CH:
FS n=64 fsseq=539455 buf=0 c0=0:24665944023141 c1=1:24665944525432 c2=2:24665944032099 c3=3:24665944434078 CH: 0/id0/k0 24/id8/k1 33/id1/k2 49/id1/k3
FS n=64 fsseq=539455 buf=0 c0=0:24665944023141 c1=1:24665944525432 c2=2:24665944032099 c3=3:24665944434078 CH:
FS n=64 fsseq=539455 buf=0 c0=0:24665944023141 c1=1:24665944525432 c2=2:24665944032099 c3=3:24665944434078 CH:
FS n=64 fsseq=538667 buf=2 c0=0:24665961942099 c1=1:24665961943766 c2=2:24665962005432 c3=3:24665962015693 CH: 2/id2/k0 25/id9/k1 41/id9/k2 54/id6/k3
FS n=64 fsseq=538667 buf=2 c0=0:24665961942099 c1=1:24665961943766 c2=2:24665962005432 c3=3:24665962015693 CH:
FS n=64 fsseq=538667 buf=2 c0=0:24665961942099 c1=1:24665961943766 c2=2:24665962005432 c3=3:24665962015693 CH:
FS n=64 fsseq=539456 buf=4 c0=0:24665984026630 c1=1:24665984530588 c2=2:24665984039130 c3=3:24665984434338 CH: 30/id14/k1 39/id7/k2 50/id2/k3
FS n=64 fsseq=539456 buf=4 c0=0:24665984026630 c1=1:24665984530588 c2=2:24665984039130 c3=3:24665984434338 CH: 4/id4/k0
FS n=64 fsseq=539456 buf=4 c0=0:24665984026630 c1=1:24665984530588 c2=2:24665984039130 c3=3:24665984434338 CH:
FS n=64 fsseq=538668 buf=12 c0=0:24666001924130 c1=1:24666001977932 c2=2:24666001951109 c3=3:24666001965380 CH: 4/id4/k0 12/id12/k0 26/id10/k1 43/id11/k2 58/id10/k3
FS n=64 fsseq=538668 buf=12 c0=0:24666001924130 c1=1:24666001977932 c2=2:24666001951109 c3=3:24666001965380 CH:
FS n=64 fsseq=538668 buf=12 c0=0:24666001924130 c1=1:24666001977932 c2=2:24666001951109 c3=3:24666001965380 CH:
FS n=64 fsseq=539457 buf=6 c0=0:24666024027099 c1=1:24666024534443 c2=2:24666024027099 c3=3:24666024443661 CH: 6/id6/k0 28/id12/k1 37/id5/k2 51/id3/k3
FS n=64 fsseq=539457 buf=6 c0=0:24666024027099 c1=1:24666024534443 c2=2:24666024027099 c3=3:24666024443661 CH:
FS n=64 fsseq=539457 buf=6 c0=0:24666024027099 c1=1:24666024534443 c2=2:24666024027099 c3=3:24666024443661 CH:
FS n=64 fsseq=538669 buf=14 c0=0:24666041956995 c1=1:24666041937516 c2=2:24666041991161 c3=3:24666041981682 CH: 23/id7/k1 47/id15/k2 61/id13/k3
FS n=64 fsseq=538669 buf=14 c0=0:24666041956995 c1=1:24666041937516 c2=2:24666041991161 c3=3:24666041981682 CH:
FS n=64 fsseq=538669 buf=14 c0=0:24666041956995 c1=1:24666041937516 c2=2:24666041991161 c3=3:24666041981682 CH: 14/id14/k0
FS n=64 fsseq=539458 buf=8 c0=0:24666064023870 c1=1:24666064529755 c2=2:24666064032047 c3=3:24666064446526 CH: 8/id8/k0 31/id15/k1 34/id2/k2 53/id5/k3
FS n=64 fsseq=539458 buf=8 c0=0:24666064023870 c1=1:24666064529755 c2=2:24666064032047 c3=3:24666064446526 CH:
FS n=64 fsseq=539458 buf=8 c0=0:24666064023870 c1=1:24666064529755 c2=2:24666064032047 c3=3:24666064446526 CH:
FS n=64 fsseq=538670 buf=9 c0=0:24666081919859 c1=1:24666081919703 c2=2:24666081951213 c3=3:24666081990797 CH:
FS n=64 fsseq=538670 buf=9 c0=0:24666081919859 c1=1:24666081919703 c2=2:24666081951213 c3=3:24666081990797 CH: 9/id9/k0 16/id0/k1 42/id10/k2 63/id15/k3
FS n=64 fsseq=538670 buf=9 c0=0:24666081919859 c1=1:24666081919703 c2=2:24666081951213 c3=3:24666081990797 CH:
FS n=64 fsseq=539459 buf=10 c0=0:24666104051786 c1=1:24666104526838 c2=2:24666104056630 c3=3:24666104437151 CH: 35/id3/k2 55/id7/k3
FS n=64 fsseq=539459 buf=10 c0=0:24666104051786 c1=1:24666104526838 c2=2:24666104056630 c3=3:24666104437151 CH: 10/id10/k0 17/id1/k1 35/id3/k2
FS n=64 fsseq=539459 buf=10 c0=0:24666104051786 c1=1:24666104526838 c2=2:24666104056630 c3=3:24666104437151 CH: 55/id7/k3
FS n=64 fsseq=538671 buf=3 c0=0:24666121950380 c1=1:24666121950380 c2=2:24666122001786 c3=3:24666122016370 CH: 3/id3/k0 18/id2/k1 44/id12/k2 59/id11/k3
FS n=64 fsseq=538671 buf=3 c0=0:24666121950380 c1=1:24666121950380 c2=2:24666122001786 c3=3:24666122016370 CH:
FS n=64 fsseq=538671 buf=3 c0=0:24666121950380 c1=1:24666121950380 c2=2:24666122001786 c3=3:24666122016370 CH:
FS n=64 fsseq=539460 buf=7 c0=0:24666144048349 c1=1:24666144533974 c2=2:24666144053713 c3=3:24666144442047 CH: 7/id7/k0 22/id6/k1 40/id8/k2 56/id8/k3
FS n=64 fsseq=539460 buf=7 c0=0:24666144048349 c1=1:24666144533974 c2=2:24666144053713 c3=3:24666144442047 CH:
FS n=64 fsseq=539460 buf=7 c0=0:24666144048349 c1=1:24666144533974 c2=2:24666144053713 c3=3:24666144442047 CH:
FS n=64 fsseq=538672 buf=11 c0=0:24666161928088 c1=1:24666161928088 c2=2:24666161979703 c3=3:24666161983036 CH: 11/id11/k0 19/id3/k1 45/id13/k2 57/id9/k3
FS n=64 fsseq=538672 buf=11 c0=0:24666161928088 c1=1:24666161928088 c2=2:24666161979703 c3=3:24666161983036 CH: 19/id3/k1
FS n=64 fsseq=538672 buf=11 c0=0:24666161928088 c1=1:24666161928088 c2=2:24666161979703 c3=3:24666161983036 CH: 19/id3/k1
FS n=64 fsseq=539461 buf=1 c0=0:24666184077516 c1=1:24666184532724 c2=2:24666184077516 c3=3:24666184437932 CH: 27/id11/k1 32/id0/k2 48/id0/k3
FS n=64 fsseq=539461 buf=1 c0=0:24666184077516 c1=1:24666184532724 c2=2:24666184077516 c3=3:24666184437932 CH: 1/id1/k0 32/id0/k2
FS n=64 fsseq=539461 buf=1 c0=0:24666184077516 c1=1:24666184532724 c2=2:24666184077516 c3=3:24666184437932 CH:
FS n=64 fsseq=538673 buf=13 c0=0:24666201929443 c1=1:24666201929443 c2=2:24666201947047 c3=3:24666201985380 CH: 13/id13/k0 21/id5/k1 46/id14/k2 60/id12/k3
FS n=64 fsseq=538673 buf=13 c0=0:24666201929443 c1=1:24666201929443 c2=2:24666201947047 c3=3:24666201985380 CH:
FS n=64 fsseq=538673 buf=13 c0=0:24666201929443 c1=1:24666201929443 c2=2:24666201947047 c3=3:24666201985380 CH:
FS n=64 fsseq=539462 buf=5 c0=0:24666224027099 c1=1:24666224532932 c2=2:24666224030328 c3=3:24666224438818 CH: 5/id5/k0 29/id13/k1 36/id4/k2 52/id4/k3
FS n=64 fsseq=539462 buf=5 c0=0:24666224027099 c1=1:24666224532932 c2=2:24666224030328 c3=3:24666224438818 CH:
FS n=64 fsseq=539462 buf=5 c0=0:24666224027099 c1=1:24666224532932 c2=2:24666224030328 c3=3:24666224438818 CH:
FS n=64 fsseq=538674 buf=15 c0=0:24666241940120 c1=1:24666241999443 c2=2:24666241989963 c3=3:24666242006318 CH: 15/id15/k0 20/id4/k1 38/id6/k2 62/id14/k3
FS n=64 fsseq=538674 buf=15 c0=0:24666241940120 c1=1:24666241999443 c2=2:24666241989963 c3=3:24666242006318 CH:
FS n=64 fsseq=538674 buf=15 c0=0:24666241940120 c1=1:24666241999443 c2=2:24666241989963 c3=3:24666242006318 CH:
FS n=64 fsseq=539463 buf=0 c0=0:24666264042620 c1=1:24666264533922 c2=2:24666264042620 c3=3:24666264438974 CH: 0/id0/k0 24/id8/k1 33/id1/k2 49/id1/k3
FS n=64 fsseq=539463 buf=0 c0=0:24666264042620 c1=1:24666264533922 c2=2:24666264042620 c3=3:24666264438974 CH:
FS n=64 fsseq=539463 buf=0 c0=0:24666264042620 c1=1:24666264533922 c2=2:24666264042620 c3=3:24666264438974 CH:
FS n=64 fsseq=538675 buf=2 c0=0:24666281933088 c1=1:24666281933088 c2=2:24666281959911 c3=3:24666282015901 CH: 2/id2/k0 25/id9/k1 41/id9/k2
FS n=64 fsseq=538675 buf=2 c0=0:24666281933088 c1=1:24666281933088 c2=2:24666281959911 c3=3:24666282015901 CH: 2/id2/k0 25/id9/k1 41/id9/k2 54/id6/k3
FS n=64 fsseq=538675 buf=2 c0=0:24666281933088 c1=1:24666281933088 c2=2:24666281959911 c3=3:24666282015901 CH: 25/id9/k1 41/id9/k2 54/id6/k3
FS n=64 fsseq=539464 buf=4 c0=0:24666304073088 c1=1:24666304530432 c2=2:24666304073088 c3=3:24666304441578 CH: 4/id4/k0 30/id14/k1 39/id7/k2 50/id2/k3
FS n=64 fsseq=539464 buf=4 c0=0:24666304073088 c1=1:24666304530432 c2=2:24666304073088 c3=3:24666304441578 CH: 39/id7/k2 50/id2/k3
FS n=64 fsseq=539464 buf=4 c0=0:24666304073088 c1=1:24666304530432 c2=2:24666304073088 c3=3:24666304441578 CH: 4/id4/k0 39/id7/k2 50/id2/k3
FS n=64 fsseq=538676 buf=12 c0=0:24666321935068 c1=1:24666321934911 c2=2:24666321987672 c3=3:24666322009286 CH: 12/id12/k0 26/id10/k1 43/id11/k2 58/id10/k3
FS n=64 fsseq=538676 buf=12 c0=0:24666321935068 c1=1:24666321934911 c2=2:24666321987672 c3=3:24666322009286 CH: 43/id11/k2 58/id10/k3
FS n=64 fsseq=538676 buf=12 c0=0:24666321935068 c1=1:24666321934911 c2=2:24666321987672 c3=3:24666322009286 CH: 26/id10/k1 43/id11/k2
FS n=64 fsseq=539465 buf=6 c0=0:24666344028193 c1=1:24666344544286 c2=2:24666344038609 c3=3:24666344437568 CH: 6/id6/k0 28/id12/k1 37/id5/k2 51/id3/k3
FS n=64 fsseq=539465 buf=6 c0=0:24666344028193 c1=1:24666344544286 c2=2:24666344038609 c3=3:24666344437568 CH:
FS n=64 fsseq=539465 buf=6 c0=0:24666344028193 c1=1:24666344544286 c2=2:24666344038609 c3=3:24666344437568 CH:
FS n=64 fsseq=538677 buf=14 c0=0:24666361930484 c1=1:24666361934078 c2=2:24666361983453 c3=3:24666361991161 CH: 6/id6/k0 14/id14/k0 23/id7/k1 47/id15/k2 61/id13/k3
FS n=64 fsseq=538677 buf=14 c0=0:24666361930484 c1=1:24666361934078 c2=2:24666361983453 c3=3:24666361991161 CH:
FS n=64 fsseq=538677 buf=14 c0=0:24666361930484 c1=1:24666361934078 c2=2:24666361983453 c3=3:24666361991161 CH: 23/id7/k1 47/id15/k2
FS n=64 fsseq=539466 buf=8 c0=0:24666384026943 c1=1:24666384536370 c2=2:24666384037151 c3=3:24666384442255 CH: 53/id5/k3
FS n=64 fsseq=539466 buf=8 c0=0:24666384026943 c1=1:24666384536370 c2=2:24666384037151 c3=3:24666384442255 CH: 8/id8/k0 31/id15/k1 34/id2/k2 53/id5/k3
FS n=64 fsseq=539466 buf=8 c0=0:24666384026943 c1=1:24666384536370 c2=2:24666384037151 c3=3:24666384442255 CH:
FS n=64 fsseq=538678 buf=9 c0=0:24666401962203 c1=1:24666401962151 c2=2:24666402018870 c3=3:24666402011318 CH: 9/id9/k0 16/id0/k1 42/id10/k2 63/id15/k3
FS n=64 fsseq=538678 buf=9 c0=0:24666401962203 c1=1:24666401962151 c2=2:24666402018870 c3=3:24666402011318 CH:
FS n=64 fsseq=538678 buf=9 c0=0:24666401962203 c1=1:24666401962151 c2=2:24666402018870 c3=3:24666402011318 CH:
FS n=64 fsseq=539467 buf=10 c0=0:24666424026422 c1=1:24666424534234 c2=2:24666424036630 c3=3:24666424438297 CH: 10/id10/k0 17/id1/k1 35/id3/k2 55/id7/k3
FS n=64 fsseq=539467 buf=10 c0=0:24666424026422 c1=1:24666424534234 c2=2:24666424036630 c3=3:24666424438297 CH:
FS n=64 fsseq=539467 buf=10 c0=0:24666424026422 c1=1:24666424534234 c2=2:24666424036630 c3=3:24666424438297 CH:
FS n=64 fsseq=538679 buf=3 c0=0:24666441930745 c1=1:24666441930536 c2=2:24666441984703 c3=3:24666441989599 CH: 3/id3/k0 18/id2/k1 44/id12/k2 59/id11/k3
FS n=64 fsseq=538679 buf=3 c0=0:24666441930745 c1=1:24666441930536 c2=2:24666441984703 c3=3:24666441989599 CH:
FS n=64 fsseq=538679 buf=3 c0=0:24666441930745 c1=1:24666441930536 c2=2:24666441984703 c3=3:24666441989599 CH:
FS n=64 fsseq=539468 buf=7 c0=0:24666464053505 c1=1:24666464564130 c2=2:24666464053505 c3=3:24666464442776 CH:
FS n=64 fsseq=539468 buf=7 c0=0:24666464053505 c1=1:24666464564130 c2=2:24666464053505 c3=3:24666464442776 CH: 7/id7/k0 22/id6/k1 40/id8/k2 56/id8/k3
FS n=64 fsseq=539468 buf=7 c0=0:24666464053505 c1=1:24666464564130 c2=2:24666464053505 c3=3:24666464442776 CH:
FS n=64 fsseq=538680 buf=11 c0=0:24666481935745 c1=1:24666481935797 c2=2:24666481983245 c3=3:24666481993974 CH: 11/id11/k0 19/id3/k1 45/id13/k2 57/id9/k3
FS n=64 fsseq=538680 buf=11 c0=0:24666481935745 c1=1:24666481935797 c2=2:24666481983245 c3=3:24666481993974 CH:
FS n=64 fsseq=538680 buf=11 c0=0:24666481935745 c1=1:24666481935797 c2=2:24666481983245 c3=3:24666481993974 CH: 19/id3/k1
FS n=64 fsseq=539469 buf=1 c0=0:24666504041422 c1=1:24666504532724 c2=2:24666504045432 c3=3:24666504437672 CH: 1/id1/k0 27/id11/k1 32/id0/k2 48/id0/k3
FS n=64 fsseq=539469 buf=1 c0=0:24666504041422 c1=1:24666504532724 c2=2:24666504045432 c3=3:24666504437672 CH: 32/id0/k2 48/id0/k3
FS n=64 fsseq=539469 buf=1 c0=0:24666504041422 c1=1:24666504532724 c2=2:24666504045432 c3=3:24666504437672 CH:
FS n=64 fsseq=538681 buf=13 c0=0:24666521924130 c1=1:24666521924078 c2=2:24666521948088 c3=3:24666521982776 CH: 13/id13/k0 21/id5/k1 46/id14/k2 60/id12/k3
FS n=64 fsseq=538681 buf=13 c0=0:24666521924130 c1=1:24666521924078 c2=2:24666521948088 c3=3:24666521982776 CH:
FS n=64 fsseq=538681 buf=13 c0=0:24666521924130 c1=1:24666521924078 c2=2:24666521948088 c3=3:24666521982776 CH:
FS n=64 fsseq=539470 buf=5 c0=0:24666544027672 c1=1:24666544536630 c2=2:24666544027463 c3=3:24666544444130 CH: 5/id5/k0 29/id13/k1 36/id4/k2 52/id4/k3
FS n=64 fsseq=539470 buf=5 c0=0:24666544027672 c1=1:24666544536630 c2=2:24666544027463 c3=3:24666544444130 CH: 52/id4/k3
FS n=64 fsseq=539470 buf=5 c0=0:24666544027672 c1=1:24666544536630 c2=2:24666544027463 c3=3:24666544444130 CH:
FS n=64 fsseq=538682 buf=15 c0=0:24666561959599 c1=1:24666561962984 c2=2:24666562020380 c3=3:24666562036109 CH: 15/id15/k0 20/id4/k1 38/id6/k2 62/id14/k3
FS n=64 fsseq=538682 buf=15 c0=0:24666561959599 c1=1:24666561962984 c2=2:24666562020380 c3=3:24666562036109 CH:
FS n=64 fsseq=538682 buf=15 c0=0:24666561959599 c1=1:24666561962984 c2=2:24666562020380 c3=3:24666562036109 CH:
FS n=64 fsseq=539471 buf=0 c0=0:24666584030692 c1=1:24666584535901 c2=2:24666584041890 c3=3:24666584447411 CH: 0/id0/k0 24/id8/k1 33/id1/k2 49/id1/k3
FS n=64 fsseq=539471 buf=0 c0=0:24666584030692 c1=1:24666584535901 c2=2:24666584041890 c3=3:24666584447411 CH:
FS n=64 fsseq=539471 buf=0 c0=0:24666584030692 c1=1:24666584535901 c2=2:24666584041890 c3=3:24666584447411 CH:
FS n=64 fsseq=538683 buf=2 c0=0:24666601924599 c1=1:24666601924755 c2=2:24666601949599 c3=3:24666601997359 CH:
FS n=64 fsseq=538683 buf=2 c0=0:24666601924599 c1=1:24666601924755 c2=2:24666601949599 c3=3:24666601997359 CH: 2/id2/k0 25/id9/k1 41/id9/k2 54/id6/k3
FS n=64 fsseq=538683 buf=2 c0=0:24666601924599 c1=1:24666601924755 c2=2:24666601949599 c3=3:24666601997359 CH:
FS n=64 fsseq=539472 buf=4 c0=0:24666624059078 c1=1:24666624541005 c2=2:24666624059078 c3=3:24666624450276 CH: 4/id4/k0 30/id14/k1 39/id7/k2 50/id2/k3
FS n=64 fsseq=539472 buf=4 c0=0:24666624059078 c1=1:24666624541005 c2=2:24666624059078 c3=3:24666624450276 CH:
FS n=64 fsseq=539472 buf=4 c0=0:24666624059078 c1=1:24666624541005 c2=2:24666624059078 c3=3:24666624450276 CH:
FS n=64 fsseq=538684 buf=12 c0=0:24666641934234 c1=1:24666641938922 c2=2:24666641991890 c3=3:24666642003922 CH: 12/id12/k0 26/id10/k1 43/id11/k2 58/id10/k3
FS n=64 fsseq=538684 buf=12 c0=0:24666641934234 c1=1:24666641938922 c2=2:24666641991890 c3=3:24666642003922 CH:
FS n=64 fsseq=538684 buf=12 c0=0:24666641934234 c1=1:24666641938922 c2=2:24666641991890 c3=3:24666642003922 CH:
FS n=64 fsseq=539473 buf=6 c0=0:24666664029390 c1=1:24666664539703 c2=2:24666664038817 c3=3:24666664444703 CH: 6/id6/k0 28/id12/k1 37/id5/k2 51/id3/k3 58/id10/k3
FS n=64 fsseq=539473 buf=6 c0=0:24666664029390 c1=1:24666664539703 c2=2:24666664038817 c3=3:24666664444703 CH:
FS n=64 fsseq=539473 buf=6 c0=0:24666664029390 c1=1:24666664539703 c2=2:24666664038817 c3=3:24666664444703 CH: 4/id4/k0
FS n=64 fsseq=538685 buf=14 c0=0:24666681948557 c1=1:24666681948297 c2=2:24666681983817 c3=3:24666682012411 CH: 5/id5/k0 14/id14/k0 23/id7/k1 47/id15/k2 61/id13/k3
FS n=64 fsseq=538685 buf=14 c0=0:24666681948557 c1=1:24666681948297 c2=2:24666681983817 c3=3:24666682012411 CH: 61/id13/k3
FS n=64 fsseq=538685 buf=14 c0=0:24666681948557 c1=1:24666681948297 c2=2:24666681983817 c3=3:24666682012411 CH:
FS n=64 fsseq=539474 buf=8 c0=0:24666704028974 c1=1:24666704533453 c2=2:24666704034390 c3=3:24666704443765 CH: 8/id8/k0 31/id15/k1 34/id2/k2 53/id5/k3
FS n=64 fsseq=539474 buf=8 c0=0:24666704028974 c1=1:24666704533453 c2=2:24666704034390 c3=3:24666704443765 CH:
FS n=64 fsseq=539474 buf=8 c0=0:24666704028974 c1=1:24666704533453 c2=2:24666704034390 c3=3:24666704443765 CH:
FS n=64 fsseq=538686 buf=9 c0=0:24666721991942 c1=1:24666722057255 c2=2:24666722045744 c3=3:24666722059390 CH: 9/id9/k0 16/id0/k1 42/id10/k2 63/id15/k3
FS n=64 fsseq=538686 buf=9 c0=0:24666721991942 c1=1:24666722057255 c2=2:24666722045744 c3=3:24666722059390 CH:
FS n=64 fsseq=538686 buf=9 c0=0:24666721991942 c1=1:24666722057255 c2=2:24666722045744 c3=3:24666722059390 CH:
FS n=64 fsseq=539475 buf=10 c0=0:24666744031578 c1=1:24666744539182 c2=2:24666744033817 c3=3:24666744443557 CH:
FS n=64 fsseq=539475 buf=10 c0=0:24666744031578 c1=1:24666744539182 c2=2:24666744033817 c3=3:24666744443557 CH: 10/id10/k0 17/id1/k1 35/id3/k2 55/id7/k3
FS n=64 fsseq=539475 buf=10 c0=0:24666744031578 c1=1:24666744539182 c2=2:24666744033817 c3=3:24666744443557 CH:
FS n=64 fsseq=538687 buf=3 c0=0:24666761935432 c1=1:24666761986890 c2=2:24666761958192 c3=3:24666761996786 CH: 3/id3/k0 44/id12/k2 59/id11/k3
FS n=64 fsseq=538687 buf=3 c0=0:24666761935432 c1=1:24666761986890 c2=2:24666761958192 c3=3:24666761996786 CH: 3/id3/k0 18/id2/k1
FS n=64 fsseq=538687 buf=3 c0=0:24666761935432 c1=1:24666761986890 c2=2:24666761958192 c3=3:24666761996786 CH: 18/id2/k1 44/id12/k2 59/id11/k3
FS n=64 fsseq=539476 buf=7 c0=0:24666784066265 c1=1:24666784541005 c2=2:24666784066265 c3=3:24666784467672 CH: 22/id6/k1 40/id8/k2 56/id8/k3
FS n=64 fsseq=539476 buf=7 c0=0:24666784066265 c1=1:24666784541005 c2=2:24666784066265 c3=3:24666784467672 CH: 7/id7/k0 56/id8/k3
FS n=64 fsseq=539476 buf=7 c0=0:24666784066265 c1=1:24666784541005 c2=2:24666784066265 c3=3:24666784467672 CH: 22/id6/k1 40/id8/k2 56/id8/k3
FS n=64 fsseq=538688 buf=11 c0=0:24666801938349 c1=1:24666801938297 c2=2:24666801984599 c3=3:24666801980224 CH: 11/id11/k0 19/id3/k1 45/id13/k2 57/id9/k3
FS n=64 fsseq=538688 buf=11 c0=0:24666801938349 c1=1:24666801938297 c2=2:24666801984599 c3=3:24666801980224 CH:
FS n=64 fsseq=538688 buf=11 c0=0:24666801938349 c1=1:24666801938297 c2=2:24666801984599 c3=3:24666801980224 CH:
FS n=64 fsseq=539477 buf=1 c0=0:24666824038713 c1=1:24666824533192 c2=2:24666824047099 c3=3:24666824454859 CH: 1/id1/k0 27/id11/k1 32/id0/k2 48/id0/k3
FS n=64 fsseq=539477 buf=1 c0=0:24666824038713 c1=1:24666824533192 c2=2:24666824047099 c3=3:24666824454859 CH:
FS n=64 fsseq=539477 buf=1 c0=0:24666824038713 c1=1:24666824533192 c2=2:24666824047099 c3=3:24666824454859 CH:
FS n=64 fsseq=538689 buf=13 c0=0:24666841939963 c1=1:24666841940849 c2=2:24666841991734 c3=3:24666842001578 CH:
FS n=64 fsseq=538689 buf=13 c0=0:24666841939963 c1=1:24666841940849 c2=2:24666841991734 c3=3:24666842001578 CH: 13/id13/k0 21/id5/k1 46/id14/k2 60/id12/k3
FS n=64 fsseq=538689 buf=13 c0=0:24666841939963 c1=1:24666841940849 c2=2:24666841991734 c3=3:24666842001578 CH:
FS n=64 fsseq=539478 buf=5 c0=0:24666864046213 c1=1:24666864543244 c2=2:24666864058244 c3=3:24666864447619 CH: 5/id5/k0 29/id13/k1 36/id4/k2 52/id4/k3
FS n=64 fsseq=539478 buf=5 c0=0:24666864046213 c1=1:24666864543244 c2=2:24666864058244 c3=3:24666864447619 CH:
FS n=64 fsseq=539478 buf=5 c0=0:24666864046213 c1=1:24666864543244 c2=2:24666864058244 c3=3:24666864447619 CH:
FS n=64 fsseq=538690 buf=15 c0=0:24666881926317 c1=1:24666881926265 c2=2:24666881997463 c3=3:24666881984703 CH:
FS n=64 fsseq=538690 buf=15 c0=0:24666881926317 c1=1:24666881926265 c2=2:24666881997463 c3=3:24666881984703 CH: 15/id15/k0 20/id4/k1 38/id6/k2 62/id14/k3
FS n=64 fsseq=538690 buf=15 c0=0:24666881926317 c1=1:24666881926265 c2=2:24666881997463 c3=3:24666881984703 CH:
FS n=64 fsseq=539479 buf=0 c0=0:24666904062984 c1=1:24666904542619 c2=2:24666904066005 c3=3:24666904446369 CH:
FS n=64 fsseq=539479 buf=0 c0=0:24666904062984 c1=1:24666904542619 c2=2:24666904066005 c3=3:24666904446369 CH:
FS n=64 fsseq=539479 buf=0 c0=0:24666904062984 c1=1:24666904542619 c2=2:24666904066005 c3=3:24666904446369 CH: 0/id0/k0 24/id8/k1 33/id1/k2 49/id1/k3
FS n=64 fsseq=538691 buf=2 c0=0:24666921973088 c1=1:24666921973244 c2=2:24666922018921 c3=3:24666922016421 CH: 54/id6/k3
FS n=64 fsseq=538691 buf=2 c0=0:24666921973088 c1=1:24666921973244 c2=2:24666922018921 c3=3:24666922016421 CH: 54/id6/k3
FS n=64 fsseq=538691 buf=2 c0=0:24666921973088 c1=1:24666921973244 c2=2:24666922018921 c3=3:24666922016421 CH: 2/id2/k0 25/id9/k1 41/id9/k2 54/id6/k3
FS n=64 fsseq=539480 buf=4 c0=0:24666944058661 c1=1:24666944564494 c2=2:24666944058609 c3=3:24666944473453 CH:
FS n=64 fsseq=539480 buf=4 c0=0:24666944058661 c1=1:24666944564494 c2=2:24666944058609 c3=3:24666944473453 CH: 4/id4/k0 30/id14/k1 39/id7/k2 50/id2/k3
FS n=64 fsseq=539480 buf=4 c0=0:24666944058661 c1=1:24666944564494 c2=2:24666944058609 c3=3:24666944473453 CH: 39/id7/k2 50/id2/k3
FS n=64 fsseq=538692 buf=12 c0=0:24666961963557 c1=1:24666961963505 c2=2:24666962036578 c3=3:24666962024026 CH: 12/id12/k0 26/id10/k1 43/id11/k2 58/id10/k3
FS n=64 fsseq=538692 buf=12 c0=0:24666961963557 c1=1:24666961963505 c2=2:24666962036578 c3=3:24666962024026 CH: 58/id10/k3
FS n=64 fsseq=538692 buf=12 c0=0:24666961963557 c1=1:24666961963505 c2=2:24666962036578 c3=3:24666962024026 CH:
FS n=64 fsseq=539481 buf=6 c0=0:24666984038817 c1=1:24666984543817 c2=2:24666984045067 c3=3:24666984446474 CH: 6/id6/k0 28/id12/k1 37/id5/k2 51/id3/k3
FS n=64 fsseq=539481 buf=6 c0=0:24666984038817 c1=1:24666984543817 c2=2:24666984045067 c3=3:24666984446474 CH:
FS n=64 fsseq=539481 buf=6 c0=0:24666984038817 c1=1:24666984543817 c2=2:24666984045067 c3=3:24666984446474 CH:
FS n=64 fsseq=538693 buf=14 c0=0:24667001937880 c1=1:24667001938140 c2=2:24667001990067 c3=3:24667001997307 CH: 14/id14/k0 23/id7/k1 47/id15/k2 61/id13/k3
FS n=64 fsseq=538693 buf=14 c0=0:24667001937880 c1=1:24667001938140 c2=2:24667001990067 c3=3:24667001997307 CH:
FS n=64 fsseq=538693 buf=14 c0=0:24667001937880 c1=1:24667001938140 c2=2:24667001990067 c3=3:24667001997307 CH:
FS n=64 fsseq=539482 buf=8 c0=0:24667024038869 c1=1:24667024542567 c2=2:24667024048661 c3=3:24667024451890 CH: 8/id8/k0 31/id15/k1 34/id2/k2 53/id5/k3
FS n=64 fsseq=539482 buf=8 c0=0:24667024038869 c1=1:24667024542567 c2=2:24667024048661 c3=3:24667024451890 CH:
FS n=64 fsseq=539482 buf=8 c0=0:24667024038869 c1=1:24667024542567 c2=2:24667024048661 c3=3:24667024451890 CH:
FS n=64 fsseq=538694 buf=9 c0=0:24667041980849 c1=1:24667042040432 c2=2:24667042028505 c3=3:24667042062255 CH: 9/id9/k0 16/id0/k1 42/id10/k2 61/id13/k3 63/id15/k3
FS n=64 fsseq=538694 buf=9 c0=0:24667041980849 c1=1:24667042040432 c2=2:24667042028505 c3=3:24667042062255 CH:
FS n=64 fsseq=538694 buf=9 c0=0:24667041980849 c1=1:24667042040432 c2=2:24667042028505 c3=3:24667042062255 CH:
FS n=64 fsseq=539483 buf=10 c0=0:24667064038401 c1=1:24667064542880 c2=2:24667064040953 c3=3:24667064449130 CH: 6/id6/k0 10/id10/k0 17/id1/k1 35/id3/k2 55/id7/k3
FS n=64 fsseq=539483 buf=10 c0=0:24667064038401 c1=1:24667064542880 c2=2:24667064040953 c3=3:24667064449130 CH:
FS n=64 fsseq=539483 buf=10 c0=0:24667064038401 c1=1:24667064542880 c2=2:24667064040953 c3=3:24667064449130 CH:
FS n=64 fsseq=538695 buf=3 c0=0:24667081929911 c1=1:24667081930953 c2=2:24667081957203 c3=3:24667082003921 CH: 3/id3/k0 18/id2/k1 44/id12/k2 59/id11/k3
FS n=64 fsseq=538695 buf=3 c0=0:24667081929911 c1=1:24667081930953 c2=2:24667081957203 c3=3:24667082003921 CH:
FS n=64 fsseq=538695 buf=3 c0=0:24667081929911 c1=1:24667081930953 c2=2:24667081957203 c3=3:24667082003921 CH:
FS n=64 fsseq=539484 buf=7 c0=0:24667104052619 c1=1:24667104548401 c2=2:24667104055588 c3=3:24667104454338 CH: 7/id7/k0 22/id6/k1
FS n=64 fsseq=539484 buf=7 c0=0:24667104052619 c1=1:24667104548401 c2=2:24667104055588 c3=3:24667104454338 CH:
FS n=64 fsseq=539484 buf=7 c0=0:24667104052619 c1=1:24667104548401 c2=2:24667104055588 c3=3:24667104454338 CH: 40/id8/k2 56/id8/k3
FS n=64 fsseq=538696 buf=11 c0=0:24667121936630 c1=1:24667121936578 c2=2:24667121959078 c3=3:24667121996109 CH: 19/id3/k1
FS n=64 fsseq=538696 buf=11 c0=0:24667121936630 c1=1:24667121936578 c2=2:24667121959078 c3=3:24667121996109 CH: 19/id3/k1
FS n=64 fsseq=538696 buf=11 c0=0:24667121936630 c1=1:24667121936578 c2=2:24667121959078 c3=3:24667121996109 CH: 11/id11/k0 19/id3/k1 45/id13/k2 57/id9/k3
FS n=64 fsseq=539485 buf=1 c0=0:24667144041578 c1=1:24667144549963 c2=2:24667144041317 c3=3:24667144451734 CH: 27/id11/k1 32/id0/k2 48/id0/k3
FS n=64 fsseq=539485 buf=1 c0=0:24667144041578 c1=1:24667144549963 c2=2:24667144041317 c3=3:24667144451734 CH: 32/id0/k2 48/id0/k3
FS n=64 fsseq=539485 buf=1 c0=0:24667144041578 c1=1:24667144549963 c2=2:24667144041317 c3=3:24667144451734 CH: 1/id1/k0
FS n=64 fsseq=538697 buf=13 c0=0:24667161934182 c1=1:24667161934182 c2=2:24667161954078 c3=3:24667161995901 CH: 13/id13/k0 21/id5/k1 46/id14/k2 60/id12/k3
FS n=64 fsseq=538697 buf=13 c0=0:24667161934182 c1=1:24667161934182 c2=2:24667161954078 c3=3:24667161995901 CH: 21/id5/k1
FS n=64 fsseq=538697 buf=13 c0=0:24667161934182 c1=1:24667161934182 c2=2:24667161954078 c3=3:24667161995901 CH: 21/id5/k1
FS n=64 fsseq=539486 buf=5 c0=0:24667184041057 c1=1:24667184547463 c2=2:24667184041161 c3=3:24667184451994 CH: 5/id5/k0 29/id13/k1 36/id4/k2 52/id4/k3
FS n=64 fsseq=539486 buf=5 c0=0:24667184041057 c1=1:24667184547463 c2=2:24667184041161 c3=3:24667184451994 CH: 36/id4/k2
FS n=64 fsseq=539486 buf=5 c0=0:24667184041057 c1=1:24667184547463 c2=2:24667184041161 c3=3:24667184451994 CH:
FS n=64 fsseq=538698 buf=15 c0=0:24667201974130 c1=1:24667201974182 c2=2:24667202032932 c3=3:24667202070119 CH: 15/id15/k0 20/id4/k1 38/id6/k2
FS n=64 fsseq=538698 buf=15 c0=0:24667201974130 c1=1:24667201974182 c2=2:24667202032932 c3=3:24667202070119 CH:
FS n=64 fsseq=538698 buf=15 c0=0:24667201974130 c1=1:24667201974182 c2=2:24667202032932 c3=3:24667202070119 CH: 62/id14/k3
FS n=64 fsseq=539487 buf=0 c0=0:24667224041213 c1=1:24667224546473 c2=2:24667224048505 c3=3:24667224456057 CH: 24/id8/k1 33/id1/k2 49/id1/k3
FS n=64 fsseq=539487 buf=0 c0=0:24667224041213 c1=1:24667224546473 c2=2:24667224048505 c3=3:24667224456057 CH: 0/id0/k0 24/id8/k1 49/id1/k3
FS n=64 fsseq=539487 buf=0 c0=0:24667224041213 c1=1:24667224546473 c2=2:24667224048505 c3=3:24667224456057 CH:
FS n=64 fsseq=538699 buf=2 c0=0:24667241943609 c1=1:24667241943609 c2=2:24667241967359 c3=3:24667242024859 CH: 54/id6/k3
FS n=64 fsseq=538699 buf=2 c0=0:24667241943609 c1=1:24667241943609 c2=2:24667241967359 c3=3:24667242024859 CH: 2/id2/k0 25/id9/k1 41/id9/k2 54/id6/k3
FS n=64 fsseq=538699 buf=2 c0=0:24667241943609 c1=1:24667241943609 c2=2:24667241967359 c3=3:24667242024859 CH:
FS n=64 fsseq=539488 buf=4 c0=0:24667264070328 c1=1:24667264545953 c2=2:24667264070328 c3=3:24667264457932 CH: 4/id4/k0 30/id14/k1 39/id7/k2 50/id2/k3
FS n=64 fsseq=539488 buf=4 c0=0:24667264070328 c1=1:24667264545953 c2=2:24667264070328 c3=3:24667264457932 CH: 30/id14/k1 39/id7/k2 50/id2/k3
FS n=64 fsseq=539488 buf=4 c0=0:24667264070328 c1=1:24667264545953 c2=2:24667264070328 c3=3:24667264457932 CH:
FS n=64 fsseq=538700 buf=12 c0=0:24667281944911 c1=1:24667281944963 c2=2:24667281992776 c3=3:24667282010276 CH: 12/id12/k0 26/id10/k1 43/id11/k2 58/id10/k3
FS n=64 fsseq=538700 buf=12 c0=0:24667281944911 c1=1:24667281944963 c2=2:24667281992776 c3=3:24667282010276 CH:
FS n=64 fsseq=538700 buf=12 c0=0:24667281944911 c1=1:24667281944963 c2=2:24667281992776 c3=3:24667282010276 CH:
FS n=64 fsseq=539489 buf=6 c0=0:24667304039963 c1=1:24667304545328 c2=2:24667304039859 c3=3:24667304454546 CH: 6/id6/k0 28/id12/k1 37/id5/k2 51/id3/k3
FS n=64 fsseq=539489 buf=6 c0=0:24667304039963 c1=1:24667304545328 c2=2:24667304039859 c3=3:24667304454546 CH: 51/id3/k3
FS n=64 fsseq=539489 buf=6 c0=0:24667304039963 c1=1:24667304545328 c2=2:24667304039859 c3=3:24667304454546 CH:
FS n=64 fsseq=538701 buf=14 c0=0:24667321934598 c1=1:24667321934650 c2=2:24667321989390 c3=3:24667321992984 CH: 6/id6/k0 14/id14/k0 23/id7/k1 47/id15/k2 61/id13/k3
FS n=64 fsseq=538701 buf=14 c0=0:24667321934598 c1=1:24667321934650 c2=2:24667321989390 c3=3:24667321992984 CH:
FS n=64 fsseq=538701 buf=14 c0=0:24667321934598 c1=1:24667321934650 c2=2:24667321989390 c3=3:24667321992984 CH:
FS n=64 fsseq=539490 buf=8 c0=0:24667344044807 c1=1:24667344550015 c2=2:24667344054025 c3=3:24667344456630 CH: 8/id8/k0 31/id15/k1 34/id2/k2 53/id5/k3
FS n=64 fsseq=539490 buf=8 c0=0:24667344044807 c1=1:24667344550015 c2=2:24667344054025 c3=3:24667344456630 CH:
FS n=64 fsseq=539490 buf=8 c0=0:24667344044807 c1=1:24667344550015 c2=2:24667344054025 c3=3:24667344456630 CH:
FS n=64 fsseq=538702 buf=9 c0=0:24667361971890 c1=1:24667361972046 c2=2:24667361991994 c3=3:24667362051421 CH: 9/id9/k0 16/id0/k1 42/id10/k2 63/id15/k3
FS n=64 fsseq=538702 buf=9 c0=0:24667361971890 c1=1:24667361972046 c2=2:24667361991994 c3=3:24667362051421 CH:
FS n=64 fsseq=538702 buf=9 c0=0:24667361971890 c1=1:24667361972046 c2=2:24667361991994 c3=3:24667362051421 CH:
FS n=64 fsseq=539491 buf=10 c0=0:24667384040536 c1=1:24667384549650 c2=2:24667384045640 c3=3:24667384457567 CH: 10/id10/k0 17/id1/k1 35/id3/k2 55/id7/k3
FS n=64 fsseq=539491 buf=10 c0=0:24667384040536 c1=1:24667384549650 c2=2:24667384045640 c3=3:24667384457567 CH:
FS n=64 fsseq=539491 buf=10 c0=0:24667384040536 c1=1:24667384549650 c2=2:24667384045640 c3=3:24667384457567 CH:
FS n=64 fsseq=538703 buf=3 c0=0:24667401941109 c1=1:24667401945900 c2=2:24667401998296 c3=3:24667402005536 CH: 3/id3/k0 18/id2/k1 44/id12/k2 59/id11/k3
FS n=64 fsseq=538703 buf=3 c0=0:24667401941109 c1=1:24667401945900 c2=2:24667401998296 c3=3:24667402005536 CH:
FS n=64 fsseq=538703 buf=3 c0=0:24667401941109 c1=1:24667401945900 c2=2:24667401998296 c3=3:24667402005536 CH:
FS n=64 fsseq=539492 buf=7 c0=0:24667424073869 c1=1:24667424559598 c2=2:24667424073869 c3=3:24667424470015 CH: 7/id7/k0 22/id6/k1 40/id8/k2 56/id8/k3
FS n=64 fsseq=539492 buf=7 c0=0:24667424073869 c1=1:24667424559598 c2=2:24667424073869 c3=3:24667424470015 CH:
FS n=64 fsseq=539492 buf=7 c0=0:24667424073869 c1=1:24667424559598 c2=2:24667424073869 c3=3:24667424470015 CH:
FS n=64 fsseq=538704 buf=11 c0=0:24667441944546 c1=1:24667441944546 c2=2:24667441994494 c3=3:24667442005900 CH:
FS n=64 fsseq=538704 buf=11 c0=0:24667441944546 c1=1:24667441944546 c2=2:24667441994494 c3=3:24667442005900 CH:
FS n=64 fsseq=538704 buf=11 c0=0:24667441944546 c1=1:24667441944546 c2=2:24667441994494 c3=3:24667442005900 CH: 11/id11/k0 19/id3/k1 45/id13/k2 57/id9/k3
FS n=64 fsseq=539493 buf=1 c0=0:24667464040900 c1=1:24667464551682 c2=2:24667464049130 c3=3:24667464455432 CH: 1/id1/k0 27/id11/k1 32/id0/k2 48/id0/k3
FS n=64 fsseq=539493 buf=1 c0=0:24667464040900 c1=1:24667464551682 c2=2:24667464049130 c3=3:24667464455432 CH: 48/id0/k3
FS n=64 fsseq=539493 buf=1 c0=0:24667464040900 c1=1:24667464551682 c2=2:24667464049130 c3=3:24667464455432 CH: 48/id0/k3
FS n=64 fsseq=538705 buf=13 c0=0:24667481935328 c1=1:24667481936109 c2=2:24667481961682 c3=3:24667482008348 CH: 21/id5/k1 46/id14/k2 60/id12/k3
FS n=64 fsseq=538705 buf=13 c0=0:24667481935328 c1=1:24667481936109 c2=2:24667481961682 c3=3:24667482008348 CH: 13/id13/k0 60/id12/k3
FS n=64 fsseq=538705 buf=13 c0=0:24667481935328 c1=1:24667481936109 c2=2:24667481961682 c3=3:24667482008348 CH: 13/id13/k0 60/id12/k3
FS n=64 fsseq=539494 buf=5 c0=0:24667504042307 c1=1:24667504563973 c2=2:24667504043973 c3=3:24667504457307 CH: 29/id13/k1 52/id4/k3
FS n=64 fsseq=539494 buf=5 c0=0:24667504042307 c1=1:24667504563973 c2=2:24667504043973 c3=3:24667504457307 CH: 5/id5/k0 29/id13/k1 36/id4/k2 52/id4/k3
FS n=64 fsseq=539494 buf=5 c0=0:24667504042307 c1=1:24667504563973 c2=2:24667504043973 c3=3:24667504457307 CH:
FS n=64 fsseq=538706 buf=15 c0=0:24667521958817 c1=1:24667521959650 c2=2:24667521982567 c3=3:24667522045275 CH:
FS n=64 fsseq=538706 buf=15 c0=0:24667521958817 c1=1:24667521959650 c2=2:24667521982567 c3=3:24667522045275 CH: 20/id4/k1 38/id6/k2
FS n=64 fsseq=538706 buf=15 c0=0:24667521958817 c1=1:24667521959650 c2=2:24667521982567 c3=3:24667522045275 CH: 15/id15/k0 20/id4/k1 38/id6/k2 62/id14/k3
FS n=64 fsseq=539495 buf=0 c0=0:24667544044494 c1=1:24667544552307 c2=2:24667544059390 c3=3:24667544457150 CH: 0/id0/k0 24/id8/k1 33/id1/k2 49/id1/k3
FS n=64 fsseq=539495 buf=0 c0=0:24667544044494 c1=1:24667544552307 c2=2:24667544059390 c3=3:24667544457150 CH:
FS n=64 fsseq=539495 buf=0 c0=0:24667544044494 c1=1:24667544552307 c2=2:24667544059390 c3=3:24667544457150 CH:
FS n=64 fsseq=538707 buf=2 c0=0:24667561943609 c1=1:24667561961838 c2=2:24667562009546 c3=3:24667562013036 CH: 2/id2/k0 25/id9/k1 41/id9/k2 54/id6/k3
FS n=64 fsseq=538707 buf=2 c0=0:24667561943609 c1=1:24667561961838 c2=2:24667562009546 c3=3:24667562013036 CH:
FS n=64 fsseq=538707 buf=2 c0=0:24667561943609 c1=1:24667561961838 c2=2:24667562009546 c3=3:24667562013036 CH:
FS n=64 fsseq=539496 buf=4 c0=0:24667584066213 c1=1:24667584566473 c2=2:24667584084755 c3=3:24667584457411 CH: 4/id4/k0 30/id14/k1 39/id7/k2 50/id2/k3
FS n=64 fsseq=539496 buf=4 c0=0:24667584066213 c1=1:24667584566473 c2=2:24667584084755 c3=3:24667584457411 CH:
FS n=64 fsseq=539496 buf=4 c0=0:24667584066213 c1=1:24667584566473 c2=2:24667584084755 c3=3:24667584457411 CH:
FS n=64 fsseq=538708 buf=12 c0=0:24667601944286 c1=1:24667601947515 c2=2:24667601973921 c3=3:24667602026786 CH: 12/id12/k0 26/id10/k1 43/id11/k2 58/id10/k3
FS n=64 fsseq=538708 buf=12 c0=0:24667601944286 c1=1:24667601947515 c2=2:24667601973921 c3=3:24667602026786 CH:
FS n=64 fsseq=538708 buf=12 c0=0:24667601944286 c1=1:24667601947515 c2=2:24667601973921 c3=3:24667602026786 CH:
FS n=64 fsseq=539497 buf=6 c0=0:24667624045327 c1=1:24667624554130 c2=2:24667624049650 c3=3:24667624461473 CH: 6/id6/k0 28/id12/k1 37/id5/k2 51/id3/k3
FS n=64 fsseq=539497 buf=6 c0=0:24667624045327 c1=1:24667624554130 c2=2:24667624049650 c3=3:24667624461473 CH:
FS n=64 fsseq=539497 buf=6 c0=0:24667624045327 c1=1:24667624554130 c2=2:24667624049650 c3=3:24667624461473 CH:
FS n=64 fsseq=538709 buf=14 c0=0:24667641961994 c1=1:24667641962827 c2=2:24667642014963 c3=3:24667642026317 CH: 6/id6/k0 14/id14/k0 23/id7/k1 47/id15/k2 61/id13/k3
FS n=64 fsseq=538709 buf=14 c0=0:24667641961994 c1=1:24667641962827 c2=2:24667642014963 c3=3:24667642026317 CH:
FS n=64 fsseq=538709 buf=14 c0=0:24667641961994 c1=1:24667641962827 c2=2:24667642014963 c3=3:24667642026317 CH:
FS n=64 fsseq=539498 buf=8 c0=0:24667664044286 c1=1:24667664551838 c2=2:24667664055900 c3=3:24667664460119 CH: 8/id8/k0 31/id15/k1 34/id2/k2 53/id5/k3
FS n=64 fsseq=539498 buf=8 c0=0:24667664044286 c1=1:24667664551838 c2=2:24667664055900 c3=3:24667664460119 CH:
FS n=64 fsseq=539498 buf=8 c0=0:24667664044286 c1=1:24667664551838 c2=2:24667664055900 c3=3:24667664460119 CH:
FS n=64 fsseq=538710 buf=9 c0=0:24667681986786 c1=1:24667681986890 c2=2:24667682042255 c3=3:24667682055588 CH: 9/id9/k0 16/id0/k1 42/id10/k2 63/id15/k3
FS n=64 fsseq=538710 buf=9 c0=0:24667681986786 c1=1:24667681986890 c2=2:24667682042255 c3=3:24667682055588 CH:
FS n=64 fsseq=538710 buf=9 c0=0:24667681986786 c1=1:24667681986890 c2=2:24667682042255 c3=3:24667682055588 CH:
FS n=64 fsseq=539499 buf=10 c0=0:24667704050327 c1=1:24667704551994 c2=2:24667704056473 c3=3:24667704463817 CH: 10/id10/k0 17/id1/k1 35/id3/k2 55/id7/k3
FS n=64 fsseq=539499 buf=10 c0=0:24667704050327 c1=1:24667704551994 c2=2:24667704056473 c3=3:24667704463817 CH:
FS n=64 fsseq=539499 buf=10 c0=0:24667704050327 c1=1:24667704551994 c2=2:24667704056473 c3=3:24667704463817 CH:
FS n=64 fsseq=538711 buf=3 c0=0:24667721940588 c1=1:24667721940588 c2=2:24667721965952 c3=3:24667722012255 CH: 3/id3/k0 18/id2/k1 44/id12/k2 59/id11/k3
FS n=64 fsseq=538711 buf=3 c0=0:24667721940588 c1=1:24667721940588 c2=2:24667721965952 c3=3:24667722012255 CH:
FS n=64 fsseq=538711 buf=3 c0=0:24667721940588 c1=1:24667721940588 c2=2:24667721965952 c3=3:24667722012255 CH:
FS n=64 fsseq=539500 buf=7 c0=0:24667744064129 c1=1:24667744561213 c2=2:24667744070744 c3=3:24667744464650 CH: 7/id7/k0 22/id6/k1 40/id8/k2 56/id8/k3
FS n=64 fsseq=539500 buf=7 c0=0:24667744064129 c1=1:24667744561213 c2=2:24667744070744 c3=3:24667744464650 CH:
FS n=64 fsseq=539500 buf=7 c0=0:24667744064129 c1=1:24667744561213 c2=2:24667744070744 c3=3:24667744464650 CH:
FS n=64 fsseq=538712 buf=11 c0=0:24667761946317 c1=1:24667761946213 c2=2:24667761998973 c3=3:24667761995796 CH: 11/id11/k0 19/id3/k1 45/id13/k2 57/id9/k3
FS n=64 fsseq=538712 buf=11 c0=0:24667761946317 c1=1:24667761946213 c2=2:24667761998973 c3=3:24667761995796 CH:
FS n=64 fsseq=538712 buf=11 c0=0:24667761946317 c1=1:24667761946213 c2=2:24667761998973 c3=3:24667761995796 CH:
FS n=64 fsseq=539501 buf=1 c0=0:24667784045119 c1=1:24667784552463 c2=2:24667784049494 c3=3:24667784462827 CH: 1/id1/k0 27/id11/k1 32/id0/k2 48/id0/k3
FS n=64 fsseq=539501 buf=1 c0=0:24667784045119 c1=1:24667784552463 c2=2:24667784049494 c3=3:24667784462827 CH:
FS n=64 fsseq=539501 buf=1 c0=0:24667784045119 c1=1:24667784552463 c2=2:24667784049494 c3=3:24667784462827 CH:
FS n=64 fsseq=538713 buf=13 c0=0:24667801948921 c1=1:24667801948921 c2=2:24667801997463 c3=3:24667802010744 CH: 60/id12/k3
FS n=64 fsseq=538713 buf=13 c0=0:24667801948921 c1=1:24667801948921 c2=2:24667801997463 c3=3:24667802010744 CH: 13/id13/k0 21/id5/k1 46/id14/k2 60/id12/k3
FS n=64 fsseq=538713 buf=13 c0=0:24667801948921 c1=1:24667801948921 c2=2:24667801997463 c3=3:24667802010744 CH: 60/id12/k3
FS n=64 fsseq=539502 buf=5 c0=0:24667824046838 c1=1:24667824556577 c2=2:24667824056942 c3=3:24667824463244 CH:
FS n=64 fsseq=539502 buf=5 c0=0:24667824046838 c1=1:24667824556577 c2=2:24667824056942 c3=3:24667824463244 CH:
FS n=64 fsseq=539502 buf=5 c0=0:24667824046838 c1=1:24667824556577 c2=2:24667824056942 c3=3:24667824463244 CH: 5/id5/k0 29/id13/k1 36/id4/k2 52/id4/k3
FS n=64 fsseq=538714 buf=15 c0=0:24667841979390 c1=1:24667841979390 c2=2:24667842032463 c3=3:24667842043348 CH:
FS n=64 fsseq=538714 buf=15 c0=0:24667841979390 c1=1:24667841979390 c2=2:24667842032463 c3=3:24667842043348 CH: 15/id15/k0 20/id4/k1 38/id6/k2 62/id14/k3
FS n=64 fsseq=538714 buf=15 c0=0:24667841979390 c1=1:24667841979390 c2=2:24667842032463 c3=3:24667842043348 CH: 15/id15/k0 20/id4/k1 38/id6/k2 62/id14/k3
FS n=64 fsseq=539503 buf=0 c0=0:24667864051265 c1=1:24667864555432 c2=2:24667864060744 c3=3:24667864462567 CH: 0/id0/k0 24/id8/k1 33/id1/k2 49/id1/k3 62/id14/k3
FS n=64 fsseq=539503 buf=0 c0=0:24667864051265 c1=1:24667864555432 c2=2:24667864060744 c3=3:24667864462567 CH:
FS n=64 fsseq=539503 buf=0 c0=0:24667864051265 c1=1:24667864555432 c2=2:24667864060744 c3=3:24667864462567 CH:
FS n=64 fsseq=538715 buf=2 c0=0:24667881951629 c1=1:24667881951629 c2=2:24667881994442 c3=3:24667882004025 CH: 2/id2/k0 25/id9/k1 41/id9/k2 54/id6/k3
FS n=64 fsseq=538715 buf=2 c0=0:24667881951629 c1=1:24667881951629 c2=2:24667881994442 c3=3:24667882004025 CH:
FS n=64 fsseq=538715 buf=2 c0=0:24667881951629 c1=1:24667881951629 c2=2:24667881994442 c3=3:24667882004025 CH:
FS n=64 fsseq=539504 buf=4 c0=0:24667904082932 c1=1:24667904575119 c2=2:24667904083765 c3=3:24667904472463 CH: 4/id4/k0 30/id14/k1 39/id7/k2 50/id2/k3
FS n=64 fsseq=539504 buf=4 c0=0:24667904082932 c1=1:24667904575119 c2=2:24667904083765 c3=3:24667904472463 CH: 50/id2/k3
FS n=64 fsseq=539504 buf=4 c0=0:24667904082932 c1=1:24667904575119 c2=2:24667904083765 c3=3:24667904472463 CH:
FS n=64 fsseq=538716 buf=12 c0=0:24667921947098 c1=1:24667921947150 c2=2:24667921971942 c3=3:24667922007671 CH: 12/id12/k0 26/id10/k1 43/id11/k2 58/id10/k3
FS n=64 fsseq=538716 buf=12 c0=0:24667921947098 c1=1:24667921947150 c2=2:24667921971942 c3=3:24667922007671 CH:
FS n=64 fsseq=538716 buf=12 c0=0:24667921947098 c1=1:24667921947150 c2=2:24667921971942 c3=3:24667922007671 CH:
FS n=64 fsseq=539505 buf=6 c0=0:24667944053348 c1=1:24667944559859 c2=2:24667944057515 c3=3:24667944463036 CH: 6/id6/k0
FS n=64 fsseq=539505 buf=6 c0=0:24667944053348 c1=1:24667944559859 c2=2:24667944057515 c3=3:24667944463036 CH: 28/id12/k1 37/id5/k2 51/id3/k3
FS n=64 fsseq=539505 buf=6 c0=0:24667944053348 c1=1:24667944559859 c2=2:24667944057515 c3=3:24667944463036 CH: 28/id12/k1 37/id5/k2 51/id3/k3
FS n=64 fsseq=538717 buf=14 c0=0:24667961952411 c1=1:24667961970900 c2=2:24667961976317 c3=3:24667962019650 CH:
FS n=64 fsseq=538717 buf=14 c0=0:24667961952411 c1=1:24667961970900 c2=2:24667961976317 c3=3:24667962019650 CH: 6/id6/k0 14/id14/k0 23/id7/k1 47/id15/k2 61/id13/k3
FS n=64 fsseq=538717 buf=14 c0=0:24667961952411 c1=1:24667961970900 c2=2:24667961976317 c3=3:24667962019650 CH: 47/id15/k2 61/id13/k3
FS n=64 fsseq=539506 buf=8 c0=0:24667984073921 c1=1:24667984553036 c2=2:24667984073921 c3=3:24667984462411 CH: 8/id8/k0 31/id15/k1 34/id2/k2 53/id5/k3
FS n=64 fsseq=539506 buf=8 c0=0:24667984073921 c1=1:24667984553036 c2=2:24667984073921 c3=3:24667984462411 CH: 8/id8/k0
FS n=64 fsseq=539506 buf=8 c0=0:24667984073921 c1=1:24667984553036 c2=2:24667984073921 c3=3:24667984462411 CH:
FS n=64 fsseq=538718 buf=9 c0=0:24668001982931 c1=1:24668001982671 c2=2:24668002011942 c3=3:24668002071056 CH: 9/id9/k0
FS n=64 fsseq=538718 buf=9 c0=0:24668001982931 c1=1:24668001982671 c2=2:24668002011942 c3=3:24668002071056 CH: 42/id10/k2
FS n=64 fsseq=538718 buf=9 c0=0:24668001982931 c1=1:24668001982671 c2=2:24668002011942 c3=3:24668002071056 CH: 9/id9/k0 16/id0/k1 42/id10/k2 63/id15/k3
FS n=64 fsseq=539507 buf=10 c0=0:24668024051838 c1=1:24668024560796 c2=2:24668024055848 c3=3:24668024463556 CH: 10/id10/k0 17/id1/k1 35/id3/k2 55/id7/k3
FS n=64 fsseq=539507 buf=10 c0=0:24668024051838 c1=1:24668024560796 c2=2:24668024055848 c3=3:24668024463556 CH:
FS n=64 fsseq=539507 buf=10 c0=0:24668024051838 c1=1:24668024560796 c2=2:24668024055848 c3=3:24668024463556 CH:
FS n=64 fsseq=538719 buf=3 c0=0:24668041949754 c1=1:24668041954442 c2=2:24668042008661 c3=3:24668042022984 CH: 3/id3/k0 18/id2/k1 44/id12/k2 59/id11/k3
FS n=64 fsseq=538719 buf=3 c0=0:24668041949754 c1=1:24668041954442 c2=2:24668042008661 c3=3:24668042022984 CH:
FS n=64 fsseq=538719 buf=3 c0=0:24668041949754 c1=1:24668041954442 c2=2:24668042008661 c3=3:24668042022984 CH:
FS n=64 fsseq=539508 buf=7 c0=0:24668064056681 c1=1:24668064568661 c2=2:24668064067150 c3=3:24668064475900 CH: 7/id7/k0 22/id6/k1 40/id8/k2 56/id8/k3
FS n=64 fsseq=539508 buf=7 c0=0:24668064056681 c1=1:24668064568661 c2=2:24668064067150 c3=3:24668064475900 CH:
FS n=64 fsseq=539508 buf=7 c0=0:24668064056681 c1=1:24668064568661 c2=2:24668064067150 c3=3:24668064475900 CH:
FS n=64 fsseq=538720 buf=11 c0=0:24668081954598 c1=1:24668081973088 c2=2:24668081982254 c3=3:24668082025015 CH: 11/id11/k0 19/id3/k1 45/id13/k2 57/id9/k3
FS n=64 fsseq=538720 buf=11 c0=0:24668081954598 c1=1:24668081973088 c2=2:24668081982254 c3=3:24668082025015 CH:
FS n=64 fsseq=538720 buf=11 c0=0:24668081954598 c1=1:24668081973088 c2=2:24668081982254 c3=3:24668082025015 CH:
FS n=64 fsseq=539509 buf=1 c0=0:24668104047827 c1=1:24668104558609 c2=2:24668104051525 c3=3:24668104463817 CH: 1/id1/k0 27/id11/k1 32/id0/k2 48/id0/k3
FS n=64 fsseq=539509 buf=1 c0=0:24668104047827 c1=1:24668104558609 c2=2:24668104051525 c3=3:24668104463817 CH:
FS n=64 fsseq=539509 buf=1 c0=0:24668104047827 c1=1:24668104558609 c2=2:24668104051525 c3=3:24668104463817 CH:
FS n=64 fsseq=538721 buf=13 c0=0:24668121949598 c1=1:24668121949911 c2=2:24668121970379 c3=3:24668122010223 CH: 13/id13/k0 21/id5/k1 46/id14/k2 60/id12/k3
FS n=64 fsseq=538721 buf=13 c0=0:24668121949598 c1=1:24668121949911 c2=2:24668121970379 c3=3:24668122010223 CH:
FS n=64 fsseq=538721 buf=13 c0=0:24668121949598 c1=1:24668121949911 c2=2:24668121970379 c3=3:24668122010223 CH:
FS n=64 fsseq=539510 buf=5 c0=0:24668144055848 c1=1:24668144559546 c2=2:24668144062098 c3=3:24668144470015 CH: 5/id5/k0 29/id13/k1 36/id4/k2 52/id4/k3
FS n=64 fsseq=539510 buf=5 c0=0:24668144055848 c1=1:24668144559546 c2=2:24668144062098 c3=3:24668144470015 CH:
FS n=64 fsseq=539510 buf=5 c0=0:24668144055848 c1=1:24668144559546 c2=2:24668144062098 c3=3:24668144470015 CH:
FS n=64 fsseq=538722 buf=15 c0=0:24668161976421 c1=1:24668161976369 c2=2:24668162042515 c3=3:24668162047984 CH: 5/id5/k0 15/id15/k0 20/id4/k1 38/id6/k2 62/id14/k3
FS n=64 fsseq=538722 buf=15 c0=0:24668161976421 c1=1:24668161976369 c2=2:24668162042515 c3=3:24668162047984 CH:
FS n=64 fsseq=538722 buf=15 c0=0:24668161976421 c1=1:24668161976369 c2=2:24668162042515 c3=3:24668162047984 CH:
FS n=64 fsseq=539511 buf=0 c0=0:24668184058192 c1=1:24668184562411 c2=2:24668184067358 c3=3:24668184468608 CH: 0/id0/k0 24/id8/k1 33/id1/k2 49/id1/k3
FS n=64 fsseq=539511 buf=0 c0=0:24668184058192 c1=1:24668184562411 c2=2:24668184067358 c3=3:24668184468608 CH:
FS n=64 fsseq=539511 buf=0 c0=0:24668184058192 c1=1:24668184562411 c2=2:24668184067358 c3=3:24668184468608 CH: 24/id8/k1 33/id1/k2 49/id1/k3
FS n=64 fsseq=538723 buf=2 c0=0:24668201951786 c1=1:24668201953140 c2=2:24668202000327 c3=3:24668202024025 CH: 2/id2/k0 25/id9/k1 41/id9/k2 54/id6/k3
FS n=64 fsseq=538723 buf=2 c0=0:24668201951786 c1=1:24668201953140 c2=2:24668202000327 c3=3:24668202024025 CH:
FS n=64 fsseq=538723 buf=2 c0=0:24668201951786 c1=1:24668201953140 c2=2:24668202000327 c3=3:24668202024025 CH:
FS n=64 fsseq=539512 buf=4 c0=0:24668224059650 c1=1:24668224566317 c2=2:24668224064806 c3=3:24668224474129 CH:
FS n=64 fsseq=539512 buf=4 c0=0:24668224059650 c1=1:24668224566317 c2=2:24668224064806 c3=3:24668224474129 CH: 4/id4/k0 30/id14/k1 39/id7/k2 50/id2/k3
FS n=64 fsseq=539512 buf=4 c0=0:24668224059650 c1=1:24668224566317 c2=2:24668224064806 c3=3:24668224474129 CH: 30/id14/k1 39/id7/k2 50/id2/k3
FS n=64 fsseq=538724 buf=12 c0=0:24668241964494 c1=1:24668241965067 c2=2:24668241993452 c3=3:24668242029650 CH: 2/id2/k0 4/id4/k0 12/id12/k0 26/id10/k1 43/id11/k2 58/id10/k3
FS n=64 fsseq=538724 buf=12 c0=0:24668241964494 c1=1:24668241965067 c2=2:24668241993452 c3=3:24668242029650 CH:
FS n=64 fsseq=538724 buf=12 c0=0:24668241964494 c1=1:24668241965067 c2=2:24668241993452 c3=3:24668242029650 CH:
FS n=64 fsseq=539513 buf=6 c0=0:24668264053713 c1=1:24668264562983 c2=2:24668264056004 c3=3:24668264464546 CH:
FS n=64 fsseq=539513 buf=6 c0=0:24668264053713 c1=1:24668264562983 c2=2:24668264056004 c3=3:24668264464546 CH: 6/id6/k0 28/id12/k1 37/id5/k2 51/id3/k3
FS n=64 fsseq=539513 buf=6 c0=0:24668264053713 c1=1:24668264562983 c2=2:24668264056004 c3=3:24668264464546 CH: 6/id6/k0 51/id3/k3
FS n=64 fsseq=538725 buf=14 c0=0:24668281944442 c1=1:24668281946265 c2=2:24668281996421 c3=3:24668281992098 CH: 14/id14/k0 23/id7/k1 47/id15/k2 61/id13/k3
FS n=64 fsseq=538725 buf=14 c0=0:24668281944442 c1=1:24668281946265 c2=2:24668281996421 c3=3:24668281992098 CH:
FS n=64 fsseq=538725 buf=14 c0=0:24668281944442 c1=1:24668281946265 c2=2:24668281996421 c3=3:24668281992098 CH:
FS n=64 fsseq=539514 buf=8 c0=0:24668304057150 c1=1:24668304557879 c2=2:24668304057723 c3=3:24668304463765 CH: 8/id8/k0 31/id15/k1 34/id2/k2 53/id5/k3
FS n=64 fsseq=539514 buf=8 c0=0:24668304057150 c1=1:24668304557879 c2=2:24668304057723 c3=3:24668304463765 CH:
FS n=64 fsseq=539514 buf=8 c0=0:24668304057150 c1=1:24668304557879 c2=2:24668304057723 c3=3:24668304463765 CH:
FS n=64 fsseq=538726 buf=9 c0=0:24668322005796 c1=1:24668322073608 c2=2:24668322073661 c3=3:24668322109286 CH: 9/id9/k0 16/id0/k1 42/id10/k2 63/id15/k3
FS n=64 fsseq=538726 buf=9 c0=0:24668322005796 c1=1:24668322073608 c2=2:24668322073661 c3=3:24668322109286 CH:
FS n=64 fsseq=538726 buf=9 c0=0:24668322005796 c1=1:24668322073608 c2=2:24668322073661 c3=3:24668322109286 CH:
FS n=64 fsseq=539515 buf=10 c0=0:24668344058452 c1=1:24668344560431 c2=2:24668344060015 c3=3:24668344470275 CH: 10/id10/k0 17/id1/k1 35/id3/k2
FS n=64 fsseq=539515 buf=10 c0=0:24668344058452 c1=1:24668344560431 c2=2:24668344060015 c3=3:24668344470275 CH: 55/id7/k3
FS n=64 fsseq=539515 buf=10 c0=0:24668344058452 c1=1:24668344560431 c2=2:24668344060015 c3=3:24668344470275 CH: 10/id10/k0 17/id1/k1 35/id3/k2 55/id7/k3
FS n=64 fsseq=538727 buf=3 c0=0:24668361966838 c1=1:24668361966838 c2=2:24668362018608 c3=3:24668362010275 CH: 44/id12/k2 59/id11/k3
FS n=64 fsseq=538727 buf=3 c0=0:24668361966838 c1=1:24668361966838 c2=2:24668362018608 c3=3:24668362010275 CH: 18/id2/k1 44/id12/k2 59/id11/k3
FS n=64 fsseq=538727 buf=3 c0=0:24668361966838 c1=1:24668361966838 c2=2:24668362018608 c3=3:24668362010275 CH: 3/id3/k0
FS n=64 fsseq=539516 buf=7 c0=0:24668384064911 c1=1:24668384573452 c2=2:24668384064858 c3=3:24668384502879 CH: 7/id7/k0 22/id6/k1 40/id8/k2 56/id8/k3
FS n=64 fsseq=539516 buf=7 c0=0:24668384064911 c1=1:24668384573452 c2=2:24668384064858 c3=3:24668384502879 CH:
FS n=64 fsseq=539516 buf=7 c0=0:24668384064911 c1=1:24668384573452 c2=2:24668384064858 c3=3:24668384502879 CH:
FS n=64 fsseq=538728 buf=11 c0=0:24668401964754 c1=1:24668401964858 c2=2:24668402011629 c3=3:24668402027254 CH: 11/id11/k0 19/id3/k1 45/id13/k2 57/id9/k3
FS n=64 fsseq=538728 buf=11 c0=0:24668401964754 c1=1:24668401964858 c2=2:24668402011629 c3=3:24668402027254 CH:
FS n=64 fsseq=538728 buf=11 c0=0:24668401964754 c1=1:24668401964858 c2=2:24668402011629 c3=3:24668402027254 CH:
FS n=64 fsseq=539517 buf=1 c0=0:24668424056785 c1=1:24668424558973 c2=2:24668424057046 c3=3:24668424469338 CH: 1/id1/k0 32/id0/k2 48/id0/k3
FS n=64 fsseq=539517 buf=1 c0=0:24668424056785 c1=1:24668424558973 c2=2:24668424057046 c3=3:24668424469338 CH: 27/id11/k1
FS n=64 fsseq=539517 buf=1 c0=0:24668424056785 c1=1:24668424558973 c2=2:24668424057046 c3=3:24668424469338 CH: 1/id1/k0 27/id11/k1 32/id0/k2 48/id0/k3
FS n=64 fsseq=538729 buf=13 c0=0:24668441951890 c1=1:24668441951994 c2=2:24668441973660 c3=3:24668442025692 CH: 21/id5/k1 46/id14/k2 60/id12/k3
FS n=64 fsseq=538729 buf=13 c0=0:24668441951890 c1=1:24668441951994 c2=2:24668441973660 c3=3:24668442025692 CH: 13/id13/k0
FS n=64 fsseq=538729 buf=13 c0=0:24668441951890 c1=1:24668441951994 c2=2:24668441973660 c3=3:24668442025692 CH: 13/id13/k0
FS n=64 fsseq=539518 buf=5 c0=0:24668464054129 c1=1:24668464564494 c2=2:24668464058713 c3=3:24668464472306 CH: 5/id5/k0 29/id13/k1 36/id4/k2 52/id4/k3
FS n=64 fsseq=539518 buf=5 c0=0:24668464054129 c1=1:24668464564494 c2=2:24668464058713 c3=3:24668464472306 CH: 52/id4/k3
FS n=64 fsseq=539518 buf=5 c0=0:24668464054129 c1=1:24668464564494 c2=2:24668464058713 c3=3:24668464472306 CH: 52/id4/k3
FS n=64 fsseq=538730 buf=15 c0=0:24668481987775 c1=1:24668481987671 c2=2:24668482049754 c3=3:24668482063765 CH: 15/id15/k0 20/id4/k1 38/id6/k2 62/id14/k3
FS n=64 fsseq=538730 buf=15 c0=0:24668481987775 c1=1:24668481987671 c2=2:24668482049754 c3=3:24668482063765 CH:
FS n=64 fsseq=538730 buf=15 c0=0:24668481987775 c1=1:24668481987671 c2=2:24668482049754 c3=3:24668482063765 CH:
FS n=64 fsseq=539519 buf=0 c0=0:24668504112410 c1=1:24668504565379 c2=2:24668504112410 c3=3:24668504477150 CH: 0/id0/k0 24/id8/k1 33/id1/k2 49/id1/k3
FS n=64 fsseq=539519 buf=0 c0=0:24668504112410 c1=1:24668504565379 c2=2:24668504112410 c3=3:24668504477150 CH: 0/id0/k0 24/id8/k1 33/id1/k2
FS n=64 fsseq=539519 buf=0 c0=0:24668504112410 c1=1:24668504565379 c2=2:24668504112410 c3=3:24668504477150 CH:
FS n=64 fsseq=538731 buf=2 c0=0:24668521958088 c1=1:24668521957931 c2=2:24668522008452 c3=3:24668522014963 CH: 25/id9/k1 41/id9/k2 54/id6/k3
FS n=64 fsseq=538731 buf=2 c0=0:24668521958088 c1=1:24668521957931 c2=2:24668522008452 c3=3:24668522014963 CH: 2/id2/k0 25/id9/k1 41/id9/k2 54/id6/k3
FS n=64 fsseq=538731 buf=2 c0=0:24668521958088 c1=1:24668521957931 c2=2:24668522008452 c3=3:24668522014963 CH: 2/id2/k0 25/id9/k1
FS n=64 fsseq=539520 buf=4 c0=0:24668544062358 c1=1:24668544571785 c2=2:24668544082931 c3=3:24668544476369 CH:
FS n=64 fsseq=539520 buf=4 c0=0:24668544062358 c1=1:24668544571785 c2=2:24668544082931 c3=3:24668544476369 CH: 4/id4/k0 30/id14/k1 39/id7/k2 50/id2/k3
FS n=64 fsseq=539520 buf=4 c0=0:24668544062358 c1=1:24668544571785 c2=2:24668544082931 c3=3:24668544476369 CH:
FS n=64 fsseq=538732 buf=12 c0=0:24668561964025 c1=1:24668561964338 c2=2:24668562023921 c3=3:24668562037931 CH: 4/id4/k0 12/id12/k0 26/id10/k1 43/id11/k2 58/id10/k3
FS n=64 fsseq=538732 buf=12 c0=0:24668561964025 c1=1:24668561964338 c2=2:24668562023921 c3=3:24668562037931 CH:
FS n=64 fsseq=538732 buf=12 c0=0:24668561964025 c1=1:24668561964338 c2=2:24668562023921 c3=3:24668562037931 CH:
FS n=64 fsseq=539521 buf=6 c0=0:24668584062983 c1=1:24668584570067 c2=2:24668584070275 c3=3:24668584470640 CH: 6/id6/k0 28/id12/k1 37/id5/k2 51/id3/k3
FS n=64 fsseq=539521 buf=6 c0=0:24668584062983 c1=1:24668584570067 c2=2:24668584070275 c3=3:24668584470640 CH:
FS n=64 fsseq=539521 buf=6 c0=0:24668584062983 c1=1:24668584570067 c2=2:24668584070275 c3=3:24668584470640 CH:
FS n=64 fsseq=538733 buf=14 c0=0:24668601959442 c1=1:24668601974546 c2=2:24668602009546 c3=3:24668602010223 CH: 14/id14/k0 23/id7/k1 47/id15/k2 61/id13/k3
FS n=64 fsseq=538733 buf=14 c0=0:24668601959442 c1=1:24668601974546 c2=2:24668602009546 c3=3:24668602010223 CH:
FS n=64 fsseq=538733 buf=14 c0=0:24668601959442 c1=1:24668601974546 c2=2:24668602009546 c3=3:24668602010223 CH:
FS n=64 fsseq=539522 buf=8 c0=0:24668624061004 c1=1:24668624561733 c2=2:24668624060744 c3=3:24668624475327 CH: 8/id8/k0 31/id15/k1 34/id2/k2 53/id5/k3
FS n=64 fsseq=539522 buf=8 c0=0:24668624061004 c1=1:24668624561733 c2=2:24668624060744 c3=3:24668624475327 CH:
FS n=64 fsseq=539522 buf=8 c0=0:24668624061004 c1=1:24668624561733 c2=2:24668624060744 c3=3:24668624475327 CH:
FS n=64 fsseq=538734 buf=9 c0=0:24668641963140 c1=1:24668641963452 c2=2:24668641988817 c3=3:24668642049129 CH: 9/id9/k0 16/id0/k1 42/id10/k2 63/id15/k3
FS n=64 fsseq=538734 buf=9 c0=0:24668641963140 c1=1:24668641963452 c2=2:24668641988817 c3=3:24668642049129 CH:
FS n=64 fsseq=538734 buf=9 c0=0:24668641963140 c1=1:24668641963452 c2=2:24668641988817 c3=3:24668642049129 CH:
FS n=64 fsseq=539523 buf=10 c0=0:24668664070171 c1=1:24668664568400 c2=2:24668664070431 c3=3:24668664474598 CH: 10/id10/k0 17/id1/k1 35/id3/k2 55/id7/k3
FS n=64 fsseq=539523 buf=10 c0=0:24668664070171 c1=1:24668664568400 c2=2:24668664070431 c3=3:24668664474598 CH:
FS n=64 fsseq=539523 buf=10 c0=0:24668664070171 c1=1:24668664568400 c2=2:24668664070431 c3=3:24668664474598 CH:
FS n=64 fsseq=538735 buf=3 c0=0:24668681966108 c1=1:24668681966108 c2=2:24668682020015 c3=3:24668682011837 CH: 44/id12/k2 59/id11/k3
FS n=64 fsseq=538735 buf=3 c0=0:24668681966108 c1=1:24668681966108 c2=2:24668682020015 c3=3:24668682011837 CH: 3/id3/k0 18/id2/k1 44/id12/k2 59/id11/k3
FS n=64 fsseq=538735 buf=3 c0=0:24668681966108 c1=1:24668681966108 c2=2:24668682020015 c3=3:24668682011837 CH:
FS n=64 fsseq=539524 buf=7 c0=0:24668704059337 c1=1:24668704568556 c2=2:24668704062098 c3=3:24668704476681 CH: 7/id7/k0 22/id6/k1 40/id8/k2 56/id8/k3
FS n=64 fsseq=539524 buf=7 c0=0:24668704059337 c1=1:24668704568556 c2=2:24668704062098 c3=3:24668704476681 CH:
FS n=64 fsseq=539524 buf=7 c0=0:24668704059337 c1=1:24668704568556 c2=2:24668704062098 c3=3:24668704476681 CH:
FS n=64 fsseq=538736 buf=11 c0=0:24668721954390 c1=1:24668721954546 c2=2:24668722002254 c3=3:24668722005275 CH: 11/id11/k0 19/id3/k1 45/id13/k2 57/id9/k3
FS n=64 fsseq=538736 buf=11 c0=0:24668721954390 c1=1:24668721954546 c2=2:24668722002254 c3=3:24668722005275 CH:
FS n=64 fsseq=538736 buf=11 c0=0:24668721954390 c1=1:24668721954546 c2=2:24668722002254 c3=3:24668722005275 CH: 57/id9/k3
FS n=64 fsseq=539525 buf=1 c0=0:24668744061160 c1=1:24668744566890 c2=2:24668744062879 c3=3:24668744474650 CH: 1/id1/k0 27/id11/k1 32/id0/k2 48/id0/k3
FS n=64 fsseq=539525 buf=1 c0=0:24668744061160 c1=1:24668744566890 c2=2:24668744062879 c3=3:24668744474650 CH:
FS n=64 fsseq=539525 buf=1 c0=0:24668744061160 c1=1:24668744566890 c2=2:24668744062879 c3=3:24668744474650 CH:
FS n=64 fsseq=538737 buf=13 c0=0:24668761967827 c1=1:24668761968087 c2=2:24668762020483 c3=3:24668762028140 CH: 13/id13/k0 21/id5/k1 46/id14/k2 60/id12/k3
FS n=64 fsseq=538737 buf=13 c0=0:24668761967827 c1=1:24668761968087 c2=2:24668762020483 c3=3:24668762028140 CH: 60/id12/k3
FS n=64 fsseq=538737 buf=13 c0=0:24668761967827 c1=1:24668761968087 c2=2:24668762020483 c3=3:24668762028140 CH: 60/id12/k3
FS n=64 fsseq=539526 buf=5 c0=0:24668784063608 c1=1:24668784572567 c2=2:24668784073192 c3=3:24668784480692 CH: 5/id5/k0 29/id13/k1 36/id4/k2 52/id4/k3
FS n=64 fsseq=539526 buf=5 c0=0:24668784063608 c1=1:24668784572567 c2=2:24668784073192 c3=3:24668784480692 CH:
FS n=64 fsseq=539526 buf=5 c0=0:24668784063608 c1=1:24668784572567 c2=2:24668784073192 c3=3:24668784480692 CH:
FS n=64 fsseq=538738 buf=15 c0=0:24668801969494 c1=1:24668801969494 c2=2:24668802027671 c3=3:24668802031994 CH:
FS n=64 fsseq=538738 buf=15 c0=0:24668801969494 c1=1:24668801969494 c2=2:24668802027671 c3=3:24668802031994 CH: 15/id15/k0 20/id4/k1 38/id6/k2 62/id14/k3
FS n=64 fsseq=538738 buf=15 c0=0:24668801969494 c1=1:24668801969494 c2=2:24668802027671 c3=3:24668802031994 CH:
FS n=64 fsseq=539527 buf=0 c0=0:24668824116317 c1=1:24668824567931 c2=2:24668824116004 c3=3:24668824481264 CH:
FS n=64 fsseq=539527 buf=0 c0=0:24668824116317 c1=1:24668824567931 c2=2:24668824116004 c3=3:24668824481264 CH: 24/id8/k1 33/id1/k2 49/id1/k3
FS n=64 fsseq=539527 buf=0 c0=0:24668824116317 c1=1:24668824567931 c2=2:24668824116004 c3=3:24668824481264 CH: 0/id0/k0 24/id8/k1
FS n=64 fsseq=538739 buf=2 c0=0:24668841957306 c1=1:24668841957462 c2=2:24668841982983 c3=3:24668842030275 CH: 3/id3/k0 25/id9/k1 41/id9/k2 54/id6/k3 63/id15/k3
FS n=64 fsseq=538739 buf=2 c0=0:24668841957306 c1=1:24668841957462 c2=2:24668841982983 c3=3:24668842030275 CH: 2/id2/k0
FS n=64 fsseq=538739 buf=2 c0=0:24668841957306 c1=1:24668841957462 c2=2:24668841982983 c3=3:24668842030275 CH: 25/id9/k1 41/id9/k2 63/id15/k3
FS n=64 fsseq=539528 buf=4 c0=0:24668864068296 c1=1:24668864573139 c2=2:24668864080744 c3=3:24668864480483 CH: 4/id4/k0 30/id14/k1 39/id7/k2 50/id2/k3
FS n=64 fsseq=539528 buf=4 c0=0:24668864068296 c1=1:24668864573139 c2=2:24668864080744 c3=3:24668864480483 CH:
FS n=64 fsseq=539528 buf=4 c0=0:24668864068296 c1=1:24668864573139 c2=2:24668864080744 c3=3:24668864480483 CH:
FS n=64 fsseq=538740 buf=12 c0=0:24668881969546 c1=1:24668881970431 c2=2:24668882026421 c3=3:24668882036525 CH: 2/id2/k0 4/id4/k0 12/id12/k0 26/id10/k1 43/id11/k2 58/id10/k3
FS n=64 fsseq=538740 buf=12 c0=0:24668881969546 c1=1:24668881970431 c2=2:24668882026421 c3=3:24668882036525 CH:
FS n=64 fsseq=538740 buf=12 c0=0:24668881969546 c1=1:24668881970431 c2=2:24668882026421 c3=3:24668882036525 CH:
FS n=64 fsseq=539529 buf=6 c0=0:24668904061629 c1=1:24668904575744 c2=2:24668904072775 c3=3:24668904478869 CH:
FS n=64 fsseq=539529 buf=6 c0=0:24668904061629 c1=1:24668904575744 c2=2:24668904072775 c3=3:24668904478869 CH: 6/id6/k0 28/id12/k1 37/id5/k2 51/id3/k3
FS n=64 fsseq=539529 buf=6 c0=0:24668904061629 c1=1:24668904575744 c2=2:24668904072775 c3=3:24668904478869 CH: 6/id6/k0
FS n=64 fsseq=538741 buf=14 c0=0:24668922010171 c1=1:24668922010171 c2=2:24668922071994 c3=3:24668922096369 CH: 14/id14/k0 23/id7/k1 47/id15/k2 61/id13/k3
FS n=64 fsseq=538741 buf=14 c0=0:24668922010171 c1=1:24668922010171 c2=2:24668922071994 c3=3:24668922096369 CH: 14/id14/k0 23/id7/k1 47/id15/k2 61/id13/k3
FS n=64 fsseq=538741 buf=14 c0=0:24668922010171 c1=1:24668922010171 c2=2:24668922071994 c3=3:24668922096369 CH:
FS n=64 fsseq=539530 buf=8 c0=0:24668944067410 c1=1:24668944574754 c2=2:24668944069285 c3=3:24668944477983 CH: 8/id8/k0 31/id15/k1 34/id2/k2 53/id5/k3
FS n=64 fsseq=539530 buf=8 c0=0:24668944067410 c1=1:24668944574754 c2=2:24668944069285 c3=3:24668944477983 CH:
FS n=64 fsseq=539530 buf=8 c0=0:24668944067410 c1=1:24668944574754 c2=2:24668944069285 c3=3:24668944477983 CH:
FS n=64 fsseq=538742 buf=9 c0=0:24668961968400 c1=1:24668961971004 c2=2:24668962030431 c3=3:24668962036681 CH: 9/id9/k0 16/id0/k1 42/id10/k2 63/id15/k3
FS n=64 fsseq=538742 buf=9 c0=0:24668961968400 c1=1:24668961971004 c2=2:24668962030431 c3=3:24668962036681 CH: 9/id9/k0
FS n=64 fsseq=538742 buf=9 c0=0:24668961968400 c1=1:24668961971004 c2=2:24668962030431 c3=3:24668962036681 CH:
FS n=64 fsseq=539531 buf=10 c0=0:24668984083035 c1=1:24668984575587 c2=2:24668984090639 c3=3:24668984482619 CH: 10/id10/k0 17/id1/k1 35/id3/k2 55/id7/k3
FS n=64 fsseq=539531 buf=10 c0=0:24668984083035 c1=1:24668984575587 c2=2:24668984090639 c3=3:24668984482619 CH:
FS n=64 fsseq=539531 buf=10 c0=0:24668984083035 c1=1:24668984575587 c2=2:24668984090639 c3=3:24668984482619 CH:
FS n=64 fsseq=538743 buf=3 c0=0:24669001961681 c1=1:24669001961629 c2=2:24669001990692 c3=3:24669002025848 CH: 44/id12/k2 59/id11/k3
FS n=64 fsseq=538743 buf=3 c0=0:24669001961681 c1=1:24669001961629 c2=2:24669001990692 c3=3:24669002025848 CH: 3/id3/k0 18/id2/k1
FS n=64 fsseq=538743 buf=3 c0=0:24669001961681 c1=1:24669001961629 c2=2:24669001990692 c3=3:24669002025848 CH: 44/id12/k2 59/id11/k3
FS n=64 fsseq=539532 buf=7 c0=0:24669024065848 c1=1:24669024575900 c2=2:24669024070171 c3=3:24669024481369 CH: 40/id8/k2 56/id8/k3
FS n=64 fsseq=539532 buf=7 c0=0:24669024065848 c1=1:24669024575900 c2=2:24669024070171 c3=3:24669024481369 CH: 7/id7/k0 22/id6/k1
FS n=64 fsseq=539532 buf=7 c0=0:24669024065848 c1=1:24669024575900 c2=2:24669024070171 c3=3:24669024481369 CH: 7/id7/k0 22/id6/k1
FS n=64 fsseq=538744 buf=11 c0=0:24669041967827 c1=1:24669041968296 c2=2:24669042049285 c3=3:24669042045379 CH: 11/id11/k0 19/id3/k1 45/id13/k2 57/id9/k3
FS n=64 fsseq=538744 buf=11 c0=0:24669041967827 c1=1:24669041968296 c2=2:24669042049285 c3=3:24669042045379 CH:
FS n=64 fsseq=538744 buf=11 c0=0:24669041967827 c1=1:24669041968296 c2=2:24669042049285 c3=3:24669042045379 CH:
FS n=64 fsseq=539533 buf=1 c0=0:24669064067202 c1=1:24669064571421 c2=2:24669064073556 c3=3:24669064481837 CH:
FS n=64 fsseq=539533 buf=1 c0=0:24669064067202 c1=1:24669064571421 c2=2:24669064073556 c3=3:24669064481837 CH:
FS n=64 fsseq=539533 buf=1 c0=0:24669064067202 c1=1:24669064571421 c2=2:24669064073556 c3=3:24669064481837 CH: 1/id1/k0 27/id11/k1 32/id0/k2 48/id0/k3
FS n=64 fsseq=538745 buf=13 c0=0:24669082041837 c1=1:24669082031941 c2=2:24669082035952 c3=3:24669082091785 CH: 13/id13/k0 21/id5/k1 46/id14/k2 60/id12/k3
FS n=64 fsseq=538745 buf=13 c0=0:24669082041837 c1=1:24669082031941 c2=2:24669082035952 c3=3:24669082091785 CH: 60/id12/k3
FS n=64 fsseq=538745 buf=13 c0=0:24669082041837 c1=1:24669082031941 c2=2:24669082035952 c3=3:24669082091785 CH: 60/id12/k3
FS n=64 fsseq=539534 buf=5 c0=0:24669104089181 c1=1:24669104571525 c2=2:24669104089181 c3=3:24669104483660 CH: 52/id4/k3
FS n=64 fsseq=539534 buf=5 c0=0:24669104089181 c1=1:24669104571525 c2=2:24669104089181 c3=3:24669104483660 CH: 29/id13/k1 36/id4/k2 52/id4/k3
FS n=64 fsseq=539534 buf=5 c0=0:24669104089181 c1=1:24669104571525 c2=2:24669104089181 c3=3:24669104483660 CH: 5/id5/k0 52/id4/k3
FS n=64 fsseq=538746 buf=15 c0=0:24669121992202 c1=1:24669121994077 c2=2:24669122050587 c3=3:24669122056264 CH:
FS n=64 fsseq=538746 buf=15 c0=0:24669121992202 c1=1:24669121994077 c2=2:24669122050587 c3=3:24669122056264 CH: 15/id15/k0 20/id4/k1 38/id6/k2 62/id14/k3
FS n=64 fsseq=538746 buf=15 c0=0:24669121992202 c1=1:24669121994077 c2=2:24669122050587 c3=3:24669122056264 CH:
FS n=64 fsseq=539535 buf=0 c0=0:24669144093191 c1=1:24669144599754 c2=2:24669144101160 c3=3:24669144493139 CH: 24/id8/k1 33/id1/k2 49/id1/k3
FS n=64 fsseq=539535 buf=0 c0=0:24669144093191 c1=1:24669144599754 c2=2:24669144101160 c3=3:24669144493139 CH: 0/id0/k0 33/id1/k2 49/id1/k3
FS n=64 fsseq=539535 buf=0 c0=0:24669144093191 c1=1:24669144599754 c2=2:24669144101160 c3=3:24669144493139 CH: 33/id1/k2 49/id1/k3
FS n=64 fsseq=538747 buf=2 c0=0:24669161968452 c1=1:24669161968608 c2=2:24669161997150 c3=3:24669162047775 CH: 2/id2/k0 25/id9/k1 41/id9/k2 54/id6/k3
FS n=64 fsseq=538747 buf=2 c0=0:24669161968452 c1=1:24669161968608 c2=2:24669161997150 c3=3:24669162047775 CH:
FS n=64 fsseq=538747 buf=2 c0=0:24669161968452 c1=1:24669161968608 c2=2:24669161997150 c3=3:24669162047775 CH:
FS n=64 fsseq=539536 buf=4 c0=0:24669184071994 c1=1:24669184575587 c2=2:24669184079702 c3=3:24669184483660 CH: 4/id4/k0 30/id14/k1 39/id7/k2 50/id2/k3
FS n=64 fsseq=539536 buf=4 c0=0:24669184071994 c1=1:24669184575587 c2=2:24669184079702 c3=3:24669184483660 CH: 50/id2/k3
FS n=64 fsseq=539536 buf=4 c0=0:24669184071994 c1=1:24669184575587 c2=2:24669184079702 c3=3:24669184483660 CH:
FS n=64 fsseq=538748 buf=12 c0=0:24669201961785 c1=1:24669201964858 c2=2:24669201991160 c3=3:24669202042566 CH: 12/id12/k0 26/id10/k1 43/id11/k2 58/id10/k3
FS n=64 fsseq=538748 buf=12 c0=0:24669201961785 c1=1:24669201964858 c2=2:24669201991160 c3=3:24669202042566 CH: 26/id10/k1 43/id11/k2 58/id10/k3
FS n=64 fsseq=538748 buf=12 c0=0:24669201961785 c1=1:24669201964858 c2=2:24669201991160 c3=3:24669202042566 CH: 12/id12/k0
FS n=64 fsseq=539537 buf=6 c0=0:24669224072514 c1=1:24669224591212 c2=2:24669224077775 c3=3:24669224482046 CH: 51/id3/k3
FS n=64 fsseq=539537 buf=6 c0=0:24669224072514 c1=1:24669224591212 c2=2:24669224077775 c3=3:24669224482046 CH: 6/id6/k0 28/id12/k1 37/id5/k2 51/id3/k3
FS n=64 fsseq=539537 buf=6 c0=0:24669224072514 c1=1:24669224591212 c2=2:24669224077775 c3=3:24669224482046 CH:
FS n=64 fsseq=538749 buf=14 c0=0:24669242090691 c1=1:24669242079337 c2=2:24669242079129 c3=3:24669242096941 CH: 14/id14/k0 23/id7/k1 47/id15/k2 61/id13/k3
FS n=64 fsseq=538749 buf=14 c0=0:24669242090691 c1=1:24669242079337 c2=2:24669242079129 c3=3:24669242096941 CH: 23/id7/k1 47/id15/k2
FS n=64 fsseq=538749 buf=14 c0=0:24669242090691 c1=1:24669242079337 c2=2:24669242079129 c3=3:24669242096941 CH:
FS n=64 fsseq=539538 buf=8 c0=0:24669264088400 c1=1:24669264571785 c2=2:24669264088348 c3=3:24669264488608 CH: 8/id8/k0 31/id15/k1 34/id2/k2 53/id5/k3
FS n=64 fsseq=539538 buf=8 c0=0:24669264088400 c1=1:24669264571785 c2=2:24669264088348 c3=3:24669264488608 CH:
FS n=64 fsseq=539538 buf=8 c0=0:24669264088400 c1=1:24669264571785 c2=2:24669264088348 c3=3:24669264488608 CH:
FS n=64 fsseq=538750 buf=9 c0=0:24669282031629 c1=1:24669281997202 c2=2:24669281998504 c3=3:24669282043556 CH: 9/id9/k0 16/id0/k1 42/id10/k2 63/id15/k3
FS n=64 fsseq=538750 buf=9 c0=0:24669282031629 c1=1:24669281997202 c2=2:24669281998504 c3=3:24669282043556 CH: 9/id9/k0 16/id0/k1 42/id10/k2 63/id15/k3
FS n=64 fsseq=538750 buf=9 c0=0:24669282031629 c1=1:24669281997202 c2=2:24669281998504 c3=3:24669282043556 CH:
FS n=64 fsseq=539539 buf=10 c0=0:24669304128608 c1=1:24669304578243 c2=2:24669304128504 c3=3:24669304484389 CH: 10/id10/k0 17/id1/k1 35/id3/k2 55/id7/k3
FS n=64 fsseq=539539 buf=10 c0=0:24669304128608 c1=1:24669304578243 c2=2:24669304128504 c3=3:24669304484389 CH:
FS n=64 fsseq=539539 buf=10 c0=0:24669304128608 c1=1:24669304578243 c2=2:24669304128504 c3=3:24669304484389 CH:
FS n=64 fsseq=538751 buf=3 c0=0:24669322022462 c1=1:24669321990223 c2=2:24669321994181 c3=3:24669322034962 CH:
FS n=64 fsseq=538751 buf=3 c0=0:24669322022462 c1=1:24669321990223 c2=2:24669321994181 c3=3:24669322034962 CH: 3/id3/k0 18/id2/k1 44/id12/k2 59/id11/k3
FS n=64 fsseq=538751 buf=3 c0=0:24669322022462 c1=1:24669321990223 c2=2:24669321994181 c3=3:24669322034962 CH:
FS n=64 fsseq=539540 buf=7 c0=0:24669344096368 c1=1:24669344582827 c2=2:24669344096316 c3=3:24669344484441 CH: 56/id8/k3
FS n=64 fsseq=539540 buf=7 c0=0:24669344096368 c1=1:24669344582827 c2=2:24669344096316 c3=3:24669344484441 CH: 7/id7/k0 22/id6/k1 40/id8/k2
FS n=64 fsseq=539540 buf=7 c0=0:24669344096368 c1=1:24669344582827 c2=2:24669344096316 c3=3:24669344484441 CH: 22/id6/k1 40/id8/k2
FS n=64 fsseq=538752 buf=11 c0=0:24669361979962 c1=1:24669361979910 c2=2:24669362023035 c3=3:24669362051681 CH: 11/id11/k0 19/id3/k1 45/id13/k2 57/id9/k3
FS n=64 fsseq=538752 buf=11 c0=0:24669361979962 c1=1:24669361979910 c2=2:24669362023035 c3=3:24669362051681 CH:
FS n=64 fsseq=538752 buf=11 c0=0:24669361979962 c1=1:24669361979910 c2=2:24669362023035 c3=3:24669362051681 CH:
FS n=64 fsseq=539541 buf=1 c0=0:24669384073087 c1=1:24669384578504 c2=2:24669384078973 c3=3:24669384484389 CH: 48/id0/k3
FS n=64 fsseq=539541 buf=1 c0=0:24669384073087 c1=1:24669384578504 c2=2:24669384078973 c3=3:24669384484389 CH: 1/id1/k0 27/id11/k1 32/id0/k2 48/id0/k3
FS n=64 fsseq=539541 buf=1 c0=0:24669384073087 c1=1:24669384578504 c2=2:24669384078973 c3=3:24669384484389 CH:
FS n=64 fsseq=538753 buf=13 c0=0:24669401993816 c1=1:24669402016681 c2=2:24669402053296 c3=3:24669402095587 CH:
FS n=64 fsseq=538753 buf=13 c0=0:24669401993816 c1=1:24669402016681 c2=2:24669402053296 c3=3:24669402095587 CH: 13/id13/k0 21/id5/k1 46/id14/k2 60/id12/k3
FS n=64 fsseq=538753 buf=13 c0=0:24669401993816 c1=1:24669402016681 c2=2:24669402053296 c3=3:24669402095587 CH:
FS n=64 fsseq=539542 buf=5 c0=0:24669424080066 c1=1:24669424572931 c2=2:24669424088087 c3=3:24669424482618 CH: 29/id13/k1 36/id4/k2 52/id4/k3
FS n=64 fsseq=539542 buf=5 c0=0:24669424080066 c1=1:24669424572931 c2=2:24669424088087 c3=3:24669424482618 CH:
FS n=64 fsseq=539542 buf=5 c0=0:24669424080066 c1=1:24669424572931 c2=2:24669424088087 c3=3:24669424482618 CH: 5/id5/k0 36/id4/k2
FS n=64 fsseq=538754 buf=15 c0=0:24669441967671 c1=1:24669441967566 c2=2:24669441994910 c3=3:24669442042618 CH: 15/id15/k0 20/id4/k1 38/id6/k2 62/id14/k3
FS n=64 fsseq=538754 buf=15 c0=0:24669441967671 c1=1:24669441967566 c2=2:24669441994910 c3=3:24669442042618 CH:
FS n=64 fsseq=538754 buf=15 c0=0:24669441967671 c1=1:24669441967566 c2=2:24669441994910 c3=3:24669442042618 CH:
FS n=64 fsseq=539543 buf=0 c0=0:24669464091421 c1=1:24669464587983 c2=2:24669464095379 c3=3:24669464491316 CH: 0/id0/k0 24/id8/k1
FS n=64 fsseq=539543 buf=0 c0=0:24669464091421 c1=1:24669464587983 c2=2:24669464095379 c3=3:24669464491316 CH: 33/id1/k2 49/id1/k3
FS n=64 fsseq=539543 buf=0 c0=0:24669464091421 c1=1:24669464587983 c2=2:24669464095379 c3=3:24669464491316 CH: 0/id0/k0 24/id8/k1
FS n=64 fsseq=538755 buf=2 c0=0:24669481976577 c1=1:24669481976837 c2=2:24669481999754 c3=3:24669482023348 CH: 2/id2/k0 25/id9/k1 41/id9/k2 54/id6/k3
FS n=64 fsseq=538755 buf=2 c0=0:24669481976577 c1=1:24669481976837 c2=2:24669481999754 c3=3:24669482023348 CH:
FS n=64 fsseq=538755 buf=2 c0=0:24669481976577 c1=1:24669481976837 c2=2:24669481999754 c3=3:24669482023348 CH:
FS n=64 fsseq=539544 buf=4 c0=0:24669504070952 c1=1:24669504580483 c2=2:24669504073191 c3=3:24669504485327 CH: 4/id4/k0 30/id14/k1 39/id7/k2 50/id2/k3
FS n=64 fsseq=539544 buf=4 c0=0:24669504070952 c1=1:24669504580483 c2=2:24669504073191 c3=3:24669504485327 CH:
FS n=64 fsseq=539544 buf=4 c0=0:24669504070952 c1=1:24669504580483 c2=2:24669504073191 c3=3:24669504485327 CH:
FS n=64 fsseq=538756 buf=12 c0=0:24669521976941 c1=1:24669521976733 c2=2:24669522032618 c3=3:24669522038504 CH: 4/id4/k0 12/id12/k0 26/id10/k1 43/id11/k2 58/id10/k3
FS n=64 fsseq=538756 buf=12 c0=0:24669521976941 c1=1:24669521976733 c2=2:24669522032618 c3=3:24669522038504 CH:
FS n=64 fsseq=538756 buf=12 c0=0:24669521976941 c1=1:24669521976733 c2=2:24669522032618 c3=3:24669522038504 CH:
FS n=64 fsseq=539545 buf=6 c0=0:24669544071889 c1=1:24669544582150 c2=2:24669544096264 c3=3:24669544488920 CH: 6/id6/k0 28/id12/k1 37/id5/k2 51/id3/k3
FS n=64 fsseq=539545 buf=6 c0=0:24669544071889 c1=1:24669544582150 c2=2:24669544096264 c3=3:24669544488920 CH:
FS n=64 fsseq=539545 buf=6 c0=0:24669544071889 c1=1:24669544582150 c2=2:24669544096264 c3=3:24669544488920 CH:
FS n=64 fsseq=538757 buf=14 c0=0:24669561986681 c1=1:24669561986681 c2=2:24669562013608 c3=3:24669562067566 CH: 14/id14/k0 47/id15/k2
FS n=64 fsseq=538757 buf=14 c0=0:24669561986681 c1=1:24669561986681 c2=2:24669562013608 c3=3:24669562067566 CH: 14/id14/k0 23/id7/k1 47/id15/k2 61/id13/k3
FS n=64 fsseq=538757 buf=14 c0=0:24669561986681 c1=1:24669561986681 c2=2:24669562013608 c3=3:24669562067566 CH: 14/id14/k0 47/id15/k2
FS n=64 fsseq=539546 buf=8 c0=0:24669584072670 c1=1:24669584581316 c2=2:24669584080379 c3=3:24669584489754 CH: 8/id8/k0 53/id5/k3
FS n=64 fsseq=539546 buf=8 c0=0:24669584072670 c1=1:24669584581316 c2=2:24669584080379 c3=3:24669584489754 CH: 8/id8/k0 31/id15/k1 34/id2/k2 53/id5/k3
FS n=64 fsseq=539546 buf=8 c0=0:24669584072670 c1=1:24669584581316 c2=2:24669584080379 c3=3:24669584489754 CH:
FS n=64 fsseq=538758 buf=9 c0=0:24669601977045 c1=1:24669601982098 c2=2:24669602038764 c3=3:24669602046577 CH: 9/id9/k0 63/id15/k3
FS n=64 fsseq=538758 buf=9 c0=0:24669601977045 c1=1:24669601982098 c2=2:24669602038764 c3=3:24669602046577 CH: 9/id9/k0 16/id0/k1 42/id10/k2 63/id15/k3
FS n=64 fsseq=538758 buf=9 c0=0:24669601977045 c1=1:24669601982098 c2=2:24669602038764 c3=3:24669602046577 CH:
FS n=64 fsseq=539547 buf=10 c0=0:24669624093452 c1=1:24669624594285 c2=2:24669624099650 c3=3:24669624491108 CH: 10/id10/k0 17/id1/k1 35/id3/k2 55/id7/k3
FS n=64 fsseq=539547 buf=10 c0=0:24669624093452 c1=1:24669624594285 c2=2:24669624099650 c3=3:24669624491108 CH:
FS n=64 fsseq=539547 buf=10 c0=0:24669624093452 c1=1:24669624594285 c2=2:24669624099650 c3=3:24669624491108 CH:
FS n=64 fsseq=538759 buf=3 c0=0:24669641977827 c1=1:24669641979285 c2=2:24669642033087 c3=3:24669642035014 CH: 18/id2/k1
FS n=64 fsseq=538759 buf=3 c0=0:24669641977827 c1=1:24669641979285 c2=2:24669642033087 c3=3:24669642035014 CH: 3/id3/k0 18/id2/k1 44/id12/k2 59/id11/k3
FS n=64 fsseq=538759 buf=3 c0=0:24669641977827 c1=1:24669641979285 c2=2:24669642033087 c3=3:24669642035014 CH:
FS n=64 fsseq=539548 buf=7 c0=0:24669664073712 c1=1:24669664579181 c2=2:24669664077358 c3=3:24669664487670 CH: 7/id7/k0 22/id6/k1 40/id8/k2 56/id8/k3
FS n=64 fsseq=539548 buf=7 c0=0:24669664073712 c1=1:24669664579181 c2=2:24669664077358 c3=3:24669664487670 CH:
FS n=64 fsseq=539548 buf=7 c0=0:24669664073712 c1=1:24669664579181 c2=2:24669664077358 c3=3:24669664487670 CH:
FS n=64 fsseq=538760 buf=11 c0=0:24669681968191 c1=1:24669681968139 c2=2:24669681993608 c3=3:24669682042618 CH: 11/id11/k0 19/id3/k1 45/id13/k2 57/id9/k3
FS n=64 fsseq=538760 buf=11 c0=0:24669681968191 c1=1:24669681968139 c2=2:24669681993608 c3=3:24669682042618 CH:
FS n=64 fsseq=538760 buf=11 c0=0:24669681968191 c1=1:24669681968139 c2=2:24669681993608 c3=3:24669682042618 CH:
FS n=64 fsseq=539549 buf=1 c0=0:24669704078764 c1=1:24669704586472 c2=2:24669704078868 c3=3:24669704487254 CH: 1/id1/k0 27/id11/k1 32/id0/k2 48/id0/k3
FS n=64 fsseq=539549 buf=1 c0=0:24669704078764 c1=1:24669704586472 c2=2:24669704078868 c3=3:24669704487254 CH:
FS n=64 fsseq=539549 buf=1 c0=0:24669704078764 c1=1:24669704586472 c2=2:24669704078868 c3=3:24669704487254 CH:
FS n=64 fsseq=538761 buf=13 c0=0:24669722003087 c1=1:24669722003243 c2=2:24669722067045 c3=3:24669722071108 CH: 13/id13/k0 21/id5/k1 46/id14/k2 60/id12/k3
FS n=64 fsseq=538761 buf=13 c0=0:24669722003087 c1=1:24669722003243 c2=2:24669722067045 c3=3:24669722071108 CH:
FS n=64 fsseq=538761 buf=13 c0=0:24669722003087 c1=1:24669722003243 c2=2:24669722067045 c3=3:24669722071108 CH:
FS n=64 fsseq=539550 buf=5 c0=0:24669744078504 c1=1:24669744583191 c2=2:24669744087514 c3=3:24669744490118 CH: 5/id5/k0 29/id13/k1 36/id4/k2 52/id4/k3
FS n=64 fsseq=539550 buf=5 c0=0:24669744078504 c1=1:24669744583191 c2=2:24669744087514 c3=3:24669744490118 CH:
FS n=64 fsseq=539550 buf=5 c0=0:24669744078504 c1=1:24669744583191 c2=2:24669744087514 c3=3:24669744490118 CH:
FS n=64 fsseq=538762 buf=15 c0=0:24669761977306 c1=1:24669761977202 c2=2:24669762033087 c3=3:24669762059962 CH: 5/id5/k0 15/id15/k0 20/id4/k1 38/id6/k2 62/id14/k3
FS n=64 fsseq=538762 buf=15 c0=0:24669761977306 c1=1:24669761977202 c2=2:24669762033087 c3=3:24669762059962 CH:
FS n=64 fsseq=538762 buf=15 c0=0:24669761977306 c1=1:24669761977202 c2=2:24669762033087 c3=3:24669762059962 CH: 20/id4/k1
FS n=64 fsseq=539551 buf=0 c0=0:24669784098504 c1=1:24669784594129 c2=2:24669784102045 c3=3:24669784502618 CH: 0/id0/k0 24/id8/k1 33/id1/k2 49/id1/k3
FS n=64 fsseq=539551 buf=0 c0=0:24669784098504 c1=1:24669784594129 c2=2:24669784102045 c3=3:24669784502618 CH:
FS n=64 fsseq=539551 buf=0 c0=0:24669784098504 c1=1:24669784594129 c2=2:24669784102045 c3=3:24669784502618 CH:
FS n=64 fsseq=538763 buf=2 c0=0:24669801975795 c1=1:24669801975535 c2=2:24669802002150 c3=3:24669802047254 CH:
FS n=64 fsseq=538763 buf=2 c0=0:24669801975795 c1=1:24669801975535 c2=2:24669802002150 c3=3:24669802047254 CH: 2/id2/k0 25/id9/k1 41/id9/k2 54/id6/k3
FS n=64 fsseq=538763 buf=2 c0=0:24669801975795 c1=1:24669801975535 c2=2:24669802002150 c3=3:24669802047254 CH:
FS n=64 fsseq=539552 buf=4 c0=0:24669824079389 c1=1:24669824585535 c2=2:24669824082879 c3=3:24669824490535 CH: 4/id4/k0 30/id14/k1 39/id7/k2 50/id2/k3
FS n=64 fsseq=539552 buf=4 c0=0:24669824079389 c1=1:24669824585535 c2=2:24669824082879 c3=3:24669824490535 CH:
FS n=64 fsseq=539552 buf=4 c0=0:24669824079389 c1=1:24669824585535 c2=2:24669824082879 c3=3:24669824490535 CH:
FS n=64 fsseq=538764 buf=12 c0=0:24669841975066 c1=1:24669841974910 c2=2:24669841996004 c3=3:24669842037045 CH: 12/id12/k0 26/id10/k1 43/id11/k2 58/id10/k3
FS n=64 fsseq=538764 buf=12 c0=0:24669841975066 c1=1:24669841974910 c2=2:24669841996004 c3=3:24669842037045 CH:
FS n=64 fsseq=538764 buf=12 c0=0:24669841975066 c1=1:24669841974910 c2=2:24669841996004 c3=3:24669842037045 CH:
FS n=64 fsseq=539553 buf=6 c0=0:24669864082618 c1=1:24669864587670 c2=2:24669864086733 c3=3:24669864492306 CH: 6/id6/k0 28/id12/k1 37/id5/k2 51/id3/k3
FS n=64 fsseq=539553 buf=6 c0=0:24669864082618 c1=1:24669864587670 c2=2:24669864086733 c3=3:24669864492306 CH:
FS n=64 fsseq=539553 buf=6 c0=0:24669864082618 c1=1:24669864587670 c2=2:24669864086733 c3=3:24669864492306 CH:
FS n=64 fsseq=538765 buf=14 c0=0:24669881990118 c1=1:24669881990118 c2=2:24669882010691 c3=3:24669882061941 CH: 14/id14/k0 23/id7/k1 47/id15/k2 61/id13/k3
FS n=64 fsseq=538765 buf=14 c0=0:24669881990118 c1=1:24669881990118 c2=2:24669882010691 c3=3:24669882061941 CH:
FS n=64 fsseq=538765 buf=14 c0=0:24669881990118 c1=1:24669881990118 c2=2:24669882010691 c3=3:24669882061941 CH:
FS n=64 fsseq=539554 buf=8 c0=0:24669904081785 c1=1:24669904583556 c2=2:24669904107462 c3=3:24669904496108 CH: 8/id8/k0 31/id15/k1 34/id2/k2 53/id5/k3
FS n=64 fsseq=539554 buf=8 c0=0:24669904081785 c1=1:24669904583556 c2=2:24669904107462 c3=3:24669904496108 CH:
FS n=64 fsseq=539554 buf=8 c0=0:24669904081785 c1=1:24669904583556 c2=2:24669904107462 c3=3:24669904496108 CH:
FS n=64 fsseq=538766 buf=9 c0=0:24669921995587 c1=1:24669921998608 c2=2:24669922051472 c3=3:24669922063347 CH: 9/id9/k0 16/id0/k1 42/id10/k2 63/id15/k3
FS n=64 fsseq=538766 buf=9 c0=0:24669921995587 c1=1:24669921998608 c2=2:24669922051472 c3=3:24669922063347 CH:
FS n=64 fsseq=538766 buf=9 c0=0:24669921995587 c1=1:24669921998608 c2=2:24669922051472 c3=3:24669922063347 CH: 9/id9/k0 16/id0/k1 42/id10/k2 63/id15/k3
FS n=64 fsseq=539555 buf=10 c0=0:24669944113972 c1=1:24669944595379 c2=2:24669944139285 c3=3:24669944498712 CH:
FS n=64 fsseq=539555 buf=10 c0=0:24669944113972 c1=1:24669944595379 c2=2:24669944139285 c3=3:24669944498712 CH:
FS n=64 fsseq=539555 buf=10 c0=0:24669944113972 c1=1:24669944595379 c2=2:24669944139285 c3=3:24669944498712 CH: 10/id10/k0 17/id1/k1 35/id3/k2 55/id7/k3
FS n=64 fsseq=538767 buf=3 c0=0:24669961983608 c1=1:24669961971316 c2=2:24669961996837 c3=3:24669962033920 CH: 3/id3/k0 18/id2/k1 44/id12/k2 59/id11/k3
FS n=64 fsseq=538767 buf=3 c0=0:24669961983608 c1=1:24669961971316 c2=2:24669961996837 c3=3:24669962033920 CH: 44/id12/k2 59/id11/k3
FS n=64 fsseq=538767 buf=3 c0=0:24669961983608 c1=1:24669961971316 c2=2:24669961996837 c3=3:24669962033920 CH:
FS n=64 fsseq=539556 buf=7 c0=0:24669984083608 c1=1:24669984595639 c2=2:24669984084441 c3=3:24669984490274 CH: 7/id7/k0 22/id6/k1 40/id8/k2 56/id8/k3
FS n=64 fsseq=539556 buf=7 c0=0:24669984083608 c1=1:24669984595639 c2=2:24669984084441 c3=3:24669984490274 CH:
FS n=64 fsseq=539556 buf=7 c0=0:24669984083608 c1=1:24669984595639 c2=2:24669984084441 c3=3:24669984490274 CH:
FS n=64 fsseq=538768 buf=11 c0=0:24670001977774 c1=1:24670001977827 c2=2:24670002000952 c3=3:24670002037670 CH: 11/id11/k0 19/id3/k1 45/id13/k2 57/id9/k3
FS n=64 fsseq=538768 buf=11 c0=0:24670001977774 c1=1:24670001977827 c2=2:24670002000952 c3=3:24670002037670 CH: 11/id11/k0 19/id3/k1 45/id13/k2 57/id9/k3
FS n=64 fsseq=538768 buf=11 c0=0:24670001977774 c1=1:24670001977827 c2=2:24670002000952 c3=3:24670002037670 CH:
FS n=64 fsseq=539557 buf=1 c0=0:24670024080795 c1=1:24670024593764 c2=2:24670024083295 c3=3:24670024495014 CH:
FS n=64 fsseq=539557 buf=1 c0=0:24670024080795 c1=1:24670024593764 c2=2:24670024083295 c3=3:24670024495014 CH: 1/id1/k0 27/id11/k1 32/id0/k2 48/id0/k3
FS n=64 fsseq=539557 buf=1 c0=0:24670024080795 c1=1:24670024593764 c2=2:24670024083295 c3=3:24670024495014 CH: 48/id0/k3
FS n=64 fsseq=538769 buf=13 c0=0:24670041996264 c1=1:24670041996577 c2=2:24670042020327 c3=3:24670042071524 CH:
FS n=64 fsseq=538769 buf=13 c0=0:24670041996264 c1=1:24670041996577 c2=2:24670042020327 c3=3:24670042071524 CH: 13/id13/k0 21/id5/k1 46/id14/k2 60/id12/k3
FS n=64 fsseq=538769 buf=13 c0=0:24670041996264 c1=1:24670041996577 c2=2:24670042020327 c3=3:24670042071524 CH:
FS n=64 fsseq=539558 buf=5 c0=0:24670064085170 c1=1:24670064590222 c2=2:24670064085379 c3=3:24670064494077 CH: 5/id5/k0 29/id13/k1 36/id4/k2 52/id4/k3
FS n=64 fsseq=539558 buf=5 c0=0:24670064085170 c1=1:24670064590222 c2=2:24670064085379 c3=3:24670064494077 CH:
FS n=64 fsseq=539558 buf=5 c0=0:24670064085170 c1=1:24670064590222 c2=2:24670064085379 c3=3:24670064494077 CH:
FS n=64 fsseq=538770 buf=15 c0=0:24670081973399 c1=1:24670081976056 c2=2:24670082034024 c3=3:24670082040483 CH: 15/id15/k0 20/id4/k1 38/id6/k2 62/id14/k3
FS n=64 fsseq=538770 buf=15 c0=0:24670081973399 c1=1:24670081976056 c2=2:24670082034024 c3=3:24670082040483 CH:
FS n=64 fsseq=538770 buf=15 c0=0:24670081973399 c1=1:24670081976056 c2=2:24670082034024 c3=3:24670082040483 CH:
FS n=64 fsseq=539559 buf=0 c0=0:24670104109597 c1=1:24670104593764 c2=2:24670104124702 c3=3:24670104505066 CH: 0/id0/k0 24/id8/k1 33/id1/k2 49/id1/k3
FS n=64 fsseq=539559 buf=0 c0=0:24670104109597 c1=1:24670104593764 c2=2:24670104124702 c3=3:24670104505066 CH:
FS n=64 fsseq=539559 buf=0 c0=0:24670104109597 c1=1:24670104593764 c2=2:24670104124702 c3=3:24670104505066 CH:
FS n=64 fsseq=538771 buf=2 c0=0:24670121979806 c1=1:24670121979806 c2=2:24670122005274 c3=3:24670122054337 CH: 25/id9/k1 41/id9/k2 54/id6/k3
FS n=64 fsseq=538771 buf=2 c0=0:24670121979806 c1=1:24670121979806 c2=2:24670122005274 c3=3:24670122054337 CH: 2/id2/k0
FS n=64 fsseq=538771 buf=2 c0=0:24670121979806 c1=1:24670121979806 c2=2:24670122005274 c3=3:24670122054337 CH: 2/id2/k0
FS n=64 fsseq=539560 buf=4 c0=0:24670144088608 c1=1:24670144601160 c2=2:24670144092149 c3=3:24670144497774 CH: 4/id4/k0 30/id14/k1 39/id7/k2 50/id2/k3
FS n=64 fsseq=539560 buf=4 c0=0:24670144088608 c1=1:24670144601160 c2=2:24670144092149 c3=3:24670144497774 CH:
FS n=64 fsseq=539560 buf=4 c0=0:24670144088608 c1=1:24670144601160 c2=2:24670144092149 c3=3:24670144497774 CH:
FS n=64 fsseq=538772 buf=12 c0=0:24670161988399 c1=1:24670162082722 c2=2:24670162028243 c3=3:24670162060431 CH: 26/id10/k1 43/id11/k2
FS n=64 fsseq=538772 buf=12 c0=0:24670161988399 c1=1:24670162082722 c2=2:24670162028243 c3=3:24670162060431 CH: 12/id12/k0 58/id10/k3
FS n=64 fsseq=538772 buf=12 c0=0:24670161988399 c1=1:24670162082722 c2=2:24670162028243 c3=3:24670162060431 CH: 12/id12/k0 26/id10/k1 43/id11/k2 58/id10/k3
FS n=64 fsseq=539561 buf=6 c0=0:24670184098451 c1=1:24670184587566 c2=2:24670184098243 c3=3:24670184492774 CH: 6/id6/k0 28/id12/k1 37/id5/k2 51/id3/k3
FS n=64 fsseq=539561 buf=6 c0=0:24670184098451 c1=1:24670184587566 c2=2:24670184098243 c3=3:24670184492774 CH:
FS n=64 fsseq=539561 buf=6 c0=0:24670184098451 c1=1:24670184587566 c2=2:24670184098243 c3=3:24670184492774 CH:
FS n=64 fsseq=538773 buf=14 c0=0:24670202015170 c1=1:24670202014754 c2=2:24670202091160 c3=3:24670202103451 CH: 14/id14/k0 23/id7/k1
FS n=64 fsseq=538773 buf=14 c0=0:24670202015170 c1=1:24670202014754 c2=2:24670202091160 c3=3:24670202103451 CH: 47/id15/k2 61/id13/k3
FS n=64 fsseq=538773 buf=14 c0=0:24670202015170 c1=1:24670202014754 c2=2:24670202091160 c3=3:24670202103451 CH: 14/id14/k0 23/id7/k1
FS n=64 fsseq=539562 buf=8 c0=0:24670224096785 c1=1:24670224593972 c2=2:24670224105014 c3=3:24670224503087 CH:
FS n=64 fsseq=539562 buf=8 c0=0:24670224096785 c1=1:24670224593972 c2=2:24670224105014 c3=3:24670224503087 CH:
FS n=64 fsseq=539562 buf=8 c0=0:24670224096785 c1=1:24670224593972 c2=2:24670224105014 c3=3:24670224503087 CH: 8/id8/k0 31/id15/k1 34/id2/k2 53/id5/k3
FS n=64 fsseq=538774 buf=9 c0=0:24670241978243 c1=1:24670241978191 c2=2:24670242004858 c3=3:24670242052774 CH: 16/id0/k1 42/id10/k2 63/id15/k3
FS n=64 fsseq=538774 buf=9 c0=0:24670241978243 c1=1:24670241978191 c2=2:24670242004858 c3=3:24670242052774 CH: 9/id9/k0
FS n=64 fsseq=538774 buf=9 c0=0:24670241978243 c1=1:24670241978191 c2=2:24670242004858 c3=3:24670242052774 CH:
FS n=64 fsseq=539563 buf=10 c0=0:24670264089701 c1=1:24670264606108 c2=2:24670264090639 c3=3:24670264507879 CH:
FS n=64 fsseq=539563 buf=10 c0=0:24670264089701 c1=1:24670264606108 c2=2:24670264090639 c3=3:24670264507879 CH: 10/id10/k0 17/id1/k1 35/id3/k2 55/id7/k3
FS n=64 fsseq=539563 buf=10 c0=0:24670264089701 c1=1:24670264606108 c2=2:24670264090639 c3=3:24670264507879 CH: 10/id10/k0 17/id1/k1 35/id3/k2 55/id7/k3
FS n=64 fsseq=538775 buf=3 c0=0:24670281979754 c1=1:24670281980899 c2=2:24670282004024 c3=3:24670282041785 CH: 3/id3/k0 18/id2/k1
FS n=64 fsseq=538775 buf=3 c0=0:24670281979754 c1=1:24670281980899 c2=2:24670282004024 c3=3:24670282041785 CH: 44/id12/k2 59/id11/k3
FS n=64 fsseq=538775 buf=3 c0=0:24670281979754 c1=1:24670281980899 c2=2:24670282004024 c3=3:24670282041785 CH: 3/id3/k0 18/id2/k1
FS n=64 fsseq=539564 buf=7 c0=0:24670304082983 c1=1:24670304588972 c2=2:24670304130795 c3=3:24670304501056 CH: 7/id7/k0 22/id6/k1 40/id8/k2 56/id8/k3
FS n=64 fsseq=539564 buf=7 c0=0:24670304082983 c1=1:24670304588972 c2=2:24670304130795 c3=3:24670304501056 CH: 40/id8/k2
FS n=64 fsseq=539564 buf=7 c0=0:24670304082983 c1=1:24670304588972 c2=2:24670304130795 c3=3:24670304501056 CH:
FS n=64 fsseq=538776 buf=11 c0=0:24670321986420 c1=1:24670321987254 c2=2:24670322041368 c3=3:24670322052618 CH: 11/id11/k0 19/id3/k1 45/id13/k2 57/id9/k3
FS n=64 fsseq=538776 buf=11 c0=0:24670321986420 c1=1:24670321987254 c2=2:24670322041368 c3=3:24670322052618 CH:
FS n=64 fsseq=538776 buf=11 c0=0:24670321986420 c1=1:24670321987254 c2=2:24670322041368 c3=3:24670322052618 CH:
FS n=64 fsseq=539565 buf=1 c0=0:24670344082774 c1=1:24670344596629 c2=2:24670344096472 c3=3:24670344501160 CH: 1/id1/k0 27/id11/k1 32/id0/k2 48/id0/k3
FS n=64 fsseq=539565 buf=1 c0=0:24670344082774 c1=1:24670344596629 c2=2:24670344096472 c3=3:24670344501160 CH:
FS n=64 fsseq=539565 buf=1 c0=0:24670344082774 c1=1:24670344596629 c2=2:24670344096472 c3=3:24670344501160 CH:
FS n=64 fsseq=538777 buf=13 c0=0:24670361996056 c1=1:24670361995743 c2=2:24670362032201 c3=3:24670362086733 CH: 13/id13/k0 21/id5/k1 46/id14/k2 60/id12/k3
FS n=64 fsseq=538777 buf=13 c0=0:24670361996056 c1=1:24670361995743 c2=2:24670362032201 c3=3:24670362086733 CH:
FS n=64 fsseq=538777 buf=13 c0=0:24670361996056 c1=1:24670361995743 c2=2:24670362032201 c3=3:24670362086733 CH:
FS n=64 fsseq=539566 buf=5 c0=0:24670384089285 c1=1:24670384593556 c2=2:24670384094128 c3=3:24670384501212 CH: 5/id5/k0 29/id13/k1 36/id4/k2 52/id4/k3
FS n=64 fsseq=539566 buf=5 c0=0:24670384089285 c1=1:24670384593556 c2=2:24670384094128 c3=3:24670384501212 CH: 29/id13/k1
FS n=64 fsseq=539566 buf=5 c0=0:24670384089285 c1=1:24670384593556 c2=2:24670384094128 c3=3:24670384501212 CH: 29/id13/k1
FS n=64 fsseq=538778 buf=15 c0=0:24670402006524 c1=1:24670402047774 c2=2:24670402021576 c3=3:24670402037149 CH: 15/id15/k0 20/id4/k1 38/id6/k2 62/id14/k3
FS n=64 fsseq=538778 buf=15 c0=0:24670402006524 c1=1:24670402047774 c2=2:24670402021576 c3=3:24670402037149 CH:
FS n=64 fsseq=538778 buf=15 c0=0:24670402006524 c1=1:24670402047774 c2=2:24670402021576 c3=3:24670402037149 CH:
FS n=64 fsseq=539567 buf=0 c0=0:24670424089337 c1=1:24670424609910 c2=2:24670424092514 c3=3:24670424510587 CH: 0/id0/k0 24/id8/k1 33/id1/k2 49/id1/k3
FS n=64 fsseq=539567 buf=0 c0=0:24670424089337 c1=1:24670424609910 c2=2:24670424092514 c3=3:24670424510587 CH:
FS n=64 fsseq=539567 buf=0 c0=0:24670424089337 c1=1:24670424609910 c2=2:24670424092514 c3=3:24670424510587 CH:
FS n=64 fsseq=538779 buf=2 c0=0:24670441981993 c1=1:24670441988972 c2=2:24670442013451 c3=3:24670442052931 CH: 2/id2/k0 25/id9/k1 41/id9/k2 54/id6/k3
FS n=64 fsseq=538779 buf=2 c0=0:24670441981993 c1=1:24670441988972 c2=2:24670442013451 c3=3:24670442052931 CH:
FS n=64 fsseq=538779 buf=2 c0=0:24670441981993 c1=1:24670441988972 c2=2:24670442013451 c3=3:24670442052931 CH:
FS n=64 fsseq=539568 buf=4 c0=0:24670464086785 c1=1:24670464595795 c2=2:24670464090483 c3=3:24670464499597 CH: 2/id2/k0 4/id4/k0 30/id14/k1 39/id7/k2 50/id2/k3
FS n=64 fsseq=539568 buf=4 c0=0:24670464086785 c1=1:24670464595795 c2=2:24670464090483 c3=3:24670464499597 CH:
FS n=64 fsseq=539568 buf=4 c0=0:24670464086785 c1=1:24670464595795 c2=2:24670464090483 c3=3:24670464499597 CH:
FS n=64 fsseq=538780 buf=12 c0=0:24670481988764 c1=1:24670481988764 c2=2:24670482041160 c3=3:24670482049597 CH: 12/id12/k0 26/id10/k1 43/id11/k2 58/id10/k3
FS n=64 fsseq=538780 buf=12 c0=0:24670481988764 c1=1:24670481988764 c2=2:24670482041160 c3=3:24670482049597 CH:
FS n=64 fsseq=538780 buf=12 c0=0:24670481988764 c1=1:24670481988764 c2=2:24670482041160 c3=3:24670482049597 CH:
FS n=64 fsseq=539569 buf=6 c0=0:24670504089597 c1=1:24670504597931 c2=2:24670504099701 c3=3:24670504505587 CH: 6/id6/k0 28/id12/k1 37/id5/k2 51/id3/k3 55/id7/k3
FS n=64 fsseq=539569 buf=6 c0=0:24670504089597 c1=1:24670504597931 c2=2:24670504099701 c3=3:24670504505587 CH: 49/id1/k3
FS n=64 fsseq=539569 buf=6 c0=0:24670504089597 c1=1:24670504597931 c2=2:24670504099701 c3=3:24670504505587 CH:
FS n=64 fsseq=538781 buf=14 c0=0:24670522025795 c1=1:24670522025378 c2=2:24670522129962 c3=3:24670522126681 CH: 4/id4/k0 5/id5/k0 14/id14/k0 23/id7/k1 47/id15/k2 61/id13/k3
FS n=64 fsseq=538781 buf=14 c0=0:24670522025795 c1=1:24670522025378 c2=2:24670522129962 c3=3:24670522126681 CH:
FS n=64 fsseq=538781 buf=14 c0=0:24670522025795 c1=1:24670522025378 c2=2:24670522129962 c3=3:24670522126681 CH:
FS n=64 fsseq=539570 buf=8 c0=0:24670544088243 c1=1:24670544599649 c2=2:24670544094701 c3=3:24670544506003 CH: 8/id8/k0 31/id15/k1 34/id2/k2 53/id5/k3
FS n=64 fsseq=539570 buf=8 c0=0:24670544088243 c1=1:24670544599649 c2=2:24670544094701 c3=3:24670544506003 CH:
FS n=64 fsseq=539570 buf=8 c0=0:24670544088243 c1=1:24670544599649 c2=2:24670544094701 c3=3:24670544506003 CH:
FS n=64 fsseq=538782 buf=9 c0=0:24670561986212 c1=1:24670561986785 c2=2:24670562066264 c3=3:24670562037931 CH: 9/id9/k0 16/id0/k1 42/id10/k2 63/id15/k3
FS n=64 fsseq=538782 buf=9 c0=0:24670561986212 c1=1:24670561986785 c2=2:24670562066264 c3=3:24670562037931 CH:
FS n=64 fsseq=538782 buf=9 c0=0:24670561986212 c1=1:24670561986785 c2=2:24670562066264 c3=3:24670562037931 CH:
FS n=64 fsseq=539571 buf=10 c0=0:24670584085639 c1=1:24670584603035 c2=2:24670584094649 c3=3:24670584510326 CH: 10/id10/k0 17/id1/k1 35/id3/k2 55/id7/k3
FS n=64 fsseq=539571 buf=10 c0=0:24670584085639 c1=1:24670584603035 c2=2:24670584094649 c3=3:24670584510326 CH:
FS n=64 fsseq=539571 buf=10 c0=0:24670584085639 c1=1:24670584603035 c2=2:24670584094649 c3=3:24670584510326 CH:
FS n=64 fsseq=538783 buf=3 c0=0:24670601979962 c1=1:24670601981055 c2=2:24670602007514 c3=3:24670602055170 CH: 3/id3/k0 18/id2/k1 44/id12/k2 59/id11/k3
FS n=64 fsseq=538783 buf=3 c0=0:24670601979962 c1=1:24670601981055 c2=2:24670602007514 c3=3:24670602055170 CH:
FS n=64 fsseq=538783 buf=3 c0=0:24670601979962 c1=1:24670601981055 c2=2:24670602007514 c3=3:24670602055170 CH:
FS n=64 fsseq=539572 buf=7 c0=0:24670624088660 c1=1:24670624599180 c2=2:24670624089441 c3=3:24670624504910 CH: 7/id7/k0 22/id6/k1 40/id8/k2 56/id8/k3
FS n=64 fsseq=539572 buf=7 c0=0:24670624088660 c1=1:24670624599180 c2=2:24670624089441 c3=3:24670624504910 CH:
FS n=64 fsseq=539572 buf=7 c0=0:24670624088660 c1=1:24670624599180 c2=2:24670624089441 c3=3:24670624504910 CH:
FS n=64 fsseq=538784 buf=11 c0=0:24670641987878 c1=1:24670641987618 c2=2:24670642009128 c3=3:24670642058660 CH:
FS n=64 fsseq=538784 buf=11 c0=0:24670641987878 c1=1:24670641987618 c2=2:24670642009128 c3=3:24670642058660 CH: 11/id11/k0 19/id3/k1 45/id13/k2 57/id9/k3
FS n=64 fsseq=538784 buf=11 c0=0:24670641987878 c1=1:24670641987618 c2=2:24670642009128 c3=3:24670642058660 CH:
FS n=64 fsseq=539573 buf=1 c0=0:24670664089337 c1=1:24670664598868 c2=2:24670664092878 c3=3:24670664502097 CH: 27/id11/k1 48/id0/k3
FS n=64 fsseq=539573 buf=1 c0=0:24670664089337 c1=1:24670664598868 c2=2:24670664092878 c3=3:24670664502097 CH: 1/id1/k0 27/id11/k1 32/id0/k2 48/id0/k3
FS n=64 fsseq=539573 buf=1 c0=0:24670664089337 c1=1:24670664598868 c2=2:24670664092878 c3=3:24670664502097 CH: 48/id0/k3
FS n=64 fsseq=538785 buf=13 c0=0:24670682026055 c1=1:24670682025899 c2=2:24670682082514 c3=3:24670682089597 CH:
FS n=64 fsseq=538785 buf=13 c0=0:24670682026055 c1=1:24670682025899 c2=2:24670682082514 c3=3:24670682089597 CH:
FS n=64 fsseq=538785 buf=13 c0=0:24670682026055 c1=1:24670682025899 c2=2:24670682082514 c3=3:24670682089597 CH: 13/id13/k0 21/id5/k1 46/id14/k2 60/id12/k3
FS n=64 fsseq=539574 buf=5 c0=0:24670704116316 c1=1:24670704598139 c2=2:24670704122201 c3=3:24670704508347 CH: 29/id13/k1 36/id4/k2 52/id4/k3
FS n=64 fsseq=539574 buf=5 c0=0:24670704116316 c1=1:24670704598139 c2=2:24670704122201 c3=3:24670704508347 CH: 29/id13/k1 36/id4/k2 52/id4/k3
FS n=64 fsseq=539574 buf=5 c0=0:24670704116316 c1=1:24670704598139 c2=2:24670704122201 c3=3:24670704508347 CH: 5/id5/k0
FS n=64 fsseq=538786 buf=15 c0=0:24670721995222 c1=1:24670721995066 c2=2:24670722024701 c3=3:24670722071733 CH: 15/id15/k0 20/id4/k1 38/id6/k2 62/id14/k3
FS n=64 fsseq=538786 buf=15 c0=0:24670721995222 c1=1:24670721995066 c2=2:24670722024701 c3=3:24670722071733 CH:
FS n=64 fsseq=538786 buf=15 c0=0:24670721995222 c1=1:24670721995066 c2=2:24670722024701 c3=3:24670722071733 CH:
FS n=64 fsseq=539575 buf=0 c0=0:24670744093972 c1=1:24670744610899 c2=2:24670744097566 c3=3:24670744512097 CH: 0/id0/k0 24/id8/k1 33/id1/k2 49/id1/k3
FS n=64 fsseq=539575 buf=0 c0=0:24670744093972 c1=1:24670744610899 c2=2:24670744097566 c3=3:24670744512097 CH:
FS n=64 fsseq=539575 buf=0 c0=0:24670744093972 c1=1:24670744610899 c2=2:24670744097566 c3=3:24670744512097 CH:
FS n=64 fsseq=538787 buf=2 c0=0:24670761992774 c1=1:24670761992722 c2=2:24670762024024 c3=3:24670762064441 CH: 2/id2/k0 25/id9/k1 41/id9/k2 54/id6/k3
FS n=64 fsseq=538787 buf=2 c0=0:24670761992774 c1=1:24670761992722 c2=2:24670762024024 c3=3:24670762064441 CH:
FS n=64 fsseq=538787 buf=2 c0=0:24670761992774 c1=1:24670761992722 c2=2:24670762024024 c3=3:24670762064441 CH:
FS n=64 fsseq=539576 buf=4 c0=0:24670784111108 c1=1:24670784606420 c2=2:24670784116420 c3=3:24670784515014 CH: 4/id4/k0 30/id14/k1 39/id7/k2 50/id2/k3
FS n=64 fsseq=539576 buf=4 c0=0:24670784111108 c1=1:24670784606420 c2=2:24670784116420 c3=3:24670784515014 CH:
FS n=64 fsseq=539576 buf=4 c0=0:24670784111108 c1=1:24670784606420 c2=2:24670784116420 c3=3:24670784515014 CH:
FS n=64 fsseq=538788 buf=12 c0=0:24670801997253 c1=1:24670801997253 c2=2:24670802052826 c3=3:24670802060326 CH: 12/id12/k0 26/id10/k1 43/id11/k2 58/id10/k3
FS n=64 fsseq=538788 buf=12 c0=0:24670801997253 c1=1:24670801997253 c2=2:24670802052826 c3=3:24670802060326 CH:
FS n=64 fsseq=538788 buf=12 c0=0:24670801997253 c1=1:24670801997253 c2=2:24670802052826 c3=3:24670802060326 CH:
FS n=64 fsseq=539577 buf=6 c0=0:24670824093764 c1=1:24670824600639 c2=2:24670824102826 c3=3:24670824505847 CH: 6/id6/k0 28/id12/k1 37/id5/k2 51/id3/k3
FS n=64 fsseq=539577 buf=6 c0=0:24670824093764 c1=1:24670824600639 c2=2:24670824102826 c3=3:24670824505847 CH:
FS n=64 fsseq=539577 buf=6 c0=0:24670824093764 c1=1:24670824600639 c2=2:24670824102826 c3=3:24670824505847 CH:
FS n=64 fsseq=538789 buf=14 c0=0:24670842026107 c1=1:24670842025951 c2=2:24670842081055 c3=3:24670842088399 CH: 14/id14/k0 23/id7/k1 47/id15/k2 61/id13/k3
FS n=64 fsseq=538789 buf=14 c0=0:24670842026107 c1=1:24670842025951 c2=2:24670842081055 c3=3:24670842088399 CH:
FS n=64 fsseq=538789 buf=14 c0=0:24670842026107 c1=1:24670842025951 c2=2:24670842081055 c3=3:24670842088399 CH:
FS n=64 fsseq=539578 buf=8 c0=0:24670864173191 c1=1:24670864597722 c2=2:24670864185795 c3=3:24670864507566 CH: 8/id8/k0 31/id15/k1 34/id2/k2 53/id5/k3
FS n=64 fsseq=539578 buf=8 c0=0:24670864173191 c1=1:24670864597722 c2=2:24670864185795 c3=3:24670864507566 CH:
FS n=64 fsseq=539578 buf=8 c0=0:24670864173191 c1=1:24670864597722 c2=2:24670864185795 c3=3:24670864507566 CH:
FS n=64 fsseq=538790 buf=9 c0=0:24670881994805 c1=1:24670881994649 c2=2:24670882048399 c3=3:24670882055118 CH: 9/id9/k0 16/id0/k1 42/id10/k2 63/id15/k3
FS n=64 fsseq=538790 buf=9 c0=0:24670881994805 c1=1:24670881994649 c2=2:24670882048399 c3=3:24670882055118 CH:
FS n=64 fsseq=538790 buf=9 c0=0:24670881994805 c1=1:24670881994649 c2=2:24670882048399 c3=3:24670882055118 CH:
FS n=64 fsseq=539579 buf=10 c0=0:24670904137826 c1=1:24670904605118 c2=2:24670904138035 c3=3:24670904509337 CH: 17/id1/k1 35/id3/k2 55/id7/k3
FS n=64 fsseq=539579 buf=10 c0=0:24670904137826 c1=1:24670904605118 c2=2:24670904138035 c3=3:24670904509337 CH: 10/id10/k0 17/id1/k1 35/id3/k2 55/id7/k3
FS n=64 fsseq=539579 buf=10 c0=0:24670904137826 c1=1:24670904605118 c2=2:24670904138035 c3=3:24670904509337 CH:
FS n=64 fsseq=538791 buf=3 c0=0:24670921985743 c1=1:24670921987670 c2=2:24670922067878 c3=3:24670922041785 CH: 3/id3/k0 18/id2/k1 44/id12/k2 59/id11/k3
FS n=64 fsseq=538791 buf=3 c0=0:24670921985743 c1=1:24670921987670 c2=2:24670922067878 c3=3:24670922041785 CH: 3/id3/k0 18/id2/k1 44/id12/k2 59/id11/k3
FS n=64 fsseq=538791 buf=3 c0=0:24670921985743 c1=1:24670921987670 c2=2:24670922067878 c3=3:24670922041785 CH:
FS n=64 fsseq=539580 buf=7 c0=0:24670944095847 c1=1:24670944597618 c2=2:24670944106628 c3=3:24670944505951 CH: 7/id7/k0 22/id6/k1 40/id8/k2 56/id8/k3
FS n=64 fsseq=539580 buf=7 c0=0:24670944095847 c1=1:24670944597618 c2=2:24670944106628 c3=3:24670944505951 CH:
FS n=64 fsseq=539580 buf=7 c0=0:24670944095847 c1=1:24670944597618 c2=2:24670944106628 c3=3:24670944505951 CH:
FS n=64 fsseq=538792 buf=11 c0=0:24670962009805 c1=1:24670961994857 c2=2:24670962065118 c3=3:24670962048607 CH: 45/id13/k2 57/id9/k3
FS n=64 fsseq=538792 buf=11 c0=0:24670962009805 c1=1:24670961994857 c2=2:24670962065118 c3=3:24670962048607 CH: 19/id3/k1
FS n=64 fsseq=538792 buf=11 c0=0:24670962009805 c1=1:24670961994857 c2=2:24670962065118 c3=3:24670962048607 CH: 11/id11/k0 19/id3/k1
FS n=64 fsseq=539581 buf=1 c0=0:24670984109076 c1=1:24670984605014 c2=2:24670984109441 c3=3:24670984513764 CH:
FS n=64 fsseq=539581 buf=1 c0=0:24670984109076 c1=1:24670984605014 c2=2:24670984109441 c3=3:24670984513764 CH: 1/id1/k0 27/id11/k1 32/id0/k2 48/id0/k3
FS n=64 fsseq=539581 buf=1 c0=0:24670984109076 c1=1:24670984605014 c2=2:24670984109441 c3=3:24670984513764 CH:
FS n=64 fsseq=538793 buf=13 c0=0:24671002005378 c1=1:24671002005430 c2=2:24671002059753 c3=3:24671002069649 CH:
FS n=64 fsseq=538793 buf=13 c0=0:24671002005378 c1=1:24671002005430 c2=2:24671002059753 c3=3:24671002069649 CH: 21/id5/k1
FS n=64 fsseq=538793 buf=13 c0=0:24671002005378 c1=1:24671002005430 c2=2:24671002059753 c3=3:24671002069649 CH: 13/id13/k0 21/id5/k1 46/id14/k2 60/id12/k3
FS n=64 fsseq=539582 buf=5 c0=0:24671024159284 c1=1:24671024604337 c2=2:24671024147253 c3=3:24671024516316 CH: 5/id5/k0 29/id13/k1 36/id4/k2 52/id4/k3
FS n=64 fsseq=539582 buf=5 c0=0:24671024159284 c1=1:24671024604337 c2=2:24671024147253 c3=3:24671024516316 CH:
FS n=64 fsseq=539582 buf=5 c0=0:24671024159284 c1=1:24671024604337 c2=2:24671024147253 c3=3:24671024516316 CH:
FS n=64 fsseq=538794 buf=15 c0=0:24671041988399 c1=1:24671041988399 c2=2:24671042012930 c3=3:24671042065274 CH: 15/id15/k0 20/id4/k1 38/id6/k2 62/id14/k3
FS n=64 fsseq=538794 buf=15 c0=0:24671041988399 c1=1:24671041988399 c2=2:24671042012930 c3=3:24671042065274 CH:
FS n=64 fsseq=538794 buf=15 c0=0:24671041988399 c1=1:24671041988399 c2=2:24671042012930 c3=3:24671042065274 CH:
FS n=64 fsseq=539583 buf=0 c0=0:24671064116941 c1=1:24671064601107 c2=2:24671064117305 c3=3:24671064522097 CH: 0/id0/k0 24/id8/k1 33/id1/k2 49/id1/k3
FS n=64 fsseq=539583 buf=0 c0=0:24671064116941 c1=1:24671064601107 c2=2:24671064117305 c3=3:24671064522097 CH:
FS n=64 fsseq=539583 buf=0 c0=0:24671064116941 c1=1:24671064601107 c2=2:24671064117305 c3=3:24671064522097 CH: 3/id3/k0 5/id5/k0
FS n=64 fsseq=538795 buf=2 c0=0:24671081996628 c1=1:24671081996680 c2=2:24671082015587 c3=3:24671082059128 CH: 2/id2/k0 25/id9/k1 41/id9/k2 54/id6/k3
FS n=64 fsseq=538795 buf=2 c0=0:24671081996628 c1=1:24671081996680 c2=2:24671082015587 c3=3:24671082059128 CH:
FS n=64 fsseq=538795 buf=2 c0=0:24671081996628 c1=1:24671081996680 c2=2:24671082015587 c3=3:24671082059128 CH:
FS n=64 fsseq=539584 buf=4 c0=0:24671104100170 c1=1:24671104606316 c2=2:24671104101889 c3=3:24671104513347 CH: 4/id4/k0 30/id14/k1 39/id7/k2 50/id2/k3
FS n=64 fsseq=539584 buf=4 c0=0:24671104100170 c1=1:24671104606316 c2=2:24671104101889 c3=3:24671104513347 CH:
FS n=64 fsseq=539584 buf=4 c0=0:24671104100170 c1=1:24671104606316 c2=2:24671104101889 c3=3:24671104513347 CH:
FS n=64 fsseq=538796 buf=12 c0=0:24671122038868 c1=1:24671122038607 c2=2:24671122071837 c3=3:24671122095691 CH: 58/id10/k3
FS n=64 fsseq=538796 buf=12 c0=0:24671122038868 c1=1:24671122038607 c2=2:24671122071837 c3=3:24671122095691 CH: 12/id12/k0 26/id10/k1 43/id11/k2 58/id10/k3
FS n=64 fsseq=538796 buf=12 c0=0:24671122038868 c1=1:24671122038607 c2=2:24671122071837 c3=3:24671122095691 CH: 58/id10/k3
FS n=64 fsseq=539585 buf=6 c0=0:24671144099441 c1=1:24671144608868 c2=2:24671144101212 c3=3:24671144512618 CH:
FS n=64 fsseq=539585 buf=6 c0=0:24671144099441 c1=1:24671144608868 c2=2:24671144101212 c3=3:24671144512618 CH: 6/id6/k0 28/id12/k1 37/id5/k2 51/id3/k3
FS n=64 fsseq=539585 buf=6 c0=0:24671144099441 c1=1:24671144608868 c2=2:24671144101212 c3=3:24671144512618 CH:
FS n=64 fsseq=538797 buf=14 c0=0:24671162003243 c1=1:24671162056420 c2=2:24671162025795 c3=3:24671162065014 CH: 14/id14/k0 23/id7/k1 47/id15/k2 61/id13/k3
FS n=64 fsseq=538797 buf=14 c0=0:24671162003243 c1=1:24671162056420 c2=2:24671162025795 c3=3:24671162065014 CH: 47/id15/k2 61/id13/k3
FS n=64 fsseq=538797 buf=14 c0=0:24671162003243 c1=1:24671162056420 c2=2:24671162025795 c3=3:24671162065014 CH:
FS n=64 fsseq=539586 buf=8 c0=0:24671184120118 c1=1:24671184605326 c2=2:24671184120170 c3=3:24671184510274 CH:
FS n=64 fsseq=539586 buf=8 c0=0:24671184120118 c1=1:24671184605326 c2=2:24671184120170 c3=3:24671184510274 CH: 8/id8/k0 31/id15/k1 34/id2/k2 53/id5/k3
FS n=64 fsseq=539586 buf=8 c0=0:24671184120118 c1=1:24671184605326 c2=2:24671184120170 c3=3:24671184510274 CH:
FS n=64 fsseq=538798 buf=9 c0=0:24671202003972 c1=1:24671202055899 c2=2:24671202025534 c3=3:24671202065014 CH: 9/id9/k0 16/id0/k1 42/id10/k2 63/id15/k3
FS n=64 fsseq=538798 buf=9 c0=0:24671202003972 c1=1:24671202055899 c2=2:24671202025534 c3=3:24671202065014 CH: 42/id10/k2 63/id15/k3
FS n=64 fsseq=538798 buf=9 c0=0:24671202003972 c1=1:24671202055899 c2=2:24671202025534 c3=3:24671202065014 CH:
FS n=64 fsseq=539587 buf=10 c0=0:24671224101368 c1=1:24671224624337 c2=2:24671224103139 c3=3:24671224509232 CH: 10/id10/k0 17/id1/k1 35/id3/k2 55/id7/k3
FS n=64 fsseq=539587 buf=10 c0=0:24671224101368 c1=1:24671224624337 c2=2:24671224103139 c3=3:24671224509232 CH:
FS n=64 fsseq=539587 buf=10 c0=0:24671224101368 c1=1:24671224624337 c2=2:24671224103139 c3=3:24671224509232 CH:
FS n=64 fsseq=538799 buf=3 c0=0:24671242000899 c1=1:24671242055170 c2=2:24671242022774 c3=3:24671242070222 CH: 3/id3/k0 18/id2/k1
FS n=64 fsseq=538799 buf=3 c0=0:24671242000899 c1=1:24671242055170 c2=2:24671242022774 c3=3:24671242070222 CH: 44/id12/k2 59/id11/k3
FS n=64 fsseq=538799 buf=3 c0=0:24671242000899 c1=1:24671242055170 c2=2:24671242022774 c3=3:24671242070222 CH: 44/id12/k2 59/id11/k3
FS n=64 fsseq=539588 buf=7 c0=0:24671264117201 c1=1:24671264608503 c2=2:24671264120118 c3=3:24671264509701 CH: 7/id7/k0 22/id6/k1 40/id8/k2 56/id8/k3
FS n=64 fsseq=539588 buf=7 c0=0:24671264117201 c1=1:24671264608503 c2=2:24671264120118 c3=3:24671264509701 CH: 7/id7/k0 22/id6/k1 40/id8/k2 56/id8/k3
FS n=64 fsseq=539588 buf=7 c0=0:24671264117201 c1=1:24671264608503 c2=2:24671264120118 c3=3:24671264509701 CH:
FS n=64 fsseq=538800 buf=11 c0=0:24671282020014 c1=1:24671282092045 c2=2:24671282075066 c3=3:24671282123555 CH: 11/id11/k0 19/id3/k1 45/id13/k2 57/id9/k3
FS n=64 fsseq=538800 buf=11 c0=0:24671282020014 c1=1:24671282092045 c2=2:24671282075066 c3=3:24671282123555 CH:
FS n=64 fsseq=538800 buf=11 c0=0:24671282020014 c1=1:24671282092045 c2=2:24671282075066 c3=3:24671282123555 CH:
FS n=64 fsseq=539589 buf=1 c0=0:24671304099441 c1=1:24671304610899 c2=2:24671304115274 c3=3:24671304510743 CH: 1/id1/k0 27/id11/k1 32/id0/k2
FS n=64 fsseq=539589 buf=1 c0=0:24671304099441 c1=1:24671304610899 c2=2:24671304115274 c3=3:24671304510743 CH: 27/id11/k1 48/id0/k3
FS n=64 fsseq=539589 buf=1 c0=0:24671304099441 c1=1:24671304610899 c2=2:24671304115274 c3=3:24671304510743 CH: 1/id1/k0 32/id0/k2 48/id0/k3
FS n=64 fsseq=538801 buf=13 c0=0:24671321992305 c1=1:24671321997982 c2=2:24671322048451 c3=3:24671322056107 CH:
FS n=64 fsseq=538801 buf=13 c0=0:24671321992305 c1=1:24671321997982 c2=2:24671322048451 c3=3:24671322056107 CH: 13/id13/k0 21/id5/k1 46/id14/k2 60/id12/k3
FS n=64 fsseq=538801 buf=13 c0=0:24671321992305 c1=1:24671321997982 c2=2:24671322048451 c3=3:24671322056107 CH:
FS n=64 fsseq=539590 buf=5 c0=0:24671344116316 c1=1:24671344619284 c2=2:24671344128555 c3=3:24671344533295 CH: 5/id5/k0 29/id13/k1 36/id4/k2 52/id4/k3
FS n=64 fsseq=539590 buf=5 c0=0:24671344116316 c1=1:24671344619284 c2=2:24671344128555 c3=3:24671344533295 CH:
FS n=64 fsseq=539590 buf=5 c0=0:24671344116316 c1=1:24671344619284 c2=2:24671344128555 c3=3:24671344533295 CH:
FS n=64 fsseq=538802 buf=15 c0=0:24671362007670 c1=1:24671362008659 c2=2:24671362063764 c3=3:24671362051889 CH: 15/id15/k0 20/id4/k1 38/id6/k2 62/id14/k3
FS n=64 fsseq=538802 buf=15 c0=0:24671362007670 c1=1:24671362008659 c2=2:24671362063764 c3=3:24671362051889 CH: 20/id4/k1
FS n=64 fsseq=538802 buf=15 c0=0:24671362007670 c1=1:24671362008659 c2=2:24671362063764 c3=3:24671362051889 CH: 20/id4/k1
FS n=64 fsseq=539591 buf=0 c0=0:24671384104389 c1=1:24671384611368 c2=2:24671384113451 c3=3:24671384513816 CH: 0/id0/k0 24/id8/k1 33/id1/k2 49/id1/k3
FS n=64 fsseq=539591 buf=0 c0=0:24671384104389 c1=1:24671384611368 c2=2:24671384113451 c3=3:24671384513816 CH:
FS n=64 fsseq=539591 buf=0 c0=0:24671384104389 c1=1:24671384611368 c2=2:24671384113451 c3=3:24671384513816 CH:
FS n=64 fsseq=538803 buf=2 c0=0:24671401996420 c1=1:24671401996316 c2=2:24671402020482 c3=3:24671402064961 CH: 2/id2/k0 25/id9/k1 41/id9/k2 54/id6/k3
FS n=64 fsseq=538803 buf=2 c0=0:24671401996420 c1=1:24671401996316 c2=2:24671402020482 c3=3:24671402064961 CH:
FS n=64 fsseq=538803 buf=2 c0=0:24671401996420 c1=1:24671401996316 c2=2:24671402020482 c3=3:24671402064961 CH:
FS n=64 fsseq=539592 buf=4 c0=0:24671424109336 c1=1:24671424607461 c2=2:24671424113920 c3=3:24671424518868 CH: 4/id4/k0 30/id14/k1 39/id7/k2 50/id2/k3
FS n=64 fsseq=539592 buf=4 c0=0:24671424109336 c1=1:24671424607461 c2=2:24671424113920 c3=3:24671424518868 CH:
FS n=64 fsseq=539592 buf=4 c0=0:24671424109336 c1=1:24671424607461 c2=2:24671424113920 c3=3:24671424518868 CH:
FS n=64 fsseq=538804 buf=12 c0=0:24671442048086 c1=1:24671442047878 c2=2:24671442125586 c3=3:24671442121472 CH: 12/id12/k0
FS n=64 fsseq=538804 buf=12 c0=0:24671442048086 c1=1:24671442047878 c2=2:24671442125586 c3=3:24671442121472 CH: 12/id12/k0
FS n=64 fsseq=538804 buf=12 c0=0:24671442048086 c1=1:24671442047878 c2=2:24671442125586 c3=3:24671442121472 CH: 26/id10/k1 43/id11/k2 58/id10/k3
FS n=64 fsseq=539593 buf=6 c0=0:24671464112930 c1=1:24671464610378 c2=2:24671464124232 c3=3:24671464514545 CH: 6/id6/k0 28/id12/k1 37/id5/k2 51/id3/k3
FS n=64 fsseq=539593 buf=6 c0=0:24671464112930 c1=1:24671464610378 c2=2:24671464124232 c3=3:24671464514545 CH:
FS n=64 fsseq=539593 buf=6 c0=0:24671464112930 c1=1:24671464610378 c2=2:24671464124232 c3=3:24671464514545 CH:
FS n=64 fsseq=538805 buf=14 c0=0:24671482004441 c1=1:24671482004076 c2=2:24671482084441 c3=3:24671482060795 CH: 14/id14/k0 23/id7/k1 47/id15/k2 61/id13/k3
FS n=64 fsseq=538805 buf=14 c0=0:24671482004441 c1=1:24671482004076 c2=2:24671482084441 c3=3:24671482060795 CH:
FS n=64 fsseq=538805 buf=14 c0=0:24671482004441 c1=1:24671482004076 c2=2:24671482084441 c3=3:24671482060795 CH: 23/id7/k1
FS n=64 fsseq=539594 buf=8 c0=0:24671504123711 c1=1:24671504613503 c2=2:24671504129336 c3=3:24671504521680 CH: 8/id8/k0 31/id15/k1 34/id2/k2 53/id5/k3
FS n=64 fsseq=539594 buf=8 c0=0:24671504123711 c1=1:24671504613503 c2=2:24671504129336 c3=3:24671504521680 CH:
FS n=64 fsseq=539594 buf=8 c0=0:24671504123711 c1=1:24671504613503 c2=2:24671504129336 c3=3:24671504521680 CH:
FS n=64 fsseq=538806 buf=9 c0=0:24671521999284 c1=1:24671521999493 c2=2:24671522030586 c3=3:24671522072357 CH: 9/id9/k0 16/id0/k1 42/id10/k2 63/id15/k3
FS n=64 fsseq=538806 buf=9 c0=0:24671521999284 c1=1:24671521999493 c2=2:24671522030586 c3=3:24671522072357 CH:
FS n=64 fsseq=538806 buf=9 c0=0:24671521999284 c1=1:24671521999493 c2=2:24671522030586 c3=3:24671522072357 CH:
FS n=64 fsseq=539595 buf=10 c0=0:24671544102201 c1=1:24671544641316 c2=2:24671544105847 c3=3:24671544519545 CH: 10/id10/k0 17/id1/k1 35/id3/k2 55/id7/k3
FS n=64 fsseq=539595 buf=10 c0=0:24671544102201 c1=1:24671544641316 c2=2:24671544105847 c3=3:24671544519545 CH:
FS n=64 fsseq=539595 buf=10 c0=0:24671544102201 c1=1:24671544641316 c2=2:24671544105847 c3=3:24671544519545 CH:
FS n=64 fsseq=538807 buf=3 c0=0:24671562007774 c1=1:24671562007722 c2=2:24671562058243 c3=3:24671562066784 CH: 3/id3/k0 18/id2/k1 44/id12/k2 59/id11/k3
FS n=64 fsseq=538807 buf=3 c0=0:24671562007774 c1=1:24671562007722 c2=2:24671562058243 c3=3:24671562066784 CH:
FS n=64 fsseq=538807 buf=3 c0=0:24671562007774 c1=1:24671562007722 c2=2:24671562058243 c3=3:24671562066784 CH:
FS n=64 fsseq=539596 buf=7 c0=0:24671584104649 c1=1:24671584610482 c2=2:24671584115586 c3=3:24671584518191 CH: 7/id7/k0 22/id6/k1 40/id8/k2 56/id8/k3
FS n=64 fsseq=539596 buf=7 c0=0:24671584104649 c1=1:24671584610482 c2=2:24671584115586 c3=3:24671584518191 CH:
FS n=64 fsseq=539596 buf=7 c0=0:24671584104649 c1=1:24671584610482 c2=2:24671584115586 c3=3:24671584518191 CH:
FS n=64 fsseq=538808 buf=11 c0=0:24671602013243 c1=1:24671602013555 c2=2:24671602104857 c3=3:24671602074597 CH: 11/id11/k0 19/id3/k1 45/id13/k2 57/id9/k3
FS n=64 fsseq=538808 buf=11 c0=0:24671602013243 c1=1:24671602013555 c2=2:24671602104857 c3=3:24671602074597 CH:
FS n=64 fsseq=538808 buf=11 c0=0:24671602013243 c1=1:24671602013555 c2=2:24671602104857 c3=3:24671602074597 CH:
FS n=64 fsseq=539597 buf=1 c0=0:24671624104701 c1=1:24671624614961 c2=2:24671624112409 c3=3:24671624515847 CH: 1/id1/k0 27/id11/k1 32/id0/k2 48/id0/k3
FS n=64 fsseq=539597 buf=1 c0=0:24671624104701 c1=1:24671624614961 c2=2:24671624112409 c3=3:24671624515847 CH:
FS n=64 fsseq=539597 buf=1 c0=0:24671624104701 c1=1:24671624614961 c2=2:24671624112409 c3=3:24671624515847 CH:
FS n=64 fsseq=538809 buf=13 c0=0:24671642007566 c1=1:24671642007357 c2=2:24671642087670 c3=3:24671642115378 CH:
FS n=64 fsseq=538809 buf=13 c0=0:24671642007566 c1=1:24671642007357 c2=2:24671642087670 c3=3:24671642115378 CH: 13/id13/k0 21/id5/k1 46/id14/k2 60/id12/k3
FS n=64 fsseq=538809 buf=13 c0=0:24671642007566 c1=1:24671642007357 c2=2:24671642087670 c3=3:24671642115378 CH:
FS n=64 fsseq=539598 buf=5 c0=0:24671664118815 c1=1:24671664629753 c2=2:24671664138815 c3=3:24671664531420 CH: 36/id4/k2 52/id4/k3
FS n=64 fsseq=539598 buf=5 c0=0:24671664118815 c1=1:24671664629753 c2=2:24671664138815 c3=3:24671664531420 CH: 29/id13/k1
FS n=64 fsseq=539598 buf=5 c0=0:24671664118815 c1=1:24671664629753 c2=2:24671664138815 c3=3:24671664531420 CH: 5/id5/k0 29/id13/k1
FS n=64 fsseq=538810 buf=15 c0=0:24671682016159 c1=1:24671682016003 c2=2:24671682062253 c3=3:24671682053295 CH: 20/id4/k1 38/id6/k2 62/id14/k3
FS n=64 fsseq=538810 buf=15 c0=0:24671682016159 c1=1:24671682016003 c2=2:24671682062253 c3=3:24671682053295 CH: 15/id15/k0
FS n=64 fsseq=538810 buf=15 c0=0:24671682016159 c1=1:24671682016003 c2=2:24671682062253 c3=3:24671682053295 CH:
FS n=64 fsseq=539599 buf=0 c0=0:24671704106680 c1=1:24671704615951 c2=2:24671704119857 c3=3:24671704520795 CH: 24/id8/k1 33/id1/k2 49/id1/k3
FS n=64 fsseq=539599 buf=0 c0=0:24671704106680 c1=1:24671704615951 c2=2:24671704119857 c3=3:24671704520795 CH: 24/id8/k1 33/id1/k2 49/id1/k3
FS n=64 fsseq=539599 buf=0 c0=0:24671704106680 c1=1:24671704615951 c2=2:24671704119857 c3=3:24671704520795 CH: 0/id0/k0
FS n=64 fsseq=538811 buf=2 c0=0:24671722016940 c1=1:24671722016993 c2=2:24671722067305 c3=3:24671722077461 CH: 2/id2/k0 25/id9/k1 41/id9/k2 54/id6/k3
FS n=64 fsseq=538811 buf=2 c0=0:24671722016940 c1=1:24671722016993 c2=2:24671722067305 c3=3:24671722077461 CH:
FS n=64 fsseq=538811 buf=2 c0=0:24671722016940 c1=1:24671722016993 c2=2:24671722067305 c3=3:24671722077461 CH:
FS n=64 fsseq=539600 buf=4 c0=0:24671744105378 c1=1:24671744616993 c2=2:24671744113555 c3=3:24671744521211 CH: 4/id4/k0 30/id14/k1 39/id7/k2 50/id2/k3
FS n=64 fsseq=539600 buf=4 c0=0:24671744105378 c1=1:24671744616993 c2=2:24671744113555 c3=3:24671744521211 CH:
FS n=64 fsseq=539600 buf=4 c0=0:24671744105378 c1=1:24671744616993 c2=2:24671744113555 c3=3:24671744521211 CH:
FS n=64 fsseq=538812 buf=12 c0=0:24671762017513 c1=1:24671762020430 c2=2:24671762050586 c3=3:24671762101472 CH: 12/id12/k0 26/id10/k1 43/id11/k2 58/id10/k3
FS n=64 fsseq=538812 buf=12 c0=0:24671762017513 c1=1:24671762020430 c2=2:24671762050586 c3=3:24671762101472 CH:
FS n=64 fsseq=538812 buf=12 c0=0:24671762017513 c1=1:24671762020430 c2=2:24671762050586 c3=3:24671762101472 CH:
FS n=64 fsseq=539601 buf=6 c0=0:24671784108763 c1=1:24671784616628 c2=2:24671784113763 c3=3:24671784522774 CH: 28/id12/k1 37/id5/k2 51/id3/k3
FS n=64 fsseq=539601 buf=6 c0=0:24671784108763 c1=1:24671784616628 c2=2:24671784113763 c3=3:24671784522774 CH:
FS n=64 fsseq=539601 buf=6 c0=0:24671784108763 c1=1:24671784616628 c2=2:24671784113763 c3=3:24671784522774 CH: 6/id6/k0
FS n=64 fsseq=538813 buf=14 c0=0:24671802003972 c1=1:24671802011368 c2=2:24671802070378 c3=3:24671802080586 CH: 14/id14/k0 23/id7/k1 47/id15/k2 61/id13/k3
FS n=64 fsseq=538813 buf=14 c0=0:24671802003972 c1=1:24671802011368 c2=2:24671802070378 c3=3:24671802080586 CH:
FS n=64 fsseq=538813 buf=14 c0=0:24671802003972 c1=1:24671802011368 c2=2:24671802070378 c3=3:24671802080586 CH:
FS n=64 fsseq=539602 buf=8 c0=0:24671824129753 c1=1:24671824621628 c2=2:24671824132930 c3=3:24671824524024 CH: 8/id8/k0 31/id15/k1 34/id2/k2 53/id5/k3
FS n=64 fsseq=539602 buf=8 c0=0:24671824129753 c1=1:24671824621628 c2=2:24671824132930 c3=3:24671824524024 CH: 8/id8/k0
FS n=64 fsseq=539602 buf=8 c0=0:24671824129753 c1=1:24671824621628 c2=2:24671824132930 c3=3:24671824524024 CH: 8/id8/k0
FS n=64 fsseq=538814 buf=9 c0=0:24671842039440 c1=1:24671842023034 c2=2:24671842075065 c3=3:24671842087565 CH: 16/id0/k1 42/id10/k2 63/id15/k3
FS n=64 fsseq=538814 buf=9 c0=0:24671842039440 c1=1:24671842023034 c2=2:24671842075065 c3=3:24671842087565 CH: 9/id9/k0
FS n=64 fsseq=538814 buf=9 c0=0:24671842039440 c1=1:24671842023034 c2=2:24671842075065 c3=3:24671842087565 CH: 16/id0/k1 42/id10/k2 63/id15/k3
FS n=64 fsseq=539603 buf=10 c0=0:24671864108607 c1=1:24671864612513 c2=2:24671864120013 c3=3:24671864521003 CH: 10/id10/k0 17/id1/k1 35/id3/k2 55/id7/k3
FS n=64 fsseq=539603 buf=10 c0=0:24671864108607 c1=1:24671864612513 c2=2:24671864120013 c3=3:24671864521003 CH:
FS n=64 fsseq=539603 buf=10 c0=0:24671864108607 c1=1:24671864612513 c2=2:24671864120013 c3=3:24671864521003 CH:
FS n=64 fsseq=538815 buf=3 c0=0:24671882016055 c1=1:24671882070847 c2=2:24671882045222 c3=3:24671882076003 CH: 3/id3/k0 18/id2/k1 44/id12/k2 59/id11/k3
FS n=64 fsseq=538815 buf=3 c0=0:24671882016055 c1=1:24671882070847 c2=2:24671882045222 c3=3:24671882076003 CH: 3/id3/k0 18/id2/k1 44/id12/k2 59/id11/k3
FS n=64 fsseq=538815 buf=3 c0=0:24671882016055 c1=1:24671882070847 c2=2:24671882045222 c3=3:24671882076003 CH:
FS n=64 fsseq=539604 buf=7 c0=0:24671904106159 c1=1:24671904615899 c2=2:24671904110065 c3=3:24671904519024 CH: 7/id7/k0 22/id6/k1 40/id8/k2 56/id8/k3
FS n=64 fsseq=539604 buf=7 c0=0:24671904106159 c1=1:24671904615899 c2=2:24671904110065 c3=3:24671904519024 CH:
FS n=64 fsseq=539604 buf=7 c0=0:24671904106159 c1=1:24671904615899 c2=2:24671904110065 c3=3:24671904519024 CH:
FS n=64 fsseq=538816 buf=11 c0=0:24671922026784 c1=1:24671922090690 c2=2:24671922062097 c3=3:24671922101367 CH: 45/id13/k2 57/id9/k3
FS n=64 fsseq=538816 buf=11 c0=0:24671922026784 c1=1:24671922090690 c2=2:24671922062097 c3=3:24671922101367 CH: 11/id11/k0 19/id3/k1 45/id13/k2 57/id9/k3
FS n=64 fsseq=538816 buf=11 c0=0:24671922026784 c1=1:24671922090690 c2=2:24671922062097 c3=3:24671922101367 CH:
FS n=64 fsseq=539605 buf=1 c0=0:24671944112357 c1=1:24671944619076 c2=2:24671944115690 c3=3:24671944518138 CH: 27/id11/k1 32/id0/k2 48/id0/k3
FS n=64 fsseq=539605 buf=1 c0=0:24671944112357 c1=1:24671944619076 c2=2:24671944115690 c3=3:24671944518138 CH: 27/id11/k1 32/id0/k2 48/id0/k3
FS n=64 fsseq=539605 buf=1 c0=0:24671944112357 c1=1:24671944619076 c2=2:24671944115690 c3=3:24671944518138 CH: 1/id1/k0
FS n=64 fsseq=538817 buf=13 c0=0:24671962007617 c1=1:24671962010326 c2=2:24671962037670 c3=3:24671962090170 CH: 13/id13/k0 21/id5/k1 46/id14/k2 60/id12/k3
FS n=64 fsseq=538817 buf=13 c0=0:24671962007617 c1=1:24671962010326 c2=2:24671962037670 c3=3:24671962090170 CH:
FS n=64 fsseq=538817 buf=13 c0=0:24671962007617 c1=1:24671962010326 c2=2:24671962037670 c3=3:24671962090170 CH:
FS n=64 fsseq=539606 buf=5 c0=0:24671984148138 c1=1:24671984621159 c2=2:24671984147774 c3=3:24671984527357 CH: 5/id5/k0 29/id13/k1 36/id4/k2 52/id4/k3
FS n=64 fsseq=539606 buf=5 c0=0:24671984148138 c1=1:24671984621159 c2=2:24671984147774 c3=3:24671984527357 CH:
FS n=64 fsseq=539606 buf=5 c0=0:24671984148138 c1=1:24671984621159 c2=2:24671984147774 c3=3:24671984527357 CH:
FS n=64 fsseq=538818 buf=15 c0=0:24672002008138 c1=1:24672002007774 c2=2:24672002030170 c3=3:24672002070326 CH: 15/id15/k0 20/id4/k1 38/id6/k2 62/id14/k3
FS n=64 fsseq=538818 buf=15 c0=0:24672002008138 c1=1:24672002007774 c2=2:24672002030170 c3=3:24672002070326 CH:
FS n=64 fsseq=538818 buf=15 c0=0:24672002008138 c1=1:24672002007774 c2=2:24672002030170 c3=3:24672002070326 CH:
FS n=64 fsseq=539607 buf=0 c0=0:24672024117045 c1=1:24672024615951 c2=2:24672024118086 c3=3:24672024523347 CH: 24/id8/k1 33/id1/k2 49/id1/k3
FS n=64 fsseq=539607 buf=0 c0=0:24672024117045 c1=1:24672024615951 c2=2:24672024118086 c3=3:24672024523347 CH: 0/id0/k0 24/id8/k1 33/id1/k2 49/id1/k3
FS n=64 fsseq=539607 buf=0 c0=0:24672024117045 c1=1:24672024615951 c2=2:24672024118086 c3=3:24672024523347 CH:
FS n=64 fsseq=538819 buf=2 c0=0:24672042019805 c1=1:24672042079545 c2=2:24672042048920 c3=3:24672042097409 CH: 2/id2/k0 25/id9/k1 41/id9/k2 54/id6/k3
FS n=64 fsseq=538819 buf=2 c0=0:24672042019805 c1=1:24672042079545 c2=2:24672042048920 c3=3:24672042097409 CH: 41/id9/k2 54/id6/k3
FS n=64 fsseq=538819 buf=2 c0=0:24672042019805 c1=1:24672042079545 c2=2:24672042048920 c3=3:24672042097409 CH:
FS n=64 fsseq=539608 buf=4 c0=0:24672064113607 c1=1:24672064619649 c2=2:24672064126784 c3=3:24672064523503 CH: 4/id4/k0 30/id14/k1 39/id7/k2 50/id2/k3
FS n=64 fsseq=539608 buf=4 c0=0:24672064113607 c1=1:24672064619649 c2=2:24672064126784 c3=3:24672064523503 CH:
FS n=64 fsseq=539608 buf=4 c0=0:24672064113607 c1=1:24672064619649 c2=2:24672064126784 c3=3:24672064523503 CH:
FS n=64 fsseq=538820 buf=12 c0=0:24672082031472 c1=1:24672082032357 c2=2:24672082118815 c3=3:24672082105117 CH:
FS n=64 fsseq=538820 buf=12 c0=0:24672082031472 c1=1:24672082032357 c2=2:24672082118815 c3=3:24672082105117 CH: 12/id12/k0 26/id10/k1 43/id11/k2 58/id10/k3
FS n=64 fsseq=538820 buf=12 c0=0:24672082031472 c1=1:24672082032357 c2=2:24672082118815 c3=3:24672082105117 CH:
FS n=64 fsseq=539609 buf=6 c0=0:24672104108086 c1=1:24672104620794 c2=2:24672104118659 c3=3:24672104539544 CH:
FS n=64 fsseq=539609 buf=6 c0=0:24672104108086 c1=1:24672104620794 c2=2:24672104118659 c3=3:24672104539544 CH: 6/id6/k0 28/id12/k1 37/id5/k2 51/id3/k3
FS n=64 fsseq=539609 buf=6 c0=0:24672104108086 c1=1:24672104620794 c2=2:24672104118659 c3=3:24672104539544 CH:
FS n=64 fsseq=538821 buf=14 c0=0:24672122008190 c1=1:24672122008242 c2=2:24672122030794 c3=3:24672122072357 CH: 14/id14/k0 23/id7/k1 47/id15/k2 61/id13/k3
FS n=64 fsseq=538821 buf=14 c0=0:24672122008190 c1=1:24672122008242 c2=2:24672122030794 c3=3:24672122072357 CH:
FS n=64 fsseq=538821 buf=14 c0=0:24672122008190 c1=1:24672122008242 c2=2:24672122030794 c3=3:24672122072357 CH:
FS n=64 fsseq=539610 buf=8 c0=0:24672144127044 c1=1:24672144624597 c2=2:24672144127930 c3=3:24672144532044 CH: 8/id8/k0 31/id15/k1 34/id2/k2 53/id5/k3
FS n=64 fsseq=539610 buf=8 c0=0:24672144127044 c1=1:24672144624597 c2=2:24672144127930 c3=3:24672144532044 CH:
FS n=64 fsseq=539610 buf=8 c0=0:24672144127044 c1=1:24672144624597 c2=2:24672144127930 c3=3:24672144532044 CH:
FS n=64 fsseq=538822 buf=9 c0=0:24672162011940 c1=1:24672162013347 c2=2:24672162069284 c3=3:24672162081940 CH:
FS n=64 fsseq=538822 buf=9 c0=0:24672162011940 c1=1:24672162013347 c2=2:24672162069284 c3=3:24672162081940 CH: 16/id0/k1 42/id10/k2 63/id15/k3
FS n=64 fsseq=538822 buf=9 c0=0:24672162011940 c1=1:24672162013347 c2=2:24672162069284 c3=3:24672162081940 CH: 9/id9/k0 16/id0/k1 42/id10/k2 63/id15/k3
FS n=64 fsseq=539611 buf=10 c0=0:24672184114128 c1=1:24672184623659 c2=2:24672184125899 c3=3:24672184529597 CH: 10/id10/k0 17/id1/k1 35/id3/k2 55/id7/k3
FS n=64 fsseq=539611 buf=10 c0=0:24672184114128 c1=1:24672184623659 c2=2:24672184125899 c3=3:24672184529597 CH:
FS n=64 fsseq=539611 buf=10 c0=0:24672184114128 c1=1:24672184623659 c2=2:24672184125899 c3=3:24672184529597 CH: 55/id7/k3
FS n=64 fsseq=538823 buf=3 c0=0:24672202006992 c1=1:24672202008242 c2=2:24672202081419 c3=3:24672202049284 CH: 3/id3/k0 18/id2/k1 44/id12/k2 59/id11/k3
FS n=64 fsseq=538823 buf=3 c0=0:24672202006992 c1=1:24672202008242 c2=2:24672202081419 c3=3:24672202049284 CH:
FS n=64 fsseq=538823 buf=3 c0=0:24672202006992 c1=1:24672202008242 c2=2:24672202081419 c3=3:24672202049284 CH:
FS n=64 fsseq=539612 buf=7 c0=0:24672224115065 c1=1:24672224620222 c2=2:24672224128919 c3=3:24672224526940 CH: 7/id7/k0 22/id6/k1 40/id8/k2 56/id8/k3
FS n=64 fsseq=539612 buf=7 c0=0:24672224115065 c1=1:24672224620222 c2=2:24672224128919 c3=3:24672224526940 CH:
FS n=64 fsseq=539612 buf=7 c0=0:24672224115065 c1=1:24672224620222 c2=2:24672224128919 c3=3:24672224526940 CH:
FS n=64 fsseq=538824 buf=11 c0=0:24672242029701 c1=1:24672242064649 c2=2:24672242105794 c3=3:24672242128034 CH: 11/id11/k0 19/id3/k1 45/id13/k2 57/id9/k3
FS n=64 fsseq=538824 buf=11 c0=0:24672242029701 c1=1:24672242064649 c2=2:24672242105794 c3=3:24672242128034 CH:
FS n=64 fsseq=538824 buf=11 c0=0:24672242029701 c1=1:24672242064649 c2=2:24672242105794 c3=3:24672242128034 CH: 45/id13/k2 57/id9/k3
FS n=64 fsseq=539613 buf=1 c0=0:24672264119857 c1=1:24672264621888 c2=2:24672264143972 c3=3:24672264524857 CH: 1/id1/k0 27/id11/k1 32/id0/k2 48/id0/k3
FS n=64 fsseq=539613 buf=1 c0=0:24672264119857 c1=1:24672264621888 c2=2:24672264143972 c3=3:24672264524857 CH: 27/id11/k1 32/id0/k2 48/id0/k3
FS n=64 fsseq=539613 buf=1 c0=0:24672264119857 c1=1:24672264621888 c2=2:24672264143972 c3=3:24672264524857 CH:
FS n=64 fsseq=538825 buf=13 c0=0:24672282031107 c1=1:24672282031419 c2=2:24672282066263 c3=3:24672282089857 CH: 13/id13/k0 21/id5/k1 46/id14/k2 60/id12/k3
FS n=64 fsseq=538825 buf=13 c0=0:24672282031107 c1=1:24672282031419 c2=2:24672282066263 c3=3:24672282089857 CH:
FS n=64 fsseq=538825 buf=13 c0=0:24672282031107 c1=1:24672282031419 c2=2:24672282066263 c3=3:24672282089857 CH:
FS n=64 fsseq=539614 buf=5 c0=0:24672304143607 c1=1:24672304620482 c2=2:24672304143607 c3=3:24672304535326 CH: 5/id5/k0 29/id13/k1 36/id4/k2 52/id4/k3
FS n=64 fsseq=539614 buf=5 c0=0:24672304143607 c1=1:24672304620482 c2=2:24672304143607 c3=3:24672304535326 CH:
FS n=64 fsseq=539614 buf=5 c0=0:24672304143607 c1=1:24672304620482 c2=2:24672304143607 c3=3:24672304535326 CH:
FS n=64 fsseq=538826 buf=15 c0=0:24672322014440 c1=1:24672322014701 c2=2:24672322035117 c3=3:24672322081628 CH: 15/id15/k0 20/id4/k1 38/id6/k2 62/id14/k3
FS n=64 fsseq=538826 buf=15 c0=0:24672322014440 c1=1:24672322014701 c2=2:24672322035117 c3=3:24672322081628 CH:
FS n=64 fsseq=538826 buf=15 c0=0:24672322014440 c1=1:24672322014701 c2=2:24672322035117 c3=3:24672322081628 CH:
FS n=64 fsseq=539615 buf=0 c0=0:24672344117930 c1=1:24672344623190 c2=2:24672344122096 c3=3:24672344529805 CH: 24/id8/k1 33/id1/k2 49/id1/k3
FS n=64 fsseq=539615 buf=0 c0=0:24672344117930 c1=1:24672344623190 c2=2:24672344122096 c3=3:24672344529805 CH: 24/id8/k1 33/id1/k2 49/id1/k3
FS n=64 fsseq=539615 buf=0 c0=0:24672344117930 c1=1:24672344623190 c2=2:24672344122096 c3=3:24672344529805 CH: 0/id0/k0
FS n=64 fsseq=538827 buf=2 c0=0:24672362026367 c1=1:24672362026367 c2=2:24672362098919 c3=3:24672362095846 CH: 2/id2/k0 25/id9/k1 41/id9/k2 54/id6/k3
FS n=64 fsseq=538827 buf=2 c0=0:24672362026367 c1=1:24672362026367 c2=2:24672362098919 c3=3:24672362095846 CH:
FS n=64 fsseq=538827 buf=2 c0=0:24672362026367 c1=1:24672362026367 c2=2:24672362098919 c3=3:24672362095846 CH:
FS n=64 fsseq=539616 buf=4 c0=0:24672384121419 c1=1:24672384622357 c2=2:24672384124649 c3=3:24672384531419 CH: 4/id4/k0 30/id14/k1 39/id7/k2 50/id2/k3
FS n=64 fsseq=539616 buf=4 c0=0:24672384121419 c1=1:24672384622357 c2=2:24672384124649 c3=3:24672384531419 CH:
FS n=64 fsseq=539616 buf=4 c0=0:24672384121419 c1=1:24672384622357 c2=2:24672384124649 c3=3:24672384531419 CH:
FS n=64 fsseq=538828 buf=12 c0=0:24672402063971 c1=1:24672402063971 c2=2:24672402122721 c3=3:24672402121576 CH: 12/id12/k0 26/id10/k1 43/id11/k2 58/id10/k3
FS n=64 fsseq=538828 buf=12 c0=0:24672402063971 c1=1:24672402063971 c2=2:24672402122721 c3=3:24672402121576 CH: 26/id10/k1
FS n=64 fsseq=538828 buf=12 c0=0:24672402063971 c1=1:24672402063971 c2=2:24672402122721 c3=3:24672402121576 CH: 26/id10/k1
FS n=64 fsseq=539617 buf=6 c0=0:24672424119857 c1=1:24672424622565 c2=2:24672424138190 c3=3:24672424524596 CH: 6/id6/k0 28/id12/k1 37/id5/k2 51/id3/k3
FS n=64 fsseq=539617 buf=6 c0=0:24672424119857 c1=1:24672424622565 c2=2:24672424138190 c3=3:24672424524596 CH:
FS n=64 fsseq=539617 buf=6 c0=0:24672424119857 c1=1:24672424622565 c2=2:24672424138190 c3=3:24672424524596 CH:
FS n=64 fsseq=538829 buf=14 c0=0:24672442016784 c1=1:24672442020846 c2=2:24672442073659 c3=3:24672442079805 CH: 14/id14/k0 23/id7/k1 47/id15/k2 61/id13/k3
FS n=64 fsseq=538829 buf=14 c0=0:24672442016784 c1=1:24672442020846 c2=2:24672442073659 c3=3:24672442079805 CH:
FS n=64 fsseq=538829 buf=14 c0=0:24672442016784 c1=1:24672442020846 c2=2:24672442073659 c3=3:24672442079805 CH: 61/id13/k3
FS n=64 fsseq=539618 buf=8 c0=0:24672464127149 c1=1:24672464630482 c2=2:24672464133919 c3=3:24672464540951 CH: 8/id8/k0 31/id15/k1 34/id2/k2 53/id5/k3
FS n=64 fsseq=539618 buf=8 c0=0:24672464127149 c1=1:24672464630482 c2=2:24672464133919 c3=3:24672464540951 CH:
FS n=64 fsseq=539618 buf=8 c0=0:24672464127149 c1=1:24672464630482 c2=2:24672464133919 c3=3:24672464540951 CH:
FS n=64 fsseq=538830 buf=9 c0=0:24672482015013 c1=1:24672482014961 c2=2:24672482038919 c3=3:24672482087774 CH: 9/id9/k0 16/id0/k1 42/id10/k2 63/id15/k3
FS n=64 fsseq=538830 buf=9 c0=0:24672482015013 c1=1:24672482014961 c2=2:24672482038919 c3=3:24672482087774 CH:
FS n=64 fsseq=538830 buf=9 c0=0:24672482015013 c1=1:24672482014961 c2=2:24672482038919 c3=3:24672482087774 CH: 9/id9/k0
FS n=64 fsseq=539619 buf=10 c0=0:24672504120742 c1=1:24672504627982 c2=2:24672504120794 c3=3:24672504531888 CH: 10/id10/k0 17/id1/k1 35/id3/k2 55/id7/k3
FS n=64 fsseq=539619 buf=10 c0=0:24672504120742 c1=1:24672504627982 c2=2:24672504120794 c3=3:24672504531888 CH:
FS n=64 fsseq=539619 buf=10 c0=0:24672504120742 c1=1:24672504627982 c2=2:24672504120794 c3=3:24672504531888 CH:
FS n=64 fsseq=538831 buf=3 c0=0:24672522012617 c1=1:24672522012565 c2=2:24672522034440 c3=3:24672522073034 CH: 3/id3/k0 18/id2/k1 44/id12/k2 59/id11/k3
FS n=64 fsseq=538831 buf=3 c0=0:24672522012617 c1=1:24672522012565 c2=2:24672522034440 c3=3:24672522073034 CH:
FS n=64 fsseq=538831 buf=3 c0=0:24672522012617 c1=1:24672522012565 c2=2:24672522034440 c3=3:24672522073034 CH:
FS n=64 fsseq=539620 buf=7 c0=0:24672544122565 c1=1:24672544622773 c2=2:24672544126419 c3=3:24672544531940 CH: 56/id8/k3
FS n=64 fsseq=539620 buf=7 c0=0:24672544122565 c1=1:24672544622773 c2=2:24672544126419 c3=3:24672544531940 CH: 7/id7/k0 22/id6/k1 40/id8/k2
FS n=64 fsseq=539620 buf=7 c0=0:24672544122565 c1=1:24672544622773 c2=2:24672544126419 c3=3:24672544531940 CH: 7/id7/k0 22/id6/k1 40/id8/k2 56/id8/k3
FS n=64 fsseq=538832 buf=11 c0=0:24672562028815 c1=1:24672562035846 c2=2:24672562062044 c3=3:24672562118919 CH:
FS n=64 fsseq=538832 buf=11 c0=0:24672562028815 c1=1:24672562035846 c2=2:24672562062044 c3=3:24672562118919 CH: 11/id11/k0 19/id3/k1 45/id13/k2 57/id9/k3
FS n=64 fsseq=538832 buf=11 c0=0:24672562028815 c1=1:24672562035846 c2=2:24672562062044 c3=3:24672562118919 CH:
FS n=64 fsseq=539621 buf=1 c0=0:24672584125846 c1=1:24672584624232 c2=2:24672584128503 c3=3:24672584535117 CH:
FS n=64 fsseq=539621 buf=1 c0=0:24672584125846 c1=1:24672584624232 c2=2:24672584128503 c3=3:24672584535117 CH: 1/id1/k0 27/id11/k1 32/id0/k2 48/id0/k3
FS n=64 fsseq=539621 buf=1 c0=0:24672584125846 c1=1:24672584624232 c2=2:24672584128503 c3=3:24672584535117 CH:
FS n=64 fsseq=538833 buf=13 c0=0:24672602011940 c1=1:24672602053555 c2=2:24672602070898 c3=3:24672602087461 CH: 13/id13/k0 21/id5/k1 46/id14/k2 60/id12/k3
FS n=64 fsseq=538833 buf=13 c0=0:24672602011940 c1=1:24672602053555 c2=2:24672602070898 c3=3:24672602087461 CH:
FS n=64 fsseq=538833 buf=13 c0=0:24672602011940 c1=1:24672602053555 c2=2:24672602070898 c3=3:24672602087461 CH:
FS n=64 fsseq=539622 buf=5 c0=0:24672624135482 c1=1:24672624632565 c2=2:24672624144805 c3=3:24672624534492 CH: 5/id5/k0 29/id13/k1 36/id4/k2 52/id4/k3
FS n=64 fsseq=539622 buf=5 c0=0:24672624135482 c1=1:24672624632565 c2=2:24672624144805 c3=3:24672624534492 CH:
FS n=64 fsseq=539622 buf=5 c0=0:24672624135482 c1=1:24672624632565 c2=2:24672624144805 c3=3:24672624534492 CH:
FS n=64 fsseq=538834 buf=15 c0=0:24672642020273 c1=1:24672642020482 c2=2:24672642038659 c3=3:24672642095065 CH:
FS n=64 fsseq=538834 buf=15 c0=0:24672642020273 c1=1:24672642020482 c2=2:24672642038659 c3=3:24672642095065 CH:
FS n=64 fsseq=538834 buf=15 c0=0:24672642020273 c1=1:24672642020482 c2=2:24672642038659 c3=3:24672642095065 CH: 15/id15/k0 20/id4/k1 38/id6/k2 62/id14/k3
FS n=64 fsseq=539623 buf=0 c0=0:24672664123971 c1=1:24672664623659 c2=2:24672664129440 c3=3:24672664534388 CH: 0/id0/k0 24/id8/k1 33/id1/k2 49/id1/k3
FS n=64 fsseq=539623 buf=0 c0=0:24672664123971 c1=1:24672664623659 c2=2:24672664129440 c3=3:24672664534388 CH:
FS n=64 fsseq=539623 buf=0 c0=0:24672664123971 c1=1:24672664623659 c2=2:24672664129440 c3=3:24672664534388 CH:
FS n=64 fsseq=538835 buf=2 c0=0:24672682030273 c1=1:24672682030013 c2=2:24672682100951 c3=3:24672682088711 CH:
FS n=64 fsseq=538835 buf=2 c0=0:24672682030273 c1=1:24672682030013 c2=2:24672682100951 c3=3:24672682088711 CH: 2/id2/k0 25/id9/k1 41/id9/k2 54/id6/k3
FS n=64 fsseq=538835 buf=2 c0=0:24672682030273 c1=1:24672682030013 c2=2:24672682100951 c3=3:24672682088711 CH:
FS n=64 fsseq=539624 buf=4 c0=0:24672704120638 c1=1:24672704630951 c2=2:24672704128971 c3=3:24672704536211 CH: 4/id4/k0 30/id14/k1 39/id7/k2 50/id2/k3
FS n=64 fsseq=539624 buf=4 c0=0:24672704120638 c1=1:24672704630951 c2=2:24672704128971 c3=3:24672704536211 CH:
FS n=64 fsseq=539624 buf=4 c0=0:24672704120638 c1=1:24672704630951 c2=2:24672704128971 c3=3:24672704536211 CH:
FS n=64 fsseq=538836 buf=12 c0=0:24672722050951 c1=1:24672722050951 c2=2:24672722092513 c3=3:24672722131992 CH: 12/id12/k0 26/id10/k1 43/id11/k2 58/id10/k3
FS n=64 fsseq=538836 buf=12 c0=0:24672722050951 c1=1:24672722050951 c2=2:24672722092513 c3=3:24672722131992 CH: 43/id11/k2 58/id10/k3
FS n=64 fsseq=538836 buf=12 c0=0:24672722050951 c1=1:24672722050951 c2=2:24672722092513 c3=3:24672722131992 CH: 12/id12/k0 26/id10/k1
FS n=64 fsseq=539625 buf=6 c0=0:24672744127565 c1=1:24672744630586 c2=2:24672744130117 c3=3:24672744532930 CH:
FS n=64 fsseq=539625 buf=6 c0=0:24672744127565 c1=1:24672744630586 c2=2:24672744130117 c3=3:24672744532930 CH: 6/id6/k0 28/id12/k1 37/id5/k2 51/id3/k3
FS n=64 fsseq=539625 buf=6 c0=0:24672744127565 c1=1:24672744630586 c2=2:24672744130117 c3=3:24672744532930 CH:
FS n=64 fsseq=538837 buf=14 c0=0:24672762018450 c1=1:24672762018242 c2=2:24672762039544 c3=3:24672762079961 CH: 14/id14/k0 23/id7/k1 47/id15/k2 61/id13/k3
FS n=64 fsseq=538837 buf=14 c0=0:24672762018450 c1=1:24672762018242 c2=2:24672762039544 c3=3:24672762079961 CH:
FS n=64 fsseq=538837 buf=14 c0=0:24672762018450 c1=1:24672762018242 c2=2:24672762039544 c3=3:24672762079961 CH:
FS n=64 fsseq=539626 buf=8 c0=0:24672784126419 c1=1:24672784635586 c2=2:24672784126367 c3=3:24672784537930 CH: 8/id8/k0 31/id15/k1 34/id2/k2 53/id5/k3
FS n=64 fsseq=539626 buf=8 c0=0:24672784126419 c1=1:24672784635586 c2=2:24672784126367 c3=3:24672784537930 CH: 8/id8/k0
FS n=64 fsseq=539626 buf=8 c0=0:24672784126419 c1=1:24672784635586 c2=2:24672784126367 c3=3:24672784537930 CH:
FS n=64 fsseq=538838 buf=9 c0=0:24672802019648 c1=1:24672802019648 c2=2:24672802103815 c3=3:24672802086523 CH: 9/id9/k0 16/id0/k1 42/id10/k2 63/id15/k3
FS n=64 fsseq=538838 buf=9 c0=0:24672802019648 c1=1:24672802019648 c2=2:24672802103815 c3=3:24672802086523 CH:
FS n=64 fsseq=538838 buf=9 c0=0:24672802019648 c1=1:24672802019648 c2=2:24672802103815 c3=3:24672802086523 CH:
FS n=64 fsseq=539627 buf=10 c0=0:24672824127253 c1=1:24672824641159 c2=2:24672824134128 c3=3:24672824537305 CH: 10/id10/k0 17/id1/k1 55/id7/k3
FS n=64 fsseq=539627 buf=10 c0=0:24672824127253 c1=1:24672824641159 c2=2:24672824134128 c3=3:24672824537305 CH: 10/id10/k0 17/id1/k1 55/id7/k3
FS n=64 fsseq=539627 buf=10 c0=0:24672824127253 c1=1:24672824641159 c2=2:24672824134128 c3=3:24672824537305 CH: 17/id1/k1 35/id3/k2 55/id7/k3
FS n=64 fsseq=538839 buf=3 c0=0:24672842029648 c1=1:24672842066419 c2=2:24672842120638 c3=3:24672842143555 CH: 3/id3/k0
FS n=64 fsseq=538839 buf=3 c0=0:24672842029648 c1=1:24672842066419 c2=2:24672842120638 c3=3:24672842143555 CH: 3/id3/k0 18/id2/k1 44/id12/k2 59/id11/k3
FS n=64 fsseq=538839 buf=3 c0=0:24672842029648 c1=1:24672842066419 c2=2:24672842120638 c3=3:24672842143555 CH: 3/id3/k0
FS n=64 fsseq=539628 buf=7 c0=0:24672864138398 c1=1:24672864624596 c2=2:24672864155482 c3=3:24672864537200 CH: 22/id6/k1 40/id8/k2 56/id8/k3
FS n=64 fsseq=539628 buf=7 c0=0:24672864138398 c1=1:24672864624596 c2=2:24672864155482 c3=3:24672864537200 CH: 7/id7/k0 56/id8/k3
FS n=64 fsseq=539628 buf=7 c0=0:24672864138398 c1=1:24672864624596 c2=2:24672864155482 c3=3:24672864537200 CH:
FS n=64 fsseq=538840 buf=11 c0=0:24672882044075 c1=1:24672882043919 c2=2:24672882080221 c3=3:24672882133450 CH: 11/id11/k0 19/id3/k1 45/id13/k2 57/id9/k3
FS n=64 fsseq=538840 buf=11 c0=0:24672882044075 c1=1:24672882043919 c2=2:24672882080221 c3=3:24672882133450 CH:
FS n=64 fsseq=538840 buf=11 c0=0:24672882044075 c1=1:24672882043919 c2=2:24672882080221 c3=3:24672882133450 CH:
FS n=64 fsseq=539629 buf=1 c0=0:24672904136107 c1=1:24672904634232 c2=2:24672904136003 c3=3:24672904538867 CH: 1/id1/k0 27/id11/k1 32/id0/k2 48/id0/k3
FS n=64 fsseq=539629 buf=1 c0=0:24672904136107 c1=1:24672904634232 c2=2:24672904136003 c3=3:24672904538867 CH:
FS n=64 fsseq=539629 buf=1 c0=0:24672904136107 c1=1:24672904634232 c2=2:24672904136003 c3=3:24672904538867 CH:
FS n=64 fsseq=538841 buf=13 c0=0:24672922020638 c1=1:24672922020638 c2=2:24672922042044 c3=3:24672922082253 CH: 13/id13/k0 21/id5/k1 46/id14/k2 60/id12/k3 63/id15/k3
FS n=64 fsseq=538841 buf=13 c0=0:24672922020638 c1=1:24672922020638 c2=2:24672922042044 c3=3:24672922082253 CH:
FS n=64 fsseq=538841 buf=13 c0=0:24672922020638 c1=1:24672922020638 c2=2:24672922042044 c3=3:24672922082253 CH:
FS n=64 fsseq=539630 buf=5 c0=0:24672944129544 c1=1:24672944641159 c2=2:24672944131575 c3=3:24672944554596 CH: 5/id5/k0 29/id13/k1 36/id4/k2 52/id4/k3
FS n=64 fsseq=539630 buf=5 c0=0:24672944129544 c1=1:24672944641159 c2=2:24672944131575 c3=3:24672944554596 CH:
FS n=64 fsseq=539630 buf=5 c0=0:24672944129544 c1=1:24672944641159 c2=2:24672944131575 c3=3:24672944554596 CH:
FS n=64 fsseq=538842 buf=15 c0=0:24672962026940 c1=1:24672962030169 c2=2:24672962085742 c3=3:24672962092773 CH: 15/id15/k0 20/id4/k1 38/id6/k2 62/id14/k3
FS n=64 fsseq=538842 buf=15 c0=0:24672962026940 c1=1:24672962030169 c2=2:24672962085742 c3=3:24672962092773 CH:
FS n=64 fsseq=538842 buf=15 c0=0:24672962026940 c1=1:24672962030169 c2=2:24672962085742 c3=3:24672962092773 CH:
FS n=64 fsseq=539631 buf=0 c0=0:24672984127825 c1=1:24672984633607 c2=2:24672984138294 c3=3:24672984542200 CH: 0/id0/k0 24/id8/k1 33/id1/k2 49/id1/k3
FS n=64 fsseq=539631 buf=0 c0=0:24672984127825 c1=1:24672984633607 c2=2:24672984138294 c3=3:24672984542200 CH:
FS n=64 fsseq=539631 buf=0 c0=0:24672984127825 c1=1:24672984633607 c2=2:24672984138294 c3=3:24672984542200 CH:
FS n=64 fsseq=538843 buf=2 c0=0:24673002018711 c1=1:24673002018711 c2=2:24673002047513 c3=3:24673002081315 CH: 2/id2/k0 25/id9/k1 41/id9/k2 54/id6/k3
FS n=64 fsseq=538843 buf=2 c0=0:24673002018711 c1=1:24673002018711 c2=2:24673002047513 c3=3:24673002081315 CH:
FS n=64 fsseq=538843 buf=2 c0=0:24673002018711 c1=1:24673002018711 c2=2:24673002047513 c3=3:24673002081315 CH:
FS n=64 fsseq=539632 buf=4 c0=0:24673024126784 c1=1:24673024631784 c2=2:24673024131002 c3=3:24673024540325 CH: 4/id4/k0 30/id14/k1 39/id7/k2 50/id2/k3
FS n=64 fsseq=539632 buf=4 c0=0:24673024126784 c1=1:24673024631784 c2=2:24673024131002 c3=3:24673024540325 CH:
FS n=64 fsseq=539632 buf=4 c0=0:24673024126784 c1=1:24673024631784 c2=2:24673024131002 c3=3:24673024540325 CH:
FS n=64 fsseq=538844 buf=12 c0=0:24673042056992 c1=1:24673042057513 c2=2:24673042100534 c3=3:24673042147461 CH: 12/id12/k0 26/id10/k1 43/id11/k2 58/id10/k3
FS n=64 fsseq=538844 buf=12 c0=0:24673042056992 c1=1:24673042057513 c2=2:24673042100534 c3=3:24673042147461 CH:
FS n=64 fsseq=538844 buf=12 c0=0:24673042056992 c1=1:24673042057513 c2=2:24673042100534 c3=3:24673042147461 CH:
FS n=64 fsseq=539633 buf=6 c0=0:24673064127825 c1=1:24673064636002 c2=2:24673064128190 c3=3:24673064541992 CH: 6/id6/k0 28/id12/k1 37/id5/k2 51/id3/k3
FS n=64 fsseq=539633 buf=6 c0=0:24673064127825 c1=1:24673064636002 c2=2:24673064128190 c3=3:24673064541992 CH:
FS n=64 fsseq=539633 buf=6 c0=0:24673064127825 c1=1:24673064636002 c2=2:24673064128190 c3=3:24673064541992 CH:
FS n=64 fsseq=538845 buf=14 c0=0:24673082030742 c1=1:24673082030950 c2=2:24673082084700 c3=3:24673082091627 CH: 14/id14/k0 23/id7/k1 47/id15/k2 61/id13/k3
FS n=64 fsseq=538845 buf=14 c0=0:24673082030742 c1=1:24673082030950 c2=2:24673082084700 c3=3:24673082091627 CH:
FS n=64 fsseq=538845 buf=14 c0=0:24673082030742 c1=1:24673082030950 c2=2:24673082084700 c3=3:24673082091627 CH:
FS n=64 fsseq=539634 buf=8 c0=0:24673104148086 c1=1:24673104638242 c2=2:24673104151159 c3=3:24673104548711 CH: 8/id8/k0 31/id15/k1 34/id2/k2 53/id5/k3
FS n=64 fsseq=539634 buf=8 c0=0:24673104148086 c1=1:24673104638242 c2=2:24673104151159 c3=3:24673104548711 CH:
FS n=64 fsseq=539634 buf=8 c0=0:24673104148086 c1=1:24673104638242 c2=2:24673104151159 c3=3:24673104548711 CH:
FS n=64 fsseq=538846 buf=9 c0=0:24673122024909 c1=1:24673122024752 c2=2:24673122046471 c3=3:24673122102825 CH: 9/id9/k0 16/id0/k1 42/id10/k2 63/id15/k3
FS n=64 fsseq=538846 buf=9 c0=0:24673122024909 c1=1:24673122024752 c2=2:24673122046471 c3=3:24673122102825 CH: 63/id15/k3
FS n=64 fsseq=538846 buf=9 c0=0:24673122024909 c1=1:24673122024752 c2=2:24673122046471 c3=3:24673122102825 CH: 9/id9/k0 63/id15/k3
FS n=64 fsseq=539635 buf=10 c0=0:24673144126523 c1=1:24673144639857 c2=2:24673144126575 c3=3:24673144541940 CH: 10/id10/k0 17/id1/k1 35/id3/k2 55/id7/k3
FS n=64 fsseq=539635 buf=10 c0=0:24673144126523 c1=1:24673144639857 c2=2:24673144126575 c3=3:24673144541940 CH: 10/id10/k0
FS n=64 fsseq=539635 buf=10 c0=0:24673144126523 c1=1:24673144639857 c2=2:24673144126575 c3=3:24673144541940 CH:
FS n=64 fsseq=538847 buf=3 c0=0:24673162037252 c1=1:24673162037513 c2=2:24673162070742 c3=3:24673162096940 CH: 3/id3/k0 18/id2/k1 44/id12/k2 59/id11/k3
FS n=64 fsseq=538847 buf=3 c0=0:24673162037252 c1=1:24673162037513 c2=2:24673162070742 c3=3:24673162096940 CH:
FS n=64 fsseq=538847 buf=3 c0=0:24673162037252 c1=1:24673162037513 c2=2:24673162070742 c3=3:24673162096940 CH:
FS n=64 fsseq=539636 buf=7 c0=0:24673184131471 c1=1:24673184635482 c2=2:24673184135482 c3=3:24673184540794 CH: 7/id7/k0 22/id6/k1 40/id8/k2 56/id8/k3
FS n=64 fsseq=539636 buf=7 c0=0:24673184131471 c1=1:24673184635482 c2=2:24673184135482 c3=3:24673184540794 CH:
FS n=64 fsseq=539636 buf=7 c0=0:24673184131471 c1=1:24673184635482 c2=2:24673184135482 c3=3:24673184540794 CH:
FS n=64 fsseq=538848 buf=11 c0=0:24673202039075 c1=1:24673202108919 c2=2:24673202080690 c3=3:24673202124909 CH:
FS n=64 fsseq=538848 buf=11 c0=0:24673202039075 c1=1:24673202108919 c2=2:24673202080690 c3=3:24673202124909 CH: 11/id11/k0 19/id3/k1 45/id13/k2 57/id9/k3
FS n=64 fsseq=538848 buf=11 c0=0:24673202039075 c1=1:24673202108919 c2=2:24673202080690 c3=3:24673202124909 CH:
FS n=64 fsseq=539637 buf=1 c0=0:24673224160377 c1=1:24673224639388 c2=2:24673224181211 c3=3:24673224540638 CH: 1/id1/k0 27/id11/k1 32/id0/k2 48/id0/k3
FS n=64 fsseq=539637 buf=1 c0=0:24673224160377 c1=1:24673224639388 c2=2:24673224181211 c3=3:24673224540638 CH:
FS n=64 fsseq=539637 buf=1 c0=0:24673224160377 c1=1:24673224639388 c2=2:24673224181211 c3=3:24673224540638 CH:
FS n=64 fsseq=538849 buf=13 c0=0:24673242023815 c1=1:24673242029023 c2=2:24673242050638 c3=3:24673242084284 CH: 13/id13/k0 21/id5/k1 46/id14/k2 60/id12/k3
FS n=64 fsseq=538849 buf=13 c0=0:24673242023815 c1=1:24673242029023 c2=2:24673242050638 c3=3:24673242084284 CH: 60/id12/k3
FS n=64 fsseq=538849 buf=13 c0=0:24673242023815 c1=1:24673242029023 c2=2:24673242050638 c3=3:24673242084284 CH: 60/id12/k3
FS n=64 fsseq=539638 buf=5 c0=0:24673264128763 c1=1:24673264652461 c2=2:24673264133554 c3=3:24673264542200 CH: 5/id5/k0 29/id13/k1 36/id4/k2 52/id4/k3
FS n=64 fsseq=539638 buf=5 c0=0:24673264128763 c1=1:24673264652461 c2=2:24673264133554 c3=3:24673264542200 CH:
FS n=64 fsseq=539638 buf=5 c0=0:24673264128763 c1=1:24673264652461 c2=2:24673264133554 c3=3:24673264542200 CH:
FS n=64 fsseq=538850 buf=15 c0=0:24673282036523 c1=1:24673282036679 c2=2:24673282094648 c3=3:24673282092565 CH:
FS n=64 fsseq=538850 buf=15 c0=0:24673282036523 c1=1:24673282036679 c2=2:24673282094648 c3=3:24673282092565 CH:
FS n=64 fsseq=538850 buf=15 c0=0:24673282036523 c1=1:24673282036679 c2=2:24673282094648 c3=3:24673282092565 CH: 15/id15/k0 20/id4/k1 38/id6/k2 62/id14/k3
FS n=64 fsseq=539639 buf=0 c0=0:24673304131315 c1=1:24673304638294 c2=2:24673304141471 c3=3:24673304543502 CH: 0/id0/k0 24/id8/k1 33/id1/k2 49/id1/k3
FS n=64 fsseq=539639 buf=0 c0=0:24673304131315 c1=1:24673304638294 c2=2:24673304141471 c3=3:24673304543502 CH:
FS n=64 fsseq=539639 buf=0 c0=0:24673304131315 c1=1:24673304638294 c2=2:24673304141471 c3=3:24673304543502 CH:
FS n=64 fsseq=538851 buf=2 c0=0:24673322036940 c1=1:24673322039075 c2=2:24673322066627 c3=3:24673322109179 CH: 2/id2/k0 25/id9/k1 41/id9/k2 54/id6/k3
FS n=64 fsseq=538851 buf=2 c0=0:24673322036940 c1=1:24673322039075 c2=2:24673322066627 c3=3:24673322109179 CH:
FS n=64 fsseq=538851 buf=2 c0=0:24673322036940 c1=1:24673322039075 c2=2:24673322066627 c3=3:24673322109179 CH:
FS n=64 fsseq=539640 buf=4 c0=0:24673344142565 c1=1:24673344639700 c2=2:24673344142773 c3=3:24673344545221 CH: 4/id4/k0 30/id14/k1 39/id7/k2 50/id2/k3
FS n=64 fsseq=539640 buf=4 c0=0:24673344142565 c1=1:24673344639700 c2=2:24673344142773 c3=3:24673344545221 CH:
FS n=64 fsseq=539640 buf=4 c0=0:24673344142565 c1=1:24673344639700 c2=2:24673344142773 c3=3:24673344545221 CH:
FS n=64 fsseq=538852 buf=12 c0=0:24673362032200 c1=1:24673362032461 c2=2:24673362057357 c3=3:24673362101367 CH: 12/id12/k0 26/id10/k1
FS n=64 fsseq=538852 buf=12 c0=0:24673362032200 c1=1:24673362032461 c2=2:24673362057357 c3=3:24673362101367 CH: 43/id11/k2 58/id10/k3
FS n=64 fsseq=538852 buf=12 c0=0:24673362032200 c1=1:24673362032461 c2=2:24673362057357 c3=3:24673362101367 CH: 12/id12/k0 26/id10/k1
FS n=64 fsseq=539641 buf=6 c0=0:24673384140690 c1=1:24673384640690 c2=2:24673384143659 c3=3:24673384548190 CH:
FS n=64 fsseq=539641 buf=6 c0=0:24673384140690 c1=1:24673384640690 c2=2:24673384143659 c3=3:24673384548190 CH: 6/id6/k0 28/id12/k1 37/id5/k2 51/id3/k3
FS n=64 fsseq=539641 buf=6 c0=0:24673384140690 c1=1:24673384640690 c2=2:24673384143659 c3=3:24673384548190 CH: 6/id6/k0 28/id12/k1 37/id5/k2 51/id3/k3
FS n=64 fsseq=538853 buf=14 c0=0:24673402091679 c1=1:24673402058919 c2=2:24673402063346 c3=3:24673402101054 CH: 14/id14/k0 23/id7/k1 47/id15/k2 61/id13/k3
FS n=64 fsseq=538853 buf=14 c0=0:24673402091679 c1=1:24673402058919 c2=2:24673402063346 c3=3:24673402101054 CH:
FS n=64 fsseq=538853 buf=14 c0=0:24673402091679 c1=1:24673402058919 c2=2:24673402063346 c3=3:24673402101054 CH:
FS n=64 fsseq=539642 buf=8 c0=0:24673424149700 c1=1:24673424640638 c2=2:24673424149648 c3=3:24673424548711 CH: 8/id8/k0 31/id15/k1 34/id2/k2 53/id5/k3
FS n=64 fsseq=539642 buf=8 c0=0:24673424149700 c1=1:24673424640638 c2=2:24673424149648 c3=3:24673424548711 CH:
FS n=64 fsseq=539642 buf=8 c0=0:24673424149700 c1=1:24673424640638 c2=2:24673424149648 c3=3:24673424548711 CH:
FS n=64 fsseq=538854 buf=9 c0=0:24673442029179 c1=1:24673442029179 c2=2:24673442054336 c3=3:24673442095534 CH: 9/id9/k0 16/id0/k1 42/id10/k2 63/id15/k3
FS n=64 fsseq=538854 buf=9 c0=0:24673442029179 c1=1:24673442029179 c2=2:24673442054336 c3=3:24673442095534 CH:
FS n=64 fsseq=538854 buf=9 c0=0:24673442029179 c1=1:24673442029179 c2=2:24673442054336 c3=3:24673442095534 CH:
FS n=64 fsseq=539643 buf=10 c0=0:24673464132356 c1=1:24673464640013 c2=2:24673464137669 c3=3:24673464550013 CH: 10/id10/k0 17/id1/k1 35/id3/k2 55/id7/k3
FS n=64 fsseq=539643 buf=10 c0=0:24673464132356 c1=1:24673464640013 c2=2:24673464137669 c3=3:24673464550013 CH:
FS n=64 fsseq=539643 buf=10 c0=0:24673464132356 c1=1:24673464640013 c2=2:24673464137669 c3=3:24673464550013 CH:
FS n=64 fsseq=538855 buf=3 c0=0:24673482037148 c1=1:24673482037148 c2=2:24673482058294 c3=3:24673482084284 CH: 3/id3/k0 18/id2/k1 44/id12/k2 59/id11/k3
FS n=64 fsseq=538855 buf=3 c0=0:24673482037148 c1=1:24673482037148 c2=2:24673482058294 c3=3:24673482084284 CH:
FS n=64 fsseq=538855 buf=3 c0=0:24673482037148 c1=1:24673482037148 c2=2:24673482058294 c3=3:24673482084284 CH: 59/id11/k3
FS n=64 fsseq=539644 buf=7 c0=0:24673504133606 c1=1:24673504640221 c2=2:24673504137304 c3=3:24673504547877 CH: 7/id7/k0 22/id6/k1 40/id8/k2 56/id8/k3
FS n=64 fsseq=539644 buf=7 c0=0:24673504133606 c1=1:24673504640221 c2=2:24673504137304 c3=3:24673504547877 CH:
FS n=64 fsseq=539644 buf=7 c0=0:24673504133606 c1=1:24673504640221 c2=2:24673504137304 c3=3:24673504547877 CH:
FS n=64 fsseq=538856 buf=11 c0=0:24673522030013 c1=1:24673522031106 c2=2:24673522052825 c3=3:24673522091992 CH: 11/id11/k0 19/id3/k1 45/id13/k2 57/id9/k3
FS n=64 fsseq=538856 buf=11 c0=0:24673522030013 c1=1:24673522031106 c2=2:24673522052825 c3=3:24673522091992 CH: 19/id3/k1
FS n=64 fsseq=538856 buf=11 c0=0:24673522030013 c1=1:24673522031106 c2=2:24673522052825 c3=3:24673522091992 CH:
FS n=64 fsseq=539645 buf=1 c0=0:24673544144544 c1=1:24673544642200 c2=2:24673544184804 c3=3:24673544562773 CH: 1/id1/k0 27/id11/k1 32/id0/k2 48/id0/k3
FS n=64 fsseq=539645 buf=1 c0=0:24673544144544 c1=1:24673544642200 c2=2:24673544184804 c3=3:24673544562773 CH:
FS n=64 fsseq=539645 buf=1 c0=0:24673544144544 c1=1:24673544642200 c2=2:24673544184804 c3=3:24673544562773 CH: 48/id0/k3
FS n=64 fsseq=538857 buf=13 c0=0:24673562028711 c1=1:24673562029752 c2=2:24673562061263 c3=3:24673562105169 CH: 13/id13/k0 21/id5/k1 46/id14/k2 60/id12/k3
FS n=64 fsseq=538857 buf=13 c0=0:24673562028711 c1=1:24673562029752 c2=2:24673562061263 c3=3:24673562105169 CH:
FS n=64 fsseq=538857 buf=13 c0=0:24673562028711 c1=1:24673562029752 c2=2:24673562061263 c3=3:24673562105169 CH:
FS n=64 fsseq=539646 buf=5 c0=0:24673584134075 c1=1:24673584644284 c2=2:24673584141106 c3=3:24673584547825 CH: 5/id5/k0 29/id13/k1 36/id4/k2 52/id4/k3
FS n=64 fsseq=539646 buf=5 c0=0:24673584134075 c1=1:24673584644284 c2=2:24673584141106 c3=3:24673584547825 CH:
FS n=64 fsseq=539646 buf=5 c0=0:24673584134075 c1=1:24673584644284 c2=2:24673584141106 c3=3:24673584547825 CH:
FS n=64 fsseq=538858 buf=15 c0=0:24673602030221 c1=1:24673602031575 c2=2:24673602051315 c3=3:24673602094388 CH: 15/id15/k0 20/id4/k1 38/id6/k2 62/id14/k3
FS n=64 fsseq=538858 buf=15 c0=0:24673602030221 c1=1:24673602031575 c2=2:24673602051315 c3=3:24673602094388 CH:
FS n=64 fsseq=538858 buf=15 c0=0:24673602030221 c1=1:24673602031575 c2=2:24673602051315 c3=3:24673602094388 CH:
FS n=64 fsseq=539647 buf=0 c0=0:24673624133867 c1=1:24673624640586 c2=2:24673624135534 c3=3:24673624548346 CH: 0/id0/k0 24/id8/k1 33/id1/k2 49/id1/k3
FS n=64 fsseq=539647 buf=0 c0=0:24673624133867 c1=1:24673624640586 c2=2:24673624135534 c3=3:24673624548346 CH:
FS n=64 fsseq=539647 buf=0 c0=0:24673624133867 c1=1:24673624640586 c2=2:24673624135534 c3=3:24673624548346 CH: 49/id1/k3
FS n=64 fsseq=538859 buf=2 c0=0:24673642067773 c1=1:24673642089336 c2=2:24673642089075 c3=3:24673642145638 CH: 25/id9/k1 41/id9/k2 54/id6/k3
FS n=64 fsseq=538859 buf=2 c0=0:24673642067773 c1=1:24673642089336 c2=2:24673642089075 c3=3:24673642145638 CH: 2/id2/k0 54/id6/k3
FS n=64 fsseq=538859 buf=2 c0=0:24673642067773 c1=1:24673642089336 c2=2:24673642089075 c3=3:24673642145638 CH: 5/id5/k0
FS n=64 fsseq=539648 buf=4 c0=0:24673664137304 c1=1:24673664644440 c2=2:24673664141783 c3=3:24673664547981 CH:
FS n=64 fsseq=539648 buf=4 c0=0:24673664137304 c1=1:24673664644440 c2=2:24673664141783 c3=3:24673664547981 CH: 30/id14/k1 39/id7/k2 50/id2/k3
FS n=64 fsseq=539648 buf=4 c0=0:24673664137304 c1=1:24673664644440 c2=2:24673664141783 c3=3:24673664547981 CH: 4/id4/k0
FS n=64 fsseq=538860 buf=12 c0=0:24673682042825 c1=1:24673682044544 c2=2:24673682064700 c3=3:24673682103554 CH:
FS n=64 fsseq=538860 buf=12 c0=0:24673682042825 c1=1:24673682044544 c2=2:24673682064700 c3=3:24673682103554 CH: 12/id12/k0 26/id10/k1 43/id11/k2 58/id10/k3
FS n=64 fsseq=538860 buf=12 c0=0:24673682042825 c1=1:24673682044544 c2=2:24673682064700 c3=3:24673682103554 CH:
FS n=64 fsseq=539649 buf=6 c0=0:24673704149648 c1=1:24673704643033 c2=2:24673704150898 c3=3:24673704610429 CH: 6/id6/k0 28/id12/k1 37/id5/k2 51/id3/k3
FS n=64 fsseq=539649 buf=6 c0=0:24673704149648 c1=1:24673704643033 c2=2:24673704150898 c3=3:24673704610429 CH: 28/id12/k1 37/id5/k2 51/id3/k3
FS n=64 fsseq=539649 buf=6 c0=0:24673704149648 c1=1:24673704643033 c2=2:24673704150898 c3=3:24673704610429 CH:
FS n=64 fsseq=538861 buf=14 c0=0:24673722030742 c1=1:24673722030846 c2=2:24673722059804 c3=3:24673722105586 CH: 14/id14/k0 23/id7/k1 47/id15/k2 61/id13/k3
FS n=64 fsseq=538861 buf=14 c0=0:24673722030742 c1=1:24673722030846 c2=2:24673722059804 c3=3:24673722105586 CH:
FS n=64 fsseq=538861 buf=14 c0=0:24673722030742 c1=1:24673722030846 c2=2:24673722059804 c3=3:24673722105586 CH:
FS n=64 fsseq=539650 buf=8 c0=0:24673744136263 c1=1:24673744667773 c2=2:24673744140690 c3=3:24673744574440 CH: 8/id8/k0 31/id15/k1 34/id2/k2 53/id5/k3
FS n=64 fsseq=539650 buf=8 c0=0:24673744136263 c1=1:24673744667773 c2=2:24673744140690 c3=3:24673744574440 CH: 53/id5/k3
FS n=64 fsseq=539650 buf=8 c0=0:24673744136263 c1=1:24673744667773 c2=2:24673744140690 c3=3:24673744574440 CH:
FS n=64 fsseq=538862 buf=9 c0=0:24673762033502 c1=1:24673762033346 c2=2:24673762056940 c3=3:24673762095533 CH: 16/id0/k1 42/id10/k2
FS n=64 fsseq=538862 buf=9 c0=0:24673762033502 c1=1:24673762033346 c2=2:24673762056940 c3=3:24673762095533 CH: 9/id9/k0 16/id0/k1 42/id10/k2 63/id15/k3
FS n=64 fsseq=538862 buf=9 c0=0:24673762033502 c1=1:24673762033346 c2=2:24673762056940 c3=3:24673762095533 CH: 9/id9/k0 63/id15/k3
FS n=64 fsseq=539651 buf=10 c0=0:24673784142408 c1=1:24673784644283 c2=2:24673784142408 c3=3:24673784550481 CH: 10/id10/k0 17/id1/k1 35/id3/k2 55/id7/k3
FS n=64 fsseq=539651 buf=10 c0=0:24673784142408 c1=1:24673784644283 c2=2:24673784142408 c3=3:24673784550481 CH: 10/id10/k0 17/id1/k1 55/id7/k3
FS n=64 fsseq=539651 buf=10 c0=0:24673784142408 c1=1:24673784644283 c2=2:24673784142408 c3=3:24673784550481 CH:
FS n=64 fsseq=538863 buf=3 c0=0:24673802040429 c1=1:24673802040117 c2=2:24673802147096 c3=3:24673802116888 CH:
FS n=64 fsseq=538863 buf=3 c0=0:24673802040429 c1=1:24673802040117 c2=2:24673802147096 c3=3:24673802116888 CH: 3/id3/k0 18/id2/k1 44/id12/k2 59/id11/k3
FS n=64 fsseq=538863 buf=3 c0=0:24673802040429 c1=1:24673802040117 c2=2:24673802147096 c3=3:24673802116888 CH: 18/id2/k1
FS n=64 fsseq=539652 buf=7 c0=0:24673824137565 c1=1:24673824644544 c2=2:24673824137565 c3=3:24673824551679 CH: 7/id7/k0 22/id6/k1 40/id8/k2 56/id8/k3
FS n=64 fsseq=539652 buf=7 c0=0:24673824137565 c1=1:24673824644544 c2=2:24673824137565 c3=3:24673824551679 CH:
FS n=64 fsseq=539652 buf=7 c0=0:24673824137565 c1=1:24673824644544 c2=2:24673824137565 c3=3:24673824551679 CH:
FS n=64 fsseq=538864 buf=11 c0=0:24673842077773 c1=1:24673842077773 c2=2:24673842121523 c3=3:24673842136575 CH:
FS n=64 fsseq=538864 buf=11 c0=0:24673842077773 c1=1:24673842077773 c2=2:24673842121523 c3=3:24673842136575 CH: 11/id11/k0 19/id3/k1 45/id13/k2 57/id9/k3
FS n=64 fsseq=538864 buf=11 c0=0:24673842077773 c1=1:24673842077773 c2=2:24673842121523 c3=3:24673842136575 CH:
FS n=64 fsseq=539653 buf=1 c0=0:24673864180377 c1=1:24673864653763 c2=2:24673864180585 c3=3:24673864563033 CH: 1/id1/k0 3/id3/k0 27/id11/k1 32/id0/k2 48/id0/k3
FS n=64 fsseq=539653 buf=1 c0=0:24673864180377 c1=1:24673864653763 c2=2:24673864180585 c3=3:24673864563033 CH:
FS n=64 fsseq=539653 buf=1 c0=0:24673864180377 c1=1:24673864653763 c2=2:24673864180585 c3=3:24673864563033 CH:
FS n=64 fsseq=538865 buf=13 c0=0:24673882037304 c1=1:24673882037252 c2=2:24673882090065 c3=3:24673882095638 CH: 13/id13/k0 21/id5/k1 46/id14/k2 60/id12/k3
FS n=64 fsseq=538865 buf=13 c0=0:24673882037304 c1=1:24673882037252 c2=2:24673882090065 c3=3:24673882095638 CH:
FS n=64 fsseq=538865 buf=13 c0=0:24673882037304 c1=1:24673882037252 c2=2:24673882090065 c3=3:24673882095638 CH:
FS n=64 fsseq=539654 buf=5 c0=0:24673904141471 c1=1:24673904660794 c2=2:24673904147044 c3=3:24673904551315 CH: 5/id5/k0 29/id13/k1 36/id4/k2 52/id4/k3
FS n=64 fsseq=539654 buf=5 c0=0:24673904141471 c1=1:24673904660794 c2=2:24673904147044 c3=3:24673904551315 CH:
FS n=64 fsseq=539654 buf=5 c0=0:24673904141471 c1=1:24673904660794 c2=2:24673904147044 c3=3:24673904551315 CH:
FS n=64 fsseq=538866 buf=15 c0=0:24673922041419 c1=1:24673922041367 c2=2:24673922123919 c3=3:24673922102200 CH: 15/id15/k0 20/id4/k1 38/id6/k2 62/id14/k3
FS n=64 fsseq=538866 buf=15 c0=0:24673922041419 c1=1:24673922041367 c2=2:24673922123919 c3=3:24673922102200 CH:
FS n=64 fsseq=538866 buf=15 c0=0:24673922041419 c1=1:24673922041367 c2=2:24673922123919 c3=3:24673922102200 CH:
FS n=64 fsseq=539655 buf=0 c0=0:24673944139127 c1=1:24673944645273 c2=2:24673944145585 c3=3:24673944547669 CH: 0/id0/k0 24/id8/k1 33/id1/k2 49/id1/k3
FS n=64 fsseq=539655 buf=0 c0=0:24673944139127 c1=1:24673944645273 c2=2:24673944145585 c3=3:24673944547669 CH:
FS n=64 fsseq=539655 buf=0 c0=0:24673944139127 c1=1:24673944645273 c2=2:24673944145585 c3=3:24673944547669 CH:
FS n=64 fsseq=538867 buf=2 c0=0:24673962071158 c1=1:24673962071158 c2=2:24673962098606 c3=3:24673962151575 CH:
FS n=64 fsseq=538867 buf=2 c0=0:24673962071158 c1=1:24673962071158 c2=2:24673962098606 c3=3:24673962151575 CH: 2/id2/k0 25/id9/k1 41/id9/k2 54/id6/k3
FS n=64 fsseq=538867 buf=2 c0=0:24673962071158 c1=1:24673962071158 c2=2:24673962098606 c3=3:24673962151575 CH:
FS n=64 fsseq=539656 buf=4 c0=0:24673984142721 c1=1:24673984649596 c2=2:24673984143815 c3=3:24673984561783 CH: 4/id4/k0 30/id14/k1 39/id7/k2 50/id2/k3
FS n=64 fsseq=539656 buf=4 c0=0:24673984142721 c1=1:24673984649596 c2=2:24673984143815 c3=3:24673984561783 CH:
FS n=64 fsseq=539656 buf=4 c0=0:24673984142721 c1=1:24673984649596 c2=2:24673984143815 c3=3:24673984561783 CH:
FS n=64 fsseq=538868 buf=12 c0=0:24674002039075 c1=1:24674002042200 c2=2:24674002098606 c3=3:24674002104908 CH:
FS n=64 fsseq=538868 buf=12 c0=0:24674002039075 c1=1:24674002042200 c2=2:24674002098606 c3=3:24674002104908 CH: 12/id12/k0 26/id10/k1 43/id11/k2 58/id10/k3
FS n=64 fsseq=538868 buf=12 c0=0:24674002039075 c1=1:24674002042200 c2=2:24674002098606 c3=3:24674002104908 CH:
FS n=64 fsseq=539657 buf=6 c0=0:24674024160898 c1=1:24674024649544 c2=2:24674024162096 c3=3:24674024560377 CH: 6/id6/k0 28/id12/k1 37/id5/k2 51/id3/k3
FS n=64 fsseq=539657 buf=6 c0=0:24674024160898 c1=1:24674024649544 c2=2:24674024162096 c3=3:24674024560377 CH:
FS n=64 fsseq=539657 buf=6 c0=0:24674024160898 c1=1:24674024649544 c2=2:24674024162096 c3=3:24674024560377 CH:
FS n=64 fsseq=538869 buf=14 c0=0:24674042046731 c1=1:24674042047565 c2=2:24674042099544 c3=3:24674042105950 CH: 14/id14/k0 23/id7/k1 47/id15/k2 61/id13/k3
FS n=64 fsseq=538869 buf=14 c0=0:24674042046731 c1=1:24674042047565 c2=2:24674042099544 c3=3:24674042105950 CH:
FS n=64 fsseq=538869 buf=14 c0=0:24674042046731 c1=1:24674042047565 c2=2:24674042099544 c3=3:24674042105950 CH:
FS n=64 fsseq=539658 buf=8 c0=0:24674064141523 c1=1:24674064646627 c2=2:24674064154231 c3=3:24674064553606 CH: 8/id8/k0 31/id15/k1 34/id2/k2 53/id5/k3
FS n=64 fsseq=539658 buf=8 c0=0:24674064141523 c1=1:24674064646627 c2=2:24674064154231 c3=3:24674064553606 CH:
FS n=64 fsseq=539658 buf=8 c0=0:24674064141523 c1=1:24674064646627 c2=2:24674064154231 c3=3:24674064553606 CH:
FS n=64 fsseq=538870 buf=9 c0=0:24674082053294 c1=1:24674082053242 c2=2:24674082113085 c3=3:24674082091262 CH: 9/id9/k0 16/id0/k1 42/id10/k2 63/id15/k3
FS n=64 fsseq=538870 buf=9 c0=0:24674082053294 c1=1:24674082053242 c2=2:24674082113085 c3=3:24674082091262 CH: 9/id9/k0
FS n=64 fsseq=538870 buf=9 c0=0:24674082053294 c1=1:24674082053242 c2=2:24674082113085 c3=3:24674082091262 CH: 9/id9/k0
FS n=64 fsseq=539659 buf=10 c0=0:24674104156627 c1=1:24674104647565 c2=2:24674104156679 c3=3:24674104557981 CH: 10/id10/k0 17/id1/k1 35/id3/k2 55/id7/k3
FS n=64 fsseq=539659 buf=10 c0=0:24674104156627 c1=1:24674104647565 c2=2:24674104156679 c3=3:24674104557981 CH:
FS n=64 fsseq=539659 buf=10 c0=0:24674104156627 c1=1:24674104647565 c2=2:24674104156679 c3=3:24674104557981 CH:
FS n=64 fsseq=538871 buf=3 c0=0:24674122050898 c1=1:24674122050950 c2=2:24674122113346 c3=3:24674122121575 CH: 18/id2/k1 44/id12/k2 59/id11/k3
FS n=64 fsseq=538871 buf=3 c0=0:24674122050898 c1=1:24674122050950 c2=2:24674122113346 c3=3:24674122121575 CH:
FS n=64 fsseq=538871 buf=3 c0=0:24674122050898 c1=1:24674122050950 c2=2:24674122113346 c3=3:24674122121575 CH:
FS n=64 fsseq=539660 buf=7 c0=0:24674144149856 c1=1:24674144651054 c2=2:24674144152929 c3=3:24674144554960 CH: 40/id8/k2 56/id8/k3
FS n=64 fsseq=539660 buf=7 c0=0:24674144149856 c1=1:24674144651054 c2=2:24674144152929 c3=3:24674144554960 CH: 7/id7/k0 22/id6/k1 40/id8/k2 56/id8/k3
FS n=64 fsseq=539660 buf=7 c0=0:24674144149856 c1=1:24674144651054 c2=2:24674144152929 c3=3:24674144554960 CH:
FS n=64 fsseq=538872 buf=11 c0=0:24674162039023 c1=1:24674162038815 c2=2:24674162061002 c3=3:24674162099856 CH: 3/id3/k0 11/id11/k0 19/id3/k1 45/id13/k2 57/id9/k3
FS n=64 fsseq=538872 buf=11 c0=0:24674162039023 c1=1:24674162038815 c2=2:24674162061002 c3=3:24674162099856 CH:
FS n=64 fsseq=538872 buf=11 c0=0:24674162039023 c1=1:24674162038815 c2=2:24674162061002 c3=3:24674162099856 CH:
FS n=64 fsseq=539661 buf=1 c0=0:24674184175898 c1=1:24674184665533 c2=2:24674184175898 c3=3:24674184564440 CH: 1/id1/k0 27/id11/k1 32/id0/k2 48/id0/k3
FS n=64 fsseq=539661 buf=1 c0=0:24674184175898 c1=1:24674184665533 c2=2:24674184175898 c3=3:24674184564440 CH:
FS n=64 fsseq=539661 buf=1 c0=0:24674184175898 c1=1:24674184665533 c2=2:24674184175898 c3=3:24674184564440 CH:
FS n=64 fsseq=538873 buf=13 c0=0:24674202047044 c1=1:24674202046992 c2=2:24674202098919 c3=3:24674202107512 CH: 13/id13/k0 21/id5/k1 46/id14/k2 60/id12/k3
FS n=64 fsseq=538873 buf=13 c0=0:24674202047044 c1=1:24674202046992 c2=2:24674202098919 c3=3:24674202107512 CH:
FS n=64 fsseq=538873 buf=13 c0=0:24674202047044 c1=1:24674202046992 c2=2:24674202098919 c3=3:24674202107512 CH:
FS n=64 fsseq=539662 buf=5 c0=0:24674224147669 c1=1:24674224655533 c2=2:24674224157044 c3=3:24674224560377 CH: 5/id5/k0 29/id13/k1 36/id4/k2 52/id4/k3
FS n=64 fsseq=539662 buf=5 c0=0:24674224147669 c1=1:24674224655533 c2=2:24674224157044 c3=3:24674224560377 CH:
FS n=64 fsseq=539662 buf=5 c0=0:24674224147669 c1=1:24674224655533 c2=2:24674224157044 c3=3:24674224560377 CH:
FS n=64 fsseq=538874 buf=15 c0=0:24674242038762 c1=1:24674242038606 c2=2:24674242063502 c3=3:24674242103762 CH: 15/id15/k0 20/id4/k1 38/id6/k2 62/id14/k3
FS n=64 fsseq=538874 buf=15 c0=0:24674242038762 c1=1:24674242038606 c2=2:24674242063502 c3=3:24674242103762 CH:
FS n=64 fsseq=538874 buf=15 c0=0:24674242038762 c1=1:24674242038606 c2=2:24674242063502 c3=3:24674242103762 CH:
FS n=64 fsseq=539663 buf=0 c0=0:24674264147981 c1=1:24674264648710 c2=2:24674264152877 c3=3:24674264559752 CH: 0/id0/k0 24/id8/k1 33/id1/k2 49/id1/k3
FS n=64 fsseq=539663 buf=0 c0=0:24674264147981 c1=1:24674264648710 c2=2:24674264152877 c3=3:24674264559752 CH:
FS n=64 fsseq=539663 buf=0 c0=0:24674264147981 c1=1:24674264648710 c2=2:24674264152877 c3=3:24674264559752 CH:
FS n=64 fsseq=538875 buf=2 c0=0:24674282060585 c1=1:24674282061262 c2=2:24674282096679 c3=3:24674282136627 CH: 2/id2/k0 25/id9/k1 41/id9/k2 54/id6/k3
FS n=64 fsseq=538875 buf=2 c0=0:24674282060585 c1=1:24674282061262 c2=2:24674282096679 c3=3:24674282136627 CH: 2/id2/k0 25/id9/k1 41/id9/k2 54/id6/k3
FS n=64 fsseq=538875 buf=2 c0=0:24674282060585 c1=1:24674282061262 c2=2:24674282096679 c3=3:24674282136627 CH:
FS n=64 fsseq=539664 buf=4 c0=0:24674304148346 c1=1:24674304654908 c2=2:24674304148398 c3=3:24674304561523 CH: 4/id4/k0 30/id14/k1 39/id7/k2 50/id2/k3
FS n=64 fsseq=539664 buf=4 c0=0:24674304148346 c1=1:24674304654908 c2=2:24674304148398 c3=3:24674304561523 CH:
FS n=64 fsseq=539664 buf=4 c0=0:24674304148346 c1=1:24674304654908 c2=2:24674304148398 c3=3:24674304561523 CH:
FS n=64 fsseq=538876 buf=12 c0=0:24674322042981 c1=1:24674322043033 c2=2:24674322065169 c3=3:24674322114492 CH: 12/id12/k0 26/id10/k1 43/id11/k2 58/id10/k3
FS n=64 fsseq=538876 buf=12 c0=0:24674322042981 c1=1:24674322043033 c2=2:24674322065169 c3=3:24674322114492 CH:
FS n=64 fsseq=538876 buf=12 c0=0:24674322042981 c1=1:24674322043033 c2=2:24674322065169 c3=3:24674322114492 CH:
FS n=64 fsseq=539665 buf=6 c0=0:24674344157148 c1=1:24674344657773 c2=2:24674344158971 c3=3:24674344562981 CH: 51/id3/k3
FS n=64 fsseq=539665 buf=6 c0=0:24674344157148 c1=1:24674344657773 c2=2:24674344158971 c3=3:24674344562981 CH: 6/id6/k0 28/id12/k1 37/id5/k2 51/id3/k3
FS n=64 fsseq=539665 buf=6 c0=0:24674344157148 c1=1:24674344657773 c2=2:24674344158971 c3=3:24674344562981 CH: 6/id6/k0 51/id3/k3
FS n=64 fsseq=538877 buf=14 c0=0:24674362042408 c1=1:24674362045273 c2=2:24674362069544 c3=3:24674362113554 CH: 47/id15/k2 61/id13/k3
FS n=64 fsseq=538877 buf=14 c0=0:24674362042408 c1=1:24674362045273 c2=2:24674362069544 c3=3:24674362113554 CH: 14/id14/k0 23/id7/k1 47/id15/k2 61/id13/k3
FS n=64 fsseq=538877 buf=14 c0=0:24674362042408 c1=1:24674362045273 c2=2:24674362069544 c3=3:24674362113554 CH:
FS n=64 fsseq=539666 buf=8 c0=0:24674384147512 c1=1:24674384668346 c2=2:24674384152252 c3=3:24674384559492 CH: 8/id8/k0 31/id15/k1 34/id2/k2 53/id5/k3
FS n=64 fsseq=539666 buf=8 c0=0:24674384147512 c1=1:24674384668346 c2=2:24674384152252 c3=3:24674384559492 CH:
FS n=64 fsseq=539666 buf=8 c0=0:24674384147512 c1=1:24674384668346 c2=2:24674384152252 c3=3:24674384559492 CH:
FS n=64 fsseq=538878 buf=9 c0=0:24674402050689 c1=1:24674402050637 c2=2:24674402107564 c3=3:24674402119544 CH: 9/id9/k0 16/id0/k1 42/id10/k2 63/id15/k3
FS n=64 fsseq=538878 buf=9 c0=0:24674402050689 c1=1:24674402050637 c2=2:24674402107564 c3=3:24674402119544 CH:
FS n=64 fsseq=538878 buf=9 c0=0:24674402050689 c1=1:24674402050637 c2=2:24674402107564 c3=3:24674402119544 CH:
FS n=64 fsseq=539667 buf=10 c0=0:24674424148242 c1=1:24674424653814 c2=2:24674424158762 c3=3:24674424560898 CH: 10/id10/k0 17/id1/k1 35/id3/k2 55/id7/k3
FS n=64 fsseq=539667 buf=10 c0=0:24674424148242 c1=1:24674424653814 c2=2:24674424158762 c3=3:24674424560898 CH:
FS n=64 fsseq=539667 buf=10 c0=0:24674424148242 c1=1:24674424653814 c2=2:24674424158762 c3=3:24674424560898 CH:
FS n=64 fsseq=538879 buf=3 c0=0:24674442073450 c1=1:24674442073450 c2=2:24674442125273 c3=3:24674442145064 CH: 3/id3/k0 18/id2/k1 44/id12/k2 59/id11/k3
FS n=64 fsseq=538879 buf=3 c0=0:24674442073450 c1=1:24674442073450 c2=2:24674442125273 c3=3:24674442145064 CH:
FS n=64 fsseq=538879 buf=3 c0=0:24674442073450 c1=1:24674442073450 c2=2:24674442125273 c3=3:24674442145064 CH:
FS n=64 fsseq=539668 buf=7 c0=0:24674464147669 c1=1:24674464652825 c2=2:24674464158606 c3=3:24674464558762 CH: 7/id7/k0 22/id6/k1 40/id8/k2 56/id8/k3
FS n=64 fsseq=539668 buf=7 c0=0:24674464147669 c1=1:24674464652825 c2=2:24674464158606 c3=3:24674464558762 CH:
FS n=64 fsseq=539668 buf=7 c0=0:24674464147669 c1=1:24674464652825 c2=2:24674464158606 c3=3:24674464558762 CH:
FS n=64 fsseq=538880 buf=11 c0=0:24674482058242 c1=1:24674482081835 c2=2:24674482131731 c3=3:24674482120325 CH: 11/id11/k0 19/id3/k1 45/id13/k2 57/id9/k3
FS n=64 fsseq=538880 buf=11 c0=0:24674482058242 c1=1:24674482081835 c2=2:24674482131731 c3=3:24674482120325 CH:
FS n=64 fsseq=538880 buf=11 c0=0:24674482058242 c1=1:24674482081835 c2=2:24674482131731 c3=3:24674482120325 CH:
FS n=64 fsseq=539669 buf=1 c0=0:24674504168189 c1=1:24674504663294 c2=2:24674504172200 c3=3:24674504557564 CH: 1/id1/k0 27/id11/k1 32/id0/k2 48/id0/k3
FS n=64 fsseq=539669 buf=1 c0=0:24674504168189 c1=1:24674504663294 c2=2:24674504172200 c3=3:24674504557564 CH:
FS n=64 fsseq=539669 buf=1 c0=0:24674504168189 c1=1:24674504663294 c2=2:24674504172200 c3=3:24674504557564 CH:
FS n=64 fsseq=538881 buf=13 c0=0:24674522053346 c1=1:24674522057564 c2=2:24674522116523 c3=3:24674522117200 CH: 13/id13/k0 21/id5/k1 46/id14/k2 60/id12/k3
FS n=64 fsseq=538881 buf=13 c0=0:24674522053346 c1=1:24674522057564 c2=2:24674522116523 c3=3:24674522117200 CH:
FS n=64 fsseq=538881 buf=13 c0=0:24674522053346 c1=1:24674522057564 c2=2:24674522116523 c3=3:24674522117200 CH:
FS n=64 fsseq=539670 buf=5 c0=0:24674544151991 c1=1:24674544659700 c2=2:24674544160273 c3=3:24674544563241 CH: 5/id5/k0 29/id13/k1 36/id4/k2 52/id4/k3
FS n=64 fsseq=539670 buf=5 c0=0:24674544151991 c1=1:24674544659700 c2=2:24674544160273 c3=3:24674544563241 CH:
FS n=64 fsseq=539670 buf=5 c0=0:24674544151991 c1=1:24674544659700 c2=2:24674544160273 c3=3:24674544563241 CH:
FS n=64 fsseq=538882 buf=15 c0=0:24674562057200 c1=1:24674562057200 c2=2:24674562107460 c3=3:24674562118241 CH: 15/id15/k0 20/id4/k1 38/id6/k2 62/id14/k3
FS n=64 fsseq=538882 buf=15 c0=0:24674562057200 c1=1:24674562057200 c2=2:24674562107460 c3=3:24674562118241 CH:
FS n=64 fsseq=538882 buf=15 c0=0:24674562057200 c1=1:24674562057200 c2=2:24674562107460 c3=3:24674562118241 CH:
FS n=64 fsseq=539671 buf=0 c0=0:24674584149127 c1=1:24674584659596 c2=2:24674584157929 c3=3:24674584562200 CH: 0/id0/k0 24/id8/k1 33/id1/k2 49/id1/k3
FS n=64 fsseq=539671 buf=0 c0=0:24674584149127 c1=1:24674584659596 c2=2:24674584157929 c3=3:24674584562200 CH:
FS n=64 fsseq=539671 buf=0 c0=0:24674584149127 c1=1:24674584659596 c2=2:24674584157929 c3=3:24674584562200 CH:
FS n=64 fsseq=538883 buf=2 c0=0:24674602071939 c1=1:24674602072408 c2=2:24674602130533 c3=3:24674602140637 CH: 2/id2/k0 25/id9/k1 41/id9/k2 54/id6/k3
FS n=64 fsseq=538883 buf=2 c0=0:24674602071939 c1=1:24674602072408 c2=2:24674602130533 c3=3:24674602140637 CH: 54/id6/k3
FS n=64 fsseq=538883 buf=2 c0=0:24674602071939 c1=1:24674602072408 c2=2:24674602130533 c3=3:24674602140637 CH: 54/id6/k3
FS n=64 fsseq=539672 buf=4 c0=0:24674624151210 c1=1:24674624655064 c2=2:24674624159908 c3=3:24674624564856 CH: 4/id4/k0 30/id14/k1 39/id7/k2 50/id2/k3
FS n=64 fsseq=539672 buf=4 c0=0:24674624151210 c1=1:24674624655064 c2=2:24674624159908 c3=3:24674624564856 CH:
FS n=64 fsseq=539672 buf=4 c0=0:24674624151210 c1=1:24674624655064 c2=2:24674624159908 c3=3:24674624564856 CH:
FS n=64 fsseq=538884 buf=12 c0=0:24674642039335 c1=1:24674642039544 c2=2:24674642066158 c3=3:24674642111887 CH: 12/id12/k0 26/id10/k1 43/id11/k2 58/id10/k3
FS n=64 fsseq=538884 buf=12 c0=0:24674642039335 c1=1:24674642039544 c2=2:24674642066158 c3=3:24674642111887 CH:
FS n=64 fsseq=538884 buf=12 c0=0:24674642039335 c1=1:24674642039544 c2=2:24674642066158 c3=3:24674642111887 CH:
FS n=64 fsseq=539673 buf=6 c0=0:24674664167616 c1=1:24674664664283 c2=2:24674664167669 c3=3:24674664569804 CH: 6/id6/k0 28/id12/k1 37/id5/k2 51/id3/k3
FS n=64 fsseq=539673 buf=6 c0=0:24674664167616 c1=1:24674664664283 c2=2:24674664167669 c3=3:24674664569804 CH:
FS n=64 fsseq=539673 buf=6 c0=0:24674664167616 c1=1:24674664664283 c2=2:24674664167669 c3=3:24674664569804 CH:
FS n=64 fsseq=538885 buf=14 c0=0:24674682048554 c1=1:24674682050273 c2=2:24674682109439 c3=3:24674682116158 CH: 14/id14/k0 23/id7/k1 47/id15/k2 61/id13/k3
FS n=64 fsseq=538885 buf=14 c0=0:24674682048554 c1=1:24674682050273 c2=2:24674682109439 c3=3:24674682116158 CH:
FS n=64 fsseq=538885 buf=14 c0=0:24674682048554 c1=1:24674682050273 c2=2:24674682109439 c3=3:24674682116158 CH:
FS n=64 fsseq=539674 buf=8 c0=0:24674704153814 c1=1:24674704658554 c2=2:24674704158346 c3=3:24674704562825 CH: 8/id8/k0 31/id15/k1 34/id2/k2 53/id5/k3
FS n=64 fsseq=539674 buf=8 c0=0:24674704153814 c1=1:24674704658554 c2=2:24674704158346 c3=3:24674704562825 CH:
FS n=64 fsseq=539674 buf=8 c0=0:24674704153814 c1=1:24674704658554 c2=2:24674704158346 c3=3:24674704562825 CH:
