#host_mono_ns,byte_offset,bytes
173096314636142,0,20
173096314815101,20,7
173096314884736,27,20
173096314946611,47,20
173096315005257,67,20
173096315135101,87,20
173096315200257,107,20
173096315258590,127,20
173096315316767,147,20
173096315374736,167,20
173096315432080,187,20
173096315488538,207,20
173096315545674,227,20
173096315602392,247,20
173096315659684,267,20
173096315718069,287,20
173096315775726,307,20
173096315833955,327,20
173096315890830,347,20
173096315947340,367,42
173096316003382,409,42
173096316320726,451,42
173096317409267,493,42
173096318901455,535,42
173096319559996,577,42
173096320635934,619,42
173096321700257,661,42
173096322776507,703,42
173096322850465,745,20
173096322913746,765,42
173096323879996,807,42
173096324938017,849,42
173096325986194,891,42
173096327050674,933,42
173096328122236,975,42
173096329252549,1017,42
173096330350101,1059,42
173096331345257,1101,42
173096332406976,1143,42
173096333481715,1185,42
173096334535413,1227,42
173096335601663,1269,42
173096336671507,1311,42
173096337743486,1353,42
173096338812809,1395,42
173096339882653,1437,42
173096339949111,1479,42
173096341041507,1521,42
173096342082861,1563,42
173096343205830,1605,42
173096344249528,1647,42
173096345317965,1689,42
173096346388017,1731,42
173096347452757,1773,42
173096348518121,1815,42
173096349588746,1857,42
173096350677913,1899,42
173096351738434,1941,42
173096352802236,1983,42
173096353873590,2025,42
173096354944684,2067,42
173096356016090,2109,42
173096356087601,2151,20
173096356150049,2171,42
173096357083434,2213,42
173096358144632,2255,42
173096359205049,2297,42
173096360455257,2339,42
173096361353069,2381,42
173096362406299,2423,42
173096363475726,2465,42
173096364543121,2507,42
173096365611246,2549,42
173096366679007,2591,42
173096367749684,2633,42
173096368818486,2675,42
173096369888382,2717,42
173096370976819,2759,42
173096372040361,2801,42
173096373104736,2843,42
173096373173174,2885,42
173096374215309,2927,42
173096375257080,2969,42
173096376318069,3011,42
173096377385413,3053,42
173096378455049,3095,42
173096379522496,3137,42
173096380616767,3179,42
173096381678903,3221,42
173096382746924,3263,42
173096383814892,3305,42
173096384892392,3347,42
173096385957288,3389,42
173096387026142,3431,42
173096388195465,3473,42
173096389165621,3515,42
173096389232340,3557,20
173096389291611,3577,42
173096390252549,3619,42
173096391315726,3661,42
173096392376090,3703,42
173096393443121,3745,42
173096394514684,3787,42
173096395584423,3829,42
173096396658694,3871,42
173096397736351,3913,42
173096398809215,3955,42
173096399868642,3997,42
173096400972080,4039,42
173096402029059,4081,42
173096403098434,4123,42
173096404166194,4165,42
173096405236298,4207,42
173096406307809,4249,42
173096406374632,4291,42
173096407383903,4333,42
173096408448486,4375,42
173096409518173,4417,42
173096410607236,4459,42
173096411668382,4501,42
173096412745934,4543,42
173096413811507,4585,42
173096414879788,4627,42
173096415947080,4669,42
173096417025205,4711,42
173096418090153,4753,42
173096419158017,4795,42
173096420278173,4837,42
173096421304476,4879,42
173096422371246,4921,42
173096422439684,4963,42
173096423436767,5005,20
173096423504371,5025,42
173096424638121,5067,42
173096425600726,5109,42
173096426666298,5151,42
173096427733746,5193,42
173096428800257,5235,42
173096429867965,5277,42
173096430964059,5319,42
173096432029840,5361,42
173096433096038,5403,42
173096434165048,5445,42
173096435234684,5487,42
173096436302757,5529,42
173096437376142,5571,42
173096438444632,5613,42
173096439515257,5655,42
173096439585673,5697,42
173096440921507,5739,42
173096441976038,5781,42
173096443044059,5823,42
173096444112809,5865,42
173096445183434,5907,42
173096446255153,5949,42
173096447320361,5991,42
173096448390309,6033,42
173096449457653,6075,42
173096450631455,6117,42
173096450718382,6159,42
173096451604632,6201,42
173096452670726,6243,42
173096453740673,6285,42
173096454822653,6327,42
173096455879059,6369,42
173096455948538,6411,20
173096456951507,6431,42
173096458017809,6473,42
173096459087496,6515,42
173096460315361,6557,42
173096461234111,6599,42
173096462301819,6641,42
173096463373173,6683,42
173096464445778,6725,42
173096465511403,6767,42
173096466577809,6809,42
173096467647028,6851,42
173096467717653,6893,42
173096468718226,6935,42
173096469788121,6977,42
173096470873069,7019,42
173096471937653,7061,42
173096473004996,7103,42
173096474150101,7145,42
173096475238538,7187,42
173096476229423,7229,42
173096477290673,7271,42
173096478356871,7313,42
173096479426403,7355,42
173096480519840,7397,42
173096481574319,7439,42
173096482643017,7481,42
173096483719319,7523,42
173096484782080,7565,42
173096484852913,7607,42
173096485848746,7649,42
173096486917653,7691,42
173096488063694,7733,42
173096489059892,7775,42
173096490258746,7817,20
173096490340726,7837,42
173096491211090,7879,42
173096492274007,7921,42
173096493344788,7963,42
173096494411455,8005,42
173096495479111,8047,42
173096496553226,8089,42
173096498047809,8131,42
173096498706246,8173,42
173096499767340,8215,42
173096500860830,8257,42
173096500943642,8299,42
173096501919059,8341,42
173096502986090,8383,42
173096504055361,8425,42
173096505125361,8467,42
173096506194840,8509,42
173096507269111,8551,42
173096508334736,8593,42
173096509404215,8635,42
173096510499892,8677,42
173096511547236,8719,42
173096512615726,8761,42
173096513683017,8803,42
173096514754684,8845,42
173096515823538,8887,42
173096517049996,8929,42
173096518116871,8971,42
173096518191663,9013,42
173096519182288,9055,42
173096520368746,9097,42
173096521405726,9139,42
173096522393903,9181,42
173096522465517,9223,20
173096523460153,9243,42
173096524530413,9285,42
173096525792236,9327,42
173096526681038,9369,42
173096527739476,9411,42
173096528805778,9453,42
173096529875882,9495,42
173096531273798,9537,42
173096532040153,9579,42
173096532115048,9621,42
173096533101923,9663,42
173096534168955,9705,42
173096535238226,9747,42
173096536305778,9789,42
173096537374267,9831,42
173096538446455,9873,42
173096539514892,9915,42
173096540703955,9957,42
173096541758121,9999,42
173096542825257,10041,42
173096543892548,10083,42
173096544960361,10125,42
173096546030778,10167,42
173096547100726,10209,42
173096548169371,10251,42
173096548239423,10293,42
173096549240413,10335,42
173096550434371,10377,42
173096551493642,10419,42
173096552557080,10461,42
173096553623955,10503,42
173096554773069,10545,42
173096555765673,10587,42
173096555837392,10629,20
173096556834007,10649,42
173096557900517,10691,42
173096558972080,10733,42
173096560131142,10775,42
173096561119423,10817,42
173096562184319,10859,42
173096563255673,10901,42
173096563325621,10943,42
173096564340465,10985,42
173096565409319,11027,42
173096566575465,11069,42
173096567544528,11111,42
173096568607809,11153,42
173096569677496,11195,42
173096570754632,11237,42
173096571820413,11279,42
173096572889944,11321,42
173096573962340,11363,42
173096575028434,11405,42
173096576328851,11447,42
173096577182288,11489,42
173096578240830,11531,42
173096579315048,11573,42
173096580399423,11615,42
173096580483798,11657,42
173096581453798,11699,42
173096582521819,11741,42
173096583632444,11783,42
173096584700882,11825,42
173096585767861,11867,42
173096586837965,11909,42
173096587968017,11951,42
173096588982080,11993,42
173096590059580,12035,20
173096590142861,12055,42
173096591132184,12097,42
173096592194632,12139,42
173096593263278,12181,42
173096594335205,12223,42
173096595402809,12265,42
173096596472236,12307,42
173096596545413,12349,42
173096597548278,12391,42
173096598611871,12433,42
173096599680361,12475,42
173096600781715,12517,42
173096601839840,12559,42
173096602910413,12601,42
173096603977601,12643,42
173096605048330,12685,42
173096606116611,12727,42
173096607190257,12769,42
173096608262548,12811,42
173096609327965,12853,42
173096610426038,12895,42
173096611472288,12937,42
173096612539632,12979,42
173096612611090,13021,42
173096613608746,13063,42
173096614678903,13105,42
173096615749163,13147,42
173096616874319,13189,42
173096617890569,13231,42
173096618960153,13273,42
173096620266975,13315,42
173096621115830,13357,42
173096622180986,13399,42
173096623251559,13441,20
173096623322965,13461,42
173096624321715,13503,42
173096625389475,13545,42
173096626466090,13587,42
173096634459944,13629,42
173096634558486,13671,42
173096634621038,13713,42
173096634681923,13755,42
173096634741350,13797,42
173096634800569,13839,42
173096634924632,13881,42
173096634989788,13923,42
173096635050361,13965,42
173096636112913,14007,42
173096637195309,14049,42
173096638266455,14091,42
173096639320413,14133,42
173096640553017,14175,42
173096641454267,14217,42
173096642521715,14259,42
173096643592340,14301,42
173096644659580,14343,42
173096645724528,14385,42
173096645793017,14427,42
173096646798225,14469,42
173096647868225,14511,42
173096649132653,14553,42
173096650235205,14595,42
173096651088017,14637,42
173096652153382,14679,42
173096653219580,14721,42
173096654296403,14763,42
173096655369423,14805,42
173096656429007,14847,20
173096656497132,14867,42
173096657501142,14909,42
173096658609684,14951,42
173096659636455,14993,42
173096660748017,15035,42
173096661823850,15077,42
173096663017965,15119,42
173096663093225,15161,42
173096663958590,15203,42
173096665034007,15245,42
173096666104996,15287,42
173096667169215,15329,42
173096668233173,15371,42
173096669304215,15413,42
173096670389996,15455,42
173096671442548,15497,42
173096672516298,15539,42
173096673590830,15581,42
173096674662132,15623,42
173096675729371,15665,42
173096676927392,15707,42
173096677883590,15749,42
173096678945569,15791,42
173096679017496,15833,42
173096680394996,15875,42
173096681036090,15917,42
173096682107809,15959,42
173096683158538,16001,42
173096684265309,16043,42
173096685272809,16085,42
173096686329996,16127,42
173096687385048,16169,42
173096688539632,16211,42
173096689599267,16253,42
173096689656455,16295,20
173096690921038,16315,42
173096691744475,16357,42
173096692801403,16399,42
173096693852132,16441,42
173096694916298,16483,42
173096695974996,16525,42
173096697077548,16567,42
173096697138798,16609,42
173096698100621,16651,42
173096699158955,16693,42
173096700361923,16735,42
173096701276298,16777,42
173096702333694,16819,42
173096703385413,16861,42
173096704447548,16903,42
173096705520725,16945,42
173096706570257,16987,42
173096707631246,17029,42
173096708691611,17071,42
173096709747913,17113,42
173096710892600,17155,42
173096711945882,17197,42
173096713004111,17239,42
173096714054892,17281,42
173096715121923,17323,42
173096716180778,17365,42
173096716236507,17407,42
173096717241819,17449,42
173096718302184,17491,42
173096719364788,17533,42
173096720430725,17575,42
173096721479371,17617,42
173096722542340,17659,42
173096722598798,17701,20
173096723591403,17721,42
173096724656194,17763,42
173096725718017,17805,42
173096726779215,17847,42
173096727834371,17889,42
173096728930778,17931,42
173096729977340,17973,42
173096731040934,18015,42
173096732093330,18057,42
173096733190048,18099,42
173096734225673,18141,42
173096734283538,18183,42
173096735291455,18225,42
173096736351559,18267,42
173096737426975,18309,42
173096738476403,18351,42
173096739536403,18393,42
173096740621663,18435,42
173096741674840,18477,42
173096742738850,18519,42
173096743792288,18561,42
173096744854007,18603,42
173096745916559,18645,42
173096746979840,18687,42
173096748034892,18729,42
173096749099163,18771,42
173096750259632,18813,42
173096751298486,18855,42
173096752359580,18897,42
173096752416246,18939,42
173096753420934,18981,42
173096754474111,19023,42
173096755542913,19065,42
173096756599475,19107,20
173096756654475,19127,42
173096757657600,19169,42
173096758727913,19211,42
173096759783903,19253,42
173096761151975,19295,42
173096761916455,19337,42
173096762978850,19379,42
173096764033434,19421,42
173096765099892,19463,42
173096766156298,19505,42
173096767217600,19547,42
173096768276194,19589,42
173096769341038,19631,42
173096770404528,19673,42
173096771458382,19715,42
173096771513434,19757,42
173096772521194,19799,42
173096773572288,19841,42
173096774643069,19883,42
173096775704840,19925,42
173096776762340,19967,42
173096777820882,20009,42
173096778894788,20051,42
173096779940309,20093,42
173096781016142,20135,42
173096782065153,20177,42
173096783132288,20219,42
173096784186142,20261,42
173096785244059,20303,42
173096786309215,20345,42
173096787368798,20387,42
173096788472496,20429,42
173096789520465,20471,42
173096789631715,20513,20
173096790727913,20533,42
173096791784423,20575,42
173096791847913,20617,42
173096792839475,20659,42
173096793899475,20701,42
173096794944996,20743,42
173096796025257,20785,42
173096797064528,20827,42
173096798134059,20869,42
173096799187392,20911,42
173096800487444,20953,42
173096801355673,20995,42
173096802427965,21037,42
173096803493121,21079,42
173096804556194,21121,42
173096805623798,21163,42
173096806700100,21205,42
173096807759840,21247,42
173096807835205,21289,42
173096808917236,21331,42
173096809903955,21373,42
173096811115153,21415,42
173096812046819,21457,42
173096813101559,21499,42
173096814180830,21541,42
173096815242600,21583,42
173096816698434,21625,42
173096817431871,21667,42
173096818485153,21709,42
173096819546455,21751,42
173096820636871,21793,42
173096821701663,21835,42
173096822768225,21877,42
173096822839788,21919,20
173096823839163,21939,42
173096823908903,21981,42
173096824910725,22023,42
173096825975725,22065,42
173096827047653,22107,42
173096828123746,22149,42
173096829377913,22191,42
173096830323902,22233,42
173096831369423,22275,42
173096832425986,22317,42
173096833498434,22359,42
173096834566923,22401,42
173096835635621,22443,42
173096836702757,22485,42
173096837792444,22527,42
173096838857757,22569,42
173096839923330,22611,42
173096839994267,22653,42
173096841012965,22695,42
173096842077705,22737,42
173096843134684,22779,42
173096844230361,22821,42
173096845288798,22863,42
173096846392340,22905,42
173096847429371,22947,42
173096848487861,22989,42
173096849569267,23031,42
173096850654423,23073,42
173096851723382,23115,42
173096852794475,23157,42
173096853862444,23199,42
173096854935673,23241,42
173096856007548,23283,42
173096856074736,23325,20
173096857088538,23345,42
173096857154736,23387,42
173096858149996,23429,42
173096859217444,23471,42
173096860459475,23513,42
173096861373330,23555,42
173096862426767,23597,42
173096863511611,23639,42
173096864659527,23681,42
173096865731975,23723,42
173096866802965,23765,42
173096867869788,23807,42
173096868941611,23849,42
173096870181975,23891,42
173096871098277,23933,42
173096872166194,23975,42
173096872239944,24017,42
173096873225882,24059,42
173096874321350,24101,42
173096875393434,24143,42
173096876454632,24185,42
173096877540100,24227,42
173096878596350,24269,42
173096879710205,24311,42
173096880799215,24353,42
173096881835569,24395,42
173096882892236,24437,42
173096883968121,24479,42
173096885045205,24521,42
173096886122288,24563,42
173096887184944,24605,42
173096888253642,24647,42
173096888323330,24689,42
173096889327861,24731,20
173096889395621,24751,42
173096890401871,24793,42
173096891466350,24835,42
173096892532705,24877,42
173096893605986,24919,42
173096894675517,24961,42
173096895758590,25003,42
173096896821090,25045,42
173096897886142,25087,42
173096898959059,25129,42
173096900377288,25171,42
173096901113746,25213,42
173096902170934,25255,42
173096903242652,25297,42
173096904309059,25339,42
173096904376455,25381,42
173096905379059,25423,42
173096906449371,25465,42
173096907517288,25507,42
173096908592548,25549,42
173096909656715,25591,42
173096910752340,25633,42
173096911800309,25675,42
173096912884007,25717,42
173096913950621,25759,42
173096915027392,25801,42
173096916084371,25843,42
173096917166402,25885,42
173096918236090,25927,42
173096919303694,25969,42
173096920404059,26011,42
173096921458069,26053,42
173096921530986,26095,42
173096922523798,26137,42
173096922591871,26179,20
173096923588850,26199,42
173096924657548,26241,42
173096925729944,26283,42
173096926805725,26325,42
173096927873798,26367,42
173096928956298,26409,42
173096930181715,26451,42
173096931103955,26493,42
173096932169163,26535,42
173096933236767,26577,42
173096934306611,26619,42
173096935378434,26661,42
173096936455465,26703,42
173096937519059,26745,42
173096937587132,26787,42
173096938588694,26829,42
173096939667184,26871,42
173096940802392,26913,42
173096941834580,26955,42
173096942904580,26997,42
173096943959996,27039,42
173096945052496,27081,42
173096946088017,27123,42
173096947137652,27165,42
173096948214215,27207,42
173096949261923,27249,42
173096950395986,27291,42
173096951438069,27333,42
173096952490152,27375,42
173096953558173,27417,42
173096954627496,27459,42
173096954697340,27501,42
173096955713694,27543,42
173096956774475,27585,20
173096956842965,27605,42
173096957846194,27647,42
173096958915569,27689,42
173096959986975,27731,42
173096961080569,27773,42
173096962142965,27815,42
173096963211975,27857,42
173096964281142,27899,42
173096965353538,27941,42
173096966422132,27983,42
173096967492600,28025,42
173096968560725,28067,42
173096969646871,28109,42
173096970730986,28151,42
173096971786090,28193,42
173096971854267,28235,42
173096972852132,28277,42
173096973927496,28319,42
173096974994892,28361,42
173096976064527,28403,42
173096977141246,28445,42
173096978216090,28487,42
173096979278173,28529,42
173096980370257,28571,42
173096981473746,28613,42
173096982505048,28655,42
173096983577288,28697,42
173096984641038,28739,42
173096985708486,28781,42
173096986779267,28823,42
173096987846715,28865,42
173096987916090,28907,42
173096988922340,28949,42
173096989991298,28991,20
173096990191142,29011,42
173096991084684,29053,42
173096992140048,29095,42
173096993209632,29137,42
173096994276507,29179,42
173096995350830,29221,42
173096996426559,29263,42
173096997506038,29305,42
173096998576142,29347,42
173096999637705,29389,42
173097000744684,29431,42
173097001797705,29473,42
173097002864319,29515,42
173097003933121,29557,42
173097003999580,29599,42
173097005002132,29641,42
173097006071975,29683,42
173097007144944,29725,42
173097008213538,29767,42
173097009288590,29809,42
173097010365934,29851,42
173097011443017,29893,42
173097012499632,29935,42
173097013587132,29977,42
173097014636819,30019,42
173097015705882,30061,42
173097016781507,30103,42
173097017845100,30145,42
173097018914892,30187,42
173097019983798,30229,42
173097021076350,30271,42
173097021159580,30313,42
173097022139892,30355,42
173097023208017,30397,20
173097023275517,30417,42
173097024276559,30459,42
173097025361038,30501,42
173097026422080,30543,42
173097027489892,30585,42
173097028557340,30627,42
173097029636715,30669,42
173097030720257,30711,42
173097031775100,30753,42
173097032851923,30795,42
173097033915777,30837,42
173097034982496,30879,42
173097036054580,30921,42
173097037123069,30963,42
173097037192757,31005,42
173097038194580,31047,42
173097039282027,31089,42
173097040369736,31131,42
173097041435569,31173,42
173097042534215,31215,42
173097043571975,31257,42
173097044628902,31299,42
173097045703173,31341,42
173097046772132,31383,42
173097047836559,31425,42
173097048913694,31467,42
173097049983173,31509,42
173097051067236,31551,42
173097052126194,31593,42
173097053211194,31635,42
173097054273017,31677,42
173097054343069,31719,42
173097055344215,31761,42
173097056411142,31803,20
173097056477600,31823,42
173097057483277,31865,42
173097058560100,31907,42
173097059618954,31949,42
173097060742965,31991,42
173097061806142,32033,42
173097062866142,32075,42
173097063942184,32117,42
173097065007496,32159,42
173097066073850,32201,42
173097067158329,32243,42
173097068221715,32285,42
173097069287288,32327,42
173097070373225,32369,42
173097070451871,32411,42
173097071436611,32453,42
173097072504059,32495,42
173097073572027,32537,42
173097074647079,32579,42
173097075712079,32621,42
173097076781715,32663,42
173097077857548,32705,42
173097078922757,32747,42
173097079998017,32789,42
173097081088954,32831,42
173097082153382,32873,42
173097083229632,32915,42
173097084290621,32957,42
173097085356454,32999,42
173097086426559,33041,42
173097086493798,33083,42
173097087496715,33125,42
173097088572496,33167,42
173097089637288,33209,20
173097089705986,33229,42
173097090728590,33271,42
173097091786819,33313,42
173097092855204,33355,42
173097093923746,33397,42
173097095007757,33439,42
173097096075725,33481,42
173097097137913,33523,42
173097098217548,33565,42
173097099280934,33607,42
173097100372704,33649,42
173097101429059,33691,42
173097102492861,33733,42
173097103563798,33775,42
173097103631038,33817,42
173097104652184,33859,42
173097105708173,33901,42
173097106776767,33943,42
173097107844840,33985,42
173097108929579,34027,42
173097109998277,34069,42
173097111076767,34111,42
173097112140100,34153,42
173097113205829,34195,42
173097114283642,34237,42
173097115346507,34279,42
173097116422288,34321,42
173097117489632,34363,42
173097118557548,34405,42
173097119627132,34447,42
173097119694788,34489,42
173097120729007,34531,42
173097121782496,34573,42
173097122862965,34615,20
173097122934996,34635,42
173097123925673,34677,42
173097124992913,34719,42
173097126061923,34761,42
173097127132132,34803,42
173097128200621,34845,42
173097129277288,34887,42
173097130363017,34929,42
173097131421402,34971,42
173097132487132,35013,42
173097133564423,35055,42
173097134631090,35097,42
173097135698434,35139,42
173097136780257,35181,42
173097136853954,35223,42
173097137843850,35265,42
173097138909840,35307,42
173097139981402,35349,42
173097141073902,35391,42
173097142444267,35433,42
173097143471507,35475,42
173097144283121,35517,42
173097145349371,35559,42
173097146424944,35601,42
173097147486507,35643,42
173097148559163,35685,42
173097149714319,35727,42
173097150706871,35769,42
173097151775777,35811,42
173097152845100,35853,42
173097152917548,35895,42
173097153910934,35937,42
173097154982704,35979,42
173097156052392,36021,20
173097156122704,36041,42
173097157121507,36083,42
173097158190517,36125,42
173097159259892,36167,42
173097160552965,36209,42
173097161411038,36251,42
173097162478277,36293,42
173097163550257,36335,42
173097164627600,36377,42
173097174678746,36419,42
173097174776871,36461,42
173097174840465,36503,42
173097174898954,36545,42
173097174956090,36587,42
173097175012913,36629,42
173097175071142,36671,42
173097175127913,36713,42
173097175185152,36755,42
173097175242079,36797,42
173097175299788,36839,42
173097176389423,36881,42
173097177471871,36923,42
173097178534371,36965,42
173097179610882,37007,42
173097180798173,37049,42
173097181777861,37091,42
173097182848434,37133,42
173097183939788,37175,42
173097184992027,37217,42
173097186060361,37259,42
173097186132496,37301,42
173097187130986,37343,42
173097188198642,37385,42
173097189266559,37427,42
173097189338954,37469,20
173097190389892,37489,42
173097191413954,37531,42
173097192485152,37573,42
173097193555204,37615,42
173097194622184,37657,42
173097195699892,37699,42
173097196762965,37741,42
173097197833798,37783,42
173097198906142,37825,42
173097199977132,37867,42
173097201067184,37909,42
173097202127496,37951,42
173097202199423,37993,42
173097203195934,38035,42
173097204266559,38077,42
173097205337392,38119,42
173097206410882,38161,42
173097207479371,38203,42
173097208551507,38245,42
173097209626194,38287,42
173097210698225,38329,42
173097211776819,38371,42
173097212839163,38413,42
173097213916923,38455,42
173097214980048,38497,42
173097216056975,38539,42
173097217126923,38581,42
173097218191663,38623,42
173097219259475,38665,42
173097219332496,38707,42
173097220480569,38749,42
173097221411038,38791,42
173097222476194,38833,42
173097222549163,38875,20
173097223543329,38895,42
173097224614736,38937,42
173097225684371,38979,42
173097226752600,39021,42
173097227822027,39063,42
173097228889788,39105,42
173097229970777,39147,42
173097231045934,39189,42
173097232113434,39231,42
173097233181350,39273,42
173097234257444,39315,42
173097235331715,39357,42
173097236397809,39399,42
173097236471350,39441,42
173097237465517,39483,42
173097238535204,39525,42
173097239602288,39567,42
173097240763225,39609,42
173097241761090,39651,42
173097242828069,39693,42
173097243909111,39735,42
173097244970204,39777,42
173097246045725,39819,42
173097247106507,39861,42
173097248187444,39903,42
173097249256871,39945,42
173097250345100,39987,42
173097251397236,40029,42
173097252466298,40071,42
173097252537548,40113,42
173097253533225,40155,42
173097254683277,40197,42
173097255673746,40239,42
173097256744163,40281,20
173097256814007,40301,42
173097257814111,40343,42
173097258884788,40385,42
173097259950725,40427,42
173097261045413,40469,42
173097262120621,40511,42
173097263183382,40553,42
173097264263121,40595,42
173097265324631,40637,42
173097266396298,40679,42
173097267463538,40721,42
173097268535881,40763,42
173097269605673,40805,42
173097269678434,40847,42
173097270692913,40889,42
173097271761559,40931,42
173097272833642,40973,42
173097273898746,41015,42
173097274966611,41057,42
173097276056142,41099,42
173097277130881,41141,42
173097278192913,41183,42
173097279251767,41225,42
173097280366090,41267,42
173097281392288,41309,42
173097282466194,41351,42
173097283536402,41393,42
173097284603798,41435,42
173097285678798,41477,42
173097285752288,41519,42
173097286750569,41561,42
173097287820309,41603,42
173097288888121,41645,42
173097290309163,41687,20
173097290408225,41707,42
173097291098642,41749,42
173097292112861,41791,42
173097293180152,41833,42
173097294247652,41875,42
173097295319319,41917,42
173097296405465,41959,42
173097297477340,42001,42
173097298535152,42043,42
173097299601975,42085,42
173097300692965,42127,42
173097301760204,42169,42
173097301834423,42211,42
173097302828329,42253,42
173097303902079,42295,42
173097304972652,42337,42
173097306040725,42379,42
173097307149267,42421,42
173097308180777,42463,42
173097309246767,42505,42
173097310338902,42547,42
173097311393642,42589,42
173097312470517,42631,42
173097313530673,42673,42
173097314617444,42715,42
173097315679006,42757,42
173097316745256,42799,42
173097317820934,42841,42
173097318890309,42883,42
173097318963277,42925,42
173097319963746,42967,42
173097321040465,43009,42
173097322111090,43051,42
173097323178121,43093,20
173097323250725,43113,42
173097324249006,43155,42
173097325319631,43197,42
173097326387496,43239,42
173097327459579,43281,42
173097328547288,43323,42
173097329602548,43365,42
173097330753277,43407,42
173097331766246,43449,42
173097332825309,43491,42
173097333893642,43533,42
173097334962600,43575,42
173097335033642,43617,42
173097336037236,43659,42
173097337106350,43701,42
173097338174319,43743,42
173097339246038,43785,42
173097340386038,43827,42
173097341394527,43869,42
173097342461611,43911,42
173097343530777,43953,42
173097344597600,43995,42
173097345706402,44037,42
173097346744840,44079,42
173097347844788,44121,42
173097348897652,44163,42
173097349975256,44205,42
173097351050829,44247,42
173097351137652,44289,42
173097352121559,44331,42
173097353189996,44373,42
173097354313694,44415,42
173097355501559,44457,42
173097356461975,44499,20
173097356540256,44519,42
173097357514475,44561,42
173097358584059,44603,42
173097359661038,44645,42
173097360965413,44687,42
173097361821298,44729,42
173097362881923,44771,42
173097364046871,44813,42
173097365015152,44855,42
173097366085829,44897,42
173097367157079,44939,42
173097367229319,44981,42
173097368229215,45023,42
173097369300934,45065,42
173097370380100,45107,42
173097371444319,45149,42
173097372511038,45191,42
173097373665777,45233,42
173097374658017,45275,42
173097375720048,45317,42
173097376806246,45359,42
173097377862548,45401,42
173097378958486,45443,42
173097380125777,45485,42
173097381089163,45527,42
173097382161142,45569,42
173097383231350,45611,42
173097384295413,45653,42
173097384366142,45695,42
173097385363486,45737,42
173097386438121,45779,42
173097387515986,45821,42
173097388581454,45863,42
173097389648902,45905,20
173097389720986,45925,42
173097390730048,45967,42
173097391799111,46009,42
173097392869371,46051,42
173097393936246,46093,42
173097395004840,46135,42
173097396086767,46177,42
173097397147392,46219,42
173097398216142,46261,42
173097399287340,46303,42
173097400390465,46345,42
173097400474579,46387,42
173097401434684,46429,42
173097402498590,46471,42
173097403567965,46513,42
173097404639736,46555,42
173097405707444,46597,42
173097406779423,46639,42
173097407846350,46681,42
173097408917236,46723,42
173097409998329,46765,42
173097411169163,46807,42
173097412147809,46849,42
173097413206038,46891,42
173097414282079,46933,42
173097415353069,46975,42
173097416433850,47017,42
173097417487861,47059,42
173097417560829,47101,42
173097418558798,47143,42
173097419627340,47185,42
173097420739631,47227,42
173097421808642,47269,42
173097422878121,47311,20
173097422951454,47331,42
173097423948017,47373,42
173097425015777,47415,42
173097426088121,47457,42
173097427160777,47499,42
173097428228746,47541,42
173097429314475,47583,42
173097430404059,47625,42
173097431459267,47667,42
173097432524059,47709,42
173097433593642,47751,42
173097433666246,47793,42
173097434666923,47835,42
173097435734579,47877,42
173097436804631,47919,42
173097437881246,47961,42
173097438948538,48003,42
173097440116298,48045,42
173097441096923,48087,42
173097442169475,48129,42
173097443243069,48171,42
173097444316246,48213,42
173097445393017,48255,42
173097446453798,48297,42
173097447525569,48339,42
173097448592079,48381,42
173097449756194,48423,42
173097449828798,48465,42
173097450747548,48507,42
173097451813277,48549,42
173097452881715,48591,42
173097453950204,48633,42
173097455016819,48675,42
173097456088746,48717,42
173097456161611,48759,20
173097457167340,48779,42
173097458235100,48821,42
173097459302392,48863,42
173097460390777,48905,42
173097461437496,48947,42
173097462507340,48989,42
173097463574006,49031,42
173097464648225,49073,42
173097465718121,49115,42
173097466790569,49157,42
173097466863486,49199,42
173097467859944,49241,42
173097468931506,49283,42
173097470250465,49325,42
173097471101871,49367,42
173097472168850,49409,42
173097473235621,49451,42
173097474303694,49493,42
173097475372756,49535,42
173097476442809,49577,42
173097477510829,49619,42
173097478582809,49661,42
173097479653850,49703,42
173097480742079,49745,42
173097481806246,49787,42
173097482877184,49829,42
173097483044788,49871,42
173097483950517,49913,42
173097485032600,49955,42
173097486097965,49997,42
173097487170777,50039,42
173097488240829,50081,42
173097489313954,50123,42
173097489387340,50165,20
173097490394475,50185,42
173097491454892,50227,42
173097492523017,50269,42
173097493591506,50311,42
173097494661767,50353,42
173097495730621,50395,42
173097496799163,50437,42
173097497874631,50479,42
173097498961975,50521,42
173097500128017,50563,42
173097500214267,50605,42
173097501109840,50647,42
173097502177027,50689,42
173097503242756,50731,42
173097504310777,50773,42
173097505382600,50815,42
173097506451142,50857,42
173097507522131,50899,42
173097508595777,50941,42
173097509658433,50983,42
173097510742444,51025,42
173097511805517,51067,42
173097512892600,51109,42
173097513965725,51151,42
173097515030152,51193,42
173097516101454,51235,42
173097516173173,51277,42
173097517176246,51319,42
173097518239215,51361,42
173097519311298,51403,42
173097520413486,51445,42
173097521474996,51487,42
173097522524371,51529,42
173097522595569,51571,20
173097523590569,51591,42
173097524662496,51633,42
173097525729579,51675,42
173097526817913,51717,42
173097527886923,51759,42
173097528949423,51801,42
173097530128069,51843,42
173097531102236,51885,42
173097532166298,51927,42
173097532239163,51969,42
173097533233902,52011,42
173097534306819,52053,42
173097535378902,52095,42
173097536447808,52137,42
173097537516871,52179,42
173097538589840,52221,42
173097539661715,52263,42
173097540784736,52305,42
173097541854267,52347,42
173097542914840,52389,42
173097543979892,52431,42
173097545052965,52473,42
173097546124996,52515,42
173097547191975,52557,42
173097548267288,52599,42
173097548340413,52641,42
173097549332808,52683,42
173097550418850,52725,42
173097551477913,52767,42
173097552547392,52809,42
173097553617496,52851,42
173097554746715,52893,42
173097555795308,52935,42
173097555868069,52977,20
173097556854163,52997,42
173097557916767,53039,42
173097558982808,53081,42
173097560069371,53123,42
173097561138433,53165,42
173097562194788,53207,42
173097563254111,53249,42
173097564322392,53291,42
173097565419527,53333,42
173097565490673,53375,42
173097566481767,53417,42
173097567542183,53459,42
173097568671454,53501,42
173097569732756,53543,42
173097570836298,53585,42
173097571896246,53627,42
173097572964267,53669,42
173097574033381,53711,42
173097575104788,53753,42
173097576168902,53795,42
173097577245673,53837,42
173097578316715,53879,42
173097579385777,53921,42
173097580475881,53963,42
173097580560256,54005,42
173097581525204,54047,42
173097582648017,54089,42
173097583712444,54131,42
173097584785308,54173,42
173097585858642,54215,42
173097586935777,54257,42
173097588078642,54299,42
173097589082652,54341,42
173097590244996,54383,20
173097590336246,54403,42
173097591237704,54445,42
173097592306142,54487,42
173097593380777,54529,42
173097594450986,54571,42
173097595524163,54613,42
173097596609944,54655,42
173097596685673,54697,42
173097597677340,54739,42
173097598751558,54781,42
173097599833017,54823,42
173097600912079,54865,42
173097601978381,54907,42
173097603052131,54949,42
173097604122548,54991,42
173097605196975,55033,42
173097606269631,55075,42
173097607348069,55117,42
173097608417340,55159,42
173097609492496,55201,42
173097610633642,55243,42
173097611642704,55285,42
173097611718746,55327,42
173097612709006,55369,42
173097613779631,55411,42
173097614852965,55453,42
173097615924840,55495,42
173097617023850,55537,42
173097618090829,55579,42
173097619165361,55621,42
173097620280881,55663,42
173097621387340,55705,42
173097622386923,55747,42
173097623467079,55789,20
173097623541819,55809,42
173097624536611,55851,42
173097625612808,55893,42
173097626684006,55935,42
173097627829371,55977,42
173097627915569,56019,42
173097628821142,56061,42
173097630130152,56103,42
173097630967756,56145,42
173097632028590,56187,42
173097637862288,56229,42
173097637956298,56271,42
173097638024475,56313,42
173097638084683,56355,42
173097638145621,56397,42
173097638451142,56439,42
173097639518121,56481,42
173097640690777,56523,42
173097641746611,56565,42
173097642814423,56607,42
173097643881194,56649,42
173097643949423,56691,42
173097644960465,56733,42
173097646022027,56775,42
173097647099111,56817,42
173097648160465,56859,42
173097649235777,56901,42
173097650353850,56943,42
173097651408746,56985,42
173097652486402,57027,42
173097653550256,57069,42
173097654621402,57111,42
173097655691715,57153,42
173097656760933,57195,20
173097656830100,57215,42
173097657829215,57257,42
173097658901923,57299,42
173097659971611,57341,42
173097660233381,57383,42
173097661064058,57425,42
173097662128486,57467,42
173097663198121,57509,42
173097664260569,57551,42
173097665328017,57593,42
173097666401246,57635,42
173097667470361,57677,42
173097668535777,57719,42
173097669607183,57761,42
173097670692652,57803,42
173097671754579,57845,42
173097672824371,57887,42
173097673893329,57929,42
173097674962652,57971,42
173097676039527,58013,42
173097676113538,58055,42
173097677103225,58097,42
173097678178746,58139,42
173097679240465,58181,42
173097680369527,58223,42
173097681378694,58265,42
173097682441715,58307,42
173097683617444,58349,42
173097684679840,58391,42
173097685748694,58433,42
173097686821663,58475,42
173097687892652,58517,42
173097688964475,58559,42
173097690163694,58601,20
173097690247652,58621,42
173097691120881,58663,42
173097692185100,58705,42
173097692252079,58747,42
173097693251506,58789,42
173097694326506,58831,42
173097695387965,58873,42
173097696456038,58915,42
173097697574996,58957,42
173097698594058,58999,42
173097699666142,59041,42
173097700776558,59083,42
173097701834579,59125,42
173097702904527,59167,42
173097703973902,59209,42
173097705042808,59251,42
173097706112548,59293,42
173097707357496,59335,42
173097708259892,59377,42
173097708331923,59419,42
173097709320256,59461,42
173097710408642,59503,42
173097711461350,59545,42
173097712529423,59587,42
173097713600204,59629,42
173097714668954,59671,42
173097715738381,59713,42
173097716894423,59755,42
173097717883433,59797,42
173097718952548,59839,42
173097720116038,59881,42
173097721108381,59923,42
173097722183954,59965,42
173097723247600,60007,42
173097723318485,60049,20
173097724314267,60069,42
173097725381923,60111,42
173097725450881,60153,42
173097726457183,60195,42
173097727521142,60237,42
173097728591142,60279,42
173097729662079,60321,42
173097730831454,60363,42
173097731814527,60405,42
173097732882340,60447,42
173097733948642,60489,42
173097735020256,60531,42
173097736094735,60573,42
173097737161871,60615,42
173097738231246,60657,42
173097739297340,60699,42
173097740457496,60741,42
173097741441819,60783,42
173097741508746,60825,42
173097742508277,60867,42
173097743576194,60909,42
173097744645569,60951,42
173097745711246,60993,42
173097746783954,61035,42
173097747850673,61077,42
173097748922600,61119,42
173097749996767,61161,42
173097751071610,61203,42
173097752138121,61245,42
173097753207704,61287,42
173097754275204,61329,42
173097755348590,61371,42
173097756414944,61413,42
173097756540673,61455,20
173097757488850,61475,42
173097758556090,61517,42
173097758622444,61559,42
173097759625621,61601,42
173097760718485,61643,42
173097761773850,61685,42
173097762845100,61727,42
173097763915569,61769,42
173097764989319,61811,42
173097766056923,61853,42
173097767126558,61895,42
173097768196350,61937,42
173097769269215,61979,42
173097770352079,62021,42
173097771405413,62063,42
173097772477131,62105,42
173097773548642,62147,42
173097774619944,62189,42
173097775684683,62231,42
173097775752027,62273,42
173097776753798,62315,42
173097777830777,62357,42
173097778895985,62399,42
173097779963850,62441,42
173097781048850,62483,42
173097782111402,62525,42
173097783236454,62567,42
173097784256975,62609,42
173097785326454,62651,42
173097786391975,62693,42
173097787460985,62735,42
173097788608485,62777,42
173097789676923,62819,42
173097789745152,62861,20
173097790966350,62881,42
173097791059788,62923,42
173097791867392,62965,42
173097792924163,63007,42
173097793998017,63049,42
173097795074892,63091,42
173097796143902,63133,42
173097797222131,63175,42
173097798298173,63217,42
173097799369319,63259,42
173097800458069,63301,42
173097801517600,63343,42
173097802596350,63385,42
173097803664892,63427,42
173097804870829,63469,42
173097805829579,63511,42
173097806897027,63553,42
173097807975673,63595,42
173097808052392,63637,42
173097809048433,63679,42
173097810210777,63721,42
173097811201975,63763,42
173097812269996,63805,42
173097813346454,63847,42
173097814416715,63889,42
173097815495829,63931,42
173097816572235,63973,42
173097817650829,64015,42
173097818852652,64057,42
173097819808433,64099,42
173097820891090,64141,42
173097821964006,64183,42
173097822038590,64225,42
173097823039163,64267,20
173097823113485,64287,42
173097824109006,64329,42
173097825181558,64371,42
173097826256246,64413,42
173097827328121,64455,42
173097828397444,64497,42
173097829475933,64539,42
173097830659944,64581,42
173097831631923,64623,42
173097832828017,64665,42
173097833792131,64707,42
173097834817965,64749,42
173097835878381,64791,42
173097836942235,64833,42
173097838007183,64875,42
173097838076663,64917,42
173097839072131,64959,42
173097840460725,65001,42
173097841212548,65043,42
173097842318850,65085,42
173097843375465,65127,42
173097844443746,65169,42
173097845523225,65211,42
173097846721923,65253,42
173097847684058,65295,42
173097848746090,65337,42
173097849839475,65379,42
173097850899683,65421,42
173097851974840,65463,42
173097853049996,65505,42
173097854130048,65547,42
173097855212392,65589,42
173097855289110,65631,42
173097856288069,65673,20
173097856365100,65693,42
173097857358329,65735,42
173097858433277,65777,42
173097859504788,65819,42
173097860755725,65861,42
173097861662131,65903,42
173097862732079,65945,42
173097863806715,65987,42
173097864885933,66029,42
173097865961298,66071,42
173097867035048,66113,42
173097868105985,66155,42
173097869179267,66197,42
173097870271871,66239,42
173097870358173,66281,42
173097871334058,66323,42
173097872407027,66365,42
173097873483017,66407,42
173097874575933,66449,42
173097875616142,66491,42
173097876667235,66533,42
173097877742496,66575,42
173097878798017,66617,42
173097879869944,66659,42
173097880980881,66701,42
173097882049006,66743,42
173097883123433,66785,42
173097884198069,66827,42
173097885271402,66869,42
173097886350204,66911,42
173097886426663,66953,42
173097887421246,66995,42
173097888575308,67037,42
173097889580256,67079,20
173097889657079,67099,42
173097890662444,67141,42
173097891732444,67183,42
173097892807913,67225,42
173097893880413,67267,42
173097894950881,67309,42
173097896029735,67351,42
173097897101298,67393,42
173097898184892,67435,42
173097899257079,67477,42
173097900348694,67519,42
173097901411715,67561,42
173097902504735,67603,42
173097902580569,67645,42
173097903563485,67687,42
173097904635725,67729,42
173097905712444,67771,42
173097906781871,67813,42
173097907856819,67855,42
173097908931298,67897,42
173097910094579,67939,42
173097911078850,67981,42
173097912155725,68023,42
173097913225360,68065,42
173097914302756,68107,42
173097915372652,68149,42
173097916459319,68191,42
173097917534892,68233,42
173097917610465,68275,42
173097918600465,68317,42
173097919673329,68359,42
173097920782548,68401,42
173097921850725,68443,42
173097922931923,68485,20
173097923005829,68505,42
173097924005933,68547,42
173097925080725,68589,42
173097926152808,68631,42
173097927228694,68673,42
173097928300673,68715,42
173097929374787,68757,42
173097930466975,68799,42
173097931534371,68841,42
173097932602965,68883,42
173097933682340,68925,42
173097933759006,68967,42
173097934753225,69009,42
173097935824944,69051,42
173097936900048,69093,42
173097937974683,69135,42
173097939046350,69177,42
173097940227079,69219,42
173097941206298,69261,42
173097942271298,69303,42
173097943346454,69345,42
173097944433902,69387,42
173097945496037,69429,42
173097946571767,69471,42
173097947641037,69513,42
173097948721454,69555,42
173097948797860,69597,42
173097949792600,69639,42
173097950878433,69681,42
173097951948381,69723,42
173097953018954,69765,42
173097954092965,69807,42
173097955281037,69849,42
173097956255465,69891,42
173097956330933,69933,20
173097957320204,69953,42
173097958410048,69995,42
173097959476246,70037,42
173097960644996,70079,42
173097961615777,70121,42
173097962691923,70163,42
173097963767392,70205,42
173097964848069,70247,42
173097964925256,70289,42
173097965916923,70331,42
173097966992444,70373,42
173097968066194,70415,42
173097969139475,70457,42
173097970230256,70499,42
173097971286923,70541,42
173097972397548,70583,42
173097973460881,70625,42
173097974533381,70667,42
173097975609631,70709,42
173097976679371,70751,42
173097977751923,70793,42
173097978827340,70835,42
173097979899579,70877,42
173097980995204,70919,42
173097981084319,70961,42
173097982055673,71003,42
173097983130360,71045,42
173097984206142,71087,42
173097985280360,71129,42
173097986373590,71171,42
173097987419579,71213,42
173097988481923,71255,42
173097989543902,71297,42
173097989612912,71339,20
173097990764423,71359,42
173097991819579,71401,42
173097992884215,71443,42
173097993947235,71485,42
173097995018902,71527,42
173097995087183,71569,42
173097996125829,71611,42
173097997182965,71653,42
173097998259110,71695,42
173097999329267,71737,42
173098000441194,71779,42
173098001491558,71821,42
173098002558433,71863,42
173098003631871,71905,42
173098004710100,71947,42
173098005783433,71989,42
173098006859579,72031,42
173098007935725,72073,42
173098009008277,72115,42
173098010178746,72157,42
173098010270985,72199,42
173098011170777,72241,42
173098012236037,72283,42
173098013305048,72325,42
173098014392131,72367,42
173098015455517,72409,42
173098016533590,72451,42
173098017603485,72493,42
173098018676246,72535,42
173098019750465,72577,42
173098020846246,72619,42
173098021913225,72661,42
173098022988694,72703,42
173098023064423,72745,20
173098024057496,72765,42
173098025130360,72807,42
173098026208642,72849,42
173098026284423,72891,42
173098027279267,72933,42
173098028367600,72975,42
173098029423694,73017,42
173098030508694,73059,42
173098031579683,73101,42
173098032649423,73143,42
173098033721558,73185,42
173098034795204,73227,42
173098035869006,73269,42
173098036943329,73311,42
173098038018850,73353,42
173098039091558,73395,42
173098040195204,73437,42
173098041248954,73479,42
173098042330360,73521,42
173098042405673,73563,42
173098043393277,73605,42
173098044470152,73647,42
173098045541402,73689,42
173098046621454,73731,42
173098047688433,73773,42
173098048764735,73815,42
173098049835725,73857,42
173098050922392,73899,42
173098051993954,73941,42
173098053066037,73983,42
173098054138121,74025,42
173098055214267,74067,42
173098056307860,74109,42
173098056385204,74151,20
173098057378381,74171,42
173098057453694,74213,42
173098058444735,74255,42
173098059516246,74297,42
173098060683902,74339,42
173098061753850,74381,42
173098062824006,74423,42
173098063898798,74465,42
173098064976246,74507,42
173098066048798,74549,42
173098067121819,74591,42
173098068196454,74633,42
173098069398694,74675,42
173098070362756,74717,42
173098071419683,74759,42
173098072497652,74801,42
173098072571142,74843,42
173098073568694,74885,42
173098074643746,74927,42
173098075718069,74969,42
173098076783642,75011,42
173098077858433,75053,42
173098078930621,75095,42
173098080102808,75137,42
173098081084840,75179,42
173098082155673,75221,42
173098083363433,75263,42
173098084313069,75305,42
173098085376558,75347,42
173098086451142,75389,42
173098087526090,75431,42
173098088610152,75473,42
173098088684110,75515,42
173098089678485,75557,20
173098089753954,75577,42
173098090760881,75619,42
173098091831871,75661,42
173098092912183,75703,42
173098093980517,75745,42
173098095056194,75787,42
173098096127808,75829,42
173098097335569,75871,42
173098098290777,75913,42
173098099356715,75955,42
173098100442704,75997,42
173098101505881,76039,42
173098102578798,76081,42
173098103654475,76123,42
173098104733850,76165,42
173098104809006,76207,42
173098105803537,76249,42
173098106880256,76291,42
173098107958485,76333,42
173098109028381,76375,42
173098110188850,76417,42
173098111221610,76459,42
173098112268277,76501,42
173098113330881,76543,42
173098114408642,76585,42
173098115477287,76627,42
173098116558173,76669,42
173098117627704,76711,42
173098118699840,76753,42
173098119779735,76795,42
173098119853954,76837,42
173098120864527,76879,42
173098121934683,76921,42
173098123012131,76963,20
173098123086975,76983,42
173098124082912,77025,42
173098125182287,77067,42
173098126219944,77109,42
173098127273069,77151,42
173098128375204,77193,42
173098129441715,77235,42
173098130522131,77277,42
173098131598798,77319,42
173098132669475,77361,42
173098133746037,77403,42
173098134815881,77445,42
173098135897912,77487,42
173098135973902,77529,42
173098136969527,77571,42
173098138040152,77613,42
173098139202756,77655,42
173098140214319,77697,42
173098141270152,77739,42
173098142342548,77781,42
173098143414475,77823,42
173098144487131,77865,42
173098145558121,77907,42
173098146640204,77949,42
173098147709006,77991,42
173098148784371,78033,42
173098149865152,78075,42
173098150941246,78117,42
173098152015412,78159,42
173098152089787,78201,42
173098153115464,78243,42
173098154168537,78285,42
173098155241923,78327,42
173098156319579,78369,20
173098156395881,78389,42
173098157398433,78431,42
173098158468537,78473,42
173098159540517,78515,42
173098160633433,78557,42
173098161700517,78599,42
173098162776714,78641,42
173098163846298,78683,42
173098164926089,78725,42
173098165996871,78767,42
173098167089579,78809,42
173098167164787,78851,42
173098168154319,78893,42
173098169224944,78935,42
173098170305881,78977,42
173098171373850,79019,42
173098172441975,79061,42
173098173517756,79103,42
173098174591662,79145,42
173098175664475,79187,42
173098176738017,79229,42
173098177813069,79271,42
173098178888225,79313,42
173098179960725,79355,42
173098181051871,79397,42
173098182115673,79439,42
173098183201558,79481,42
173098183276819,79523,42
173098184267339,79565,42
173098185338017,79607,42
173098186415412,79649,42
173098187486767,79691,42
173098188564319,79733,42
173098189640204,79775,20
173098189713642,79795,42
173098190719839,79837,42
173098191791975,79879,42
173098192865829,79921,42
173098193939371,79963,42
173098195025412,80005,42
173098196092756,80047,42
173098197164319,80089,42
173098198251142,80131,42
173098198326402,80173,42
173098199315308,80215,42
173098200517704,80257,42
173098201452079,80299,42
173098202515152,80341,42
173098203578225,80383,42
173098204648121,80425,42
173098205763798,80467,42
173098206816089,80509,42
173098207883173,80551,42
173098208961194,80593,42
173098210216714,80635,42
173098211095464,80677,42
173098212172600,80719,42
173098213238017,80761,42
173098214299371,80803,42
173098215384319,80845,42
173098215452496,80887,42
173098216542183,80929,42
173098217516089,80971,42
173098218582496,81013,42
173098219650829,81055,42
173098220759214,81097,42
173098221894058,81139,42
173098222965777,81181,42
173098223039319,81223,20
173098224030569,81243,42
173098225098902,81285,42
173098226166714,81327,42
173098227231819,81369,42
173098228317339,81411,42
173098229375412,81453,42
173098230463277,81495,42
173098230549006,81537,42
173098231522496,81579,42
173098232579058,81621,42
173098233646142,81663,42
173098234714267,81705,42
173098235786506,81747,42
173098236867444,81789,42
173098237932183,81831,42
173098238999319,81873,42
173098240391662,81915,42
173098241154787,81957,42
173098242211975,81999,42
173098243276923,82041,42
173098244356350,82083,42
173098245417183,82125,42
173098246492027,82167,42
173098247566975,82209,42
173098247641767,82251,42
173098248628433,82293,42
173098249700412,82335,42
173098250793485,82377,42
173098251854162,82419,42
173098252919371,82461,42
173098253990256,82503,42
173098255059944,82545,42
173098256129527,82587,42
173098256196662,82629,20
173098257197287,82649,42
173098258266454,82691,42
173098259341819,82733,42
173098260456194,82775,42
173098261477027,82817,42
173098262556767,82859,42
173098263613954,82901,42
173098263683694,82943,42
173098264700569,82985,42
173098265760256,83027,42
173098266826662,83069,42
173098267895360,83111,42
173098268963537,83153,42
173098270248485,83195,42
173098271119579,83237,42
173098272179787,83279,42
173098273246194,83321,42
173098274320256,83363,42
173098275394944,83405,42
173098276466662,83447,42
173098277543954,83489,42
173098278610100,83531,42
173098279667183,83573,42
173098280778485,83615,42
173098280866506,83657,42
173098281835308,83699,42
173098282910464,83741,42
173098283978277,83783,42
173098285040569,83825,42
173098286111089,83867,42
173098287195100,83909,42
173098288256506,83951,42
173098289319944,83993,42
173098289387392,84035,20
173098290399423,84055,42
173098291463277,84097,42
173098292546662,84139,42
173098293607079,84181,42
173098294672235,84223,42
173098295740725,84265,42
173098296817600,84307,42
173098297928069,84349,42
173098298005152,84391,42
173098298958381,84433,42
173098300397235,84475,42
173098301107235,84517,42
173098302168485,84559,42
173098303236298,84601,42
173098304305048,84643,42
173098305373694,84685,42
173098306460569,84727,42
173098307521089,84769,42
173098308584475,84811,42
173098309651819,84853,42
173098310743902,84895,42
173098311802392,84937,42
173098312876089,84979,42
173098313940569,85021,42
173098314008642,85063,42
173098315012756,85105,42
173098316076298,85147,42
173098317156037,85189,42
173098318217079,85231,42
173098319285985,85273,42
173098320402756,85315,42
173098321470673,85357,42
173098322501506,85399,42
173098322570048,85441,20
173098323567548,85461,42
173098324641298,85503,42
173098325709944,85545,42
173098326780829,85587,42
173098327852235,85629,42
173098328925933,85671,42
173098329990725,85713,42
173098331074735,85755,42
173098331158433,85797,42
173098332136975,85839,42
173098333206037,85881,42
173098334288121,85923,42
173098335349944,85965,42
173098336416350,86007,42
173098337487392,86049,42
173098338556767,86091,42
173098339624475,86133,42
173098340739996,86175,42
173098341804214,86217,42
173098342866923,86259,42
173098343947027,86301,42
173098345005777,86343,42
173098346079058,86385,42
173098347149735,86427,42
173098347217027,86469,42
173098348232496,86511,42
173098349303589,86553,42
173098350372392,86595,42
173098351430464,86637,42
173098352503850,86679,42
173098353570100,86721,42
173098354640100,86763,42
173098355710152,86805,42
173098356778225,86847,20
173098356847235,86867,42
173098357905308,86909,42
173098358958537,86951,42
173098360296037,86993,42
173098361136350,87035,42
173098362207391,87077,42
173098363287964,87119,42
173098363368173,87161,42
173098364343277,87203,42
173098365413069,87245,42
173098366535204,87287,42
173098367632287,87329,42
173098368688954,87371,42
173098369741089,87413,42
173098370822027,87455,42
173098371898694,87497,42
173098372967704,87539,42
173098374041975,87581,42
173098375116766,87623,42
173098376191766,87665,42
173098377261298,87707,42
173098378358381,87749,42
173098379414996,87791,42
173098379488225,87833,42
173098380522548,87875,42
173098381551871,87917,42
173098382623902,87959,42
173098383692496,88001,42
173098384758902,88043,42
173098385826923,88085,42
173098386900569,88127,42
173098388046714,88169,42
173098389038746,88211,42
173098390349683,88253,20
173098390439735,88273,42
173098391259735,88315,42
173098391332704,88357,42
173098393377704,88399,42
173098394442339,88441,42
173098394513173,88483,42
173098395503121,88525,42
173098396580985,88567,42
173098397636246,88609,42
173098398699475,88651,42
173098399779579,88693,42
173098400966714,88735,42
173098402023537,88777,42
173098403081871,88819,42
173098404146350,88861,42
173098405208589,88903,42
173098406272339,88945,42
173098407331871,88987,42
173098408396037,89029,42
173098409456298,89071,42
173098410735204,89113,42
173098411600569,89155,42
173098411676506,89197,42
173098412654787,89239,42
173098413723850,89281,42
173098414779631,89323,42
173098415846819,89365,42
173098416910204,89407,42
173098418016246,89449,42
173098419079371,89491,42
173098420438850,89533,42
173098421218954,89575,42
173098422274319,89617,42
173098423336610,89659,20
173098423407704,89679,42
173098424402287,89721,42
173098425466506,89763,42
173098426527079,89805,42
173098427591037,89847,42
173098428652391,89889,42
173098428723225,89931,42
173098429717079,89973,42
173098430858694,90015,42
173098431923381,90057,42
173098432982444,90099,42
173098434046766,90141,42
173098435106819,90183,42
173098436169996,90225,42
173098437234423,90267,42
173098438295308,90309,42
173098439360673,90351,42
173098440473954,90393,42
173098441502444,90435,42
173098442571923,90477,42
173098443642183,90519,42
173098444708485,90561,42
173098445820673,90603,42
173098445892704,90645,42
173098446924006,90687,42
173098447949735,90729,42
173098449017496,90771,42
173098450178850,90813,42
173098451163277,90855,42
173098452235516,90897,42
173098453303850,90939,42
173098454369839,90981,42
173098455436662,91023,42
173098456511246,91065,20
173098456583329,91085,42
173098457580308,91127,42
173098458651141,91169,42
173098459792704,91211,42
173098461300360,91253,42
173098461388641,91295,42
173098462073746,91337,42
173098463126923,91379,42
173098464194996,91421,42
173098465263798,91463,42
173098466331610,91505,42
173098467402287,91547,42
173098468474527,91589,42
173098469543694,91631,42
173098470628069,91673,42
173098471690516,91715,42
173098472761923,91757,42
173098473838694,91799,42
173098474906714,91841,42
173098475971819,91883,42
173098476042652,91925,42
173098477046089,91967,42
173098478114110,92009,42
173098479183694,92051,42
173098480275256,92093,42
173098481322756,92135,42
173098482394839,92177,42
173098483465829,92219,42
173098484533225,92261,42
173098485602652,92303,42
173098486672912,92345,42
173098487747496,92387,42
173098488815516,92429,42
173098489886871,92471,42
173098489957860,92513,20
173098490967079,92533,42
173098492034944,92575,42
173098492106141,92617,42
173098493100673,92659,42
173098494167756,92701,42
173098495237964,92743,42
173098496307339,92785,42
173098497422496,92827,42
173098498449735,92869,42
173098499515152,92911,42
173098500738902,92953,42
173098501802652,92995,42
173098502865569,93037,42
173098503937652,93079,42
173098504999683,93121,42
173098506070204,93163,42
173098507158537,93205,42
173098507230516,93247,42
173098508212287,93289,42
173098509279058,93331,42
173098510375412,93373,42
173098511417704,93415,42
173098512491089,93457,42
173098513558902,93499,42
173098514627912,93541,42
173098515701558,93583,42
173098516771871,93625,42
173098517837079,93667,42
173098518908016,93709,42
173098519978277,93751,42
173098521068954,93793,42
173098522130933,93835,42
173098523201819,93877,42
173098523271194,93919,20
173098524272496,93939,42
173098524341714,93981,42
173098525340985,94023,42
173098526406766,94065,42
173098527476298,94107,42
173098528546558,94149,42
173098529621975,94191,42
173098530773381,94233,42
173098531769214,94275,42
173098532837496,94317,42
173098533905933,94359,42
173098534977079,94401,42
173098536044579,94443,42
173098537113850,94485,42
173098538183902,94527,42
173098539255100,94569,42
173098540402339,94611,42
173098540487339,94653,42
173098541394839,94695,42
173098542461975,94737,42
173098543540777,94779,42
173098544604058,94821,42
173098545673850,94863,42
173098546741454,94905,42
173098547813277,94947,42
173098548878902,94989,42
173098549952079,95031,42
173098551032287,95073,42
173098552102287,95115,42
173098553168016,95157,42
173098554237027,95199,42
173098555305881,95241,42
173098556376923,95283,42
173098556448850,95325,20
173098557453069,95345,42
173098557525569,95387,42
173098558520829,95429,42
173098559586819,95471,42
173098560681089,95513,42
173098561740829,95555,42
173098562809110,95597,42
173098563877912,95639,42
173098564949423,95681,42
173098566019110,95723,42
173098567085621,95765,42
173098568158902,95807,42
173098569224996,95849,42
173098570310256,95891,42
173098571373121,95933,42
173098572446141,95975,42
173098573528381,96017,42
173098574585152,96059,42
173098574658589,96101,42
173098575653225,96143,42
173098576723850,96185,42
173098577791246,96227,42
173098578862600,96269,42
173098579932235,96311,42
173098581015516,96353,42
173098582077756,96395,42
173098583177912,96437,42
173098584214683,96479,42
173098585295256,96521,42
173098586361454,96563,42
173098587429631,96605,42
173098588498693,96647,42
173098589570204,96689,42
173098589642027,96731,20
173098590664579,96751,42
173098590747912,96793,42
173098591727339,96835,42
173098592791037,96877,42
173098593860360,96919,42
173098594926193,96961,42
173098595999110,97003,42
173098597068954,97045,42
173098598139266,97087,42
173098599217912,97129,42
173098600320725,97171,42
173098601362808,97213,42
173098602432600,97255,42
173098603500360,97297,42
173098604570568,97339,42
173098605639318,97381,42
173098606707131,97423,42
173098607776506,97465,42
173098607849787,97507,42
173098608848016,97549,42
173098609910360,97591,42
173098611812860,97633,42
173098612360829,97675,42
173098612435308,97717,42
173098614494579,97759,42
173098615567756,97801,42
173098616641037,97843,42
173098617707912,97885,42
173098618775516,97927,42
173098619846714,97969,42
173098619917756,98011,42
173098620937339,98053,42
173098621996871,98095,42
173098623069839,98137,20
173098623139527,98157,42
173098624136923,98199,42
173098625207339,98241,42
173098626282808,98283,42
173098627357652,98325,42
173098628419006,98367,42
173098629485933,98409,42
173098630773641,98451,42
173098631632131,98493,42
173098632696193,98535,42
173098633766766,98577,42
173098634835881,98619,42
173098635901089,98661,42
173098635973016,98703,42
173098636974006,98745,42
173098638042548,98787,42
173098639112391,98829,42
173098640209006,98871,42
173098641258954,98913,42
173098642327704,98955,42
173098643392235,98997,42
173098644461558,99039,42
173098645533381,99081,42
173098646601871,99123,42
173098647669735,99165,42
173098648738381,99207,42
173098649842912,99249,42
173098650890516,99291,42
173098651955621,99333,42
173098653025152,99375,42
173098653098954,99417,42
173098654144787,99459,42
173098655174579,99501,42
173098656238850,99543,20
173098656310725,99563,42
173098657308173,99605,42
173098658374006,99647,42
173098659446141,99689,42
173098660769527,99731,42
173098661614943,99773,42
173098662687496,99815,42
173098663762652,99857,42
173098664840412,99899,42
173098665912079,99941,42
173098666985048,99983,42
173098668068693,100025,42
173098669139214,100067,42
173098669215464,100109,42
173098670219891,100151,42
173098671284527,100193,42
173098672359475,100235,42
173098673435152,100277,42
173098674508798,100319,42
173098675577548,100361,42
173098676651662,100403,42
173098677726193,100445,42
173098678794943,100487,42
173098679869787,100529,42
173098680957339,100571,42
173098682032235,100613,42
173098683209943,100655,42
173098684188016,100697,42
173098684263277,100739,42
173098685255621,100781,42
173098686327131,100823,42
173098687401714,100865,42
173098688540777,100907,42
173098689552027,100949,20
173098689629943,100969,42
173098690643902,101011,42
173098691713537,101053,42
173098692786975,101095,42
173098693855621,101137,42
173098694928641,101179,42
173098696013693,101221,42
173098697072548,101263,42
173098698150673,101305,42
173098699228068,101347,42
173098700406766,101389,42
173098701385829,101431,42
173098701461975,101473,42
173098702453850,101515,42
173098703527183,101557,42
173098704605308,101599,42
173098705676402,101641,42
173098706751246,101683,42
173098707826089,101725,42
173098708898954,101767,42
173098709968746,101809,42
173098711046923,101851,42
173098712119423,101893,42
173098713192756,101935,42
173098714266506,101977,42
173098715338902,102019,42
173098716509162,102061,42
173098717489475,102103,42
173098717564318,102145,42
173098718562287,102187,42
173098719634162,102229,42
173098720727600,102271,42
173098721867079,102313,42
173098722872704,102355,42
173098722947808,102397,20
173098723954839,102417,42
173098725021037,102459,42
173098726092652,102501,42
173098727167339,102543,42
173098728239631,102585,42
173098729310673,102627,42
173098730391246,102669,42
173098731467287,102711,42
173098732540516,102753,42
173098732616558,102795,42
173098733613746,102837,42
173098734684006,102879,42
173098735757652,102921,42
173098736831506,102963,42
173098737910464,103005,42
173098738980777,103047,42
173098740176454,103089,42
173098741134735,103131,42
173098742199423,103173,42
173098743274266,103215,42
173098744344318,103257,42
173098745420777,103299,42
173098746491141,103341,42
173098747561923,103383,42
173098748641089,103425,42
173098748715725,103467,42
173098749805516,103509,42
173098750797235,103551,42
173098751871454,103593,42
173098752942964,103635,42
173098754017548,103677,42
173098755090412,103719,42
173098756175152,103761,42
173098756250933,103803,20
173098757239058,103823,42
173098758313121,103865,42
173098759386454,103907,42
173098760470308,103949,42
173098761530516,103991,42
173098762607027,104033,42
173098763673954,104075,42
173098764758173,104117,42
173098764834110,104159,42
173098765831141,104201,42
173098766907496,104243,42
173098767981089,104285,42
173098769050516,104327,42
173098770235516,104369,42
173098771206506,104411,42
173098772278954,104453,42
173098773350048,104495,42
173098774421766,104537,42
173098775497496,104579,42
173098776570204,104621,42
173098777642808,104663,42
173098778712652,104705,42
173098779790725,104747,42
173098780881298,104789,42
173098780970673,104831,42
173098781948068,104873,42
173098783099318,104915,42
173098784095933,104957,42
173098785164735,104999,42
173098786246350,105041,42
173098787312183,105083,42
173098788390829,105125,42
173098789468433,105167,42
173098789545725,105209,20
173098790543537,105229,42
173098791668693,105271,42
173098792699787,105313,42
173098793762808,105355,42
173098794822548,105397,42
173098795886193,105439,42
173098796984631,105481,42
173098797055829,105523,42
173098798051870,105565,42
173098799134683,105607,42
173098800238068,105649,42
173098801273745,105691,42
173098802346766,105733,42
173098803412339,105775,42
173098804487600,105817,42
173098805559839,105859,42
173098806630777,105901,42
173098807704318,105943,42
173098808770152,105985,42
173098809839214,106027,42
173098810993068,106069,42
173098812041870,106111,42
173098812114318,106153,42
173098813105673,106195,42
173098814167443,106237,42
173098815234266,106279,42
173098816382964,106321,42
173098817397235,106363,42
173098818494527,106405,42
173098819582131,106447,42
173098820662756,106489,42
173098821739683,106531,42
173098822819266,106573,42
173098822897652,106615,20
173098823889266,106635,42
173098824960256,106677,42
173098826031402,106719,42
173098827107339,106761,42
173098827181870,106803,42
173098828176975,106845,42
173098829255933,106887,42
173098830334683,106929,42
173098831404787,106971,42
173098832479527,107013,42
173098833547131,107055,42
173098834620308,107097,42
173098835700725,107139,42
173098836770620,107181,42
173098837847131,107223,42
173098838914527,107265,42
173098839988902,107307,42
173098841068954,107349,42
173098842144683,107391,42
173098843216766,107433,42
173098843292443,107475,42
173098844290204,107517,42
173098845360568,107559,42
173098846432183,107601,42
173098847504058,107643,42
173098848580777,107685,42
173098849743225,107727,42
173098850821089,107769,42
173098851893693,107811,42
173098852967287,107853,42
173098854040152,107895,42
173098855187652,107937,42
173098856196975,107979,42
173098856273641,108021,20
173098857264839,108041,42
173098858346558,108083,42
173098858518850,108125,42
173098859418902,108167,42
173098860508225,108209,42
173098861563120,108251,42
173098862631558,108293,42
173098863711402,108335,42
173098864784943,108377,42
173098865858798,108419,42
173098866928693,108461,42
173098868005048,108503,42
173098869078537,108545,42
173098870255360,108587,42
173098871224839,108629,42
173098872297600,108671,42
173098873373329,108713,42
173098873447183,108755,42
173098874445829,108797,42
173098875514475,108839,42
173098876594214,108881,42
173098877660985,108923,42
173098878740100,108965,42
173098879804475,109007,42
173098880891766,109049,42
173098881966454,109091,42
173098883125516,109133,42
173098884115881,109175,42
173098885188798,109217,42
173098886264058,109259,42
173098887334891,109301,42
173098888406454,109343,42
173098889493693,109385,42
173098889569475,109427,20
173098889632027,109447,42
173098890673589,109489,42
173098891635412,109531,42
173098892707391,109573,42
173098893777808,109615,42
173098894854266,109657,42
173098895920152,109699,42
173098896995152,109741,42
173098898071870,109783,42
173098899141766,109825,42
173098900241089,109867,42
173098901294318,109909,42
173098902371610,109951,42
173098903441662,109993,42
173098904512912,110035,42
173098905598641,110077,42
173098905675777,110119,42
173098906664162,110161,42
173098907739631,110203,42
173098908811870,110245,42
173098909884318,110287,42
173098911023277,110329,42
173098912093902,110371,42
173098913150933,110413,42
173098914254891,110455,42
173098915320412,110497,42
173098916494839,110539,42
173098917478120,110581,42
173098918549006,110623,42
173098919626089,110665,42
173098920719214,110707,42
173098920807443,110749,42
173098921854631,110791,42
173098922863329,110833,20
173098922939006,110853,42
173098923935829,110895,42
173098925008433,110937,42
173098926082808,110979,42
173098927154995,111021,42
173098928227287,111063,42
173098929306350,111105,42
173098930387391,111147,42
173098931452652,111189,42
173098932528433,111231,42
173098933603589,111273,42
173098934676923,111315,42
173098935746662,111357,42
173098936828902,111399,42
173098936903850,111441,42
173098937904683,111483,42
173098938976298,111525,42
173098940184839,111567,42
173098941131506,111609,42
173098942199475,111651,42
173098943276298,111693,42
173098944345152,111735,42
173098945418329,111777,42
173098946492704,111819,42
173098947566037,111861,42
173098948637756,111903,42
173098949798798,111945,42
173098950804162,111987,42
173098951882131,112029,42
173098951958589,112071,42
173098952952131,112113,42
173098954026454,112155,42
173098955102495,112197,42
173098956188381,112239,20
173098956265777,112259,42
173098957252027,112301,42
173098958327548,112343,42
173098959401714,112385,42
173098960495360,112427,42
173098961547964,112469,42
173098962622495,112511,42
173098963696662,112553,42
173098964775673,112595,42
173098965848641,112637,42
173098966920412,112679,42
173098967998381,112721,42
173098968074683,112763,42
173098969075048,112805,42
173098970257548,112847,42
173098971229475,112889,42
173098972302131,112931,42
173098973375985,112973,42
173098974456245,113015,42
173098975528225,113057,42
173098976602548,113099,42
173098977674683,113141,42
173098978745204,113183,42
173098979819110,113225,42
173098980905152,113267,42
173098981978173,113309,42
173098983144006,113351,42
173098984133068,113393,42
173098984209943,113435,42
173098985202443,113477,42
173098986280048,113519,42
173098987349370,113561,42
173098988430152,113603,42
173098989500985,113645,42
173098989577964,113687,20
173098990679110,113707,42
173098991647964,113749,42
173098992720100,113791,42
173098993792808,113833,42
173098994859370,113875,42
173098995936558,113917,42
173098997009318,113959,42
173098998087704,114001,42
173098999165516,114043,42
173098999241298,114085,42
173099000304006,114127,42
173099001294579,114169,42
173099002372600,114211,42
173099003429891,114253,42
173099004497391,114295,42
173099005564006,114337,42
173099006630568,114379,42
173099007697235,114421,42
173099008759683,114463,42
173099009828641,114505,42
173099012973172,114547,42
173099013507131,114589,42
173099013678485,114631,42
173099013740881,114673,42
173099014724787,114715,42
173099015657600,114757,42
173099016817027,114799,42
173099017804422,114841,42
173099018909006,114883,42
173099019939214,114925,42
173099023966297,114967,42
173099024694787,115009,42
173099025333693,115051,42
173099025410777,115093,20
173099025475100,115113,42
173099025881193,115155,42
173099025954006,115197,42
173099026015568,115239,42
173099028012287,115281,42
173099029101766,115323,42
173099030381558,115365,42
173099031377652,115407,42
173099031455985,115449,42
173099032433902,115491,42
173099033513225,115533,42
173099034588589,115575,42
173099035659475,115617,42
173099036732443,115659,42
173099037810881,115701,42
173099038886766,115743,42
173099039957287,115785,42
173099041052704,115827,42
173099042121402,115869,42
173099043199318,115911,42
173099044263745,115953,42
173099045347287,115995,42
173099046407860,116037,42
173099047497756,116079,42
173099047572600,116121,42
173099048557652,116163,42
173099049731766,116205,42
173099050753016,116247,42
173099051816037,116289,42
173099052889162,116331,42
173099053955829,116373,42
173099055027079,116415,42
173099056095777,116457,42
173099056165881,116499,20
173099057292131,116519,42
173099058259006,116561,42
173099059321089,116603,42
173099060401818,116645,42
173099061480672,116687,42
173099062522131,116729,42
173099062591558,116771,42
173099063592964,116813,42
173099064687391,116855,42
173099065741975,116897,42
173099066817652,116939,42
173099067885204,116981,42
173099068956454,117023,42
173099070122183,117065,42
173099071109475,117107,42
173099072179631,117149,42
173099073247443,117191,42
173099074316610,117233,42
173099075383329,117275,42
173099076454006,117317,42
173099077516454,117359,42
173099078637808,117401,42
173099079702027,117443,42
173099079777704,117485,42
173099080820360,117527,42
173099081881714,117569,42
173099083048589,117611,42
173099084038172,117653,42
173099085110985,117695,42
173099086190152,117737,42
173099087258797,117779,42
173099088337547,117821,42
173099089415985,117863,42
173099089490985,117905,20
173099090491870,117925,42
173099091563433,117967,42
173099092632704,118009,42
173099093706870,118051,42
173099094794422,118093,42
173099094868120,118135,42
173099095853172,118177,42
173099096930047,118219,42
173099098045256,118261,42
173099099160777,118303,42
173099100220672,118345,42
173099101269839,118387,42
173099102344214,118429,42
173099103420464,118471,42
173099104497547,118513,42
173099105567808,118555,42
173099106639735,118597,42
173099108003589,118639,42
173099108806454,118681,42
173099108885725,118723,42
173099109874110,118765,42
173099110968641,118807,42
173099112026662,118849,42
173099113080308,118891,42
173099114203745,118933,42
173099115260516,118975,42
173099116438589,119017,42
173099117417235,119059,42
173099118493954,119101,42
173099119569162,119143,42
173099120661193,119185,42
173099121734683,119227,42
173099122810516,119269,42
173099122886766,119311,20
173099123884735,119331,42
173099124958485,119373,42
173099125031714,119415,42
173099126024943,119457,42
173099127100360,119499,42
173099128182600,119541,42
173099129246610,119583,42
173099130330464,119625,42
173099131401975,119667,42
173099132476037,119709,42
173099133552808,119751,42
173099134624579,119793,42
173099135698797,119835,42
173099136775152,119877,42
173099137851662,119919,42
173099138923381,119961,42
173099139996193,120003,42
173099141084943,120045,42
173099141161193,120087,42
173099142160308,120129,42
173099143218902,120171,42
173099144311870,120213,42
173099145374475,120255,42
173099146438693,120297,42
173099147519214,120339,42
173099148584579,120381,42
173099149759110,120423,42
173099150747495,120465,42
173099151826297,120507,42
173099152893797,120549,42
173099153964266,120591,42
173099155042964,120633,42
173099156129891,120675,42
173099156204839,120717,20
173099156267183,120737,42
173099157191037,120779,42
173099158261454,120821,42
173099159352391,120863,42
173099160433641,120905,42
173099161491193,120947,42
173099162548329,120989,42
173099163626558,121031,42
173099164694891,121073,42
173099165763745,121115,42
173099166837183,121157,42
173099167902912,121199,42
173099168970985,121241,42
173099170065881,121283,42
173099171130360,121325,42
173099172192912,121367,42
173099172263537,121409,42
173099173264943,121451,42
173099174338485,121493,42
173099175407808,121535,42
173099176466975,121577,42
173099177545308,121619,42
173099178607339,121661,42
173099179704735,121703,42
173099180865152,121745,42
173099181887808,121787,42
173099183052652,121829,42
173099184039318,121871,42
173099185115933,121913,42
173099186187183,121955,42
173099187262547,121997,42
173099188347652,122039,42
173099188425516,122081,42
173099189419839,122123,20
173099189496297,122143,42
173099190506245,122185,42
173099191572339,122227,42
173099192646662,122269,42
173099193716714,122311,42
173099194797600,122353,42
173099195863693,122395,42
173099196942808,122437,42
173099198051975,122479,42
173099199158016,122521,42
173099200247287,122563,42
173099201029735,122605,42
173099202058850,122647,42
173099203078277,122689,42
173099204096506,122731,42
173099205122443,122773,42
173099206143068,122815,42
173099207166714,122857,42
173099208188537,122899,42
173099209215725,122941,42
173099210265256,122983,42
173099211258954,123025,42
173099212280308,123067,42
173099213302964,123109,42
173099214323537,123151,42
173099215347495,123193,42
173099216372495,123235,42
173099216387287,123277,42
173099217393589,123319,42
173099218422964,123361,42
173099219450777,123403,42
173099220587756,123445,42
173099221608797,123487,42
173099222663225,123529,20
173099222706506,123549,42
173099223702443,123591,42
173099224755204,123633,42
173099225798277,123675,42
173099226851558,123717,42
173099227893329,123759,42
173099228948433,123801,42
173099229990725,123843,42
173099231046245,123885,42
173099232088902,123927,42
173099233138172,123969,42
173099234189943,124011,42
173099235232808,124053,42
173099236283329,124095,42
173099237328641,124137,42
173099238384370,124179,42
173099239421766,124221,42
173099240772027,124263,42
173099241660152,124305,42
173099241734318,124347,42
173099242722183,124389,42
173099243800568,124431,42
173099244865308,124473,42
173099245945360,124515,42
173099247011141,124557,42
173099248090412,124599,42
173099249157079,124641,42
173099250295516,124683,42
173099251315881,124725,42
173099252383329,124767,42
173099253461454,124809,42
173099254537339,124851,42
173099255613641,124893,42
173099256690152,124935,42
173099256763797,124977,20
173099257764943,124997,42
173099257838954,125039,42
173099258835360,125081,42
173099259941349,125123,42
173099261003433,125165,42
173099262064162,125207,42
173099263135933,125249,42
173099264213589,125291,42
173099265282391,125333,42
173099266352964,125375,42
173099267419579,125417,42
173099268488068,125459,42
173099269562964,125501,42
173099270640464,125543,42
173099271704943,125585,42
173099272773485,125627,42
173099273844995,125669,42
173099273917599,125711,42
173099274918589,125753,42
173099275980881,125795,42
173099277061506,125837,42
173099278125152,125879,42
173099279199995,125921,42
173099280289266,125963,42
173099281339787,126005,42
173099282404474,126047,42
173099283475620,126089,42
173099284552756,126131,42
173099285624787,126173,42
173099286689683,126215,42
173099287762704,126257,42
173099288838849,126299,42
173099289904214,126341,42
173099289973849,126383,20
173099290133381,126403,42
173099290984318,126445,42
173099292056766,126487,42
173099293119162,126529,42
173099294190152,126571,42
173099295252756,126613,42
173099296330360,126655,42
173099297395204,126697,42
173099298471089,126739,42
173099299539527,126781,42
173099300632756,126823,42
173099301695412,126865,42
173099302768693,126907,42
173099303842391,126949,42
173099304905829,126991,42
173099305973954,127033,42
173099307044527,127075,42
173099307112912,127117,42
173099308119110,127159,42
173099309179266,127201,42
173099310272495,127243,42
173099311341818,127285,42
173099312404318,127327,42
173099313463224,127369,42
173099314541870,127411,42
173099315603016,127453,42
173099316689266,127495,42
173099317757756,127537,42
173099318822183,127579,42
173099319891089,127621,42
173099320978745,127663,42
173099322043120,127705,42
173099323117391,127747,42
173099323189735,127789,20
173099323250047,127809,42
173099324182183,127851,42
173099325249631,127893,42
173099326329995,127935,42
173099327393224,127977,42
173099328455516,128019,42
173099329536714,128061,42
173099330643016,128103,42
173099331690204,128145,42
173099332758849,128187,42
173099333825881,128229,42
173099334894318,128271,42
173099335971662,128313,42
173099337040464,128355,42
173099338103902,128397,42
173099339188016,128439,42
173099340345047,128481,42
173099340428120,128523,42
173099341322131,128565,42
173099342378277,128607,42
173099343454474,128649,42
173099344515099,128691,42
173099345588224,128733,42
173099346659527,128775,42
173099347773849,128817,42
173099348798954,128859,42
173099349868068,128901,42
173099350954527,128943,42
173099352019474,128985,42
173099353084006,129027,42
173099354150568,129069,42
173099355221818,129111,42
173099356298641,129153,42
173099356367235,129195,20
173099357363537,129215,42
173099357430672,129257,42
173099358429162,129299,42
173099359496922,129341,42
173099360860360,129383,42
173099361649995,129425,42
173099362715933,129467,42
173099363773693,129509,42
173099369214631,129551,42
173099369304683,129593,42
173099369369214,129635,42
173099369429162,129677,42
173099369487079,129719,42
173099370277079,129761,42
173099371333537,129803,42
173099372395672,129845,42
173099373458120,129887,42
173099373529058,129929,42
173099374542495,129971,42
173099375611818,130013,42
173099376669943,130055,42
173099377742599,130097,42
173099378809527,130139,42
173099379884214,130181,42
173099380972756,130223,42
173099382071974,130265,42
173099383306037,130307,42
173099384183277,130349,42
173099385248016,130391,42
173099386319735,130433,42
173099388502079,130475,42
173099388597808,130517,42
173099389548068,130559,42
173099389622808,130601,20
173099389685412,130621,42
173099390628954,130663,42
173099391690099,130705,42
173099392769527,130747,42
173099393825829,130789,42
173099394891662,130831,42
173099395997912,130873,42
173099397027704,130915,42
173099398107652,130957,42
173099399171974,130999,42
173099400434579,131041,42
173099401316818,131083,42
173099402379683,131125,42
173099403454266,131167,42
173099404516818,131209,42
173099405593224,131251,42
173099406660829,131293,42
173099406737547,131335,42
173099407724943,131377,42
173099408789683,131419,42
173099409867235,131461,42
173099411125256,131503,42
173099412025620,131545,42
173099413072599,131587,42
173099414141662,131629,42
173099415211818,131671,42
173099416276349,131713,42
173099417366818,131755,42
173099418418589,131797,42
173099419482183,131839,42
173099420719318,131881,42
173099421631089,131923,42
173099421703381,131965,42
173099422692027,132007,20
173099423758016,132027,42
173099423824474,132069,42
173099424824058,132111,42
173099425891610,132153,42
173099426964266,132195,42
173099428051870,132237,42
173099429098745,132279,42
173099430232860,132321,42
173099431460568,132363,42
173099432515881,132405,42
173099433583016,132447,42
173099434655360,132489,42
173099435720516,132531,42
173099436785672,132573,42
173099437854839,132615,42
173099437924318,132657,42
173099438923693,132699,42
173099439992235,132741,42
173099441085152,132783,42
173099442141766,132825,42
173099443205985,132867,42
173099444281974,132909,42
173099445346297,132951,42
173099446417964,132993,42
173099447479995,133035,42
173099448555777,133077,42
173099449617183,133119,42
173099450703329,133161,42
173099451766974,133203,42
173099452834162,133245,42
173099453902599,133287,42
173099454974474,133329,42
173099455042026,133371,42
173099456041714,133413,20
173099456108954,133433,42
173099457110256,133475,42
173099458177183,133517,42
173099459254058,133559,42
173099460760933,133601,42
173099461395099,133643,42
173099462480256,133685,42
173099463529579,133727,42
173099464798120,133769,42
173099465851714,133811,42
173099466919162,133853,42
173099467985256,133895,42
173099469057495,133937,42
173099469125204,133979,42
173099470247808,134021,42
173099471199995,134063,42
173099472265412,134105,42
173099473334318,134147,42
173099474408901,134189,42
173099475764631,134231,42
173099476543693,134273,42
173099477713537,134315,42
173099478689683,134357,42
173099479745672,134399,42
173099480859006,134441,42
173099481914579,134483,42
173099482987183,134525,42
173099484057339,134567,42
173099485121193,134609,42
173099485189214,134651,42
173099486191245,134693,42
173099487255776,134735,42
173099488328641,134777,42
173099489689058,134819,42
173099489763537,134861,20
173099490478849,134881,42
173099491535568,134923,42
173099492601401,134965,42
173099493668589,135007,42
173099494737756,135049,42
173099495826454,135091,42
173099496881870,135133,42
173099498126714,135175,42
173099499189006,135217,42
173099499261714,135259,42
173099500426766,135301,42
173099501326401,135343,42
173099502390308,135385,42
173099503742339,135427,42
173099504531245,135469,42
173099505597651,135511,42
173099506666193,135553,42
173099507734735,135595,42
173099508800151,135637,42
173099509876610,135679,42
173099510941662,135721,42
173099512014370,135763,42
173099513086558,135805,42
173099514151454,135847,42
173099515222235,135889,42
173099516302495,135931,42
173099517533016,135973,42
173099518425776,136015,42
173099518499995,136057,42
173099519491089,136099,42
173099520665204,136141,42
173099521638224,136183,42
173099522703068,136225,42
173099522772860,136267,20
173099523770829,136287,42
173099524839579,136329,42
173099525909422,136371,42
173099526974214,136413,42
173099528041870,136455,42
173099529108381,136497,42
173099530258849,136539,42
173099531484318,136581,42
173099532527495,136623,42
173099532600724,136665,42
173099533592339,136707,42
173099534658433,136749,42
173099535728589,136791,42
173099536795412,136833,42
173099537864943,136875,42
173099538931037,136917,42
173099540000672,136959,42
173099541120881,137001,42
173099542152131,137043,42
173099543212912,137085,42
173099544291558,137127,42
173099545394214,137169,42
173099546428641,137211,42
173099547487808,137253,42
173099547557651,137295,42
173099548559683,137337,42
173099549621610,137379,42
173099550709579,137421,42
173099551773172,137463,42
173099552840464,137505,42
173099553906558,137547,42
173099554979787,137589,42
173099556045412,137631,42
173099556111974,137673,20
173099557148485,137693,42
173099558178954,137735,42
173099559311818,137777,42
173099560511037,137819,42
173099561388276,137861,42
173099562458745,137903,42
173099563549526,137945,42
173099564800516,137987,42
173099564878797,138029,42
173099565856974,138071,42
173099566919318,138113,42
173099567988485,138155,42
173099569066037,138197,42
173099570247131,138239,42
173099571201818,138281,42
173099572263276,138323,42
173099573338537,138365,42
173099574407287,138407,42
173099575470881,138449,42
173099576537964,138491,42
173099577624579,138533,42
173099578684526,138575,42
173099578764162,138617,42
173099579757026,138659,42
173099580837651,138701,42
173099581889422,138743,42
173099582960568,138785,42
173099584033381,138827,42
173099585096349,138869,42
173099586163537,138911,42
173099587240985,138953,42
173099588309318,138995,42
173099589372443,139037,42
173099589440985,139079,20
173099590452183,139099,42
173099591510204,139141,42
173099592576922,139183,42
173099593643381,139225,42
173099594710360,139267,42
173099595797704,139309,42
173099595873120,139351,42
173099596854631,139393,42
173099598124735,139435,42
173099599189579,139477,42
173099600414162,139519,42
173099601331454,139561,42
173099602395985,139603,42
173099603461401,139645,42
173099604541818,139687,42
173099605597704,139729,42
173099606667495,139771,42
173099607734266,139813,42
173099608799370,139855,42
173099609877235,139897,42
173099609954579,139939,42
173099610952443,139981,42
173099612019683,140023,42
173099613082495,140065,42
173099614175516,140107,42
173099615225881,140149,42
173099616286245,140191,42
173099617363745,140233,42
173099618425776,140275,42
173099619495308,140317,42
173099620666558,140359,42
173099621637547,140401,42
173099622708537,140443,42
173099622778068,140485,20
173099623768537,140505,42
173099624839422,140547,42
173099625906870,140589,42
173099626980829,140631,42
173099627154631,140673,42
173099628050308,140715,42
173099629117339,140757,42
173099630238068,140799,42
173099631463954,140841,42
173099632522495,140883,42
173099633587808,140925,42
173099634653329,140967,42
173099635721037,141009,42
173099636790568,141051,42
173099637859839,141093,42
173099638927235,141135,42
173099639997079,141177,42
173099641082391,141219,42
173099641154839,141261,42
173099642142339,141303,42
173099643214943,141345,42
173099644285360,141387,42
173099645346610,141429,42
173099646420308,141471,42
173099647482964,141513,42
173099648554526,141555,42
173099649619735,141597,42
173099650706766,141639,42
173099651766870,141681,42
173099652834995,141723,42
173099653903433,141765,42
173099654976297,141807,42
173099656044110,141849,42
173099656112443,141891,20
173099657117495,141911,42
173099658186245,141953,42
173099658256818,141995,42
173099659253224,142037,42
173099660518068,142079,42
173099661393276,142121,42
173099662461401,142163,42
173099663523537,142205,42
173099664793849,142247,42
173099665846974,142289,42
173099666912547,142331,42
173099668009891,142373,42
173099669049995,142415,42
173099670253849,142457,42
173099671193953,142499,42
173099671268901,142541,42
173099672258797,142583,42
173099673328589,142625,42
173099674397599,142667,42
173099675463641,142709,42
173099676528745,142751,42
173099677616506,142793,42
173099678679995,142835,42
173099680410933,142877,42
173099681147964,142919,42
173099681979839,142961,42
173099683193381,143003,42
173099684111089,143045,42
173099685182339,143087,42
173099686244318,143129,42
173099687308537,143171,42
173099688384318,143213,42
173099688452964,143255,42
173099689448328,143297,20
173099689514839,143317,42
173099690529995,143359,42
173099691587495,143401,42
173099692654058,143443,42
173099693721297,143485,42
173099694790047,143527,42
173099695865933,143569,42
173099696929943,143611,42
173099698128537,143653,42
173099699197078,143695,42
173099700426870,143737,42
173099701335464,143779,42
173099702400099,143821,42
173099703465308,143863,42
173099703534474,143905,42
173099704539578,143947,42
173099705599995,143989,42
173099706670516,144031,42
173099707741922,144073,42
173099708809110,144115,42
173099709883693,144157,42
173099710952756,144199,42
173099712021089,144241,42
173099713086870,144283,42
173099714158641,144325,42
173099715335256,144367,42
173099716296089,144409,42
173099717365360,144451,42
173099718430151,144493,42
173099719496297,144535,42
173099720682860,144577,42
173099720772183,144619,42
173099721639683,144661,42
173099722704006,144703,20
173099722772391,144723,42
173099723771558,144765,42
173099724838016,144807,42
173099725908381,144849,42
173099726979735,144891,42
173099728041506,144933,42
173099729106922,144975,42
173099730464995,145017,42
173099731464474,145059,42
173099732532131,145101,42
173099733589006,145143,42
173099734659162,145185,42
173099734725724,145227,42
173099735728016,145269,42
173099736792860,145311,42
173099737863016,145353,42
173099738931870,145395,42
173099739998641,145437,42
173099741143901,145479,42
173099742195933,145521,42
173099743269422,145563,42
173099744328953,145605,42
173099745404891,145647,42
173099746465776,145689,42
173099747549787,145731,42
173099748609422,145773,42
173099749679578,145815,42
173099750764891,145857,42
173099750855516,145899,42
173099751822599,145941,42
173099752892860,145983,42
173099754230360,146025,42
173099755033120,146067,42
173099756100881,146109,42
173099756168120,146151,20
173099757164474,146171,42
173099758236037,146213,42
173099759302443,146255,42
173099760517964,146297,42
173099761442964,146339,42
173099762506922,146381,42
173099763611037,146423,42
173099764794370,146465,42
173099765920308,146507,42
173099765998172,146549,42
173099766927964,146591,42
173099768174266,146633,42
173099769070151,146675,42
173099770243172,146717,42
173099771208589,146759,42
173099772273120,146801,42
173099773340151,146843,42
173099774414370,146885,42
173099775477547,146927,42
173099776546193,146969,42
173099777624214,147011,42
173099778683849,147053,42
173099779793745,147095,42
173099780835985,147137,42
173099782094578,147179,42
173099782990256,147221,42
173099783174526,147263,42
173099784045256,147305,42
173099785106089,147347,42
173099786177026,147389,42
173099787244891,147431,42
173099788319474,147473,42
173099789386870,147515,42
173099789454683,147557,20
173099790463433,147577,42
173099791521349,147619,42
173099792690308,147661,42
173099793690672,147703,42
173099794743016,147745,42
173099796019787,147787,42
173099796885360,147829,42
173099798139787,147871,42
173099799205308,147913,42
173099799276610,147955,42
173099800411610,147997,42
173099801347131,148039,42
173099802410985,148081,42
173099803479578,148123,42
173099804554578,148165,42
173099805619683,148207,42
173099806689839,148249,42
173099807763693,148291,42
173099808844266,148333,42
173099809952131,148375,42
173099810979891,148417,42
173099812052756,148459,42
173099813114474,148501,42
173099813184943,148543,42
173099814187756,148585,42
173099815249995,148627,42
173099816522703,148669,42
173099817399995,148711,42
173099818465099,148753,42
173099819690099,148795,42
173099820645099,148837,42
173099821703693,148879,42
173099822768693,148921,42
173099822837495,148963,20
173099823872808,148983,42
173099824910412,149025,42
173099825977235,149067,42
173099827046297,149109,42
173099828115203,149151,42
173099829185776,149193,42
173099830280256,149235,42
173099830371870,149277,42
173099831464162,149319,42
173099832529266,149361,42
173099833598120,149403,42
173099834668641,149445,42
173099835737703,149487,42
173099836888953,149529,42
173099837884995,149571,42
173099838948641,149613,42
173099840326558,149655,42
173099841104943,149697,42
173099842170047,149739,42
173099843241089,149781,42
173099844300828,149823,42
173099844371818,149865,42
173099845378797,149907,42
173099846440776,149949,42
173099847528276,149991,42
173099848578745,150033,42
173099849668120,150075,42
173099850741141,150117,42
173099851804474,150159,42
173099852865881,150201,42
173099853934474,150243,42
173099855006297,150285,42
173099856076193,150327,42
173099856144787,150369,20
173099857144787,150389,42
173099858214578,150431,42
173099859282391,150473,42
173099860523276,150515,42
173099861427339,150557,42
173099861498328,150599,42
173099862491870,150641,42
173099863567547,150683,42
173099864796922,150725,42
173099865866662,150767,42
173099867137964,150809,42
173099867999578,150851,42
173099869066037,150893,42
173099870269318,150935,42
173099871209266,150977,42
173099872278901,151019,42
173099873349318,151061,42
173099874421453,151103,42
173099875483120,151145,42
173099875550568,151187,42
173099876554474,151229,42
173099877630776,151271,42
173099878694058,151313,42
173099879778068,151355,42
173099880848745,151397,42
173099881927026,151439,42
173099883119214,151481,42
173099884188901,151523,42
173099885128172,151565,42
173099886192964,151607,42
173099887262495,151649,42
173099888335672,151691,42
173099889405672,151733,42
173099889473068,151775,20
173099890486349,151795,42
173099891545828,151837,42
173099892612703,151879,42
173099892686610,151921,42
173099893684578,151963,42
173099894750203,152005,42
173099895827130,152047,42
173099896885047,152089,42
173099898144370,152131,42
173099899200985,152173,42
173099900427599,152215,42
173099901342287,152257,42
173099902409839,152299,42
173099903477183,152341,42
173099904550828,152383,42
173099905619578,152425,42
173099906687287,152467,42
173099906757703,152509,42
173099907766974,152551,42
173099908831245,152593,42
173099909895464,152635,42
173099910985047,152677,42
173099912049422,152719,42
173099913109266,152761,42
173099914181870,152803,42
173099915245933,152845,42
173099916321193,152887,42
173099917395724,152929,42
173099918463224,152971,42
173099919530672,153013,42
173099920627703,153055,42
173099921696401,153097,42
173099922761453,153139,42
173099922831505,153181,20
173099923832808,153201,42
173099923933745,153243,42
173099924901089,153285,42
173099925971662,153327,42
173099927039995,153369,42
173099928106558,153411,42
173099929188849,153453,42
173099930267287,153495,42
173099931468328,153537,42
173099932534214,153579,42
173099933603224,153621,42
173099934668120,153663,42
173099935744005,153705,42
173099936809995,153747,42
173099937880724,153789,42
173099937949370,153831,42
173099938944995,153873,42
173099940356297,153915,42
173099941102287,153957,42
173099942162912,153999,42
173099943239839,154041,42
173099944300516,154083,42
173099945375828,154125,42
173099946439058,154167,42
173099947514943,154209,42
173099948580308,154251,42
173099949671714,154293,42
173099950738641,154335,42
173099951809839,154377,42
173099952869474,154419,42
173099953936245,154461,42
173099955012703,154503,42
173099955080099,154545,42
173099956089110,154587,20
173099956157443,154607,42
173099957145255,154649,42
173099958215516,154691,42
173099959287755,154733,42
173099960516922,154775,42
173099961449318,154817,42
173099962500360,154859,42
173099963590464,154901,42
173099964643016,154943,42
173099965706453,154985,42
173099966773693,155027,42
173099967851662,155069,42
173099968926401,155111,42
173099971720516,155153,42
173099972371037,155195,42
173099972442183,155237,42
173099972502860,155279,42
173099973426401,155321,42
173099974448433,155363,42
173099975517287,155405,42
173099976538016,155447,42
173099977603224,155489,42
173099978768589,155531,42
173099979742339,155573,42
173099980679995,155615,42
173099981675203,155657,42
173099982684474,155699,42
173099983704630,155741,42
173099984726505,155783,42
173099985816818,155825,42
173099986769891,155867,42
173099987790880,155909,42
173099988813068,155951,42
173099989834110,155993,20
173099989848537,156013,42
173099996629474,156055,42
173099996666297,156097,42
173099996679214,156139,42
173099996691037,156181,42
173099996702443,156223,42
173099996713485,156265,42
173099997006245,156307,42
173099998663589,156349,42
173100000149162,156391,42
173100000186714,156433,42
173100001096610,156475,42
173100001110568,156517,42
173100003167078,156559,42
173100004180099,156601,42
173100004197391,156643,42
173100005721401,156685,42
173100006199005,156727,42
173100007222287,156769,42
173100008239058,156811,42
173100009261766,156853,42
173100010285047,156895,42
173100011303797,156937,42
173100012322860,156979,42
173100013342808,157021,42
173100014365047,157063,42
173100015386037,157105,42
173100016404735,157147,42
173100017430828,157189,42
173100018640047,157231,42
173100019493589,157273,42
173100020505568,157315,42
173100021519578,157357,42
173100022543224,157399,42
173100022558016,157441,20
173100023557287,157461,42
173100024582287,157503,42
173100025600412,157545,42
173100026627964,157587,42
173100027659995,157629,42
173100030219422,157671,42
173100030634058,157713,42
173100030646870,157755,42
173100031662547,157797,42
173100032711297,157839,42
173100033719318,157881,42
173100034725724,157923,42
173100035743485,157965,42
173100036764162,158007,42
173100037779266,158049,42
173100038803224,158091,42
173100039822547,158133,42
173100040851714,158175,42
173100041870620,158217,42
173100042890516,158259,42
173100043918641,158301,42
173100044938953,158343,42
173100045973745,158385,42
173100046985985,158427,42
173100048008433,158469,42
173100049176089,158511,42
173100050048172,158553,42
173100051087078,158595,42
173100052118016,158637,42
173100053124162,158679,42
173100054149005,158721,42
173100055160933,158763,42
173100056184422,158805,42
173100056199318,158847,20
173100057206714,158867,42
173100058224995,158909,42
173100059247808,158951,42
173100060273224,158993,42
173100061293016,159035,42
173100062313797,159077,42
173100063332495,159119,42
173100064352912,159161,42
173100065693953,159203,42
173100066414683,159245,42
173100067431766,159287,42
173100068444110,159329,42
173100069474005,159371,42
173100070496505,159413,42
173100071511193,159455,42
173100072534943,159497,42
173100073555360,159539,42
173100074574891,159581,42
173100075612339,159623,42
173100075631349,159665,42
173100076625672,159707,42
173100077643537,159749,42
173100078666974,159791,42
173100079687599,159833,42
173100080719683,159875,42
173100081736401,159917,42
173100082758068,159959,42
173100083773537,160001,42
173100084805672,160043,42
173100085937808,160085,42
173100086847599,160127,42
173100087865464,160169,42
173100088892964,160211,42
173100089912703,160253,20
173100089926349,160273,42
173100090934787,160315,42
173100091953901,160357,42
173100092978901,160399,42
173100093996974,160441,42
173100095024422,160483,42
173100096039943,160525,42
173100097062808,160567,42
173100098087443,160609,42
173100099120933,160651,42
173100100328380,160693,42
173100101744578,160735,42
173100102292495,160777,42
173100103324110,160819,42
173100104391245,160861,42
173100105411818,160903,42
173100106451141,160945,42
173100107493068,160987,42
173100108632599,161029,42
173100109577807,161071,42
173100110633328,161113,42
173100111656610,161155,42
173100112690516,161197,42
173100113734266,161239,42
173100114771297,161281,42
173100115816401,161323,42
173100116861922,161365,42
173100117902703,161407,42
173100117938328,161449,42
173100118943120,161491,42
173100119998016,161533,42
173100121188901,161575,42
173100122256349,161617,42
173100123355985,161659,20
173100123427860,161679,42
173100124386505,161721,42
173100125465047,161763,42
173100126532339,161805,42
173100127609943,161847,42
173100128671922,161889,42
173100129744943,161931,42
173100130909735,161973,42
173100131922078,162015,42
173100132972964,162057,42
173100134037964,162099,42
173100135152182,162141,42
173100135229318,162183,42
173100136210307,162225,42
173100137276245,162267,42
173100138345360,162309,42
173100139411193,162351,42
173100140715776,162393,42
173100141552130,162435,42
173100142618224,162477,42
173100143683068,162519,42
173100144834943,162561,42
173100145824162,162603,42
173100146889266,162645,42
173100147972182,162687,42
173100149026453,162729,42
173100150263537,162771,42
173100151210516,162813,42
173100151298068,162855,42
173100152247651,162897,42
173100153318953,162939,42
173100154441297,162981,42
173100155485776,163023,42
173100156567391,163065,20
173100156646557,163085,42
173100157638589,163127,42
173100158723485,163169,42
173100159780672,163211,42
173100160888276,163253,42
173100161957287,163295,42
173100163028485,163337,42
173100164101662,163379,42
173100165176974,163421,42
173100166252287,163463,42
173100167329943,163505,42
173100167404943,163547,42
173100168404266,163589,42
173100170257599,163631,42
173100170685932,163673,42
173100171647391,163715,42
173100172709318,163757,42
173100173779110,163799,42
173100174864266,163841,42
173100175917235,163883,42
173100176999370,163925,42
173100178072026,163967,42
173100179148537,164009,42
173100180304839,164051,42
173100181311557,164093,42
173100182369005,164135,42
173100183453276,164177,42
173100183529630,164219,42
173100184521922,164261,42
173100185596193,164303,42
173100186680047,164345,42
173100187755203,164387,42
173100188829005,164429,42
173100189901922,164471,20
173100189977287,164491,42
173100190979995,164533,42
173100192055203,164575,42
173100193124682,164617,42
173100194197964,164659,42
173100195269630,164701,42
173100196347807,164743,42
173100197419578,164785,42
173100198499057,164827,42
173100198573485,164869,42
173100199723172,164911,42
173100200671401,164953,42
173100201737807,164995,42
173100202807651,165037,42
173100203882339,165079,42
173100204952339,165121,42
173100206032287,165163,42
173100207096245,165205,42
173100208168172,165247,42
173100209241037,165289,42
173100210325516,165331,42
173100211395412,165373,42
173100212464266,165415,42
173100213660360,165457,42
173100214625464,165499,42
173100214701974,165541,42
173100215689005,165583,42
173100216799578,165625,42
173100217845047,165667,42
173100218919839,165709,42
173100219990828,165751,42
173100221092339,165793,42
173100222175255,165835,42
173100223228797,165877,20
173100223306557,165897,42
173100224298068,165939,42
173100225369578,165981,42
173100226442339,166023,42
173100227636818,166065,42
173100228603693,166107,42
173100229666922,166149,42
173100229743068,166191,42
173100230750828,166233,42
173100231827443,166275,42
173100232894943,166317,42
173100233979474,166359,42
173100235043953,166401,42
173100236124005,166443,42
173100237190985,166485,42
173100238269578,166527,42
173100239342599,166569,42
173100240437026,166611,42
173100241623120,166653,42
173100242571714,166695,42
173100243647964,166737,42
173100244722755,166779,42
173100245801453,166821,42
173100245879578,166863,42
173100246868485,166905,42
173100247946245,166947,42
173100249024787,166989,42
173100250177078,167031,42
173100251173537,167073,42
173100252247391,167115,42
173100253324735,167157,42
173100254396297,167199,42
173100255624630,167241,42
173100256605203,167283,20
173100256683172,167303,42
173100257626766,167345,42
173100258747391,167387,42
173100259744162,167429,42
173100260950255,167471,42
173100262001401,167513,42
173100262074995,167555,42
173100263070047,167597,42
173100264327599,167639,42
173100265216505,167681,42
173100266260151,167723,42
173100267321766,167765,42
173100268384995,167807,42
173100269458068,167849,42
173100270532860,167891,42
173100271727391,167933,42
173100272688693,167975,42
173100273752391,168017,42
173100274828432,168059,42
173100275908953,168101,42
173100276983745,168143,42
173100277057964,168185,42
173100278082078,168227,42
173100279104474,168269,42
173100280484578,168311,42
173100281238432,168353,42
173100282292130,168395,42
173100283359318,168437,42
173100284430307,168479,42
173100285485620,168521,42
173100286555099,168563,42
173100287673537,168605,42
173100288803224,168647,42
173100289867287,168689,42
173100289945880,168731,20
173100290943537,168751,42
173100291992599,168793,42
173100293053589,168835,42
173100293125047,168877,42
173100294116922,168919,42
173100295173537,168961,42
173100296242495,169003,42
173100297304162,169045,42
173100298407912,169087,42
173100299481245,169129,42
173100300652182,169171,42
173100301631557,169213,42
173100302701610,169255,42
173100303785724,169297,42
173100304855932,169339,42
173100305927287,169381,42
173100307004943,169423,42
173100308074422,169465,42
173100309149995,169507,42
173100310280776,169549,42
173100310367182,169591,42
173100311315724,169633,42
173100312379474,169675,42
173100313454474,169717,42
173100314527287,169759,42
173100315602807,169801,42
173100316682443,169843,42
173100317749266,169885,42
173100318830776,169927,42
173100319899110,169969,42
173100320997547,170011,42
173100322577287,170053,42
173100323148224,170095,42
173100323222339,170137,20
173100324201089,170157,42
173100325263172,170199,42
173100325337287,170241,42
173100326318849,170283,42
173100327381662,170325,42
173100328442182,170367,42
173100329501349,170409,42
173100330895776,170451,42
173100331640620,170493,42
173100332699318,170535,42
173100333761818,170577,42
173100334829057,170619,42
173100335890412,170661,42
173100336952287,170703,42
173100338016245,170745,42
173100339088589,170787,42
173100340604526,170829,42
173100341229995,170871,42
173100341299109,170913,42
173100343337703,170955,42
173100344398953,170997,42
173100344469526,171039,42
173100345461505,171081,42
173100346524266,171123,42
173100347582547,171165,42
173100348648328,171207,42
173100349855151,171249,42
173100350827443,171291,42
173100351894162,171333,42
173100353027026,171375,42
173100354050255,171417,42
173100355116349,171459,42
173100356196089,171501,42
173100356270099,171543,20
173100357264057,171563,42
173100358335776,171605,42
173100359415620,171647,42
173100360507807,171689,42
173100360594839,171731,42
173100361575099,171773,42
173100362637182,171815,42
173100363710672,171857,42
173100364786766,171899,42
173100365856089,171941,42
173100366970307,171983,42
173100368008901,172025,42
173100369087651,172067,42
173100370252026,172109,42
173100371245203,172151,42
173100372308432,172193,42
173100373435047,172235,42
173100376526766,172277,42
173100377102443,172319,42
173100377180099,172361,42
173100377242287,172403,42
173100377301662,172445,42
173100379209995,172487,42
173100380307703,172529,42
173100381382964,172571,42
173100382447078,172613,42
173100383521714,172655,42
173100384595672,172697,42
173100385673797,172739,42
173100385750880,172781,42
173100386745464,172823,42
173100387816505,172865,42
173100388893589,172907,42
173100390129943,172949,20
173100390230359,172969,42
173100391327547,173011,42
173100392144734,173053,42
173100393210620,173095,42
173100394280359,173137,42
173100395370099,173179,42
173100396433328,173221,42
173100397744891,173263,42
173100401250099,173305,42
173100401358380,173347,42
173100401425724,173389,42
173100401484839,173431,42
173100402046974,173473,42
173100403094162,173515,42
173100404154682,173557,42
173100405216609,173599,42
173100406287807,173641,42
173100407350464,173683,42
173100408570724,173725,42
173100409467547,173767,42
173100410675828,173809,42
173100411601453,173851,42
173100412658172,173893,42
173100413719839,173935,42
173100414781193,173977,42
173100415842807,174019,42
173100415909943,174061,42
173100417102651,174103,42
173100418157495,174145,42
173100419223276,174187,42
173100420518953,174229,42
173100421476557,174271,42
173100422490984,174313,42
173100423847547,174355,20
173100423929943,174375,42
173100424551193,174417,42
173100425608641,174459,42
173100426671922,174501,42
173100427732287,174543,42
173100428791349,174585,42
173100429853224,174627,42
173100431032859,174669,42
173100431115307,174711,42
173100431985932,174753,42
173100433047078,174795,42
173100434108120,174837,42
173100435173745,174879,42
173100436241089,174921,42
173100437302912,174963,42
173100438360151,175005,42
173100439422807,175047,42
173100440818016,175089,42
173100441577026,175131,42
173100442628953,175173,42
173100443698589,175215,42
173100444763380,175257,42
173100445834630,175299,42
173100446902964,175341,42
173100447972807,175383,42
173100449044526,175425,42
173100449112807,175467,42
173100450352130,175509,42
173100451206245,175551,42
173100452266297,175593,42
173100453330151,175635,42
173100454399891,175677,42
173100455472026,175719,42
173100456539891,175761,20
173100456606349,175781,42
173100457611141,175823,42
173100458680047,175865,42
173100459746922,175907,42
173100460847599,175949,42
173100461903432,175991,42
173100462966349,176033,42
173100464034526,176075,42
173100465120672,176117,42
173100465258901,176159,42
173100466181193,176201,42
173100467254734,176243,42
173100468327287,176285,42
173100469394839,176327,42
173100470477495,176369,42
173100471532130,176411,42
173100472600307,176453,42
173100473669630,176495,42
173100474755828,176537,42
173100475813745,176579,42
173100476880464,176621,42
173100477947859,176663,42
173100479032755,176705,42
173100480193224,176747,42
173100481170828,176789,42
173100482230307,176831,42
173100482298276,176873,42
173100483332495,176915,42
173100484401089,176957,42
173100485468016,176999,42
173100486536401,177041,42
173100487607391,177083,42
173100488678120,177125,42
173100489743172,177167,20
173100489811193,177187,42
173100491077807,177229,42
173100491908172,177271,42
173100492986662,177313,42
173100494039839,177355,42
173100495108380,177397,42
173100496177339,177439,42
173100497245255,177481,42
173100498319526,177523,42
173100498388797,177565,42
173100499385412,177607,42
173100500477651,177649,42
173100501529162,177691,42
173100502593432,177733,42
173100503664526,177775,42
173100504732339,177817,42
173100505843589,177859,42
173100506885568,177901,42
173100507946245,177943,42
173100509010880,177985,42
173100510091870,178027,42
173100511161609,178069,42
173100512225828,178111,42
173100513291349,178153,42
173100514358224,178195,42
173100515425203,178237,42
173100515493641,178279,42
173100516533484,178321,42
173100517568068,178363,42
173100518631662,178405,42
173100519700776,178447,42
173100520826870,178489,42
173100521874474,178531,42
173100522939370,178573,42
173100524009682,178615,20
173100524077912,178635,42
173100525127287,178677,42
173100526151662,178719,42
173100527217078,178761,42
173100528279526,178803,42
173100529349839,178845,42
173100530439578,178887,42
173100531495880,178929,42
173100531565255,178971,42
173100532561557,179013,42
173100533630359,179055,42
173100534711297,179097,42
173100535771505,179139,42
173100536841349,179181,42
173100537906505,179223,42
173100538976453,179265,42
173100540070880,179307,42
173100541222703,179349,42
173100542277078,179391,42
173100543343172,179433,42
173100544408589,179475,42
173100545480828,179517,42
173100546577599,179559,42
173100547614786,179601,42
173100547842964,179643,42
173100548692130,179685,42
173100549753224,179727,42
173100550841505,179769,42
173100551901505,179811,42
173100552968953,179853,42
173100554036349,179895,42
173100555113849,179937,42
173100556176089,179979,42
173100556245411,180021,20
173100557247234,180041,42
173100558316714,180083,42
173100559384578,180125,42
173100560485099,180167,42
173100561530984,180209,42
173100562605307,180251,42
173100563664266,180293,42
173100564733484,180335,42
173100564802339,180377,42
173100565801557,180419,42
173100566869995,180461,42
173100567942026,180503,42
173100569008849,180545,42
173100570083745,180587,42
173100571164943,180629,42
173100572220568,180671,42
173100573286401,180713,42
173100574360776,180755,42
173100575888120,180797,42
173100576513120,180839,42
173100577567859,180881,42
173100578637182,180923,42
173100579700776,180965,42
173100580794630,181007,42
173100581849005,181049,42
173100581917964,181091,42
173100582915620,181133,42
173100583989578,181175,42
173100585056193,181217,42
173100586126245,181259,42
173100587195516,181301,42
173100588266089,181343,42
173100589336349,181385,42
173100589404370,181427,20
173100590623693,181447,42
173100591487078,181489,42
173100592547599,181531,42
173100593621245,181573,42
173100594694109,181615,42
173100595747234,181657,42
173100596814734,181699,42
173100597887443,181741,42
173100598952078,181783,42
173100599020464,181825,42
173100600144630,181867,42
173100601116089,181909,42
173100602175464,181951,42
173100603240672,181993,42
173100604319161,182035,42
173100605381870,182077,42
173100606454943,182119,42
173100607519682,182161,42
173100608587599,182203,42
173100609654005,182245,42
173100610741661,182287,42
173100611796922,182329,42
173100612862026,182371,42
173100613930984,182413,42
173100614999578,182455,42
173100616067182,182497,42
173100616135620,182539,42
173100617144214,182581,42
173100618219005,182623,42
173100619278953,182665,42
173100620414161,182707,42
173100621426453,182749,42
173100622491818,182791,42
173100622558745,182833,20
173100623557807,182853,42
173100624628380,182895,42
173100625698328,182937,42
173100626782703,182979,42
173100627837859,183021,42
173100628904318,183063,42
173100629971557,183105,42
173100631057911,183147,42
173100632132078,183189,42
173100632204630,183231,42
173100633187911,183273,42
173100634260568,183315,42
173100635329005,183357,42
173100636399682,183399,42
173100637465672,183441,42
173100638541557,183483,42
173100639607443,183525,42
173100640715047,183567,42
173100641797807,183609,42
173100642830307,183651,42
173100643895724,183693,42
173100644964995,183735,42
173100646042911,183777,42
173100647105047,183819,42
173100648173120,183861,42
173100649240411,183903,42
173100649309005,183945,42
173100650326193,183987,42
173100651388328,184029,42
173100652451193,184071,42
173100653519786,184113,42
173100654588016,184155,42
173100655662182,184197,42
173100656732286,184239,20
173100656802286,184259,42
173100657801661,184301,42
173100658872130,184343,42
173100659956193,184385,42
173100661031401,184427,42
173100662088901,184469,42
173100663154161,184511,42
173100664237443,184553,42
173100665297286,184595,42
173100666363380,184637,42
173100666432130,184679,42
173100667433224,184721,42
173100668500932,184763,42
173100669568224,184805,42
173100670659839,184847,42
173100671717651,184889,42
173100672787026,184931,42
173100673884057,184973,42
173100674946661,185015,42
173100676016453,185057,42
173100677159682,185099,42
173100678168380,185141,42
173100679228641,185183,42
173100680357703,185225,42
173100681371714,185267,42
173100682430620,185309,42
173100683503641,185351,42
173100683571609,185393,42
173100684568901,185435,42
173100685637026,185477,42
173100686706401,185519,42
173100687785464,185561,42
173100688848589,185603,42
173100689913016,185645,20
173100689980828,185665,42
173100691000516,185707,42
173100692060724,185749,42
173100693126766,185791,42
173100694197182,185833,42
173100695357599,185875,42
173100696347495,185917,42
173100697402286,185959,42
173100698476870,186001,42
173100699542703,186043,42
173100699610464,186085,42
173100700647026,186127,42
173100701709214,186169,42
173100702773380,186211,42
173100703839630,186253,42
173100704911453,186295,42
173100705978589,186337,42
173100707057130,186379,42
173100708122599,186421,42
173100709183589,186463,42
173100710343172,186505,42
173100711335620,186547,42
173100712397286,186589,42
173100713463641,186631,42
173100714533120,186673,42
173100715614109,186715,42
173100716675568,186757,42
173100716743745,186799,42
173100717741036,186841,42
173100718811974,186883,42
173100719879995,186925,42
173100721002599,186967,42
173100722031141,187009,42
173100723097234,187051,20
173100723162443,187071,42
173100724167182,187113,42
173100725237078,187155,42
173100726304266,187197,42
173100727799109,187239,42
173100728451453,187281,42
173100729526089,187323,42
173100730619630,187365,42
173100731674005,187407,42
173100732735359,187449,42
173100732804734,187491,42
173100733806193,187533,42
173100734875307,187575,42
173100735944161,187617,42
173100737014370,187659,42
173100738092182,187701,42
173100739156714,187743,42
173100740304318,187785,42
173100741303276,187827,42
173100742365047,187869,42
173100743438328,187911,42
173100744505620,187953,42
173100745568120,187995,42
173100746635672,188037,42
173100747703849,188079,42
173100748775255,188121,42
173100749868953,188163,42
173100750933953,188205,42
173100751015724,188247,42
173100751990984,188289,42
173100753061766,188331,42
173100754130568,188373,42
173100755202807,188415,42
173100756271870,188457,20
173100756342339,188477,42
173100757355359,188519,42
173100758415776,188561,42
173100759484682,188603,42
173100760685828,188645,42
173100761625516,188687,42
173100762694891,188729,42
173100763760047,188771,42
173100764838484,188813,42
173100765902911,188855,42
173100766969786,188897,42
173100767040359,188939,42
173100768046349,188981,42
173100769113380,189023,42
173100770204682,189065,42
173100771270307,189107,42
173100772330568,189149,42
173100773394682,189191,42
173100774465620,189233,42
173100775532182,189275,42
173100776603328,189317,42
173100777668849,189359,42
173100778755672,189401,42
173100779813849,189443,42
173100780908172,189485,42
173100781961974,189527,42
173100783028224,189569,42
173100784101557,189611,42
173100784170463,189653,42
173100785176141,189695,42
173100786237130,189737,42
173100787304578,189779,42
173100788378016,189821,42
173100789444891,189863,42
173100789513797,189905,20
173100790636193,189925,42
173100791588120,189967,42
173100792655411,190009,42
173100793746401,190051,42
173100794807599,190093,42
173100795882234,190135,42
173100796990516,190177,42
173100798015620,190219,42
173100799085359,190261,42
173100800271870,190303,42
173100801226141,190345,42
173100801293797,190387,42
173100802285620,190429,42
173100803355411,190471,42
173100804423953,190513,42
173100805493172,190555,42
173100806564213,190597,42
173100807638432,190639,42
173100808700880,190681,42
173100809766818,190723,42
173100810855307,190765,42
173100811910307,190807,42
173100812989318,190849,42
173100814049682,190891,42
173100815115047,190933,42
173100816178641,190975,42
173100817254161,191017,42
173100818320620,191059,42
173100818387547,191101,42
173100819386141,191143,42
173100820571297,191185,42
173100821587391,191227,42
173100822654891,191269,42
173100822731245,191311,20
173100823725568,191331,42
173100824798172,191373,42
173100825872026,191415,42
173100826957651,191457,42
173100828025151,191499,42
173100829125672,191541,42
173100830247703,191583,42
173100831274213,191625,42
173100832335776,191667,42
173100833413849,191709,42
173100833488484,191751,42
173100834486401,191793,42
173100835564161,191835,42
173100836635880,191877,42
173100837712599,191919,42
173100838785568,191961,42
173100839860828,192003,42
173100841053745,192045,42
173100842030568,192087,42
173100843092755,192129,42
173100844162807,192171,42
173100845233380,192213,42
173100846316922,192255,42
173100847388172,192297,42
173100848458016,192339,42
173100849526088,192381,42
173100849595516,192423,42
173100850624057,192465,42
173100851683328,192507,42
173100852755255,192549,42
173100853818588,192591,42
173100854903172,192633,42
173100855965255,192675,42
173100856036713,192717,20
173100857034109,192737,42
173100858102963,192779,42
173100859177026,192821,42
173100860297963,192863,42
173100861326505,192905,42
173100862390359,192947,42
173100863456036,192989,42
173100864528068,193031,42
173100865603172,193073,42
173100865670516,193115,42
173100866668849,193157,42
173100867737703,193199,42
173100868821349,193241,42
173100869888797,193283,42
173100870975307,193325,42
173100872029682,193367,42
173100873100203,193409,42
173100874169057,193451,42
173100875238588,193493,42
173100876308901,193535,42
173100877412755,193577,42
173100878482859,193619,42
173100879724734,193661,42
173100880661453,193703,42
173100881710672,193745,42
173100881781661,193787,42
173100882791713,193829,42
173100883854630,193871,42
173100884919266,193913,42
173100885988588,193955,42
173100887060359,193997,42
173100888181870,194039,42
173100889203276,194081,42
173100889271713,194123,20
173100890621453,194143,42
173100891354213,194185,42
173100892415307,194227,42
173100893483484,194269,42
173100894545984,194311,42
173100895616036,194353,42
173100896698016,194395,42
173100897770359,194437,42
173100897841349,194479,42
173100898856766,194521,42
173100899913432,194563,42
173100900997911,194605,42
173100902054161,194647,42
173100903124213,194689,42
173100904193016,194731,42
173100905263016,194773,42
173100906333068,194815,42
173100907413172,194857,42
173100908510411,194899,42
173100909577286,194941,42
173100910676453,194983,42
173100911728120,195025,42
173100912794005,195067,42
173100913863588,195109,42
173100913932755,195151,42
173100914934422,195193,42
173100916005255,195235,42
173100917082911,195277,42
173100918147234,195319,42
173100919215359,195361,42
173100920344005,195403,42
173100921369370,195445,42
173100922436766,195487,42
173100923502286,195529,20
173100923569526,195549,42
173100924587859,195591,42
173100925647963,195633,42
173100926711297,195675,42
173100927782286,195717,42
173100928852859,195759,42
173100930458068,195801,42
173100931027130,195843,42
173100931101766,195885,42
173100932079161,195927,42
173100933144682,195969,42
173100934214734,196011,42
173100935283484,196053,42
173100936355099,196095,42
173100937427286,196137,42
173100938507807,196179,42
173100939602026,196221,42
173100940705776,196263,42
173100941768484,196305,42
173100942829370,196347,42
173100943897338,196389,42
173100944963849,196431,42
173100946035828,196473,42
173100947105516,196515,42
173100947173484,196557,42
173100948175151,196599,42
173100949248901,196641,42
173100950344266,196683,42
173100951400672,196725,42
173100952483016,196767,42
173100953539578,196809,42
173100954609318,196851,42
173100955793328,196893,42
173100956749213,196935,20
173100956818172,196955,42
173100957820047,196997,42
173100958889891,197039,42
173100959963328,197081,42
173100961054474,197123,42
173100962116661,197165,42
173100963181974,197207,42
173100963250724,197249,42
173100964256088,197291,42
173100965323641,197333,42
173100966405932,197375,42
173100967469005,197417,42
173100968537026,197459,42
173100969607651,197501,42
173100970727547,197543,42
173100971784161,197585,42
173100972849630,197627,42
173100973929474,197669,42
173100974991974,197711,42
173100976063536,197753,42
173100977136297,197795,42
173100978201401,197837,42
173100979274890,197879,42
173100979512130,197921,42
173100980375463,197963,42
173100981434370,198005,42
173100982491557,198047,42
173100983562911,198089,42
173100984632703,198131,42
173100985702651,198173,42
173100986771870,198215,42
173100987841922,198257,42
173100988916609,198299,42
173100989981713,198341,20
173100990260203,198361,42
173100991073224,198403,42
173100992131661,198445,42
173100993195984,198487,42
173100994276453,198529,42
173100995340047,198571,42
173100996407963,198613,42
173100996476818,198655,42
173100997517182,198697,42
173100998551870,198739,42
173100999624682,198781,42
173101000724578,198823,42
173101001789109,198865,42
173101002848797,198907,42
173101003915463,198949,42
173101004987443,198991,42
173101006051870,199033,42
173101007353328,199075,42
173101008204734,199117,42
173101009269109,199159,42
173101010353015,199201,42
173101011418588,199243,42
173101012477859,199285,42
173101012645828,199327,42
173101013551193,199369,42
173101014617443,199411,42
173101015688068,199453,42
173101016760672,199495,42
173101017826818,199537,42
173101018899005,199579,42
173101019968640,199621,42
173101021059995,199663,42
173101022134474,199705,42
173101023192234,199747,20
173101023261349,199767,42
173101024259578,199809,42
173101025329838,199851,42
173101026399682,199893,42
173101027467703,199935,42
173101028536297,199977,42
173101029613797,200019,42
173101029692547,200061,42
173101030694265,200103,42
173101031758484,200145,42
173101032813797,200187,42
173101033870724,200229,42
173101034932234,200271,42
173101036009109,200313,42
173101037066036,200355,42
173101038126140,200397,42
173101039188588,200439,42
173101040344786,200481,42
173101041372495,200523,42
173101042450047,200565,42
173101043512130,200607,42
173101044610151,200649,42
173101045650255,200691,42
173101045785047,200733,42
173101046807130,200775,42
173101047791870,200817,42
173101048847911,200859,42
173101050108432,200901,42
173101050991609,200943,42
173101052048380,200985,42
173101053107807,201027,42
173101054170984,201069,42
173101055375932,201111,42
173101056434943,201153,42
173101056505255,201195,20
173101057497703,201215,42
173101058559370,201257,42
173101059622026,201299,42
173101060931349,201341,42
173101061979943,201383,42
173101062049213,201425,42
173101063081245,201467,42
173101064123380,201509,42
173101065221661,201551,42
173101066288901,201593,42
173101067362234,201635,42
173101068435151,201677,42
173101069506713,201719,42
173101070679786,201761,42
173101071663328,201803,42
173101072736140,201845,42
173101073873328,201887,42
173101074890932,201929,42
173101074965724,201971,42
173101076012026,202013,42
173101077031713,202055,42
173101078127390,202097,42
173101079191245,202139,42
173101080335307,202181,42
173101081354005,202223,42
173101082422807,202265,42
173101083488328,202307,42
173101084543120,202349,42
173101085649370,202391,42
173101086720515,202433,42
173101087790255,202475,42
173101088869109,202517,42
173101089945776,202559,42
173101090150776,202601,20
173101091052026,202621,42
173101091131297,202663,42
173101092103640,202705,42
173101093175307,202747,42
173101094249265,202789,42
173101095320932,202831,42
173101096434995,202873,42
173101097474995,202915,42
173101098578536,202957,42
173101099625724,202999,42
173101100747599,203041,42
173101101825099,203083,42
173101102898380,203125,42
173101103963953,203167,42
173101105048640,203209,42
173101106120255,203251,42
173101106197130,203293,42
173101107274213,203335,42
173101108272078,203377,42
173101109334526,203419,42
173101110475255,203461,42
173101111490099,203503,42
173101112580203,203545,42
173101113627963,203587,42
173101114697338,203629,42
173101115751297,203671,42
173101116968432,203713,42
173101117880411,203755,42
173101118952078,203797,42
173101120116245,203839,42
173101121086922,203881,42
173101122145932,203923,42
173101122214057,203965,42
173101123205620,204007,20
173101123272130,204027,42
173101124265307,204069,42
173101125330828,204111,42
173101126389213,204153,42
173101127451297,204195,42
173101128522182,204237,42
173101129574682,204279,42
173101130974213,204321,42
173101131829734,204363,42
173101133199213,204405,42
173101133955463,204447,42
173101135012911,204489,42
173101136074109,204531,42
173101137138745,204573,42
173101138198536,204615,42
173101139262390,204657,42
173101139332078,204699,42
173101140658745,204741,42
173101141436401,204783,42
173101142502130,204825,42
173101143580307,204867,42
173101144661505,204909,42
173101145729057,204951,42
173101146817703,204993,42
173101147882130,205035,42
173101148974474,205077,42
173101150126870,205119,42
173101151133693,205161,42
173101152204890,205203,42
173101153274995,205245,42
173101154358745,205287,42
173101154434578,205329,42
173101155435568,205371,42
173101156511818,205413,20
173101156589213,205433,42
173101157586088,205475,42
173101158659109,205517,42
173101159733432,205559,42
173101160859109,205601,42
173101161941453,205643,42
173101162983484,205685,42
173101164082963,205727,42
173101165126349,205769,42
173101166223953,205811,42
173101167283797,205853,42
173101168356974,205895,42
173101169435984,205937,42
173101169511401,205979,42
173101170521245,206021,42
173101171583849,206063,42
173101172656349,206105,42
173101173729474,206147,42
173101174831245,206189,42
173101175894005,206231,42
173101176966661,206273,42
173101178049109,206315,42
173101179096401,206357,42
173101180455984,206399,42
173101181229630,206441,42
173101181299265,206483,42
173101183549213,206525,42
173101184432078,206567,42
173101185483745,206609,42
173101186541974,206651,42
173101186611401,206693,42
173101187606349,206735,42
173101188732182,206777,42
173101189788224,206819,20
173101189857390,206839,42
173101190890776,206881,42
173101191959109,206923,42
173101193029630,206965,42
173101194102234,207007,42
173101195174838,207049,42
173101196269005,207091,42
173101197318432,207133,42
173101198420255,207175,42
173101199486505,207217,42
173101200671297,207259,42
173101201641922,207301,42
173101201717182,207343,42
173101202804213,207385,42
173101203801453,207427,42
173101204866349,207469,42
173101206004109,207511,42
173101207013745,207553,42
173101208087078,207595,42
173101209188328,207637,42
173101210358953,207679,42
173101211283172,207721,42
173101212346765,207763,42
173101213400203,207805,42
173101214466661,207847,42
173101215523745,207889,42
173101216695984,207931,42
173101217663640,207973,42
173101217734995,208015,42
173101218719265,208057,42
173101219781609,208099,42
173101220953849,208141,42
173101222050724,208183,42
173101223108172,208225,20
173101223176765,208245,42
173101224168484,208287,42
173101225231088,208329,42
173101226296557,208371,42
173101227358172,208413,42
173101228417755,208455,42
173101229494630,208497,42
173101230683484,208539,42
173101231618849,208581,42
173101232673901,208623,42
173101233737182,208665,42
173101234815672,208707,42
173101235868276,208749,42
173101235943276,208791,42
173101236927807,208833,42
173101237991765,208875,42
173101239057234,208917,42
173101240583067,208959,42
173101241125515,209001,42
173101242181557,209043,42
173101243255776,209085,42
173101244312495,209127,42
173101245391401,209169,42
173101246430984,209211,42
173101247508797,209253,42
173101248563276,209295,42
173101249619161,209337,42
173101250792495,209379,42
173101251845567,209421,42
173101252901713,209463,42
173101253960099,209505,42
173101254029578,209547,42
173101255028640,209589,42
173101256088849,209631,20
173101256156661,209651,42
173101257152599,209693,42
173101258221974,209735,42
173101259286609,209777,42
173101260411401,209819,42
173101261448224,209861,42
173101262510463,209903,42
173101263584265,209945,42
173101264668536,209987,42
173101265735307,210029,42
173101266807130,210071,42
173101267880724,210113,42
173101268950151,210155,42
173101270131817,210197,42
173101271124317,210239,42
173101271198901,210281,42
173101272191453,210323,42
173101273258432,210365,42
173101274338849,210407,42
173101275408172,210449,42
173101276479890,210491,42
173101277572078,210533,42
173101278625359,210575,42
173101279684005,210617,42
173101280972078,210659,42
173101282027234,210701,42
173101283238432,210743,42
173101284148015,210785,42
173101284217755,210827,42
173101285234526,210869,42
173101286282182,210911,42
173101287344265,210953,42
173101288406661,210995,42
173101289531922,211037,20
173101289611088,211057,42
173101290681974,211099,42
173101291656349,211141,42
173101292728015,211183,42
173101293796765,211225,42
173101294868276,211267,42
173101295970567,211309,42
173101297017599,211351,42
173101298120255,211393,42
173101299166609,211435,42
173101300519630,211477,42
173101300608015,211519,42
173101301302651,211561,42
173101302361349,211603,42
173101303421505,211645,42
173101304532859,211687,42
173101305604161,211729,42
173101306666974,211771,42
173101307743536,211813,42
173101308822807,211855,42
173101309881036,211897,42
173101310970567,211939,42
173101312044838,211981,42
173101313106661,212023,42
173101314195151,212065,42
173101315251609,212107,42
173101316358588,212149,42
173101317438067,212191,42
173101317513432,212233,42
173101318503380,212275,42
173101319574526,212317,42
173101320690047,212359,42
173101321751036,212401,42
173101322826765,212443,42
173101322900151,212485,20
173101323895411,212505,42
173101324969265,212547,42
173101326039005,212589,42
173101327113172,212631,42
173101328199682,212673,42
173101329270151,212715,42
173101330352286,212757,42
173101331425099,212799,42
173101331501713,212841,42
173101332489057,212883,42
173101333561401,212925,42
173101334631505,212967,42
173101335877130,213009,42
173101336777911,213051,42
173101337828849,213093,42
173101338893328,213135,42
173101339952130,213177,42
173101341057286,213219,42
173101342128224,213261,42
173101343192859,213303,42
173101344261505,213345,42
173101345335880,213387,42
173101346406609,213429,42
173101347480099,213471,42
173101348553484,213513,42
173101348627442,213555,42
173101349624213,213597,42
173101350712495,213639,42
173101351777703,213681,42
173101352849838,213723,42
173101353922963,213765,42
173101354998328,213807,42
173101356080151,213849,42
173101356158953,213891,20
173101357144109,213911,42
173101358215724,213953,42
173101359291453,213995,42
173101360383692,214037,42
173101361445359,214079,42
173101362507651,214121,42
173101363582286,214163,42
173101364661192,214205,42
173101364740307,214247,42
173101365728328,214289,42
173101366800880,214331,42
173101367872026,214373,42
173101368949578,214415,42
173101370118640,214457,42
173101371108015,214499,42
173101372170724,214541,42
173101373243276,214583,42
173101374317390,214625,42
173101375385776,214667,42
173101376459213,214709,42
173101377536036,214751,42
173101378606505,214793,42
173101379682026,214835,42
173101380780255,214877,42
173101380869734,214919,42
173101381839578,214961,42
173101382907651,215003,42
173101383994630,215045,42
173101385060307,215087,42
173101386506765,215129,42
173101387206765,215171,42
173101388261922,215213,42
173101389319474,215255,42
173101389387807,215297,20
173101390421192,215317,42
173101391487182,215359,42
173101392550463,215401,42
173101393618328,215443,42
173101394691192,215485,42
173101395763328,215527,42
173101396840411,215569,42
173101396916245,215611,42
173101397921557,215653,42
173101398985984,215695,42
173101400159161,215737,42
173101401882963,215779,42
173101402217755,215821,42
173101403275724,215863,42
173101404332026,215905,42
173101405455515,215947,42
173101406482495,215989,42
173101407725463,216031,42
173101408784995,216073,42
173101409889890,216115,42
173101411440984,216157,42
173101411539161,216199,42
173101412034786,216241,42
173101413117286,216283,42
173101414156609,216325,42
173101415224057,216367,42
173101416298380,216409,42
173101417366505,216451,42
173101418462494,216493,42
173101419533119,216535,42
173101420647026,216577,42
173101421702651,216619,42
173101422772286,216661,42
173101422844942,216703,20
173101423844630,216723,42
173101425051453,216765,42
173101426003015,216807,42
173101427070828,216849,42
173101427146036,216891,42
173101428138380,216933,42
173101429212234,216975,42
173101430310047,217017,42
173101431358588,217059,42
173101432435567,217101,42
173101433503901,217143,42
173101434579369,217185,42
173101435651765,217227,42
173101437153640,217269,42
173101437801036,217311,42
173101438948692,217353,42
173101439917599,217395,42
173101441046401,217437,42
173101442110255,217479,42
173101442186922,217521,42
173101443175619,217563,42
173101444245099,217605,42
173101445320619,217647,42
173101446388797,217689,42
173101447463692,217731,42
173101448535411,217773,42
173101449609213,217815,42
173101450693015,217857,42
173101451760984,217899,42
173101452941609,217941,42
173101453907442,217983,42
173101454970776,218025,42
173101456035307,218067,42
173101456105567,218109,20
173101457102703,218129,42
173101458167859,218171,42
173101459239369,218213,42
173101459309213,218255,42
173101460348432,218297,42
173101461383276,218339,42
173101462445359,218381,42
173101463520047,218423,42
173101464582026,218465,42
173101465647703,218507,42
173101466793692,218549,42
173101467795984,218591,42
173101468857026,218633,42
173101469921505,218675,42
173101471011244,218717,42
173101472100099,218759,42
173101473137338,218801,42
173101474206974,218843,42
173101475276817,218885,42
173101476340359,218927,42
173101476409942,218969,42
173101477413328,219011,42
173101478475515,219053,42
173101479548744,219095,42
173101480717494,219137,42
173101481713119,219179,42
173101482766453,219221,42
173101483840515,219263,42
173101484907338,219305,42
173101485970672,219347,42
173101487039994,219389,42
173101488284786,219431,42
173101489208588,219473,42
173101489277130,219515,20
173101490432599,219535,42
173101491339682,219577,42
173101491411088,219619,42
173101492397494,219661,42
173101493456609,219703,42
173101494617807,219745,42
173101495592911,219787,42
173101496646453,219829,42
173101497724057,219871,42
173101498777442,219913,42
173101499838692,219955,42
173101500953588,219997,42
173101501998901,220039,42
173101503062599,220081,42
173101504132599,220123,42
173101505201401,220165,42
173101506268328,220207,42
173101507348119,220249,42
173101508567390,220291,42
173101509498901,220333,42
173101510653015,220375,42
173101510737755,220417,42
173101511632078,220459,42
173101512691036,220501,42
173101513761453,220543,42
173101514824942,220585,42
173101515899734,220627,42
173101516966765,220669,42
173101518030047,220711,42
173101519107234,220753,42
173101520198901,220795,42
173101521247755,220837,42
173101522467286,220879,42
173101523390099,220921,20
173101523459682,220941,42
173101524452547,220983,42
173101525519890,221025,42
173101526591817,221067,42
173101527657442,221109,42
173101527724734,221151,42
173101528726088,221193,42
173101529800151,221235,42
173101530891974,221277,42
173101531945463,221319,42
173101533009630,221361,42
173101534078224,221403,42
173101535145672,221445,42
173101536365359,221487,42
173101537292494,221529,42
173101538443119,221571,42
173101539442338,221613,42
173101540645463,221655,42
173101541571974,221697,42
173101541642130,221739,42
173101543698276,221781,42
173101544750515,221823,42
173101544819734,221865,42
173101545817807,221907,42
173101546877547,221949,42
173101547943744,221991,42
173101549000203,222033,42
173101550252651,222075,42
173101551143692,222117,42
173101552199890,222159,42
173101553261349,222201,42
173101554324526,222243,42
173101555390307,222285,42
173101556451088,222327,42
173101556519057,222369,20
173101557515099,222389,42
173101558577078,222431,42
173101559639057,222473,42
173101560973380,222515,42
173101562012755,222557,42
173101562079786,222599,42
173101563074838,222641,42
173101564349317,222683,42
173101565210828,222725,42
173101566269057,222767,42
173101567328276,222809,42
173101568391974,222851,42
173101569453224,222893,42
173101570654734,222935,42
173101571584057,222977,42
173101572641244,223019,42
173101573832338,223061,42
173101574768276,223103,42
173101574836192,223145,42
173101576911297,223187,42
173101578095984,223229,42
173101578171922,223271,42
173101579023901,223313,42
173101580109578,223355,42
173101581156974,223397,42
173101582217286,223439,42
173101583357286,223481,42
173101584347703,223523,42
173101585406088,223565,42
173101586465724,223607,42
173101587536453,223649,42
173101588714317,223691,42
173101589775255,223733,42
173101589845307,223775,20
173101590882807,223795,42
173101592091661,223837,42
173101593013380,223879,42
173101594077130,223921,42
173101594145255,223963,42
173101595156297,224005,42
173101596214265,224047,42
173101597372338,224089,42
173101598361349,224131,42
173101599423849,224173,42
173101600512390,224215,42
173101601568797,224257,42
173101602632234,224299,42
173101603701192,224341,42
173101604767599,224383,42
173101605998119,224425,42
173101606919734,224467,42
173101607984890,224509,42
173101609071713,224551,42
173101610225672,224593,42
173101610313172,224635,42
173101611208224,224677,42
173101612260255,224719,42
173101613331036,224761,42
173101614391036,224803,42
173101615468484,224845,42
173101616551244,224887,42
173101617606297,224929,42
173101618669474,224971,42
173101619867651,225013,42
173101620844005,225055,42
173101621893536,225097,42
173101622959682,225139,42
173101623027547,225181,20
173101624028484,225201,42
173101625096036,225243,42
173101626166713,225285,42
173101627235151,225327,42
173101627394786,225369,42
173101628304786,225411,42
173101629381453,225453,42
173101630461244,225495,42
173101631518432,225537,42
173101632583380,225579,42
173101633786088,225621,42
173101634730515,225663,42
173101635789526,225705,42
173101636857442,225747,42
173101637925151,225789,42
173101638990203,225831,42
173101640561713,225873,42
173101641117442,225915,42
173101642158328,225957,42
173101643238901,225999,42
173101644286296,226041,42
173101645363328,226083,42
173101645430828,226125,42
173101646420515,226167,42
173101647521453,226209,42
173101648584369,226251,42
173101649652078,226293,42
173101650730046,226335,42
173101651785984,226377,42
173101652857234,226419,42
173101653923171,226461,42
173101654994942,226503,42
173101656061869,226545,42
173101656128692,226587,20
173101657127963,226607,42
173101658197286,226649,42
173101659264786,226691,42
173101660356921,226733,42
173101661410046,226775,42
173101662489421,226817,42
173101662564213,226859,42
173101663554057,226901,42
173101664615724,226943,42
173101665681244,226985,42
173101666748119,227027,42
173101667816713,227069,42
173101668883953,227111,42
173101669951036,227153,42
173101671039578,227195,42
173101672095724,227237,42
173101673160880,227279,42
173101674231036,227321,42
173101675293953,227363,42
173101676385828,227405,42
173101677444942,227447,42
173101678503849,227489,42
173101679579526,227531,42
173101679647911,227573,42
173101680674265,227615,42
173101681736661,227657,42
173101682793328,227699,42
173101683870776,227741,42
173101684926974,227783,42
173101685994630,227825,42
173101687059734,227867,42
173101688180463,227909,42
173101689201505,227951,42
173101689268380,227993,20
173101690415724,228013,42
173101691384109,228055,42
173101692449317,228097,42
173101693519578,228139,42
173101694616453,228181,42
173101695673171,228223,42
173101695748119,228265,42
173101696750932,228307,42
173101697821817,228349,42
173101698889265,228391,42
173101699966713,228433,42
173101701059838,228475,42
173101702125932,228517,42
173101703193796,228559,42
173101704279109,228601,42
173101705345776,228643,42
173101706418901,228685,42
173101707492807,228727,42
173101708565046,228769,42
173101709647026,228811,42
173101710735776,228853,42
173101711947390,228895,42
173101712025359,228937,42
173101712967963,228979,42
173101714027599,229021,42
173101715109526,229063,42
173101716174057,229105,42
173101717375203,229147,42
173101718333276,229189,42
173101719403692,229231,42
173101720555203,229273,42
173101721544161,229315,42
173101722612494,229357,42
173101722749734,229399,20
173101723679109,229419,42
173101724748849,229461,42
173101725818744,229503,42
173101725889890,229545,42
173101726883744,229587,42
173101727964630,229629,42
173101729036921,229671,42
173101730449786,229713,42
173101731178224,229755,42
173101732241244,229797,42
173101733307755,229839,42
173101734372755,229881,42
173101735444734,229923,42
173101736514630,229965,42
173101737586036,230007,42
173101738651088,230049,42
173101739721713,230091,42
173101740816453,230133,42
173101741880411,230175,42
173101742942651,230217,42
173101743014421,230259,42
173101744010724,230301,42
173101745079526,230343,42
173101746156036,230385,42
173101747218744,230427,42
173101748291453,230469,42
173101749359421,230511,42
173101750434838,230553,42
173101751502651,230595,42
173101752574734,230637,42
173101753642286,230679,42
173101754839734,230721,42
173101755784890,230763,42
173101756851088,230805,20
173101756921505,230825,42
173101757922599,230867,42
173101758996140,230909,42
173101760402546,230951,42
173101760492078,230993,42
173101761143328,231035,42
173101762208380,231077,42
173101763275776,231119,42
173101764350619,231161,42
173101765416974,231203,42
173101766488588,231245,42
173101767559005,231287,42
173101768627078,231329,42
173101769696036,231371,42
173101770776192,231413,42
173101771844994,231455,42
173101772915932,231497,42
173101773988536,231539,42
173101775057703,231581,42
173101776125567,231623,42
173101776196401,231665,42
173101777193328,231707,42
173101778263484,231749,42
173101779331453,231791,42
173101780464630,231833,42
173101781478849,231875,42
173101782548640,231917,42
173101783619786,231959,42
173101784682963,232001,42
173101785755151,232043,42
173101786823901,232085,42
173101787901817,232127,42
173101788968171,232169,42
173101790368849,232211,20
173101790459994,232231,42
173101791120307,232273,42
173101792185463,232315,42
173101793250099,232357,42
173101794491869,232399,42
173101794575567,232441,42
173101795399265,232483,42
173101796460463,232525,42
173101797653380,232567,42
173101798605255,232609,42
173101799668119,232651,42
173101800755203,232693,42
173101801828224,232735,42
173101802892234,232777,42
173101803960984,232819,42
173101805031817,232861,42
173101806103536,232903,42
173101807208380,232945,42
173101808240619,232987,42
173101809314838,233029,42
173101810385411,233071,42
173101810474578,233113,42
173101811449734,233155,42
173101812534786,233197,42
173101813603119,233239,42
173101814664786,233281,42
173101815739317,233323,42
173101816808015,233365,42
173101817872546,233407,42
173101818939838,233449,42
173101820384109,233491,42
173101821112546,233533,42
173101822178744,233575,42
173101823242911,233617,42
173101823315724,233659,20
173101824313119,233679,42
173101825381244,233721,42
173101826451036,233763,42
173101827521817,233805,42
173101827596713,233847,42
173101828591244,233889,42
173101829666088,233931,42
173101830919734,233973,42
173101831817442,234015,42
173101832883588,234057,42
173101833949057,234099,42
173101835017807,234141,42
173101836087026,234183,42
173101837160046,234225,42
173101838228119,234267,42
173101839298588,234309,42
173101840730515,234351,42
173101841442286,234393,42
173101842510203,234435,42
173101843581817,234477,42
173101843652651,234519,42
173101844647911,234561,42
173101845718692,234603,42
173101846786401,234645,42
173101847853901,234687,42
173101848921453,234729,42
173101849996296,234771,42
173101851075984,234813,42
173101852144526,234855,42
173101853234942,234897,42
173101854280567,234939,42
173101855350151,234981,42
173101856420359,235023,42
173101856493536,235065,20
173101857494526,235085,42
173101858562703,235127,42
173101859628796,235169,42
173101860738588,235211,42
173101860829473,235253,42
173101861808171,235295,42
173101862876192,235337,42
173101863944890,235379,42
173101865019473,235421,42
173101866083848,235463,42
173101867155515,235505,42
173101868227130,235547,42
173101869300359,235589,42
173101870372442,235631,42
173101871447859,235673,42
173101872511713,235715,42
173101873580463,235757,42
173101874652963,235799,42
173101875717755,235841,42
173101876784265,235883,42
173101876855723,235925,42
173101877860619,235967,42
173101878927651,236009,42
173101879997286,236051,42
173101881083484,236093,42
173101882149161,236135,42
173101883230255,236177,42
173101884287859,236219,42
173101885385046,236261,42
173101886430776,236303,42
173101887497859,236345,42
173101888568380,236387,42
173101889636505,236429,42
173101889708692,236471,20
173101890718588,236491,42
173101891789473,236533,42
173101892858432,236575,42
173101892931140,236617,42
173101893928223,236659,42
173101894994630,236701,42
173101896062807,236743,42
173101897130255,236785,42
173101898205255,236827,42
173101899278901,236869,42
173101900483276,236911,42
173101901443640,236953,42
173101902506609,236995,42
173101903576817,237037,42
173101904643640,237079,42
173101905713692,237121,42
173101906783067,237163,42
173101907849994,237205,42
173101909060046,237247,42
173101909995619,237289,42
173101910303015,237331,42
173101911070567,237373,42
173101912139265,237415,42
173101913604265,237457,42
173101914288744,237499,42
173101915365411,237541,42
173101916574630,237583,42
173101917493015,237625,42
173101918556401,237667,42
173101919623328,237709,42
173101920717598,237751,42
173101921782338,237793,42
173101922850151,237835,42
173101922922807,237877,20
173101923917390,237897,42
173101924989526,237939,42
173101926058432,237981,42
173101926132234,238023,42
173101927137494,238065,42
173101928197182,238107,42
173101929268328,238149,42
173101930349421,238191,42
173101931408953,238233,42
173101932474057,238275,42
173101933545932,238317,42
173101934613223,238359,42
173101935684786,238401,42
173101936752859,238443,42
173101937822442,238485,42
173101938900151,238527,42
173101939970776,238569,42
173101941055098,238611,42
173101942118328,238653,42
173101943189161,238695,42
173101943263744,238737,42
173101944254838,238779,42
173101945321453,238821,42
173101946390619,238863,42
173101947461921,238905,42
173101948535203,238947,42
173101949600619,238989,42
173101950686244,239031,42
173101951757078,239073,42
173101952825619,239115,42
173101953893171,239157,42
173101954966973,239199,42
173101956031557,239241,42
173101956102390,239283,20
173101957103223,239303,42
173101958170307,239345,42
173101959242390,239387,42
173101960467651,239429,42
173101960556244,239471,42
173101961386765,239513,42
173101962449369,239555,42
173101963519265,239597,42
173101964587807,239639,42
173101965656244,239681,42
173101966726088,239723,42
173101967796609,239765,42
173101968867963,239807,42
173101969934161,239849,42
173101971013432,239891,42
173101972083744,239933,42
173101973149526,239975,42
173101974220880,240017,42
173101975287859,240059,42
173101976356401,240101,42
173101976427338,240143,42
173101977429630,240185,42
173101978499890,240227,42
173101979568848,240269,42
173101980663588,240311,42
173101981730359,240353,42
173101982800255,240395,42
173101983871192,240437,42
173101984940151,240479,42
173101986009317,240521,42
173101987078276,240563,42
173101988188119,240605,42
173101989216609,240647,42
173101989288692,240689,20
173101990440151,240709,42
173101991365098,240751,42
173101992429057,240793,42
173101993494682,240835,42
173101993565411,240877,42
173101994565984,240919,42
173101995637338,240961,42
173101996709109,241003,42
173101997780411,241045,42
173101998845515,241087,42
173101999915255,241129,42
173102001002442,241171,42
173102002067703,241213,42
173102003135828,241255,42
173102004205776,241297,42
173102005276453,241339,42
173102006348796,241381,42
173102007418119,241423,42
173102008487807,241465,42
173102009561505,241507,42
173102009639005,241549,42
173102010660567,241591,42
173102011709838,241633,42
173102012773744,241675,42
173102013841401,241717,42
173102015135828,241759,42
173102016179630,241801,42
173102017080151,241843,42
173102018140828,241885,42
173102019213953,241927,42
173102020478796,241969,42
173102021517911,242011,42
173102022421817,242053,42
173102023491453,242095,20
173102023565723,242115,42
173102024569473,242157,42
173102025636244,242199,42
173102026701244,242241,42
173102026770984,242283,42
173102027770671,242325,42
173102028851765,242367,42
173102029926036,242409,42
173102031001973,242451,42
173102032074682,242493,42
173102033141765,242535,42
173102034209786,242577,42
173102035278640,242619,42
173102036345984,242661,42
173102037414057,242703,42
173102038496973,242745,42
173102039560619,242787,42
173102040717651,242829,42
173102041717598,242871,42
173102042811765,242913,42
173102042884890,242955,42
173102043865567,242997,42
173102044969213,243039,42
173102046026817,243081,42
173102047094109,243123,42
173102048159526,243165,42
173102049230671,243207,42
173102050479786,243249,42
173102051545880,243291,42
173102052607234,243333,42
173102053674890,243375,42
173102054858744,243417,42
173102055809786,243459,42
173102056884838,243501,20
173102056959421,243521,42
173102057021713,243563,42
173102057949578,243605,42
173102059019421,243647,42
173102060474005,243689,42
173102061145515,243731,42
173102062193276,243773,42
173102063258901,243815,42
173102064372963,243857,42
173102065573796,243899,42
173102066453380,243941,42
173102067509057,243983,42
173102068570723,244025,42
173102069633640,244067,42
173102070775359,244109,42
173102071972807,244151,42
173102072905880,244193,42
173102073961661,244235,42
173102074031869,244277,42
173102075013848,244319,42
173102076074317,244361,42
173102077144473,244403,42
173102078209161,244445,42
173102079425203,244487,42
173102080518848,244529,42
173102081400619,244571,42
173102082453536,244613,42
173102083676661,244655,42
173102084577963,244697,42
173102085639161,244739,42
173102086704213,244781,42
173102087763588,244823,42
173102088832859,244865,42
173102089894525,244907,42
173102090180255,244949,20
173102091234942,244969,42
173102092027338,245011,42
173102092099838,245053,42
173102093090567,245095,42
173102094159942,245137,42
173102095498119,245179,42
173102096281348,245221,42
173102097347546,245263,42
173102098410411,245305,42
173102099469317,245347,42
173102100871296,245389,42
173102101599786,245431,42
173102102659421,245473,42
173102103721400,245515,42
173102104785463,245557,42
173102105847234,245599,42
173102106913380,245641,42
173102107986713,245683,42
173102109041713,245725,42
173102110350932,245767,42
173102111178796,245809,42
173102111251557,245851,42
173102112234057,245893,42
173102113303640,245935,42
173102114356192,245977,42
173102115427025,246019,42
173102116528484,246061,42
173102117598328,246103,42
173102118668380,246145,42
173102119731036,246187,42
173102120851765,246229,42
173102121927703,246271,42
173102123003692,246313,42
173102123078328,246355,20
173102124069838,246375,42
173102125143796,246417,42
173102126217703,246459,42
173102127292182,246501,42
173102128403640,246543,42
173102128480880,246585,42
173102129436661,246627,42
173102130493119,246669,42
173102131575411,246711,42
173102132616869,246753,42
173102133679057,246795,42
173102134742755,246837,42
173102135806400,246879,42
173102136868588,246921,42
173102137929369,246963,42
173102138990307,247005,42
173102140076505,247047,42
173102141247390,247089,42
173102142298171,247131,42
173102143364005,247173,42
173102144440307,247215,42
173102144516036,247257,42
173102145563536,247299,42
173102146592703,247341,42
173102147654473,247383,42
173102148734317,247425,42
173102149816505,247467,42
173102150890984,247509,42
173102151949265,247551,42
173102153018328,247593,42
173102154111765,247635,42
173102155158692,247677,42
173102156230567,247719,42
173102156301817,247761,20
173102157297963,247781,42
173102158372494,247823,42
173102159440723,247865,42
173102160634473,247907,42
173102160718223,247949,42
173102161586973,247991,42
173102162664890,248033,42
173102163737390,248075,42
173102164802650,248117,42
173102165869734,248159,42
173102166940359,248201,42
173102168011713,248243,42
173102169079838,248285,42
173102170196088,248327,42
173102171234994,248369,42
173102172300671,248411,42
173102173364786,248453,42
173102174438484,248495,42
173102175508067,248537,42
173102176592390,248579,42
173102177664421,248621,42
173102177736869,248663,42
173102178735723,248705,42
173102179800775,248747,42
173102180937025,248789,42
173102181996453,248831,42
173102183067807,248873,42
173102184146192,248915,42
173102185215359,248957,42
173102186294473,248999,42
173102187368119,249041,42
173102188445775,249083,42
173102189524057,249125,42
173102189598275,249167,20
173102190859109,249187,42
173102191810098,249229,42
173102191889213,249271,42
173102192872182,249313,42
173102193944213,249355,42
173102195013484,249397,42
173102196091348,249439,42
173102197184994,249481,42
173102198267286,249523,42
173102199343223,249565,42
173102200431661,249607,42
173102201496192,249649,42
173102202559317,249691,42
173102203632078,249733,42
173102204839421,249775,42
173102205847390,249817,42
173102205986505,249859,42
173102206863484,249901,42
173102207939109,249943,42
173102209006192,249985,42
173102210177025,250027,42
173102211168275,250069,42
173102212237130,250111,42
173102213306661,250153,42
173102214382807,250195,42
173102215449734,250237,42
173102216558067,250279,42
173102217605463,250321,42
173102218784161,250363,42
173102219755359,250405,42
173102220834890,250447,42
173102221889109,250489,42
173102221956505,250531,42
173102222956817,250573,20
173102223024682,250593,42
173102224029161,250635,42
173102225098275,250677,42
173102226166453,250719,42
173102227237338,250761,42
173102228351557,250803,42
173102229418900,250845,42
173102230509057,250887,42
173102231577911,250929,42
173102232689213,250971,42
173102233712911,251013,42
173102234775307,251055,42
173102235842807,251097,42
173102236910411,251139,42
173102237980932,251181,42
173102238050828,251223,42
173102239050984,251265,42
173102240549005,251307,42
173102241255463,251349,42
173102242308692,251391,42
173102243374265,251433,42
173102244458328,251475,42
173102245517442,251517,42
173102246650098,251559,42
173102247694525,251601,42
173102248793275,251643,42
173102249898796,251685,42
173102250949994,251727,42
173102252017755,251769,42
173102253097234,251811,42
173102253174213,251853,42
173102254170098,251895,42
173102255248380,251937,42
173102256326244,251979,20
173102256402911,251999,42
173102257393275,252041,42
173102258469682,252083,42
173102259546244,252125,42
173102260659473,252167,42
173102261716921,252209,42
173102262784942,252251,42
173102263859057,252293,42
173102264936921,252335,42
173102266008171,252377,42
173102267082859,252419,42
173102268157546,252461,42
173102269237963,252503,42
173102269313275,252545,42
173102270325046,252587,42
173102271387807,252629,42
173102272455880,252671,42
173102273527286,252713,42
173102274615671,252755,42
173102275685150,252797,42
173102276757859,252839,42
173102277840203,252881,42
173102278932911,252923,42
173102280142025,252965,42
173102281066400,253007,42
173102282154630,253049,42
173102283235203,253091,42
173102284295098,253133,42
173102284372078,253175,42
173102285361765,253217,42
173102286433328,253259,42
173102287507807,253301,42
173102288597234,253343,42
173102289671765,253385,20
173102289987859,253405,42
173102291184369,253447,42
173102291937234,253489,42
173102293009994,253531,42
173102294082025,253573,42
173102295151713,253615,42
173102296226661,253657,42
173102297302025,253699,42
173102298405202,253741,42
173102298488327,253783,42
173102299444838,253825,42
173102300552598,253867,42
173102301604994,253909,42
173102302784317,253951,42
173102303841400,253993,42
173102304904734,254035,42
173102305974265,254077,42
173102307043432,254119,42
173102308118484,254161,42
173102309225463,254203,42
173102310317286,254245,42
173102311365515,254287,42
173102312434682,254329,42
173102312509734,254371,42
173102313504786,254413,42
173102314578380,254455,42
173102315650150,254497,42
173102316747234,254539,42
173102317809473,254581,42
173102318884942,254623,42
173102319972130,254665,42
173102321055202,254707,42
173102322121817,254749,42
173102323192338,254791,20
173102323268432,254811,42
173102324267234,254853,42
173102325338067,254895,42
173102326412077,254937,42
173102327485463,254979,42
173102328562182,255021,42
173102328637338,255063,42
173102329634265,255105,42
173102330776192,255147,42
173102331840359,255189,42
173102332908848,255231,42
173102333980671,255273,42
173102335054265,255315,42
173102336127442,255357,42
173102337199942,255399,42
173102338274682,255441,42
173102339347963,255483,42
173102340448796,255525,42
173102341510463,255567,42
173102342573119,255609,42
173102343652546,255651,42
173102343727598,255693,42
173102344729786,255735,42
173102345796296,255777,42
173102346863744,255819,42
173102347936400,255861,42
173102349035619,255903,42
173102350220567,255945,42
173102351196296,255987,42
173102352259109,256029,42
173102353327598,256071,42
173102354401817,256113,42
173102355478588,256155,42
173102356556661,256197,42
173102356631869,256239,20
173102357624838,256259,42
173102358716661,256301,42
173102359795515,256343,42
173102359871296,256385,42
173102360871452,256427,42
173102361938900,256469,42
173102363009838,256511,42
173102364086973,256553,42
173102365164005,256595,42
173102366231765,256637,42
173102367308119,256679,42
173102368381921,256721,42
173102369455202,256763,42
173102370629630,256805,42
173102371611713,256847,42
173102372690150,256889,42
173102373760411,256931,42
173102374843536,256973,42
173102374919213,257015,42
173102375909317,257057,42
173102376980098,257099,42
173102378052650,257141,42
173102379127546,257183,42
173102380244161,257225,42
173102381287650,257267,42
173102382357755,257309,42
173102383434890,257351,42
173102384503119,257393,42
173102385578796,257435,42
173102386660880,257477,42
173102387730723,257519,42
173102388810150,257561,42
173102389885098,257603,42
173102389961348,257645,20
173102390974630,257665,42
173102391064473,257707,42
173102392038536,257749,42
173102393108432,257791,42
173102394175984,257833,42
173102395249317,257875,42
173102396320567,257917,42
173102397401296,257959,42
173102398479265,258001,42
173102399735984,258043,42
173102400751921,258085,42
173102401815098,258127,42
173102402886244,258169,42
173102403958275,258211,42
173102405036557,258253,42
173102405111609,258295,42
173102406109942,258337,42
173102407225880,258379,42
173102408264838,258421,42
173102409335567,258463,42
173102410424265,258505,42
173102411491452,258547,42
173102412558380,258589,42
173102413659734,258631,42
173102414731713,258673,42
173102415782911,258715,42
173102416858952,258757,42
173102417927650,258799,42
173102419003692,258841,42
173102420192859,258883,42
173102421172650,258925,42
173102421249786,258967,42
173102422251921,259009,42
173102423323796,259051,20
173102423401348,259071,42
173102424392025,259113,42
173102425477598,259155,42
173102426549942,259197,42
173102427637494,259239,42
173102428681452,259281,42
173102429762807,259323,42
173102430914161,259365,42
173102431923432,259407,42
173102432990515,259449,42
173102434062286,259491,42
173102435135984,259533,42
173102436215775,259575,42
173102436290515,259617,42
173102437289473,259659,42
173102438360880,259701,42
173102439436557,259743,42
173102440750255,259785,42
173102441613588,259827,42
173102442665150,259869,42
173102443731609,259911,42
173102444806765,259953,42
173102445882077,259995,42
173102446952859,260037,42
173102448030359,260079,42
173102449098171,260121,42
173102450468640,260163,42
173102451261557,260205,42
173102451334005,260247,42
173102452348796,260289,42
173102453406973,260331,42
173102454479421,260373,42
173102455569577,260415,42
173102456640255,260457,20
173102456715046,260477,42
173102457707494,260519,42
173102458781973,260561,42
173102459854161,260603,42
173102460955827,260645,42
173102462020775,260687,42
173102463090880,260729,42
173102464160827,260771,42
173102465240202,260813,42
173102466309994,260855,42
173102467390984,260897,42
173102467467442,260939,42
173102468463380,260981,42
173102469551400,261023,42
173102470636036,261065,42
173102471701348,261107,42
173102472778015,261149,42
173102473879525,261191,42
173102474930150,261233,42
173102476000150,261275,42
173102477077338,261317,42
173102478144786,261359,42
173102479218119,261401,42
173102480360255,261443,42
173102481378796,261485,42
173102482441661,261527,42
173102483534369,261569,42
173102483611296,261611,42
173102484600098,261653,42
173102485667390,261695,42
173102486741140,261737,42
173102487814525,261779,42
173102488892234,261821,42
173102489971192,261863,20
173102490687182,261883,42
173102491195255,261925,42
173102492117755,261967,42
173102493174317,262009,42
173102494237807,262051,42
173102495343692,262093,42
173102496404734,262135,42
173102497483380,262177,42
173102498554734,262219,42
173102499626557,262261,42
173102499702911,262303,42
173102501113952,262345,42
173102501799942,262387,42
173102502856140,262429,42
173102503913796,262471,42
173102504976088,262513,42
173102512016817,262555,42
173102512127077,262597,42
173102512190515,262639,42
173102512248692,262681,42
173102512305567,262723,42
173102512363067,262765,42
173102512420723,262807,42
173102513609942,262849,42
173102514638952,262891,42
173102515741192,262933,42
173102516016921,262975,42
173102516856713,263017,42
173102517883327,263059,42
173102519042859,263101,42
173102520472338,263143,42
173102521224786,263185,42
173102521966036,263227,42
173102522976244,263269,20
173102522991400,263289,42
173102523992234,263331,42
173102525255879,263373,42
173102526030671,263415,42
173102527053119,263457,42
173102528069629,263499,42
173102529090202,263541,42
173102530111713,263583,42
173102531164057,263625,42
173102532653327,263667,42
173102533202963,263709,42
173102534317129,263751,42
173102535230827,263793,42
173102536369577,263835,42
173102537472650,263877,42
173102538294421,263919,42
173102539312598,263961,42
173102540353900,264003,42
173102541359890,264045,42
173102542375827,264087,42
173102543396192,264129,42
173102544421088,264171,42
173102545438640,264213,42
173102546461348,264255,42
173102547481869,264297,42
173102548503900,264339,42
173102549574161,264381,42
173102550571036,264423,42
173102551631400,264465,42
173102552626504,264507,42
173102553639525,264549,42
173102554703588,264591,42
173102555683640,264633,42
173102556702390,264675,20
173102556714317,264695,42
173102557721609,264737,42
173102558741140,264779,42
173102559762390,264821,42
173102560784994,264863,42
173102561800463,264905,42
173102562819265,264947,42
173102563841557,264989,42
173102563853067,265031,42
173102564951244,265073,42
173102565913171,265115,42
173102566938692,265157,42
173102567953952,265199,42
173102568965046,265241,42
173102569976088,265283,42
173102570999786,265325,42
173102572022234,265367,42
173102573043223,265409,42
173102574061973,265451,42
173102575087025,265493,42
173102576108223,265535,42
173102577128275,265577,42
173102578157182,265619,42
173102579174421,265661,42
173102580207650,265703,42
173102581222494,265745,42
173102582240307,265787,42
173102583262859,265829,42
173102584303900,265871,42
173102585325359,265913,42
173102586329786,265955,42
173102587350515,265997,42
173102588373640,266039,42
173102589391921,266081,42
173102589404057,266123,20
173102590416661,266143,42
173102591443119,266185,42
173102592458848,266227,42
173102593476609,266269,42
173102594500567,266311,42
173102595519265,266353,42
173102596544369,266395,42
173102597564890,266437,42
173102598598900,266479,42
173102599630515,266521,42
173102600662077,266563,42
173102601655827,266605,42
173102602673484,266647,42
173102603695046,266689,42
173102604714525,266731,42
173102605736557,266773,42
173102606755254,266815,42
173102607777390,266857,42
173102608798275,266899,42
173102609817911,266941,42
173102610839109,266983,42
173102611858900,267025,42
173102612876036,267067,42
173102613898379,267109,42
173102614917390,267151,42
173102615943379,267193,42
173102616963692,267235,42
173102617982286,267277,42
173102619007963,267319,42
173102620179682,267361,42
173102621054994,267403,42
173102622074577,267445,42
173102623095775,267487,42
173102623109994,267529,20
173102624114994,267549,42
173102625139994,267591,42
173102626156817,267633,42
173102627182182,267675,42
173102628200567,267717,42
173102629222286,267759,42
173102630246088,267801,42
173102630262859,267843,42
173102631267754,267885,42
173102632306036,267927,42
173102633318223,267969,42
173102634339994,268011,42
173102635354838,268053,42
173102636383119,268095,42
173102637397650,268137,42
173102638421088,268179,42
173102639441400,268221,42
173102640512911,268263,42
173102641532286,268305,42
173102642554369,268347,42
173102643575775,268389,42
173102644595567,268431,42
173102645622390,268473,42
173102646638119,268515,42
173102647664004,268557,42
173102648680932,268599,42
173102649705150,268641,42
173102650733692,268683,42
173102651757338,268725,42
173102652775463,268767,42
173102653799421,268809,42
173102654816869,268851,42
173102655836661,268893,42
173102655850202,268935,20
173102656859109,268955,42
173102657877859,268997,42
173102658900515,269039,42
173102659919890,269081,42
173102660948119,269123,42
173102661965671,269165,42
173102662988067,269207,42
173102664006765,269249,42
173102665032650,269291,42
173102666058119,269333,42
173102667083119,269375,42
173102668100671,269417,42
173102669116296,269459,42
173102670153119,269501,42
173102671164421,269543,42
173102672187702,269585,42
173102673207702,269627,42
173102674231504,269669,42
173102675250932,269711,42
173102676272754,269753,42
173102677292234,269795,42
173102678316921,269837,42
173102679336557,269879,42
173102680476504,269921,42
173102681460984,269963,42
173102682491504,270005,42
173102683534786,270047,42
173102684567754,270089,42
173102685611609,270131,42
173102686653379,270173,42
173102686686504,270215,42
173102687690567,270257,42
173102688727494,270299,42
173102689765827,270341,20
173102689797859,270361,42
173102690801504,270403,42
173102691841192,270445,42
173102692879734,270487,42
173102693948327,270529,42
173102694949942,270571,42
173102695990046,270613,42
173102697028327,270655,42
173102698068275,270697,42
173102699109265,270739,42
173102700378588,270781,42
173102701294265,270823,42
173102702374838,270865,42
173102703432859,270907,42
173102704487494,270949,42
173102705543952,270991,42
173102706601400,271033,42
173102707664161,271075,42
173102708747338,271117,42
173102709779004,271159,42
173102710867702,271201,42
173102711909265,271243,42
173102711971452,271285,42
173102712947702,271327,42
173102714009682,271369,42
173102715062338,271411,42
173102716125619,271453,42
173102717186088,271495,42
173102718253588,271537,42
173102719307494,271579,42
173102720559682,271621,42
173102721521713,271663,42
173102722549682,271705,42
173102722621817,271747,20
173102723670984,271767,42
173102724872338,271809,42
173102725773327,271851,42
173102726843848,271893,42
173102727908536,271935,42
173102728959265,271977,42
173102729029838,272019,42
173102730071036,272061,42
173102731179213,272103,42
173102732252911,272145,42
173102733330671,272187,42
173102734394786,272229,42
173102735462911,272271,42
173102736537859,272313,42
173102737595567,272355,42
173102738652546,272397,42
173102739748223,272439,42
173102740986244,272481,42
173102742047077,272523,42
173102743110723,272565,42
173102743186504,272607,42
173102744184734,272649,42
173102745250411,272691,42
173102746311452,272733,42
173102747387286,272775,42
173102748469317,272817,42
173102749526036,272859,42
173102750746713,272901,42
173102751804056,272943,42
173102752871296,272985,42
173102753930671,273027,42
173102754998484,273069,42
173102756078744,273111,42
173102756153275,273153,20
173102757140359,273173,42
173102758212546,273215,42
173102758289056,273257,42
173102759276921,273299,42
173102760569577,273341,42
173102761419265,273383,42
173102762488588,273425,42
173102763568588,273467,42
173102764619577,273509,42
173102765695984,273551,42
173102766760150,273593,42
173102767828119,273635,42
173102768891817,273677,42
173102769969109,273719,42
173102771044994,273761,42
173102772103536,273803,42
173102773168640,273845,42
173102774235827,273887,42
173102775322650,273929,42
173102775399421,273971,42
173102776375775,274013,42
173102777453275,274055,42
173102778505202,274097,42
173102779594473,274139,42
173102781084890,274181,42
173102782038952,274223,42
173102783103536,274265,42
173102784172911,274307,42
173102785248484,274349,42
173102786314838,274391,42
173102787382598,274433,42
173102787459161,274475,42
173102788445411,274517,42
173102789526348,274559,20
173102789601140,274579,42
173102790768744,274621,42
173102791653431,274663,42
173102792723223,274705,42
173102793791400,274747,42
173102794855254,274789,42
173102795925619,274831,42
173102796991869,274873,42
173102798058744,274915,42
173102799129473,274957,42
173102800579421,274999,42
173102801281609,275041,42
173102801353119,275083,42
173102803479838,275125,42
173102804500827,275167,42
173102804577338,275209,42
173102805560254,275251,42
173102806626973,275293,42
173102807692806,275335,42
173102808761556,275377,42
173102809819421,275419,42
173102810906504,275461,42
173102811963379,275503,42
173102813030098,275545,42
173102814084942,275587,42
173102815161817,275629,42
173102816219734,275671,42
173102817296088,275713,42
173102818366765,275755,42
173102819429734,275797,42
173102820537911,275839,42
173102821574994,275881,42
173102821645567,275923,42
173102822644421,275965,20
173102822711348,275985,42
173102823711921,276027,42
173102824778223,276069,42
173102825843171,276111,42
173102826990775,276153,42
173102828002286,276195,42
173102829062963,276237,42
173102830380150,276279,42
173102831210619,276321,42
173102832277598,276363,42
173102833339473,276405,42
173102834407702,276447,42
173102835475150,276489,42
173102836546400,276531,42
173102837615098,276573,42
173102840957181,276615,42
173102841052181,276657,42
173102841440879,276699,42
173102841514525,276741,42
173102841576661,276783,42
173102843551504,276825,42
173102844615671,276867,42
173102845701244,276909,42
173102846762338,276951,42
173102846835723,276993,42
173102847820254,277035,42
173102848896504,277077,42
173102849954629,277119,42
173102851042338,277161,42
173102852102754,277203,42
173102853179838,277245,42
173102854236713,277287,42
173102855308223,277329,42
173102856378952,277371,42
173102856452963,277413,20
173102857441400,277433,42
173102858506661,277475,42
173102859581400,277517,42
173102861029161,277559,42
173102862018640,277601,42
173102862095931,277643,42
173102863089109,277685,42
173102864147286,277727,42
173102865222338,277769,42
173102866292025,277811,42
173102867356713,277853,42
173102868420567,277895,42
173102869493379,277937,42
173102870715619,277979,42
173102871630411,278021,42
173102872697390,278063,42
173102873769681,278105,42
173102874841973,278147,42
173102875903379,278189,42
173102875978692,278231,42
173102876978692,278273,42
173102878039004,278315,42
173102879111556,278357,42
173102880578223,278399,42
173102881285723,278441,42
173102882322598,278483,42
173102883417129,278525,42
173102884467442,278567,42
173102885529994,278609,42
173102886600723,278651,42
173102887664838,278693,42
173102888741192,278735,42
173102889812286,278777,42
173102889885984,278819,20
173102890893327,278839,42
173102891952598,278881,42
173102893020671,278923,42
173102893088692,278965,42
173102894095098,279007,42
173102895155046,279049,42
173102896261713,279091,42
173102897318119,279133,42
173102898396244,279175,42
173102899460150,279217,42
173102900857129,279259,42
173102901614942,279301,42
173102902685359,279343,42
173102903752442,279385,42
173102904822598,279427,42
173102905883900,279469,42
173102906949890,279511,42
173102908026452,279553,42
173102909086869,279595,42
173102909161244,279637,42
173102910371140,279679,42
173102911223484,279721,42
173102912303171,279763,42
173102913363067,279805,42
173102914457338,279847,42
173102915504942,279889,42
173102916565463,279931,42
173102917644161,279973,42
173102918707650,280015,42
173102919774369,280057,42
173102920974109,280099,42
173102922036348,280141,42
173102923112442,280183,42
173102923187129,280225,20
173102924179994,280245,42
173102924252806,280287,42
173102925242025,280329,42
173102926309213,280371,42
173102927383744,280413,42
173102928441713,280455,42
173102929524109,280497,42
173102930803171,280539,42
173102931660046,280581,42
173102932727234,280623,42
173102933790463,280665,42
173102934859056,280707,42
173102935931556,280749,42
173102936998171,280791,42
173102938061713,280833,42
173102939129161,280875,42
173102940567025,280917,42
173102941296713,280959,42
173102941370098,281001,42
173102942347077,281043,42
173102943448171,281085,42
173102944491817,281127,42
173102945600931,281169,42
173102946644525,281211,42
173102947711556,281253,42
173102948783223,281295,42
173102949911556,281337,42
173102950928952,281379,42
173102951991817,281421,42
173102953052390,281463,42
173102954123119,281505,42
173102955192546,281547,42
173102956278588,281589,42
173102956354838,281631,20
173102957331192,281651,42
173102958399681,281693,42
173102958475671,281735,42
173102959462338,281777,42
173102960899421,281819,42
173102961622911,281861,42
173102962701244,281903,42
173102963754317,281945,42
173102964831400,281987,42
173102965897806,282029,42
173102966961817,282071,42
173102968027911,282113,42
173102969102286,282155,42
173102970363900,282197,42
173102971244056,282239,42
173102972307390,282281,42
173102973369525,282323,42
173102974446140,282365,42
173102975509317,282407,42
173102975583640,282449,42
173102976578379,282491,42
173102977646088,282533,42
173102978705827,282575,42
173102979782702,282617,42
173102980905775,282659,42
173102981939265,282701,42
173102982997858,282743,42
173102984074213,282785,42
173102985148744,282827,42
173102986213744,282869,42
173102987285098,282911,42
173102988356244,282953,42
173102989425879,282995,42
173102989492806,283037,20
173102990502546,283057,42
173102991568431,283099,42
173102991639577,283141,42
173102992636036,283183,42
173102993712129,283225,42
173102994771036,283267,42
173102995887077,283309,42
173102996928848,283351,42
173102997994629,283393,42
173102999071921,283435,42
173103000493067,283477,42
173103001253327,283519,42
173103002313744,283561,42
173103003388431,283603,42
173103004452338,283645,42
173103005519161,283687,42
173103006617754,283729,42
173103007733015,283771,42
173103008751088,283813,42
173103008825879,283855,42
173103009812963,283897,42
173103010901348,283939,42
173103011961921,283981,42
173103013059525,284023,42
173103014112077,284065,42
173103015190463,284107,42
173103016248483,284149,42
173103017328223,284191,42
173103018395723,284233,42
173103019461452,284275,42
173103020859890,284317,42
173103021607494,284359,42
173103021684577,284401,42
173103022682233,284443,20
173103023744629,284463,42
173103024815775,284505,42
173103024892702,284547,42
173103025883015,284589,42
173103026954421,284631,42
173103028011869,284673,42
173103029089890,284715,42
173103030380411,284757,42
173103031227025,284799,42
173103032295671,284841,42
173103033360983,284883,42
173103034429317,284925,42
173103035492546,284967,42
173103036563119,285009,42
173103037627754,285051,42
173103038693692,285093,42
173103039761088,285135,42
173103041030046,285177,42
173103042041452,285219,42
173103042116869,285261,42
173103043109213,285303,42
173103044177129,285345,42
173103045233692,285387,42
173103046311244,285429,42
173103047370931,285471,42
173103048446817,285513,42
173103049509108,285555,42
173103050726192,285597,42
173103051653431,285639,42
173103052713588,285681,42
173103053780567,285723,42
173103054862338,285765,42
173103055926400,285807,42
173103055999681,285849,20
173103056993744,285869,42
173103057071504,285911,42
173103058058692,285953,42
173103059123483,285995,42
173103060532129,286037,42
173103061279056,286079,42
173103062354161,286121,42
173103063413431,286163,42
173103064490098,286205,42
173103065557442,286247,42
173103066622025,286289,42
173103067686244,286331,42
173103068758848,286373,42
173103069826817,286415,42
173103070896661,286457,42
173103071959421,286499,42
173103073032233,286541,42
173103074104890,286583,42
173103074181400,286625,42
173103075169994,286667,42
173103076228223,286709,42
173103077308223,286751,42
173103078364213,286793,42
173103079436192,286835,42
173103080543015,286877,42
173103081583848,286919,42
173103082638744,286961,42
173103083712911,287003,42
173103084781608,287045,42
173103085846869,287087,42
173103086915567,287129,42
173103087983848,287171,42
173103089055046,287213,42
173103090417598,287255,20
173103090509681,287275,42
173103091216608,287317,42
173103091287806,287359,42
173103092278119,287401,42
173103093350150,287443,42
173103094408744,287485,42
173103095520202,287527,42
173103096573379,287569,42
173103097636036,287611,42
173103098709577,287653,42
173103099774056,287695,42
173103100885515,287737,42
173103101946504,287779,42
173103103016348,287821,42
173103104089108,287863,42
173103105156713,287905,42
173103106224265,287947,42
173103107304213,287989,42
173103107371869,288031,42
173103108410983,288073,42
173103109465411,288115,42
173103110694265,288157,42
173103111604681,288199,42
173103112677442,288241,42
173103113737858,288283,42
173103114810515,288325,42
173103115872233,288367,42
173103116942911,288409,42
173103118014733,288451,42
173103119081921,288493,42
173103120503536,288535,42
173103121246400,288577,42
173103121321296,288619,42
173103123377286,288661,42
173103123448275,288703,20
173103123508952,288723,42
173103124449161,288765,42
173103125513900,288807,42
173103126580983,288849,42
173103127652754,288891,42
173103128793327,288933,42
173103129813744,288975,42
173103130908119,289017,42
173103131979056,289059,42
173103133039890,289101,42
173103134108327,289143,42
173103135175306,289185,42
173103136245775,289227,42
173103137314421,289269,42
173103138379525,289311,42
173103139447025,289353,42
173103140586504,289395,42
173103140676504,289437,42
173103141593952,289479,42
173103142647390,289521,42
173103143743327,289563,42
173103144796608,289605,42
173103145874317,289647,42
173103146930567,289689,42
173103148010254,289731,42
173103149066608,289773,42
173103150323119,289815,42
173103151219577,289857,42
173103152280931,289899,42
173103153346556,289941,42
173103154413952,289983,42
173103155489525,290025,42
173103156560046,290067,42
173103156635254,290109,20
173103157623223,290129,42
173103157698171,290171,42
173103158691296,290213,42
173103159758796,290255,42
173103160999421,290297,42
173103162034733,290339,42
173103163103327,290381,42
173103164163015,290423,42
173103165241348,290465,42
173103166310515,290507,42
173103167379473,290549,42
173103168443483,290591,42
173103169514838,290633,42
173103170731608,290675,42
173103171655723,290717,42
173103171730827,290759,42
173103172714785,290801,42
173103173787754,290843,42
173103174858692,290885,42
173103175917598,290927,42
173103176996035,290969,42
173103178052390,291011,42
173103179130098,291053,42
173103180580983,291095,42
173103181304785,291137,42
173103182339473,291179,42
173103183424056,291221,42
173103184484056,291263,42
173103185550306,291305,42
173103186613275,291347,42
173103187680619,291389,42
173103188755358,291431,42
173103189831192,291473,42
173103189905671,291515,20
173103189969056,291535,42
173103190908223,291577,42
173103191967650,291619,42
173103193037702,291661,42
173103194116817,291703,42
173103195176556,291745,42
173103196267025,291787,42
173103197325410,291829,42
173103198405098,291871,42
173103199527806,291913,42
173103200667546,291955,42
173103201618119,291997,42
173103202688067,292039,42
173103203762546,292081,42
173103204827338,292123,42
173103205901504,292165,42
173103205973015,292207,42
173103206968692,292249,42
173103208055150,292291,42
173103209207546,292333,42
173103210359994,292375,42
173103211280306,292417,42
173103212343535,292459,42
173103213415723,292501,42
173103214472181,292543,42
173103215551192,292585,42
173103216618379,292627,42
173103217682910,292669,42
173103218755358,292711,42
173103219822233,292753,42
173103220933535,292795,42
173103221992077,292837,42
173103222063744,292879,42
173103223061869,292921,20
173103223129525,292941,42
173103224122442,292983,42
173103225193483,293025,42
173103226262077,293067,42
173103227339733,293109,42
173103228401400,293151,42
173103229489838,293193,42
173103230640931,293235,42
173103231630671,293277,42
173103232701660,293319,42
173103233793327,293361,42
173103234867025,293403,42
173103235940098,293445,42
173103237009004,293487,42
173103238077338,293529,42
173103239147442,293571,42
173103240419056,293613,42
173103240506140,293655,42
173103241299265,293697,42
173103242354733,293739,42
173103243491192,293781,42
173103244519317,293823,42
173103245583952,293865,42
173103246656660,293907,42
173103247713067,293949,42
173103248793119,293991,42
173103249901660,294033,42
173103250930775,294075,42
173103251998327,294117,42
173103253062442,294159,42
173103254129265,294201,42
173103255199108,294243,42
173103256276244,294285,42
173103256352285,294327,20
173103256416817,294347,42
173103257334890,294389,42
173103258400567,294431,42
173103259466973,294473,42
173103260901973,294515,42
173103261629838,294557,42
173103262711817,294599,42
173103263768640,294641,42
173103264842181,294683,42
173103265914108,294725,42
173103266979160,294767,42
173103268043744,294809,42
173103269111296,294851,42
173103270372598,294893,42
173103271262390,294935,42
173103271338640,294977,42
173103272320983,295019,42
173103273385515,295061,42
173103274463796,295103,42
173103275518952,295145,42
173103276605254,295187,42
173103277662129,295229,42
173103278726869,295271,42
173103279800254,295313,42
173103281039942,295355,42
173103282081296,295397,42
173103283142233,295439,42
173103284215775,295481,42
173103285284056,295523,42
173103286348171,295565,42
173103287418483,295607,42
173103287493275,295649,42
173103288486556,295691,42
173103289558223,295733,20
173103289631869,295753,42
173103290798640,295795,42
173103291866765,295837,42
173103292921921,295879,42
173103293989733,295921,42
173103295056192,295963,42
173103296137494,296005,42
173103297201348,296047,42
173103298271035,296089,42
173103299331817,296131,42
173103300523900,296173,42
173103301479056,296215,42
173103301554213,296257,42
173103302539838,296299,42
173103303605931,296341,42
173103304670202,296383,42
173103305737598,296425,42
173103306808431,296467,42
173103307880827,296509,42
173103308944056,296551,42
173103310343067,296593,42
173103311126192,296635,42
173103312163848,296677,42
173103313233900,296719,42
173103314292025,296761,42
173103315359421,296803,42
173103316427025,296845,42
173103317498171,296887,42
173103318564785,296929,42
173103319634213,296971,42
173103319707181,297013,42
173103320947546,297055,42
173103322012650,297097,42
173103323080671,297139,20
173103323153900,297159,42
173103324147442,297201,42
173103325212077,297243,42
173103326281869,297285,42
173103327347650,297327,42
173103328415306,297369,42
173103329481713,297411,42
173103330752181,297453,42
173103331632910,297495,42
173103331708692,297537,42
173103332691088,297579,42
173103333754265,297621,42
173103334826035,297663,42
173103335892598,297705,42
173103336961765,297747,42
173103338029421,297789,42
173103339099421,297831,42
173103340535358,297873,42
173103341291348,297915,42
173103342338067,297957,42
173103343402910,297999,42
173103344475463,298041,42
173103345541244,298083,42
173103346611400,298125,42
173103347677910,298167,42
173103348751713,298209,42
173103350224890,298251,42
173103350309838,298293,42
173103350902233,298335,42
173103351967963,298377,42
173103353034317,298419,42
173103354103327,298461,42
173103355296660,298503,42
173103356247233,298545,42
173103356315046,298587,20
173103357315567,298607,42
173103358382702,298649,42
173103359451504,298691,42
173103360623588,298733,42
173103361594890,298775,42
173103362662598,298817,42
173103363729629,298859,42
173103364809056,298901,42
173103365870150,298943,42
173103365937702,298985,42
173103366943692,299027,42
173103368012233,299069,42
173103369081035,299111,42
173103370234213,299153,42
173103371227077,299195,42
173103372293327,299237,42
173103373361192,299279,42
173103374435150,299321,42
173103375503692,299363,42
173103376569421,299405,42
173103377637181,299447,42
173103378714213,299489,42
173103379775410,299531,42
173103380866192,299573,42
173103381924369,299615,42
173103382999108,299657,42
173103383076400,299699,42
173103384067442,299741,42
173103385140619,299783,42
173103386200150,299825,42
173103387270567,299867,42
173103388345567,299909,42
173103389410671,299951,42
173103389480150,299993,20
173103390489942,300013,42
173103391552650,300055,42
173103392620202,300097,42
173103393690254,300139,42
173103394756765,300181,42
173103395824056,300223,42
173103396897598,300265,42
173103398151035,300307,42
173103399214994,300349,42
173103399285098,300391,42
173103400364056,300433,42
173103401358171,300475,42
173103402424421,300517,42
173103403491765,300559,42
173103404558015,300601,42
173103405626348,300643,42
173103406698796,300685,42
173103407771660,300727,42
173103408834421,300769,42
173103409929317,300811,42
173103410986973,300853,42
173103412049056,300895,42
173103413129681,300937,42
173103414185619,300979,42
173103414254681,301021,42
173103415258796,301063,42
173103416323692,301105,42
173103417402806,301147,42
173103418468327,301189,42
173103419536140,301231,42
173103420636921,301273,42
173103421700046,301315,42
173103422765462,301357,42
173103422833640,301399,20
173103423833796,301419,42
173103424902962,301461,42
173103425969785,301503,42
173103427040202,301545,42
173103428113535,301587,42
173103429180827,301629,42
173103430298692,301671,42
173103431493640,301713,42
173103431569837,301755,42
173103432550515,301797,42
173103433619317,301839,42
173103434685515,301881,42
173103435760515,301923,42
173103436874890,301965,42
173103437931660,302007,42
173103438993483,302049,42
173103440352858,302091,42
173103441150046,302133,42
173103442204733,302175,42
173103443271400,302217,42
173103444337390,302259,42
173103445403171,302301,42
173103445470931,302343,42
173103446474733,302385,42
173103447542233,302427,42
173103448617181,302469,42
173103449680046,302511,42
173103450764733,302553,42
173103451829421,302595,42
173103452897390,302637,42
173103453970358,302679,42
173103455040983,302721,42
173103456104421,302763,42
173103456171296,302805,20
173103457173171,302825,42
173103458243223,302867,42
173103459311869,302909,42
173103460411869,302951,42
173103461452442,302993,42
173103461522285,303035,42
173103462532962,303077,42
173103463594421,303119,42
173103464824733,303161,42
173103465885462,303203,42
173103466952962,303245,42
173103468020775,303287,42
173103469088379,303329,42
173103470246348,303371,42
173103471228640,303413,42
173103472299421,303455,42
173103473366556,303497,42
173103474439681,303539,42
173103475506400,303581,42
173103476578223,303623,42
173103476652181,303665,42
173103477643171,303707,42
173103478719160,303749,42
173103479781296,303791,42
173103480883067,303833,42
173103481933900,303875,42
173103483007337,303917,42
173103484078848,303959,42
173103485141192,304001,42
173103486214160,304043,42
173103487280619,304085,42
173103488354681,304127,42
173103489419994,304169,42
173103489489160,304211,20
173103490498744,304231,42
173103491561452,304273,42
173103492628952,304315,42
173103493696973,304357,42
173103493766869,304399,42
173103494774369,304441,42
173103495833379,304483,42
173103496910619,304525,42
173103498156817,304567,42
173103499218119,304609,42
173103500430931,304651,42
173103501359733,304693,42
173103502425462,304735,42
173103503490983,304777,42
173103504563431,304819,42
173103505631712,304861,42
173103506699421,304903,42
173103507776660,304945,42
173103507847285,304987,42
173103508839473,305029,42
173103509924212,305071,42
173103510994577,305113,42
173103512050723,305155,42
173103513169212,305197,42
173103514221140,305239,42
173103515304577,305281,42
173103516358119,305323,42
173103517456140,305365,42
173103518519056,305407,42
173103519586244,305449,42
173103521002858,305491,42
173103522073535,305533,42
173103522150723,305575,42
173103523138067,305617,20
173103523214473,305637,42
173103524203796,305679,42
173103525273587,305721,42
173103526342129,305763,42
173103527411348,305805,42
173103528528275,305847,42
173103529549108,305889,42
173103530697233,305931,42
173103531723900,305973,42
173103532776192,306015,42
173103533841140,306057,42
173103534912494,306099,42
173103534982181,306141,42
173103535981504,306183,42
173103537052337,306225,42
173103538121035,306267,42
173103539191921,306309,42
173103540429890,306351,42
173103541339785,306393,42
173103542404577,306435,42
173103543470462,306477,42
173103544536973,306519,42
173103545615410,306561,42
173103546678119,306603,42
173103547751452,306645,42
173103548814317,306687,42
173103550175254,306729,42
173103550970098,306771,42
173103551041765,306813,42
173103552036608,306855,42
173103553103327,306897,42
173103554172337,306939,42
173103555398848,306981,42
173103556466244,307023,20
173103556534525,307043,42
173103557529577,307085,42
173103558600879,307127,42
173103559669837,307169,42
173103560759160,307211,42
173103561816348,307253,42
173103562882962,307295,42
173103563961504,307337,42
173103565035098,307379,42
173103566095046,307421,42
173103566164160,307463,42
173103567162337,307505,42
173103568233015,307547,42
173103569302806,307589,42
173103570381035,307631,42
173103571441348,307673,42
173103572512233,307715,42
173103573580723,307757,42
173103574656973,307799,42
173103575723067,307841,42
173103576785671,307883,42
173103577849317,307925,42
173103578930567,307967,42
173103579990619,308009,42
173103581085306,308051,42
173103582148119,308093,42
173103583370931,308135,42
173103583445931,308177,42
173103584292598,308219,42
173103585356087,308261,42
173103586426087,308303,42
173103587495775,308345,42
173103588724681,308387,42
173103589791869,308429,20
173103589859994,308449,42
173103590872285,308491,42
173103591938640,308533,42
173103593005150,308575,42
173103594074681,308617,42
173103595138483,308659,42
173103596226035,308701,42
173103597288796,308743,42
173103598357546,308785,42
173103598428223,308827,42
173103599426087,308869,42
173103600511035,308911,42
173103601564629,308953,42
173103602630775,308995,42
173103603703796,309037,42
173103604777806,309079,42
173103605840983,309121,42
173103606910046,309163,42
173103607982025,309205,42
173103609047337,309247,42
173103610245671,309289,42
173103611194889,309331,42
173103612263171,309373,42
173103613371452,309415,42
173103614437858,309457,42
173103615506921,309499,42
173103615582754,309541,42
173103616702285,309583,42
173103617643067,309625,42
173103618709681,309667,42
173103619831504,309709,42
173103620880671,309751,42
173103622078379,309793,42
173103623145046,309835,42
173103623214108,309877,20
173103624215202,309897,42
173103625282806,309939,42
173103626349421,309981,42
173103627414577,310023,42
173103628501712,310065,42
173103628573848,310107,42
173103629560827,310149,42
173103630634889,310191,42
173103631716452,310233,42
173103632771921,310275,42
173103633842442,310317,42
173103634907754,310359,42
173103635980410,310401,42
173103637047546,310443,42
173103638116035,310485,42
173103639188275,310527,42
173103640418639,310569,42
173103641334837,310611,42
173103642401869,310653,42
173103643468119,310695,42
173103644534577,310737,42
173103645612598,310779,42
173103645687598,310821,42
173103646673119,310863,42
173103647763587,310905,42
173103648817129,310947,42
173103650200202,310989,42
173103650968483,311031,42
173103652028379,311073,42
173103653096660,311115,42
173103654165567,311157,42
173103655396348,311199,42
173103656464160,311241,42
173103656533587,311283,20
173103657536244,311303,42
173103658610462,311345,42
173103659673014,311387,42
173103659741869,311429,42
173103660772806,311471,42
173103661831400,311513,42
173103662898692,311555,42
173103663973535,311597,42
173103665048119,311639,42
173103666111556,311681,42
173103667181244,311723,42
173103668252233,311765,42
173103669321400,311807,42
173103670402337,311849,42
173103671462025,311891,42
173103672533171,311933,42
173103673600358,311975,42
173103674680462,312017,42
173103675743327,312059,42
173103676809942,312101,42
173103676876608,312143,42
173103677885619,312185,42
173103678946973,312227,42
173103680382962,312269,42
173103681106504,312311,42
173103682175723,312353,42
173103683369942,312395,42
173103684315619,312437,42
173103685383952,312479,42
173103686452910,312521,42
173103687519837,312563,42
173103688740150,312605,42
173103689807077,312647,42
173103689877389,312689,20
173103690886504,312709,42
173103690974421,312751,42
173103691950254,312793,42
173103693024056,312835,42
173103694088952,312877,42
173103695169525,312919,42
173103696236452,312961,42
173103697297546,313003,42
173103698381244,313045,42
173103699439264,313087,42
173103700518744,313129,42
173103701582858,313171,42
173103702653483,313213,42
173103703718692,313255,42
173103704786973,313297,42
173103705855619,313339,42
173103706927129,313381,42
173103708002442,313423,42
173103708071817,313465,42
173103709070098,313507,42
173103710252233,313549,42
173103711222754,313591,42
173103712281817,313633,42
173103713354369,313675,42
173103714432389,313717,42
173103715485671,313759,42
173103716709421,313801,42
173103717632025,313843,42
173103718698327,313885,42
173103719768431,313927,42
173103720856296,313969,42
173103722077181,314011,42
173103723142025,314053,42
173103723211764,314095,20
173103723274160,314115,42
173103724213171,314157,42
173103725282285,314199,42
173103726348483,314241,42
173103727417233,314283,42
173103728485462,314325,42
173103729554056,314367,42
173103730650931,314409,42
173103731713639,314451,42
173103732775046,314493,42
173103733844837,314535,42
173103734913379,314577,42
173103735980983,314619,42
173103737050827,314661,42
173103738120202,314703,42
173103739187650,314745,42
173103739254785,314787,42
173103740426504,314829,42
173103741338014,314871,42
173103742403587,314913,42
173103743468535,314955,42
173103744545879,314997,42
173103745607858,315039,42
173103746680775,315081,42
173103747743327,315123,42
173103748818952,315165,42
173103750167389,315207,42
173103750970046,315249,42
173103752029994,315291,42
173103753097337,315333,42
173103754167442,315375,42
173103755398848,315417,42
173103756465098,315459,42
173103756536244,315501,20
173103756595931,315521,42
173103757534837,315563,42
173103758602806,315605,42
173103759673275,315647,42
173103760764681,315689,42
173103761841869,315731,42
173103762897233,315773,42
173103763959889,315815,42
173103765044421,315857,42
173103766106087,315899,42
173103767171087,315941,42
173103768248014,315983,42
173103769308796,316025,42
173103770387546,316067,42
173103770473744,316109,42
173103771449525,316151,42
173103772520983,316193,42
173103773585931,316235,42
173103774659629,316277,42
173103775727494,316319,42
173103776792077,316361,42
173103777862650,316403,42
173103778934889,316445,42
173103780368119,316487,42
173103781092233,316529,42
173103782151035,316571,42
173103783380306,316613,42
173103784296556,316655,42
173103784367389,316697,42
173103786426192,316739,42
173103787496504,316781,42
173103787565306,316823,42
173103788730358,316865,42
173103789798744,316907,20
173103789867077,316927,42
173103790876296,316969,42
173103791942702,317011,42
173103793011556,317053,42
173103794077858,317095,42
173103795144160,317137,42
173103796211504,317179,42
173103797287962,317221,42
173103798355879,317263,42
173103799423535,317305,42
173103800505983,317347,42
173103801565202,317389,42
173103801636192,317431,42
173103802632285,317473,42
173103803698952,317515,42
173103804769785,317557,42
173103805840358,317599,42
173103806908483,317641,42
173103807985931,317683,42
173103809045931,317725,42
173103810243067,317767,42
173103811200202,317809,42
173103812257806,317851,42
173103813388848,317893,42
173103814404473,317935,42
173103815473223,317977,42
173103816701504,318019,42
173103817614577,318061,42
173103817685410,318103,42
173103818680879,318145,42
173103819752389,318187,42
173103820837650,318229,42
173103822069837,318271,42
173103823129733,318313,20
173103823199108,318333,42
173103824194629,318375,42
173103825264421,318417,42
173103826332129,318459,42
173103827401869,318501,42
173103828469004,318543,42
173103829546816,318585,42
173103830808431,318627,42
173103831869004,318669,42
173103831946191,318711,42
173103832931816,318753,42
173103833999056,318795,42
173103835065723,318837,42
173103836134525,318879,42
173103837203066,318921,42
173103838273639,318963,42
173103839341973,319005,42
173103840552285,319047,42
173103841485410,319089,42
173103842551035,319131,42
173103843630410,319173,42
173103844695566,319215,42
173103845796504,319257,42
173103846849108,319299,42
173103846921296,319341,42
173103847947441,319383,42
173103849006035,319425,42
173103850242702,319467,42
173103851141504,319509,42
173103852233639,319551,42
173103853286816,319593,42
173103854353119,319635,42
173103855426712,319677,42
173103856494889,319719,20
173103856570462,319739,42
173103857563952,319781,42
173103858632129,319823,42
173103859698796,319865,42
173103860941139,319907,42
173103862008379,319949,42
173103862083848,319991,42
173103863069056,320033,42
173103864160671,320075,42
173103865223014,320117,42
173103866312441,320159,42
173103867372650,320201,42
173103868440775,320243,42
173103869508848,320285,42
173103870710254,320327,42
173103871646816,320369,42
173103872717129,320411,42
173103873782389,320453,42
173103874853275,320495,42
173103875919369,320537,42
173103876983275,320579,42
173103878105827,320621,42
173103878182598,320663,42
173103879122546,320705,42
173103880432598,320747,42
173103881268275,320789,42
173103882362806,320831,42
173103883427181,320873,42
173103884488848,320915,42
173103885553483,320957,42
173103886621712,320999,42
173103887691348,321041,42
173103888762910,321083,42
173103889833119,321125,42
173103889907910,321167,20
173103890944160,321187,42
173103891999733,321229,42
173103893066087,321271,42
173103894133275,321313,42
173103894201244,321355,42
173103895200827,321397,42
173103896282494,321439,42
173103897342858,321481,42
173103898420619,321523,42
173103899484629,321565,42
173103900696244,321607,42
173103901626764,321649,42
173103902694473,321691,42
173103903763952,321733,42
173103904831296,321775,42
173103905900671,321817,42
173103906970775,321859,42
173103908043223,321901,42
173103909109525,321943,42
173103910245931,321985,42
173103911252546,322027,42
173103911322389,322069,42
173103912326556,322111,42
173103913385098,322153,42
173103914470254,322195,42
173103915527806,322237,42
173103916719004,322279,42
173103917674525,322321,42
173103918739421,322363,42
173103919809733,322405,42
173103920894889,322447,42
173103922077754,322489,42
173103923141764,322531,42
173103923211296,322573,20
173103924209994,322593,42
173103925276504,322635,42
173103926344941,322677,42
173103926413639,322719,42
173103927416400,322761,42
173103928486087,322803,42
173103929550723,322845,42
173103930642389,322887,42
173103931720202,322929,42
173103932774316,322971,42
173103933844264,323013,42
173103934913535,323055,42
173103935986608,323097,42
173103937053327,323139,42
173103938121660,323181,42
173103939190150,323223,42
173103940425671,323265,42
173103941336504,323307,42
173103942400775,323349,42
173103942469056,323391,42
173103943466348,323433,42
173103944543796,323475,42
173103945610358,323517,42
173103946686191,323559,42
173103947747337,323601,42
173103948823900,323643,42
173103950448483,323685,42
173103950979577,323727,42
173103952043119,323769,42
173103953105723,323811,42
173103954173587,323853,42
173103955412337,323895,42
173103956477494,323937,42
173103956548379,323979,20
173103957545514,323999,42
173103957615619,324041,42
173103958615775,324083,42
173103959691452,324125,42
173103960791712,324167,42
173103961851400,324209,42
173103962923327,324251,42
173103963987754,324293,42
173103965069369,324335,42
173103966131556,324377,42
173103967198952,324419,42
173103968268066,324461,42
173103969338535,324503,42
173103970418848,324545,42
173103971478223,324587,42
173103972546869,324629,42
173103973620619,324671,42
173103973698171,324713,42
173103974692025,324755,42
173103975753483,324797,42
173103976823900,324839,42
173103977892077,324881,42
173103978961296,324923,42
173103980358223,324965,42
173103981109421,325007,42
173103982173223,325049,42
173103983370098,325091,42
173103984318223,325133,42
173103985383171,325175,42
173103986450671,325217,42
173103987537233,325259,42
173103988741139,325301,42
173103989804160,325343,42
173103989876400,325385,20
173103989938691,325405,42
173103990884994,325447,42
173103991947337,325489,42
173103993015671,325531,42
173103994080254,325573,42
173103995151244,325615,42
173103996259421,325657,42
173103997304629,325699,42
173103998432754,325741,42
173103999483014,325783,42
173104000832181,325825,42
173104001667650,325867,42
173104002723119,325909,42
173104003789577,325951,42
173104003858587,325993,42
173104004859004,326035,42
173104005931608,326077,42
173104007002910,326119,42
173104008080931,326161,42
173104009146660,326203,42
173104010269629,326245,42
173104011291921,326287,42
173104012361348,326329,42
173104013426660,326371,42
173104014511348,326413,42
173104015583327,326455,42
173104016649212,326497,42
173104017709160,326539,42
173104018778171,326581,42
173104019887806,326623,42
173104020963639,326665,42
173104021052494,326707,42
173104022092025,326749,42
173104023148900,326791,20
173104023215358,326811,42
173104024218014,326853,42
173104025290098,326895,42
173104026356452,326937,42
173104027423639,326979,42
173104028491348,327021,42
173104029583952,327063,42
173104030645202,327105,42
173104031715775,327147,42
173104032782858,327189,42
173104033849316,327231,42
173104034919889,327273,42
173104035988431,327315,42
173104036056712,327357,42
173104037057181,327399,42
173104038126035,327441,42
173104039196035,327483,42
173104040416400,327525,42
173104041357285,327567,42
173104042411296,327609,42
173104043486139,327651,42
173104044545202,327693,42
173104045617441,327735,42
173104046686191,327777,42
173104047765775,327819,42
173104048828171,327861,42
173104050201296,327903,42
173104050976712,327945,42
173104051050723,327987,42
173104053101712,328029,42
173104053172962,328071,42
173104054173066,328113,42
173104055402441,328155,42
173104056584473,328197,20
173104056659629,328217,42
173104057534889,328259,42
173104058605306,328301,42
173104059669421,328343,42
173104060779056,328385,42
173104061835618,328427,42
173104062925775,328469,42
173104063995046,328511,42
173104065067285,328553,42
173104066132650,328595,42
173104067200983,328637,42
173104067273952,328679,42
173104068269160,328721,42
173104069339316,328763,42
173104070976452,328805,42
173104071513639,328847,42
173104072644056,328889,42
173104073929056,328931,42
173104074720046,328973,42
173104075781035,329015,42
173104076894004,329057,42
173104078041973,329099,42
173104130120879,329141,42
173104130192962,329183,42
173104130204733,329225,42
173104130215775,329267,42
173104130226660,329309,42
173104130236868,329351,42
173104130248014,329393,42
173104130258171,329435,42
173104130268431,329477,42
173104130278639,329519,42
173104130288587,329561,42
173104130299212,329603,20
173104130334889,329623,42
173104130345671,329665,42
173104130355983,329707,42
173104130365931,329749,42
173104130375879,329791,42
173104130385775,329833,42
173104130395723,329875,42
173104130406035,329917,42
173104130416400,329959,42
173104130426191,330001,42
173104130436191,330043,42
173104130446035,330085,42
173104130955150,330127,42
173104131980827,330169,42
173104133009837,330211,42
173104134029056,330253,42
173104135193743,330295,42
173104136276764,330337,42
173104137684993,330379,42
173104138286087,330421,42
173104139382598,330463,42
173104140484316,330505,42
173104141180150,330547,42
173104142211868,330589,42
173104143230462,330631,42
173104144251400,330673,42
173104145269473,330715,42
173104146291296,330757,42
173104147305046,330799,42
173104148340202,330841,42
173104149360723,330883,42
173104150437910,330925,42
173104151408431,330967,42
173104152424785,331009,42
173104153443327,331051,42
173104154462598,331093,42
173104155494473,331135,42
173104156496139,331177,42
173104156508171,331219,20
173104157516452,331239,42
173104158538535,331281,42
173104159553848,331323,42
173104160582702,331365,42
173104161598535,331407,42
173104162618223,331449,42
173104163634681,331491,42
173104163646400,331533,42
173104164657493,331575,42
173104165676191,331617,42
173104166701400,331659,42
173104167726504,331701,42
173104168752650,331743,42
173104169758796,331785,42
173104170781348,331827,42
173104171800671,331869,42
173104172816504,331911,42
173104173837337,331953,42
173104174855983,331995,42
173104175886660,332037,42
173104176912181,332079,42
173104177918796,332121,42
173104178933587,332163,42
173104179957233,332205,42
173104180987389,332247,42
173104181998639,332289,42
173104183085150,332331,42
173104184056556,332373,42
173104185081296,332415,42
173104186088275,332457,42
173104187097181,332499,42
173104188150254,332541,42
173104189185671,332583,42
173104189197337,332625,20
173104190155150,332645,42
173104191175462,332687,42
173104192194212,332729,42
173104193213118,332771,42
173104194236764,332813,42
173104195253743,332855,42
173104196272754,332897,42
173104197292546,332939,42
173104198316243,332981,42
173104199351921,333023,42
173104200361139,333065,42
173104201371556,333107,42
173104202391816,333149,42
173104203409212,333191,42
173104204427493,333233,42
173104205449004,333275,42
173104206469525,333317,42
173104207489577,333359,42
173104208509004,333401,42
173104209530671,333443,42
173104210551608,333485,42
173104211567493,333527,42
173104212620514,333569,42
173104213665254,333611,42
173104214626660,333653,42
173104215647962,333695,42
173104216668327,333737,42
173104217708900,333779,42
173104218733066,333821,42
173104219729160,333863,42
173104220759941,333905,42
173104221777181,333947,42
173104222797181,333989,42
173104222810046,334031,20
173104223818327,334051,42
173104224837598,334093,42
173104225856816,334135,42
173104226877910,334177,42
173104227899629,334219,42
173104228921556,334261,42
173104229941243,334303,42
173104230963118,334345,42
173104231994160,334387,42
173104233021087,334429,42
173104234029421,334471,42
173104235046348,334513,42
173104236067702,334555,42
173104236080358,334597,42
173104237091139,334639,42
173104238176660,334681,42
173104239221556,334723,42
173104240154212,334765,42
173104241169316,334807,42
173104242192598,334849,42
173104243212546,334891,42
173104244238431,334933,42
173104245255827,334975,42
173104246276087,335017,42
173104247293066,335059,42
173104248316816,335101,42
173104249337493,335143,42
173104250375618,335185,42
173104251414993,335227,42
173104252435254,335269,42
173104253439941,335311,42
173104254461400,335353,42
173104255483431,335395,42
173104256506556,335437,20
173104256520358,335457,42
173104257527129,335499,42
173104258549264,335541,42
173104259571608,335583,42
173104260595514,335625,42
173104261617545,335667,42
173104262641191,335709,42
173104263663691,335751,42
173104264685098,335793,42
173104265725514,335835,42
173104266758691,335877,42
173104267775670,335919,42
173104268808587,335961,42
173104269889785,336003,42
173104270942129,336045,42
173104271848327,336087,42
173104272871504,336129,42
173104273896295,336171,42
173104274918639,336213,42
173104275940410,336255,42
173104276962493,336297,42
173104277984212,336339,42
173104279009056,336381,42
173104280054316,336423,42
173104281518066,336465,42
173104282245983,336507,42
173104282295045,336549,42
173104284370202,336591,42
173104285456191,336633,42
173104286506556,336675,42
173104286553327,336717,42
173104287620098,336759,42
173104288644629,336801,42
173104289709577,336843,20
173104289756556,336863,42
173104290776295,336905,42
173104291837598,336947,42
173104292883275,336989,42
173104294079889,337031,42
173104294886764,337073,42
173104296073848,337115,42
173104297128170,337157,42
173104298204941,337199,42
173104299243900,337241,42
173104300461243,337283,42
173104301274212,337325,42
173104302325045,337367,42
173104303385566,337409,42
173104304454368,337451,42
173104305517754,337493,42
173104306577754,337535,42
173104307646660,337577,42
173104307721973,337619,42
173104308704733,337661,42
173104309814941,337703,42
173104310872650,337745,42
173104311904681,337787,42
173104313036556,337829,42
173104314064004,337871,42
173104315209629,337913,42
173104316236035,337955,42
173104317427910,337997,42
173104318363223,338039,42
173104319441191,338081,42
173104320607754,338123,42
173104321522650,338165,42
173104322596035,338207,42
173104322659160,338249,20
173104323682129,338269,42
173104324762702,338311,42
173104324978066,338353,42
173104325799056,338395,42
173104326824733,338437,42
173104327895045,338479,42
173104328945827,338521,42
173104330221764,338563,42
173104331117962,338605,42
173104332178275,338647,42
173104333261348,338689,42
173104334342545,338731,42
173104335326191,338773,42
173104336419420,338815,42
173104337471348,338857,42
173104338527858,338899,42
173104339546660,338941,42
173104340518535,338983,42
173104341520879,339025,42
173104342539368,339067,42
173104343564004,339109,42
173104344587545,339151,42
173104345606920,339193,42
173104346622806,339235,42
173104347658118,339277,42
173104348672181,339319,42
173104349696816,339361,42
173104350728639,339403,42
173104351755879,339445,42
173104352791035,339487,42
173104353805983,339529,42
173104353821400,339571,42
173104354819889,339613,42
173104355849316,339655,20
173104356862858,339675,42
173104356876608,339717,42
173104357890358,339759,42
173104358921504,339801,42
173104359940306,339843,42
173104360966816,339885,42
173104361992181,339927,42
173104363005150,339969,42
173104364029629,340011,42
173104365056400,340053,42
173104366080410,340095,42
173104367132077,340137,42
173104368139212,340179,42
173104369158118,340221,42
173104370178223,340263,42
173104371200462,340305,42
173104372228014,340347,42
173104373251816,340389,42
173104374270358,340431,42
173104375283170,340473,42
173104376311452,340515,42
173104377337754,340557,42
173104378360566,340599,42
173104379373952,340641,42
173104380409004,340683,42
173104381422754,340725,42
173104382449160,340767,42
173104383474733,340809,42
173104384509681,340851,42
173104385551035,340893,42
173104386575983,340935,42
173104387587285,340977,42
173104388607598,341019,42
173104389628431,341061,42
173104389641400,341103,20
173104390653535,341123,42
173104391667910,341165,42
173104392698118,341207,42
173104393715358,341249,42
173104394740618,341291,42
173104395755618,341333,42
173104396779212,341375,42
173104397804473,341417,42
173104398827441,341459,42
173104400535618,341501,42
173104400891816,341543,42
173104401902910,341585,42
173104402945723,341627,42
173104403949577,341669,42
173104404972598,341711,42
173104405999160,341753,42
173104407060566,341795,42
173104408040827,341837,42
173104409061920,341879,42
173104410095254,341921,42
173104411098170,341963,42
173104412128170,342005,42
173104413154837,342047,42
173104414170358,342089,42
173104415197389,342131,42
173104415209993,342173,42
173104416215566,342215,42
173104417232025,342257,42
173104418258170,342299,42
173104419304316,342341,42
173104420328848,342383,42
173104421336139,342425,42
173104422355045,342467,42
173104423382910,342509,20
173104423394993,342529,42
173104424416764,342571,42
173104425427233,342613,42
173104426454212,342655,42
173104427464264,342697,42
173104428498587,342739,42
173104429517233,342781,42
173104430551243,342823,42
173104431568431,342865,42
173104432597806,342907,42
173104433639473,342949,42
173104434660410,342991,42
173104435689785,343033,42
173104436699889,343075,42
173104437733379,343117,42
173104438743275,343159,42
173104439762858,343201,42
173104440787858,343243,42
173104441804108,343285,42
173104442840514,343327,42
173104443847598,343369,42
173104444863275,343411,42
173104445887233,343453,42
173104446916868,343495,42
173104447941660,343537,42
173104448967389,343579,42
173104449980410,343621,42
173104451017650,343663,42
173104452058066,343705,42
173104453080254,343747,42
173104454090775,343789,42
173104455101764,343831,42
173104456131556,343873,42
173104456143795,343915,20
173104457151035,343935,42
173104458170670,343977,42
173104459204108,344019,42
173104460230983,344061,42
173104461239368,344103,42
173104462268275,344145,42
173104463284264,344187,42
173104464304785,344229,42
173104465324681,344271,42
173104466363535,344313,42
173104467385462,344355,42
173104468410514,344397,42
173104469433795,344439,42
173104470458327,344481,42
173104471481973,344523,42
173104472501139,344565,42
173104473534837,344607,42
173104474540045,344649,42
173104474553118,344691,42
173104475559525,344733,42
173104476584993,344775,42
173104477615462,344817,42
173104478633170,344859,42
173104479661660,344901,42
173104480679160,344943,42
173104481701608,344985,42
173104482722285,345027,42
173104483745983,345069,42
173104484786764,345111,42
173104485818483,345153,42
173104486825097,345195,42
173104487870410,345237,42
173104488869420,345279,42
173104489906712,345321,20
173104489921400,345341,42
173104490921243,345383,42
173104491936868,345425,42
173104492965670,345467,42
173104493981035,345509,42
173104495004733,345551,42
173104496023535,345593,42
173104497042233,345635,42
173104498063795,345677,42
173104499094420,345719,42
173104500142754,345761,42
173104501147702,345803,42
173104502159472,345845,42
173104503184160,345887,42
173104504208222,345929,42
173104505236087,345971,42
173104506245775,346013,42
173104507276816,346055,42
173104508305358,346097,42
173104509324108,346139,42
173104510338639,346181,42
173104511363379,346223,42
173104512378535,346265,42
173104513407702,346307,42
173104514425045,346349,42
173104515452441,346391,42
173104516469733,346433,42
173104517500254,346475,42
173104518545879,346517,42
173104519568639,346559,42
173104520575827,346601,42
173104521593170,346643,42
173104522611035,346685,42
173104522623639,346727,20
173104523664420,346747,42
173104524672181,346789,42
173104525686035,346831,42
173104526705722,346873,42
173104527739472,346915,42
173104528752858,346957,42
173104529777233,346999,42
173104530801868,347041,42
173104531815722,347083,42
173104533533639,347125,42
173104533889577,347167,42
173104534897233,347209,42
173104534909577,347251,42
173104535932545,347293,42
173104536950410,347335,42
173104537972702,347377,42
173104538981295,347419,42
173104540043952,347461,42
173104541031347,347503,42
173104542047597,347545,42
173104543068639,347587,42
173104544092962,347629,42
173104545115097,347671,42
173104546139941,347713,42
173104547165410,347755,42
173104548187077,347797,42
173104549213639,347839,42
173104550225931,347881,42
173104551265775,347923,42
173104552299160,347965,42
173104553307910,348007,42
173104554333379,348049,42
173104555357910,348091,42
173104556376191,348133,20
173104556388587,348153,42
173104557398327,348195,42
173104558430358,348237,42
173104559447493,348279,42
173104560470202,348321,42
173104561499472,348363,42
173104562510254,348405,42
173104563538952,348447,42
173104564555618,348489,42
173104566270097,348531,42
173104566633014,348573,42
173104567639316,348615,42
173104568663795,348657,42
173104569680566,348699,42
173104570700097,348741,42
173104571719160,348783,42
173104572737910,348825,42
173104573760827,348867,42
173104574786816,348909,42
173104575809368,348951,42
173104576824733,348993,42
173104577845045,349035,42
173104578863431,349077,42
173104579889889,349119,42
173104580919212,349161,42
173104581939785,349203,42
173104582958795,349245,42
173104583992545,349287,42
173104585022181,349329,42
173104586046087,349371,42
173104587053900,349413,42
173104588095514,349455,42
173104589097597,349497,42
173104589111504,349539,20
173104590124785,349559,42
173104591143900,349601,42
173104592164472,349643,42
173104593233118,349685,42
173104594205931,349727,42
173104595227962,349769,42
173104596250254,349811,42
173104597269108,349853,42
173104598295566,349895,42
173104599324212,349937,42
173104599342233,349979,42
173104600357285,350021,42
173104601369108,350063,42
173104602382545,350105,42
173104603404889,350147,42
173104604426504,350189,42
173104605450722,350231,42
173104606470618,350273,42
173104607495514,350315,42
173104608513847,350357,42
173104609585775,350399,42
173104610556035,350441,42
173104611576868,350483,42
173104612599212,350525,42
173104613622077,350567,42
173104614641295,350609,42
173104615668379,350651,42
173104616689264,350693,42
173104617709525,350735,42
173104618742597,350777,42
173104619765097,350819,42
173104620780983,350861,42
173104621798170,350903,42
173104622821504,350945,20
173104622834785,350965,42
173104623843743,351007,42
173104624868847,351049,42
173104625910566,351091,42
173104626911608,351133,42
173104627932545,351175,42
173104628952441,351217,42
173104629974160,351259,42
173104631003379,351301,42
173104632022025,351343,42
173104633046920,351385,42
173104634071972,351427,42
173104635089941,351469,42
173104636113900,351511,42
173104637135097,351553,42
173104638155462,351595,42
173104639178066,351637,42
173104640552129,351679,42
173104641512181,351721,42
173104642519004,351763,42
173104643592441,351805,42
173104644657597,351847,42
173104645732806,351889,42
173104645801139,351931,42
173104646798431,351973,42
173104647868014,352015,42
173104648935410,352057,42
173104650105150,352099,42
173104651099681,352141,42
173104652161816,352183,42
173104653232233,352225,42
173104654300097,352267,42
173104655408743,352309,42
173104656450410,352351,42
173104656518691,352393,20
173104657509681,352413,42
173104658579525,352455,42
173104659648379,352497,42
173104660772077,352539,42
173104661819889,352581,42
173104661889160,352623,42
173104662895722,352665,42
173104663958327,352707,42
173104665042389,352749,42
173104666109108,352791,42
173104667176191,352833,42
173104668242597,352875,42
173104669339420,352917,42
173104670397650,352959,42
173104671462441,353001,42
173104672530722,353043,42
173104673593900,353085,42
173104674715202,353127,42
173104675734472,353169,42
173104676807025,353211,42
173104677859837,353253,42
173104679034056,353295,42
173104679105202,353337,42
173104682375775,353379,42
173104682894160,353421,42
173104682967285,353463,42
173104683290827,353505,42
173104684006608,353547,42
173104685059316,353589,42
173104686122233,353631,42
173104687193900,353673,42
173104688263379,353715,42
173104689335775,353757,42
173104689408743,353799,20
173104690420097,353819,42
173104691481243,353861,42
173104692551712,353903,42
173104693620410,353945,42
173104694688795,353987,42
173104695780410,354029,42
173104696840254,354071,42
173104697917181,354113,42
173104698983066,354155,42
173104700242910,354197,42
173104700329629,354239,42
173104701131556,354281,42
173104702195306,354323,42
173104703267024,354365,42
173104704334837,354407,42
173104705406087,354449,42
173104706478587,354491,42
173104707582024,354533,42
173104708648379,354575,42
173104709727962,354617,42
173104710932337,354659,42
173104711887441,354701,42
173104712946399,354743,42
173104714028535,354785,42
173104715086920,354827,42
173104716168587,354869,42
173104716244316,354911,42
173104717240774,354953,42
173104718299368,354995,42
173104719370097,355037,42
173104720470670,355079,42
173104721514160,355121,42
173104722579577,355163,42
173104722651347,355205,20
173104723650254,355225,42
173104724853639,355267,42
173104725835827,355309,42
173104726890358,355351,42
173104727954368,355393,42
173104729022545,355435,42
173104730919785,355477,42
173104731246399,355519,42
173104731320618,355561,42
173104737773639,355603,42
173104737868431,355645,42
173104738033014,355687,42
173104738164889,355729,42
173104738235254,355771,42
173104738298118,355813,42
173104738867077,355855,42
173104739828899,355897,42
173104740905879,355939,42
173104741969577,355981,42
173104743051243,356023,42
173104744117493,356065,42
173104745181191,356107,42
173104746258743,356149,42
173104747319681,356191,42
173104747387285,356233,42
173104748394577,356275,42
173104749465618,356317,42
173104750622649,356359,42
173104751602337,356401,42
173104752781139,356443,42
173104753754160,356485,42
173104754813847,356527,42
173104755885254,356569,42
173104755952389,356611,20
173104756955722,356631,42
173104758024368,356673,42
173104759093327,356715,42
173104760189941,356757,42
173104761237806,356799,42
173104762315566,356841,42
173104763378795,356883,42
173104764460983,356925,42
173104764528483,356967,42
173104765519577,357009,42
173104766703952,357051,42
173104767672024,357093,42
173104768733795,357135,42
173104769804264,357177,42
173104770883118,357219,42
173104772005879,357261,42
173104773099681,357303,42
173104774131608,357345,42
173104775201295,357387,42
173104776289264,357429,42
173104777351816,357471,42
173104778437285,357513,42
173104779503014,357555,42
173104780765306,357597,42
173104780855097,357639,42
173104781652962,357681,42
173104782710254,357723,42
173104783788170,357765,42
173104784849993,357807,42
173104785916920,357849,42
173104786992910,357891,42
173104788059785,357933,42
173104789129004,357975,42
173104790219733,358017,20
173104790299577,358037,42
173104791279264,358079,42
173104792344004,358121,42
173104793413066,358163,42
173104794583847,358205,42
173104795564368,358247,42
173104796631556,358289,42
173104797711243,358331,42
173104797780149,358373,42
173104798773431,358415,42
173104799842024,358457,42
173104800936139,358499,42
173104801997545,358541,42
173104803067493,358583,42
173104804132858,358625,42
173104805205149,358667,42
173104806275254,358709,42
173104807348170,358751,42
173104808508587,358793,42
173104809493066,358835,42
173104810671920,358877,42
173104811638379,358919,42
173104811706608,358961,42
173104813773118,359003,42
173104813839889,359045,42
173104814837702,359087,42
173104815914056,359129,42
173104816978222,359171,42
173104818046191,359213,42
173104819176452,359255,42
173104820251556,359297,42
173104821330410,359339,42
173104822501087,359381,42
173104823460879,359423,20
173104823537285,359443,42
173104824531712,359485,42
173104825603691,359527,42
173104826723743,359569,42
173104827753639,359611,42
173104828813379,359653,42
173104829890566,359695,42
173104829960618,359737,42
173104831522389,359779,42
173104832037285,359821,42
173104833113847,359863,42
173104834184420,359905,42
173104835253431,359947,42
173104836425358,359989,42
173104837397806,360031,42
173104838468587,360073,42
173104839536972,360115,42
173104840629681,360157,42
173104841691347,360199,42
173104842758483,360241,42
173104843844004,360283,42
173104844902702,360325,42
173104846077702,360367,42
173104846151035,360409,42
173104847073639,360451,42
173104848147545,360493,42
173104849204056,360535,42
173104850387597,360577,42
173104851342441,360619,42
173104852407858,360661,42
173104853476712,360703,42
173104854545618,360745,42
173104855613952,360787,42
173104856678014,360829,20
173104856747858,360849,42
173104857756139,360891,42
173104858822806,360933,42
173104859893847,360975,42
173104861013066,361017,42
173104862060410,361059,42
173104862130931,361101,42
173104863115670,361143,42
173104864285983,361185,42
173104865258379,361227,42
173104866327285,361269,42
173104867398118,361311,42
173104868466504,361353,42
173104869537962,361395,42
173104870624264,361437,42
173104871691504,361479,42
173104872755618,361521,42
173104873898847,361563,42
173104874975618,361605,42
173104876012597,361647,42
173104877122962,361689,42
173104878249681,361731,42
173104878326087,361773,42
173104879235306,361815,42
173104880460566,361857,42
173104881379785,361899,42
173104882447597,361941,42
173104883513066,361983,42
173104884581920,362025,42
173104885651764,362067,42
173104886724629,362109,42
173104887793014,362151,42
173104888863847,362193,42
173104889935722,362235,20
173104890219108,362255,42
173104891022597,362297,42
173104892130202,362339,42
173104893157806,362381,42
173104894224056,362423,42
173104895294212,362465,42
173104895363795,362507,42
173104896377754,362549,42
173104897437181,362591,42
173104898506347,362633,42
173104899579368,362675,42
173104900672441,362717,42
173104901736191,362759,42
173104902806608,362801,42
173104903875879,362843,42
173104904945410,362885,42
173104906051347,362927,42
173104907093222,362969,42
173104908156608,363011,42
173104909231139,363053,42
173104910357129,363095,42
173104911379576,363137,42
173104911453014,363179,42
173104912450826,363221,42
173104913513326,363263,42
173104914590722,363305,42
173104915653743,363347,42
173104916730983,363389,42
173104917796087,363431,42
173104918862076,363473,42
173104919957129,363515,42
173104921022441,363557,42
173104922085306,363599,42
173104923150566,363641,42
173104923218274,363683,20
173104924221712,363703,42
173104925288222,363745,42
173104926360618,363787,42
173104927430722,363829,42
173104928545826,363871,42
173104928623691,363913,42
173104929636295,363955,42
173104930698951,363997,42
173104931750410,364039,42
173104932816191,364081,42
173104933891920,364123,42
173104934960670,364165,42
173104936029004,364207,42
173104937098639,364249,42
173104938168483,364291,42
173104939241347,364333,42
173104940467233,364375,42
173104941376243,364417,42
173104942433118,364459,42
173104943519368,364501,42
173104944562806,364543,42
173104944692858,364585,42
173104945628066,364627,42
173104946693118,364669,42
173104947824889,364711,42
173104948818222,364753,42
173104949877337,364795,42
173104950972337,364837,42
173104952029368,364879,42
173104953099056,364921,42
173104954166504,364963,42
173104955233587,365005,42
173104956304056,365047,42
173104956372181,365089,20
173104957386451,365109,42
173104958449056,365151,42
173104959519681,365193,42
173104960621139,365235,42
173104961730462,365277,42
173104961835306,365319,42
173104962767076,365361,42
173104970356608,365403,42
173104970461087,365445,42
173104970524264,365487,42
173104970583170,365529,42
173104970641139,365571,42
173104970697129,365613,42
173104970753691,365655,42
173104971182181,365697,42
173104972948170,365739,42
173104973247129,365781,42
173104974430097,365823,42
173104975566712,365865,42
173104976651035,365907,42
173104977693118,365949,42
173104978764785,365991,42
173104978843847,366033,42
173104979846035,366075,42
173104980879993,366117,42
173104981909733,366159,42
173104983044368,366201,42
173104984052129,366243,42
173104985110149,366285,42
173104986163795,366327,42
173104987226399,366369,42
173104988282129,366411,42
173104989434733,366453,42
173104989497597,366495,20
173104990763639,366515,42
173104992071295,366557,42
173104992558951,366599,42
173104993600045,366641,42
173104994671764,366683,42
173104995736087,366725,42
173104996813118,366767,42
173104998017701,366809,42
173104998083222,366851,42
173104999070045,366893,42
173105000298274,366935,42
173105001001295,366977,42
173105002019629,367019,42
173105003052233,367061,42
173105004069941,367103,42
173105005086556,367145,42
173105006106556,367187,42
173105007142545,367229,42
173105008157076,367271,42
173105009174004,367313,42
173105010201868,367355,42
173105011223535,367397,42
173105012247806,367439,42
173105013267181,367481,42
173105014294212,367523,42
173105015313170,367565,42
173105016403326,367607,42
173105017361399,367649,42
173105018382233,367691,42
173105019413483,367733,42
173105020505618,367775,42
173105021548431,367817,42
173105022590931,367859,42
173105022624889,367901,20
173105023623431,367921,42
173105024664056,367963,42
173105025701347,368005,42
173105026742701,368047,42
173105027779889,368089,42
173105028821295,368131,42
173105029865983,368173,42
173105030906660,368215,42
173105031947441,368257,42
173105032977233,368299,42
173105034019681,368341,42
173105034052597,368383,42
173105035056972,368425,42
173105036095358,368467,42
173105037134108,368509,42
173105038178795,368551,42
173105039212129,368593,42
173105040572233,368635,42
173105041472337,368677,42
173105042545931,368719,42
173105043605514,368761,42
173105044687181,368803,42
173105045762337,368845,42
173105048937858,368887,42
173105049424004,368929,42
173105049497649,368971,42
173105049561660,369013,42
173105050498431,369055,42
173105051559837,369097,42
173105052630826,369139,42
173105053708170,369181,42
173105054980462,369223,42
173105055860670,369265,42
173105055935670,369307,20
173105056932545,369327,42
173105058007233,369369,42
173105059198431,369411,42
173105060203691,369453,42
173105061238639,369495,42
173105062312285,369537,42
173105062388170,369579,42
173105063385618,369621,42
173105064462545,369663,42
173105065526868,369705,42
173105066599733,369747,42
173105067676035,369789,42
173105068746347,369831,42
173105069819108,369873,42
173105070916816,369915,42
173105071981764,369957,42
173105073141920,369999,42
173105074140358,370041,42
173105075212701,370083,42
173105076282337,370125,42
173105077365306,370167,42
173105078439264,370209,42
173105078516764,370251,42
173105079496139,370293,42
173105080675722,370335,42
173105081646868,370377,42
173105082719524,370419,42
173105083794160,370461,42
173105084851035,370503,42
173105085921712,370545,42
173105087052076,370587,42
173105088206764,370629,42
173105089136868,370671,42
173105090266399,370713,20
173105090348170,370733,42
173105091449889,370775,42
173105092349733,370817,42
173105093415670,370859,42
173105094486816,370901,42
173105094554212,370943,42
173105095551920,370985,42
173105096634316,371027,42
173105097697701,371069,42
173105098767389,371111,42
173105099835879,371153,42
173105100984264,371195,42
173105101997858,371237,42
173105103061035,371279,42
173105104129472,371321,42
173105105197806,371363,42
173105106271660,371405,42
173105107342545,371447,42
173105108408066,371489,42
173105109478899,371531,42
173105110737649,371573,42
173105111620358,371615,42
173105111691087,371657,42
173105112693587,371699,42
173105113753326,371741,42
173105114895201,371783,42
173105115902962,371825,42
173105116969368,371867,42
173105118037441,371909,42
173105119104524,371951,42
173105120213274,371993,42
173105121263274,372035,42
173105122326191,372077,42
173105123392597,372119,20
173105123461816,372139,42
173105124463899,372181,42
173105125535879,372223,42
173105126603170,372265,42
173105127675306,372307,42
173105127743743,372349,42
173105128829368,372391,42
173105129818743,372433,42
173105131184368,372475,42
173105131996608,372517,42
173105133062962,372559,42
173105134138639,372601,42
173105135209837,372643,42
173105136287389,372685,42
173105137358326,372727,42
173105138437233,372769,42
173105139510410,372811,42
173105140740410,372853,42
173105141805253,372895,42
173105141881608,372937,42
173105142870358,372979,42
173105143948951,373021,42
173105145022806,373063,42
173105146087858,373105,42
173105147166816,373147,42
173105148236035,373189,42
173105149314733,373231,42
173105150521087,373273,42
173105151581868,373315,42
173105152652233,373357,42
173105153722545,373399,42
173105154978847,373441,42
173105155881035,373483,42
173105155957128,373525,20
173105156020201,373545,42
173105156958951,373587,42
173105158021920,373629,42
173105159097285,373671,42
173105160193118,373713,42
173105161256139,373755,42
173105162334003,373797,42
173105163396191,373839,42
173105164494993,373881,42
173105165547181,373923,42
173105166619003,373965,42
173105167691191,374007,42
173105168766139,374049,42
173105169837701,374091,42
173105170930983,374133,42
173105172001556,374175,42
173105172076087,374217,42
173105173069056,374259,42
173105174144472,374301,42
173105175217649,374343,42
173105176292233,374385,42
173105177363326,374427,42
173105178521243,374469,42
173105179582181,374511,42
173105180673847,374553,42
173105181746660,374595,42
173105182818899,374637,42
173105183888743,374679,42
173105184971191,374721,42
173105186041399,374763,42
173105186117753,374805,42
173105187113014,374847,42
173105188328222,374889,42
173105189268483,374931,42
173105189344212,374973,20
173105190356035,374993,42
173105191419316,375035,42
173105192486347,375077,42
173105193555878,375119,42
173105194626764,375161,42
173105195701556,375203,42
173105196787128,375245,42
173105198021035,375287,42
173105198939368,375329,42
173105200170774,375371,42
173105201092233,375413,42
173105202163899,375455,42
173105202238066,375497,42
173105203231399,375539,42
173105204306451,375581,42
173105205382128,375623,42
173105206458222,375665,42
173105207665149,375707,42
173105208602701,375749,42
173105209689628,375791,42
173105210800253,375833,42
173105211863639,375875,42
173105212931556,375917,42
173105213998118,375959,42
173105215068118,376001,42
173105216139889,376043,42
173105217214108,376085,42
173105217289733,376127,42
173105218276660,376169,42
173105219347337,376211,42
173105220476087,376253,42
173105221498743,376295,42
173105222567910,376337,42
173105222639628,376379,20
173105223634681,376399,42
173105224702493,376441,42
173105225772701,376483,42
173105226854576,376525,42
173105227916139,376567,42
173105228984212,376609,42
173105230071399,376651,42
173105231149785,376693,42
173105232216660,376735,42
173105233276920,376777,42
173105234345253,376819,42
173105234479628,376861,42
173105235417285,376903,42
173105236486868,376945,42
173105237557545,376987,42
173105238629524,377029,42
173105239698691,377071,42
173105240818587,377113,42
173105241858535,377155,42
173105242921972,377197,42
173105244003691,377239,42
173105245064524,377281,42
173105246143222,377323,42
173105247205149,377365,42
173105248280931,377407,42
173105249345983,377449,42
173105250436868,377491,42
173105251491712,377533,42
173105252556295,377575,42
173105252625149,377617,42
173105253626608,377659,42
173105254877493,377701,42
173105255771920,377743,42
173105256837181,377785,20
173105256907493,377805,42
173105257908639,377847,42
173105258979212,377889,42
173105260065097,377931,42
173105261134212,377973,42
173105262207597,378015,42
173105263264628,378057,42
173105264358118,378099,42
173105265406556,378141,42
173105266474889,378183,42
173105267544056,378225,42
173105267613899,378267,42
173105268627128,378309,42
173105269688743,378351,42
173105270778535,378393,42
173105271836920,378435,42
173105272905253,378477,42
173105273977493,378519,42
173105275046608,378561,42
173105276115253,378603,42
173105277326243,378645,42
173105278271712,378687,42
173105279695983,378729,42
173105280469524,378771,42
173105281492545,378813,42
173105282581868,378855,42
173105283632233,378897,42
173105283707389,378939,42
173105290188118,378981,42
173105290284524,379023,42
173105290346660,379065,42
173105290404472,379107,42
173105290459941,379149,42
173105290515826,379191,20
173105290571503,379211,42
173105291134056,379253,42
173105292199056,379295,42
173105293269212,379337,42
173105294335306,379379,42
173105295416451,379421,42
173105296488014,379463,42
173105297564472,379505,42
173105298630201,379547,42
173105299705878,379589,42
173105300814160,379631,42
173105300917753,379673,42
173105301861660,379715,42
173105302923378,379757,42
173105303993170,379799,42
173105305062441,379841,42
173105306132962,379883,42
173105307204420,379925,42
173105308274889,379967,42
173105309340722,380009,42
173105310437493,380051,42
173105311495670,380093,42
173105312554628,380135,42
173105313638014,380177,42
173105314702337,380219,42
173105315777597,380261,42
173105316844837,380303,42
173105316921920,380345,42
173105317906816,380387,42
173105318975826,380429,42
173105320413170,380471,42
173105321130618,380513,42
173105322193014,380555,42
173105323262962,380597,20
173105323335097,380617,42
173105324335774,380659,42
173105325402285,380701,42
173105326470514,380743,42
173105327537493,380785,42
173105328609837,380827,42
173105329688378,380869,42
173105330792441,380911,42
173105338065045,380953,42
173105338325670,380995,42
173105338393014,381037,42
173105338455514,381079,42
173105338514316,381121,42
173105338574889,381163,42
173105338633639,381205,42
173105338690618,381247,42
173105339424420,381289,42
173105340529316,381331,42
173105341560774,381373,42
173105342626139,381415,42
173105343686868,381457,42
173105344764681,381499,42
173105345828378,381541,42
173105346909212,381583,42
173105347969680,381625,42
173105349051035,381667,42
173105349119420,381709,42
173105350227024,381751,42
173105351198170,381793,42
173105352271139,381835,42
173105353335878,381877,42
173105354407024,381919,42
173105355474993,381961,42
173105356549055,382003,20
173105356618326,382023,42
173105357617753,382065,42
173105358685930,382107,42
173105359752701,382149,42
173105360872805,382191,42
173105361930930,382233,42
173105362996555,382275,42
173105364294941,382317,42
173105365141191,382359,42
173105365214160,382401,42
173105366221399,382443,42
173105367291503,382485,42
173105368357076,382527,42
173105369423951,382569,42
173105370510878,382611,42
173105371579160,382653,42
173105372640566,382695,42
173105373898639,382737,42
173105374782128,382779,42
173105375857233,382821,42
173105376915930,382863,42
173105377994733,382905,42
173105379063743,382947,42
173105380234160,382989,42
173105381341972,383031,42
173105381422233,383073,42
173105382472858,383115,42
173105383360722,383157,42
173105384414785,383199,42
173105385488483,383241,42
173105386556451,383283,42
173105387622076,383325,42
173105388698951,383367,42
173105389791399,383409,20
173105389867962,383429,42
173105390858170,383471,42
173105391922493,383513,42
173105392985670,383555,42
173105394059993,383597,42
173105395133847,383639,42
173105396191764,383681,42
173105397268587,383723,42
173105398350878,383765,42
173105398428795,383807,42
173105399411503,383849,42
173105400524576,383891,42
173105401561503,383933,42
173105402620930,383975,42
173105403692805,384017,42
173105404764055,384059,42
173105405884941,384101,42
173105406921712,384143,42
173105407980722,384185,42
173105409045149,384227,42
173105410392753,384269,42
173105411189108,384311,42
173105412257805,384353,42
173105413338483,384395,42
173105414391399,384437,42
173105415471660,384479,42
173105415539889,384521,42
173105416746503,384563,42
173105417616660,384605,42
173105418680410,384647,42
173105419750826,384689,42
173105420910253,384731,42
173105421937701,384773,42
173105423003691,384815,42
173105423074524,384857,20
173105424073326,384877,42
173105425138430,384919,42
173105426206191,384961,42
173105427277858,385003,42
173105428341399,385045,42
173105429415201,385087,42
173105430502076,385129,42
173105431560253,385171,42
173105431634108,385213,42
173105432634993,385255,42
173105433699524,385297,42
173105434766920,385339,42
173105435841035,385381,42
173105436914680,385423,42
173105437978743,385465,42
173105439356555,385507,42
173105440243535,385549,42
173105441206608,385591,42
173105442271764,385633,42
173105443327962,385675,42
173105444407597,385717,42
173105445466399,385759,42
173105446602962,385801,42
173105447605566,385843,42
173105447673691,385885,42
173105448729264,385927,42
173105449940878,385969,42
173105450846139,386011,42
173105451911503,386053,42
173105452976816,386095,42
173105454047545,386137,42
173105455118899,386179,42
173105456188899,386221,42
173105456259003,386263,20
173105457315618,386283,42
173105458330826,386325,42
173105459489003,386367,42
173105460641608,386409,42
173105461619785,386451,42
173105462675618,386493,42
173105463773274,386535,42
173105463851712,386577,42
173105464852128,386619,42
173105465912128,386661,42
173105466993430,386703,42
173105468059420,386745,42
173105469129733,386787,42
173105470218639,386829,42
173105471288743,386871,42
173105472359680,386913,42
173105473436347,386955,42
173105474510097,386997,42
173105475586972,387039,42
173105476824108,387081,42
173105477740045,387123,42
173105478818847,387165,42
173105479883378,387207,42
173105479957024,387249,42
173105481333639,387291,42
173105482038066,387333,42
173105483283066,387375,42
173105484192337,387417,42
173105485247649,387459,42
173105486325774,387501,42
173105487399264,387543,42
173105488467180,387585,42
173105489533483,387627,42
173105489971451,387669,20
173105490634628,387689,42
173105491695878,387731,42
173105492755722,387773,42
173105493824785,387815,42
173105494896764,387857,42
173105495971555,387899,42
173105496040305,387941,42
173105497032389,387983,42
173105498116399,388025,42
173105499172701,388067,42
173105500318430,388109,42
173105501327337,388151,42
173105502389733,388193,42
173105503459264,388235,42
173105504532128,388277,42
173105505605930,388319,42
173105506674003,388361,42
173105507742805,388403,42
173105508810618,388445,42
173105509913535,388487,42
173105510964212,388529,42
173105512026035,388571,42
173105512096087,388613,42
173105513107910,388655,42
173105514164733,388697,42
173105515243274,388739,42
173105516304055,388781,42
173105517385618,388823,42
173105518459212,388865,42
173105519527493,388907,42
173105520623691,388949,42
173105521688951,388991,42
173105522759993,389033,42
173105522828951,389075,20
173105523829055,389095,42
173105524898326,389137,42
173105525963170,389179,42
173105527036347,389221,42
173105528099160,389263,42
173105529178222,389305,42
173105529245618,389347,42
173105530279212,389389,42
173105531328795,389431,42
173105532397285,389473,42
173105533469889,389515,42
173105534536295,389557,42
173105535604316,389599,42
173105536681295,389641,42
173105537747389,389683,42
173105538816608,389725,42
173105539886243,389767,42
173105541053014,389809,42
173105542043899,389851,42
173105543103691,389893,42
173105544180305,389935,42
173105545240201,389977,42
173105545307493,390019,42
173105546319576,390061,42
173105547387128,390103,42
173105548460149,390145,42
173105549528378,390187,42
173105550617753,390229,42
173105551688535,390271,42
173105552751451,390313,42
173105553820462,390355,42
173105554890097,390397,42
173105555967962,390439,42
173105556034680,390481,20
173105557035305,390501,42
173105558102180,390543,42
173105559175983,390585,42
173105560311399,390627,42
173105561320462,390669,42
173105561387024,390711,42
173105562394524,390753,42
173105563460410,390795,42
173105564530305,390837,42
173105565602233,390879,42
173105566669264,390921,42
173105567736399,390963,42
173105568806555,391005,42
173105569884576,391047,42
173105570962910,391089,42
173105572030722,391131,42
173105573096972,391173,42
173105574170670,391215,42
173105575237076,391257,42
173105576307076,391299,42
173105577383795,391341,42
173105578444680,391383,42
173105578514316,391425,42
173105579524785,391467,42
173105580626972,391509,42
173105581686816,391551,42
173105582747857,391593,42
173105583826503,391635,42
173105584901087,391677,42
173105585968014,391719,42
173105587035410,391761,42
173105588170201,391803,42
173105589182441,391845,42
173105590265670,391887,20
173105590347701,391907,42
173105591320670,391949,42
173105592394524,391991,42
173105593458587,392033,42
173105594525097,392075,42
173105595605566,392117,42
173105595674368,392159,42
173105596662753,392201,42
173105597737753,392243,42
173105598812805,392285,42
173105599883691,392327,42
173105600970462,392369,42
173105602082753,392411,42
173105603108951,392453,42
173105604176712,392495,42
173105605241555,392537,42
173105606310930,392579,42
173105607387910,392621,42
173105608459941,392663,42
173105609518795,392705,42
173105610616972,392747,42
173105611676295,392789,42
173105611743951,392831,42
173105612753899,392873,42
173105613816451,392915,42
173105614892128,392957,42
173105615989055,392999,42
173105617034576,393041,42
173105618107076,393083,42
173105619172545,393125,42
173105620329316,393167,42
173105621357285,393209,42
173105622390930,393251,42
173105623457493,393293,20
173105623526347,393313,42
173105624526399,393355,42
173105625596920,393397,42
173105626683378,393439,42
173105627731660,393481,42
173105627798639,393523,42
173105628804420,393565,42
173105629923795,393607,42
173105630957232,393649,42
173105632026816,393691,42
173105633090566,393733,42
173105634159107,393775,42
173105635229524,393817,42
173105636305618,393859,42
173105637371607,393901,42
173105638439732,393943,42
173105639508587,393985,42
173105640711451,394027,42
173105641777649,394069,42
173105642842024,394111,42
173105642917962,394153,42
173105644018691,394195,42
173105644972962,394237,42
173105646050045,394279,42
173105647113430,394321,42
173105648185201,394363,42
173105649250097,394405,42
173105650336868,394447,42
173105651403639,394489,42
173105652468170,394531,42
173105653537024,394573,42
173105654607805,394615,42
173105655681868,394657,42
173105656750253,394699,20
173105656817493,394719,42
173105657891972,394761,42
173105658885253,394803,42
173105658954732,394845,42
173105661042805,394887,42
173105661122441,394929,42
173105662106035,394971,42
173105663175253,395013,42
173105664235462,395055,42
173105665317493,395097,42
173105666385097,395139,42
173105667451920,395181,42
173105668522910,395223,42
173105669594368,395265,42
173105670678118,395307,42
173105671816347,395349,42
173105672808795,395391,42
173105673877545,395433,42
173105674953014,395475,42
173105676013743,395517,42
173105676081399,395559,42
173105677093951,395601,42
173105678154993,395643,42
173105679228326,395685,42
173105680361660,395727,42
173105681377962,395769,42
173105682442753,395811,42
173105683506555,395853,42
173105684587649,395895,42
173105685837857,395937,42
173105686799316,395979,42
173105687802962,396021,42
173105688873535,396063,42
173105689939212,396105,42
173105690109472,396147,20
173105691066243,396167,42
173105692121399,396209,42
173105693212232,396251,42
173105693291764,396293,42
173105694282545,396335,42
173105695344107,396377,42
173105696430201,396419,42
173105697493326,396461,42
173105698578899,396503,42
173105699790930,396545,42
173105700767597,396587,42
173105701827753,396629,42
173105702893066,396671,42
173105703966555,396713,42
173105705038951,396755,42
173105721192180,396797,42
173105721219160,396839,42
173105721231503,396881,42
173105721242597,396923,42
173105721253274,396965,42
173105721264420,397007,42
173105721274941,397049,42
173105721299264,397091,42
173105721310566,397133,42
173105721321087,397175,42
173105721331399,397217,42
173105721341764,397259,42
173105721351920,397301,42
173105721377285,397343,42
173105721388430,397385,42
173105721399264,397427,42
173105721964576,397469,42
173105722970722,397511,42
173105722984160,397553,20
173105723983743,397573,42
173105725010305,397615,42
173105726028014,397657,42
173105727060462,397699,42
173105728080670,397741,42
173105729107441,397783,42
173105730239472,397825,42
173105731151660,397867,42
173105731165514,397909,42
173105733377597,397951,42
173105734249316,397993,42
173105734265149,398035,42
173105735267441,398077,42
173105736272597,398119,42
173105737295566,398161,42
173105738314732,398203,42
173105739339732,398245,42
173105740383535,398287,42
173105741381712,398329,42
173105742399837,398371,42
173105743425201,398413,42
173105744440045,398455,42
173105745507805,398497,42
173105746481712,398539,42
173105747503587,398581,42
173105748524107,398623,42
173105749548378,398665,42
173105750569316,398707,42
173105751589212,398749,42
173105752648951,398791,42
173105753660670,398833,42
173105754702910,398875,42
173105755684837,398917,42
173105756747337,398959,20
173105756759889,398979,42
173105757726035,399021,42
173105758743587,399063,42
173105759766920,399105,42
173105760787910,399147,42
173105761804368,399189,42
173105762931243,399231,42
173105763869837,399273,42
173105764869941,399315,42
173105765887910,399357,42
173105766919420,399399,42
173105767987753,399441,42
173105768956503,399483,42
173105769977753,399525,42
173105770999316,399567,42
173105772015670,399609,42
173105773039420,399651,42
173105774056243,399693,42
173105775083951,399735,42
173105776097910,399777,42
173105777118587,399819,42
173105778139264,399861,42
173105779160670,399903,42
173105780203378,399945,42
173105781207962,399987,42
173105782223795,400029,42
173105783246399,400071,42
173105784263274,400113,42
173105785324993,400155,42
173105786324941,400197,42
173105787343430,400239,42
173105788371399,400281,42
173105789403274,400323,42
173105789416659,400365,20
173105790414264,400385,42
173105791445982,400427,42
173105792461139,400469,42
173105793486139,400511,42
173105794503326,400553,42
173105795531868,400595,42
173105796544212,400637,42
173105797564784,400679,42
173105798585045,400721,42
173105799610409,400763,42
173105800659732,400805,42
173105801673378,400847,42
173105801694837,400889,42
173105802679316,400931,42
173105803705982,400973,42
173105804723951,401015,42
173105805745670,401057,42
173105806763587,401099,42
173105807790253,401141,42
173105808913482,401183,42
173105809846087,401225,42
173105810862337,401267,42
173105811877232,401309,42
173105812901712,401351,42
173105813941659,401393,42
173105814944732,401435,42
173105815964732,401477,42
173105816987909,401519,42
173105818008482,401561,42
173105819036347,401603,42
173105820203951,401645,42
173105821076972,401687,42
173105822092909,401729,42
173105823113482,401771,20
173105823126295,401791,42
173105824136972,401833,42
173105825215722,401875,42
173105826177076,401917,42
173105827198587,401959,42
173105828216191,402001,42
173105829238066,402043,42
173105830259576,402085,42
173105831291607,402127,42
173105832323795,402169,42
173105833343691,402211,42
173105834360618,402253,42
173105835373378,402295,42
173105836457753,402337,42
173105837412545,402379,42
173105838431399,402421,42
173105839454107,402463,42
173105840487232,402505,42
173105841505878,402547,42
173105842524993,402589,42
173105843550409,402631,42
173105844572857,402673,42
173105845592857,402715,42
173105846614316,402757,42
173105847663639,402799,42
173105848658430,402841,42
173105849678587,402883,42
173105850725253,402925,42
173105851739993,402967,42
173105852769159,403009,42
173105853814732,403051,42
173105854804472,403093,42
173105855827701,403135,42
173105855840045,403177,20
173105856847857,403197,42
173105857868847,403239,42
173105858893014,403281,42
173105860046607,403323,42
173105860952909,403365,42
173105860965566,403407,42
173105862976972,403449,42
173105863997805,403491,42
173105865024628,403533,42
173105866047805,403575,42
173105867204524,403617,42
173105867222284,403659,42
173105868090045,403701,42
173105869108847,403743,42
173105870153482,403785,42
173105871150566,403827,42
173105872172649,403869,42
173105873195253,403911,42
173105874219368,403953,42
173105875237493,403995,42
173105876261347,404037,42
173105877280357,404079,42
173105878299212,404121,42
173105879320253,404163,42
173105880344576,404205,42
173105881363170,404247,42
173105882384159,404289,42
173105883405409,404331,42
173105884519472,404373,42
173105885462753,404415,42
173105886484055,404457,42
173105887494732,404499,42
173105888515045,404541,42
173105889538482,404583,20
173105889550982,404603,42
173105890560097,404645,42
173105891582284,404687,42
173105892605045,404729,42
173105893625045,404771,42
173105894647597,404813,42
173105895665670,404855,42
173105896692805,404897,42
173105897710566,404939,42
173105898731659,404981,42
173105899777076,405023,42
173105900798691,405065,42
173105901881816,405107,42
173105902819732,405149,42
173105903840722,405191,42
173105904862545,405233,42
173105905882389,405275,42
173105906904680,405317,42
173105907931191,405359,42
173105908945618,405401,42
173105909969732,405443,42
173105910993222,405485,42
173105912013691,405527,42
173105913037128,405569,42
173105914058899,405611,42
173105915081243,405653,42
173105916104680,405695,42
173105917126347,405737,42
173105918164889,405779,42
173105919292909,405821,42
173105920194941,405863,42
173105921213951,405905,42
173105922244420,405947,42
173105923254003,405989,20
173105923266087,406009,42
173105924277805,406051,42
173105925366087,406093,42
173105926318899,406135,42
173105927340774,406177,42
173105928361920,406219,42
173105929382857,406261,42
173105930405566,406303,42
173105931429107,406345,42
173105932452180,406387,42
173105933607024,406429,42
173105933626087,406471,42
173105934497597,406513,42
173105935515409,406555,42
173105936535930,406597,42
173105937557805,406639,42
173105938578430,406681,42
173105939599264,406723,42
173105940653847,406765,42
173105941648274,406807,42
173105942668795,406849,42
173105943689003,406891,42
173105944708847,406933,42
173105945727284,406975,42
173105946751659,407017,42
173105947771451,407059,42
173105948794212,407101,42
173105949814837,407143,42
173105950857805,407185,42
173105951873847,407227,42
173105952895826,407269,42
173105953907128,407311,42
173105954927337,407353,42
173105955950357,407395,42
173105955962701,407437,20
173105956971034,407457,42
173105957992024,407499,42
173105959013274,407541,42
173105960043066,407583,42
173105961060149,407625,42
173105962111347,407667,42
173105963104680,407709,42
173105964128951,407751,42
173105965151972,407793,42
173105966183430,407835,42
173105967219316,407877,42
173105968221243,407919,42
173105969243482,407961,42
173105970268691,408003,42
173105971289628,408045,42
173105972315670,408087,42
173105973337232,408129,42
173105974360930,408171,42
173105975383066,408213,42
173105976404993,408255,42
173105977428066,408297,42
173105978452597,408339,42
173105979473274,408381,42
173105980499107,408423,42
173105981520149,408465,42
173105982541555,408507,42
173105983611816,408549,42
173105984589264,408591,42
173105985632545,408633,42
173105986642701,408675,42
173105987655722,408717,42
173105988681451,408759,42
173105989705722,408801,42
173105989719576,408843,20
173105990728691,408863,42
173105991753014,408905,42
173105992773847,408947,42
173105993795045,408989,42
173105994817597,409031,42
173105995905462,409073,42
173105996862753,409115,42
173105996877545,409157,42
173105997886347,409199,42
173105998906399,409241,42
173105999946034,409283,42
173106001032024,409325,42
173106001982232,409367,42
173106003007753,409409,42
173106004026920,409451,42
173106005049264,409493,42
173106006073326,409535,42
173106007093847,409577,42
173106008118639,409619,42
173106009140618,409661,42
173106010166139,409703,42
173106011185982,409745,42
173106012320566,409787,42
173106013246711,409829,42
173106014255357,409871,42
173106015277493,409913,42
173106016297597,409955,42
173106017342389,409997,42
173106018345253,410039,42
173106019383482,410081,42
173106020529472,410123,42
173106021674003,410165,42
173106022623795,410207,42
173106022675618,410249,20
173106023674941,410269,42
173106024988430,410311,42
173106025780514,410353,42
173106026838222,410395,42
173106027904576,410437,42
173106028988847,410479,42
173106030098222,410521,42
173106031063743,410563,42
173106032116191,410605,42
173106033317857,410647,42
173106034225618,410689,42
173106034277857,410731,42
173106035280097,410773,42
173106036603118,410815,42
173106037385201,410857,42
173106038441191,410899,42
173106039506295,410941,42
173106040626347,410983,42
173106041703847,411025,42
173106042781086,411067,42
173106044076243,411109,42
173106044934003,411151,42
173106046003326,411193,42
173106047081243,411235,42
173106048159055,411277,42
173106049232441,411319,42
173106050340670,411361,42
173106051740305,411403,42
173106051878066,411445,42
173106052458951,411487,42
173106053701659,411529,42
173106054599472,411571,42
173106055676711,411613,42
173106056744732,411655,20
173106056819680,411675,42
173106057875878,411717,42
173106058877805,411759,42
173106059942024,411801,42
173106061294576,411843,42
173106062151347,411885,42
173106063243847,411927,42
173106064296191,411969,42
173106065347389,412011,42
173106066426972,412053,42
173106067583222,412095,42
173106067661555,412137,42
173106068970253,412179,42
173106069631503,412221,42
173106070947701,412263,42
173106071940722,412305,42
173106072986868,412347,42
173106074092649,412389,42
173106075174576,412431,42
173106076204889,412473,42
173106077270201,412515,42
173106078330826,412557,42
173106079460201,412599,42
173106080611034,412641,42
173106080702753,412683,42
173106081575514,412725,42
173106082629211,412767,42
173106083692128,412809,42
173106084782441,412851,42
173106085952284,412893,42
173106087344211,412935,42
173106088005253,412977,42
173106089276659,413019,42
173106090187024,413061,20
173106090275305,413081,42
173106091336086,413123,42
173106092317701,413165,42
173106093393795,413207,42
173106094473586,413249,42
173106095543586,413291,42
173106096916868,413333,42
173106096992493,413375,42
173106097741868,413417,42
173106098849107,413459,42
173106099869889,413501,42
173106100958951,413543,42
173106102065357,413585,42
173106103182753,413627,42
173106104178170,413669,42
173106105259784,413711,42
173106106320618,413753,42
173106107429680,413795,42
173106108499889,413837,42
173106109882545,413879,42
173106110618691,413921,42
173106110704993,413963,42
173106111817909,414005,42
173106112745826,414047,42
173106113835826,414089,42
173106114923430,414131,42
173106115941399,414173,42
173106117147024,414215,42
173106118239264,414257,42
173106119550253,414299,42
173106120465253,414341,42
173106121616659,414383,42
173106122554211,414425,42
173106122631139,414467,20
173106123594107,414487,42
173106124686972,414529,42
173106125845774,414571,42
173106127291659,414613,42
173106127373586,414655,42
173106127883899,414697,42
173106129121816,414739,42
173106130131607,414781,42
173106131481607,414823,42
173106132181139,414865,42
173106133255826,414907,42
173106134333743,414949,42
173106135494055,414991,42
173106136887336,415033,42
173106137531503,415075,42
173106137603274,415117,42
173106139673326,415159,42
173106139816764,415201,42
173106141905930,415243,42
173106141993743,415285,42
173106142928795,415327,42
173106143999211,415369,42
173106145121816,415411,42
173106146154003,415453,42
173106147233274,415495,42
173106148289107,415537,42
173106149372597,415579,42
173106150455149,415621,42
173106151865045,415663,42
173106152592909,415705,42
173106153781503,415747,42
173106154864732,415789,42
173106155818430,415831,42
173106155888899,415873,20
173106156894576,415893,42
173106157999628,415935,42
173106159048795,415977,42
173106159123534,416019,42
173106160244576,416061,42
173106161458534,416103,42
173106162237753,416145,42
173106163353586,416187,42
173106164417805,416229,42
173106165462076,416271,42
173106166531764,416313,42
173106167635461,416355,42
173106168667024,416397,42
173106169733847,416439,42
173106171089472,416481,42
173106171876451,416523,42
173106171951243,416565,42
173106174066816,416607,42
173106174201816,416649,42
173106175103378,416691,42
173106176164420,416733,42
173106177234576,416775,42
173106178305149,416817,42
173106179684941,416859,42
173106180455566,416901,42
173106181613482,416943,42
173106182607701,416985,42
173106183808378,417027,42
173106184873170,417069,42
173106185963378,417111,42
173106187065514,417153,42
173106188112493,417195,42
173106189314524,417237,42
173106190299680,417279,42
173106190452493,417321,20
173106190520149,417341,42
173106191328795,417383,42
173106192392909,417425,42
173106193458118,417467,42
173106194536659,417509,42
173106195597284,417551,42
173106196723691,417593,42
173106197790566,417635,42
173106198855566,417677,42
173106199924628,417719,42
173106201036451,417761,42
173106202100566,417803,42
173106203164576,417845,42
173106204242180,417887,42
173106205310201,417929,42
173106205378482,417971,42
173106206385982,418013,42
173106207455618,418055,42
173106208522753,418097,42
173106209589264,418139,42
173106210674107,418181,42
173106211735357,418223,42
173106212806034,418265,42
173106213873951,418307,42
173106214953014,418349,42
173106216016451,418391,42
173106217150930,418433,42
173106218338118,418475,42
173106219287961,418517,42
173106220372649,418559,42
173106220452336,418601,42
173106221544472,418643,42
173106222500201,418685,42
173106222570305,418727,20
173106223569159,418747,42
173106224640566,418789,42
173106225708586,418831,42
173106226780826,418873,42
173106227852076,418915,42
173106228927024,418957,42
173106229994003,418999,42
173106231082597,419041,42
173106232146086,419083,42
173106233210253,419125,42
173106234280670,419167,42
173106235349732,419209,42
173106236418847,419251,42
173106237489211,419293,42
173106237558482,419335,42
173106238560826,419377,42
173106239629316,419419,42
173106240725253,419461,42
173106242086086,419503,42
173106244902649,419545,42
173106245419628,419587,42
173106245490930,419629,42
173106245553326,419671,42
173106247607024,419713,42
173106247683743,419755,42
173106248676503,419797,42
173106249746399,419839,42
173106250829888,419881,42
173106251904680,419923,42
173106252978430,419965,42
173106254055149,420007,42
173106255127961,420049,42
173106256207961,420091,42
173106256288951,420133,20
173106257293638,420153,42
173106258358899,420195,42
173106259430201,420237,42
173106260515878,420279,42
173106261575461,420321,42
173106262647076,420363,42
173106263727284,420405,42
173106263804211,420447,42
173106264801555,420489,42
173106265874055,420531,42
173106266949524,420573,42
173106268022805,420615,42
173106269100618,420657,42
173106270188691,420699,42
173106271261243,420741,42
173106272326503,420783,42
173106273399628,420825,42
173106274480774,420867,42
173106275556868,420909,42
173106276625566,420951,42
173106277699732,420993,42
173106278780670,421035,42
173106278856920,421077,42
173106279851138,421119,42
173106280962180,421161,42
173106282020722,421203,42
173106283247493,421245,42
173106284162284,421287,42
173106285244628,421329,42
173106286305826,421371,42
173106287374732,421413,42
173106288447753,421455,42
173106289516399,421497,42
173106289585201,421539,20
173106290608638,421559,42
173106291670461,421601,42
173106292819107,421643,42
173106293891555,421685,42
173106293966451,421727,42
173106294965253,421769,42
173106296047493,421811,42
173106297109784,421853,42
173106298194316,421895,42
173106299268586,421937,42
173106300365097,421979,42
173106301412284,422021,42
173106302486086,422063,42
173106303557701,422105,42
173106304631920,422147,42
173106305703586,422189,42
173106306780618,422231,42
173106307856034,422273,42
173106308936503,422315,42
173106309012076,422357,42
173106310100826,422399,42
173106311086711,422441,42
173106312160670,422483,42
173106313239211,422525,42
173106314306868,422567,42
173106315376295,422609,42
173106316457128,422651,42
173106317529211,422693,42
173106318633430,422735,42
173106319680357,422777,42
173106320764107,422819,42
173106321946034,422861,42
173106322899055,422903,42
173106322968586,422945,20
173106323031191,422965,42
173106325041711,423007,42
173106325109993,423049,42
173106326112545,423091,42
173106327200618,423133,42
173106328258274,423175,42
173106329325357,423217,42
173106330403118,423259,42
173106331478222,423301,42
173106332550253,423343,42
173106333619993,423385,42
173106334691191,423427,42
173106335759211,423469,42
173106336831607,423511,42
173106337901868,423553,42
173106338973118,423595,42
173106340227545,423637,42
173106341175461,423679,42
173106341252701,423721,42
173106342222441,423763,42
173106343290930,423805,42
173106344357597,423847,42
173106345428222,423889,42
173106346495566,423931,42
173106347562024,423973,42
173106348632805,424015,42
173106349699368,424057,42
173106350788013,424099,42
173106351850513,424141,42
173106352941086,424183,42
173106354076920,424225,42
173106355082076,424267,42
173106356149107,424309,42
173106356224107,424351,20
173106357214159,424371,42
173106358287649,424413,42
173106358361034,424455,42
173106359350461,424497,42
173106360529159,424539,42
173106361494628,424581,42
173106362557441,424623,42
173106363624055,424665,42
173106364691607,424707,42
173106365760722,424749,42
173106366831034,424791,42
173106367901555,424833,42
173106368977753,424875,42
173106370342493,424917,42
173106371115149,424959,42
173106372180513,425001,42
173106373244993,425043,42
173106374320982,425085,42
173106374394680,425127,42
173106375386816,425169,42
173106376450878,425211,42
173106377520305,425253,42
173106378586295,425295,42
173106379656503,425337,42
173106381002024,425379,42
173106382079159,425421,42
173106383131243,425463,42
173106384198638,425505,42
173106385264472,425547,42
173106386329576,425589,42
173106387403170,425631,42
173106387478847,425673,42
173106388473118,425715,42
173106389544941,425757,20
173106389620774,425777,42
173106390725045,425819,42
173106391790409,425861,42
173106392858638,425903,42
173106393929524,425945,42
173106395000461,425987,42
173106396076451,426029,42
173106397145826,426071,42
173106398209472,426113,42
173106399277336,426155,42
173106400528847,426197,42
173106401426347,426239,42
173106401502180,426281,42
173106403553326,426323,42
173106403628795,426365,42
173106404618847,426407,42
173106405687232,426449,42
173106406754628,426491,42
173106407825409,426533,42
173106408891138,426575,42
173106409970305,426617,42
173106411037232,426659,42
173106412100149,426701,42
173106413166347,426743,42
173106414237961,426785,42
173106415306607,426827,42
173106416377232,426869,42
173106417446607,426911,42
173106418513482,426953,42
173106419584680,426995,42
173106420945826,427037,42
173106421035305,427079,42
173106422004524,427121,42
173106423073899,427163,20
173106423149784,427183,42
173106424149784,427225,42
173106425210461,427267,42
173106426273795,427309,42
173106427347336,427351,42
173106428414524,427393,42
173106429479316,427435,42
173106430731138,427477,42
173106431629836,427519,42
173106431704472,427561,42
173106432695826,427603,42
173106433761034,427645,42
173106434830045,427687,42
173106435898222,427729,42
173106436968170,427771,42
173106438051243,427813,42
173106439106191,427855,42
173106440522024,427897,42
173106441266451,427939,42
173106442324524,427981,42
173106443393274,428023,42
173106444464003,428065,42
173106445533586,428107,42
173106446606138,428149,42
173106447673118,428191,42
173106448743326,428233,42
173106450196243,428275,42
173106450284055,428317,42
173106450906659,428359,42
173106451994472,428401,42
173106453051138,428443,42
173106454119003,428485,42
173106455184159,428527,42
173106456257388,428569,42
173106456333170,428611,20
173106457325982,428631,42
173106458392493,428673,42
173106459461868,428715,42
173106460841815,428757,42
173106461601972,428799,42
173106461678326,428841,42
173106463729836,428883,42
173106464799576,428925,42
173106465878065,428967,42
173106466945357,429009,42
173106467020357,429051,42
173106468010774,429093,42
173106471452597,429135,42
173106471556295,429177,42
173106471618065,429219,42
173106472322024,429261,42
173106473386190,429303,42
173106474458482,429345,42
173106475524732,429387,42
173106476593743,429429,42
173106477666659,429471,42
173106478733586,429513,42
173106479839836,429555,42
173106480940045,429597,42
173106482026451,429639,42
173106482101399,429681,42
173106483075149,429723,42
173106484138586,429765,42
173106485206451,429807,42
173106486276190,429849,42
173106487346190,429891,42
173106488415045,429933,42
173106489487961,429975,42
173106489562440,430017,20
173106490689993,430037,42
173106491622128,430079,42
173106492691711,430121,42
173106493766138,430163,42
173106494830722,430205,42
173106495894576,430247,42
173106496962336,430289,42
173106498035826,430331,42
173106499119940,430373,42
173106499196034,430415,42
173106500477961,430457,42
173106501250722,430499,42
173106502315201,430541,42
173106503381190,430583,42
173106504446086,430625,42
173106505513118,430667,42
173106506585930,430709,42
173106507664940,430751,42
173106508723065,430793,42
173106509789836,430835,42
173106510869680,430877,42
173106511929576,430919,42
173106513002388,430961,42
173106514066920,431003,42
173106515138222,431045,42
173106516206711,431087,42
173106516281138,431129,42
173106517273951,431171,42
173106518342753,431213,42
173106519459003,431255,42
173106520826659,431297,42
173106521609263,431339,42
173106522671815,431381,42
173106522747336,431423,20
173106523735097,431443,42
173106524799940,431485,42
173106525871295,431527,42
173106526937076,431569,42
173106528006243,431611,42
173106529077545,431653,42
173106530421295,431695,42
173106531224732,431737,42
173106531301607,431779,42
173106532285305,431821,42
173106533354003,431863,42
173106534423378,431905,42
173106535500982,431947,42
173106536565045,431989,42
173106537629732,432031,42
173106538699003,432073,42
173106539762336,432115,42
173106540966763,432157,42
173106542028065,432199,42
173106543094211,432241,42
173106544163013,432283,42
173106545230201,432325,42
173106546300253,432367,42
173106547369159,432409,42
173106547443847,432451,42
173106548436086,432493,42
173106549517388,432535,42
173106550701034,432577,42
173106551644263,432619,42
173106552709940,432661,42
173106553780253,432703,42
173106554843326,432745,42
173106555918534,432787,42
173106555993378,432829,20
173106556984211,432849,42
173106558052597,432891,42
173106559119732,432933,42
173106560523065,432975,42
173106561276086,433017,42
173106561350722,433059,42
173106563404055,433101,42
173106564468482,433143,42
173106565540878,433185,42
173106565614368,433227,42
173106566605930,433269,42
173106567671868,433311,42
173106568739732,433353,42
173106569808326,433395,42
173106570900878,433437,42
173106571964732,433479,42
173106573032961,433521,42
173106574107545,433563,42
173106575172753,433605,42
173106576241347,433647,42
173106577342180,433689,42
173106578400201,433731,42
173106579466815,433773,42
173106580874472,433815,42
173106581625878,433857,42
173106581804784,433899,42
173106582693951,433941,42
173106583762024,433983,42
173106584828482,434025,42
173106585898274,434067,42
173106586963951,434109,42
173106588032961,434151,42
173106589104524,434193,42
173106590360774,434235,20
173106590450565,434255,42
173106591253743,434297,42
173106592310305,434339,42
173106593375253,434381,42
173106594441711,434423,42
173106595511086,434465,42
173106596576815,434507,42
173106597644211,434549,42
173106598715982,434591,42
173106598792284,434633,42
173106599781920,434675,42
173106600975670,434717,42
173106602028795,434759,42
173106603094472,434801,42
173106604162805,434843,42
173106605244472,434885,42
173106606300357,434927,42
173106607368534,434969,42
173106608437284,435011,42
173106609506086,435053,42
173106610707493,435095,42
173106611646607,435137,42
173106611721607,435179,42
173106613776868,435221,42
173106613853013,435263,42
173106614844368,435305,42
173106615909368,435347,42
173106616979107,435389,42
173106618044368,435431,42
173106619269368,435473,42
173106620515149,435515,42
173106621276451,435557,42
173106622329315,435599,42
173106623398743,435641,20
173106623472701,435661,42
173106624464055,435703,42
173106625530097,435745,42
173106626601503,435787,42
173106627669940,435829,42
173106628734732,435871,42
173106629802909,435913,42
173106630895149,435955,42
173106631978065,435997,42
173106632048951,436039,42
173106633053118,436081,42
173106634107232,436123,42
173106635175201,436165,42
173106636244211,436207,42
173106637309940,436249,42
173106638377388,436291,42
173106639448065,436333,42
173106640680305,436375,42
173106641592545,436417,42
173106642652180,436459,42
173106643716607,436501,42
173106644786243,436543,42
173106645857753,436585,42
173106646928430,436627,42
173106647996243,436669,42
173106648071815,436711,42
173106649060097,436753,42
173106650294576,436795,42
173106651200878,436837,42
173106652268378,436879,42
173106653334524,436921,42
173106654403170,436963,42
173106655472076,437005,42
173106656545253,437047,20
173106656621815,437067,42
173106657606868,437109,42
173106658673482,437151,42
173106659742284,437193,42
173106660977232,437235,42
173106662035930,437277,42
173106663107909,437319,42
173106663183378,437361,42
173106664171242,437403,42
173106665243274,437445,42
173106666308222,437487,42
173106667376763,437529,42
173106668445982,437571,42
173106669516242,437613,42
173106670762753,437655,42
173106671825617,437697,42
173106672892388,437739,42
173106673956242,437781,42
173106675039159,437823,42
173106676099784,437865,42
173106677169211,437907,42
173106677243482,437949,42
173106678234784,437991,42
173106679304263,438033,42
173106680625305,438075,42
173106681448117,438117,42
173106682515565,438159,42
173106683580930,438201,42
173106684647961,438243,42
173106685723378,438285,42
173106686790149,438327,42
173106687860565,438369,42
173106688939263,438411,42
173106690207128,438453,20
173106690300305,438473,42
173106691072180,438515,42
173106692139836,438557,42
173106693204524,438599,42
173106694273586,438641,42
173106695343430,438683,42
173106695417961,438725,42
173106696408742,438767,42
173106697477961,438809,42
173106698547388,438851,42
173106699618013,438893,42
173106700921555,438935,42
173106701995045,438977,42
173106703059576,439019,42
173106704124367,439061,42
173106705189107,439103,42
173106706254003,439145,42
173106707326086,439187,42
173106708398065,439229,42
173106708471815,439271,42
173106709463482,439313,42
173106710675045,439355,42
173106711601503,439397,42
173106712669055,439439,42
173106713738170,439481,42
173106714807128,439523,42
173106715874472,439565,42
173106716950201,439607,42
173106718012961,439649,42
173106719082440,439691,42
173106720492649,439733,42
173106721252649,439775,42
173106721327753,439817,42
173106723377128,439859,42
173106723453586,439901,20
173106724442857,439921,42
173106725517076,439963,42
173106725592545,440005,42
173106726578482,440047,42
173106727646399,440089,42
173106728715305,440131,42
173106729784159,440173,42
173106730891190,440215,42
173106731950357,440257,42
173106733012961,440299,42
173106734081190,440341,42
173106735155409,440383,42
173106736221555,440425,42
173106737288847,440467,42
173106738388534,440509,42
173106739449888,440551,42
173106740649992,440593,42
173106741591190,440635,42
173106741661867,440677,42
173106742659263,440719,42
173106743734836,440761,42
173106744823013,440803,42
173106745881399,440845,42
173106746952336,440887,42
173106748017076,440929,42
173106749086451,440971,42
173106750314055,441013,42
173106751233274,441055,42
173106752300982,441097,42
173106753377701,441139,42
173106754448534,441181,42
173106755524732,441223,42
173106756592753,441265,42
173106756661867,441307,20
173106757662024,441327,42
173106757731034,441369,42
173106758753170,441411,42
173106759813638,441453,42
173106760903274,441495,42
173106761963430,441537,42
173106763031972,441579,42
173106764261659,441621,42
173106765176920,441663,42
173106766243795,441705,42
173106767316086,441747,42
173106768387336,441789,42
173106769457180,441831,42
173106770642492,441873,42
173106771600045,441915,42
173106772716242,441957,42
173106773888690,441999,42
173106773958899,442041,42
173106774826086,442083,42
173106775889524,442125,42
173106776955045,442167,42
173106778027857,442209,42
173106779096503,442251,42
173106780508430,442293,42
173106781243638,442335,42
173106782311659,442377,42
173106783385774,442419,42
173106784452388,442461,42
173106785520513,442503,42
173106786612180,442545,42
173106787670722,442587,42
173106788743117,442629,42
173106789811503,442671,42
173106789879003,442713,20
173106790892753,442733,42
173106790978534,442775,42
173106791959576,442817,42
173106793028274,442859,42
173106794100565,442901,42
173106795166295,442943,42
173106796237805,442985,42
173106797307284,443027,42
173106798390826,443069,42
173106799454732,443111,42
173106800661503,443153,42
173106801607545,443195,42
173106802673326,443237,42
173106803752753,443279,42
173106804819940,443321,42
173106805899263,443363,42
173106806958586,443405,42
173106807031503,443447,42
173106808032128,443489,42
173106809096711,443531,42
173106810251399,443573,42
173106811242805,443615,42
173106812308742,443657,42
173106813379992,443699,42
173106814464784,443741,42
173106815527961,443783,42
173106816678847,443825,42
173106817670826,443867,42
173106818738742,443909,42
173106819812076,443951,42
173106820899107,443993,42
173106822087545,444035,42
173106823156607,444077,42
173106823226711,444119,20
173106823287753,444139,42
173106824226711,444181,42
173106825294888,444223,42
173106826366920,444265,42
173106827543795,444307,42
173106828539003,444349,42
173106829598847,444391,42
173106830806242,444433,42
173106831871138,444475,42
173106832936867,444517,42
173106834006503,444559,42
173106835073274,444601,42
173106836147961,444643,42
173106836222857,444685,42
173106837212440,444727,42
173106838279992,444769,42
173106839349576,444811,42
173106840546086,444853,42
173106841582597,444895,42
173106842563170,444937,42
173106843625670,444979,42
173106844697857,445021,42
173106845761659,445063,42
173106846833690,445105,42
173106847901399,445147,42
173106848969784,445189,42
173106850243274,445231,42
173106851110513,445273,42
173106852176920,445315,42
173106853246503,445357,42
173106853322753,445399,42
173106854315149,445441,42
173106855481867,445483,42
173106856469472,445525,20
173106856545513,445545,42
173106857522076,445587,42
173106858590670,445629,42
173106859658065,445671,42
173106860762753,445713,42
173106861822492,445755,42
173106862894263,445797,42
173106863964315,445839,42
173106865042545,445881,42
173106866106815,445923,42
173106867182076,445965,42
173106868252909,446007,42
173106869341347,446049,42
173106870411815,446091,42
173106870498274,446133,42
173106871468638,446175,42
173106872537336,446217,42
173106873612492,446259,42
173106874683690,446301,42
173106875751138,446343,42
173106876822753,446385,42
173106877894159,446427,42
173106878970774,446469,42
173106880471294,446511,42
173106881216659,446553,42
173106882278326,446595,42
173106883420201,446637,42
173106884448222,446679,42
173106884524367,446721,42
173106885509576,446763,42
173106886575253,446805,42
173106887643794,446847,42
173106888710149,446889,42
173106889786972,446931,20
173106889862076,446951,42
173106890860565,446993,42
173106891926034,447035,42
173106892992024,447077,42
173106894057701,447119,42
173106895127909,447161,42
173106896194576,447203,42
173106897270357,447245,42
173106898331972,447287,42
173106899399263,447329,42
173106900493534,447371,42
173106901542649,447413,42
173106901613222,447455,42
173106902608794,447497,42
173106903677909,447539,42
173106904767753,447581,42
173106906111347,447623,42
173106906911607,447665,42
173106907977388,447707,42
173106909042753,447749,42
173106910260409,447791,42
173106911202076,447833,42
173106912262440,447875,42
173106913326347,447917,42
173106914397076,447959,42
173106915465982,448001,42
173106916681763,448043,42
173106917617857,448085,42
173106917687440,448127,42
173106918686972,448169,42
173106919910461,448211,42
173106920871763,448253,42
173106922087857,448295,42
173106923152492,448337,20
173106923221711,448357,42
173106924224472,448399,42
173106925329159,448441,42
173106926387597,448483,42
173106927457492,448525,42
173106928526711,448567,42
173106929595097,448609,42
173106930678690,448651,42
173106931754367,448693,42
173106931826607,448735,42
173106932821607,448777,42
173106933890722,448819,42
173106934962857,448861,42
173106936038169,448903,42
173106937106034,448945,42
173106938176294,448987,42
173106939300409,449029,42
173106940524680,449071,42
173106941418117,449113,42
173106942485826,449155,42
173106943558326,449197,42
173106944625461,449239,42
173106945690044,449281,42
173106946759003,449323,42
173106947827597,449365,42
173106948902076,449407,42
173106948977597,449449,42
173106949962805,449491,42
173106951041815,449533,42
173106952108430,449575,42
173106953187909,449617,42
173106954246190,449659,42
173106955309107,449701,42
173106957037701,449743,20
173106957123222,449763,42
173106957459524,449805,42
173106958528117,449847,42
173106959597440,449889,42
173106960687284,449931,42
173106961752232,449973,42
173106962820461,450015,42
173106963890097,450057,42
173106964970409,450099,42
173106965038951,450141,42
173106966035565,450183,42
173106967146242,450225,42
173106968202909,450267,42
173106969266451,450309,42
173106970359836,450351,42
173106971403013,450393,42
173106972467701,450435,42
173106973543534,450477,42
173106974621034,450519,42
173106975693794,450561,42
173106976760044,450603,42
173106977831399,450645,42
173106978900201,450687,42
173106979968430,450729,42
173106981086919,450771,42
173106982154003,450813,42
173106982227753,450855,42
173106983210461,450897,42
173106984279992,450939,42
173106985345982,450981,42
173106986417701,451023,42
173106987485149,451065,42
173106988553222,451107,42
173106989626034,451149,42
173106989701607,451191,20
173106990811138,451211,42
173106991877544,451253,42
173106992943013,451295,42
173106994007857,451337,42
173106995093169,451379,42
173106996155669,451421,42
173106996229784,451463,42
173106997216659,451505,42
173106998285617,451547,42
173106999352128,451589,42
173107000493378,451631,42
173107001483534,451673,42
173107002537440,451715,42
173107003601242,451757,42
173107004662597,451799,42
173107005727336,451841,42
173107006810201,451883,42
173107007877024,451925,42
173107008972180,451967,42
173107010382440,452009,42
173107011117492,452051,42
173107012274784,452093,42
173107013322597,452135,42
173107013398899,452177,42
173107014390513,452219,42
173107015457128,452261,42
173107016563899,452303,42
173107017598430,452345,42
173107018660044,452387,42
173107019727180,452429,42
173107020900930,452471,42
173107021983951,452513,42
173107023049940,452555,42
173107023122857,452597,20
173107024117701,452617,42
173107025196555,452659,42
173107026261867,452701,42
173107027335565,452743,42
173107027402701,452785,42
173107028398482,452827,42
173107029498482,452869,42
173107030647180,452911,42
173107031650097,452953,42
173107032715149,452995,42
173107033779628,453037,42
173107034850357,453079,42
173107035926815,453121,42
173107036987701,453163,42
173107038063065,453205,42
173107039139732,453247,42
173107040413274,453289,42
173107041287232,453331,42
173107041358482,453373,42
173107043449211,453415,42
173107043519576,453457,42
173107044508013,453499,42
173107045592492,453541,42
173107046652336,453583,42
173107047769107,453625,42
173107048814263,453667,42
173107049908951,453709,42
173107050949940,453751,42
173107052014367,453793,42
173107053092597,453835,42
173107054156294,453877,42
173107055225253,453919,42
173107056299055,453961,42
173107056373482,454003,20
173107057367649,454023,42
173107058464055,454065,42
173107059512128,454107,42
173107059583430,454149,42
173107060685826,454191,42
173107061740513,454233,42
173107062801451,454275,42
173107063944576,454317,42
173107064969263,454359,42
173107066029211,454401,42
173107067102336,454443,42
173107068167805,454485,42
173107069237128,454527,42
173107070365565,454569,42
173107071378430,454611,42
173107072441503,454653,42
173107073513638,454695,42
173107074580617,454737,42
173107075654003,454779,42
173107075724784,454821,42
173107076763117,454863,42
173107077824211,454905,42
173107078897232,454947,42
173107079952388,454989,42
173107081058534,455031,42
173107082122336,455073,42
173107083372857,455115,42
173107084264055,455157,42
173107085421972,455199,42
173107086427544,455241,42
173107087495930,455283,42
173107088730982,455325,42
173107089810982,455367,42
173107089887909,455409,20
173107089952544,455429,42
173107090886190,455471,42
173107092070930,455513,42
173107093005774,455555,42
173107094060253,455597,42
173107095131815,455639,42
173107096185357,455681,42
173107097256659,455723,42
173107098321971,455765,42
173107099383482,455807,42
173107100499107,455849,42
173107101538326,455891,42
173107102602544,455933,42
173107103669628,455975,42
173107104745044,456017,42
173107105937805,456059,42
173107106032232,456101,42
173107106933846,456143,42
173107107968378,456185,42
173107109076190,456227,42
173107110253742,456269,42
173107111244628,456311,42
173107112295357,456353,42
173107113337284,456395,42
173107114411867,456437,42
173107115459784,456479,42
173107116535201,456521,42
173107117588846,456563,42
173107118655565,456605,42
173107119770617,456647,42
173107121034888,456689,42
173107122006867,456731,42
173107122080669,456773,42
173107123063430,456815,20
173107123132701,456835,42
173107124131867,456877,42
173107125194003,456919,42
173107126254159,456961,42
173107127319107,457003,42
173107128386659,457045,42
173107129440878,457087,42
173107130522961,457129,42
173107131586190,457171,42
173107132677544,457213,42
173107133812232,457255,42
173107134765721,457297,42
173107135825878,457339,42
173107136890096,457381,42
173107137959680,457423,42
173107139021815,457465,42
173107139089992,457507,42
173107140102440,457549,42
173107141162596,457591,42
173107142221034,457633,42
173107143286555,457675,42
173107144337336,457717,42
173107145414992,457759,42
173107146464315,457801,42
173107147546659,457843,42
173107148594888,457885,42
173107149663951,457927,42
173107150815669,457969,42
173107151861346,458011,42
173107152936190,458053,42
173107154010044,458095,42
173107155082961,458137,42
173107156166763,458179,42
173107156243013,458221,20
173107156307388,458241,42
173107157238690,458283,42
173107158309628,458325,42
173107159451190,458367,42
173107160473221,458409,42
173107161527076,458451,42
173107162589003,458493,42
173107163667701,458535,42
173107164847336,458577,42
173107165912024,458619,42
173107166982024,458661,42
173107168047961,458703,42
173107169116451,458745,42
173107170202128,458787,42
173107170288378,458829,42
173107171264732,458871,42
173107172330201,458913,42
173107173398013,458955,42
173107174474628,458997,42
173107175683013,459039,42
173107176605044,459081,42
173107177700253,459123,42
173107178726294,459165,42
173107179815982,459207,42
173107181041815,459249,42
173107182061659,459291,42
173107183139471,459333,42
173107184188690,459375,42
173107185259680,459417,42
173107186317336,459459,42
173107186384159,459501,42
173107187382909,459543,42
173107188447232,459585,42
173107189524211,459627,20
173107189591971,459647,42
173107190714992,459689,42
173107191768065,459731,42
173107192825617,459773,42
173107193893065,459815,42
173107194959524,459857,42
173107196011294,459899,42
173107197100617,459941,42
173107198147440,459983,42
173107199215305,460025,42
173107200525044,460067,42
173107201355253,460109,42
173107201425878,460151,42
173107202409836,460193,42
173107203469367,460235,42
173107204541607,460277,42
173107205599471,460319,42
173107206683846,460361,42
173107207742753,460403,42
173107208818899,460445,42
173107210236659,460487,42
173107210992076,460529,42
173107212042544,460571,42
173107213113899,460613,42
173107214176086,460655,42
173107215251711,460697,42
173107216316399,460739,42
173107217423065,460781,42
173107218473117,460823,42
173107218540617,460865,42
173107219538534,460907,42
173107220631399,460949,42
173107221698951,460991,42
173107222764992,461033,42
173107222832128,461075,20
173107223836242,461095,42
173107224902284,461137,42
173107225967440,461179,42
173107227074784,461221,42
173107228107649,461263,42
173107229171919,461305,42
173107230261086,461347,42
173107231535565,461389,42
173107232583169,461431,42
173107232650617,461473,42
173107233645565,461515,42
173107234714419,461557,42
173107235784471,461599,42
173107236858013,461641,42
173107237924211,461683,42
173107238992701,461725,42
173107240164732,461767,42
173107241174628,461809,42
173107242209576,461851,42
173107243274784,461893,42
173107244348534,461935,42
173107245419315,461977,42
173107246496294,462019,42
173107247556086,462061,42
173107248628690,462103,42
173107249693430,462145,42
173107249761607,462187,42
173107250791711,462229,42
173107251854888,462271,42
173107252920409,462313,42
173107253988221,462355,42
173107255063951,462397,42
173107256132649,462439,42
173107256202284,462481,20
173107257202805,462501,42
173107258265982,462543,42
173107259341867,462585,42
173107260441659,462627,42
173107261486034,462669,42
173107262558326,462711,42
173107263618065,462753,42
173107264843430,462795,42
173107265909524,462837,42
173107266043690,462879,42
173107266971867,462921,42
173107268043221,462963,42
173107269113013,463005,42
173107270195044,463047,42
173107271252232,463089,42
173107272326919,463131,42
173107273411867,463173,42
173107274483430,463215,42
173107275547596,463257,42
173107276621242,463299,42
173107277729211,463341,42
173107278767440,463383,42
173107279822596,463425,42
173107280958846,463467,42
173107281049992,463509,42
173107281976815,463551,42
173107283042544,463593,42
173107284125461,463635,42
173107285183378,463677,42
173107286257492,463719,42
173107287353430,463761,42
173107288428586,463803,42
173107289490721,463845,42
173107289560930,463887,20
173107290655096,463907,42
173107291632076,463949,42
173107292730513,463991,42
173107293779680,464033,42
173107294832909,464075,42
173107295898638,464117,42
173107296951399,464159,42
173107297019784,464201,42
173107298077336,464243,42
173107299152284,464285,42
173107300330930,464327,42
173107301296867,464369,42
173107302364992,464411,42
173107303440149,464453,42
173107304512961,464495,42
173107305594263,464537,42
173107306663013,464579,42
173107307733534,464621,42
173107308804836,464663,42
173107309915409,464705,42
173107311009784,464747,42
173107312070930,464789,42
173107312152180,464831,42
173107313111346,464873,42
173107314179471,464915,42
173107315258794,464957,42
173107316359107,464999,42
173107317416294,465041,42
173107318484888,465083,42
173107319570096,465125,42
173107320666138,465167,42
173107321746451,465209,42
173107322820930,465251,42
173107322894628,465293,20
173107323898013,465313,42
173107324970826,465355,42
173107326040617,465397,42
173107327169784,465439,42
173107328215096,465481,42
173107328292909,465523,42
173107329278846,465565,42
173107330360201,465607,42
173107331437753,465649,42
173107332504680,465691,42
173107333585773,465733,42
173107334660357,465775,42
173107335735201,465817,42
173107336807023,465859,42
173107337889055,465901,42
173107338957909,465943,42
173107340202180,465985,42
173107341115878,466027,42
173107342185044,466069,42
173107343269419,466111,42
173107343346138,466153,42
173107344328326,466195,42
173107345404576,466237,42
173107346483273,466279,42
173107347549576,466321,42
173107348633482,466363,42
173107349697336,466405,42
173107350799367,466447,42
173107351866971,466489,42
173107352938013,466531,42
173107354014211,466573,42
173107355096138,466615,42
173107356171294,466657,42
173107356245669,466699,20
173107357243430,466719,42
173107358313638,466761,42
173107359394367,466803,42
173107359470096,466845,42
173107360486815,466887,42
173107361535305,466929,42
173107362650148,466971,42
173107363697701,467013,42
173107364851398,467055,42
173107365909419,467097,42
173107366987336,467139,42
173107368058534,467181,42
173107369124523,467223,42
173107370206242,467265,42
173107371279211,467307,42
173107372347909,467349,42
173107373411867,467391,42
173107374490253,467433,42
173107374560253,467475,42
173107375554836,467517,42
173107376628221,467559,42
173107377691451,467601,42
173107378770148,467643,42
173107379830253,467685,42
173107380928065,467727,42
173107381983273,467769,42
173107383052596,467811,42
173107384134523,467853,42
173107385208430,467895,42
173107386279732,467937,42
173107387348482,467979,42
173107388423898,468021,42
173107389491659,468063,42
173107389559523,468105,20
173107390672232,468125,42
173107390752180,468167,42
173107391636607,468209,42
173107392705826,468251,42
173107393774940,468293,42
173107394857388,468335,42
173107395916190,468377,42
173107396986190,468419,42
173107398184159,468461,42
173107399258169,468503,42
173107400368638,468545,42
173107401399576,468587,42
173107402466242,468629,42
173107403541607,468671,42
173107404614367,468713,42
173107404682180,468755,42
173107405682805,468797,42
173107406747180,468839,42
173107407826711,468881,42
173107408892909,468923,42
173107409964576,468965,42
173107411385930,469007,42
173107412120773,469049,42
173107413200409,469091,42
173107414265044,469133,42
173107415324055,469175,42
173107416399107,469217,42
173107417475565,469259,42
173107418544055,469301,42
173107419616086,469343,42
173107420729471,469385,42
173107421795409,469427,42
173107421864003,469469,42
173107422858221,469511,20
173107422926815,469531,42
173107423933169,469573,42
173107425000930,469615,42
173107426072128,469657,42
173107427154940,469699,42
173107428225461,469741,42
173107429284523,469783,42
173107430371190,469825,42
173107431515721,469867,42
173107432582753,469909,42
173107433652909,469951,42
173107434720409,469993,42
173107435790044,470035,42
173107436867232,470077,42
173107436934419,470119,42
173107437933378,470161,42
173107439004263,470203,42
173107440481138,470245,42
173107441221190,470287,42
173107442276503,470329,42
173107443339315,470371,42
173107444445253,470413,42
173107445479055,470455,42
173107446528690,470497,42
173107447651451,470539,42
173107448718742,470581,42
173107449794628,470623,42
173107450910878,470665,42
173107451948794,470707,42
173107452018065,470749,42
173107453011398,470791,42
173107454071034,470833,42
173107455139784,470875,42
173107456198690,470917,20
173107456267596,470937,42
173107457268898,470979,42
173107458326138,471021,42
173107459390201,471063,42
173107460516867,471105,42
173107461563326,471147,42
173107462627857,471189,42
173107463721190,471231,42
173107464782180,471273,42
173107465854315,471315,42
173107466934836,471357,42
173107468024211,471399,42
173107469085044,471441,42
173107469159367,471483,42
173107470301034,471525,42
173107471239732,471567,42
173107472306086,471609,42
173107473476242,471651,42
173107474455513,471693,42
173107475519211,471735,42
173107476590461,471777,42
173107477650669,471819,42
173107478740096,471861,42
173107479792180,471903,42
173107480963898,471945,42
173107482206034,471987,42
173107483765253,472029,42
173107484216346,472071,42
173107484298273,472113,42
173107494723586,472155,42
173107494825201,472197,42
173107494888273,472239,42
173107494948273,472281,42
173107495005513,472323,42
173107495063221,472365,20
173107495121294,472385,42
173107495178742,472427,42
173107495235513,472469,42
173107495293638,472511,42
173107495352544,472553,42
173107495897076,472595,42
173107496979940,472637,42
173107498004055,472679,42
173107499055826,472721,42
173107500455826,472763,42
173107501200357,472805,42
173107501275305,472847,42
173107502249003,472889,42
173107503308013,472931,42
173107504377388,472973,42
173107505440253,473015,42
173107506501034,473057,42
173107507564211,473099,42
173107508624003,473141,42
173107509819367,473183,42
173107510825305,473225,42
173107511860096,473267,42
173107512932128,473309,42
173107514047232,473351,42
173107515068065,473393,42
173107516126711,473435,42
173107517194055,473477,42
173107518240044,473519,42
173107519310826,473561,42
173107520478221,473603,42
173107520559419,473645,42
173107521506659,473687,42
173107522512544,473729,42
173107523681242,473771,20
173107523753951,473791,42
173107524635669,473833,42
173107525695305,473875,42
173107526757544,473917,42
173107527819003,473959,42
173107528890044,474001,42
173107529942128,474043,42
173107531030409,474085,42
173107532087075,474127,42
173107533145409,474169,42
173107534212544,474211,42
173107535271503,474253,42
173107536331815,474295,42
173107537586711,474337,42
173107538468065,474379,42
173107538541294,474421,42
173107539526034,474463,42
173107540901190,474505,42
173107541952336,474547,42
173107543019888,474589,42
173107544070200,474631,42
173107545140513,474673,42
173107546205773,474715,42
173107547257284,474757,42
173107548329732,474799,42
173107549381138,474841,42
173107550574992,474883,42
173107551566086,474925,42
173107551638169,474967,42
173107552579471,475009,42
173107553641607,475051,42
173107554713273,475093,42
173107555763794,475135,42
173107556829628,475177,20
173107556899836,475197,42
173107557893117,475239,42
173107558954784,475281,42
173107560122909,475323,42
173107561099055,475365,42
173107562156503,475407,42
173107563208794,475449,42
173107564339471,475491,42
173107565494940,475533,42
173107566434575,475575,42
173107567494680,475617,42
173107568551503,475659,42
173107569615357,475701,42
173107569683169,475743,42
173107570833169,475785,42
173107571891711,475827,42
173107572949055,475869,42
173107574006815,475911,42
173107575072700,475953,42
173107576142909,475995,42
173107577196346,476037,42
173107578268169,476079,42
173107579415253,476121,42
173107580519992,476163,42
173107581472232,476205,42
173107582518169,476247,42
173107583593950,476289,42
173107584646919,476331,42
173107585718430,476373,42
173107586781398,476415,42
173107586849732,476457,42
173107587842128,476499,42
173107588907596,476541,42
173107589970305,476583,20
173107590135721,476603,42
173107591045305,476645,42
173107592099419,476687,42
173107593202753,476729,42
173107594230409,476771,42
173107595294419,476813,42
173107596346138,476855,42
173107597416763,476897,42
173107598487388,476939,42
173107599580773,476981,42
173107600894107,477023,42
173107601948742,477065,42
173107602021815,477107,42
173107603004836,477149,42
173107604068742,477191,42
173107605135878,477233,42
173107606196450,477275,42
173107607249732,477317,42
173107608319888,477359,42
173107609419836,477401,42
173107610474836,477443,42
173107611506034,477485,42
173107612581294,477527,42
173107613632023,477569,42
173107614720305,477611,42
173107615827700,477653,42
173107617056867,477695,42
173107617948586,477737,42
173107618017180,477779,42
173107619024784,477821,42
173107620229055,477863,42
173107621189003,477905,42
173107622278378,477947,42
173107623337909,477989,20
173107623409003,478009,42
173107624402857,478051,42
173107625464471,478093,42
173107626522388,478135,42
173107627587128,478177,42
173107628653534,478219,42
173107629705825,478261,42
173107630846294,478303,42
173107631920669,478345,42
173107632985878,478387,42
173107634069784,478429,42
173107634145096,478471,42
173107635136138,478513,42
173107636215721,478555,42
173107637288586,478597,42
173107638373690,478639,42
173107639447075,478681,42
173107640528430,478723,42
173107641602492,478765,42
173107642715200,478807,42
173107643746815,478849,42
173107644825513,478891,42
173107645905617,478933,42
173107646969315,478975,42
173107648055669,479017,42
173107649120878,479059,42
173107650323221,479101,42
173107650428586,479143,42
173107651258013,479185,42
173107652330878,479227,42
173107653398638,479269,42
173107654463482,479311,42
173107655532336,479353,42
173107656606971,479395,20
173107656676398,479415,42
173107657679263,479457,42
173107658741242,479499,42
173107659810773,479541,42
173107660898794,479583,42
173107661965982,479625,42
173107663027336,479667,42
173107664177023,479709,42
173107665167336,479751,42
173107666261450,479793,42
173107666340357,479835,42
173107667322492,479877,42
173107668386086,479919,42
173107669456919,479961,42
173107670623638,480003,42
173107671603065,480045,42
173107672669784,480087,42
173107673767284,480129,42
173107674808325,480171,42
173107675880669,480213,42
173107676942388,480255,42
173107678016346,480297,42
173107679090409,480339,42
173107680456086,480381,42
173107681233690,480423,42
173107682290721,480465,42
173107683371971,480507,42
173107683441294,480549,42
173107684431971,480591,42
173107685508482,480633,42
173107686579367,480675,42
173107687644471,480717,42
173107688713325,480759,42
173107689786138,480801,20
173107689851711,480821,42
173107690861815,480863,42
173107691932075,480905,42
173107692999575,480947,42
173107694068534,480989,42
173107695143221,481031,42
173107696204211,481073,42
173107697325513,481115,42
173107698347180,481157,42
173107699430096,481199,42
173107699496607,481241,42
173107700521555,481283,42
173107701567388,481325,42
173107702633638,481367,42
173107703705200,481409,42
173107704771450,481451,42
173107705847180,481493,42
173107706913430,481535,42
173107707984263,481577,42
173107709060461,481619,42
173107710244159,481661,42
173107711195930,481703,42
173107712270148,481745,42
173107713359888,481787,42
173107714409003,481829,42
173107715468482,481871,42
173107716710617,481913,42
173107716792648,481955,42
173107717652700,481997,42
173107718712544,482039,42
173107719783846,482081,42
173107720966503,482123,42
173107722156450,482165,42
173107723106659,482207,20
173107723184107,482227,42
173107724172336,482269,42
173107725236034,482311,42
173107726304575,482353,42
173107727371086,482395,42
173107728444263,482437,42
173107729500513,482479,42
173107730789575,482521,42
173107731658846,482563,42
173107731735044,482605,42
173107732714628,482647,42
173107733793378,482689,42
173107734854940,482731,42
173107735923482,482773,42
173107736991242,482815,42
173107738063586,482857,42
173107739137440,482899,42
173107740570200,482941,42
173107741288586,482983,42
173107742345200,483025,42
173107743414992,483067,42
173107744476711,483109,42
173107745557596,483151,42
173107746615669,483193,42
173107747731398,483235,42
173107748790513,483277,42
173107748864940,483319,42
173107749859263,483361,42
173107750919002,483403,42
173107751986294,483445,42
173107753053794,483487,42
173107754116450,483529,42
173107755186242,483571,42
173107756259107,483613,42
173107756335200,483655,20
173107757325669,483675,42
173107758389992,483717,42
173107759453273,483759,42
173107760555409,483801,42
173107761590409,483843,42
173107762660982,483885,42
173107763770669,483927,42
173107764808742,483969,42
173107764878117,484011,42
173107765868638,484053,42
173107767053065,484095,42
173107768038794,484137,42
173107769097284,484179,42
173107770349315,484221,42
173107771245773,484263,42
173107772313430,484305,42
173107773379471,484347,42
173107774450357,484389,42
173107775527180,484431,42
173107776601086,484473,42
173107777661607,484515,42
173107778744992,484557,42
173107779802544,484599,42
173107780900252,484641,42
173107781959002,484683,42
173107782028117,484725,42
173107783048638,484767,42
173107784101867,484809,42
173107785170773,484851,42
173107786245877,484893,42
173107787313846,484935,42
173107788388377,484977,42
173107789457544,485019,42
173107789525773,485061,20
173107790625565,485081,42
173107791606034,485123,42
173107792675877,485165,42
173107793742805,485207,42
173107794820357,485249,42
173107795885305,485291,42
173107796957180,485333,42
173107798040409,485375,42
173107798110148,485417,42
173107799100252,485459,42
173107800427700,485501,42
173107801252805,485543,42
173107802318846,485585,42
173107803388377,485627,42
173107804460721,485669,42
173107805534680,485711,42
173107806599784,485753,42
173107807668169,485795,42
173107808740513,485837,42
173107809814627,485879,42
173107810912440,485921,42
173107811967336,485963,42
173107813027700,486005,42
173107814104784,486047,42
173107815167752,486089,42
173107815234836,486131,42
173107816240044,486173,42
173107817646138,486215,42
173107818435461,486257,42
173107819504055,486299,42
173107820867492,486341,42
173107821632909,486383,42
173107822707752,486425,42
173107822784888,486467,20
173107823775877,486487,42
173107824839471,486529,42
173107825905357,486571,42
173107826969888,486613,42
173107828049159,486655,42
173107829107961,486697,42
173107830403065,486739,42
173107831260773,486781,42
173107831336607,486823,42
173107832314888,486865,42
173107833387492,486907,42
173107834455930,486949,42
173107835520200,486991,42
173107836590773,487033,42
173107837662336,487075,42
173107838728377,487117,42
173107839794315,487159,42
173107840980200,487201,42
173107842043273,487243,42
173107843115982,487285,42
173107844178065,487327,42
173107845257023,487369,42
173107846311502,487411,42
173107847398794,487453,42
173107847476242,487495,42
173107848456034,487537,42
173107849527700,487579,42
173107850811138,487621,42
173107851810357,487663,42
173107852846502,487705,42
173107853900096,487747,42
173107854966294,487789,42
173107856025409,487831,42
173107856096242,487873,20
173107857097492,487893,42
173107858159055,487935,42
173107859220148,487977,42
173107860481919,488019,42
173107861362492,488061,42
173107861434732,488103,42
173107862406763,488145,42
173107863472127,488187,42
173107864548169,488229,42
173107865596659,488271,42
173107866667700,488313,42
173107867725617,488355,42
173107868833898,488397,42
173107869897023,488439,42
173107870982648,488481,42
173107872049471,488523,42
173107873119471,488565,42
173107874218430,488607,42
173107875260773,488649,42
173107876336502,488691,42
173107877398169,488733,42
173107878480930,488775,42
173107879543325,488817,42
173107879611502,488859,42
173107880644836,488901,42
173107881701867,488943,42
173107882772127,488985,42
173107883857857,489027,42
173107884917232,489069,42
173107885996607,489111,42
173107887061971,489153,42
173107888162805,489195,42
173107889204055,489237,42
173107889273794,489279,20
173107890293794,489299,42
173107891354992,489341,42
173107892418534,489383,42
173107893489888,489425,42
173107894597284,489467,42
173107895629523,489509,42
173107895697180,489551,42
173107896700982,489593,42
173107897783586,489635,42
173107898842596,489677,42
173107899924367,489719,42
173107901008638,489761,42
173107902072388,489803,42
173107903140200,489845,42
173107904219055,489887,42
173107905289055,489929,42
173107906356138,489971,42
173107907430721,490013,42
173107908501086,490055,42
173107909575565,490097,42
173107910660044,490139,42
173107911732492,490181,42
173107911800617,490223,42
173107912793325,490265,42
173107913879159,490307,42
173107914937700,490349,42
173107916007284,490391,42
173107917089627,490433,42
173107918149002,490475,42
173107919253898,490517,42
173107920472492,490559,42
173107921568794,490601,42
173107922422961,490643,42
173107923495461,490685,20
173107923564627,490705,42
173107924552544,490747,42
173107925612180,490789,42
173107926673586,490831,42
173107927742648,490873,42
173107928809680,490915,42
173107929861659,490957,42
173107929929940,490999,42
173107930945825,491041,42
173107932006607,491083,42
173107933060305,491125,42
173107934127180,491167,42
173107935190877,491209,42
173107936251867,491251,42
173107937315565,491293,42
173107938381450,491335,42
173107939445669,491377,42
173107940561346,491419,42
173107941602805,491461,42
173107942672127,491503,42
173107943742648,491545,42
173107944804523,491587,42
173107945887492,491629,42
173107946946138,491671,42
173107947014211,491713,42
173107948027127,491755,42
173107949090148,491797,42
173107950187909,491839,42
173107951246138,491881,42
173107952316242,491923,42
173107953386555,491965,42
173107954455877,492007,42
173107955530200,492049,42
173107956598742,492091,20
173107956668586,492111,42
173107957676502,492153,42
173107958743430,492195,42
173107959812648,492237,42
173107960910930,492279,42
173107961980877,492321,42
173107963039471,492363,42
173107963108065,492405,42
173107964294159,492447,42
173107965195305,492489,42
173107966256346,492531,42
173107967332388,492573,42
173107968401867,492615,42
173107969473846,492657,42
173107970643534,492699,42
173107971607804,492741,42
173107972669054,492783,42
173107973905096,492825,42
173107974802388,492867,42
173107975864992,492909,42
173107976924732,492951,42
173107977979732,492993,42
173107979056607,493035,42
173107980265513,493077,42
173107981215565,493119,42
173107981295461,493161,42
173107982255825,493203,42
173107983346398,493245,42
173107984390982,493287,42
173107985447388,493329,42
173107986508794,493371,42
173107987571502,493413,42
173107988638950,493455,42
173107989699002,493497,20
173107989769315,493517,42
173107990851607,493559,42
173107991894471,493601,42
173107992965669,493643,42
173107994038690,493685,42
173107995112857,493727,42
173107996188586,493769,42
173107997290982,493811,42
173107997541138,493853,42
173107998356502,493895,42
173107999426398,493937,42
173108000513429,493979,42
173108001564419,494021,42
173108002632179,494063,42
173108003699211,494105,42
173108004770096,494147,42
173108005836607,494189,42
173108006907336,494231,42
173108007978482,494273,42
173108009043846,494315,42
173108010209888,494357,42
173108011211867,494399,42
173108012275617,494441,42
173108013349888,494483,42
173108014419159,494525,42
173108015505409,494567,42
173108015580669,494609,42
173108016749836,494651,42
173108017650513,494693,42
173108018722440,494735,42
173108019799211,494777,42
173108020888429,494819,42
173108022127961,494861,42
173108023195148,494903,42
173108023270721,494945,20
173108024265044,494965,42
173108025464940,495007,42
173108026522179,495049,42
173108026592075,495091,42
173108027583013,495133,42
173108028649888,495175,42
173108029728586,495217,42
173108030973534,495259,42
173108031879107,495301,42
173108032935200,495343,42
173108034002857,495385,42
173108035063950,495427,42
173108036121607,495469,42
173108037188065,495511,42
173108038251659,495553,42
173108039329002,495595,42
173108040585461,495637,42
173108041459211,495679,42
173108041530929,495721,42
173108042516919,495763,42
173108043591502,495805,42
173108044642857,495847,42
173108045717648,495889,42
173108046771450,495931,42
173108047842961,495973,42
173108048898221,496015,42
173108049973846,496057,42
173108051036346,496099,42
173108052090721,496141,42
173108053242388,496183,42
173108054294054,496225,42
173108055356815,496267,42
173108056414992,496309,42
173108056484263,496351,20
173108057480252,496371,42
173108058543169,496413,42
173108059606086,496455,42
173108060758117,496497,42
173108060839679,496539,42
173108061812961,496581,42
173108062879784,496623,42
173108063966554,496665,42
173108065029471,496707,42
173108066096554,496749,42
173108067207388,496791,42
173108068268846,496833,42
173108069337075,496875,42
173108070416607,496917,42
173108071475877,496959,42
173108072546971,497001,42
173108073613534,497043,42
173108074684054,497085,42
173108075747752,497127,42
173108075817023,497169,42
173108076841763,497211,42
173108077885982,497253,42
173108078935721,497295,42
173108080104315,497337,42
173108081090773,497379,42
173108082143065,497421,42
173108083284419,497463,42
173108084266086,497505,42
173108085322596,497547,42
173108086385461,497589,42
173108087452804,497631,42
173108088516086,497673,42
173108089576659,497715,42
173108089646398,497757,20
173108090760617,497777,42
173108091814367,497819,42
173108091886346,497861,42
173108092877804,497903,42
173108093938221,497945,42
173108095026502,497987,42
173108096074054,498029,42
173108097138586,498071,42
173108098211919,498113,42
173108099266294,498155,42
173108100474732,498197,42
173108101402752,498239,42
173108102459159,498281,42
173108103522232,498323,42
173108104583742,498365,42
173108105648013,498407,42
173108106712336,498449,42
173108107778482,498491,42
173108108955200,498533,42
173108110100929,498575,42
173108110189888,498617,42
173108111094732,498659,42
173108112150200,498701,42
173108113246607,498743,42
173108114299523,498785,42
173108115387648,498827,42
173108116625982,498869,42
173108117491034,498911,42
173108118548586,498953,42
173108119612232,498995,42
173108120932179,499037,42
173108122043742,499079,42
173108123109471,499121,42
173108123192596,499163,20
173108123254679,499183,42
173108124176242,499225,42
173108125241971,499267,42
173108126312648,499309,42
173108127387752,499351,42
173108128458742,499393,42
173108129535044,499435,42
173108130630565,499477,42
173108131702127,499519,42
173108132774471,499561,42
173108133848690,499603,42
173108134921450,499645,42
173108135999888,499687,42
173108137084315,499729,42
173108138157961,499771,42
173108138233690,499813,42
173108139226034,499855,42
173108140464940,499897,42
173108141373273,499939,42
173108142445148,499981,42
173108143529940,500023,42
173108144591919,500065,42
173108145677544,500107,42
173108146746502,500149,42
173108147820877,500191,42
173108148897440,500233,42
173108150291294,500275,42
173108151066867,500317,42
173108152123117,500359,42
173108153197388,500401,42
173108154275929,500443,42
173108154350773,500485,42
173108155443429,500527,42
173108156518638,500569,20
173108156594471,500589,42
173108157591346,500631,42
173108158667075,500673,42
173108159736554,500715,42
173108160847752,500757,42
173108161914419,500799,42
173108162988638,500841,42
173108164382232,500883,42
173108165155304,500925,42
173108166227909,500967,42
173108167300982,501009,42
173108168374888,501051,42
173108169453429,501093,42
173108169527232,501135,42
173108170604732,501177,42
173108171599784,501219,42
173108172677127,501261,42
173108173886242,501303,42
173108174827492,501345,42
173108175898794,501387,42
173108176973742,501429,42
173108178185148,501471,42
173108179109107,501513,42
173108180506867,501555,42
173108181239940,501597,42
173108181309575,501639,42
173108183363273,501681,42
173108184418950,501723,42
173108184489679,501765,42
173108185479836,501807,42
173108186545304,501849,42
173108187611711,501891,42
173108188676346,501933,42
173108189738325,501975,20
173108189807388,501995,42
173108190861034,502037,42
173108192044523,502079,42
173108192968325,502121,42
173108194027492,502163,42
173108195089263,502205,42
173108196165513,502247,42
173108197220044,502289,42
173108198297909,502331,42
173108199349106,502373,42
173108200467856,502415,42
173108201527388,502457,42
173108201605148,502499,42
173108202594211,502541,42
173108203670981,502583,42
173108204742284,502625,42
173108205952023,502667,42
173108206907127,502709,42
173108207975981,502751,42
173108209051398,502793,42
173108210208013,502835,42
173108211210929,502877,42
173108212280825,502919,42
173108213356190,502961,42
173108214427804,503003,42
173108215493638,503045,42
173108216742075,503087,42
173108217650981,503129,42
173108217727544,503171,42
173108218719211,503213,42
173108219887961,503255,42
173108220929940,503297,42
173108222118013,503339,42
173108223194575,503381,20
173108223271398,503401,42
173108224268950,503443,42
173108225353169,503485,42
173108226419367,503527,42
173108227490304,503569,42
173108228562492,503611,42
173108229633742,503653,42
173108230905096,503695,42
173108230996242,503737,42
173108231807752,503779,42
173108232879002,503821,42
173108233960409,503863,42
173108235025929,503905,42
173108236100200,503947,42
173108237169575,503989,42
173108238244106,504031,42
173108239319106,504073,42
173108240569106,504115,42
173108241475773,504157,42
173108242541711,504199,42
173108243614784,504241,42
173108244702544,504283,42
173108245763690,504325,42
173108246849315,504367,42
173108246924367,504409,42
173108247919471,504451,42
173108248995200,504493,42
173108250158429,504535,42
173108251148325,504577,42
173108252215409,504619,42
173108253290148,504661,42
173108254361502,504703,42
173108255438169,504745,42
173108256516815,504787,42
173108256592023,504829,20
173108257583221,504849,42
173108258656398,504891,42
173108259726138,504933,42
173108260813846,504975,42
173108261898950,505017,42
173108262973690,505059,42
173108263048429,505101,42
173108264198377,505143,42
173108265119159,505185,42
173108266185721,505227,42
173108267256450,505269,42
173108268329992,505311,42
173108269400669,505353,42
173108270480929,505395,42
173108271548481,505437,42
173108272619731,505479,42
173108273830721,505521,42
173108274774263,505563,42
173108275858065,505605,42
173108276920565,505647,42
173108278137804,505689,42
173108278219471,505731,42
173108279080461,505773,42
173108280280513,505815,42
173108281233429,505857,42
173108282307909,505899,42
173108283409419,505941,42
173108284460200,505983,42
173108285518481,506025,42
173108286604627,506067,42
173108287675461,506109,42
173108288795825,506151,42
173108289880617,506193,42
173108289956138,506235,20
173108290959731,506255,42
173108292034367,506297,42
173108293452440,506339,42
173108293763846,506381,42
173108294220981,506423,42
173108295285669,506465,42
173108296354575,506507,42
173108297635304,506549,42
173108298511190,506591,42
173108299674211,506633,42
173108300702284,506675,42
173108301764002,506717,42
173108302843065,506759,42
173108303909940,506801,42
173108304961450,506843,42
173108306029419,506885,42
173108307094106,506927,42
173108308150877,506969,42
173108308220461,507011,42
173108309215617,507053,42
173108310334731,507095,42
173108311378846,507137,42
173108312458742,507179,42
173108313525409,507221,42
173108314609731,507263,42
173108315677336,507305,42
173108316762961,507347,42
173108317812284,507389,42
173108318872752,507431,42
173108319938377,507473,42
173108321020929,507515,42
173108322071919,507557,42
173108323131242,507599,42
173108323199679,507641,20
173108324207856,507661,42
173108325346086,507703,42
173108325425929,507745,42
173108326391034,507787,42
173108327436867,507829,42
173108328496034,507871,42
173108329555356,507913,42
173108330786190,507955,42
173108331844106,507997,42
173108332901815,508039,42
173108333963429,508081,42
173108335022179,508123,42
173108336087752,508165,42
173108337154888,508207,42
173108338217336,508249,42
173108339277752,508291,42
173108340490877,508333,42
173108340561138,508375,42
173108341370044,508417,42
173108342413794,508459,42
173108343472596,508501,42
173108344517492,508543,42
173108345578065,508585,42
173108346623846,508627,42
173108347675773,508669,42
173108348735981,508711,42
173108349784211,508753,42
173108350858950,508795,42
173108351902752,508837,42
173108352954679,508879,42
173108354011867,508921,42
173108355065044,508963,42
173108356115669,509005,42
173108356172856,509047,20
173108357170356,509067,42
173108358228377,509109,42
173108359277440,509151,42
173108360426971,509193,42
173108361465825,509235,42
173108362625565,509277,42
173108362701190,509319,42
173108363585356,509361,42
173108364639679,509403,42
173108365713586,509445,42
173108369471450,509487,42
173108376671763,509529,42
173108376760200,509571,42
173108376918742,509613,42
173108376992284,509655,42
173108377054784,509697,42
173108377115773,509739,42
173108377177179,509781,42
173108377240304,509823,42
173108377302127,509865,42
173108377471919,509907,42
173108378528690,509949,42
173108379586086,509991,42
173108379657492,510033,42
173108380851763,510075,42
173108381861242,510117,42
173108382889471,510159,42
173108383911606,510201,42
173108384926138,510243,42
173108386437961,510285,42
173108386996138,510327,42
173108388014159,510369,42
173108389023065,510411,42
173108390152336,510453,20
173108390174315,510473,42
173108391379679,510515,42
173108392088273,510557,42
173108393109002,510599,42
173108394131138,510641,42
173108395150929,510683,42
173108397933690,510725,42
173108397959367,510767,42
173108398213325,510809,42
173108399250409,510851,42
173108401140304,510893,42
173108401278950,510935,42
173108402335409,510977,42
173108403316606,511019,42
173108405631242,511061,42
173108406050304,511103,42
173108406380669,511145,42
173108407397492,511187,42
173108408419992,511229,42
173108409436867,511271,42
173108410475200,511313,42
173108411487492,511355,42
173108412512804,511397,42
173108413524315,511439,42
173108414578065,511481,42
173108415580461,511523,42
173108416591554,511565,42
173108417623325,511607,42
173108418887283,511649,42
173108419859158,511691,42
173108420934002,511733,42
173108421963690,511775,42
173108423012179,511817,42
173108423028533,511859,20
173108424044211,511879,42
173108424059940,511921,42
173108425085981,511963,42
173108425784054,512005,42
173108426808898,512047,42
173108427827283,512089,42
173108428861190,512131,42
173108429882336,512173,42
173108430903533,512215,42
173108431930408,512257,42
173108432965461,512299,42
173108433979158,512341,42
173108434994106,512383,42
173108436013481,512425,42
173108437037908,512467,42
173108438057023,512509,42
173108439077127,512551,42
173108440113586,512593,42
173108441118846,512635,42
173108442136815,512677,42
173108443158898,512719,42
173108444178742,512761,42
173108445199054,512803,42
173108446219940,512845,42
173108447238273,512887,42
173108448259158,512929,42
173108449284471,512971,42
173108450343221,513013,42
173108451466086,513055,42
173108452482075,513097,42
173108453382127,513139,42
173108454397492,513181,42
173108455412075,513223,42
173108456431711,513265,20
173108456446971,513285,42
173108457452231,513327,42
173108458473325,513369,42
173108459494836,513411,42
173108460517231,513453,42
173108461533169,513495,42
173108462561815,513537,42
173108463575408,513579,42
173108464604627,513621,42
173108465631815,513663,42
173108466663898,513705,42
173108467662075,513747,42
173108468679627,513789,42
173108469702440,513831,42
173108470721033,513873,42
173108471739731,513915,42
173108472761867,513957,42
173108473782023,513999,42
173108474801242,514041,42
173108475822908,514083,42
173108476842752,514125,42
173108477863846,514167,42
173108478888065,514209,42
173108479937804,514251,42
173108480991294,514293,42
173108482041919,514335,42
173108482972283,514377,42
173108483993481,514419,42
173108485019523,514461,42
173108486033169,514503,42
173108487046815,514545,42
173108488067648,514587,42
173108489098117,514629,42
173108490113273,514671,20
173108490130356,514691,42
173108491132908,514733,42
173108492153690,514775,42
173108493216502,514817,42
173108494199367,514859,42
173108494213794,514901,42
173108495217023,514943,42
173108496235408,514985,42
173108497254992,515027,42
173108498279106,515069,42
173108499316398,515111,42
173108500381346,515153,42
173108501363273,515195,42
173108502370044,515237,42
173108503417752,515279,42
173108504463429,515321,42
173108505518169,515363,42
173108506454627,515405,42
173108507475617,515447,42
173108508655408,515489,42
173108509526450,515531,42
173108510550408,515573,42
173108511567388,515615,42
173108512588377,515657,42
173108513609106,515699,42
173108514633481,515741,42
173108515650669,515783,42
173108516673169,515825,42
173108517713117,515867,42
173108518733065,515909,42
173108519734940,515951,42
173108520756242,515993,42
173108521775721,516035,42
173108522795513,516077,42
173108522824315,516119,20
173108523817336,516139,42
173108524836658,516181,42
173108525853846,516223,42
173108526882440,516265,42
173108527898429,516307,42
173108528918221,516349,42
173108529941971,516391,42
173108531000825,516433,42
173108532116971,516475,42
173108533035565,516517,42
173108534026242,516559,42
173108535045617,516601,42
173108536064106,516643,42
173108537083794,516685,42
173108538106971,516727,42
173108539127492,516769,42
173108540166502,516811,42
173108541178117,516853,42
173108542199523,516895,42
173108543221294,516937,42
173108544244471,516979,42
173108545266502,517021,42
173108546288794,517063,42
173108547308690,517105,42
173108548332283,517147,42
173108549352283,517189,42
173108550410565,517231,42
173108551409367,517273,42
173108552426242,517315,42
173108553441971,517357,42
173108554467596,517399,42
173108555488169,517441,42
173108556507648,517483,42
173108556520929,517525,20
173108557530513,517545,42
173108558554106,517587,42
173108559604263,517629,42
173108559616502,517671,42
173108560652231,517713,42
173108561704054,517755,42
173108562754263,517797,42
173108563664940,517839,42
173108564688533,517881,42
173108565724523,517923,42
173108566746502,517965,42
173108567763377,518007,42
173108568782856,518049,42
173108569809679,518091,42
173108570823013,518133,42
173108571845408,518175,42
173108572866398,518217,42
173108573889106,518259,42
173108574908533,518301,42
173108575929888,518343,42
173108576951919,518385,42
173108577973586,518427,42
173108578994106,518469,42
173108580128221,518511,42
173108581041398,518553,42
173108582062388,518595,42
173108583084002,518637,42
173108584109992,518679,42
173108585139263,518721,42
173108586156086,518763,42
173108587173221,518805,42
173108588196450,518847,42
173108589217752,518889,42
173108589230461,518931,20
173108590242179,518951,42
173108591259731,518993,42
173108592282908,519035,42
173108593304940,519077,42
173108594327544,519119,42
173108595349679,519161,42
173108596372127,519203,42
173108597434731,519245,42
173108598415148,519287,42
173108599445669,519329,42
173108600554419,519371,42
173108601610565,519413,42
173108602652388,519455,42
173108603696190,519497,42
173108604741294,519539,42
173108605787336,519581,42
173108606842752,519623,42
173108607875148,519665,42
173108608919731,519707,42
173108609964106,519749,42
173108610133117,519791,42
173108611015200,519833,42
173108612058065,519875,42
173108613098638,519917,42
173108614144888,519959,42
173108615188742,520001,42
173108616234836,520043,42
173108617284315,520085,42
173108618326763,520127,42
173108619375148,520169,42
173108620553377,520211,42
173108621984783,520253,42
173108622647908,520295,42
173108622722752,520337,20
173108623726711,520357,42
173108624911346,520399,42
173108625917388,520441,42
173108626943377,520483,42
173108628077492,520525,42
173108629175929,520567,42
173108630431658,520609,42
173108630623429,520651,42
173108631320669,520693,42
173108632402440,520735,42
173108633515513,520777,42
173108634554731,520819,42
173108635603638,520861,42
173108636693481,520903,42
173108637748690,520945,42
173108638839992,520987,42
173108639949523,521029,42
173108640934575,521071,42
173108641980304,521113,42
173108643052335,521155,42
173108644107023,521197,42
173108645169002,521239,42
173108646247700,521281,42
173108646307127,521323,42
173108647311346,521365,42
173108648386606,521407,42
173108649417804,521449,42
173108650580356,521491,42
173108651569679,521533,42
173108652628221,521575,42
173108653724263,521617,42
173108654815148,521659,42
173108655870773,521701,42
173108656908794,521743,20
173108656972388,521763,42
173108657958846,521805,42
173108659022440,521847,42
173108660216033,521889,42
173108660962388,521931,42
173108661989783,521973,42
173108663016294,522015,42
173108664033690,522057,42
173108665070721,522099,42
173108666117388,522141,42
173108667143377,522183,42
173108668154627,522225,42
173108669177596,522267,42
173108670205617,522309,42
173108671220877,522351,42
173108672247856,522393,42
173108673269783,522435,42
173108673284419,522477,42
173108674289575,522519,42
173108675321710,522561,42
173108676334054,522603,42
173108677455565,522645,42
173108678387960,522687,42
173108679441294,522729,42
173108680435304,522771,42
173108681470565,522813,42
173108682491294,522855,42
173108683508742,522897,42
173108684556606,522939,42
173108685593429,522981,42
173108686606710,523023,42
173108687694940,523065,42
173108688662179,523107,42
173108689670825,523149,20
173108689683690,523169,42
173108690704523,523211,42
173108691713169,523253,42
173108692742231,523295,42
173108693760460,523337,42
173108694784783,523379,42
173108695801815,523421,42
173108696833898,523463,42
173108697859367,523505,42
173108698890460,523547,42
173108699916606,523589,42
173108700946450,523631,42
173108701951190,523673,42
173108702972596,523715,42
173108704001242,523757,42
173108705018377,523799,42
173108706042492,523841,42
173108707071346,523883,42
173108708080929,523925,42
173108709114315,523967,42
173108710133794,524009,42
173108711151554,524051,42
173108712167127,524093,42
173108713203377,524135,42
173108714228325,524177,42
173108715244263,524219,42
173108716263690,524261,42
173108718669731,524303,42
173108718689054,524345,42
173108719350981,524387,42
173108720413429,524429,42
173108721390981,524471,42
173108722411867,524513,42
173108723429210,524555,20
173108723442492,524575,42
173108724448742,524617,42
173108725470356,524659,42
173108726498638,524701,42
173108727524054,524743,42
173108728548950,524785,42
173108729569315,524827,42
173108730599471,524869,42
173108731617283,524911,42
173108732665929,524953,42
173108732681085,524995,42
173108733674002,525037,42
173108734691971,525079,42
173108735719367,525121,42
173108736747804,525163,42
173108737767231,525205,42
173108738786398,525247,42
173108739811763,525289,42
173108740842075,525331,42
173108741854835,525373,42
173108742873169,525415,42
173108743901033,525457,42
173108744924158,525499,42
173108745941138,525541,42
173108746963794,525583,42
173108747982179,525625,42
173108749006294,525667,42
173108750057440,525709,42
173108751078533,525751,42
173108752111346,525793,42
173108753117596,525835,42
173108754157492,525877,42
173108755170565,525919,42
173108756179158,525961,20
173108756192179,525981,42
173108757192283,526023,42
173108758215460,526065,42
173108759251242,526107,42
173108760271346,526149,42
173108761295044,526191,42
173108762309888,526233,42
173108763332388,526275,42
173108764355773,526317,42
173108765388794,526359,42
173108766418638,526401,42
173108767426710,526443,42
173108768448169,526485,42
173108769478377,526527,42
173108770508169,526569,42
173108771526710,526611,42
173108772544315,526653,42
173108773566658,526695,42
173108774585356,526737,42
173108775608794,526779,42
173108776627335,526821,42
173108777652804,526863,42
173108778671554,526905,42
173108779692388,526947,42
173108780721763,526989,42
173108781742127,527031,42
173108782781919,527073,42
173108783788742,527115,42
173108784829002,527157,42
173108785840981,527199,42
173108786851971,527241,42
173108787876398,527283,42
173108788894783,527325,42
173108789919158,527367,42
173108789932804,527409,20
173108790939679,527429,42
173108791961033,527471,42
173108792981242,527513,42
173108794003117,527555,42
173108795025200,527597,42
173108795037804,527639,42
173108796059731,527681,42
173108797067335,527723,42
173108798092804,527765,42
173108799133013,527807,42
173108800155044,527849,42
173108801165513,527891,42
173108802181815,527933,42
173108803550148,527975,42
173108804229054,528017,42
173108805252283,528059,42
173108806271294,528101,42
173108807335513,528143,42
173108808317179,528185,42
173108809339106,528227,42
173108810376867,528269,42
173108811382492,528311,42
173108812403221,528353,42
173108813428169,528395,42
173108814449835,528437,42
173108815493898,528479,42
173108816493638,528521,42
173108817523377,528563,42
173108818550252,528605,42
173108819564054,528647,42
173108820583533,528689,42
173108821614158,528731,42
173108822624627,528773,42
173108822637908,528815,20
173108823647908,528835,42
173108824670148,528877,42
173108825694731,528919,42
173108826714158,528961,42
173108827736658,529003,42
173108828762179,529045,42
173108829782231,529087,42
173108830806606,529129,42
173108831828585,529171,42
173108832859940,529213,42
173108833881085,529255,42
173108834896658,529297,42
173108835919679,529339,42
173108836939575,529381,42
173108837962804,529423,42
173108838986398,529465,42
173108840039263,529507,42
173108841219106,529549,42
173108842287179,529591,42
173108843337752,529633,42
173108844385252,529675,42
173108845451346,529717,42
173108845513429,529759,42
173108846503585,529801,42
173108847570773,529843,42
173108848621033,529885,42
173108849815877,529927,42
173108850823012,529969,42
173108851813898,530011,42
173108852869106,530053,42
173108853923742,530095,42
173108854987804,530137,42
173108856045721,530179,42
173108856103325,530221,20
173108857098846,530241,42
173108858158846,530283,42
173108859217960,530325,42
173108860368221,530367,42
173108861402752,530409,42
173108862452387,530451,42
173108863530460,530493,42
173108864605981,530535,42
173108864684523,530577,42
173108865662492,530619,42
173108866738221,530661,42
173108867805252,530703,42
173108868872179,530745,42
173108869941658,530787,42
173108871054887,530829,42
173108872100721,530871,42
173108875715565,530913,42
173108876243846,530955,42
173108876317700,530997,42
173108876380096,531039,42
173108876440304,531081,42
173108878376137,531123,42
173108879462596,531165,42
173108880893429,531207,42
173108881600981,531249,42
173108881675044,531291,42
173108882664992,531333,42
173108883734262,531375,42
173108884803585,531417,42
173108885876554,531459,42
173108886943221,531501,42
173108888133898,531543,42
173108889090460,531585,42
173108890185460,531627,20
173108890267908,531647,42
173108891226867,531689,42
173108892295669,531731,42
173108893364367,531773,42
173108894433794,531815,42
173108895505408,531857,42
173108896571919,531899,42
173108897642283,531941,42
173108898712648,531983,42
173108899781450,532025,42
173108899851762,532067,42
173108900868273,532109,42
173108902036294,532151,42
173108903004210,532193,42
173108904069992,532235,42
173108905140877,532277,42
173108906212283,532319,42
173108907274940,532361,42
173108908345981,532403,42
173108909414627,532445,42
173108910499106,532487,42
173108911554992,532529,42
173108912623742,532571,42
173108913689106,532613,42
173108914758794,532655,42
173108915933742,532697,42
173108916899210,532739,42
173108916973221,532781,42
173108917964679,532823,42
173108919036085,532865,42
173108920264002,532907,42
173108921178273,532949,42
173108922238690,532991,42
173108923309783,533033,20
173108923383012,533053,42
173108924438429,533095,42
173108925463429,533137,42
173108926527856,533179,42
173108927596033,533221,42
173108928666346,533263,42
173108929868012,533305,42
173108931044106,533347,42
173108931894627,533389,42
173108931968117,533431,42
173108934013481,533473,42
173108934086971,533515,42
173108935083325,533557,42
173108936147648,533599,42
173108937211137,533641,42
173108938271919,533683,42
173108939336554,533725,42
173108940420200,533767,42
173108941472492,533809,42
173108942532283,533851,42
173108943723742,533893,42
173108944661554,533935,42
173108945722127,533977,42
173108946785148,534019,42
173108947846242,534061,42
173108948911919,534103,42
173108949973221,534145,42
173108951062856,534187,42
173108952126398,534229,42
173108952198273,534271,42
173108953191971,534313,42
173108954262283,534355,42
173108955329731,534397,42
173108956399315,534439,20
173108956471190,534459,42
173108957476242,534501,42
173108958546606,534543,42
173108959612752,534585,42
173108960704158,534627,42
173108961764158,534669,42
173108962829210,534711,42
173108963899106,534753,42
173108964970721,534795,42
173108966038117,534837,42
173108967110929,534879,42
173108968178690,534921,42
173108969244367,534963,42
173108969315148,535005,42
173108970328637,535047,42
173108971387648,535089,42
173108972458325,535131,42
173108973532179,535173,42
173108974601658,535215,42
173108975673012,535257,42
173108976742648,535299,42
173108977804887,535341,42
173108978876398,535383,42
173108979946919,535425,42
173108981040929,535467,42
173108982101137,535509,42
173108983170721,535551,42
173108984241450,535593,42
173108985308533,535635,42
173108985520356,535677,42
173108986384002,535719,42
173108987452440,535761,42
173108988522127,535803,42
173108989589471,535845,20
173108989661242,535865,42
173108990672127,535907,42
173108991739419,535949,42
173108992803950,535991,42
173108993875148,536033,42
173108994945981,536075,42
173108996013117,536117,42
173108997086867,536159,42
173108998152179,536201,42
173108999221137,536243,42
173109000318950,536285,42
173109001371033,536327,42
173109002435096,536369,42
173109002505825,536411,42
173109003506190,536453,42
173109004574471,536495,42
173109005642075,536537,42
173109006715096,536579,42
173109007782387,536621,42
173109008851398,536663,42
173109009918221,536705,42
173109010999575,536747,42
173109012065617,536789,42
173109013135981,536831,42
173109014205460,536873,42
173109015276398,536915,42
173109016341606,536957,42
173109017413325,536999,42
173109018484731,537041,42
173109019555981,537083,42
173109019627023,537125,42
173109020646971,537167,42
173109021713273,537209,42
173109022774731,537251,20
173109022845721,537271,42
173109023845304,537313,42
173109024918950,537355,42
173109025986450,537397,42
173109027054679,537439,42
173109028122127,537481,42
173109029194471,537523,42
173109030266554,537565,42
173109031369210,537607,42
173109032415356,537649,42
173109033477387,537691,42
173109034549523,537733,42
173109035620148,537775,42
173109035692856,537817,42
173109036693846,537859,42
173109037762492,537901,42
173109038830773,537943,42
173109039905669,537985,42
173109041020460,538027,42
173109042088794,538069,42
173109043181294,538111,42
173109044232596,538153,42
173109045298273,538195,42
173109046367440,538237,42
173109047432752,538279,42
173109048501815,538321,42
173109049573221,538363,42
173109050666190,538405,42
173109051729679,538447,42
173109051800929,538489,42
173109052800617,538531,42
173109053868221,538573,42
173109054937492,538615,42
173109056011242,538657,42
173109056087596,538699,20
173109057082335,538719,42
173109058148690,538761,42
173109059214315,538803,42
173109060316919,538845,42
173109061359054,538887,42
173109062426189,538929,42
173109063492856,538971,42
173109064560356,539013,42
173109065632075,539055,42
173109066700721,539097,42
173109067767960,539139,42
173109068838846,539181,42
173109069050825,539223,42
173109069913742,539265,42
173109070987492,539307,42
173109072054002,539349,42
173109073122179,539391,42
173109074193898,539433,42
173109075266398,539475,42
173109076333794,539517,42
173109077400200,539559,42
173109078468794,539601,42
173109079534887,539643,42
173109080626502,539685,42
173109081694939,539727,42
173109082775825,539769,42
173109083847960,539811,42
173109084909002,539853,42
173109084982700,539895,42
173109085980669,539937,42
173109087050877,539979,42
173109088119887,540021,42
173109089193169,540063,42
173109090273377,540105,20
173109090355356,540125,42
173109091332387,540167,42
173109092402127,540209,42
173109093470096,540251,42
173109094537439,540293,42
173109095632283,540335,42
173109096675408,540377,42
173109097746242,540419,42
173109098815617,540461,42
173109099887179,540503,42
173109100976398,540545,42
173109102034419,540587,42
173109102107179,540629,42
173109103100825,540671,42
173109104173117,540713,42
173109105238794,540755,42
173109106311867,540797,42
173109107384731,540839,42
173109108451762,540881,42
173109109517648,540923,42
173109110835200,540965,42
173109111761085,541007,42
173109112833273,541049,42
173109113900825,541091,42
173109114969314,541133,42
173109116038064,541175,42
173109117112700,541217,42
173109118180773,541259,42
173109118252387,541301,42
173109119250669,541343,42
173109120361450,541385,42
173109121388585,541427,42
173109122456398,541469,42
173109123526242,541511,20
173109123595252,541531,42
173109124595304,541573,42
173109125678325,541615,42
173109126739783,541657,42
173109127806346,541699,42
173109128878742,541741,42
173109129945096,541783,42
173109131024731,541825,42
173109132089783,541867,42
173109133170512,541909,42
173109134236658,541951,42
173109134307335,541993,42
173109135307179,542035,42
173109136375304,542077,42
173109137445148,542119,42
173109138513012,542161,42
173109139588846,542203,42
173109140682439,542245,42
173109141739002,542287,42
173109142805200,542329,42
173109143876033,542371,42
173109144947439,542413,42
173109146015877,542455,42
173109147086814,542497,42
173109148153794,542539,42
173109149226242,542581,42
173109150307492,542623,42
173109151366242,542665,42
173109151437387,542707,42
173109152437023,542749,42
173109153511450,542791,42
173109154573689,542833,42
173109155646710,542875,42
173109156711502,542917,20
173109156782439,542937,42
173109157785408,542979,42
173109158854575,543021,42
173109159924835,543063,42
173109161004575,543105,42
173109162075148,543147,42
173109163142023,543189,42
173109164208273,543231,42
173109165280408,543273,42
173109166349887,543315,42
173109167425096,543357,42
173109167498794,543399,42
173109168492544,543441,42
173109169561242,543483,42
173109170643273,543525,42
173109171708273,543567,42
173109172776242,543609,42
173109173842908,543651,42
173109174910356,543693,42
173109176056762,543735,42
173109177054679,543777,42
173109178121346,543819,42
173109179191398,543861,42
173109180619731,543903,42
173109181334002,543945,42
173109182391450,543987,42
173109183544471,544029,42
173109184570877,544071,42
173109184644054,544113,42
173109185634627,544155,42
173109186706606,544197,42
173109187774367,544239,42
173109188848169,544281,42
173109189922596,544323,20
173109189993221,544343,42
173109191001762,544385,42
173109192079158,544427,42
173109193145356,544469,42
173109194208012,544511,42
173109195289887,544553,42
173109196342648,544595,42
173109197632127,544637,42
173109198495044,544679,42
173109199564471,544721,42
173109200519106,544763,42
173109200549731,544805,42
173109201498117,544847,42
173109202517023,544889,42
173109203534575,544931,42
173109204557335,544973,42
173109205579262,545015,42
173109206605044,545057,42
173109207623533,545099,42
173109208645096,545141,42
173109209667596,545183,42
173109210705773,545225,42
173109211716502,545267,42
173109212737544,545309,42
173109213760408,545351,42
173109214780773,545393,42
173109215802231,545435,42
173109216825252,545477,42
173109217850981,545519,42
173109218875981,545561,42
173109219895148,545603,42
173109221051814,545645,42
173109222102960,545687,42
173109223136450,545729,20
173109223183533,545749,42
173109224180512,545791,42
173109225219419,545833,42
173109226264054,545875,42
173109227307283,545917,42
173109228351762,545959,42
173109229397804,546001,42
173109230518846,546043,42
173109231497231,546085,42
173109232538898,546127,42
173109233604679,546169,42
173109234639575,546211,42
173109235681658,546253,42
173109236733533,546295,42
173109237773637,546337,42
173109237814106,546379,42
173109238816919,546421,42
173109239860617,546463,42
173109241045408,546505,42
173109242102283,546547,42
173109243167856,546589,42
173109244232752,546631,42
173109245310617,546673,42
173109246375669,546715,42
173109247448637,546757,42
173109248514731,546799,42
173109249588169,546841,42
173109250716137,546883,42
173109251777960,546925,42
173109252825564,546967,42
173109253894523,547009,42
173109254970200,547051,42
173109255039679,547093,42
173109256035564,547135,20
173109257104471,547155,42
173109257172231,547197,42
173109258175617,547239,42
173109259243325,547281,42
173109260427023,547323,42
173109261388117,547365,42
173109262453012,547407,42
173109263525148,547449,42
173109264607075,547491,42
173109265667127,547533,42
173109266736971,547575,42
173109267803481,547617,42
173109268881346,547659,42
173109269947387,547701,42
173109271063221,547743,42
173109272105929,547785,42
173109272174419,547827,42
173109273167752,547869,42
173109274240929,547911,42
173109275308481,547953,42
173109276378012,547995,42
173109277449002,548037,42
173109278526710,548079,42
173109279585617,548121,42
173109280909939,548163,42
173109281761137,548205,42
173109282823481,548247,42
173109284131450,548289,42
173109284983429,548331,42
173109286046085,548373,42
173109287116658,548415,42
173109288206814,548457,42
173109288279002,548499,42
173109289258273,548541,42
173109289328012,548583,20
173109290337075,548603,42
173109291398846,548645,42
173109292482387,548687,42
173109293544627,548729,42
173109294643429,548771,42
173109295703325,548813,42
173109296766658,548855,42
173109297844523,548897,42
173109298908741,548939,42
173109299975564,548981,42
173109301065669,549023,42
173109302130877,549065,42
173109303199939,549107,42
173109304272127,549149,42
173109304339627,549191,42
173109305340512,549233,42
173109306421971,549275,42
173109307490252,549317,42
173109308557856,549359,42
173109309623533,549401,42
173109310701450,549443,42
173109311764783,549485,42
173109312824627,549527,42
173109313888846,549569,42
173109314954002,549611,42
173109316016189,549653,42
173109317087648,549695,42
173109318147023,549737,42
173109319204679,549779,42
173109320406554,549821,42
173109321434887,549863,42
173109321507596,549905,42
173109322416502,549947,42
173109323487335,549989,20
173109323553898,550009,42
173109324554158,550051,42
173109325689731,550093,42
173109326733533,550135,42
173109327792648,550177,42
173109328930721,550219,42
173109329989419,550261,42
173109331126919,550303,42
173109332169523,550345,42
173109333234419,550387,42
173109334318116,550429,42
173109335474939,550471,42
173109336522231,550513,42
173109336593377,550555,42
173109337592387,550597,42
173109338660252,550639,42
173109339732023,550681,42
173109340825356,550723,42
173109341885616,550765,42
173109342956502,550807,42
173109344024106,550849,42
173109345096762,550891,42
173109346159366,550933,42
173109347231085,550975,42
173109348324731,551017,42
173109349389210,551059,42
173109350512023,551101,42
173109351531033,551143,42
173109351606346,551185,42
173109352642908,551227,42
173109353695669,551269,42
173109354840460,551311,42
173109355836085,551353,42
173109355911450,551395,20
173109356901241,551415,42
173109357968064,551457,42
173109359037491,551499,42
173109360481762,551541,42
173109361173846,551583,42
173109362232960,551625,42
173109363293898,551667,42
173109364364419,551709,42
173109370199679,551751,42
173109370295773,551793,42
173109370360773,551835,42
173109370421033,551877,42
173109370477700,551919,42
173109370534158,551961,42
173109370842179,552003,42
173109371884158,552045,42
173109372955044,552087,42
173109374032648,552129,42
173109375105148,552171,42
173109376184210,552213,42
173109377272491,552255,42
173109378333898,552297,42
173109379424054,552339,42
173109380771241,552381,42
173109381609523,552423,42
173109381689158,552465,42
173109383738012,552507,42
173109384821346,552549,42
173109384899210,552591,42
173109385890877,552633,42
173109386967231,552675,42
173109388078637,552717,42
173109389120773,552759,42
173109390292804,552801,20
173109390382752,552821,42
173109391281658,552863,42
173109392349366,552905,42
173109393421241,552947,42
173109394500304,552989,42
173109395610252,553031,42
173109396642023,553073,42
173109397743741,553115,42
173109398802856,553157,42
173109399880773,553199,42
173109399955564,553241,42
173109400962335,553283,42
173109402030981,553325,42
173109403105564,553367,42
173109404192648,553409,42
173109405260356,553451,42
173109406336294,553493,42
173109407411710,553535,42
173109408484887,553577,42
173109409573064,553619,42
173109410678116,553661,42
173109411761814,553703,42
173109412817491,553745,42
173109413921085,553787,42
173109414989210,553829,42
173109415066189,553871,42
173109416100825,553913,42
173109417120512,553955,42
173109418223169,553997,42
173109419279366,554039,42
173109420506814,554081,42
173109421460981,554123,42
173109422505356,554165,42
173109423583898,554207,20
173109423658794,554227,42
173109424655929,554269,42
173109425724679,554311,42
173109426801502,554353,42
173109427876971,554395,42
173109428949939,554437,42
173109430135773,554479,42
173109431114679,554521,42
173109431186814,554563,42
173109432207544,554605,42
173109433274054,554647,42
173109434345356,554689,42
173109435426502,554731,42
173109436502544,554773,42
173109437578689,554815,42
173109438655356,554857,42
173109439725304,554899,42
173109440844783,554941,42
173109441909679,554983,42
173109442984471,555025,42
173109444071033,555067,42
173109445192491,555109,42
173109445270616,555151,42
173109446240460,555193,42
173109447304679,555235,42
173109448398273,555277,42
173109449452856,555319,42
173109450643012,555361,42
173109451627960,555403,42
173109452698741,555445,42
173109453771137,555487,42
173109454852648,555529,42
173109455926294,555571,42
173109456002127,555613,20
173109456996189,555633,42
173109458070721,555675,42
173109459144471,555717,42
173109460268846,555759,42
173109461330252,555801,42
173109461410200,555843,42
173109462366294,555885,42
173109463471814,555927,42
173109464531450,555969,42
173109465596971,556011,42
173109466670825,556053,42
173109467745669,556095,42
173109468820408,556137,42
173109469895564,556179,42
173109470977491,556221,42
173109472053325,556263,42
173109473127335,556305,42
173109474231814,556347,42
173109475268950,556389,42
173109476340669,556431,42
173109477440877,556473,42
173109477517960,556515,42
173109478493533,556557,42
173109479665200,556599,42
173109480972335,556641,42
173109482025564,556683,42
173109483078846,556725,42
173109484149314,556767,42
173109485209314,556809,42
173109486336866,556851,42
173109487412231,556893,42
173109487490356,556935,42
173109488472023,556977,42
173109489544210,557019,20
173109489621554,557039,42
173109490633169,557081,42
173109491700044,557123,42
173109492774419,557165,42
173109493846971,557207,42
173109494924262,557249,42
173109496010825,557291,42
173109497078481,557333,42
173109498173793,557375,42
173109499226085,557417,42
173109500339054,557459,42
173109501904887,557501,42
173109502452700,557543,42
173109502524835,557585,42
173109503506033,557627,42
173109504568012,557669,42
173109505641606,557711,42
173109506704002,557753,42
173109507769262,557795,42
173109508828793,557837,42
173109509897283,557879,42
173109510993429,557921,42
173109513171189,557963,42
173109513257127,558005,42
173109514163637,558047,42
173109515231241,558089,42
173109516284054,558131,42
173109517354835,558173,42
173109518413533,558215,42
173109519474471,558257,42
173109520849366,558299,42
173109521613898,558341,42
173109521688168,558383,42
173109522672387,558425,20
173109523736398,558445,42
173109523805252,558487,42
173109524799627,558529,42
173109525860564,558571,42
173109526923221,558613,42
173109527984471,558655,42
173109529178325,558697,42
173109530239835,558739,42
173109531344835,558781,42
173109532404627,558823,42
173109533476606,558865,42
173109534551398,558907,42
173109535625252,558949,42
173109536714523,558991,42
173109536788950,559033,42
173109537776189,559075,42
173109538849575,559117,42
173109539922283,559159,42
173109541027804,559201,42
173109542093585,559243,42
173109543188168,559285,42
173109544247908,559327,42
173109545339991,559369,42
173109546396762,559411,42
173109547473273,559453,42
173109548527491,559495,42
173109549593221,559537,42
173109550755512,559579,42
173109551809887,559621,42
173109551879106,559663,42
173109552875773,559705,42
173109553939158,559747,42
173109555008793,559789,42
173109556068377,559831,42
173109556137752,559873,20
173109557140668,559893,42
173109558195616,559935,42
173109559256502,559977,42
173109560474991,560019,42
173109561395043,560061,42
173109562453116,560103,42
173109563516658,560145,42
173109564673846,560187,42
173109565735408,560229,42
173109566799991,560271,42
173109567861971,560313,42
173109567929627,560355,42
173109568924991,560397,42
173109569990512,560439,42
173109571078481,560481,42
173109572128793,560523,42
173109573190512,560565,42
173109574333168,560607,42
173109575388533,560649,42
173109576461658,560691,42
173109577517700,560733,42
173109578585043,560775,42
173109579644314,560817,42
173109581162075,560859,42
173109582287179,560901,42
173109582369106,560943,42
173109583205043,560985,42
173109584179783,561027,42
173109585243012,561069,42
173109586301762,561111,42
173109587367908,561153,42
173109588490356,561195,42
173109589565148,561237,42
173109589642075,561279,20
173109590646450,561299,42
173109591717439,561341,42
173109592792960,561383,42
173109593868168,561425,42
173109594940825,561467,42
173109596016137,561509,42
173109597113064,561551,42
173109597191450,561593,42
173109598182752,561635,42
173109599257648,561677,42
173109600364418,561719,42
173109601407231,561761,42
173109602481450,561803,42
173109603557387,561845,42
173109604633793,561887,42
173109605709627,561929,42
173109606783898,561971,42
173109607866137,562013,42
173109608934939,562055,42
173109610114835,562097,42
173109611094314,562139,42
173109612253846,562181,42
173109612330981,562223,42
173109613246085,562265,42
173109614313637,562307,42
173109615391346,562349,42
173109616471085,562391,42
173109617545356,562433,42
173109618621554,562475,42
173109619693585,562517,42
173109620788168,562559,42
173109621889471,562601,42
173109622938741,562643,42
173109623017596,562685,20
173109624009887,562705,42
173109625083481,562747,42
173109626225252,562789,42
173109627247023,562831,42
173109627322283,562873,42
173109628308846,562915,42
173109629382023,562957,42
173109630541762,562999,42
173109631539054,563041,42
173109632606554,563083,42
173109633682231,563125,42
173109634755929,563167,42
173109635831085,563209,42
173109636906866,563251,42
173109637983377,563293,42
173109639060043,563335,42
173109640267179,563377,42
173109641221554,563419,42
173109642286241,563461,42
173109643360616,563503,42
173109643436033,563545,42
173109644434991,563587,42
173109645507960,563629,42
173109646580043,563671,42
173109647654418,563713,42
173109648728533,563755,42
173109649802023,563797,42
173109650887283,563839,42
173109651964991,563881,42
173109653033741,563923,42
173109654112804,563965,42
173109655220043,564007,42
173109656266971,564049,42
173109656341918,564091,20
173109657341241,564111,42
173109658417231,564153,42
173109659495460,564195,42
173109659569679,564237,42
173109660669887,564279,42
173109661642127,564321,42
173109662717700,564363,42
173109663787648,564405,42
173109664866554,564447,42
173109665940252,564489,42
173109667013950,564531,42
173109668175721,564573,42
173109669166189,564615,42
173109670250825,564657,42
173109671315356,564699,42
173109672389679,564741,42
173109673464939,564783,42
173109674539366,564825,42
173109675615929,564867,42
173109675691502,564909,42
173109676686033,564951,42
173109677758637,564993,42
173109678833325,565035,42
173109679906866,565077,42
173109680998950,565119,42
173109682076658,565161,42
173109683281502,565203,42
173109684255668,565245,42
173109685337804,565287,42
173109686398064,565329,42
173109687469314,565371,42
173109688572075,565413,42
173109689629731,565455,42
173109689704627,565497,20
173109689767387,565517,42
173109690713689,565559,42
173109691785096,565601,42
173109692858168,565643,42
173109693959627,565685,42
173109695006398,565727,42
173109696092335,565769,42
173109697156346,565811,42
173109698237127,565853,42
173109699308116,565895,42
173109700398221,565937,42
173109701460512,565979,42
173109702530668,566021,42
173109703603064,566063,42
173109704677908,566105,42
173109705760460,566147,42
173109705835043,566189,42
173109706831137,566231,42
173109707905460,566273,42
173109708974991,566315,42
173109710150096,566357,42
173109711130512,566399,42
173109712198741,566441,42
173109713269366,566483,42
173109714339106,566525,42
173109715466189,566567,42
173109716538533,566609,42
173109717617491,566651,42
173109718691606,566693,42
173109719766918,566735,42
173109720867231,566777,42
173109720954418,566819,42
173109721972752,566861,42
173109723046345,566903,20
173109723122335,566923,42
173109724122752,566965,42
173109725166554,567007,42
173109726230460,567049,42
173109727289575,567091,42
173109728355095,567133,42
173109729420616,567175,42
173109730648168,567217,42
173109731594731,567259,42
173109732659314,567301,42
173109733742283,567343,42
173109734814002,567385,42
173109735883377,567427,42
173109736971189,567469,42
173109737046398,567511,42
173109738037752,567553,42
173109739111450,567595,42
173109740219991,567637,42
173109741262127,567679,42
173109742333533,567721,42
173109743443898,567763,42
173109744486918,567805,42
173109745559210,567847,42
173109746634523,567889,42
173109747704366,567931,42
173109748777648,567973,42
173109749850148,568015,42
173109750936710,568057,42
173109752018064,568099,42
173109753086502,568141,42
173109753162283,568183,42
173109754156710,568225,42
173109755261241,568267,42
173109756339575,568309,20
173109756415460,568329,42
173109757406970,568371,42
173109758481241,568413,42
173109759556502,568455,42
173109760657335,568497,42
173109761722439,568539,42
173109762798064,568581,42
173109763870095,568623,42
173109764954835,568665,42
173109766035877,568707,42
173109767108377,568749,42
173109767183741,568791,42
173109768178325,568833,42
173109769253950,568875,42
173109770338741,568917,42
173109771403220,568959,42
173109772495720,569001,42
173109773551658,569043,42
173109774625408,569085,42
173109775696762,569127,42
173109776773220,569169,42
173109777846606,569211,42
173109778919627,569253,42
173109780001137,569295,42
173109781081085,569337,42
173109782150356,569379,42
173109783255720,569421,42
173109783331970,569463,42
173109784342491,569505,42
173109785409887,569547,42
173109786432283,569589,42
173109787485356,569631,42
173109788614627,569673,42
173109789677283,569715,20
173109789745929,569735,42
173109790808845,569777,42
173109791870825,569819,42
173109792945095,569861,42
173109794033168,569903,42
173109795098898,569945,42
173109796169887,569987,42
173109797245356,570029,42
173109798330512,570071,42
173109798404575,570113,42
173109799400929,570155,42
173109800499106,570197,42
173109801565668,570239,42
173109802634054,570281,42
173109803710564,570323,42
173109804791970,570365,42
173109805861450,570407,42
173109806936450,570449,42
173109808020304,570491,42
173109809137283,570533,42
173109810180981,570575,42
173109811237127,570617,42
173109812319783,570659,42
173109813397075,570701,42
173109813473429,570743,42
173109815535668,570785,42
173109815611866,570827,42
173109816624679,570869,42
173109817688325,570911,42
173109818768168,570953,42
173109819842960,570995,42
173109820937908,571037,42
173109822011189,571079,42
173109823082543,571121,42
173109823159783,571163,20
173109824153116,571183,42
173109825230564,571225,42
173109826300408,571267,42
173109827380304,571309,42
173109828452439,571351,42
173109829529523,571393,42
173109829603481,571435,42
173109830650408,571477,42
173109831697231,571519,42
173109832767856,571561,42
173109833841345,571603,42
173109834919314,571645,42
173109836000356,571687,42
173109837065148,571729,42
173109838138012,571771,42
173109839211189,571813,42
173109840317595,571855,42
173109841370095,571897,42
173109842440252,571939,42
173109843509679,571981,42
173109844590148,572023,42
173109844666085,572065,42
173109845660877,572107,42
173109846737648,572149,42
173109847807283,572191,42
173109848978220,572233,42
173109849964991,572275,42
173109851038689,572317,42
173109852110460,572359,42
173109853182856,572401,42
173109854256241,572443,42
173109855336866,572485,42
173109856410616,572527,42
173109856485095,572569,20
173109857482283,572589,42
173109858558012,572631,42
173109859631606,572673,42
173109860747648,572715,42
173109860834470,572757,42
173109861809991,572799,42
173109862902543,572841,42
173109863973273,572883,42
173109865042648,572925,42
173109866111293,572967,42
173109867183377,573009,42
173109868260512,573051,42
173109869333637,573093,42
173109870415356,573135,42
173109871481970,573177,42
173109872553168,573219,42
173109873627439,573261,42
173109874703898,573303,42
173109875780773,573345,42
173109875857439,573387,42
173109876851710,573429,42
173109877933741,573471,42
173109879003325,573513,42
173109880168898,573555,42
173109881158116,573597,42
173109882223481,573639,42
173109883313898,573681,42
173109884371658,573723,42
173109885808273,573765,42
173109886539418,573807,42
173109887613793,573849,42
173109888675356,573891,42
173109889737335,573933,42
173109889808741,573975,20
173109890825148,573995,42
173109891950200,574037,42
173109892024575,574079,42
173109892987700,574121,42
173109894060668,574163,42
173109895125877,574205,42
173109896196918,574247,42
173109897275929,574289,42
173109898353793,574331,42
173109899426762,574373,42
173109900511450,574415,42
173109901576241,574457,42
173109902645408,574499,42
173109903718793,574541,42
173109904815981,574583,42
173109905875043,574625,42
173109906951085,574667,42
173109908031085,574709,42
173109908106137,574751,42
173109909099054,574793,42
173109910184002,574835,42
173109911251762,574877,42
173109912320148,574919,42
173109913391814,574961,42
173109914466502,575003,42
173109915542595,575045,42
173109916621241,575087,42
173109917692648,575129,42
173109918771866,575171,42
173109919838533,575213,42
173109920928064,575255,42
173109922001293,575297,42
173109923081554,575339,42
173109923156085,575381,20
173109923218585,575401,42
173109924146814,575443,42
173109925370720,575485,42
173109926302648,575527,42
173109927377491,575569,42
173109928448689,575611,42
173109929524523,575653,42
173109930691970,575695,42
173109931767075,575737,42
173109932849158,575779,42
173109933917283,575821,42
173109934988897,575863,42
173109936062700,575905,42
173109937138012,575947,42
173109938220460,575989,42
173109938295825,576031,42
173109939307700,576073,42
173109940450304,576115,42
173109941460512,576157,42
173109942530304,576199,42
173109943601918,576241,42
173109944675564,576283,42
173109945749106,576325,42
173109946830304,576367,42
173109947899575,576409,42
173109948971658,576451,42
173109950129314,576493,42
173109951129054,576535,42
173109952201970,576577,42
173109953282439,576619,42
173109953357439,576661,42
173109954355981,576703,42
173109955431085,576745,42
173109956510043,576787,20
173109956584210,576807,42
173109957582960,576849,42
173109958656241,576891,42
173109959730095,576933,42
173109960847700,576975,42
173109961914575,577017,42
173109962988325,577059,42
173109975303325,577101,42
173109975415981,577143,42
173109975573637,577185,42
173109975639054,577227,42
173109975701554,577269,42
173109975762231,577311,42
173109975821397,577353,42
173109975878533,577395,42
173109975935877,577437,42
173109975993168,577479,42
173109976051866,577521,42
173109976164158,577563,42
173109976227908,577605,42
173109976904575,577647,42
173109977985252,577689,42
173109979065356,577731,42
173109980800564,577773,42
173109981083689,577815,42
173109982044887,577857,42
173109983084314,577899,42
173109984088741,577941,42
173109985112127,577983,42
173109986145929,578025,42
173109987179470,578067,42
173109988205668,578109,42
173109989223012,578151,42
173109989238012,578193,20
173109990247439,578213,42
173109991264418,578255,42
173109992287179,578297,42
173109993311606,578339,42
173109994336606,578381,42
173109995353168,578423,42
173109996378481,578465,42
173109996392804,578507,42
173109997429991,578549,42
173109998421085,578591,42
173109999459835,578633,42
173110000657075,578675,42
173110001702543,578717,42
173110002766085,578759,42
173110003810929,578801,42
173110004910877,578843,42
173110005915356,578885,42
173110006968950,578927,42
173110008025772,578969,42
173110009073481,579011,42
173110010281918,579053,42
173110011078064,579095,42
173110012108064,579137,42
173110013134939,579179,42
173110014167752,579221,42
173110015195408,579263,42
173110016226918,579305,42
173110017260147,579347,42
173110018298220,579389,42
173110019321606,579431,42
173110020453168,579473,42
173110021517231,579515,42
173110022561293,579557,42
173110022617595,579599,20
173110023618689,579619,42
173110024661554,579661,42
173110024717804,579703,42
173110025726970,579745,42
173110026769731,579787,42
173110027834835,579829,42
173110028876450,579871,42
173110029928377,579913,42
173110031000200,579955,42
173110032044783,579997,42
173110033101345,580039,42
173110034153689,580081,42
173110035205460,580123,42
173110036261397,580165,42
173110037313116,580207,42
173110040993897,580249,42
173110041524679,580291,42
173110041597283,580333,42
173110041658168,580375,42
173110041716658,580417,42
173110043683793,580459,42
173110044756502,580501,42
173110045810564,580543,42
173110045879522,580585,42
173110046889575,580627,42
173110047947491,580669,42
173110049029418,580711,42
173110050196397,580753,42
173110051171866,580795,42
173110052239158,580837,42
173110053303741,580879,42
173110054369522,580921,42
173110055443481,580963,42
173110056515981,581005,42
173110056585460,581047,20
173110057582075,581067,42
173110058657856,581109,42
173110059718845,581151,42
173110060815981,581193,42
173110061867127,581235,42
173110062954418,581277,42
173110063022491,581319,42
173110064017491,581361,42
173110065077700,581403,42
173110066150825,581445,42
173110067217908,581487,42
173110068285147,581529,42
173110069354939,581571,42
173110070438064,581613,42
173110071501866,581655,42
173110072566189,581697,42
173110073640929,581739,42
173110074710304,581781,42
173110075774991,581823,42
173110076837595,581865,42
173110077913793,581907,42
173110078972647,581949,42
173110080070825,581991,42
173110081220720,582033,42
173110081297075,582075,42
173110082190825,582117,42
173110083255147,582159,42
173110084326085,582201,42
173110085398220,582243,42
173110086467231,582285,42
173110087532752,582327,42
173110088616918,582369,42
173110089686241,582411,42
173110089762439,582453,20
173110090769627,582473,42
173110091820772,582515,42
173110092887022,582557,42
173110094007700,582599,42
173110095068168,582641,42
173110096134679,582683,42
173110096212075,582725,42
173110097217752,582767,42
173110098291085,582809,42
173110099373377,582851,42
173110100454835,582893,42
173110101513741,582935,42
173110102589575,582977,42
173110103662491,583019,42
173110104744627,583061,42
173110105816606,583103,42
173110106890668,583145,42
173110107964210,583187,42
173110109044262,583229,42
173110110215512,583271,42
173110111192335,583313,42
173110112274262,583355,42
173110112348845,583397,42
173110113356814,583439,42
173110114419314,583481,42
173110115486450,583523,42
173110116600356,583565,42
173110117638325,583607,42
173110118720147,583649,42
173110119790720,583691,42
173110120886918,583733,42
173110121985564,583775,42
173110123067387,583817,42
173110123142908,583859,20
173110124137752,583879,42
173110125207804,583921,42
173110126277127,583963,42
173110127435200,584005,42
173110127511762,584047,42
173110128434210,584089,42
173110129500772,584131,42
173110130727127,584173,42
173110131657127,584215,42
173110132735772,584257,42
173110133808689,584299,42
173110134877022,584341,42
173110136000877,584383,42
173110137076502,584425,42
173110138152075,584467,42
173110139220668,584509,42
173110140369002,584551,42
173110141382179,584593,42
173110141458793,584635,42
173110142455668,584677,42
173110143520304,584719,42
173110144611397,584761,42
173110145667960,584803,42
173110146749627,584845,42
173110147823793,584887,42
173110148892647,584929,42
173110149981450,584971,42
173110151049262,585013,42
173110152132595,585055,42
173110153198897,585097,42
173110154272647,585139,42
173110155340824,585181,42
173110156425199,585223,42
173110156499991,585265,20
173110157501085,585285,42
173110158572856,585327,42
173110158647074,585369,42
173110159641554,585411,42
173110160738793,585453,42
173110161813324,585495,42
173110162879991,585537,42
173110163964522,585579,42
173110165032283,585621,42
173110166110616,585663,42
173110167184679,585705,42
173110168263012,585747,42
173110169335929,585789,42
173110170416710,585831,42
173110171493585,585873,42
173110172562283,585915,42
173110173642752,585957,42
173110173749991,585999,42
173110174713324,586041,42
173110175791502,586083,42
173110176857908,586125,42
173110178002439,586167,42
173110179007022,586209,42
173110180191449,586251,42
173110181167179,586293,42
173110182226710,586335,42
173110183317647,586377,42
173110184378793,586419,42
173110185459835,586461,42
173110186531918,586503,42
173110187604783,586545,42
173110188675304,586587,42
173110189879002,586629,42
173110189970616,586671,20
173110190143116,586691,42
173110190848272,586733,42
173110191910564,586775,42
173110192980668,586817,42
173110194045095,586859,42
173110195137283,586901,42
173110196183377,586943,42
173110197283897,586985,42
173110198329054,587027,42
173110199397387,587069,42
173110200501710,587111,42
173110201549158,587153,42
173110202615512,587195,42
173110203685408,587237,42
173110204762127,587279,42
173110205832387,587321,42
173110205901137,587363,42
173110206905616,587405,42
173110207972491,587447,42
173110209051085,587489,42
173110210226970,587531,42
173110211250772,587573,42
173110212255512,587615,42
173110213328897,587657,42
173110214390668,587699,42
173110215460668,587741,42
173110216531137,587783,42
173110217606137,587825,42
173110218675564,587867,42
173110219748637,587909,42
173110220870408,587951,42
173110221941085,587993,42
173110222008949,588035,42
173110223008481,588077,20
173110223076814,588097,42
173110224076554,588139,42
173110225150564,588181,42
173110226222179,588223,42
173110227295408,588265,42
173110228366762,588307,42
173110229434366,588349,42
173110230544418,588391,42
173110231588533,588433,42
173110232651606,588475,42
173110233721033,588517,42
173110234792856,588559,42
173110235867335,588601,42
173110236936658,588643,42
173110238011293,588685,42
173110238077647,588727,42
173110239087127,588769,42
173110240188220,588811,42
173110241231554,588853,42
173110242297387,588895,42
173110243366397,588937,42
173110244435668,588979,42
173110245710877,589021,42
173110246581241,589063,42
173110247646345,589105,42
173110248715199,589147,42
173110249789262,589189,42
173110250874835,589231,42
173110251936189,589273,42
173110253013012,589315,42
173110254080668,589357,42
173110254149627,589399,42
173110255155199,589441,42
173110256218585,589483,20
173110256287752,589503,42
173110257290408,589545,42
173110258362074,589587,42
173110259434627,589629,42
173110260519418,589671,42
173110261576397,589713,42
173110262645824,589755,42
173110263715772,589797,42
173110264792074,589839,42
173110265860929,589881,42
173110266936137,589923,42
173110268007543,589965,42
173110269075564,590007,42
173110270277179,590049,42
173110271229210,590091,42
173110271302127,590133,42
173110272294835,590175,42
173110273362960,590217,42
173110274439887,590259,42
173110275502647,590301,42
173110276572074,590343,42
173110277642491,590385,42
173110278711189,590427,42
173110279781970,590469,42
173110280884939,590511,42
173110281954262,590553,42
173110283022127,590595,42
173110284094054,590637,42
173110285163012,590679,42
173110286229731,590721,42
173110287302335,590763,42
173110287371814,590805,42
173110288373949,590847,42
173110289439731,590889,20
173110289507960,590909,42
173110290626189,590951,42
173110291651970,590993,42
173110292720564,591035,42
173110293768377,591077,42
173110295049887,591119,42
173110295924574,591161,42
173110297000512,591203,42
173110298072752,591245,42
173110299140356,591287,42
173110300238533,591329,42
173110301293585,591371,42
173110302364731,591413,42
173110303445043,591455,42
173110303520668,591497,42
173110304519939,591539,42
173110305591918,591581,42
173110306668897,591623,42
173110307747908,591665,42
173110308925408,591707,42
173110309894783,591749,42
173110310991762,591791,42
173110312061970,591833,42
173110313137283,591875,42
173110314209106,591917,42
173110315286866,591959,42
173110316360877,592001,42
173110317440199,592043,42
173110318517804,592085,42
173110318592908,592127,42
173110319588012,592169,42
173110320689002,592211,42
173110321762543,592253,42
173110322833897,592295,42
173110322915199,592337,20
173110323900877,592357,42
173110324975616,592399,42
173110326049002,592441,42
173110327123012,592483,42
173110328199418,592525,42
173110329307543,592567,42
173110330402960,592609,42
173110331438949,592651,42
173110332509627,592693,42
173110333584627,592735,42
173110333660252,592777,42
173110334656345,592819,42
173110335733533,592861,42
173110336811033,592903,42
173110337883429,592945,42
173110338955043,592987,42
173110340151710,593029,42
173110341118481,593071,42
173110342189366,593113,42
173110343257491,593155,42
173110344334470,593197,42
173110345406762,593239,42
173110346486658,593281,42
173110347569522,593323,42
173110348637647,593365,42
173110349718116,593407,42
173110349795147,593449,42
173110350792074,593491,42
173110351864939,593533,42
173110352938429,593575,42
173110354012699,593617,42
173110355089835,593659,42
173110356166033,593701,42
173110356239054,593743,20
173110357238220,593763,42
173110358311449,593805,42
173110359387283,593847,42
173110360475147,593889,42
173110361536241,593931,42
173110362615095,593973,42
173110363682387,594015,42
173110364762752,594057,42
173110365839939,594099,42
173110365916502,594141,42
173110366909522,594183,42
173110367981658,594225,42
173110369057022,594267,42
173110370224054,594309,42
173110371213324,594351,42
173110372281814,594393,42
173110373355251,594435,42
173110374435981,594477,42
173110375507491,594519,42
173110376579887,594561,42
173110377652751,594603,42
173110378733272,594645,42
173110379801293,594687,42
173110380898116,594729,42
173110380988012,594771,42
173110381960460,594813,42
173110383038324,594855,42
173110384115876,594897,42
173110385185512,594939,42
173110386261970,594981,42
173110387333012,595023,42
173110388408585,595065,42
173110389488741,595107,42
173110389563116,595149,20
173110390652491,595169,42
173110391633324,595211,42
173110392713168,595253,42
173110393783012,595295,42
173110394866345,595337,42
173110395932595,595379,42
173110397012491,595421,42
173110397088533,595463,42
173110398092335,595505,42
173110399156241,595547,42
173110400261658,595589,42
173110401309262,595631,42
173110402382856,595673,42
173110403455356,595715,42
173110404531554,595757,42
173110405604366,595799,42
173110406687179,595841,42
173110407760199,595883,42
173110408827126,595925,42
173110409897699,595967,42
173110410989001,596009,42
173110412066710,596051,42
173110412140668,596093,42
173110413135772,596135,42
173110414209991,596177,42
173110415282022,596219,42
173110416362126,596261,42
173110417440772,596303,42
173110418509574,596345,42
173110419584679,596387,42
173110420600460,596429,42
173110422899783,596471,42
173110423333949,596513,42
173110423348897,596555,20
173110423359991,596575,42
173110424340408,596617,42
173110425359262,596659,42
173110426383793,596701,42
173110427409366,596743,42
173110428441137,596785,42
173110429542335,596827,42
173110430609366,596869,42
173110431508793,596911,42
173110432535460,596953,42
173110433566033,596995,42
173110434676241,597037,42
173110435616501,597079,42
173110436632231,597121,42
173110437653272,597163,42
173110438673949,597205,42
173110439699054,597247,42
173110440727387,597289,42
173110441741449,597331,42
173110442764835,597373,42
173110443786918,597415,42
173110444808533,597457,42
173110445829522,597499,42
173110446850043,597541,42
173110447879106,597583,42
173110448897647,597625,42
173110449919210,597667,42
173110450945356,597709,42
173110451991397,597751,42
173110453000876,597793,42
173110454013272,597835,42
173110455031241,597877,42
173110456054470,597919,42
173110456067179,597961,20
173110457075772,597981,42
173110458096137,598023,42
173110459121554,598065,42
173110460244262,598107,42
173110461166918,598149,42
173110461179470,598191,42
173110463203064,598233,42
173110464224262,598275,42
173110465246397,598317,42
173110465259262,598359,42
173110466284366,598401,42
173110467404314,598443,42
173110468314054,598485,42
173110469334522,598527,42
173110470365251,598569,42
173110471376241,598611,42
173110472398741,598653,42
173110473512231,598695,42
173110474447231,598737,42
173110475462491,598779,42
173110476483585,598821,42
173110477506658,598863,42
173110478526814,598905,42
173110479548324,598947,42
173110480625616,598989,42
173110481591345,599031,42
173110482613376,599073,42
173110483634470,599115,42
173110484698585,599157,42
173110485694731,599199,42
173110486709470,599241,42
173110487726137,599283,42
173110488749210,599325,42
173110489767595,599367,20
173110489780824,599387,42
173110490899783,599429,42
173110491812543,599471,42
173110492831814,599513,42
173110493851762,599555,42
173110494873429,599597,42
173110495895356,599639,42
173110496920251,599681,42
173110497947491,599723,42
173110498972960,599765,42
173110500033481,599807,42
173110501017022,599849,42
173110502041137,599891,42
173110503050616,599933,42
173110504072543,599975,42
173110505092335,600017,42
173110506112491,600059,42
173110507133324,600101,42
173110508244001,600143,42
173110509181033,600185,42
173110510196397,600227,42
173110511216814,600269,42
173110512234106,600311,42
173110513264783,600353,42
173110514280720,600395,42
173110515305043,600437,42
173110516326501,600479,42
173110517350512,600521,42
173110518395199,600563,42
173110519428324,600605,42
173110520426658,600647,42
173110521459001,600689,42
173110522473845,600731,42
173110522488481,600773,20
173110523496658,600793,42
173110524518845,600835,42
173110525538168,600877,42
173110526562283,600919,42
173110527580824,600961,42
173110528606449,601003,42
173110529624783,601045,42
173110530645616,601087,42
173110530659001,601129,42
173110531665772,601171,42
173110532697179,601213,42
173110533815824,601255,42
173110534731918,601297,42
173110535752439,601339,42
173110536774366,601381,42
173110537793637,601423,42
173110538815147,601465,42
173110539922751,601507,42
173110540866189,601549,42
173110541887908,601591,42
173110542906970,601633,42
173110543927908,601675,42
173110544989522,601717,42
173110545973793,601759,42
173110546993168,601801,42
173110548017074,601843,42
173110549040043,601885,42
173110550074731,601927,42
173110551089262,601969,42
173110552152283,602011,42
173110553131762,602053,42
173110554149418,602095,42
173110555168689,602137,42
173110556278741,602179,20
173110556293064,602199,42
173110557221293,602241,42
173110558245147,602283,42
173110559267699,602325,42
173110560290616,602367,42
173110561317387,602409,42
173110562351137,602451,42
173110563360876,602493,42
173110564382387,602535,42
173110565405668,602577,42
173110566442595,602619,42
173110567461397,602661,42
173110568500043,602703,42
173110569495095,602745,42
173110570524054,602787,42
173110571545876,602829,42
173110572582074,602871,42
173110573603220,602913,42
173110574609001,602955,42
173110575632335,602997,42
173110576653064,603039,42
173110577674054,603081,42
173110578695824,603123,42
173110579725251,603165,42
173110580744262,603207,42
173110581766397,603249,42
173110582788116,603291,42
173110583833481,603333,42
173110584839522,603375,42
173110585868637,603417,42
173110586880304,603459,42
173110587900720,603501,42
173110588922543,603543,42
173110589947439,603585,42
173110589960408,603627,20
173110590966137,603647,42
173110591985824,603689,42
173110593010460,603731,42
173110594030824,603773,42
173110595052595,603815,42
173110595065928,603857,42
173110596093168,603899,42
173110597107856,603941,42
173110598128637,603983,42
173110599153064,604025,42
173110600398220,604067,42
173110601569783,604109,42
173110602357491,604151,42
173110603403949,604193,42
173110604604053,604235,42
173110605490720,604277,42
173110606541866,604319,42
173110607833845,604361,42
173110608628793,604403,42
173110609678064,604445,42
173110610736293,604487,42
173110611777543,604529,42
173110612822491,604571,42
173110614080095,604613,42
173110614910876,604655,42
173110615960564,604697,42
173110617006710,604739,42
173110618053793,604781,42
173110619103481,604823,42
173110620648012,604865,42
173110621306033,604907,42
173110621381501,604949,42
173110622748793,604991,42
173110623425251,605033,20
173110623497908,605053,42
173110624648897,605095,42
173110625552647,605137,42
173110626694418,605179,42
173110627685251,605221,42
173110628766345,605263,42
173110629812491,605305,42
173110630938481,605347,42
173110631936658,605389,42
173110633008637,605431,42
173110634268376,605473,42
173110635133220,605515,42
173110636200876,605557,42
173110637269418,605599,42
173110638330616,605641,42
173110639418637,605683,42
173110640571866,605725,42
173110640660251,605767,42
173110641531085,605809,42
173110642680356,605851,42
173110644044783,605893,42
173110644709314,605935,42
173110645982856,605977,42
173110646839574,606019,42
173110647923168,606061,42
173110649030824,606103,42
173110650133637,606145,42
173110651136710,606187,42
173110652257595,606229,42
173110653223897,606271,42
173110654287491,606313,42
173110655722074,606355,42
173110656506606,606397,42
173110656578845,606439,20
173110656641033,606459,42
173110657696501,606501,42
173110658543220,606543,42
173110659616658,606585,42
173110660980564,606627,42
173110662059939,606669,42
173110663458376,606711,42
173110664144783,606753,42
173110665542335,606795,42
173110666320043,606837,42
173110666395824,606879,42
173110668483376,606921,42
173110669522647,606963,42
173110670687283,607005,42
173110671764991,607047,42
173110671842335,607089,42
173110672825356,607131,42
173110673916762,607173,42
173110675030460,607215,42
173110676092491,607257,42
173110677136501,607299,42
173110678621710,607341,42
173110679294106,607383,42
173110680978376,607425,42
173110681457803,607467,42
173110681532126,607509,42
173110683623220,607551,42
173110684711449,607593,42
173110685767856,607635,42
173110685845460,607677,42
173110686887335,607719,42
173110688304574,607761,42
173110688981658,607803,42
173110689054314,607845,20
173110690242231,607865,42
173110691139314,607907,42
173110692246397,607949,42
173110693283845,607991,42
173110694358012,608033,42
173110695441814,608075,42
173110696510876,608117,42
173110697959210,608159,42
173110698659001,608201,42
173110698732595,608243,42
173110700925356,608285,42
173110701029887,608327,42
173110701921085,608369,42
173110702982803,608411,42
173110704061918,608453,42
173110705152439,608495,42
173110706240095,608537,42
173110707274939,608579,42
173110708342178,608621,42
173110709560668,608663,42
173110710578116,608705,42
173110711561085,608747,42
173110712667960,608789,42
173110713703637,608831,42
173110714760876,608873,42
173110715829210,608915,42
173110716992856,608957,42
173110718015824,608999,42
173110718148324,609041,42
173110719050095,609083,42
173110720263272,609125,42
173110721225564,609167,42
173110722260408,609209,42
173110723332022,609251,20
173110723406033,609271,42
173110724636606,609313,42
173110725470512,609355,42
173110726727387,609397,42
173110727652178,609439,42
173110728916606,609481,42
173110729808793,609523,42
173110730964626,609565,42
173110731925720,609607,42
173110732003376,609649,42
173110734087022,609691,42
173110734164939,609733,42
173110735160251,609775,42
173110736221710,609817,42
173110737284887,609859,42
173110738352908,609901,42
173110739416606,609943,42
173110740600147,609985,42
173110741586866,610027,42
173110742645460,610069,42
173110743712126,610111,42
173110744781449,610153,42
173110745852387,610195,42
173110746918064,610237,42
173110747991137,610279,42
173110749063481,610321,42
173110750502491,610363,42
173110750596710,610405,42
173110751217439,610447,42
173110752277231,610489,42
173110753343272,610531,42
173110754420876,610573,42
173110755491553,610615,42
173110756554053,610657,20
173110756624210,610677,42
173110757624262,610719,42
173110758692231,610761,42
173110759760303,610803,42
173110760871033,610845,42
173110761923949,610887,42
173110762990668,610929,42
173110764057387,610971,42
173110765135876,611013,42
173110766201033,611055,42
173110767271762,611097,42
173110767343064,611139,42
173110768349210,611181,42
173110769409939,611223,42
173110770491397,611265,42
173110771550095,611307,42
173110772617647,611349,42
173110773688741,611391,42
173110774762074,611433,42
173110775825564,611475,42
173110776894158,611517,42
173110777960824,611559,42
173110779031449,611601,42
173110780207856,611643,42
173110781180928,611685,42
173110782266658,611727,42
173110783420147,611769,42
173110783494626,611811,42
173110784425460,611853,42
173110787826241,611895,42
173110788304106,611937,42
173110788379262,611979,42
173110788443272,612021,42
173110789371658,612063,20
173110790457543,612083,42
173110790548845,612125,42
173110791521293,612167,42
173110792593741,612209,42
173110793671710,612251,42
173110794748272,612293,42
173110795828220,612335,42
173110796897178,612377,42
173110797981501,612419,42
173110799052908,612461,42
173110800231970,612503,42
173110801249262,612545,42
173110802286762,612587,42
173110803351918,612629,42
173110804418637,612671,42
173110805485928,612713,42
173110805554574,612755,42
173110806555824,612797,42
173110807764783,612839,42
173110808819366,612881,42
173110809890199,612923,42
173110810970824,612965,42
173110812044730,613007,42
173110813119105,613049,42
173110814194522,613091,42
173110815269105,613133,42
173110816345564,613175,42
173110817427960,613217,42
173110818498480,613259,42
173110819579418,613301,42
173110819655095,613343,42
173110820675095,613385,42
173110821750095,613427,42
173110822824366,613469,20
173110822900355,613489,42
173110823900616,613531,42
173110824970564,613573,42
173110826040147,613615,42
173110827118064,613657,42
173110828191553,613699,42
173110829271553,613741,42
173110830361553,613783,42
173110831429366,613825,42
173110832498064,613867,42
173110833570824,613909,42
173110834650251,613951,42
173110834724626,613993,42
173110835721501,614035,42
173110836796033,614077,42
173110837881710,614119,42
173110838953168,614161,42
173110840128116,614203,42
173110841113428,614245,42
173110842179626,614287,42
173110843253428,614329,42
173110844327855,614371,42
173110845404105,614413,42
173110846480043,614455,42
173110847551189,614497,42
173110848629366,614539,42
173110849699626,614581,42
173110850789991,614623,42
173110850875147,614665,42
173110852014783,614707,42
173110853064783,614749,42
173110854128012,614791,42
173110855280095,614833,42
173110856271033,614875,42
173110856339626,614917,20
173110857343012,614937,42
173110858412178,614979,42
173110859484730,615021,42
173110860697699,615063,42
173110861625355,615105,42
173110862694418,615147,42
173110863764210,615189,42
173110864846033,615231,42
173110864917543,615273,42
173110865922387,615315,42
173110866984887,615357,42
173110868054366,615399,42
173110869125564,615441,42
173110870219210,615483,42
173110871272699,615525,42
173110872343220,615567,42
173110873414001,615609,42
173110874488845,615651,42
173110875554939,615693,42
173110876622178,615735,42
173110877690460,615777,42
173110878762803,615819,42
173110879852022,615861,42
173110880985043,615903,42
173110881077908,615945,42
173110882045512,615987,42
173110883121710,616029,42
173110884198220,616071,42
173110885269418,616113,42
173110886346137,616155,42
173110887425043,616197,42
173110888502699,616239,42
173110889578480,616281,42
173110889751033,616323,20
173110890673272,616343,42
173110891746345,616385,42
173110892823585,616427,42
173110893909626,616469,42
173110894971137,616511,42
173110896046762,616553,42
173110897126710,616595,42
173110897201658,616637,42
173110898204574,616679,42
173110899275980,616721,42
173110900382855,616763,42
173110901433324,616805,42
173110902561449,616847,42
173110903607699,616889,42
173110904671918,616931,42
173110905737230,616973,42
173110906809574,617015,42
173110907899105,617057,42
173110908957803,617099,42
173110910124262,617141,42
173110911105303,617183,42
173110912166918,617225,42
173110912234939,617267,42
173110913238845,617309,42
173110914305668,617351,42
173110915378168,617393,42
173110916537543,617435,42
173110917524158,617477,42
173110918592074,617519,42
173110919665616,617561,42
173110920753689,617603,42
173110921834730,617645,42
173110922893272,617687,42
173110922963064,617729,20
173110923963376,617749,42
173110925032491,617791,42
173110926103168,617833,42
173110927172543,617875,42
173110928240408,617917,42
173110928307074,617959,42
173110929336189,618001,42
173110930398220,618043,42
173110931469730,618085,42
173110932532647,618127,42
173110933602022,618169,42
173110934671814,618211,42
173110935757439,618253,42
173110936820355,618295,42
173110937888064,618337,42
173110938959314,618379,42
173110940156033,618421,42
173110941109835,618463,42
173110942171658,618505,42
173110943240980,618547,42
173110944311345,618589,42
173110944379314,618631,42
173110945379262,618673,42
173110946451553,618715,42
173110947519105,618757,42
173110948588064,618799,42
173110949677283,618841,42
173110950761658,618883,42
173110951819053,618925,42
173110953159053,618967,42
173110953968793,619009,42
173110955036658,619051,42
173110956102178,619093,42
173110956170616,619135,20
173110957174053,619155,42
173110958247022,619197,42
173110959314366,619239,42
173110960409783,619281,42
173110961453741,619323,42
173110961521970,619365,42
173110962522178,619407,42
173110963609730,619449,42
173110964749678,619491,42
173110965820824,619533,42
173110966884626,619575,42
173110967958480,619617,42
173110969027960,619659,42
173110970192855,619701,42
173110973673845,619743,42
173110973753845,619785,42
173110973816137,619827,42
173110974400512,619869,42
173110975459678,619911,42
173110976540616,619953,42
173110976622439,619995,42
173110977616970,620037,42
173110978687126,620079,42
173110979750095,620121,42
173110980841970,620163,42
173110981905303,620205,42
173110983112335,620247,42
173110984069105,620289,42
173110985133116,620331,42
173110986202335,620373,42
173110987271085,620415,42
173110988346762,620457,42
173110989417230,620499,42
173110989490355,620541,20
173110990596137,620561,42
173110991566033,620603,42
173110992628376,620645,42
173110992700147,620687,42
173110993697960,620729,42
173110994762751,620771,42
173110995831814,620813,42
173110996904001,620855,42
173110998066605,620897,42
173110999131137,620939,42
173111000269887,620981,42
173111001264730,621023,42
173111002327387,621065,42
173111003391970,621107,42
173111008509314,621149,42
173111008657074,621191,42
173111008726866,621233,42
173111008788064,621275,42
173111008846762,621317,42
173111008904053,621359,42
173111009841345,621401,42
173111010949262,621443,42
173111011983845,621485,42
173111013233793,621527,42
173111014119783,621569,42
173111015180772,621611,42
173111016261137,621653,42
173111017331033,621695,42
173111027507178,621737,42
173111027607439,621779,42
173111027670460,621821,42
173111027731085,621863,42
173111027789470,621905,42
173111027912230,621947,20
173111027977960,621967,42
173111028037074,622009,42
173111028095095,622051,42
173111028152282,622093,42
173111028209522,622135,42
173111028266345,622177,42
173111029098324,622219,42
173111030183220,622261,42
173111031333012,622303,42
173111032343637,622345,42
173111033382595,622387,42
173111034442282,622429,42
173111035506970,622471,42
173111036577751,622513,42
173111037651605,622555,42
173111038722647,622597,42
173111039782751,622639,42
173111040923272,622681,42
173111041890980,622723,42
173111041949782,622765,42
173111042941657,622807,42
173111044016293,622849,42
173111045071241,622891,42
173111046118689,622933,42
173111047197907,622975,42
173111048243585,623017,42
173111049311501,623059,42
173111050396189,623101,42
173111051431397,623143,42
173111052491241,623185,42
173111053548845,623227,42
173111054606970,623269,42
173111055670876,623311,42
173111056724053,623353,20
173111056780251,623373,42
173111057780303,623415,42
173111058849835,623457,42
173111059894157,623499,42
173111061027439,623541,42
173111062100980,623583,42
173111062181032,623625,42
173111063155095,623667,42
173111064292074,623709,42
173111065298272,623751,42
173111066373741,623793,42
173111067439210,623835,42
173111068506501,623877,42
173111069572960,623919,42
173111070670460,623961,42
173111071736032,624003,42
173111072801449,624045,42
173111073909522,624087,42
173111074952387,624129,42
173111076019939,624171,42
173111077078949,624213,42
173111078161553,624255,42
173111078238064,624297,42
173111079221293,624339,42
173111080422178,624381,42
173111081370355,624423,42
173111082439314,624465,42
173111083509001,624507,42
173111084574157,624549,42
173111085647335,624591,42
173111086713741,624633,42
173111087783845,624675,42
173111088865303,624717,42
173111089937803,624759,42
173111090150147,624801,20
173111091010564,624821,42
173111092073949,624863,42
173111093140303,624905,42
173111094210668,624947,42
173111095282074,624989,42
173111095349366,625031,42
173111096344210,625073,42
173111097429887,625115,42
173111098488949,625157,42
173111099561397,625199,42
173111100649939,625241,42
173111101710720,625283,42
173111102788064,625325,42
173111103867960,625367,42
173111104943585,625409,42
173111105999418,625451,42
173111107076189,625493,42
173111108140928,625535,42
173111109211032,625577,42
173111110284418,625619,42
173111111371605,625661,42
173111111450355,625703,42
173111112410303,625745,42
173111113514105,625787,42
173111114561605,625829,42
173111115621085,625871,42
173111116709782,625913,42
173111117763064,625955,42
173111118841605,625997,42
173111119910460,626039,42
173111120996449,626081,42
173111122059835,626123,42
173111123130043,626165,42
173111123199626,626207,20
173111124198064,626227,42
173111125263741,626269,42
173111126329730,626311,42
173111127402439,626353,42
173111128477699,626395,42
173111128545355,626437,42
173111129538480,626479,42
173111130639105,626521,42
173111131697647,626563,42
173111132766449,626605,42
173111133838585,626647,42
173111134906605,626689,42
173111135972699,626731,42
173111137042803,626773,42
173111138118480,626815,42
173111139183220,626857,42
173111140463168,626899,42
173111141326085,626941,42
173111142399574,626983,42
173111143451814,627025,42
173111144561189,627067,42
173111145595668,627109,42
173111145666553,627151,42
173111146692751,627193,42
173111147746345,627235,42
173111148804574,627277,42
173111149943376,627319,42
173111150992439,627361,42
173111152027647,627403,42
173111153095095,627445,42
173111154164366,627487,42
173111155316241,627529,42
173111156385720,627571,42
173111156454939,627613,20
173111157450460,627633,42
173111158527126,627675,42
173111159590251,627717,42
173111160682022,627759,42
173111160772022,627801,42
173111161746085,627843,42
173111162806762,627885,42
173111163890407,627927,42
173111164953897,627969,42
173111166024678,628011,42
173111167096449,628053,42
173111168161605,628095,42
173111169233428,628137,42
173111170336032,628179,42
173111171383064,628221,42
173111172450512,628263,42
173111173514887,628305,42
173111174587960,628347,42
173111175662595,628389,42
173111176719991,628431,42
173111176788168,628473,42
173111177813272,628515,42
173111178862178,628557,42
173111179946241,628599,42
173111181022647,628641,42
173111182078168,628683,42
173111183265720,628725,42
173111184219105,628767,42
173111185295043,628809,42
173111186430512,628851,42
173111187442178,628893,42
173111188570355,628935,42
173111189577803,628977,42
173111189646762,629019,20
173111190665147,629039,42
173111191729678,629081,42
173111192794574,629123,42
173111193866241,629165,42
173111193933116,629207,42
173111194941189,629249,42
173111196002491,629291,42
173111197084470,629333,42
173111198147595,629375,42
173111199216970,629417,42
173111200427960,629459,42
173111201364053,629501,42
173111202430147,629543,42
173111203499001,629585,42
173111204984574,629627,42
173111205644105,629669,42
173111206717699,629711,42
173111207782282,629753,42
173111208875147,629795,42
173111209914939,629837,42
173111209983116,629879,42
173111210998428,629921,42
173111212076814,629963,42
173111213126501,630005,42
173111214218793,630047,42
173111215272647,630089,42
173111216349991,630131,42
173111217417439,630173,42
173111218488585,630215,42
173111219556918,630257,42
173111220664053,630299,42
173111221712699,630341,42
173111222776397,630383,42
173111222845876,630425,20
173111223849418,630445,42
173111224916293,630487,42
173111225984418,630529,42
173111227051605,630571,42
173111227120720,630613,42
173111228140928,630655,42
173111229194262,630697,42
173111230333793,630739,42
173111231371657,630781,42
173111232420564,630823,42
173111233498272,630865,42
173111234562699,630907,42
173111235631397,630949,42
173111236710095,630991,42
173111237783793,631033,42
173111238849939,631075,42
173111239917855,631117,42
173111241008064,631159,42
173111242070095,631201,42
173111243141866,631243,42
173111243210720,631285,42
173111244200720,631327,42
173111245327855,631369,42
173111246376553,631411,42
173111247452074,631453,42
173111248508949,631495,42
173111249585512,631537,42
173111250801814,631579,42
173111251840459,631621,42
173111252912282,631663,42
173111253976866,631705,42
173111255045303,631747,42
173111256120564,631789,42
173111256196970,631831,20
173111257190303,631851,42
173111258259314,631893,42
173111258334626,631935,42
173111259321553,631977,42
173111260539626,632019,42
173111261500147,632061,42
173111262531032,632103,42
173111263593689,632145,42
173111264673116,632187,42
173111265733064,632229,42
173111266811293,632271,42
173111267873428,632313,42
173111268942647,632355,42
173111270326137,632397,42
173111271092959,632439,42
173111272159053,632481,42
173111273223012,632523,42
173111274318428,632565,42
173111275390251,632607,42
173111275465303,632649,42
173111276463272,632691,42
173111277519991,632733,42
173111278599782,632775,42
173111279654105,632817,42
173111281014262,632859,42
173111282069157,632901,42
173111283147543,632943,42
173111284205928,632985,42
173111285279626,633027,42
173111286344887,633069,42
173111287409209,633111,42
173111288483168,633153,42
173111288557387,633195,42
173111289554418,633237,20
173111289630303,633257,42
173111290733845,633299,42
173111291795199,633341,42
173111292865876,633383,42
173111293933376,633425,42
173111295005928,633467,42
173111296069209,633509,42
173111297150147,633551,42
173111298209053,633593,42
173111299279782,633635,42
173111300396397,633677,42
173111301424157,633719,42
173111302487491,633761,42
173111303555095,633803,42
173111303623637,633845,42
173111304628116,633887,42
173111305693480,633929,42
173111306774366,633971,42
173111307890147,634013,42
173111309028272,634055,42
173111310233220,634097,42
173111311107178,634139,42
173111312146084,634181,42
173111313210876,634223,42
173111314277959,634265,42
173111315341970,634307,42
173111316417491,634349,42
173111317483532,634391,42
173111318548949,634433,42
173111319621814,634475,42
173111319696605,634517,42
173111320949834,634559,42
173111322011449,634601,42
173111323077959,634643,20
173111323151814,634663,42
173111324141814,634705,42
173111325216970,634747,42
173111326280199,634789,42
173111327347803,634831,42
173111328414991,634873,42
173111329484574,634915,42
173111330740512,634957,42
173111331640147,634999,42
173111331716293,635041,42
173111332695668,635083,42
173111333761918,635125,42
173111334831397,635167,42
173111335896866,635209,42
173111336964626,635251,42
173111338032855,635293,42
173111339113116,635335,42
173111340559157,635377,42
173111341275199,635419,42
173111342327959,635461,42
173111343394262,635503,42
173111344499887,635545,42
173111345555199,635587,42
173111346616762,635629,42
173111347683324,635671,42
173111348750095,635713,42
173111349823012,635755,42
173111349898064,635797,42
173111350908637,635839,42
173111351970147,635881,42
173111353043168,635923,42
173111354113376,635965,42
173111355183168,636007,42
173111356248897,636049,42
173111356316345,636091,20
173111357319470,636111,42
173111358425251,636153,42
173111359483428,636195,42
173111360868428,636237,42
173111361617334,636279,42
173111361693845,636321,42
173111363745824,636363,42
173111364823376,636405,42
173111365890459,636447,42
173111366969991,636489,42
173111367044053,636531,42
173111368028637,636573,42
173111369098584,636615,42
173111370441866,636657,42
173111371244001,636699,42
173111372311553,636741,42
173111373379209,636783,42
173111374447543,636825,42
173111375509522,636867,42
173111376581918,636909,42
173111377651866,636951,42
173111378716501,636993,42
173111379783741,637035,42
173111381009209,637077,42
173111382071032,637119,42
173111382145980,637161,42
173111383137595,637203,42
173111384212334,637245,42
173111385274157,637287,42
173111386344157,637329,42
173111387410095,637371,42
173111388484991,637413,42
173111389554418,637455,42
173111389629157,637497,20
173111390730512,637517,42
173111391795459,637559,42
173111392862959,637601,42
173111393933428,637643,42
173111395007855,637685,42
173111396070407,637727,42
173111397212334,637769,42
173111397291553,637811,42
173111398215824,637853,42
173111399276814,637895,42
173111400399834,637937,42
173111401419887,637979,42
173111402482178,638021,42
173111403544470,638063,42
173111404617282,638105,42
173111405690928,638147,42
173111406758064,638189,42
173111408055303,638231,42
173111409227178,638273,42
173111410224314,638315,42
173111411086553,638357,42
173111412149626,638399,42
173111413224678,638441,42
173111413299574,638483,42
173111414287959,638525,42
173111415356345,638567,42
173111416426397,638609,42
173111417496553,638651,42
173111418563845,638693,42
173111419630824,638735,42
173111420952647,638777,42
173111422015668,638819,42
173111423087178,638861,42
173111423162595,638903,20
173111424146501,638923,42
173111425212543,638965,42
173111426290199,639007,42
173111426368584,639049,42
173111427349991,639091,42
173111428415928,639133,42
173111429485251,639175,42
173111430741137,639217,42
173111431628324,639259,42
173111432693532,639301,42
173111433760980,639343,42
173111434827491,639385,42
173111435895980,639427,42
173111436966084,639469,42
173111438028741,639511,42
173111439096397,639553,42
173111440544418,639595,42
173111441259314,639637,42
173111441330824,639679,42
173111443402751,639721,42
173111443476866,639763,42
173111444466762,639805,42
173111445530407,639847,42
173111446593376,639889,42
173111447664470,639931,42
173111448734574,639973,42
173111449805043,640015,42
173111450875668,640057,42
173111451941084,640099,42
173111453008064,640141,42
173111454076189,640183,42
173111455145720,640225,42
173111456218689,640267,42
173111456292647,640309,20
173111457279991,640329,42
173111458347699,640371,42
173111459418116,640413,42
173111460511241,640455,42
173111460600772,640497,42
173111461555616,640539,42
173111462628064,640581,42
173111463699366,640623,42
173111464776657,640665,42
173111465840251,640707,42
173111466910928,640749,42
173111467984470,640791,42
173111469053636,640833,42
173111470357595,640875,42
173111471207647,640917,42
173111472273897,640959,42
173111473342439,641001,42
173111474414574,641043,42
173111475481397,641085,42
173111476583428,641127,42
173111477645355,641169,42
173111477721605,641211,42
173111478713689,641253,42
173111479774470,641295,42
173111481000980,641337,42
173111482061553,641379,42
173111483136241,641421,42
173111484204470,641463,42
173111485268584,641505,42
173111486339678,641547,42
173111487406553,641589,42
173111488484991,641631,42
173111489547334,641673,42
173111489622803,641715,20
173111490725199,641735,42
173111491799886,641777,42
173111491874678,641819,42
173111492866918,641861,42
173111493929366,641903,42
173111494997230,641945,42
173111496062439,641987,42
173111497135564,642029,42
173111498209105,642071,42
173111499275251,642113,42
173111500536553,642155,42
173111501413324,642197,42
173111502478480,642239,42
173111503546866,642281,42
173111504614418,642323,42
173111505692751,642365,42
173111506757491,642407,42
173111507828480,642449,42
173111507906084,642491,42
173111508890251,642533,42
173111510240616,642575,42
173111511068584,642617,42
173111512120303,642659,42
173111513185199,642701,42
173111514249001,642743,42
173111515316814,642785,42
173111516383220,642827,42
173111517458376,642869,42
173111518524261,642911,42
173111519588845,642953,42
173111520956293,642995,42
173111522017543,643037,42
173111522156241,643079,42
173111523256084,643121,20
173111523348220,643141,42
173111524177959,643183,42
173111525246501,643225,42
173111526321241,643267,42
173111527393011,643309,42
173111528473064,643351,42
173111529560251,643393,42
173111530764157,643435,42
173111531728741,643477,42
173111533496709,643519,42
173111533900459,643561,42
173111534958793,643603,42
173111535030980,643645,42
173111536024157,643687,42
173111537092855,643729,42
173111538164470,643771,42
173111539237282,643813,42
173111540383532,643855,42
173111541389157,643897,42
173111542449834,643939,42
173111543517178,643981,42
173111544589314,644023,42
173111545669470,644065,42
173111546734418,644107,42
173111547821084,644149,42
173111548879626,644191,42
173111549989470,644233,42
173111551102907,644275,42
173111551192699,644317,42
173111552156189,644359,42
173111553229886,644401,42
173111554302647,644443,42
173111555381814,644485,42
173111556458272,644527,20
173111556534834,644547,42
173111557529574,644589,42
173111558602699,644631,42
173111559678376,644673,42
173111560949053,644715,42
173111561843584,644757,42
173111562898949,644799,42
173111563974105,644841,42
173111565044991,644883,42
173111566104157,644925,42
173111566174053,644967,42
173111567174574,645009,42
173111568244105,645051,42
173111569314834,645093,42
173111570396345,645135,42
173111571459522,645177,42
173111572523897,645219,42
173111573591449,645261,42
173111574671918,645303,42
173111575738272,645345,42
173111576802439,645387,42
173111577875720,645429,42
173111578939209,645471,42
173111580135147,645513,42
173111581091866,645555,42
173111582161189,645597,42
173111583280928,645639,42
173111584298116,645681,42
173111584366449,645723,42
173111585364366,645765,42
173111586433428,645807,42
173111587503324,645849,42
173111588659105,645891,42
173111589751189,645933,20
173111589818845,645953,42
173111590831241,645995,42
173111591895095,646037,42
173111592961136,646079,42
173111594029314,646121,42
173111595096345,646163,42
173111596173272,646205,42
173111597234574,646247,42
173111598314782,646289,42
173111599376709,646331,42
173111599445251,646373,42
173111600467334,646415,42
173111601521241,646457,42
173111602584939,646499,42
173111603682074,646541,42
173111604743636,646583,42
173111605809991,646625,42
173111606884522,646667,42
173111607955824,646709,42
173111609023689,646751,42
173111610187491,646793,42
173111611491136,646835,42
173111612248116,646877,42
173111613309366,646919,42
173111614377751,646961,42
173111615440459,647003,42
173111615513064,647045,42
173111616626814,647087,42
173111617601293,647129,42
173111618666761,647171,42
173111619732907,647213,42
173111620822126,647255,42
173111621953324,647297,42
173111622954522,647339,42
173111623025564,647381,20
173111624026345,647401,42
173111625093689,647443,42
173111626161397,647485,42
173111627228428,647527,42
173111628297126,647569,42
173111629367230,647611,42
173111630448793,647653,42
173111631534939,647695,42
173111631612751,647737,42
173111632592959,647779,42
173111633659157,647821,42
173111634731449,647863,42
173111635799053,647905,42
173111636865459,647947,42
173111637938324,647989,42
173111639007595,648031,42
173111640094209,648073,42
173111641161866,648115,42
173111642218532,648157,42
173111643288793,648199,42
173111644363949,648241,42
173111645452282,648283,42
173111646518584,648325,42
173111647581814,648367,42
173111648656241,648409,42
173111648731032,648451,42
173111649720616,648493,42
173111650809261,648535,42
173111651867595,648577,42
173111652936136,648619,42
173111654005876,648661,42
173111655086189,648703,42
173111656149939,648745,42
173111656219730,648787,20
173111657215668,648807,42
173111658290459,648849,42
173111659370199,648891,42
173111660450199,648933,42
173111661564053,648975,42
173111662622282,649017,42
173111663714209,649059,42
173111664740876,649101,42
173111664818480,649143,42
173111665788897,649185,42
173111666898168,649227,42
173111667969261,649269,42
173111669041970,649311,42
173111670228949,649353,42
173111671199157,649395,42
173111672271814,649437,42
173111673353220,649479,42
173111674427439,649521,42
173111675498376,649563,42
173111676574157,649605,42
173111677648480,649647,42
173111678735564,649689,42
173111679802647,649731,42
173111680938168,649773,42
173111681032230,649815,42
173111681994105,649857,42
173111683093168,649899,42
173111684127907,649941,42
173111685220876,649983,42
173111686281657,650025,42
173111687358845,650067,42
173111688431188,650109,42
173111689502491,650151,42
173111690713063,650193,20
173111690802647,650213,42
173111691654313,650255,42
173111692726866,650297,42
173111693802543,650339,42
173111694877907,650381,42
173111695955668,650423,42
173111696032126,650465,42
173111697046397,650507,42
173111698112126,650549,42
173111699172595,650591,42
173111700263116,650633,42
173111701388011,650675,42
173111702444053,650717,42
173111703513168,650759,42
173111704579574,650801,42
173111705651032,650843,42
173111706721397,650885,42
173111707793480,650927,42
173111708859991,650969,42
173111709927907,651011,42
173111711013480,651053,42
173111712073220,651095,42
173111712143168,651137,42
173111713164366,651179,42
173111714235668,651221,42
173111715304470,651263,42
173111716373636,651305,42
173111717441657,651347,42
173111718505772,651389,42
173111719575043,651431,42
173111720669001,651473,42
173111721738949,651515,42
173111722799053,651557,42
173111722867178,651599,20
173111723871293,651619,42
173111724937959,651661,42
173111726008116,651703,42
173111727077751,651745,42
173111728144366,651787,42
173111728212126,651829,42
173111729240928,651871,42
173111730297491,651913,42
173111731428116,651955,42
173111732486449,651997,42
173111733553220,652039,42
173111734622178,652081,42
173111735694209,652123,42
173111736763480,652165,42
173111737830876,652207,42
173111738900824,652249,42
173111739969418,652291,42
173111741069834,652333,42
173111742131084,652375,42
173111743228376,652417,42
173111743302907,652459,42
173111744274105,652501,42
173111745351345,652543,42
173111746420511,652585,42
173111747475668,652627,42
173111748556397,652669,42
173111749621605,652711,42
173111750712751,652753,42
173111751767230,652795,42
173111752834886,652837,42
173111753906501,652879,42
173111754982178,652921,42
173111756045876,652963,42
173111756116345,653005,20
173111757124522,653025,42
173111758191032,653067,42
173111759258897,653109,42
173111760345668,653151,42
173111760428116,653193,42
173111761402647,653235,42
173111762464522,653277,42
173111763979730,653319,42
173111764727699,653361,42
173111765785199,653403,42
173111766851345,653445,42
173111767919001,653487,42
173111768988376,653529,42
173111770063220,653571,42
173111771145407,653613,42
173111772200459,653655,42
173111773266813,653697,42
173111774376918,653739,42
173111775445199,653781,42
173111775514105,653823,42
173111776514470,653865,42
173111777589730,653907,42
173111778653168,653949,42
173111779763741,653991,42
173111780812959,654033,42
173111781873845,654075,42
173111782943688,654117,42
173111784015147,654159,42
173111785094157,654201,42
173111786153845,654243,42
173111787221866,654285,42
173111788313376,654327,42
173111789362751,654369,42
173111789429001,654411,20
173111790444991,654431,42
173111791505251,654473,42
173111791572855,654515,42
173111792573741,654557,42
173111793641136,654599,42
173111794710407,654641,42
173111795787074,654683,42
173111796851866,654725,42
173111798018324,654767,42
173111799093845,654809,42
173111800423428,654851,42
173111801232491,654893,42
173111802294574,654935,42
173111803364678,654977,42
173111804433636,655019,42
173111805503897,655061,42
173111806573480,655103,42
173111807709157,655145,42
173111807778480,655187,42
173111809207022,655229,42
173111809875511,655271,42
173111810942126,655313,42
173111812012126,655355,42
173111813095824,655397,42
173111814207751,655439,42
173111815240407,655481,42
173111816308063,655523,42
173111817374574,655565,42
173111818438845,655607,42
173111819506241,655649,42
173111820708168,655691,42
173111821774313,655733,42
173111821844522,655775,42
173111822836397,655817,20
173111822906501,655837,42
173111823903220,655879,42
173111824974157,655921,42
173111826176709,655963,42
173111827149574,656005,42
173111828203532,656047,42
173111829272230,656089,42
173111830469366,656131,42
173111831440511,656173,42
173111832505772,656215,42
173111833570459,656257,42
173111834639782,656299,42
173111835707126,656341,42
173111836774261,656383,42
173111837849574,656425,42
173111837924313,656467,42
173111838912959,656509,42
173111840418116,656551,42
173111841377699,656593,42
173111842435720,656635,42
173111843530147,656677,42
173111844588741,656719,42
173111845675876,656761,42
173111846727595,656803,42
173111847838428,656845,42
173111848869001,656887,42
173111848940563,656929,42
173111849972647,656971,42
173111851045095,657013,42
173111852100720,657055,42
173111853169418,657097,42
173111854252230,657139,42
173111855375095,657181,42
173111856438897,657223,20
173111856507022,657243,42
173111857511918,657285,42
173111858584626,657327,42
173111859654626,657369,42
173111860763688,657411,42
173111861832595,657453,42
173111862898532,657495,42
173111863975616,657537,42
173111864051397,657579,42
173111865085407,657621,42
173111866118220,657663,42
173111867182855,657705,42
173111868303845,657747,42
173111869356970,657789,42
173111870464313,657831,42
173111871489313,657873,42
173111872555720,657915,42
173111873625616,657957,42
173111874703376,657999,42
173111875769470,658041,42
173111876837074,658083,42
173111877914313,658125,42
173111878978116,658167,42
173111880398168,658209,42
173111880489001,658251,42
173111881131918,658293,42
173111882246397,658335,42
173111883297595,658377,42
173111884361605,658419,42
173111885426657,658461,42
173111886495407,658503,42
173111887561813,658545,42
173111888637751,658587,42
173111889709209,658629,42
173111889784366,658671,20
173111890794834,658691,42
173111891854938,658733,42
173111892921918,658775,42
173111893991761,658817,42
173111895064157,658859,42
173111896179209,658901,42
173111896256501,658943,42
173111897224105,658985,42
173111898324053,659027,42
173111899379053,659069,42
173111900476761,659111,42
173111901516813,659153,42
173111902579365,659195,42
173111903650563,659237,42
173111904721032,659279,42
173111905791397,659321,42
173111906862074,659363,42
173111907943115,659405,42
173111909006240,659447,42
173111910299365,659489,42
173111911173480,659531,42
173111912243428,659573,42
173111913307907,659615,42
173111913384678,659657,42
173111914380876,659699,42
173111915604001,659741,42
173111916555511,659783,42
173111917607074,659825,42
173111918672334,659867,42
173111919741813,659909,42
173111920844574,659951,42
173111921940563,659993,42
173111923008480,660035,42
173111923076865,660077,20
173111924083897,660097,42
173111925153376,660139,42
173111926218688,660181,42
173111927292126,660223,42
173111928368063,660265,42
173111928436345,660307,42
173111929430563,660349,42
173111930528324,660391,42
173111931679574,660433,42
173111932691084,660475,42
173111933727959,660517,42
173111934792959,660559,42
173111935863272,660601,42
173111936932334,660643,42
173111938011084,660685,42
173111939080303,660727,42
173111940408115,660769,42
173111941233063,660811,42
173111942296032,660853,42
173111943370303,660895,42
173111944429782,660937,42
173111944497647,660979,42
173111945514157,661021,42
173111946569209,661063,42
173111947657022,661105,42
173111948711657,661147,42
173111949794938,661189,42
173111950945459,661231,42
173111951985043,661273,42
173111953054626,661315,42
173111954122907,661357,42
173111955261032,661399,42
173111956267074,661441,42
173111956338220,661483,20
173111957337907,661503,42
173111958410928,661545,42
173111959477959,661587,42
173111960655563,661629,42
173111960744105,661671,42
173111961625095,661713,42
173111962687282,661755,42
173111963773636,661797,42
173111964845511,661839,42
173111966503636,661881,42
173111966988845,661923,42
173111968052543,661965,42
173111969117855,662007,42
173111970358793,662049,42
173111971266970,662091,42
173111972336918,662133,42
173111973401709,662175,42
173111974470251,662217,42
173111975545459,662259,42
173111976615355,662301,42
173111977676449,662343,42
173111977745407,662385,42
173111978766449,662427,42
173111979826136,662469,42
173111980934678,662511,42
173111981981761,662553,42
173111983058532,662595,42
173111984127490,662637,42
173111985193949,662679,42
173111986262803,662721,42
173111987332386,662763,42
173111988405147,662805,42
173111989473584,662847,42
173111989542751,662889,20
173111990639626,662909,42
173111991619001,662951,42
173111992685511,662993,42
173111993764209,663035,42
173111993834730,663077,42
173111994853220,663119,42
173111995903272,663161,42
173111996975511,663203,42
173111998106449,663245,42
173111999163011,663287,42
173112000436709,663329,42
173112001311136,663371,42
173112002374990,663413,42
173112003446813,663455,42
173112004521293,663497,42
173112005589313,663539,42
173112006657595,663581,42
173112007725251,663623,42
173112008789522,663665,42
173112009864730,663707,42
173112009932126,663749,42
173112010957386,663791,42
173112012011657,663833,42
173112013057907,663875,42
173112014132386,663917,42
173112015180199,663959,42
173112016254678,664001,42
173112017331345,664043,42
173112018387543,664085,42
173112019451970,664127,42
173112020652699,664169,42
173112021595251,664211,42
173112022662282,664253,42
173112022732751,664295,20
173112023732595,664315,42
173112024801449,664357,42
173112025868272,664399,42
173112026939574,664441,42
173112028006813,664483,42
173112028075459,664525,42
173112029085043,664567,42
173112030354053,664609,42
173112031329261,664651,42
173112032295043,664693,42
173112033366865,664735,42
173112034439157,664777,42
173112035513115,664819,42
173112036581553,664861,42
173112037651918,664903,42
173112038723168,664945,42
173112039789990,664987,42
173112040957595,665029,42
173112041943376,665071,42
173112043012699,665113,42
173112044069834,665155,42
173112044138845,665197,42
173112045167386,665239,42
173112046212959,665281,42
173112047298376,665323,42
173112048361188,665365,42
173112049431449,665407,42
173112050556449,665449,42
173112051574834,665491,42
173112052647647,665533,42
173112053716813,665575,42
173112054846605,665617,42
173112055849990,665659,42
173112055917751,665701,20
173112056923793,665721,42
173112057991865,665763,42
173112059061761,665805,42
173112060429209,665847,42
173112061209001,665889,42
173112061281293,665931,42
173112062274886,665973,42
173112063342126,666015,42
173112064474626,666057,42
173112065479105,666099,42
173112066551032,666141,42
173112067756032,666183,42
173112068697907,666225,42
173112069763220,666267,42
173112070843011,666309,42
173112071910876,666351,42
173112072974938,666393,42
173112074050199,666435,42
173112075117334,666477,42
173112076193793,666519,42
173112077265199,666561,42
173112077335772,666603,42
173112078333949,666645,42
173112079409470,666687,42
173112080503115,666729,42
173112081554678,666771,42
173112082609990,666813,42
173112083752022,666855,42
173112084810563,666897,42
173112085885251,666939,42
173112086950511,666981,42
173112088019209,667023,42
173112089094678,667065,42
173112090240563,667107,20
173112090323949,667127,42
173112091245459,667169,42
173112092308115,667211,42
173112093378584,667253,42
173112094448063,667295,42
173112094514990,667337,42
173112095519365,667379,42
173112096579470,667421,42
173112097672438,667463,42
173112098722178,667505,42
173112099794470,667547,42
173112100880511,667589,42
173112101955355,667631,42
173112103010980,667673,42
173112104078428,667715,42
173112105162855,667757,42
173112106224990,667799,42
173112107295251,667841,42
173112108362543,667883,42
173112109468688,667925,42
173112109535772,667967,42
173112110529626,668009,42
173112111570668,668051,42
173112112648428,668093,42
173112113704938,668135,42
173112114783168,668177,42
173112115844105,668219,42
173112117007022,668261,42
173112118372595,668303,42
173112119077595,668345,42
173112120430251,668387,42
173112121216761,668429,42
173112122276240,668471,42
173112123347647,668513,42
173112123416292,668555,20
173112124418167,668575,42
173112125485720,668617,42
173112128644053,668659,42
173112128726917,668701,42
173112128789365,668743,42
173112128848636,668785,42
173112129782074,668827,42
173112130953324,668869,42
173112131959261,668911,42
173112133030251,668953,42
173112134097282,668995,42
173112135177074,669037,42
173112136243740,669079,42
173112137303740,669121,42
173112138380407,669163,42
173112139456813,669205,42
173112140636657,669247,42
173112141605147,669289,42
173112142214574,669331,42
173112145085355,669373,42
173112145572334,669415,42
173112145648584,669457,42
173112145711657,669499,42
173112147726657,669541,42
173112148800251,669583,42
173112148878636,669625,42
173112149994365,669667,42
173112150948480,669709,42
173112152034365,669751,42
173112153110251,669793,42
173112154180824,669835,42
173112155327230,669877,42
173112156400303,669919,42
173112156474574,669961,20
173112157461032,669981,42
173112158554313,670023,42
173112159627334,670065,42
173112160615459,670107,42
173112161600147,670149,42
173112162630355,670191,42
173112164094730,670233,42
173112164662490,670275,42
173112164676240,670317,42
173112165701813,670359,42
173112166736553,670401,42
173112167865928,670443,42
173112169065980,670485,42
173112169787803,670527,42
173112170809209,670569,42
173112171837126,670611,42
173112172854470,670653,42
173112174176761,670695,42
173112174906501,670737,42
173112175930563,670779,42
173112176948636,670821,42
173112177976292,670863,42
173112179101032,670905,42
173112180416605,670947,42
173112181038428,670989,42
173112182064678,671031,42
173112183114001,671073,42
173112184102803,671115,42
173112185482282,671157,42
173112186164261,671199,42
173112187170407,671241,42
173112188202490,671283,42
173112189216813,671325,42
173112189231240,671367,20
173112190449938,671387,42
173112191258897,671429,42
173112192277542,671471,42
173112193297751,671513,42
173112194318532,671555,42
173112195343324,671597,42
173112196362178,671639,42
173112197590824,671681,42
173112198406917,671723,42
173112199440355,671765,42
173112200482542,671807,42
173112201488324,671849,42
173112202610772,671891,42
173112203830199,671933,42
173112204541397,671975,42
173112205562595,672017,42
173112206583792,672059,42
173112207600251,672101,42
173112208802490,672143,42
173112209640251,672185,42
173112210661188,672227,42
173112211682803,672269,42
173112212702699,672311,42
173112213790407,672353,42
173112215015303,672395,42
173112215769626,672437,42
173112216781970,672479,42
173112217968636,672521,42
173112219323949,672563,42
173112219878688,672605,42
173112220918428,672647,42
173112221906292,672689,42
173112222922022,672731,42
173112222938480,672773,20
173112223936761,672793,42
173112224960042,672835,42
173112225976865,672877,42
173112227003220,672919,42
173112228020667,672961,42
173112229040355,673003,42
173112230073532,673045,42
173112230090511,673087,42
173112231080459,673129,42
173112232108063,673171,42
173112233423272,673213,42
173112234159261,673255,42
173112235169053,673297,42
173112236189470,673339,42
173112237206813,673381,42
173112238315667,673423,42
173112239536397,673465,42
173112240272490,673507,42
173112241292803,673549,42
173112242313740,673591,42
173112243342074,673633,42
173112244414209,673675,42
173112245390980,673717,42
173112246403584,673759,42
173112247425928,673801,42
173112248444678,673843,42
173112249463636,673885,42
173112250492126,673927,42
173112251525824,673969,42
173112252553897,674011,42
173112253553845,674053,42
173112254571501,674095,42
173112255678532,674137,42
173112256885980,674179,20
173112256900615,674199,42
173112257634626,674241,42
173112258652074,674283,42
173112259674990,674325,42
173112260716553,674367,42
173112261717282,674409,42
173112262742699,674451,42
173112263870199,674493,42
173112265103740,674535,42
173112265817751,674577,42
173112266837959,674619,42
173112267850199,674661,42
173112269001553,674703,42
173112269884938,674745,42
173112270912178,674787,42
173112271924522,674829,42
173112273019417,674871,42
173112274229209,674913,42
173112274983272,674955,42
173112276005459,674997,42
173112277022542,675039,42
173112278048115,675081,42
173112279073792,675123,42
173112280175824,675165,42
173112281110980,675207,42
173112282133792,675249,42
173112283150563,675291,42
173112284184678,675333,42
173112285215824,675375,42
173112286233220,675417,42
173112287240667,675459,42
173112288260407,675501,42
173112289281761,675543,42
173112289295251,675585,20
173112290402542,675605,42
173112291618636,675647,42
173112292344105,675689,42
173112293364417,675731,42
173112294382959,675773,42
173112295404730,675815,42
173112296433220,675857,42
173112297448220,675899,42
173112298476813,675941,42
173112299509990,675983,42
173112299527699,676025,42
173112300528740,676067,42
173112301617490,676109,42
173112302835459,676151,42
173112303572647,676193,42
173112304592647,676235,42
173112305611813,676277,42
173112306640563,676319,42
173112307657074,676361,42
173112308675147,676403,42
173112309697959,676445,42
173112310720824,676487,42
173112311737751,676529,42
173112312804261,676571,42
173112313777126,676613,42
173112314799782,676655,42
173112315817178,676697,42
173112316837542,676739,42
173112317856657,676781,42
173112318884990,676823,42
173112319942282,676865,42
173112320937126,676907,42
173112322055251,676949,42
173112322963428,676991,20
173112322975876,677011,42
173112324008115,677053,42
173112325004886,677095,42
173112326025824,677137,42
173112327045928,677179,42
173112328065251,677221,42
173112329084834,677263,42
173112330114522,677305,42
173112331128532,677347,42
173112332160720,677389,42
173112333190928,677431,42
173112334193220,677473,42
173112335215772,677515,42
173112336235563,677557,42
173112337323115,677599,42
173112338273219,677641,42
173112339296761,677683,42
173112340324417,677725,42
173112341336344,677767,42
173112342358897,677809,42
173112343386761,677851,42
173112344415876,677893,42
173112345429001,677935,42
173112346451865,677977,42
173112347476240,678019,42
173112348497230,678061,42
173112349560772,678103,42
173112350545459,678145,42
173112351560615,678187,42
173112352591605,678229,42
173112353614001,678271,42
173112354631397,678313,42
173112355663897,678355,42
173112356671344,678397,20
173112356684782,678417,42
173112357691969,678459,42
173112358713897,678501,42
173112359735772,678543,42
173112360758428,678585,42
173112361781449,678627,42
173112362799678,678669,42
173112363822594,678711,42
173112364843584,678753,42
173112365872074,678795,42
173112366894469,678837,42
173112367916865,678879,42
173112367930251,678921,42
173112368935355,678963,42
173112369951709,679005,42
173112370988480,679047,42
173112372011084,679089,42
173112373027855,679131,42
173112374048376,679173,42
173112375069365,679215,42
173112376085303,679257,42
173112377108636,679299,42
173112378125824,679341,42
173112379148167,679383,42
173112380170563,679425,42
173112381191657,679467,42
173112382209209,679509,42
173112383290980,679551,42
173112384256032,679593,42
173112385296188,679635,42
173112386381397,679677,42
173112387442959,679719,42
173112388454574,679761,42
173112389361240,679803,42
173112389372438,679845,20
173112390400719,679865,42
173112391397438,679907,42
173112392418376,679949,42
173112393437334,679991,42
173112394466136,680033,42
173112395475459,680075,42
173112396497803,680117,42
173112397517594,680159,42
173112398537959,680201,42
173112399561397,680243,42
173112400589209,680285,42
173112401603584,680327,42
173112402620459,680369,42
173112403640459,680411,42
173112404659261,680453,42
173112405681449,680495,42
173112406702699,680537,42
173112407725824,680579,42
173112408745824,680621,42
173112409765667,680663,42
173112410785563,680705,42
173112411804522,680747,42
173112412824938,680789,42
173112413844522,680831,42
173112414866501,680873,42
173112415887282,680915,42
173112416907647,680957,42
173112417927542,680999,42
173112418975251,681041,42
173112420062959,681083,42
173112421120407,681125,42
173112422247699,681167,42
173112423145407,681209,42
173112423159782,681251,20
173112424064574,681271,42
173112425086657,681313,42
173112426106449,681355,42
173112427128219,681397,42
173112428149105,681439,42
173112429175511,681481,42
173112430202334,681523,42
173112431216344,681565,42
173112432236292,681607,42
173112433262699,681649,42
173112434287386,681691,42
173112435308063,681733,42
173112436323480,681775,42
173112436336032,681817,42
173112437344938,681859,42
173112438366553,681901,42
173112439389209,681943,42
173112440417230,681985,42
173112441441188,682027,42
173112442461605,682069,42
173112443481501,682111,42
173112444507751,682153,42
173112445525459,682195,42
173112446546865,682237,42
173112447584886,682279,42
173112448603688,682321,42
173112449613011,682363,42
173112450659261,682405,42
173112451676136,682447,42
173112452685928,682489,42
173112453707230,682531,42
173112454732178,682573,42
173112455747282,682615,42
173112456768532,682657,20
173112456781969,682677,42
173112457791240,682719,42
173112458813219,682761,42
173112459834678,682803,42
173112460860928,682845,42
173112461880407,682887,42
173112462899990,682929,42
173112463923532,682971,42
173112464946553,683013,42
173112465979990,683055,42
173112467004469,683097,42
173112468013688,683139,42
173112469037855,683181,42
173112470096969,683223,42
173112471083219,683265,42
173112472103844,683307,42
173112473125563,683349,42
173112474150772,683391,42
173112475173011,683433,42
173112476191553,683475,42
173112477215511,683517,42
173112478236813,683559,42
173112479257907,683601,42
173112480531865,683643,42
173112481425876,683685,42
173112482464730,683727,42
173112483504938,683769,42
173112484553219,683811,42
173112485596657,683853,42
173112486642126,683895,42
173112487686449,683937,42
173112488733272,683979,42
173112488776553,684021,42
173112489773115,684063,20
173112489815928,684083,42
173112490822699,684125,42
173112491866397,684167,42
173112492907126,684209,42
173112493953532,684251,42
173112495000303,684293,42
173112496041865,684335,42
173112497083011,684377,42
173112498133272,684419,42
173112499183324,684461,42
173112500413740,684503,42
173112501316397,684545,42
173112502364938,684587,42
173112503413272,684629,42
173112504461865,684671,42
173112505511344,684713,42
173112506561813,684755,42
173112507609469,684797,42
173112508668532,684839,42
173112509711813,684881,42
173112511002126,684923,42
173112511829834,684965,42
173112511882022,685007,42
173112513927751,685049,42
173112513982386,685091,42
173112514986397,685133,42
173112516021917,685175,42
173112517093480,685217,42
173112518129209,685259,42
173112519178844,685301,42
173112520484834,685343,42
173112521289157,685385,42
173112522322282,685427,42
173112523516292,685469,20
173112523574053,685489,42
173112524417803,685531,42
173112525466969,685573,42
173112526513584,685615,42
173112527553636,685657,42
173112528603532,685699,42
173112529647699,685741,42
173112530780147,685783,42
173112531741657,685825,42
173112532794574,685867,42
173112533840719,685909,42
173112535415355,685951,42
173112535936709,685993,42
173112536979522,686035,42
173112538021344,686077,42
173112538071084,686119,42
173112539068480,686161,42
173112540333688,686203,42
173112541170459,686245,42
173112542208115,686287,42
173112543289886,686329,42
173112544388844,686371,42
173112545567334,686413,42
173112546418272,686455,42
173112547481084,686497,42
173112548506709,686539,42
173112549549834,686581,42
173112550704834,686623,42
173112551681449,686665,42
173112552730772,686707,42
173112553771032,686749,42
173112554825199,686791,42
173112555868949,686833,42
173112555915876,686875,20
173112556914157,686895,42
173112557960928,686937,42
173112559008115,686979,42
173112560069053,687021,42
173112561575199,687063,42
173112562309105,687105,42
173112562381084,687147,42
173112563396240,687189,42
173112564505980,687231,42
173112565630615,687273,42
173112566678376,687315,42
173112567746969,687357,42
173112568816761,687399,42
173112569885042,687441,42
173112571015303,687483,42
173112572077178,687525,42
173112573144105,687567,42
173112574215928,687609,42
173112575279053,687651,42
173112576347646,687693,42
173112576422959,687735,42
173112577416240,687777,42
173112578484938,687819,42
173112579551240,687861,42
173112580903428,687903,42
173112581969417,687945,42
173112583038324,687987,42
173112584109730,688029,42
173112585172490,688071,42
173112586243115,688113,42
173112587316084,688155,42
173112588385980,688197,42
173112589457751,688239,42
173112589534313,688281,20
173112589598219,688301,42
173112590525876,688343,42
173112591591865,688385,42
173112592657855,688427,42
173112593721084,688469,42
173112594786657,688511,42
173112595859313,688553,42
173112599529678,688595,42
173112600379157,688637,42
173112600538271,688679,42
173112600607126,688721,42
173112600667282,688763,42
173112602156396,688805,42
173112603224678,688847,42
173112604294626,688889,42
173112605358792,688931,42
173112606425667,688973,42
173112607501553,689015,42
173112607568480,689057,42
173112608575928,689099,42
173112609636969,689141,42
173112610787021,689183,42
173112611792230,689225,42
173112612917594,689267,42
173112613948271,689309,42
173112615014990,689351,42
173112616089886,689393,42
173112617153376,689435,42
173112618225980,689477,42
173112619290563,689519,42
173112620536240,689561,42
173112621434469,689603,42
173112622501396,689645,42
173112623574730,689687,20
173112623649938,689707,42
173112624640876,689749,42
173112624716084,689791,42
173112625711969,689833,42
173112626775511,689875,42
173112627847907,689917,42
173112628909365,689959,42
173112629985771,690001,42
173112631053792,690043,42
173112632117074,690085,42
173112633196657,690127,42
173112634259730,690169,42
173112635326292,690211,42
173112636391761,690253,42
173112637465980,690295,42
173112638532490,690337,42
173112639595980,690379,42
173112640965771,690421,42
173112642030876,690463,42
173112642106761,690505,42
173112643094782,690547,42
173112644161032,690589,42
173112645230407,690631,42
173112646294678,690673,42
173112647369521,690715,42
173112648429834,690757,42
173112649500824,690799,42
173112650725303,690841,42
173112651649834,690883,42
173112651726292,690925,42
173112653768324,690967,42
173112654861865,691009,42
173112654936032,691051,42
173112655918688,691093,42
173112655993792,691135,20
173112656985146,691155,42
173112658047907,691197,42
173112659116136,691239,42
173112660571396,691281,42
173112661277074,691323,42
173112662328949,691365,42
173112663412074,691407,42
173112664475146,691449,42
173112665545928,691491,42
173112666618636,691533,42
173112667686396,691575,42
173112668756240,691617,42
173112669826501,691659,42
173112670916344,691701,42
173112671007282,691743,42
173112671982855,691785,42
173112673050563,691827,42
173112674120094,691869,42
173112675192959,691911,42
173112676252542,691953,42
173112677368115,691995,42
173112678422178,692037,42
173112679481396,692079,42
173112680893949,692121,42
173112681633949,692163,42
173112682708792,692205,42
173112683773792,692247,42
173112684842282,692289,42
173112685915303,692331,42
173112686981605,692373,42
173112687048480,692415,42
173112688054678,692457,42
173112689126761,692499,42
173112690257751,692541,20
173112690342178,692561,42
173112691270355,692603,42
173112692337490,692645,42
173112693407438,692687,42
173112694486084,692729,42
173112695544001,692771,42
173112696634678,692813,42
173112697695459,692855,42
173112698764678,692897,42
173112699837386,692939,42
173112700923480,692981,42
173112701984469,693023,42
173112703050980,693065,42
173112704129782,693107,42
173112704196605,693149,42
173112705198949,693191,42
173112706263324,693233,42
173112707332699,693275,42
173112708406553,693317,42
173112709478896,693359,42
173112710663636,693401,42
173112711639626,693443,42
173112712692594,693485,42
173112713797907,693527,42
173112714855407,693569,42
173112715928271,693611,42
173112716996501,693653,42
173112718086240,693695,42
173112719138584,693737,42
173112720538011,693779,42
173112720627646,693821,42
173112721291969,693863,42
173112722357126,693905,42
173112723429574,693947,20
173112723498480,693967,42
173112724495667,694009,42
173112725563480,694051,42
173112726634521,694093,42
173112727719105,694135,42
173112728773428,694177,42
173112729887074,694219,42
173112730940824,694261,42
173112732010251,694303,42
173112733117594,694345,42
173112734146032,694387,42
173112735217074,694429,42
173112736289678,694471,42
173112736359834,694513,42
173112737360824,694555,42
173112738431657,694597,42
173112739499365,694639,42
173112740671813,694681,42
173112741650876,694723,42
173112742710615,694765,42
173112743783376,694807,42
173112744874938,694849,42
173112745930094,694891,42
173112747012438,694933,42
173112748071969,694975,42
173112749183792,695017,42
173112750363792,695059,42
173112751319261,695101,42
173112752386605,695143,42
173112753459313,695185,42
173112753534313,695227,42
173112754527959,695269,42
173112755595824,695311,42
173112756665355,695353,20
173112756740928,695373,42
173112757730094,695415,42
173112758795303,695457,42
173112759863896,695499,42
173112760977542,695541,42
173112762026865,695583,42
173112763136084,695625,42
173112764182751,695667,42
173112765250563,695709,42
173112766322438,695751,42
173112767386292,695793,42
173112768456553,695835,42
173112769526188,695877,42
173112769603271,695919,42
173112770762542,695961,42
173112771828063,696003,42
173112772962230,696045,42
173112773962751,696087,42
173112775051032,696129,42
173112776098011,696171,42
173112777174157,696213,42
173112778244313,696255,42
173112779304053,696297,42
173112780532230,696339,42
173112781444521,696381,42
173112782521136,696423,42
173112783589678,696465,42
173112783665823,696507,42
173112784661448,696549,42
173112785728948,696591,42
173112786881709,696633,42
173112787863063,696675,42
173112788935146,696717,42
173112790212698,696759,20
173112790304573,696779,42
173112791074938,696821,42
173112792140251,696863,42
173112793207803,696905,42
173112794279782,696947,42
173112795336813,696989,42
173112796415459,697031,42
173112797476605,697073,42
173112798549157,697115,42
173112799619990,697157,42
173112800921188,697199,42
173112801010719,697241,42
173112801984001,697283,42
173112803047386,697325,42
173112804121188,697367,42
173112805184782,697409,42
173112806254626,697451,42
173112807318428,697493,42
173112808405615,697535,42
173112809460407,697577,42
173112810709469,697619,42
173112811596188,697661,42
173112811670407,697703,42
173112813726657,697745,42
173112814799573,697787,42
173112814876553,697829,42
173112815868323,697871,42
173112816932646,697913,42
173112818009053,697955,42
173112819074834,697997,42
173112820480146,698039,42
173112821232646,698081,42
173112822295928,698123,42
173112823363167,698165,20
173112823430355,698185,42
173112824429157,698227,42
173112825502386,698269,42
173112826571292,698311,42
173112827646553,698353,42
173112828706084,698395,42
173112829820771,698437,42
173112830897490,698479,42
173112830988584,698521,42
173112831934834,698563,42
173112833003584,698605,42
173112834072438,698647,42
173112835135719,698689,42
173112836205980,698731,42
173112837278271,698773,42
173112838344105,698815,42
173112839410511,698857,42
173112840541344,698899,42
173112841549417,698941,42
173112842610563,698983,42
173112843708167,699025,42
173112844770511,699067,42
173112845826761,699109,42
173112846923480,699151,42
173112847982230,699193,42
173112848049782,699235,42
173112849086605,699277,42
173112850313896,699319,42
173112851225771,699361,42
173112852291553,699403,42
173112853356136,699445,42
173112854426553,699487,42
173112855493115,699529,42
173112856564886,699571,20
173112856640094,699591,42
173112857633948,699633,42
173112858698480,699675,42
173112859766969,699717,42
173112861017230,699759,42
173112862079105,699801,42
173112862154105,699843,42
173112863143688,699885,42
173112864214521,699927,42
173112865277282,699969,42
173112866350251,700011,42
173112867416917,700053,42
173112868489886,700095,42
173112869555719,700137,42
173112870780094,700179,42
173112871847490,700221,42
173112872912594,700263,42
173112873975511,700305,42
173112875049990,700347,42
173112876120876,700389,42
173112877190928,700431,42
173112877269990,700473,42
173112878259834,700515,42
173112879318219,700557,42
173112880527698,700599,42
173112881459313,700641,42
173112882530303,700683,42
173112883595042,700725,42
173112884662386,700767,42
173112885734782,700809,42
173112886803063,700851,42
173112887866032,700893,42
173112888938063,700935,42
173112890211917,700977,20
173112890399834,700997,42
173112891098532,701039,42
173112892154365,701081,42
173112893225407,701123,42
173112894296448,701165,42
173112894364573,701207,42
173112895359782,701249,42
173112896470042,701291,42
173112897524573,701333,42
173112898589573,701375,42
173112899668011,701417,42
173112900929678,701459,42
173112901991501,701501,42
173112903058740,701543,42
173112904130615,701585,42
173112905198636,701627,42
173112906262490,701669,42
173112907328532,701711,42
173112908404313,701753,42
173112908479782,701795,42
173112909473844,701837,42
173112910711240,701879,42
173112911608480,701921,42
173112912670407,701963,42
173112913741813,702005,42
173112914799469,702047,42
173112915876032,702089,42
173112916935563,702131,42
173112918028428,702173,42
173112919101605,702215,42
173112920488219,702257,42
173112921240823,702299,42
173112921312282,702341,42
173112923372126,702383,42
173112923439521,702425,20
173112924438948,702445,42
173112924507646,702487,42
173112925509469,702529,42
173112926576813,702571,42
173112927640928,702613,42
173112928710146,702655,42
173112929780563,702697,42
173112930875719,702739,42
173112931934313,702781,42
173112933002230,702823,42
173112934075719,702865,42
173112935138896,702907,42
173112936209678,702949,42
173112937282646,702991,42
173112938356605,703033,42
173112939419157,703075,42
173112940541136,703117,42
173112941568376,703159,42
173112941638011,703201,42
173112942636813,703243,42
173112943694053,703285,42
173112944807178,703327,42
173112945860511,703369,42
173112946934886,703411,42
173112947994678,703453,42
173112949070042,703495,42
173112950452021,703537,42
173112951210042,703579,42
173112952279782,703621,42
173112953344886,703663,42
173112954416396,703705,42
173112955483584,703747,42
173112956560459,703789,42
173112956632594,703831,20
173112957623428,703851,42
173112958696605,703893,42
173112958771501,703935,42
173112959757542,703977,42
173112961065511,704019,42
173112962119938,704061,42
173112963186448,704103,42
173112964280980,704145,42
173112965322855,704187,42
173112966397334,704229,42
173112967460876,704271,42
173112968529990,704313,42
173112969601865,704355,42
173112970817594,704397,42
173112971890459,704439,42
173112971967334,704481,42
173112972953115,704523,42
173112974020459,704565,42
173112975085094,704607,42
173112976160251,704649,42
173112977220251,704691,42
173112978294938,704733,42
173112979357073,704775,42
173112980473376,704817,42
173112981503740,704859,42
173112982588011,704901,42
173112983649261,704943,42
173112984720928,704985,42
173112985796084,705027,42
173112986863428,705069,42
173112986929834,705111,42
173112987934834,705153,42
173112989006553,705195,42
173112990240511,705237,20
173112990325146,705257,42
173112991157542,705299,42
173112992223011,705341,42
173112993296657,705383,42
173112994370094,705425,42
173112995430303,705467,42
173112996550719,705509,42
173112997610823,705551,42
173112998666188,705593,42
173112999737021,705635,42
173113000834782,705677,42
173113001890198,705719,42
173113002959938,705761,42
173113003027803,705803,42
173113004034730,705845,42
173113005100459,705887,42
173113006168532,705929,42
173113007236448,705971,42
173113008315667,706013,42
173113009384105,706055,42
173113010535563,706097,42
173113011563323,706139,42
173113012617386,706181,42
173113013693271,706223,42
173113014751344,706265,42
173113015831136,706307,42
173113016896657,706349,42
173113017968063,706391,42
173113019042594,706433,42
173113019117959,706475,42
173113020442438,706517,42
173113021198115,706559,42
173113022262750,706601,42
173113023339053,706643,20
173113023416813,706663,42
173113024404678,706705,42
173113025466032,706747,42
173113026537490,706789,42
173113027615407,706831,42
173113028673219,706873,42
173113029744521,706915,42
173113030844417,706957,42
173113031913480,706999,42
173113032975042,707041,42
173113034044469,707083,42
173113035108532,707125,42
173113035179209,707167,42
173113036178063,707209,42
173113037253167,707251,42
173113038321709,707293,42
173113039389730,707335,42
173113040523428,707377,42
173113041536657,707419,42
173113042609469,707461,42
173113043667125,707503,42
173113044756500,707545,42
173113045813323,707587,42
173113046946865,707629,42
173113047975823,707671,42
173113049042542,707713,42
173113050293844,707755,42
173113051212855,707797,42
173113051293011,707839,42
173113052261865,707881,42
173113053324209,707923,42
173113054389625,707965,42
173113055457646,708007,42
173113056536605,708049,20
173113056609730,708069,42
173113057602230,708111,42
173113058669730,708153,42
173113059732334,708195,42
173113061028896,708237,42
173113062096500,708279,42
173113063150146,708321,42
173113064227750,708363,42
173113065378948,708405,42
173113066366813,708447,42
173113066440355,708489,42
173113067429990,708531,42
173113068494730,708573,42
173113069569990,708615,42
173113070795355,708657,42
173113071862021,708699,42
173113072922282,708741,42
173113073991292,708783,42
173113075058480,708825,42
173113076129157,708867,42
173113077193428,708909,42
173113078273167,708951,42
173113079332438,708993,42
173113080538375,709035,42
173113081479105,709077,42
173113081553323,709119,42
173113082547959,709161,42
173113083611917,709203,42
173113084679521,709245,42
173113085751396,709287,42
173113086816136,709329,42
173113087885146,709371,42
173113088953115,709413,42
173113090227907,709455,20
173113090318115,709475,42
173113091094834,709517,42
173113092159625,709559,42
173113093223740,709601,42
173113094385303,709643,42
173113095358896,709685,42
173113096424834,709727,42
173113097505771,709769,42
173113098567959,709811,42
173113098643584,709853,42
173113099640928,709895,42
173113100924365,709937,42
173113101985459,709979,42
173113103048428,710021,42
173113104127178,710063,42
173113105194000,710105,42
173113106259105,710147,42
173113107321032,710189,42
173113108394053,710231,42
173113109468167,710273,42
173113110707855,710315,42
173113111611917,710357,42
173113111687698,710399,42
173113112666136,710441,42
173113113739886,710483,42
173113114800042,710525,42
173113115875719,710567,42
173113116941448,710609,42
173113118011969,710651,42
173113119079886,710693,42
173113120481292,710735,42
173113121234157,710777,42
173113122297594,710819,42
173113123376292,710861,20
173113123450459,710881,42
173113124437438,710923,42
173113125502907,710965,42
173113126569521,711007,42
173113127639990,711049,42
173113128718480,711091,42
173113128792959,711133,42
173113129819990,711175,42
173113130853011,711217,42
173113131913688,711259,42
173113132987855,711301,42
173113134089625,711343,42
173113135121500,711385,42
173113136189730,711427,42
173113137258219,711469,42
173113138329990,711511,42
173113139395980,711553,42
173113140507803,711595,42
173113141541448,711637,42
173113142613480,711679,42
173113143674625,711721,42
173113144794000,711763,42
173113145836709,711805,42
173113145912438,711847,42
173113146899209,711889,42
173113147969053,711931,42
173113149031761,711973,42
173113150284469,712015,42
173113151319313,712057,42
173113152243428,712099,42
173113153300511,712141,42
173113154362438,712183,42
173113155423428,712225,42
173113156487125,712267,42
173113156557907,712309,20
173113157550042,712329,42
173113158614417,712371,42
173113159675667,712413,42
173113161054053,712455,42
173113162067855,712497,42
173113162139573,712539,42
173113163129313,712581,42
173113164200146,712623,42
173113165258115,712665,42
173113166322803,712707,42
173113167382073,712749,42
173113168448115,712791,42
173113169511865,712833,42
173113170749261,712875,42
173113171811084,712917,42
173113172868688,712959,42
173113173937959,713001,42
173113174996032,713043,42
173113175068844,713085,42
173113176058844,713127,42
173113177254157,713169,42
173113178314678,713211,42
173113179395823,713253,42
173113180474000,713295,42
173113181539417,713337,42
173113182609105,713379,42
173113183777230,713421,42
173113184849417,713463,42
173113185947542,713505,42
173113186999730,713547,42
173113188134834,713589,42
173113189151500,713631,42
173113189229313,713673,42
173113190251657,713715,20
173113190481917,713735,42
173113191299990,713777,42
173113192370667,713819,42
173113193445303,713861,42
173113194514938,713903,42
173113195591188,713945,42
173113196659000,713987,42
173113197747230,714029,42
173113198815823,714071,42
173113199887803,714113,42
173113200978636,714155,42
173113202073063,714197,42
173113203117646,714239,42
173113204197490,714281,42
173113204415875,714323,42
173113205268532,714365,42
173113206340771,714407,42
173113207415407,714449,42
173113208486605,714491,42
173113209564417,714533,42
173113210640823,714575,42
173113211714105,714617,42
173113212794000,714659,42
173113213865459,714701,42
173113214932021,714743,42
173113216007802,714785,42
173113217127125,714827,42
173113218310927,714869,42
173113219278844,714911,42
173113219357125,714953,42
173113220361240,714995,42
173113221486240,715037,42
173113222493896,715079,42
173113223566813,715121,20
173113223642073,715141,42
173113224640823,715183,42
173113225711917,715225,42
173113226784782,715267,42
173113227858427,715309,42
173113228927907,715351,42
173113230122021,715393,42
173113231086917,715435,42
173113232291500,715477,42
173113233230719,715519,42
173113234305302,715561,42
173113235538584,715603,42
173113235618688,715645,42
173113236452959,715687,42
173113237524521,715729,42
173113238596761,715771,42
173113239671136,715813,42
173113240767594,715855,42
173113241833584,715897,42
173113242904209,715939,42
173113243975823,715981,42
173113245054157,716023,42
173113246259157,716065,42
173113247199677,716107,42
173113248268844,716149,42
173113249342907,716191,42
173113250472750,716233,42
173113251542855,716275,42
173113251619886,716317,42
173113252611657,716359,42
173113253683219,716401,42
173113254819209,716443,42
173113255829209,716485,42
173113256911917,716527,20
173113256990094,716547,42
173113257980146,716589,42
173113259052230,716631,42
173113260328219,716673,42
173113261200719,716715,42
173113262281709,716757,42
173113263348740,716799,42
173113264430563,716841,42
173113265498219,716883,42
173113266575302,716925,42
173113266649313,716967,42
173113267643219,717009,42
173113268716136,717051,42
173113269788792,717093,42
173113270874261,717135,42
173113271945250,717177,42
173113273017125,717219,42
173113274243896,717261,42
173113275163532,717303,42
173113276239313,717345,42
173113277313584,717387,42
173113278382750,717429,42
173113279460407,717471,42
173113280635823,717513,42
173113281599052,717555,42
173113282668532,717597,42
173113282746500,717639,42
173113288160615,717681,42
173113288249105,717723,42
173113288312438,717765,42
173113288370980,717807,42
173113288430146,717849,42
173113289137802,717891,42
173113289209834,717933,20
173113290216605,717953,42
173113291269677,717995,42
173113292339209,718037,42
173113293406292,718079,42
173113294473740,718121,42
173113295547542,718163,42
173113296649469,718205,42
173113297704417,718247,42
173113298764782,718289,42
173113299831188,718331,42
173113299901605,718373,42
173113301003636,718415,42
173113302085980,718457,42
173113303058740,718499,42
173113304124730,718541,42
173113305195823,718583,42
173113306265771,718625,42
173113307337907,718667,42
173113308403636,718709,42
173113309472802,718751,42
173113310620250,718793,42
173113311618636,718835,42
173113312685094,718877,42
173113313762125,718919,42
173113314822021,718961,42
173113315994677,719003,42
173113316068792,719045,42
173113317070407,719087,42
173113318128427,719129,42
173113319199834,719171,42
173113320371448,719213,42
173113321415146,719255,42
173113322414417,719297,42
173113323479313,719339,20
173113323548427,719359,42
173113324550719,719401,42
173113325620563,719443,42
173113326689469,719485,42
173113327757959,719527,42
173113328826969,719569,42
173113329922646,719611,42
173113331295146,719653,42
173113331391761,719695,42
173113332052802,719737,42
173113333120146,719779,42
173113334188271,719821,42
173113335256292,719863,42
173113336335875,719905,42
173113337490146,719947,42
173113338469417,719989,42
173113339539469,720031,42
173113340655094,720073,42
173113341698063,720115,42
173113342764261,720157,42
173113343849313,720199,42
173113344904052,720241,42
173113345974990,720283,42
173113347041136,720325,42
173113347110615,720367,42
173113348114417,720409,42
173113349178532,720451,42
173113350357698,720493,42
173113351327021,720535,42
173113352393115,720577,42
173113353461188,720619,42
173113354530250,720661,42
173113355606917,720703,42
173113356672490,720745,20
173113356740771,720765,42
173113357773219,720807,42
173113358815667,720849,42
173113359882542,720891,42
173113360960980,720933,42
173113362029730,720975,42
173113363107073,721017,42
173113364262802,721059,42
173113364334886,721101,42
173113365242073,721143,42
173113366308375,721185,42
173113367377490,721227,42
173113368449886,721269,42
173113369519261,721311,42
173113370759469,721353,42
173113371745823,721395,42
173113372810094,721437,42
173113373963532,721479,42
173113374986188,721521,42
173113376019365,721563,42
173113377089625,721605,42
173113378158792,721647,42
173113379226136,721689,42
173113379295875,721731,42
173113380331917,721773,42
173113381947542,721815,42
173113382447750,721857,42
173113383519625,721899,42
173113384586865,721941,42
173113385661032,721983,42
173113386723948,722025,42
173113387796084,722067,42
173113388867907,722109,42
173113389936865,722151,20
173113390103948,722171,42
173113391048844,722213,42
173113392116344,722255,42
173113393187177,722297,42
173113394254730,722339,42
173113395324209,722381,42
173113396395355,722423,42
173113396467490,722465,42
173113397553740,722507,42
173113398539000,722549,42
173113399611032,722591,42
173113400702334,722633,42
173113401755875,722675,42
173113402827386,722717,42
173113403898896,722759,42
173113404965771,722801,42
173113406037021,722843,42
173113407180459,722885,42
173113408173167,722927,42
173113409241188,722969,42
173113410320511,723011,42
173113411384417,723053,42
173113412449365,723095,42
173113412517177,723137,42
173113413535980,723179,42
173113414593480,723221,42
173113415662438,723263,42
173113416741709,723305,42
173113417801969,723347,42
173113418870094,723389,42
173113419941500,723431,42
173113421025198,723473,42
173113422127490,723515,42
173113423162125,723557,42
173113423230198,723599,20
173113424228584,723619,42
173113425301188,723661,42
173113426371032,723703,42
173113427442125,723745,42
173113428508740,723787,42
173113429578323,723829,42
173113429646969,723871,42
173113430667490,723913,42
173113431736969,723955,42
173113432821136,723997,42
173113433878896,724039,42
173113434948740,724081,42
173113436014729,724123,42
173113437087177,724165,42
173113438167282,724207,42
173113439242490,724249,42
173113440434834,724291,42
173113441379313,724333,42
173113442444469,724375,42
173113443514573,724417,42
173113444580459,724459,42
173113445655407,724501,42
173113445722698,724543,42
173113446720771,724585,42
173113447789157,724627,42
173113448858427,724669,42
173113450093479,724711,42
173113451007542,724753,42
173113452072959,724795,42
173113453144990,724837,42
173113454213167,724879,42
173113455361657,724921,42
173113456424052,724963,42
173113456556604,725005,20
173113457494834,725025,42
173113458563636,725067,42
173113459634834,725109,42
173113460748115,725151,42
173113461810042,725193,42
173113461878115,725235,42
173113462880927,725277,42
173113463950615,725319,42
173113465026865,725361,42
173113466092594,725403,42
173113467163219,725445,42
173113468229886,725487,42
173113469309313,725529,42
173113470462229,725571,42
173113471446188,725613,42
173113472511813,725655,42
173113473581709,725697,42
173113474654209,725739,42
173113475718219,725781,42
173113476788792,725823,42
173113477856344,725865,42
173113477926240,725907,42
173113478926500,725949,42
173113479997229,725991,42
173113481078948,726033,42
173113482148792,726075,42
173113483441032,726117,42
173113484297646,726159,42
173113485363063,726201,42
173113486431500,726243,42
173113487503532,726285,42
173113488645823,726327,42
173113489641344,726369,42
173113489711709,726411,20
173113490726865,726431,42
173113491787698,726473,42
173113492854990,726515,42
173113493922386,726557,42
173113494992750,726599,42
173113495060771,726641,42
173113496064990,726683,42
173113497141032,726725,42
173113498214729,726767,42
173113499277854,726809,42
173113500369417,726851,42
173113501444729,726893,42
173113502485771,726935,42
173113503556552,726977,42
173113504623532,727019,42
173113505695875,727061,42
173113506766552,727103,42
173113507840927,727145,42
173113508902959,727187,42
173113509971396,727229,42
173113511057750,727271,42
173113511145354,727313,42
173113512118323,727355,42
173113513190563,727397,42
173113514255459,727439,42
173113515334625,727481,42
173113516484104,727523,42
173113517466136,727565,42
173113518536500,727607,42
173113519604261,727649,42
173113520699052,727691,42
173113521763584,727733,42
173113522829000,727775,42
173113522898948,727817,20
173113523899104,727837,42
173113524971084,727879,42
173113526039313,727921,42
173113527109157,727963,42
173113528177802,728005,42
173113528245563,728047,42
173113529246396,728089,42
173113530328115,728131,42
173113531444782,728173,42
173113532533115,728215,42
173113534075094,728257,42
173113534658479,728299,42
173113535723427,728341,42
173113536788948,728383,42
173113537857594,728425,42
173113539206917,728467,42
173113540100407,728509,42
173113541098688,728551,42
173113542158375,728593,42
173113543221136,728635,42
173113544288323,728677,42
173113544357490,728719,42
173113545359729,728761,42
173113546536813,728803,42
173113547510771,728845,42
173113548597021,728887,42
173113549635667,728929,42
173113550729573,728971,42
173113551787386,729013,42
173113552864521,729055,42
173113553931604,729097,42
173113555053532,729139,42
173113556726657,729181,42
173113556815823,729223,20
173113558365563,729243,42
173113558441917,729285,42
173113559316448,729327,42
173113560566969,729369,42
173113560731396,729411,42
173113561455146,729453,42
173113562516604,729495,42
173113563589625,729537,42
173113564761344,729579,42
173113565824209,729621,42
173113567042802,729663,42
173113568107750,729705,42
173113569177021,729747,42
173113570264886,729789,42
173113571320927,729831,42
173113572385354,729873,42
173113573455094,729915,42
173113573523375,729957,42
173113574528011,729999,42
173113575591761,730041,42
173113576663844,730083,42
173113577732646,730125,42
173113578802386,730167,42
173113579871500,730209,42
173113581021344,730251,42
173113582198792,730293,42
173113583247021,730335,42
173113584695511,730377,42
173113585302438,730419,42
173113586368479,730461,42
173113587436657,730503,42
173113588513219,730545,42
173113588585979,730587,42
173113589577177,730629,20
173113589645250,730649,42
173113590750511,730691,42
173113591738792,730733,42
173113592804573,730775,42
173113593869209,730817,42
173113594951188,730859,42
173113596041813,730901,42
173113597110042,730943,42
173113598185667,730985,42
173113599248896,731027,42
173113600358167,731069,42
173113601388844,731111,42
173113602458688,731153,42
173113603529104,731195,42
173113604597854,731237,42
173113605669365,731279,42
173113605738479,731321,42
173113606739990,731363,42
173113607814834,731405,42
173113608889261,731447,42
173113609956396,731489,42
173113611133896,731531,42
173113612167646,731573,42
173113613235667,731615,42
173113614304677,731657,42
173113615374261,731699,42
173113616518948,731741,42
173113617519365,731783,42
173113618589104,731825,42
173113619655459,731867,42
173113620767594,731909,42
173113620848844,731951,42
173113621834573,731993,42
173113622911500,732035,20
173113622983792,732055,42
173113623974000,732097,42
173113625041188,732139,42
173113626110823,732181,42
173113627178219,732223,42
173113628246917,732265,42
173113629318896,732307,42
173113630401240,732349,42
173113631473271,732391,42
173113632541188,732433,42
173113633609625,732475,42
173113635328688,732517,42
173113635756136,732559,42
173113636828584,732601,42
173113636904313,732643,42
173113637892907,732685,42
173113638961865,732727,42
173113640138167,732769,42
173113641119521,732811,42
173113642191136,732853,42
173113643249782,732895,42
173113644315823,732937,42
173113645386292,732979,42
173113646453427,733021,42
173113647522490,733063,42
173113648592177,733105,42
173113649660354,733147,42
173113650832542,733189,42
173113651894209,733231,42
173113651963740,733273,42
173113652961448,733315,42
173113654029938,733357,42
173113655103740,733399,42
173113656169261,733441,20
173113656236969,733461,42
173113657238479,733503,42
173113658311813,733545,42
173113659388115,733587,42
173113660462386,733629,42
173113661515979,733671,42
173113662586917,733713,42
173113663654104,733755,42
173113664781604,733797,42
173113665841865,733839,42
173113666909781,733881,42
173113667980563,733923,42
173113669049938,733965,42
173113669117386,734007,42
173113670233063,734049,42
173113671199104,734091,42
173113672263115,734133,42
173113673333948,734175,42
173113674414156,734217,42
173113675481188,734259,42
173113676551396,734301,42
173113677618792,734343,42
173113678696865,734385,42
173113679754417,734427,42
173113680951865,734469,42
173113681911969,734511,42
173113683184625,734553,42
173113684057334,734595,42
173113685118271,734637,42
173113685250094,734679,42
173113690332750,734721,42
173113690440667,734763,42
173113690505146,734805,42
173113690565406,734847,42
173113690622594,734889,20
173113690680511,734909,42
173113691568011,734951,42
173113692635979,734993,42
173113693702802,735035,42
173113694768584,735077,42
173113695836084,735119,42
173113696926188,735161,42
173113698087229,735203,42
173113699151292,735245,42
173113700423844,735287,42
173113700514052,735329,42
173113701290823,735371,42
173113702361240,735413,42
173113703431188,735455,42
173113704500198,735497,42
173113705729729,735539,42
173113706649209,735581,42
173113707744365,735623,42
173113708808948,735665,42
173113709883792,735707,42
173113710965042,735749,42
173113712029677,735791,42
173113713101344,735833,42
173113714162490,735875,42
173113715235615,735917,42
173113716301136,735959,42
173113716371656,736001,42
173113717378375,736043,42
173113718445823,736085,42
173113719645354,736127,42
173113720710511,736169,42
173113721771240,736211,42
173113722837021,736253,42
173113722904990,736295,20
173113723906188,736315,42
173113724977438,736357,42
173113726049313,736399,42
173113727111292,736441,42
173113728180094,736483,42
173113729255354,736525,42
173113730458688,736567,42
173113731448427,736609,42
173113731528479,736651,42
173113732505406,736693,42
173113733704834,736735,42
173113734648740,736777,42
173113735725927,736819,42
173113736796917,736861,42
173113737862177,736903,42
173113738930979,736945,42
173113740001240,736987,42
173113741097802,737029,42
173113742167802,737071,42
173113743230302,737113,42
173113744325198,737155,42
173113745378531,737197,42
173113746448740,737239,42
173113747632542,737281,42
173113747711604,737323,42
173113748585615,737365,42
173113749656969,737407,42
173113750738427,737449,42
173113751803531,737491,42
173113752872438,737533,42
173113753943792,737575,42
173113755013584,737617,42
173113756083427,737659,42
173113756151031,737701,20
173113757150511,737721,42
173113758225198,737763,42
173113759290719,737805,42
173113760451448,737847,42
173113761563115,737889,42
173113762507490,737931,42
173113762579990,737973,42
173113764752386,738015,42
173113764827594,738057,42
173113765815771,738099,42
173113766883792,738141,42
173113767953219,738183,42
173113769048167,738225,42
173113770352021,738267,42
173113771197125,738309,42
173113772261500,738351,42
173113773331917,738393,42
173113774409104,738435,42
173113775471917,738477,42
173113776551396,738519,42
173113777616500,738561,42
173113778689313,738603,42
173113778763948,738645,42
173113779754209,738687,42
173113780848115,738729,42
173113781907073,738771,42
173113782990042,738813,42
173113784055146,738855,42
173113785114886,738897,42
173113786183271,738939,42
173113787259104,738981,42
173113788327334,739023,42
173113789401344,739065,42
173113789471813,739107,20
173113790475250,739127,42
173113791534677,739169,42
173113792605094,739211,42
173113793673531,739253,42
173113794742698,739295,42
173113795809417,739337,42
173113795876188,739379,42
173113796885459,739421,42
173113798051344,739463,42
173113799114729,739505,42
173113800432594,739547,42
173113801258167,739589,42
173113802326084,739631,42
173113803394156,739673,42
173113804463063,739715,42
173113805530823,739757,42
173113806600250,739799,42
173113807737386,739841,42
173113808796396,739883,42
173113809880719,739925,42
173113809952802,739967,42
173113810980406,740009,42
173113812043584,740051,42
173113813100719,740093,42
173113814167021,740135,42
173113815238479,740177,42
173113816300719,740219,42
173113817378115,740261,42
173113818448271,740303,42
173113819516917,740345,42
173113820718219,740387,42
173113821777594,740429,42
173113822843115,740471,42
173113822911084,740513,20
173113823916240,740533,42
173113824981709,740575,42
173113825048219,740617,42
173113826051865,740659,42
173113827122750,740701,42
173113828211813,740743,42
173113829264313,740785,42
173113830357021,740827,42
173113831621136,740869,42
173113832654313,740911,42
173113833719052,740953,42
173113834790198,740995,42
173113835864781,741037,42
173113836928531,741079,42
173113838002802,741121,42
173113839067646,741163,42
173113839135250,741205,42
173113840431240,741247,42
173113841216761,741289,42
173113842277490,741331,42
173113843344677,741373,42
173113844424521,741415,42
173113845555094,741457,42
173113846622177,741499,42
173113847680927,741541,42
173113848770511,741583,42
173113849820511,741625,42
173113850889781,741667,42
173113851956709,741709,42
173113853021604,741751,42
173113854090354,741793,42
173113855170823,741835,42
173113855246865,741877,42
173113856239209,741919,20
173113856313531,741939,42
173113857301136,741981,42
173113858369052,742023,42
173113859453740,742065,42
173113860541500,742107,42
173113861592854,742149,42
173113862688531,742191,42
173113863740406,742233,42
173113864842334,742275,42
173113865900563,742317,42
173113866965511,742359,42
173113868037698,742401,42
173113869108740,742443,42
173113870366448,742485,42
173113871259781,742527,42
173113871329625,742569,42
173113872324938,742611,42
173113873428531,742653,42
173113874494104,742695,42
173113875556708,742737,42
173113876634261,742779,42
173113877696969,742821,42
173113878769625,742863,42
173113879833844,742905,42
173113880936031,742947,42
173113881983740,742989,42
173113883108219,743031,42
173113884173844,743073,42
173113885233531,743115,42
173113886303792,743157,42
173113887388479,743199,42
173113887459156,743241,42
173113888547438,743283,42
173113889590511,743325,20
173113889666396,743345,42
173113890774052,743387,42
173113891838063,743429,42
173113892903063,743471,42
173113893972646,743513,42
173113895036813,743555,42
173113896113792,743597,42
173113897189990,743639,42
173113898258063,743681,42
173113899319313,743723,42
173113900421292,743765,42
173113901463636,743807,42
173113901538115,743849,42
173113902527177,743891,42
173113903593427,743933,42
173113904665875,743975,42
173113905736552,744017,42
173113906806656,744059,42
173113907884104,744101,42
173113908948115,744143,42
173113910222750,744185,42
173113911101031,744227,42
173113912182229,744269,42
173113913237125,744311,42
173113914316500,744353,42
173113915394000,744395,42
173113916536448,744437,42
173113917533531,744479,42
173113917607386,744521,42
173113918597073,744563,42
173113919666031,744605,42
173113920778167,744647,42
173113921844521,744689,42
173113922906188,744731,20
173113922974781,744751,42
173113923978323,744793,42
173113925053896,744835,42
173113926136656,744877,42
173113927188688,744919,42
173113928287750,744961,42
173113929341292,745003,42
173113930430198,745045,42
173113931489677,745087,42
173113932551188,745129,42
173113933615354,745171,42
173113933685667,745213,42
173113934688792,745255,42
173113935763323,745297,42
173113936826604,745339,42
173113937894365,745381,42
173113939012542,745423,42
173113940406917,745465,42
173113941150615,745507,42
173113942200302,745549,42
173113943276396,745591,42
173113944350719,745633,42
173113945468479,745675,42
173113946502958,745717,42
173113947576448,745759,42
173113948646344,745801,42
173113949703792,745843,42
173113950805615,745885,42
173113950897281,745927,42
173113951865250,745969,42
173113952931031,746011,42
173113954003219,746053,42
173113955083531,746095,42
173113956149573,746137,42
173113956218688,746179,20
173113957237698,746199,42
173113958301083,746241,42
173113959367229,746283,42
173113960605042,746325,42
173113961529938,746367,42
173113962634990,746409,42
173113963684781,746451,42
173113964791136,746493,42
173113965847958,746535,42
173113966023323,746577,42
173113966919990,746619,42
173113967979052,746661,42
173113969049208,746703,42
173113970366708,746745,42
173113971214156,746787,42
173113972277333,746829,42
173113973352281,746871,42
173113974427281,746913,42
173113975505771,746955,42
173113976587333,746997,42
173113977655094,747039,42
173113978740511,747081,42
173113979803844,747123,42
173113980913583,747165,42
173113981972229,747207,42
173113982048740,747249,42
173113983048688,747291,42
173113984119156,747333,42
173113985194521,747375,42
173113986265771,747417,42
173113987337906,747459,42
173113988413167,747501,42
173113989492698,747543,42
173113989568844,747585,20
173113990662281,747605,42
173113991640094,747647,42
173113992708583,747689,42
173113993783636,747731,42
173113994852021,747773,42
173113995927281,747815,42
173113997015354,747857,42
173113998091448,747899,42
173113998169000,747941,42
173113999163688,747983,42
173114000318323,748025,42
173114001314729,748067,42
173114002380198,748109,42
173114003455719,748151,42
173114004528479,748193,42
173114005599208,748235,42
173114006673063,748277,42
173114007754052,748319,42
173114008821083,748361,42
173114009927177,748403,42
173114011023688,748445,42
173114012184938,748487,42
173114013158583,748529,42
173114013229365,748571,42
173114014252906,748613,42
173114015316344,748655,42
173114016385198,748697,42
173114017471083,748739,42
173114018536708,748781,42
173114019612906,748823,42
173114020730042,748865,42
173114021797386,748907,42
173114022871604,748949,42
173114022947698,748991,20
173114023940146,749011,42
173114025015771,749053,42
173114026098896,749095,42
173114027171292,749137,42
173114028241344,749179,42
173114028316552,749221,42
173114029312542,749263,42
173114030438792,749305,42
173114031463479,749347,42
173114032556083,749389,42
173114033615146,749431,42
173114034684938,749473,42
173114035880927,749515,42
173114036837802,749557,42
173114037912958,749599,42
173114038987750,749641,42
173114040294313,749683,42
173114041158740,749725,42
173114041235042,749767,42
173114043275615,749809,42
173114044377490,749851,42
173114044456136,749893,42
173114045431656,749935,42
173114046528375,749977,42
173114047611136,750019,42
173114048700875,750061,42
173114049754729,750103,42
173114050845875,750145,42
173114051913063,750187,42
173114052984052,750229,42
173114054068479,750271,42
173114055138167,750313,42
173114056211865,750355,42
173114056289261,750397,20
173114057284365,750417,42
173114058357802,750459,42
173114059437021,750501,42
173114059512594,750543,42
173114060523219,750585,42
173114061587906,750627,42
173114062668167,750669,42
173114063734781,750711,42
173114064831031,750753,42
173114065882958,750795,42
173114066982594,750837,42
173114068058271,750879,42
173114069123636,750921,42
173114070213323,750963,42
173114071282906,751005,42
173114072353011,751047,42
173114073426865,751089,42
173114074512750,751131,42
173114074591292,751173,42
173114075594677,751215,42
173114076664261,751257,42
173114077736500,751299,42
173114078859729,751341,42
173114079885979,751383,42
173114081016188,751425,42
173114082071292,751467,42
173114083105042,751509,42
173114084267594,751551,42
173114085342698,751593,42
173114086420042,751635,42
173114087492021,751677,42
173114088567073,751719,42
173114089645823,751761,42
173114089722802,751803,20
173114089786292,751823,42
173114090734313,751865,42
173114091801031,751907,42
173114092875406,751949,42
173114093963375,751991,42
173114095013323,752033,42
173114096190042,752075,42
173114097220302,752117,42
173114098306865,752159,42
173114099386188,752201,42
173114100463635,752243,42
173114101533427,752285,42
173114102600823,752327,42
173114103672073,752369,42
173114104748792,752411,42
173114104825250,752453,42
173114105819260,752495,42
173114106891031,752537,42
173114107970927,752579,42
173114109040458,752621,42
173114110280406,752663,42
173114111220146,752705,42
173114112267281,752747,42
173114113336448,752789,42
173114114390615,752831,42
173114115466292,752873,42
173114116630875,752915,42
173114117587281,752957,42
173114118648063,752999,42
173114119711865,753041,42
173114120887958,753083,42
173114121075406,753125,42
173114121926969,753167,42
173114122999938,753209,20
173114123074885,753229,42
173114124065667,753271,42
173114125137333,753313,42
173114126209365,753355,42
173114127287438,753397,42
173114128357594,753439,42
173114129464000,753481,42
173114130522594,753523,42
173114131606865,753565,42
173114132664156,753607,42
173114133734313,753649,42
173114134811135,753691,42
173114135886344,753733,42
173114136021604,753775,42
173114136967021,753817,42
173114138040146,753859,42
173114139112542,753901,42
173114140220198,753943,42
173114141265771,753985,42
173114142334156,754027,42
173114143412229,754069,42
173114144457125,754111,42
173114145525563,754153,42
173114146581865,754195,42
173114147645771,754237,42
173114148752125,754279,42
173114149953583,754321,42
173114150892385,754363,42
173114150979313,754405,42
173114151956448,754447,42
173114153029625,754489,42
173114154094052,754531,42
173114155165667,754573,42
173114156231240,754615,20
173114156300823,754635,42
173114157299573,754677,42
173114158370042,754719,42
173114159437333,754761,42
173114160856083,754803,42
173114161587177,754845,42
173114162637281,754887,42
173114163709260,754929,42
173114164787698,754971,42
173114165846656,755013,42
173114166906396,755055,42
173114167970667,755097,42
173114169030198,755139,42
173114170272177,755181,42
173114170354938,755223,42
173114171177802,755265,42
173114172231396,755307,42
173114173293688,755349,42
173114174392802,755391,42
173114175451344,755433,42
173114176511917,755475,42
173114177582021,755517,42
173114178638219,755559,42
173114179767438,755601,42
173114180875354,755643,42
173114181934365,755685,42
173114182991292,755727,42
173114184033479,755769,42
173114185096292,755811,42
173114186157281,755853,42
173114187218167,755895,42
173114187288427,755937,42
173114188284365,755979,42
173114189350563,756021,42
173114189420406,756063,20
173114190426656,756083,42
173114191478531,756125,42
173114192644625,756167,42
173114193661396,756209,42
173114194736240,756251,42
173114195826292,756293,42
173114196885979,756335,42
173114197960875,756377,42
173114199047490,756419,42
173114200263219,756461,42
173114200987333,756503,42
173114201003531,756545,42
173114203030354,756587,42
173114204048167,756629,42
173114205076500,756671,42
173114206094677,756713,42
173114207123635,756755,42
173114208139885,756797,42
173114209165458,756839,42
173114210245927,756881,42
173114211216135,756923,42
173114211231188,756965,42
173114212234677,757007,42
173114213258583,757049,42
173114215305510,757091,42
173114215320458,757133,42
173114216325979,757175,42
173114217352021,757217,42
173114218381760,757259,42
173114219404625,757301,42
173114220544365,757343,42
173114221606396,757385,42
173114222656865,757427,42
173114222708323,757469,20
173114223711708,757489,42
173114224762646,757531,42
173114225832542,757573,42
173114226868167,757615,42
173114227938219,757657,42
173114228988427,757699,42
173114230099208,757741,42
173114231103740,757783,42
173114232152125,757825,42
173114233204260,757867,42
173114234255510,757909,42
173114235313688,757951,42
173114236459833,757993,42
173114237426031,758035,42
173114237478115,758077,42
173114238474156,758119,42
173114239524990,758161,42
173114240660302,758203,42
173114241764938,758245,42
173114242828010,758287,42
173114243924156,758329,42
173114244973219,758371,42
173114246071135,758413,42
173114247119625,758455,42
173114248189208,758497,42
173114249276083,758539,42
173114250393844,758581,42
173114251444781,758623,42
173114252523375,758665,42
173114253586865,758707,42
173114254665146,758749,42
173114254745094,758791,42
173114255742281,758833,42
173114256817229,758875,20
173114256891656,758895,42
173114257888948,758937,42
173114258962385,758979,42
173114260159833,759021,42
173114261126031,759063,42
173114262211656,759105,42
173114263267177,759147,42
173114264345146,759189,42
173114265405615,759231,42
173114266463010,759273,42
173114267527125,759315,42
173114268589469,759357,42
173114269656396,759399,42
173114270807750,759441,42
173114270897438,759483,42
173114271850146,759525,42
173114272920927,759567,42
173114273994417,759609,42
173114275077906,759651,42
173114276142542,759693,42
173114277221708,759735,42
173114278302646,759777,42
173114279367698,759819,42
173114280465250,759861,42
173114281521865,759903,42
173114282618531,759945,42
173114283675667,759987,42
173114284767958,760029,42
173114285844990,760071,42
173114285923427,760113,42
173114286913948,760155,42
173114287991188,760197,42
173114289068427,760239,42
173114290240042,760281,20
173114290328740,760301,42
173114291226760,760343,42
173114292297385,760385,42
173114293367698,760427,42
173114294443688,760469,42
173114295517906,760511,42
173114296604208,760553,42
173114297682073,760595,42
173114298751969,760637,42
173114299824573,760679,42
173114300918688,760721,42
173114301008271,760763,42
173114301988531,760805,42
173114303062385,760847,42
173114304136552,760889,42
173114305219885,760931,42
173114306289833,760973,42
173114307370198,761015,42
173114308432646,761057,42
173114309516240,761099,42
173114311065979,761141,42
173114311601865,761183,42
173114311680354,761225,42
173114313733740,761267,42
173114314796708,761309,42
173114315857281,761351,42
173114316925250,761393,42
173114317980667,761435,42
173114318051292,761477,42
173114319059625,761519,42
173114320419677,761561,42
173114321189677,761603,42
173114322250198,761645,42
173114323312802,761687,20
173114323381031,761707,42
173114324372958,761749,42
173114325439365,761791,42
173114326502490,761833,42
173114327566135,761875,42
173114328627646,761917,42
173114329715979,761959,42
173114330815823,762001,42
173114331890042,762043,42
173114332967125,762085,42
173114334037490,762127,42
173114335113062,762169,42
173114335187958,762211,42
173114336184781,762253,42
173114337251760,762295,42
173114338307437,762337,42
173114339369885,762379,42
173114340490094,762421,42
173114341545510,762463,42
173114342613271,762505,42
173114343715510,762547,42
173114344787906,762589,42
173114345897281,762631,42
173114347105146,762673,42
173114348053479,762715,42
173114349093010,762757,42
173114350208010,762799,42
173114351265510,762841,42
173114351343323,762883,42
173114352332802,762925,42
173114353417021,762967,42
173114354483792,763009,42
173114355559625,763051,42
173114356634990,763093,20
173114356709365,763113,42
173114357705823,763155,42
173114358781500,763197,42
173114359855302,763239,42
173114360948115,763281,42
173114362023271,763323,42
173114363068167,763365,42
173114364135927,763407,42
173114365199521,763449,42
173114366255979,763491,42
173114367319312,763533,42
173114367389052,763575,42
173114368380406,763617,42
173114369447021,763659,42
173114370728115,763701,42
173114371587177,763743,42
173114372654677,763785,42
173114373732073,763827,42
173114374790719,763869,42
173114375843948,763911,42
173114376906760,763953,42
173114377976604,763995,42
173114379033323,764037,42
173114380402490,764079,42
173114381171656,764121,42
173114382237437,764163,42
173114383290094,764205,42
173114384357542,764247,42
173114385415042,764289,42
173114385485250,764331,42
173114386481656,764373,42
173114387543219,764415,42
173114388621812,764457,42
173114389677229,764499,20
173114389745979,764519,42
173114390805719,764561,42
173114391868844,764603,42
173114392943583,764645,42
173114394019469,764687,42
173114395092906,764729,42
173114396169573,764771,42
173114397220302,764813,42
173114398288531,764855,42
173114399348635,764897,42
173114400480094,764939,42
173114401524521,764981,42
173114401600146,765023,42
173114402594833,765065,42
173114403664312,765107,42
173114404736500,765149,42
173114405814833,765191,42
173114406889417,765233,42
173114407968167,765275,42
173114409039000,765317,42
173114410238844,765359,42
173114411210354,765401,42
173114412282021,765443,42
173114413347542,765485,42
173114414439156,765527,42
173114415494104,765569,42
173114416632125,765611,42
173114417639156,765653,42
173114417710250,765695,42
173114418696656,765737,42
173114419762906,765779,42
173114420947021,765821,42
173114421998479,765863,42
173114423060250,765905,20
173114423127073,765925,42
173114424122854,765967,42
173114425187698,766009,42
173114426249312,766051,42
173114427314312,766093,42
173114428378219,766135,42
173114429438792,766177,42
173114430664625,766219,42
173114431586135,766261,42
173114431659937,766303,42
173114433703479,766345,42
173114433773583,766387,42
173114434768479,766429,42
173114435831917,766471,42
173114436991865,766513,42
173114437963479,766555,42
173114439025094,766597,42
173114440394937,766639,42
173114441165042,766681,42
173114442215667,766723,42
173114443293844,766765,42
173114444362646,766807,42
173114445605510,766849,42
173114446547854,766891,42
173114447606604,766933,42
173114448690406,766975,42
173114449756760,767017,42
173114450855250,767059,42
173114450943062,767101,42
173114451919937,767143,42
173114452992542,767185,42
173114454067385,767227,42
173114455150458,767269,42
173114456221708,767311,42
173114456299990,767353,20
173114457293010,767373,42
173114458374833,767415,42
173114459444312,767457,42
173114460523531,767499,42
173114461605094,767541,42
173114462674469,767583,42
173114463744000,767625,42
173114464825406,767667,42
173114465895458,767709,42
173114465971969,767751,42
173114466971604,767793,42
173114468046865,767835,42
173114469119000,767877,42
173114470201760,767919,42
173114471269729,767961,42
173114472347229,768003,42
173114473417802,768045,42
173114474494625,768087,42
173114475565615,768129,42
173114476640458,768171,42
173114477724052,768213,42
173114478790719,768255,42
173114479867906,768297,42
173114480990406,768339,42
173114482032958,768381,42
173114482107542,768423,42
173114483103323,768465,42
173114484180510,768507,42
173114485249937,768549,42
173114486331396,768591,42
173114487401031,768633,42
173114488474104,768675,42
173114489555198,768717,42
173114489631760,768759,20
173114490637646,768779,42
173114491708375,768821,42
173114492781604,768863,42
173114493854573,768905,42
173114494930042,768947,42
173114496019937,768989,42
173114497081083,769031,42
173114498167802,769073,42
173114498241708,769115,42
173114499235042,769157,42
173114500343896,769199,42
173114501391240,769241,42
173114502462125,769283,42
173114503537802,769325,42
173114504609937,769367,42
173114505684365,769409,42
173114506760042,769451,42
173114507838271,769493,42
173114508911344,769535,42
173114509992542,769577,42
173114511070771,769619,42
173114512146083,769661,42
173114513218115,769703,42
173114513294990,769745,42
173114514297385,769787,42
173114515359729,769829,42
173114516441135,769871,42
173114517516083,769913,42
173114518584417,769955,42
173114519658010,769997,42
173114520749365,770039,42
173114521824781,770081,42
173114522901656,770123,42
173114522977437,770165,20
173114523972021,770185,42
173114525045927,770227,42
173114526121812,770269,42
173114527200042,770311,42
173114528278635,770353,42
173114529351864,770395,42
173114529428062,770437,42
173114530436239,770479,42
173114531497750,770521,42
173114532570979,770563,42
173114533642125,770605,42
173114534717489,770647,42
173114535788583,770689,42
173114536860927,770731,42
173114537943010,770773,42
173114539013687,770815,42
173114540238271,770857,42
173114541256500,770899,42
173114542244260,770941,42
173114543321031,770983,42
173114544397385,771025,42
173114544471917,771067,42
173114545463479,771109,42
173114546543896,771151,42
173114547610667,771193,42
173114548689885,771235,42
173114549763896,771277,42
173114550849364,771319,42
173114551912229,771361,42
173114552988583,771403,42
173114554065458,771445,42
173114555209208,771487,42
173114556226292,771529,42
173114556301917,771571,20
173114557293167,771591,42
173114558370667,771633,42
173114559441917,771675,42
173114560542437,771717,42
173114560631656,771759,42
173114561599937,771801,42
173114562665094,771843,42
173114563749573,771885,42
173114564827698,771927,42
173114565896083,771969,42
173114566971187,772011,42
173114568062542,772053,42
173114569189156,772095,42
173114570243427,772137,42
173114571297542,772179,42
173114572364208,772221,42
173114573437958,772263,42
173114574518792,772305,42
173114575598896,772347,42
173114575674208,772389,42
173114576666500,772431,42
173114577747802,772473,42
173114578826969,772515,42
173114579894469,772557,42
173114580994312,772599,42
173114582058896,772641,42
173114583141031,772683,42
173114584225042,772725,42
173114585289052,772767,42
173114586365771,772809,42
173114587441031,772851,42
173114588516292,772893,42
173114589593062,772935,42
173114589669625,772977,20
173114590686969,772997,42
173114591764000,773039,42
173114591838792,773081,42
173114592833583,773123,42
173114593908219,773165,42
173114594979885,773207,42
173114596067802,773249,42
173114597138583,773291,42
173114598214573,773333,42
173114599283375,773375,42
173114600395042,773417,42
173114601434052,773459,42
173114602505302,773501,42
173114603581031,773543,42
173114604658896,773585,42
173114605731448,773627,42
173114606806187,773669,42
173114607887750,773711,42
173114607962542,773753,42
173114608957385,773795,42
173114610140562,773837,42
173114611117698,773879,42
173114612192750,773921,42
173114613258531,773963,42
173114614338114,774005,42
173114615403896,774047,42
173114616485458,774089,42
173114617557073,774131,42
173114618632594,774173,42
173114619702489,774215,42
173114620797802,774257,42
173114621876396,774299,42
173114621952073,774341,42
173114622949312,774383,20
173114623025823,774403,42
173114624017281,774445,42
173114625101344,774487,42
173114626167229,774529,42
173114627238271,774571,42
173114628312542,774613,42
173114629385250,774655,42
173114630479521,774697,42
173114631538948,774739,42
173114632611083,774781,42
173114633688896,774823,42
173114634757594,774865,42
173114635834729,774907,42
173114636908375,774949,42
173114637987437,774991,42
173114638065406,775033,42
173114639065042,775075,42
173114640424833,775117,42
173114641191239,775159,42
173114642245719,775201,42
173114643308896,775243,42
173114644375875,775285,42
173114645434469,775327,42
173114646504625,775369,42
173114647614989,775411,42
173114648676864,775453,42
173114649737333,775495,42
173114650827125,775537,42
173114651898062,775579,42
173114652981135,775621,42
173114654054625,775663,42
173114654130302,775705,42
173114655127542,775747,42
173114656206344,775789,20
173114656281552,775809,42
173114657361552,775851,42
173114658360406,775893,42
173114659426760,775935,42
173114660798010,775977,42
173114661586135,776019,42
173114662658739,776061,42
173114663728167,776103,42
173114664809312,776145,42
173114665874417,776187,42
173114666953792,776229,42
173114668026656,776271,42
173114669097437,776313,42
173114670194417,776355,42
173114670283896,776397,42
173114671252958,776439,42
173114672327021,776481,42
173114673400719,776523,42
173114674481604,776565,42
173114675549417,776607,42
173114676622906,776649,42
173114677711344,776691,42
173114678773896,776733,42
173114679857802,776775,42
173114680947125,776817,42
173114682016135,776859,42
173114683087073,776901,42
173114684166344,776943,42
173114685236448,776985,42
173114686316031,777027,42
173114686391031,777069,42
173114687385042,777111,42
173114688462073,777153,42
173114689537229,777195,20
173114689612177,777215,42
173114690624989,777257,42
173114691696656,777299,42
173114692770250,777341,42
173114693846917,777383,42
173114694930354,777425,42
173114696003948,777467,42
173114697068896,777509,42
173114698152958,777551,42
173114699223479,777593,42
173114700337333,777635,42
173114701378167,777677,42
173114701451083,777719,42
173114702449260,777761,42
173114703521500,777803,42
173114704598375,777845,42
173114705674052,777887,42
173114706746708,777929,42
173114707827333,777971,42
173114708907958,778013,42
173114709970406,778055,42
173114711060667,778097,42
173114712134989,778139,42
173114713198792,778181,42
173114714279104,778223,42
173114715354781,778265,42
173114716432958,778307,42
173114717507646,778349,42
173114717582802,778391,42
173114718579312,778433,42
173114719649989,778475,42
173114720743167,778517,42
173114721815302,778559,42
173114722899781,778601,42
173114722974052,778643,20
173114723964885,778663,42
173114725038323,778705,42
173114726110823,778747,42
173114727185198,778789,42
173114728260823,778831,42
173114729341812,778873,42
173114730421500,778915,42
173114731491448,778957,42
173114732567750,778999,42
173114732643896,779041,42
173114733637542,779083,42
173114734709625,779125,42
173114735789729,779167,42
173114736877125,779209,42
173114737943427,779251,42
173114739018323,779293,42
173114740215875,779335,42
173114741176291,779377,42
173114742242594,779419,42
173114743324781,779461,42
173114744388323,779503,42
173114745470302,779545,42
173114746539156,779587,42
173114747620875,779629,42
173114748692385,779671,42
173114748766916,779713,42
173114749767541,779755,42
173114750855458,779797,42
173114751921500,779839,42
173114752992906,779881,42
173114754067177,779923,42
173114755147854,779965,42
173114756224208,780007,42
173114756299521,780049,20
173114757294416,780069,42
173114758374208,780111,42
173114759456760,780153,42
173114760538948,780195,42
173114761601656,780237,42
173114762668948,780279,42
173114763756812,780321,42
173114763833531,780363,42
173114764828323,780405,42
173114765895406,780447,42
173114766968166,780489,42
173114768042854,780531,42
173114769118635,780573,42
173114770203791,780615,42
173114771269729,780657,42
173114772346135,780699,42
173114773419156,780741,42
173114774500354,780783,42
173114775571864,780825,42
173114776644416,780867,42
173114777728896,780909,42
173114778797698,780951,42
173114779880979,780993,42
173114779955823,781035,42
173114780951916,781077,42
173114782029469,781119,42
173114783094625,781161,42
173114784176812,781203,42
173114785244625,781245,42
173114786319364,781287,42
173114787393479,781329,42
173114788470562,781371,42
173114789549573,781413,42
173114789625198,781455,20
173114790635771,781475,42
173114791712594,781517,42
173114792811135,781559,42
173114793858531,781601,42
173114794937750,781643,42
173114795014156,781685,42
173114796015614,781727,42
173114797081135,781769,42
173114798168896,781811,42
173114799231031,781853,42
173114800344937,781895,42
173114801383219,781937,42
173114802458427,781979,42
173114803532854,782021,42
173114804607177,782063,42
173114805685041,782105,42
173114806768375,782147,42
173114807839885,782189,42
173114808910510,782231,42
173114809980979,782273,42
173114811078323,782315,42
173114811232854,782357,42
173114812150614,782399,42
173114813214469,782441,42
173114814293323,782483,42
173114815358166,782525,42
173114816437594,782567,42
173114817512333,782609,42
173114818585406,782651,42
173114819746239,782693,42
173114820780198,782735,42
173114821847125,782777,42
173114822924416,782819,42
173114822999885,782861,20
173114823994937,782881,42
173114825069156,782923,42
173114826149104,782965,42
173114826223427,783007,42
173114827218739,783049,42
173114828293323,783091,42
173114829368739,783133,42
173114830458531,783175,42
173114831524104,783217,42
173114832595979,783259,42
173114833675875,783301,42
173114834746760,783343,42
173114835816760,783385,42
173114836890094,783427,42
173114838042333,783469,42
173114839040354,783511,42
173114840213323,783553,42
173114841198375,783595,42
173114842270979,783637,42
173114842345927,783679,42
173114843356969,783721,42
173114844421708,783763,42
173114845502646,783805,42
173114846568166,783847,42
173114847644833,783889,42
173114848722385,783931,42
173114849790250,783973,42
173114850885927,784015,42
173114851949937,784057,42
173114853024885,784099,42
173114854107802,784141,42
173114855174989,784183,42
173114856256812,784225,42
173114856332854,784267,20
173114857337073,784287,42
173114857412750,784329,42
173114858407021,784371,42
173114859478427,784413,42
173114860820406,784455,42
173114861613375,784497,42
173114862672281,784539,42
173114863776864,784581,42
173114864833844,784623,42
173114865906344,784665,42
173114866979937,784707,42
173114868052437,784749,42
173114869123531,784791,42
173114873163479,784833,42
173114873498219,784875,42
173114873573948,784917,42
173114873634833,784959,42
173114873750979,785001,42
173114874601083,785043,42
173114875633427,785085,42
173114876747541,785127,42
173114877848010,785169,42
173114879076604,785211,42
173114880125458,785253,42
173114880952802,785295,42
173114881936604,785337,42
173114882966135,785379,42
173114885859208,785421,42
173114885880771,785463,42
173114886057854,785505,42
173114887056760,785547,42
173114888088531,785589,42
173114889113375,785631,42
173114890121187,785673,20
173114890161656,785693,42
173114891138739,785735,42
173114892193583,785777,42
173114893185666,785819,42
173114894206135,785861,42
173114895227594,785903,42
173114896243948,785945,42
173114897266708,785987,42
173114898290771,786029,42
173114899326344,786071,42
173114900349625,786113,42
173114901366396,786155,42
173114902371031,786197,42
173114903394989,786239,42
173114904413062,786281,42
173114905434260,786323,42
173114906451344,786365,42
173114907472698,786407,42
173114907508687,786449,42
173114908492698,786491,42
173114909517802,786533,42
173114910608375,786575,42
173114911562594,786617,42
173114912579521,786659,42
173114913614000,786701,42
173114914627958,786743,42
173114915650458,786785,42
173114916676864,786827,42
173114917713896,786869,42
173114918754208,786911,42
173114919768896,786953,42
173114920767541,786995,42
173114921790875,787037,42
173114922806552,787079,20
173114922820719,787099,42
173114923832021,787141,42
173114924857906,787183,42
173114925926448,787225,42
173114926970979,787267,42
173114927918896,787309,42
173114928932073,787351,42
173114929955719,787393,42
173114930976552,787435,42
173114931993010,787477,42
173114933029156,787519,42
173114934055719,787561,42
173114935058635,787603,42
173114936079729,787645,42
173114937098791,787687,42
173114938114208,787729,42
173114939135614,787771,42
173114940264052,787813,42
173114941403271,787855,42
173114942424833,787897,42
173114943487489,787939,42
173114944556812,787981,42
173114945714416,788023,42
173114946648687,788065,42
173114947734885,788107,42
173114948781448,788149,42
173114949874729,788191,42
173114949919364,788233,42
173114950683166,788275,42
173114952789781,788317,42
173114953814729,788359,42
173114954866500,788401,42
173114954914260,788443,42
173114955849052,788485,42
173114955870979,788527,20
173114956860614,788547,42
173114957882021,788589,42
173114958915666,788631,42
173114959935146,788673,42
173114961033687,788715,42
173114962086031,788757,42
173114963034521,788799,42
173114964227281,788841,42
173114965084573,788883,42
173114966105146,788925,42
173114967128531,788967,42
173114968153896,789009,42
173114969180093,789051,42
173114970211396,789093,42
173114971235406,789135,42
173114972306448,789177,42
173114973314937,789219,42
173114974325927,789261,42
173114975365458,789303,42
173114976410302,789345,42
173114977442750,789387,42
173114978467385,789429,42
173114979486396,789471,42
173114980521708,789513,42
173114981538323,789555,42
173114982554729,789597,42
173114983587750,789639,42
173114984607385,789681,42
173114985641135,789723,42
173114986671864,789765,42
173114987682646,789807,42
173114988705302,789849,42
173114989736760,789891,42
173114989753062,789933,20
173114990749104,789953,42
173114991774364,789995,42
173114992806291,790037,42
173114993831812,790079,42
173114994854989,790121,42
173114995873635,790163,42
173114996896656,790205,42
173114997921291,790247,42
173114998935979,790289,42
173114999983375,790331,42
173115001009729,790373,42
173115002015823,790415,42
173115003026291,790457,42
173115004050927,790499,42
173115005074364,790541,42
173115005088583,790583,42
173115006093948,790625,42
173115007110979,790667,42
173115008133635,790709,42
173115009155302,790751,42
173115010215041,790793,42
173115011201083,790835,42
173115012313635,790877,42
173115013243479,790919,42
173115014264885,790961,42
173115015287021,791003,42
173115016307646,791045,42
173115017329208,791087,42
173115018351396,791129,42
173115019394937,791171,42
173115020438739,791213,42
173115021431760,791255,42
173115022469521,791297,42
173115023468010,791339,20
173115023479781,791359,42
173115024486031,791401,42
173115025509260,791443,42
173115026527906,791485,42
173115027553427,791527,42
173115028570302,791569,42
173115029591291,791611,42
173115030612229,791653,42
173115031643635,791695,42
173115032760093,791737,42
173115033682802,791779,42
173115034697073,791821,42
173115035717125,791863,42
173115036737333,791905,42
173115037756916,791947,42
173115038824000,791989,42
173115039799156,792031,42
173115040819416,792073,42
173115041841083,792115,42
173115042861760,792157,42
173115043885041,792199,42
173115044901083,792241,42
173115045921448,792283,42
173115046944156,792325,42
173115047966656,792367,42
173115048985875,792409,42
173115050036708,792451,42
173115051027333,792493,42
173115052048531,792535,42
173115053090510,792577,42
173115054104260,792619,42
173115055124833,792661,42
173115056182906,792703,42
173115056196083,792745,20
173115057153427,792765,42
173115058176239,792807,42
173115059193010,792849,42
173115060259416,792891,42
173115061340614,792933,42
173115062358843,792975,42
173115063282229,793017,42
173115064305041,793059,42
173115065339416,793101,42
173115066404521,793143,42
173115067368323,793185,42
173115068388896,793227,42
173115069409521,793269,42
173115070451500,793311,42
173115071469312,793353,42
173115072494052,793395,42
173115072505198,793437,42
173115073508948,793479,42
173115074531708,793521,42
173115075551083,793563,42
173115076578427,793605,42
173115077595771,793647,42
173115078681500,793689,42
173115079634937,793731,42
173115080661812,793773,42
173115081677906,793815,42
173115082699104,793857,42
173115083719573,793899,42
173115084739104,793941,42
173115085798427,793983,42
173115086800666,794025,42
173115087810979,794067,42
173115088825406,794109,42
173115089845927,794151,20
173115089857333,794171,42
173115090962958,794213,42
173115091893843,794255,42
173115092910875,794297,42
173115093931291,794339,42
173115094950875,794381,42
173115095972489,794423,42
173115096989885,794465,42
173115098012281,794507,42
173115099035041,794549,42
173115100063583,794591,42
173115101093218,794633,42
173115102153635,794675,42
173115103124729,794717,42
173115104142073,794759,42
173115105165614,794801,42
173115106180875,794843,42
173115107198948,794885,42
173115108217229,794927,42
173115109237958,794969,42
173115110262333,795011,42
173115111284468,795053,42
173115112302698,795095,42
173115113325718,795137,42
173115114344364,795179,42
173115115365562,795221,42
173115116387802,795263,42
173115117409937,795305,42
173115118429364,795347,42
173115119460146,795389,42
173115120487906,795431,42
173115121497177,795473,42
173115122516552,795515,42
173115122527489,795557,20
173115123537333,795577,42
173115124559885,795619,42
173115125578271,795661,42
173115126600302,795703,42
173115127620093,795745,42
173115128640354,795787,42
173115129661708,795829,42
173115130684468,795871,42
173115131715406,795913,42
173115132742906,795955,42
173115133752958,795997,42
173115134775250,796039,42
173115135796968,796081,42
173115136816396,796123,42
173115137837906,796165,42
173115138859573,796207,42
173115139880927,796249,42
173115140900406,796291,42
173115140915093,796333,42
173115141924625,796375,42
173115142943114,796417,42
173115143964781,796459,42
173115144984625,796501,42
173115146006968,796543,42
173115147026448,796585,42
173115148049260,796627,42
173115149068271,796669,42
173115150092489,796711,42
173115151111552,796753,42
173115152133635,796795,42
173115153166448,796837,42
173115154197802,796879,42
173115155210979,796921,42
173115156229312,796963,20
173115156242229,796983,42
173115157250093,797025,42
173115158271656,797067,42
173115159289937,797109,42
173115160327021,797151,42
173115161331916,797193,42
173115162370927,797235,42
173115163394937,797277,42
173115164397541,797319,42
173115165414416,797361,42
173115166446396,797403,42
173115167486135,797445,42
173115168505875,797487,42
173115169511656,797529,42
173115170533166,797571,42
173115171553166,797613,42
173115172576135,797655,42
173115173595093,797697,42
173115174614885,797739,42
173115175635458,797781,42
173115176657177,797823,42
173115177676291,797865,42
173115178697854,797907,42
173115179720875,797949,42
173115180750770,797991,42
173115181771916,798033,42
173115182793114,798075,42
173115183818687,798117,42
173115184837281,798159,42
173115185866291,798201,42
173115186894885,798243,42
173115187909312,798285,42
173115188926916,798327,42
173115189951343,798369,20
173115189964104,798389,42
173115190985666,798431,42
173115191998739,798473,42
173115193019677,798515,42
173115194045145,798557,42
173115195063218,798599,42
173115196087750,798641,42
173115197108114,798683,42
173115198131864,798725,42
173115199162698,798767,42
173115200185406,798809,42
173115201204104,798851,42
173115202224260,798893,42
173115203243948,798935,42
173115204269520,798977,42
173115205294937,799019,42
173115206315614,799061,42
173115206328218,799103,42
173115207335927,799145,42
173115208359520,799187,42
173115209379260,799229,42
173115210405458,799271,42
173115211426604,799313,42
173115212450458,799355,42
173115213473166,799397,42
173115214495041,799439,42
173115215517437,799481,42
173115216538062,799523,42
173115217570666,799565,42
173115218595979,799607,42
173115220906135,799649,42
173115221326604,799691,42
173115221339937,799733,42
173115223370614,799775,42
173115223384625,799817,20
173115224395354,799837,42
173115225415770,799879,42
173115225427750,799921,42
173115227459833,799963,42
173115227473583,800005,42
173115228479729,800047,42
173115229504781,800089,42
173115230536916,800131,42
173115231550250,800173,42
173115232581552,800215,42
173115233603895,800257,42
173115234621552,800299,42
173115235645666,800341,42
173115236664833,800383,42
173115237691395,800425,42
173115238712281,800467,42
173115239737229,800509,42
173115240974000,800551,42
173115242038427,800593,42
173115243088739,800635,42
173115244144416,800677,42
173115245210666,800719,42
173115246265250,800761,42
173115247330562,800803,42
173115248387281,800845,42
173115249451760,800887,42
173115250621812,800929,42
173115251578010,800971,42
173115251636552,801013,42
173115253696187,801055,42
173115253756343,801097,42
173115254777489,801139,42
173115255829260,801181,42
173115256880979,801223,20
173115256939260,801243,42
173115257938843,801285,42
173115258999156,801327,42
173115260480406,801369,42
173115261178635,801411,42
173115262246708,801453,42
173115263307541,801495,42
173115264764364,801537,42
173115265458218,801579,42
173115266538479,801621,42
173115267603791,801663,42
173115268671916,801705,42
173115269738687,801747,42
173115270824885,801789,42
173115271893062,801831,42
173115271964312,801873,42
173115272958531,801915,42
173115274030041,801957,42
173115275099989,801999,42
173115276178895,802041,42
173115277239520,802083,42
173115278317854,802125,42
173115279389364,802167,42
173115280480354,802209,42
173115281532645,802251,42
173115282596395,802293,42
173115283675666,802335,42
173115284733375,802377,42
173115285816916,802419,42
173115286886031,802461,42
173115287956239,802503,42
173115288024885,802545,42
173115289023531,802587,42
173115290250406,802629,20
173115290334885,802649,42
173115291178323,802691,42
173115292240770,802733,42
173115293312541,802775,42
173115294388270,802817,42
173115295452854,802859,42
173115296516448,802901,42
173115297727333,802943,42
173115298670406,802985,42
173115299740093,803027,42
173115300851708,803069,42
173115301911760,803111,42
173115302980198,803153,42
173115304052541,803195,42
173115304122177,803237,42
173115305127489,803279,42
173115306322698,803321,42
173115307279000,803363,42
173115308338531,803405,42
173115309411291,803447,42
173115310724260,803489,42
173115311567177,803531,42
173115312672073,803573,42
173115313724156,803615,42
173115314800614,803657,42
173115315861864,803699,42
173115316950666,803741,42
173115318013218,803783,42
173115319092489,803825,42
173115320410562,803867,42
173115320499833,803909,42
173115321236604,803951,42
173115322305406,803993,42
173115323377645,804035,20
173115323447073,804055,42
173115324451031,804097,42
173115325519625,804139,42
173115326586135,804181,42
173115327662020,804223,42
173115328735458,804265,42
173115329793218,804307,42
173115330870979,804349,42
173115331939833,804391,42
173115332999104,804433,42
173115334062750,804475,42
173115335128479,804517,42
173115336199625,804559,42
173115337248479,804601,42
173115337316604,804643,42
173115338318062,804685,42
173115339381604,804727,42
173115340494937,804769,42
173115341531812,804811,42
173115342593948,804853,42
173115343670145,804895,42
173115344731343,804937,42
173115345824781,804979,42
173115346871656,805021,42
173115347943948,805063,42
173115349019156,805105,42
173115350237385,805147,42
173115351174260,805189,42
173115352238427,805231,42
173115353304833,805273,42
173115354379312,805315,42
173115354445979,805357,42
173115355454677,805399,42
173115356671291,805441,20
173115356750927,805461,42
173115357601916,805503,42
173115358662854,805545,42
173115359737385,805587,42
173115360892958,805629,42
173115361947281,805671,42
173115362964468,805713,42
173115364027750,805755,42
173115365108114,805797,42
173115366254052,805839,42
173115367330145,805881,42
173115368324625,805923,42
173115369390823,805965,42
173115370469208,806007,42
173115370556864,806049,42
173115371538218,806091,42
173115372601864,806133,42
173115373670406,806175,42
173115374753791,806217,42
173115375813062,806259,42
173115376884156,806301,42
173115377958166,806343,42
173115379017125,806385,42
173115380364677,806427,42
173115381169052,806469,42
173115382240354,806511,42
173115383299156,806553,42
173115384380250,806595,42
173115385449677,806637,42
173115386517645,806679,42
173115386584208,806721,42
173115387587229,806763,42
173115388681916,806805,42
173115389810875,806847,20
173115389877958,806867,42
173115390840041,806909,42
173115391909364,806951,42
173115392975145,806993,42
173115394050510,807035,42
173115395111187,807077,42
173115396191864,807119,42
173115397255145,807161,42
173115398333791,807203,42
173115399407645,807245,42
173115400485145,807287,42
173115401551083,807329,42
173115402618739,807371,42
173115403694208,807413,42
173115403762906,807455,42
173115404763583,807497,42
173115405833427,807539,42
173115407264364,807581,42
173115407988427,807623,42
173115409055666,807665,42
173115410272958,807707,42
173115411212229,807749,42
173115412267333,807791,42
173115413347593,807833,42
173115414407958,807875,42
173115415483739,807917,42
173115416550145,807959,42
173115417629989,808001,42
173115418700614,808043,42
173115419768895,808085,42
173115419837958,808127,42
173115420868375,808169,42
173115421965875,808211,42
173115423041031,808253,20
173115423107802,808273,42
173115424115093,808315,42
173115425178427,808357,42
173115426249937,808399,42
173115427323010,808441,42
173115428395458,808483,42
173115429459520,808525,42
173115430652437,808567,42
173115431607333,808609,42
173115432684364,808651,42
173115433755979,808693,42
173115434820197,808735,42
173115434889052,808777,42
173115435892802,808819,42
173115436967437,808861,42
173115438038947,808903,42
173115439139989,808945,42
173115440427593,808987,42
173115441258062,809029,42
173115442326187,809071,42
173115443384729,809113,42
173115444463687,809155,42
173115445528531,809197,42
173115446604052,809239,42
173115447675979,809281,42
173115448743375,809323,42
173115449814625,809365,42
173115450925302,809407,42
173115451968791,809449,42
173115452038791,809491,42
173115453039468,809533,42
173115454107177,809575,42
173115455179625,809617,42
173115456254937,809659,20
173115456321187,809679,42
173115457325510,809721,42
173115458404937,809763,42
173115459464260,809805,42
173115460663739,809847,42
173115461623791,809889,42
173115462675666,809931,42
173115463755562,809973,42
173115464821187,810015,42
173115465894833,810057,42
173115466974052,810099,42
173115468051239,810141,42
173115468130302,810183,42
173115469113375,810225,42
173115470356812,810267,42
173115471257333,810309,42
173115472325145,810351,42
173115473393531,810393,42
173115474465770,810435,42
173115475535927,810477,42
173115476604677,810519,42
173115477700666,810561,42
173115478748375,810603,42
173115479812125,810645,42
173115480908531,810687,42
173115481965770,810729,42
173115483045250,810771,42
173115484112854,810813,42
173115485184468,810855,42
173115485252333,810897,42
173115486260562,810939,42
173115487327541,810981,42
173115488400875,811023,42
173115489469729,811065,42
173115489537281,811107,20
173115490636500,811127,42
173115491617125,811169,42
173115492684260,811211,42
173115493754052,811253,42
173115494829364,811295,42
173115495893166,811337,42
173115496970354,811379,42
173115498037229,811421,42
173115499102697,811463,42
173115500438062,811505,42
173115501260666,811547,42
173115501331760,811589,42
173115502329468,811631,42
173115503398843,811673,42
173115504485354,811715,42
173115505547593,811757,42
173115506614625,811799,42
173115507692385,811841,42
173115508787750,811883,42
173115509840927,811925,42
173115510933218,811967,42
173115511987697,812009,42
173115513044937,812051,42
173115514125875,812093,42
173115515186864,812135,42
173115516269520,812177,42
173115517336604,812219,42
173115517404416,812261,42
173115518407593,812303,42
173115519479468,812345,42
173115520650197,812387,42
173115521619468,812429,42
173115522693739,812471,42
173115522761135,812513,20
173115523766812,812533,42
173115524835718,812575,42
173115525901760,812617,42
173115526970562,812659,42
173115528054989,812701,42
173115529111135,812743,42
173115530246083,812785,42
173115531262645,812827,42
173115532324729,812869,42
173115533405354,812911,42
173115534474416,812953,42
173115534541812,812995,42
173115535544572,813037,42
173115536612802,813079,42
173115537690145,813121,42
173115538760197,813163,42
173115539826083,813205,42
173115540941708,813247,42
173115541981187,813289,42
173115543053843,813331,42
173115544118583,813373,42
173115545194885,813415,42
173115546256395,813457,42
173115547330093,813499,42
173115548396083,813541,42
173115549472593,813583,42
173115550657906,813625,42
173115551616239,813667,42
173115551684729,813709,42
173115552689208,813751,42
173115553754468,813793,42
173115554863166,813835,42
173115555898895,813877,42
173115555965718,813919,20
173115556971864,813939,42
173115558043062,813981,42
173115559131916,814023,42
173115560479416,814065,42
173115561263427,814107,42
173115562328375,814149,42
173115563388166,814191,42
173115564466343,814233,42
173115565527072,814275,42
173115566606447,814317,42
173115567676968,814359,42
173115567744833,814401,42
173115568745875,814443,42
173115569823010,814485,42
173115571814885,814527,42
173115572066864,814569,42
173115573104885,814611,42
173115574171395,814653,42
173115575239520,814695,42
173115576321291,814737,42
173115577383635,814779,42
173115578462802,814821,42
173115579521812,814863,42
173115580697906,814905,42
173115581745562,814947,42
173115581840041,814989,42
173115582805614,815031,42
173115583910770,815073,42
173115584972697,815115,42
173115586052697,815157,42
173115587121187,815199,42
173115588220145,815241,42
173115589279260,815283,42
173115589353583,815325,20
173115590354156,815345,42
173115591421239,815387,42
173115592498218,815429,42
173115593572802,815471,42
173115594647958,815513,42
173115595723427,815555,42
173115596793427,815597,42
173115597883687,815639,42
173115597960458,815681,42
173115598949572,815723,42
173115600317645,815765,42
173115601121395,815807,42
173115602180510,815849,42
173115603249989,815891,42
173115604327489,815933,42
173115605399052,815975,42
173115606468947,816017,42
173115607549052,816059,42
173115608620718,816101,42
173115609692802,816143,42
173115610810302,816185,42
173115611875145,816227,42
173115612938843,816269,42
173115614022854,816311,42
173115614096916,816353,42
173115615084937,816395,42
173115616160354,816437,42
173115617237645,816479,42
173115618307749,816521,42
173115619383739,816563,42
173115620468010,816605,42
173115621549260,816647,42
173115622616812,816689,42
173115622691343,816731,20
173115623682802,816751,42
173115624758166,816793,42
173115625832541,816835,42
173115626905145,816877,42
173115627980979,816919,42
173115629058531,816961,42
173115629132437,817003,42
173115630240406,817045,42
173115631208635,817087,42
173115632277020,817129,42
173115633348843,817171,42
173115634421656,817213,42
173115635497802,817255,42
173115636571864,817297,42
173115637645874,817339,42
173115638721239,817381,42
173115639866447,817423,42
173115640914729,817465,42
173115641959677,817507,42
173115643027333,817549,42
173115644102072,817591,42
173115645181083,817633,42
173115645255041,817675,42
173115646256760,817717,42
173115647324052,817759,42
173115648399989,817801,42
173115649472593,817843,42
173115650656864,817885,42
173115651624260,817927,42
173115652699781,817969,42
173115653770145,818011,42
173115654881239,818053,42
173115655933010,818095,42
173115656008739,818137,20
173115656998479,818157,42
173115658071864,818199,42
173115659150302,818241,42
173115660238843,818283,42
173115661311187,818325,42
173115661387489,818367,42
173115662379781,818409,42
173115663450979,818451,42
173115664533479,818493,42
173115665595874,818535,42
173115666670041,818577,42
173115667746708,818619,42
173115668821552,818661,42
173115669900354,818703,42
173115670979677,818745,42
173115672063218,818787,42
173115673131552,818829,42
173115674205249,818871,42
173115675274885,818913,42
173115676355458,818955,42
173115676431343,818997,42
173115677426708,819039,42
173115678494937,819081,42
173115679571239,819123,42
173115680663999,819165,42
173115681737437,819207,42
173115682806447,819249,42
173115683888166,819291,42
173115684957124,819333,42
173115686029624,819375,42
173115687104624,819417,42
173115688215458,819459,42
173115689263479,819501,42
173115689339677,819543,20
173115690338322,819563,42
173115691405197,819605,42
173115692483374,819647,42
173115692559781,819689,42
173115693554260,819731,42
173115694626343,819773,42
173115695701239,819815,42
173115696775718,819857,42
173115697855093,819899,42
173115698922020,819941,42
173115699994312,819983,42
173115701081395,820025,42
173115702152281,820067,42
173115703227385,820109,42
173115704303947,820151,42
173115705376447,820193,42
173115706448895,820235,42
173115707536239,820277,42
173115707611864,820319,42
173115708602124,820361,42
173115709672072,820403,42
173115710883739,820445,42
173115711868062,820487,42
173115712936395,820529,42
173115714011135,820571,42
173115715083687,820613,42
173115716160822,820655,42
173115717244677,820697,42
173115718310354,820739,42
173115719386552,820781,42
173115720478010,820823,42
173115721556447,820865,42
173115722621812,820907,42
173115722698583,820949,20
173115723697437,820969,42
173115723771395,821011,42
173115724807437,821053,42
173115725842645,821095,42
173115726918583,821137,42
173115727996291,821179,42
173115729068947,821221,42
173115730233791,821263,42
173115731229989,821305,42
173115732298687,821347,42
173115733372229,821389,42
173115734446812,821431,42
173115735526447,821473,42
173115736598739,821515,42
173115737673791,821557,42
173115738759989,821599,42
173115738832802,821641,42
173115739828270,821683,42
173115740948895,821725,42
173115741988479,821767,42
173115743060822,821809,42
173115744133739,821851,42
173115745208062,821893,42
173115746285927,821935,42
173115747358947,821977,42
173115748434624,822019,42
173115749511135,822061,42
173115750676083,822103,42
173115751752489,822145,42
173115752830458,822187,42
173115752905093,822229,42
173115753896552,822271,42
173115754976864,822313,42
173115756055249,822355,42
173115756128843,822397,20
173115757123791,822417,42
173115758199520,822459,42
173115759276447,822501,42
173115760420458,822543,42
173115761428218,822585,42
173115762504364,822627,42
173115763577958,822669,42
173115764659312,822711,42
173115765730458,822753,42
173115766804624,822795,42
173115767880145,822837,42
173115768958479,822879,42
173115769033218,822921,42
173115770124781,822963,42
173115771111291,823005,42
173115772183947,823047,42
173115773327385,823089,42
173115774376447,823131,42
173115775449781,823173,42
173115776523947,823215,42
173115777600406,823257,42
173115778676031,823299,42
173115779750874,823341,42
173115780862281,823383,42
173115781936499,823425,42
173115783011812,823467,42
173115783085510,823509,42
173115784091812,823551,42
173115785162541,823593,42
173115786236812,823635,42
173115787311864,823677,42
173115788388791,823719,42
173115789468010,823761,42
173115789542906,823803,20
173115790636968,823823,42
173115791616239,823865,42
173115792686968,823907,42
173115793762020,823949,42
173115794848947,823991,42
173115795919052,824033,42
173115796990041,824075,42
173115798079520,824117,42
173115798153583,824159,42
173115799149468,824201,42
173115800257333,824243,42
173115801299885,824285,42
173115802374156,824327,42
173115803447541,824369,42
173115804519416,824411,42
173115805596864,824453,42
173115806669885,824495,42
173115807750770,824537,42
173115808827281,824579,42
173115809899937,824621,42
173115810983270,824663,42
173115812051864,824705,42
173115813128479,824747,42
173115814232072,824789,42
173115815296447,824831,42
173115815372489,824873,42
173115816362489,824915,42
173115817438999,824957,42
173115818507958,824999,42
173115819582072,825041,42
173115820680874,825083,42
173115821756552,825125,42
173115822832802,825167,42
173115822906916,825209,20
173115823904781,825229,42
173115824978270,825271,42
173115826050614,825313,42
173115827125510,825355,42
173115828198895,825397,42
173115829274885,825439,42
173115829349624,825481,42
173115830353062,825523,42
173115831427333,825565,42
173115832497437,825607,42
173115833570197,825649,42
173115834641604,825691,42
173115835719364,825733,42
173115836799156,825775,42
173115837868479,825817,42
173115838938687,825859,42
173115840142020,825901,42
173115841106447,825943,42
173115842172541,825985,42
173115843245614,826027,42
173115844316551,826069,42
173115845396968,826111,42
173115845472072,826153,42
173115846465406,826195,42
173115847540770,826237,42
173115848612333,826279,42
173115849688218,826321,42
173115850775770,826363,42
173115851846760,826405,42
173115852920562,826447,42
173115853991135,826489,42
173115855072176,826531,42
173115856145458,826573,42
173115856221760,826615,20
173115857215770,826635,42
173115858290093,826677,42
173115859363635,826719,42
173115860523479,826761,42
173115861523166,826803,42
173115861598166,826845,42
173115862586604,826887,42
173115863666187,826929,42
173115864737801,826971,42
173115865807749,827013,42
173115866883531,827055,42
173115867955145,827097,42
173115869031916,827139,42
173115870195145,827181,42
173115871184937,827223,42
173115872258426,827265,42
173115873329885,827307,42
173115874408791,827349,42
173115875490614,827391,42
173115876561135,827433,42
173115876638999,827475,42
173115877626708,827517,42
173115878705197,827559,42
173115879774676,827601,42
173115880864833,827643,42
173115881935979,827685,42
173115883007801,827727,42
173115884088791,827769,42
173115885160562,827811,42
173115886234937,827853,42
173115887312124,827895,42
173115888391499,827937,42
173115889465510,827979,42
173115889541499,828021,20
173115890627437,828041,42
173115891624312,828083,42
173115891703166,828125,42
173115892706031,828167,42
173115893767124,828209,42
173115894840979,828251,42
173115895913947,828293,42
173115896989885,828335,42
173115898070301,828377,42
173115899139520,828419,42
173115900241916,828461,42
173115901293635,828503,42
173115902364520,828545,42
173115903441499,828587,42
173115904518270,828629,42
173115905591968,828671,42
173115906670822,828713,42
173115907746551,828755,42
173115907823479,828797,42
173115908819781,828839,42
173115909885145,828881,42
173115910964572,828923,42
173115912037593,828965,42
173115913115249,829007,42
173115914187593,829049,42
173115915259676,829091,42
173115916332958,829133,42
173115917415666,829175,42
173115918488062,829217,42
173115919562645,829259,42
173115920658583,829301,42
173115921732541,829343,42
173115922811916,829385,42
173115922887020,829427,20
173115923891135,829447,42
173115923964937,829489,42
173115924961656,829531,42
173115926037229,829573,42
173115927110510,829615,42
173115928183635,829657,42
173115929261916,829699,42
173115930344676,829741,42
173115931414833,829783,42
173115932488062,829825,42
173115933667645,829867,42
173115934639885,829909,42
173115935714989,829951,42
173115936792489,829993,42
173115937864989,830035,42
173115938947541,830077,42
173115939023583,830119,42
173115940126968,830161,42
173115941114208,830203,42
173115942174208,830245,42
173115943248322,830287,42
173115944323791,830329,42
173115945396083,830371,42
173115946472854,830413,42
173115947583322,830455,42
173115948627697,830497,42
173115949697958,830539,42
173115950796604,830581,42
173115951865249,830623,42
173115952941760,830665,42
173115954014624,830707,42
173115955100614,830749,42
173115955175874,830791,42
173115956172697,830833,20
173115956246604,830853,42
173115957240874,830895,42
173115958317854,830937,42
173115959392749,830979,42
173115960496291,831021,42
173115961543531,831063,42
173115962617489,831105,42
173115963679937,831147,42
173115964806551,831189,42
173115965855197,831231,42
173115966936083,831273,42
173115968006187,831315,42
173115969081135,831357,42
173115970272072,831399,42
173115970359312,831441,42
173115971222281,831483,42
173115972293895,831525,42
173115973360249,831567,42
173115974430301,831609,42
173115975499729,831651,42
173115976567124,831693,42
173115977630458,831735,42
173115978703374,831777,42
173115979769312,831819,42
173115980866291,831861,42
173115981931812,831903,42
173115983006916,831945,42
173115984081864,831987,42
173115985150562,832029,42
173115986227333,832071,42
173115986304260,832113,42
173115987295458,832155,42
173115988376031,832197,42
173115989454624,832239,42
173115989531760,832281,20
173115990523687,832301,42
173115991593166,832343,42
173115992667541,832385,42
173115993741604,832427,42
173115994815093,832469,42
173115995887593,832511,42
173115996962854,832553,42
173115998037385,832595,42
173115999109676,832637,42
173116000216239,832679,42
173116001259676,832721,42
173116002335041,832763,42
173116002410666,832805,42
173116003408895,832847,42
173116004479676,832889,42
173116005554208,832931,42
173116006626708,832973,42
173116007713218,833015,42
173116008786187,833057,42
173116009856395,833099,42
173116010939416,833141,42
173116012006395,833183,42
173116013084260,833225,42
173116014148947,833267,42
173116015226760,833309,42
173116016298218,833351,42
173116017376239,833393,42
173116018451395,833435,42
173116018524937,833477,42
173116019522124,833519,42
173116020811656,833561,42
173116021763791,833603,42
173116022838114,833645,42
173116022913947,833687,20
173116023904104,833707,42
173116024980510,833749,42
173116026048322,833791,42
173116027122437,833833,42
173116028192645,833875,42
173116029263218,833917,42
173116030343114,833959,42
173116031418791,834001,42
173116032484468,834043,42
173116033565458,834085,42
173116033640979,834127,42
173116034629468,834169,42
173116035704833,834211,42
173116036776864,834253,42
173116037845458,834295,42
173116038918739,834337,42
173116039990666,834379,42
173116041079104,834421,42
173116042140197,834463,42
173116043210874,834505,42
173116044281604,834547,42
173116045359104,834589,42
173116046426239,834631,42
173116047499051,834673,42
173116048571812,834715,42
173116049648322,834757,42
173116049722854,834799,42
173116050733114,834841,42
173116051798531,834883,42
173116052870562,834925,42
173116053940093,834967,42
173116055021343,835009,42
173116056092697,835051,42
173116056167072,835093,20
173116057165510,835113,42
173116058233739,835155,42
173116059314676,835197,42
173116060476864,835239,42
173116061458166,835281,42
173116062528739,835323,42
173116063597906,835365,42
173116064676864,835407,42
173116065766916,835449,42
173116065844572,835491,42
173116066825926,835533,42
173116067894156,835575,42
173116068972489,835617,42
173116070137437,835659,42
173116071126968,835701,42
173116072194468,835743,42
173116073273531,835785,42
173116074382385,835827,42
173116075455458,835869,42
173116076524208,835911,42
173116077602645,835953,42
173116078683374,835995,42
173116079743583,836037,42
173116080837489,836079,42
173116080925978,836121,42
173116081899468,836163,42
173116082973010,836205,42
173116084051603,836247,42
173116085123895,836289,42
173116086194781,836331,42
173116087276968,836373,42
173116088358166,836415,42
173116089421656,836457,42
173116089499364,836499,20
173116090500510,836519,42
173116091562853,836561,42
173116092635145,836603,42
173116093710353,836645,42
173116094784468,836687,42
173116095854051,836729,42
173116096932437,836771,42
173116097007958,836813,42
173116098007176,836855,42
173116099076083,836897,42
173116100242333,836939,42
173116101228687,836981,42
173116102296603,837023,42
173116103369520,837065,42
173116104440562,837107,42
173116105514885,837149,42
173116106586187,837191,42
173116107695510,837233,42
173116108765718,837275,42
173116109835510,837317,42
173116110914364,837359,42
173116111982697,837401,42
173116113062176,837443,42
173116113137801,837485,42
173116114132437,837527,42
173116115211187,837569,42
173116116276760,837611,42
173116117354728,837653,42
173116118425458,837695,42
173116119499156,837737,42
173116120668583,837779,42
173116121658791,837821,42
173116122728791,837863,42
173116122804572,837905,20
173116123793791,837925,42
173116124865041,837967,42
173116125936916,838009,42
173116127009572,838051,42
173116128080093,838093,42
173116129162541,838135,42
173116129237801,838177,42
173116130237072,838219,42
173116131307801,838261,42
173116132378583,838303,42
173116133450510,838345,42
173116134523426,838387,42
173116135599937,838429,42
173116136674833,838471,42
173116137748999,838513,42
173116138821447,838555,42
173116139893010,838597,42
173116141043635,838639,42
173116142096864,838681,42
173116143161812,838723,42
173116144238739,838765,42
173116144316187,838807,42
173116145306916,838849,42
173116146375614,838891,42
173116147452853,838933,42
173116148524624,838975,42
173116149601656,839017,42
173116150687176,839059,42
173116151754312,839101,42
173116152823478,839143,42
173116153898062,839185,42
173116154976135,839227,42
173116156053635,839269,42
173116156128895,839311,20
173116157126603,839331,42
173116158197801,839373,42
173116159266031,839415,42
173116160431812,839457,42
173116160522020,839499,42
173116161417489,839541,42
173116162487489,839583,42
173116163562385,839625,42
173116164635926,839667,42
173116165709572,839709,42
173116166780406,839751,42
173116167855614,839793,42
173116168930406,839835,42
173116170100978,839877,42
173116171087593,839919,42
173116172152749,839961,42
173116173224103,840003,42
173116174334208,840045,42
173116175409676,840087,42
173116175485041,840129,42
173116176477593,840171,42
173116177552072,840213,42
173116178626187,840255,42
173116179705822,840297,42
173116180806135,840339,42
173116181869468,840381,42
173116182944416,840423,42
173116184023635,840465,42
173116185092906,840507,42
173116186168739,840549,42
173116187239260,840591,42
173116188315770,840633,42
173116189389885,840675,42
173116189465249,840717,20
173116190469624,840737,42
173116191545926,840779,42
173116191623062,840821,42
173116192612281,840863,42
173116193685353,840905,42
173116194755822,840947,42
173116195831916,840989,42
173116196900614,841031,42
173116197979312,841073,42
173116199051395,841115,42
173116200233322,841157,42
173116201199416,841199,42
173116202270145,841241,42
173116203342697,841283,42
173116204415458,841325,42
173116205490197,841367,42
173116206562333,841409,42
173116207679728,841451,42
173116207756656,841493,42
173116208747124,841535,42
173116209814728,841577,42
173116210902697,841619,42
173116211976083,841661,42
173116213051291,841703,42
173116214120353,841745,42
173116215196968,841787,42
173116216267541,841829,42
173116217343843,841871,42
173116218418843,841913,42
173116219491239,841955,42
173116220649676,841997,42
173116221650978,842039,42
173116221728843,842081,42
173116222716603,842123,20
173116223791083,842143,42
173116223866603,842185,42
173116224859520,842227,42
173116226033478,842269,42
173116227009520,842311,42
173116228079833,842353,42
173116229153062,842395,42
173116230233114,842437,42
173116231367697,842479,42
173116232378947,842521,42
173116233447437,842563,42
173116234521343,842605,42
173116235596760,842647,42
173116236667437,842689,42
173116237742437,842731,42
173116238825249,842773,42
173116238902593,842815,42
173116239985041,842857,42
173116241007541,842899,42
173116242084416,842941,42
173116243152749,842983,42
173116244220249,843025,42
173116245295822,843067,42
173116246368791,843109,42
173116247436551,843151,42
173116248512020,843193,42
173116249581447,843235,42
173116250682437,843277,42
173116251748843,843319,42
173116252821916,843361,42
173116253915614,843403,42
173116253992072,843445,42
173116254975978,843487,42
173116256050458,843529,42
173116256125822,843571,20
173116257119103,843591,42
173116258188114,843633,42
173116259262958,843675,42
173116260427645,843717,42
173116261415978,843759,42
173116262489103,843801,42
173116263557645,843843,42
173116264636447,843885,42
173116265706135,843927,42
173116266777906,843969,42
173116267857281,844011,42
173116268931395,844053,42
173116270101708,844095,42
173116270190822,844137,42
173116271080978,844179,42
173116272149208,844221,42
173116273222124,844263,42
173116274334885,844305,42
173116275414364,844347,42
173116276483999,844389,42
173116277552958,844431,42
173116278624937,844473,42
173116279697072,844515,42
173116280786603,844557,42
173116281862645,844599,42
173116282931030,844641,42
173116284006239,844683,42
173116285081708,844725,42
173116285157853,844767,42
173116286151864,844809,42
173116287222593,844851,42
173116288297958,844893,42
173116289377905,844935,42
173116289451239,844977,20
173116290452228,844997,42
173116291517853,845039,42
173116292593218,845081,42
173116293665718,845123,42
173116294735770,845165,42
173116295811968,845207,42
173116296882541,845249,42
173116297956864,845291,42
173116299025926,845333,42
173116300193635,845375,42
173116301182228,845417,42
173116301256499,845459,42
173116302251708,845501,42
173116303321812,845543,42
173116304397437,845585,42
173116305466291,845627,42
173116306540405,845669,42
173116307645145,845711,42
173116308714989,845753,42
173116309787905,845795,42
173116310868218,845837,42
173116311933739,845879,42
173116313010978,845921,42
173116314085353,845963,42
173116315153843,846005,42
173116316227958,846047,42
173116317305926,846089,42
173116318376760,846131,42
173116318450562,846173,42
173116319453635,846215,42
173116320622228,846257,42
173116321622593,846299,42
173116322677489,846341,42
173116322754312,846383,20
173116323745353,846403,42
173116324816603,846445,42
173116325888270,846487,42
173116326958374,846529,42
173116328031239,846571,42
173116329105926,846613,42
173116330191760,846655,42
173116331257645,846697,42
173116332323374,846739,42
173116333402333,846781,42
173116333477749,846823,42
173116334473947,846865,42
173116336279989,846907,42
173116336658895,846949,42
173116337735458,846991,42
173116338797385,847033,42
173116339871343,847075,42
173116340958530,847117,42
173116342041135,847159,42
173116343103739,847201,42
173116344179468,847243,42
173116345261135,847285,42
173116346328999,847327,42
173116347420405,847369,42
173116348464260,847411,42
173116348536135,847453,42
173116349607801,847495,42
173116350656395,847537,42
173116354152437,847579,42
173116360940353,847621,42
173116361065562,847663,42
173116361079937,847705,42
173116361141708,847747,42
173116361195718,847789,20
173116361271187,847809,42
173116361326187,847851,42
173116361452280,847893,42
173116361506343,847935,42
173116361530197,847977,42
173116361939468,848019,42
173116362975301,848061,42
173116363977593,848103,42
173116365110874,848145,42
173116366050249,848187,42
173116367064208,848229,42
173116368083635,848271,42
173116369113114,848313,42
173116370140041,848355,42
173116371167176,848397,42
173116372182072,848439,42
173116373209885,848481,42
173116374232385,848523,42
173116375254728,848565,42
173116376279468,848607,42
173116377305978,848649,42
173116378328426,848691,42
173116379354624,848733,42
173116380432541,848775,42
173116381408583,848817,42
173116382434208,848859,42
173116383458843,848901,42
173116384489572,848943,42
173116385513739,848985,42
173116386535718,849027,42
173116386550666,849069,42
173116387573218,849111,42
173116388592072,849153,42
173116389603374,849195,20
173116389616291,849215,42
173116390606760,849257,42
173116391632958,849299,42
173116392652020,849341,42
173116393678062,849383,42
173116394696864,849425,42
173116395719728,849467,42
173116396737489,849509,42
173116397764468,849551,42
173116398781968,849593,42
173116399809051,849635,42
173116400866968,849677,42
173116401880978,849719,42
173116402887176,849761,42
173116403905249,849803,42
173116404923687,849845,42
173116405944885,849887,42
173116406966916,849929,42
173116407986551,849971,42
173116409008530,850013,42
173116410067749,850055,42
173116411129937,850097,42
173116412071655,850139,42
173116413091499,850181,42
173116414110041,850223,42
173116415132124,850265,42
173116416155822,850307,42
173116417174155,850349,42
173116418191030,850391,42
173116419221760,850433,42
173116420264624,850475,42
173116421261603,850517,42
173116422277697,850559,42
173116423296499,850601,20
173116423307593,850621,42
173116424319728,850663,42
173116425340614,850705,42
173116426359676,850747,42
173116427382853,850789,42
173116428464676,850831,42
173116429488843,850873,42
173116430597541,850915,42
173116431491499,850957,42
173116432534260,850999,42
173116433536499,851041,42
173116434539520,851083,42
173116435562645,851125,42
173116436581395,851167,42
173116437601239,851209,42
173116438621291,851251,42
173116439641083,851293,42
173116440662385,851335,42
173116441685405,851377,42
173116442702176,851419,42
173116443721864,851461,42
173116444739312,851503,42
173116445765301,851545,42
173116446782333,851587,42
173116447804780,851629,42
173116448822541,851671,42
173116449844260,851713,42
173116450864780,851755,42
173116451882437,851797,42
173116452919208,851839,42
173116453944468,851881,42
173116454949364,851923,42
173116454961551,851965,42
173116455966968,852007,20
173116456989572,852027,42
173116457001447,852069,42
173116458016083,852111,42
173116459083947,852153,42
173116460164780,852195,42
173116461071083,852237,42
173116462092124,852279,42
173116463113999,852321,42
173116464147541,852363,42
173116465157489,852405,42
173116466177489,852447,42
173116467210145,852489,42
173116468239676,852531,42
173116469243530,852573,42
173116470270718,852615,42
173116471282385,852657,42
173116472302905,852699,42
173116473323843,852741,42
173116474344208,852783,42
173116475363530,852825,42
173116476421030,852867,42
173116477404208,852909,42
173116478425666,852951,42
173116479446968,852993,42
173116480652437,853035,42
173116481588270,853077,42
173116482522385,853119,42
173116483546343,853161,42
173116484563791,853203,42
173116485587853,853245,42
173116486625926,853287,42
173116487641708,853329,42
173116488654780,853371,42
173116489676135,853413,20
173116489688791,853433,42
173116490698114,853475,42
173116491721812,853517,42
173116492745666,853559,42
173116493766030,853601,42
173116494787124,853643,42
173116495809260,853685,42
173116496829468,853727,42
173116497849312,853769,42
173116498885457,853811,42
173116499905197,853853,42
173116500926447,853895,42
173116501943322,853937,42
173116502964937,853979,42
173116503986968,854021,42
173116505009260,854063,42
173116506030614,854105,42
173116507061603,854147,42
173116508072957,854189,42
173116509096551,854231,42
173116510123791,854273,42
173116511156603,854315,42
173116512206135,854357,42
173116513281655,854399,42
173116514202853,854441,42
173116515227020,854483,42
173116516248166,854525,42
173116517277072,854567,42
173116518306082,854609,42
173116519321291,854651,42
173116520342332,854693,42
173116521378895,854735,42
173116521393218,854777,42
173116522381030,854819,42
173116523405926,854861,20
173116523418478,854881,42
173116524427072,854923,42
173116525449572,854965,42
173116526477124,855007,42
173116527508530,855049,42
173116528580041,855091,42
173116529634780,855133,42
173116530566603,855175,42
173116531586291,855217,42
173116532621655,855259,42
173116533642801,855301,42
173116534666916,855343,42
173116535677385,855385,42
173116536697957,855427,42
173116537720614,855469,42
173116538739364,855511,42
173116539762489,855553,42
173116540930926,855595,42
173116542061239,855637,42
173116543039312,855679,42
173116544135353,855721,42
173116545188426,855763,42
173116546500978,855805,42
173116547239832,855847,42
173116548511760,855889,42
173116549346395,855931,42
173116550401395,855973,42
173116551442697,856015,42
173116552495041,856057,42
173116553548478,856099,42
173116554590510,856141,42
173116555655510,856183,42
173116555707332,856225,42
173116556774885,856267,20
173116556824780,856287,42
173116557775197,856329,42
173116558817280,856371,42
173116559861760,856413,42
173116561020041,856455,42
173116562075926,856497,42
173116563140562,856539,42
173116564486812,856581,42
173116565284885,856623,42
173116566424937,856665,42
173116567438843,856707,42
173116568498895,856749,42
173116569579155,856791,42
173116570888791,856833,42
173116571763062,856875,42
173116572885510,856917,42
173116572964520,856959,42
173116574351551,857001,42
173116574971187,857043,42
173116576176760,857085,42
173116577111135,857127,42
173116578193687,857169,42
173116579267645,857211,42
173116580477124,857253,42
173116581405614,857295,42
173116582472905,857337,42
173116583547489,857379,42
173116584660249,857421,42
173116585898478,857463,42
173116586808010,857505,42
173116586883895,857547,42
173116588956135,857589,42
173116589043478,857631,42
173116590579780,857673,20
173116590679989,857693,42
173116591072645,857735,42
173116592186655,857777,42
173116593270926,857819,42
173116594302957,857861,42
173116595346603,857903,42
173116596484937,857945,42
173116597486343,857987,42
173116598601551,858029,42
173116599641082,858071,42
173116601765614,858113,42
173116602006135,858155,42
173116602990249,858197,42
173116603067020,858239,42
173116604070510,858281,42
173116605203791,858323,42
173116606170041,858365,42
173116607294572,858407,42
173116608306135,858449,42
173116609378114,858491,42
173116610477697,858533,42
173116611600145,858575,42
173116612649051,858617,42
173116613663270,858659,42
173116614765353,858701,42
173116615966030,858743,42
173116616898010,858785,42
173116617983791,858827,42
173116622091343,858869,42
173116622115614,858911,42
173116622127437,858953,42
173116622137905,858995,42
173116622148270,859037,42
173116623020457,859079,20
173116623034832,859099,42
173116624037437,859141,42
173116625063739,859183,42
173116626087541,859225,42
173116627106082,859267,42
173116628129676,859309,42
173116629155666,859351,42
173116630243322,859393,42
173116631206239,859435,42
173116632230405,859477,42
173116633257489,859519,42
173116634284676,859561,42
173116635301603,859603,42
173116636319624,859645,42
173116637346499,859687,42
173116638374155,859729,42
173116639401707,859771,42
173116640435926,859813,42
173116641446499,859855,42
173116642476343,859897,42
173116643511135,859939,42
173116644529051,859981,42
173116645547541,860023,42
173116646576655,860065,42
173116647598999,860107,42
173116648619780,860149,42
173116649637645,860191,42
173116650672280,860233,42
173116651704312,860275,42
173116652738530,860317,42
173116653747593,860359,42
173116654766916,860401,42
173116655792176,860443,42
173116656819416,860485,20
173116656833166,860505,42
173116657839103,860547,42
173116658861135,860589,42
173116659886030,860631,42
173116660910666,860673,42
173116661945822,860715,42
173116662950666,860757,42
173116663970457,860799,42
173116664989364,860841,42
173116666013947,860883,42
173116667047905,860925,42
173116668084728,860967,42
173116669089832,861009,42
173116670141030,861051,42
173116671137072,861093,42
173116672153270,861135,42
173116673195614,861177,42
173116674206655,861219,42
173116675231603,861261,42
173116676249520,861303,42
173116677284885,861345,42
173116678293687,861387,42
173116679325770,861429,42
173116680348270,861471,42
173116680363478,861513,42
173116681363999,861555,42
173116682383530,861597,42
173116683406707,861639,42
173116684427072,861681,42
173116685465822,861723,42
173116686501395,861765,42
173116687515197,861807,42
173116688536760,861849,42
173116689564312,861891,20
173116689577176,861911,42
173116690575353,861953,42
173116691605041,861995,42
173116692635041,862037,42
173116693653895,862079,42
173116694668218,862121,42
173116695686291,862163,42
173116696704207,862205,42
173116697731864,862247,42
173116698783374,862289,42
173116699801707,862331,42
173116700810041,862373,42
173116701840301,862415,42
173116702858687,862457,42
173116703883062,862499,42
173116704899207,862541,42
173116705924624,862583,42
173116706946239,862625,42
173116707966551,862667,42
173116708989103,862709,42
173116710050353,862751,42
173116711032384,862793,42
173116712047645,862835,42
173116713087593,862877,42
173116714119832,862919,42
173116715116447,862961,42
173116716142437,863003,42
173116717168843,863045,42
173116718193009,863087,42
173116719230822,863129,42
173116720257228,863171,42
173116721263270,863213,42
173116722288687,863255,42
173116723313478,863297,20
173116723327749,863317,42
173116724334780,863359,42
173116725355770,863401,42
173116726374884,863443,42
173116727407332,863485,42
173116728422645,863527,42
173116729453582,863569,42
173116730472176,863611,42
173116731496134,863653,42
173116732549884,863695,42
173116733552228,863737,42
173116734581499,863779,42
173116735594207,863821,42
173116736616603,863863,42
173116737641603,863905,42
173116738665614,863947,42
173116739688791,863989,42
173116740710093,864031,42
173116740724937,864073,42
173116741737228,864115,42
173116742759832,864157,42
173116743779312,864199,42
173116744808426,864241,42
173116745819155,864283,42
173116746846343,864325,42
173116747866864,864367,42
173116748895718,864409,42
173116749910145,864451,42
173116750928739,864493,42
173116751970405,864535,42
173116753009832,864577,42
173116754019520,864619,42
173116755038634,864661,42
173116756058687,864703,20
173116756072124,864723,42
173116757078895,864765,42
173116758097957,864807,42
173116759116134,864849,42
173116760149259,864891,42
173116761168218,864933,42
173116762190093,864975,42
173116763217332,865017,42
173116764242020,865059,42
173116765277957,865101,42
173116766307280,865143,42
173116767323426,865185,42
173116768346082,865227,42
173116769375509,865269,42
173116770439832,865311,42
173116771458009,865353,42
173116772478843,865395,42
173116773503895,865437,42
173116774524676,865479,42
173116775543791,865521,42
173116776567020,865563,42
173116777591291,865605,42
173116778609207,865647,42
173116779628322,865689,42
173116780667593,865731,42
173116781684103,865773,42
173116782713114,865815,42
173116783731916,865857,42
173116784751082,865899,42
173116785800301,865941,42
173116786825145,865983,42
173116787829103,866025,42
173116788870041,866067,42
173116789880457,866109,42
173116789893582,866151,20
173116790898947,866171,42
173116791919416,866213,42
173116792943895,866255,42
173116793960978,866297,42
173116794984832,866339,42
173116796005718,866381,42
173116797033582,866423,42
173116798060874,866465,42
173116799076968,866507,42
173116799089989,866549,42
173116800120145,866591,42
173116801148270,866633,42
173116802172853,866675,42
173116803180926,866717,42
173116804206343,866759,42
173116805221343,866801,42
173116806248582,866843,42
173116807269259,866885,42
173116808290405,866927,42
173116809311239,866969,42
173116810337697,867011,42
173116811354312,867053,42
173116812379312,867095,42
173116813400145,867137,42
173116814420718,867179,42
173116815451343,867221,42
173116816472228,867263,42
173116817497384,867305,42
173116818523687,867347,42
173116819564259,867389,42
173116820593947,867431,42
173116821595666,867473,42
173116822619780,867515,42
173116822634572,867557,20
173116823642384,867577,42
173116824661291,867619,42
173116825680301,867661,42
173116826709676,867703,42
173116827723009,867745,42
173116828744937,867787,42
173116829770405,867829,42
173116830793687,867871,42
173116831815874,867913,42
173116832835614,867955,42
173116833882332,867997,42
173116834906968,868039,42
173116835915978,868081,42
173116836946291,868123,42
173116837960770,868165,42
173116838988999,868207,42
173116840072489,868249,42
173116841019624,868291,42
173116842037384,868333,42
173116843070666,868375,42
173116844079989,868417,42
173116845105718,868459,42
173116846132593,868501,42
173116847155405,868543,42
173116848183530,868585,42
173116849192853,868627,42
173116850218426,868669,42
173116851226916,868711,42
173116852256864,868753,42
173116853292489,868795,42
173116854292332,868837,42
173116855326082,868879,42
173116856340718,868921,42
173116856352957,868963,20
173116857373009,868983,42
173116858385041,869025,42
173116859420666,869067,42
173116860456707,869109,42
173116861487801,869151,42
173116861501030,869193,42
173116862512437,869235,42
173116863529364,869277,42
173116864559259,869319,42
173116865573478,869361,42
173116866612489,869403,42
173116867651499,869445,42
173116868665353,869487,42
173116869674624,869529,42
173116870693582,869571,42
173116871715353,869613,42
173116872739207,869655,42
173116873773530,869697,42
173116874786812,869739,42
173116875797957,869781,42
173116876830405,869823,42
173116877842905,869865,42
173116878873270,869907,42
173116879888374,869949,42
173116880913426,869991,42
173116881934312,870033,42
173116882954676,870075,42
173116883973582,870117,42
173116885012437,870159,42
173116886061082,870201,42
173116887067020,870243,42
173116888096499,870285,42
173116889105874,870327,42
173116890133999,870369,20
173116890169416,870389,42
173116891161187,870431,42
173116892169780,870473,42
173116893200718,870515,42
173116894217645,870557,42
173116895247176,870599,42
173116896268530,870641,42
173116897293009,870683,42
173116898327332,870725,42
173116899350509,870767,42
173116900376759,870809,42
173116901401343,870851,42
173116902416864,870893,42
173116903439155,870935,42
173116904463999,870977,42
173116905487384,871019,42
173116906508999,871061,42
173116907541395,871103,42
173116908565978,871145,42
173116909581187,871187,42
173116910613739,871229,42
173116911625666,871271,42
173116912653114,871313,42
173116913672801,871355,42
173116914699312,871397,42
173116915714832,871439,42
173116916743374,871481,42
173116917768218,871523,42
173116918803478,871565,42
173116919847176,871607,42
173116919863166,871649,42
173116920854676,871691,42
173116921872332,871733,42
173116922898009,871775,20
173116922912593,871795,42
173116923916759,871837,42
173116924941603,871879,42
173116925966186,871921,42
173116926978426,871963,42
173116928013426,872005,42
173116929026343,872047,42
173116930050197,872089,42
173116931087072,872131,42
173116932105874,872173,42
173116933148374,872215,42
173116934173843,872257,42
173116935191864,872299,42
173116936229051,872341,42
173116937231864,872383,42
173116938255666,872425,42
173116939275718,872467,42
173116940295666,872509,42
173116941311551,872551,42
173116942333270,872593,42
173116943356707,872635,42
173116944377645,872677,42
173116945399416,872719,42
173116946426759,872761,42
173116947448009,872803,42
173116948463530,872845,42
173116949490666,872887,42
173116950512749,872929,42
173116951534207,872971,42
173116952585197,873013,42
173116953597853,873055,42
173116954608530,873097,42
173116955633478,873139,42
173116956644884,873181,20
173116956657228,873201,42
173116957675145,873243,42
173116958689155,873285,42
173116959718166,873327,42
173116960737749,873369,42
173116961763114,873411,42
173116962776968,873453,42
173116963811864,873495,42
173116964824520,873537,42
173116965857749,873579,42
173116966890770,873621,42
173116967906864,873663,42
173116968923166,873705,42
173116969952541,873747,42
173116970968009,873789,42
173116971998218,873831,42
173116973016239,873873,42
173116974039624,873915,42
173116975063270,873957,42
173116976082749,873999,42
173116977101968,874041,42
173116978126134,874083,42
173116979155353,874125,42
173116980164572,874167,42
173116980180197,874209,42
173116982229832,874251,42
173116982243270,874293,42
173116983254207,874335,42
173116984275666,874377,42
173116985318218,874419,42
173116986329103,874461,42
173116987358947,874503,42
173116988366239,874545,42
173116989393739,874587,20
173116989405301,874607,42
173116990446655,874649,42
173116991461447,874691,42
173116992491447,874733,42
173116993509155,874775,42
173116994535718,874817,42
173116995550509,874859,42
173116996576499,874901,42
173116997595718,874943,42
173116998632124,874985,42
173116999679780,875027,42
173117000697489,875069,42
173117001696291,875111,42
173117002725822,875153,42
173117003748114,875195,42
173117004764624,875237,42
173117005788114,875279,42
173117006810614,875321,42
173117007834936,875363,42
173117008863739,875405,42
173117009883114,875447,42
173117010907020,875489,42
173117011919311,875531,42
173117012942384,875573,42
173117013970718,875615,42
173117014986864,875657,42
173117016004676,875699,42
173117017023322,875741,42
173117018063218,875783,42
173117019106447,875825,42
173117020122541,875867,42
173117021127957,875909,42
173117022149155,875951,42
173117023181239,875993,42
173117023195301,876035,20
173117024200666,876055,42
173117025218166,876097,42
173117026249103,876139,42
173117027267280,876181,42
173117028288478,876223,42
173117029308166,876265,42
173117030522228,876307,42
173117031347645,876349,42
173117031359832,876391,42
173117033424155,876433,42
173117034498218,876475,42
173117035436916,876517,42
173117035462749,876559,42
173117037476030,876601,42
173117038653009,876643,42
173117039520405,876685,42
173117040585718,876727,42
173117040606551,876769,42
173117041613999,876811,42
173117042607124,876853,42
173117043627228,876895,42
173117044658061,876937,42
173117045694832,876979,42
173117046703009,877021,42
173117047723061,877063,42
173117048748947,877105,42
173117049770197,877147,42
173117050809728,877189,42
173117051858530,877231,42
173117052863739,877273,42
173117053875093,877315,42
173117054894155,877357,42
173117055914989,877399,42
173117055928061,877441,20
173117056973218,877461,42
173117057959051,877503,42
173117058981603,877545,42
173117060033843,877587,42
173117061028009,877629,42
173117062053582,877671,42
173117063074624,877713,42
173117064095718,877755,42
173117065117593,877797,42
173117066145249,877839,42
173117067167801,877881,42
173117068188791,877923,42
173117069207697,877965,42
173117070232228,878007,42
173117071249207,878049,42
173117072273530,878091,42
173117073304572,878133,42
173117074325249,878175,42
173117075344468,878217,42
173117076367801,878259,42
173117077388426,878301,42
173117078410614,878343,42
173117079431707,878385,42
173117080461343,878427,42
173117081481082,878469,42
173117082501811,878511,42
173117083526603,878553,42
173117084546864,878595,42
173117085575145,878637,42
173117086598686,878679,42
173117087617645,878721,42
173117088640718,878763,42
173117089664572,878805,42
173117089677280,878847,20
173117090687905,878867,42
173117091706864,878909,42
173117092729520,878951,42
173117093752436,878993,42
173117094771968,879035,42
173117095794884,879077,42
173117096818061,879119,42
173117097838947,879161,42
173117098861759,879203,42
173117099886864,879245,42
173117101063791,879287,42
173117102098999,879329,42
173117102144207,879371,42
173117103185666,879413,42
173117104210353,879455,42
173117105271551,879497,42
173117106308374,879539,42
173117107358166,879581,42
173117108407853,879623,42
173117109455770,879665,42
173117110526551,879707,42
173117111567332,879749,42
173117112616030,879791,42
173117115543947,879833,42
173117116006343,879875,42
173117116055041,879917,42
173117116097645,879959,42
173117118122801,880001,42
173117118171082,880043,42
173117119170145,880085,42
173117120380457,880127,42
173117121374936,880169,42
173117122439780,880211,42
173117123566291,880253,20
173117123639936,880273,42
173117124615301,880315,42
173117125682489,880357,42
173117126755978,880399,42
173117127825353,880441,42
173117128898322,880483,42
173117129973426,880525,42
173117131327801,880567,42
173117132144520,880609,42
173117132287280,880651,42
173117134273426,880693,42
173117134343374,880735,42
173117135338166,880777,42
173117136409259,880819,42
173117137483426,880861,42
173117138551082,880903,42
173117139624259,880945,42
173117140718322,880987,42
173117141782228,881029,42
173117142933582,881071,42
173117143918686,881113,42
173117145049259,881155,42
173117146079311,881197,42
173117147128791,881239,42
173117148199207,881281,42
173117149271603,881323,42
173117150358999,881365,42
173117151414884,881407,42
173117151484572,881449,42
173117152481447,881491,42
173117153552488,881533,42
173117154622020,881575,42
173117155698218,881617,42
173117156765249,881659,20
173117156831863,881679,42
173117157835301,881721,42
173117158976134,881763,42
173117160143426,881805,42
173117161091863,881847,42
173117162163999,881889,42
173117163235457,881931,42
173117164329728,881973,42
173117165389988,882015,42
173117166469572,882057,42
173117166543061,882099,42
173117167539988,882141,42
173117168615353,882183,42
173117169689988,882225,42
173117170804363,882267,42
173117171868738,882309,42
173117172943374,882351,42
173117174011291,882393,42
173117175110613,882435,42
173117176163009,882477,42
173117177221082,882519,42
173117178325978,882561,42
173117179385613,882603,42
173117180473738,882645,42
173117181541447,882687,42
173117182616968,882729,42
173117182692436,882771,42
173117183688843,882813,42
173117184755561,882855,42
173117185831291,882897,42
173117186907332,882939,42
173117187980561,882981,42
173117189056655,883023,42
173117190225405,883065,20
173117190312905,883085,42
173117191213322,883127,42
173117192286134,883169,42
173117193354832,883211,42
173117194431186,883253,42
173117195502749,883295,42
173117196577645,883337,42
173117197664259,883379,42
173117197842593,883421,42
173117198735457,883463,42
173117199801916,883505,42
173117200893582,883547,42
173117201963061,883589,42
173117203034728,883631,42
173117204107541,883673,42
173117205180041,883715,42
173117206254468,883757,42
173117207334416,883799,42
173117208406395,883841,42
173117209478634,883883,42
173117210662957,883925,42
173117211635041,883967,42
173117211709728,884009,42
173117213775457,884051,42
173117213851134,884093,42
173117214854207,884135,42
173117215921499,884177,42
173117216996291,884219,42
173117218070197,884261,42
173117219140457,884303,42
173117220250926,884345,42
173117221295093,884387,42
173117222369468,884429,42
173117223443791,884471,20
173117223516916,884491,42
173117224518791,884533,42
173117225591551,884575,42
173117226661759,884617,42
173117227734780,884659,42
173117228815145,884701,42
173117229892332,884743,42
173117229970718,884785,42
173117230996395,884827,42
173117232169363,884869,42
173117233133634,884911,42
173117234187593,884953,42
173117235248166,884995,42
173117236317072,885037,42
173117237384832,885079,42
173117238457280,885121,42
173117239527280,885163,42
173117240944936,885205,42
173117241982488,885247,42
173117242060509,885289,42
173117243043530,885331,42
173117244109780,885373,42
173117245176551,885415,42
173117246242593,885457,42
173117247312332,885499,42
173117248379416,885541,42
173117249450926,885583,42
173117250528582,885625,42
173117251593895,885667,42
173117252658999,885709,42
173117253725561,885751,42
173117254824988,885793,42
173117255870353,885835,42
173117256939988,885877,20
173117257016134,885897,42
173117258004051,885939,42
173117259078009,885981,42
173117259154936,886023,42
173117260506030,886065,42
173117261269884,886107,42
173117262323582,886149,42
173117263393322,886191,42
173117264470457,886233,42
173117265531759,886275,42
173117266604363,886317,42
173117267672957,886359,42
173117268743218,886401,42
173117269810353,886443,42
173117270900666,886485,42
173117271959416,886527,42
173117273028999,886569,42
173117274102124,886611,42
173117274171447,886653,42
173117275258374,886695,42
173117276245561,886737,42
173117277304624,886779,42
173117278374572,886821,42
173117279442488,886863,42
173117280615770,886905,42
173117281599572,886947,42
173117282658686,886989,42
173117283734103,887031,42
173117284805353,887073,42
173117285875561,887115,42
173117286941551,887157,42
173117288014624,887199,42
173117289089103,887241,42
173117290232697,887283,42
173117290320978,887325,20
173117291233686,887345,42
173117291303686,887387,42
173117292298218,887429,42
173117293367072,887471,42
173117294430926,887513,42
173117295503530,887555,42
173117296572853,887597,42
173117297639363,887639,42
173117298774832,887681,42
173117299839416,887723,42
173117300924884,887765,42
173117301981395,887807,42
173117303048582,887849,42
173117304118843,887891,42
173117305188166,887933,42
173117306259259,887975,42
173117307328009,888017,42
173117307396395,888059,42
173117308402645,888101,42
173117309472801,888143,42
173117310636499,888185,42
173117311611238,888227,42
173117312681082,888269,42
173117313785509,888311,42
173117314853166,888353,42
173117315917072,888395,42
173117316988166,888437,42
173117318055613,888479,42
173117319121655,888521,42
173117320514624,888563,42
173117321270874,888605,42
173117321348478,888647,42
173117323389416,888689,42
173117324473270,888731,20
173117324550197,888751,42
173117324613895,888793,42
173117325889103,888835,42
173117326627384,888877,42
173117327684728,888919,42
173117328748218,888961,42
173117329817384,889003,42
173117330899155,889045,42
173117331968270,889087,42
173117333035353,889129,42
173117334138009,889171,42
173117335213322,889213,42
173117336271707,889255,42
173117337338895,889297,42
173117338406499,889339,42
173117339474572,889381,42
173117340857593,889423,42
173117340950041,889465,42
173117341637801,889507,42
173117342699311,889549,42
173117343784780,889591,42
173117344846811,889633,42
173117345970093,889675,42
173117346968843,889717,42
173117348192384,889759,42
173117349096447,889801,42
173117350325405,889843,42
173117351244259,889885,42
173117352302645,889927,42
173117353362228,889969,42
173117354425613,890011,42
173117355490249,890053,42
173117356550145,890095,42
173117356625457,890137,20
173117357611603,890157,42
173117357683843,890199,42
173117358679780,890241,42
173117359740405,890283,42
173117360966968,890325,42
173117362024259,890367,42
173117363082645,890409,42
173117364358947,890451,42
173117365216863,890493,42
173117366273530,890535,42
173117367339311,890577,42
173117368402801,890619,42
173117369470926,890661,42
173117370675665,890703,42
173117371600718,890745,42
173117371675822,890787,42
173117373849728,890829,42
173117373922853,890871,42
173117374793165,890913,42
173117375850145,890955,42
173117376962853,890997,42
173117378011238,891039,42
173117379067228,891081,42
173117380472697,891123,42
173117381205145,891165,42
173117382269884,891207,42
173117383404728,891249,42
173117384401707,891291,42
173117385458634,891333,42
173117386525509,891375,42
173117387589936,891417,42
173117388686707,891459,42
173117389755145,891501,42
173117389825665,891543,20
173117390847124,891563,42
173117390931968,891605,42
173117391901395,891647,42
173117392962905,891689,42
173117394025613,891731,42
173117395088218,891773,42
173117396153113,891815,42
173117397215093,891857,42
173117398280405,891899,42
173117399344676,891941,42
173117400484051,891983,42
173117401484051,892025,42
173117402546499,892067,42
173117403608895,892109,42
173117404666395,892151,42
173117405734676,892193,42
173117406796968,892235,42
173117407860405,892277,42
173117408923322,892319,42
173117408994676,892361,42
173117409990353,892403,42
173117411061655,892445,42
173117412121030,892487,42
173117413180874,892529,42
173117414245874,892571,42
173117415307853,892613,42
173117416371915,892655,42
173117417441186,892697,42
173117418500978,892739,42
173117419563843,892781,42
173117420915353,892823,42
173117422001238,892865,42
173117423063999,892907,42
173117423363790,892949,20
173117424133113,892969,42
173117424204207,893011,42
173117425193582,893053,42
173117426254103,893095,42
173117427337436,893137,42
173117428397801,893179,42
173117429452228,893221,42
173117430899936,893263,42
173117431593790,893305,42
173117432650249,893347,42
173117433714051,893389,42
173117434779520,893431,42
173117435850718,893473,42
173117436914988,893515,42
173117437973270,893557,42
173117439041290,893599,42
173117440629780,893641,42
173117441180197,893683,42
173117441253061,893725,42
173117442236186,893767,42
173117443298738,893809,42
173117444359624,893851,42
173117445422905,893893,42
173117446487280,893935,42
173117447551915,893977,42
173117448613270,894019,42
173117449678061,894061,42
173117450890405,894103,42
173117451861030,894145,42
173117452926655,894187,42
173117453990770,894229,42
173117455060040,894271,42
173117456134363,894313,42
173117456201655,894355,20
173117457207853,894375,42
173117458272749,894417,42
173117458340926,894459,42
173117459341030,894501,42
173117460461707,894543,42
173117461496343,894585,42
173117462552436,894627,42
173117463642020,894669,42
173117464691082,894711,42
173117465762176,894753,42
173117466826863,894795,42
173117467885145,894837,42
173117468949415,894879,42
173117470138374,894921,42
173117471093061,894963,42
173117472152749,895005,42
173117473209572,895047,42
173117474296082,895089,42
173117475368061,895131,42
173117475435822,895173,42
173117476421447,895215,42
173117477492228,895257,42
173117478590353,895299,42
173117479664988,895341,42
173117481030978,895383,42
173117482048322,895425,42
173117483108478,895467,42
173117484215197,895509,42
173117485242176,895551,42
173117486303947,895593,42
173117487366863,895635,42
173117488429572,895677,42
173117488497957,895719,42
173117489513322,895761,20
173117489580301,895781,42
173117490710561,895823,42
173117491677540,895865,42
173117492704832,895907,42
173117493760301,895949,42
173117494829624,895991,42
173117495880978,896033,42
173117496958165,896075,42
173117498014936,896117,42
173117499080145,896159,42
173117500446863,896201,42
173117501219051,896243,42
173117501288895,896285,42
173117503338218,896327,42
173117504408218,896369,42
173117505466395,896411,42
173117506531290,896453,42
173117506601551,896495,42
173117507621811,896537,42
173117508664676,896579,42
173117509715040,896621,42
173117510838738,896663,42
173117511914155,896705,42
173117512970405,896747,42
173117514056186,896789,42
173117515116395,896831,42
173117516198582,896873,42
173117517258165,896915,42
173117518323738,896957,42
173117519385405,896999,42
173117520491968,897041,42
173117521532749,897083,42
173117522601603,897125,42
173117522670509,897167,20
173117523677540,897187,42
173117524753270,897229,42
173117524819936,897271,42
173117525814572,897313,42
173117526884415,897355,42
173117527958270,897397,42
173117529038218,897439,42
173117530313426,897481,42
173117531185040,897523,42
173117532229520,897565,42
173117533294051,897607,42
173117534356603,897649,42
173117535418061,897691,42
173117536756343,897733,42
173117537556551,897775,42
173117538625145,897817,42
173117539682384,897859,42
173117540988061,897901,42
173117541071551,897943,42
173117542040353,897985,42
173117543107332,898027,42
173117544165718,898069,42
173117545232697,898111,42
173117546283478,898153,42
173117547358374,898195,42
173117548411968,898237,42
173117549484207,898279,42
173117550715509,898321,42
173117551615145,898363,42
173117552678790,898405,42
173117553743322,898447,42
173117554829884,898489,42
173117554899207,898531,42
173117555870978,898573,42
173117556936655,898615,20
173117557004832,898635,42
173117558000718,898677,42
173117559060093,898719,42
173117560446863,898761,42
173117561215874,898803,42
173117562253270,898845,42
173117563313061,898887,42
173117564384155,898929,42
173117565443426,898971,42
173117566514155,899013,42
173117567574051,899055,42
173117568635718,899097,42
173117569699259,899139,42
173117570904832,899181,42
173117571883999,899223,42
173117572948999,899265,42
173117573018061,899307,42
173117574022593,899349,42
173117575086655,899391,42
173117576161343,899433,42
173117577230561,899475,42
173117578331915,899517,42
173117579393009,899559,42
173117580520665,899601,42
173117581543009,899643,42
173117582634311,899685,42
173117583697072,899727,42
173117584769311,899769,42
173117585843113,899811,42
173117586908322,899853,42
173117587978634,899895,42
173117589078842,899937,42
173117589163790,899979,42
173117590258686,900021,20
173117590341447,900041,42
173117591218270,900083,42
173117592281655,900125,42
173117593347905,900167,42
173117594463634,900209,42
173117595488582,900251,42
173117596553790,900293,42
173117597673374,900335,42
173117598709676,900377,42
173117599782749,900419,42
173117600873061,900461,42
173117601935665,900503,42
173117603003426,900545,42
173117604078322,900587,42
173117605153634,900629,42
173117605222905,900671,42
173117606219676,900713,42
173117607293790,900755,42
173117608364624,900797,42
173117609435405,900839,42
173117610905457,900881,42
173117611600249,900923,42
173117612652697,900965,42
173117613732332,901007,42
173117616129363,901049,42
173117616215509,901091,42
173117616964051,901133,42
173117618067957,901175,42
173117619089884,901217,42
173117620408322,901259,42
173117621236290,901301,42
173117621308790,901343,42
173117622298478,901385,42
173117623367645,901427,20
173117623436447,901447,42
173117624473947,901489,42
173117625528061,901531,42
173117626594936,901573,42
173117627668478,901615,42
173117628745978,901657,42
173117629966342,901699,42
173117630991967,901741,42
173117632002384,901783,42
173117633078895,901825,42
173117634147749,901867,42
173117635212488,901909,42
173117636284207,901951,42
173117637356030,901993,42
173117637424780,902035,42
173117638430249,902077,42
173117639498061,902119,42
173117640660249,902161,42
173117641641030,902203,42
173117642712124,902245,42
173117643780040,902287,42
173117644840978,902329,42
173117645933426,902371,42
173117647001082,902413,42
173117648104624,902455,42
173117649163790,902497,42
173117650376238,902539,42
173117651303999,902581,42
173117652379311,902623,42
173117653466603,902665,42
173117653543009,902707,42
173117654516603,902749,42
173117655583530,902791,42
173117656668270,902833,20
173117656742280,902853,42
173117657721447,902895,42
173117658793374,902937,42
173117659857645,902979,42
173117660948842,903021,42
173117662014207,903063,42
173117663071863,903105,42
173117664181030,903147,42
173117665237488,903189,42
173117666296395,903231,42
173117667369884,903273,42
173117668434051,903315,42
173117669502124,903357,42
173117670707592,903399,42
173117670796863,903441,42
173117671643478,903483,42
173117672711447,903525,42
173117673801915,903567,42
173117674847020,903609,42
173117675910926,903651,42
173117676985613,903693,42
173117678044780,903735,42
173117679122488,903777,42
173117680376603,903819,42
173117681290405,903861,42
173117682338270,903903,42
173117683408374,903945,42
173117684489103,903987,42
173117685553999,904029,42
173117686622905,904071,42
173117687690092,904113,42
173117687759832,904155,42
173117688770301,904197,42
173117689836290,904239,20
173117689908217,904259,42
173117690924936,904301,42
173117691976395,904343,42
173117693047957,904385,42
173117694120301,904427,42
173117695180353,904469,42
173117696272645,904511,42
173117697322228,904553,42
173117698415978,904595,42
173117699485301,904637,42
173117700630822,904679,42
173117701606186,904721,42
173117702678999,904763,42
173117703752645,904805,42
173117703823270,904847,42
173117704819311,904889,42
173117705887697,904931,42
173117706957957,904973,42
173117708072957,905015,42
173117709097436,905057,42
173117710172228,905099,42
173117711253165,905141,42
173117712304884,905183,42
173117713385040,905225,42
173117714443165,905267,42
173117715525665,905309,42
173117716586342,905351,42
173117717659520,905393,42
173117718727488,905435,42
173117719795301,905477,42
173117720889363,905519,42
173117720970197,905561,42
173117721948530,905603,42
173117723023530,905645,20
173117723091499,905665,42
173117724092540,905707,42
173117725159467,905749,42
173117726233530,905791,42
173117727307332,905833,42
173117728366030,905875,42
173117729447540,905917,42
173117730519051,905959,42
173117731588426,906001,42
173117732655353,906043,42
173117733718790,906085,42
173117734788426,906127,42
173117735856811,906169,42
173117736931915,906211,42
173117737996499,906253,42
173117738064624,906295,42
173117739061499,906337,42
173117740205405,906379,42
173117741253270,906421,42
173117742331915,906463,42
173117743395926,906505,42
173117744483947,906547,42
173117745518426,906589,42
173117746596655,906631,42
173117747646082,906673,42
173117748719780,906715,42
173117749772384,906757,42
173117750870197,906799,42
173117751915770,906841,42
173117752977072,906883,42
173117754039259,906925,42
173117754106655,906967,42
173117755104884,907009,42
173117756173895,907051,20
173117756240613,907071,42
173117757237332,907113,42
173117758302280,907155,42
173117759361551,907197,42
173117760498790,907239,42
173117761541290,907281,42
173117762600405,907323,42
173117763673790,907365,42
173117764720301,907407,42
173117765787332,907449,42
173117766855717,907491,42
173117767915353,907533,42
173117768976238,907575,42
173117770055561,907617,42
173117771121395,907659,42
173117772180509,907701,42
173117772253270,907743,42
173117773237540,907785,42
173117774333530,907827,42
173117775408738,907869,42
173117776455249,907911,42
173117777538270,907953,42
173117778600249,907995,42
173117779647020,908037,42
173117780998582,908079,42
173117782110926,908121,42
173117783127228,908163,42
173117784177645,908205,42
173117785397228,908247,42
173117785474051,908289,42
173117786312957,908331,42
173117787373374,908373,42
173117788435405,908415,42
173117789502592,908457,20
173117789570561,908477,42
173117790704884,908519,42
173117791642228,908561,42
173117792693374,908603,42
173117793757176,908645,42
173117794829884,908687,42
173117795882853,908729,42
173117796951134,908771,42
173117798022072,908813,42
173117799080092,908855,42
173117800428426,908897,42
173117801221915,908939,42
173117801293374,908981,42
173117803333894,909023,42
173117803403842,909065,42
173117804403738,909107,42
173117805468478,909149,42
173117806528790,909191,42
173117807617176,909233,42
173117808654311,909275,42
173117809723790,909317,42
173117810852072,909359,42
173117811929988,909401,42
173117812990405,909443,42
173117814084572,909485,42
173117815143426,909527,42
173117816263165,909569,42
173117817299155,909611,42
173117818373738,909653,42
173117819450769,909695,42
173117820538842,909737,42
173117820626915,909779,42
173117821628738,909821,42
173117822678738,909863,42
173117822754884,909905,20
173117823756394,909925,42
173117824828374,909967,42
173117825903269,910009,42
173117826979155,910051,42
173117828081551,910093,42
173117829129572,910135,42
173117830211290,910177,42
173117831285926,910219,42
173117832354936,910261,42
173117833445092,910303,42
173117834510665,910345,42
173117835583217,910387,42
173117835658217,910429,42
173117836656030,910471,42
173117837737488,910513,42
173117838810301,910555,42
173117839898374,910597,42
173117841110769,910639,42
173117842066759,910681,42
173117843135665,910723,42
173117844198478,910765,42
173117845282176,910807,42
173117846343999,910849,42
173117847491238,910891,42
173117848494363,910933,42
173117849568790,910975,42
173117850659936,911017,42
173117851731707,911059,42
173117851808061,911101,42
173117852812176,911143,42
173117853882853,911185,42
173117855084780,911227,42
173117856040301,911269,42
173117856115665,911311,20
173117857110769,911331,42
173117858185717,911373,42
173117859255717,911415,42
173117860369415,911457,42
173117861407228,911499,42
173117862490978,911541,42
173117863554832,911583,42
173117864635405,911625,42
173117865701394,911667,42
173117866788582,911709,42
173117866862801,911751,42
173117867862072,911793,42
173117869044103,911835,42
173117869988999,911877,42
173117871053009,911919,42
173117872114884,911961,42
173117873176499,912003,42
173117874262228,912045,42
173117875299884,912087,42
173117876370717,912129,42
173117877422332,912171,42
173117878491082,912213,42
173117879553634,912255,42
173117880980457,912297,42
173117882027697,912339,42
173117882095665,912381,42
173117883346447,912423,42
173117884204832,912465,42
173117885267697,912507,42
173117886348061,912549,42
173117887422957,912591,42
173117888496290,912633,42
173117889576499,912675,42
173117889650874,912717,20
173117890659051,912737,42
173117891735405,912779,42
173117892801707,912821,42
173117893892540,912863,42
173117894961655,912905,42
173117895038165,912947,42
173117896034832,912989,42
173117897109884,913031,42
173117898184311,913073,42
173117899260509,913115,42
173117900366342,913157,42
173117901407228,913199,42
173117902483842,913241,42
173117903567124,913283,42
173117904628061,913325,42
173117905711186,913367,42
173117906793061,913409,42
173117907858061,913451,42
173117908930926,913493,42
173117910175613,913535,42
173117911096499,913577,42
173117911173582,913619,42
173117912162540,913661,42
173117913238738,913703,42
173117914304572,913745,42
173117915384988,913787,42
173117916454363,913829,42
173117917538686,913871,42
173117918615509,913913,42
173117919688217,913955,42
173117920789259,913997,42
173117921858894,914039,42
173117922941863,914081,42
173117923016447,914123,20
173117924012749,914143,42
173117925110405,914185,42
173117926180353,914227,42
173117927266603,914269,42
173117927341655,914311,42
173117928327801,914353,42
173117929410092,914395,42
173117930481238,914437,42
173117931556863,914479,42
173117932633582,914521,42
173117933913009,914563,42
173117934792801,914605,42
173117935859467,914647,42
173117936939519,914689,42
173117938013894,914731,42
173117939086499,914773,42
173117940451759,914815,42
173117941207436,914857,42
173117941278530,914899,42
173117942265613,914941,42
173117943369572,914983,42
173117944390561,915025,42
173117945449051,915067,42
173117946519780,915109,42
173117947577384,915151,42
173117948648009,915193,42
173117949705978,915235,42
173117950835405,915277,42
173117951894051,915319,42
173117952970717,915361,42
173117954027332,915403,42
173117955091394,915445,42
173117956155874,915487,42
173117956223582,915529,20
173117957231186,915549,42
173117958280249,915591,42
173117958348999,915633,42
173117959350874,915675,42
173117960486863,915717,42
173117961481394,915759,42
173117962567176,915801,42
173117963602749,915843,42
173117964667697,915885,42
173117965738217,915927,42
173117966803894,915969,42
173117967866551,916011,42
173117968927332,916053,42
173117969997019,916095,42
173117971065874,916137,42
173117972120769,916179,42
173117973182697,916221,42
173117974275353,916263,42
173117975315769,916305,42
173117976371082,916347,42
173117977444415,916389,42
173117977511759,916431,42
173117978499624,916473,42
173117979568842,916515,42
173117980997905,916557,42
173117982059624,916599,42
173117983110717,916641,42
173117984476186,916683,42
173117985284311,916725,42
173117986363165,916767,42
173117987430874,916809,42
173117988505249,916851,42
173117988581186,916893,42
173117989588634,916935,20
173117989663947,916955,42
173117990661707,916997,42
173117991735926,917039,42
173117992807749,917081,42
173117993888842,917123,42
173117994962384,917165,42
173117996037801,917207,42
173117997106134,917249,42
173117998182228,917291,42
173117999261342,917333,42
173118000348634,917375,42
173118001408269,917417,42
173118002476447,917459,42
173118003554832,917501,42
173118004641655,917543,42
173118004721342,917585,42
173118005703217,917627,42
173118006773478,917669,42
173118007851863,917711,42
173118008929259,917753,42
173118010129572,917795,42
173118011082280,917837,42
173118012146707,917879,42
173118013224832,917921,42
173118014289624,917963,42
173118015374832,918005,42
173118016437749,918047,42
173118017521603,918089,42
173118018598894,918131,42
173118022523686,918173,42
173118022945092,918215,42
173118023197332,918257,42
173118023462071,918299,42
173118023707696,918341,20
173118024098113,918361,42
173118024348374,918403,42
173118028015717,918445,42
173118028182905,918487,42
173118028250926,918529,42
173118028309988,918571,42
173118029377592,918613,42
173118030773582,918655,42
173118031604936,918697,42
173118031686603,918739,42
173118033804780,918781,42
173118034914363,918823,42
173118034998426,918865,42
173118036106186,918907,42
173118037041655,918949,42
173118038102332,918991,42
173118039164155,919033,42
173118040496967,919075,42
173118041049259,919117,42
173118042079571,919159,42
173118043083582,919201,42
173118044172071,919243,42
173118045136863,919285,42
173118046154884,919327,42
173118047175301,919369,42
173118048210301,919411,42
173118049230092,919453,42
173118050248686,919495,42
173118051278061,919537,42
173118052299207,919579,42
173118053416030,919621,42
173118054345926,919663,42
173118055365144,919705,42
173118056386238,919747,42
173118056400353,919789,20
173118057407176,919809,42
173118058427957,919851,42
173118059451030,919893,42
173118060478634,919935,42
173118061556707,919977,42
173118062511967,920019,42
173118063536290,920061,42
173118064573478,920103,42
173118065577853,920145,42
173118066618478,920187,42
173118067623165,920229,42
173118068638582,920271,42
173118069658113,920313,42
173118070679259,920355,42
173118071696967,920397,42
173118072813269,920439,42
173118073748790,920481,42
173118074758738,920523,42
173118075777905,920565,42
173118076798999,920607,42
173118077866134,920649,42
173118078839676,920691,42
173118079859624,920733,42
173118080889519,920775,42
173118081910092,920817,42
173118082932488,920859,42
173118083951394,920901,42
173118083964103,920943,42
173118084984571,920985,42
173118086023790,921027,42
173118087031446,921069,42
173118088045874,921111,42
173118089066238,921153,42
173118090104832,921195,20
173118090122749,921215,42
173118091115978,921257,42
173118092136499,921299,42
173118093156863,921341,42
173118094262384,921383,42
173118095194884,921425,42
173118096217124,921467,42
173118097240717,921509,42
173118098262644,921551,42
173118099320769,921593,42
173118100651811,921635,42
173118101359832,921677,42
173118102359519,921719,42
173118103404936,921761,42
173118104484103,921803,42
173118105481290,921845,42
173118106441446,921887,42
173118107462696,921929,42
173118108482696,921971,42
173118109502801,922013,42
173118110526655,922055,42
173118111545561,922097,42
173118112569624,922139,42
173118113588113,922181,42
173118114609780,922223,42
173118115631394,922265,42
173118116659051,922307,42
173118117689207,922349,42
173118118711655,922391,42
173118119736499,922433,42
173118120744780,922475,42
173118121773478,922517,42
173118122814155,922559,42
173118122827644,922601,20
173118123869728,922621,42
173118124902124,922663,42
173118126230613,922705,42
173118127015665,922747,42
173118128061759,922789,42
173118129234624,922831,42
173118129925717,922873,42
173118130946238,922915,42
173118131984467,922957,42
173118133011707,922999,42
173118134017801,923041,42
173118135032957,923083,42
173118136053686,923125,42
173118137072124,923167,42
173118138093686,923209,42
173118139114155,923251,42
173118140146290,923293,42
173118141155353,923335,42
173118142175457,923377,42
173118143198217,923419,42
173118144214884,923461,42
173118145236082,923503,42
173118146273999,923545,42
173118147280509,923587,42
173118148297644,923629,42
173118149318009,923671,42
173118150348946,923713,42
173118151436186,923755,42
173118151453530,923797,42
173118152447071,923839,42
173118153420509,923881,42
173118154467749,923923,42
173118155456238,923965,42
173118156477540,924007,20
173118156491499,924027,42
173118157489780,924069,42
173118158511915,924111,42
173118159531863,924153,42
173118160556082,924195,42
173118161575196,924237,42
173118162595978,924279,42
173118163616759,924321,42
173118164643894,924363,42
173118165680405,924405,42
173118166699832,924447,42
173118167703269,924489,42
173118168727853,924531,42
173118169744624,924573,42
173118170767592,924615,42
173118171788217,924657,42
173118172808374,924699,42
173118173827228,924741,42
173118174849363,924783,42
173118175871342,924825,42
173118176890301,924867,42
173118177907280,924909,42
173118178926655,924951,42
173118180228738,924993,42
173118180973530,925035,42
173118181995978,925077,42
173118183016134,925119,42
173118184045509,925161,42
173118185084884,925203,42
173118186096967,925245,42
173118187106967,925287,42
173118188125717,925329,42
173118189143894,925371,42
173118189160144,925413,20
173118190170978,925433,42
173118191184676,925475,42
173118192205561,925517,42
173118193225196,925559,42
173118194245405,925601,42
173118195268842,925643,42
173118196288009,925685,42
173118197307696,925727,42
173118198333686,925769,42
173118199371446,925811,42
173118200420509,925853,42
173118201397071,925895,42
173118202416811,925937,42
173118203438738,925979,42
173118204455561,926021,42
173118205505926,926063,42
173118206555978,926105,42
173118207601863,926147,42
173118208543842,926189,42
173118209556134,926231,42
173118210582592,926273,42
173118211603374,926315,42
173118212625457,926357,42
173118213650978,926399,42
173118214942957,926441,42
173118215980092,926483,42
173118216705717,926525,42
173118217748530,926567,42
173118218778530,926609,42
173118219776759,926651,42
173118219793009,926693,42
173118220798790,926735,42
173118221818217,926777,42
173118222835978,926819,20
173118222849676,926839,42
173118223857801,926881,42
173118224873165,926923,42
173118225896499,926965,42
173118226916134,927007,42
173118227936186,927049,42
173118228955717,927091,42
173118229977801,927133,42
173118230999259,927175,42
173118232027071,927217,42
173118233059415,927259,42
173118234069051,927301,42
173118235083530,927343,42
173118236249936,927385,42
173118237126498,927427,42
173118238145353,927469,42
173118239168217,927511,42
173118240189988,927553,42
173118241210353,927595,42
173118242233478,927637,42
173118243278634,927679,42
173118244334415,927721,42
173118245385873,927763,42
173118246316082,927805,42
173118247329571,927847,42
173118248351446,927889,42
173118249370509,927931,42
173118250659259,927973,42
173118251779311,928015,42
173118252772696,928057,42
173118253773321,928099,42
173118254483946,928141,42
173118255500248,928183,42
173118256520561,928225,20
173118256534623,928245,42
173118257540613,928287,42
173118258562332,928329,42
173118259583269,928371,42
173118260621134,928413,42
173118261639780,928455,42
173118262659415,928497,42
173118263678061,928539,42
173118264702019,928581,42
173118265734051,928623,42
173118266763009,928665,42
173118267770092,928707,42
173118268790821,928749,42
173118269813842,928791,42
173118270836603,928833,42
173118271858009,928875,42
173118272951863,928917,42
173118273988894,928959,42
173118275000873,929001,42
173118276052957,929043,42
173118276968217,929085,42
173118277992436,929127,42
173118279012801,929169,42
173118280058113,929211,42
173118281056082,929253,42
173118282080248,929295,42
173118283100248,929337,42
173118284419311,929379,42
173118285498738,929421,42
173118286599519,929463,42
173118287191290,929505,42
173118287205873,929547,42
173118288210353,929589,42
173118290256603,929631,20
173118290274728,929651,42
173118290286082,929693,42
173118291276863,929735,42
173118292299415,929777,42
173118293319051,929819,42
173118294343217,929861,42
173118295363061,929903,42
173118296385926,929945,42
173118297406811,929987,42
173118298438842,930029,42
173118299470665,930071,42
173118300504467,930113,42
173118301510457,930155,42
173118302528738,930197,42
173118303550873,930239,42
173118304570821,930281,42
173118305594103,930323,42
173118306613738,930365,42
173118307640926,930407,42
173118308658269,930449,42
173118309681186,930491,42
173118310703373,930533,42
173118311726707,930575,42
173118312759415,930617,42
173118313825092,930659,42
173118314877801,930701,42
173118315922540,930743,42
173118316838894,930785,42
173118318034728,930827,42
173118319150873,930869,42
173118320049467,930911,42
173118321470405,930953,42
173118322432696,930995,42
173118323467696,931037,42
173118323513530,931079,20
173118324532280,931099,42
173118325599103,931141,42
173118326632592,931183,42
173118327675613,931225,42
173118328830978,931267,42
173118329783426,931309,42
173118330676707,931351,42
173118331504259,931393,42
173118331551394,931435,42
173118332546759,931477,42
173118333596967,931519,42
173118334622540,931561,42
173118335666759,931603,42
173118336870769,931645,42
173118337774832,931687,42
173118338807384,931729,42
173118339850040,931771,42
173118341008582,931813,42
173118342033998,931855,42
173118343228478,931897,42
173118344142019,931939,42
173118345197592,931981,42
173118346264467,932023,42
173118347307592,932065,42
173118348386186,932107,42
173118349603530,932149,42
173118350650196,932191,42
173118351558009,932233,42
173118351615144,932275,42
173118353699259,932317,42
173118354890821,932359,42
173118354965092,932401,42
173118355824103,932443,42
173118355884676,932485,20
173118356880040,932505,42
173118357925457,932547,42
173118358983946,932589,42
173118360427332,932631,42
173118361189832,932673,42
173118362253842,932715,42
173118363310248,932757,42
173118364402280,932799,42
173118365462176,932841,42
173118366551446,932883,42
173118367924936,932925,42
173118368659155,932967,42
173118368729259,933009,42
173118370873530,933051,42
173118370967801,933093,42
173118371936498,933135,42
173118373030613,933177,42
173118374192905,933219,42
173118375562019,933261,42
173118376233634,933303,42
173118377514051,933345,42
173118378370092,933387,42
173118379481498,933429,42
173118380838946,933471,42
173118381604311,933513,42
173118381676082,933555,42
173118383760873,933597,42
173118384820978,933639,42
173118385906915,933681,42
173118386972384,933723,42
173118387051707,933765,42
173118388060092,933807,42
173118389129571,933849,42
173118390579207,933891,20
173118390734832,933911,42
173118391295613,933953,42
173118392349936,933995,42
173118393419676,934037,42
173118394715509,934079,42
173118395570092,934121,42
173118396682280,934163,42
173118397734832,934205,42
173118398974415,934247,42
173118399908426,934289,42
173118399985561,934331,42
173118402446238,934373,42
173118402598321,934415,42
173118403114936,934457,42
173118404370665,934499,42
173118405274832,934541,42
173118406374988,934583,42
173118407419103,934625,42
173118408497384,934667,42
173118409574884,934709,42
173118410656186,934751,42
173118412037905,934793,42
173118412803113,934835,42
173118412879103,934877,42
173118414940926,934919,42
173118416012696,934961,42
173118417091186,935003,42
173118418171394,935045,42
173118418249988,935087,42
173118419256082,935129,42
173118420331603,935171,42
173118421391811,935213,42
173118422710665,935255,42
173118423579415,935297,20
173118423653842,935317,42
173118424621394,935359,42
173118425697228,935401,42
173118426853582,935443,42
173118428253998,935485,42
173118428916915,935527,42
173118430212748,935569,42
173118431068113,935611,42
173118431144311,935653,42
173118433210978,935695,42
173118433287228,935737,42
173118434286134,935779,42
173118435382905,935821,42
173118436507123,935863,42
173118437903373,935905,42
173118438614155,935947,42
173118439859259,935989,42
173118440802905,936031,42
173118442033894,936073,42
173118442930509,936115,42
173118443992540,936157,42
173118445228998,936199,42
173118446164780,936241,42
173118446241603,936283,42
173118448307384,936325,42
173118448376759,936367,42
173118449704103,936409,42
173118450469936,936451,42
173118451537228,936493,42
173118452584936,936535,42
173118453688426,936577,42
173118454736811,936619,42
173118455800978,936661,42
173118456867175,936703,20
173118456934259,936723,42
173118457936238,936765,42
173118459007905,936807,42
173118460094884,936849,42
173118461153582,936891,42
173118462222228,936933,42
173118463299936,936975,42
173118464375925,937017,42
173118465438373,937059,42
173118465507175,937101,42
173118466508425,937143,42
173118467612905,937185,42
173118468662436,937227,42
173118469726446,937269,42
173118470811186,937311,42
173118471876915,937353,42
173118472942123,937395,42
173118474015144,937437,42
173118475084311,937479,42
173118476153634,937521,42
173118477240457,937563,42
173118478299311,937605,42
173118479396082,937647,42
173118480529519,937689,42
173118481563686,937731,42
173118481640769,937773,42
173118482628530,937815,42
173118483705248,937857,42
173118484775769,937899,42
173118485853165,937941,42
173118486928998,937983,42
173118488008634,938025,42
173118489085717,938067,42
173118490250509,938109,20
173118490338425,938129,42
173118491234103,938171,42
173118492306655,938213,42
173118493381915,938255,42
173118494456394,938297,42
173118495618842,938339,42
173118496605457,938381,42
173118496680040,938423,42
173118497695405,938465,42
173118498751759,938507,42
173118502202332,938549,42
173118502676030,938591,42
173118502750665,938633,42
173118502811550,938675,42
173118503741134,938717,42
173118504809623,938759,42
173118505884467,938801,42
173118506959988,938843,42
173118508036446,938885,42
173118509109519,938927,42
173118510195196,938969,42
173118511259415,939011,42
173118512331394,939053,42
173118513402332,939095,42
173118514476186,939137,42
173118515549519,939179,42
173118516662384,939221,42
173118517706550,939263,42
173118517781655,939305,42
173118518774363,939347,42
173118519848113,939389,42
173118520933842,939431,42
173118522013373,939473,42
173118523087384,939515,20
173118523162436,939535,42
173118524171030,939577,42
173118525237957,939619,42
173118526311238,939661,42
173118527384207,939703,42
173118528456134,939745,42
173118529529467,939787,42
173118530662488,939829,42
173118531699571,939871,42
173118532769415,939913,42
173118533849467,939955,42
173118533924623,939997,42
173118534918530,940039,42
173118535989467,940081,42
173118537066186,940123,42
173118538150821,940165,42
173118539217540,940207,42
173118540315144,940249,42
173118541367748,940291,42
173118542434623,940333,42
173118543510405,940375,42
173118544583478,940417,42
173118545650300,940459,42
173118546734519,940501,42
173118547805561,940543,42
173118548879675,940585,42
173118549999623,940627,42
173118550194363,940669,42
173118551207905,940711,42
173118552235561,940753,42
173118553204988,940795,42
173118554275092,940837,42
173118555386863,940879,42
173118556471134,940921,20
173118556546811,940941,42
173118557537644,940983,42
173118558611290,941025,42
173118559685092,941067,42
173118560790300,941109,42
173118561884155,941151,42
173118562917800,941193,42
173118564023686,941235,42
173118565169207,941277,42
173118565245925,941319,42
173118566146707,941361,42
173118567206603,941403,42
173118568272800,941445,42
173118569347019,941487,42
173118570435717,941529,42
173118571493478,941571,42
173118572564832,941613,42
173118573634832,941655,42
173118574715144,941697,42
173118575782123,941739,42
173118576850457,941781,42
173118577928061,941823,42
173118579084728,941865,42
173118580089103,941907,42
173118581144832,941949,42
173118582224936,941991,42
173118582300300,942033,42
173118583326134,942075,42
173118584358998,942117,42
173118585426290,942159,42
173118586495561,942201,42
173118587562644,942243,42
173118588641655,942285,42
173118589820873,942327,42
173118589901342,942369,20
173118590868842,942389,42
173118591915040,942431,42
173118593066811,942473,42
173118594040300,942515,42
173118595104050,942557,42
173118596188738,942599,42
173118597252696,942641,42
173118597325873,942683,42
173118598322748,942725,42
173118599389467,942767,42
173118600476967,942809,42
173118601533373,942851,42
173118602601290,942893,42
173118603672592,942935,42
173118604741759,942977,42
173118605813061,943019,42
173118606969832,943061,42
173118607960821,943103,42
173118609023894,943145,42
173118610187696,943187,42
173118611168634,943229,42
173118612242800,943271,42
173118613307384,943313,42
173118614372019,943355,42
173118614441342,943397,42
173118615442332,943439,42
173118617039050,943481,42
173118617596342,943523,42
173118618655196,943565,42
173118619726655,943607,42
173118620934311,943649,42
173118621909103,943691,42
173118622971915,943733,42
173118623041603,943775,20
173118624044728,943795,42
173118625201655,943837,42
173118628216707,943879,42
173118628305769,943921,42
173118628370821,943963,42
173118628431082,944005,42
173118629487123,944047,42
173118630691655,944089,42
173118631626394,944131,42
173118632685925,944173,42
173118633755353,944215,42
173118634875248,944257,42
173118635899936,944299,42
173118636960457,944341,42
173118638028009,944383,42
173118639096811,944425,42
173118640214207,944467,42
173118641260300,944509,42
173118642316707,944551,42
173118643378634,944593,42
173118644448217,944635,42
173118645517957,944677,42
173118645586238,944719,42
173118646609415,944761,42
173118647706707,944803,42
173118648787071,944845,42
173118649875665,944887,42
173118650957019,944929,42
173118652026811,944971,42
173118653100665,945013,42
173118654188686,945055,42
173118655287384,945097,42
173118656334311,945139,42
173118656410613,945181,20
173118657404363,945201,42
173118658480092,945243,42
173118659553738,945285,42
173118660652800,945327,42
173118660742696,945369,42
173118661721446,945411,42
173118662825457,945453,42
173118663874519,945495,42
173118664949623,945537,42
173118666018946,945579,42
173118667092436,945621,42
173118668167436,945663,42
173118669239988,945705,42
173118670323842,945747,42
173118671394363,945789,42
173118672465248,945831,42
173118673540665,945873,42
173118674622123,945915,42
173118675689675,945957,42
173118676781134,945999,42
173118676858217,946041,42
173118677844780,946083,42
173118678912957,946125,42
173118679988998,946167,42
173118681287332,946209,42
173118682174050,946251,42
173118683243946,946293,42
173118684325977,946335,42
173118685398530,946377,42
173118686472384,946419,42
173118687546394,946461,42
173118688650821,946503,42
173118689731602,946545,42
173118689805769,946587,20
173118690825040,946607,42
173118691334050,946649,42
173118691899623,946691,42
173118692962905,946733,42
173118694026550,946775,42
173118695099050,946817,42
173118696167540,946859,42
173118697234832,946901,42
173118698312748,946943,42
173118699379363,946985,42
173118700466082,947027,42
173118701523894,947069,42
173118702589623,947111,42
173118703656915,947153,42
173118704742332,947195,42
173118705800196,947237,42
173118706869050,947279,42
173118707941811,947321,42
173118708013530,947363,42
173118709007592,947405,42
173118710082280,947447,42
173118711153321,947489,42
173118712218321,947531,42
173118713284780,947573,42
173118714354311,947615,42
173118715428530,947657,42
173118716497800,947699,42
173118717575613,947741,42
173118718645977,947783,42
173118719708373,947825,42
173118720795352,947867,42
173118721861134,947909,42
173118722929936,947951,42
173118722997696,947993,20
173118723993009,948013,42
173118724059571,948055,42
173118725087696,948097,42
173118726140821,948139,42
173118727209884,948181,42
173118728279102,948223,42
173118729346238,948265,42
173118730454832,948307,42
173118731502592,948349,42
173118732568113,948391,42
173118733632852,948433,42
173118734701655,948475,42
173118735770977,948517,42
173118736845196,948559,42
173118737911863,948601,42
173118738987123,948643,42
173118740077644,948685,42
173118741131655,948727,42
173118741200561,948769,42
173118742215977,948811,42
173118743265300,948853,42
173118744326602,948895,42
173118745395665,948937,42
173118746523946,948979,42
173118747584623,949021,42
173118748650092,949063,42
173118749728061,949105,42
173118750815144,949147,42
173118751882384,949189,42
173118753023998,949231,42
173118754039884,949273,42
173118755154259,949315,42
173118756210821,949357,42
173118756284311,949399,20
173118756346030,949419,42
173118757270665,949461,42
173118758343998,949503,42
173118759422123,949545,42
173118760527592,949587,42
173118761586863,949629,42
173118762656446,949671,42
173118763731811,949713,42
173118764807592,949755,42
173118765884311,949797,42
173118766955665,949839,42
173118768027905,949881,42
173118769101342,949923,42
173118770185352,949965,42
173118771256186,950007,42
173118772337436,950049,42
173118772411707,950091,42
173118773409207,950133,42
173118774518009,950175,42
173118775569102,950217,42
173118776637592,950259,42
173118777704936,950301,42
173118778772488,950343,42
173118779842488,950385,42
173118780928946,950427,42
173118781995977,950469,42
173118783063738,950511,42
173118784142696,950553,42
173118785206290,950595,42
173118786275248,950637,42
173118787346186,950679,42
173118788424519,950721,42
173118788496707,950763,42
173118789489050,950805,20
173118789556915,950825,42
173118790653165,950867,42
173118791629988,950909,42
173118792757332,950951,42
173118793770769,950993,42
173118794832957,951035,42
173118795902384,951077,42
173118796968738,951119,42
173118798044727,951161,42
173118799107592,951203,42
173118800229832,951245,42
173118801256030,951287,42
173118802337540,951329,42
173118803398530,951371,42
173118804462332,951413,42
173118805533321,951455,42
173118805603686,951497,42
173118806606186,951539,42
173118807678009,951581,42
173118808745144,951623,42
173118809811394,951665,42
173118810898738,951707,42
173118811960092,951749,42
173118813026238,951791,42
173118814096707,951833,42
173118815164311,951875,42
173118816244884,951917,42
173118817310040,951959,42
173118818378009,952001,42
173118819447280,952043,42
173118820633946,952085,42
173118821626811,952127,42
173118821698790,952169,42
173118822662019,952211,20
173118822728738,952231,42
173118823728946,952273,42
173118824797280,952315,42
173118825866915,952357,42
173118826937800,952399,42
173118828010613,952441,42
173118829076342,952483,42
173118830245092,952525,42
173118831225925,952567,42
173118832290509,952609,42
173118833358842,952651,42
173118834429415,952693,42
173118835497800,952735,42
173118836565196,952777,42
173118837636394,952819,42
173118838703946,952861,42
173118838773061,952903,42
173118839774311,952945,42
173118840981550,952987,42
173118842008425,953029,42
173118843094936,953071,42
173118844185613,953113,42
173118845239155,953155,42
173118846304363,953197,42
173118847383373,953239,42
173118848448686,953281,42
173118849517852,953323,42
173118850615613,953365,42
173118851675613,953407,42
173118852742227,953449,42
173118853812696,953491,42
173118853880040,953533,42
173118854888061,953575,42
173118856021707,953617,42
173118856089050,953659,20
173118857090977,953679,42
173118858159884,953721,42
173118859222748,953763,42
173118860317488,953805,42
173118861361915,953847,42
173118862428425,953889,42
173118863499727,953931,42
173118864575509,953973,42
173118865641602,954015,42
173118866711394,954057,42
173118867784623,954099,42
173118868853321,954141,42
173118869928009,954183,42
173118869995300,954225,42
173118871013061,954267,42
173118872089050,954309,42
173118873151134,954351,42
173118874227540,954393,42
173118875293009,954435,42
173118876361811,954477,42
173118877431446,954519,42
173118878504623,954561,42
173118879572800,954603,42
173118880667436,954645,42
173118881732696,954687,42
173118882801915,954729,42
173118883882175,954771,42
173118884945873,954813,42
173118886024207,954855,42
173118886097800,954897,42
173118887088582,954939,42
173118888159311,954981,42
173118889233269,955023,42
173118890312800,955065,20
173118890486290,955085,42
173118891377071,955127,42
173118892440873,955169,42
173118893727800,955211,42
173118894594102,955253,42
173118895651654,955295,42
173118896722540,955337,42
173118897802279,955379,42
173118898865300,955421,42
173118899944727,955463,42
173118901086082,955505,42
173118902159363,955547,42
173118902236654,955589,42
173118903224467,955631,42
173118904299519,955673,42
173118905371863,955715,42
173118906445769,955757,42
173118907531811,955799,42
173118908595873,955841,42
173118909667384,955883,42
173118910753321,955925,42
173118911827332,955967,42
173118912899675,956009,42
173118913985561,956051,42
173118915053321,956093,42
173118916126394,956135,42
173118917204623,956177,42
173118918279779,956219,42
173118918353529,956261,42
173118919350092,956303,42
173118920433738,956345,42
173118921529832,956387,42
173118922578113,956429,42
173118923655821,956471,20
173118923729675,956491,42
173118924724519,956533,42
173118925797592,956575,42
173118926870144,956617,42
173118927958582,956659,42
173118929022800,956701,42
173118930246759,956743,42
173118931181811,956785,42
173118932251238,956827,42
173118933326707,956869,42
173118933401811,956911,42
173118934397540,956953,42
173118935471654,956995,42
173118936547644,957037,42
173118937621915,957079,42
173118938694988,957121,42
173118939768998,957163,42
173118940865196,957205,42
173118941943425,957247,42
173118943009727,957289,42
173118944387644,957331,42
173118945170613,957373,42
173118946231134,957415,42
173118947360092,957457,42
173118948407696,957499,42
173118948481602,957541,42
173118949477279,957583,42
173118950646654,957625,42
173118951629050,957667,42
173118952704207,957709,42
173118953778686,957751,42
173118955008738,957793,42
173118955941915,957835,42
173118957013998,957877,20
173118957089988,957897,42
173118958080613,957939,42
173118959177852,957981,42
173118960258425,958023,42
173118961304571,958065,42
173118962368946,958107,42
173118963445717,958149,42
173118964520352,958191,42
173118964591186,958233,42
173118965587488,958275,42
173118966657175,958317,42
173118967729363,958359,42
173118968928894,958401,42
173118969882696,958443,42
173118970954623,958485,42
173118972020248,958527,42
173118973089519,958569,42
173118974162696,958611,42
173118975229050,958653,42
173118976296342,958695,42
173118977368321,958737,42
173118978438477,958779,42
173118979509102,958821,42
173118980611029,958863,42
173118980702436,958905,42
173118981819571,958947,42
173118982752540,958989,42
173118990308113,959031,42
173118990405925,959073,42
173118990468582,959115,42
173118990526186,959157,42
173118990582800,959199,42
173118990638529,959241,42
173118990693998,959283,20
173118990750040,959303,42
173118991333477,959345,42
173118992395248,959387,42
173118993465144,959429,42
173118994538998,959471,42
173118995606707,959513,42
173118996677332,959555,42
173118996756446,959597,42
173118997759102,959639,42
173118998817279,959681,42
173118999900457,959723,42
173119001007332,959765,42
173119002048582,959807,42
173119003103842,959849,42
173119004166811,959891,42
173119005227748,959933,42
173119006294311,959975,42
173119007356446,960017,42
173119008422592,960059,42
173119009480300,960101,42
173119010789207,960143,42
173119011638321,960185,42
173119011717436,960227,42
173119013768686,960269,42
173119013847019,960311,42
173119014834154,960353,42
173119015911446,960395,42
173119016976759,960437,42
173119018045352,960479,42
173119019114623,960521,42
173119020200665,960563,42
173119021254415,960605,42
173119022328113,960647,42
173119023395873,960689,20
173119023468061,960709,42
173119024590352,960751,42
173119025536550,960793,42
173119026602748,960835,42
173119027673217,960877,42
173119028740561,960919,42
173119029820665,960961,42
173119031051238,961003,42
173119031142696,961045,42
173119031955457,961087,42
173119033021498,961129,42
173119034089154,961171,42
173119035161602,961213,42
173119036228582,961255,42
173119037299779,961297,42
173119038487436,961339,42
173119039443165,961381,42
173119040636290,961423,42
173119041590665,961465,42
173119042653373,961507,42
173119043732852,961549,42
173119044794988,961591,42
173119045875613,961633,42
173119046935352,961675,42
173119048025977,961717,42
173119048102904,961759,42
173119049081238,961801,42
173119050188113,961843,42
173119051232227,961885,42
173119052427071,961927,42
173119053363113,961969,42
173119054428373,962011,42
173119055502800,962053,42
173119056569832,962095,20
173119056643529,962115,42
173119057641759,962157,42
173119058748894,962199,42
173119059814832,962241,42
173119060905404,962283,42
173119061963529,962325,42
173119063030925,962367,42
173119064349571,962409,42
173119064429311,962451,42
173119065178477,962493,42
173119066346811,962535,42
173119067324727,962577,42
173119068387540,962619,42
173119069458425,962661,42
173119070640040,962703,42
173119071602904,962745,42
173119072671498,962787,42
173119073869779,962829,42
173119074810925,962871,42
173119075882332,962913,42
173119076947696,962955,42
173119078028321,962997,42
173119079089102,963039,42
173119080292384,963081,42
173119081250613,963123,42
173119082320196,963165,42
173119082397019,963207,42
173119083389207,963249,42
173119084452904,963291,42
173119085518842,963333,42
173119086590925,963375,42
173119087663998,963417,42
173119088728894,963459,42
173119089801967,963501,42
173119089873217,963543,20
173119090881550,963563,42
173119091952748,963605,42
173119093019363,963647,42
173119094192696,963689,42
173119095164207,963731,42
173119096267332,963773,42
173119097315404,963815,42
173119097390665,963857,42
173119098392123,963899,42
173119099454415,963941,42
173119100648634,963983,42
173119101602123,964025,42
173119102670352,964067,42
173119103736967,964109,42
173119104809727,964151,42
173119105881238,964193,42
173119106951654,964235,42
173119108120925,964277,42
173119109099519,964319,42
173119110183894,964361,42
173119111237956,964403,42
173119112310821,964445,42
173119113373738,964487,42
173119113445300,964529,42
173119115516029,964571,42
173119115592227,964613,42
173119116677644,964655,42
173119117665977,964697,42
173119118727748,964739,42
173119119794154,964781,42
173119120881290,964823,42
173119122040925,964865,42
173119123027279,964907,42
173119123099259,964949,20
173119124088321,964969,42
173119125159206,965011,42
173119126231029,965053,42
173119127300509,965095,42
173119128372071,965137,42
173119129438529,965179,42
173119130532384,965221,42
173119130619206,965263,42
173119131599936,965305,42
173119132656863,965347,42
173119133727019,965389,42
173119134795404,965431,42
173119135963581,965473,42
173119136948842,965515,42
173119138012644,965557,42
173119139083477,965599,42
173119140180456,965641,42
173119141227071,965683,42
173119142297071,965725,42
173119143361446,965767,42
173119144437071,965809,42
173119145504884,965851,42
173119146558946,965893,42
173119147737071,965935,42
173119147816290,965977,42
173119148731394,966019,42
173119150112540,966061,42
173119150873113,966103,42
173119151942227,966145,42
173119153011394,966187,42
173119154079415,966229,42
173119155150456,966271,42
173119156218009,966313,42
173119156290352,966355,20
173119157289102,966375,42
173119158359102,966417,42
173119159428790,966459,42
173119160668894,966501,42
173119161598061,966543,42
173119161673217,966585,42
173119163815821,966627,42
173119163981706,966669,42
173119164823790,966711,42
173119165885300,966753,42
173119166956446,966795,42
173119168024363,966837,42
173119169096654,966879,42
173119170184623,966921,42
173119171244363,966963,42
173119172307384,967005,42
173119173426186,967047,42
173119174495821,967089,42
173119175559050,967131,42
173119176638842,967173,42
173119177755769,967215,42
173119178787071,967257,42
173119179846081,967299,42
173119179918842,967341,42
173119180965561,967383,42
173119182002384,967425,42
173119183066029,967467,42
173119184134206,967509,42
173119185214519,967551,42
173119186285925,967593,42
173119187350248,967635,42
173119188420300,967677,42
173119189497227,967719,42
173119189569779,967761,20
173119190683217,967781,42
173119191671915,967823,42
173119192738373,967865,42
173119193779936,967907,42
173119194863790,967949,42
173119195918477,967991,42
173119195986811,968033,42
173119197004571,968075,42
173119198133842,968117,42
173119199205456,968159,42
173119200344050,968201,42
173119201110404,968243,42
173119202132384,968285,42
173119203151759,968327,42
173119204172748,968369,42
173119205199779,968411,42
173119206221081,968453,42
173119207246550,968495,42
173119208265873,968537,42
173119209291029,968579,42
173119210345821,968621,42
173119211338009,968663,42
173119212359675,968705,42
173119213385456,968747,42
173119214405509,968789,42
173119215429727,968831,42
173119216448738,968873,42
173119217476863,968915,42
173119218504311,968957,42
173119219531967,968999,42
173119220747019,969041,42
173119221782800,969083,42
173119222824727,969125,42
173119222868217,969167,20
173119223877644,969187,42
173119224923217,969229,42
173119225974519,969271,42
173119227018529,969313,42
173119228078998,969355,42
173119228123321,969397,42
173119229106081,969439,42
173119230172384,969481,42
173119231207748,969523,42
173119232242175,969565,42
173119233285613,969607,42
173119234346863,969649,42
173119235384936,969691,42
173119236427904,969733,42
173119237474415,969775,42
173119238519779,969817,42
173119239563790,969859,42
173119240722436,969901,42
173119241784311,969943,42
173119242858321,969985,42
173119243925352,970027,42
173119244987488,970069,42
173119246060509,970111,42
173119247126081,970153,42
173119248244675,970195,42
173119249289102,970237,42
173119249360665,970279,42
173119250370977,970321,42
173119251422540,970363,42
173119252510404,970405,42
173119253579467,970447,42
173119254650040,970489,42
173119255728009,970531,42
173119256793842,970573,20
173119256862384,970593,42
173119257866602,970635,42
173119258937800,970677,42
173119260121811,970719,42
173119261105092,970761,42
173119262187592,970803,42
173119263256029,970845,42
173119264337956,970887,42
173119264417019,970929,42
173119265386550,970971,42
173119266450665,971013,42
173119267523686,971055,42
173119268598529,971097,42
173119269667852,971139,42
173119270761342,971181,42
173119271822331,971223,42
173119272890248,971265,42
173119273975561,971307,42
173119275035509,971349,42
173119276118894,971391,42
173119277186654,971433,42
173119278250509,971475,42
173119279326029,971517,42
173119280422800,971559,42
173119281488946,971601,42
173119281566081,971643,42
173119282548894,971685,42
173119283615977,971727,42
173119284695665,971769,42
173119285760300,971811,42
173119286829623,971853,42
173119287902956,971895,42
173119288974102,971937,42
173119290062592,971979,20
173119290144519,971999,42
173119291130144,972041,42
173119292189206,972083,42
173119293258477,972125,42
173119294324311,972167,42
173119295401550,972209,42
173119296464519,972251,42
173119297547488,972293,42
173119297624467,972335,42
173119298670717,972377,42
173119299760040,972419,42
173119300838061,972461,42
173119301906134,972503,42
173119302978373,972545,42
173119304059415,972587,42
173119305125561,972629,42
173119306197696,972671,42
173119307323113,972713,42
173119308346967,972755,42
173119309423165,972797,42
173119310582436,972839,42
173119311609467,972881,42
173119311688634,972923,42
173119312643634,972965,42
173119313740821,973007,42
173119314838581,973049,42
173119315941915,973091,42
173119316940613,973133,42
173119318004623,973175,42
173119319083061,973217,42
173119320249936,973259,42
173119327830665,973301,42
173119327917644,973343,42
173119327980144,973385,20
173119328038321,973405,42
173119328095821,973447,42
173119328154050,973489,42
173119328212800,973531,42
173119328270665,973573,42
173119328710717,973615,42
173119328783425,973657,42
173119329775092,973699,42
173119331187279,973741,42
173119332010769,973783,42
173119333080300,973825,42
173119334148686,973867,42
173119335212904,973909,42
173119336278165,973951,42
173119337358790,973993,42
173119338431081,974035,42
173119339500873,974077,42
173119340655613,974119,42
173119341593113,974161,42
173119342648738,974203,42
173119343703061,974245,42
173119344857436,974287,42
173119344919571,974329,42
173119345825092,974371,42
173119346881602,974413,42
173119347941290,974455,42
173119349002644,974497,42
173119350205144,974539,42
173119351146602,974581,42
173119352206967,974623,42
173119353268425,974665,42
173119354326758,974707,42
173119355383842,974749,42
173119356441290,974791,42
173119356499988,974833,20
173119357503842,974853,42
173119358691967,974895,42
173119359637852,974937,42
173119360825977,974979,42
173119361845456,975021,42
173119362894883,975063,42
173119362968738,975105,42
173119363964154,975147,42
173119365037279,975189,42
173119366106133,975231,42
173119367174154,975273,42
173119368248008,975315,42
173119369316967,975357,42
173119370390092,975399,42
173119371456029,975441,42
173119372672071,975483,42
173119373601446,975525,42
173119374673686,975567,42
173119375743165,975609,42
173119376808373,975651,42
173119377879831,975693,42
173119378948946,975735,42
173119380445769,975777,42
173119380535196,975819,42
173119381096915,975861,42
173119382168113,975903,42
173119383365873,975945,42
173119384309571,975987,42
173119385377956,976029,42
173119386588738,976071,42
173119387557592,976113,42
173119388610404,976155,42
173119389674675,976197,42
173119389745040,976239,20
173119390755196,976259,42
173119391822331,976301,42
173119392889727,976343,42
173119393960144,976385,42
173119395030352,976427,42
173119396102644,976469,42
173119397172123,976511,42
173119397244206,976553,42
173119398239883,976595,42
173119399312852,976637,42
173119400609102,976679,42
173119401501394,976721,42
173119402567279,976763,42
173119403640196,976805,42
173119404714102,976847,42
173119405790613,976889,42
173119406866498,976931,42
173119407945925,976973,42
173119409016446,977015,42
173119410188894,977057,42
173119411177800,977099,42
173119412248425,977141,42
173119412323477,977183,42
173119413318842,977225,42
173119414393373,977267,42
173119415470561,977309,42
173119416541133,977351,42
173119417624415,977393,42
173119418692904,977435,42
173119419769831,977477,42
173119420869363,977519,42
173119421936342,977561,42
173119423012019,977603,42
173119423086342,977645,20
173119424082904,977665,42
173119425155873,977707,42
173119426233061,977749,42
173119427310092,977791,42
173119428492071,977833,42
173119428567227,977875,42
173119429458998,977917,42
173119430624467,977959,42
173119431604258,978001,42
173119432667696,978043,42
173119433733165,978085,42
173119434801342,978127,42
173119435869467,978169,42
173119436935665,978211,42
173119438007644,978253,42
173119439076186,978295,42
173119440267175,978337,42
173119441232748,978379,42
173119442419675,978421,42
173119443375665,978463,42
173119443449779,978505,42
173119444440300,978547,42
173119445514258,978589,42
173119446585925,978631,42
173119447659883,978673,42
173119448743113,978715,42
173119449809883,978757,42
173119450900821,978799,42
173119451969102,978841,42
173119453038425,978883,42
173119454114727,978925,42
173119455192852,978967,42
173119456364988,979009,42
173119456441029,979051,20
173119457337800,979071,42
173119458409467,979113,42
173119459482592,979155,42
173119460673790,979197,42
173119460764363,979239,42
173119461633269,979281,42
173119462702436,979323,42
173119463775977,979365,42
173119465237071,979407,42
173119465956758,979449,42
173119467029988,979491,42
173119468088894,979533,42
173119469156029,979575,42
173119470444258,979617,42
173119471318269,979659,42
173119472377644,979701,42
173119473446186,979743,42
173119474518113,979785,42
173119475579831,979827,42
173119476653113,979869,42
173119476722123,979911,42
173119477727123,979953,42
173119478791967,979995,42
173119479866498,980037,42
173119480970561,980079,42
173119482023842,980121,42
173119483091186,980163,42
173119484260561,980205,42
173119485274831,980247,42
173119486344415,980289,42
173119487420873,980331,42
173119488498321,980373,42
173119489573998,980415,42
173119489648633,980457,20
173119490667904,980477,42
173119491738373,980519,42
173119491813061,980561,42
173119492810196,980603,42
173119493882071,980645,42
173119494956654,980687,42
173119496031498,980729,42
173119497106758,980771,42
173119498187175,980813,42
173119499255821,980855,42
173119500363529,980897,42
173119501423425,980939,42
173119502492852,980981,42
173119503562019,981023,42
173119504637331,981065,42
173119505710977,981107,42
173119506792383,981149,42
173119507877488,981191,42
173119507954883,981233,42
173119508946602,981275,42
173119510132696,981317,42
173119511102279,981359,42
173119512167904,981401,42
173119513236863,981443,42
173119514309936,981485,42
173119515384519,981527,42
173119516457279,981569,42
173119517536758,981611,42
173119518610665,981653,42
173119519681238,981695,42
173119520782800,981737,42
173119521852696,981779,42
173119522930873,981821,42
173119523005404,981863,20
173119523068894,981883,42
173119523996342,981925,42
173119525072331,981967,42
173119526149675,982009,42
173119527220613,982051,42
173119528290717,982093,42
173119529364258,982135,42
173119530460925,982177,42
173119531523842,982219,42
173119532592019,982261,42
173119533668373,982303,42
173119534741342,982345,42
173119535818165,982387,42
173119536893738,982429,42
173119537968581,982471,42
173119539045873,982513,42
173119539121186,982555,42
173119540265665,982597,42
173119541204311,982639,42
173119542267592,982681,42
173119543342852,982723,42
173119544412800,982765,42
173119545487800,982807,42
173119546559571,982849,42
173119547626654,982891,42
173119548716290,982933,42
173119549778008,982975,42
173119550867644,983017,42
173119551978060,983059,42
173119553036654,983101,42
173119554117383,983143,42
173119554194102,983185,42
173119555184154,983227,42
173119556260769,983269,20
173119556338842,983289,42
173119557329310,983331,42
173119558403113,983373,42
173119559475144,983415,42
173119560677227,983457,42
173119561622956,983499,42
173119562692592,983541,42
173119563764519,983583,42
173119564845040,983625,42
173119565912019,983667,42
173119567009779,983709,42
173119568087123,983751,42
173119569145352,983793,42
173119570273425,983835,42
173119570358113,983877,42
173119571287540,983919,42
173119572351915,983961,42
173119573423529,984003,42
173119574496602,984045,42
173119575561342,984087,42
173119576628425,984129,42
173119577698581,984171,42
173119578774831,984213,42
173119579843842,984255,42
173119580945769,984297,42
173119582011342,984339,42
173119583076602,984381,42
173119584148998,984423,42
173119585216290,984465,42
173119586285925,984507,42
173119586353477,984549,42
173119587356758,984591,42
173119588429102,984633,42
173119589500144,984675,20
173119589568529,984695,42
173119590674935,984737,42
173119591730821,984779,42
173119592796446,984821,42
173119593901654,984863,42
173119594969258,984905,42
173119596043685,984947,42
173119597114206,984989,42
173119598195404,985031,42
173119599266602,985073,42
173119600362175,985115,42
173119601433738,985157,42
173119601508269,985199,42
173119602500873,985241,42
173119603577071,985283,42
173119604646498,985325,42
173119605726290,985367,42
173119606798529,985409,42
173119607877227,985451,42
173119608948165,985493,42
173119610142904,985535,42
173119611104883,985577,42
173119612173946,985619,42
173119613243165,985661,42
173119614319519,985703,42
173119615389675,985745,42
173119616468894,985787,42
173119617551967,985829,42
173119617627279,985871,42
173119618618738,985913,42
173119619688685,985955,42
173119620808998,985997,42
173119621878946,986039,42
173119622952435,986081,42
173119623026238,986123,20
173119624022383,986143,42
173119625093060,986185,42
173119626167331,986227,42
173119627239310,986269,42
173119628314883,986311,42
173119629385092,986353,42
173119630470821,986395,42
173119631538425,986437,42
173119632612123,986479,42
173119632687071,986521,42
173119633682592,986563,42
173119634753842,986605,42
173119635826967,986647,42
173119636904206,986689,42
173119637981654,986731,42
173119639090092,986773,42
173119640213529,986815,42
173119641229467,986857,42
173119642290196,986899,42
173119643362383,986941,42
173119644423842,986983,42
173119645538790,987025,42
173119646583894,987067,42
173119647666498,987109,42
173119647796810,987151,42
173119648726706,987193,42
173119649788581,987235,42
173119650880769,987277,42
173119651956081,987319,42
173119653018790,987361,42
173119654132592,987403,42
173119655196758,987445,42
173119656278894,987487,42
173119656353946,987529,20
173119657340665,987549,42
173119658421550,987591,42
173119659499050,987633,42
173119660652748,987675,42
173119661640248,987717,42
173119662714519,987759,42
173119663803165,987801,42
173119663879675,987843,42
173119664864467,987885,42
173119665938321,987927,42
173119667011342,987969,42
173119668478633,988011,42
173119669176029,988053,42
173119670301029,988095,42
173119671314988,988137,42
173119672380404,988179,42
173119673444727,988221,42
173119674516133,988263,42
173119675593477,988305,42
173119676652331,988347,42
173119677754415,988389,42
173119678810613,988431,42
173119679877383,988473,42
173119679947123,988515,42
173119681233269,988557,42
173119682022800,988599,42
173119683102071,988641,42
173119684174831,988683,42
173119685246029,988725,42
173119686315925,988767,42
173119687389779,988809,42
173119688458946,988851,42
173119689530925,988893,42
173119689600196,988935,20
173119690702383,988955,42
173119691688008,988997,42
173119692759519,989039,42
173119693832592,989081,42
173119694906029,989123,42
173119695968998,989165,42
173119696037279,989207,42
173119697039883,989249,42
173119698111863,989291,42
173119699177540,989333,42
173119700357748,989375,42
173119701331446,989417,42
173119702395144,989459,42
173119703468842,989501,42
173119704574310,989543,42
173119705641706,989585,42
173119706706290,989627,42
173119707777071,989669,42
173119708843685,989711,42
173119709924675,989753,42
173119711000769,989795,42
173119712104727,989837,42
173119712174050,989879,42
173119713142852,989921,42
173119714210925,989963,42
173119715284154,990005,42
173119716388633,990047,42
173119717428529,990089,42
173119718492227,990131,42
173119719568269,990173,42
173119720663477,990215,42
173119721743738,990257,42
173119722802488,990299,42
173119722872852,990341,20
173119723875873,990361,42
173119724948425,990403,42
173119726018685,990445,42
173119727084883,990487,42
173119728159727,990529,42
173119728228790,990571,42
173119729256290,990613,42
173119730655144,990655,42
173119731374258,990697,42
173119732448008,990739,42
173119733520248,990781,42
173119734585925,990823,42
173119735670925,990865,42
173119736737279,990907,42
173119737807071,990949,42
173119738874935,990991,42
173119739944675,991033,42
173119741005508,991075,42
173119742069310,991117,42
173119743117696,991159,42
173119744183946,991201,42
173119745238113,991243,42
173119745295977,991285,42
173119746296498,991327,42
173119747361290,991369,42
173119748414571,991411,42
173119749491029,991453,42
173119750620456,991495,42
173119751673842,991537,42
173119752731185,991579,42
173119753791758,991621,42
173119754883477,991663,42
173119755926758,991705,42
173119755982019,991747,20
173119756979363,991767,42
173119758039988,991809,42
173119759103998,991851,42
173119760422644,991893,42
173119761269935,991935,42
173119762338425,991977,42
173119763415404,992019,42
173119763485352,992061,42
173119764487227,992103,42
173119765549935,992145,42
173119766628685,992187,42
173119767697019,992229,42
173119768766290,992271,42
173119769976862,992313,42
173119771105300,992355,42
173119771993633,992397,42
173119773057123,992439,42
173119774133008,992481,42
173119775194310,992523,42
173119776272331,992565,42
173119777339310,992607,42
173119778415196,992649,42
173119779474102,992691,42
173119779541654,992733,42
173119780686081,992775,42
173119781622748,992817,42
173119782689935,992859,42
173119783760821,992901,42
173119784826915,992943,42
173119785907071,992985,42
173119786975040,993027,42
173119788045508,993069,42
173119789117852,993111,42
173119790241915,993153,20
173119790328477,993173,42
173119791267383,993215,42
173119792333165,993257,42
173119793401758,993299,42
173119794471133,993341,42
173119795548685,993383,42
173119796608842,993425,42
173119796676290,993467,42
173119797682383,993509,42
173119798753946,993551,42
173119799823842,993593,42
173119800916967,993635,42
173119801978477,993677,42
173119803047435,993719,42
173119804149987,993761,42
173119805216810,993803,42
173119806293790,993845,42
173119807363842,993887,42
173119808424571,993929,42
173119809503269,993971,42
173119810683633,994013,42
173119811680925,994055,42
173119811749467,994097,42
173119812726029,994139,42
173119813786081,994181,42
173119814862383,994223,42
173119816039154,994265,42
173119817040352,994307,42
173119818313790,994349,42
173119819188633,994391,42
173119820306967,994433,42
173119821321237,994475,42
173119822388633,994517,42
173119823461081,994559,20
173119823530977,994579,42
173119824534154,994621,42
173119825599362,994663,42
173119826671446,994705,42
173119827741602,994747,42
173119828815560,994789,42
173119828884050,994831,42
173119829878477,994873,42
173119831019831,994915,42
173119832029050,994957,42
173119833108685,994999,42
173119834178269,995041,42
173119835246602,995083,42
173119836314362,995125,42
173119837387487,995167,42
173119838462175,995209,42
173119839529310,995251,42
173119840655092,995293,42
173119841718425,995335,42
173119842784727,995377,42
173119843834206,995419,42
173119843905040,995461,42
173119844920665,995503,42
173119845988685,995545,42
173119847052956,995587,42
173119848133477,995629,42
173119849192800,995671,42
173119850286290,995713,42
173119851331706,995755,42
173119852410925,995797,42
173119853481185,995839,42
173119854547487,995881,42
173119855615925,995923,42
173119856712175,995965,20
173119856789467,995985,42
173119857764519,996027,42
173119858822956,996069,42
173119859885404,996111,42
173119861017331,996153,42
173119862094310,996195,42
173119862172331,996237,42
173119863153477,996279,42
173119864261862,996321,42
173119865300352,996363,42
173119866361446,996405,42
173119867435873,996447,42
173119868502123,996489,42
173119869571758,996531,42
173119870663529,996573,42
173119871734987,996615,42
173119872804467,996657,42
173119873908425,996699,42
173119874949415,996741,42
173119876017956,996783,42
173119877091185,996825,42
173119877160092,996867,42
173119878152592,996909,42
173119879240300,996951,42
173119880393529,996993,42
173119881379831,997035,42
173119882435977,997077,42
173119883504310,997119,42
173119884591862,997161,42
173119885658269,997203,42
173119886724571,997245,42
173119887797123,997287,42
173119888877644,997329,42
173119889942175,997371,42
173119890118060,997413,20
173119891023790,997433,42
173119892088581,997475,42
173119893159206,997517,42
173119893228737,997559,42
173119894236290,997601,42
173119895294467,997643,42
173119896380821,997685,42
173119897435404,997727,42
173119898512175,997769,42
173119899586706,997811,42
173119900679258,997853,42
173119901737696,997895,42
173119902816810,997937,42
173119903888165,997979,42
173119904953633,998021,42
173119906021550,998063,42
173119907156498,998105,42
173119908215665,998147,42
173119909263790,998189,42
173119909333477,998231,42
173119910392227,998273,42
173119911415144,998315,42
173119912513165,998357,42
173119913550144,998399,42
173119914639050,998441,42
173119915859154,998483,42
173119916807800,998525,42
173119917875977,998567,42
173119918944362,998609,42
173119920183633,998651,42
173119921104050,998693,42
173119922177383,998735,42
173119923257227,998777,42
173119923333269,998819,20
173119924323008,998839,42
173119925407331,998881,42
173119925482279,998923,42
173119926471394,998965,42
173119927556967,999007,42
173119928623060,999049,42
173119929797175,999091,42
173119930786862,999133,42
173119931859102,999175,42
173119932925300,999217,42
173119933994467,999259,42
173119935066602,999301,42
173119936135456,999343,42
173119937213165,999385,42
173119938282019,999427,42
173119939346498,999469,42
173119940439519,999511,42
173119941489883,999553,42
173119941559362,999595,42
173119942548737,999637,42
173119943703529,999679,42
173119944725248,999721,42
173119945787956,999763,42
173119946860456,999805,42
173119947917227,999847,42
173119948995196,999889,42
173119950247071,999931,42
173119951147123,999973,42
173119952217852,1000015,42
173119953283790,1000057,42
173119954354258,1000099,42
173119955428217,1000141,42
173119956509935,1000183,42
173119956583842,1000225,20
173119957634623,1000245,42
173119957712123,1000287,42
173119958655560,1000329,42
173119959719050,1000371,42
173119960812696,1000413,42
173119961873998,1000455,42
173119962959467,1000497,42
173119964016810,1000539,42
173119965089102,1000581,42
173119981348477,1000623,42
173119981417696,1000665,42
173119981429415,1000707,42
173119981441237,1000749,42
173119981452852,1000791,42
173119981463529,1000833,42
173119981473477,1000875,42
173119981484102,1000917,42
173119981494154,1000959,42
173119981504415,1001001,42
173119981515665,1001043,42
173119981525977,1001085,42
173119981536029,1001127,42
173119981546498,1001169,42
173119981556550,1001211,42
173119981567123,1001253,42
173119981751550,1001295,42
173119982768060,1001337,42
173119983791602,1001379,42
173119984828581,1001421,42
173119985842331,1001463,42
173119986863998,1001505,42
173119987885039,1001547,42
173119988915717,1001589,42
173119989940248,1001631,20
173119989957071,1001651,42
173119990953321,1001693,42
173119991978842,1001735,42
173119992996342,1001777,42
173119994020873,1001819,42
173119995042227,1001861,42
173119996063529,1001903,42
173119997084935,1001945,42
173119998109258,1001987,42
173119999152175,1002029,42
173120000276133,1002071,42
173120001201602,1002113,42
173120002226185,1002155,42
173120003251654,1002197,42
173120004278633,1002239,42
173120005304519,1002281,42
173120006334102,1002323,42
173120007359623,1002365,42
173120008391654,1002407,42
173120009415456,1002449,42
173120010448477,1002491,42
173120011469467,1002533,42
173120012541446,1002575,42
173120013529623,1002617,42
173120014576758,1002659,42
173120015583164,1002701,42
173120016607175,1002743,42
173120017636498,1002785,42
173120018662904,1002827,42
173120019691810,1002869,42
173120020937956,1002911,42
173120022003685,1002953,42
173120022076967,1002995,42
173120023073477,1003037,20
173120023141862,1003057,42
173120024133789,1003099,42
173120025213373,1003141,42
173120026276394,1003183,42
173120027355144,1003225,42
173120028418269,1003267,42
173120029495144,1003309,42
173120030655873,1003351,42
173120031645300,1003393,42
173120032714154,1003435,42
173120033783321,1003477,42
173120034850092,1003519,42
173120035924414,1003561,42
173120036994154,1003603,42
173120038061185,1003645,42
173120038128112,1003687,42
173120039131706,1003729,42
173120040320092,1003771,42
173120043713685,1003813,42
173120044198008,1003855,42
173120044273321,1003897,42
173120044335925,1003939,42
173120045265717,1003981,42
173120046345769,1004023,42
173120047415508,1004065,42
173120048495612,1004107,42
173120049566914,1004149,42
173120050682644,1004191,42
173120051760560,1004233,42
173120052830508,1004275,42
173120053904831,1004317,42
173120055094362,1004359,42
173120056037487,1004401,42
173120056106394,1004443,20
173120057094623,1004463,42
173120058193894,1004505,42
173120059237227,1004547,42
173120059313946,1004589,42
173120060478321,1004631,42
173120061367904,1004673,42
173120062414414,1004715,42
173120063524467,1004757,42
173120064584675,1004799,42
173120065657227,1004841,42
173120066729987,1004883,42
173120067795977,1004925,42
173120069003737,1004967,42
173120069935769,1005009,42
173120071011498,1005051,42
173120072063477,1005093,42
173120073119571,1005135,42
173120074184623,1005177,42
173120075290977,1005219,42
173120076366185,1005261,42
173120076434571,1005303,42
173120077456758,1005345,42
173120078504779,1005387,42
173120079571185,1005429,42
173120080854206,1005471,42
173120081735664,1005513,42
173120082905196,1005555,42
173120083879571,1005597,42
173120084952852,1005639,42
173120086024675,1005681,42
173120087092696,1005723,42
173120088161706,1005765,42
173120089237123,1005807,42
173120090314883,1005849,20
173120090395196,1005869,42
173120091381446,1005911,42
173120091448008,1005953,42
173120092446133,1005995,42
173120093515560,1006037,42
173120094590821,1006079,42
173120095651654,1006121,42
173120096833685,1006163,42
173120097802748,1006205,42
173120098874675,1006247,42
173120099945352,1006289,42
173120101029675,1006331,42
173120102094987,1006373,42
173120103164206,1006415,42
173120104238737,1006457,42
173120105307956,1006499,42
173120106379362,1006541,42
173120107446706,1006583,42
173120108806446,1006625,42
173120109040456,1006667,42
173120109621289,1006709,42
173120110794102,1006751,42
173120111762227,1006793,42
173120112820196,1006835,42
173120113895248,1006877,42
173120114958477,1006919,42
173120116038008,1006961,42
173120117103633,1007003,42
173120118175977,1007045,42
173120119256446,1007087,42
173120120340144,1007129,42
173120121424519,1007171,42
173120122464571,1007213,42
173120123541029,1007255,42
173120123608060,1007297,20
173120124691185,1007317,42
173120124763112,1007359,42
173120125677852,1007401,42
173120126747592,1007443,42
173120127818425,1007485,42
173120128893894,1007527,42
173120129954414,1007569,42
173120131040873,1007611,42
173120132107175,1007653,42
173120133179831,1007695,42
173120134250977,1007737,42
173120135320196,1007779,42
173120136390769,1007821,42
173120137463112,1007863,42
173120138609154,1007905,42
173120139606289,1007947,42
173120140696706,1007989,42
173120140777800,1008031,42
173120141758321,1008073,42
173120142832956,1008115,42
173120143891967,1008157,42
173120144973425,1008199,42
173120146034467,1008241,42
173120147107227,1008283,42
173120148179310,1008325,42
173120149243633,1008367,42
173120150330925,1008409,42
173120151384362,1008451,42
173120152529675,1008493,42
173120153537852,1008535,42
173120154602383,1008577,42
173120155674519,1008619,42
173120156747227,1008661,42
173120156816133,1008703,20
173120157817696,1008723,42
173120157884050,1008765,42
173120158885352,1008807,42
173120159985925,1008849,42
173120161037956,1008891,42
173120162098008,1008933,42
173120163152071,1008975,42
173120164233789,1009017,42
173120165286185,1009059,42
173120166431081,1009101,42
173120167418425,1009143,42
173120168479362,1009185,42
173120169542279,1009227,42
173120170721029,1009269,42
173120171782539,1009311,42
173120172844727,1009353,42
173120173903164,1009395,42
173120173971967,1009437,42
173120174968112,1009479,42
173120176075352,1009521,42
173120177195039,1009563,42
173120178186133,1009605,42
173120179260560,1009647,42
173120180440092,1009689,42
173120181404154,1009731,42
173120182466185,1009773,42
173120183545925,1009815,42
173120184605873,1009857,42
173120185681550,1009899,42
173120186761081,1009941,42
173120187828217,1009983,42
173120188898060,1010025,42
173120189967904,1010067,42
173120190135664,1010109,20
173120191052592,1010129,42
173120191120144,1010171,42
173120192119831,1010213,42
173120193186967,1010255,42
173120194297539,1010297,42
173120195335664,1010339,42
173120196396498,1010381,42
173120197481654,1010423,42
173120198544154,1010465,42
173120199612904,1010507,42
173120200731029,1010549,42
173120201792071,1010591,42
173120202861289,1010633,42
173120203929258,1010675,42
173120205004779,1010717,42
173120206074987,1010759,42
173120206143529,1010801,42
173120207150456,1010843,42
173120208227852,1010885,42
173120209283633,1010927,42
173120210523685,1010969,42
173120211456446,1011011,42
173120212529258,1011053,42
173120213594779,1011095,42
173120214677539,1011137,42
173120215747539,1011179,42
173120216831498,1011221,42
173120217896914,1011263,42
173120218976810,1011305,42
173120220150977,1011347,42
173120221135664,1011389,42
173120222229310,1011431,42
173120222306289,1011473,42
173120223263112,1011515,20
173120223331758,1011535,42
173120224342019,1011577,42
173120225409310,1011619,42
173120226475873,1011661,42
173120227543946,1011703,42
173120228617175,1011745,42
173120229689935,1011787,42
173120230782904,1011829,42
173120231841289,1011871,42
173120232911966,1011913,42
173120233978581,1011955,42
173120235049675,1011997,42
173120236121289,1012039,42
173120237197748,1012081,42
173120238265977,1012123,42
173120239333998,1012165,42
173120239401185,1012207,42
173120240463685,1012249,42
173120241434675,1012291,42
173120242486498,1012333,42
173120243550560,1012375,42
173120244603321,1012417,42
173120245667123,1012459,42
173120246724675,1012501,42
173120247784623,1012543,42
173120248848269,1012585,42
173120249957956,1012627,42
173120250980144,1012669,42
173120252033841,1012711,42
173120253092383,1012753,42
173120254152800,1012795,42
173120255215456,1012837,42
173120256275716,1012879,42
173120256331289,1012921,20
173120257336289,1012941,42
173120258394675,1012983,42
173120258449102,1013025,42
173120259459987,1013067,42
173120260881029,1013109,42
173120261670977,1013151,42
173120262716394,1013193,42
173120263897071,1013235,42
173120264871758,1013277,42
173120265936862,1013319,42
173120267011498,1013361,42
173120268078529,1013403,42
173120269146341,1013445,42
173120270289102,1013487,42
173120271295039,1013529,42
173120272362539,1013571,42
173120273430821,1013613,42
173120274505612,1013655,42
173120274574258,1013697,42
173120275619571,1013739,42
173120276645144,1013781,42
173120277897956,1013823,42
173120278841029,1013865,42
173120279888269,1013907,42
173120280976185,1013949,42
173120282032956,1013991,42
173120283111446,1014033,42
173120284230560,1014075,42
173120285278425,1014117,42
173120286365300,1014159,42
173120287430664,1014201,42
173120288508060,1014243,42
173120289589102,1014285,42
173120289665925,1014327,20
173120290673060,1014347,42
173120290761550,1014389,42
173120291784206,1014431,42
173120292803737,1014473,42
173120293872123,1014515,42
173120294948529,1014557,42
173120296013998,1014599,42
173120297131498,1014641,42
173120298157383,1014683,42
173120299222852,1014725,42
173120300331810,1014767,42
173120301399987,1014809,42
173120302450977,1014851,42
173120303520560,1014893,42
173120304592487,1014935,42
173120305706654,1014977,42
173120306736446,1015019,42
173120306804883,1015061,42
173120307805873,1015103,42
173120308874727,1015145,42
173120309950508,1015187,42
173120311050716,1015229,42
173120312127435,1015271,42
173120313166498,1015313,42
173120314265508,1015355,42
173120315307383,1015397,42
173120316372800,1015439,42
173120317446966,1015481,42
173120318512800,1015523,42
173120319620925,1015565,42
173120320686758,1015607,42
173120321743894,1015649,42
173120322813946,1015691,42
173120322882383,1015733,20
173120323886810,1015753,42
173120323957279,1015795,42
173120324961550,1015837,42
173120326025039,1015879,42
173120327095248,1015921,42
173120328164466,1015963,42
173120329241758,1016005,42
173120330305352,1016047,42
173120331386133,1016089,42
173120332446081,1016131,42
173120333538425,1016173,42
173120334599779,1016215,42
173120335662904,1016257,42
173120336734102,1016299,42
173120337806133,1016341,42
173120338878894,1016383,42
173120339950144,1016425,42
173120340132539,1016467,42
173120341034362,1016509,42
173120342097383,1016551,42
173120343173112,1016593,42
173120344240664,1016635,42
173120345304883,1016677,42
173120346384102,1016719,42
173120347486133,1016761,42
173120348523737,1016803,42
173120349586133,1016845,42
173120350682956,1016887,42
173120351748216,1016929,42
173120352814935,1016971,42
173120353883477,1017013,42
173120354963425,1017055,42
173120356028946,1017097,42
173120357097956,1017139,20
173120357165300,1017159,42
173120357226133,1017201,42
173120358165664,1017243,42
173120359234571,1017285,42
173120360334519,1017327,42
173120361420144,1017369,42
173120362467696,1017411,42
173120363522852,1017453,42
173120364587175,1017495,42
173120365673060,1017537,42
173120366738373,1017579,42
173120367808008,1017621,42
173120368879050,1017663,42
173120369953633,1017705,42
173120371034935,1017747,42
173120372102539,1017789,42
173120372171550,1017831,42
173120373165300,1017873,42
173120374236654,1017915,42
173120375346810,1017957,42
173120376372227,1017999,42
173120377453269,1018041,42
173120378513425,1018083,42
173120379591654,1018125,42
173120380681758,1018167,42
173120381746133,1018209,42
173120382807175,1018251,42
173120383886394,1018293,42
173120384958737,1018335,42
173120386022591,1018377,42
173120387091862,1018419,42
173120388163060,1018461,42
173120389238633,1018503,42
173120389314258,1018545,42
173120390322435,1018587,20
173120390405196,1018607,42
173120391382071,1018649,42
173120392450612,1018691,42
173120393530091,1018733,42
173120394589779,1018775,42
173120395664310,1018817,42
173120396737956,1018859,42
173120397804519,1018901,42
173120398885977,1018943,42
173120399952279,1018985,42
173120401035404,1019027,42
173120402100821,1019069,42
173120403168529,1019111,42
173120404248269,1019153,42
173120405313894,1019195,42
173120405382644,1019237,42
173120406382956,1019279,42
173120407452696,1019321,42
173120408529362,1019363,42
173120409589727,1019405,42
173120410681654,1019447,42
173120411736446,1019489,42
173120412940560,1019531,42
173120413905352,1019573,42
173120414978841,1019615,42
173120416029831,1019657,42
173120417103321,1019699,42
173120418172539,1019741,42
173120419239310,1019783,42
173120420345612,1019825,42
173120421407123,1019867,42
173120421539258,1019909,42
173120422452696,1019951,42
173120423523321,1019993,20
173120423593373,1020013,42
173120424589779,1020055,42
173120425659154,1020097,42
173120426730977,1020139,42
173120427807696,1020181,42
173120428868216,1020223,42
173120429946498,1020265,42
173120431105612,1020307,42
173120432094987,1020349,42
173120433165404,1020391,42
173120434238477,1020433,42
173120435308893,1020475,42
173120436374414,1020517,42
173120437451602,1020559,42
173120438516654,1020601,42
173120438587852,1020643,42
173120439586810,1020685,42
173120440686550,1020727,42
173120441751341,1020769,42
173120442808946,1020811,42
173120443887800,1020853,42
173120444954466,1020895,42
173120446052435,1020937,42
173120447094518,1020979,42
173120448159779,1021021,42
173120449235196,1021063,42
173120450315664,1021105,42
173120451383321,1021147,42
173120452449362,1021189,42
173120453518008,1021231,42
173120454586185,1021273,42
173120455659779,1021315,42
173120455728633,1021357,42
173120456730821,1021399,20
173120456798112,1021419,42
173120457797539,1021461,42
173120458866237,1021503,42
173120459939623,1021545,42
173120461029050,1021587,42
173120462085612,1021629,42
173120463285873,1021671,42
173120464245977,1021713,42
173120465311498,1021755,42
173120466384831,1021797,42
173120467451966,1021839,42
173120468520456,1021881,42
173120469588893,1021923,42
173120470679675,1021965,42
173120471744571,1022007,42
173120471811914,1022049,42
173120472808998,1022091,42
173120473883998,1022133,42
173120474952852,1022175,42
173120476027591,1022217,42
173120477087852,1022259,42
173120478162123,1022301,42
173120479226498,1022343,42
173120480392643,1022385,42
173120481370821,1022427,42
173120482449675,1022469,42
173120483516289,1022511,42
173120484588633,1022553,42
173120485662748,1022595,42
173120486729883,1022637,42
173120487798841,1022679,42
173120487868321,1022721,42
173120488875821,1022763,42
173120489949831,1022805,20
173120490145768,1022825,42
173120491029206,1022867,42
173120492093685,1022909,42
173120493163008,1022951,42
173120494236185,1022993,42
173120495306498,1023035,42
173120496370456,1023077,42
173120497449518,1023119,42
173120498517956,1023161,42
173120499591602,1023203,42
173120500680039,1023245,42
173120501745248,1023287,42
173120502816914,1023329,42
173120503890768,1023371,42
173120504962175,1023413,42
173120505028841,1023455,42
173120506029362,1023497,42
173120507135508,1023539,42
173120508168633,1023581,42
173120509241810,1023623,42
173120510315664,1023665,42
173120511381393,1023707,42
173120512443841,1023749,42
173120513873529,1023791,42
173120514613060,1023833,42
173120515663946,1023875,42
173120516739935,1023917,42
173120517797800,1023959,42
173120518862383,1024001,42
173120519923060,1024043,42
173120521012643,1024085,42
173120522064050,1024127,42
173120522135664,1024169,42
173120523125873,1024211,20
173120523193425,1024231,42
173120524193633,1024273,42
173120525254623,1024315,42
173120526317071,1024357,42
173120527378112,1024399,42
173120528493841,1024441,42
173120529501706,1024483,42
173120530739154,1024525,42
173120531776498,1024567,42
173120532843946,1024609,42
173120533918685,1024651,42
173120534982175,1024693,42
173120536054779,1024735,42
173120537126602,1024777,42
173120537193841,1024819,42
173120538198112,1024861,42
173120539265768,1024903,42
173120540367018,1024945,42
173120541408373,1024987,42
173120542476393,1025029,42
173120543541289,1025071,42
173120544621810,1025113,42
173120545682748,1025155,42
173120546763425,1025197,42
173120547821862,1025239,42
173120548896810,1025281,42
173120550126498,1025323,42
173120551083737,1025365,42
173120552123164,1025407,42
173120553188581,1025449,42
173120554257852,1025491,42
173120554327435,1025533,42
173120555326966,1025575,42
173120556399831,1025617,20
173120556470925,1025637,42
173120557475300,1025679,42
173120558557696,1025721,42
173120559606237,1025763,42
173120560726758,1025805,42
173120561789779,1025847,42
173120562849518,1025889,42
173120563929779,1025931,42
173120565031237,1025973,42
173120566082852,1026015,42
173120567146706,1026057,42
173120568208008,1026099,42
173120569270768,1026141,42
173120570378008,1026183,42
173120570467487,1026225,42
173120571422956,1026267,42
173120572489310,1026309,42
173120573556237,1026351,42
173120574631966,1026393,42
173120575700039,1026435,42
173120576772331,1026477,42
173120577874050,1026519,42
173120578911654,1026561,42
173120579974362,1026603,42
173120581062383,1026645,42
173120582123946,1026687,42
173120583200612,1026729,42
173120584273581,1026771,42
173120585344466,1026813,42
173120586413998,1026855,42
173120586483841,1026897,42
173120587483216,1026939,42
173120588552800,1026981,42
173120589624779,1027023,20
173120589693112,1027043,42
173120590710039,1027085,42
173120591772956,1027127,42
173120592843841,1027169,42
173120593910821,1027211,42
173120594988841,1027253,42
173120596048060,1027295,42
173120597125560,1027337,42
173120598195768,1027379,42
173120599262487,1027421,42
173120600355248,1027463,42
173120601409414,1027505,42
173120602479518,1027547,42
173120603547696,1027589,42
173120603614466,1027631,42
173120604623946,1027673,42
173120605693633,1027715,42
173120606762487,1027757,42
173120607833685,1027799,42
173120608904987,1027841,42
173120609975664,1027883,42
173120611049987,1027925,42
173120612123164,1027967,42
173120613184727,1028009,42
173120614263789,1028051,42
173120615380196,1028093,42
173120616421550,1028135,42
173120617486081,1028177,42
173120618558581,1028219,42
173120619628946,1028261,42
173120619697696,1028303,42
173120620723789,1028345,42
173120621784518,1028387,42
173120622850612,1028429,20
173120622920873,1028449,42
173120623929310,1028491,42
173120624996810,1028533,42
173120626069102,1028575,42
173120627136289,1028617,42
173120628203946,1028659,42
173120629276654,1028701,42
173120630398373,1028743,42
173120631420977,1028785,42
173120632483946,1028827,42
173120633562383,1028869,42
173120639820091,1028911,42
173120639907956,1028953,42
173120639972539,1028995,42
173120640183112,1029037,42
173120640262904,1029079,42
173120640324935,1029121,42
173120640382331,1029163,42
173120641570143,1029205,42
173120644263164,1029247,42
173120644343737,1029289,42
173120644407018,1029331,42
173120645360143,1029373,42
173120646420508,1029415,42
173120647500456,1029457,42
173120648561550,1029499,42
173120649718320,1029541,42
173120650734154,1029583,42
173120652832487,1029625,42
173120652922175,1029667,42
173120652991810,1029709,42
173120653935768,1029751,42
173120655011498,1029793,42
173120658847331,1029835,42
173120658934518,1029877,20
173120659396706,1029897,42
173120659473841,1029939,42
173120659539154,1029981,42
173120659601393,1030023,42
173120661314623,1030065,42
173120662317227,1030107,42
173120663340195,1030149,42
173120665482904,1030191,42
173120665506289,1030233,42
173120666437852,1030275,42
173120667542852,1030317,42
173120668470456,1030359,42
173120669488581,1030401,42
173120670515508,1030443,42
173120671533685,1030485,42
173120672556914,1030527,42
173120673584675,1030569,42
173120674657018,1030611,42
173120675679570,1030653,42
173120676762904,1030695,42
173120677987175,1030737,42
173120678742904,1030779,42
173120679762591,1030821,42
173120680795925,1030863,42
173120681854362,1030905,42
173120682835456,1030947,42
173120683859518,1030989,42
173120684893945,1031031,42
173120685933060,1031073,42
173120685955248,1031115,42
173120687018529,1031157,42
173120687962852,1031199,42
173120688978945,1031241,42
173120689996862,1031283,20
173120690048945,1031303,42
173120691023529,1031345,42
173120692040977,1031387,42
173120693074935,1031429,42
173120694087383,1031471,42
173120695108425,1031513,42
173120696128529,1031555,42
173120697151862,1031597,42
173120698176393,1031639,42
173120699196758,1031681,42
173120700250768,1031723,42
173120701249935,1031765,42
173120702275560,1031807,42
173120703367852,1031849,42
173120704314050,1031891,42
173120705338633,1031933,42
173120706366081,1031975,42
173120707384623,1032017,42
173120708406133,1032059,42
173120709428268,1032101,42
173120710454935,1032143,42
173120711576550,1032185,42
173120712503164,1032227,42
173120713522331,1032269,42
173120714546602,1032311,42
173120715740508,1032353,42
173120716595768,1032395,42
173120717618737,1032437,42
173120718638737,1032479,42
173120719683841,1032521,42
173120720706706,1032563,42
173120721711029,1032605,42
173120722735404,1032647,42
173120722749206,1032689,20
173120723754883,1032709,42
173120724777695,1032751,42
173120725800925,1032793,42
173120726833685,1032835,42
173120727850352,1032877,42
173120728901445,1032919,42
173120729897643,1032961,42
173120730948581,1033003,42
173120731974623,1033045,42
173120732992695,1033087,42
173120733999518,1033129,42
173120735019362,1033171,42
173120736047956,1033213,42
173120737114466,1033255,42
173120738150248,1033297,42
173120739368425,1033339,42
173120740146654,1033381,42
173120741148685,1033423,42
173120742165143,1033465,42
173120743184154,1033507,42
173120744217227,1033549,42
173120745226810,1033591,42
173120746246862,1033633,42
173120747267331,1033675,42
173120747278841,1033717,42
173120748287591,1033759,42
173120749305300,1033801,42
173120750336133,1033843,42
173120751371289,1033885,42
173120752390248,1033927,42
173120753402956,1033969,42
173120754425143,1034011,42
173120755443320,1034053,42
173120756464258,1034095,20
173120756477070,1034115,42
173120757484258,1034157,42
173120758504623,1034199,42
173120759524623,1034241,42
173120760547487,1034283,42
173120761585300,1034325,42
173120762588998,1034367,42
173120763610039,1034409,42
173120764627227,1034451,42
173120765663737,1034493,42
173120766694883,1034535,42
173120767779206,1034577,42
173120768717643,1034619,42
173120769743216,1034661,42
173120770762643,1034703,42
173120771781602,1034745,42
173120772803268,1034787,42
173120773824623,1034829,42
173120774851914,1034871,42
173120775864623,1034913,42
173120776886654,1034955,42
173120777904310,1034997,42
173120778925143,1035039,42
173120779945612,1035081,42
173120781022539,1035123,42
173120781997956,1035165,42
173120783018320,1035207,42
173120784049883,1035249,42
173120785083841,1035291,42
173120786110404,1035333,42
173120787110352,1035375,42
173120788133373,1035417,42
173120789152800,1035459,42
173120790178060,1035501,20
173120790195352,1035521,42
173120791194987,1035563,42
173120792308112,1035605,42
173120793237227,1035647,42
173120794262487,1035689,42
173120795282331,1035731,42
173120796305560,1035773,42
173120797333945,1035815,42
173120798353789,1035857,42
173120799386550,1035899,42
173120800444987,1035941,42
173120801452227,1035983,42
173120802475612,1036025,42
173120803592591,1036067,42
173120804520560,1036109,42
173120805538945,1036151,42
173120806562279,1036193,42
173120807580925,1036235,42
173120808638477,1036277,42
173120809623216,1036319,42
173120809637331,1036361,42
173120811667748,1036403,42
173120811684675,1036445,42
173120812691081,1036487,42
173120813713737,1036529,42
173120814732018,1036571,42
173120815765195,1036613,42
173120816785925,1036655,42
173120817810925,1036697,42
173120818835664,1036739,42
173120819920508,1036781,42
173120820871133,1036823,42
173120821896185,1036865,42
173120822914050,1036907,20
173120822927331,1036927,42
173120823936445,1036969,42
173120824958268,1037011,42
173120825985248,1037053,42
173120827002123,1037095,42
173120828024310,1037137,42
173120829043893,1037179,42
173120830071081,1037221,42
173120831089102,1037263,42
173120832107070,1037305,42
173120833142175,1037347,42
173120834162487,1037389,42
173120835177539,1037431,42
173120836201237,1037473,42
173120837266289,1037515,42
173120838244623,1037557,42
173120839262956,1037599,42
173120840436862,1037641,42
173120841447643,1037683,42
173120842535768,1037725,42
173120843557591,1037767,42
173120844642852,1037809,42
173120845683320,1037851,42
173120846715560,1037893,42
173120847773737,1037935,42
173120848805195,1037977,42
173120850125456,1038019,42
173120850917591,1038061,42
173120850970091,1038103,42
173120853018373,1038145,42
173120853070039,1038187,42
173120854064258,1038229,42
173120855120248,1038271,42
173120856171393,1038313,20
173120856222123,1038333,42
173120857223216,1038375,42
173120858291914,1038417,42
173120859317435,1038459,42
173120860551810,1038501,42
173120861505925,1038543,42
173120862771237,1038585,42
173120863643737,1038627,42
173120864722904,1038669,42
173120866091758,1038711,42
173120866948164,1038753,42
173120867027175,1038795,42
173120869089050,1038837,42
173120870244154,1038879,42
173120870334935,1038921,42
173120871187487,1038963,42
173120872347018,1039005,42
173120873764206,1039047,42
173120874391341,1039089,42
173120875659727,1039131,42
173120876565508,1039173,42
173120877735977,1039215,42
173120878672175,1039257,42
173120879735195,1039299,42
173120881064570,1039341,42
173120881886237,1039383,42
173120882961758,1039425,42
173120884044206,1039467,42
173120885101289,1039509,42
173120886474779,1039551,42
173120887279622,1039593,42
173120887355820,1039635,42
173120888308164,1039677,42
173120889387331,1039719,42
173120889465352,1039761,20
173120890875508,1039781,42
173120891520872,1039823,42
173120892655404,1039865,42
173120893683320,1039907,42
173120894727800,1039949,42
173120895805560,1039991,42
173120896959310,1040033,42
173120897947956,1040075,42
173120899006185,1040117,42
173120900498529,1040159,42
173120901147331,1040201,42
173120901222435,1040243,42
173120903289935,1040285,42
173120903364362,1040327,42
173120904402122,1040369,42
173120905510872,1040411,42
173120906581237,1040453,42
173120907618789,1040495,42
173120908700664,1040537,42
173120909741706,1040579,42
173120910942122,1040621,42
173120911976497,1040663,42
173120913062539,1040705,42
173120914108008,1040747,42
173120915178425,1040789,42
173120916267539,1040831,42
173120920283112,1040873,42
173120920395352,1040915,42
173120920461966,1040957,42
173120920520612,1040999,42
173120920775195,1041041,42
173120921612331,1041083,42
173120922639675,1041125,42
173120922700456,1041167,20
173120923732487,1041187,42
173120924775404,1041229,42
173120925825872,1041271,42
173120926879935,1041313,42
173120927959518,1041355,42
173120929019675,1041397,42
173120930173789,1041439,42
173120931234570,1041481,42
173120932243112,1041523,42
173120933277852,1041565,42
173120934319779,1041607,42
173120935380872,1041649,42
173120936441914,1041691,42
173120937499206,1041733,42
173120938564987,1041775,42
173120938629675,1041817,42
173120939648164,1041859,42
173120940877227,1041901,42
173120941886758,1041943,42
173120942907018,1041985,42
173120943935247,1042027,42
173120944960560,1042069,42
173120945976341,1042111,42
173120947009987,1042153,42
173120948028008,1042195,42
173120949051341,1042237,42
173120950103060,1042279,42
173120951119883,1042321,42
173120952149779,1042363,42
173120953166029,1042405,42
173120954195664,1042447,42
173120955215508,1042489,42
173120956234362,1042531,42
173120956248060,1042573,20
173120957254779,1042593,42
173120958276289,1042635,42
173120959320039,1042677,42
173120960335300,1042719,42
173120961361497,1042761,42
173120962383216,1042803,42
173120963411133,1042845,42
173120964424570,1042887,42
173120965444675,1042929,42
173120966483060,1042971,42
173120967500508,1043013,42
173120968523685,1043055,42
173120969540820,1043097,42
173120970559831,1043139,42
173120971583112,1043181,42
173120972603425,1043223,42
173120973622852,1043265,42
173120974648633,1043307,42
173120975674414,1043349,42
173120975687904,1043391,42
173120976692956,1043433,42
173120977718685,1043475,42
173120978738216,1043517,42
173120979761497,1043559,42
173120980780300,1043601,42
173120981818320,1043643,42
173120982826029,1043685,42
173120983860091,1043727,42
173120985569622,1043769,42
173120985921341,1043811,42
173120986929570,1043853,42
173120987981081,1043895,42
173120988975456,1043937,42
173120990111289,1043979,20
173120990128581,1043999,42
173120991027279,1044041,42
173120992058320,1044083,42
173120993063008,1044125,42
173120994084622,1044167,42
173120995107852,1044209,42
173120996129831,1044251,42
173120997145195,1044293,42
173120998172331,1044335,42
173120999203268,1044377,42
173121000246497,1044419,42
173121001265925,1044461,42
173121002272904,1044503,42
173121003298060,1044545,42
173121004337539,1044587,42
173121005356133,1044629,42
173121006357852,1044671,42
173121007389987,1044713,42
173121008409675,1044755,42
173121009441914,1044797,42
173121010468216,1044839,42
173121011488633,1044881,42
173121012502800,1044923,42
173121013524518,1044965,42
173121014546029,1045007,42
173121015571497,1045049,42
173121016590820,1045091,42
173121018075925,1045133,42
173121018657175,1045175,42
173121019682383,1045217,42
173121020709831,1045259,42
173121021724883,1045301,42
173121022750195,1045343,42
173121022763268,1045385,20
173121023770352,1045405,42
173121024775247,1045447,42
173121025795560,1045489,42
173121026818737,1045531,42
173121027847175,1045573,42
173121028863268,1045615,42
173121029891445,1045657,42
173121030908789,1045699,42
173121031926862,1045741,42
173121032955039,1045783,42
173121033998112,1045825,42
173121035004154,1045867,42
173121036018216,1045909,42
173121037037383,1045951,42
173121037052227,1045993,42
173121038063477,1046035,42
173121039091602,1046077,42
173121040109779,1046119,42
173121041131341,1046161,42
173121042150872,1046203,42
173121043166133,1046245,42
173121044201393,1046287,42
173121045218529,1046329,42
173121046243477,1046371,42
173121047271185,1046413,42
173121048290872,1046455,42
173121049309310,1046497,42
173121050340247,1046539,42
173121052343945,1046581,42
173121052389050,1046623,42
173121053411081,1046665,42
173121054428633,1046707,42
173121055470404,1046749,42
173121056484675,1046791,20
173121056499362,1046811,42
173121057505247,1046853,42
173121058531133,1046895,42
173121059551185,1046937,42
173121060569570,1046979,42
173121061587122,1047021,42
173121062612175,1047063,42
173121063639622,1047105,42
173121064654154,1047147,42
173121065688997,1047189,42
173121066719622,1047231,42
173121067729310,1047273,42
173121068752487,1047315,42
173121069772539,1047357,42
173121070788060,1047399,42
173121071825664,1047441,42
173121072848268,1047483,42
173121073858164,1047525,42
173121074884727,1047567,42
173121075903477,1047609,42
173121076922018,1047651,42
173121077956393,1047693,42
173121078974362,1047735,42
173121079994258,1047777,42
173121081015091,1047819,42
173121082037904,1047861,42
173121083063477,1047903,42
173121084095456,1047945,42
173121085157747,1047987,42
173121086157070,1048029,42
173121087170195,1048071,42
173121088193893,1048113,42
173121089221133,1048155,42
173121089235091,1048197,20
173121090240508,1048217,42
173121091262018,1048259,42
173121092287695,1048301,42
173121093303945,1048343,42
173121094323893,1048385,42
173121095339518,1048427,42
173121096370404,1048469,42
173121097383372,1048511,42
173121098411706,1048553,42
173121099471393,1048595,42
173121099487383,1048637,42
173121100501706,1048679,42
173121101515195,1048721,42
173121102532174,1048763,42
173121103554310,1048805,42
173121104576445,1048847,42
173121105604258,1048889,42
173121106615508,1048931,42
173121107646185,1048973,42
173121108671289,1049015,42
173121109692018,1049057,42
173121110713112,1049099,42
173121111738320,1049141,42
173121112759622,1049183,42
173121113780716,1049225,42
173121114805820,1049267,42
173121115834779,1049309,42
173121116853685,1049351,42
173121117884570,1049393,42
173121118915091,1049435,42
173121119948737,1049477,42
173121120959102,1049519,42
173121121972904,1049561,42
173121122994414,1049603,20
173121123006966,1049623,42
173121124016237,1049665,42
173121125045299,1049707,42
173121126064570,1049749,42
173121127085768,1049791,42
173121128111497,1049833,42
173121129124674,1049875,42
173121130161393,1049917,42
173121131166914,1049959,42
173121132204779,1050001,42
173121133245352,1050043,42
173121134268424,1050085,42
173121135284935,1050127,42
173121136300039,1050169,42
173121137317383,1050211,42
173121138344258,1050253,42
173121139360560,1050295,42
173121140435352,1050337,42
173121141454570,1050379,42
173121142478633,1050421,42
173121143505664,1050463,42
173121144533737,1050505,42
173121145557435,1050547,42
173121146593060,1050589,42
173121147609727,1050631,42
173121148629935,1050673,42
173121149653164,1050715,42
173121150688945,1050757,42
173121151726914,1050799,42
173121152747799,1050841,42
173121152785091,1050883,42
173121153770768,1050925,42
173121154816445,1050967,42
173121155807122,1051009,42
173121155818581,1051051,20
173121156843008,1051071,42
173121157854258,1051113,42
173121158880716,1051155,42
173121159906029,1051197,42
173121160930456,1051239,42
173121161943789,1051281,42
173121162966445,1051323,42
173121163983424,1051365,42
173121165019154,1051407,42
173121166065560,1051449,42
173121167079935,1051491,42
173121168085560,1051533,42
173121169119310,1051575,42
173121170129727,1051617,42
173121171167018,1051659,42
173121172173893,1051701,42
173121173220143,1051743,42
173121174224414,1051785,42
173121175238945,1051827,42
173121176268737,1051869,42
173121177296810,1051911,42
173121178314727,1051953,42
173121179325664,1051995,42
173121180355820,1052037,42
173121181373320,1052079,42
173121182400352,1052121,42
173121183421654,1052163,42
173121184457122,1052205,42
173121185496081,1052247,42
173121186505612,1052289,42
173121187520091,1052331,42
173121188532070,1052373,42
173121189553060,1052415,42
173121189564883,1052457,20
173121190578268,1052477,42
173121191607539,1052519,42
173121192619310,1052561,42
173121193652695,1052603,42
173121194669102,1052645,42
173121195692643,1052687,42
173121196715247,1052729,42
173121197734102,1052771,42
173121198772383,1052813,42
173121199811549,1052855,42
173121200826602,1052897,42
173121201842695,1052939,42
173121202867852,1052981,42
173121203881966,1053023,42
173121204912174,1053065,42
173121205926029,1053107,42
173121206965664,1053149,42
173121207971706,1053191,42
173121209007591,1053233,42
173121210082956,1053275,42
173121211062435,1053317,42
173121212077643,1053359,42
173121213112591,1053401,42
173121214126914,1053443,42
173121214139206,1053485,42
173121215151966,1053527,42
173121216175404,1053569,42
173121217194518,1053611,42
173121218246602,1053653,42
173121219279310,1053695,42
173121220284831,1053737,42
173121221305352,1053779,42
173121222325247,1053821,42
173121223350820,1053863,20
173121223364466,1053883,42
173121224403112,1053925,42
173121225390664,1053967,42
173121226414727,1054009,42
173121227435924,1054051,42
173121228457435,1054093,42
173121229490143,1054135,42
173121230509570,1054177,42
173121231537070,1054219,42
173121232579310,1054261,42
173121233603945,1054303,42
173121234620404,1054345,42
173121235643008,1054387,42
173121236673320,1054429,42
173121237685299,1054471,42
173121238709102,1054513,42
173121239725299,1054555,42
173121240756289,1054597,42
173121241774102,1054639,42
173121242794987,1054681,42
173121243817383,1054723,42
173121244842956,1054765,42
173121245862591,1054807,42
173121246882904,1054849,42
173121247902956,1054891,42
173121248935039,1054933,42
173121249958424,1054975,42
173121250987435,1055017,42
173121252008737,1055059,42
173121253020560,1055101,42
173121254037122,1055143,42
173121255058268,1055185,42
173121256078372,1055227,42
173121256091393,1055269,20
173121257098060,1055289,42
173121258124779,1055331,42
173121259143372,1055373,42
173121260191914,1055415,42
173121261193216,1055457,42
173121262209622,1055499,42
173121263235716,1055541,42
173121264256497,1055583,42
173121265278893,1055625,42
173121266310195,1055667,42
173121267337747,1055709,42
173121268343841,1055751,42
173121269404779,1055793,42
173121270427852,1055835,42
173121271411029,1055877,42
173121272431706,1055919,42
173121273454466,1055961,42
173121274476966,1056003,42
173121275504831,1056045,42
173121275519779,1056087,42
173121276519883,1056129,42
173121277600404,1056171,42
173121278562070,1056213,42
173121279593112,1056255,42
173121280639466,1056297,42
173121281629831,1056339,42
173121282652070,1056381,42
173121283680560,1056423,42
173121284708945,1056465,42
173121285733268,1056507,42
173121286740612,1056549,42
173121287761341,1056591,42
173121288784779,1056633,42
173121289830924,1056675,20
173121289844622,1056695,42
173121290831862,1056737,42
173121291852643,1056779,42
173121292874414,1056821,42
173121293909102,1056863,42
173121294917591,1056905,42
173121295940091,1056947,42
173121296962643,1056989,42
173121297986133,1057031,42
173121299007956,1057073,42
173121300069258,1057115,42
173121301063112,1057157,42
173121302072279,1057199,42
173121303095351,1057241,42
173121304116341,1057283,42
173121305141289,1057325,42
173121306161185,1057367,42
173121307184726,1057409,42
173121308205247,1057451,42
173121309234049,1057493,42
173121310267279,1057535,42
173121311326497,1057577,42
173121312305976,1057619,42
173121313321654,1057661,42
173121314347799,1057703,42
173121315366654,1057745,42
173121316395039,1057787,42
173121317413633,1057829,42
173121318437435,1057871,42
173121319467643,1057913,42
173121320609206,1057955,42
173121321644831,1057997,42
173121322718841,1058039,42
173121322765664,1058081,20
173121323756758,1058101,42
173121324812851,1058143,42
173121325859831,1058185,42
173121326915924,1058227,42
173121326961914,1058269,42
173121327963320,1058311,42
173121329021706,1058353,42
173121330197799,1058395,42
173121331142018,1058437,42
173121332186185,1058479,42
173121333233789,1058521,42
173121334282591,1058563,42
173121335335976,1058605,42
173121336385820,1058647,42
173121337437643,1058689,42
173121338493372,1058731,42
173121339536862,1058773,42
173121340680299,1058815,42
173121341743633,1058857,42
173121342816914,1058899,42
173121343876341,1058941,42
173121344955976,1058983,42
173121346016966,1059025,42
173121347092226,1059067,42
173121348156810,1059109,42
173121348224466,1059151,42
173121349250716,1059193,42
173121350308060,1059235,42
173121351367383,1059277,42
173121352449310,1059319,42
173121353511966,1059361,42
173121354581654,1059403,42
173121358036601,1059445,42
173121358555716,1059487,20
173121358626393,1059507,42
173121358688268,1059549,42
173121358746601,1059591,42
173121359631810,1059633,42
173121360797747,1059675,42
173121361857226,1059717,42
173121362924466,1059759,42
173121363992331,1059801,42
173121365067331,1059843,42
173121366137122,1059885,42
173121367205404,1059927,42
173121367275612,1059969,42
173121368275351,1060011,42
173121369348216,1060053,42
173121370459206,1060095,42
173121371489831,1060137,42
173121372555299,1060179,42
173121373623841,1060221,42
173121374698372,1060263,42
173121375756185,1060305,42
173121376872643,1060347,42
173121377907018,1060389,42
173121378972591,1060431,42
173121380070664,1060473,42
173121381271758,1060515,42
173121382192591,1060557,42
173121382263060,1060599,42
173121384331133,1060641,42
173121384398476,1060683,42
173121385399779,1060725,42
173121386470820,1060767,42
173121387536237,1060809,42
173121388607956,1060851,42
173121389682643,1060893,20
173121389754622,1060913,42
173121390759362,1060955,42
173121391820456,1060997,42
173121392892226,1061039,42
173121393966549,1061081,42
173121395025924,1061123,42
173121396101914,1061165,42
173121397164674,1061207,42
173121398239101,1061249,42
173121399313216,1061291,42
173121400394935,1061333,42
173121401453685,1061375,42
173121401524831,1061417,42
173121402514570,1061459,42
173121403592643,1061501,42
173121404660768,1061543,42
173121405730508,1061585,42
173121406796393,1061627,42
173121407869674,1061669,42
173121408939101,1061711,42
173121410000456,1061753,42
173121411088112,1061795,42
173121412161654,1061837,42
173121413235039,1061879,42
173121414289466,1061921,42
173121415379101,1061963,42
173121416420143,1062005,42
173121419578581,1062047,42
173121419668060,1062089,42
173121419734726,1062131,42
173121419795299,1062173,42
173121420757799,1062215,42
173121421812695,1062257,42
173121422877591,1062299,42
173121422946081,1062341,20
173121423946133,1062361,42
173121425015247,1062403,42
173121426085924,1062445,42
173121427154674,1062487,42
173121428222018,1062529,42
173121429311081,1062571,42
173121430380039,1062613,42
173121431608997,1062655,42
173121432668737,1062697,42
173121432741341,1062739,42
173121433875820,1062781,42
173121434806185,1062823,42
173121435876654,1062865,42
173121436942487,1062907,42
173121438044518,1062949,42
173121439085404,1062991,42
173121440453372,1063033,42
173121441234935,1063075,42
173121442301341,1063117,42
173121443372383,1063159,42
173121444437331,1063201,42
173121445511966,1063243,42
173121446573633,1063285,42
173121447784466,1063327,42
173121448712799,1063369,42
173121448902331,1063411,42
173121449790247,1063453,42
173121450905351,1063495,42
173121451965351,1063537,42
173121453036185,1063579,42
173121454105404,1063621,42
173121455176549,1063663,42
173121456247226,1063705,42
173121456316758,1063747,20
173121457315039,1063767,42
173121458378893,1063809,42
173121459448997,1063851,42
173121460799258,1063893,42
173121461594101,1063935,42
173121461667904,1063977,42
173121463731237,1064019,42
173121464799362,1064061,42
173121464869987,1064103,42
173121465866081,1064145,42
173121466937487,1064187,42
173121468005560,1064229,42
173121469075456,1064271,42
173121470234883,1064313,42
173121471234310,1064355,42
173121472306862,1064397,42
173121473362851,1064439,42
173121474439414,1064481,42
173121475504674,1064523,42
173121476570039,1064565,42
173121477645924,1064607,42
173121478709570,1064649,42
173121479783320,1064691,42
173121480869935,1064733,42
173121481936029,1064775,42
173121482012226,1064817,42
173121482998164,1064859,42
173121484072487,1064901,42
173121485140976,1064943,42
173121486212331,1064985,42
173121487279206,1065027,42
173121488350924,1065069,42
173121489427904,1065111,42
173121489500924,1065153,20
173121490499883,1065173,42
173121491563685,1065215,42
173121492629726,1065257,42
173121493693424,1065299,42
173121494760195,1065341,42
173121495841341,1065383,42
173121496903268,1065425,42
173121497984935,1065467,42
173121499046445,1065509,42
173121499115612,1065551,42
173121500369831,1065593,42
173121501197643,1065635,42
173121502261237,1065677,42
173121503342435,1065719,42
173121504405247,1065761,42
173121505474101,1065803,42
173121506543633,1065845,42
173121507616393,1065887,42
173121508684258,1065929,42
173121509748789,1065971,42
173121510841862,1066013,42
173121511899883,1066055,42
173121513020768,1066097,42
173121514057539,1066139,42
173121514135560,1066181,42
173121515133685,1066223,42
173121516194674,1066265,42
173121517266237,1066307,42
173121518330664,1066349,42
173121519401133,1066391,42
173121520487278,1066433,42
173121521551966,1066475,42
173121522658268,1066517,42
173121522736914,1066559,20
173121523713320,1066579,42
173121524781810,1066621,42
173121525848268,1066663,42
173121526915716,1066705,42
173121527985351,1066747,42
173121529055195,1066789,42
173121530370768,1066831,42
173121531221185,1066873,42
173121531302070,1066915,42
173121532277903,1066957,42
173121533343424,1066999,42
173121534412226,1067041,42
173121535483737,1067083,42
173121536551549,1067125,42
173121537624935,1067167,42
173121538691914,1067209,42
173121539757331,1067251,42
173121541013633,1067293,42
173121542045351,1067335,42
173121543139258,1067377,42
173121544186393,1067419,42
173121545436393,1067461,42
173121546403685,1067503,42
173121546475612,1067545,42
173121547503372,1067587,42
173121548556028,1067629,42
173121549615351,1067671,42
173121550706133,1067713,42
173121551757487,1067755,42
173121552844414,1067797,42
173121553908737,1067839,42
173121554973528,1067881,42
173121556046028,1067923,42
173121556115976,1067965,20
173121557121862,1067985,42
173121558190195,1068027,42
173121559260716,1068069,42
173121560422956,1068111,42
173121561411497,1068153,42
173121561482695,1068195,42
173121562508737,1068237,42
173121563543528,1068279,42
173121564629831,1068321,42
173121565685091,1068363,42
173121566759831,1068405,42
173121567837539,1068447,42
173121568901810,1068489,42
173121569974258,1068531,42
173121571097903,1068573,42
173121572162070,1068615,42
173121573249362,1068657,42
173121574309466,1068699,42
173121575375091,1068741,42
173121576449674,1068783,42
173121577517539,1068825,42
173121577583581,1068867,42
173121578582278,1068909,42
173121579667331,1068951,42
173121580772956,1068993,42
173121581817435,1069035,42
173121582875247,1069077,42
173121583954622,1069119,42
173121585029778,1069161,42
173121586094414,1069203,42
173121587171237,1069245,42
173121588235091,1069287,42
173121589308528,1069329,42
173121589378112,1069371,20
173121590385664,1069391,42
173121591447747,1069433,42
173121592516289,1069475,42
173121593601653,1069517,42
173121593669310,1069559,42
173121594659778,1069601,42
173121595733997,1069643,42
173121596811445,1069685,42
173121597870768,1069727,42
173121598946185,1069769,42
173121600324101,1069811,42
173121601104362,1069853,42
173121602167643,1069895,42
173121603238737,1069937,42
173121604308268,1069979,42
173121605376289,1070021,42
173121606446341,1070063,42
173121607516081,1070105,42
173121608588789,1070147,42
173121609648581,1070189,42
173121610742018,1070231,42
173121610831445,1070273,42
173121611797747,1070315,42
173121612892226,1070357,42
173121613936393,1070399,42
173121615025299,1070441,42
173121616093685,1070483,42
173121617155403,1070525,42
173121618227591,1070567,42
173121619293945,1070609,42
173121620390091,1070651,42
173121621469258,1070693,42
173121622510195,1070735,42
173121623587591,1070777,20
173121623657643,1070797,42
173121624654258,1070839,42
173121625721653,1070881,42
173121626791914,1070923,42
173121627865924,1070965,42
173121627932695,1071007,42
173121628933737,1071049,42
173121630108893,1071091,42
173121631089518,1071133,42
173121632151237,1071175,42
173121633220247,1071217,42
173121634285091,1071259,42
173121635358372,1071301,42
173121636433789,1071343,42
173121637504049,1071385,42
173121638569206,1071427,42
173121639639883,1071469,42
173121640755039,1071511,42
173121641818685,1071553,42
173121642886133,1071595,42
173121642959049,1071637,42
173121643965299,1071679,42
173121645020299,1071721,42
173121646105299,1071763,42
173121647174674,1071805,42
173121648231914,1071847,42
173121649312643,1071889,42
173121650408112,1071931,42
173121651445716,1071973,42
173121652517122,1072015,42
173121653749674,1072057,42
173121654671028,1072099,42
173121655728581,1072141,42
173121656802799,1072183,20
173121656878633,1072203,42
173121657871028,1072245,42
173121658936601,1072287,42
173121660115039,1072329,42
173121661094049,1072371,42
173121661164049,1072413,42
173121662171758,1072455,42
173121663647591,1072497,42
173121664519726,1072539,42
173121665412903,1072581,42
173121666465976,1072623,42
173121667529726,1072665,42
173121668598528,1072707,42
173121669667643,1072749,42
173121670786237,1072791,42
173121671840039,1072833,42
173121672901445,1072875,42
173121674023841,1072917,42
173121675068320,1072959,42
173121675138685,1073001,42
173121676134101,1073043,42
173121677198216,1073085,42
173121678282278,1073127,42
173121679339258,1073169,42
173121680472799,1073211,42
173121681496081,1073253,42
173121682571601,1073295,42
173121683632383,1073337,42
173121684712747,1073379,42
173121685784883,1073421,42
173121686851081,1073463,42
173121687916758,1073505,42
173121688993633,1073547,42
173121690226914,1073589,42
173121690310612,1073631,20
173121691146445,1073651,42
173121692207851,1073693,42
173121692276341,1073735,42
173121693279935,1073777,42
173121694351601,1073819,42
173121695426914,1073861,42
173121696488112,1073903,42
173121697577539,1073945,42
173121698642226,1073987,42
173121699716497,1074029,42
173121700831081,1074071,42
173121701890456,1074113,42
173121702962435,1074155,42
173121704037278,1074197,42
173121705109935,1074239,42
173121706178789,1074281,42
173121707255456,1074323,42
173121708318893,1074365,42
173121708385091,1074407,42
173121709392278,1074449,42
173121710475456,1074491,42
173121711533424,1074533,42
173121712591653,1074575,42
173121713658633,1074617,42
173121714710976,1074659,42
173121715811445,1074701,42
173121716857278,1074743,42
173121717917331,1074785,42
173121718977278,1074827,42
173121720353268,1074869,42
173121721134518,1074911,42
173121722196497,1074953,42
173121723266810,1074995,42
173121723333893,1075037,20
173121724363424,1075057,42
173121725417799,1075099,42
173121725493320,1075141,42
173121726487539,1075183,42
173121727553476,1075225,42
173121728628164,1075267,42
173121729689570,1075309,42
173121730785612,1075351,42
173121731846966,1075393,42
173121732914622,1075435,42
173121733985872,1075477,42
173121735057174,1075519,42
173121736126549,1075561,42
173121737197330,1075603,42
173121738273945,1075645,42
173121739341601,1075687,42
173121740445195,1075729,42
173121741492903,1075771,42
173121741562695,1075813,42
173121742559570,1075855,42
173121743630924,1075897,42
173121744733685,1075939,42
173121745780143,1075981,42
173121746836705,1076023,42
173121747919101,1076065,42
173121748977226,1076107,42
173121750185091,1076149,42
173121751164778,1076191,42
173121752202278,1076233,42
173121753269935,1076275,42
173121754347539,1076317,42
173121755412122,1076359,42
173121756480716,1076401,42
173121756546341,1076443,20
173121757556601,1076463,42
173121758623685,1076505,42
173121758690664,1076547,42
173121759693476,1076589,42
173121760781914,1076631,42
173121761851028,1076673,42
173121762912122,1076715,42
173121764006497,1076757,42
173121765068945,1076799,42
173121766129518,1076841,42
173121767205664,1076883,42
173121768280091,1076925,42
173121769346653,1076967,42
173121770426862,1077009,42
173121771494622,1077051,42
173121772568112,1077093,42
173121773634622,1077135,42
173121774955612,1077177,42
173121775037330,1077219,42
173121775788893,1077261,42
173121776854726,1077303,42
173121777912695,1077345,42
173121779003476,1077387,42
173121780443737,1077429,42
173121781150924,1077471,42
173121782212539,1077513,42
173121783361601,1077555,42
173121784351497,1077597,42
173121785419570,1077639,42
173121786494153,1077681,42
173121787565247,1077723,42
173121788667226,1077765,42
173121789737955,1077807,42
173121789805976,1077849,20
173121790825091,1077869,42
173121790910820,1077911,42
173121791889153,1077953,42
173121792954622,1077995,42
173121794024310,1078037,42
173121795137174,1078079,42
173121796172278,1078121,42
173121797252539,1078163,42
173121798326653,1078205,42
173121799382122,1078247,42
173121800473112,1078289,42
173121801534101,1078331,42
173121802601080,1078373,42
173121803671549,1078415,42
173121804749258,1078457,42
173121805816758,1078499,42
173121806885664,1078541,42
173121806954987,1078583,42
173121807955403,1078625,42
173121809027435,1078667,42
173121810363060,1078709,42
173121811211914,1078751,42
173121812261653,1078793,42
173121813317174,1078835,42
173121814398997,1078877,42
173121815461549,1078919,42
173121816550508,1078961,42
173121817822278,1079003,42
173121818930820,1079045,42
173121819761237,1079087,42
173121820840924,1079129,42
173121821936966,1079171,42
173121822975455,1079213,42
173121823045351,1079255,20
173121823106966,1079275,42
173121824059778,1079317,42
173121825124414,1079359,42
173121826206758,1079401,42
173121827265091,1079443,42
173121828334883,1079485,42
173121829412799,1079527,42
173121830516289,1079569,42
173121831554987,1079611,42
173121832622643,1079653,42
173121833691080,1079695,42
173121834768685,1079737,42
173121835832435,1079779,42
173121836906758,1079821,42
173121837984778,1079863,42
173121839049153,1079905,42
173121840603633,1079947,42
173121840680768,1079989,42
173121841151133,1080031,42
173121842212070,1080073,42
173121843270351,1080115,42
173121844340091,1080157,42
173121845387903,1080199,42
173121846456862,1080241,42
173121847507278,1080283,42
173121848577174,1080325,42
173121849628008,1080367,42
173121850703945,1080409,42
173121851765560,1080451,42
173121852820143,1080493,42
173121853880039,1080535,42
173121854940195,1080577,42
173121856001028,1080619,42
173121856057018,1080661,20
173121857061914,1080681,42
173121858121705,1080723,42
173121859185403,1080765,42
173121859240299,1080807,42
173121860566497,1080849,42
173121861367330,1080891,42
173121862425872,1080933,42
173121863502591,1080975,42
173121864570195,1081017,42
173121865658320,1081059,42
173121866729362,1081101,42
173121867797278,1081143,42
173121868864726,1081185,42
173121869942226,1081227,42
173121871027851,1081269,42
173121872090299,1081311,42
173121873156914,1081353,42
173121874229622,1081395,42
173121875303789,1081437,42
173121875371497,1081479,42
173121876488476,1081521,42
173121877476185,1081563,42
173121878521028,1081605,42
173121879591237,1081647,42
173121880719310,1081689,42
173121881741393,1081731,42
173121882819101,1081773,42
173121883887226,1081815,42
173121884959830,1081857,42
173121886030091,1081899,42
173121887096601,1081941,42
173121888193164,1081983,42
173121889240976,1082025,42
173121890314987,1082067,20
173121890400820,1082087,42
173121891381914,1082129,42
173121892452591,1082171,42
173121892641185,1082213,42
173121893538164,1082255,42
173121894610091,1082297,42
173121895665820,1082339,42
173121896744935,1082381,42
173121897822643,1082423,42
173121898886445,1082465,42
173121899959987,1082507,42
173121901046653,1082549,42
173121902108841,1082591,42
173121903184258,1082633,42
173121904254570,1082675,42
173121905325247,1082717,42
173121906395872,1082759,42
173121907472018,1082801,42
173121908537903,1082843,42
173121908605768,1082885,42
173121909610455,1082927,42
173121910710664,1082969,42
173121911763893,1083011,42
173121912824518,1083053,42
173121913906341,1083095,42
173121914965403,1083137,42
173121916050560,1083179,42
173121917111445,1083221,42
173121918186133,1083263,42
173121919334987,1083305,42
173121920656758,1083347,42
173121921412330,1083389,42
173121922477070,1083431,42
173121923550612,1083473,20
173121923618008,1083493,42
173121924620039,1083535,42
173121924688320,1083577,42
173121925690872,1083619,42
173121926832695,1083661,42
173121927841133,1083703,42
173121928910299,1083745,42
173121929970924,1083787,42
173121931065664,1083829,42
173121932123737,1083871,42
173121933198841,1083913,42
173121934269726,1083955,42
173121935344310,1083997,42
173121936412330,1084039,42
173121937482851,1084081,42
173121938557955,1084123,42
173121939627695,1084165,42
173121940717851,1084207,42
173121941783476,1084249,42
173121941854310,1084291,42
173121942859778,1084333,42
173121943918841,1084375,42
173121944999101,1084417,42
173121946073164,1084459,42
173121947132695,1084501,42
173121948213476,1084543,42
173121949284778,1084585,42
173121950366028,1084627,42
173121951426914,1084669,42
173121952499987,1084711,42
173121953573476,1084753,42
173121954638997,1084795,42
173121955707799,1084837,42
173121956778164,1084879,42
173121956847070,1084921,20
173121957853841,1084941,42
173121957920091,1084983,42
173121958919622,1085025,42
173121959997382,1085067,42
173121961085820,1085109,42
173121962153007,1085151,42
173121963224622,1085193,42
173121964344310,1085235,42
173121965370351,1085277,42
173121966435247,1085319,42
173121967511028,1085361,42
173121968576914,1085403,42
173121969650664,1085445,42
173121970736705,1085487,42
173121971786185,1085529,42
173121972846653,1085571,42
173121973914153,1085613,42
173121973982591,1085655,42
173121974976289,1085697,42
173121976046080,1085739,42
173121977428632,1085781,42
173121978177278,1085823,42
173121979244882,1085865,42
173121980718789,1085907,42
173121981398580,1085949,42
173121982455143,1085991,42
173121983532591,1086033,42
173121984593060,1086075,42
173121985668476,1086117,42
173121986742382,1086159,42
173121987808112,1086201,42
173121988875195,1086243,42
173121989947851,1086285,42
173121990233685,1086327,20
173121991033841,1086347,42
173121991107382,1086389,42
173121992097487,1086431,42
173121993161028,1086473,42
173121994232591,1086515,42
173121995308945,1086557,42
173121996370195,1086599,42
173121997442851,1086641,42
173121998520976,1086683,42
173121999579205,1086725,42
173122000686549,1086767,42
173122001747487,1086809,42
173122002812539,1086851,42
173122003880664,1086893,42
173122004963945,1086935,42
173122006029726,1086977,42
173122007096601,1087019,42
173122008165560,1087061,42
173122008232851,1087103,42
173122009232174,1087145,42
173122010356862,1087187,42
173122011374674,1087229,42
173122012448945,1087271,42
173122013507851,1087313,42
173122014586445,1087355,42
173122015651705,1087397,42
173122016723268,1087439,42
173122017801862,1087481,42
173122018879830,1087523,42
173122019940560,1087565,42
173122021062122,1087607,42
173122022135768,1087649,42
173122023167330,1087691,42
173122023238112,1087733,20
173122024222903,1087753,42
173122024291862,1087795,42
173122025305403,1087837,42
173122026369466,1087879,42
173122027440664,1087921,42
173122028524101,1087963,42
173122029592487,1088005,42
173122030663216,1088047,42
173122031735768,1088089,42
173122032810820,1088131,42
173122033875143,1088173,42
173122034944830,1088215,42
173122036015455,1088257,42
173122037090664,1088299,42
173122038158164,1088341,42
173122039223632,1088383,42
173122040478424,1088425,42
173122041372643,1088467,42
173122041543997,1088509,42
173122042442643,1088551,42
173122043499830,1088593,42
173122044577018,1088635,42
173122045634987,1088677,42
173122046723112,1088719,42
173122047781914,1088761,42
173122048854257,1088803,42
173122049919987,1088845,42
173122051004414,1088887,42
173122052079987,1088929,42
173122053143945,1088971,42
173122054214466,1089013,42
173122055308789,1089055,42
173122056358789,1089097,42
173122056426237,1089139,20
173122057428528,1089159,42
173122057494778,1089201,42
173122058494101,1089243,42
173122059565820,1089285,42
173122060675820,1089327,42
173122061739622,1089369,42
173122062796757,1089411,42
173122063874830,1089453,42
173122064940299,1089495,42
173122066012903,1089537,42
173122067081966,1089579,42
173122068149674,1089621,42
173122069218893,1089663,42
173122070300612,1089705,42
173122071363945,1089747,42
173122072432226,1089789,42
173122073497799,1089831,42
173122074577539,1089873,42
173122074645143,1089915,42
173122075651393,1089957,42
173122076710507,1089999,42
173122077786810,1090041,42
173122078877591,1090083,42
173122079930039,1090125,42
173122081041237,1090167,42
173122082073632,1090209,42
173122083143997,1090251,42
173122084212903,1090293,42
173122085289778,1090335,42
173122086357955,1090377,42
173122087428737,1090419,42
173122088504830,1090461,42
173122089576497,1090503,42
173122089644205,1090545,20
173122090664362,1090565,42
173122090750195,1090607,42
173122091733007,1090649,42
173122092798216,1090691,42
173122093868893,1090733,42
173122094948632,1090775,42
173122096007539,1090817,42
173122097083685,1090859,42
173122098152070,1090901,42
173122099220612,1090943,42
173122100427174,1090985,42
173122101367487,1091027,42
173122102440195,1091069,42
173122103507382,1091111,42
173122104580560,1091153,42
173122105649310,1091195,42
173122106719153,1091237,42
173122106787747,1091279,42
173122107784987,1091321,42
173122108858424,1091363,42
173122109922591,1091405,42
173122111002851,1091447,42
173122112075247,1091489,42
173122113135768,1091531,42
173122114211237,1091573,42
173122115272487,1091615,42
173122116357695,1091657,42
173122117421601,1091699,42
173122118497695,1091741,42
173122119561757,1091783,42
173122120658632,1091825,42
173122121722747,1091867,42
173122122801705,1091909,42
173122122880039,1091951,20
173122123870507,1091971,42
173122123946497,1092013,42
173122124934830,1092055,42
173122125999518,1092097,42
173122127073216,1092139,42
173122128148112,1092181,42
173122129225612,1092223,42
173122130337539,1092265,42
173122131358112,1092307,42
173122132423372,1092349,42
173122133500247,1092391,42
173122134566601,1092433,42
173122135635195,1092475,42
173122136701341,1092517,42
173122137777955,1092559,42
173122138844570,1092601,42
173122139915403,1092643,42
173122141032435,1092685,42
173122141122591,1092727,42
173122142098632,1092769,42
173122143173685,1092811,42
173122144240716,1092853,42
173122145316132,1092895,42
173122146374310,1092937,42
173122147451757,1092979,42
173122148516028,1093021,42
173122149592695,1093063,42
173122150673685,1093105,42
173122151733476,1093147,42
173122152814049,1093189,42
173122153880976,1093231,42
173122154970039,1093273,42
173122156022643,1093315,42
173122157095247,1093357,20
173122157163320,1093377,42
173122157223060,1093419,42
173122158173997,1093461,42
173122159232643,1093503,42
173122160436445,1093545,42
173122161380976,1093587,42
173122162450039,1093629,42
173122163513841,1093671,42
173122164590872,1093713,42
173122165651080,1093755,42
173122166731237,1093797,42
173122167803632,1093839,42
173122168867903,1093881,42
173122169936653,1093923,42
173122171020716,1093965,42
173122172095507,1094007,42
173122173160820,1094049,42
173122173230976,1094091,42
173122174232382,1094133,42
173122175301497,1094175,42
173122176372903,1094217,42
173122177433476,1094259,42
173122178514101,1094301,42
173122179762434,1094343,42
173122180683997,1094385,42
173122181747851,1094427,42
173122182809362,1094469,42
173122183888632,1094511,42
173122184949518,1094553,42
173122186036237,1094595,42
173122187117226,1094637,42
173122188194362,1094679,42
173122189239257,1094721,42
173122189409257,1094763,42
173122190321028,1094805,20
173122190407487,1094825,42
173122191387382,1094867,42
173122192451809,1094909,42
173122193519205,1094951,42
173122194589153,1094993,42
173122195666080,1095035,42
173122196725039,1095077,42
173122197803945,1095119,42
173122198865351,1095161,42
173122199945768,1095203,42
173122201034934,1095245,42
173122202099205,1095287,42
173122203166289,1095329,42
173122204235455,1095371,42
173122205307851,1095413,42
173122206375351,1095455,42
173122206444518,1095497,42
173122207450820,1095539,42
173122208512174,1095581,42
173122209578476,1095623,42
173122210684778,1095665,42
173122211741393,1095707,42
173122212797174,1095749,42
173122213869674,1095791,42
173122214943893,1095833,42
173122216004726,1095875,42
173122217081132,1095917,42
173122218148320,1095959,42
173122219224882,1096001,42
173122220425195,1096043,42
173122221368841,1096085,42
173122222435039,1096127,42
173122222502851,1096169,42
173122223501862,1096211,20
173122223570455,1096231,42
173122224583424,1096273,42
173122225656080,1096315,42
173122226714049,1096357,42
173122227791914,1096399,42
173122228866549,1096441,42
173122229927903,1096483,42
173122231019153,1096525,42
173122232085507,1096567,42
173122233149257,1096609,42
173122234219570,1096651,42
173122235288424,1096693,42
173122236362330,1096735,42
173122237431914,1096777,42
173122238497174,1096819,42
173122239568112,1096861,42
173122239635455,1096903,42
173122240633164,1096945,42
173122241690976,1096987,42
173122242739830,1097029,42
173122243806393,1097071,42
173122244855664,1097113,42
173122245922434,1097155,42
173122246974257,1097197,42
173122248040924,1097239,42
173122249093164,1097281,42
173122250200820,1097323,42
173122251224570,1097365,42
173122252280716,1097407,42
173122253336862,1097449,42
173122254401914,1097491,42
173122255464570,1097533,42
173122256521341,1097575,42
173122256575768,1097617,20
173122257579726,1097637,42
173122258643476,1097679,42
173122258698424,1097721,42
173122259698476,1097763,42
173122260815664,1097805,42
173122261874257,1097847,42
173122262942070,1097889,42
173122264014518,1097931,42
173122265083112,1097973,42
173122266158112,1098015,42
173122267222851,1098057,42
173122268292330,1098099,42
173122269403997,1098141,42
173122270467070,1098183,42
173122271535872,1098225,42
173122272597903,1098267,42
173122273661966,1098309,42
173122274730507,1098351,42
173122275810039,1098393,42
173122275885612,1098435,42
173122276867851,1098477,42
173122277945664,1098519,42
173122279000039,1098561,42
173122280483320,1098603,42
173122281156966,1098645,42
173122282222278,1098687,42
173122283364674,1098729,42
173122284379309,1098771,42
173122285453997,1098813,42
173122286517122,1098855,42
173122287585716,1098897,42
173122288651497,1098939,42
173122289730559,1098981,42
173122289804414,1099023,20
173122290806549,1099043,42
173122291869622,1099085,42
173122291939570,1099127,42
173122292935924,1099169,42
173122294002226,1099211,42
173122295077434,1099253,42
173122296138059,1099295,42
173122297248997,1099337,42
173122298310924,1099379,42
173122299381497,1099421,42
173122300464466,1099463,42
173122301590143,1099505,42
173122302606757,1099547,42
173122303668216,1099589,42
173122304736237,1099631,42
173122305804101,1099673,42
173122306874622,1099715,42
173122307948528,1099757,42
173122309030716,1099799,42
173122309105039,1099841,42
173122310367591,1099883,42
173122311204153,1099925,42
173122312258789,1099967,42
173122313326080,1100009,42
173122314393893,1100051,42
173122315463268,1100093,42
173122316697643,1100135,42
173122317607955,1100177,42
173122318676028,1100219,42
173122319745247,1100261,42
173122320930559,1100303,42
173122322158789,1100345,42
173122323225507,1100387,42
173122323295351,1100429,20
173122323354518,1100449,42
173122324292747,1100491,42
173122325518841,1100533,42
173122326715195,1100575,42
173122327530195,1100617,42
173122328583997,1100659,42
173122329646653,1100701,42
173122331121809,1100743,42
173122332109570,1100785,42
173122332190716,1100827,42
173122334109987,1100869,42
173122337948737,1100911,42
173122338031653,1100953,42
173122338441184,1100995,42
173122338616705,1101037,42
173122338681757,1101079,42
173122339491393,1101121,42
173122340729205,1101163,42
173122341750403,1101205,42
173122342437539,1101247,42
173122343435872,1101289,42
173122344458476,1101331,42
173122345474726,1101373,42
173122346502226,1101415,42
173122347520664,1101457,42
173122348611809,1101499,42
173122349562122,1101541,42
173122350596914,1101583,42
173122351633007,1101625,42
173122352673268,1101667,42
173122353657695,1101709,42
173122354679257,1101751,42
173122355693476,1101793,42
173122356720039,1101835,20
173122356736757,1101855,42
173122357843893,1101897,42
173122358756549,1101939,42
173122359783112,1101981,42
173122360845872,1102023,42
173122361823841,1102065,42
173122362845039,1102107,42
173122363871080,1102149,42
173122364897070,1102191,42
173122365936601,1102233,42
173122366961757,1102275,42
173122367966132,1102317,42
173122369050039,1102359,42
173122370119309,1102401,42
173122371023841,1102443,42
173122372046184,1102485,42
173122373063632,1102527,42
173122374090455,1102569,42
173122375111237,1102611,42
173122376127174,1102653,42
173122377145924,1102695,42
173122378164882,1102737,42
173122379183528,1102779,42
173122380207539,1102821,42
173122381224518,1102863,42
173122382248476,1102905,42
173122383274726,1102947,42
173122384298632,1102989,42
173122384311028,1103031,42
173122385331028,1103073,42
173122386346393,1103115,42
173122387359622,1103157,42
173122388384309,1103199,42
173122389403528,1103241,20
173122389415039,1103261,42
173122390426549,1103303,42
173122391447799,1103345,42
173122392468320,1103387,42
173122393489518,1103429,42
173122394515664,1103471,42
173122395580195,1103513,42
173122396554257,1103555,42
173122397576289,1103597,42
173122398599778,1103639,42
173122399628997,1103681,42
173122400653059,1103723,42
173122401668945,1103765,42
173122402679361,1103807,42
173122403704830,1103849,42
173122404723111,1103891,42
173122405745664,1103933,42
173122406772486,1103975,42
173122407785091,1104017,42
173122408804622,1104059,42
173122409824257,1104101,42
173122410863164,1104143,42
173122411866705,1104185,42
173122412910559,1104227,42
173122413907226,1104269,42
173122414928997,1104311,42
173122415947382,1104353,42
173122416970611,1104395,42
173122417988997,1104437,42
173122419165924,1104479,42
173122420051757,1104521,42
173122421057799,1104563,42
173122422084674,1104605,42
173122423116497,1104647,20
173122423128841,1104667,42
173122424125664,1104709,42
173122425146809,1104751,42
173122426171236,1104793,42
173122427189674,1104835,42
173122428213424,1104877,42
173122429277851,1104919,42
173122430277851,1104961,42
173122431278164,1105003,42
173122432297955,1105045,42
173122433331132,1105087,42
173122434349414,1105129,42
173122435369778,1105171,42
173122436408424,1105213,42
173122437409986,1105255,42
173122438432018,1105297,42
173122439452174,1105339,42
173122440481757,1105381,42
173122441500247,1105423,42
173122442517174,1105465,42
173122443551914,1105507,42
173122444565768,1105549,42
173122445592330,1105591,42
173122446608216,1105633,42
173122447652226,1105675,42
173122448659934,1105717,42
173122449723684,1105759,42
173122450705351,1105801,42
173122450721289,1105843,42
173122451721497,1105885,42
173122452759049,1105927,42
173122453803945,1105969,42
173122454804049,1106011,42
173122455838268,1106053,42
173122456852018,1106095,20
173122456864153,1106115,42
173122457871966,1106157,42
173122458890559,1106199,42
173122459909882,1106241,42
173122460939101,1106283,42
173122461956236,1106325,42
173122462982955,1106367,42
173122464001809,1106409,42
173122465028945,1106451,42
173122466053059,1106493,42
173122467070559,1106535,42
173122468084882,1106577,42
173122469104309,1106619,42
173122470132591,1106661,42
173122471146080,1106703,42
173122472164934,1106745,42
173122473186184,1106787,42
173122474207122,1106829,42
173122475234257,1106871,42
173122476283476,1106913,42
173122477358684,1106955,42
173122478285820,1106997,42
173122479307799,1107039,42
173122480332643,1107081,42
173122481352903,1107123,42
173122482383736,1107165,42
173122483398893,1107207,42
173122484415247,1107249,42
173122485435664,1107291,42
173122486472122,1107333,42
173122487491601,1107375,42
173122488498424,1107417,42
173122489519414,1107459,42
173122489531757,1107501,20
173122490540872,1107521,42
173122491563528,1107563,42
173122492582695,1107605,42
173122493599882,1107647,42
173122494622851,1107689,42
173122495643007,1107731,42
173122496662122,1107773,42
173122497682643,1107815,42
173122498722122,1107857,42
173122499771914,1107899,42
173122500796653,1107941,42
173122501818059,1107983,42
173122502886757,1108025,42
173122503809726,1108067,42
173122504833111,1108109,42
173122505854101,1108151,42
173122506873841,1108193,42
173122507892434,1108235,42
173122508916445,1108277,42
173122509934466,1108319,42
173122510957434,1108361,42
173122511978164,1108403,42
173122512997955,1108445,42
173122514018736,1108487,42
173122515041809,1108529,42
173122516085039,1108571,42
173122517146028,1108613,42
173122518115039,1108655,42
173122518128580,1108697,42
173122519145507,1108739,42
173122520332695,1108781,42
173122521326653,1108823,42
173122522368789,1108865,42
173122523414153,1108907,20
173122523464518,1108927,42
173122524463372,1108969,42
173122525535664,1109011,42
173122526553216,1109053,42
173122527612070,1109095,42
173122528663580,1109137,42
173122529714101,1109179,42
173122530794518,1109221,42
173122531933111,1109263,42
173122532900507,1109305,42
173122533937799,1109347,42
173122535171861,1109389,42
173122536039674,1109431,42
173122537094101,1109473,42
173122538150820,1109515,42
173122539202122,1109557,42
173122540281914,1109599,42
173122541416601,1109641,42
173122542485820,1109683,42
173122542560143,1109725,42
173122543574882,1109767,42
173122544702851,1109809,42
173122546076601,1109851,42
173122546784830,1109893,42
173122548175768,1109935,42
173122548915039,1109977,42
173122550265039,1110019,42
173122551159414,1110061,42
173122552216705,1110103,42
173122553246236,1110145,42
173122554337122,1110187,42
173122555384101,1110229,42
173122556443580,1110271,42
173122556517591,1110313,20
173122557503476,1110333,42
173122557576809,1110375,42
173122558786132,1110417,42
173122559636809,1110459,42
173122560960403,1110501,42
173122562007486,1110543,42
173122563066705,1110585,42
173122564167903,1110627,42
173122565274153,1110669,42
173122566319570,1110711,42
173122567427591,1110753,42
173122568474309,1110795,42
173122569957851,1110837,42
173122570729570,1110879,42
173122570803632,1110921,42
173122571878007,1110963,42
173122572912122,1111005,42
173122574020195,1111047,42
173122575025195,1111089,42
173122576191705,1111131,42
173122577182955,1111173,42
173122578208632,1111215,42
173122579500039,1111257,42
173122580525247,1111299,42
173122581454361,1111341,42
173122582502226,1111383,42
173122583569257,1111425,42
173122584649934,1111467,42
173122585727695,1111509,42
173122585803476,1111551,42
173122587109414,1111593,42
173122587844361,1111635,42
173122589265195,1111677,42
173122590177070,1111719,20
173122590272539,1111739,42
173122591128111,1111781,42
173122592140611,1111823,42
173122593210143,1111865,42
173122594268580,1111907,42
173122595364309,1111949,42
173122596661966,1111991,42
173122597499830,1112033,42
173122597575455,1112075,42
173122599629518,1112117,42
173122599703893,1112159,42
173122601819570,1112201,42
173122601912539,1112243,42
173122602880611,1112285,42
173122603966705,1112327,42
173122605025507,1112369,42
173122606502695,1112411,42
173122607161393,1112453,42
173122608599726,1112495,42
173122609298945,1112537,42
173122610458059,1112579,42
173122611457591,1112621,42
173122612511445,1112663,42
173122613584778,1112705,42
173122614707903,1112747,42
173122616117486,1112789,42
173122616788528,1112831,42
173122616860611,1112873,42
173122617872382,1112915,42
173122618941445,1112957,42
173122620000195,1112999,42
173122621092226,1113041,42
173122622158736,1113083,42
173122623452330,1113125,20
173122623523945,1113145,42
173122624291080,1113187,42
173122625390716,1113229,42
173122626446080,1113271,42
173122627495299,1113313,42
173122628576236,1113355,42
173122629723841,1113397,42
173122631196549,1113439,42
173122631902851,1113481,42
173122631973476,1113523,42
173122633086288,1113565,42
173122633993945,1113607,42
173122635080872,1113649,42
173122636154934,1113691,42
173122637210820,1113733,42
173122638278111,1113775,42
173122639351132,1113817,42
173122640564830,1113859,42
173122641461445,1113901,42
173122642816236,1113943,42
173122643572330,1113985,42
173122644759674,1114027,42
173122645718268,1114069,42
173122646788476,1114111,42
173122648146497,1114153,42
173122648906445,1114195,42
173122648969830,1114237,42
173122651165559,1114279,42
173122651246184,1114321,42
173122652110247,1114363,42
173122653516132,1114405,42
173122654225820,1114447,42
173122655386913,1114489,42
173122656409309,1114531,20
173122656467851,1114551,42
173122657449674,1114593,42
173122658853580,1114635,42
173122659568580,1114677,42
173122660736653,1114719,42
173122661775455,1114761,42
173122662859361,1114803,42
173122663942122,1114845,42
173122665063684,1114887,42
173122666420611,1114929,42
173122667122330,1114971,42
173122667195768,1115013,42
173122668308841,1115055,42
173122669309674,1115097,42
173122670349622,1115139,42
173122671426705,1115181,42
173122672530455,1115223,42
173122673590559,1115265,42
173122675250924,1115307,42
173122675743163,1115349,42
173122676847018,1115391,42
173122677876445,1115433,42
173122678937695,1115475,42
173122679998736,1115517,42
173122681104049,1115559,42
173122682224049,1115601,42
173122683224309,1115643,42
173122683294726,1115685,42
173122684294361,1115727,42
173122685420611,1115769,42
173122686616757,1115811,42
173122687559413,1115853,42
173122688617174,1115895,42
173122689689882,1115937,20
173122689765768,1115957,42
173122690805976,1115999,42
173122691863841,1116041,42
173122692932486,1116083,42
173122694003945,1116125,42
173122695074205,1116167,42
173122696145768,1116209,42
173122697218788,1116251,42
173122698295299,1116293,42
173122699360507,1116335,42
173122699427955,1116377,42
173122701140507,1116419,42
173122701634049,1116461,42
173122702575351,1116503,42
173122703649153,1116545,42
173122704714934,1116587,42
173122705784153,1116629,42
173122706857122,1116671,42
173122707928580,1116713,42
173122708995924,1116755,42
173122710361653,1116797,42
173122711144257,1116839,42
173122712211601,1116881,42
173122713278893,1116923,42
173122714516393,1116965,42
173122715420611,1117007,42
173122716490611,1117049,42
173122716560455,1117091,42
173122717566341,1117133,42
173122718630768,1117175,42
173122719699413,1117217,42
173122720793580,1117259,42
173122721855611,1117301,42
173122722916497,1117343,42
173122722985455,1117385,20
173122723990195,1117405,42
173122725061132,1117447,42
173122726129153,1117489,42
173122727201028,1117531,42
173122730712799,1117573,42
173122731239622,1117615,42
173122731315768,1117657,42
173122731377330,1117699,42
173122731435247,1117741,42
173122733305247,1117783,42
173122734366861,1117825,42
173122735484622,1117867,42
173122736531288,1117909,42
173122737598424,1117951,42
173122738665611,1117993,42
173122738741705,1118035,42
173122739732278,1118077,42
173122740976080,1118119,42
173122742033736,1118161,42
173122743110507,1118203,42
173122744177747,1118245,42
173122745242018,1118287,42
173122746319882,1118329,42
173122747378476,1118371,42
173122748444570,1118413,42
173122749509361,1118455,42
173122751126705,1118497,42
173122751858788,1118539,42
173122751930559,1118581,42
173122752923841,1118623,42
173122753993945,1118665,42
173122755065820,1118707,42
173122756264726,1118749,42
173122756339049,1118791,20
173122757206497,1118811,42
173122758276757,1118853,42
173122759343736,1118895,42
173122760446549,1118937,42
173122761488684,1118979,42
173122762556236,1119021,42
173122763623216,1119063,42
173122764702591,1119105,42
173122765770716,1119147,42
173122765838372,1119189,42
173122766839101,1119231,42
173122767911028,1119273,42
173122768979830,1119315,42
173122770307695,1119357,42
173122771135351,1119399,42
173122772197903,1119441,42
173122773267278,1119483,42
173122774371445,1119525,42
173122775437799,1119567,42
173122776505507,1119609,42
173122777577070,1119651,42
173122778649413,1119693,42
173122779717695,1119735,42
173122780832851,1119777,42
173122781895195,1119819,42
173122782077747,1119861,42
173122782969361,1119903,42
173122784127330,1119945,42
173122785108320,1119987,42
173122786446341,1120029,42
173122787281184,1120071,42
173122788342122,1120113,42
173122789415299,1120155,42
173122789489830,1120197,20
173122790483216,1120217,42
173122791549413,1120259,42
173122792618893,1120301,42
173122793685976,1120343,42
173122794751184,1120385,42
173122795818424,1120427,42
173122796888788,1120469,42
173122798074570,1120511,42
173122799029413,1120553,42
173122799099570,1120595,42
173122800432747,1120637,42
173122801181445,1120679,42
173122802242278,1120721,42
173122803312643,1120763,42
173122804380351,1120805,42
173122805452903,1120847,42
173122806522538,1120889,42
173122807625195,1120931,42
173122808661445,1120973,42
173122809734153,1121015,42
173122810813111,1121057,42
173122811971861,1121099,42
173122812951966,1121141,42
173122814022591,1121183,42
173122815089413,1121225,42
173122815156445,1121267,42
173122816161236,1121309,42
173122817238216,1121351,42
173122818312695,1121393,42
173122819374830,1121435,42
173122820457122,1121477,42
173122821542018,1121519,42
173122822590299,1121561,42
173122823657851,1121603,20
173122823726341,1121623,42
173122824729257,1121665,42
173122825899049,1121707,42
173122826873476,1121749,42
173122827939830,1121791,42
173122829010090,1121833,42
173122830238059,1121875,42
173122831161809,1121917,42
173122832223788,1121959,42
173122832709674,1122001,42
173122833298163,1122043,42
173122834381184,1122085,42
173122835444465,1122127,42
173122836532486,1122169,42
173122837629413,1122211,42
173122838688059,1122253,42
173122839843528,1122295,42
173122840840976,1122337,42
173122841893059,1122379,42
173122842961965,1122421,42
173122844040820,1122463,42
173122845103632,1122505,42
173122846174726,1122547,42
173122847241236,1122589,42
173122848314674,1122631,42
173122848382018,1122673,42
173122849387538,1122715,42
173122850468111,1122757,42
173122851529622,1122799,42
173122852602538,1122841,42
173122853743007,1122883,42
173122854743528,1122925,42
173122855812643,1122967,42
173122856890820,1123009,20
173122856961393,1123029,42
173122857955715,1123071,42
173122859024726,1123113,42
173122860434153,1123155,42
173122861179257,1123197,42
173122862242278,1123239,42
173122863311445,1123281,42
173122864387955,1123323,42
173122864458893,1123365,42
173122865453840,1123407,42
173122866521757,1123449,42
173122867670559,1123491,42
173122868668580,1123533,42
173122869735351,1123575,42
173122870818684,1123617,42
173122871882851,1123659,42
173122872953059,1123701,42
173122874024361,1123743,42
173122875099257,1123785,42
173122876164674,1123827,42
173122877233736,1123869,42
173122878305507,1123911,42
173122879376861,1123953,42
173122880459778,1123995,42
173122881584570,1124037,42
173122881659153,1124079,42
173122882588528,1124121,42
173122883661497,1124163,42
173122884727643,1124205,42
173122885795611,1124247,42
173122886870663,1124289,42
173122887985507,1124331,42
173122889048111,1124373,42
173122890299882,1124415,20
173122890389465,1124435,42
173122891183788,1124477,42
173122892245924,1124519,42
173122893314674,1124561,42
173122894385924,1124603,42
173122895534570,1124645,42
173122896521132,1124687,42
173122896593059,1124729,42
173122897589934,1124771,42
173122898659882,1124813,42
173122899727799,1124855,42
173122900846653,1124897,42
173122901907747,1124939,42
173122902973528,1124981,42
173122904045507,1125023,42
173122905118528,1125065,42
173122906189622,1125107,42
173122907330611,1125149,42
173122908332799,1125191,42
173122909436549,1125233,42
173122910481028,1125275,42
173122911544153,1125317,42
173122912611288,1125359,42
173122913682382,1125401,42
173122913750768,1125443,42
173122914755715,1125485,42
173122915824465,1125527,42
173122916899413,1125569,42
173122917971080,1125611,42
173122919041132,1125653,42
173122920408059,1125695,42
173122921193632,1125737,42
173122922258893,1125779,42
173122923359726,1125821,20
173122923433424,1125841,42
173122924397382,1125883,42
173122925465924,1125925,42
173122926534986,1125967,42
173122927603215,1126009,42
173122928677226,1126051,42
173122929742174,1126093,42
173122930827590,1126135,42
173122930917382,1126177,42
173122931900038,1126219,42
173122932962538,1126261,42
173122934157747,1126303,42
173122935228997,1126345,42
173122936189465,1126387,42
173122937282747,1126429,42
173122938391340,1126471,42
173122939443059,1126513,42
173122940547643,1126555,42
173122941583424,1126597,42
173122942650299,1126639,42
173122943715299,1126681,42
173122944788111,1126723,42
173122945857434,1126765,42
173122946925351,1126807,42
173122946993320,1126849,42
173122947996497,1126891,42
173122949065976,1126933,42
173122950496184,1126975,42
173122951243268,1127017,42
173122952297747,1127059,42
173122953363788,1127101,42
173122954431965,1127143,42
173122955500507,1127185,42
173122956576184,1127227,42
173122957639361,1127269,20
173122957715247,1127289,42
173122958708268,1127331,42
173122959831965,1127373,42
173122960924934,1127415,42
173122961990611,1127457,42
173122962094049,1127499,42
173122963059622,1127541,42
173122964290351,1127583,42
173122965200715,1127625,42
173122966274986,1127667,42
173122967342486,1127709,42
173122968418372,1127751,42
173122969486653,1127793,42
173122970668424,1127835,42
173122971627695,1127877,42
173122972698684,1127919,42
173122973900976,1127961,42
173122974841549,1128003,42
173122975910715,1128045,42
173122976976497,1128087,42
173122978044570,1128129,42
173122979113476,1128171,42
173122979187590,1128213,42
173122980230872,1128255,42
173122981263059,1128297,42
173122982327538,1128339,42
173122983412643,1128381,42
173122984487538,1128423,42
173122985545090,1128465,42
173122986606965,1128507,42
173122987671497,1128549,42
173122988736757,1128591,42
173122989810559,1128633,42
173122989882799,1128675,20
173122990881288,1128695,42
173122991933632,1128737,42
173122993050715,1128779,42
173122994087122,1128821,42
173122995155455,1128863,42
173122996223372,1128905,42
173122996296236,1128947,42
173122997299934,1128989,42
173122998372643,1129031,42
173122999440924,1129073,42
173123000545247,1129115,42
173123001585403,1129157,42
173123002650038,1129199,42
173123003715715,1129241,42
173123004788528,1129283,42
173123005858007,1129325,42
173123006927330,1129367,42
173123007998268,1129409,42
173123009064361,1129451,42
173123010226913,1129493,42
173123011212382,1129535,42
173123011285247,1129577,42
173123012280195,1129619,42
173123013346340,1129661,42
173123014419309,1129703,42
173123015484882,1129745,42
173123016707799,1129787,42
173123017633580,1129829,42
173123018698632,1129871,42
173123019769570,1129913,42
173123020860351,1129955,42
173123021951184,1129997,42
173123022989726,1130039,42
173123023062122,1130081,20
173123024061236,1130101,42
173123025128424,1130143,42
173123026200455,1130185,42
173123027271028,1130227,42
173123028343424,1130269,42
173123029411393,1130311,42
173123029481601,1130353,42
173123030491809,1130395,42
173123031556132,1130437,42
173123032621965,1130479,42
173123033694622,1130521,42
173123034770976,1130563,42
173123035832903,1130605,42
173123036900038,1130647,42
173123037969778,1130689,42
173123039038215,1130731,42
173123040316028,1130773,42
173123041217018,1130815,42
173123042280455,1130857,42
173123043351236,1130899,42
173123044421288,1130941,42
173123045493267,1130983,42
173123045565559,1131025,42
173123046563476,1131067,42
173123047628945,1131109,42
173123048697174,1131151,42
173123049926236,1131193,42
173123050864726,1131235,42
173123051926236,1131277,42
173123052997799,1131319,42
173123054068163,1131361,42
173123055139361,1131403,42
173123056206184,1131445,42
173123056278788,1131487,20
173123057280142,1131507,42
173123058348788,1131549,42
173123059416653,1131591,42
173123060506028,1131633,42
173123061561028,1131675,42
173123062627642,1131717,42
173123062703059,1131759,42
173123063704622,1131801,42
173123064779309,1131843,42
173123065846757,1131885,42
173123066919413,1131927,42
173123067991705,1131969,42
173123069063736,1132011,42
173123070229674,1132053,42
173123071211392,1132095,42
173123072280976,1132137,42
173123073351965,1132179,42
173123074422538,1132221,42
173123075494257,1132263,42
173123076564101,1132305,42
173123077636809,1132347,42
173123078704309,1132389,42
173123078875559,1132431,42
173123079780611,1132473,42
173123080868528,1132515,42
173123081930559,1132557,42
173123083000924,1132599,42
173123084074309,1132641,42
173123085142017,1132683,42
173123086211653,1132725,42
173123087288007,1132767,42
173123088356028,1132809,42
173123089428007,1132851,42
173123089502330,1132893,20
173123090509934,1132913,42
173123091578007,1132955,42
173123092647747,1132997,42
173123093714153,1133039,42
173123094786705,1133081,42
173123095857486,1133123,42
173123095929309,1133165,42
173123096931445,1133207,42
173123098002070,1133249,42
173123099075559,1133291,42
173123100326445,1133333,42
173123101227122,1133375,42
173123102295247,1133417,42
173123103360507,1133459,42
173123104432486,1133501,42
173123105506757,1133543,42
173123106578320,1133585,42
173123107674830,1133627,42
173123108748215,1133669,42
173123109816132,1133711,42
173123110899830,1133753,42
173123110984622,1133795,42
173123111963997,1133837,42
173123113036445,1133879,42
173123114109986,1133921,42
173123115178840,1133963,42
173123116250611,1134005,42
173123117327434,1134047,42
173123118390872,1134089,42
173123119463111,1134131,42
173123120623320,1134173,42
173123121668163,1134215,42
173123122686601,1134257,42
173123122758736,1134299,20
173123123754934,1134319,42
173123124824934,1134361,42
173123125896705,1134403,42
173123126968892,1134445,42
173123128037226,1134487,42
173123128108684,1134529,42
173123129110403,1134571,42
173123130195351,1134613,42
173123131260142,1134655,42
173123132325924,1134697,42
173123133399674,1134739,42
173123134506861,1134781,42
173123135538632,1134823,42
173123136611913,1134865,42
173123137686497,1134907,42
173123138767799,1134949,42
173123139830924,1134991,42
173123140923476,1135033,42
173123141989517,1135075,42
173123143054674,1135117,42
173123144125403,1135159,42
173123144197174,1135201,42
173123145199101,1135243,42
173123146267747,1135285,42
173123147338997,1135327,42
173123148408372,1135369,42
173123149477903,1135411,42
173123150642747,1135453,42
173123151627799,1135495,42
173123152701340,1135537,42
173123153770976,1135579,42
173123154969153,1135621,42
173123155915038,1135663,42
173123156984934,1135705,20
173123157056861,1135725,42
173123158059257,1135767,42
173123159125715,1135809,42
173123160216809,1135851,42
173123160304205,1135893,42
173123161271392,1135935,42
173123162340195,1135977,42
173123163410247,1136019,42
173123164488945,1136061,42
173123165552382,1136103,42
173123166632851,1136145,42
173123167698163,1136187,42
173123168766965,1136229,42
173123169838163,1136271,42
173123170920872,1136313,42
173123171982903,1136355,42
173123173057955,1136397,42
173123174125611,1136439,42
173123175202434,1136481,42
173123176267642,1136523,42
173123177338945,1136565,42
173123177409882,1136607,42
173123178410872,1136649,42
173123179481392,1136691,42
173123180654882,1136733,42
173123181627174,1136775,42
173123182696809,1136817,42
173123183765299,1136859,42
173123184838684,1136901,42
173123185910195,1136943,42
173123186982486,1136985,42
173123188049622,1137027,42
173123189123215,1137069,42
173123190200663,1137111,20
173123190283997,1137131,42
173123191263215,1137173,42
173123192335611,1137215,42
173123193402642,1137257,42
173123194471184,1137299,42
173123194540872,1137341,42
173123195543111,1137383,42
173123196612799,1137425,42
173123197773632,1137467,42
173123198759726,1137509,42
173123199827538,1137551,42
173123200975872,1137593,42
173123202027174,1137635,42
173123203090455,1137677,42
173123204151653,1137719,42
173123205212122,1137761,42
173123206276757,1137803,42
173123207402590,1137845,42
173123208407955,1137887,42
173123209466549,1137929,42
173123210728528,1137971,42
173123210812538,1138013,42
173123211608059,1138055,42
173123212665872,1138097,42
173123213724153,1138139,42
173123214788007,1138181,42
173123215856601,1138223,42
173123216929049,1138265,42
173123217989361,1138307,42
173123219051757,1138349,42
173123220419778,1138391,42
173123221193372,1138433,42
173123222250507,1138475,42
173123223311757,1138517,42
173123223384205,1138559,20
173123224378840,1138579,42
173123225440715,1138621,42
173123226507851,1138663,42
173123227564986,1138705,42
173123228631340,1138747,42
173123228703267,1138789,42
173123229758059,1138831,42
173123230945715,1138873,42
173123231862174,1138915,42
173123232909726,1138957,42
173123233971965,1138999,42
173123235031965,1139041,42
173123236097226,1139083,42
173123237161653,1139125,42
173123238282590,1139167,42
173123239471549,1139209,42
173123240665976,1139251,42
173123241442799,1139293,42
173123242543424,1139335,42
173123243638163,1139377,42
173123244673997,1139419,42
173123245761913,1139461,42
173123245832017,1139503,42
173123246822747,1139545,42
173123247884101,1139587,42
173123248947434,1139629,42
173123250097903,1139671,42
173123251088840,1139713,42
173123252147799,1139755,42
173123253209778,1139797,42
173123254273163,1139839,42
173123255336184,1139881,42
173123256400872,1139923,42
173123256473320,1139965,20
173123257574101,1139985,42
173123258533007,1140027,42
173123259598111,1140069,42
173123260950142,1140111,42
173123262006444,1140153,42
173123262078997,1140195,42
173123263065194,1140237,42
173123264286913,1140279,42
173123265193840,1140321,42
173123266257642,1140363,42
173123267318736,1140405,42
173123268385507,1140447,42
173123269448684,1140489,42
173123270519309,1140531,42
173123271580767,1140573,42
173123272645611,1140615,42
173123273709726,1140657,42
173123274769569,1140699,42
173123275828997,1140741,42
173123276900194,1140783,42
173123276971965,1140825,42
173123277962382,1140867,42
173123279024361,1140909,42
173123280378424,1140951,42
173123281164569,1140993,42
173123282221549,1141035,42
173123283435559,1141077,42
173123284353267,1141119,42
173123285458059,1141161,42
173123286490507,1141203,42
173123287547226,1141245,42
173123288609569,1141287,42
173123289671757,1141329,42
173123289744205,1141371,20
173123290798424,1141391,42
173123291850247,1141433,42
173123292920559,1141475,42
173123293994257,1141517,42
173123295084153,1141559,42
173123295155299,1141601,42
173123296129413,1141643,42
173123297187174,1141685,42
173123298252330,1141727,42
173123299426601,1141769,42
173123300526028,1141811,42
173123301462642,1141853,42
173123302520351,1141895,42
173123303584986,1141937,42
173123304645976,1141979,42
173123305708319,1142021,42
173123306773319,1142063,42
173123307836444,1142105,42
173123308974049,1142147,42
173123309990507,1142189,42
173123311051965,1142231,42
173123312104830,1142273,42
173123312177382,1142315,42
173123313320767,1142357,42
173123314263892,1142399,42
173123315322122,1142441,42
173123316390247,1142483,42
173123317456549,1142525,42
173123318513736,1142567,42
173123319578372,1142609,42
173123320938319,1142651,42
173123321995767,1142693,42
173123323053163,1142735,42
173123323126444,1142777,20
173123324121497,1142797,42
173123325180976,1142839,42
173123326244413,1142881,42
173123326314674,1142923,42
173123327309049,1142965,42
173123328374049,1143007,42
173123329438632,1143049,42
173123330510247,1143091,42
173123331573059,1143133,42
173123332636028,1143175,42
173123333694413,1143217,42
173123334758736,1143259,42
173123335818736,1143301,42
173123336885351,1143343,42
173123337947955,1143385,42
173123339012017,1143427,42
173123340273788,1143469,42
173123341281809,1143511,42
173123341374830,1143553,42
173123343338736,1143595,42
173123343421549,1143637,42
173123344405142,1143679,42
173123345489413,1143721,42
173123346526757,1143763,42
173123347598528,1143805,42
173123348652851,1143847,42
173123349715767,1143889,42
173123350830611,1143931,42
173123351894361,1143973,42
173123352965194,1144015,42
173123354039257,1144057,42
173123355146861,1144099,42
173123356198684,1144141,42
173123356273736,1144183,20
173123357270142,1144203,42
173123358341080,1144245,42
173123359413840,1144287,42
173123360505299,1144329,42
173123360593163,1144371,42
173123361564361,1144413,42
173123362637955,1144455,42
173123363730767,1144497,42
173123364769361,1144539,42
173123365824361,1144581,42
173123366889205,1144623,42
173123367950038,1144665,42
173123369020142,1144707,42
173123370095403,1144749,42
173123371154413,1144791,42
173123372211653,1144833,42
173123373273580,1144875,42
173123374342955,1144917,42
173123375403215,1144959,42
173123376477069,1145001,42
173123377538736,1145043,42
173123377614569,1145085,42
173123378594674,1145127,42
173123379664205,1145169,42
173123380954153,1145211,42
173123382011288,1145253,42
173123383073528,1145295,42
173123384137122,1145337,42
173123385216340,1145379,42
173123386257747,1145421,42
173123387317590,1145463,42
173123388387226,1145505,42
173123389446653,1145547,42
173123389515819,1145589,20
173123390659778,1145609,42
173123391582017,1145651,42
173123391654622,1145693,42
173123392644674,1145735,42
173123393759569,1145777,42
173123394862538,1145819,42
173123395887538,1145861,42
173123396956028,1145903,42
173123398053944,1145945,42
173123399111080,1145987,42
173123400508580,1146029,42
173123401249622,1146071,42
173123402309205,1146113,42
173123403371028,1146155,42
173123404433736,1146197,42
173123405498840,1146239,42
173123406559517,1146281,42
173123407628267,1146323,42
173123408689726,1146365,42
173123409751653,1146407,42
173123409819361,1146449,42
173123410940872,1146491,42
173123411953788,1146533,42
173123413011653,1146575,42
173123414088267,1146617,42
173123415144101,1146659,42
173123416211236,1146701,42
173123417275976,1146743,42
173123418335559,1146785,42
173123419397590,1146827,42
173123420521705,1146869,42
173123421576965,1146911,42
173123422656184,1146953,42
173123422732538,1146995,20
173123423728788,1147015,42
173123424807851,1147057,42
173123425880247,1147099,42
173123425954622,1147141,42
173123426949622,1147183,42
173123428020559,1147225,42
173123429098997,1147267,42
173123430195924,1147309,42
173123431260767,1147351,42
173123432356809,1147393,42
173123433404517,1147435,42
173123434478840,1147477,42
173123435555351,1147519,42
173123436629205,1147561,42
173123437701965,1147603,42
173123438787694,1147645,42
173123439854413,1147687,42
173123440956653,1147729,42
173123441047122,1147771,42
173123442018528,1147813,42
173123443136861,1147855,42
173123444170247,1147897,42
173123445252330,1147939,42
173123446301132,1147981,42
173123447360767,1148023,42
173123448422538,1148065,42
173123449482747,1148107,42
173123450741028,1148149,42
173123451615299,1148191,42
173123452684361,1148233,42
173123453744882,1148275,42
173123454808372,1148317,42
173123455871340,1148359,42
173123457774205,1148401,20
173123457857330,1148421,42
173123458085299,1148463,42
173123458159726,1148505,42
173123459070247,1148547,42
173123460450715,1148589,42
173123461209517,1148631,42
173123462264986,1148673,42
173123463325976,1148715,42
173123464402538,1148757,42
173123465459465,1148799,42
173123466530559,1148841,42
173123467586392,1148883,42
173123468645247,1148925,42
173123469708528,1148967,42
173123470840299,1149009,42
173123471910351,1149051,42
173123472983319,1149093,42
173123474061653,1149135,42
173123475149257,1149177,42
173123475224205,1149219,42
173123476215351,1149261,42
173123477291392,1149303,42
173123478362538,1149345,42
173123479438111,1149387,42
173123480527694,1149429,42
173123481588892,1149471,42
173123482666288,1149513,42
173123483741549,1149555,42
173123484815611,1149597,42
173123485892382,1149639,42
173123486965455,1149681,42
173123488040559,1149723,42
173123489118059,1149765,42
173123490206392,1149807,42
173123490295507,1149849,20
173123491276444,1149869,42
173123491349986,1149911,42
173123492345663,1149953,42
173123493416444,1149995,42
173123494496288,1150037,42
173123495568996,1150079,42
173123496641132,1150121,42
173123497715038,1150163,42
173123498791913,1150205,42
173123499862330,1150247,42
173123501311132,1150289,42
173123502041653,1150331,42
173123502111861,1150373,42
173123504176601,1150415,42
173123505246809,1150457,42
173123506315351,1150499,42
173123506384309,1150541,42
173123507465819,1150583,42
173123508621444,1150625,42
173123509684309,1150667,42
173123510757330,1150709,42
173123511814257,1150751,42
173123512876132,1150793,42
173123513936236,1150835,42
173123514998736,1150877,42
173123516064101,1150919,42
173123517263111,1150961,42
173123518322434,1151003,42
173123519380194,1151045,42
173123519448476,1151087,42
173123520475038,1151129,42
173123521646705,1151171,42
173123522596913,1151213,42
173123522773111,1151255,20
173123523663892,1151275,42
173123524727590,1151317,42
173123525795767,1151359,42
173123526861549,1151401,42
173123527930090,1151443,42
173123528995976,1151485,42
173123530073215,1151527,42
173123531153215,1151569,42
173123532209205,1151611,42
173123533278840,1151653,42
173123534345246,1151695,42
173123535413007,1151737,42
173123536484517,1151779,42
173123537552590,1151821,42
173123537620767,1151863,42
173123538621028,1151905,42
173123539691184,1151947,42
173123540806184,1151989,42
173123541891392,1152031,42
173123542930299,1152073,42
173123544003684,1152115,42
173123545074517,1152157,42
173123546139830,1152199,42
173123547201757,1152241,42
173123548282694,1152283,42
173123549339517,1152325,42
173123550710142,1152367,42
173123551751913,1152409,42
173123551822382,1152451,42
173123552816861,1152493,42
173123553887955,1152535,42
173123555093163,1152577,42
173123556028371,1152619,42
173123556099413,1152661,20
173123557092069,1152681,42
173123558163059,1152723,42
173123559228007,1152765,42
173123560338476,1152807,42
173123561368788,1152849,42
173123562433059,1152891,42
173123563501392,1152933,42
173123564584882,1152975,42
173123565642121,1153017,42
173123566708007,1153059,42
173123566777121,1153101,42
173123567779726,1153143,42
173123568846028,1153185,42
173123569912799,1153227,42
173123570996809,1153269,42
173123572059674,1153311,42
173123573159517,1153353,42
173123574200767,1153395,42
173123575266653,1153437,42
173123576330455,1153479,42
173123577404049,1153521,42
173123578468892,1153563,42
173123579538424,1153605,42
173123580636705,1153647,42
173123581693528,1153689,42
173123582758319,1153731,42
173123583946757,1153773,42
173123584017278,1153815,42
173123585010767,1153857,42
173123586074569,1153899,42
173123587154726,1153941,42
173123588374986,1153983,42
173123589290090,1154025,42
173123589360924,1154067,20
173123590371080,1154087,42
173123591422017,1154129,42
173123592500924,1154171,42
173123593561913,1154213,42
173123594626653,1154255,42
173123595700090,1154297,42
173123596770976,1154339,42
173123597846549,1154381,42
173123598908632,1154423,42
173123598978163,1154465,42
173123599975246,1154507,42
173123601055611,1154549,42
173123602124986,1154591,42
173123603192017,1154633,42
173123604258319,1154675,42
173123605325038,1154717,42
173123606404621,1154759,42
173123607471340,1154801,42
173123608537851,1154843,42
173123609599361,1154885,42
173123610679726,1154927,42
173123611744674,1154969,42
173123612810090,1155011,42
173123613881028,1155053,42
173123614949101,1155095,42
173123616016965,1155137,42
173123616085976,1155179,42
173123617275507,1155221,42
173123618340767,1155263,42
173123619564882,1155305,42
173123620495715,1155347,42
173123621706496,1155389,42
173123622620767,1155431,42
173123622691549,1155473,20
173123623685194,1155493,42
173123624751757,1155535,42
173123625822955,1155577,42
173123626889309,1155619,42
173123627956913,1155661,42
173123629023736,1155703,42
173123630188163,1155745,42
173123630270038,1155787,42
173123631172955,1155829,42
173123632236080,1155871,42
173123633451444,1155913,42
173123634375194,1155955,42
173123635444621,1155997,42
173123636511653,1156039,42
173123637580559,1156081,42
173123638647121,1156123,42
173123639728163,1156165,42
173123640811965,1156207,42
173123641865819,1156249,42
173123642932382,1156291,42
173123644002434,1156333,42
173123645070455,1156375,42
173123646230038,1156417,42
173123647499882,1156459,42
173123647573319,1156501,42
173123648399726,1156543,42
173123649450194,1156585,42
173123650698632,1156627,42
173123651586653,1156669,42
173123652644257,1156711,42
173123653708163,1156753,42
173123654770611,1156795,42
173123655835351,1156837,42
173123656897174,1156879,20
173123656965871,1156899,42
173123657959778,1156941,42
173123659027746,1156983,42
173123660405924,1157025,42
173123661166601,1157067,42
173123662238528,1157109,42
173123663285403,1157151,42
173123663353944,1157193,42
173123664360611,1157235,42
173123665422017,1157277,42
173123666480924,1157319,42
173123667547590,1157361,42
173123668604830,1157403,42
173123669674101,1157445,42
173123670782121,1157487,42
173123671834205,1157529,42
173123672900976,1157571,42
173123673998059,1157613,42
173123675047121,1157655,42
173123676107851,1157697,42
173123677198788,1157739,42
173123678249674,1157781,42
173123679317955,1157823,42
173123680473319,1157865,42
173123680553580,1157907,42
173123681453267,1157949,42
173123682503580,1157991,42
173123683574257,1158033,42
173123684642851,1158075,42
173123685697799,1158117,42
173123687625976,1158159,42
173123687875663,1158201,42
173123688899986,1158243,42
173123689974569,1158285,20
173123690149726,1158305,42
173123691040976,1158347,42
173123692095194,1158389,42
173123693158215,1158431,42
173123694256392,1158473,42
173123695283424,1158515,42
173123696338111,1158557,42
173123697412538,1158599,42
173123698525767,1158641,42
173123698597278,1158683,42
173123699587851,1158725,42
173123700681601,1158767,42
173123701741861,1158809,42
173123702810298,1158851,42
173123703889361,1158893,42
173123704961392,1158935,42
173123706027694,1158977,42
173123707094621,1159019,42
173123708166028,1159061,42
173123709240038,1159103,42
173123710313944,1159145,42
173123711407486,1159187,42
173123712453215,1159229,42
173123713520611,1159271,42
173123714605871,1159313,42
173123715657694,1159355,42
173123715724621,1159397,42
173123716716132,1159439,42
173123717777694,1159481,42
173123718847226,1159523,42
173123719908476,1159565,42
173123721016601,1159607,42
173123722079934,1159649,42
173123723150559,1159691,20
173123723217069,1159711,42
173123724269101,1159753,42
173123725299517,1159795,42
173123726362851,1159837,42
173123727436132,1159879,42
173123728505819,1159921,42
173123729570455,1159963,42
173123730684465,1160005,42
173123731740871,1160047,42
173123731810142,1160089,42
173123732812694,1160131,42
173123733882798,1160173,42
173123734948840,1160215,42
173123736020559,1160257,42
173123737096601,1160299,42
173123738163111,1160341,42
173123739231184,1160383,42
173123740347642,1160425,42
173123741373788,1160467,42
173123742444413,1160509,42
173123743505611,1160551,42
173123744593476,1160593,42
173123745651913,1160635,42
173123746750298,1160677,42
173123747809621,1160719,42
173123748912798,1160761,42
173123748982330,1160803,42
173123749946392,1160845,42
173123751020507,1160887,42
173123752080298,1160929,42
173123753135403,1160971,42
173123754198059,1161013,42
173123755261392,1161055,42
173123756329309,1161097,42
173123756397590,1161139,20
173123757391913,1161159,42
173123758462538,1161201,42
173123759531809,1161243,42
173123760964465,1161285,42
173123761948892,1161327,42
173123762017173,1161369,42
173123763009101,1161411,42
173123764075923,1161453,42
173123765135663,1161495,42
173123766206184,1161537,42
173123767262069,1161579,42
173123768325559,1161621,42
173123769388476,1161663,42
173123770464413,1161705,42
173123771525559,1161747,42
173123772730663,1161789,42
173123773693319,1161831,42
173123774765715,1161873,42
173123775840819,1161915,42
173123776906340,1161957,42
173123777993632,1161999,42
173123779062642,1162041,42
173123779138528,1162083,42
173123780248788,1162125,42
173123781211653,1162167,42
173123782319517,1162209,42
173123783370923,1162251,42
173123784430090,1162293,42
173123785511288,1162335,42
173123786636705,1162377,42
173123787654205,1162419,42
173123788726340,1162461,42
173123789812017,1162503,42
173123789885663,1162545,20
173123790889621,1162565,42
173123791963476,1162607,42
173123793036809,1162649,42
173123794112590,1162691,42
173123794188371,1162733,42
173123795189048,1162775,42
173123796252121,1162817,42
173123797337069,1162859,42
173123798402486,1162901,42
173123799484361,1162943,42
173123800649726,1162985,42
173123801632434,1163027,42
173123802704309,1163069,42
173123803774778,1163111,42
173123804855507,1163153,42
173123805926132,1163195,42
173123806998632,1163237,42
173123808077798,1163279,42
173123809154413,1163321,42
173123810240767,1163363,42
173123810328840,1163405,42
173123811293684,1163447,42
173123812366965,1163489,42
173123813433996,1163531,42
173123814507486,1163573,42
173123815580976,1163615,42
173123816712798,1163657,42
173123817729830,1163699,42
173123818837538,1163741,42
173123819905715,1163783,42
173123820983528,1163825,42
173123822051496,1163867,42
173123823129986,1163909,42
173123823206080,1163951,20
173123824209101,1163971,42
173123825284569,1164013,42
173123825359778,1164055,42
173123826353007,1164097,42
173123827429673,1164139,42
173123828507746,1164181,42
173123829570976,1164223,42
173123830669569,1164265,42
173123831738736,1164307,42
173123832811028,1164349,42
173123833890871,1164391,42
173123834962382,1164433,42
173123836037069,1164475,42
173123837111288,1164517,42
173123838187278,1164559,42
173123839258788,1164601,42
173123840357798,1164643,42
173123841416965,1164685,42
173123841494569,1164727,42
173123842489413,1164769,42
173123843567017,1164811,42
173123844632069,1164853,42
173123845711861,1164895,42
173123846778059,1164937,42
173123847861132,1164979,42
173123848924673,1165021,42
173123850218632,1165063,42
173123851085507,1165105,42
173123852163580,1165147,42
173123853235455,1165189,42
173123854306757,1165231,42
173123855379101,1165273,42
173123856459101,1165315,42
173123856536028,1165357,20
173123857539986,1165377,42
173123857615090,1165419,42
173123858737017,1165461,42
173123859683944,1165503,42
173123860778319,1165545,42
173123861852642,1165587,42
173123862911601,1165629,42
173123864003580,1165671,42
173123865070871,1165713,42
173123866138111,1165755,42
173123867218111,1165797,42
173123868291861,1165839,42
173123869367903,1165881,42
173123870447226,1165923,42
173123871519882,1165965,42
173123872600663,1166007,42
173123872676757,1166049,42
173123873668840,1166091,42
173123874744517,1166133,42
173123875815559,1166175,42
173123876898840,1166217,42
173123877963423,1166259,42
173123879047434,1166301,42
173123880213476,1166343,42
173123881198423,1166385,42
173123882264048,1166427,42
173123883382590,1166469,42
173123884421340,1166511,42
173123885493163,1166553,42
173123886571288,1166595,42
173123887642746,1166637,42
173123888721861,1166679,42
173123888796028,1166721,42
173123889797955,1166763,20
173123889871913,1166783,42
173123890882069,1166825,42
173123891956392,1166867,42
173123893027538,1166909,42
173123894097069,1166951,42
173123895183163,1166993,42
173123896245559,1167035,42
173123897320611,1167077,42
173123898398215,1167119,42
173123899469413,1167161,42
173123900649830,1167203,42
173123901627173,1167245,42
173123902699205,1167287,42
173123903781028,1167329,42
173123903937121,1167371,42
173123904862903,1167413,42
173123905931028,1167455,42
173123907003788,1167497,42
173123908075611,1167539,42
173123909149153,1167581,42
173123910248580,1167623,42
173123911297017,1167665,42
173123912381809,1167707,42
173123913451080,1167749,42
173123914529673,1167791,42
173123915595767,1167833,42
173123916716600,1167875,42
173123917746653,1167917,42
173123918819778,1167959,42
173123919904778,1168001,42
173123919981444,1168043,42
173123920982955,1168085,42
173123922052694,1168127,42
173123923134725,1168169,20
173123923210611,1168189,42
173123924209830,1168231,42
173123925281028,1168273,42
173123926357642,1168315,42
173123927430559,1168357,42
173123928506861,1168399,42
173123929580298,1168441,42
173123930659361,1168483,42
173123931741028,1168525,42
173123932803996,1168567,42
173123933886913,1168609,42
173123934967173,1168651,42
173123935041861,1168693,42
173123936036548,1168735,42
173123937108528,1168777,42
173123938189257,1168819,42
173123939261861,1168861,42
173123940370194,1168903,42
173123941418996,1168945,42
173123942487330,1168987,42
173123943563632,1169029,42
173123944628840,1169071,42
173123945754100,1169113,42
173123946774986,1169155,42
173123947847955,1169197,42
173123948926965,1169239,42
173123950218007,1169281,42
173123951106340,1169323,42
173123951185559,1169365,42
173123952168423,1169407,42
173123953238736,1169449,42
173123954310559,1169491,42
173123955383475,1169533,42
173123956468475,1169575,20
173123956544673,1169595,42
173123957534361,1169637,42
173123958604986,1169679,42
173123959682330,1169721,42
173123960797538,1169763,42
173123961857590,1169805,42
173123962939465,1169847,42
173123964003892,1169889,42
173123965083215,1169931,42
173123966165975,1169973,42
173123966241444,1170015,42
173123967241028,1170057,42
173123968315350,1170099,42
173123969388215,1170141,42
173123970469778,1170183,42
173123971540038,1170225,42
173123972611913,1170267,42
173123973683371,1170309,42
173123974760403,1170351,42
173123975840090,1170393,42
173123976903111,1170435,42
173123977983580,1170477,42
173123979049673,1170519,42
173123980242017,1170561,42
173123981208111,1170603,42
173123982290298,1170645,42
173123982365298,1170687,42
173123983374517,1170729,42
173123984444257,1170771,42
173123985513163,1170813,42
173123986584986,1170855,42
173123987654153,1170897,42
173123988727798,1170939,42
173123989812538,1170981,42
173123989886184,1171023,20
173123990889621,1171043,42
173123991964205,1171085,42
173123993034413,1171127,42
173123994112642,1171169,42
173123995179100,1171211,42
173123996261548,1171253,42
173123997334569,1171295,42
173123997410298,1171337,42
173123998410090,1171379,42
173123999487746,1171421,42
173124001729934,1171463,42
173124001841392,1171505,42
173124002738580,1171547,42
173124003810455,1171589,42
173124004880819,1171631,42
173124005954621,1171673,42
173124007029465,1171715,42
173124008105246,1171757,42
173124009188840,1171799,42
173124010263944,1171841,42
173124011338059,1171883,42
173124012379725,1171925,42
173124013452486,1171967,42
173124013529413,1172009,42
173124014504569,1172051,42
173124018189934,1172093,42
173124018740819,1172135,42
173124018818736,1172177,42
173124018881600,1172219,42
173124019793371,1172261,42
173124020749673,1172303,42
173124021746705,1172345,42
173124022758736,1172387,42
173124022774361,1172429,20
173124023806705,1172449,42
173124024794413,1172491,42
173124025817538,1172533,42
173124026838267,1172575,42
173124027872225,1172617,42
173124028935455,1172659,42
173124029910142,1172701,42
173124030935975,1172743,42
173124031961548,1172785,42
173124032985298,1172827,42
173124034019257,1172869,42
173124035033111,1172911,42
173124036063684,1172953,42
173124037078788,1172995,42
173124038219257,1173037,42
173124039118996,1173079,42
173124040148163,1173121,42
173124041168475,1173163,42
173124042185038,1173205,42
173124043205507,1173247,42
173124044228892,1173289,42
173124045249725,1173331,42
173124046272278,1173373,42
173124047294673,1173415,42
173124048333215,1173457,42
173124049335559,1173499,42
173124050356653,1173541,42
173124051388215,1173583,42
173124052422330,1173625,42
173124053440350,1173667,42
173124054455455,1173709,42
173124055474673,1173751,42
173124056495559,1173793,42
173124056507694,1173835,20
173124057515246,1173855,42
173124058539153,1173897,42
173124059557694,1173939,42
173124060588111,1173981,42
173124061605819,1174023,42
173124061618996,1174065,42
173124062631600,1174107,42
173124063652642,1174149,42
173124064677798,1174191,42
173124065698892,1174233,42
173124066720298,1174275,42
173124067800403,1174317,42
173124068870038,1174359,42
173124069902382,1174401,42
173124070813632,1174443,42
173124071835246,1174485,42
173124072857538,1174527,42
173124073881184,1174569,42
173124074918267,1174611,42
173124075923580,1174653,42
173124076944309,1174695,42
173124077968423,1174737,42
173124078990715,1174779,42
173124080018215,1174821,42
173124081033163,1174863,42
173124082050403,1174905,42
173124083077538,1174947,42
173124084127746,1174989,42
173124085287121,1175031,42
173124086146653,1175073,42
173124087154673,1175115,42
173124088173788,1175157,42
173124089203475,1175199,42
173124089219153,1175241,20
173124090253840,1175261,42
173124091242642,1175303,42
173124092258684,1175345,42
173124093284725,1175387,42
173124094297278,1175429,42
173124095339673,1175471,42
173124096352850,1175513,42
173124097372903,1175555,42
173124098393788,1175597,42
173124099417798,1175639,42
173124100455507,1175681,42
173124101463423,1175723,42
173124102486913,1175765,42
173124103504205,1175807,42
173124104524778,1175849,42
173124105546600,1175891,42
173124106605403,1175933,42
173124107585715,1175975,42
173124108603371,1176017,42
173124109623840,1176059,42
173124110644153,1176101,42
173124111671548,1176143,42
173124112692017,1176185,42
173124113715923,1176227,42
173124114758632,1176269,42
173124115803580,1176311,42
173124116884257,1176353,42
173124117798371,1176395,42
173124118836600,1176437,42
173124119866236,1176479,42
173124120879361,1176521,42
173124121899778,1176563,42
173124122919153,1176605,42
173124122931444,1176647,20
173124123937850,1176667,42
173124124958892,1176709,42
173124125979465,1176751,42
173124125991288,1176793,42
173124126999257,1176835,42
173124128021496,1176877,42
173124129042850,1176919,42
173124130064465,1176961,42
173124131085142,1177003,42
173124132103267,1177045,42
173124133133371,1177087,42
173124134169725,1177129,42
173124135177121,1177171,42
173124136186965,1177213,42
173124137210923,1177255,42
173124138229517,1177297,42
173124139246496,1177339,42
173124140269152,1177381,42
173124141303684,1177423,42
173124142373892,1177465,42
173124143424465,1177507,42
173124144354621,1177549,42
173124145375142,1177591,42
173124146395455,1177633,42
173124147417330,1177675,42
173124148442225,1177717,42
173124149465975,1177759,42
173124150495402,1177801,42
173124151512173,1177843,42
173124152557225,1177885,42
173124153570611,1177927,42
173124154578371,1177969,42
173124155597017,1178011,42
173124156620402,1178053,20
173124156632798,1178073,42
173124157641496,1178115,42
173124158658736,1178157,42
173124159683163,1178199,42
173124160710142,1178241,42
173124161728996,1178283,42
173124162751600,1178325,42
173124163773371,1178367,42
173124164794934,1178409,42
173124165815455,1178451,42
173124166857850,1178493,42
173124167876757,1178535,42
173124168883319,1178577,42
173124169904309,1178619,42
173124170927694,1178661,42
173124171947225,1178703,42
173124172969309,1178745,42
173124173990142,1178787,42
173124175011444,1178829,42
173124176034673,1178871,42
173124177059986,1178913,42
173124178135767,1178955,42
173124179182434,1178997,42
173124180122955,1179039,42
173124181140298,1179081,42
173124182162694,1179123,42
173124183190455,1179165,42
173124184213580,1179207,42
173124185264777,1179249,42
173124186286965,1179291,42
173124187280871,1179333,42
173124188295767,1179375,42
173124189317277,1179417,42
173124189329934,1179459,20
173124190336548,1179479,42
173124191358632,1179521,42
173124192375246,1179563,42
173124193394048,1179605,42
173124193405142,1179647,42
173124194414569,1179689,42
173124195434725,1179731,42
173124196456809,1179773,42
173124197474413,1179815,42
173124198495715,1179857,42
173124199517382,1179899,42
173124200587955,1179941,42
173124201579100,1179983,42
173124202607642,1180025,42
173124203666548,1180067,42
173124204711444,1180109,42
173124205661600,1180151,42
173124206686444,1180193,42
173124207707642,1180235,42
173124208729152,1180277,42
173124209755194,1180319,42
173124210808007,1180361,42
173124211824621,1180403,42
173124212846757,1180445,42
173124213868267,1180487,42
173124214888319,1180529,42
173124215909413,1180571,42
173124216929152,1180613,42
173124217956913,1180655,42
173124219004205,1180697,42
173124220146444,1180739,42
173124221026757,1180781,42
173124222042955,1180823,42
173124223061861,1180865,20
173124223073996,1180885,42
173124224082902,1180927,42
173124225102277,1180969,42
173124226122694,1181011,42
173124227140819,1181053,42
173124228166913,1181095,42
173124229184569,1181137,42
173124230224205,1181179,42
173124231229100,1181221,42
173124232246392,1181263,42
173124233275715,1181305,42
173124234297798,1181347,42
173124235314569,1181389,42
173124236332746,1181431,42
173124237356132,1181473,42
173124238373840,1181515,42
173124239397017,1181557,42
173124240439725,1181599,42
173124241445975,1181641,42
173124242467486,1181683,42
173124243489882,1181725,42
173124244510663,1181767,42
173124245531600,1181809,42
173124246553840,1181851,42
173124247576184,1181893,42
173124248598580,1181935,42
173124249621705,1181977,42
173124250671080,1182019,42
173124251709986,1182061,42
173124252854569,1182103,42
173124253862642,1182145,42
173124253879257,1182187,42
173124254755455,1182229,42
173124256788267,1182271,42
173124256803840,1182313,20
173124256815402,1182333,42
173124257817902,1182375,42
173124258840142,1182417,42
173124259857590,1182459,42
173124261037121,1182501,42
173124262082486,1182543,42
173124263136965,1182585,42
173124264188632,1182627,42
173124265287798,1182669,42
173124266289517,1182711,42
173124267346027,1182753,42
173124268395767,1182795,42
173124269443267,1182837,42
173124270563475,1182879,42
173124271551444,1182921,42
173124272598788,1182963,42
173124273647225,1183005,42
173124274831965,1183047,42
173124275757850,1183089,42
173124276845611,1183131,42
173124277890350,1183173,42
173124278907798,1183215,42
173124279962694,1183257,42
173124281428423,1183299,42
173124281524517,1183341,42
173124282218944,1183383,42
173124283529673,1183425,42
173124284333892,1183467,42
173124285517850,1183509,42
173124287005611,1183551,42
173124287576288,1183593,42
173124288692642,1183635,42
173124289764673,1183677,42
173124289843111,1183719,20
173124290826288,1183739,42
173124292327798,1183781,42
173124292959465,1183823,42
173124293030663,1183865,42
173124295117225,1183907,42
173124295185194,1183949,42
173124296194257,1183991,42
173124297276340,1184033,42
173124298340767,1184075,42
173124299390194,1184117,42
173124300528163,1184159,42
173124301998111,1184201,42
173124302601757,1184243,42
173124303928475,1184285,42
173124304867694,1184327,42
173124305839777,1184369,42
173124306941913,1184411,42
173124308032173,1184453,42
173124309137277,1184495,42
173124310445038,1184537,42
173124311264309,1184579,42
173124311343527,1184621,42
173124312336652,1184663,42
173124313411548,1184705,42
173124314532902,1184747,42
173124315795715,1184789,42
173124316622069,1184831,42
173124317810923,1184873,42
173124318826392,1184915,42
173124319922382,1184957,42
173124320957121,1184999,42
173124321980246,1185041,42
173124323097277,1185083,42
173124323384673,1185125,20
173124324118632,1185145,42
173124325231705,1185187,42
173124326227277,1185229,42
173124327297798,1185271,42
173124328347173,1185313,42
173124328406600,1185355,42
173124329507902,1185397,42
173124330581392,1185439,42
173124331562434,1185481,42
173124332584413,1185523,42
173124333632069,1185565,42
173124334686080,1185607,42
173124335738475,1185649,42
173124336791548,1185691,42
173124337845507,1185733,42
173124338902017,1185775,42
173124339959517,1185817,42
173124340974986,1185859,42
173124341910715,1185901,42
173124343978319,1185943,42
173124344401913,1185985,42
173124344415663,1186027,42
173124345423632,1186069,42
173124346442798,1186111,42
173124347465350,1186153,42
173124348488267,1186195,42
173124349510455,1186237,42
173124350528840,1186279,42
173124351564725,1186321,42
173124352583944,1186363,42
173124353594621,1186405,42
173124354616132,1186447,42
173124355640350,1186489,42
173124356655454,1186531,20
173124356668475,1186551,42
173124357682590,1186593,42
173124358699361,1186635,42
173124359721704,1186677,42
173124360862277,1186719,42
173124362086496,1186761,42
173124362938215,1186803,42
173124363983423,1186845,42
173124365028579,1186887,42
173124366198319,1186929,42
173124367108319,1186971,42
173124368144777,1187013,42
173124369182590,1187055,42
173124370541444,1187097,42
173124371338007,1187139,42
173124371380923,1187181,42
173124373352486,1187223,42
173124374425975,1187265,42
173124375472329,1187307,42
173124376519309,1187349,42
173124377563944,1187391,42
173124378854309,1187433,42
173124378904413,1187475,42
173124379669465,1187517,42
173124380830454,1187559,42
173124381895611,1187601,42
173124382971027,1187643,42
173124384048892,1187685,42
173124385252017,1187727,42
173124386209725,1187769,42
173124387293111,1187811,42
173124388375090,1187853,42
173124392687538,1187895,42
173124392782642,1187937,20
173124393183736,1187957,42
173124393259725,1187999,42
173124393320715,1188041,42
173124393378475,1188083,42
173124394232069,1188125,42
173124395302850,1188167,42
173124396384882,1188209,42
173124397460194,1188251,42
173124398530246,1188293,42
173124399621757,1188335,42
173124400946184,1188377,42
173124401810402,1188419,42
173124401887017,1188461,42
173124402879361,1188503,42
173124403961496,1188545,42
173124405089882,1188587,42
173124406468475,1188629,42
173124407167277,1188671,42
173124408585402,1188713,42
173124409330454,1188755,42
173124410538684,1188797,42
173124411483475,1188839,42
173124412566600,1188881,42
173124413665142,1188923,42
173124414776340,1188965,42
173124416164829,1189007,42
173124416829204,1189049,42
173124416900923,1189091,42
173124418318163,1189133,42
173124418974517,1189175,42
173124420196288,1189217,42
173124421197225,1189259,42
173124422212954,1189301,42
173124423317954,1189343,20
173124423393736,1189363,42
173124424347954,1189405,42
173124425811288,1189447,42
173124426473163,1189489,42
173124427958632,1189531,42
173124428702329,1189573,42
173124428773059,1189615,42
173124430840038,1189657,42
173124432249413,1189699,42
173124433003423,1189741,42
173124433079882,1189783,42
173124434075975,1189825,42
173124435134725,1189867,42
173124436199882,1189909,42
173124437268163,1189951,42
173124438366392,1189993,42
173124439408371,1190035,42
173124440616600,1190077,42
173124441566340,1190119,42
173124442613684,1190161,42
173124443676913,1190203,42
173124444754569,1190245,42
173124445818840,1190287,42
173124446914204,1190329,42
173124447950975,1190371,42
173124449024934,1190413,42
173124450244934,1190455,42
173124451219934,1190497,42
173124451293371,1190539,42
173124452314986,1190581,42
173124453447277,1190623,42
173124454461288,1190665,42
173124455841548,1190707,42
173124456623892,1190749,20
173124456701861,1190769,42
173124457665871,1190811,42
173124458756965,1190853,42
173124459806861,1190895,42
173124460887694,1190937,42
173124461864986,1190979,42
173124462891132,1191021,42
173124463906496,1191063,42
173124464939309,1191105,42
173124465971861,1191147,42
173124467009934,1191189,42
173124468019361,1191231,42
173124469046132,1191273,42
173124470093267,1191315,42
173124471084986,1191357,42
173124471099986,1191399,42
173124472101965,1191441,42
173124473994152,1191483,42
173124474414882,1191525,42
173124475436965,1191567,42
173124476457486,1191609,42
173124477475871,1191651,42
173124478497173,1191693,42
173124479519309,1191735,42
173124480619621,1191777,42
173124481657746,1191819,42
173124482686496,1191861,42
173124483726600,1191903,42
173124484781079,1191945,42
173124485771027,1191987,42
173124486780663,1192029,42
173124487805507,1192071,42
173124488835767,1192113,42
173124489866496,1192155,20
173124489885767,1192175,42
173124490893215,1192217,42
173124491919204,1192259,42
173124492947017,1192301,42
173124493977746,1192343,42
173124495002017,1192385,42
173124496028736,1192427,42
173124497057434,1192469,42
173124498090090,1192511,42
173124499109204,1192553,42
173124500152486,1192595,42
173124501339413,1192637,42
173124502409465,1192679,42
173124502473267,1192721,42
173124503469934,1192763,42
173124504521757,1192805,42
173124505577954,1192847,42
173124506692382,1192889,42
173124507749829,1192931,42
173124508796184,1192973,42
173124509847954,1193015,42
173124510981288,1193057,42
173124512064257,1193099,42
173124513100507,1193141,42
173124514157486,1193183,42
173124517453267,1193225,42
173124517906236,1193267,42
173124517967017,1193309,42
173124518019048,1193351,42
173124518964309,1193393,42
173124520152382,1193435,42
173124521311392,1193477,42
173124522221496,1193519,42
173124523374725,1193561,42
173124523452642,1193603,20
173124524539777,1193623,42
173124525528892,1193665,42
173124526921600,1193707,42
173124527059569,1193749,42
173124527593736,1193791,42
173124528802382,1193833,42
173124529717954,1193875,42
173124530806652,1193917,42
173124531864882,1193959,42
173124532934882,1194001,42
173124534013111,1194043,42
173124535099517,1194085,42
173124536491548,1194127,42
173124537246757,1194169,42
173124538527850,1194211,42
173124539402642,1194253,42
173124540521184,1194295,42
173124541553788,1194337,42
173124542719569,1194379,42
173124544092642,1194421,42
173124544227225,1194463,42
173124544764100,1194505,42
173124546027121,1194547,42
173124546911288,1194589,42
173124548006652,1194631,42
173124549056704,1194673,42
173124550216652,1194715,42
173124551223475,1194757,42
173124552294309,1194799,42
173124553319986,1194841,42
173124554387538,1194883,42
173124555444882,1194925,42
173124556510402,1194967,42
173124556582017,1195009,20
173124557577017,1195029,42
173124558959413,1195071,42
173124559697225,1195113,42
173124559940350,1195155,42
173124561910819,1195197,42
173124562004569,1195239,42
173124562970142,1195281,42
173124564071704,1195323,42
173124565200819,1195365,42
173124566585142,1195407,42
173124567259465,1195449,42
173124568468163,1195491,42
173124569389517,1195533,42
173124570461444,1195575,42
173124571548267,1195617,42
173124572584048,1195659,42
173124573643319,1195701,42
173124574705559,1195743,42
173124576038788,1195785,42
173124576824881,1195827,42
173124576896496,1195869,42
173124577985715,1195911,42
173124578986548,1195953,42
173124580167642,1195995,42
173124581129934,1196037,42
173124582190402,1196079,42
173124583247694,1196121,42
173124584317850,1196163,42
173124585383371,1196205,42
173124586450090,1196247,42
173124587519309,1196289,42
173124588588267,1196331,42
173124589657746,1196373,42
173124589733684,1196415,20
173124590817590,1196435,42
173124591867225,1196477,42
173124592924881,1196519,42
173124593985194,1196561,42
173124594055611,1196603,42
173124595055611,1196645,42
173124596173527,1196687,42
173124597239413,1196729,42
173124598323371,1196771,42
173124599393840,1196813,42
173124600481704,1196855,42
173124601542277,1196897,42
173124602617277,1196939,42
173124603689361,1196981,42
173124604763371,1197023,42
173124605838527,1197065,42
173124606914048,1197107,42
173124607994361,1197149,42
173124609067069,1197191,42
173124610225246,1197233,42
173124610314777,1197275,42
173124611213944,1197317,42
173124612287434,1197359,42
173124613360090,1197401,42
173124614436131,1197443,42
173124615509621,1197485,42
173124616587017,1197527,42
173124617663319,1197569,42
173124618731184,1197611,42
173124619805611,1197653,42
173124620898163,1197695,42
173124622077017,1197737,42
173124623047225,1197779,42
173124623124621,1197821,20
173124624119934,1197841,42
173124625197329,1197883,42
173124625271756,1197925,42
173124626263840,1197967,42
173124627340767,1198009,42
173124628411392,1198051,42
173124629485767,1198093,42
173124632908163,1198135,42
173124633436913,1198177,42
173124633508788,1198219,42
173124633570663,1198261,42
173124634494986,1198303,42
173124635559048,1198345,42
173124636633215,1198387,42
173124637695975,1198429,42
173124638755871,1198471,42
173124639821236,1198513,42
173124641261131,1198555,42
173124642090923,1198597,42
173124642162329,1198639,42
173124644250819,1198681,42
173124645303475,1198723,42
173124645373163,1198765,42
173124646406756,1198807,42
173124647462277,1198849,42
173124648538267,1198891,42
173124649606913,1198933,42
173124650701236,1198975,42
173124651766704,1199017,42
173124652843267,1199059,42
173124653913111,1199101,42
173124655005142,1199143,42
173124656070194,1199185,42
173124656144465,1199227,20
173124657136809,1199247,42
173124658208006,1199289,42
173124659286704,1199331,42
173124660449725,1199373,42
173124661438215,1199415,42
173124661512694,1199457,42
173124662506184,1199499,42
173124663580142,1199541,42
173124664656652,1199583,42
173124665726965,1199625,42
173124666801756,1199667,42
173124667873475,1199709,42
173124668945819,1199751,42
173124670096965,1199793,42
173124671103059,1199835,42
173124672171704,1199877,42
173124673245767,1199919,42
173124674332746,1199961,42
173124675406548,1200003,42
173124676470142,1200045,42
173124677555090,1200087,42
173124677713579,1200129,42
173124678623215,1200171,42
173124679698267,1200213,42
173124680790038,1200255,42
173124681867694,1200297,42
173124682925506,1200339,42
173124683995975,1200381,42
173124685075454,1200423,42
173124686143944,1200465,42
173124687217954,1200507,42
173124688333006,1200549,42
173124689378111,1200591,42
173124689453423,1200633,20
173124690447121,1200653,42
173124691516965,1200695,42
173124692588111,1200737,42
173124693667590,1200779,42
173124693742642,1200821,42
173124694747798,1200863,42
173124695809048,1200905,42
173124696890767,1200947,42
173124697976652,1200989,42
173124700491027,1201031,42
173124700589934,1201073,42
173124701200767,1201115,42
173124702260038,1201157,42
173124703312538,1201199,42
173124704376131,1201241,42
173124705439777,1201283,42
173124706511444,1201325,42
173124707565767,1201367,42
173124708676079,1201409,42
173124709730923,1201451,42
173124709801965,1201493,42
173124710806079,1201535,42
173124711888319,1201577,42
173124712941652,1201619,42
173124714032902,1201661,42
173124715080611,1201703,42
173124716152642,1201745,42
173124717211027,1201787,42
173124718282381,1201829,42
173124719342434,1201871,42
173124720484256,1201913,42
173124721483267,1201955,42
173124722539777,1201997,42
173124723608840,1202039,20
173124723676027,1202059,42
173124724670298,1202101,42
173124725729673,1202143,42
173124726789204,1202185,42
173124727859621,1202227,42
173124727927590,1202269,42
173124728921861,1202311,42
173124730145350,1202353,42
173124731054413,1202395,42
173124732114986,1202437,42
173124733178579,1202479,42
173124734253631,1202521,42
173124735313788,1202563,42
173124736375819,1202605,42
173124737441444,1202647,42
173124738506600,1202689,42
173124739566496,1202731,42
173124741331288,1202773,42
173124742037069,1202815,42
173124742108371,1202857,42
173124743104413,1202899,42
173124744156548,1202941,42
173124745228840,1202983,42
173124746283684,1203025,42
173124747424673,1203067,42
173124748445246,1203109,42
173124749503579,1203151,42
173124750680715,1203193,42
173124751732434,1203235,42
173124752811027,1203277,42
173124753879621,1203319,42
173124754991184,1203361,42
173124756024673,1203403,42
173124756092798,1203445,20
173124756153423,1203465,42
173124757100090,1203507,42
173124758169881,1203549,42
173124759236861,1203591,42
173124760351027,1203633,42
173124761383319,1203675,42
173124762458527,1203717,42
173124763519517,1203759,42
173124764605298,1203801,42
173124765656027,1203843,42
173124766723371,1203885,42
173124767793527,1203927,42
173124768849361,1203969,42
173124769916288,1204011,42
173124770988371,1204053,42
173124772050871,1204095,42
173124773109361,1204137,42
173124773176131,1204179,42
173124774198684,1204221,42
173124775270871,1204263,42
173124776329256,1204305,42
173124777385090,1204347,42
173124778438006,1204389,42
173124779508475,1204431,42
173124780911079,1204473,42
173124781946600,1204515,42
173124782997329,1204557,42
173124784067277,1204599,42
173124785135871,1204641,42
173124786192694,1204683,42
173124786260767,1204725,42
173124787256913,1204767,42
173124788318319,1204809,42
173124789388631,1204851,42
173124789461236,1204893,20
173124790663840,1204913,42
173124791517017,1204955,42
173124792577590,1204997,42
173124793673892,1205039,42
173124794701079,1205081,42
173124795759569,1205123,42
173124796832225,1205165,42
173124797892433,1205207,42
173124798963006,1205249,42
173124800145142,1205291,42
173124801100871,1205333,42
173124802150454,1205375,42
173124803219881,1205417,42
173124804287381,1205459,42
173124804355975,1205501,42
173124805344933,1205543,42
173124806407225,1205585,42
173124807466392,1205627,42
173124808536913,1205669,42
173124809592486,1205711,42
173124810746913,1205753,42
173124811795715,1205795,42
173124812893215,1205837,42
173124813932433,1205879,42
173124814991027,1205921,42
173124816059413,1205963,42
173124817124048,1206005,42
173124818196496,1206047,42
173124819381808,1206089,42
173124820492538,1206131,42
173124821397017,1206173,42
173124821469673,1206215,42
173124822458058,1206257,42
173124823518267,1206299,20
173124823584725,1206319,42
173124824580350,1206361,42
173124825641808,1206403,42
173124826705402,1206445,42
173124827772121,1206487,42
173124828824725,1206529,42
173124829897069,1206571,42
173124830980142,1206613,42
173124832032746,1206655,42
173124833086340,1206697,42
173124834151496,1206739,42
173124835210142,1206781,42
173124836275819,1206823,42
173124837339986,1206865,42
173124838397329,1206907,42
173124839458631,1206949,42
173124840899204,1206991,42
173124840985558,1207033,42
173124841598631,1207075,42
173124842647954,1207117,42
173124843718475,1207159,42
173124844869413,1207201,42
173124845842329,1207243,42
173124846905558,1207285,42
173124847974829,1207327,42
173124849041340,1207369,42
173124850225038,1207411,42
173124851179152,1207453,42
173124852234986,1207495,42
173124853295871,1207537,42
173124854357642,1207579,42
173124855424673,1207621,42
173124856489673,1207663,42
173124856656808,1207705,20
173124857550611,1207725,42
173124858650819,1207767,42
173124858721236,1207809,42
173124859689569,1207851,42
173124861029048,1207893,42
173124862034413,1207935,42
173124863119465,1207977,42
173124864162798,1208019,42
173124865235454,1208061,42
173124866297902,1208103,42
173124867361704,1208145,42
173124868426079,1208187,42
173124869490767,1208229,42
173124870699569,1208271,42
173124871623058,1208313,42
173124871760246,1208355,42
173124872716027,1208397,42
173124873771183,1208439,42
173124874843267,1208481,42
173124875902798,1208523,42
173124877009413,1208565,42
173124878054725,1208607,42
173124879104361,1208649,42
173124880460663,1208691,42
173124881239673,1208733,42
173124882303996,1208775,42
173124883361704,1208817,42
173124884430246,1208859,42
173124885495194,1208901,42
173124886625038,1208943,42
173124887643736,1208985,42
173124888740819,1209027,42
173124889817173,1209069,42
173124889887798,1209111,20
173124889947850,1209131,42
173124890896861,1209173,42
173124891962381,1209215,42
173124893031965,1209257,42
173124894108736,1209299,42
173124895168058,1209341,42
173124896260142,1209383,42
173124897307694,1209425,42
173124898367225,1209467,42
173124899435558,1209509,42
173124900557173,1209551,42
173124901584413,1209593,42
173124902648371,1209635,42
173124903722173,1209677,42
173124904795194,1209719,42
173124905861808,1209761,42
173124906931913,1209803,42
173124906999361,1209845,42
173124908000767,1209887,42
173124909078683,1209929,42
173124910254152,1209971,42
173124911231079,1210013,42
173124912312069,1210055,42
173124913392798,1210097,42
173124914467486,1210139,42
173124915552954,1210181,42
173124916592121,1210223,42
173124917657694,1210265,42
173124918722173,1210307,42
173124919782329,1210349,42
173124920960090,1210391,42
173124922009100,1210433,42
173124922075871,1210475,42
173124923076965,1210517,20
173124923142486,1210537,42
173124924135715,1210579,42
173124925207486,1210621,42
173124926260246,1210663,42
173124927327486,1210705,42
173124928426027,1210747,42
173124929505194,1210789,42
173124930688058,1210831,42
173124931586548,1210873,42
173124932651496,1210915,42
173124933711808,1210957,42
173124934771965,1210999,42
173124935837069,1211041,42
173124936904308,1211083,42
173124937968215,1211125,42
173124939029777,1211167,42
173124940464986,1211209,42
173124940548267,1211251,42
173124941171340,1211293,42
173124942350871,1211335,42
173124943287590,1211377,42
173124944355767,1211419,42
173124945408267,1211461,42
173124946480402,1211503,42
173124947534204,1211545,42
173124948601288,1211587,42
173124949664361,1211629,42
173124950803371,1211671,42
173124951849986,1211713,42
173124952915819,1211755,42
173124953981913,1211797,42
173124955051808,1211839,42
173124956218788,1211881,42
173124956286600,1211923,20
173124957201548,1211943,42
173124957269986,1211985,42
173124958265767,1212027,42
173124959337329,1212069,42
173124960462538,1212111,42
173124961813631,1212153,42
173124962568527,1212195,42
173124963621756,1212237,42
173124964694933,1212279,42
173124968053996,1212321,42
173124968637433,1212363,42
173124968712433,1212405,42
173124969666496,1212447,42
173124969744517,1212489,42
173124970785454,1212531,42
173124971852642,1212573,42
173124972920038,1212615,42
173124974022746,1212657,42
173124975054673,1212699,42
173124976121704,1212741,42
173124977192798,1212783,42
173124978297486,1212825,42
173124979369569,1212867,42
173124979444673,1212909,42
173124980493371,1212951,42
173124981289673,1212993,42
173124982302017,1213035,42
173124983320246,1213077,42
173124984346913,1213119,42
173124985373944,1213161,42
173124986406340,1213203,42
173124987410506,1213245,42
173124988435194,1213287,42
173124989460298,1213329,20
173124989474881,1213349,42
173124990496496,1213391,42
173124991520350,1213433,42
173124992534933,1213475,42
173124993560923,1213517,42
173124994579413,1213559,42
173124995604881,1213601,42
173124996625142,1213643,42
173124997653111,1213685,42
173124998675923,1213727,42
173124999695715,1213769,42
173125000755454,1213811,42
173125001780506,1213853,42
173125002810819,1213895,42
173125003832590,1213937,42
173125004871392,1213979,42
173125005893527,1214021,42
173125006929725,1214063,42
173125007956548,1214105,42
173125008994360,1214147,42
173125010130663,1214189,42
173125011054777,1214231,42
173125012085194,1214273,42
173125013116079,1214315,42
173125014138735,1214357,42
173125015169777,1214399,42
173125016196131,1214441,42
173125017227798,1214483,42
173125018257381,1214525,42
173125019283527,1214567,42
173125020417381,1214609,42
173125021479100,1214651,42
173125022524881,1214693,42
173125023590038,1214735,42
173125023641079,1214777,20
173125023684360,1214797,42
173125024628788,1214839,42
173125025754360,1214881,42
173125026737954,1214923,42
173125027793058,1214965,42
173125028837329,1215007,42
173125029912225,1215049,42
173125030994465,1215091,42
173125032021131,1215133,42
173125033074725,1215175,42
173125034123371,1215217,42
173125035178319,1215259,42
173125036236392,1215301,42
173125037288267,1215343,42
173125038348215,1215385,42
173125039399725,1215427,42
173125040795402,1215469,42
173125043958840,1215511,42
173125044037590,1215553,42
173125044439152,1215595,42
173125044512069,1215637,42
173125044573006,1215679,42
173125046568788,1215721,42
173125047653527,1215763,42
173125048719152,1215805,42
173125049813267,1215847,42
173125049888423,1215889,42
173125050877069,1215931,42
173125051951652,1215973,42
173125053034100,1216015,42
173125054100923,1216057,42
173125055152850,1216099,42
173125056216756,1216141,42
173125056284673,1216183,20
173125057283788,1216203,42
173125058356965,1216245,42
173125059410819,1216287,42
173125060526652,1216329,42
173125061575975,1216371,42
173125062652121,1216413,42
173125063782277,1216455,42
173125064875194,1216497,42
173125065941288,1216539,42
173125066022121,1216581,42
173125067017381,1216623,42
173125068092746,1216665,42
173125069151288,1216707,42
173125070291965,1216749,42
173125071289725,1216791,42
173125072364256,1216833,42
173125073434881,1216875,42
173125074501444,1216917,42
173125075568631,1216959,42
173125076645871,1217001,42
173125077705975,1217043,42
173125079282069,1217085,42
173125079869985,1217127,42
173125081008319,1217169,42
173125082027642,1217211,42
173125082103788,1217253,42
173125083092850,1217295,42
173125084180350,1217337,42
173125085246235,1217379,42
173125086316235,1217421,42
173125087381860,1217463,42
173125088455454,1217505,42
173125089518215,1217547,42
173125089585090,1217589,20
173125090740871,1217609,42
173125091679725,1217651,42
173125092748267,1217693,42
173125093817850,1217735,42
173125095131027,1217777,42
173125095993371,1217819,42
173125097034569,1217861,42
173125097104673,1217903,42
173125098099569,1217945,42
173125099170767,1217987,42
173125100483788,1218029,42
173125101309360,1218071,42
173125102366860,1218113,42
173125103432954,1218155,42
173125104495090,1218197,42
173125105557746,1218239,42
173125106615506,1218281,42
173125107698163,1218323,42
173125108743006,1218365,42
173125109821965,1218407,42
173125111006860,1218449,42
173125112038631,1218491,42
173125113109204,1218533,42
173125114210767,1218575,42
173125114293006,1218617,42
173125115283527,1218659,42
173125116338371,1218701,42
173125117422538,1218743,42
173125118486288,1218785,42
173125119553996,1218827,42
173125120646288,1218869,42
173125121702433,1218911,42
173125122779621,1218953,42
173125122848527,1218995,20
173125123851444,1219015,42
173125124916913,1219057,42
173125125984100,1219099,42
173125127062173,1219141,42
173125128119829,1219183,42
173125129239465,1219225,42
173125130308944,1219267,42
173125130399256,1219309,42
173125131415142,1219351,42
173125132450142,1219393,42
173125133522069,1219435,42
173125134594204,1219477,42
173125135670298,1219519,42
173125136749308,1219561,42
173125137825871,1219603,42
173125138893788,1219645,42
173125139968579,1219687,42
173125141062485,1219729,42
173125142130142,1219771,42
173125143194829,1219813,42
173125144277954,1219855,42
173125145340715,1219897,42
173125146430923,1219939,42
173125146505298,1219981,42
173125147492798,1220023,42
173125148573006,1220065,42
173125149638527,1220107,42
173125150730715,1220149,42
173125151814413,1220191,42
173125152883788,1220233,42
173125153962850,1220275,42
173125155030038,1220317,42
173125156115610,1220359,42
173125156189881,1220401,20
173125157187485,1220421,42
173125158253267,1220463,42
173125159328683,1220505,42
173125160417329,1220547,42
173125161476079,1220589,42
173125161613319,1220631,42
173125162568683,1220673,42
173125163620246,1220715,42
173125164993631,1220757,42
173125165779360,1220799,42
173125166835402,1220841,42
173125167904413,1220883,42
173125168970350,1220925,42
173125170062850,1220967,42
173125171129100,1221009,42
173125172190194,1221051,42
173125173255923,1221093,42
173125174354360,1221135,42
173125175432381,1221177,42
173125176490298,1221219,42
173125177619048,1221261,42
173125177694308,1221303,42
173125178674985,1221345,42
173125179761704,1221387,42
173125180961704,1221429,42
173125181968371,1221471,42
173125182977954,1221513,42
173125184035350,1221555,42
173125185104256,1221597,42
173125186165298,1221639,42
173125187225350,1221681,42
173125188320246,1221723,42
173125189358423,1221765,42
173125189426704,1221807,20
173125190482850,1221827,42
173125191524569,1221869,42
173125192593319,1221911,42
173125193678735,1221953,42
173125194756704,1221995,42
173125194832485,1222037,42
173125195818058,1222079,42
173125196903840,1222121,42
173125197970350,1222163,42
173125199048058,1222205,42
173125200225194,1222247,42
173125201197746,1222289,42
173125202271079,1222331,42
173125203344152,1222373,42
173125204419569,1222415,42
173125205489152,1222457,42
173125206562642,1222499,42
173125207645871,1222541,42
173125208720194,1222583,42
173125209789829,1222625,42
173125209864985,1222667,42
173125210875871,1222709,42
173125211940923,1222751,42
173125213014152,1222793,42
173125214091756,1222835,42
173125215419413,1222877,42
173125216249204,1222919,42
173125217311704,1222961,42
173125220534256,1223003,42
173125220640767,1223045,42
173125220707590,1223087,42
173125221608683,1223129,42
173125222666079,1223171,42
173125222736808,1223213,20
173125223738475,1223233,42
173125224807850,1223275,42
173125225878319,1223317,42
173125225946965,1223359,42
173125226948475,1223401,42
173125228025558,1223443,42
173125229086912,1223485,42
173125230256131,1223527,42
173125231244621,1223569,42
173125232312017,1223611,42
173125233384256,1223653,42
173125234454204,1223695,42
173125235530558,1223737,42
173125236593527,1223779,42
173125237669256,1223821,42
173125238737069,1223863,42
173125239803423,1223905,42
173125240899048,1223947,42
173125241961912,1223989,42
173125242032485,1224031,42
173125243035194,1224073,42
173125244097537,1224115,42
173125245204829,1224157,42
173125246247329,1224199,42
173125247315246,1224241,42
173125248390610,1224283,42
173125249484725,1224325,42
173125250654881,1224367,42
173125251602798,1224409,42
173125252678892,1224451,42
173125253744100,1224493,42
173125254815715,1224535,42
173125255883527,1224577,42
173125256959308,1224619,20
173125257026079,1224639,42
173125258029360,1224681,42
173125259099621,1224723,42
173125259172017,1224765,42
173125260428215,1224807,42
173125261242590,1224849,42
173125262311652,1224891,42
173125263383110,1224933,42
173125264449412,1224975,42
173125265567537,1225017,42
173125266615662,1225059,42
173125267691183,1225101,42
173125268753162,1225143,42
173125269821392,1225185,42
173125270903371,1225227,42
173125271975194,1225269,42
173125273041340,1225311,42
173125274109152,1225353,42
173125275182329,1225395,42
173125275249204,1225437,42
173125276258110,1225479,42
173125277323319,1225521,42
173125278410610,1225563,42
173125279470871,1225605,42
173125280676235,1225647,42
173125281620871,1225689,42
173125282687173,1225731,42
173125283775662,1225773,42
173125284835506,1225815,42
173125285959621,1225857,42
173125287003110,1225899,42
173125288071652,1225941,42
173125289139725,1225983,42
173125290416548,1226025,42
173125290506912,1226067,20
173125291300819,1226087,42
173125291373944,1226129,42
173125292369308,1226171,42
173125293441496,1226213,42
173125294515975,1226255,42
173125295594985,1226297,42
173125296661235,1226339,42
173125297745402,1226381,42
173125298816912,1226423,42
173125299897017,1226465,42
173125300980715,1226507,42
173125302052069,1226549,42
173125303121027,1226591,42
173125304301756,1226633,42
173125305279777,1226675,42
173125305353840,1226717,42
173125306348319,1226759,42
173125307413475,1226801,42
173125308492537,1226843,42
173125309591027,1226885,42
173125310728215,1226927,42
173125311776652,1226969,42
173125312792225,1227011,42
173125313854100,1227053,42
173125314930037,1227095,42
173125315990871,1227137,42
173125317087173,1227179,42
173125318243944,1227221,42
173125319208996,1227263,42
173125320381287,1227305,42
173125321372694,1227347,42
173125322428996,1227389,42
173125323498735,1227431,42
173125323567642,1227473,20
173125323628215,1227493,42
173125324572381,1227535,42
173125325640923,1227577,42
173125326706912,1227619,42
173125327785506,1227661,42
173125328853215,1227703,42
173125329915454,1227745,42
173125331081340,1227787,42
173125332232902,1227829,42
173125333136600,1227871,42
173125334199465,1227913,42
173125335259256,1227955,42
173125336325923,1227997,42
173125337388683,1228039,42
173125338457850,1228081,42
173125339522850,1228123,42
173125340967017,1228165,42
173125341051340,1228207,42
173125341994517,1228249,42
173125343059100,1228291,42
173125344109621,1228333,42
173125345211600,1228375,42
173125346257642,1228417,42
173125347355246,1228459,42
173125348396496,1228501,42
173125349463162,1228543,42
173125350658110,1228585,42
173125351611704,1228627,42
173125351680246,1228669,42
173125352691027,1228711,42
173125353758579,1228753,42
173125354825037,1228795,42
173125355896027,1228837,42
173125356968996,1228879,20
173125357036079,1228899,42
173125358037746,1228941,42
173125359103110,1228983,42
173125360214517,1229025,42
173125361250923,1229067,42
173125362320037,1229109,42
173125363378579,1229151,42
173125364450662,1229193,42
173125365519517,1229235,42
173125366592537,1229277,42
173125367686965,1229319,42
173125368740298,1229361,42
173125368806704,1229403,42
173125369800662,1229445,42
173125370876287,1229487,42
173125371936548,1229529,42
173125372993371,1229571,42
173125374059360,1229613,42
173125375123996,1229655,42
173125376194725,1229697,42
173125377248787,1229739,42
173125378309829,1229781,42
173125379397225,1229823,42
173125380491131,1229865,42
173125381530402,1229907,42
173125382591287,1229949,42
173125383690246,1229991,42
173125384730819,1230033,42
173125385797954,1230075,42
173125386863423,1230117,42
173125386931860,1230159,42
173125387923319,1230201,42
173125388986600,1230243,42
173125390064673,1230285,20
173125390241965,1230305,42
173125391133944,1230347,42
173125392188631,1230389,42
173125393251027,1230431,42
173125394313996,1230473,42
173125395385298,1230515,42
173125396437642,1230557,42
173125397551652,1230599,42
173125398597277,1230641,42
173125399662277,1230683,42
173125400781079,1230725,42
173125401839412,1230767,42
173125402916392,1230809,42
173125403982381,1230851,42
173125404050558,1230893,42
173125405055037,1230935,42
173125406127537,1230977,42
173125407192225,1231019,42
173125408260662,1231061,42
173125409336912,1231103,42
173125410421704,1231145,42
173125411473371,1231187,42
173125412546548,1231229,42
173125413609048,1231271,42
173125414685767,1231313,42
173125415751496,1231355,42
173125416835090,1231397,42
173125417924152,1231439,42
173125418975402,1231481,42
173125420127121,1231523,42
173125420210558,1231565,42
173125421107850,1231607,42
173125422160662,1231649,42
173125423220767,1231691,20
173125423289725,1231711,42
173125424294360,1231753,42
173125425354152,1231795,42
173125426416756,1231837,42
173125427476235,1231879,42
173125428547277,1231921,42
173125429645246,1231963,42
173125430808683,1232005,42
173125431842069,1232047,42
173125432904412,1232089,42
173125433982850,1232131,42
173125435047121,1232173,42
173125436118319,1232215,42
173125437188058,1232257,42
173125437255194,1232299,42
173125438261287,1232341,42
173125439331340,1232383,42
173125440430402,1232425,42
173125441468944,1232467,42
173125442540090,1232509,42
173125443611548,1232551,42
173125444731600,1232593,42
173125445748944,1232635,42
173125446811444,1232677,42
173125447887121,1232719,42
173125448954100,1232761,42
173125450056079,1232803,42
173125451104725,1232845,42
173125452174881,1232887,42
173125453243839,1232929,42
173125453315402,1232971,42
173125454311027,1233013,42
173125455378423,1233055,42
173125456450454,1233097,20
173125456519673,1233117,42
173125457527433,1233159,42
173125458595089,1233201,42
173125459661079,1233243,42
173125460754985,1233285,42
173125461817069,1233327,42
173125462875037,1233369,42
173125463945871,1233411,42
173125465017069,1233453,42
173125466080819,1233495,42
173125467158162,1233537,42
173125468279412,1233579,42
173125469315558,1233621,42
173125469388214,1233663,42
173125470384829,1233705,42
173125471429621,1233747,42
173125472497850,1233789,42
173125473556548,1233831,42
173125474616496,1233873,42
173125475679829,1233915,42
173125476750194,1233957,42
173125477820037,1233999,42
173125478918006,1234041,42
173125479971339,1234083,42
173125481054360,1234125,42
173125482112017,1234167,42
173125483184725,1234209,42
173125484254100,1234251,42
173125485424517,1234293,42
173125486397485,1234335,42
173125486466704,1234377,42
173125487462954,1234419,42
173125488521079,1234461,42
173125489581912,1234503,20
173125489649048,1234523,42
173125490804933,1234565,42
173125491865298,1234607,42
173125492923683,1234649,42
173125493985767,1234691,42
173125495050558,1234733,42
173125496116704,1234775,42
173125497169360,1234817,42
173125498251964,1234859,42
173125499309517,1234901,42
173125500416964,1234943,42
173125501463475,1234985,42
173125502527746,1235027,42
173125503602329,1235069,42
173125503669985,1235111,42
173125504663006,1235153,42
173125505743267,1235195,42
173125506813527,1235237,42
173125507880506,1235279,42
173125508954517,1235321,42
173125510117069,1235363,42
173125511104517,1235405,42
173125512157485,1235447,42
173125513234985,1235489,42
173125514298267,1235531,42
173125515375350,1235573,42
173125516437850,1235615,42
173125517514777,1235657,42
173125518584777,1235699,42
173125519671392,1235741,42
173125519742798,1235783,42
173125520967642,1235825,42
173125522044985,1235867,42
173125523123058,1235909,20
173125523192121,1235929,42
173125524168006,1235971,42
173125525235662,1236013,42
173125526294985,1236055,42
173125527364048,1236097,42
173125528422225,1236139,42
173125529513735,1236181,42
173125530740194,1236223,42
173125531636652,1236265,42
173125531705298,1236307,42
173125533760142,1236349,42
173125533829725,1236391,42
173125534822433,1236433,42
173125535884933,1236475,42
173125536953996,1236517,42
173125538016652,1236559,42
173125539075610,1236601,42
173125540498787,1236643,42
173125541219829,1236685,42
173125542280350,1236727,42
173125543334725,1236769,42
173125544417277,1236811,42
173125545467173,1236853,42
173125546575246,1236895,42
173125547631444,1236937,42
173125548706912,1236979,42
173125549768110,1237021,42
173125550858423,1237063,42
173125550939308,1237105,42
173125551924881,1237147,42
173125552990089,1237189,42
173125554058944,1237231,42
173125555130610,1237273,42
173125556205402,1237315,42
173125556274412,1237357,20
173125557269829,1237377,42
173125558336548,1237419,42
173125559409829,1237461,42
173125560531027,1237503,42
173125561543735,1237545,42
173125562614621,1237587,42
173125563678110,1237629,42
173125564751756,1237671,42
173125565826444,1237713,42
173125566892850,1237755,42
173125567962694,1237797,42
173125568029412,1237839,42
173125569034204,1237881,42
173125570355767,1237923,42
173125571180558,1237965,42
173125572232902,1238007,42
173125573294777,1238049,42
173125574391808,1238091,42
173125575458058,1238133,42
173125576512173,1238175,42
173125577599464,1238217,42
173125578645662,1238259,42
173125579755402,1238301,42
173125580844621,1238343,42
173125581906444,1238385,42
173125582974829,1238427,42
173125584052381,1238469,42
173125584120350,1238511,42
173125585116392,1238553,42
173125586187798,1238595,42
173125587270506,1238637,42
173125588333423,1238679,42
173125589401860,1238721,42
173125589470610,1238763,20
173125590464569,1238783,42
173125591527017,1238825,42
173125592589412,1238867,42
173125593691131,1238909,42
173125594720246,1238951,42
173125595778892,1238993,42
173125596860194,1239035,42
173125597922173,1239077,42
173125598988631,1239119,42
173125600067225,1239161,42
173125601121548,1239203,42
173125602181652,1239245,42
173125602252225,1239287,42
173125603248162,1239329,42
173125604308839,1239371,42
173125605369517,1239413,42
173125606430662,1239455,42
173125607495714,1239497,42
173125608562433,1239539,42
173125609615506,1239581,42
173125610862173,1239623,42
173125611906808,1239665,42
173125612981912,1239707,42
173125614042902,1239749,42
173125615119725,1239791,42
173125616181912,1239833,42
173125617256444,1239875,42
173125618330767,1239917,42
173125618401183,1239959,42
173125619398162,1240001,42
173125620596444,1240043,42
173125621577277,1240085,42
173125622613214,1240127,42
173125623680350,1240169,20
173125623749412,1240189,42
173125624736808,1240231,42
173125625799933,1240273,42
173125626865871,1240315,42
173125627933839,1240357,42
173125628986808,1240399,42
173125630228162,1240441,42
173125631156027,1240483,42
173125632217381,1240525,42
173125633277069,1240567,42
173125634340194,1240609,42
173125634408371,1240651,42
173125635404464,1240693,42
173125636470558,1240735,42
173125637534048,1240777,42
173125638592537,1240819,42
173125639659204,1240861,42
173125641043319,1240903,42
173125642102746,1240945,42
173125643154360,1240987,42
173125644258319,1241029,42
173125645315194,1241071,42
173125646390610,1241113,42
173125647449829,1241155,42
173125647517850,1241197,42
173125648528319,1241239,42
173125649589933,1241281,42
173125650673839,1241323,42
173125651744881,1241365,42
173125652813579,1241407,42
173125653876027,1241449,42
173125654932642,1241491,42
173125656004152,1241533,42
173125656070089,1241575,20
173125657066912,1241595,42
173125658130298,1241637,42
173125659194933,1241679,42
173125660483579,1241721,42
173125661334464,1241763,42
173125661401704,1241805,42
173125663490819,1241847,42
173125664551287,1241889,42
173125664618996,1241931,42
173125665628214,1241973,42
173125666710402,1242015,42
173125667766704,1242057,42
173125668829621,1242099,42
173125669897485,1242141,42
173125670976079,1242183,42
173125672034152,1242225,42
173125673090089,1242267,42
173125674153891,1242309,42
173125675224412,1242351,42
173125676276444,1242393,42
173125677367016,1242435,42
173125678408006,1242477,42
173125679533162,1242519,42
173125680702850,1242561,42
173125681642381,1242603,42
173125681712641,1242645,42
173125682710246,1242687,42
173125683774100,1242729,42
173125684850506,1242771,42
173125685914412,1242813,42
173125686982798,1242855,42
173125688087641,1242897,42
173125689148162,1242939,42
173125690290610,1242981,20
173125690375819,1243001,42
173125691279100,1243043,42
173125692341339,1243085,42
173125693414048,1243127,42
173125694492016,1243169,42
173125695555558,1243211,42
173125696633944,1243253,42
173125697711964,1243295,42
173125698769725,1243337,42
173125698838475,1243379,42
173125699845246,1243421,42
173125700933319,1243463,42
173125702039152,1243505,42
173125703100246,1243547,42
173125704170402,1243589,42
173125705238162,1243631,42
173125706308058,1243673,42
173125707374152,1243715,42
173125708465246,1243757,42
173125709532850,1243799,42
173125710625089,1243841,42
173125712245819,1243883,42
173125712786496,1243925,42
173125713842694,1243967,42
173125713915975,1244009,42
173125714901548,1244051,42
173125715970506,1244093,42
173125717037850,1244135,42
173125718111027,1244177,42
173125719181131,1244219,42
173125720350714,1244261,42
173125721323319,1244303,42
173125722417902,1244345,42
173125723476339,1244387,20
173125723546756,1244407,42
173125724535246,1244449,42
173125725593319,1244491,42
173125726656756,1244533,42
173125727730819,1244575,42
173125728782902,1244617,42
173125729887485,1244659,42
173125730982694,1244701,42
173125731065506,1244743,42
173125732015194,1244785,42
173125733083527,1244827,42
173125734148735,1244869,42
173125735219621,1244911,42
173125736306339,1244953,42
173125737379464,1244995,42
173125738445662,1245037,42
173125739510089,1245079,42
173125740683839,1245121,42
173125741753110,1245163,42
173125742820662,1245205,42
173125743883162,1245247,42
173125744957589,1245289,42
173125746024152,1245331,42
173125747095819,1245373,42
173125747163527,1245415,42
173125748157381,1245457,42
173125749232537,1245499,42
173125750346287,1245541,42
173125751382589,1245583,42
173125752453162,1245625,42
173125753521391,1245667,42
173125754588058,1245709,42
173125755660454,1245751,42
173125756734048,1245793,20
173125756803214,1245813,42
173125757797850,1245855,42
173125758860662,1245897,42
173125759929152,1245939,42
173125761035194,1245981,42
173125762077381,1246023,42
173125763165766,1246065,42
173125763236548,1246107,42
173125764228735,1246149,42
173125765290402,1246191,42
173125766355871,1246233,42
173125767417329,1246275,42
173125768482641,1246317,42
173125769546391,1246359,42
173125770735558,1246401,42
173125771792589,1246443,42
173125772854777,1246485,42
173125773945871,1246527,42
173125774986339,1246569,42
173125776052746,1246611,42
173125777104569,1246653,42
173125778187225,1246695,42
173125779239777,1246737,42
173125779307798,1246779,42
173125780380923,1246821,42
173125781402433,1246863,42
173125782476808,1246905,42
173125783542798,1246947,42
173125784618006,1246989,42
173125785686548,1247031,42
173125786753839,1247073,42
173125787825662,1247115,42
173125788894725,1247157,42
173125789990194,1247199,20
173125790264621,1247219,42
173125791040350,1247261,42
173125792098006,1247303,42
173125793159881,1247345,42
173125794225662,1247387,42
173125795294412,1247429,42
173125796346548,1247471,42
173125796414412,1247513,42
173125797460350,1247555,42
173125798523735,1247597,42
173125799596496,1247639,42
173125800694464,1247681,42
173125801764569,1247723,42
173125802821704,1247765,42
173125803896496,1247807,42
173125804969673,1247849,42
173125806044621,1247891,42
173125807106391,1247933,42
173125808168058,1247975,42
173125809235610,1248017,42
173125810334621,1248059,42
173125811384933,1248101,42
173125812443891,1248143,42
173125812511600,1248185,42
173125813510714,1248227,42
173125814585506,1248269,42
173125815649985,1248311,42
173125816724881,1248353,42
173125817795298,1248395,42
173125818870662,1248437,42
173125819950454,1248479,42
173125821025141,1248521,42
173125822080610,1248563,42
173125823144933,1248605,42
173125823214881,1248647,20
173125824220610,1248667,42
173125825276235,1248709,42
173125826337433,1248751,42
173125827400975,1248793,42
173125828471444,1248835,42
173125829525610,1248877,42
173125829593058,1248919,42
173125830748475,1248961,42
173125831801756,1249003,42
173125832860141,1249045,42
173125833926912,1249087,42
173125834989569,1249129,42
173125836051339,1249171,42
173125837115923,1249213,42
173125838184412,1249255,42
173125839248631,1249297,42
173125840546496,1249339,42
173125841384048,1249381,42
173125842443006,1249423,42
173125843509100,1249465,42
173125844567381,1249507,42
173125845652069,1249549,42
173125846702329,1249591,42
173125846770766,1249633,42
173125847787225,1249675,42
173125848837850,1249717,42
173125849909569,1249759,42
173125851005402,1249801,42
173125852032589,1249843,42
173125853101808,1249885,42
173125854163110,1249927,42
173125855226964,1249969,42
173125856289308,1250011,42
173125856357954,1250053,20
173125857359569,1250073,42
173125858425871,1250115,42
173125859479569,1250157,42
173125860865662,1250199,42
173125861615662,1250241,42
173125861687329,1250283,42
173125863780610,1250325,42
173125863851548,1250367,42
173125864885350,1250409,42
173125865932798,1250451,42
173125867004673,1250493,42
173125868066704,1250535,42
173125869129360,1250577,42
173125870303527,1250619,42
173125871266652,1250661,42
173125872327173,1250703,42
173125873387016,1250745,42
173125874449048,1250787,42
173125875508110,1250829,42
173125876581339,1250871,42
173125877632069,1250913,42
173125878740975,1250955,42
173125879789308,1250997,42
173125880894464,1251039,42
173125881944985,1251081,42
173125882012954,1251123,42
173125883005506,1251165,42
173125884079985,1251207,42
173125885143006,1251249,42
173125886220454,1251291,42
173125887289933,1251333,42
173125888354725,1251375,42
173125889458423,1251417,42
173125889531704,1251459,20
173125890614100,1251479,42
173125891631548,1251521,42
173125892687537,1251563,42
173125893752173,1251605,42
173125894813943,1251647,42
173125895886808,1251689,42
173125896937537,1251731,42
173125898079412,1251773,42
173125898152381,1251815,42
173125899089204,1251857,42
173125900448683,1251899,42
173125901217954,1251941,42
173125902275089,1251983,42
173125903343527,1252025,42
173125904405766,1252067,42
173125905466131,1252109,42
173125906532902,1252151,42
173125907594725,1252193,42
173125908662225,1252235,42
173125909716391,1252277,42
173125910843839,1252319,42
173125911893006,1252361,42
173125912968423,1252403,42
173125914030402,1252445,42
173125915108631,1252487,42
173125915177068,1252529,42
173125916171912,1252571,42
173125917252068,1252613,42
173125918327485,1252655,42
173125919392225,1252697,42
173125920486183,1252739,42
173125921530298,1252781,42
173125922607433,1252823,42
173125923672121,1252865,20
173125923739152,1252885,42
173125924774360,1252927,42
173125925812954,1252969,42
173125926872746,1253011,42
173125927932329,1253053,42
173125928991391,1253095,42
173125930090402,1253137,42
173125931141443,1253179,42
173125932205089,1253221,42
173125932274412,1253263,42
173125933268318,1253305,42
173125934325610,1253347,42
173125935392954,1253389,42
173125936456183,1253431,42
173125937519673,1253473,42
173125938579516,1253515,42
173125939645558,1253557,42
173125941079673,1253599,42
173125942131808,1253641,42
173125943188996,1253683,42
173125944271339,1253725,42
173125944341131,1253767,42
173125945323318,1253809,42
173125946422641,1253851,42
173125947475193,1253893,42
173125948546652,1253935,42
173125949601391,1253977,42
173125950779048,1254019,42
173125951843839,1254061,42
173125952914308,1254103,42
173125953982485,1254145,42
173125955048006,1254187,42
173125956127589,1254229,42
173125956194829,1254271,20
173125957192121,1254291,42
173125958259100,1254333,42
173125959336860,1254375,42
173125960428318,1254417,42
173125960508527,1254459,42
173125961470818,1254501,42
173125962546600,1254543,42
173125963606964,1254585,42
173125964680141,1254627,42
173125965756183,1254669,42
173125966828631,1254711,42
173125967893943,1254753,42
173125968962329,1254795,42
173125970158579,1254837,42
173125971112225,1254879,42
173125972176183,1254921,42
173125973251027,1254963,42
173125974317693,1255005,42
173125975424152,1255047,42
173125976458371,1255089,42
173125976530089,1255131,42
173125977534516,1255173,42
173125978580037,1255215,42
173125979686704,1255257,42
173125980816391,1255299,42
173125981849464,1255341,42
173125982911235,1255383,42
173125983985089,1255425,42
173125985055246,1255467,42
173125986122225,1255509,42
173125987202381,1255551,42
173125988264464,1255593,42
173125989339100,1255635,42
173125989405818,1255677,20
173125990409933,1255697,42
173125991473371,1255739,42
173125992542433,1255781,42
173125993642537,1255823,42
173125993714100,1255865,42
173125994698058,1255907,42
173125995760193,1255949,42
173125996830558,1255991,42
173125997895871,1256033,42
173125998970402,1256075,42
173126000132329,1256117,42
173126001122485,1256159,42
173126002183058,1256201,42
173126003253943,1256243,42
173126004323631,1256285,42
173126005388943,1256327,42
173126006455506,1256369,42
173126007524777,1256411,42
173126008601339,1256453,42
173126009659568,1256495,42
173126009726964,1256537,42
173126010750558,1256579,42
173126011804412,1256621,42
173126012877173,1256663,42
173126013940454,1256705,42
173126015023371,1256747,42
173126016088006,1256789,42
173126017154829,1256831,42
173126018228214,1256873,42
173126019294256,1256915,42
173126020388735,1256957,42
173126021439985,1256999,42
173126022509308,1257041,42
173126023577589,1257083,20
173126023645923,1257103,42
173126024642016,1257145,42
173126025710193,1257187,42
173126026800923,1257229,42
173126027863683,1257271,42
173126027931183,1257313,42
173126028917277,1257355,42
173126030112537,1257397,42
173126031087225,1257439,42
173126032159829,1257481,42
173126033225766,1257523,42
173126034292850,1257565,42
173126035358318,1257607,42
173126036430454,1257649,42
173126037502225,1257691,42
173126038567693,1257733,42
173126039638839,1257775,42
173126041005662,1257817,42
173126042034412,1257859,42
173126042199360,1257901,42
173126043091496,1257943,42
173126044166912,1257985,42
173126045218996,1258027,42
173126046317277,1258069,42
173126047362016,1258111,42
173126048461235,1258153,42
173126049500766,1258195,42
173126050704308,1258237,42
173126051641704,1258279,42
173126052712641,1258321,42
173126053778162,1258363,42
173126054842798,1258405,42
173126055920141,1258447,42
173126056996704,1258489,42
173126057065610,1258531,20
173126057126600,1258551,42
173126058058996,1258593,42
173126059128735,1258635,42
173126060245714,1258677,42
173126061274673,1258719,42
173126062331808,1258761,42
173126063411339,1258803,42
173126064479204,1258845,42
173126065547121,1258887,42
173126066618162,1258929,42
173126067682173,1258971,42
173126068750246,1259013,42
173126069825193,1259055,42
173126070916756,1259097,42
173126071972850,1259139,42
173126073038058,1259181,42
173126073106652,1259223,42
173126074104464,1259265,42
173126075178839,1259307,42
173126076245298,1259349,42
173126077328787,1259391,42
173126078406704,1259433,42
173126079454777,1259475,42
173126080868631,1259517,42
173126081589152,1259559,42
173126082695350,1259601,42
173126083752277,1259643,42
173126084833787,1259685,42
173126085901391,1259727,42
173126086969048,1259769,42
173126088033996,1259811,42
173126089105923,1259853,42
173126090215193,1259895,42
173126090296860,1259937,20
173126090358475,1259957,42
173126091248058,1259999,42
173126092315246,1260041,42
173126093381704,1260083,42
173126094478162,1260125,42
173126095628787,1260167,42
173126096624464,1260209,42
173126097716131,1260251,42
173126098757068,1260293,42
173126099824933,1260335,42
173126100913995,1260377,42
173126101975298,1260419,42
173126103043475,1260461,42
173126104118735,1260503,42
173126105184256,1260545,42
173126106252173,1260587,42
173126106319777,1260629,42
173126107346027,1260671,42
173126108400714,1260713,42
173126109465402,1260755,42
173126110629620,1260797,42
173126111614620,1260839,42
173126112678839,1260881,42
173126113753891,1260923,42
173126114804568,1260965,42
173126115882225,1261007,42
173126116950350,1261049,42
173126118171652,1261091,42
173126119112381,1261133,42
173126120412225,1261175,42
173126121251964,1261217,42
173126122313266,1261259,42
173126123385662,1261301,42
173126123453214,1261343,20
173126123513735,1261363,42
173126124453214,1261405,42
173126125518110,1261447,42
173126126599048,1261489,42
173126127765975,1261531,42
173126128766860,1261573,42
173126129818370,1261615,42
173126130923735,1261657,42
173126131980141,1261699,42
173126133052641,1261741,42
173126134119933,1261783,42
173126135190141,1261825,42
173126136257693,1261867,42
173126137332068,1261909,42
173126138398318,1261951,42
173126139464881,1261993,42
173126139534308,1262035,42
173126140690141,1262077,42
173126141615402,1262119,42
173126142681027,1262161,42
173126143751652,1262203,42
173126144813839,1262245,42
173126145897589,1262287,42
173126146954412,1262329,42
173126148034985,1262371,42
173126149092225,1262413,42
173126150250350,1262455,42
173126151235402,1262497,42
173126152315089,1262539,42
173126153378162,1262581,42
173126154450089,1262623,42
173126155519360,1262665,42
173126156584725,1262707,42
173126156653787,1262749,20
173126156715089,1262769,42
173126157656704,1262811,42
173126158731183,1262853,42
173126159798266,1262895,42
173126160884777,1262937,42
173126161960089,1262979,42
173126163009777,1263021,42
173126164102433,1263063,42
173126165167537,1263105,42
173126166215454,1263147,42
173126167296287,1263189,42
173126168373058,1263231,42
173126169434464,1263273,42
173126170511756,1263315,42
173126171578995,1263357,42
173126172647068,1263399,42
173126172714673,1263441,42
173126173712173,1263483,42
173126174781600,1263525,42
173126175845506,1263567,42
173126176921339,1263609,42
173126177996183,1263651,42
173126179116235,1263693,42
173126180502693,1263735,42
173126181252693,1263777,42
173126182314048,1263819,42
173126183428058,1263861,42
173126184451964,1263903,42
173126185518370,1263945,42
173126186586131,1263987,42
173126187649829,1264029,42
173126188724516,1264071,42
173126189794256,1264113,42
173126189962537,1264155,20
173126190230714,1264175,42
173126190871652,1264217,42
173126191937641,1264259,42
173126193000818,1264301,42
173126194076704,1264343,42
173126195134933,1264385,42
173126196251027,1264427,42
173126197303058,1264469,42
173126198375766,1264511,42
173126199442485,1264553,42
173126200521495,1264595,42
173126201586079,1264637,42
173126202651183,1264679,42
173126203726548,1264721,42
173126204840506,1264763,42
173126205867850,1264805,42
173126205940714,1264847,42
173126206936183,1264889,42
173126208013266,1264931,42
173126209068370,1264973,42
173126210316600,1265015,42
173126211221964,1265057,42
173126212292016,1265099,42
173126213360662,1265141,42
173126214416704,1265183,42
173126215498839,1265225,42
173126216553318,1265267,42
173126217632798,1265309,42
173126218701235,1265351,42
173126219767225,1265393,42
173126220857537,1265435,42
173126221920037,1265477,42
173126222991548,1265519,42
173126223060818,1265561,20
173126223120402,1265581,42
173126224061704,1265623,42
173126225130298,1265665,42
173126226196339,1265707,42
173126227273579,1265749,42
173126228331131,1265791,42
173126229417381,1265833,42
173126230516495,1265875,42
173126231552433,1265917,42
173126232627954,1265959,42
173126233691548,1266001,42
173126234760558,1266043,42
173126235828527,1266085,42
173126236906652,1266127,42
173126237975818,1266169,42
173126239039412,1266211,42
173126240492693,1266253,42
173126240580714,1266295,42
173126241195610,1266337,42
173126242260193,1266379,42
173126243319412,1266421,42
173126244400193,1266463,42
173126245455558,1266505,42
173126246537850,1266547,42
173126247595350,1266589,42
173126248675766,1266631,42
173126249736131,1266673,42
173126250835089,1266715,42
173126251894100,1266757,42
173126252955714,1266799,42
173126254025818,1266841,42
173126255094725,1266883,42
173126256169516,1266925,42
173126256236287,1266967,20
173126257238214,1266987,42
173126257305245,1267029,42
173126258309048,1267071,42
173126259372798,1267113,42
173126260463527,1267155,42
173126261510506,1267197,42
173126262573058,1267239,42
173126263663631,1267281,42
173126264726600,1267323,42
173126265798579,1267365,42
173126266873266,1267407,42
173126267932745,1267449,42
173126269000141,1267491,42
173126270226652,1267533,42
173126271154933,1267575,42
173126272213266,1267617,42
173126273281600,1267659,42
173126273349412,1267701,42
173126274352537,1267743,42
173126275427850,1267785,42
173126276487016,1267827,42
173126277571287,1267869,42
173126278624933,1267911,42
173126279709985,1267953,42
173126280815037,1267995,42
173126281869516,1268037,42
173126282917902,1268079,42
173126283985141,1268121,42
173126285058631,1268163,42
173126286132225,1268205,42
173126287197641,1268247,42
173126288263943,1268289,42
173126289335558,1268331,42
173126290409360,1268373,20
173126290495245,1268393,42
173126290555870,1268435,42
173126291475350,1268477,42
173126292544620,1268519,42
173126293616548,1268561,42
173126294690506,1268603,42
173126295747641,1268645,42
173126296825766,1268687,42
173126297891600,1268729,42
173126298964568,1268771,42
173126300392902,1268813,42
173126301205037,1268855,42
173126302269620,1268897,42
173126303339568,1268939,42
173126304412745,1268981,42
173126305477693,1269023,42
173126305546287,1269065,42
173126306543891,1269107,42
173126307611964,1269149,42
173126308696652,1269191,42
173126309748423,1269233,42
173126310871704,1269275,42
173126311928735,1269317,42
173126312984725,1269359,42
173126314062381,1269401,42
173126315123787,1269443,42
173126316202850,1269485,42
173126317269308,1269527,42
173126318506652,1269569,42
173126319414412,1269611,42
173126320512589,1269653,42
173126321627850,1269695,42
173126321704204,1269737,42
173126322694881,1269779,42
173126322773995,1269821,20
173126323761652,1269841,42
173126324824620,1269883,42
173126325891808,1269925,42
173126326957745,1269967,42
173126328038631,1270009,42
173126329088006,1270051,42
173126330344256,1270093,42
173126331235558,1270135,42
173126332300870,1270177,42
173126333374464,1270219,42
173126334443058,1270261,42
173126335513214,1270303,42
173126336579516,1270345,42
173126337651235,1270387,42
173126338729829,1270429,42
173126338804777,1270471,42
173126339791079,1270513,42
173126341276339,1270555,42
173126342102537,1270597,42
173126343161964,1270639,42
173126344212485,1270681,42
173126345277693,1270723,42
173126346327902,1270765,42
173126347392745,1270807,42
173126348537172,1270849,42
173126349510922,1270891,42
173126350712902,1270933,42
173126351756704,1270975,42
173126351820089,1271017,42
173126352813527,1271059,42
173126353862537,1271101,42
173126354918579,1271143,42
173126355987172,1271185,42
173126356049047,1271227,20
173126357040558,1271247,42
173126358098110,1271289,42
173126359155922,1271331,42
173126360571652,1271373,42
173126361314360,1271415,42
173126362488162,1271457,42
173126363432172,1271499,42
173126364524412,1271541,42
173126365564360,1271583,42
173126366631131,1271625,42
173126367693058,1271667,42
173126368753214,1271709,42
173126369816912,1271751,42
173126370890714,1271793,42
173126370972120,1271835,42
173126371949985,1271877,42
173126373008735,1271919,42
173126374072225,1271961,42
173126375134152,1272003,42
173126376339777,1272045,42
173126377259100,1272087,42
173126378355714,1272129,42
173126379390558,1272171,42
173126380574881,1272213,42
173126381565766,1272255,42
173126382606964,1272297,42
173126383677172,1272339,42
173126384731808,1272381,42
173126385799047,1272423,42
173126386862902,1272465,42
173126387923475,1272507,42
173126388989672,1272549,42
173126389057225,1272591,42
173126390064308,1272633,20
173126390310245,1272653,42
173126391130506,1272695,42
173126392185141,1272737,42
173126393243006,1272779,42
173126394307172,1272821,42
173126395381235,1272863,42
173126396432225,1272905,42
173126397494829,1272947,42
173126399005506,1272989,42
173126399684100,1273031,42
173126400939464,1273073,42
173126401988631,1273115,42
173126403051079,1273157,42
173126404209152,1273199,42
173126404281808,1273241,42
173126405187277,1273283,42
173126406247016,1273325,42
173126407348527,1273367,42
173126408373735,1273409,42
173126409433318,1273451,42
173126410616131,1273493,42
173126411568475,1273535,42
173126412677381,1273577,42
173126413690141,1273619,42
173126414760089,1273661,42
173126415823839,1273703,42
173126416897537,1273745,42
173126418108527,1273787,42
173126419020714,1273829,42
173126420103631,1273871,42
173126421161495,1273913,42
173126422217537,1273955,42
173126422289829,1273997,42
173126423281443,1274039,20
173126423350089,1274059,42
173126424342693,1274101,42
173126425403370,1274143,42
173126426463475,1274185,42
173126427536079,1274227,42
173126428586443,1274269,42
173126429727850,1274311,42
173126430779152,1274353,42
173126431872068,1274395,42
173126432903631,1274437,42
173126433951287,1274479,42
173126435008214,1274521,42
173126436070870,1274563,42
173126437133631,1274605,42
173126438198787,1274647,42
173126439261600,1274689,42
173126440897641,1274731,42
173126440987172,1274773,42
173126441373318,1274815,42
173126442438943,1274857,42
173126443511027,1274899,42
173126444602172,1274941,42
173126445663422,1274983,42
173126446754933,1275025,42
173126447817537,1275067,42
173126448899152,1275109,42
173126449962485,1275151,42
173126451083527,1275193,42
173126452130558,1275235,42
173126453200402,1275277,42
173126454273318,1275319,42
173126455356756,1275361,42
173126456435037,1275403,42
173126456508735,1275445,20
173126456571704,1275465,42
173126457504620,1275507,42
173126458577693,1275549,42
173126459651964,1275591,42
173126460750558,1275633,42
173126461816235,1275675,42
173126462899360,1275717,42
173126463965193,1275759,42
173126465050610,1275801,42
173126466113891,1275843,42
173126467189672,1275885,42
173126468266339,1275927,42
173126469341235,1275969,42
173126470422329,1276011,42
173126471493839,1276053,42
173126471567277,1276095,42
173126472567277,1276137,42
173126473641027,1276179,42
173126474731339,1276221,42
173126475793943,1276263,42
173126476864985,1276305,42
173126477941964,1276347,42
173126479024568,1276389,42
173126480223006,1276431,42
173126481181079,1276473,42
173126482292068,1276515,42
173126483410454,1276557,42
173126484404100,1276599,42
173126485472641,1276641,42
173126486546495,1276683,42
173126487774933,1276725,42
173126487853839,1276767,42
173126488710350,1276809,42
173126489781704,1276851,20
173126489856287,1276871,42
173126490861600,1276913,42
173126491932381,1276955,42
173126493007329,1276997,42
173126494083735,1277039,42
173126495157329,1277081,42
173126496234204,1277123,42
173126497315193,1277165,42
173126498385402,1277207,42
173126499456287,1277249,42
173126500701547,1277291,42
173126501754777,1277333,42
173126501834777,1277375,42
173126502675922,1277417,42
173126503726183,1277459,42
173126504784777,1277501,42
173126505847641,1277543,42
173126506913422,1277585,42
173126507983110,1277627,42
173126509038266,1277669,42
173126510299100,1277711,42
173126511185766,1277753,42
173126512246391,1277795,42
173126513308787,1277837,42
173126514367068,1277879,42
173126515568735,1277921,42
173126516505766,1277963,42
173126517572068,1278005,42
173126518624672,1278047,42
173126519686860,1278089,42
173126520952745,1278131,42
173126522037850,1278173,42
173126522109152,1278215,42
173126523098162,1278257,20
173126523168370,1278277,42
173126524159568,1278319,42
173126525222745,1278361,42
173126526283631,1278403,42
173126527352225,1278445,42
173126528413735,1278487,42
173126529577902,1278529,42
173126530702225,1278571,42
173126531618839,1278613,42
173126532674725,1278655,42
173126533761860,1278697,42
173126534809360,1278739,42
173126535867329,1278781,42
173126535936443,1278823,42
173126536929464,1278865,42
173126537992381,1278907,42
173126539057016,1278949,42
173126540476495,1278991,42
173126541269881,1279033,42
173126542331339,1279075,42
173126543528058,1279117,42
173126544467589,1279159,42
173126545516339,1279201,42
173126546585610,1279243,42
173126547641183,1279285,42
173126548710870,1279327,42
173126549767537,1279369,42
173126550931183,1279411,42
173126551907954,1279453,42
173126552967537,1279495,42
173126554029881,1279537,42
173126554099099,1279579,42
173126555098214,1279621,42
173126556158162,1279663,20
173126556225974,1279683,42
173126557356756,1279725,42
173126558298266,1279767,42
173126559354308,1279809,42
173126560477433,1279851,42
173126561527902,1279893,42
173126562611183,1279935,42
173126563673318,1279977,42
173126564757485,1280019,42
173126565827329,1280061,42
173126566902277,1280103,42
173126567975662,1280145,42
173126569052277,1280187,42
173126570223318,1280229,42
173126570311756,1280271,42
173126571403943,1280313,42
173126572291808,1280355,42
173126573348006,1280397,42
173126574419724,1280439,42
173126575487641,1280481,42
173126576554777,1280523,42
173126577633579,1280565,42
173126578711183,1280607,42
173126579771808,1280649,42
173126580862120,1280691,42
173126581921808,1280733,42
173126582991027,1280775,42
173126584075974,1280817,42
173126585245610,1280859,42
173126586215870,1280901,42
173126586291808,1280943,42
173126587279152,1280985,42
173126588376808,1281027,42
173126589420037,1281069,42
173126589492849,1281111,20
173126590500089,1281131,42
173126591559568,1281173,42
173126592633579,1281215,42
173126593699464,1281257,42
173126594767016,1281299,42
173126595851808,1281341,42
173126596921495,1281383,42
173126597985610,1281425,42
173126599154777,1281467,42
173126600239933,1281509,42
173126601204620,1281551,42
173126601278943,1281593,42
173126603335714,1281635,42
173126603410610,1281677,42
173126604396339,1281719,42
173126605529933,1281761,42
173126606583683,1281803,42
173126607649099,1281845,42
173126608717120,1281887,42
173126609798266,1281929,42
173126610874881,1281971,42
173126611952693,1282013,42
173126613124047,1282055,42
173126614104204,1282097,42
173126615169672,1282139,42
173126616235610,1282181,42
173126617312224,1282223,42
173126618380402,1282265,42
173126619444881,1282307,42
173126619517745,1282349,42
173126620539152,1282391,42
173126627383787,1282433,42
173126627473058,1282475,42
173126627536652,1282517,20
173126627596079,1282537,42
173126627653631,1282579,42
173126627711287,1282621,42
173126627767849,1282663,42
173126627824933,1282705,42
173126631039412,1282747,42
