#seq,cam,ts_ns,file
0,0,173356671622000,c0_000000.gray
0,2,173356671620000,c2_000000.gray
1,0,173356690616000,c0_000001.gray
1,2,173356690618000,c2_000001.gray
2,0,173356704953000,c0_000002.gray
2,2,173356704955000,c2_000002.gray
3,0,173356723954000,c0_000003.gray
3,2,173356723951000,c2_000003.gray
4,0,173356738287000,c0_000004.gray
4,2,173356738286000,c2_000004.gray
5,0,173356757279000,c0_000005.gray
5,2,173356757281000,c2_000005.gray
6,0,173356771618000,c0_000006.gray
6,2,173356771624000,c2_000006.gray
7,0,173356790614000,c0_000007.gray
7,2,173356790646000,c2_000007.gray
8,0,173356957290000,c0_000008.gray
8,2,173356971614000,c2_000008.gray
9,0,173356971613000,c0_000009.gray
12,0,173356990609000,c0_000012.gray
12,2,173356990612000,c2_000012.gray
18,0,173357004941000,c0_000018.gray
18,2,173357004942000,c2_000018.gray
26,0,173357023938000,c0_000026.gray
26,2,173357023940000,c2_000026.gray
32,0,173357038275000,c0_000032.gray
32,2,173357038273000,c2_000032.gray
38,0,173357057281000,c0_000038.gray
38,2,173357057284000,c2_000038.gray
40,0,173357071623000,c0_000040.gray
40,2,173357071626000,c2_000040.gray
45,0,173357090617000,c0_000045.gray
45,2,173357090628000,c2_000045.gray
47,0,173357104958000,c0_000047.gray
47,2,173357104960000,c2_000047.gray
52,0,173357123949000,c0_000052.gray
52,2,173357123956000,c2_000052.gray
53,0,173357138296000,c0_000053.gray
53,2,173357138293000,c2_000053.gray
58,0,173357157284000,c0_000058.gray
58,2,173357157288000,c2_000058.gray
60,0,173357171627000,c0_000060.gray
60,2,173357171633000,c2_000060.gray
64,0,173357190621000,c0_000064.gray
64,2,173357190618000,c2_000064.gray
67,0,173357204957000,c0_000067.gray
67,2,173357204962000,c2_000067.gray
71,0,173357223951000,c0_000071.gray
71,2,173357223954000,c2_000071.gray
73,0,173357238294000,c0_000073.gray
73,2,173357238292000,c2_000073.gray
78,0,173357257289000,c0_000078.gray
78,2,173357257285000,c2_000078.gray
80,0,173357271628000,c0_000080.gray
80,2,173357271624000,c2_000080.gray
84,2,173357290619000,c2_000084.gray
85,0,173357290622000,c0_000085.gray
87,0,173357304960000,c0_000087.gray
87,2,173357304957000,c2_000087.gray
91,0,173357323957000,c0_000091.gray
91,2,173357323954000,c2_000091.gray
94,0,173357338293000,c0_000094.gray
94,2,173357338296000,c2_000094.gray
98,0,173357357289000,c0_000098.gray
98,2,173357357296000,c2_000098.gray
100,0,173357371621000,c0_000100.gray
100,2,173357371624000,c2_000100.gray
105,0,173357390624000,c0_000105.gray
105,2,173357390621000,c2_000105.gray
107,0,173357404956000,c0_000107.gray
107,2,173357404959000,c2_000107.gray
111,0,173357423958000,c0_000111.gray
111,2,173357423955000,c2_000111.gray
114,0,173357438297000,c0_000114.gray
114,2,173357438294000,c2_000114.gray
118,0,173357457332000,c0_000118.gray
118,2,173357457289000,c2_000118.gray
120,0,173357471623000,c0_000120.gray
120,2,173357471626000,c2_000120.gray
125,0,173357490624000,c0_000125.gray
125,2,173357490626000,c2_000125.gray
127,0,173357504959000,c0_000127.gray
127,2,173357504961000,c2_000127.gray
132,0,173357523955000,c0_000132.gray
132,2,173357523958000,c2_000132.gray
134,0,173357538302000,c0_000134.gray
134,2,173357538297000,c2_000134.gray
138,0,173357557332000,c0_000138.gray
138,2,173357557289000,c2_000138.gray
141,0,173357571629000,c0_000141.gray
141,2,173357571627000,c2_000141.gray
145,0,173357590622000,c0_000145.gray
145,2,173357590618000,c2_000145.gray
147,0,173357604963000,c0_000147.gray
147,2,173357604965000,c2_000147.gray
152,0,173357623952000,c0_000152.gray
152,2,173357623962000,c2_000152.gray
154,0,173357638297000,c0_000154.gray
154,2,173357638300000,c2_000154.gray
158,0,173357657288000,c0_000158.gray
158,2,173357657291000,c2_000158.gray
161,0,173357671631000,c0_000161.gray
161,2,173357671637000,c2_000161.gray
165,0,173357690623000,c0_000165.gray
165,2,173357690646000,c2_000165.gray
167,0,173357704964000,c0_000167.gray
167,2,173357704973000,c2_000167.gray
172,0,173357723952000,c0_000172.gray
172,2,173357723956000,c2_000172.gray
174,0,173357738298000,c0_000174.gray
174,2,173357738326000,c2_000174.gray
178,0,173357757287000,c0_000178.gray
178,2,173357757289000,c2_000178.gray
181,0,173357771629000,c0_000181.gray
181,2,173357771632000,c2_000181.gray
185,0,173357790624000,c0_000185.gray
185,2,173357790621000,c2_000185.gray
187,0,173357804964000,c0_000187.gray
187,2,173357804966000,c2_000187.gray
192,0,173357823953000,c0_000192.gray
192,2,173357823958000,c2_000192.gray
194,0,173357838302000,c0_000194.gray
194,2,173357838300000,c2_000194.gray
198,2,173357857290000,c2_000198.gray
199,0,173357857293000,c0_000199.gray
201,0,173357871630000,c0_000201.gray
201,2,173357871639000,c2_000201.gray
205,0,173357890623000,c0_000205.gray
205,2,173357890629000,c2_000205.gray
208,0,173357904965000,c0_000208.gray
208,2,173357904971000,c2_000208.gray
212,0,173357923955000,c0_000212.gray
212,2,173357923957000,c2_000212.gray
214,0,173357938300000,c0_000214.gray
214,2,173357938302000,c2_000214.gray
219,0,173357957290000,c0_000219.gray
219,2,173357957294000,c2_000219.gray
221,0,173357971633000,c0_000221.gray
221,2,173357971635000,c2_000221.gray
225,0,173357990625000,c0_000225.gray
225,2,173357990622000,c2_000225.gray
228,0,173358004966000,c0_000228.gray
228,2,173358004968000,c2_000228.gray
232,0,173358023955000,c0_000232.gray
232,2,173358023959000,c2_000232.gray
234,0,173358038300000,c0_000234.gray
234,2,173358038303000,c2_000234.gray
238,0,173358057318000,c0_000238.gray
238,2,173358057305000,c2_000238.gray
241,0,173358071631000,c0_000241.gray
241,2,173358071634000,c2_000241.gray
245,0,173358090625000,c0_000245.gray
245,2,173358090622000,c2_000245.gray
247,0,173358104969000,c0_000247.gray
247,2,173358104965000,c2_000247.gray
252,0,173358123958000,c0_000252.gray
252,2,173358123963000,c2_000252.gray
254,0,173358138303000,c0_000254.gray
254,2,173358138300000,c2_000254.gray
258,0,173358157289000,c0_000258.gray
258,2,173358157293000,c2_000258.gray
261,0,173358171634000,c0_000261.gray
261,2,173358171632000,c2_000261.gray
265,0,173358190630000,c0_000265.gray
265,2,173358190627000,c2_000265.gray
267,0,173358204969000,c0_000267.gray
267,2,173358204967000,c2_000267.gray
271,0,173358223960000,c0_000271.gray
271,2,173358223963000,c2_000271.gray
274,0,173358238302000,c0_000274.gray
274,2,173358238299000,c2_000274.gray
278,0,173358257294000,c0_000278.gray
278,2,173358257296000,c2_000278.gray
281,0,173358271629000,c0_000281.gray
281,2,173358271627000,c2_000281.gray
285,0,173358290628000,c0_000285.gray
285,2,173358290621000,c2_000285.gray
287,0,173358304968000,c0_000287.gray
287,2,173358304971000,c2_000287.gray
292,0,173358323959000,c0_000292.gray
292,2,173358323963000,c2_000292.gray
294,0,173358338300000,c0_000294.gray
294,2,173358338297000,c2_000294.gray
298,0,173358357298000,c0_000298.gray
298,2,173358357296000,c2_000298.gray
301,0,173358371628000,c0_000301.gray
301,2,173358371631000,c2_000301.gray
305,0,173358390630000,c0_000305.gray
305,2,173358390633000,c2_000305.gray
307,0,173358404969000,c0_000307.gray
307,2,173358404966000,c2_000307.gray
312,0,173358423964000,c0_000312.gray
312,2,173358423961000,c2_000312.gray
314,0,173358438303000,c0_000314.gray
314,2,173358438300000,c2_000314.gray
319,0,173358457289000,c0_000319.gray
319,2,173358457291000,c2_000319.gray
321,0,173358471637000,c0_000321.gray
321,2,173358471634000,c2_000321.gray
325,0,173358490625000,c0_000325.gray
325,2,173358490629000,c2_000325.gray
328,0,173358504964000,c0_000328.gray
328,2,173358504966000,c2_000328.gray
332,0,173358523965000,c0_000332.gray
332,2,173358523963000,c2_000332.gray
334,2,173358538300000,c2_000334.gray
335,0,173358538304000,c0_000335.gray
339,0,173358557299000,c0_000339.gray
339,2,173358557302000,c2_000339.gray
341,0,173358571638000,c0_000341.gray
341,2,173358571635000,c2_000341.gray
345,2,173358590633000,c2_000345.gray
346,0,173358590630000,c0_000346.gray
348,0,173358604971000,c0_000348.gray
348,2,173358604968000,c2_000348.gray
352,0,173358623965000,c0_000352.gray
352,2,173358623969000,c2_000352.gray
354,2,173358638300000,c2_000354.gray
355,0,173358638298000,c0_000355.gray
359,0,173358657299000,c0_000359.gray
359,2,173358657301000,c2_000359.gray
361,0,173358671632000,c0_000361.gray
361,2,173358671634000,c2_000361.gray
365,0,173358690633000,c0_000365.gray
365,2,173358690631000,c2_000365.gray
367,0,173358704972000,c0_000367.gray
367,2,173358704970000,c2_000367.gray
372,0,173358724010000,c0_000372.gray
372,2,173358724015000,c2_000372.gray
374,0,173358738306000,c0_000374.gray
374,2,173358738303000,c2_000374.gray
378,0,173358757295000,c0_000378.gray
378,2,173358757299000,c2_000378.gray
380,0,173358771633000,c0_000380.gray
380,2,173358771630000,c2_000380.gray
383,0,173358790632000,c0_000383.gray
383,2,173358790626000,c2_000383.gray
386,0,173358804971000,c0_000386.gray
386,2,173358804974000,c2_000386.gray
390,0,173358823968000,c0_000390.gray
390,2,173358823966000,c2_000390.gray
392,0,173358838307000,c0_000392.gray
392,2,173358838304000,c2_000392.gray
396,0,173358857298000,c0_000396.gray
396,2,173358857295000,c2_000396.gray
398,0,173358871636000,c0_000398.gray
398,2,173358871633000,c2_000398.gray
402,0,173358890690000,c0_000402.gray
402,2,173358890628000,c2_000402.gray
403,0,173358904971000,c0_000403.gray
403,2,173358904968000,c2_000403.gray
407,0,173358923968000,c0_000407.gray
407,2,173358923965000,c2_000407.gray
409,0,173358938306000,c0_000409.gray
409,2,173358938309000,c2_000409.gray
413,0,173358957300000,c0_000413.gray
413,2,173358957307000,c2_000413.gray
414,2,173358971641000,c2_000414.gray
415,0,173358971638000,c0_000415.gray
419,0,173358990636000,c0_000419.gray
419,2,173358990642000,c2_000419.gray
421,0,173359004972000,c0_000421.gray
421,2,173359004974000,c2_000421.gray
425,0,173359023962000,c0_000425.gray
425,2,173359023965000,c2_000425.gray
427,0,173359038300000,c0_000427.gray
427,2,173359038303000,c2_000427.gray
431,2,173359057297000,c2_000431.gray
432,0,173359057294000,c0_000432.gray
434,0,173359071637000,c0_000434.gray
434,2,173359071640000,c2_000434.gray
438,0,173359090629000,c0_000438.gray
438,2,173359090651000,c2_000438.gray
440,0,173359104971000,c0_000440.gray
440,2,173359104973000,c2_000440.gray
444,0,173359123965000,c0_000444.gray
444,2,173359123968000,c2_000444.gray
446,2,173359138339000,c2_000446.gray
447,0,173359138299000,c0_000447.gray
451,0,173359157295000,c0_000451.gray
451,2,173359157299000,c2_000451.gray
453,0,173359171636000,c0_000453.gray
453,2,173359171639000,c2_000453.gray
457,0,173359190631000,c0_000457.gray
457,2,173359190638000,c2_000457.gray
459,0,173359204972000,c0_000459.gray
459,2,173359204975000,c2_000459.gray
464,0,173359223971000,c0_000464.gray
464,2,173359223969000,c2_000464.gray
466,0,173359238304000,c0_000466.gray
466,2,173359238302000,c2_000466.gray
470,0,173359257300000,c0_000470.gray
470,2,173359257303000,c2_000470.gray
472,0,173359271637000,c0_000472.gray
472,2,173359271640000,c2_000472.gray
476,0,173359290630000,c0_000476.gray
476,2,173359290642000,c2_000476.gray
479,0,173359304970000,c0_000479.gray
479,2,173359304967000,c2_000479.gray
483,0,173359323963000,c0_000483.gray
483,2,173359323967000,c2_000483.gray
485,0,173359338309000,c0_000485.gray
485,2,173359338311000,c2_000485.gray
489,0,173359357302000,c0_000489.gray
489,2,173359357300000,c2_000489.gray
492,0,173359371642000,c0_000492.gray
492,2,173359371639000,c2_000492.gray
496,0,173359390633000,c0_000496.gray
496,2,173359390630000,c2_000496.gray
498,0,173359404975000,c0_000498.gray
498,2,173359405005000,c2_000498.gray
502,0,173359423966000,c0_000502.gray
502,2,173359423968000,c2_000502.gray
505,0,173359438308000,c0_000505.gray
505,2,173359438322000,c2_000505.gray
509,0,173359457302000,c0_000509.gray
509,2,173359457305000,c2_000509.gray
511,0,173359471642000,c0_000511.gray
511,2,173359471645000,c2_000511.gray
515,0,173359490640000,c0_000515.gray
515,2,173359490645000,c2_000515.gray
518,0,173359504972000,c0_000518.gray
518,2,173359504969000,c2_000518.gray
521,0,173359523970000,c0_000521.gray
521,2,173359523972000,c2_000521.gray
524,0,173359538308000,c0_000524.gray
524,2,173359538310000,c2_000524.gray
528,0,173359557306000,c0_000528.gray
528,2,173359557309000,c2_000528.gray
530,0,173359571642000,c0_000530.gray
530,2,173359571644000,c2_000530.gray
534,0,173359590635000,c0_000534.gray
534,2,173359590631000,c2_000534.gray
536,0,173359605004000,c0_000536.gray
536,2,173359604983000,c2_000536.gray
541,0,173359623973000,c0_000541.gray
541,2,173359623969000,c2_000541.gray
543,0,173359638303000,c0_000543.gray
543,2,173359638309000,c2_000543.gray
547,0,173359657306000,c0_000547.gray
547,2,173359657303000,c2_000547.gray
549,0,173359671639000,c0_000549.gray
549,2,173359671641000,c2_000549.gray
554,0,173359690682000,c0_000554.gray
554,2,173359690637000,c2_000554.gray
556,0,173359704993000,c0_000556.gray
556,2,173359704977000,c2_000556.gray
560,0,173359723968000,c0_000560.gray
560,2,173359723971000,c2_000560.gray
562,0,173359738312000,c0_000562.gray
562,2,173359738309000,c2_000562.gray
566,0,173359757305000,c0_000566.gray
566,2,173359757308000,c2_000566.gray
571,0,173359771628000,c0_000571.gray
571,2,173359771644000,c2_000571.gray
579,0,173359790631000,c0_000579.gray
579,2,173359790656000,c2_000579.gray
583,0,173359804976000,c0_000583.gray
583,2,173359805013000,c2_000583.gray
587,0,173359823972000,c0_000587.gray
587,2,173359824010000,c2_000587.gray
589,0,173359838305000,c0_000589.gray
589,2,173359838329000,c2_000589.gray
593,0,173359857302000,c0_000593.gray
593,2,173359857327000,c2_000593.gray
595,0,173359871643000,c0_000595.gray
595,2,173359871679000,c2_000595.gray
599,0,173359890632000,c0_000599.gray
599,2,173359890658000,c2_000599.gray
601,0,173359904972000,c0_000601.gray
601,2,173359904997000,c2_000601.gray
604,0,173359923971000,c0_000604.gray
604,2,173359924007000,c2_000604.gray
606,0,173359938312000,c0_000606.gray
606,2,173359938348000,c2_000606.gray
610,0,173359957306000,c0_000610.gray
610,2,173359957340000,c2_000610.gray
612,0,173359971641000,c0_000612.gray
612,2,173359971669000,c2_000612.gray
615,2,173359990674000,c2_000615.gray
616,0,173359990645000,c0_000616.gray
618,0,173360004966000,c0_000618.gray
618,2,173360004983000,c2_000618.gray
626,0,173360023959000,c0_000626.gray
626,2,173360023976000,c2_000626.gray
632,0,173360038294000,c0_000632.gray
632,2,173360038310000,c2_000632.gray
640,0,173360057297000,c0_000640.gray
640,2,173360057314000,c2_000640.gray
645,0,173360071634000,c0_000645.gray
645,2,173360071651000,c2_000645.gray
653,0,173360090626000,c0_000653.gray
653,2,173360090645000,c2_000653.gray
658,0,173360105078000,c0_000658.gray
658,2,173360105098000,c2_000658.gray
664,0,173360124278000,c0_000664.gray
664,2,173360124306000,c2_000664.gray
666,0,173360138330000,c0_000666.gray
666,2,173360138357000,c2_000666.gray
670,0,173360157303000,c0_000670.gray
670,2,173360157325000,c2_000670.gray
675,0,173360171636000,c0_000675.gray
675,2,173360171646000,c2_000675.gray
683,0,173360190624000,c0_000683.gray
683,2,173360190633000,c2_000683.gray
689,0,173360204962000,c0_000689.gray
689,2,173360204976000,c2_000689.gray
697,0,173360223961000,c0_000697.gray
697,2,173360223976000,c2_000697.gray
703,0,173360238299000,c0_000703.gray
703,2,173360238313000,c2_000703.gray
711,0,173360257292000,c0_000711.gray
711,2,173360257307000,c2_000711.gray
717,0,173360271630000,c0_000717.gray
717,2,173360271646000,c2_000717.gray
725,0,173360290680000,c0_000725.gray
725,2,173360290704000,c2_000725.gray
728,0,173360304979000,c0_000728.gray
728,2,173360305013000,c2_000728.gray
735,0,173360323971000,c0_000735.gray
735,2,173360323996000,c2_000735.gray
736,0,173360338327000,c0_000736.gray
736,2,173360338354000,c2_000736.gray
740,0,173360357299000,c0_000740.gray
740,2,173360357322000,c2_000740.gray
745,0,173360371641000,c0_000745.gray
745,2,173360371653000,c2_000745.gray
753,0,173360390627000,c0_000753.gray
753,2,173360390637000,c2_000753.gray
758,0,173360404964000,c0_000758.gray
758,2,173360404976000,c2_000758.gray
766,0,173360423966000,c0_000766.gray
766,2,173360423977000,c2_000766.gray
772,0,173360438300000,c0_000772.gray
772,2,173360438313000,c2_000772.gray
780,0,173360457291000,c0_000780.gray
780,2,173360457301000,c2_000780.gray
786,0,173360471632000,c0_000786.gray
786,2,173360471646000,c2_000786.gray
794,0,173360490628000,c0_000794.gray
794,2,173360490641000,c2_000794.gray
800,0,173360504965000,c0_000800.gray
800,2,173360504981000,c2_000800.gray
808,0,173360524056000,c0_000808.gray
808,2,173360524067000,c2_000808.gray
813,0,173360538299000,c0_000813.gray
813,2,173360538313000,c2_000813.gray
821,0,173360557294000,c0_000821.gray
821,2,173360557309000,c2_000821.gray
827,0,173360571639000,c0_000827.gray
827,2,173360571664000,c2_000827.gray
832,0,173360590635000,c0_000832.gray
832,2,173360590660000,c2_000832.gray
834,0,173360604982000,c0_000834.gray
834,2,173360605019000,c2_000834.gray
838,0,173360623979000,c0_000838.gray
838,2,173360624016000,c2_000838.gray
840,0,173360638313000,c0_000840.gray
840,2,173360638349000,c2_000840.gray
844,0,173360657311000,c0_000844.gray
844,2,173360657345000,c2_000844.gray
846,0,173360671647000,c0_000846.gray
846,2,173360671686000,c2_000846.gray
851,0,173360690642000,c0_000851.gray
851,2,173360690677000,c2_000851.gray
853,0,173360704982000,c0_000853.gray
853,2,173360705021000,c2_000853.gray
857,0,173360723978000,c0_000857.gray
857,2,173360724015000,c2_000857.gray
859,0,173360738315000,c0_000859.gray
859,2,173360738353000,c2_000859.gray
863,0,173360757312000,c0_000863.gray
863,2,173360757350000,c2_000863.gray
865,0,173360771649000,c0_000865.gray
865,2,173360771687000,c2_000865.gray
870,0,173360790642000,c0_000870.gray
870,2,173360790676000,c2_000870.gray
872,0,173360804987000,c0_000872.gray
872,2,173360805025000,c2_000872.gray
876,0,173360823974000,c0_000876.gray
876,2,173360824007000,c2_000876.gray
878,0,173360838313000,c0_000878.gray
878,2,173360838346000,c2_000878.gray
882,0,173360857312000,c0_000882.gray
882,2,173360857347000,c2_000882.gray
884,0,173360871646000,c0_000884.gray
884,2,173360871675000,c2_000884.gray
888,0,173360890647000,c0_000888.gray
888,2,173360890681000,c2_000888.gray
891,0,173360904983000,c0_000891.gray
891,2,173360905020000,c2_000891.gray
895,0,173360923978000,c0_000895.gray
895,2,173360924005000,c2_000895.gray
897,0,173360938311000,c0_000897.gray
897,2,173360938337000,c2_000897.gray
898,0,173360957311000,c0_000898.gray
898,2,173360957339000,c2_000898.gray
902,0,173360971639000,c0_000902.gray
902,2,173360971656000,c2_000902.gray
910,0,173360990639000,c0_000910.gray
910,2,173360990664000,c2_000910.gray
913,2,173361005018000,c2_000913.gray
914,0,173361004982000,c0_000914.gray
918,0,173361023980000,c0_000918.gray
918,2,173361024017000,c2_000918.gray
920,0,173361038322000,c0_000920.gray
920,2,173361038363000,c2_000920.gray
924,0,173361057313000,c0_000924.gray
924,2,173361057349000,c2_000924.gray
926,0,173361071645000,c0_000926.gray
926,2,173361071672000,c2_000926.gray
930,0,173361090641000,c0_000930.gray
930,2,173361090669000,c2_000930.gray
932,0,173361104983000,c0_000932.gray
932,2,173361105011000,c2_000932.gray
936,2,173361124017000,c2_000936.gray
937,0,173361123980000,c0_000937.gray
939,0,173361138357000,c0_000939.gray
939,2,173361138322000,c2_000939.gray
943,0,173361157349000,c0_000943.gray
943,2,173361157313000,c2_000943.gray
945,0,173361171675000,c0_000945.gray
945,2,173361171649000,c2_000945.gray
949,0,173361190682000,c0_000949.gray
949,2,173361190647000,c2_000949.gray
952,0,173361205006000,c0_000952.gray
952,2,173361204980000,c2_000952.gray
956,0,173361224004000,c0_000956.gray
956,2,173361223977000,c2_000956.gray
958,0,173361238356000,c0_000958.gray
958,2,173361238318000,c2_000958.gray
962,0,173361257349000,c0_000962.gray
962,2,173361257313000,c2_000962.gray
965,0,173361271699000,c0_000965.gray
965,2,173361271673000,c2_000965.gray
969,0,173361290685000,c0_000969.gray
969,2,173361290647000,c2_000969.gray
971,0,173361305032000,c0_000971.gray
971,2,173361304993000,c2_000971.gray
975,0,173361324018000,c0_000975.gray
975,2,173361323982000,c2_000975.gray
977,0,173361338360000,c0_000977.gray
977,2,173361338325000,c2_000977.gray
982,0,173361357350000,c0_000982.gray
982,2,173361357315000,c2_000982.gray
984,0,173361371688000,c0_000984.gray
984,2,173361371652000,c2_000984.gray
988,0,173361390685000,c0_000988.gray
988,2,173361390649000,c2_000988.gray
990,0,173361405034000,c0_000990.gray
990,2,173361404997000,c2_000990.gray
994,0,173361424020000,c0_000994.gray
994,2,173361423983000,c2_000994.gray
996,0,173361438366000,c0_000996.gray
996,2,173361438328000,c2_000996.gray
1001,0,173361457350000,c0_001001.gray
1001,2,173361457314000,c2_001001.gray
1003,0,173361471703000,c0_001003.gray
1003,2,173361471664000,c2_001003.gray
1007,0,173361490685000,c0_001007.gray
1007,2,173361490649000,c2_001007.gray
1009,0,173361505029000,c0_001009.gray
1009,2,173361504993000,c2_001009.gray
1013,0,173361524016000,c0_001013.gray
1013,2,173361523981000,c2_001013.gray
1016,0,173361538376000,c0_001016.gray
1016,2,173361538349000,c2_001016.gray
1020,0,173361557352000,c0_001020.gray
1020,2,173361557316000,c2_001020.gray
1022,0,173361571675000,c0_001022.gray
1022,2,173361571649000,c2_001022.gray
1026,0,173361590688000,c0_001026.gray
1026,2,173361590651000,c2_001026.gray
1028,0,173361605036000,c0_001028.gray
1028,2,173361604996000,c2_001028.gray
1033,0,173361624020000,c0_001033.gray
1033,2,173361623983000,c2_001033.gray
1035,0,173361638366000,c0_001035.gray
1035,2,173361638330000,c2_001035.gray
1039,0,173361657353000,c0_001039.gray
1039,2,173361657318000,c2_001039.gray
1041,0,173361671696000,c0_001041.gray
1041,2,173361671658000,c2_001041.gray
1045,0,173361690685000,c0_001045.gray
1045,2,173361690648000,c2_001045.gray
1047,0,173361705029000,c0_001047.gray
1047,2,173361704992000,c2_001047.gray
1052,0,173361724019000,c0_001052.gray
1052,2,173361723983000,c2_001052.gray
1054,0,173361738360000,c0_001054.gray
1054,2,173361738322000,c2_001054.gray
1058,0,173361757354000,c0_001058.gray
1058,2,173361757318000,c2_001058.gray
1060,0,173361771696000,c0_001060.gray
1060,2,173361771659000,c2_001060.gray
1064,0,173361790685000,c0_001064.gray
1064,2,173361790651000,c2_001064.gray
1067,0,173361805009000,c0_001067.gray
1067,2,173361804982000,c2_001067.gray
1071,0,173361824021000,c0_001071.gray
1071,2,173361823984000,c2_001071.gray
1073,0,173361838372000,c0_001073.gray
1073,2,173361838333000,c2_001073.gray
1077,0,173361857356000,c0_001077.gray
1077,2,173361857318000,c2_001077.gray
1079,0,173361871687000,c0_001079.gray
1079,2,173361871654000,c2_001079.gray
1083,0,173361890684000,c0_001083.gray
1083,2,173361890651000,c2_001083.gray
1085,0,173361905014000,c0_001085.gray
1085,2,173361904987000,c2_001085.gray
1089,2,173361923986000,c2_001089.gray
1090,0,173361924022000,c0_001090.gray
1092,0,173361938374000,c0_001092.gray
1092,2,173361938335000,c2_001092.gray
1096,0,173361957358000,c0_001096.gray
1096,2,173361957320000,c2_001096.gray
1098,0,173361971694000,c0_001098.gray
1098,2,173361971658000,c2_001098.gray
1102,0,173361990688000,c0_001102.gray
1102,2,173361990653000,c2_001102.gray
1104,0,173362005033000,c0_001104.gray
1104,2,173362004994000,c2_001104.gray
1108,0,173362024025000,c0_001108.gray
1108,2,173362023988000,c2_001108.gray
1111,0,173362038369000,c0_001111.gray
1111,2,173362038328000,c2_001111.gray
1115,0,173362057363000,c0_001115.gray
1115,2,173362057322000,c2_001115.gray
1117,0,173362071703000,c0_001117.gray
1117,2,173362071662000,c2_001117.gray
1121,0,173362090751000,c0_001121.gray
1121,2,173362090714000,c2_001121.gray
1124,0,173362105032000,c0_001124.gray
1124,2,173362104994000,c2_001124.gray
1128,0,173362124031000,c0_001128.gray
1128,2,173362123991000,c2_001128.gray
1130,0,173362138376000,c0_001130.gray
1130,2,173362138329000,c2_001130.gray
1134,0,173362157377000,c0_001134.gray
1134,2,173362157345000,c2_001134.gray
1136,0,173362171685000,c0_001136.gray
1136,2,173362171652000,c2_001136.gray
1139,0,173362190686000,c0_001139.gray
1139,2,173362190653000,c2_001139.gray
1142,0,173362205031000,c0_001142.gray
1142,2,173362204993000,c2_001142.gray
1146,0,173362224026000,c0_001146.gray
1146,2,173362223988000,c2_001146.gray
1148,0,173362238354000,c0_001148.gray
1148,2,173362238327000,c2_001148.gray
1152,0,173362257360000,c0_001152.gray
1152,2,173362257323000,c2_001152.gray
1156,0,173362271664000,c0_001156.gray
1156,2,173362271646000,c2_001156.gray
1163,0,173362290659000,c0_001163.gray
1163,2,173362290643000,c2_001163.gray
1169,0,173362304992000,c0_001169.gray
1169,2,173362304977000,c2_001169.gray
1177,0,173362323990000,c0_001177.gray
1177,2,173362323974000,c2_001177.gray
1183,0,173362338326000,c0_001183.gray
1183,2,173362338311000,c2_001183.gray
1191,0,173362357321000,c0_001191.gray
1191,2,173362357307000,c2_001191.gray
1197,0,173362371658000,c0_001197.gray
1197,2,173362371643000,c2_001197.gray
1205,0,173362390657000,c0_001205.gray
1205,2,173362390642000,c2_001205.gray
1211,0,173362405012000,c0_001211.gray
1211,2,173362405002000,c2_001211.gray
1219,0,173362423989000,c0_001219.gray
1219,2,173362423975000,c2_001219.gray
1224,0,173362438327000,c0_001224.gray
1224,2,173362438311000,c2_001224.gray
1232,0,173362457340000,c0_001232.gray
1232,2,173362457315000,c2_001232.gray
1234,0,173362471693000,c0_001234.gray
1234,2,173362471662000,c2_001234.gray
1238,0,173362490685000,c0_001238.gray
1238,2,173362490655000,c2_001238.gray
1240,0,173362505153000,c0_001240.gray
1240,2,173362505125000,c2_001240.gray
1244,0,173362524283000,c0_001244.gray
1244,2,173362524256000,c2_001244.gray
1246,0,173362538358000,c0_001246.gray
1246,2,173362538329000,c2_001246.gray
1250,0,173362557687000,c0_001250.gray
1250,2,173362557662000,c2_001250.gray
1252,0,173362571699000,c0_001252.gray
1252,2,173362571662000,c2_001252.gray
1256,0,173362590683000,c0_001256.gray
1256,2,173362590652000,c2_001256.gray
1258,0,173362605029000,c0_001258.gray
1258,2,173362604989000,c2_001258.gray
1262,0,173362624028000,c0_001262.gray
1262,2,173362623992000,c2_001262.gray
1265,0,173362638360000,c0_001265.gray
1265,2,173362638325000,c2_001265.gray
1269,0,173362657357000,c0_001269.gray
1269,2,173362657322000,c2_001269.gray
1271,0,173362671692000,c0_001271.gray
1271,2,173362671658000,c2_001271.gray
1275,0,173362690689000,c0_001275.gray
1275,2,173362690657000,c2_001275.gray
1277,0,173362705027000,c0_001277.gray
1277,2,173362704994000,c2_001277.gray
1282,0,173362724021000,c0_001282.gray
1282,2,173362723989000,c2_001282.gray
1284,0,173362738361000,c0_001284.gray
1284,2,173362738326000,c2_001284.gray
1289,0,173362757382000,c0_001289.gray
1289,2,173362757347000,c2_001289.gray
1290,2,173362771663000,c2_001290.gray
1291,0,173362771699000,c0_001291.gray
1295,0,173362790696000,c0_001295.gray
1295,2,173362790660000,c2_001295.gray
1297,0,173362805034000,c0_001297.gray
1297,2,173362804995000,c2_001297.gray
1301,0,173362824023000,c0_001301.gray
1301,2,173362823989000,c2_001301.gray
1304,0,173362838362000,c0_001304.gray
1304,2,173362838327000,c2_001304.gray
1308,0,173362857362000,c0_001308.gray
1308,2,173362857327000,c2_001308.gray
1310,0,173362871699000,c0_001310.gray
1310,2,173362871662000,c2_001310.gray
1315,0,173362890695000,c0_001315.gray
1315,2,173362890660000,c2_001315.gray
1317,0,173362905032000,c0_001317.gray
1317,2,173362904995000,c2_001317.gray
1321,2,173362923987000,c2_001321.gray
1322,0,173362924023000,c0_001322.gray
1324,0,173362938364000,c0_001324.gray
1324,2,173362938330000,c2_001324.gray
1328,0,173362957362000,c0_001328.gray
1328,2,173362957326000,c2_001328.gray
1330,0,173362971701000,c0_001330.gray
1330,2,173362971664000,c2_001330.gray
1335,0,173362990695000,c0_001335.gray
1335,2,173362990659000,c2_001335.gray
1337,0,173363005048000,c0_001337.gray
1337,2,173363004999000,c2_001337.gray
1341,0,173363024102000,c0_001341.gray
1341,2,173363024050000,c2_001341.gray
1343,0,173363038408000,c0_001343.gray
1343,2,173363038370000,c2_001343.gray
1350,0,173363057332000,c0_001350.gray
1350,2,173363057314000,c2_001350.gray
1356,0,173363071663000,c0_001356.gray
1356,2,173363071648000,c2_001356.gray
1364,0,173363090659000,c0_001364.gray
1364,2,173363090645000,c2_001364.gray
1370,0,173363104995000,c0_001370.gray
1370,2,173363104981000,c2_001370.gray
1378,0,173363124027000,c0_001378.gray
1378,2,173363123991000,c2_001378.gray
1380,0,173363138373000,c0_001380.gray
1380,2,173363138331000,c2_001380.gray
1384,0,173363157350000,c0_001384.gray
1384,2,173363157323000,c2_001384.gray
1386,0,173363171685000,c0_001386.gray
1386,2,173363171659000,c2_001386.gray
1390,0,173363190695000,c0_001390.gray
1390,2,173363190660000,c2_001390.gray
1392,0,173363205029000,c0_001392.gray
1392,2,173363205003000,c2_001392.gray
1396,0,173363224030000,c0_001396.gray
1396,2,173363223993000,c2_001396.gray
1398,0,173363238370000,c0_001398.gray
1398,2,173363238332000,c2_001398.gray
1402,0,173363257359000,c0_001402.gray
1402,2,173363257326000,c2_001402.gray
1404,0,173363271696000,c0_001404.gray
1404,2,173363271660000,c2_001404.gray
1408,0,173363290697000,c0_001408.gray
1408,2,173363290661000,c2_001408.gray
1410,0,173363305035000,c0_001410.gray
1410,2,173363305009000,c2_001410.gray
1414,0,173363324029000,c0_001414.gray
1414,2,173363323994000,c2_001414.gray
1416,0,173363338353000,c0_001416.gray
1416,2,173363338327000,c2_001416.gray
1420,0,173363357364000,c0_001420.gray
1420,2,173363357328000,c2_001420.gray
1422,0,173363371688000,c0_001422.gray
1422,2,173363371659000,c2_001422.gray
1426,0,173363390695000,c0_001426.gray
1426,2,173363390661000,c2_001426.gray
1428,0,173363405036000,c0_001428.gray
1428,2,173363405010000,c2_001428.gray
1432,0,173363424029000,c0_001432.gray
1432,2,173363423994000,c2_001432.gray
1434,0,173363438373000,c0_001434.gray
1434,2,173363438335000,c2_001434.gray
1438,0,173363457360000,c0_001438.gray
1438,2,173363457327000,c2_001438.gray
1440,0,173363471705000,c0_001440.gray
1440,2,173363471669000,c2_001440.gray
1444,0,173363490695000,c0_001444.gray
1444,2,173363490660000,c2_001444.gray
1446,0,173363505038000,c0_001446.gray
1446,2,173363505001000,c2_001446.gray
1450,0,173363524043000,c0_001450.gray
1450,2,173363523995000,c2_001450.gray
1452,0,173363538372000,c0_001452.gray
1452,2,173363538335000,c2_001452.gray
1456,0,173363557349000,c0_001456.gray
1456,2,173363557324000,c2_001456.gray
1458,0,173363571703000,c0_001458.gray
1458,2,173363571667000,c2_001458.gray
1462,0,173363590684000,c0_001462.gray
1462,2,173363590658000,c2_001462.gray
1464,0,173363605040000,c0_001464.gray
1464,2,173363605003000,c2_001464.gray
1468,0,173363624023000,c0_001468.gray
1468,2,173363623997000,c2_001468.gray
1470,0,173363638373000,c0_001470.gray
1470,2,173363638335000,c2_001470.gray
1474,0,173363657354000,c0_001474.gray
1474,2,173363657329000,c2_001474.gray
1476,0,173363671706000,c0_001476.gray
1476,2,173363671668000,c2_001476.gray
1480,0,173363690695000,c0_001480.gray
1480,2,173363690670000,c2_001480.gray
1482,0,173363705037000,c0_001482.gray
1482,2,173363705001000,c2_001482.gray
1486,0,173363724052000,c0_001486.gray
1486,2,173363724026000,c2_001486.gray
1488,0,173363738375000,c0_001488.gray
1488,2,173363738336000,c2_001488.gray
1492,0,173363757353000,c0_001492.gray
1492,2,173363757327000,c2_001492.gray
1494,0,173363771706000,c0_001494.gray
1494,2,173363771669000,c2_001494.gray
1498,0,173363790699000,c0_001498.gray
1498,2,173363790663000,c2_001498.gray
1500,0,173363805041000,c0_001500.gray
1500,2,173363805003000,c2_001500.gray
1504,0,173363824028000,c0_001504.gray
1504,2,173363824004000,c2_001504.gray
1506,2,173363838336000,c2_001506.gray
1507,0,173363838373000,c0_001507.gray
1510,2,173363857351000,c2_001510.gray
1511,0,173363857387000,c0_001511.gray
1512,2,173363871670000,c2_001512.gray
1513,0,173363871706000,c0_001513.gray
1516,2,173363890676000,c2_001516.gray
1517,0,173363890701000,c0_001517.gray
1519,0,173363905040000,c0_001519.gray
1519,2,173363905003000,c2_001519.gray
1523,0,173363924024000,c0_001523.gray
1523,2,173363923997000,c2_001523.gray
1525,0,173363938374000,c0_001525.gray
1525,2,173363938337000,c2_001525.gray
1529,0,173363957364000,c0_001529.gray
1529,2,173363957330000,c2_001529.gray
1531,0,173363971709000,c0_001531.gray
1531,2,173363971671000,c2_001531.gray
1535,0,173363990705000,c0_001535.gray
1535,2,173363990681000,c2_001535.gray
1537,0,173364005033000,c0_001537.gray
1537,2,173364005003000,c2_001537.gray
1541,0,173364023996000,c0_001541.gray
1541,2,173364023986000,c2_001541.gray
1546,0,173364038355000,c0_001546.gray
1546,2,173364038338000,c2_001546.gray
1554,0,173364057336000,c0_001554.gray
1554,2,173364057320000,c2_001554.gray
1560,0,173364071672000,c0_001560.gray
1560,2,173364071656000,c2_001560.gray
1568,0,173364090721000,c0_001568.gray
1568,2,173364090707000,c2_001568.gray
1574,0,173364105005000,c0_001574.gray
1574,2,173364104989000,c2_001574.gray
1582,0,173364123999000,c0_001582.gray
1582,2,173364123985000,c2_001582.gray
1588,0,173364138340000,c0_001588.gray
1588,2,173364138324000,c2_001588.gray
1596,0,173364157331000,c0_001596.gray
1596,2,173364157319000,c2_001596.gray
1602,0,173364171670000,c0_001602.gray
1602,2,173364171656000,c2_001602.gray
1610,0,173364190668000,c0_001610.gray
1610,2,173364190653000,c2_001610.gray
1616,0,173364205002000,c0_001616.gray
1616,2,173364204989000,c2_001616.gray
1624,0,173364224095000,c0_001624.gray
1624,2,173364224085000,c2_001624.gray
1630,0,173364238336000,c0_001630.gray
1630,2,173364238322000,c2_001630.gray
1635,0,173364257363000,c0_001635.gray
1635,2,173364257331000,c2_001635.gray
1637,0,173364271960000,c0_001637.gray
1637,2,173364271932000,c2_001637.gray
1641,0,173364290697000,c0_001641.gray
1641,2,173364290667000,c2_001641.gray
1643,0,173364305116000,c0_001643.gray
1643,2,173364305078000,c2_001643.gray
1646,0,173364324059000,c0_001646.gray
1646,2,173364324033000,c2_001646.gray
1648,0,173364338357000,c0_001648.gray
1648,2,173364338331000,c2_001648.gray
1656,0,173364357331000,c0_001656.gray
1656,2,173364357321000,c2_001656.gray
1661,0,173364371665000,c0_001661.gray
1661,2,173364371654000,c2_001661.gray
1669,0,173364390666000,c0_001669.gray
1669,2,173364390657000,c2_001669.gray
1675,0,173364404996000,c0_001675.gray
1675,2,173364404987000,c2_001675.gray
1683,0,173364424001000,c0_001683.gray
1683,2,173364423992000,c2_001683.gray
1689,0,173364438331000,c0_001689.gray
1689,2,173364438322000,c2_001689.gray
1697,0,173364457330000,c0_001697.gray
1697,2,173364457320000,c2_001697.gray
1703,0,173364471672000,c0_001703.gray
1703,2,173364471663000,c2_001703.gray
1711,0,173364490659000,c0_001711.gray
1711,2,173364490650000,c2_001711.gray
1717,0,173364505000000,c0_001717.gray
1717,2,173364504990000,c2_001717.gray
1725,0,173364523996000,c0_001725.gray
1725,2,173364523987000,c2_001725.gray
1731,0,173364538331000,c0_001731.gray
1731,2,173364538321000,c2_001731.gray
1738,0,173364557335000,c0_001738.gray
1738,2,173364557320000,c2_001738.gray
1743,0,173364571671000,c0_001743.gray
1743,2,173364571659000,c2_001743.gray
1751,0,173364590662000,c0_001751.gray
1751,2,173364590652000,c2_001751.gray
1757,0,173364604998000,c0_001757.gray
1757,2,173364604988000,c2_001757.gray
1765,0,173364624001000,c0_001765.gray
1765,2,173364623992000,c2_001765.gray
1771,0,173364638337000,c0_001771.gray
1771,2,173364638328000,c2_001771.gray
1779,0,173364657332000,c0_001779.gray
1779,2,173364657324000,c2_001779.gray
1785,0,173364671669000,c0_001785.gray
1785,2,173364671659000,c2_001785.gray
1793,0,173364690670000,c0_001793.gray
1793,2,173364690660000,c2_001793.gray
1799,0,173364704999000,c0_001799.gray
1799,2,173364704988000,c2_001799.gray
1807,0,173364724005000,c0_001807.gray
1807,2,173364723989000,c2_001807.gray
1813,0,173364738338000,c0_001813.gray
1813,2,173364738324000,c2_001813.gray
1821,0,173364757339000,c0_001821.gray
1821,2,173364757323000,c2_001821.gray
1826,0,173364771673000,c0_001826.gray
1826,2,173364771658000,c2_001826.gray
1834,0,173364790688000,c0_001834.gray
1834,2,173364790661000,c2_001834.gray
1838,0,173364805032000,c0_001838.gray
1838,2,173364805005000,c2_001838.gray
1842,0,173364824043000,c0_001842.gray
1842,2,173364824005000,c2_001842.gray
1844,0,173364838391000,c0_001844.gray
1844,2,173364838363000,c2_001844.gray
1849,0,173364857371000,c0_001849.gray
1849,2,173364857336000,c2_001849.gray
1851,0,173364871701000,c0_001851.gray
1851,2,173364871674000,c2_001851.gray
1855,0,173364890708000,c0_001855.gray
1855,2,173364890672000,c2_001855.gray
1857,2,173364905027000,c2_001857.gray
1858,0,173364905052000,c0_001858.gray
1862,0,173364924040000,c0_001862.gray
1862,2,173364924003000,c2_001862.gray
1864,0,173364938393000,c0_001864.gray
1864,2,173364938366000,c2_001864.gray
1868,2,173364957339000,c2_001868.gray
1869,0,173364957375000,c0_001869.gray
1871,0,173364971698000,c0_001871.gray
1871,2,173364971670000,c2_001871.gray
1875,0,173364990710000,c0_001875.gray
1875,2,173364990674000,c2_001875.gray
1876,2,173365005006000,c2_001876.gray
1877,0,173365005034000,c0_001877.gray
1880,0,173365024011000,c0_001880.gray
1880,2,173365023995000,c2_001880.gray
1886,0,173365038347000,c0_001886.gray
1886,2,173365038329000,c2_001886.gray
1891,0,173365057356000,c0_001891.gray
1891,2,173365057329000,c2_001891.gray
1895,0,173365071696000,c0_001895.gray
1895,2,173365071669000,c2_001895.gray
1901,0,173365090722000,c0_001901.gray
1901,2,173365090691000,c2_001901.gray
1904,0,173365105081000,c0_001904.gray
1904,2,173365105041000,c2_001904.gray
1908,0,173365124033000,c0_001908.gray
1908,2,173365124006000,c2_001908.gray
1910,0,173365138373000,c0_001910.gray
1910,2,173365138344000,c2_001910.gray
1914,0,173365157362000,c0_001914.gray
1914,2,173365157335000,c2_001914.gray
1915,2,173365171676000,c2_001915.gray
1916,0,173365171705000,c0_001916.gray
1919,0,173365190721000,c0_001919.gray
1919,2,173365190684000,c2_001919.gray
1921,0,173365205050000,c0_001921.gray
1921,2,173365205011000,c2_001921.gray
1925,0,173365224077000,c0_001925.gray
1925,2,173365224041000,c2_001925.gray
1927,0,173365238384000,c0_001927.gray
1927,2,173365238346000,c2_001927.gray
1931,0,173365257377000,c0_001931.gray
1931,2,173365257340000,c2_001931.gray
1933,0,173365271714000,c0_001933.gray
1933,2,173365271677000,c2_001933.gray
1937,0,173365290713000,c0_001937.gray
1937,2,173365290675000,c2_001937.gray
1939,0,173365305052000,c0_001939.gray
1939,2,173365305013000,c2_001939.gray
1943,0,173365324048000,c0_001943.gray
1943,2,173365324009000,c2_001943.gray
1945,0,173365338389000,c0_001945.gray
1945,2,173365338348000,c2_001945.gray
1949,0,173365357381000,c0_001949.gray
1949,2,173365357344000,c2_001949.gray
1951,0,173365371720000,c0_001951.gray
1951,2,173365371681000,c2_001951.gray
1955,0,173365390745000,c0_001955.gray
1955,2,173365390709000,c2_001955.gray
1957,0,173365405054000,c0_001957.gray
1957,2,173365405015000,c2_001957.gray
1961,0,173365424050000,c0_001961.gray
1961,2,173365424010000,c2_001961.gray
1963,0,173365438372000,c0_001963.gray
1963,2,173365438344000,c2_001963.gray
1966,0,173365457378000,c0_001966.gray
1966,2,173365457342000,c2_001966.gray
1968,0,173365471718000,c0_001968.gray
1968,2,173365471681000,c2_001968.gray
1972,0,173365490713000,c0_001972.gray
1972,2,173365490678000,c2_001972.gray
1974,0,173365505064000,c0_001974.gray
1974,2,173365505029000,c2_001974.gray
1978,0,173365524046000,c0_001978.gray
1978,2,173365524011000,c2_001978.gray
1980,0,173365538380000,c0_001980.gray
1980,2,173365538345000,c2_001980.gray
1985,0,173365557490000,c0_001985.gray
1985,2,173365557458000,c2_001985.gray
1987,0,173365571716000,c0_001987.gray
1987,2,173365571681000,c2_001987.gray
1991,0,173365590709000,c0_001991.gray
1991,2,173365590674000,c2_001991.gray
1994,0,173365605034000,c0_001994.gray
1994,2,173365605008000,c2_001994.gray
1998,0,173365624044000,c0_001998.gray
1998,2,173365624009000,c2_001998.gray
2000,0,173365638385000,c0_002000.gray
2000,2,173365638359000,c2_002000.gray
2004,0,173365657376000,c0_002004.gray
2004,2,173365657342000,c2_002004.gray
2006,0,173365671731000,c0_002006.gray
2006,2,173365671695000,c2_002006.gray
2010,0,173365690708000,c0_002010.gray
2010,2,173365690674000,c2_002010.gray
2013,0,173365705059000,c0_002013.gray
2013,2,173365705023000,c2_002013.gray
2016,0,173365724044000,c0_002016.gray
2016,2,173365724010000,c2_002016.gray
2019,0,173365738486000,c0_002019.gray
2019,2,173365738452000,c2_002019.gray
2023,0,173365757378000,c0_002023.gray
2023,2,173365757343000,c2_002023.gray
2025,0,173365771703000,c0_002025.gray
2025,2,173365771676000,c2_002025.gray
2029,0,173365790712000,c0_002029.gray
2029,2,173365790675000,c2_002029.gray
2031,0,173365805035000,c0_002031.gray
2031,2,173365805009000,c2_002031.gray
2035,0,173365824045000,c0_002035.gray
2035,2,173365824011000,c2_002035.gray
2037,0,173365838390000,c0_002037.gray
2037,2,173365838354000,c2_002037.gray
2042,0,173365857377000,c0_002042.gray
2042,2,173365857342000,c2_002042.gray
2044,0,173365871703000,c0_002044.gray
2044,2,173365871677000,c2_002044.gray
2048,0,173365890711000,c0_002048.gray
2048,2,173365890675000,c2_002048.gray
2050,0,173365905035000,c0_002050.gray
2050,2,173365905009000,c2_002050.gray
2054,0,173365924049000,c0_002054.gray
2054,2,173365924011000,c2_002054.gray
2056,0,173365938370000,c0_002056.gray
2056,2,173365938344000,c2_002056.gray
2057,0,173365957382000,c0_002057.gray
2057,2,173365957346000,c2_002057.gray
2062,0,173365971681000,c0_002062.gray
2062,2,173365971666000,c2_002062.gray
2070,0,173365990689000,c0_002070.gray
2070,2,173365990667000,c2_002070.gray
2073,0,173366005044000,c0_002073.gray
2073,2,173366005011000,c2_002073.gray
2077,0,173366024032000,c0_002077.gray
2077,2,173366024007000,c2_002077.gray
2079,0,173366038386000,c0_002079.gray
2079,2,173366038349000,c2_002079.gray
2083,0,173366057414000,c0_002083.gray
2083,2,173366057376000,c2_002083.gray
2085,0,173366071723000,c0_002085.gray
2085,2,173366071685000,c2_002085.gray
2090,0,173366090684000,c0_002090.gray
2090,2,173366090668000,c2_002090.gray
2096,0,173366105017000,c0_002096.gray
2096,2,173366105002000,c2_002096.gray
2104,0,173366124055000,c0_002104.gray
2104,2,173366124045000,c2_002104.gray
2110,0,173366138349000,c0_002110.gray
2110,2,173366138334000,c2_002110.gray
2118,0,173366157344000,c0_002118.gray
2118,2,173366157329000,c2_002118.gray
2124,0,173366171679000,c0_002124.gray
2124,2,173366171665000,c2_002124.gray
2132,0,173366190677000,c0_002132.gray
2132,2,173366190662000,c2_002132.gray
2138,0,173366205012000,c0_002138.gray
2138,2,173366204999000,c2_002138.gray
2146,0,173366224014000,c0_002146.gray
2146,2,173366224000000,c2_002146.gray
2152,0,173366238343000,c0_002152.gray
2152,2,173366238331000,c2_002152.gray
2160,0,173366257345000,c0_002160.gray
2160,2,173366257330000,c2_002160.gray
2166,0,173366271680000,c0_002166.gray
2166,2,173366271666000,c2_002166.gray
2174,0,173366290679000,c0_002174.gray
2174,2,173366290665000,c2_002174.gray
2180,0,173366305017000,c0_002180.gray
2180,2,173366305001000,c2_002180.gray
2188,0,173366324021000,c0_002188.gray
2188,2,173366324004000,c2_002188.gray
2191,0,173366338563000,c0_002191.gray
2191,2,173366338541000,c2_002191.gray
2196,0,173366357377000,c0_002196.gray
2196,2,173366357354000,c2_002196.gray
2198,0,173366371710000,c0_002198.gray
2198,2,173366371684000,c2_002198.gray
2203,0,173366390675000,c0_002203.gray
2203,2,173366390664000,c2_002203.gray
2209,0,173366405018000,c0_002209.gray
2209,2,173366405007000,c2_002209.gray
2217,0,173366424011000,c0_002217.gray
2217,2,173366424001000,c2_002217.gray
2223,0,173366438352000,c0_002223.gray
2223,2,173366438343000,c2_002223.gray
2231,0,173366457338000,c0_002231.gray
2231,2,173366457328000,c2_002231.gray
2237,0,173366471680000,c0_002237.gray
2237,2,173366471671000,c2_002237.gray
2245,0,173366490678000,c0_002245.gray
2245,2,173366490668000,c2_002245.gray
2251,0,173366505011000,c0_002251.gray
2251,2,173366505002000,c2_002251.gray
2259,0,173366524016000,c0_002259.gray
2259,2,173366524005000,c2_002259.gray
2265,0,173366538351000,c0_002265.gray
2265,2,173366538341000,c2_002265.gray
2273,0,173366557340000,c0_002273.gray
2273,2,173366557330000,c2_002273.gray
2279,0,173366571679000,c0_002279.gray
2279,2,173366571669000,c2_002279.gray
2287,0,173366590682000,c0_002287.gray
2287,2,173366590672000,c2_002287.gray
2293,0,173366605015000,c0_002293.gray
2293,2,173366605005000,c2_002293.gray
2301,0,173366624011000,c0_002301.gray
2301,2,173366624002000,c2_002301.gray
2307,0,173366638344000,c0_002307.gray
2307,2,173366638334000,c2_002307.gray
2315,0,173366657338000,c0_002315.gray
2315,2,173366657329000,c2_002315.gray
2321,0,173366671687000,c0_002321.gray
2321,2,173366671676000,c2_002321.gray
2329,0,173366690675000,c0_002329.gray
2329,2,173366690665000,c2_002329.gray
2335,0,173366705023000,c0_002335.gray
2335,2,173366705006000,c2_002335.gray
2343,0,173366724018000,c0_002343.gray
2343,2,173366724001000,c2_002343.gray
2348,0,173366738353000,c0_002348.gray
2348,2,173366738337000,c2_002348.gray
2356,0,173366757351000,c0_002356.gray
2356,2,173366757335000,c2_002356.gray
2362,0,173366771708000,c0_002362.gray
2362,2,173366771698000,c2_002362.gray
2370,0,173366790708000,c0_002370.gray
2370,2,173366790688000,c2_002370.gray
2373,0,173366805024000,c0_002373.gray
2373,2,173366805008000,c2_002373.gray
2381,0,173366824018000,c0_002381.gray
2381,2,173366824003000,c2_002381.gray
2387,0,173366838437000,c0_002387.gray
2387,2,173366838427000,c2_002387.gray
2394,0,173366857368000,c0_002394.gray
2394,2,173366857345000,c2_002394.gray
2396,0,173366871730000,c0_002396.gray
2396,2,173366871705000,c2_002396.gray
2400,0,173366890703000,c0_002400.gray
2400,2,173366890677000,c2_002400.gray
2402,2,173366905007000,c2_002402.gray
2403,0,173366905024000,c0_002403.gray
2410,0,173366924041000,c0_002410.gray
2410,2,173366924012000,c2_002410.gray
2413,0,173366938367000,c0_002413.gray
2413,2,173366938346000,c2_002413.gray
2418,0,173366957388000,c0_002418.gray
2418,2,173366957351000,c2_002418.gray
2420,0,173366971722000,c0_002420.gray
2420,2,173366971687000,c2_002420.gray
2424,0,173366990714000,c0_002424.gray
2424,2,173366990681000,c2_002424.gray
2426,0,173367005068000,c0_002426.gray
2426,2,173367005036000,c2_002426.gray
2430,2,173367024014000,c2_002430.gray
2431,0,173367024047000,c0_002431.gray
2433,0,173367038391000,c0_002433.gray
2433,2,173367038354000,c2_002433.gray
2437,0,173367057379000,c0_002437.gray
2437,2,173367057348000,c2_002437.gray
2439,0,173367071724000,c0_002439.gray
2439,2,173367071688000,c2_002439.gray
2443,0,173367090717000,c0_002443.gray
2443,2,173367090684000,c2_002443.gray
2445,0,173367105061000,c0_002445.gray
2445,2,173367105023000,c2_002445.gray
2450,0,173367124107000,c0_002450.gray
2450,2,173367124072000,c2_002450.gray
2452,0,173367138395000,c0_002452.gray
2452,2,173367138358000,c2_002452.gray
2456,0,173367157388000,c0_002456.gray
2456,2,173367157351000,c2_002456.gray
2459,0,173367171711000,c0_002459.gray
2459,2,173367171685000,c2_002459.gray
2463,0,173367190721000,c0_002463.gray
2463,2,173367190686000,c2_002463.gray
2465,0,173367205057000,c0_002465.gray
2465,2,173367205022000,c2_002465.gray
2469,2,173367224014000,c2_002469.gray
2470,0,173367224046000,c0_002470.gray
2472,0,173367238396000,c0_002472.gray
2472,2,173367238357000,c2_002472.gray
2476,0,173367257393000,c0_002476.gray
2476,2,173367257351000,c2_002476.gray
2478,0,173367271754000,c0_002478.gray
2478,2,173367271722000,c2_002478.gray
2483,0,173367290723000,c0_002483.gray
2483,2,173367290687000,c2_002483.gray
2485,0,173367305056000,c0_002485.gray
2485,2,173367305022000,c2_002485.gray
2489,0,173367324051000,c0_002489.gray
2489,2,173367324016000,c2_002489.gray
2492,0,173367338382000,c0_002492.gray
2492,2,173367338354000,c2_002492.gray
2496,0,173367357394000,c0_002496.gray
2496,2,173367357355000,c2_002496.gray
2498,0,173367371715000,c0_002498.gray
2498,2,173367371687000,c2_002498.gray
2503,0,173367390785000,c0_002503.gray
2503,2,173367390751000,c2_002503.gray
2505,0,173367405065000,c0_002505.gray
2505,2,173367405027000,c2_002505.gray
2509,0,173367424056000,c0_002509.gray
2509,2,173367424020000,c2_002509.gray
2512,0,173367438401000,c0_002512.gray
2512,2,173367438361000,c2_002512.gray
2516,0,173367457380000,c0_002516.gray
2516,2,173367457354000,c2_002516.gray
2518,0,173367471731000,c0_002518.gray
2518,2,173367471693000,c2_002518.gray
2523,0,173367490729000,c0_002523.gray
2523,2,173367490692000,c2_002523.gray
2525,0,173367505063000,c0_002525.gray
2525,2,173367505025000,c2_002525.gray
2529,0,173367524059000,c0_002529.gray
2529,2,173367524023000,c2_002529.gray
2532,0,173367538398000,c0_002532.gray
2532,2,173367538360000,c2_002532.gray
2536,0,173367557392000,c0_002536.gray
2536,2,173367557356000,c2_002536.gray
2538,0,173367571730000,c0_002538.gray
2538,2,173367571694000,c2_002538.gray
2543,0,173367590728000,c0_002543.gray
2543,2,173367590690000,c2_002543.gray
2545,0,173367605063000,c0_002545.gray
2545,2,173367605027000,c2_002545.gray
2549,0,173367624061000,c0_002549.gray
2549,2,173367624024000,c2_002549.gray
2551,2,173367638359000,c2_002551.gray
2552,0,173367638396000,c0_002552.gray
2555,2,173367657356000,c2_002555.gray
2556,0,173367657392000,c0_002556.gray
2558,0,173367671730000,c0_002558.gray
2558,2,173367671693000,c2_002558.gray
2562,0,173367690727000,c0_002562.gray
2562,2,173367690691000,c2_002562.gray
2564,0,173367705048000,c0_002564.gray
2564,2,173367705023000,c2_002564.gray
2568,2,173367724023000,c2_002568.gray
2569,0,173367724057000,c0_002569.gray
2571,0,173367738396000,c0_002571.gray
2571,2,173367738360000,c2_002571.gray
2575,0,173367757421000,c0_002575.gray
2575,2,173367757385000,c2_002575.gray
2577,0,173367771729000,c0_002577.gray
2577,2,173367771693000,c2_002577.gray
2581,0,173367790722000,c0_002581.gray
2581,2,173367790688000,c2_002581.gray
2583,0,173367805061000,c0_002583.gray
2583,2,173367805026000,c2_002583.gray
2588,0,173367824057000,c0_002588.gray
2588,2,173367824023000,c2_002588.gray
2590,0,173367838397000,c0_002590.gray
2590,2,173367838361000,c2_002590.gray
2594,0,173367857395000,c0_002594.gray
2594,2,173367857358000,c2_002594.gray
2596,0,173367871730000,c0_002596.gray
2596,2,173367871694000,c2_002596.gray
2600,0,173367890722000,c0_002600.gray
2600,2,173367890689000,c2_002600.gray
2602,0,173367905063000,c0_002602.gray
2602,2,173367905027000,c2_002602.gray
2606,2,173367924023000,c2_002606.gray
2607,0,173367924059000,c0_002607.gray
2609,0,173367938434000,c0_002609.gray
2609,2,173367938398000,c2_002609.gray
2613,0,173367957394000,c0_002613.gray
2613,2,173367957358000,c2_002613.gray
2615,0,173367971747000,c0_002615.gray
2615,2,173367971711000,c2_002615.gray
2619,0,173367990709000,c0_002619.gray
2619,2,173367990684000,c2_002619.gray
2621,0,173368005087000,c0_002621.gray
2621,2,173368005052000,c2_002621.gray
2625,2,173368024038000,c2_002625.gray
2626,0,173368024072000,c0_002626.gray
2628,0,173368038397000,c0_002628.gray
2628,2,173368038362000,c2_002628.gray
2632,0,173368057404000,c0_002632.gray
2632,2,173368057369000,c2_002632.gray
2634,0,173368071731000,c0_002634.gray
2634,2,173368071696000,c2_002634.gray
2637,0,173368090744000,c0_002637.gray
2637,2,173368090703000,c2_002637.gray
2638,0,173368105123000,c0_002638.gray
2638,2,173368105084000,c2_002638.gray
2642,0,173368124083000,c0_002642.gray
2642,2,173368124048000,c2_002642.gray
2644,0,173368138400000,c0_002644.gray
2644,2,173368138362000,c2_002644.gray
2648,0,173368157396000,c0_002648.gray
2648,2,173368157359000,c2_002648.gray
2650,0,173368171716000,c0_002650.gray
2650,2,173368171690000,c2_002650.gray
2655,0,173368190724000,c0_002655.gray
2655,2,173368190690000,c2_002655.gray
2657,0,173368205065000,c0_002657.gray
2657,2,173368205029000,c2_002657.gray
2661,0,173368224064000,c0_002661.gray
2661,2,173368224027000,c2_002661.gray
2663,0,173368238407000,c0_002663.gray
2663,2,173368238369000,c2_002663.gray
2667,0,173368257395000,c0_002667.gray
2667,2,173368257359000,c2_002667.gray
2669,0,173368271735000,c0_002669.gray
2669,2,173368271697000,c2_002669.gray
2673,0,173368290726000,c0_002673.gray
2673,2,173368290692000,c2_002673.gray
2675,0,173368305065000,c0_002675.gray
2675,2,173368305029000,c2_002675.gray
2680,0,173368324082000,c0_002680.gray
2680,2,173368324048000,c2_002680.gray
2682,0,173368338400000,c0_002682.gray
2682,2,173368338363000,c2_002682.gray
2686,0,173368357397000,c0_002686.gray
2686,2,173368357362000,c2_002686.gray
2688,0,173368371735000,c0_002688.gray
2688,2,173368371697000,c2_002688.gray
2692,0,173368390712000,c0_002692.gray
2692,2,173368390687000,c2_002692.gray
2694,0,173368405069000,c0_002694.gray
2694,2,173368405033000,c2_002694.gray
2699,0,173368424030000,c0_002699.gray
2699,2,173368424015000,c2_002699.gray
2705,0,173368438366000,c0_002705.gray
2705,2,173368438351000,c2_002705.gray
2713,0,173368457361000,c0_002713.gray
2713,2,173368457346000,c2_002713.gray
2718,0,173368471698000,c0_002718.gray
2718,2,173368471683000,c2_002718.gray
2727,0,173368490697000,c0_002727.gray
2727,2,173368490681000,c2_002727.gray
2732,0,173368505031000,c0_002732.gray
2732,2,173368505016000,c2_002732.gray
2741,0,173368524025000,c0_002741.gray
2741,2,173368524012000,c2_002741.gray
2747,0,173368538459000,c0_002747.gray
2747,2,173368538449000,c2_002747.gray
2755,0,173368557362000,c0_002755.gray
2755,2,173368557347000,c2_002755.gray
2760,0,173368571779000,c0_002760.gray
2760,2,173368571769000,c2_002760.gray
2768,0,173368590694000,c0_002768.gray
2768,2,173368590680000,c2_002768.gray
2774,0,173368605075000,c0_002774.gray
2774,2,173368605058000,c2_002774.gray
2780,0,173368624244000,c0_002780.gray
2780,2,173368624220000,c2_002780.gray
2782,0,173368638401000,c0_002782.gray
2782,2,173368638369000,c2_002782.gray
2786,0,173368657410000,c0_002786.gray
2786,2,173368657381000,c2_002786.gray
2788,0,173368671739000,c0_002788.gray
2788,2,173368671700000,c2_002788.gray
2792,0,173368690732000,c0_002792.gray
2792,2,173368690697000,c2_002792.gray
2795,0,173368705054000,c0_002795.gray
2795,2,173368705028000,c2_002795.gray
2799,0,173368724056000,c0_002799.gray
2799,2,173368724027000,c2_002799.gray
2801,0,173368738400000,c0_002801.gray
2801,2,173368738365000,c2_002801.gray
2805,0,173368757393000,c0_002805.gray
2805,2,173368757359000,c2_002805.gray
2807,0,173368771728000,c0_002807.gray
2807,2,173368771695000,c2_002807.gray
2811,0,173368790726000,c0_002811.gray
2811,2,173368790693000,c2_002811.gray
2813,2,173368805030000,c2_002813.gray
2814,0,173368805064000,c0_002814.gray
2818,0,173368824068000,c0_002818.gray
2818,2,173368824032000,c2_002818.gray
2820,0,173368838405000,c0_002820.gray
2820,2,173368838368000,c2_002820.gray
2824,0,173368857398000,c0_002824.gray
2824,2,173368857365000,c2_002824.gray
2826,0,173368871731000,c0_002826.gray
2826,2,173368871697000,c2_002826.gray
2831,0,173368890771000,c0_002831.gray
2831,2,173368890739000,c2_002831.gray
2833,0,173368905070000,c0_002833.gray
2833,2,173368905036000,c2_002833.gray
2837,0,173368924062000,c0_002837.gray
2837,2,173368924026000,c2_002837.gray
2839,0,173368938401000,c0_002839.gray
2839,2,173368938367000,c2_002839.gray
2844,0,173368957391000,c0_002844.gray
2844,2,173368957366000,c2_002844.gray
2846,0,173368971734000,c0_002846.gray
2846,2,173368971700000,c2_002846.gray
2850,0,173368990729000,c0_002850.gray
2850,2,173368990695000,c2_002850.gray
2852,0,173369005074000,c0_002852.gray
2852,2,173369005037000,c2_002852.gray
2856,0,173369024055000,c0_002856.gray
2856,2,173369024029000,c2_002856.gray
2858,0,173369038394000,c0_002858.gray
2858,2,173369038368000,c2_002858.gray
2862,0,173369057405000,c0_002862.gray
2862,2,173369057368000,c2_002862.gray
2864,0,173369071744000,c0_002864.gray
2864,2,173369071704000,c2_002864.gray
2868,0,173369090722000,c0_002868.gray
2868,2,173369090694000,c2_002868.gray
2869,0,173369105110000,c0_002869.gray
2869,2,173369105050000,c2_002869.gray
2873,0,173369124035000,c0_002873.gray
2873,2,173369124019000,c2_002873.gray
2879,0,173369138371000,c0_002879.gray
2879,2,173369138355000,c2_002879.gray
2886,0,173369157368000,c0_002886.gray
2886,2,173369157352000,c2_002886.gray
2892,0,173369171701000,c0_002892.gray
2892,2,173369171686000,c2_002892.gray
2900,0,173369190703000,c0_002900.gray
2900,2,173369190689000,c2_002900.gray
2906,0,173369205062000,c0_002906.gray
2906,2,173369205031000,c2_002906.gray
2911,0,173369224072000,c0_002911.gray
2911,2,173369224033000,c2_002911.gray
2913,0,173369238435000,c0_002913.gray
2913,2,173369238398000,c2_002913.gray
2917,0,173369257409000,c0_002917.gray
2917,2,173369257373000,c2_002917.gray
2918,2,173369271701000,c2_002918.gray
2919,0,173369271730000,c0_002919.gray
2922,0,173369290758000,c0_002922.gray
2922,2,173369290722000,c2_002922.gray
2924,0,173369305077000,c0_002924.gray
2924,2,173369305038000,c2_002924.gray
2928,0,173369324122000,c0_002928.gray
2928,2,173369324087000,c2_002928.gray
2930,0,173369338412000,c0_002930.gray
2930,2,173369338374000,c2_002930.gray
2934,0,173369357420000,c0_002934.gray
2934,2,173369357384000,c2_002934.gray
2936,0,173369371781000,c0_002936.gray
2936,2,173369371743000,c2_002936.gray
2940,0,173369390739000,c0_002940.gray
2940,2,173369390701000,c2_002940.gray
2942,0,173369405074000,c0_002942.gray
2942,2,173369405038000,c2_002942.gray
2946,0,173369424073000,c0_002946.gray
2946,2,173369424035000,c2_002946.gray
2948,0,173369438413000,c0_002948.gray
2948,2,173369438374000,c2_002948.gray
2952,0,173369457401000,c0_002952.gray
2952,2,173369457364000,c2_002952.gray
2953,2,173369471703000,c2_002953.gray
2954,0,173369471731000,c0_002954.gray
2957,0,173369490725000,c0_002957.gray
2957,2,173369490697000,c2_002957.gray
2960,0,173369505074000,c0_002960.gray
2960,2,173369505038000,c2_002960.gray
2964,0,173369524079000,c0_002964.gray
2964,2,173369524044000,c2_002964.gray
2966,0,173369538410000,c0_002966.gray
2966,2,173369538372000,c2_002966.gray
2971,0,173369557386000,c0_002971.gray
2971,2,173369557359000,c2_002971.gray
2972,2,173369571705000,c2_002972.gray
2973,0,173369571742000,c0_002973.gray
2977,0,173369590728000,c0_002977.gray
2977,2,173369590694000,c2_002977.gray
2979,0,173369605075000,c0_002979.gray
2979,2,173369605039000,c2_002979.gray
2983,0,173369624054000,c0_002983.gray
2983,2,173369624030000,c2_002983.gray
2986,0,173369638409000,c0_002986.gray
2986,2,173369638373000,c2_002986.gray
2990,0,173369657389000,c0_002990.gray
2990,2,173369657363000,c2_002990.gray
2992,0,173369671742000,c0_002992.gray
2992,2,173369671706000,c2_002992.gray
2996,0,173369690724000,c0_002996.gray
2996,2,173369690699000,c2_002996.gray
2998,0,173369705076000,c0_002998.gray
2998,2,173369705040000,c2_002998.gray
3003,0,173369724060000,c0_003003.gray
3003,2,173369724035000,c2_003003.gray
3005,0,173369738409000,c0_003005.gray
3005,2,173369738374000,c2_003005.gray
3009,0,173369757388000,c0_003009.gray
3009,2,173369757364000,c2_003009.gray
3014,0,173369771708000,c0_003014.gray
3014,2,173369771692000,c2_003014.gray
3022,0,173369790718000,c0_003022.gray
3022,2,173369790695000,c2_003022.gray
3026,0,173369805075000,c0_003026.gray
3026,2,173369805039000,c2_003026.gray
3030,0,173369824057000,c0_003030.gray
3030,2,173369824031000,c2_003030.gray
3032,0,173369838406000,c0_003032.gray
3032,2,173369838372000,c2_003032.gray
3037,0,173369857403000,c0_003037.gray
3037,2,173369857367000,c2_003037.gray
3039,0,173369871743000,c0_003039.gray
3039,2,173369871707000,c2_003039.gray
3043,0,173369890745000,c0_003043.gray
3043,2,173369890702000,c2_003043.gray
3045,0,173369905076000,c0_003045.gray
3045,2,173369905041000,c2_003045.gray
3050,0,173369924072000,c0_003050.gray
3050,2,173369924036000,c2_003050.gray
3052,0,173369938411000,c0_003052.gray
3052,2,173369938374000,c2_003052.gray
3056,0,173369957401000,c0_003056.gray
3056,2,173369957366000,c2_003056.gray
3059,0,173369971727000,c0_003059.gray
3059,2,173369971702000,c2_003059.gray
3063,0,173369990736000,c0_003063.gray
3063,2,173369990702000,c2_003063.gray
3065,0,173370005076000,c0_003065.gray
3065,2,173370005040000,c2_003065.gray
3070,0,173370024071000,c0_003070.gray
3070,2,173370024036000,c2_003070.gray
3072,0,173370038413000,c0_003072.gray
3072,2,173370038376000,c2_003072.gray
3076,0,173370057403000,c0_003076.gray
3076,2,173370057368000,c2_003076.gray
3078,0,173370071747000,c0_003078.gray
3078,2,173370071720000,c2_003078.gray
3083,0,173370090704000,c0_003083.gray
3083,2,173370090693000,c2_003083.gray
3089,0,173370105044000,c0_003089.gray
3089,2,173370105028000,c2_003089.gray
3097,0,173370124037000,c0_003097.gray
3097,2,173370124024000,c2_003097.gray
3103,0,173370138374000,c0_003103.gray
3103,2,173370138361000,c2_003103.gray
3111,0,173370157375000,c0_003111.gray
3111,2,173370157359000,c2_003111.gray
3116,2,173370171714000,c2_003116.gray
3117,0,173370171724000,c0_003117.gray
3124,0,173370190706000,c0_003124.gray
3124,2,173370190693000,c2_003124.gray
3129,0,173370205042000,c0_003129.gray
3129,2,173370205028000,c2_003129.gray
3138,0,173370224041000,c0_003138.gray
3138,2,173370224025000,c2_003138.gray
3143,0,173370238375000,c0_003143.gray
3143,2,173370238360000,c2_003143.gray
3151,0,173370257370000,c0_003151.gray
3151,2,173370257356000,c2_003151.gray
3157,0,173370271711000,c0_003157.gray
3157,2,173370271696000,c2_003157.gray
3165,0,173370290704000,c0_003165.gray
3165,2,173370290690000,c2_003165.gray
3171,0,173370305057000,c0_003171.gray
3171,2,173370305034000,c2_003171.gray
3176,0,173370324075000,c0_003176.gray
3176,2,173370324038000,c2_003176.gray
3177,0,173370338794000,c0_003177.gray
3177,2,173370338763000,c2_003177.gray
3178,0,173370358094000,c0_003178.gray
3178,2,173370358071000,c2_003178.gray
3179,0,173370372106000,c0_003179.gray
3179,2,173370372001000,c2_003179.gray
3182,0,173370390703000,c0_003182.gray
3182,2,173370390692000,c2_003182.gray
3188,0,173370405042000,c0_003188.gray
3188,2,173370405032000,c2_003188.gray
3196,0,173370424031000,c0_003196.gray
3196,2,173370424022000,c2_003196.gray
3201,0,173370438450000,c0_003201.gray
3201,2,173370438386000,c2_003201.gray
3209,0,173370457368000,c0_003209.gray
3209,2,173370457359000,c2_003209.gray
3214,0,173370471704000,c0_003214.gray
3214,2,173370471694000,c2_003214.gray
3223,0,173370490702000,c0_003223.gray
3223,2,173370490691000,c2_003223.gray
3228,0,173370505088000,c0_003228.gray
3228,2,173370505054000,c2_003228.gray
3236,0,173370524036000,c0_003236.gray
3236,2,173370524025000,c2_003236.gray
3241,0,173370538374000,c0_003241.gray
3241,2,173370538363000,c2_003241.gray
3249,0,173370557364000,c0_003249.gray
3249,2,173370557355000,c2_003249.gray
3255,0,173370571708000,c0_003255.gray
3255,2,173370571699000,c2_003255.gray
3263,0,173370590701000,c0_003263.gray
3263,2,173370590692000,c2_003263.gray
3269,0,173370605044000,c0_003269.gray
3269,2,173370605034000,c2_003269.gray
3277,0,173370624039000,c0_003277.gray
3277,2,173370624030000,c2_003277.gray
3283,0,173370638377000,c0_003283.gray
3283,2,173370638368000,c2_003283.gray
3291,0,173370657363000,c0_003291.gray
3291,2,173370657354000,c2_003291.gray
3297,0,173370671708000,c0_003297.gray
3297,2,173370671699000,c2_003297.gray
3305,0,173370690701000,c0_003305.gray
3305,2,173370690691000,c2_003305.gray
3311,0,173370705035000,c0_003311.gray
3311,2,173370705026000,c2_003311.gray
3319,0,173370724035000,c0_003319.gray
3319,2,173370724026000,c2_003319.gray
3325,0,173370738369000,c0_003325.gray
3325,2,173370738359000,c2_003325.gray
3333,0,173370757374000,c0_003333.gray
3333,2,173370757365000,c2_003333.gray
3338,0,173370771711000,c0_003338.gray
3338,2,173370771701000,c2_003338.gray
3346,0,173370790700000,c0_003346.gray
3346,2,173370790691000,c2_003346.gray
3352,0,173370805037000,c0_003352.gray
3352,2,173370805027000,c2_003352.gray
3360,0,173370824042000,c0_003360.gray
3360,2,173370824027000,c2_003360.gray
3366,0,173370838383000,c0_003366.gray
3366,2,173370838367000,c2_003366.gray
3374,0,173370857386000,c0_003374.gray
3374,2,173370857367000,c2_003374.gray
3376,0,173370871718000,c0_003376.gray
3376,2,173370871700000,c2_003376.gray
3384,0,173370890716000,c0_003384.gray
3384,2,173370890698000,c2_003384.gray
3390,0,173370905052000,c0_003390.gray
3390,2,173370905035000,c2_003390.gray
3398,0,173370924045000,c0_003398.gray
3398,2,173370924030000,c2_003398.gray
3403,0,173370938383000,c0_003403.gray
3403,2,173370938367000,c2_003403.gray
3411,0,173370957374000,c0_003411.gray
3411,2,173370957361000,c2_003411.gray
3417,0,173370971709000,c0_003417.gray
3417,2,173370971695000,c2_003417.gray
3425,0,173370990709000,c0_003425.gray
3425,2,173370990692000,c2_003425.gray
3431,0,173371005068000,c0_003431.gray
3431,2,173371005038000,c2_003431.gray
3436,0,173371024079000,c0_003436.gray
3436,2,173371024043000,c2_003436.gray
3438,0,173371038456000,c0_003438.gray
3438,2,173371038394000,c2_003438.gray
3440,0,173371057417000,c0_003440.gray
3440,2,173371057372000,c2_003440.gray
3441,0,173371072194000,c0_003441.gray
3441,2,173371072002000,c2_003441.gray
3444,0,173371090714000,c0_003444.gray
3444,2,173371090699000,c2_003444.gray
3449,0,173371105062000,c0_003449.gray
3449,2,173371105038000,c2_003449.gray
3456,0,173371124070000,c0_003456.gray
3456,2,173371124038000,c2_003456.gray
3457,0,173371138400000,c0_003457.gray
3457,2,173371138375000,c2_003457.gray
3459,2,173371157376000,c2_003459.gray
3460,0,173371157401000,c0_003460.gray
3460,2,173371173905000,c2_003460.gray
3461,0,173371174268000,c0_003461.gray
3461,2,173371191150000,c2_003461.gray
3462,0,173371191464000,c0_003462.gray
3462,2,173371205034000,c2_003462.gray
3463,0,173371205159000,c0_003463.gray
3466,0,173371224053000,c0_003466.gray
3466,2,173371224036000,c2_003466.gray
3471,0,173371238385000,c0_003471.gray
3471,2,173371238368000,c2_003471.gray
3476,0,173371257425000,c0_003476.gray
3476,2,173371257384000,c2_003476.gray
3478,0,173371271735000,c0_003478.gray
3478,2,173371271710000,c2_003478.gray
3483,0,173371290725000,c0_003483.gray
3483,2,173371290709000,c2_003483.gray
3489,0,173371305055000,c0_003489.gray
3489,2,173371305036000,c2_003489.gray
3497,0,173371324048000,c0_003497.gray
3497,2,173371324032000,c2_003497.gray
3503,0,173371338386000,c0_003503.gray
3503,2,173371338370000,c2_003503.gray
3511,0,173371357374000,c0_003511.gray
3511,2,173371357362000,c2_003511.gray
3516,0,173371371714000,c0_003516.gray
3516,2,173371371699000,c2_003516.gray
3524,0,173371390712000,c0_003524.gray
3524,2,173371390698000,c2_003524.gray
3530,0,173371405047000,c0_003530.gray
3530,2,173371405033000,c2_003530.gray
3538,0,173371424062000,c0_003538.gray
3538,2,173371424038000,c2_003538.gray
3540,0,173371438403000,c0_003540.gray
3540,2,173371438377000,c2_003540.gray
3545,0,173371457418000,c0_003545.gray
3545,2,173371457383000,c2_003545.gray
3546,0,173371471769000,c0_003546.gray
3546,2,173371471729000,c2_003546.gray
3547,0,173371490729000,c0_003547.gray
3547,2,173371490706000,c2_003547.gray
3548,0,173371505055000,c0_003548.gray
3548,2,173371505038000,c2_003548.gray
3556,0,173371524059000,c0_003556.gray
3556,2,173371524035000,c2_003556.gray
3560,0,173371538394000,c0_003560.gray
3560,2,173371538371000,c2_003560.gray
3564,2,173371557373000,c2_003564.gray
3565,0,173371557407000,c0_003565.gray
3567,2,173371571715000,c2_003567.gray
3568,0,173371571749000,c0_003568.gray
3568,2,173371591117000,c2_003568.gray
3569,0,173371591488000,c0_003569.gray
3569,2,173371605163000,c2_003569.gray
3570,0,173371605705000,c0_003570.gray
3570,2,173371624067000,c2_003570.gray
3571,0,173371624142000,c0_003571.gray
3571,2,173371638372000,c2_003571.gray
3572,0,173371638390000,c0_003572.gray
3579,0,173371657412000,c0_003579.gray
3579,2,173371657392000,c2_003579.gray
3582,0,173371671778000,c0_003582.gray
3582,2,173371671729000,c2_003582.gray
3584,0,173371690739000,c0_003584.gray
3584,2,173371690710000,c2_003584.gray
3587,0,173371705056000,c0_003587.gray
3587,2,173371705039000,c2_003587.gray
3595,0,173371724053000,c0_003595.gray
3595,2,173371724036000,c2_003595.gray
3601,0,173371738389000,c0_003601.gray
3601,2,173371738372000,c2_003601.gray
3609,0,173371757384000,c0_003609.gray
3609,2,173371757368000,c2_003609.gray
3615,0,173371771716000,c0_003615.gray
3615,2,173371771701000,c2_003615.gray
3623,0,173371790714000,c0_003623.gray
3623,2,173371790699000,c2_003623.gray
3628,0,173371805064000,c0_003628.gray
3628,2,173371805049000,c2_003628.gray
3636,0,173371824046000,c0_003636.gray
3636,2,173371824032000,c2_003636.gray
3642,0,173371838383000,c0_003642.gray
3642,2,173371838369000,c2_003642.gray
3649,0,173371857385000,c0_003649.gray
3649,2,173371857368000,c2_003649.gray
3651,0,173371871753000,c0_003651.gray
3651,2,173371871719000,c2_003651.gray
3653,0,173371890752000,c0_003653.gray
3653,2,173371890715000,c2_003653.gray
3654,0,173371906196000,c0_003654.gray
3654,2,173371905599000,c2_003654.gray
3655,0,173371924775000,c0_003655.gray
3655,2,173371924743000,c2_003655.gray
3656,0,173371938429000,c0_003656.gray
3656,2,173371938387000,c2_003656.gray
3662,0,173371957386000,c0_003662.gray
3662,2,173371957369000,c2_003662.gray
3667,0,173371971722000,c0_003667.gray
3667,2,173371971707000,c2_003667.gray
3675,0,173371990720000,c0_003675.gray
3675,2,173371990704000,c2_003675.gray
3679,0,173372005123000,c0_003679.gray
3679,2,173372005112000,c2_003679.gray
3684,0,173372024098000,c0_003684.gray
3684,2,173372024088000,c2_003684.gray
3690,0,173372038390000,c0_003690.gray
3690,2,173372038374000,c2_003690.gray
3698,0,173372057385000,c0_003698.gray
3698,2,173372057371000,c2_003698.gray
3704,0,173372071723000,c0_003704.gray
3704,2,173372071707000,c2_003704.gray
3712,0,173372090878000,c0_003712.gray
3712,2,173372090867000,c2_003712.gray
3718,0,173372105056000,c0_003718.gray
3718,2,173372105041000,c2_003718.gray
3726,0,173372124069000,c0_003726.gray
3726,2,173372124054000,c2_003726.gray
3732,0,173372138390000,c0_003732.gray
3732,2,173372138374000,c2_003732.gray
3740,0,173372157386000,c0_003740.gray
3740,2,173372157371000,c2_003740.gray
3746,0,173372171794000,c0_003746.gray
3746,2,173372171784000,c2_003746.gray
3754,0,173372190716000,c0_003754.gray
3754,2,173372190702000,c2_003754.gray
3760,0,173372205057000,c0_003760.gray
3760,2,173372205040000,c2_003760.gray
3767,0,173372224107000,c0_003767.gray
3767,2,173372224060000,c2_003767.gray
3769,0,173372238689000,c0_003769.gray
3769,2,173372238672000,c2_003769.gray
3770,0,173372258294000,c0_003770.gray
3770,2,173372257716000,c2_003770.gray
3774,0,173372271719000,c0_003774.gray
3774,2,173372271708000,c2_003774.gray
3781,0,173372290710000,c0_003781.gray
3781,2,173372290701000,c2_003781.gray
3787,0,173372305044000,c0_003787.gray
3787,2,173372305035000,c2_003787.gray
3795,0,173372324170000,c0_003795.gray
3795,2,173372324110000,c2_003795.gray
3800,0,173372338468000,c0_003800.gray
3800,2,173372338396000,c2_003800.gray
3807,0,173372357381000,c0_003807.gray
3807,2,173372357371000,c2_003807.gray
3813,0,173372371711000,c0_003813.gray
3813,2,173372371702000,c2_003813.gray
3821,0,173372390720000,c0_003821.gray
3821,2,173372390710000,c2_003821.gray
3827,0,173372405054000,c0_003827.gray
3827,2,173372405044000,c2_003827.gray
3835,0,173372424056000,c0_003835.gray
3835,2,173372424046000,c2_003835.gray
3841,0,173372438388000,c0_003841.gray
3841,2,173372438379000,c2_003841.gray
3849,0,173372457385000,c0_003849.gray
3849,2,173372457376000,c2_003849.gray
3855,0,173372471713000,c0_003855.gray
3855,2,173372471704000,c2_003855.gray
3863,0,173372490709000,c0_003863.gray
3863,2,173372490700000,c2_003863.gray
3869,0,173372505050000,c0_003869.gray
3869,2,173372505041000,c2_003869.gray
3877,0,173372524044000,c0_003877.gray
3877,2,173372524035000,c2_003877.gray
3883,0,173372538382000,c0_003883.gray
3883,2,173372538372000,c2_003883.gray
3891,0,173372557384000,c0_003891.gray
3891,2,173372557373000,c2_003891.gray
3896,2,173372571716000,c2_003896.gray
3897,0,173372571727000,c0_003897.gray
3904,0,173372590712000,c0_003904.gray
3904,2,173372590702000,c2_003904.gray
3910,0,173372605051000,c0_003910.gray
3910,2,173372605042000,c2_003910.gray
3918,0,173372624051000,c0_003918.gray
3918,2,173372624041000,c2_003918.gray
3924,0,173372638382000,c0_003924.gray
3924,2,173372638373000,c2_003924.gray
3931,0,173372657378000,c0_003931.gray
3931,2,173372657369000,c2_003931.gray
3937,0,173372671725000,c0_003937.gray
3937,2,173372671715000,c2_003937.gray
3945,0,173372690724000,c0_003945.gray
3945,2,173372690712000,c2_003945.gray
3951,0,173372705061000,c0_003951.gray
3951,2,173372705050000,c2_003951.gray
3959,0,173372724059000,c0_003959.gray
3959,2,173372724043000,c2_003959.gray
3965,0,173372738395000,c0_003965.gray
3965,2,173372738379000,c2_003965.gray
3973,0,173372757386000,c0_003973.gray
3973,2,173372757376000,c2_003973.gray
3979,0,173372771720000,c0_003979.gray
3979,2,173372771711000,c2_003979.gray
3987,0,173372790736000,c0_003987.gray
3987,2,173372790722000,c2_003987.gray
3993,0,173372805058000,c0_003993.gray
3993,2,173372805043000,c2_003993.gray
4001,0,173372824054000,c0_004001.gray
4001,2,173372824039000,c2_004001.gray
4006,0,173372838392000,c0_004006.gray
4006,2,173372838377000,c2_004006.gray
4014,0,173372857385000,c0_004014.gray
4014,2,173372857373000,c2_004014.gray
4020,0,173372871739000,c0_004020.gray
4020,2,173372871717000,c2_004020.gray
4024,0,173372890753000,c0_004024.gray
4024,2,173372890718000,c2_004024.gray
4025,0,173372905516000,c0_004025.gray
4025,2,173372905491000,c2_004025.gray
4026,0,173372924051000,c0_004026.gray
4026,2,173372924040000,c2_004026.gray
4031,0,173372938393000,c0_004031.gray
4031,2,173372938383000,c2_004031.gray
4039,0,173372957381000,c0_004039.gray
4039,2,173372957371000,c2_004039.gray
4045,0,173372971716000,c0_004045.gray
4045,2,173372971707000,c2_004045.gray
4053,0,173372990719000,c0_004053.gray
4053,2,173372990710000,c2_004053.gray
4058,0,173373005184000,c0_004058.gray
4058,2,173373005124000,c2_004058.gray
4066,0,173373024061000,c0_004066.gray
4066,2,173373024051000,c2_004066.gray
4072,0,173373038390000,c0_004072.gray
4072,2,173373038381000,c2_004072.gray
4080,0,173373057386000,c0_004080.gray
4080,2,173373057375000,c2_004080.gray
4085,2,173373071720000,c2_004085.gray
4086,0,173373071730000,c0_004086.gray
4093,2,173373090711000,c2_004093.gray
4094,0,173373090721000,c0_004094.gray
4099,0,173373105060000,c0_004099.gray
4099,2,173373105050000,c2_004099.gray
4107,0,173373124057000,c0_004107.gray
4107,2,173373124047000,c2_004107.gray
4113,0,173373138387000,c0_004113.gray
4113,2,173373138377000,c2_004113.gray
4121,0,173373157381000,c0_004121.gray
4121,2,173373157372000,c2_004121.gray
4127,0,173373171719000,c0_004127.gray
4127,2,173373171710000,c2_004127.gray
4135,0,173373190714000,c0_004135.gray
4135,2,173373190705000,c2_004135.gray
4141,0,173373205050000,c0_004141.gray
4141,2,173373205041000,c2_004141.gray
4149,0,173373224055000,c0_004149.gray
4149,2,173373224046000,c2_004149.gray
4155,0,173373238449000,c0_004155.gray
4155,2,173373238435000,c2_004155.gray
4163,0,173373257389000,c0_004163.gray
4163,2,173373257381000,c2_004163.gray
4169,0,173373271718000,c0_004169.gray
4169,2,173373271709000,c2_004169.gray
4177,0,173373290719000,c0_004177.gray
4177,2,173373290711000,c2_004177.gray
4183,0,173373305086000,c0_004183.gray
4183,2,173373305077000,c2_004183.gray
4190,0,173373324056000,c0_004190.gray
4190,2,173373324047000,c2_004190.gray
4196,0,173373338395000,c0_004196.gray
4196,2,173373338385000,c2_004196.gray
4204,0,173373357391000,c0_004204.gray
4204,2,173373357380000,c2_004204.gray
4210,0,173373371731000,c0_004210.gray
4210,2,173373371715000,c2_004210.gray
4218,0,173373390727000,c0_004218.gray
4218,2,173373390710000,c2_004218.gray
4224,0,173373405063000,c0_004224.gray
4224,2,173373405048000,c2_004224.gray
4232,0,173373424057000,c0_004232.gray
4232,2,173373424042000,c2_004232.gray
4237,0,173373438393000,c0_004237.gray
4237,2,173373438379000,c2_004237.gray
4245,0,173373457389000,c0_004245.gray
4245,2,173373457376000,c2_004245.gray
4251,0,173373471726000,c0_004251.gray
4251,2,173373471712000,c2_004251.gray
4259,0,173373490784000,c0_004259.gray
4259,2,173373490750000,c2_004259.gray
4261,0,173373505095000,c0_004261.gray
4261,2,173373505060000,c2_004261.gray
4265,2,173373524067000,c2_004265.gray
4266,0,173373524117000,c0_004266.gray
4266,2,173373538411000,c2_004266.gray
4267,0,173373538461000,c0_004267.gray
4267,2,173373557637000,c2_004267.gray
4268,0,173373557662000,c0_004268.gray
4268,2,173373571723000,c2_004268.gray
4269,0,173373571748000,c0_004269.gray
4270,0,173373590733000,c0_004270.gray
4270,2,173373590716000,c2_004270.gray
4276,0,173373605074000,c0_004276.gray
4276,2,173373605052000,c2_004276.gray
4283,0,173373624173000,c0_004283.gray
4283,2,173373624139000,c2_004283.gray
4284,0,173373638422000,c0_004284.gray
4284,2,173373638395000,c2_004284.gray
4285,0,173373657610000,c0_004285.gray
4285,2,173373657584000,c2_004285.gray
4288,0,173373671862000,c0_004288.gray
4288,2,173373671787000,c2_004288.gray
4293,0,173373690728000,c0_004293.gray
4293,2,173373690712000,c2_004293.gray
4299,0,173373705075000,c0_004299.gray
4299,2,173373705055000,c2_004299.gray
4304,0,173373724120000,c0_004304.gray
4304,2,173373724074000,c2_004304.gray
4305,2,173373738392000,c2_004305.gray
4306,0,173373738416000,c0_004306.gray
4311,0,173373757410000,c0_004311.gray
4311,2,173373757387000,c2_004311.gray
4316,0,173373771735000,c0_004316.gray
4316,2,173373771719000,c2_004316.gray
4324,0,173373790734000,c0_004324.gray
4324,2,173373790717000,c2_004324.gray
4330,0,173373805069000,c0_004330.gray
4330,2,173373805052000,c2_004330.gray
4338,0,173373824065000,c0_004338.gray
4338,2,173373824049000,c2_004338.gray
4344,0,173373838395000,c0_004344.gray
4344,2,173373838381000,c2_004344.gray
4352,0,173373857384000,c0_004352.gray
4352,2,173373857375000,c2_004352.gray
4357,0,173373871731000,c0_004357.gray
4357,2,173373871715000,c2_004357.gray
4365,0,173373890726000,c0_004365.gray
4365,2,173373890712000,c2_004365.gray
4371,0,173373905089000,c0_004371.gray
4371,2,173373905059000,c2_004371.gray
4376,0,173373924097000,c0_004376.gray
4376,2,173373924060000,c2_004376.gray
4377,0,173373938424000,c0_004377.gray
4377,2,173373938395000,c2_004377.gray
4378,0,173373957435000,c0_004378.gray
4378,2,173373957393000,c2_004378.gray
4381,0,173373971824000,c0_004381.gray
4381,2,173373971789000,c2_004381.gray
4389,0,173373990736000,c0_004389.gray
4389,2,173373990715000,c2_004389.gray
4393,2,173374005058000,c2_004393.gray
4394,0,173374005083000,c0_004394.gray
4396,2,173374024080000,c2_004396.gray
4397,0,173374024119000,c0_004397.gray
4399,0,173374038455000,c0_004399.gray
4399,2,173374038428000,c2_004399.gray
4400,0,173374059034000,c0_004400.gray
4400,2,173374058485000,c2_004400.gray
4402,0,173374071791000,c0_004402.gray
4402,2,173374071775000,c2_004402.gray
4408,0,173374090729000,c0_004408.gray
4408,2,173374090714000,c2_004408.gray
4413,0,173374105106000,c0_004413.gray
4413,2,173374105075000,c2_004413.gray
4417,2,173374124076000,c2_004417.gray
4418,0,173374124125000,c0_004418.gray
4418,2,173374138422000,c2_004418.gray
4419,0,173374138451000,c0_004419.gray
4421,0,173374157438000,c0_004421.gray
4421,2,173374157400000,c2_004421.gray
4423,0,173374171776000,c0_004423.gray
4423,2,173374171737000,c2_004423.gray
4425,0,173374190773000,c0_004425.gray
4425,2,173374190735000,c2_004425.gray
4427,0,173374205072000,c0_004427.gray
4427,2,173374205055000,c2_004427.gray
4435,0,173374224066000,c0_004435.gray
4435,2,173374224052000,c2_004435.gray
4441,0,173374238398000,c0_004441.gray
4441,2,173374238383000,c2_004441.gray
4449,0,173374257396000,c0_004449.gray
4449,2,173374257382000,c2_004449.gray
4455,0,173374271731000,c0_004455.gray
4455,2,173374271717000,c2_004455.gray
4463,0,173374290729000,c0_004463.gray
4463,2,173374290714000,c2_004463.gray
4468,0,173374305089000,c0_004468.gray
4468,2,173374305059000,c2_004468.gray
4473,0,173374324101000,c0_004473.gray
4473,2,173374324065000,c2_004473.gray
4474,0,173374338478000,c0_004474.gray
4474,2,173374338432000,c2_004474.gray
4480,0,173374357407000,c0_004480.gray
4480,2,173374357388000,c2_004480.gray
4485,0,173374371957000,c0_004485.gray
4485,2,173374371947000,c2_004485.gray
4493,0,173374390734000,c0_004493.gray
4493,2,173374390716000,c2_004493.gray
4498,0,173374405125000,c0_004498.gray
4498,2,173374405110000,c2_004498.gray
4506,0,173374424064000,c0_004506.gray
4506,2,173374424049000,c2_004506.gray
4512,0,173374438457000,c0_004512.gray
4512,2,173374438447000,c2_004512.gray
4519,0,173374457398000,c0_004519.gray
4519,2,173374457383000,c2_004519.gray
4525,0,173374471737000,c0_004525.gray
4525,2,173374471722000,c2_004525.gray
4533,0,173374490741000,c0_004533.gray
4533,2,173374490728000,c2_004533.gray
4539,0,173374505063000,c0_004539.gray
4539,2,173374505052000,c2_004539.gray
4547,0,173374524063000,c0_004547.gray
4547,2,173374524051000,c2_004547.gray
4553,0,173374538398000,c0_004553.gray
4553,2,173374538387000,c2_004553.gray
4561,0,173374557404000,c0_004561.gray
4561,2,173374557393000,c2_004561.gray
4566,0,173374571725000,c0_004566.gray
4566,2,173374571716000,c2_004566.gray
4575,0,173374590731000,c0_004575.gray
4575,2,173374590718000,c2_004575.gray
4580,0,173374605060000,c0_004580.gray
4580,2,173374605051000,c2_004580.gray
4589,0,173374624065000,c0_004589.gray
4589,2,173374624055000,c2_004589.gray
4594,0,173374638400000,c0_004594.gray
4594,2,173374638390000,c2_004594.gray
4602,0,173374657400000,c0_004602.gray
4602,2,173374657390000,c2_004602.gray
4608,0,173374671732000,c0_004608.gray
4608,2,173374671723000,c2_004608.gray
4616,0,173374690731000,c0_004616.gray
4616,2,173374690721000,c2_004616.gray
4622,0,173374705069000,c0_004622.gray
4622,2,173374705059000,c2_004622.gray
4630,0,173374724057000,c0_004630.gray
4630,2,173374724048000,c2_004630.gray
4636,0,173374738406000,c0_004636.gray
4636,2,173374738394000,c2_004636.gray
4642,0,173374757396000,c0_004642.gray
4642,2,173374757387000,c2_004642.gray
4648,0,173374771797000,c0_004648.gray
4648,2,173374771788000,c2_004648.gray
4655,0,173374790784000,c0_004655.gray
4655,2,173374790746000,c2_004655.gray
4660,2,173374805055000,c2_004660.gray
4661,0,173374805065000,c0_004661.gray
4669,0,173374824059000,c0_004669.gray
4669,2,173374824049000,c2_004669.gray
4674,0,173374838402000,c0_004674.gray
4674,2,173374838390000,c2_004674.gray
4682,0,173374857396000,c0_004682.gray
4682,2,173374857385000,c2_004682.gray
4688,0,173374871734000,c0_004688.gray
4688,2,173374871723000,c2_004688.gray
4696,0,173374890727000,c0_004696.gray
4696,2,173374890718000,c2_004696.gray
4702,0,173374905071000,c0_004702.gray
4702,2,173374905061000,c2_004702.gray
4710,0,173374924060000,c0_004710.gray
4710,2,173374924051000,c2_004710.gray
4716,0,173374938404000,c0_004716.gray
4716,2,173374938389000,c2_004716.gray
4724,0,173374957402000,c0_004724.gray
4724,2,173374957387000,c2_004724.gray
4729,0,173374971738000,c0_004729.gray
4729,2,173374971724000,c2_004729.gray
4737,0,173374990732000,c0_004737.gray
4737,2,173374990718000,c2_004737.gray
4743,0,173375005135000,c0_004743.gray
4743,2,173375005093000,c2_004743.gray
4745,0,173375024543000,c0_004745.gray
4745,2,173375024378000,c2_004745.gray
4746,0,173375038671000,c0_004746.gray
4746,2,173375038645000,c2_004746.gray
4752,0,173375057398000,c0_004752.gray
4752,2,173375057388000,c2_004752.gray
4758,0,173375071736000,c0_004758.gray
4758,2,173375071726000,c2_004758.gray
4765,0,173375090726000,c0_004765.gray
4765,2,173375090717000,c2_004765.gray
4771,0,173375105124000,c0_004771.gray
4771,2,173375105082000,c2_004771.gray
4778,0,173375124170000,c0_004778.gray
4778,2,173375124125000,c2_004778.gray
4783,0,173375138418000,c0_004783.gray
4783,2,173375138408000,c2_004783.gray
4791,0,173375157405000,c0_004791.gray
4791,2,173375157389000,c2_004791.gray
4797,0,173375171748000,c0_004797.gray
4797,2,173375171737000,c2_004797.gray
4805,0,173375190753000,c0_004805.gray
4805,2,173375190732000,c2_004805.gray
4810,0,173375205077000,c0_004810.gray
4810,2,173375205059000,c2_004810.gray
4818,0,173375224074000,c0_004818.gray
4818,2,173375224057000,c2_004818.gray
4824,0,173375238413000,c0_004824.gray
4824,2,173375238396000,c2_004824.gray
4832,0,173375257401000,c0_004832.gray
4832,2,173375257387000,c2_004832.gray
4838,0,173375271739000,c0_004838.gray
4838,2,173375271723000,c2_004838.gray
4846,0,173375290737000,c0_004846.gray
4846,2,173375290721000,c2_004846.gray
4852,0,173375305072000,c0_004852.gray
4852,2,173375305058000,c2_004852.gray
4860,0,173375324090000,c0_004860.gray
4860,2,173375324064000,c2_004860.gray
4862,0,173375338440000,c0_004862.gray
4862,2,173375338406000,c2_004862.gray
4866,0,173375357438000,c0_004866.gray
4866,2,173375357400000,c2_004866.gray
4867,0,173375371847000,c0_004867.gray
4867,2,173375371774000,c2_004867.gray
4871,0,173375390740000,c0_004871.gray
4871,2,173375390723000,c2_004871.gray
4877,0,173375405079000,c0_004877.gray
4877,2,173375405063000,c2_004877.gray
4883,0,173375424090000,c0_004883.gray
4883,2,173375424064000,c2_004883.gray
4885,0,173375438616000,c0_004885.gray
4885,2,173375438410000,c2_004885.gray
4888,0,173375457445000,c0_004888.gray
4888,2,173375457408000,c2_004888.gray
4889,0,173375472114000,c0_004889.gray
4889,2,173375472073000,c2_004889.gray
4890,0,173375491054000,c0_004890.gray
4890,2,173375491027000,c2_004890.gray
4891,0,173375505189000,c0_004891.gray
4891,2,173375505144000,c2_004891.gray
4895,0,173375524214000,c0_004895.gray
4895,2,173375524171000,c2_004895.gray
4900,0,173375538407000,c0_004900.gray
4900,2,173375538391000,c2_004900.gray
4906,0,173375557442000,c0_004906.gray
4906,2,173375557412000,c2_004906.gray
4909,0,173375571770000,c0_004909.gray
4909,2,173375571740000,c2_004909.gray
4915,0,173375590745000,c0_004915.gray
4915,2,173375590728000,c2_004915.gray
4921,0,173375605083000,c0_004921.gray
4921,2,173375605065000,c2_004921.gray
4928,0,173375624078000,c0_004928.gray
4928,2,173375624061000,c2_004928.gray
4934,0,173375638415000,c0_004934.gray
4934,2,173375638398000,c2_004934.gray
4942,0,173375657415000,c0_004942.gray
4942,2,173375657398000,c2_004942.gray
4948,0,173375671741000,c0_004948.gray
4948,2,173375671726000,c2_004948.gray
4956,0,173375690738000,c0_004956.gray
4956,2,173375690724000,c2_004956.gray
4962,0,173375705075000,c0_004962.gray
4962,2,173375705060000,c2_004962.gray
4969,2,173375724072000,c2_004969.gray
4970,0,173375724108000,c0_004970.gray
4972,0,173375738449000,c0_004972.gray
4972,2,173375738411000,c2_004972.gray
4976,0,173375757473000,c0_004976.gray
4976,2,173375757417000,c2_004976.gray
4977,0,173375771774000,c0_004977.gray
4977,2,173375771748000,c2_004977.gray
4978,0,173375790784000,c0_004978.gray
4978,2,173375790754000,c2_004978.gray
4979,0,173375805565000,c0_004979.gray
4979,2,173375805416000,c2_004979.gray
4981,0,173375824080000,c0_004981.gray
4981,2,173375824062000,c2_004981.gray
4987,0,173375838408000,c0_004987.gray
4987,2,173375838394000,c2_004987.gray
4992,0,173375857695000,c0_004992.gray
4992,2,173375857666000,c2_004992.gray
4994,0,173375871765000,c0_004994.gray
4994,2,173375871739000,c2_004994.gray
4995,0,173375892687000,c0_004995.gray
4995,2,173375892667000,c2_004995.gray
4996,0,173375905089000,c0_004996.gray
4996,2,173375905072000,c2_004996.gray
5000,0,173375924076000,c0_005000.gray
5000,2,173375924060000,c2_005000.gray
5006,0,173375938420000,c0_005006.gray
5006,2,173375938401000,c2_005006.gray
5009,0,173375957434000,c0_005009.gray
5009,2,173375957405000,c2_005009.gray
5014,0,173375971756000,c0_005014.gray
5014,2,173375971740000,c2_005014.gray
5022,0,173375990740000,c0_005022.gray
5022,2,173375990727000,c2_005022.gray
5028,0,173376005078000,c0_005028.gray
5028,2,173376005066000,c2_005028.gray
5036,0,173376024077000,c0_005036.gray
5036,2,173376024062000,c2_005036.gray
5042,0,173376038407000,c0_005042.gray
5042,2,173376038393000,c2_005042.gray
5050,0,173376057405000,c0_005050.gray
5050,2,173376057392000,c2_005050.gray
5055,0,173376071743000,c0_005055.gray
5055,2,173376071729000,c2_005055.gray
5063,0,173376090743000,c0_005063.gray
5063,2,173376090728000,c2_005063.gray
5069,0,173376105105000,c0_005069.gray
5069,2,173376105072000,c2_005069.gray
5073,0,173376124097000,c0_005073.gray
5073,2,173376124074000,c2_005073.gray
5076,0,173376138481000,c0_005076.gray
5076,2,173376138425000,c2_005076.gray
5077,0,173376157483000,c0_005077.gray
5077,2,173376157429000,c2_005077.gray
5078,0,173376171768000,c0_005078.gray
5078,2,173376171741000,c2_005078.gray
5079,0,173376190775000,c0_005079.gray
5079,2,173376190742000,c2_005079.gray
5081,0,173376205105000,c0_005081.gray
5081,2,173376205076000,c2_005081.gray
5086,0,173376224094000,c0_005086.gray
5086,2,173376224070000,c2_005086.gray
5088,0,173376238463000,c0_005088.gray
5088,2,173376238441000,c2_005088.gray
5095,0,173376257732000,c0_005095.gray
5095,2,173376257720000,c2_005095.gray
5100,0,173376271865000,c0_005100.gray
5100,2,173376271783000,c2_005100.gray
5107,0,173376290742000,c0_005107.gray
5107,2,173376290729000,c2_005107.gray
5112,0,173376305079000,c0_005112.gray
5112,2,173376305065000,c2_005112.gray
5120,0,173376324074000,c0_005120.gray
5120,2,173376324063000,c2_005120.gray
5126,0,173376338416000,c0_005126.gray
5126,2,173376338400000,c2_005126.gray
5134,0,173376357411000,c0_005134.gray
5134,2,173376357399000,c2_005134.gray
5140,0,173376371736000,c0_005140.gray
5140,2,173376371727000,c2_005140.gray
5148,0,173376390740000,c0_005148.gray
5148,2,173376390726000,c2_005148.gray
5154,0,173376405082000,c0_005154.gray
5154,2,173376405066000,c2_005154.gray
5162,0,173376424098000,c0_005162.gray
5162,2,173376424072000,c2_005162.gray
5165,0,173376438444000,c0_005165.gray
5165,2,173376438417000,c2_005165.gray
5170,0,173376457443000,c0_005170.gray
5170,2,173376457414000,c2_005170.gray
5172,0,173376471823000,c0_005172.gray
5172,2,173376471786000,c2_005172.gray
5175,0,173376490800000,c0_005175.gray
5175,2,173376490758000,c2_005175.gray
5177,0,173376505099000,c0_005177.gray
5177,2,173376505084000,c2_005177.gray
5184,0,173376524077000,c0_005184.gray
5184,2,173376524062000,c2_005184.gray
5190,0,173376538411000,c0_005190.gray
5190,2,173376538402000,c2_005190.gray
5198,0,173376557412000,c0_005198.gray
5198,2,173376557402000,c2_005198.gray
5203,0,173376571750000,c0_005203.gray
5203,2,173376571739000,c2_005203.gray
5211,0,173376590735000,c0_005211.gray
5211,2,173376590726000,c2_005211.gray
5214,0,173376605077000,c0_005214.gray
5214,2,173376605066000,c2_005214.gray
5221,2,173376624064000,c2_005221.gray
5222,0,173376624075000,c0_005222.gray
5227,0,173376638407000,c0_005227.gray
5227,2,173376638397000,c2_005227.gray
5235,0,173376657410000,c0_005235.gray
5235,2,173376657398000,c2_005235.gray
5240,0,173376671747000,c0_005240.gray
5240,2,173376671735000,c2_005240.gray
5245,0,173376690742000,c0_005245.gray
5245,2,173376690731000,c2_005245.gray
5251,0,173376705077000,c0_005251.gray
5251,2,173376705066000,c2_005251.gray
5259,0,173376724070000,c0_005259.gray
5259,2,173376724060000,c2_005259.gray
5265,0,173376738407000,c0_005265.gray
5265,2,173376738397000,c2_005265.gray
5273,0,173376757412000,c0_005273.gray
5273,2,173376757403000,c2_005273.gray
5279,0,173376771749000,c0_005279.gray
5279,2,173376771739000,c2_005279.gray
5287,0,173376790735000,c0_005287.gray
5287,2,173376790727000,c2_005287.gray
5292,0,173376805081000,c0_005292.gray
5292,2,173376805072000,c2_005292.gray
5300,0,173376824079000,c0_005300.gray
5300,2,173376824064000,c2_005300.gray
5306,0,173376838409000,c0_005306.gray
5306,2,173376838398000,c2_005306.gray
5314,0,173376857408000,c0_005314.gray
5314,2,173376857399000,c2_005314.gray
5319,0,173376871740000,c0_005319.gray
5319,2,173376871731000,c2_005319.gray
5327,0,173376890741000,c0_005327.gray
5327,2,173376890730000,c2_005327.gray
5333,0,173376905083000,c0_005333.gray
5333,2,173376905068000,c2_005333.gray
5341,0,173376924109000,c0_005341.gray
5341,2,173376924095000,c2_005341.gray
5344,0,173376938495000,c0_005344.gray
5344,2,173376938480000,c2_005344.gray
5352,0,173376957418000,c0_005352.gray
5352,2,173376957402000,c2_005352.gray
5356,0,173376972038000,c0_005356.gray
5356,2,173376971997000,c2_005356.gray
5361,0,173376990770000,c0_005361.gray
5361,2,173376990743000,c2_005361.gray
5365,0,173377005087000,c0_005365.gray
5365,2,173377005071000,c2_005365.gray
5373,0,173377024089000,c0_005373.gray
5373,2,173377024075000,c2_005373.gray
5379,0,173377038419000,c0_005379.gray
5379,2,173377038403000,c2_005379.gray
5387,0,173377057414000,c0_005387.gray
5387,2,173377057401000,c2_005387.gray
5393,0,173377071747000,c0_005393.gray
5393,2,173377071735000,c2_005393.gray
5401,0,173377090741000,c0_005401.gray
5401,2,173377090733000,c2_005401.gray
5407,0,173377105075000,c0_005407.gray
5407,2,173377105065000,c2_005407.gray
5415,0,173377124079000,c0_005415.gray
5415,2,173377124065000,c2_005415.gray
5420,0,173377138417000,c0_005420.gray
5420,2,173377138402000,c2_005420.gray
5427,0,173377157436000,c0_005427.gray
5427,2,173377157408000,c2_005427.gray
5430,0,173377171883000,c0_005430.gray
5430,2,173377171834000,c2_005430.gray
5431,0,173377190873000,c0_005431.gray
5431,2,173377190850000,c2_005431.gray
5432,0,173377205483000,c0_005432.gray
5432,2,173377205455000,c2_005432.gray
5433,0,173377224087000,c0_005433.gray
5433,2,173377224070000,c2_005433.gray
5437,0,173377238421000,c0_005437.gray
5437,2,173377238405000,c2_005437.gray
5444,0,173377257423000,c0_005444.gray
5444,2,173377257403000,c2_005444.gray
5446,0,173377271802000,c0_005446.gray
5446,2,173377271756000,c2_005446.gray
5449,2,173377290810000,c2_005449.gray
5450,0,173377290835000,c0_005450.gray
5450,2,173377305576000,c2_005450.gray
5451,0,173377306203000,c0_005451.gray
5451,2,173377324520000,c2_005451.gray
5452,0,173377324974000,c0_005452.gray
5452,2,173377338560000,c2_005452.gray
5453,0,173377338643000,c0_005453.gray
5453,2,173377357402000,c2_005453.gray
5454,0,173377357418000,c0_005454.gray
5458,0,173377371761000,c0_005458.gray
5458,2,173377371742000,c2_005458.gray
5466,0,173377390791000,c0_005466.gray
5466,2,173377390750000,c2_005466.gray
5469,0,173377405122000,c0_005469.gray
5469,2,173377405088000,c2_005469.gray
5472,0,173377424089000,c0_005472.gray
5472,2,173377424072000,c2_005472.gray
5477,0,173377438420000,c0_005477.gray
5477,2,173377438408000,c2_005477.gray
5485,0,173377457419000,c0_005485.gray
5485,2,173377457405000,c2_005485.gray
5491,0,173377471753000,c0_005491.gray
5491,2,173377471741000,c2_005491.gray
5499,0,173377490746000,c0_005499.gray
5499,2,173377490734000,c2_005499.gray
5505,0,173377505084000,c0_005505.gray
5505,2,173377505070000,c2_005505.gray
5513,0,173377524081000,c0_005513.gray
5513,2,173377524067000,c2_005513.gray
5519,0,173377538417000,c0_005519.gray
5519,2,173377538403000,c2_005519.gray
5527,0,173377557414000,c0_005527.gray
5527,2,173377557400000,c2_005527.gray
5531,0,173377571769000,c0_005531.gray
5531,2,173377571744000,c2_005531.gray
5536,0,173377590769000,c0_005536.gray
5536,2,173377590742000,c2_005536.gray
5537,0,173377605168000,c0_005537.gray
5537,2,173377605101000,c2_005537.gray
5538,0,173377624531000,c0_005538.gray
5538,2,173377624500000,c2_005538.gray
5539,0,173377638726000,c0_005539.gray
5539,2,173377638695000,c2_005539.gray
5540,0,173377657455000,c0_005540.gray
5540,2,173377657420000,c2_005540.gray
5543,0,173377671770000,c0_005543.gray
5543,2,173377671747000,c2_005543.gray
5548,2,173377690764000,c2_005548.gray
5549,0,173377690784000,c0_005549.gray
5550,0,173377705125000,c0_005550.gray
5550,2,173377705088000,c2_005550.gray
5552,2,173377724437000,c2_005552.gray
5553,0,173377724825000,c0_005553.gray
5553,2,173377738428000,c2_005553.gray
5554,0,173377738472000,c0_005554.gray
5554,2,173377757835000,c2_005554.gray
5555,0,173377758387000,c0_005555.gray
5555,2,173377772218000,c2_005555.gray
5556,0,173377772664000,c0_005556.gray
5556,2,173377790741000,c2_005556.gray
5557,0,173377790759000,c0_005557.gray
5560,0,173377805093000,c0_005560.gray
5560,2,173377805077000,c2_005560.gray
5568,0,173377824140000,c0_005568.gray
5568,2,173377824096000,c2_005568.gray
5570,0,173377838451000,c0_005570.gray
5570,2,173377838421000,c2_005570.gray
5575,2,173377857414000,c2_005575.gray
5576,0,173377857443000,c0_005576.gray
5580,0,173377871756000,c0_005580.gray
5580,2,173377871743000,c2_005580.gray
5588,0,173377890756000,c0_005588.gray
5588,2,173377890742000,c2_005588.gray
5594,0,173377905089000,c0_005594.gray
5594,2,173377905077000,c2_005594.gray
5602,0,173377924088000,c0_005602.gray
5602,2,173377924074000,c2_005602.gray
5608,0,173377938417000,c0_005608.gray
5608,2,173377938405000,c2_005608.gray
5616,0,173377957417000,c0_005616.gray
5616,2,173377957404000,c2_005616.gray
5622,0,173377971761000,c0_005622.gray
5622,2,173377971744000,c2_005622.gray
5629,2,173377990741000,c2_005629.gray
5630,0,173377990757000,c0_005630.gray
5635,0,173378005085000,c0_005635.gray
5635,2,173378005073000,c2_005635.gray
5643,0,173378024084000,c0_005643.gray
5643,2,173378024070000,c2_005643.gray
5649,0,173378038426000,c0_005649.gray
5649,2,173378038410000,c2_005649.gray
5657,0,173378057420000,c0_005657.gray
5657,2,173378057405000,c2_005657.gray
5663,0,173378071760000,c0_005663.gray
5663,2,173378071745000,c2_005663.gray
5671,0,173378090754000,c0_005671.gray
5671,2,173378090741000,c2_005671.gray
5677,0,173378105092000,c0_005677.gray
5677,2,173378105078000,c2_005677.gray
5685,0,173378124081000,c0_005685.gray
5685,2,173378124071000,c2_005685.gray
5688,0,173378138426000,c0_005688.gray
5688,2,173378138411000,c2_005688.gray
5696,0,173378157422000,c0_005696.gray
5696,2,173378157408000,c2_005696.gray
5702,0,173378171889000,c0_005702.gray
5702,2,173378171876000,c2_005702.gray
5710,0,173378190756000,c0_005710.gray
5710,2,173378190742000,c2_005710.gray
5716,0,173378205096000,c0_005716.gray
5716,2,173378205079000,c2_005716.gray
5724,0,173378224094000,c0_005724.gray
5724,2,173378224076000,c2_005724.gray
5730,0,173378238537000,c0_005730.gray
5730,2,173378238526000,c2_005730.gray
5738,0,173378257452000,c0_005738.gray
5738,2,173378257443000,c2_005738.gray
5743,0,173378271757000,c0_005743.gray
5743,2,173378271742000,c2_005743.gray
5751,0,173378290756000,c0_005751.gray
5751,2,173378290740000,c2_005751.gray
5757,0,173378305093000,c0_005757.gray
5757,2,173378305077000,c2_005757.gray
5765,0,173378324110000,c0_005765.gray
5765,2,173378324084000,c2_005765.gray
5769,0,173378338433000,c0_005769.gray
5769,2,173378338414000,c2_005769.gray
5772,0,173378357582000,c0_005772.gray
5772,2,173378357512000,c2_005772.gray
5773,0,173378372220000,c0_005773.gray
5773,2,173378372184000,c2_005773.gray
5774,0,173378391200000,c0_005774.gray
5774,2,173378391170000,c2_005774.gray
5775,0,173378405098000,c0_005775.gray
5775,2,173378405080000,c2_005775.gray
5782,0,173378424100000,c0_005782.gray
5782,2,173378424078000,c2_005782.gray
5786,0,173378438450000,c0_005786.gray
5786,2,173378438428000,c2_005786.gray
5790,0,173378457468000,c0_005790.gray
5790,2,173378457431000,c2_005790.gray
5791,0,173378472470000,c0_005791.gray
5791,2,173378472240000,c2_005791.gray
5794,0,173378490888000,c0_005794.gray
5794,2,173378490789000,c2_005794.gray
5797,0,173378505096000,c0_005797.gray
5797,2,173378505080000,c2_005797.gray
5804,0,173378524111000,c0_005804.gray
5804,2,173378524084000,c2_005804.gray
5808,0,173378538453000,c0_005808.gray
5808,2,173378538423000,c2_005808.gray
5809,0,173378557451000,c0_005809.gray
5809,2,173378557422000,c2_005809.gray
5814,0,173378571767000,c0_005814.gray
5814,2,173378571750000,c2_005814.gray
5822,0,173378590766000,c0_005822.gray
5822,2,173378590747000,c2_005822.gray
5827,0,173378605101000,c0_005827.gray
5827,2,173378605083000,c2_005827.gray
5835,0,173378624098000,c0_005835.gray
5835,2,173378624080000,c2_005835.gray
5841,0,173378638429000,c0_005841.gray
5841,2,173378638410000,c2_005841.gray
5849,0,173378657422000,c0_005849.gray
5849,2,173378657408000,c2_005849.gray
5854,0,173378671759000,c0_005854.gray
5854,2,173378671745000,c2_005854.gray
5862,0,173378690755000,c0_005862.gray
5862,2,173378690741000,c2_005862.gray
5868,0,173378705114000,c0_005868.gray
5868,2,173378705090000,c2_005868.gray
5872,0,173378724118000,c0_005872.gray
5872,2,173378724086000,c2_005872.gray
5875,0,173378738484000,c0_005875.gray
5875,2,173378738436000,c2_005875.gray
5876,0,173378757509000,c0_005876.gray
5876,2,173378757451000,c2_005876.gray
5877,0,173378771937000,c0_005877.gray
5877,2,173378771904000,c2_005877.gray
5879,0,173378790763000,c0_005879.gray
5879,2,173378790747000,c2_005879.gray
5885,0,173378805111000,c0_005885.gray
5885,2,173378805084000,c2_005885.gray
5891,0,173378824130000,c0_005891.gray
5891,2,173378824106000,c2_005891.gray
5892,2,173378838614000,c2_005892.gray
5893,0,173378838648000,c0_005893.gray
5896,0,173378858089000,c0_005896.gray
5896,2,173378857741000,c2_005896.gray
5897,0,173378873142000,c0_005897.gray
5897,2,173378872479000,c2_005897.gray
5898,0,173378890884000,c0_005898.gray
5898,2,173378890779000,c2_005898.gray
5901,0,173378905098000,c0_005901.gray
5901,2,173378905083000,c2_005901.gray
5909,0,173378924117000,c0_005909.gray
5909,2,173378924087000,c2_005909.gray
5912,0,173378938516000,c0_005912.gray
5912,2,173378938452000,c2_005912.gray
5915,0,173378957477000,c0_005915.gray
5915,2,173378957428000,c2_005915.gray
5920,0,173378971766000,c0_005920.gray
5920,2,173378971750000,c2_005920.gray
5928,0,173378990762000,c0_005928.gray
5928,2,173378990748000,c2_005928.gray
5934,0,173379005098000,c0_005934.gray
5934,2,173379005084000,c2_005934.gray
5942,0,173379024092000,c0_005942.gray
5942,2,173379024077000,c2_005942.gray
5947,0,173379038430000,c0_005947.gray
5947,2,173379038415000,c2_005947.gray
5955,0,173379057426000,c0_005955.gray
5955,2,173379057410000,c2_005955.gray
5961,0,173379071761000,c0_005961.gray
5961,2,173379071747000,c2_005961.gray
5969,0,173379090786000,c0_005969.gray
5969,2,173379090756000,c2_005969.gray
5972,0,173379105163000,c0_005972.gray
5972,2,173379105130000,c2_005972.gray
5976,0,173379124151000,c0_005976.gray
5976,2,173379124100000,c2_005976.gray
5977,0,173379138465000,c0_005977.gray
5977,2,173379138432000,c2_005977.gray
5978,0,173379157463000,c0_005978.gray
5978,2,173379157431000,c2_005978.gray
5979,0,173379172244000,c0_005979.gray
5979,2,173379172070000,c2_005979.gray
5982,0,173379190771000,c0_005982.gray
5982,2,173379190753000,c2_005982.gray
5988,0,173379205113000,c0_005988.gray
5988,2,173379205089000,c2_005988.gray
5993,2,173379224093000,c2_005993.gray
5994,0,173379224140000,c0_005994.gray
5994,2,173379238433000,c2_005994.gray
5995,0,173379238470000,c0_005995.gray
5995,2,173379257719000,c2_005995.gray
5996,0,173379257809000,c0_005996.gray
5996,2,173379271768000,c2_005996.gray
5997,0,173379271790000,c0_005997.gray
5997,2,173379291006000,c2_005997.gray
5998,0,173379291491000,c0_005998.gray
5998,2,173379305084000,c2_005998.gray
5999,0,173379305101000,c0_005999.gray
6003,2,173379324085000,c2_006003.gray
6004,0,173379324104000,c0_006004.gray
6009,0,173379338432000,c0_006009.gray
6009,2,173379338416000,c2_006009.gray
6012,0,173379357463000,c0_006012.gray
6012,2,173379357430000,c2_006012.gray
6015,0,173379371782000,c0_006015.gray
6015,2,173379371759000,c2_006015.gray
6020,0,173379390767000,c0_006020.gray
6020,2,173379390750000,c2_006020.gray
6026,0,173379405105000,c0_006026.gray
6026,2,173379405086000,c2_006026.gray
6034,0,173379424097000,c0_006034.gray
6034,2,173379424084000,c2_006034.gray
6040,0,173379438435000,c0_006040.gray
6040,2,173379438419000,c2_006040.gray
6048,0,173379457425000,c0_006048.gray
6048,2,173379457412000,c2_006048.gray
6053,0,173379471766000,c0_006053.gray
6053,2,173379471750000,c2_006053.gray
6061,0,173379490761000,c0_006061.gray
6061,2,173379490747000,c2_006061.gray
6067,0,173379505098000,c0_006067.gray
6067,2,173379505084000,c2_006067.gray
6075,0,173379524122000,c0_006075.gray
6075,2,173379524091000,c2_006075.gray
6078,0,173379538466000,c0_006078.gray
6078,2,173379538433000,c2_006078.gray
6081,0,173379557469000,c0_006081.gray
6081,2,173379557430000,c2_006081.gray
6082,0,173379572547000,c0_006082.gray
6082,2,173379572508000,c2_006082.gray
6083,0,173379591597000,c0_006083.gray
6083,2,173379591178000,c2_006083.gray
6084,0,173379605106000,c0_006084.gray
6084,2,173379605089000,c2_006084.gray
6091,0,173379624104000,c0_006091.gray
6091,2,173379624084000,c2_006091.gray
6095,0,173379638448000,c0_006095.gray
6095,2,173379638426000,c2_006095.gray
6100,0,173379657463000,c0_006100.gray
6100,2,173379657429000,c2_006100.gray
6102,0,173379671803000,c0_006102.gray
6102,2,173379671771000,c2_006102.gray
6103,0,173379691529000,c0_006103.gray
6103,2,173379690901000,c2_006103.gray
6104,0,173379705221000,c0_006104.gray
6104,2,173379705142000,c2_006104.gray
6108,0,173379724102000,c0_006108.gray
6108,2,173379724085000,c2_006108.gray
6113,0,173379738442000,c0_006113.gray
6113,2,173379738422000,c2_006113.gray
6118,0,173379757433000,c0_006118.gray
6118,2,173379757435000,c2_006118.gray
6123,0,173379771758000,c0_006123.gray
6123,2,173379771757000,c2_006123.gray
6131,0,173379790753000,c0_006131.gray
6131,2,173379790754000,c2_006131.gray
6136,0,173379805091000,c0_006136.gray
6136,2,173379805092000,c2_006136.gray
6144,0,173379824085000,c0_006144.gray
6144,2,173379824086000,c2_006144.gray
6150,0,173379838418000,c0_006150.gray
6150,2,173379838417000,c2_006150.gray
6158,0,173379857416000,c0_006158.gray
6158,2,173379857415000,c2_006158.gray
6164,0,173379871753000,c0_006164.gray
6164,2,173379871752000,c2_006164.gray
6172,0,173379890751000,c0_006172.gray
6172,2,173379890749000,c2_006172.gray
6177,0,173379905098000,c0_006177.gray
6177,2,173379905096000,c2_006177.gray
6182,0,173379924099000,c0_006182.gray
6182,2,173379924096000,c2_006182.gray
6184,2,173379938448000,c2_006184.gray
6185,0,173379938463000,c0_006185.gray
6186,0,173379957478000,c0_006186.gray
6186,2,173379957484000,c2_006186.gray
6187,0,173379971764000,c0_006187.gray
6187,2,173379971767000,c2_006187.gray
6189,0,173379990756000,c0_006189.gray
6189,2,173379990756000,c2_006189.gray
6195,0,173380005091000,c0_006195.gray
6195,2,173380005089000,c2_006195.gray
6202,0,173380024195000,c0_006202.gray
6202,2,173380024142000,c2_006202.gray
6203,0,173380038462000,c0_006203.gray
6203,2,173380038449000,c2_006203.gray
6205,2,173380057651000,c2_006205.gray
6206,0,173380057654000,c0_006206.gray
6206,2,173380072315000,c2_006206.gray
6207,0,173380072092000,c0_006207.gray
6207,2,173380090839000,c2_006207.gray
6208,0,173380090815000,c0_006208.gray
6212,0,173380105089000,c0_006212.gray
6212,2,173380105087000,c2_006212.gray
6220,0,173380124095000,c0_006220.gray
6220,2,173380124093000,c2_006220.gray
6222,0,173380138456000,c0_006222.gray
6222,2,173380138512000,c2_006222.gray
6225,0,173380157437000,c0_006225.gray
6225,2,173380157440000,c2_006225.gray
6227,0,173380171769000,c0_006227.gray
6227,2,173380171766000,c2_006227.gray
6232,0,173380190756000,c0_006232.gray
6232,2,173380190757000,c2_006232.gray
6238,0,173380205123000,c0_006238.gray
6238,2,173380205089000,c2_006238.gray
6246,0,173380224090000,c0_006246.gray
6246,2,173380224091000,c2_006246.gray
6252,0,173380238425000,c0_006252.gray
6252,2,173380238426000,c2_006252.gray
6260,0,173380257419000,c0_006260.gray
6260,2,173380257420000,c2_006260.gray
6266,0,173380271752000,c0_006266.gray
6266,2,173380271774000,c2_006266.gray
6273,0,173380290752000,c0_006273.gray
6273,2,173380290751000,c2_006273.gray
6279,0,173380305088000,c0_006279.gray
6279,2,173380305087000,c2_006279.gray
6287,0,173380324098000,c0_006287.gray
6287,2,173380324096000,c2_006287.gray
6290,0,173380338436000,c0_006290.gray
6290,2,173380338438000,c2_006290.gray
6294,0,173380357452000,c0_006294.gray
6294,2,173380357456000,c2_006294.gray
6295,0,173380371801000,c0_006295.gray
6295,2,173380371796000,c2_006295.gray
6298,0,173380390755000,c0_006298.gray
6298,2,173380390757000,c2_006298.gray
6303,0,173380405095000,c0_006303.gray
6303,2,173380405096000,c2_006303.gray
6310,0,173380424095000,c0_006310.gray
6310,2,173380424095000,c2_006310.gray
6316,0,173380438423000,c0_006316.gray
6316,2,173380438421000,c2_006316.gray
6324,0,173380457421000,c0_006324.gray
6324,2,173380457473000,c2_006324.gray
6329,0,173380471815000,c0_006329.gray
6329,2,173380471822000,c2_006329.gray
6336,0,173380490755000,c0_006336.gray
6336,2,173380490756000,c2_006336.gray
6342,0,173380505089000,c0_006342.gray
6342,2,173380505090000,c2_006342.gray
6350,0,173380524088000,c0_006350.gray
6350,2,173380524087000,c2_006350.gray
6356,0,173380538426000,c0_006356.gray
6356,2,173380538427000,c2_006356.gray
6364,0,173380557421000,c0_006364.gray
6364,2,173380557422000,c2_006364.gray
6370,0,173380571755000,c0_006370.gray
6370,2,173380571754000,c2_006370.gray
6378,0,173380590753000,c0_006378.gray
6378,2,173380590756000,c2_006378.gray
6384,0,173380605088000,c0_006384.gray
6384,2,173380605087000,c2_006384.gray
6392,0,173380624086000,c0_006392.gray
6392,2,173380624090000,c2_006392.gray
6398,0,173380638424000,c0_006398.gray
6398,2,173380638526000,c2_006398.gray
6406,0,173380657422000,c0_006406.gray
6406,2,173380657421000,c2_006406.gray
6412,0,173380671759000,c0_006412.gray
6412,2,173380671758000,c2_006412.gray
6419,2,173380690755000,c2_006419.gray
6420,0,173380690754000,c0_006420.gray
6425,0,173380705271000,c0_006425.gray
6425,2,173380705316000,c2_006425.gray
6429,0,173380724091000,c0_006429.gray
6429,2,173380724092000,c2_006429.gray
6434,0,173380738424000,c0_006434.gray
6434,2,173380738428000,c2_006434.gray
6442,0,173380757419000,c0_006442.gray
6442,2,173380757418000,c2_006442.gray
6448,0,173380771758000,c0_006448.gray
6448,2,173380771757000,c2_006448.gray
6456,0,173380790756000,c0_006456.gray
6456,2,173380790755000,c2_006456.gray
6461,0,173380805093000,c0_006461.gray
6461,2,173380805094000,c2_006461.gray
6469,0,173380824088000,c0_006469.gray
6469,2,173380824092000,c2_006469.gray
6475,0,173380838425000,c0_006475.gray
6475,2,173380838426000,c2_006475.gray
6483,0,173380857426000,c0_006483.gray
6483,2,173380857427000,c2_006483.gray
6488,0,173380871762000,c0_006488.gray
6488,2,173380871763000,c2_006488.gray
6496,0,173380890758000,c0_006496.gray
6496,2,173380890757000,c2_006496.gray
6502,0,173380905091000,c0_006502.gray
6502,2,173380905138000,c2_006502.gray
6510,0,173380924089000,c0_006510.gray
6510,2,173380924088000,c2_006510.gray
6516,0,173380938427000,c0_006516.gray
6516,2,173380938429000,c2_006516.gray
6523,0,173380957424000,c0_006523.gray
6523,2,173380957422000,c2_006523.gray
6527,0,173380971766000,c0_006527.gray
6527,2,173380971768000,c2_006527.gray
6534,0,173380990770000,c0_006534.gray
6534,2,173380990767000,c2_006534.gray
6536,0,173381005115000,c0_006536.gray
6536,2,173381005110000,c2_006536.gray
6537,0,173381024111000,c0_006537.gray
6537,2,173381024114000,c2_006537.gray
6538,0,173381038443000,c0_006538.gray
6538,2,173381038440000,c2_006538.gray
6539,0,173381057438000,c0_006539.gray
6539,2,173381057442000,c2_006539.gray
6540,0,173381071777000,c0_006540.gray
6540,2,173381071774000,c2_006540.gray
6544,0,173381090769000,c0_006544.gray
6544,2,173381090767000,c2_006544.gray
6547,0,173381105107000,c0_006547.gray
6547,2,173381105104000,c2_006547.gray
6551,0,173381124222000,c0_006551.gray
6551,2,173381124120000,c2_006551.gray
6552,0,173381139013000,c0_006552.gray
6552,2,173381138913000,c2_006552.gray
6553,0,173381157938000,c0_006553.gray
6553,2,173381157936000,c2_006553.gray
6554,0,173381171766000,c0_006554.gray
6554,2,173381171767000,c2_006554.gray
6559,0,173381190760000,c0_006559.gray
6559,2,173381190767000,c2_006559.gray
6565,0,173381205102000,c0_006565.gray
6565,2,173381205108000,c2_006565.gray
6569,0,173381224106000,c0_006569.gray
6569,2,173381224104000,c2_006569.gray
6572,0,173381238441000,c0_006572.gray
6572,2,173381238438000,c2_006572.gray
6580,0,173381257429000,c0_006580.gray
6580,2,173381257430000,c2_006580.gray
6585,0,173381271765000,c0_006585.gray
6585,2,173381271766000,c2_006585.gray
6592,0,173381290762000,c0_006592.gray
6592,2,173381290763000,c2_006592.gray
6598,0,173381305094000,c0_006598.gray
6598,2,173381305095000,c2_006598.gray
6606,0,173381324093000,c0_006606.gray
6606,2,173381324092000,c2_006606.gray
6612,0,173381338429000,c0_006612.gray
6612,2,173381338427000,c2_006612.gray
6620,0,173381357426000,c0_006620.gray
6620,2,173381357425000,c2_006620.gray
6626,0,173381371762000,c0_006626.gray
6626,2,173381371761000,c2_006626.gray
6633,0,173381390769000,c0_006633.gray
6633,2,173381390772000,c2_006633.gray
6636,0,173381405109000,c0_006636.gray
6636,2,173381405112000,c2_006636.gray
6640,0,173381424123000,c0_006640.gray
6640,2,173381424137000,c2_006640.gray
6641,0,173381438908000,c0_006641.gray
6641,2,173381439061000,c2_006641.gray
6642,0,173381457444000,c0_006642.gray
6642,2,173381457447000,c2_006642.gray
6643,0,173381472329000,c0_006643.gray
6643,2,173381472381000,c2_006643.gray
6646,0,173381490764000,c0_006646.gray
6646,2,173381490765000,c2_006646.gray
6652,0,173381505103000,c0_006652.gray
6652,2,173381505105000,c2_006652.gray
6657,0,173381524493000,c0_006657.gray
6657,2,173381524579000,c2_006657.gray
6660,0,173381538446000,c0_006660.gray
6660,2,173381538448000,c2_006660.gray
6661,0,173381557526000,c0_006661.gray
6661,2,173381557506000,c2_006661.gray
6663,0,173381571787000,c0_006663.gray
6663,2,173381571789000,c2_006663.gray
6669,0,173381590759000,c0_006669.gray
6669,2,173381590760000,c2_006669.gray
6674,0,173381605112000,c0_006674.gray
6674,2,173381605110000,c2_006674.gray
6678,2,173381624124000,c2_006678.gray
6679,0,173381624130000,c0_006679.gray
6679,2,173381638448000,c2_006679.gray
6680,0,173381638445000,c0_006680.gray
6686,0,173381657430000,c0_006686.gray
6686,2,173381657509000,c2_006686.gray
6692,0,173381671767000,c0_006692.gray
6692,2,173381671768000,c2_006692.gray
6700,0,173381690761000,c0_006700.gray
6700,2,173381690760000,c2_006700.gray
6706,0,173381705098000,c0_006706.gray
6706,2,173381705097000,c2_006706.gray
6714,0,173381724095000,c0_006714.gray
6714,2,173381724096000,c2_006714.gray
6720,0,173381738431000,c0_006720.gray
6720,2,173381738430000,c2_006720.gray
6728,0,173381757428000,c0_006728.gray
6728,2,173381757429000,c2_006728.gray
6733,0,173381771803000,c0_006733.gray
6733,2,173381771779000,c2_006733.gray
6738,0,173381790772000,c0_006738.gray
6738,2,173381790774000,c2_006738.gray
6741,0,173381805128000,c0_006741.gray
6741,2,173381805160000,c2_006741.gray
6743,0,173381824108000,c0_006743.gray
6743,2,173381824128000,c2_006743.gray
6744,0,173381838445000,c0_006744.gray
6744,2,173381838448000,c2_006744.gray
6745,0,173381857887000,c0_006745.gray
6745,2,173381857781000,c2_006745.gray
6746,0,173381871781000,c0_006746.gray
6746,2,173381871779000,c2_006746.gray
6750,2,173381890767000,c2_006750.gray
6751,0,173381890765000,c0_006751.gray
6754,0,173381905117000,c0_006754.gray
6754,2,173381905151000,c2_006754.gray
6758,0,173381924110000,c0_006758.gray
6758,2,173381924159000,c2_006758.gray
6760,0,173381938875000,c0_006760.gray
6760,2,173381938933000,c2_006760.gray
6761,0,173381957679000,c0_006761.gray
6761,2,173381957681000,c2_006761.gray
6763,0,173381971798000,c0_006763.gray
6763,2,173381971808000,c2_006763.gray
6769,0,173381990764000,c0_006769.gray
6769,2,173381990763000,c2_006769.gray
6775,0,173382005111000,c0_006775.gray
6775,2,173382005108000,c2_006775.gray
6780,0,173382024122000,c0_006780.gray
6780,2,173382024119000,c2_006780.gray
6781,0,173382038451000,c0_006781.gray
6781,2,173382038447000,c2_006781.gray
6786,0,173382057441000,c0_006786.gray
6786,2,173382057439000,c2_006786.gray
6791,0,173382071769000,c0_006791.gray
6791,2,173382071771000,c2_006791.gray
6799,0,173382090768000,c0_006799.gray
6799,2,173382090769000,c2_006799.gray
6805,0,173382105105000,c0_006805.gray
6805,2,173382105104000,c2_006805.gray
6813,0,173382124101000,c0_006813.gray
6813,2,173382124101000,c2_006813.gray
6819,0,173382138433000,c0_006819.gray
6819,2,173382138432000,c2_006819.gray
6827,0,173382157428000,c0_006827.gray
6827,2,173382157427000,c2_006827.gray
6832,0,173382171767000,c0_006832.gray
6832,2,173382171766000,c2_006832.gray
6840,0,173382190763000,c0_006840.gray
6840,2,173382190764000,c2_006840.gray
6846,0,173382205118000,c0_006846.gray
6846,2,173382205107000,c2_006846.gray
6851,0,173382224158000,c0_006851.gray
6851,2,173382224114000,c2_006851.gray
6852,0,173382238452000,c0_006852.gray
6852,2,173382238450000,c2_006852.gray
6853,0,173382257447000,c0_006853.gray
6853,2,173382257445000,c2_006853.gray
6854,0,173382271776000,c0_006854.gray
6854,2,173382271778000,c2_006854.gray
6857,0,173382290766000,c0_006857.gray
6857,2,173382290767000,c2_006857.gray
6863,0,173382305106000,c0_006863.gray
6863,2,173382305104000,c2_006863.gray
6869,0,173382324112000,c0_006869.gray
6869,2,173382324109000,c2_006869.gray
6870,0,173382338453000,c0_006870.gray
6870,2,173382338451000,c2_006870.gray
6871,0,173382357779000,c0_006871.gray
6871,2,173382358146000,c2_006871.gray
6875,0,173382371846000,c0_006875.gray
6875,2,173382371848000,c2_006875.gray
6880,0,173382390767000,c0_006880.gray
6880,2,173382390766000,c2_006880.gray
6885,0,173382405123000,c0_006885.gray
6885,2,173382405108000,c2_006885.gray
6890,2,173382424134000,c2_006890.gray
6891,0,173382424147000,c0_006891.gray
6891,2,173382438448000,c2_006891.gray
6892,0,173382438452000,c0_006892.gray
6895,0,173382457448000,c0_006895.gray
6895,2,173382457444000,c2_006895.gray
6900,0,173382471772000,c0_006900.gray
6900,2,173382471774000,c2_006900.gray
6908,0,173382490769000,c0_006908.gray
6908,2,173382490770000,c2_006908.gray
6914,0,173382505106000,c0_006914.gray
6914,2,173382505106000,c2_006914.gray
6922,0,173382524102000,c0_006922.gray
6922,2,173382524100000,c2_006922.gray
6928,0,173382538435000,c0_006928.gray
6928,2,173382538434000,c2_006928.gray
6935,0,173382557432000,c0_006935.gray
6935,2,173382557431000,c2_006935.gray
6941,0,173382571768000,c0_006941.gray
6941,2,173382571770000,c2_006941.gray
6949,0,173382590767000,c0_006949.gray
6949,2,173382590766000,c2_006949.gray
6955,0,173382605113000,c0_006955.gray
6955,2,173382605110000,c2_006955.gray
6960,0,173382624108000,c0_006960.gray
6960,2,173382624111000,c2_006960.gray
6961,0,173382638483000,c0_006961.gray
6961,2,173382638535000,c2_006961.gray
6962,0,173382657450000,c0_006962.gray
6962,2,173382657453000,c2_006962.gray
6963,0,173382672051000,c0_006963.gray
6963,2,173382672114000,c2_006963.gray
6966,0,173382690771000,c0_006966.gray
6966,2,173382690772000,c2_006966.gray
6971,0,173382705108000,c0_006971.gray
6971,2,173382705106000,c2_006971.gray
6978,0,173382724113000,c0_006978.gray
6978,2,173382724110000,c2_006978.gray
6979,0,173382738454000,c0_006979.gray
6979,2,173382738452000,c2_006979.gray
6980,2,173382757714000,c2_006980.gray
6981,0,173382757711000,c0_006981.gray
6981,2,173382771784000,c2_006981.gray
6982,0,173382771796000,c0_006982.gray
6982,2,173382791083000,c2_006982.gray
6983,0,173382791164000,c0_006983.gray
6983,2,173382805105000,c2_006983.gray
6984,0,173382805104000,c0_006984.gray
6988,0,173382824108000,c0_006988.gray
6988,2,173382824110000,c2_006988.gray
6993,0,173382838438000,c0_006993.gray
6993,2,173382838440000,c2_006993.gray
6999,0,173382857445000,c0_006999.gray
6999,2,173382857447000,c2_006999.gray
7002,0,173382871783000,c0_007002.gray
7002,2,173382871786000,c2_007002.gray
7008,0,173382890772000,c0_007008.gray
7008,2,173382890773000,c2_007008.gray
7014,0,173382905109000,c0_007014.gray
7014,2,173382905110000,c2_007014.gray
7022,0,173382924106000,c0_007022.gray
7022,2,173382924107000,c2_007022.gray
7027,0,173382938442000,c0_007027.gray
7027,2,173382938443000,c2_007027.gray
7035,0,173382957435000,c0_007035.gray
7035,2,173382957434000,c2_007035.gray
7041,0,173382971772000,c0_007041.gray
7041,2,173382971770000,c2_007041.gray
7049,0,173382990769000,c0_007049.gray
7049,2,173382990768000,c2_007049.gray
7055,0,173383005105000,c0_007055.gray
7055,2,173383005104000,c2_007055.gray
7063,0,173383024116000,c0_007063.gray
7063,2,173383024136000,c2_007063.gray
7065,0,173383038456000,c0_007065.gray
7065,2,173383038459000,c2_007065.gray
7069,0,173383057479000,c0_007069.gray
7069,2,173383057474000,c2_007069.gray
7070,0,173383072269000,c0_007070.gray
7070,2,173383072275000,c2_007070.gray
7071,0,173383091171000,c0_007071.gray
7071,2,173383091167000,c2_007071.gray
7072,0,173383105111000,c0_007072.gray
7072,2,173383105112000,c2_007072.gray
7079,0,173383124110000,c0_007079.gray
7079,2,173383124133000,c2_007079.gray
7083,0,173383138447000,c0_007083.gray
7083,2,173383138445000,c2_007083.gray
7087,0,173383157446000,c0_007087.gray
7087,2,173383157449000,c2_007087.gray
7089,0,173383173655000,c0_007089.gray
7089,2,173383172773000,c2_007089.gray
7090,0,173383191219000,c0_007090.gray
7090,2,173383191176000,c2_007090.gray
7091,0,173383205152000,c0_007091.gray
7091,2,173383205167000,c2_007091.gray
7095,0,173383224108000,c0_007095.gray
7095,2,173383224109000,c2_007095.gray
7100,0,173383238441000,c0_007100.gray
7100,2,173383238442000,c2_007100.gray
7107,0,173383257459000,c0_007107.gray
7107,2,173383257455000,c2_007107.gray
7110,0,173383271787000,c0_007110.gray
7110,2,173383271784000,c2_007110.gray
7116,0,173383290774000,c0_007116.gray
7116,2,173383290776000,c2_007116.gray
7122,0,173383305111000,c0_007122.gray
7122,2,173383305113000,c2_007122.gray
7130,0,173383324106000,c0_007130.gray
7130,2,173383324107000,c2_007130.gray
7135,0,173383338443000,c0_007135.gray
7135,2,173383338444000,c2_007135.gray
7143,0,173383357436000,c0_007143.gray
7143,2,173383357433000,c2_007143.gray
7149,0,173383371773000,c0_007149.gray
7149,2,173383371772000,c2_007149.gray
7157,0,173383390771000,c0_007157.gray
7157,2,173383390770000,c2_007157.gray
7163,0,173383405110000,c0_007163.gray
7163,2,173383405161000,c2_007163.gray
7171,0,173383424108000,c0_007171.gray
7171,2,173383424109000,c2_007171.gray
7177,0,173383438442000,c0_007177.gray
7177,2,173383438443000,c2_007177.gray
7185,0,173383457438000,c0_007185.gray
7185,2,173383457439000,c2_007185.gray
7190,0,173383471804000,c0_007190.gray
7190,2,173383471805000,c2_007190.gray
7198,0,173383490772000,c0_007198.gray
7198,2,173383490771000,c2_007198.gray
7204,0,173383505112000,c0_007204.gray
7204,2,173383505112000,c2_007204.gray
7212,0,173383524108000,c0_007212.gray
7212,2,173383524108000,c2_007212.gray
7218,0,173383538441000,c0_007218.gray
7218,2,173383538450000,c2_007218.gray
7225,0,173383557439000,c0_007225.gray
7225,2,173383557440000,c2_007225.gray
7231,0,173383571776000,c0_007231.gray
7231,2,173383571778000,c2_007231.gray
7239,0,173383590773000,c0_007239.gray
7239,2,173383590785000,c2_007239.gray
7242,0,173383605113000,c0_007242.gray
7242,2,173383605142000,c2_007242.gray
7250,0,173383624110000,c0_007250.gray
7250,2,173383624111000,c2_007250.gray
7255,0,173383638447000,c0_007255.gray
7255,2,173383638448000,c2_007255.gray
7263,0,173383657442000,c0_007263.gray
7263,2,173383657443000,c2_007263.gray
7269,0,173383671776000,c0_007269.gray
7269,2,173383671777000,c2_007269.gray
7277,0,173383690773000,c0_007277.gray
7277,2,173383690774000,c2_007277.gray
7282,0,173383705111000,c0_007282.gray
7282,2,173383705110000,c2_007282.gray
7290,0,173383724105000,c0_007290.gray
7290,2,173383724121000,c2_007290.gray
7296,0,173383738445000,c0_007296.gray
7296,2,173383738444000,c2_007296.gray
7303,0,173383757450000,c0_007303.gray
7303,2,173383757452000,c2_007303.gray
7305,0,173383771810000,c0_007305.gray
7305,2,173383771805000,c2_007305.gray
7307,0,173383791117000,c0_007307.gray
7307,2,173383791114000,c2_007307.gray
7308,0,173383805620000,c0_007308.gray
7308,2,173383805617000,c2_007308.gray
7309,0,173383824109000,c0_007309.gray
7309,2,173383824108000,c2_007309.gray
7313,0,173383838448000,c0_007313.gray
7313,2,173383838446000,c2_007313.gray
7320,0,173383857446000,c0_007320.gray
7320,2,173383857449000,c2_007320.gray
7322,2,173383871931000,c2_007322.gray
7323,0,173383871920000,c0_007323.gray
7325,2,173383890911000,c2_007325.gray
7326,0,173383890907000,c0_007326.gray
7326,2,173383905471000,c2_007326.gray
7327,0,173383905569000,c0_007327.gray
7327,2,173383924515000,c2_007327.gray
7328,0,173383924555000,c0_007328.gray
7328,2,173383938648000,c2_007328.gray
7329,0,173383938739000,c0_007329.gray
7329,2,173383957447000,c2_007329.gray
7330,0,173383957446000,c0_007330.gray
7334,0,173383971783000,c0_007334.gray
7334,2,173383971785000,c2_007334.gray
7342,0,173383990793000,c0_007342.gray
7342,2,173383990797000,c2_007342.gray
7343,0,173384005133000,c0_007343.gray
7343,2,173384005122000,c2_007343.gray
7347,0,173384024112000,c0_007347.gray
7347,2,173384024113000,c2_007347.gray
7352,0,173384038449000,c0_007352.gray
7352,2,173384038451000,c2_007352.gray
7360,0,173384057447000,c0_007360.gray
7360,2,173384057448000,c2_007360.gray
7365,0,173384071783000,c0_007365.gray
7365,2,173384071790000,c2_007365.gray
7373,2,173384090772000,c2_007373.gray
7374,0,173384090773000,c0_007374.gray
7379,0,173384105112000,c0_007379.gray
7379,2,173384105111000,c2_007379.gray
7387,0,173384124109000,c0_007387.gray
7387,2,173384124108000,c2_007387.gray
7393,0,173384138445000,c0_007393.gray
7393,2,173384138446000,c2_007393.gray
7401,0,173384157442000,c0_007401.gray
7401,2,173384157441000,c2_007401.gray
7405,0,173384171788000,c0_007405.gray
7405,2,173384171787000,c2_007405.gray
7411,0,173384190792000,c0_007411.gray
7411,2,173384190789000,c2_007411.gray
7412,0,173384205147000,c0_007412.gray
7412,2,173384205155000,c2_007412.gray
7413,0,173384224401000,c0_007413.gray
7413,2,173384224448000,c2_007413.gray
7414,0,173384238832000,c0_007414.gray
7414,2,173384238891000,c2_007414.gray
7415,0,173384257462000,c0_007415.gray
7415,2,173384257460000,c2_007415.gray
7416,0,173384271791000,c0_007416.gray
7416,2,173384271793000,c2_007416.gray
7419,2,173384290794000,c2_007419.gray
7420,0,173384290792000,c0_007420.gray
7422,0,173384305550000,c0_007422.gray
7422,2,173384305606000,c2_007422.gray
7427,0,173384324490000,c0_007427.gray
7427,2,173384324405000,c2_007427.gray
7428,0,173384338954000,c0_007428.gray
7428,2,173384338765000,c2_007428.gray
7429,0,173384357457000,c0_007429.gray
7429,2,173384357454000,c2_007429.gray
7430,0,173384371783000,c0_007430.gray
7430,2,173384371785000,c2_007430.gray
7435,0,173384390783000,c0_007435.gray
7435,2,173384390782000,c2_007435.gray
7440,0,173384405121000,c0_007440.gray
7440,2,173384405123000,c2_007440.gray
7445,0,173384424127000,c0_007445.gray
7445,2,173384424121000,c2_007445.gray
7448,0,173384438458000,c0_007448.gray
7448,2,173384438461000,c2_007448.gray
7456,0,173384457450000,c0_007456.gray
7456,2,173384457449000,c2_007456.gray
7461,0,173384471786000,c0_007461.gray
7461,2,173384471787000,c2_007461.gray
7469,0,173384490780000,c0_007469.gray
7469,2,173384490794000,c2_007469.gray
7475,0,173384505114000,c0_007475.gray
7475,2,173384505112000,c2_007475.gray
7483,0,173384524114000,c0_007483.gray
7483,2,173384524113000,c2_007483.gray
7489,0,173384538449000,c0_007489.gray
7489,2,173384538448000,c2_007489.gray
7497,0,173384557444000,c0_007497.gray
7497,2,173384557445000,c2_007497.gray
7502,0,173384571782000,c0_007502.gray
7502,2,173384571783000,c2_007502.gray
7510,0,173384590786000,c0_007510.gray
7510,2,173384590785000,c2_007510.gray
7514,0,173384605123000,c0_007514.gray
7514,2,173384605126000,c2_007514.gray
7517,0,173384624143000,c0_007517.gray
7517,2,173384624151000,c2_007517.gray
7518,0,173384638896000,c0_007518.gray
7518,2,173384639088000,c2_007518.gray
7519,0,173384657585000,c0_007519.gray
7519,2,173384657582000,c2_007519.gray
7520,0,173384671801000,c0_007520.gray
7520,2,173384671803000,c2_007520.gray
7521,0,173384690795000,c0_007521.gray
7521,2,173384690797000,c2_007521.gray
7524,0,173384705133000,c0_007524.gray
7524,2,173384705131000,c2_007524.gray
7528,0,173384724130000,c0_007528.gray
7528,2,173384724128000,c2_007528.gray
7531,0,173384738473000,c0_007531.gray
7531,2,173384738475000,c2_007531.gray
7532,0,173384757508000,c0_007532.gray
7532,2,173384757505000,c2_007532.gray
7534,0,173384771943000,c0_007534.gray
7534,2,173384771851000,c2_007534.gray
7540,2,173384790835000,c2_007540.gray
7541,0,173384790846000,c0_007541.gray
7546,0,173384805149000,c0_007546.gray
7546,2,173384805124000,c2_007546.gray
7551,0,173384824197000,c0_007551.gray
7551,2,173384824130000,c2_007551.gray
7553,0,173384838510000,c0_007553.gray
7553,2,173384838470000,c2_007553.gray
7558,0,173384857495000,c0_007558.gray
7558,2,173384857462000,c2_007558.gray
7563,0,173384871806000,c0_007563.gray
7563,2,173384871788000,c2_007563.gray
7571,0,173384890802000,c0_007571.gray
7571,2,173384890785000,c2_007571.gray
7577,0,173384905138000,c0_007577.gray
7577,2,173384905121000,c2_007577.gray
7585,0,173384924125000,c0_007585.gray
7585,2,173384924114000,c2_007585.gray
7591,0,173384938463000,c0_007591.gray
7591,2,173384938450000,c2_007591.gray
7599,0,173384957465000,c0_007599.gray
7599,2,173384957447000,c2_007599.gray
7604,0,173384971800000,c0_007604.gray
7604,2,173384971784000,c2_007604.gray
7612,0,173384990795000,c0_007612.gray
7612,2,173384990781000,c2_007612.gray
7618,0,173385005165000,c0_007618.gray
7618,2,173385005130000,c2_007618.gray
7622,0,173385024174000,c0_007622.gray
7622,2,173385024139000,c2_007622.gray
7623,0,173385038563000,c0_007623.gray
7623,2,173385038489000,c2_007623.gray
7624,0,173385057504000,c0_007624.gray
7624,2,173385057467000,c2_007624.gray
7625,0,173385071814000,c0_007625.gray
7625,2,173385071791000,c2_007625.gray
7628,0,173385090807000,c0_007628.gray
7628,2,173385090789000,c2_007628.gray
7634,0,173385105145000,c0_007634.gray
7634,2,173385105123000,c2_007634.gray
7640,0,173385124165000,c0_007640.gray
7640,2,173385124130000,c2_007640.gray
7641,0,173385138510000,c0_007641.gray
7641,2,173385138472000,c2_007641.gray
7643,2,173385157982000,c2_007643.gray
7644,0,173385158453000,c0_007644.gray
7644,2,173385171794000,c2_007644.gray
7645,0,173385171823000,c0_007645.gray
7645,2,173385190978000,c2_007645.gray
7646,0,173385191363000,c0_007646.gray
7646,2,173385205162000,c2_007646.gray
7647,0,173385205262000,c0_007647.gray
7650,0,173385224143000,c0_007650.gray
7650,2,173385224122000,c2_007650.gray
7655,0,173385238470000,c0_007655.gray
7655,2,173385238454000,c2_007655.gray
7661,0,173385257531000,c0_007661.gray
7661,2,173385257478000,c2_007661.gray
7664,0,173385271827000,c0_007664.gray
7664,2,173385271799000,c2_007664.gray
7670,0,173385290803000,c0_007670.gray
7670,2,173385290787000,c2_007670.gray
7676,0,173385305139000,c0_007676.gray
7676,2,173385305123000,c2_007676.gray
7684,0,173385324135000,c0_007684.gray
7684,2,173385324121000,c2_007684.gray
7689,0,173385338466000,c0_007689.gray
7689,2,173385338454000,c2_007689.gray
7697,0,173385357468000,c0_007697.gray
7697,2,173385357454000,c2_007697.gray
7703,0,173385371798000,c0_007703.gray
7703,2,173385371785000,c2_007703.gray
7711,0,173385390802000,c0_007711.gray
7711,2,173385390786000,c2_007711.gray
7717,0,173385405179000,c0_007717.gray
7717,2,173385405134000,c2_007717.gray
7721,0,173385424150000,c0_007721.gray
7721,2,173385424126000,c2_007721.gray
7723,0,173385438505000,c0_007723.gray
7723,2,173385438471000,c2_007723.gray
7725,0,173385457513000,c0_007725.gray
7725,2,173385457477000,c2_007725.gray
7726,0,173385472708000,c0_007726.gray
7726,2,173385472346000,c2_007726.gray
7728,2,173385490792000,c2_007728.gray
7729,0,173385490809000,c0_007729.gray
7734,0,173385505145000,c0_007734.gray
7734,2,173385505126000,c2_007734.gray
7741,0,173385524152000,c0_007741.gray
7741,2,173385524129000,c2_007741.gray
7742,0,173385539209000,c0_007742.gray
7742,2,173385539176000,c2_007742.gray
7745,0,173385558378000,c0_007745.gray
7745,2,173385557835000,c2_007745.gray
7746,0,173385572049000,c0_007746.gray
7746,2,173385572024000,c2_007746.gray
7747,0,173385590969000,c0_007747.gray
7747,2,173385590936000,c2_007747.gray
7751,0,173385605141000,c0_007751.gray
7751,2,173385605125000,c2_007751.gray
7759,0,173385624159000,c0_007759.gray
7759,2,173385624129000,c2_007759.gray
7762,0,173385638557000,c0_007762.gray
7762,2,173385638493000,c2_007762.gray
7763,0,173385657497000,c0_007763.gray
7763,2,173385657466000,c2_007763.gray
7766,2,173385671797000,c2_007766.gray
7767,0,173385671809000,c0_007767.gray
7774,0,173385690808000,c0_007774.gray
7774,2,173385690789000,c2_007774.gray
7780,0,173385705140000,c0_007780.gray
7780,2,173385705125000,c2_007780.gray
7788,0,173385724140000,c0_007788.gray
7788,2,173385724122000,c2_007788.gray
7794,0,173385738467000,c0_007794.gray
7794,2,173385738455000,c2_007794.gray
7802,0,173385757466000,c0_007802.gray
7802,2,173385757452000,c2_007802.gray
7807,0,173385771804000,c0_007807.gray
7807,2,173385771789000,c2_007807.gray
7815,0,173385790807000,c0_007815.gray
7815,2,173385790790000,c2_007815.gray
7821,0,173385805144000,c0_007821.gray
7821,2,173385805129000,c2_007821.gray
7829,0,173385824136000,c0_007829.gray
7829,2,173385824121000,c2_007829.gray
7835,0,173385838476000,c0_007835.gray
7835,2,173385838460000,c2_007835.gray
7843,0,173385857528000,c0_007843.gray
7843,2,173385857503000,c2_007843.gray
7848,0,173385871806000,c0_007848.gray
7848,2,173385871796000,c2_007848.gray
7856,0,173385890807000,c0_007856.gray
7856,2,173385890790000,c2_007856.gray
7862,0,173385905140000,c0_007862.gray
7862,2,173385905125000,c2_007862.gray
7870,0,173385924232000,c0_007870.gray
7870,2,173385924185000,c2_007870.gray
7875,0,173385938560000,c0_007875.gray
7875,2,173385938516000,c2_007875.gray
7876,0,173385957474000,c0_007876.gray
7876,2,173385957462000,c2_007876.gray
7882,0,173385971787000,c0_007882.gray
7882,2,173385971798000,c2_007882.gray
7890,0,173385990790000,c0_007890.gray
7890,2,173385990811000,c2_007890.gray
7895,0,173386005126000,c0_007895.gray
7895,2,173386005138000,c2_007895.gray
7903,0,173386024123000,c0_007903.gray
7903,2,173386024135000,c2_007903.gray
7909,0,173386038460000,c0_007909.gray
7909,2,173386038472000,c2_007909.gray
7917,0,173386057453000,c0_007917.gray
7917,2,173386057468000,c2_007917.gray
7923,0,173386071790000,c0_007923.gray
7923,2,173386071805000,c2_007923.gray
7931,0,173386090787000,c0_007931.gray
7931,2,173386090801000,c2_007931.gray
7937,0,173386105121000,c0_007937.gray
7937,2,173386105131000,c2_007937.gray
7945,0,173386124121000,c0_007945.gray
7945,2,173386124135000,c2_007945.gray
7951,0,173386138458000,c0_007951.gray
7951,2,173386138475000,c2_007951.gray
7959,0,173386157455000,c0_007959.gray
7959,2,173386157467000,c2_007959.gray
7965,0,173386171794000,c0_007965.gray
7965,2,173386171803000,c2_007965.gray
7973,0,173386190788000,c0_007973.gray
7973,2,173386190802000,c2_007973.gray
7978,0,173386205126000,c0_007978.gray
7978,2,173386205141000,c2_007978.gray
7986,0,173386224125000,c0_007986.gray
7986,2,173386224135000,c2_007986.gray
7992,0,173386238459000,c0_007992.gray
7992,2,173386238468000,c2_007992.gray
8000,0,173386257478000,c0_008000.gray
8000,2,173386257566000,c2_008000.gray
8003,0,173386271847000,c0_008003.gray
8003,2,173386271890000,c2_008003.gray
8011,0,173386290791000,c0_008011.gray
8011,2,173386290807000,c2_008011.gray
8017,0,173386305130000,c0_008017.gray
8017,2,173386305151000,c2_008017.gray
8025,0,173386324124000,c0_008025.gray
8025,2,173386324135000,c2_008025.gray
8031,0,173386338460000,c0_008031.gray
8031,2,173386338473000,c2_008031.gray
8039,0,173386357459000,c0_008039.gray
8039,2,173386357474000,c2_008039.gray
8045,0,173386371791000,c0_008045.gray
8045,2,173386371806000,c2_008045.gray
8053,0,173386390803000,c0_008053.gray
8053,2,173386390789000,c2_008053.gray
8059,0,173386405125000,c0_008059.gray
8059,2,173386405140000,c2_008059.gray
8067,0,173386424125000,c0_008067.gray
8067,2,173386424139000,c2_008067.gray
8073,0,173386438460000,c0_008073.gray
8073,2,173386438475000,c2_008073.gray
8081,0,173386457456000,c0_008081.gray
8081,2,173386457471000,c2_008081.gray
8087,0,173386471792000,c0_008087.gray
8087,2,173386471805000,c2_008087.gray
8095,0,173386490835000,c0_008095.gray
8095,2,173386490844000,c2_008095.gray
8100,0,173386505127000,c0_008100.gray
8100,2,173386505146000,c2_008100.gray
8108,0,173386524124000,c0_008108.gray
8108,2,173386524138000,c2_008108.gray
8114,0,173386538460000,c0_008114.gray
8114,2,173386538473000,c2_008114.gray
8122,0,173386557457000,c0_008122.gray
8122,2,173386557474000,c2_008122.gray
8126,0,173386571825000,c0_008126.gray
8126,2,173386571876000,c2_008126.gray
8132,0,173386590792000,c0_008132.gray
8132,2,173386590805000,c2_008132.gray
8138,0,173386605132000,c0_008138.gray
8138,2,173386605147000,c2_008138.gray
8146,0,173386624127000,c0_008146.gray
8146,2,173386624139000,c2_008146.gray
8151,0,173386638465000,c0_008151.gray
8151,2,173386638481000,c2_008151.gray
8159,0,173386657463000,c0_008159.gray
8159,2,173386657481000,c2_008159.gray
8165,0,173386671797000,c0_008165.gray
8165,2,173386671814000,c2_008165.gray
8173,0,173386690791000,c0_008173.gray
8173,2,173386690805000,c2_008173.gray
8179,0,173386705129000,c0_008179.gray
8179,2,173386705145000,c2_008179.gray
8187,0,173386724124000,c0_008187.gray
8187,2,173386724138000,c2_008187.gray
8193,0,173386738461000,c0_008193.gray
8193,2,173386738475000,c2_008193.gray
8201,0,173386757459000,c0_008201.gray
8201,2,173386757474000,c2_008201.gray
8204,0,173386771808000,c0_008204.gray
8204,2,173386771834000,c2_008204.gray
8210,0,173386790799000,c0_008210.gray
8210,2,173386790825000,c2_008210.gray
8213,0,173386805210000,c0_008213.gray
8213,2,173386805282000,c2_008213.gray
8214,0,173386824144000,c0_008214.gray
8214,2,173386824181000,c2_008214.gray
8215,0,173386838476000,c0_008215.gray
8215,2,173386838669000,c2_008215.gray
8216,0,173386857477000,c0_008216.gray
8216,2,173386857529000,c2_008216.gray
8217,0,173386871804000,c0_008217.gray
8217,2,173386871833000,c2_008217.gray
8222,0,173386890805000,c0_008222.gray
8222,2,173386890834000,c2_008222.gray
8225,0,173386905653000,c0_008225.gray
8225,2,173386906180000,c2_008225.gray
8229,0,173386924534000,c0_008229.gray
8229,2,173386925014000,c2_008229.gray
8230,0,173386938741000,c0_008230.gray
8230,2,173386939283000,c2_008230.gray
8231,0,173386957909000,c0_008231.gray
8231,2,173386958460000,c2_008231.gray
8232,0,173386971798000,c0_008232.gray
8232,2,173386971851000,c2_008232.gray
8238,0,173386990797000,c0_008238.gray
8238,2,173386990815000,c2_008238.gray
8243,2,173387005171000,c2_008243.gray
8244,0,173387005140000,c0_008244.gray
8247,0,173387024142000,c0_008247.gray
8247,2,173387024182000,c2_008247.gray
8250,0,173387038476000,c0_008250.gray
8250,2,173387038518000,c2_008250.gray
8257,0,173387057465000,c0_008257.gray
8257,2,173387057481000,c2_008257.gray
8263,0,173387071801000,c0_008263.gray
8263,2,173387071818000,c2_008263.gray
8271,0,173387090794000,c0_008271.gray
8271,2,173387090808000,c2_008271.gray
8277,0,173387105133000,c0_008277.gray
8277,2,173387105148000,c2_008277.gray
8285,0,173387124127000,c0_008285.gray
8285,2,173387124141000,c2_008285.gray
8291,0,173387138463000,c0_008291.gray
8291,2,173387138478000,c2_008291.gray
8299,0,173387157462000,c0_008299.gray
8299,2,173387157478000,c2_008299.gray
8303,0,173387171805000,c0_008303.gray
8303,2,173387171833000,c2_008303.gray
8309,0,173387190808000,c0_008309.gray
8309,2,173387190842000,c2_008309.gray
8310,2,173387205227000,c2_008310.gray
8311,0,173387205167000,c0_008311.gray
8311,2,173387224198000,c2_008311.gray
8312,0,173387224149000,c0_008312.gray
8312,2,173387238683000,c2_008312.gray
8313,0,173387238645000,c0_008313.gray
8313,2,173387257519000,c2_008313.gray
8314,0,173387257480000,c0_008314.gray
8317,0,173387271802000,c0_008317.gray
8317,2,173387271820000,c2_008317.gray
8325,0,173387290799000,c0_008325.gray
8325,2,173387290824000,c2_008325.gray
8328,2,173387305371000,c2_008328.gray
8329,0,173387305347000,c0_008329.gray
8332,0,173387324409000,c0_008332.gray
8332,2,173387324447000,c2_008332.gray
8333,0,173387338892000,c0_008333.gray
8333,2,173387339270000,c2_008333.gray
8334,0,173387357824000,c0_008334.gray
8334,2,173387358369000,c2_008334.gray
8335,0,173387371802000,c0_008335.gray
8335,2,173387371815000,c2_008335.gray
8341,0,173387390798000,c0_008341.gray
8341,2,173387390810000,c2_008341.gray
8347,0,173387405135000,c0_008347.gray
8347,2,173387405152000,c2_008347.gray
8354,0,173387424133000,c0_008354.gray
8354,2,173387424149000,c2_008354.gray
8360,0,173387438468000,c0_008360.gray
8360,2,173387438480000,c2_008360.gray
8368,0,173387457467000,c0_008368.gray
8368,2,173387457479000,c2_008368.gray
8374,0,173387471798000,c0_008374.gray
8374,2,173387471811000,c2_008374.gray
8382,0,173387490797000,c0_008382.gray
8382,2,173387490812000,c2_008382.gray
8388,0,173387505132000,c0_008388.gray
8388,2,173387505146000,c2_008388.gray
8396,0,173387524131000,c0_008396.gray
8396,2,173387524146000,c2_008396.gray
8402,0,173387538466000,c0_008402.gray
8402,2,173387538484000,c2_008402.gray
8407,0,173387557480000,c0_008407.gray
8407,2,173387557511000,c2_008407.gray
8409,0,173387571817000,c0_008409.gray
8409,2,173387571855000,c2_008409.gray
8411,0,173387591041000,c0_008411.gray
8411,2,173387591067000,c2_008411.gray
8412,0,173387605346000,c0_008412.gray
8412,2,173387605372000,c2_008412.gray
8413,0,173387624131000,c0_008413.gray
8413,2,173387624170000,c2_008413.gray
8417,0,173387638483000,c0_008417.gray
8417,2,173387638470000,c2_008417.gray
8425,0,173387657478000,c0_008425.gray
8425,2,173387657464000,c2_008425.gray
8431,0,173387671816000,c0_008431.gray
8431,2,173387671800000,c2_008431.gray
8439,0,173387690812000,c0_008439.gray
8439,2,173387690796000,c2_008439.gray
8444,0,173387705240000,c0_008444.gray
8444,2,173387705194000,c2_008444.gray
8452,0,173387724151000,c0_008452.gray
8452,2,173387724134000,c2_008452.gray
8458,0,173387738481000,c0_008458.gray
8458,2,173387738468000,c2_008458.gray
8466,0,173387757484000,c0_008466.gray
8466,2,173387757469000,c2_008466.gray
8472,0,173387771815000,c0_008472.gray
8472,2,173387771803000,c2_008472.gray
8480,0,173387790813000,c0_008480.gray
8480,2,173387790801000,c2_008480.gray
8486,0,173387805149000,c0_008486.gray
8486,2,173387805138000,c2_008486.gray
8494,0,173387824148000,c0_008494.gray
8494,2,173387824132000,c2_008494.gray
8499,0,173387838481000,c0_008499.gray
8499,2,173387838468000,c2_008499.gray
8507,0,173387857482000,c0_008507.gray
8507,2,173387857466000,c2_008507.gray
8513,0,173387871814000,c0_008513.gray
8513,2,173387871801000,c2_008513.gray
8521,0,173387890806000,c0_008521.gray
8521,2,173387890797000,c2_008521.gray
8527,0,173387905149000,c0_008527.gray
8527,2,173387905135000,c2_008527.gray
8535,0,173387924151000,c0_008535.gray
8535,2,173387924133000,c2_008535.gray
8541,0,173387938482000,c0_008541.gray
8541,2,173387938468000,c2_008541.gray
8549,0,173387957480000,c0_008549.gray
8549,2,173387957466000,c2_008549.gray
8555,0,173387971818000,c0_008555.gray
8555,2,173387971802000,c2_008555.gray
8563,0,173387990815000,c0_008563.gray
8563,2,173387990798000,c2_008563.gray
8569,0,173388005136000,c0_008569.gray
8569,2,173388005152000,c2_008569.gray
8575,0,173388024174000,c0_008575.gray
8575,2,173388024198000,c2_008575.gray
8580,0,173388038469000,c0_008580.gray
8580,2,173388038482000,c2_008580.gray
8588,0,173388057467000,c0_008588.gray
8588,2,173388057484000,c2_008588.gray
8594,0,173388071806000,c0_008594.gray
8594,2,173388071821000,c2_008594.gray
8602,0,173388090803000,c0_008602.gray
8602,2,173388090820000,c2_008602.gray
8608,0,173388105138000,c0_008608.gray
8608,2,173388105153000,c2_008608.gray
8616,0,173388124136000,c0_008616.gray
8616,2,173388124150000,c2_008616.gray
8622,0,173388138469000,c0_008622.gray
8622,2,173388138483000,c2_008622.gray
8630,0,173388157467000,c0_008630.gray
8630,2,173388157481000,c2_008630.gray
8636,0,173388171802000,c0_008636.gray
8636,2,173388171818000,c2_008636.gray
8644,0,173388190800000,c0_008644.gray
8644,2,173388190814000,c2_008644.gray
8650,0,173388205148000,c0_008650.gray
8650,2,173388205179000,c2_008650.gray
8654,2,173388224184000,c2_008654.gray
8655,0,173388224148000,c0_008655.gray
8657,0,173388238482000,c0_008657.gray
8657,2,173388238510000,c2_008657.gray
8659,0,173388257519000,c0_008659.gray
8659,2,173388257595000,c2_008659.gray
8660,0,173388272042000,c0_008660.gray
8660,2,173388272081000,c2_008660.gray
8663,0,173388290804000,c0_008663.gray
8663,2,173388290820000,c2_008663.gray
8668,0,173388305142000,c0_008668.gray
8668,2,173388305163000,c2_008668.gray
8675,0,173388324150000,c0_008675.gray
8675,2,173388324183000,c2_008675.gray
8677,0,173388338502000,c0_008677.gray
8677,2,173388338540000,c2_008677.gray
8681,0,173388357920000,c0_008681.gray
8681,2,173388358574000,c2_008681.gray
8682,0,173388372294000,c0_008682.gray
8682,2,173388372846000,c2_008682.gray
8683,0,173388390834000,c0_008683.gray
8683,2,173388390848000,c2_008683.gray
8688,0,173388405140000,c0_008688.gray
8688,2,173388405156000,c2_008688.gray
8695,0,173388424146000,c0_008695.gray
8695,2,173388424177000,c2_008695.gray
8698,0,173388438517000,c0_008698.gray
8698,2,173388438583000,c2_008698.gray
8699,0,173388457486000,c0_008699.gray
8699,2,173388457524000,c2_008699.gray
8702,0,173388471809000,c0_008702.gray
8702,2,173388471827000,c2_008702.gray
8710,0,173388490807000,c0_008710.gray
8710,2,173388490825000,c2_008710.gray
8716,0,173388505144000,c0_008716.gray
8716,2,173388505160000,c2_008716.gray
8724,0,173388524140000,c0_008724.gray
8724,2,173388524156000,c2_008724.gray
8730,0,173388538471000,c0_008730.gray
8730,2,173388538484000,c2_008730.gray
8738,0,173388557468000,c0_008738.gray
8738,2,173388557483000,c2_008738.gray
8743,0,173388571805000,c0_008743.gray
8743,2,173388571823000,c2_008743.gray
8751,0,173388590802000,c0_008751.gray
8751,2,173388590817000,c2_008751.gray
8757,0,173388605159000,c0_008757.gray
8757,2,173388605193000,c2_008757.gray
8761,0,173388624150000,c0_008761.gray
8761,2,173388624198000,c2_008761.gray
8763,0,173388638498000,c0_008763.gray
8763,2,173388638540000,c2_008763.gray
8765,0,173388658102000,c0_008765.gray
8765,2,173388658127000,c2_008765.gray
8766,0,173388672027000,c0_008766.gray
8766,2,173388672054000,c2_008766.gray
8768,0,173388690809000,c0_008768.gray
8768,2,173388690827000,c2_008768.gray
8774,0,173388705144000,c0_008774.gray
8774,2,173388705166000,c2_008774.gray
8781,0,173388724151000,c0_008781.gray
8781,2,173388724185000,c2_008781.gray
8782,0,173388738496000,c0_008782.gray
8782,2,173388738533000,c2_008782.gray
8784,2,173388757828000,c2_008784.gray
8785,0,173388757791000,c0_008785.gray
8785,2,173388772457000,c2_008785.gray
8786,0,173388772178000,c0_008786.gray
8786,2,173388791010000,c2_008786.gray
8787,0,173388790979000,c0_008787.gray
8787,2,173388805293000,c2_008787.gray
8788,0,173388805214000,c0_008788.gray
8791,0,173388824142000,c0_008791.gray
8791,2,173388824159000,c2_008791.gray
8797,0,173388838476000,c0_008797.gray
8797,2,173388838492000,c2_008797.gray
8801,0,173388857503000,c0_008801.gray
8801,2,173388857557000,c2_008801.gray
8804,0,173388871824000,c0_008804.gray
8804,2,173388871858000,c2_008804.gray
8809,0,173388890822000,c0_008809.gray
8809,2,173388890839000,c2_008809.gray
8814,0,173388905143000,c0_008814.gray
8814,2,173388905155000,c2_008814.gray
8821,0,173388924139000,c0_008821.gray
8821,2,173388924151000,c2_008821.gray
8826,0,173388938476000,c0_008826.gray
8826,2,173388938490000,c2_008826.gray
8834,2,173388957485000,c2_008834.gray
8835,0,173388957472000,c0_008835.gray
8840,0,173388971810000,c0_008840.gray
8840,2,173388971824000,c2_008840.gray
8848,0,173388990805000,c0_008848.gray
8848,2,173388990818000,c2_008848.gray
8854,0,173389005144000,c0_008854.gray
8854,2,173389005161000,c2_008854.gray
8862,0,173389024139000,c0_008862.gray
8862,2,173389024152000,c2_008862.gray
8868,0,173389038476000,c0_008868.gray
8868,2,173389038487000,c2_008868.gray
8876,0,173389057471000,c0_008876.gray
8876,2,173389057482000,c2_008876.gray
8882,0,173389071810000,c0_008882.gray
8882,2,173389071826000,c2_008882.gray
8890,0,173389090807000,c0_008890.gray
8890,2,173389090823000,c2_008890.gray
8896,0,173389105150000,c0_008896.gray
8896,2,173389105169000,c2_008896.gray
8904,0,173389124140000,c0_008904.gray
8904,2,173389124155000,c2_008904.gray
8909,0,173389138475000,c0_008909.gray
8909,2,173389138486000,c2_008909.gray
8914,0,173389157612000,c0_008914.gray
8914,2,173389157860000,c2_008914.gray
8918,0,173389171813000,c0_008918.gray
8918,2,173389171830000,c2_008918.gray
8926,0,173389190812000,c0_008926.gray
8926,2,173389190826000,c2_008926.gray
8931,0,173389205145000,c0_008931.gray
8931,2,173389205163000,c2_008931.gray
8939,0,173389224141000,c0_008939.gray
8939,2,173389224153000,c2_008939.gray
8945,0,173389238481000,c0_008945.gray
8945,2,173389238496000,c2_008945.gray
8953,0,173389257475000,c0_008953.gray
8953,2,173389257491000,c2_008953.gray
8959,0,173389271810000,c0_008959.gray
8959,2,173389271824000,c2_008959.gray
8967,0,173389290810000,c0_008967.gray
8967,2,173389290823000,c2_008967.gray
8973,0,173389305144000,c0_008973.gray
8973,2,173389305160000,c2_008973.gray
8981,0,173389324139000,c0_008981.gray
8981,2,173389324155000,c2_008981.gray
8987,0,173389338479000,c0_008987.gray
8987,2,173389338496000,c2_008987.gray
8995,0,173389357473000,c0_008995.gray
8995,2,173389357491000,c2_008995.gray
9001,0,173389371827000,c0_009001.gray
9001,2,173389371811000,c2_009001.gray
9008,0,173389390828000,c0_009008.gray
9008,2,173389390816000,c2_009008.gray
9014,0,173389405160000,c0_009014.gray
9014,2,173389405145000,c2_009014.gray
9022,0,173389424141000,c0_009022.gray
9022,2,173389424158000,c2_009022.gray
9027,0,173389438478000,c0_009027.gray
9027,2,173389438492000,c2_009027.gray
9035,0,173389457498000,c0_009035.gray
9035,2,173389457589000,c2_009035.gray
9040,0,173389471881000,c0_009040.gray
9040,2,173389471897000,c2_009040.gray
9048,0,173389490813000,c0_009048.gray
9048,2,173389490829000,c2_009048.gray
9053,0,173389505146000,c0_009053.gray
9053,2,173389505162000,c2_009053.gray
9061,0,173389524145000,c0_009061.gray
9061,2,173389524161000,c2_009061.gray
9067,0,173389538481000,c0_009067.gray
9067,2,173389538493000,c2_009067.gray
9075,0,173389557478000,c0_009075.gray
9075,2,173389557490000,c2_009075.gray
9080,0,173389571812000,c0_009080.gray
9080,2,173389571826000,c2_009080.gray
9089,0,173389590809000,c0_009089.gray
9089,2,173389590823000,c2_009089.gray
9094,0,173389605146000,c0_009094.gray
9094,2,173389605160000,c2_009094.gray
9103,0,173389624144000,c0_009103.gray
9103,2,173389624159000,c2_009103.gray
9108,0,173389638481000,c0_009108.gray
9108,2,173389638497000,c2_009108.gray
9116,0,173389657475000,c0_009116.gray
9116,2,173389657489000,c2_009116.gray
9122,0,173389671812000,c0_009122.gray
9122,2,173389671826000,c2_009122.gray
9129,0,173389690821000,c0_009129.gray
9129,2,173389690849000,c2_009129.gray
9131,0,173389705163000,c0_009131.gray
9131,2,173389705189000,c2_009131.gray
9132,0,173389724154000,c0_009132.gray
9132,2,173389724182000,c2_009132.gray
9133,0,173389738496000,c0_009133.gray
9133,2,173389738530000,c2_009133.gray
9139,0,173389757487000,c0_009139.gray
9139,2,173389757514000,c2_009139.gray
9142,0,173389771927000,c0_009142.gray
9142,2,173389771956000,c2_009142.gray
9146,0,173389790822000,c0_009146.gray
9146,2,173389790851000,c2_009146.gray
9147,0,173389805717000,c0_009147.gray
9147,2,173389805738000,c2_009147.gray
9148,0,173389824209000,c0_009148.gray
9148,2,173389824251000,c2_009148.gray
9151,0,173389838484000,c0_009151.gray
9151,2,173389838503000,c2_009151.gray
9159,0,173389857480000,c0_009159.gray
9159,2,173389857497000,c2_009159.gray
9162,0,173389871848000,c0_009162.gray
9162,2,173389871911000,c2_009162.gray
9163,0,173389890827000,c0_009163.gray
9163,2,173389890860000,c2_009163.gray
9164,0,173389905153000,c0_009164.gray
9164,2,173389905171000,c2_009164.gray
9170,0,173389924146000,c0_009170.gray
9170,2,173389924158000,c2_009170.gray
9175,0,173389938486000,c0_009175.gray
9175,2,173389938504000,c2_009175.gray
9183,0,173389957482000,c0_009183.gray
9183,2,173389957498000,c2_009183.gray
9188,0,173389971814000,c0_009188.gray
9188,2,173389971828000,c2_009188.gray
9197,0,173389990811000,c0_009197.gray
9197,2,173389990826000,c2_009197.gray
9202,0,173390005147000,c0_009202.gray
9202,2,173390005161000,c2_009202.gray
9210,0,173390024145000,c0_009210.gray
9210,2,173390024160000,c2_009210.gray
9216,0,173390038482000,c0_009216.gray
9216,2,173390038497000,c2_009216.gray
9221,2,173390057521000,c2_009221.gray
9222,0,173390057489000,c0_009222.gray
9224,0,173390071903000,c0_009224.gray
9224,2,173390071940000,c2_009224.gray
9225,0,173390091202000,c0_009225.gray
9225,2,173390091407000,c2_009225.gray
9227,0,173390105154000,c0_009227.gray
9227,2,173390105170000,c2_009227.gray
9235,0,173390124156000,c0_009235.gray
9235,2,173390124180000,c2_009235.gray
9239,0,173390138489000,c0_009239.gray
9239,2,173390138519000,c2_009239.gray
9242,0,173390157496000,c0_009242.gray
9242,2,173390157533000,c2_009242.gray
9243,0,173390171832000,c0_009243.gray
9243,2,173390171869000,c2_009243.gray
9246,0,173390190986000,c0_009246.gray
9246,2,173390191433000,c2_009246.gray
9247,0,173390205488000,c0_009247.gray
9247,2,173390206008000,c2_009247.gray
9248,0,173390224196000,c0_009248.gray
9248,2,173390224253000,c2_009248.gray
9249,0,173390238488000,c0_009249.gray
9249,2,173390238506000,c2_009249.gray
9257,0,173390257483000,c0_009257.gray
9257,2,173390257500000,c2_009257.gray
9262,0,173390271833000,c0_009262.gray
9262,2,173390271851000,c2_009262.gray
9267,0,173390290837000,c0_009267.gray
9267,2,173390290856000,c2_009267.gray
9270,0,173390305153000,c0_009270.gray
9270,2,173390305170000,c2_009270.gray
9278,0,173390324153000,c0_009278.gray
9278,2,173390324171000,c2_009278.gray
9284,0,173390338488000,c0_009284.gray
9284,2,173390338507000,c2_009284.gray
9292,0,173390357485000,c0_009292.gray
9292,2,173390357503000,c2_009292.gray
9298,0,173390371817000,c0_009298.gray
9298,2,173390371830000,c2_009298.gray
9306,0,173390390814000,c0_009306.gray
9306,2,173390390828000,c2_009306.gray
9311,0,173390405151000,c0_009311.gray
9311,2,173390405168000,c2_009311.gray
9319,0,173390424144000,c0_009319.gray
9319,2,173390424153000,c2_009319.gray
9325,0,173390438484000,c0_009325.gray
9325,2,173390438498000,c2_009325.gray
9331,0,173390457493000,c0_009331.gray
9331,2,173390457513000,c2_009331.gray
9334,0,173390471832000,c0_009334.gray
9334,2,173390471869000,c2_009334.gray
9336,0,173390490839000,c0_009336.gray
9336,2,173390490879000,c2_009336.gray
9337,0,173390505305000,c0_009337.gray
9337,2,173390505341000,c2_009337.gray
9338,0,173390524160000,c0_009338.gray
9338,2,173390524192000,c2_009338.gray
9339,0,173390538502000,c0_009339.gray
9339,2,173390538553000,c2_009339.gray
9341,0,173390557495000,c0_009341.gray
9341,2,173390557534000,c2_009341.gray
9344,0,173390571830000,c0_009344.gray
9344,2,173390571879000,c2_009344.gray
9349,0,173390590823000,c0_009349.gray
9349,2,173390590850000,c2_009349.gray
9352,0,173390605934000,c0_009352.gray
9352,2,173390606359000,c2_009352.gray
9353,0,173390624172000,c0_009353.gray
9353,2,173390624209000,c2_009353.gray
9354,0,173390638941000,c0_009354.gray
9354,2,173390639541000,c2_009354.gray
9355,0,173390657487000,c0_009355.gray
9355,2,173390657504000,c2_009355.gray
9361,0,173390671823000,c0_009361.gray
9361,2,173390671841000,c2_009361.gray
9368,2,173390690915000,c2_009368.gray
9369,0,173390690854000,c0_009369.gray
9369,2,173390705201000,c2_009369.gray
9370,0,173390705168000,c0_009370.gray
9372,0,173390724153000,c0_009372.gray
9372,2,173390724171000,c2_009372.gray
9377,0,173390738491000,c0_009377.gray
9377,2,173390738508000,c2_009377.gray
9385,0,173390757489000,c0_009385.gray
9385,2,173390757507000,c2_009385.gray
9391,0,173390771824000,c0_009391.gray
9391,2,173390771841000,c2_009391.gray
9399,0,173390790815000,c0_009399.gray
9399,2,173390790829000,c2_009399.gray
9404,0,173390805153000,c0_009404.gray
9404,2,173390805167000,c2_009404.gray
9412,0,173390824151000,c0_009412.gray
9412,2,173390824167000,c2_009412.gray
9418,0,173390838486000,c0_009418.gray
9418,2,173390838500000,c2_009418.gray
9426,0,173390857481000,c0_009426.gray
9426,2,173390857491000,c2_009426.gray
9430,0,173390871830000,c0_009430.gray
9430,2,173390871860000,c2_009430.gray
9435,0,173390890849000,c0_009435.gray
9435,2,173390890875000,c2_009435.gray
9437,0,173390905204000,c0_009437.gray
9437,2,173390905278000,c2_009437.gray
9438,0,173390924339000,c0_009438.gray
9438,2,173390924895000,c2_009438.gray
9439,0,173390938535000,c0_009439.gray
9439,2,173390938573000,c2_009439.gray
9440,0,173390957500000,c0_009440.gray
9440,2,173390957550000,c2_009440.gray
9441,0,173390971826000,c0_009441.gray
9441,2,173390971843000,c2_009441.gray
9447,0,173390990819000,c0_009447.gray
9447,2,173390990834000,c2_009447.gray
9453,0,173391005155000,c0_009453.gray
9453,2,173391005172000,c2_009453.gray
9460,0,173391025830000,c0_009460.gray
9460,2,173391026244000,c2_009460.gray
9461,0,173391038513000,c0_009461.gray
9461,2,173391038569000,c2_009461.gray
9462,0,173391057894000,c0_009462.gray
9462,2,173391058525000,c2_009462.gray
9463,0,173391071826000,c0_009463.gray
9463,2,173391071846000,c2_009463.gray
9468,0,173391090823000,c0_009468.gray
9468,2,173391090836000,c2_009468.gray
9474,0,173391105163000,c0_009474.gray
9474,2,173391105189000,c2_009474.gray
9477,0,173391124167000,c0_009477.gray
9477,2,173391124201000,c2_009477.gray
9480,0,173391138502000,c0_009480.gray
9480,2,173391138535000,c2_009480.gray
9488,0,173391157488000,c0_009488.gray
9488,2,173391157505000,c2_009488.gray
9493,0,173391171826000,c0_009493.gray
9493,2,173391171843000,c2_009493.gray
9501,0,173391190820000,c0_009501.gray
9501,2,173391190835000,c2_009501.gray
9507,0,173391205157000,c0_009507.gray
9507,2,173391205168000,c2_009507.gray
9514,0,173391224153000,c0_009514.gray
9514,2,173391224165000,c2_009514.gray
9520,0,173391238487000,c0_009520.gray
9520,2,173391238502000,c2_009520.gray
9528,0,173391257486000,c0_009528.gray
9528,2,173391257496000,c2_009528.gray
9534,0,173391271823000,c0_009534.gray
9534,2,173391271839000,c2_009534.gray
9542,0,173391290821000,c0_009542.gray
9542,2,173391290835000,c2_009542.gray
9548,0,173391305158000,c0_009548.gray
9548,2,173391305173000,c2_009548.gray
9555,0,173391324152000,c0_009555.gray
9555,2,173391324162000,c2_009555.gray
9561,0,173391338489000,c0_009561.gray
9561,2,173391338500000,c2_009561.gray
9568,0,173391357491000,c0_009568.gray
9568,2,173391357510000,c2_009568.gray
9571,0,173391371834000,c0_009571.gray
9571,2,173391371864000,c2_009571.gray
9576,0,173391390826000,c0_009576.gray
9576,2,173391390848000,c2_009576.gray
9577,2,173391406246000,c2_009577.gray
9578,0,173391405833000,c0_009578.gray
9578,2,173391424188000,c2_009578.gray
9579,0,173391424163000,c0_009579.gray
9579,2,173391438522000,c2_009579.gray
9580,0,173391438501000,c0_009580.gray
9581,0,173391457491000,c0_009581.gray
9581,2,173391457510000,c2_009581.gray
9587,0,173391471824000,c0_009587.gray
9587,2,173391471835000,c2_009587.gray
9595,0,173391490824000,c0_009595.gray
9595,2,173391490840000,c2_009595.gray
9601,0,173391505158000,c0_009601.gray
9601,2,173391505170000,c2_009601.gray
9608,0,173391524161000,c0_009608.gray
9608,2,173391524180000,c2_009608.gray
9614,0,173391538492000,c0_009614.gray
9614,2,173391538504000,c2_009614.gray
9622,0,173391557487000,c0_009622.gray
9622,2,173391557496000,c2_009622.gray
9628,0,173391571823000,c0_009628.gray
9628,2,173391571841000,c2_009628.gray
9636,0,173391590824000,c0_009636.gray
9636,2,173391590833000,c2_009636.gray
9642,0,173391605160000,c0_009642.gray
9642,2,173391605175000,c2_009642.gray
9650,0,173391624155000,c0_009650.gray
9650,2,173391624167000,c2_009650.gray
9656,0,173391638490000,c0_009656.gray
9656,2,173391638499000,c2_009656.gray
9664,0,173391657485000,c0_009664.gray
9664,2,173391657495000,c2_009664.gray
9670,0,173391671838000,c0_009670.gray
9670,2,173391671824000,c2_009670.gray
9677,0,173391690835000,c0_009677.gray
9677,2,173391690821000,c2_009677.gray
9683,0,173391705170000,c0_009683.gray
9683,2,173391705158000,c2_009683.gray
9691,0,173391724173000,c0_009691.gray
9691,2,173391724158000,c2_009691.gray
9697,0,173391738508000,c0_009697.gray
9697,2,173391738492000,c2_009697.gray
9705,0,173391757583000,c0_009705.gray
9705,2,173391757538000,c2_009705.gray
9707,0,173391771842000,c0_009707.gray
9707,2,173391771827000,c2_009707.gray
9715,0,173391790844000,c0_009715.gray
9715,2,173391790826000,c2_009715.gray
9721,0,173391805180000,c0_009721.gray
9721,2,173391805165000,c2_009721.gray
9729,0,173391824171000,c0_009729.gray
9729,2,173391824159000,c2_009729.gray
9734,0,173391838506000,c0_009734.gray
9734,2,173391838494000,c2_009734.gray
9742,0,173391857505000,c0_009742.gray
9742,2,173391857492000,c2_009742.gray
9748,0,173391871839000,c0_009748.gray
9748,2,173391871826000,c2_009748.gray
9756,0,173391890828000,c0_009756.gray
9756,2,173391890820000,c2_009756.gray
9762,0,173391905172000,c0_009762.gray
9762,2,173391905156000,c2_009762.gray
9770,0,173391924162000,c0_009770.gray
9770,2,173391924154000,c2_009770.gray
9776,0,173391938500000,c0_009776.gray
9776,2,173391938491000,c2_009776.gray
9784,0,173391957506000,c0_009784.gray
9784,2,173391957492000,c2_009784.gray
9789,0,173391971842000,c0_009789.gray
9789,2,173391971826000,c2_009789.gray
9797,2,173391990826000,c2_009797.gray
9798,0,173391990839000,c0_009798.gray
9803,0,173392005240000,c0_009803.gray
9803,2,173392005186000,c2_009803.gray
9811,0,173392024173000,c0_009811.gray
9811,2,173392024156000,c2_009811.gray
9817,0,173392038514000,c0_009817.gray
9817,2,173392038496000,c2_009817.gray
9825,0,173392057499000,c0_009825.gray
9825,2,173392057490000,c2_009825.gray
9830,0,173392071842000,c0_009830.gray
9830,2,173392071827000,c2_009830.gray
9838,0,173392090839000,c0_009838.gray
9838,2,173392090825000,c2_009838.gray
9844,0,173392105180000,c0_009844.gray
9844,2,173392105164000,c2_009844.gray
9852,0,173392124183000,c0_009852.gray
9852,2,173392124165000,c2_009852.gray
9857,0,173392138496000,c0_009857.gray
9857,2,173392138507000,c2_009857.gray
9865,0,173392157494000,c0_009865.gray
9865,2,173392157506000,c2_009865.gray
9871,0,173392171828000,c0_009871.gray
9871,2,173392171842000,c2_009871.gray
9879,0,173392190824000,c0_009879.gray
9879,2,173392190839000,c2_009879.gray
9885,0,173392205162000,c0_009885.gray
9885,2,173392205177000,c2_009885.gray
9893,0,173392224158000,c0_009893.gray
9893,2,173392224173000,c2_009893.gray
9899,0,173392238495000,c0_009899.gray
9899,2,173392238509000,c2_009899.gray
9907,0,173392257493000,c0_009907.gray
9907,2,173392257508000,c2_009907.gray
9911,0,173392271836000,c0_009911.gray
9911,2,173392271861000,c2_009911.gray
9917,0,173392290847000,c0_009917.gray
9917,2,173392290902000,c2_009917.gray
9918,0,173392305349000,c0_009918.gray
9918,2,173392305389000,c2_009918.gray
9919,0,173392324167000,c0_009919.gray
9919,2,173392324210000,c2_009919.gray
9920,0,173392338521000,c0_009920.gray
9920,2,173392338563000,c2_009920.gray
9925,0,173392357494000,c0_009925.gray
9925,2,173392357508000,c2_009925.gray
9931,0,173392371832000,c0_009931.gray
9931,2,173392371852000,c2_009931.gray
9937,0,173392390839000,c0_009937.gray
9937,2,173392390875000,c2_009937.gray
9939,0,173392405178000,c0_009939.gray
9939,2,173392405223000,c2_009939.gray
9940,0,173392424265000,c0_009940.gray
9940,2,173392424725000,c2_009940.gray
9941,0,173392438944000,c0_009941.gray
9941,2,173392439326000,c2_009941.gray
9942,0,173392457498000,c0_009942.gray
9942,2,173392457573000,c2_009942.gray
9948,0,173392471833000,c0_009948.gray
9948,2,173392471850000,c2_009948.gray
9955,0,173392490849000,c0_009955.gray
9955,2,173392490892000,c2_009955.gray
9957,0,173392505178000,c0_009957.gray
9957,2,173392505212000,c2_009957.gray
9962,0,173392524174000,c0_009962.gray
9962,2,173392524205000,c2_009962.gray
9965,0,173392538512000,c0_009965.gray
9965,2,173392538544000,c2_009965.gray
9973,0,173392557506000,c0_009973.gray
9973,2,173392557523000,c2_009973.gray
9978,0,173392571834000,c0_009978.gray
9978,2,173392571851000,c2_009978.gray
9986,0,173392590826000,c0_009986.gray
9986,2,173392590840000,c2_009986.gray
9992,0,173392605164000,c0_009992.gray
9992,2,173392605180000,c2_009992.gray
10000,0,173392624161000,c0_010000.gray
10000,2,173392624176000,c2_010000.gray
10006,0,173392638499000,c0_010006.gray
10006,2,173392638514000,c2_010006.gray
10014,0,173392657494000,c0_010014.gray
10014,2,173392657510000,c2_010014.gray
10018,0,173392671848000,c0_010018.gray
10018,2,173392671876000,c2_010018.gray
10024,0,173392690843000,c0_010024.gray
10024,2,173392690879000,c2_010024.gray
10025,0,173392705183000,c0_010025.gray
10025,2,173392705241000,c2_010025.gray
10026,0,173392724177000,c0_010026.gray
10026,2,173392724209000,c2_010026.gray
10027,0,173392738508000,c0_010027.gray
10027,2,173392738538000,c2_010027.gray
10028,0,173392757509000,c0_010028.gray
10028,2,173392757544000,c2_010028.gray
10031,0,173392771848000,c0_010031.gray
10031,2,173392771880000,c2_010031.gray
10036,0,173392790837000,c0_010036.gray
10036,2,173392790864000,c2_010036.gray
10039,0,173392805181000,c0_010039.gray
10039,2,173392805220000,c2_010039.gray
10043,0,173392824687000,c0_010043.gray
10043,2,173392824721000,c2_010043.gray
10044,0,173392838802000,c0_010044.gray
10044,2,173392839126000,c2_010044.gray
10045,0,173392857725000,c0_010045.gray
10045,2,173392858268000,c2_010045.gray
10046,0,173392871898000,c0_010046.gray
10046,2,173392871914000,c2_010046.gray
10052,0,173392890834000,c0_010052.gray
10052,2,173392890850000,c2_010052.gray
10057,0,173392905170000,c0_010057.gray
10057,2,173392905186000,c2_010057.gray
10065,0,173392924165000,c0_010065.gray
10065,2,173392924180000,c2_010065.gray
10071,0,173392938502000,c0_010071.gray
10071,2,173392938519000,c2_010071.gray
10079,0,173392957499000,c0_010079.gray
10079,2,173392957515000,c2_010079.gray
10085,0,173392971834000,c0_010085.gray
10085,2,173392971849000,c2_010085.gray
10093,0,173392990831000,c0_010093.gray
10093,2,173392990846000,c2_010093.gray
10099,0,173393005168000,c0_010099.gray
10099,2,173393005183000,c2_010099.gray
10107,0,173393024165000,c0_010107.gray
10107,2,173393024181000,c2_010107.gray
10113,0,173393038500000,c0_010113.gray
10113,2,173393038515000,c2_010113.gray
10121,0,173393057498000,c0_010121.gray
10121,2,173393057513000,c2_010121.gray
10124,0,173393071847000,c0_010124.gray
10124,2,173393071880000,c2_010124.gray
10129,0,173393090852000,c0_010129.gray
10129,2,173393090896000,c2_010129.gray
10130,0,173393105389000,c0_010130.gray
10130,2,173393105416000,c2_010130.gray
10131,0,173393124186000,c0_010131.gray
10131,2,173393124203000,c2_010131.gray
10137,0,173393138500000,c0_010137.gray
10137,2,173393138515000,c2_010137.gray
10145,0,173393157499000,c0_010145.gray
10145,2,173393157517000,c2_010145.gray
10150,0,173393171837000,c0_010150.gray
10150,2,173393171852000,c2_010150.gray
10158,0,173393190953000,c0_010158.gray
10158,2,173393190862000,c2_010158.gray
10163,0,173393205214000,c0_010163.gray
10163,2,173393205205000,c2_010163.gray
10171,0,173393224181000,c0_010171.gray
10171,2,173393224167000,c2_010171.gray
10177,0,173393238515000,c0_010177.gray
10177,2,173393238501000,c2_010177.gray
10184,0,173393257512000,c0_010184.gray
10184,2,173393257500000,c2_010184.gray
10190,0,173393271854000,c0_010190.gray
10190,2,173393271837000,c2_010190.gray
10198,0,173393290849000,c0_010198.gray
10198,2,173393290833000,c2_010198.gray
10203,0,173393305178000,c0_010203.gray
10203,2,173393305168000,c2_010203.gray
10211,0,173393324179000,c0_010211.gray
10211,2,173393324165000,c2_010211.gray
10217,0,173393338514000,c0_010217.gray
10217,2,173393338502000,c2_010217.gray
10225,0,173393357512000,c0_010225.gray
10225,2,173393357498000,c2_010225.gray
10231,0,173393371851000,c0_010231.gray
10231,2,173393371836000,c2_010231.gray
10239,0,173393390847000,c0_010239.gray
10239,2,173393390833000,c2_010239.gray
10245,0,173393405211000,c0_010245.gray
10245,2,173393405178000,c2_010245.gray
10249,0,173393424226000,c0_010249.gray
10249,2,173393424179000,c2_010249.gray
10250,0,173393438559000,c0_010250.gray
10250,2,173393438522000,c2_010250.gray
10251,0,173393457722000,c0_010251.gray
10251,2,173393457676000,c2_010251.gray
10252,0,173393471890000,c0_010252.gray
10252,2,173393471851000,c2_010252.gray
10255,0,173393490856000,c0_010255.gray
10255,2,173393490840000,c2_010255.gray
10261,0,173393505197000,c0_010261.gray
10261,2,173393505176000,c2_010261.gray
10267,0,173393524213000,c0_010267.gray
10267,2,173393524179000,c2_010267.gray
10268,0,173393538991000,c0_010268.gray
10268,2,173393538527000,c2_010268.gray
10269,0,173393558234000,c0_010269.gray
10269,2,173393557865000,c2_010269.gray
10270,0,173393571952000,c0_010270.gray
10270,2,173393571905000,c2_010270.gray
10275,0,173393590851000,c0_010275.gray
10275,2,173393590835000,c2_010275.gray
10281,0,173393605199000,c0_010281.gray
10281,2,173393605178000,c2_010281.gray
10285,0,173393624264000,c0_010285.gray
10285,2,173393624205000,c2_010285.gray
10287,0,173393638543000,c0_010287.gray
10287,2,173393638517000,c2_010287.gray
10295,0,173393657516000,c0_010295.gray
10295,2,173393657504000,c2_010295.gray
10300,0,173393671859000,c0_010300.gray
10300,2,173393671842000,c2_010300.gray
10308,0,173393690857000,c0_010308.gray
10308,2,173393690840000,c2_010308.gray
10314,0,173393705192000,c0_010314.gray
10314,2,173393705175000,c2_010314.gray
10322,0,173393724185000,c0_010322.gray
10322,2,173393724168000,c2_010322.gray
10327,0,173393738520000,c0_010327.gray
10327,2,173393738505000,c2_010327.gray
10335,0,173393757511000,c0_010335.gray
10335,2,173393757501000,c2_010335.gray
10341,0,173393771852000,c0_010341.gray
10341,2,173393771837000,c2_010341.gray
10349,0,173393790877000,c0_010349.gray
10349,2,173393790852000,c2_010349.gray
10351,0,173393805249000,c0_010351.gray
10351,2,173393805211000,c2_010351.gray
10354,0,173393824234000,c0_010354.gray
10354,2,173393824194000,c2_010354.gray
10355,0,173393838559000,c0_010355.gray
10355,2,173393838523000,c2_010355.gray
10356,0,173393857736000,c0_010356.gray
10356,2,173393857710000,c2_010356.gray
10357,0,173393871875000,c0_010357.gray
10357,2,173393871848000,c2_010357.gray
10360,0,173393890861000,c0_010360.gray
10360,2,173393890842000,c2_010360.gray
10365,0,173393905204000,c0_010365.gray
10365,2,173393905178000,c2_010365.gray
10372,0,173393924218000,c0_010372.gray
10372,2,173393924183000,c2_010372.gray
10374,0,173393939133000,c0_010374.gray
10374,2,173393938847000,c2_010374.gray
10375,0,173393958042000,c0_010375.gray
10375,2,173393958006000,c2_010375.gray
10377,0,173393971998000,c0_010377.gray
10377,2,173393971917000,c2_010377.gray
10384,0,173393990854000,c0_010384.gray
10384,2,173393990837000,c2_010384.gray
10389,0,173394005215000,c0_010389.gray
10389,2,173394005184000,c2_010389.gray
10394,0,173394024304000,c0_010394.gray
10394,2,173394024216000,c2_010394.gray
10395,0,173394038559000,c0_010395.gray
10395,2,173394038522000,c2_010395.gray
10396,0,173394057609000,c0_010396.gray
10396,2,173394057541000,c2_010396.gray
10401,0,173394071859000,c0_010401.gray
10401,2,173394071844000,c2_010401.gray
10409,0,173394090858000,c0_010409.gray
10409,2,173394090841000,c2_010409.gray
10414,0,173394105193000,c0_010414.gray
10414,2,173394105177000,c2_010414.gray
10422,2,173394124171000,c2_010422.gray
10423,0,173394124187000,c0_010423.gray
10428,0,173394138521000,c0_010428.gray
10428,2,173394138506000,c2_010428.gray
10436,0,173394157518000,c0_010436.gray
10436,2,173394157504000,c2_010436.gray
10442,0,173394171856000,c0_010442.gray
10442,2,173394171841000,c2_010442.gray
10450,0,173394190869000,c0_010450.gray
10450,2,173394190847000,c2_010450.gray
10452,2,173394205191000,c2_010452.gray
10453,0,173394205230000,c0_010453.gray
10457,0,173394224266000,c0_010457.gray
10457,2,173394224206000,c2_010457.gray
10458,0,173394238635000,c0_010458.gray
10458,2,173394238565000,c2_010458.gray
10459,0,173394257662000,c0_010459.gray
10459,2,173394257619000,c2_010459.gray
10460,0,173394272150000,c0_010460.gray
10460,2,173394272116000,c2_010460.gray
10461,0,173394290890000,c0_010461.gray
10461,2,173394290855000,c2_010461.gray
10463,0,173394305207000,c0_010463.gray
10463,2,173394305184000,c2_010463.gray
10468,0,173394324218000,c0_010468.gray
10468,2,173394324184000,c2_010468.gray
10469,0,173394338558000,c0_010469.gray
10469,2,173394338524000,c2_010469.gray
10470,0,173394358746000,c0_010470.gray
10470,2,173394358711000,c2_010470.gray
10471,0,173394372032000,c0_010471.gray
10471,2,173394371927000,c2_010471.gray
10476,0,173394390858000,c0_010476.gray
10476,2,173394390842000,c2_010476.gray
10481,0,173394405208000,c0_010481.gray
10481,2,173394405184000,c2_010481.gray
10488,0,173394424229000,c0_010488.gray
10488,2,173394424190000,c2_010488.gray
10491,0,173394438549000,c0_010491.gray
10491,2,173394438521000,c2_010491.gray
10499,0,173394457530000,c0_010499.gray
10499,2,173394457511000,c2_010499.gray
10504,0,173394471860000,c0_010504.gray
10504,2,173394471847000,c2_010504.gray
10512,0,173394490908000,c0_010512.gray
10512,2,173394490895000,c2_010512.gray
10518,0,173394505196000,c0_010518.gray
10518,2,173394505179000,c2_010518.gray
10526,0,173394524190000,c0_010526.gray
10526,2,173394524175000,c2_010526.gray
10531,0,173394538522000,c0_010531.gray
10531,2,173394538508000,c2_010531.gray
10539,0,173394557527000,c0_010539.gray
10539,2,173394557514000,c2_010539.gray
10545,0,173394571855000,c0_010545.gray
10545,2,173394571841000,c2_010545.gray
10553,0,173394590873000,c0_010553.gray
10553,2,173394590847000,c2_010553.gray
10556,0,173394605222000,c0_010556.gray
10556,2,173394605189000,c2_010556.gray
10560,0,173394624227000,c0_010560.gray
10560,2,173394624191000,c2_010560.gray
10561,0,173394638638000,c0_010561.gray
10561,2,173394638553000,c2_010561.gray
10562,0,173394657559000,c0_010562.gray
10562,2,173394657523000,c2_010562.gray
10563,0,173394671885000,c0_010563.gray
10563,2,173394671856000,c2_010563.gray
10564,0,173394690893000,c0_010564.gray
10564,2,173394690860000,c2_010564.gray
10565,0,173394705223000,c0_010565.gray
10565,2,173394705194000,c2_010565.gray
10569,0,173394724218000,c0_010569.gray
10569,2,173394724182000,c2_010569.gray
10572,0,173394738548000,c0_010572.gray
10572,2,173394738521000,c2_010572.gray
10573,0,173394758302000,c0_010573.gray
10573,2,173394757852000,c2_010573.gray
10575,0,173394771868000,c0_010575.gray
10575,2,173394771849000,c2_010575.gray
10580,0,173394790857000,c0_010580.gray
10580,2,173394790841000,c2_010580.gray
10585,0,173394805220000,c0_010585.gray
10585,2,173394805190000,c2_010585.gray
10591,0,173394824256000,c0_010591.gray
10591,2,173394824209000,c2_010591.gray
10593,0,173394838547000,c0_010593.gray
10593,2,173394838522000,c2_010593.gray
10600,0,173394857532000,c0_010600.gray
10600,2,173394857516000,c2_010600.gray
10606,0,173394871862000,c0_010606.gray
10606,2,173394871848000,c2_010606.gray
10614,0,173394890851000,c0_010614.gray
10614,2,173394890841000,c2_010614.gray
10620,0,173394905194000,c0_010620.gray
10620,2,173394905179000,c2_010620.gray
10628,0,173394924192000,c0_010628.gray
10628,2,173394924176000,c2_010628.gray
10634,0,173394938528000,c0_010634.gray
10634,2,173394938510000,c2_010634.gray
10642,0,173394957523000,c0_010642.gray
10642,2,173394957508000,c2_010642.gray
10646,0,173394971884000,c0_010646.gray
10646,2,173394971856000,c2_010646.gray
10652,0,173394990876000,c0_010652.gray
10652,2,173394990849000,c2_010652.gray
10655,0,173395005199000,c0_010655.gray
10655,2,173395005181000,c2_010655.gray
10663,0,173395024192000,c0_010663.gray
10663,2,173395024176000,c2_010663.gray
10668,0,173395038533000,c0_010668.gray
10668,2,173395038516000,c2_010668.gray
10676,0,173395057521000,c0_010676.gray
10676,2,173395057508000,c2_010676.gray
10682,0,173395071862000,c0_010682.gray
10682,2,173395071851000,c2_010682.gray
10690,0,173395090857000,c0_010690.gray
10690,2,173395090843000,c2_010690.gray
10694,2,173395105197000,c2_010694.gray
10695,0,173395105305000,c0_010695.gray
10700,0,173395124194000,c0_010700.gray
10700,2,173395124179000,c2_010700.gray
10706,0,173395138526000,c0_010706.gray
10706,2,173395138512000,c2_010706.gray
10711,2,173395157524000,c2_010711.gray
10712,0,173395157563000,c0_010712.gray
10714,0,173395171894000,c0_010714.gray
10714,2,173395171860000,c2_010714.gray
10719,0,173395190863000,c0_010719.gray
10719,2,173395190847000,c2_010719.gray
10725,0,173395205195000,c0_010725.gray
10725,2,173395205180000,c2_010725.gray
10733,0,173395224196000,c0_010733.gray
10733,2,173395224181000,c2_010733.gray
10739,0,173395238530000,c0_010739.gray
10739,2,173395238516000,c2_010739.gray
10747,0,173395257522000,c0_010747.gray
10747,2,173395257509000,c2_010747.gray
10753,0,173395271858000,c0_010753.gray
10753,2,173395271845000,c2_010753.gray
10761,0,173395290857000,c0_010761.gray
10761,2,173395290843000,c2_010761.gray
10766,0,173395305196000,c0_010766.gray
10766,2,173395305181000,c2_010766.gray
10774,0,173395324224000,c0_010774.gray
10774,2,173395324190000,c2_010774.gray
10777,0,173395338571000,c0_010777.gray
10777,2,173395338533000,c2_010777.gray
10781,0,173395357588000,c0_010781.gray
10781,2,173395357534000,c2_010781.gray
10782,0,173395371903000,c0_010782.gray
10782,2,173395371863000,c2_010782.gray
10783,0,173395390898000,c0_010783.gray
10783,2,173395390852000,c2_010783.gray
10784,0,173395405203000,c0_010784.gray
10784,2,173395405186000,c2_010784.gray
10792,0,173395424214000,c0_010792.gray
10792,2,173395424186000,c2_010792.gray
10796,0,173395438560000,c0_010796.gray
10796,2,173395438531000,c2_010796.gray
10799,0,173395457566000,c0_010799.gray
10799,2,173395457525000,c2_010799.gray
10801,2,173395472243000,c2_010801.gray
10802,0,173395472269000,c0_010802.gray
10802,2,173395491459000,c2_010802.gray
10803,0,173395491910000,c0_010803.gray
10803,2,173395505525000,c2_010803.gray
10804,0,173395505830000,c0_010804.gray
10804,2,173395524224000,c2_010804.gray
10805,0,173395524288000,c0_010805.gray
10805,2,173395538518000,c2_010805.gray
10806,0,173395538533000,c0_010806.gray
10813,0,173395557529000,c0_010813.gray
10813,2,173395557513000,c2_010813.gray
10817,0,173395571924000,c0_010817.gray
10817,2,173395571889000,c2_010817.gray
10818,0,173395590935000,c0_010818.gray
10818,2,173395590908000,c2_010818.gray
10821,0,173395605202000,c0_010821.gray
10821,2,173395605185000,c2_010821.gray
10828,0,173395624204000,c0_010828.gray
10828,2,173395624185000,c2_010828.gray
10834,0,173395638541000,c0_010834.gray
10834,2,173395638522000,c2_010834.gray
10842,0,173395657531000,c0_010842.gray
10842,2,173395657515000,c2_010842.gray
10847,0,173395671861000,c0_010847.gray
10847,2,173395671848000,c2_010847.gray
10855,0,173395690864000,c0_010855.gray
10855,2,173395690848000,c2_010855.gray
10861,0,173395705197000,c0_010861.gray
10861,2,173395705182000,c2_010861.gray
10869,0,173395724195000,c0_010869.gray
10869,2,173395724181000,c2_010869.gray
10875,0,173395738530000,c0_010875.gray
10875,2,173395738516000,c2_010875.gray
10880,0,173395757571000,c0_010880.gray
10880,2,173395757549000,c2_010880.gray
10882,0,173395771991000,c0_010882.gray
10882,2,173395771955000,c2_010882.gray
10884,0,173395790933000,c0_010884.gray
10884,2,173395790877000,c2_010884.gray
10885,0,173395805527000,c0_010885.gray
10885,2,173395805501000,c2_010885.gray
10886,0,173395824436000,c0_010886.gray
10886,2,173395824393000,c2_010886.gray
10887,0,173395838550000,c0_010887.gray
10887,2,173395838525000,c2_010887.gray
10892,0,173395857528000,c0_010892.gray
10892,2,173395857514000,c2_010892.gray
10898,0,173395871874000,c0_010898.gray
10898,2,173395871854000,c2_010898.gray
10904,0,173395890896000,c0_010904.gray
10904,2,173395890861000,c2_010904.gray
10905,0,173395905303000,c0_010905.gray
10905,2,173395905262000,c2_010905.gray
10906,0,173395924199000,c0_010906.gray
10906,2,173395924183000,c2_010906.gray
10908,2,173395938545000,c2_010908.gray
10909,0,173395938557000,c0_010909.gray
10910,0,173395957537000,c0_010910.gray
10910,2,173395957520000,c2_010910.gray
10916,0,173395971870000,c0_010916.gray
10916,2,173395971854000,c2_010916.gray
10923,0,173395990891000,c0_010923.gray
10923,2,173395990862000,c2_010923.gray
10927,0,173396005259000,c0_010927.gray
10927,2,173396005214000,c2_010927.gray
10932,2,173396024211000,c2_010932.gray
10933,0,173396024262000,c0_010933.gray
10934,0,173396038559000,c0_010934.gray
10934,2,173396038531000,c2_010934.gray
10942,0,173396057532000,c0_010942.gray
10942,2,173396057520000,c2_010942.gray
10948,0,173396071864000,c0_010948.gray
10948,2,173396071851000,c2_010948.gray
10956,0,173396090861000,c0_010956.gray
10956,2,173396090847000,c2_010956.gray
10961,0,173396105199000,c0_010961.gray
10961,2,173396105185000,c2_010961.gray
10969,0,173396124195000,c0_010969.gray
10969,2,173396124182000,c2_010969.gray
10975,0,173396138535000,c0_010975.gray
10975,2,173396138520000,c2_010975.gray
10981,0,173396157557000,c0_010981.gray
10981,2,173396157527000,c2_010981.gray
10983,0,173396171888000,c0_010983.gray
10983,2,173396171862000,c2_010983.gray
10987,0,173396190898000,c0_010987.gray
10987,2,173396190863000,c2_010987.gray
10988,0,173396205321000,c0_010988.gray
10988,2,173396205245000,c2_010988.gray
10989,0,173396224371000,c0_010989.gray
10989,2,173396224342000,c2_010989.gray
10990,0,173396239094000,c0_010990.gray
10990,2,173396238848000,c2_010990.gray
10991,0,173396257568000,c0_010991.gray
10991,2,173396257533000,c2_010991.gray
10995,0,173396271892000,c0_010995.gray
10995,2,173396271864000,c2_010995.gray
11000,0,173396290890000,c0_011000.gray
11000,2,173396290860000,c2_011000.gray
11002,0,173396305257000,c0_011002.gray
11002,2,173396305204000,c2_011002.gray
11003,0,173396324458000,c0_011003.gray
11003,2,173396324424000,c2_011003.gray
11004,0,173396339552000,c0_011004.gray
11004,2,173396338827000,c2_011004.gray
11005,0,173396358242000,c0_011005.gray
11005,2,173396357830000,c2_011005.gray
11006,0,173396371868000,c0_011006.gray
11006,2,173396371854000,c2_011006.gray
11012,0,173396390874000,c0_011012.gray
11012,2,173396390856000,c2_011012.gray
11017,0,173396405235000,c0_011017.gray
11017,2,173396405201000,c2_011017.gray
11018,0,173396424227000,c0_011018.gray
11018,2,173396424197000,c2_011018.gray
11019,0,173396438567000,c0_011019.gray
11019,2,173396438536000,c2_011019.gray
11027,0,173396457540000,c0_011027.gray
11027,2,173396457523000,c2_011027.gray
11032,0,173396471878000,c0_011032.gray
11032,2,173396471860000,c2_011032.gray
11040,0,173396490873000,c0_011040.gray
11040,2,173396490855000,c2_011040.gray
11045,0,173396505205000,c0_011045.gray
11045,2,173396505189000,c2_011045.gray
11053,0,173396524198000,c0_011053.gray
11053,2,173396524184000,c2_011053.gray
11059,0,173396538536000,c0_011059.gray
11059,2,173396538522000,c2_011059.gray
11067,0,173396557528000,c0_011067.gray
11067,2,173396557519000,c2_011067.gray
11073,0,173396571869000,c0_011073.gray
11073,2,173396571855000,c2_011073.gray
11081,0,173396590876000,c0_011081.gray
11081,2,173396590856000,c2_011081.gray
11083,2,173396605214000,c2_011083.gray
11084,0,173396605250000,c0_011084.gray
11087,0,173396624234000,c0_011087.gray
11087,2,173396624199000,c2_011087.gray
11088,0,173396638577000,c0_011088.gray
11088,2,173396638542000,c2_011088.gray
11089,0,173396657700000,c0_011089.gray
11089,2,173396657674000,c2_011089.gray
11090,0,173396671894000,c0_011090.gray
11090,2,173396671869000,c2_011090.gray
11093,0,173396690867000,c0_011093.gray
11093,2,173396690853000,c2_011093.gray
11098,0,173396705220000,c0_011098.gray
11098,2,173396705193000,c2_011098.gray
11105,0,173396724239000,c0_011105.gray
11105,2,173396724200000,c2_011105.gray
11107,0,173396738613000,c0_011107.gray
11107,2,173396738557000,c2_011107.gray
11108,0,173396758716000,c0_011108.gray
11108,2,173396758165000,c2_011108.gray
11110,0,173396772086000,c0_011110.gray
11110,2,173396772007000,c2_011110.gray
11116,0,173396790870000,c0_011116.gray
11116,2,173396790853000,c2_011116.gray
11121,0,173396805231000,c0_011121.gray
11121,2,173396805200000,c2_011121.gray
11126,0,173396824279000,c0_011126.gray
11126,2,173396824221000,c2_011126.gray
11128,0,173396838577000,c0_011128.gray
11128,2,173396838542000,c2_011128.gray
11136,0,173396857542000,c0_011136.gray
11136,2,173396857525000,c2_011136.gray
11141,0,173396871869000,c0_011141.gray
11141,2,173396871858000,c2_011141.gray
11149,0,173396890883000,c0_011149.gray
11149,2,173396890866000,c2_011149.gray
11155,0,173396905201000,c0_011155.gray
11155,2,173396905190000,c2_011155.gray
