#seq,cam,ts_ns,file
0,0,172127654903000,c0_000000.gray
0,2,172127654942000,c2_000000.gray
1,0,172127673891000,c0_000001.gray
1,2,172127673922000,c2_000001.gray
2,0,172127688227000,c0_000002.gray
2,2,172127688258000,c2_000002.gray
3,0,172127707225000,c0_000003.gray
3,2,172127707258000,c2_000003.gray
4,0,172127721591000,c0_000004.gray
4,2,172127721624000,c2_000004.gray
5,0,172127740560000,c0_000005.gray
5,2,172127740593000,c2_000005.gray
6,0,172127754896000,c0_000006.gray
6,2,172127754930000,c2_000006.gray
7,0,172127773892000,c0_000007.gray
7,2,172127773924000,c2_000007.gray
8,0,172127940560000,c0_000008.gray
8,2,172127940588000,c2_000008.gray
9,0,172127954903000,c0_000009.gray
9,2,172127954943000,c2_000009.gray
10,0,172127973900000,c0_000010.gray
10,2,172127973936000,c2_000010.gray
11,0,172127988236000,c0_000011.gray
11,2,172127988275000,c2_000011.gray
12,0,172128007231000,c0_000012.gray
12,2,172128007266000,c2_000012.gray
13,0,172128021565000,c0_000013.gray
13,2,172128021600000,c2_000013.gray
15,0,172128040575000,c0_000015.gray
15,2,172128040610000,c2_000015.gray
18,0,172128054901000,c0_000018.gray
18,2,172128054936000,c2_000018.gray
23,0,172128073909000,c0_000023.gray
23,2,172128073946000,c2_000023.gray
26,0,172128088235000,c0_000026.gray
26,2,172128088272000,c2_000026.gray
30,0,172128107232000,c0_000030.gray
30,2,172128107268000,c2_000030.gray
32,0,172128121566000,c0_000032.gray
32,2,172128121602000,c2_000032.gray
37,0,172128140560000,c0_000037.gray
37,2,172128140593000,c2_000037.gray
39,0,172128154902000,c0_000039.gray
39,2,172128154940000,c2_000039.gray
44,0,172128173906000,c0_000044.gray
44,2,172128173940000,c2_000044.gray
46,0,172128188237000,c0_000046.gray
46,2,172128188278000,c2_000046.gray
50,0,172128207225000,c0_000050.gray
50,2,172128207249000,c2_000050.gray
53,0,172128221570000,c0_000053.gray
53,2,172128221606000,c2_000053.gray
57,0,172128240565000,c0_000057.gray
57,2,172128240603000,c2_000057.gray
60,0,172128254903000,c0_000060.gray
60,2,172128254940000,c2_000060.gray
64,0,172128273903000,c0_000064.gray
64,2,172128273939000,c2_000064.gray
66,0,172128288237000,c0_000066.gray
66,2,172128288275000,c2_000066.gray
71,0,172128307271000,c0_000071.gray
71,2,172128307306000,c2_000071.gray
73,0,172128321569000,c0_000073.gray
73,2,172128321603000,c2_000073.gray
77,0,172128340563000,c0_000077.gray
77,2,172128340597000,c2_000077.gray
80,0,172128354902000,c0_000080.gray
80,2,172128354937000,c2_000080.gray
84,0,172128373897000,c0_000084.gray
84,2,172128373931000,c2_000084.gray
87,0,172128388233000,c0_000087.gray
87,2,172128388267000,c2_000087.gray
91,0,172128407267000,c0_000091.gray
91,2,172128407301000,c2_000091.gray
93,0,172128421569000,c0_000093.gray
93,2,172128421605000,c2_000093.gray
97,2,172128440597000,c2_000097.gray
98,0,172128440563000,c0_000098.gray
100,0,172128454902000,c0_000100.gray
100,2,172128454940000,c2_000100.gray
104,0,172128473901000,c0_000104.gray
104,2,172128473937000,c2_000104.gray
107,0,172128488238000,c0_000107.gray
107,2,172128488283000,c2_000107.gray
111,0,172128507234000,c0_000111.gray
111,2,172128507272000,c2_000111.gray
113,0,172128521573000,c0_000113.gray
113,2,172128521609000,c2_000113.gray
117,0,172128540568000,c0_000117.gray
117,2,172128540614000,c2_000117.gray
119,0,172128554905000,c0_000119.gray
119,2,172128554942000,c2_000119.gray
123,0,172128573900000,c0_000123.gray
123,2,172128573935000,c2_000123.gray
125,0,172128588238000,c0_000125.gray
125,2,172128588275000,c2_000125.gray
129,0,172128607236000,c0_000129.gray
129,2,172128607273000,c2_000129.gray
131,0,172128621574000,c0_000131.gray
131,2,172128621614000,c2_000131.gray
135,0,172128640571000,c0_000135.gray
135,2,172128640610000,c2_000135.gray
137,0,172128654910000,c0_000137.gray
137,2,172128654949000,c2_000137.gray
139,0,172128673904000,c0_000139.gray
139,2,172128673941000,c2_000139.gray
141,0,172128688242000,c0_000141.gray
141,2,172128688282000,c2_000141.gray
145,0,172128707235000,c0_000145.gray
145,2,172128707273000,c2_000145.gray
147,0,172128721575000,c0_000147.gray
147,2,172128721613000,c2_000147.gray
151,0,172128740573000,c0_000151.gray
151,2,172128740611000,c2_000151.gray
153,0,172128754967000,c0_000153.gray
153,2,172128755005000,c2_000153.gray
157,0,172128773904000,c0_000157.gray
157,2,172128773944000,c2_000157.gray
158,0,172128788242000,c0_000158.gray
158,2,172128788281000,c2_000158.gray
162,0,172128807233000,c0_000162.gray
162,2,172128807271000,c2_000162.gray
164,0,172128821574000,c0_000164.gray
164,2,172128821612000,c2_000164.gray
168,0,172128840598000,c0_000168.gray
168,2,172128840638000,c2_000168.gray
170,0,172128854909000,c0_000170.gray
170,2,172128854949000,c2_000170.gray
174,0,172128873935000,c0_000174.gray
174,2,172128873971000,c2_000174.gray
176,0,172128888246000,c0_000176.gray
176,2,172128888288000,c2_000176.gray
180,0,172128907236000,c0_000180.gray
180,2,172128907275000,c2_000180.gray
182,0,172128921580000,c0_000182.gray
182,2,172128921620000,c2_000182.gray
186,0,172128940564000,c0_000186.gray
186,2,172128940599000,c2_000186.gray
188,0,172128954906000,c0_000188.gray
188,2,172128954940000,c2_000188.gray
192,0,172128973900000,c0_000192.gray
192,2,172128973935000,c2_000192.gray
195,0,172128988241000,c0_000195.gray
195,2,172128988279000,c2_000195.gray
199,0,172129007233000,c0_000199.gray
199,2,172129007267000,c2_000199.gray
201,0,172129021570000,c0_000201.gray
201,2,172129021606000,c2_000201.gray
206,0,172129040569000,c0_000206.gray
206,2,172129040604000,c2_000206.gray
208,0,172129054908000,c0_000208.gray
208,2,172129054945000,c2_000208.gray
213,0,172129073913000,c0_000213.gray
213,2,172129073938000,c2_000213.gray
215,0,172129088244000,c0_000215.gray
215,2,172129088284000,c2_000215.gray
219,0,172129107247000,c0_000219.gray
219,2,172129107284000,c2_000219.gray
222,0,172129121576000,c0_000222.gray
222,2,172129121612000,c2_000222.gray
226,0,172129140573000,c0_000226.gray
226,2,172129140610000,c2_000226.gray
229,0,172129154906000,c0_000229.gray
229,2,172129154942000,c2_000229.gray
233,0,172129173917000,c0_000233.gray
233,2,172129173943000,c2_000233.gray
235,0,172129188243000,c0_000235.gray
235,2,172129188280000,c2_000235.gray
239,0,172129207252000,c0_000239.gray
239,2,172129207286000,c2_000239.gray
242,0,172129221575000,c0_000242.gray
242,2,172129221612000,c2_000242.gray
246,0,172129240566000,c0_000246.gray
246,2,172129240592000,c2_000246.gray
249,0,172129254910000,c0_000249.gray
249,2,172129254945000,c2_000249.gray
253,0,172129273904000,c0_000253.gray
253,2,172129273942000,c2_000253.gray
255,0,172129288244000,c0_000255.gray
255,2,172129288283000,c2_000255.gray
260,0,172129307236000,c0_000260.gray
260,2,172129307269000,c2_000260.gray
262,0,172129321573000,c0_000262.gray
262,2,172129321609000,c2_000262.gray
267,0,172129340573000,c0_000267.gray
267,2,172129340608000,c2_000267.gray
269,0,172129354909000,c0_000269.gray
269,2,172129354946000,c2_000269.gray
273,0,172129373902000,c0_000273.gray
273,2,172129373936000,c2_000273.gray
275,2,172129388283000,c2_000275.gray
276,0,172129388244000,c0_000276.gray
280,0,172129407238000,c0_000280.gray
280,2,172129407272000,c2_000280.gray
282,0,172129421576000,c0_000282.gray
282,2,172129421611000,c2_000282.gray
287,0,172129440571000,c0_000287.gray
287,2,172129440605000,c2_000287.gray
289,0,172129454910000,c0_000289.gray
289,2,172129454948000,c2_000289.gray
293,0,172129473904000,c0_000293.gray
293,2,172129473936000,c2_000293.gray
296,0,172129488242000,c0_000296.gray
296,2,172129488270000,c2_000296.gray
300,0,172129507240000,c0_000300.gray
300,2,172129507275000,c2_000300.gray
302,2,172129521613000,c2_000302.gray
303,0,172129521577000,c0_000303.gray
307,0,172129540578000,c0_000307.gray
307,2,172129540618000,c2_000307.gray
309,0,172129554910000,c0_000309.gray
309,2,172129554947000,c2_000309.gray
314,0,172129573906000,c0_000314.gray
314,2,172129573942000,c2_000314.gray
316,0,172129588245000,c0_000316.gray
316,2,172129588279000,c2_000316.gray
320,0,172129607241000,c0_000320.gray
320,2,172129607278000,c2_000320.gray
323,0,172129621581000,c0_000323.gray
323,2,172129621619000,c2_000323.gray
327,0,172129640577000,c0_000327.gray
327,2,172129640615000,c2_000327.gray
330,0,172129654953000,c0_000330.gray
330,2,172129654981000,c2_000330.gray
334,0,172129673910000,c0_000334.gray
334,2,172129673946000,c2_000334.gray
336,0,172129688244000,c0_000336.gray
336,2,172129688282000,c2_000336.gray
340,0,172129707242000,c0_000340.gray
340,2,172129707276000,c2_000340.gray
343,0,172129721624000,c0_000343.gray
343,2,172129721648000,c2_000343.gray
347,0,172129740569000,c0_000347.gray
347,2,172129740593000,c2_000347.gray
349,0,172129754967000,c0_000349.gray
349,2,172129755005000,c2_000349.gray
354,0,172129773909000,c0_000354.gray
354,2,172129773945000,c2_000354.gray
356,0,172129788249000,c0_000356.gray
356,2,172129788288000,c2_000356.gray
361,0,172129807239000,c0_000361.gray
361,2,172129807272000,c2_000361.gray
363,0,172129821578000,c0_000363.gray
363,2,172129821613000,c2_000363.gray
367,0,172129840574000,c0_000367.gray
367,2,172129840608000,c2_000367.gray
370,0,172129854915000,c0_000370.gray
370,2,172129854952000,c2_000370.gray
374,0,172129873909000,c0_000374.gray
374,2,172129873944000,c2_000374.gray
376,0,172129888245000,c0_000376.gray
376,2,172129888282000,c2_000376.gray
381,0,172129907243000,c0_000381.gray
381,2,172129907278000,c2_000381.gray
383,0,172129921580000,c0_000383.gray
383,2,172129921616000,c2_000383.gray
388,0,172129940601000,c0_000388.gray
388,2,172129940634000,c2_000388.gray
390,0,172129954916000,c0_000390.gray
390,2,172129954954000,c2_000390.gray
394,0,172129973909000,c0_000394.gray
394,2,172129973946000,c2_000394.gray
397,0,172129988245000,c0_000397.gray
397,2,172129988281000,c2_000397.gray
401,0,172130007291000,c0_000401.gray
401,2,172130007326000,c2_000401.gray
403,0,172130021581000,c0_000403.gray
403,2,172130021622000,c2_000403.gray
408,0,172130040572000,c0_000408.gray
408,2,172130040597000,c2_000408.gray
410,0,172130054921000,c0_000410.gray
410,2,172130054961000,c2_000410.gray
414,0,172130073913000,c0_000414.gray
414,2,172130073953000,c2_000414.gray
417,0,172130088254000,c0_000417.gray
417,2,172130088293000,c2_000417.gray
421,0,172130107248000,c0_000421.gray
421,2,172130107287000,c2_000421.gray
423,0,172130121584000,c0_000423.gray
423,2,172130121624000,c2_000423.gray
428,0,172130140573000,c0_000428.gray
428,2,172130140601000,c2_000428.gray
430,0,172130154977000,c0_000430.gray
430,2,172130155017000,c2_000430.gray
434,0,172130173912000,c0_000434.gray
434,2,172130173951000,c2_000434.gray
437,0,172130188263000,c0_000437.gray
437,2,172130188303000,c2_000437.gray
441,0,172130207248000,c0_000441.gray
441,2,172130207287000,c2_000441.gray
443,0,172130221579000,c0_000443.gray
443,2,172130221609000,c2_000443.gray
447,2,172130240613000,c2_000447.gray
448,0,172130240576000,c0_000448.gray
450,0,172130254916000,c0_000450.gray
450,2,172130254946000,c2_000450.gray
453,0,172130273916000,c0_000453.gray
453,2,172130273954000,c2_000453.gray
455,0,172130288251000,c0_000455.gray
455,2,172130288291000,c2_000455.gray
459,0,172130307280000,c0_000459.gray
459,2,172130307318000,c2_000459.gray
462,0,172130321581000,c0_000462.gray
462,2,172130321617000,c2_000462.gray
466,0,172130340577000,c0_000466.gray
466,2,172130340611000,c2_000466.gray
468,0,172130354919000,c0_000468.gray
468,2,172130354956000,c2_000468.gray
473,0,172130373909000,c0_000473.gray
473,2,172130373945000,c2_000473.gray
475,0,172130388248000,c0_000475.gray
475,2,172130388294000,c2_000475.gray
479,0,172130407247000,c0_000479.gray
479,2,172130407286000,c2_000479.gray
481,0,172130421585000,c0_000481.gray
481,2,172130421621000,c2_000481.gray
486,0,172130440579000,c0_000486.gray
486,2,172130440613000,c2_000486.gray
488,0,172130454913000,c0_000488.gray
488,2,172130454941000,c2_000488.gray
492,0,172130473909000,c0_000492.gray
492,2,172130473944000,c2_000492.gray
495,0,172130488251000,c0_000495.gray
495,2,172130488289000,c2_000495.gray
499,0,172130507248000,c0_000499.gray
499,2,172130507284000,c2_000499.gray
501,0,172130521587000,c0_000501.gray
501,2,172130521625000,c2_000501.gray
505,0,172130540581000,c0_000505.gray
505,2,172130540619000,c2_000505.gray
507,0,172130554919000,c0_000507.gray
507,2,172130554959000,c2_000507.gray
511,0,172130573918000,c0_000511.gray
511,2,172130573958000,c2_000511.gray
513,0,172130588253000,c0_000513.gray
513,2,172130588290000,c2_000513.gray
516,2,172130607284000,c2_000516.gray
517,0,172130607254000,c0_000517.gray
518,0,172130621589000,c0_000518.gray
518,2,172130621626000,c2_000518.gray
522,0,172130640582000,c0_000522.gray
522,2,172130640621000,c2_000522.gray
524,0,172130654921000,c0_000524.gray
524,2,172130654961000,c2_000524.gray
528,0,172130673914000,c0_000528.gray
528,2,172130673952000,c2_000528.gray
530,0,172130688267000,c0_000530.gray
530,2,172130688299000,c2_000530.gray
534,0,172130707253000,c0_000534.gray
534,2,172130707287000,c2_000534.gray
536,0,172130721588000,c0_000536.gray
536,2,172130721628000,c2_000536.gray
540,0,172130740610000,c0_000540.gray
540,2,172130740647000,c2_000540.gray
542,0,172130754967000,c0_000542.gray
542,2,172130755004000,c2_000542.gray
546,0,172130773915000,c0_000546.gray
546,2,172130773952000,c2_000546.gray
548,0,172130788254000,c0_000548.gray
548,2,172130788293000,c2_000548.gray
552,0,172130807251000,c0_000552.gray
552,2,172130807289000,c2_000552.gray
553,0,172130821570000,c0_000553.gray
553,2,172130821585000,c2_000553.gray
554,0,172130840574000,c0_000554.gray
554,2,172130840592000,c2_000554.gray
560,0,172130854906000,c0_000560.gray
560,2,172130854923000,c2_000560.gray
567,0,172130873906000,c0_000567.gray
567,2,172130873927000,c2_000567.gray
571,0,172130888253000,c0_000571.gray
571,2,172130888293000,c2_000571.gray
575,0,172130907248000,c0_000575.gray
575,2,172130907285000,c2_000575.gray
577,0,172130921588000,c0_000577.gray
577,2,172130921627000,c2_000577.gray
581,0,172130940583000,c0_000581.gray
581,2,172130940619000,c2_000581.gray
583,0,172130954922000,c0_000583.gray
583,2,172130954964000,c2_000583.gray
587,0,172130973918000,c0_000587.gray
587,2,172130973954000,c2_000587.gray
589,0,172130988254000,c0_000589.gray
589,2,172130988293000,c2_000589.gray
593,0,172131007251000,c0_000593.gray
593,2,172131007286000,c2_000593.gray
595,0,172131021600000,c0_000595.gray
595,2,172131021638000,c2_000595.gray
599,0,172131040589000,c0_000599.gray
599,2,172131040628000,c2_000599.gray
601,0,172131054925000,c0_000601.gray
601,2,172131054964000,c2_000601.gray
605,0,172131073918000,c0_000605.gray
605,2,172131073954000,c2_000605.gray
607,0,172131088254000,c0_000607.gray
607,2,172131088291000,c2_000607.gray
611,0,172131107253000,c0_000611.gray
611,2,172131107292000,c2_000611.gray
613,0,172131121590000,c0_000613.gray
613,2,172131121629000,c2_000613.gray
617,0,172131140616000,c0_000617.gray
617,2,172131140653000,c2_000617.gray
619,0,172131154924000,c0_000619.gray
619,2,172131154962000,c2_000619.gray
623,0,172131173917000,c0_000623.gray
623,2,172131173953000,c2_000623.gray
625,0,172131188258000,c0_000625.gray
625,2,172131188298000,c2_000625.gray
629,0,172131207254000,c0_000629.gray
629,2,172131207292000,c2_000629.gray
631,0,172131221592000,c0_000631.gray
631,2,172131221632000,c2_000631.gray
635,0,172131240585000,c0_000635.gray
635,2,172131240623000,c2_000635.gray
637,0,172131254988000,c0_000637.gray
637,2,172131255025000,c2_000637.gray
641,0,172131273921000,c0_000641.gray
641,2,172131273959000,c2_000641.gray
643,0,172131288256000,c0_000643.gray
643,2,172131288295000,c2_000643.gray
647,0,172131307255000,c0_000647.gray
647,2,172131307295000,c2_000647.gray
649,0,172131321592000,c0_000649.gray
649,2,172131321631000,c2_000649.gray
653,0,172131340585000,c0_000653.gray
653,2,172131340630000,c2_000653.gray
655,0,172131354925000,c0_000655.gray
655,2,172131354964000,c2_000655.gray
659,0,172131373920000,c0_000659.gray
659,2,172131373959000,c2_000659.gray
661,0,172131388259000,c0_000661.gray
661,2,172131388299000,c2_000661.gray
665,0,172131407252000,c0_000665.gray
665,2,172131407291000,c2_000665.gray
667,0,172131421594000,c0_000667.gray
667,2,172131421634000,c2_000667.gray
671,0,172131440586000,c0_000671.gray
671,2,172131440622000,c2_000671.gray
673,0,172131454926000,c0_000673.gray
673,2,172131454969000,c2_000673.gray
677,0,172131473922000,c0_000677.gray
677,2,172131473960000,c2_000677.gray
679,0,172131488262000,c0_000679.gray
679,2,172131488303000,c2_000679.gray
683,0,172131507253000,c0_000683.gray
683,2,172131507291000,c2_000683.gray
685,0,172131521597000,c0_000685.gray
685,2,172131521637000,c2_000685.gray
689,0,172131540586000,c0_000689.gray
689,2,172131540623000,c2_000689.gray
691,0,172131554928000,c0_000691.gray
691,2,172131554967000,c2_000691.gray
695,0,172131573922000,c0_000695.gray
695,2,172131573960000,c2_000695.gray
697,0,172131588261000,c0_000697.gray
697,2,172131588303000,c2_000697.gray
701,0,172131607256000,c0_000701.gray
701,2,172131607296000,c2_000701.gray
703,0,172131621601000,c0_000703.gray
703,2,172131621639000,c2_000703.gray
707,0,172131640589000,c0_000707.gray
707,2,172131640628000,c2_000707.gray
709,0,172131654929000,c0_000709.gray
709,2,172131654970000,c2_000709.gray
713,0,172131673921000,c0_000713.gray
713,2,172131673959000,c2_000713.gray
715,0,172131688260000,c0_000715.gray
715,2,172131688299000,c2_000715.gray
719,0,172131707259000,c0_000719.gray
719,2,172131707297000,c2_000719.gray
720,0,172131721593000,c0_000720.gray
720,2,172131721632000,c2_000720.gray
724,0,172131740627000,c0_000724.gray
724,2,172131740656000,c2_000724.gray
726,0,172131754927000,c0_000726.gray
726,2,172131754966000,c2_000726.gray
730,0,172131773922000,c0_000730.gray
730,2,172131773959000,c2_000730.gray
732,0,172131788261000,c0_000732.gray
732,2,172131788300000,c2_000732.gray
736,0,172131807280000,c0_000736.gray
736,2,172131807315000,c2_000736.gray
738,0,172131821595000,c0_000738.gray
738,2,172131821635000,c2_000738.gray
742,0,172131840587000,c0_000742.gray
742,2,172131840617000,c2_000742.gray
744,0,172131854928000,c0_000744.gray
744,2,172131854968000,c2_000744.gray
748,0,172131873922000,c0_000748.gray
748,2,172131873957000,c2_000748.gray
750,0,172131888264000,c0_000750.gray
750,2,172131888302000,c2_000750.gray
753,0,172131907245000,c0_000753.gray
753,2,172131907260000,c2_000753.gray
759,0,172131921582000,c0_000759.gray
759,2,172131921599000,c2_000759.gray
766,0,172131940581000,c0_000766.gray
766,2,172131940598000,c2_000766.gray
771,0,172131954924000,c0_000771.gray
771,2,172131954938000,c2_000771.gray
779,0,172131973909000,c0_000779.gray
779,2,172131973926000,c2_000779.gray
785,0,172131988247000,c0_000785.gray
785,2,172131988262000,c2_000785.gray
792,0,172132007243000,c0_000792.gray
792,2,172132007256000,c2_000792.gray
798,0,172132021579000,c0_000798.gray
798,2,172132021594000,c2_000798.gray
806,0,172132040583000,c0_000806.gray
806,2,172132040597000,c2_000806.gray
812,0,172132055010000,c0_000812.gray
812,2,172132055020000,c2_000812.gray
820,0,172132073911000,c0_000820.gray
820,2,172132073928000,c2_000820.gray
826,0,172132088246000,c0_000826.gray
826,2,172132088260000,c2_000826.gray
834,0,172132107277000,c0_000834.gray
834,2,172132107288000,c2_000834.gray
840,0,172132121580000,c0_000840.gray
840,2,172132121595000,c2_000840.gray
848,0,172132140579000,c0_000848.gray
848,2,172132140594000,c2_000848.gray
854,0,172132154910000,c0_000854.gray
854,2,172132154920000,c2_000854.gray
862,0,172132173912000,c0_000862.gray
862,2,172132173922000,c2_000862.gray
868,0,172132188246000,c0_000868.gray
868,2,172132188261000,c2_000868.gray
876,0,172132207246000,c0_000876.gray
876,2,172132207262000,c2_000876.gray
882,0,172132221580000,c0_000882.gray
882,2,172132221595000,c2_000882.gray
890,0,172132240578000,c0_000890.gray
890,2,172132240593000,c2_000890.gray
896,0,172132254914000,c0_000896.gray
896,2,172132254929000,c2_000896.gray
904,0,172132274142000,c0_000904.gray
904,2,172132274159000,c2_000904.gray
907,0,172132288277000,c0_000907.gray
907,2,172132288313000,c2_000907.gray
911,0,172132307273000,c0_000911.gray
911,2,172132307309000,c2_000911.gray
914,0,172132321624000,c0_000914.gray
914,2,172132321654000,c2_000914.gray
918,0,172132340649000,c0_000918.gray
918,2,172132340676000,c2_000918.gray
920,0,172132354929000,c0_000920.gray
920,2,172132354961000,c2_000920.gray
924,0,172132373931000,c0_000924.gray
924,2,172132373962000,c2_000924.gray
926,0,172132388261000,c0_000926.gray
926,2,172132388297000,c2_000926.gray
930,0,172132407257000,c0_000930.gray
930,2,172132407291000,c2_000930.gray
933,0,172132421593000,c0_000933.gray
933,2,172132421627000,c2_000933.gray
936,0,172132440595000,c0_000936.gray
936,2,172132440621000,c2_000936.gray
938,0,172132454932000,c0_000938.gray
938,2,172132454969000,c2_000938.gray
942,0,172132473937000,c0_000942.gray
942,2,172132473971000,c2_000942.gray
944,0,172132488265000,c0_000944.gray
944,2,172132488302000,c2_000944.gray
948,2,172132507308000,c2_000948.gray
949,0,172132507274000,c0_000949.gray
951,0,172132521598000,c0_000951.gray
951,2,172132521635000,c2_000951.gray
955,0,172132540609000,c0_000955.gray
955,2,172132540634000,c2_000955.gray
956,2,172132554971000,c2_000956.gray
957,0,172132554933000,c0_000957.gray
960,0,172132573931000,c0_000960.gray
960,2,172132573960000,c2_000960.gray
962,0,172132588265000,c0_000962.gray
962,2,172132588304000,c2_000962.gray
967,0,172132607255000,c0_000967.gray
967,2,172132607279000,c2_000967.gray
969,0,172132621600000,c0_000969.gray
969,2,172132621637000,c2_000969.gray
973,0,172132640589000,c0_000973.gray
973,2,172132640615000,c2_000973.gray
975,0,172132654932000,c0_000975.gray
975,2,172132654971000,c2_000975.gray
979,0,172132673924000,c0_000979.gray
979,2,172132673957000,c2_000979.gray
981,0,172132688266000,c0_000981.gray
981,2,172132688305000,c2_000981.gray
986,0,172132707257000,c0_000986.gray
986,2,172132707284000,c2_000986.gray
988,0,172132721599000,c0_000988.gray
988,2,172132721637000,c2_000988.gray
992,0,172132740594000,c0_000992.gray
992,2,172132740631000,c2_000992.gray
994,0,172132754930000,c0_000994.gray
994,2,172132754967000,c2_000994.gray
999,0,172132773949000,c0_000999.gray
999,2,172132773989000,c2_000999.gray
1001,0,172132788262000,c0_001001.gray
1001,2,172132788292000,c2_001001.gray
1005,0,172132807262000,c0_001005.gray
1005,2,172132807297000,c2_001005.gray
1007,0,172132821602000,c0_001007.gray
1007,2,172132821641000,c2_001007.gray
1011,0,172132840598000,c0_001011.gray
1011,2,172132840635000,c2_001011.gray
1013,0,172132854933000,c0_001013.gray
1013,2,172132854973000,c2_001013.gray
1017,0,172132873931000,c0_001017.gray
1017,2,172132873968000,c2_001017.gray
1019,0,172132888271000,c0_001019.gray
1019,2,172132888313000,c2_001019.gray
1023,0,172132907267000,c0_001023.gray
1023,2,172132907307000,c2_001023.gray
1025,0,172132921605000,c0_001025.gray
1025,2,172132921644000,c2_001025.gray
1029,0,172132940604000,c0_001029.gray
1029,2,172132940644000,c2_001029.gray
1031,0,172132955051000,c0_001031.gray
1031,2,172132955090000,c2_001031.gray
1035,0,172132973928000,c0_001035.gray
1035,2,172132973956000,c2_001035.gray
1037,0,172132988288000,c0_001037.gray
1037,2,172132988318000,c2_001037.gray
1041,0,172133007263000,c0_001041.gray
1041,2,172133007290000,c2_001041.gray
1042,0,172133021602000,c0_001042.gray
1042,2,172133021639000,c2_001042.gray
1046,0,172133040629000,c0_001046.gray
1046,2,172133040666000,c2_001046.gray
1048,0,172133054938000,c0_001048.gray
1048,2,172133054978000,c2_001048.gray
1052,0,172133073928000,c0_001052.gray
1052,2,172133073965000,c2_001052.gray
1054,0,172133088272000,c0_001054.gray
1054,2,172133088310000,c2_001054.gray
1058,0,172133107262000,c0_001058.gray
1058,2,172133107288000,c2_001058.gray
1061,0,172133121605000,c0_001061.gray
1061,2,172133121644000,c2_001061.gray
1065,0,172133140626000,c0_001065.gray
1065,2,172133140661000,c2_001065.gray
1068,0,172133154938000,c0_001068.gray
1068,2,172133154983000,c2_001068.gray
1072,0,172133173934000,c0_001072.gray
1072,2,172133173962000,c2_001072.gray
1074,0,172133188270000,c0_001074.gray
1074,2,172133188310000,c2_001074.gray
1078,0,172133207266000,c0_001078.gray
1078,2,172133207306000,c2_001078.gray
1080,0,172133221606000,c0_001080.gray
1080,2,172133221646000,c2_001080.gray
1083,0,172133240601000,c0_001083.gray
1083,2,172133240641000,c2_001083.gray
1085,0,172133254936000,c0_001085.gray
1085,2,172133254973000,c2_001085.gray
1089,0,172133273931000,c0_001089.gray
1089,2,172133273968000,c2_001089.gray
1091,0,172133288272000,c0_001091.gray
1091,2,172133288311000,c2_001091.gray
1095,0,172133307269000,c0_001095.gray
1095,2,172133307309000,c2_001095.gray
1097,0,172133321608000,c0_001097.gray
1097,2,172133321648000,c2_001097.gray
1101,0,172133340597000,c0_001101.gray
1101,2,172133340626000,c2_001101.gray
1103,0,172133354935000,c0_001103.gray
1103,2,172133354963000,c2_001103.gray
1106,0,172133373933000,c0_001106.gray
1106,2,172133373978000,c2_001106.gray
1108,0,172133388271000,c0_001108.gray
1108,2,172133388311000,c2_001108.gray
1112,0,172133407266000,c0_001112.gray
1112,2,172133407303000,c2_001112.gray
1114,0,172133421686000,c0_001114.gray
1114,2,172133421721000,c2_001114.gray
1118,0,172133440635000,c0_001118.gray
1118,2,172133440672000,c2_001118.gray
1120,0,172133454935000,c0_001120.gray
1120,2,172133454965000,c2_001120.gray
1124,0,172133473937000,c0_001124.gray
1124,2,172133473976000,c2_001124.gray
1126,0,172133488269000,c0_001126.gray
1126,2,172133488308000,c2_001126.gray
1130,0,172133507320000,c0_001130.gray
1130,2,172133507355000,c2_001130.gray
1132,0,172133521607000,c0_001132.gray
1132,2,172133521649000,c2_001132.gray
1136,0,172133540610000,c0_001136.gray
1136,2,172133540647000,c2_001136.gray
1138,0,172133554937000,c0_001138.gray
1138,2,172133554968000,c2_001138.gray
1142,0,172133573933000,c0_001142.gray
1142,2,172133573961000,c2_001142.gray
1144,0,172133588271000,c0_001144.gray
1144,2,172133588303000,c2_001144.gray
1148,0,172133607285000,c0_001148.gray
1148,2,172133607326000,c2_001148.gray
1150,0,172133621605000,c0_001150.gray
1150,2,172133621635000,c2_001150.gray
1154,0,172133640601000,c0_001154.gray
1154,2,172133640629000,c2_001154.gray
1156,0,172133654939000,c0_001156.gray
1156,2,172133654969000,c2_001156.gray
1160,0,172133673942000,c0_001160.gray
1160,2,172133673971000,c2_001160.gray
1162,0,172133688277000,c0_001162.gray
1162,2,172133688306000,c2_001162.gray
1165,0,172133707264000,c0_001165.gray
1165,2,172133707292000,c2_001165.gray
1167,0,172133721607000,c0_001167.gray
1167,2,172133721646000,c2_001167.gray
1171,0,172133740602000,c0_001171.gray
1171,2,172133740641000,c2_001171.gray
1172,0,172133754940000,c0_001172.gray
1172,2,172133754979000,c2_001172.gray
1176,0,172133773935000,c0_001176.gray
1176,2,172133773971000,c2_001176.gray
1179,0,172133788273000,c0_001179.gray
1179,2,172133788309000,c2_001179.gray
1183,0,172133807268000,c0_001183.gray
1183,2,172133807305000,c2_001183.gray
1186,0,172133821602000,c0_001186.gray
1186,2,172133821627000,c2_001186.gray
1190,0,172133840602000,c0_001190.gray
1190,2,172133840638000,c2_001190.gray
1192,0,172133854939000,c0_001192.gray
1192,2,172133854977000,c2_001192.gray
1197,0,172133873936000,c0_001197.gray
1197,2,172133873972000,c2_001197.gray
1199,0,172133888272000,c0_001199.gray
1199,2,172133888308000,c2_001199.gray
1203,0,172133907268000,c0_001203.gray
1203,2,172133907303000,c2_001203.gray
1206,0,172133921606000,c0_001206.gray
1206,2,172133921643000,c2_001206.gray
1210,0,172133940607000,c0_001210.gray
1210,2,172133940645000,c2_001210.gray
1212,0,172133954966000,c0_001212.gray
1212,2,172133954999000,c2_001212.gray
1216,0,172133973934000,c0_001216.gray
1216,2,172133973966000,c2_001216.gray
1219,0,172133988270000,c0_001219.gray
1219,2,172133988296000,c2_001219.gray
1223,0,172134007269000,c0_001223.gray
1223,2,172134007306000,c2_001223.gray
1225,0,172134021607000,c0_001225.gray
1225,2,172134021644000,c2_001225.gray
1230,0,172134040596000,c0_001230.gray
1230,2,172134040620000,c2_001230.gray
1232,0,172134054942000,c0_001232.gray
1232,2,172134054986000,c2_001232.gray
1236,0,172134073935000,c0_001236.gray
1236,2,172134073971000,c2_001236.gray
1238,0,172134088274000,c0_001238.gray
1238,2,172134088311000,c2_001238.gray
1243,0,172134107264000,c0_001243.gray
1243,2,172134107290000,c2_001243.gray
1245,0,172134121609000,c0_001245.gray
1245,2,172134121645000,c2_001245.gray
1249,0,172134140601000,c0_001249.gray
1249,2,172134140637000,c2_001249.gray
1251,0,172134154940000,c0_001251.gray
1251,2,172134154976000,c2_001251.gray
1255,0,172134173935000,c0_001255.gray
1255,2,172134173972000,c2_001255.gray
1258,0,172134188275000,c0_001258.gray
1258,2,172134188310000,c2_001258.gray
1262,0,172134207270000,c0_001262.gray
1262,2,172134207304000,c2_001262.gray
1264,0,172134221607000,c0_001264.gray
1264,2,172134221645000,c2_001264.gray
1268,0,172134240605000,c0_001268.gray
1268,2,172134240642000,c2_001268.gray
1271,0,172134254942000,c0_001271.gray
1271,2,172134254978000,c2_001271.gray
1275,0,172134273940000,c0_001275.gray
1275,2,172134273975000,c2_001275.gray
1277,0,172134288277000,c0_001277.gray
1277,2,172134288316000,c2_001277.gray
1281,0,172134307272000,c0_001281.gray
1281,2,172134307309000,c2_001281.gray
1282,0,172134321825000,c0_001282.gray
1282,2,172134321852000,c2_001282.gray
1287,0,172134340594000,c0_001287.gray
1287,2,172134340605000,c2_001287.gray
1293,0,172134354930000,c0_001293.gray
1293,2,172134354947000,c2_001293.gray
1301,0,172134373925000,c0_001301.gray
1301,2,172134373940000,c2_001301.gray
1307,0,172134388262000,c0_001307.gray
1307,2,172134388276000,c2_001307.gray
1315,0,172134407259000,c0_001315.gray
1315,2,172134407273000,c2_001315.gray
1321,0,172134421596000,c0_001321.gray
1321,2,172134421612000,c2_001321.gray
1329,0,172134440592000,c0_001329.gray
1329,2,172134440605000,c2_001329.gray
1335,0,172134454930000,c0_001335.gray
1335,2,172134454946000,c2_001335.gray
1343,0,172134473926000,c0_001343.gray
1343,2,172134473941000,c2_001343.gray
1349,0,172134488380000,c0_001349.gray
1349,2,172134488392000,c2_001349.gray
1357,0,172134507347000,c0_001357.gray
1357,2,172134507358000,c2_001357.gray
1363,0,172134521605000,c0_001363.gray
1363,2,172134521629000,c2_001363.gray
1369,0,172134540657000,c0_001369.gray
1369,2,172134540678000,c2_001369.gray
1372,0,172134555288000,c0_001372.gray
1372,2,172134555312000,c2_001372.gray
1377,0,172134573981000,c0_001377.gray
1377,2,172134574009000,c2_001377.gray
1380,0,172134588557000,c0_001380.gray
1380,2,172134588583000,c2_001380.gray
1384,0,172134607275000,c0_001384.gray
1384,2,172134607306000,c2_001384.gray
1386,0,172134621608000,c0_001386.gray
1386,2,172134621636000,c2_001386.gray
1390,0,172134640605000,c0_001390.gray
1390,2,172134640619000,c2_001390.gray
1396,0,172134654926000,c0_001396.gray
1396,2,172134654936000,c2_001396.gray
1404,0,172134673924000,c0_001404.gray
1404,2,172134673934000,c2_001404.gray
1410,0,172134688269000,c0_001410.gray
1410,2,172134688279000,c2_001410.gray
1418,0,172134707259000,c0_001418.gray
1418,2,172134707268000,c2_001418.gray
1424,0,172134721592000,c0_001424.gray
1424,2,172134721601000,c2_001424.gray
1432,0,172134740597000,c0_001432.gray
1432,2,172134740605000,c2_001432.gray
1438,0,172134754933000,c0_001438.gray
1438,2,172134754943000,c2_001438.gray
1446,0,172134773935000,c0_001446.gray
1446,2,172134773944000,c2_001446.gray
1452,0,172134788261000,c0_001452.gray
1452,2,172134788271000,c2_001452.gray
1460,0,172134807265000,c0_001460.gray
1460,2,172134807275000,c2_001460.gray
1466,0,172134821595000,c0_001466.gray
1466,2,172134821606000,c2_001466.gray
1474,0,172134840609000,c0_001474.gray
1474,2,172134840598000,c2_001474.gray
1480,0,172134854942000,c0_001480.gray
1480,2,172134854933000,c2_001480.gray
1488,0,172134873939000,c0_001488.gray
1488,2,172134873931000,c2_001488.gray
1494,0,172134888272000,c0_001494.gray
1494,2,172134888262000,c2_001494.gray
1502,0,172134907277000,c0_001502.gray
1502,2,172134907268000,c2_001502.gray
1508,0,172134921611000,c0_001508.gray
1508,2,172134921600000,c2_001508.gray
1516,0,172134940599000,c0_001516.gray
1516,2,172134940590000,c2_001516.gray
1522,0,172134954943000,c0_001522.gray
1522,2,172134954930000,c2_001522.gray
1530,0,172134973942000,c0_001530.gray
1530,2,172134973927000,c2_001530.gray
1536,0,172134988277000,c0_001536.gray
1536,2,172134988262000,c2_001536.gray
1544,0,172135007276000,c0_001544.gray
1544,2,172135007261000,c2_001544.gray
1550,0,172135021636000,c0_001550.gray
1550,2,172135021607000,c2_001550.gray
1555,0,172135040628000,c0_001555.gray
1555,2,172135040606000,c2_001555.gray
1557,0,172135054986000,c0_001557.gray
1557,2,172135054949000,c2_001557.gray
1561,0,172135073992000,c0_001561.gray
1561,2,172135073956000,c2_001561.gray
1564,0,172135088319000,c0_001564.gray
1564,2,172135088282000,c2_001564.gray
1568,0,172135107302000,c0_001568.gray
1568,2,172135107275000,c2_001568.gray
1570,0,172135121653000,c0_001570.gray
1570,2,172135121616000,c2_001570.gray
1575,0,172135140642000,c0_001575.gray
1575,2,172135140607000,c2_001575.gray
1577,0,172135154985000,c0_001577.gray
1577,2,172135154949000,c2_001577.gray
1581,0,172135173970000,c0_001581.gray
1581,2,172135173946000,c2_001581.gray
1584,0,172135188317000,c0_001584.gray
1584,2,172135188282000,c2_001584.gray
1588,0,172135207317000,c0_001588.gray
1588,2,172135207283000,c2_001588.gray
1590,0,172135221654000,c0_001590.gray
1590,2,172135221617000,c2_001590.gray
1595,0,172135240635000,c0_001595.gray
1595,2,172135240609000,c2_001595.gray
1597,0,172135254987000,c0_001597.gray
1597,2,172135254950000,c2_001597.gray
1601,0,172135273984000,c0_001601.gray
1601,2,172135273950000,c2_001601.gray
1604,0,172135288317000,c0_001604.gray
1604,2,172135288282000,c2_001604.gray
1608,0,172135307319000,c0_001608.gray
1608,2,172135307283000,c2_001608.gray
1610,2,172135321617000,c2_001610.gray
1611,0,172135321652000,c0_001611.gray
1615,0,172135340630000,c0_001615.gray
1615,2,172135340606000,c2_001615.gray
1617,0,172135354988000,c0_001617.gray
1617,2,172135354951000,c2_001617.gray
1622,0,172135373986000,c0_001622.gray
1622,2,172135373951000,c2_001622.gray
1624,0,172135388323000,c0_001624.gray
1624,2,172135388285000,c2_001624.gray
1628,0,172135407330000,c0_001628.gray
1628,2,172135407296000,c2_001628.gray
1631,0,172135421655000,c0_001631.gray
1631,2,172135421617000,c2_001631.gray
1635,0,172135440634000,c0_001635.gray
1635,2,172135440608000,c2_001635.gray
1637,0,172135454987000,c0_001637.gray
1637,2,172135454952000,c2_001637.gray
1642,0,172135473992000,c0_001642.gray
1642,2,172135473956000,c2_001642.gray
1644,0,172135488322000,c0_001644.gray
1644,2,172135488284000,c2_001644.gray
1649,0,172135507323000,c0_001649.gray
1649,2,172135507287000,c2_001649.gray
1651,0,172135521652000,c0_001651.gray
1651,2,172135521618000,c2_001651.gray
1655,0,172135540634000,c0_001655.gray
1655,2,172135540608000,c2_001655.gray
1658,0,172135554986000,c0_001658.gray
1658,2,172135554951000,c2_001658.gray
1662,0,172135573991000,c0_001662.gray
1662,2,172135573954000,c2_001662.gray
1665,0,172135588322000,c0_001665.gray
1665,2,172135588285000,c2_001665.gray
1669,0,172135607325000,c0_001669.gray
1669,2,172135607291000,c2_001669.gray
1671,0,172135621654000,c0_001671.gray
1671,2,172135621619000,c2_001671.gray
1676,0,172135640632000,c0_001676.gray
1676,2,172135640608000,c2_001676.gray
1678,0,172135654990000,c0_001678.gray
1678,2,172135654953000,c2_001678.gray
1682,0,172135674027000,c0_001682.gray
1682,2,172135673992000,c2_001682.gray
1685,0,172135688323000,c0_001685.gray
1685,2,172135688284000,c2_001685.gray
1689,0,172135707316000,c0_001689.gray
1689,2,172135707282000,c2_001689.gray
1691,2,172135721619000,c2_001691.gray
1692,0,172135721657000,c0_001692.gray
1696,0,172135740645000,c0_001696.gray
1696,2,172135740618000,c2_001696.gray
1698,0,172135754988000,c0_001698.gray
1698,2,172135754953000,c2_001698.gray
1703,0,172135773982000,c0_001703.gray
1703,2,172135773946000,c2_001703.gray
1705,0,172135788315000,c0_001705.gray
1705,2,172135788282000,c2_001705.gray
1709,0,172135807322000,c0_001709.gray
1709,2,172135807284000,c2_001709.gray
1710,0,172135821653000,c0_001710.gray
1710,2,172135821618000,c2_001710.gray
1711,0,172135840620000,c0_001711.gray
1711,2,172135840603000,c2_001711.gray
1715,0,172135854957000,c0_001715.gray
1715,2,172135854940000,c2_001715.gray
1722,2,172135873936000,c2_001722.gray
1723,0,172135873949000,c0_001723.gray
1727,0,172135888328000,c0_001727.gray
1727,2,172135888288000,c2_001727.gray
1731,0,172135907308000,c0_001731.gray
1731,2,172135907280000,c2_001731.gray
1733,0,172135921690000,c0_001733.gray
1733,2,172135921650000,c2_001733.gray
1737,0,172135940688000,c0_001737.gray
1737,2,172135940650000,c2_001737.gray
1739,0,172135954984000,c0_001739.gray
1739,2,172135954954000,c2_001739.gray
1743,0,172135973979000,c0_001743.gray
1743,2,172135973951000,c2_001743.gray
1745,0,172135988316000,c0_001745.gray
1745,2,172135988287000,c2_001745.gray
1749,0,172136007312000,c0_001749.gray
1749,2,172136007285000,c2_001749.gray
1750,0,172136021657000,c0_001750.gray
1750,2,172136021622000,c2_001750.gray
1754,0,172136040654000,c0_001754.gray
1754,2,172136040617000,c2_001754.gray
1756,0,172136054992000,c0_001756.gray
1756,2,172136054954000,c2_001756.gray
1760,0,172136074092000,c0_001760.gray
1760,2,172136074056000,c2_001760.gray
1762,0,172136088327000,c0_001762.gray
1762,2,172136088289000,c2_001762.gray
1766,0,172136107327000,c0_001766.gray
1766,2,172136107287000,c2_001766.gray
1768,0,172136121650000,c0_001768.gray
1768,2,172136121621000,c2_001768.gray
1772,0,172136140644000,c0_001772.gray
1772,2,172136140616000,c2_001772.gray
1773,0,172136154994000,c0_001773.gray
1773,2,172136154956000,c2_001773.gray
1777,0,172136173988000,c0_001777.gray
1777,2,172136173951000,c2_001777.gray
1779,0,172136188329000,c0_001779.gray
1779,2,172136188289000,c2_001779.gray
1782,0,172136207320000,c0_001782.gray
1782,2,172136207284000,c2_001782.gray
1784,0,172136221667000,c0_001784.gray
1784,2,172136221630000,c2_001784.gray
1788,0,172136240686000,c0_001788.gray
1788,2,172136240647000,c2_001788.gray
1790,0,172136254995000,c0_001790.gray
1790,2,172136254957000,c2_001790.gray
1794,0,172136273990000,c0_001794.gray
1794,2,172136273953000,c2_001794.gray
1798,0,172136288295000,c0_001798.gray
1798,2,172136288278000,c2_001798.gray
1806,0,172136307285000,c0_001806.gray
1806,2,172136307272000,c2_001806.gray
1812,0,172136321619000,c0_001812.gray
1812,2,172136321606000,c2_001812.gray
1820,0,172136340621000,c0_001820.gray
1820,2,172136340605000,c2_001820.gray
1826,0,172136354954000,c0_001826.gray
1826,2,172136354940000,c2_001826.gray
1834,0,172136373952000,c0_001834.gray
1834,2,172136373937000,c2_001834.gray
1840,0,172136388285000,c0_001840.gray
1840,2,172136388274000,c2_001840.gray
1848,0,172136407284000,c0_001848.gray
1848,2,172136407271000,c2_001848.gray
1853,0,172136421622000,c0_001853.gray
1853,2,172136421607000,c2_001853.gray
1862,0,172136440656000,c0_001862.gray
1862,2,172136440633000,c2_001862.gray
1865,0,172136454981000,c0_001865.gray
1865,2,172136454952000,c2_001865.gray
1871,0,172136473979000,c0_001871.gray
1871,2,172136473950000,c2_001871.gray
1873,0,172136488405000,c0_001873.gray
1873,2,172136488377000,c2_001873.gray
1877,0,172136507316000,c0_001877.gray
1877,2,172136507287000,c2_001877.gray
1879,2,172136521627000,c2_001879.gray
1880,0,172136521654000,c0_001880.gray
1884,0,172136540651000,c0_001884.gray
1884,2,172136540620000,c2_001884.gray
1887,0,172136554988000,c0_001887.gray
1887,2,172136554957000,c2_001887.gray
1891,0,172136573985000,c0_001891.gray
1891,2,172136573954000,c2_001891.gray
1893,0,172136588329000,c0_001893.gray
1893,2,172136588288000,c2_001893.gray
1897,0,172136607318000,c0_001897.gray
1897,2,172136607283000,c2_001897.gray
1899,0,172136621655000,c0_001899.gray
1899,2,172136621621000,c2_001899.gray
1902,2,172136640616000,c2_001902.gray
1903,0,172136640650000,c0_001903.gray
1904,0,172136654988000,c0_001904.gray
1904,2,172136654954000,c2_001904.gray
1908,0,172136673992000,c0_001908.gray
1908,2,172136673956000,c2_001908.gray
1909,2,172136688293000,c2_001909.gray
1910,0,172136688320000,c0_001910.gray
1913,0,172136707363000,c0_001913.gray
1913,2,172136707328000,c2_001913.gray
1915,0,172136721665000,c0_001915.gray
1915,2,172136721627000,c2_001915.gray
1919,0,172136740719000,c0_001919.gray
1919,2,172136740690000,c2_001919.gray
1921,0,172136755001000,c0_001921.gray
1921,2,172136754961000,c2_001921.gray
1925,0,172136774019000,c0_001925.gray
1925,2,172136773983000,c2_001925.gray
1926,0,172136788333000,c0_001926.gray
1926,2,172136788295000,c2_001926.gray
1930,0,172136807323000,c0_001930.gray
1930,2,172136807289000,c2_001930.gray
1932,0,172136821666000,c0_001932.gray
1932,2,172136821628000,c2_001932.gray
1936,0,172136840712000,c0_001936.gray
1936,2,172136840677000,c2_001936.gray
1938,0,172136854999000,c0_001938.gray
1938,2,172136854961000,c2_001938.gray
1942,0,172136873997000,c0_001942.gray
1942,2,172136873954000,c2_001942.gray
1944,0,172136888336000,c0_001944.gray
1944,2,172136888296000,c2_001944.gray
1948,0,172136907326000,c0_001948.gray
1948,2,172136907289000,c2_001948.gray
1950,0,172136921666000,c0_001950.gray
1950,2,172136921628000,c2_001950.gray
1954,0,172136940657000,c0_001954.gray
1954,2,172136940621000,c2_001954.gray
1956,0,172136955002000,c0_001956.gray
1956,2,172136954963000,c2_001956.gray
1960,0,172136973993000,c0_001960.gray
1960,2,172136973956000,c2_001960.gray
1962,0,172136988339000,c0_001962.gray
1962,2,172136988298000,c2_001962.gray
1966,0,172137007328000,c0_001966.gray
1966,2,172137007290000,c2_001966.gray
1968,0,172137021671000,c0_001968.gray
1968,2,172137021631000,c2_001968.gray
1972,0,172137040702000,c0_001972.gray
1972,2,172137040664000,c2_001972.gray
1974,0,172137055007000,c0_001974.gray
1974,2,172137054966000,c2_001974.gray
1978,0,172137073990000,c0_001978.gray
1978,2,172137073955000,c2_001978.gray
1980,0,172137088340000,c0_001980.gray
1980,2,172137088300000,c2_001980.gray
1984,0,172137107327000,c0_001984.gray
1984,2,172137107291000,c2_001984.gray
1986,0,172137121671000,c0_001986.gray
1986,2,172137121633000,c2_001986.gray
1990,0,172137140660000,c0_001990.gray
1990,2,172137140624000,c2_001990.gray
1992,0,172137155003000,c0_001992.gray
1992,2,172137154965000,c2_001992.gray
1996,0,172137174102000,c0_001996.gray
1996,2,172137174066000,c2_001996.gray
1998,0,172137188337000,c0_001998.gray
1998,2,172137188299000,c2_001998.gray
2002,0,172137207331000,c0_002002.gray
2002,2,172137207293000,c2_002002.gray
2004,0,172137221685000,c0_002004.gray
2004,2,172137221647000,c2_002004.gray
2008,0,172137240672000,c0_002008.gray
2008,2,172137240637000,c2_002008.gray
2010,0,172137254987000,c0_002010.gray
2010,2,172137254960000,c2_002010.gray
2013,0,172137273993000,c0_002013.gray
2013,2,172137273958000,c2_002013.gray
2015,0,172137288335000,c0_002015.gray
2015,2,172137288297000,c2_002015.gray
2019,0,172137307326000,c0_002019.gray
2019,2,172137307290000,c2_002019.gray
2021,0,172137321667000,c0_002021.gray
2021,2,172137321630000,c2_002021.gray
2025,0,172137340661000,c0_002025.gray
2025,2,172137340625000,c2_002025.gray
2027,0,172137355103000,c0_002027.gray
2027,2,172137355068000,c2_002027.gray
2031,0,172137373993000,c0_002031.gray
2031,2,172137373958000,c2_002031.gray
2033,0,172137388332000,c0_002033.gray
2033,2,172137388297000,c2_002033.gray
2037,0,172137407330000,c0_002037.gray
2037,2,172137407294000,c2_002037.gray
2039,0,172137421670000,c0_002039.gray
2039,2,172137421631000,c2_002039.gray
2043,0,172137440691000,c0_002043.gray
2043,2,172137440655000,c2_002043.gray
2045,0,172137455004000,c0_002045.gray
2045,2,172137454964000,c2_002045.gray
2049,0,172137473992000,c0_002049.gray
2049,2,172137473956000,c2_002049.gray
2051,0,172137488335000,c0_002051.gray
2051,2,172137488297000,c2_002051.gray
2055,0,172137507328000,c0_002055.gray
2055,2,172137507291000,c2_002055.gray
2057,0,172137521670000,c0_002057.gray
2057,2,172137521632000,c2_002057.gray
2061,0,172137540665000,c0_002061.gray
2061,2,172137540629000,c2_002061.gray
2063,0,172137555004000,c0_002063.gray
2063,2,172137554965000,c2_002063.gray
2067,0,172137574013000,c0_002067.gray
2067,2,172137573979000,c2_002067.gray
2069,0,172137588336000,c0_002069.gray
2069,2,172137588299000,c2_002069.gray
2073,0,172137607335000,c0_002073.gray
2073,2,172137607297000,c2_002073.gray
2075,0,172137621637000,c0_002075.gray
2075,2,172137621621000,c2_002075.gray
2083,0,172137640631000,c0_002083.gray
2083,2,172137640615000,c2_002083.gray
2088,0,172137654967000,c0_002088.gray
2088,2,172137654951000,c2_002088.gray
2096,0,172137673953000,c0_002096.gray
2096,2,172137673943000,c2_002096.gray
2102,0,172137688296000,c0_002102.gray
2102,2,172137688283000,c2_002102.gray
2110,0,172137707294000,c0_002110.gray
2110,2,172137707279000,c2_002110.gray
2116,0,172137721632000,c0_002116.gray
2116,2,172137721617000,c2_002116.gray
2124,0,172137740724000,c0_002124.gray
2124,2,172137740710000,c2_002124.gray
2130,0,172137754968000,c0_002130.gray
2130,2,172137754952000,c2_002130.gray
2138,0,172137773971000,c0_002138.gray
2138,2,172137773959000,c2_002138.gray
2144,0,172137788294000,c0_002144.gray
2144,2,172137788283000,c2_002144.gray
2152,0,172137807294000,c0_002152.gray
2152,2,172137807280000,c2_002152.gray
2158,0,172137821633000,c0_002158.gray
2158,2,172137821618000,c2_002158.gray
2166,0,172137840629000,c0_002166.gray
2166,2,172137840614000,c2_002166.gray
2172,0,172137854966000,c0_002172.gray
2172,2,172137854950000,c2_002172.gray
2180,0,172137873960000,c0_002180.gray
2180,2,172137873947000,c2_002180.gray
2186,0,172137888299000,c0_002186.gray
2186,2,172137888284000,c2_002186.gray
2194,0,172137907405000,c0_002194.gray
2194,2,172137907387000,c2_002194.gray
2198,0,172137921705000,c0_002198.gray
2198,2,172137921676000,c2_002198.gray
2202,0,172137940657000,c0_002202.gray
2202,2,172137940628000,c2_002202.gray
2204,0,172137955419000,c0_002204.gray
2204,2,172137955392000,c2_002204.gray
2208,0,172137974003000,c0_002208.gray
2208,2,172137973968000,c2_002208.gray
2210,0,172137988324000,c0_002210.gray
2210,2,172137988297000,c2_002210.gray
2214,0,172138007736000,c0_002214.gray
2214,2,172138007710000,c2_002214.gray
2216,0,172138021671000,c0_002216.gray
2216,2,172138021635000,c2_002216.gray
2221,0,172138040677000,c0_002221.gray
2221,2,172138040630000,c2_002221.gray
2222,0,172138055033000,c0_002222.gray
2222,2,172138055008000,c2_002222.gray
2226,0,172138073993000,c0_002226.gray
2226,2,172138073960000,c2_002226.gray
2228,0,172138088331000,c0_002228.gray
2228,2,172138088298000,c2_002228.gray
2232,2,172138107292000,c2_002232.gray
2233,0,172138107325000,c0_002233.gray
2234,0,172138121667000,c0_002234.gray
2234,2,172138121633000,c2_002234.gray
2239,0,172138140660000,c0_002239.gray
2239,2,172138140625000,c2_002239.gray
2241,0,172138154996000,c0_002241.gray
2241,2,172138154963000,c2_002241.gray
2245,0,172138173993000,c0_002245.gray
2245,2,172138173960000,c2_002245.gray
2247,0,172138188331000,c0_002247.gray
2247,2,172138188297000,c2_002247.gray
2252,0,172138207335000,c0_002252.gray
2252,2,172138207298000,c2_002252.gray
2254,0,172138221674000,c0_002254.gray
2254,2,172138221637000,c2_002254.gray
2258,0,172138240671000,c0_002258.gray
2258,2,172138240633000,c2_002258.gray
2260,0,172138255013000,c0_002260.gray
2260,2,172138254973000,c2_002260.gray
2264,0,172138274073000,c0_002264.gray
2264,2,172138274038000,c2_002264.gray
2266,0,172138288363000,c0_002266.gray
2266,2,172138288327000,c2_002266.gray
2270,0,172138307338000,c0_002270.gray
2270,2,172138307300000,c2_002270.gray
2272,0,172138321662000,c0_002272.gray
2272,2,172138321636000,c2_002272.gray
2276,0,172138340733000,c0_002276.gray
2276,2,172138340696000,c2_002276.gray
2277,0,172138355007000,c0_002277.gray
2277,2,172138354970000,c2_002277.gray
2281,0,172138373999000,c0_002281.gray
2281,2,172138373964000,c2_002281.gray
2283,0,172138388341000,c0_002283.gray
2283,2,172138388303000,c2_002283.gray
2287,0,172138407336000,c0_002287.gray
2287,2,172138407299000,c2_002287.gray
2289,0,172138421676000,c0_002289.gray
2289,2,172138421638000,c2_002289.gray
2293,0,172138440680000,c0_002293.gray
2293,2,172138440645000,c2_002293.gray
2295,0,172138455058000,c0_002295.gray
2295,2,172138455023000,c2_002295.gray
2299,0,172138474005000,c0_002299.gray
2299,2,172138473967000,c2_002299.gray
2301,0,172138488334000,c0_002301.gray
2301,2,172138488303000,c2_002301.gray
2305,0,172138507344000,c0_002305.gray
2305,2,172138507299000,c2_002305.gray
2307,0,172138521672000,c0_002307.gray
2307,2,172138521636000,c2_002307.gray
2311,2,172138540632000,c2_002311.gray
2312,0,172138540667000,c0_002312.gray
2314,0,172138555004000,c0_002314.gray
2314,2,172138554969000,c2_002314.gray
2318,0,172138573997000,c0_002318.gray
2318,2,172138573964000,c2_002318.gray
2320,2,172138588302000,c2_002320.gray
2321,0,172138588338000,c0_002321.gray
2325,0,172138607338000,c0_002325.gray
2325,2,172138607300000,c2_002325.gray
2327,0,172138621671000,c0_002327.gray
2327,2,172138621637000,c2_002327.gray
2331,0,172138640672000,c0_002331.gray
2331,2,172138640635000,c2_002331.gray
2334,0,172138654993000,c0_002334.gray
2334,2,172138654968000,c2_002334.gray
2338,0,172138674000000,c0_002338.gray
2338,2,172138673965000,c2_002338.gray
2340,0,172138688343000,c0_002340.gray
2340,2,172138688305000,c2_002340.gray
2344,0,172138707330000,c0_002344.gray
2344,2,172138707297000,c2_002344.gray
2346,2,172138721636000,c2_002346.gray
2347,0,172138721668000,c0_002347.gray
2350,0,172138740671000,c0_002350.gray
2350,2,172138740636000,c2_002350.gray
2353,0,172138755006000,c0_002353.gray
2353,2,172138754969000,c2_002353.gray
2357,0,172138774002000,c0_002357.gray
2357,2,172138773967000,c2_002357.gray
2359,0,172138788386000,c0_002359.gray
2359,2,172138788352000,c2_002359.gray
2363,0,172138807337000,c0_002363.gray
2363,2,172138807301000,c2_002363.gray
2365,0,172138821673000,c0_002365.gray
2365,2,172138821638000,c2_002365.gray
2369,0,172138840673000,c0_002369.gray
2369,2,172138840636000,c2_002369.gray
2372,0,172138854997000,c0_002372.gray
2372,2,172138854969000,c2_002372.gray
2376,0,172138874008000,c0_002376.gray
2376,2,172138873971000,c2_002376.gray
2378,0,172138888346000,c0_002378.gray
2378,2,172138888309000,c2_002378.gray
2382,0,172138907336000,c0_002382.gray
2382,2,172138907300000,c2_002382.gray
2385,0,172138921665000,c0_002385.gray
2385,2,172138921637000,c2_002385.gray
2389,0,172138940665000,c0_002389.gray
2389,2,172138940631000,c2_002389.gray
2391,0,172138955014000,c0_002391.gray
2391,2,172138954975000,c2_002391.gray
2395,0,172138973991000,c0_002395.gray
2395,2,172138973965000,c2_002395.gray
2398,0,172138988344000,c0_002398.gray
2398,2,172138988308000,c2_002398.gray
2402,0,172139007341000,c0_002402.gray
2402,2,172139007304000,c2_002402.gray
2404,0,172139021679000,c0_002404.gray
2404,2,172139021641000,c2_002404.gray
2408,0,172139040661000,c0_002408.gray
2408,2,172139040634000,c2_002408.gray
2410,2,172139054975000,c2_002410.gray
2411,0,172139055012000,c0_002411.gray
2415,0,172139074006000,c0_002415.gray
2415,2,172139073970000,c2_002415.gray
2417,0,172139088342000,c0_002417.gray
2417,2,172139088305000,c2_002417.gray
2421,0,172139107337000,c0_002421.gray
2421,2,172139107302000,c2_002421.gray
2423,2,172139121637000,c2_002423.gray
2424,0,172139121664000,c0_002424.gray
2427,0,172139140676000,c0_002427.gray
2427,2,172139140638000,c2_002427.gray
2430,0,172139155014000,c0_002430.gray
2430,2,172139154974000,c2_002430.gray
2434,0,172139174006000,c0_002434.gray
2434,2,172139173980000,c2_002434.gray
2436,0,172139188347000,c0_002436.gray
2436,2,172139188309000,c2_002436.gray
2440,2,172139207302000,c2_002440.gray
2441,0,172139207338000,c0_002441.gray
2443,0,172139221679000,c0_002443.gray
2443,2,172139221642000,c2_002443.gray
2447,0,172139240659000,c0_002447.gray
2447,2,172139240633000,c2_002447.gray
2449,0,172139255013000,c0_002449.gray
2449,2,172139254975000,c2_002449.gray
2453,0,172139274006000,c0_002453.gray
2453,2,172139273970000,c2_002453.gray
2455,0,172139288377000,c0_002455.gray
2455,2,172139288332000,c2_002455.gray
2459,0,172139307342000,c0_002459.gray
2459,2,172139307305000,c2_002459.gray
2462,0,172139321678000,c0_002462.gray
2462,2,172139321641000,c2_002462.gray
2466,0,172139340676000,c0_002466.gray
2466,2,172139340639000,c2_002466.gray
2468,0,172139355001000,c0_002468.gray
2468,2,172139354973000,c2_002468.gray
2472,2,172139374035000,c2_002472.gray
2473,0,172139374071000,c0_002473.gray
2475,0,172139388350000,c0_002475.gray
2475,2,172139388311000,c2_002475.gray
2479,0,172139407327000,c0_002479.gray
2479,2,172139407300000,c2_002479.gray
2481,0,172139421681000,c0_002481.gray
2481,2,172139421643000,c2_002481.gray
2485,2,172139440670000,c2_002485.gray
2486,0,172139440705000,c0_002486.gray
2488,0,172139455015000,c0_002488.gray
2488,2,172139454978000,c2_002488.gray
2492,0,172139474009000,c0_002492.gray
2492,2,172139473973000,c2_002492.gray
2494,0,172139488349000,c0_002494.gray
2494,2,172139488312000,c2_002494.gray
2498,2,172139507304000,c2_002498.gray
2499,0,172139507338000,c0_002499.gray
2501,0,172139521680000,c0_002501.gray
2501,2,172139521645000,c2_002501.gray
2504,0,172139540673000,c0_002504.gray
2504,2,172139540637000,c2_002504.gray
2507,0,172139555020000,c0_002507.gray
2507,2,172139554986000,c2_002507.gray
2511,0,172139574004000,c0_002511.gray
2511,2,172139573969000,c2_002511.gray
2513,0,172139588344000,c0_002513.gray
2513,2,172139588309000,c2_002513.gray
2517,0,172139607336000,c0_002517.gray
2517,2,172139607301000,c2_002517.gray
2519,0,172139621674000,c0_002519.gray
2519,2,172139621639000,c2_002519.gray
2523,2,172139640636000,c2_002523.gray
2524,0,172139640668000,c0_002524.gray
2526,0,172139655009000,c0_002526.gray
2526,2,172139654974000,c2_002526.gray
2530,0,172139674006000,c0_002530.gray
2530,2,172139673972000,c2_002530.gray
2532,0,172139688342000,c0_002532.gray
2532,2,172139688307000,c2_002532.gray
2536,2,172139707301000,c2_002536.gray
2537,0,172139707333000,c0_002537.gray
2539,0,172139721673000,c0_002539.gray
2539,2,172139721639000,c2_002539.gray
2543,0,172139740670000,c0_002543.gray
2543,2,172139740637000,c2_002543.gray
2545,0,172139755010000,c0_002545.gray
2545,2,172139754975000,c2_002545.gray
2550,0,172139774000000,c0_002550.gray
2550,2,172139773968000,c2_002550.gray
2552,0,172139788343000,c0_002552.gray
2552,2,172139788309000,c2_002552.gray
2556,0,172139807338000,c0_002556.gray
2556,2,172139807305000,c2_002556.gray
2558,0,172139821674000,c0_002558.gray
2558,2,172139821645000,c2_002558.gray
2562,0,172139840758000,c0_002562.gray
2562,2,172139840720000,c2_002562.gray
2564,0,172139855002000,c0_002564.gray
2564,2,172139854976000,c2_002564.gray
2567,0,172139874012000,c0_002567.gray
2567,2,172139873975000,c2_002567.gray
2569,0,172139888349000,c0_002569.gray
2569,2,172139888312000,c2_002569.gray
2573,0,172139907343000,c0_002573.gray
2573,2,172139907307000,c2_002573.gray
2575,0,172139921684000,c0_002575.gray
2575,2,172139921648000,c2_002575.gray
2578,0,172139940663000,c0_002578.gray
2578,2,172139940640000,c2_002578.gray
2579,0,172139954999000,c0_002579.gray
2579,2,172139954975000,c2_002579.gray
2583,0,172139973977000,c0_002583.gray
2583,2,172139973964000,c2_002583.gray
2589,0,172139988310000,c0_002589.gray
2589,2,172139988299000,c2_002589.gray
2597,0,172140007308000,c0_002597.gray
2597,2,172140007293000,c2_002597.gray
2603,0,172140021644000,c0_002603.gray
2603,2,172140021631000,c2_002603.gray
2611,0,172140040642000,c0_002611.gray
2611,2,172140040628000,c2_002611.gray
2617,0,172140054979000,c0_002617.gray
2617,2,172140054965000,c2_002617.gray
2625,0,172140073977000,c0_002625.gray
2625,2,172140073963000,c2_002625.gray
2631,0,172140088314000,c0_002631.gray
2631,2,172140088298000,c2_002631.gray
2639,0,172140107308000,c0_002639.gray
2639,2,172140107294000,c2_002639.gray
2645,0,172140121651000,c0_002645.gray
2645,2,172140121636000,c2_002645.gray
2653,0,172140140675000,c0_002653.gray
2653,2,172140140652000,c2_002653.gray
2657,0,172140155002000,c0_002657.gray
2657,2,172140154975000,c2_002657.gray
2662,0,172140174003000,c0_002662.gray
2662,2,172140173974000,c2_002662.gray
2664,0,172140188357000,c0_002664.gray
2664,2,172140188321000,c2_002664.gray
2668,0,172140207331000,c0_002668.gray
2668,2,172140207304000,c2_002668.gray
2670,2,172140221631000,c2_002670.gray
2671,0,172140221644000,c0_002671.gray
2679,0,172140240640000,c0_002679.gray
2679,2,172140240631000,c2_002679.gray
2684,0,172140254975000,c0_002684.gray
2684,2,172140254965000,c2_002684.gray
2693,0,172140273968000,c0_002693.gray
2693,2,172140273958000,c2_002693.gray
2698,0,172140288314000,c0_002698.gray
2698,2,172140288304000,c2_002698.gray
2707,0,172140307302000,c0_002707.gray
2707,2,172140307294000,c2_002707.gray
2712,0,172140321640000,c0_002712.gray
2712,2,172140321630000,c2_002712.gray
2721,0,172140340646000,c0_002721.gray
2721,2,172140340634000,c2_002721.gray
2727,0,172140354982000,c0_002727.gray
2727,2,172140354971000,c2_002727.gray
2735,0,172140373972000,c0_002735.gray
2735,2,172140373963000,c2_002735.gray
2741,0,172140388309000,c0_002741.gray
2741,2,172140388299000,c2_002741.gray
2749,0,172140407311000,c0_002749.gray
2749,2,172140407301000,c2_002749.gray
2755,0,172140421641000,c0_002755.gray
2755,2,172140421631000,c2_002755.gray
2763,0,172140440636000,c0_002763.gray
2763,2,172140440627000,c2_002763.gray
2769,0,172140454973000,c0_002769.gray
2769,2,172140454963000,c2_002769.gray
2777,0,172140473975000,c0_002777.gray
2777,2,172140473966000,c2_002777.gray
2783,0,172140488315000,c0_002783.gray
2783,2,172140488302000,c2_002783.gray
2791,0,172140507314000,c0_002791.gray
2791,2,172140507299000,c2_002791.gray
2797,0,172140521652000,c0_002797.gray
2797,2,172140521636000,c2_002797.gray
2805,0,172140540646000,c0_002805.gray
2805,2,172140540631000,c2_002805.gray
2810,0,172140554984000,c0_002810.gray
2810,2,172140554968000,c2_002810.gray
2818,0,172140573992000,c0_002818.gray
2818,2,172140573969000,c2_002818.gray
2822,0,172140588353000,c0_002822.gray
2822,2,172140588317000,c2_002822.gray
2826,0,172140607346000,c0_002826.gray
2826,2,172140607312000,c2_002826.gray
2829,0,172140621684000,c0_002829.gray
2829,2,172140621649000,c2_002829.gray
2833,0,172140640681000,c0_002833.gray
2833,2,172140640655000,c2_002833.gray
2835,0,172140655098000,c0_002835.gray
2835,2,172140655062000,c2_002835.gray
2839,0,172140674020000,c0_002839.gray
2839,2,172140673983000,c2_002839.gray
2841,0,172140688342000,c0_002841.gray
2841,2,172140688316000,c2_002841.gray
2845,2,172140707316000,c2_002845.gray
2846,0,172140707353000,c0_002846.gray
2848,0,172140721678000,c0_002848.gray
2848,2,172140721650000,c2_002848.gray
2852,0,172140740697000,c0_002852.gray
2852,2,172140740645000,c2_002852.gray
2854,0,172140755025000,c0_002854.gray
2854,2,172140754987000,c2_002854.gray
2859,0,172140774003000,c0_002859.gray
2859,2,172140773976000,c2_002859.gray
2861,0,172140788364000,c0_002861.gray
2861,2,172140788324000,c2_002861.gray
2865,0,172140807782000,c0_002865.gray
2865,2,172140807755000,c2_002865.gray
2867,0,172140821656000,c0_002867.gray
2867,2,172140821639000,c2_002867.gray
2871,0,172140840655000,c0_002871.gray
2871,2,172140840638000,c2_002871.gray
2877,0,172140854986000,c0_002877.gray
2877,2,172140854970000,c2_002877.gray
2885,0,172140873995000,c0_002885.gray
2885,2,172140873971000,c2_002885.gray
2888,0,172140888377000,c0_002888.gray
2888,2,172140888339000,c2_002888.gray
2892,0,172140907354000,c0_002892.gray
2892,2,172140907316000,c2_002892.gray
2894,0,172140921693000,c0_002894.gray
2894,2,172140921656000,c2_002894.gray
2897,0,172140940684000,c0_002897.gray
2897,2,172140940648000,c2_002897.gray
2899,0,172140955025000,c0_002899.gray
2899,2,172140954988000,c2_002899.gray
2903,0,172140974015000,c0_002903.gray
2903,2,172140973980000,c2_002903.gray
2905,0,172140988365000,c0_002905.gray
2905,2,172140988328000,c2_002905.gray
2909,0,172141007352000,c0_002909.gray
2909,2,172141007316000,c2_002909.gray
2911,0,172141021694000,c0_002911.gray
2911,2,172141021655000,c2_002911.gray
2915,0,172141040691000,c0_002915.gray
2915,2,172141040651000,c2_002915.gray
2917,0,172141055027000,c0_002917.gray
2917,2,172141054988000,c2_002917.gray
2921,0,172141074036000,c0_002921.gray
2921,2,172141073999000,c2_002921.gray
2922,0,172141088348000,c0_002922.gray
2922,2,172141088320000,c2_002922.gray
2926,0,172141107345000,c0_002926.gray
2926,2,172141107311000,c2_002926.gray
2928,0,172141121693000,c0_002928.gray
2928,2,172141121654000,c2_002928.gray
2932,0,172141140683000,c0_002932.gray
2932,2,172141140648000,c2_002932.gray
2934,0,172141155029000,c0_002934.gray
2934,2,172141154989000,c2_002934.gray
2938,0,172141174018000,c0_002938.gray
2938,2,172141173982000,c2_002938.gray
2940,0,172141188361000,c0_002940.gray
2940,2,172141188323000,c2_002940.gray
2944,0,172141207349000,c0_002944.gray
2944,2,172141207313000,c2_002944.gray
2946,0,172141221683000,c0_002946.gray
2946,2,172141221651000,c2_002946.gray
2951,0,172141240681000,c0_002951.gray
2951,2,172141240647000,c2_002951.gray
2953,0,172141255020000,c0_002953.gray
2953,2,172141254985000,c2_002953.gray
2957,0,172141274023000,c0_002957.gray
2957,2,172141273981000,c2_002957.gray
2959,0,172141288353000,c0_002959.gray
2959,2,172141288320000,c2_002959.gray
2964,0,172141307345000,c0_002964.gray
2964,2,172141307313000,c2_002964.gray
2966,0,172141321686000,c0_002966.gray
2966,2,172141321652000,c2_002966.gray
2970,0,172141340683000,c0_002970.gray
2970,2,172141340648000,c2_002970.gray
2973,0,172141355017000,c0_002973.gray
2973,2,172141354984000,c2_002973.gray
2977,0,172141374017000,c0_002977.gray
2977,2,172141373982000,c2_002977.gray
2979,0,172141388360000,c0_002979.gray
2979,2,172141388323000,c2_002979.gray
2983,0,172141407349000,c0_002983.gray
2983,2,172141407316000,c2_002983.gray
2986,0,172141421687000,c0_002986.gray
2986,2,172141421653000,c2_002986.gray
2990,0,172141440682000,c0_002990.gray
2990,2,172141440649000,c2_002990.gray
2992,0,172141455021000,c0_002992.gray
2992,2,172141454986000,c2_002992.gray
2996,0,172141474015000,c0_002996.gray
2996,2,172141473982000,c2_002996.gray
2998,0,172141488344000,c0_002998.gray
2998,2,172141488318000,c2_002998.gray
3003,0,172141507349000,c0_003003.gray
3003,2,172141507315000,c2_003003.gray
3005,0,172141521699000,c0_003005.gray
3005,2,172141521660000,c2_003005.gray
3009,0,172141540675000,c0_003009.gray
3009,2,172141540650000,c2_003009.gray
3010,0,172141555030000,c0_003010.gray
3010,2,172141554990000,c2_003010.gray
3014,0,172141574076000,c0_003014.gray
3014,2,172141574041000,c2_003014.gray
3016,0,172141588366000,c0_003016.gray
3016,2,172141588327000,c2_003016.gray
3020,0,172141607358000,c0_003020.gray
3020,2,172141607320000,c2_003020.gray
3022,0,172141621695000,c0_003022.gray
3022,2,172141621658000,c2_003022.gray
3026,0,172141640679000,c0_003026.gray
3026,2,172141640652000,c2_003026.gray
3028,0,172141655019000,c0_003028.gray
3028,2,172141654986000,c2_003028.gray
3032,0,172141674019000,c0_003032.gray
3032,2,172141673986000,c2_003032.gray
3034,0,172141688354000,c0_003034.gray
3034,2,172141688320000,c2_003034.gray
3039,0,172141707352000,c0_003039.gray
3039,2,172141707316000,c2_003039.gray
3041,0,172141721696000,c0_003041.gray
3041,2,172141721658000,c2_003041.gray
3045,0,172141740677000,c0_003045.gray
3045,2,172141740651000,c2_003045.gray
3047,0,172141755010000,c0_003047.gray
3047,2,172141754985000,c2_003047.gray
3054,0,172141773984000,c0_003054.gray
3054,2,172141773972000,c2_003054.gray
3059,0,172141788328000,c0_003059.gray
3059,2,172141788311000,c2_003059.gray
3067,0,172141807319000,c0_003067.gray
3067,2,172141807305000,c2_003067.gray
3073,0,172141821656000,c0_003073.gray
3073,2,172141821642000,c2_003073.gray
3082,0,172141840659000,c0_003082.gray
3082,2,172141840641000,c2_003082.gray
3087,0,172141854991000,c0_003087.gray
3087,2,172141854976000,c2_003087.gray
3096,0,172141873989000,c0_003096.gray
3096,2,172141873974000,c2_003096.gray
3101,0,172141888326000,c0_003101.gray
3101,2,172141888311000,c2_003101.gray
3109,0,172141907318000,c0_003109.gray
3109,2,172141907306000,c2_003109.gray
3115,0,172141921699000,c0_003115.gray
3115,2,172141921682000,c2_003115.gray
3122,0,172141940686000,c0_003122.gray
3122,2,172141940657000,c2_003122.gray
3124,0,172141955030000,c0_003124.gray
3124,2,172141955003000,c2_003124.gray
3130,0,172141973989000,c0_003130.gray
3130,2,172141973979000,c2_003130.gray
3136,0,172141988316000,c0_003136.gray
3136,2,172141988307000,c2_003136.gray
3144,0,172142007318000,c0_003144.gray
3144,2,172142007307000,c2_003144.gray
3150,0,172142021651000,c0_003150.gray
3150,2,172142021642000,c2_003150.gray
3158,0,172142040653000,c0_003158.gray
3158,2,172142040644000,c2_003158.gray
3164,0,172142054983000,c0_003164.gray
3164,2,172142054973000,c2_003164.gray
3172,0,172142073984000,c0_003172.gray
3172,2,172142073974000,c2_003172.gray
3178,0,172142088327000,c0_003178.gray
3178,2,172142088317000,c2_003178.gray
3186,0,172142107317000,c0_003186.gray
3186,2,172142107306000,c2_003186.gray
3192,0,172142121651000,c0_003192.gray
3192,2,172142121642000,c2_003192.gray
3200,0,172142140650000,c0_003200.gray
3200,2,172142140639000,c2_003200.gray
3206,0,172142154989000,c0_003206.gray
3206,2,172142154979000,c2_003206.gray
3214,2,172142173976000,c2_003214.gray
3215,0,172142173985000,c0_003215.gray
3220,0,172142188320000,c0_003220.gray
3220,2,172142188311000,c2_003220.gray
3228,0,172142207318000,c0_003228.gray
3228,2,172142207308000,c2_003228.gray
3234,0,172142221652000,c0_003234.gray
3234,2,172142221641000,c2_003234.gray
3243,0,172142240652000,c0_003243.gray
3243,2,172142240642000,c2_003243.gray
3248,0,172142254996000,c0_003248.gray
3248,2,172142254986000,c2_003248.gray
3257,0,172142273990000,c0_003257.gray
3257,2,172142273981000,c2_003257.gray
3263,0,172142288329000,c0_003263.gray
3263,2,172142288314000,c2_003263.gray
3271,0,172142307325000,c0_003271.gray
3271,2,172142307311000,c2_003271.gray
3277,0,172142321656000,c0_003277.gray
3277,2,172142321646000,c2_003277.gray
3285,0,172142340651000,c0_003285.gray
3285,2,172142340638000,c2_003285.gray
3290,0,172142354993000,c0_003290.gray
3290,2,172142354978000,c2_003290.gray
3298,0,172142374007000,c0_003298.gray
3298,2,172142373982000,c2_003298.gray
3302,0,172142388364000,c0_003302.gray
3302,2,172142388327000,c2_003302.gray
3306,0,172142407353000,c0_003306.gray
3306,2,172142407321000,c2_003306.gray
3308,0,172142421692000,c0_003308.gray
3308,2,172142421658000,c2_003308.gray
3312,0,172142440694000,c0_003312.gray
3312,2,172142440658000,c2_003312.gray
3314,0,172142455037000,c0_003314.gray
3314,2,172142454998000,c2_003314.gray
3318,0,172142474024000,c0_003318.gray
3318,2,172142473990000,c2_003318.gray
3320,0,172142488370000,c0_003320.gray
3320,2,172142488331000,c2_003320.gray
3324,0,172142507361000,c0_003324.gray
3324,2,172142507325000,c2_003324.gray
3326,0,172142521700000,c0_003326.gray
3326,2,172142521663000,c2_003326.gray
3330,0,172142540726000,c0_003330.gray
3330,2,172142540689000,c2_003330.gray
3332,0,172142555045000,c0_003332.gray
3332,2,172142555008000,c2_003332.gray
3336,0,172142574027000,c0_003336.gray
3336,2,172142573991000,c2_003336.gray
3338,0,172142588372000,c0_003338.gray
3338,2,172142588333000,c2_003338.gray
3342,0,172142607364000,c0_003342.gray
3342,2,172142607329000,c2_003342.gray
3344,0,172142621702000,c0_003344.gray
3344,2,172142621664000,c2_003344.gray
3348,0,172142640695000,c0_003348.gray
3348,2,172142640658000,c2_003348.gray
3350,0,172142655037000,c0_003350.gray
3350,2,172142654998000,c2_003350.gray
3354,0,172142674028000,c0_003354.gray
3354,2,172142673991000,c2_003354.gray
3356,0,172142688370000,c0_003356.gray
3356,2,172142688333000,c2_003356.gray
3360,0,172142707364000,c0_003360.gray
3360,2,172142707327000,c2_003360.gray
3362,0,172142721703000,c0_003362.gray
3362,2,172142721664000,c2_003362.gray
3366,0,172142740698000,c0_003366.gray
3366,2,172142740661000,c2_003366.gray
3368,0,172142755036000,c0_003368.gray
3368,2,172142754998000,c2_003368.gray
3372,0,172142774029000,c0_003372.gray
3372,2,172142773993000,c2_003372.gray
3374,0,172142788372000,c0_003374.gray
3374,2,172142788333000,c2_003374.gray
3378,0,172142807364000,c0_003378.gray
3378,2,172142807328000,c2_003378.gray
3380,0,172142821708000,c0_003380.gray
3380,2,172142821668000,c2_003380.gray
3384,0,172142840699000,c0_003384.gray
3384,2,172142840661000,c2_003384.gray
3385,0,172142855021000,c0_003385.gray
3385,2,172142854994000,c2_003385.gray
3389,0,172142874046000,c0_003389.gray
3389,2,172142874015000,c2_003389.gray
3392,0,172142888378000,c0_003392.gray
3392,2,172142888333000,c2_003392.gray
3396,0,172142907367000,c0_003396.gray
3396,2,172142907332000,c2_003396.gray
3398,0,172142921705000,c0_003398.gray
3398,2,172142921667000,c2_003398.gray
3402,0,172142940699000,c0_003402.gray
3402,2,172142940662000,c2_003402.gray
3404,0,172142955043000,c0_003404.gray
3404,2,172142955003000,c2_003404.gray
3408,0,172142974033000,c0_003408.gray
3408,2,172142973996000,c2_003408.gray
3410,0,172142988386000,c0_003410.gray
3410,2,172142988338000,c2_003410.gray
3414,0,172143007367000,c0_003414.gray
3414,2,172143007330000,c2_003414.gray
3416,0,172143021708000,c0_003416.gray
3416,2,172143021669000,c2_003416.gray
3420,0,172143040702000,c0_003420.gray
3420,2,172143040665000,c2_003420.gray
3422,0,172143055097000,c0_003422.gray
3422,2,172143055060000,c2_003422.gray
3425,0,172143074029000,c0_003425.gray
3425,2,172143073998000,c2_003425.gray
3427,0,172143088377000,c0_003427.gray
3427,2,172143088366000,c2_003427.gray
3434,0,172143107332000,c0_003434.gray
3434,2,172143107317000,c2_003434.gray
3440,0,172143121664000,c0_003440.gray
3440,2,172143121651000,c2_003440.gray
3448,0,172143140663000,c0_003448.gray
3448,2,172143140649000,c2_003448.gray
3454,0,172143155003000,c0_003454.gray
3454,2,172143154986000,c2_003454.gray
3462,0,172143173997000,c0_003462.gray
3462,2,172143173982000,c2_003462.gray
3468,0,172143188333000,c0_003468.gray
3468,2,172143188319000,c2_003468.gray
3476,0,172143207323000,c0_003476.gray
3476,2,172143207313000,c2_003476.gray
3482,0,172143221667000,c0_003482.gray
3482,2,172143221653000,c2_003482.gray
3489,0,172143240663000,c0_003489.gray
3489,2,172143240648000,c2_003489.gray
3495,0,172143255000000,c0_003495.gray
3495,2,172143254985000,c2_003495.gray
3503,0,172143273994000,c0_003503.gray
3503,2,172143273982000,c2_003503.gray
3509,0,172143288337000,c0_003509.gray
3509,2,172143288322000,c2_003509.gray
3517,0,172143307333000,c0_003517.gray
3517,2,172143307317000,c2_003517.gray
3523,0,172143321683000,c0_003523.gray
3523,2,172143321660000,c2_003523.gray
3529,0,172143340679000,c0_003529.gray
3529,2,172143340658000,c2_003529.gray
3531,0,172143355046000,c0_003531.gray
3531,2,172143355018000,c2_003531.gray
3536,0,172143374023000,c0_003536.gray
3536,2,172143374000000,c2_003536.gray
3540,0,172143388332000,c0_003540.gray
3540,2,172143388319000,c2_003540.gray
3548,0,172143407322000,c0_003548.gray
3548,2,172143407313000,c2_003548.gray
3554,0,172143421669000,c0_003554.gray
3554,2,172143421658000,c2_003554.gray
3562,0,172143440658000,c0_003562.gray
3562,2,172143440649000,c2_003562.gray
3568,0,172143454995000,c0_003568.gray
3568,2,172143454985000,c2_003568.gray
3576,0,172143473996000,c0_003576.gray
3576,2,172143473986000,c2_003576.gray
3582,0,172143488336000,c0_003582.gray
3582,2,172143488323000,c2_003582.gray
3590,0,172143507323000,c0_003590.gray
3590,2,172143507314000,c2_003590.gray
3596,0,172143521666000,c0_003596.gray
3596,2,172143521656000,c2_003596.gray
3604,0,172143540664000,c0_003604.gray
3604,2,172143540655000,c2_003604.gray
3610,0,172143554997000,c0_003610.gray
3610,2,172143554987000,c2_003610.gray
3618,0,172143573996000,c0_003618.gray
3618,2,172143573986000,c2_003618.gray
3624,0,172143588330000,c0_003624.gray
3624,2,172143588317000,c2_003624.gray
3632,0,172143607328000,c0_003632.gray
3632,2,172143607318000,c2_003632.gray
3638,0,172143621670000,c0_003638.gray
3638,2,172143621660000,c2_003638.gray
3646,0,172143640659000,c0_003646.gray
3646,2,172143640650000,c2_003646.gray
3652,0,172143654991000,c0_003652.gray
3652,2,172143654983000,c2_003652.gray
3660,0,172143673993000,c0_003660.gray
3660,2,172143673984000,c2_003660.gray
3666,0,172143688333000,c0_003666.gray
3666,2,172143688323000,c2_003666.gray
3674,0,172143707334000,c0_003674.gray
3674,2,172143707324000,c2_003674.gray
3680,0,172143721670000,c0_003680.gray
3680,2,172143721660000,c2_003680.gray
3688,0,172143740662000,c0_003688.gray
3688,2,172143740652000,c2_003688.gray
3694,0,172143755001000,c0_003694.gray
3694,2,172143754991000,c2_003694.gray
3702,0,172143773998000,c0_003702.gray
3702,2,172143773984000,c2_003702.gray
3708,0,172143788337000,c0_003708.gray
3708,2,172143788323000,c2_003708.gray
3716,0,172143807327000,c0_003716.gray
3716,2,172143807317000,c2_003716.gray
3721,2,172143821659000,c2_003721.gray
3722,0,172143821669000,c0_003722.gray
3730,0,172143840662000,c0_003730.gray
3730,2,172143840652000,c2_003730.gray
3736,0,172143855005000,c0_003736.gray
3736,2,172143854994000,c2_003736.gray
3744,0,172143873997000,c0_003744.gray
3744,2,172143873987000,c2_003744.gray
3750,0,172143888327000,c0_003750.gray
3750,2,172143888318000,c2_003750.gray
3758,0,172143907334000,c0_003758.gray
3758,2,172143907319000,c2_003758.gray
3764,0,172143921673000,c0_003764.gray
3764,2,172143921657000,c2_003764.gray
3772,0,172143940668000,c0_003772.gray
3772,2,172143940653000,c2_003772.gray
3777,0,172143955004000,c0_003777.gray
3777,2,172143954989000,c2_003777.gray
3785,0,172143974012000,c0_003785.gray
3785,2,172143973990000,c2_003785.gray
3789,0,172143988369000,c0_003789.gray
3789,2,172143988334000,c2_003789.gray
3793,2,172144007334000,c2_003793.gray
3794,0,172144007369000,c0_003794.gray
3796,0,172144021699000,c0_003796.gray
3796,2,172144021667000,c2_003796.gray
3799,2,172144040686000,c2_003799.gray
3800,0,172144040711000,c0_003800.gray
3801,0,172144055047000,c0_003801.gray
3801,2,172144055008000,c2_003801.gray
3805,0,172144074038000,c0_003805.gray
3805,2,172144074001000,c2_003805.gray
3807,0,172144088378000,c0_003807.gray
3807,2,172144088339000,c2_003807.gray
3811,0,172144107378000,c0_003811.gray
3811,2,172144107339000,c2_003811.gray
3813,0,172144121772000,c0_003813.gray
3813,2,172144121731000,c2_003813.gray
3817,0,172144140714000,c0_003817.gray
3817,2,172144140673000,c2_003817.gray
3819,0,172144155049000,c0_003819.gray
3819,2,172144155011000,c2_003819.gray
3823,0,172144174027000,c0_003823.gray
3823,2,172144173999000,c2_003823.gray
3824,0,172144188383000,c0_003824.gray
3824,2,172144188344000,c2_003824.gray
3828,0,172144207367000,c0_003828.gray
3828,2,172144207335000,c2_003828.gray
3830,0,172144221699000,c0_003830.gray
3830,2,172144221670000,c2_003830.gray
3834,0,172144240704000,c0_003834.gray
3834,2,172144240668000,c2_003834.gray
3836,0,172144255046000,c0_003836.gray
3836,2,172144255007000,c2_003836.gray
3840,0,172144274039000,c0_003840.gray
3840,2,172144274002000,c2_003840.gray
3842,0,172144288380000,c0_003842.gray
3842,2,172144288341000,c2_003842.gray
3846,0,172144307373000,c0_003846.gray
3846,2,172144307336000,c2_003846.gray
3848,0,172144321712000,c0_003848.gray
3848,2,172144321674000,c2_003848.gray
3852,0,172144340737000,c0_003852.gray
3852,2,172144340700000,c2_003852.gray
3854,0,172144355048000,c0_003854.gray
3854,2,172144355009000,c2_003854.gray
3858,0,172144374041000,c0_003858.gray
3858,2,172144374004000,c2_003858.gray
3860,0,172144388383000,c0_003860.gray
3860,2,172144388345000,c2_003860.gray
3864,0,172144407375000,c0_003864.gray
3864,2,172144407338000,c2_003864.gray
3866,0,172144421717000,c0_003866.gray
3866,2,172144421679000,c2_003866.gray
3870,0,172144440708000,c0_003870.gray
3870,2,172144440671000,c2_003870.gray
3872,0,172144455100000,c0_003872.gray
3872,2,172144455059000,c2_003872.gray
3876,0,172144474043000,c0_003876.gray
3876,2,172144474005000,c2_003876.gray
3878,0,172144488382000,c0_003878.gray
3878,2,172144488345000,c2_003878.gray
3881,0,172144507378000,c0_003881.gray
3881,2,172144507340000,c2_003881.gray
3883,0,172144521712000,c0_003883.gray
3883,2,172144521676000,c2_003883.gray
3887,0,172144540707000,c0_003887.gray
3887,2,172144540670000,c2_003887.gray
3889,0,172144555050000,c0_003889.gray
3889,2,172144555012000,c2_003889.gray
3893,0,172144574044000,c0_003893.gray
3893,2,172144574007000,c2_003893.gray
3895,0,172144588383000,c0_003895.gray
3895,2,172144588344000,c2_003895.gray
3899,0,172144607381000,c0_003899.gray
3899,2,172144607342000,c2_003899.gray
3901,2,172144621697000,c2_003901.gray
3902,0,172144621732000,c0_003902.gray
3905,2,172144640673000,c2_003905.gray
3906,0,172144640709000,c0_003906.gray
3907,2,172144655012000,c2_003907.gray
3908,0,172144655047000,c0_003908.gray
3912,0,172144674036000,c0_003912.gray
3912,2,172144674002000,c2_003912.gray
3914,0,172144688374000,c0_003914.gray
3914,2,172144688341000,c2_003914.gray
3918,0,172144707406000,c0_003918.gray
3918,2,172144707372000,c2_003918.gray
3920,0,172144721706000,c0_003920.gray
3920,2,172144721673000,c2_003920.gray
3924,0,172144740771000,c0_003924.gray
3924,2,172144740744000,c2_003924.gray
3926,0,172144755051000,c0_003926.gray
3926,2,172144755008000,c2_003926.gray
3930,0,172144774033000,c0_003930.gray
3930,2,172144774001000,c2_003930.gray
3932,0,172144788376000,c0_003932.gray
3932,2,172144788342000,c2_003932.gray
3936,0,172144807373000,c0_003936.gray
3936,2,172144807339000,c2_003936.gray
3939,0,172144821707000,c0_003939.gray
3939,2,172144821673000,c2_003939.gray
3943,0,172144840712000,c0_003943.gray
3943,2,172144840678000,c2_003943.gray
3945,0,172144855043000,c0_003945.gray
3945,2,172144855007000,c2_003945.gray
3948,2,172144874005000,c2_003948.gray
3949,0,172144874039000,c0_003949.gray
3950,0,172144888377000,c0_003950.gray
3950,2,172144888342000,c2_003950.gray
3955,0,172144907370000,c0_003955.gray
3955,2,172144907336000,c2_003955.gray
3957,0,172144921711000,c0_003957.gray
3957,2,172144921675000,c2_003957.gray
3961,0,172144940718000,c0_003961.gray
3961,2,172144940681000,c2_003961.gray
3963,0,172144955050000,c0_003963.gray
3963,2,172144955013000,c2_003963.gray
3966,2,172144974001000,c2_003966.gray
3967,0,172144974029000,c0_003967.gray
3968,0,172144988384000,c0_003968.gray
3968,2,172144988346000,c2_003968.gray
3972,0,172145007375000,c0_003972.gray
3972,2,172145007340000,c2_003972.gray
3974,0,172145021717000,c0_003974.gray
3974,2,172145021680000,c2_003974.gray
3978,0,172145040713000,c0_003978.gray
3978,2,172145040676000,c2_003978.gray
3980,0,172145055047000,c0_003980.gray
3980,2,172145055011000,c2_003980.gray
3984,0,172145074051000,c0_003984.gray
3984,2,172145074011000,c2_003984.gray
3986,0,172145088371000,c0_003986.gray
3986,2,172145088344000,c2_003986.gray
3989,0,172145107378000,c0_003989.gray
3989,2,172145107341000,c2_003989.gray
3991,0,172145121720000,c0_003991.gray
3991,2,172145121682000,c2_003991.gray
3995,0,172145140711000,c0_003995.gray
3995,2,172145140675000,c2_003995.gray
3997,0,172145155054000,c0_003997.gray
3997,2,172145155015000,c2_003997.gray
4001,0,172145174047000,c0_004001.gray
4001,2,172145174009000,c2_004001.gray
4003,0,172145188390000,c0_004003.gray
4003,2,172145188350000,c2_004003.gray
4007,0,172145207384000,c0_004007.gray
4007,2,172145207345000,c2_004007.gray
4008,0,172145221722000,c0_004008.gray
4008,2,172145221683000,c2_004008.gray
4012,0,172145240712000,c0_004012.gray
4012,2,172145240676000,c2_004012.gray
4014,0,172145255090000,c0_004014.gray
4014,2,172145255053000,c2_004014.gray
4018,0,172145274042000,c0_004018.gray
4018,2,172145274007000,c2_004018.gray
4020,0,172145288384000,c0_004020.gray
4020,2,172145288347000,c2_004020.gray
4024,0,172145307380000,c0_004024.gray
4024,2,172145307343000,c2_004024.gray
4026,0,172145321719000,c0_004026.gray
4026,2,172145321681000,c2_004026.gray
4030,0,172145340716000,c0_004030.gray
4030,2,172145340677000,c2_004030.gray
4032,0,172145355052000,c0_004032.gray
4032,2,172145355015000,c2_004032.gray
4036,0,172145374055000,c0_004036.gray
4036,2,172145374016000,c2_004036.gray
4038,0,172145388373000,c0_004038.gray
4038,2,172145388346000,c2_004038.gray
4041,0,172145407382000,c0_004041.gray
4041,2,172145407344000,c2_004041.gray
4043,0,172145421720000,c0_004043.gray
4043,2,172145421683000,c2_004043.gray
4047,0,172145440718000,c0_004047.gray
4047,2,172145440680000,c2_004047.gray
4049,0,172145455055000,c0_004049.gray
4049,2,172145455016000,c2_004049.gray
4050,0,172145474038000,c0_004050.gray
4050,2,172145474010000,c2_004050.gray
4053,0,172145488344000,c0_004053.gray
4053,2,172145488333000,c2_004053.gray
4061,0,172145507342000,c0_004061.gray
4061,2,172145507331000,c2_004061.gray
4067,0,172145521721000,c0_004067.gray
4067,2,172145521709000,c2_004067.gray
4075,0,172145540678000,c0_004075.gray
4075,2,172145540662000,c2_004075.gray
4081,0,172145555039000,c0_004081.gray
4081,2,172145555029000,c2_004081.gray
4082,0,172145574007000,c0_004082.gray
4082,2,172145573997000,c2_004082.gray
4084,0,172145588346000,c0_004084.gray
4084,2,172145588333000,c2_004084.gray
4092,0,172145607337000,c0_004092.gray
4092,2,172145607327000,c2_004092.gray
4098,0,172145621677000,c0_004098.gray
4098,2,172145621666000,c2_004098.gray
4106,0,172145640678000,c0_004106.gray
4106,2,172145640663000,c2_004106.gray
4112,0,172145655029000,c0_004112.gray
4112,2,172145655015000,c2_004112.gray
4120,0,172145674008000,c0_004120.gray
4120,2,172145673997000,c2_004120.gray
4126,0,172145688348000,c0_004126.gray
4126,2,172145688336000,c2_004126.gray
4134,0,172145707342000,c0_004134.gray
4134,2,172145707331000,c2_004134.gray
4140,0,172145721680000,c0_004140.gray
4140,2,172145721670000,c2_004140.gray
4148,0,172145740677000,c0_004148.gray
4148,2,172145740667000,c2_004148.gray
4154,0,172145755014000,c0_004154.gray
4154,2,172145755001000,c2_004154.gray
4163,0,172145774015000,c0_004163.gray
4163,2,172145773999000,c2_004163.gray
4168,0,172145788349000,c0_004168.gray
4168,2,172145788334000,c2_004168.gray
4176,0,172145807345000,c0_004176.gray
4176,2,172145807332000,c2_004176.gray
4177,0,172145821671000,c0_004177.gray
4177,2,172145821663000,c2_004177.gray
4178,0,172145840677000,c0_004178.gray
4178,2,172145840667000,c2_004178.gray
4179,0,172145855015000,c0_004179.gray
4179,2,172145855006000,c2_004179.gray
4180,0,172145874003000,c0_004180.gray
4180,2,172145873994000,c2_004180.gray
4181,0,172145888340000,c0_004181.gray
4181,2,172145888331000,c2_004181.gray
4182,0,172145907346000,c0_004182.gray
4182,2,172145907337000,c2_004182.gray
4183,0,172145921675000,c0_004183.gray
4183,2,172145921665000,c2_004183.gray
4192,0,172145988349000,c0_004192.gray
4192,2,172145988339000,c2_004192.gray
4200,0,172146007345000,c0_004200.gray
4200,2,172146007335000,c2_004200.gray
4206,0,172146021685000,c0_004206.gray
4206,2,172146021675000,c2_004206.gray
4214,0,172146040676000,c0_004214.gray
4214,2,172146040667000,c2_004214.gray
4220,0,172146055016000,c0_004220.gray
4220,2,172146055005000,c2_004220.gray
4228,0,172146074015000,c0_004228.gray
4228,2,172146074000000,c2_004228.gray
4234,0,172146088353000,c0_004234.gray
4234,2,172146088342000,c2_004234.gray
4242,0,172146107346000,c0_004242.gray
4242,2,172146107337000,c2_004242.gray
4248,0,172146121696000,c0_004248.gray
4248,2,172146121681000,c2_004248.gray
4256,0,172146140676000,c0_004256.gray
4256,2,172146140667000,c2_004256.gray
4262,0,172146155014000,c0_004262.gray
4262,2,172146155004000,c2_004262.gray
4270,0,172146174012000,c0_004270.gray
4270,2,172146174000000,c2_004270.gray
4276,0,172146188352000,c0_004276.gray
4276,2,172146188337000,c2_004276.gray
4284,0,172146207349000,c0_004284.gray
4284,2,172146207334000,c2_004284.gray
4290,0,172146221710000,c0_004290.gray
4290,2,172146221695000,c2_004290.gray
4298,0,172146240679000,c0_004298.gray
4298,2,172146240666000,c2_004298.gray
4304,0,172146255019000,c0_004304.gray
4304,2,172146255004000,c2_004304.gray
4312,0,172146274019000,c0_004312.gray
4312,2,172146274004000,c2_004312.gray
4318,0,172146288353000,c0_004318.gray
4318,2,172146288337000,c2_004318.gray
4326,0,172146307347000,c0_004326.gray
4326,2,172146307333000,c2_004326.gray
4332,0,172146321687000,c0_004332.gray
4332,2,172146321672000,c2_004332.gray
4340,0,172146340707000,c0_004340.gray
4340,2,172146340676000,c2_004340.gray
4343,0,172146355046000,c0_004343.gray
4343,2,172146355015000,c2_004343.gray
4348,0,172146374055000,c0_004348.gray
4348,2,172146374019000,c2_004348.gray
4350,0,172146388419000,c0_004350.gray
4350,2,172146388382000,c2_004350.gray
4354,0,172146407386000,c0_004354.gray
4354,2,172146407351000,c2_004354.gray
4357,0,172146421724000,c0_004357.gray
4357,2,172146421689000,c2_004357.gray
4360,0,172146440719000,c0_004360.gray
4360,2,172146440696000,c2_004360.gray
4363,0,172146455059000,c0_004363.gray
4363,2,172146455023000,c2_004363.gray
4367,0,172146474068000,c0_004367.gray
4367,2,172146474033000,c2_004367.gray
4369,0,172146488390000,c0_004369.gray
4369,2,172146488353000,c2_004369.gray
4374,0,172146507379000,c0_004374.gray
4374,2,172146507346000,c2_004374.gray
4376,0,172146521717000,c0_004376.gray
4376,2,172146521684000,c2_004376.gray
4380,0,172146540721000,c0_004380.gray
4380,2,172146540681000,c2_004380.gray
4382,0,172146555049000,c0_004382.gray
4382,2,172146555016000,c2_004382.gray
4386,0,172146574049000,c0_004386.gray
4386,2,172146574015000,c2_004386.gray
4389,0,172146588387000,c0_004389.gray
4389,2,172146588352000,c2_004389.gray
4393,0,172146607380000,c0_004393.gray
4393,2,172146607349000,c2_004393.gray
4395,0,172146621717000,c0_004395.gray
4395,2,172146621684000,c2_004395.gray
4399,2,172146640681000,c2_004399.gray
4400,0,172146640714000,c0_004400.gray
4401,0,172146655053000,c0_004401.gray
4401,2,172146655017000,c2_004401.gray
4406,0,172146674050000,c0_004406.gray
4406,2,172146674016000,c2_004406.gray
4408,0,172146688387000,c0_004408.gray
4408,2,172146688353000,c2_004408.gray
4412,0,172146707381000,c0_004412.gray
4412,2,172146707347000,c2_004412.gray
4414,0,172146721719000,c0_004414.gray
4414,2,172146721685000,c2_004414.gray
4419,0,172146740715000,c0_004419.gray
4419,2,172146740681000,c2_004419.gray
4421,0,172146755055000,c0_004421.gray
4421,2,172146755020000,c2_004421.gray
4425,0,172146774046000,c0_004425.gray
4425,2,172146774013000,c2_004425.gray
4427,0,172146788422000,c0_004427.gray
4427,2,172146788387000,c2_004427.gray
4432,0,172146807377000,c0_004432.gray
4432,2,172146807346000,c2_004432.gray
4434,0,172146821718000,c0_004434.gray
4434,2,172146821685000,c2_004434.gray
4438,0,172146840719000,c0_004438.gray
4438,2,172146840683000,c2_004438.gray
4440,2,172146855020000,c2_004440.gray
4441,0,172146855053000,c0_004441.gray
4445,0,172146874048000,c0_004445.gray
4445,2,172146874014000,c2_004445.gray
4447,0,172146888388000,c0_004447.gray
4447,2,172146888354000,c2_004447.gray
4450,0,172146907395000,c0_004450.gray
4450,2,172146907356000,c2_004450.gray
4452,0,172146921732000,c0_004452.gray
4452,2,172146921692000,c2_004452.gray
4456,0,172146940728000,c0_004456.gray
4456,2,172146940691000,c2_004456.gray
4458,0,172146955064000,c0_004458.gray
4458,2,172146955026000,c2_004458.gray
4462,0,172146974061000,c0_004462.gray
4462,2,172146974023000,c2_004462.gray
4464,0,172146988391000,c0_004464.gray
4464,2,172146988359000,c2_004464.gray
4468,0,172147007375000,c0_004468.gray
4468,2,172147007349000,c2_004468.gray
4470,0,172147021719000,c0_004470.gray
4470,2,172147021690000,c2_004470.gray
4473,2,172147040684000,c2_004473.gray
4474,0,172147040711000,c0_004474.gray
4475,0,172147055066000,c0_004475.gray
4475,2,172147055026000,c2_004475.gray
4479,0,172147074056000,c0_004479.gray
4479,2,172147074020000,c2_004479.gray
4481,0,172147088395000,c0_004481.gray
4481,2,172147088359000,c2_004481.gray
4485,0,172147107391000,c0_004485.gray
4485,2,172147107355000,c2_004485.gray
4487,0,172147121731000,c0_004487.gray
4487,2,172147121692000,c2_004487.gray
4491,0,172147140725000,c0_004491.gray
4491,2,172147140688000,c2_004491.gray
4493,0,172147155066000,c0_004493.gray
4493,2,172147155028000,c2_004493.gray
4497,0,172147174060000,c0_004497.gray
4497,2,172147174022000,c2_004497.gray
4499,0,172147188406000,c0_004499.gray
4499,2,172147188364000,c2_004499.gray
4503,0,172147207394000,c0_004503.gray
4503,2,172147207357000,c2_004503.gray
4504,0,172147221714000,c0_004504.gray
4504,2,172147221688000,c2_004504.gray
4505,0,172147240686000,c0_004505.gray
4505,2,172147240675000,c2_004505.gray
4509,0,172147255023000,c0_004509.gray
4509,2,172147255012000,c2_004509.gray
4517,0,172147274020000,c0_004517.gray
4517,2,172147274009000,c2_004517.gray
4522,0,172147288362000,c0_004522.gray
4522,2,172147288347000,c2_004522.gray
4531,0,172147307355000,c0_004531.gray
4531,2,172147307341000,c2_004531.gray
4536,0,172147321696000,c0_004536.gray
4536,2,172147321680000,c2_004536.gray
4544,0,172147340689000,c0_004544.gray
4544,2,172147340675000,c2_004544.gray
4550,0,172147355024000,c0_004550.gray
4550,2,172147355013000,c2_004550.gray
4558,0,172147374016000,c0_004558.gray
4558,2,172147374007000,c2_004558.gray
4564,0,172147388353000,c0_004564.gray
4564,2,172147388342000,c2_004564.gray
4572,0,172147407357000,c0_004572.gray
4572,2,172147407342000,c2_004572.gray
4578,0,172147421693000,c0_004578.gray
4578,2,172147421678000,c2_004578.gray
4586,0,172147440690000,c0_004586.gray
4586,2,172147440676000,c2_004586.gray
4592,0,172147455063000,c0_004592.gray
4592,2,172147455053000,c2_004592.gray
4600,0,172147474020000,c0_004600.gray
4600,2,172147474008000,c2_004600.gray
4606,0,172147488371000,c0_004606.gray
4606,2,172147488351000,c2_004606.gray
4612,0,172147507358000,c0_004612.gray
4612,2,172147507346000,c2_004612.gray
4617,0,172147521688000,c0_004617.gray
4617,2,172147521678000,c2_004617.gray
4626,0,172147540682000,c0_004626.gray
4626,2,172147540673000,c2_004626.gray
4631,0,172147555018000,c0_004631.gray
4631,2,172147555009000,c2_004631.gray
4640,0,172147574019000,c0_004640.gray
4640,2,172147574010000,c2_004640.gray
4645,0,172147588361000,c0_004645.gray
4645,2,172147588350000,c2_004645.gray
4654,0,172147607358000,c0_004654.gray
4654,2,172147607343000,c2_004654.gray
4659,0,172147621719000,c0_004659.gray
4659,2,172147621709000,c2_004659.gray
4667,0,172147640694000,c0_004667.gray
4667,2,172147640678000,c2_004667.gray
4673,0,172147655029000,c0_004673.gray
4673,2,172147655014000,c2_004673.gray
4681,0,172147674036000,c0_004681.gray
4681,2,172147674014000,c2_004681.gray
4685,0,172147688391000,c0_004685.gray
4685,2,172147688359000,c2_004685.gray
4689,2,172147707353000,c2_004689.gray
4690,0,172147707386000,c0_004690.gray
4691,0,172147721730000,c0_004691.gray
4691,2,172147721695000,c2_004691.gray
4696,0,172147740730000,c0_004696.gray
4696,2,172147740693000,c2_004696.gray
4698,0,172147755057000,c0_004698.gray
4698,2,172147755025000,c2_004698.gray
4702,0,172147774052000,c0_004702.gray
4702,2,172147774020000,c2_004702.gray
4704,0,172147788395000,c0_004704.gray
4704,2,172147788361000,c2_004704.gray
4709,0,172147807389000,c0_004709.gray
4709,2,172147807355000,c2_004709.gray
4711,0,172147821725000,c0_004711.gray
4711,2,172147821692000,c2_004711.gray
4715,0,172147840727000,c0_004715.gray
4715,2,172147840692000,c2_004715.gray
4718,0,172147855060000,c0_004718.gray
4718,2,172147855027000,c2_004718.gray
4722,0,172147874056000,c0_004722.gray
4722,2,172147874023000,c2_004722.gray
4724,0,172147888394000,c0_004724.gray
4724,2,172147888359000,c2_004724.gray
4729,0,172147907390000,c0_004729.gray
4729,2,172147907355000,c2_004729.gray
4731,0,172147921731000,c0_004731.gray
4731,2,172147921696000,c2_004731.gray
4735,0,172147940716000,c0_004735.gray
4735,2,172147940691000,c2_004735.gray
4737,0,172147955063000,c0_004737.gray
4737,2,172147955028000,c2_004737.gray
4741,0,172147974065000,c0_004741.gray
4741,2,172147974027000,c2_004741.gray
4744,0,172147988404000,c0_004744.gray
4744,2,172147988365000,c2_004744.gray
4748,0,172148007399000,c0_004748.gray
4748,2,172148007362000,c2_004748.gray
4750,0,172148021771000,c0_004750.gray
4750,2,172148021734000,c2_004750.gray
4754,0,172148040736000,c0_004754.gray
4754,2,172148040710000,c2_004754.gray
4756,0,172148055073000,c0_004756.gray
4756,2,172148055034000,c2_004756.gray
4760,0,172148074068000,c0_004760.gray
4760,2,172148074030000,c2_004760.gray
4762,0,172148088404000,c0_004762.gray
4762,2,172148088365000,c2_004762.gray
4766,0,172148107439000,c0_004766.gray
4766,2,172148107403000,c2_004766.gray
4768,0,172148121739000,c0_004768.gray
4768,2,172148121701000,c2_004768.gray
4772,0,172148140734000,c0_004772.gray
4772,2,172148140695000,c2_004772.gray
4774,0,172148155071000,c0_004774.gray
4774,2,172148155033000,c2_004774.gray
4778,0,172148174064000,c0_004778.gray
4778,2,172148174027000,c2_004778.gray
4780,0,172148188405000,c0_004780.gray
4780,2,172148188366000,c2_004780.gray
4784,0,172148207402000,c0_004784.gray
4784,2,172148207365000,c2_004784.gray
4786,0,172148221739000,c0_004786.gray
4786,2,172148221701000,c2_004786.gray
4790,0,172148240735000,c0_004790.gray
4790,2,172148240697000,c2_004790.gray
4792,0,172148255070000,c0_004792.gray
4792,2,172148255033000,c2_004792.gray
4796,0,172148274069000,c0_004796.gray
4796,2,172148274031000,c2_004796.gray
4798,0,172148288408000,c0_004798.gray
4798,2,172148288368000,c2_004798.gray
4802,0,172148307397000,c0_004802.gray
4802,2,172148307362000,c2_004802.gray
4804,0,172148321742000,c0_004804.gray
4804,2,172148321703000,c2_004804.gray
4808,0,172148340733000,c0_004808.gray
4808,2,172148340697000,c2_004808.gray
4810,0,172148355073000,c0_004810.gray
4810,2,172148355035000,c2_004810.gray
4814,0,172148374072000,c0_004814.gray
4814,2,172148374032000,c2_004814.gray
4816,0,172148388413000,c0_004816.gray
4816,2,172148388385000,c2_004816.gray
4820,0,172148407399000,c0_004820.gray
4820,2,172148407363000,c2_004820.gray
4823,0,172148421792000,c0_004823.gray
4823,2,172148421756000,c2_004823.gray
4827,0,172148440761000,c0_004827.gray
4827,2,172148440729000,c2_004827.gray
4829,0,172148455074000,c0_004829.gray
4829,2,172148455036000,c2_004829.gray
4834,0,172148474069000,c0_004834.gray
4834,2,172148474034000,c2_004834.gray
4836,0,172148488415000,c0_004836.gray
4836,2,172148488369000,c2_004836.gray
4840,0,172148507386000,c0_004840.gray
4840,2,172148507360000,c2_004840.gray
4842,0,172148521740000,c0_004842.gray
4842,2,172148521702000,c2_004842.gray
4847,0,172148540730000,c0_004847.gray
4847,2,172148540705000,c2_004847.gray
4849,0,172148555070000,c0_004849.gray
4849,2,172148555035000,c2_004849.gray
4853,0,172148574073000,c0_004853.gray
4853,2,172148574038000,c2_004853.gray
4855,0,172148588436000,c0_004855.gray
4855,2,172148588399000,c2_004855.gray
4859,0,172148607404000,c0_004859.gray
4859,2,172148607370000,c2_004859.gray
4861,0,172148621764000,c0_004861.gray
4861,2,172148621729000,c2_004861.gray
4866,0,172148640735000,c0_004866.gray
4866,2,172148640701000,c2_004866.gray
4868,0,172148655106000,c0_004868.gray
4868,2,172148655071000,c2_004868.gray
4872,0,172148674064000,c0_004872.gray
4872,2,172148674028000,c2_004872.gray
4874,0,172148688438000,c0_004874.gray
4874,2,172148688401000,c2_004874.gray
4878,0,172148707417000,c0_004878.gray
4878,2,172148707372000,c2_004878.gray
4881,0,172148721773000,c0_004881.gray
4881,2,172148721735000,c2_004881.gray
4885,0,172148740719000,c0_004885.gray
4885,2,172148740695000,c2_004885.gray
4887,0,172148755075000,c0_004887.gray
4887,2,172148755037000,c2_004887.gray
4891,0,172148774067000,c0_004891.gray
4891,2,172148774031000,c2_004891.gray
4894,0,172148788441000,c0_004894.gray
4894,2,172148788405000,c2_004894.gray
4898,0,172148807413000,c0_004898.gray
4898,2,172148807376000,c2_004898.gray
4900,0,172148821770000,c0_004900.gray
4900,2,172148821734000,c2_004900.gray
4904,2,172148840697000,c2_004904.gray
4905,0,172148840732000,c0_004905.gray
4907,0,172148855102000,c0_004907.gray
4907,2,172148855065000,c2_004907.gray
4911,0,172148874071000,c0_004911.gray
4911,2,172148874035000,c2_004911.gray
4913,2,172148888389000,c2_004913.gray
4914,0,172148888423000,c0_004914.gray
4917,2,172148907367000,c2_004917.gray
4918,0,172148907404000,c0_004918.gray
4919,0,172148921752000,c0_004919.gray
4919,2,172148921716000,c2_004919.gray
4923,0,172148940733000,c0_004923.gray
4923,2,172148940700000,c2_004923.gray
4926,0,172148955072000,c0_004926.gray
4926,2,172148955036000,c2_004926.gray
4930,0,172148974055000,c0_004930.gray
4930,2,172148974029000,c2_004930.gray
4934,0,172148988366000,c0_004934.gray
4934,2,172148988355000,c2_004934.gray
4942,0,172149007372000,c0_004942.gray
4942,2,172149007356000,c2_004942.gray
4947,0,172149021706000,c0_004947.gray
4947,2,172149021690000,c2_004947.gray
4955,0,172149040701000,c0_004955.gray
4955,2,172149040687000,c2_004955.gray
4961,0,172149055041000,c0_004961.gray
4961,2,172149055025000,c2_004961.gray
4969,0,172149074035000,c0_004969.gray
4969,2,172149074020000,c2_004969.gray
4975,0,172149088371000,c0_004975.gray
4975,2,172149088355000,c2_004975.gray
4983,0,172149107369000,c0_004983.gray
4983,2,172149107354000,c2_004983.gray
4988,0,172149121701000,c0_004988.gray
4988,2,172149121689000,c2_004988.gray
4997,0,172149140705000,c0_004997.gray
4997,2,172149140689000,c2_004997.gray
5002,0,172149155043000,c0_005002.gray
5002,2,172149155025000,c2_005002.gray
5010,0,172149174035000,c0_005010.gray
5010,2,172149174020000,c2_005010.gray
5016,0,172149188381000,c0_005016.gray
5016,2,172149188360000,c2_005016.gray
5023,0,172149207400000,c0_005023.gray
5023,2,172149207373000,c2_005023.gray
5026,0,172149221737000,c0_005026.gray
5026,2,172149221707000,c2_005026.gray
5031,0,172149240731000,c0_005031.gray
5031,2,172149240701000,c2_005031.gray
5033,0,172149255258000,c0_005033.gray
5033,2,172149255226000,c2_005033.gray
5037,0,172149274392000,c0_005037.gray
5037,2,172149274366000,c2_005037.gray
5040,0,172149288401000,c0_005040.gray
5040,2,172149288370000,c2_005040.gray
5044,0,172149307429000,c0_005044.gray
5044,2,172149307403000,c2_005044.gray
5046,0,172149321701000,c0_005046.gray
5046,2,172149321690000,c2_005046.gray
5054,0,172149340699000,c0_005054.gray
5054,2,172149340686000,c2_005054.gray
5060,0,172149355039000,c0_005060.gray
5060,2,172149355024000,c2_005060.gray
5067,0,172149374050000,c0_005067.gray
5067,2,172149374027000,c2_005067.gray
5072,0,172149388403000,c0_005072.gray
5072,2,172149388368000,c2_005072.gray
5076,0,172149407758000,c0_005076.gray
5076,2,172149407724000,c2_005076.gray
5078,0,172149421739000,c0_005078.gray
5078,2,172149421708000,c2_005078.gray
5083,0,172149440731000,c0_005083.gray
5083,2,172149440702000,c2_005083.gray
5085,0,172149455399000,c0_005085.gray
5085,2,172149455372000,c2_005085.gray
5089,0,172149474068000,c0_005089.gray
5089,2,172149474034000,c2_005089.gray
5091,0,172149488402000,c0_005091.gray
5091,2,172149488369000,c2_005091.gray
5095,0,172149507409000,c0_005095.gray
5095,2,172149507378000,c2_005095.gray
5097,0,172149521734000,c0_005097.gray
5097,2,172149521702000,c2_005097.gray
5101,0,172149540732000,c0_005101.gray
5101,2,172149540700000,c2_005101.gray
5103,0,172149555069000,c0_005103.gray
5103,2,172149555037000,c2_005103.gray
5107,2,172149574031000,c2_005107.gray
5108,0,172149574064000,c0_005108.gray
5110,0,172149588404000,c0_005110.gray
5110,2,172149588369000,c2_005110.gray
5114,0,172149607440000,c0_005114.gray
5114,2,172149607408000,c2_005114.gray
5116,0,172149621739000,c0_005116.gray
5116,2,172149621704000,c2_005116.gray
5121,0,172149640731000,c0_005121.gray
5121,2,172149640699000,c2_005121.gray
5122,2,172149655036000,c2_005122.gray
5123,0,172149655077000,c0_005123.gray
5126,0,172149674071000,c0_005126.gray
5126,2,172149674037000,c2_005126.gray
5128,0,172149688408000,c0_005128.gray
5128,2,172149688372000,c2_005128.gray
5133,0,172149707400000,c0_005133.gray
5133,2,172149707367000,c2_005133.gray
5135,0,172149721748000,c0_005135.gray
5135,2,172149721712000,c2_005135.gray
5139,0,172149740746000,c0_005139.gray
5139,2,172149740703000,c2_005139.gray
5141,0,172149755077000,c0_005141.gray
5141,2,172149755042000,c2_005141.gray
5145,0,172149774073000,c0_005145.gray
5145,2,172149774037000,c2_005145.gray
5147,2,172149788375000,c2_005147.gray
5148,0,172149788415000,c0_005148.gray
5151,0,172149807400000,c0_005151.gray
5151,2,172149807367000,c2_005151.gray
5154,0,172149821783000,c0_005154.gray
5154,2,172149821751000,c2_005154.gray
5158,0,172149840736000,c0_005158.gray
5158,2,172149840703000,c2_005158.gray
5160,0,172149855072000,c0_005160.gray
5160,2,172149855039000,c2_005160.gray
5164,0,172149874069000,c0_005164.gray
5164,2,172149874035000,c2_005164.gray
5166,2,172149888373000,c2_005166.gray
5167,0,172149888406000,c0_005167.gray
5171,0,172149907405000,c0_005171.gray
5171,2,172149907368000,c2_005171.gray
5173,0,172149921744000,c0_005173.gray
5173,2,172149921709000,c2_005173.gray
5177,0,172149940787000,c0_005177.gray
5177,2,172149940751000,c2_005177.gray
5180,0,172149955084000,c0_005180.gray
5180,2,172149955049000,c2_005180.gray
5183,0,172149974072000,c0_005183.gray
5183,2,172149974038000,c2_005183.gray
5185,2,172149988374000,c2_005185.gray
5186,0,172149988411000,c0_005186.gray
5189,2,172150007371000,c2_005189.gray
5190,0,172150007408000,c0_005190.gray
5191,0,172150021757000,c0_005191.gray
5191,2,172150021717000,c2_005191.gray
5194,2,172150040701000,c2_005194.gray
5195,0,172150040728000,c0_005195.gray
5196,0,172150055080000,c0_005196.gray
5196,2,172150055044000,c2_005196.gray
5200,0,172150074077000,c0_005200.gray
5200,2,172150074039000,c2_005200.gray
5202,0,172150088422000,c0_005202.gray
5202,2,172150088382000,c2_005202.gray
5206,0,172150107414000,c0_005206.gray
5206,2,172150107375000,c2_005206.gray
5208,0,172150121739000,c0_005208.gray
5208,2,172150121709000,c2_005208.gray
5212,0,172150140731000,c0_005212.gray
5212,2,172150140704000,c2_005212.gray
5214,0,172150155071000,c0_005214.gray
5214,2,172150155043000,c2_005214.gray
5217,0,172150174142000,c0_005217.gray
5217,2,172150174103000,c2_005217.gray
5219,0,172150188418000,c0_005219.gray
5219,2,172150188379000,c2_005219.gray
5223,0,172150207411000,c0_005223.gray
5223,2,172150207374000,c2_005223.gray
5225,0,172150221742000,c0_005225.gray
5225,2,172150221712000,c2_005225.gray
5228,0,172150240746000,c0_005228.gray
5228,2,172150240710000,c2_005228.gray
5230,0,172150255086000,c0_005230.gray
5230,2,172150255047000,c2_005230.gray
5234,0,172150274080000,c0_005234.gray
5234,2,172150274042000,c2_005234.gray
5236,0,172150288422000,c0_005236.gray
5236,2,172150288381000,c2_005236.gray
5240,0,172150307415000,c0_005240.gray
5240,2,172150307378000,c2_005240.gray
5241,0,172150321748000,c0_005241.gray
5241,2,172150321722000,c2_005241.gray
5245,0,172150340748000,c0_005245.gray
5245,2,172150340709000,c2_005245.gray
5247,0,172150355135000,c0_005247.gray
5247,2,172150355098000,c2_005247.gray
5251,0,172150374077000,c0_005251.gray
5251,2,172150374042000,c2_005251.gray
5253,0,172150388418000,c0_005253.gray
5253,2,172150388382000,c2_005253.gray
5257,0,172150407408000,c0_005257.gray
5257,2,172150407375000,c2_005257.gray
5259,2,172150421709000,c2_005259.gray
5260,0,172150421737000,c0_005260.gray
5263,0,172150440753000,c0_005263.gray
5263,2,172150440718000,c2_005263.gray
5265,0,172150455087000,c0_005265.gray
5265,2,172150455048000,c2_005265.gray
5269,0,172150474082000,c0_005269.gray
5269,2,172150474045000,c2_005269.gray
5271,0,172150488423000,c0_005271.gray
5271,2,172150488384000,c2_005271.gray
5275,0,172150507416000,c0_005275.gray
5275,2,172150507378000,c2_005275.gray
5277,0,172150521740000,c0_005277.gray
5277,2,172150521712000,c2_005277.gray
5280,2,172150540719000,c2_005280.gray
5281,0,172150540743000,c0_005281.gray
5282,0,172150555088000,c0_005282.gray
5282,2,172150555049000,c2_005282.gray
5286,0,172150574081000,c0_005286.gray
5286,2,172150574045000,c2_005286.gray
5288,0,172150588423000,c0_005288.gray
5288,2,172150588383000,c2_005288.gray
5292,0,172150607414000,c0_005292.gray
5292,2,172150607378000,c2_005292.gray
5294,0,172150621797000,c0_005294.gray
5294,2,172150621761000,c2_005294.gray
5297,2,172150640738000,c2_005297.gray
5298,0,172150640765000,c0_005298.gray
5299,0,172150655160000,c0_005299.gray
5299,2,172150655123000,c2_005299.gray
5303,0,172150674086000,c0_005303.gray
5303,2,172150674049000,c2_005303.gray
5305,0,172150688423000,c0_005305.gray
5305,2,172150688384000,c2_005305.gray
5309,0,172150707455000,c0_005309.gray
5309,2,172150707419000,c2_005309.gray
5311,0,172150721741000,c0_005311.gray
5311,2,172150721714000,c2_005311.gray
5314,0,172150740753000,c0_005314.gray
5314,2,172150740716000,c2_005314.gray
5316,0,172150755090000,c0_005316.gray
5316,2,172150755051000,c2_005316.gray
5320,0,172150774081000,c0_005320.gray
5320,2,172150774045000,c2_005320.gray
5322,0,172150788421000,c0_005322.gray
5322,2,172150788384000,c2_005322.gray
5326,0,172150807401000,c0_005326.gray
5326,2,172150807375000,c2_005326.gray
5327,0,172150821719000,c0_005327.gray
5327,2,172150821702000,c2_005327.gray
5329,0,172150840719000,c0_005329.gray
5329,2,172150840701000,c2_005329.gray
5335,0,172150855047000,c0_005335.gray
5335,2,172150855032000,c2_005335.gray
5343,0,172150874062000,c0_005343.gray
5343,2,172150874037000,c2_005343.gray
5347,0,172150888410000,c0_005347.gray
5347,2,172150888378000,c2_005347.gray
5351,0,172150907415000,c0_005351.gray
5351,2,172150907380000,c2_005351.gray
5353,0,172150921742000,c0_005353.gray
5353,2,172150921715000,c2_005353.gray
5357,0,172150940738000,c0_005357.gray
5357,2,172150940706000,c2_005357.gray
5359,0,172150955091000,c0_005359.gray
5359,2,172150955052000,c2_005359.gray
5363,0,172150974085000,c0_005363.gray
5363,2,172150974048000,c2_005363.gray
5365,0,172150988413000,c0_005365.gray
5365,2,172150988378000,c2_005365.gray
5369,2,172151007373000,c2_005369.gray
5370,0,172151007406000,c0_005370.gray
5371,0,172151021753000,c0_005371.gray
5371,2,172151021716000,c2_005371.gray
5375,0,172151040743000,c0_005375.gray
5375,2,172151040709000,c2_005375.gray
5377,0,172151055081000,c0_005377.gray
5377,2,172151055047000,c2_005377.gray
5382,0,172151074083000,c0_005382.gray
5382,2,172151074047000,c2_005382.gray
5384,0,172151088417000,c0_005384.gray
5384,2,172151088382000,c2_005384.gray
5388,0,172151107416000,c0_005388.gray
5388,2,172151107382000,c2_005388.gray
5391,0,172151121753000,c0_005391.gray
5391,2,172151121717000,c2_005391.gray
5395,0,172151140753000,c0_005395.gray
5395,2,172151140714000,c2_005395.gray
5397,0,172151155071000,c0_005397.gray
5397,2,172151155045000,c2_005397.gray
5401,0,172151174082000,c0_005401.gray
5401,2,172151174047000,c2_005401.gray
5403,0,172151188426000,c0_005403.gray
5403,2,172151188387000,c2_005403.gray
5407,0,172151207422000,c0_005407.gray
5407,2,172151207384000,c2_005407.gray
5409,0,172151221762000,c0_005409.gray
5409,2,172151221722000,c2_005409.gray
5412,0,172151240764000,c0_005412.gray
5412,2,172151240730000,c2_005412.gray
5414,0,172151255091000,c0_005414.gray
5414,2,172151255052000,c2_005414.gray
5418,0,172151274083000,c0_005418.gray
5418,2,172151274046000,c2_005418.gray
5419,2,172151288383000,c2_005419.gray
5420,0,172151288413000,c0_005420.gray
5423,0,172151307421000,c0_005423.gray
5423,2,172151307382000,c2_005423.gray
5425,0,172151321764000,c0_005425.gray
5425,2,172151321723000,c2_005425.gray
5429,0,172151340722000,c0_005429.gray
5429,2,172151340705000,c2_005429.gray
5434,0,172151355055000,c0_005434.gray
5434,2,172151355039000,c2_005434.gray
5442,0,172151374050000,c0_005442.gray
5442,2,172151374037000,c2_005442.gray
5448,0,172151388384000,c0_005448.gray
5448,2,172151388370000,c2_005448.gray
5456,0,172151407459000,c0_005456.gray
5456,2,172151407448000,c2_005456.gray
5462,0,172151421718000,c0_005462.gray
5462,2,172151421703000,c2_005462.gray
5470,0,172151440716000,c0_005470.gray
5470,2,172151440701000,c2_005470.gray
5476,0,172151455056000,c0_005476.gray
5476,2,172151455039000,c2_005476.gray
5484,0,172151474049000,c0_005484.gray
5484,2,172151474035000,c2_005484.gray
5490,0,172151488386000,c0_005490.gray
5490,2,172151488371000,c2_005490.gray
5498,0,172151507384000,c0_005498.gray
5498,2,172151507369000,c2_005498.gray
5504,0,172151521804000,c0_005504.gray
5504,2,172151521779000,c2_005504.gray
5509,2,172151540716000,c2_005509.gray
5510,0,172151540747000,c0_005510.gray
5512,0,172151555091000,c0_005512.gray
5512,2,172151555054000,c2_005512.gray
5516,0,172151574185000,c0_005516.gray
5516,2,172151574159000,c2_005516.gray
5519,0,172151588563000,c0_005519.gray
5519,2,172151588538000,c2_005519.gray
5523,0,172151607666000,c0_005523.gray
5523,2,172151607639000,c2_005523.gray
5526,0,172151621752000,c0_005526.gray
5526,2,172151621720000,c2_005526.gray
5530,0,172151640749000,c0_005530.gray
5530,2,172151640727000,c2_005530.gray
5532,0,172151655068000,c0_005532.gray
5532,2,172151655045000,c2_005532.gray
5539,0,172151674061000,c0_005539.gray
5539,2,172151674048000,c2_005539.gray
5544,0,172151688411000,c0_005544.gray
5544,2,172151688389000,c2_005544.gray
5550,0,172151707420000,c0_005550.gray
5550,2,172151707383000,c2_005550.gray
5552,0,172151721756000,c0_005552.gray
5552,2,172151721720000,c2_005552.gray
5557,0,172151740752000,c0_005557.gray
5557,2,172151740716000,c2_005557.gray
5559,0,172151755090000,c0_005559.gray
5559,2,172151755054000,c2_005559.gray
5563,0,172151774124000,c0_005563.gray
5563,2,172151774089000,c2_005563.gray
5565,0,172151788426000,c0_005565.gray
5565,2,172151788389000,c2_005565.gray
5569,2,172151807377000,c2_005569.gray
5570,0,172151807401000,c0_005570.gray
5572,0,172151821756000,c0_005572.gray
5572,2,172151821720000,c2_005572.gray
5576,0,172151840739000,c0_005576.gray
5576,2,172151840713000,c2_005576.gray
5579,0,172151855091000,c0_005579.gray
5579,2,172151855054000,c2_005579.gray
5583,0,172151874091000,c0_005583.gray
5583,2,172151874057000,c2_005583.gray
5585,0,172151888427000,c0_005585.gray
5585,2,172151888390000,c2_005585.gray
5590,0,172151907435000,c0_005590.gray
5590,2,172151907401000,c2_005590.gray
5592,0,172151921760000,c0_005592.gray
5592,2,172151921724000,c2_005592.gray
5596,0,172151940750000,c0_005596.gray
5596,2,172151940725000,c2_005596.gray
5599,0,172151955093000,c0_005599.gray
5599,2,172151955056000,c2_005599.gray
5603,0,172151974092000,c0_005603.gray
5603,2,172151974054000,c2_005603.gray
5605,0,172151988433000,c0_005605.gray
5605,2,172151988394000,c2_005605.gray
5609,0,172152007423000,c0_005609.gray
5609,2,172152007385000,c2_005609.gray
5611,0,172152021762000,c0_005611.gray
5611,2,172152021724000,c2_005611.gray
5615,0,172152040756000,c0_005615.gray
5615,2,172152040720000,c2_005615.gray
5617,0,172152055095000,c0_005617.gray
5617,2,172152055059000,c2_005617.gray
5621,0,172152074086000,c0_005621.gray
5621,2,172152074051000,c2_005621.gray
5623,0,172152088431000,c0_005623.gray
5623,2,172152088393000,c2_005623.gray
5627,0,172152107424000,c0_005627.gray
5627,2,172152107386000,c2_005627.gray
5629,0,172152121763000,c0_005629.gray
5629,2,172152121725000,c2_005629.gray
5633,0,172152140755000,c0_005633.gray
5633,2,172152140719000,c2_005633.gray
5635,0,172152155096000,c0_005635.gray
5635,2,172152155057000,c2_005635.gray
5639,0,172152174088000,c0_005639.gray
5639,2,172152174053000,c2_005639.gray
5641,0,172152188428000,c0_005641.gray
5641,2,172152188391000,c2_005641.gray
5645,0,172152207420000,c0_005645.gray
5645,2,172152207385000,c2_005645.gray
5647,0,172152221765000,c0_005647.gray
5647,2,172152221727000,c2_005647.gray
5651,0,172152240755000,c0_005651.gray
5651,2,172152240720000,c2_005651.gray
5653,0,172152255107000,c0_005653.gray
5653,2,172152255059000,c2_005653.gray
5657,0,172152274092000,c0_005657.gray
5657,2,172152274055000,c2_005657.gray
5659,0,172152288456000,c0_005659.gray
5659,2,172152288419000,c2_005659.gray
5663,0,172152307418000,c0_005663.gray
5663,2,172152307384000,c2_005663.gray
5665,0,172152321768000,c0_005665.gray
5665,2,172152321728000,c2_005665.gray
5669,0,172152340757000,c0_005669.gray
5669,2,172152340721000,c2_005669.gray
5671,0,172152355094000,c0_005671.gray
5671,2,172152355059000,c2_005671.gray
5675,0,172152374088000,c0_005675.gray
5675,2,172152374054000,c2_005675.gray
5677,0,172152388432000,c0_005677.gray
5677,2,172152388393000,c2_005677.gray
5681,0,172152407422000,c0_005681.gray
5681,2,172152407387000,c2_005681.gray
5683,0,172152421765000,c0_005683.gray
5683,2,172152421727000,c2_005683.gray
5687,0,172152440828000,c0_005687.gray
5687,2,172152440801000,c2_005687.gray
5689,0,172152455100000,c0_005689.gray
5689,2,172152455060000,c2_005689.gray
5693,0,172152474089000,c0_005693.gray
5693,2,172152474054000,c2_005693.gray
5695,0,172152488430000,c0_005695.gray
5695,2,172152488394000,c2_005695.gray
5699,0,172152507425000,c0_005699.gray
5699,2,172152507390000,c2_005699.gray
5701,0,172152521765000,c0_005701.gray
5701,2,172152521728000,c2_005701.gray
5705,0,172152540758000,c0_005705.gray
5705,2,172152540721000,c2_005705.gray
5707,0,172152555097000,c0_005707.gray
5707,2,172152555060000,c2_005707.gray
5711,0,172152574093000,c0_005711.gray
5711,2,172152574056000,c2_005711.gray
5713,0,172152588432000,c0_005713.gray
5713,2,172152588393000,c2_005713.gray
5717,0,172152607426000,c0_005717.gray
5717,2,172152607390000,c2_005717.gray
5719,0,172152621766000,c0_005719.gray
5719,2,172152621728000,c2_005719.gray
5723,0,172152640756000,c0_005723.gray
5723,2,172152640722000,c2_005723.gray
5725,0,172152655097000,c0_005725.gray
5725,2,172152655061000,c2_005725.gray
5729,0,172152674094000,c0_005729.gray
5729,2,172152674057000,c2_005729.gray
5731,0,172152688463000,c0_005731.gray
5731,2,172152688424000,c2_005731.gray
5736,0,172152707411000,c0_005736.gray
5736,2,172152707384000,c2_005736.gray
5738,0,172152721769000,c0_005738.gray
5738,2,172152721730000,c2_005738.gray
5742,0,172152740742000,c0_005742.gray
5742,2,172152740717000,c2_005742.gray
5745,0,172152755100000,c0_005745.gray
5745,2,172152755062000,c2_005745.gray
5749,0,172152774080000,c0_005749.gray
5749,2,172152774054000,c2_005749.gray
5751,0,172152788433000,c0_005751.gray
5751,2,172152788395000,c2_005751.gray
5756,0,172152807426000,c0_005756.gray
5756,2,172152807390000,c2_005756.gray
5758,0,172152821770000,c0_005758.gray
5758,2,172152821731000,c2_005758.gray
5762,0,172152840762000,c0_005762.gray
5762,2,172152840726000,c2_005762.gray
5765,0,172152855101000,c0_005765.gray
5765,2,172152855064000,c2_005765.gray
5769,0,172152874096000,c0_005769.gray
5769,2,172152874059000,c2_005769.gray
5771,0,172152888437000,c0_005771.gray
5771,2,172152888399000,c2_005771.gray
5776,0,172152907426000,c0_005776.gray
5776,2,172152907391000,c2_005776.gray
5778,0,172152921768000,c0_005778.gray
5778,2,172152921730000,c2_005778.gray
5782,0,172152940762000,c0_005782.gray
5782,2,172152940726000,c2_005782.gray
5784,2,172152955074000,c2_005784.gray
5785,0,172152955112000,c0_005785.gray
5788,0,172152974096000,c0_005788.gray
5788,2,172152974060000,c2_005788.gray
5790,0,172152988420000,c0_005790.gray
5790,2,172152988392000,c2_005790.gray
5794,0,172153007393000,c0_005794.gray
5794,2,172153007380000,c2_005794.gray
5800,0,172153021731000,c0_005800.gray
5800,2,172153021715000,c2_005800.gray
5808,0,172153040724000,c0_005808.gray
5808,2,172153040710000,c2_005808.gray
5814,0,172153055060000,c0_005814.gray
5814,2,172153055047000,c2_005814.gray
5822,0,172153074059000,c0_005822.gray
5822,2,172153074045000,c2_005822.gray
5828,0,172153088396000,c0_005828.gray
5828,2,172153088380000,c2_005828.gray
5836,0,172153107394000,c0_005836.gray
5836,2,172153107380000,c2_005836.gray
5842,0,172153121730000,c0_005842.gray
5842,2,172153121715000,c2_005842.gray
5850,0,172153140726000,c0_005850.gray
5850,2,172153140711000,c2_005850.gray
5856,0,172153155065000,c0_005856.gray
5856,2,172153155048000,c2_005856.gray
5864,0,172153174061000,c0_005864.gray
5864,2,172153174046000,c2_005864.gray
5869,0,172153188421000,c0_005869.gray
5869,2,172153188391000,c2_005869.gray
5870,0,172153207421000,c0_005870.gray
5870,2,172153207391000,c2_005870.gray
5871,0,172153221759000,c0_005871.gray
5871,2,172153221727000,c2_005871.gray
5875,2,172153240723000,c2_005875.gray
5876,0,172153240748000,c0_005876.gray
5877,0,172153255099000,c0_005877.gray
5877,2,172153255062000,c2_005877.gray
5881,0,172153274097000,c0_005881.gray
5881,2,172153274061000,c2_005881.gray
5883,2,172153288393000,c2_005883.gray
5884,0,172153288421000,c0_005884.gray
5888,0,172153307430000,c0_005888.gray
5888,2,172153307394000,c2_005888.gray
5890,0,172153321767000,c0_005890.gray
5890,2,172153321731000,c2_005890.gray
5894,0,172153340764000,c0_005894.gray
5894,2,172153340729000,c2_005894.gray
5896,0,172153355098000,c0_005896.gray
5896,2,172153355063000,c2_005896.gray
5900,0,172153374092000,c0_005900.gray
5900,2,172153374058000,c2_005900.gray
5902,2,172153388395000,c2_005902.gray
5903,0,172153388429000,c0_005903.gray
5906,0,172153407427000,c0_005906.gray
5906,2,172153407392000,c2_005906.gray
5909,0,172153421762000,c0_005909.gray
5909,2,172153421728000,c2_005909.gray
5913,0,172153440764000,c0_005913.gray
5913,2,172153440730000,c2_005913.gray
5915,0,172153455097000,c0_005915.gray
5915,2,172153455063000,c2_005915.gray
5919,0,172153474095000,c0_005919.gray
5919,2,172153474060000,c2_005919.gray
5921,0,172153488428000,c0_005921.gray
5921,2,172153488394000,c2_005921.gray
5925,0,172153507428000,c0_005925.gray
5925,2,172153507393000,c2_005925.gray
5928,0,172153521763000,c0_005928.gray
5928,2,172153521729000,c2_005928.gray
5932,0,172153540767000,c0_005932.gray
5932,2,172153540734000,c2_005932.gray
5934,0,172153555094000,c0_005934.gray
5934,2,172153555061000,c2_005934.gray
5939,0,172153574091000,c0_005939.gray
5939,2,172153574057000,c2_005939.gray
5941,0,172153588430000,c0_005941.gray
5941,2,172153588396000,c2_005941.gray
5945,0,172153607425000,c0_005945.gray
5945,2,172153607392000,c2_005945.gray
5947,0,172153621763000,c0_005947.gray
5947,2,172153621729000,c2_005947.gray
5952,0,172153640761000,c0_005952.gray
5952,2,172153640727000,c2_005952.gray
5953,2,172153655066000,c2_005953.gray
5954,0,172153655100000,c0_005954.gray
5957,0,172153674096000,c0_005957.gray
5957,2,172153674063000,c2_005957.gray
5959,0,172153688432000,c0_005959.gray
5959,2,172153688398000,c2_005959.gray
5963,2,172153707390000,c2_005963.gray
5964,0,172153707422000,c0_005964.gray
5966,0,172153721770000,c0_005966.gray
5966,2,172153721729000,c2_005966.gray
5970,0,172153740762000,c0_005970.gray
5970,2,172153740729000,c2_005970.gray
5972,0,172153755100000,c0_005972.gray
5972,2,172153755063000,c2_005972.gray
5976,0,172153774101000,c0_005976.gray
5976,2,172153774064000,c2_005976.gray
5978,0,172153788435000,c0_005978.gray
5978,2,172153788399000,c2_005978.gray
5982,0,172153807429000,c0_005982.gray
5982,2,172153807396000,c2_005982.gray
5984,0,172153821769000,c0_005984.gray
5984,2,172153821734000,c2_005984.gray
5988,0,172153840766000,c0_005988.gray
5988,2,172153840733000,c2_005988.gray
5991,0,172153855105000,c0_005991.gray
5991,2,172153855068000,c2_005991.gray
5995,0,172153874096000,c0_005995.gray
5995,2,172153874063000,c2_005995.gray
5997,0,172153888438000,c0_005997.gray
5997,2,172153888401000,c2_005997.gray
6001,0,172153907431000,c0_006001.gray
6001,2,172153907396000,c2_006001.gray
6003,0,172153921771000,c0_006003.gray
6003,2,172153921736000,c2_006003.gray
6007,0,172153940777000,c0_006007.gray
6007,2,172153940734000,c2_006007.gray
6009,2,172153955068000,c2_006009.gray
6010,0,172153955101000,c0_006010.gray
6014,0,172153974100000,c0_006014.gray
6014,2,172153974065000,c2_006014.gray
6016,0,172153988436000,c0_006016.gray
6016,2,172153988400000,c2_006016.gray
6019,0,172154007435000,c0_006019.gray
6019,2,172154007399000,c2_006019.gray
6021,0,172154021773000,c0_006021.gray
6021,2,172154021737000,c2_006021.gray
6025,0,172154040801000,c0_006025.gray
6025,2,172154040775000,c2_006025.gray
6027,0,172154055110000,c0_006027.gray
6027,2,172154055071000,c2_006027.gray
6031,0,172154074098000,c0_006031.gray
6031,2,172154074063000,c2_006031.gray
6033,0,172154088442000,c0_006033.gray
6033,2,172154088405000,c2_006033.gray
6037,0,172154107435000,c0_006037.gray
6037,2,172154107399000,c2_006037.gray
6039,0,172154121776000,c0_006039.gray
6039,2,172154121737000,c2_006039.gray
6043,0,172154140767000,c0_006043.gray
6043,2,172154140731000,c2_006043.gray
6045,0,172154155116000,c0_006045.gray
6045,2,172154155075000,c2_006045.gray
6049,0,172154174093000,c0_006049.gray
6049,2,172154174065000,c2_006049.gray
6050,2,172154188402000,c2_006050.gray
6051,0,172154188430000,c0_006051.gray
6054,0,172154207450000,c0_006054.gray
6054,2,172154207402000,c2_006054.gray
6056,0,172154221784000,c0_006056.gray
6056,2,172154221743000,c2_006056.gray
6060,0,172154240771000,c0_006060.gray
6060,2,172154240734000,c2_006060.gray
6061,0,172154255152000,c0_006061.gray
6061,2,172154255114000,c2_006061.gray
6065,0,172154274105000,c0_006065.gray
6065,2,172154274068000,c2_006065.gray
6067,0,172154288445000,c0_006067.gray
6067,2,172154288406000,c2_006067.gray
6071,0,172154307438000,c0_006071.gray
6071,2,172154307399000,c2_006071.gray
6073,0,172154321849000,c0_006073.gray
6073,2,172154321810000,c2_006073.gray
6077,0,172154340774000,c0_006077.gray
6077,2,172154340737000,c2_006077.gray
6078,2,172154355068000,c2_006078.gray
6079,0,172154355094000,c0_006079.gray
6082,0,172154374108000,c0_006082.gray
6082,2,172154374070000,c2_006082.gray
6084,0,172154388445000,c0_006084.gray
6084,2,172154388406000,c2_006084.gray
6088,0,172154407489000,c0_006088.gray
6088,2,172154407453000,c2_006088.gray
6090,0,172154421780000,c0_006090.gray
6090,2,172154421742000,c2_006090.gray
6094,0,172154440769000,c0_006094.gray
6094,2,172154440734000,c2_006094.gray
6096,0,172154455116000,c0_006096.gray
6096,2,172154455075000,c2_006096.gray
6100,0,172154474108000,c0_006100.gray
6100,2,172154474069000,c2_006100.gray
6102,0,172154488447000,c0_006102.gray
6102,2,172154488409000,c2_006102.gray
6106,0,172154507441000,c0_006106.gray
6106,2,172154507403000,c2_006106.gray
6108,0,172154521781000,c0_006108.gray
6108,2,172154521742000,c2_006108.gray
6112,0,172154540776000,c0_006112.gray
6112,2,172154540738000,c2_006112.gray
6113,0,172154555115000,c0_006113.gray
6113,2,172154555076000,c2_006113.gray
6117,0,172154574106000,c0_006117.gray
6117,2,172154574068000,c2_006117.gray
6119,0,172154588444000,c0_006119.gray
6119,2,172154588407000,c2_006119.gray
6123,0,172154607444000,c0_006123.gray
6123,2,172154607405000,c2_006123.gray
6125,0,172154621744000,c0_006125.gray
6125,2,172154621728000,c2_006125.gray
6133,0,172154640742000,c0_006133.gray
6133,2,172154640723000,c2_006133.gray
6139,0,172154655075000,c0_006139.gray
6139,2,172154655059000,c2_006139.gray
6147,0,172154674068000,c0_006147.gray
6147,2,172154674053000,c2_006147.gray
6153,0,172154688407000,c0_006153.gray
6153,2,172154688393000,c2_006153.gray
6161,0,172154707401000,c0_006161.gray
6161,2,172154707388000,c2_006161.gray
6167,0,172154721741000,c0_006167.gray
6167,2,172154721725000,c2_006167.gray
6175,0,172154740736000,c0_006175.gray
6175,2,172154740722000,c2_006175.gray
6181,0,172154755077000,c0_006181.gray
6181,2,172154755061000,c2_006181.gray
6189,0,172154774070000,c0_006189.gray
6189,2,172154774055000,c2_006189.gray
6195,0,172154788410000,c0_006195.gray
6195,2,172154788394000,c2_006195.gray
6203,0,172154807406000,c0_006203.gray
6203,2,172154807390000,c2_006203.gray
6208,0,172154821742000,c0_006208.gray
6208,2,172154821727000,c2_006208.gray
6216,0,172154840737000,c0_006216.gray
6216,2,172154840722000,c2_006216.gray
6222,0,172154855074000,c0_006222.gray
6222,2,172154855059000,c2_006222.gray
6230,0,172154874084000,c0_006230.gray
6230,2,172154874061000,c2_006230.gray
6234,0,172154888443000,c0_006234.gray
6234,2,172154888406000,c2_006234.gray
6238,0,172154907460000,c0_006238.gray
6238,2,172154907425000,c2_006238.gray
6240,0,172154921773000,c0_006240.gray
6240,2,172154921740000,c2_006240.gray
6244,0,172154940739000,c0_006244.gray
6244,2,172154940724000,c2_006244.gray
6249,0,172154955077000,c0_006249.gray
6249,2,172154955061000,c2_006249.gray
6257,0,172154974085000,c0_006257.gray
6257,2,172154974062000,c2_006257.gray
6261,0,172154988443000,c0_006261.gray
6261,2,172154988409000,c2_006261.gray
6265,0,172155007444000,c0_006265.gray
6265,2,172155007407000,c2_006265.gray
6268,0,172155021804000,c0_006268.gray
6268,2,172155021772000,c2_006268.gray
6272,0,172155040785000,c0_006272.gray
6272,2,172155040749000,c2_006272.gray
6274,0,172155055114000,c0_006274.gray
6274,2,172155055077000,c2_006274.gray
6278,0,172155074110000,c0_006278.gray
6278,2,172155074074000,c2_006278.gray
6280,0,172155088449000,c0_006280.gray
6280,2,172155088411000,c2_006280.gray
6284,0,172155107444000,c0_006284.gray
6284,2,172155107407000,c2_006284.gray
6286,0,172155121770000,c0_006286.gray
6286,2,172155121741000,c2_006286.gray
6290,0,172155140789000,c0_006290.gray
6290,2,172155140754000,c2_006290.gray
6292,0,172155155185000,c0_006292.gray
6292,2,172155155147000,c2_006292.gray
6296,0,172155174107000,c0_006296.gray
6296,2,172155174072000,c2_006296.gray
6298,0,172155188451000,c0_006298.gray
6298,2,172155188412000,c2_006298.gray
6302,0,172155207439000,c0_006302.gray
6302,2,172155207404000,c2_006302.gray
6304,2,172155221742000,c2_006304.gray
6305,0,172155221776000,c0_006305.gray
6309,0,172155240771000,c0_006309.gray
6309,2,172155240738000,c2_006309.gray
6311,0,172155255111000,c0_006311.gray
6311,2,172155255076000,c2_006311.gray
6315,0,172155274110000,c0_006315.gray
6315,2,172155274075000,c2_006315.gray
6318,0,172155288440000,c0_006318.gray
6318,2,172155288407000,c2_006318.gray
6322,0,172155307437000,c0_006322.gray
6322,2,172155307403000,c2_006322.gray
6324,0,172155321776000,c0_006324.gray
6324,2,172155321742000,c2_006324.gray
6329,0,172155340767000,c0_006329.gray
6329,2,172155340734000,c2_006329.gray
6331,0,172155355110000,c0_006331.gray
6331,2,172155355075000,c2_006331.gray
6335,0,172155374103000,c0_006335.gray
6335,2,172155374070000,c2_006335.gray
6338,0,172155388442000,c0_006338.gray
6338,2,172155388409000,c2_006338.gray
6342,0,172155407435000,c0_006342.gray
6342,2,172155407402000,c2_006342.gray
6344,0,172155421777000,c0_006344.gray
6344,2,172155421744000,c2_006344.gray
6349,0,172155440766000,c0_006349.gray
6349,2,172155440735000,c2_006349.gray
6351,0,172155455110000,c0_006351.gray
6351,2,172155455075000,c2_006351.gray
6355,2,172155474070000,c2_006355.gray
6356,0,172155474104000,c0_006356.gray
6358,0,172155488443000,c0_006358.gray
6358,2,172155488410000,c2_006358.gray
6362,0,172155507437000,c0_006362.gray
6362,2,172155507404000,c2_006362.gray
6364,2,172155521742000,c2_006364.gray
6365,0,172155521776000,c0_006365.gray
6369,0,172155540771000,c0_006369.gray
6369,2,172155540738000,c2_006369.gray
6371,0,172155555109000,c0_006371.gray
6371,2,172155555076000,c2_006371.gray
6376,0,172155574104000,c0_006376.gray
6376,2,172155574071000,c2_006376.gray
6378,0,172155588447000,c0_006378.gray
6378,2,172155588411000,c2_006378.gray
6382,0,172155607436000,c0_006382.gray
6382,2,172155607403000,c2_006382.gray
6385,0,172155621776000,c0_006385.gray
6385,2,172155621742000,c2_006385.gray
6389,0,172155640772000,c0_006389.gray
6389,2,172155640739000,c2_006389.gray
6391,0,172155655112000,c0_006391.gray
6391,2,172155655077000,c2_006391.gray
6396,0,172155674105000,c0_006396.gray
6396,2,172155674072000,c2_006396.gray
6398,0,172155688443000,c0_006398.gray
6398,2,172155688410000,c2_006398.gray
6402,0,172155707442000,c0_006402.gray
6402,2,172155707407000,c2_006402.gray
6405,0,172155721789000,c0_006405.gray
6405,2,172155721744000,c2_006405.gray
6409,0,172155740774000,c0_006409.gray
6409,2,172155740741000,c2_006409.gray
6411,0,172155755111000,c0_006411.gray
6411,2,172155755077000,c2_006411.gray
6416,0,172155774107000,c0_006416.gray
6416,2,172155774072000,c2_006416.gray
6418,0,172155788442000,c0_006418.gray
6418,2,172155788409000,c2_006418.gray
6422,0,172155807435000,c0_006422.gray
6422,2,172155807408000,c2_006422.gray
6423,0,172155821743000,c0_006423.gray
6423,2,172155821731000,c2_006423.gray
6425,0,172155840750000,c0_006425.gray
6425,2,172155840732000,c2_006425.gray
6431,0,172155855078000,c0_006431.gray
6431,2,172155855063000,c2_006431.gray
6438,0,172155874099000,c0_006438.gray
6438,2,172155874070000,c2_006438.gray
6442,0,172155888454000,c0_006442.gray
6442,2,172155888416000,c2_006442.gray
6446,0,172155907439000,c0_006446.gray
6446,2,172155907413000,c2_006446.gray
6448,0,172155921785000,c0_006448.gray
6448,2,172155921749000,c2_006448.gray
6452,2,172155940737000,c2_006452.gray
6453,0,172155940761000,c0_006453.gray
6455,0,172155955121000,c0_006455.gray
6455,2,172155955083000,c2_006455.gray
6459,0,172155974128000,c0_006459.gray
6459,2,172155974091000,c2_006459.gray
6461,0,172155988491000,c0_006461.gray
6461,2,172155988453000,c2_006461.gray
6465,0,172156007445000,c0_006465.gray
6465,2,172156007410000,c2_006465.gray
6467,0,172156021787000,c0_006467.gray
6467,2,172156021750000,c2_006467.gray
6471,0,172156040815000,c0_006471.gray
6471,2,172156040780000,c2_006471.gray
6473,0,172156055119000,c0_006473.gray
6473,2,172156055083000,c2_006473.gray
6477,0,172156074120000,c0_006477.gray
6477,2,172156074080000,c2_006477.gray
6479,2,172156088419000,c2_006479.gray
6480,0,172156088457000,c0_006480.gray
6484,0,172156107454000,c0_006484.gray
6484,2,172156107416000,c2_006484.gray
6486,0,172156121793000,c0_006486.gray
6486,2,172156121753000,c2_006486.gray
6490,0,172156140781000,c0_006490.gray
6490,2,172156140745000,c2_006490.gray
6493,0,172156155128000,c0_006493.gray
6493,2,172156155100000,c2_006493.gray
6497,0,172156174121000,c0_006497.gray
6497,2,172156174081000,c2_006497.gray
6499,0,172156188474000,c0_006499.gray
6499,2,172156188435000,c2_006499.gray
6503,0,172156207489000,c0_006503.gray
6503,2,172156207456000,c2_006503.gray
6506,0,172156221788000,c0_006506.gray
6506,2,172156221751000,c2_006506.gray
6510,0,172156240784000,c0_006510.gray
6510,2,172156240750000,c2_006510.gray
6512,0,172156255124000,c0_006512.gray
6512,2,172156255086000,c2_006512.gray
6516,2,172156274134000,c2_006516.gray
6517,0,172156274174000,c0_006517.gray
6519,0,172156288445000,c0_006519.gray
6519,2,172156288417000,c2_006519.gray
6523,0,172156307451000,c0_006523.gray
6523,2,172156307414000,c2_006523.gray
6525,2,172156321753000,c2_006525.gray
6526,0,172156321791000,c0_006526.gray
6530,0,172156340773000,c0_006530.gray
6530,2,172156340746000,c2_006530.gray
6532,0,172156355124000,c0_006532.gray
6532,2,172156355086000,c2_006532.gray
6536,0,172156374116000,c0_006536.gray
6536,2,172156374079000,c2_006536.gray
6539,0,172156388466000,c0_006539.gray
6539,2,172156388429000,c2_006539.gray
6543,0,172156407452000,c0_006543.gray
6543,2,172156407415000,c2_006543.gray
6546,0,172156421777000,c0_006546.gray
6546,2,172156421746000,c2_006546.gray
6550,0,172156440783000,c0_006550.gray
6550,2,172156440744000,c2_006550.gray
6552,0,172156455124000,c0_006552.gray
6552,2,172156455087000,c2_006552.gray
6557,0,172156474111000,c0_006557.gray
6557,2,172156474086000,c2_006557.gray
6559,0,172156488457000,c0_006559.gray
6559,2,172156488420000,c2_006559.gray
6562,2,172156507411000,c2_006562.gray
6563,0,172156507440000,c0_006563.gray
6564,0,172156521792000,c0_006564.gray
6564,2,172156521754000,c2_006564.gray
6568,0,172156540782000,c0_006568.gray
6568,2,172156540746000,c2_006568.gray
6570,0,172156555122000,c0_006570.gray
6570,2,172156555085000,c2_006570.gray
6574,0,172156574118000,c0_006574.gray
6574,2,172156574081000,c2_006574.gray
6576,0,172156588451000,c0_006576.gray
6576,2,172156588417000,c2_006576.gray
6580,2,172156607412000,c2_006580.gray
6581,0,172156607446000,c0_006581.gray
6583,0,172156621784000,c0_006583.gray
6583,2,172156621749000,c2_006583.gray
6587,0,172156640782000,c0_006587.gray
6587,2,172156640747000,c2_006587.gray
6589,0,172156655124000,c0_006589.gray
6589,2,172156655088000,c2_006589.gray
6593,0,172156674116000,c0_006593.gray
6593,2,172156674081000,c2_006593.gray
6596,0,172156688456000,c0_006596.gray
6596,2,172156688419000,c2_006596.gray
6600,0,172156707451000,c0_006600.gray
6600,2,172156707414000,c2_006600.gray
6602,0,172156721777000,c0_006602.gray
6602,2,172156721750000,c2_006602.gray
6606,0,172156740783000,c0_006606.gray
6606,2,172156740748000,c2_006606.gray
6609,0,172156755125000,c0_006609.gray
6609,2,172156755087000,c2_006609.gray
6613,0,172156774115000,c0_006613.gray
6613,2,172156774079000,c2_006613.gray
6615,0,172156788461000,c0_006615.gray
6615,2,172156788422000,c2_006615.gray
6620,0,172156807457000,c0_006620.gray
6620,2,172156807416000,c2_006620.gray
6622,0,172156821794000,c0_006622.gray
6622,2,172156821756000,c2_006622.gray
6626,0,172156840773000,c0_006626.gray
6626,2,172156840748000,c2_006626.gray
6629,0,172156855127000,c0_006629.gray
6629,2,172156855089000,c2_006629.gray
6633,0,172156874117000,c0_006633.gray
6633,2,172156874082000,c2_006633.gray
6635,0,172156888464000,c0_006635.gray
6635,2,172156888425000,c2_006635.gray
6639,2,172156907417000,c2_006639.gray
6640,0,172156907456000,c0_006640.gray
6642,0,172156921786000,c0_006642.gray
6642,2,172156921753000,c2_006642.gray
6647,0,172156940752000,c0_006647.gray
6647,2,172156940736000,c2_006647.gray
6652,0,172156955090000,c0_006652.gray
6652,2,172156955074000,c2_006652.gray
6660,0,172156974088000,c0_006660.gray
6660,2,172156974071000,c2_006660.gray
6666,0,172156988420000,c0_006666.gray
6666,2,172156988405000,c2_006666.gray
6674,0,172157007416000,c0_006674.gray
6674,2,172157007401000,c2_006674.gray
6680,0,172157021752000,c0_006680.gray
6680,2,172157021739000,c2_006680.gray
6688,0,172157040751000,c0_006688.gray
6688,2,172157040737000,c2_006688.gray
6694,0,172157055089000,c0_006694.gray
6694,2,172157055073000,c2_006694.gray
6702,0,172157074084000,c0_006702.gray
6702,2,172157074069000,c2_006702.gray
6708,0,172157088421000,c0_006708.gray
6708,2,172157088406000,c2_006708.gray
6716,0,172157107434000,c0_006716.gray
6716,2,172157107411000,c2_006716.gray
6718,0,172157121794000,c0_006718.gray
6718,2,172157121757000,c2_006718.gray
6722,0,172157140773000,c0_006722.gray
6722,2,172157140747000,c2_006722.gray
6724,0,172157155124000,c0_006724.gray
6724,2,172157155088000,c2_006724.gray
6728,0,172157174171000,c0_006728.gray
6728,2,172157174137000,c2_006728.gray
6730,0,172157188461000,c0_006730.gray
6730,2,172157188423000,c2_006730.gray
6734,0,172157207450000,c0_006734.gray
6734,2,172157207423000,c2_006734.gray
6737,0,172157221785000,c0_006737.gray
6737,2,172157221752000,c2_006737.gray
6741,0,172157240756000,c0_006741.gray
6741,2,172157240744000,c2_006741.gray
6747,0,172157255089000,c0_006747.gray
6747,2,172157255075000,c2_006747.gray
6755,0,172157274087000,c0_006755.gray
6755,2,172157274070000,c2_006755.gray
6761,0,172157288432000,c0_006761.gray
6761,2,172157288410000,c2_006761.gray
6769,0,172157307419000,c0_006769.gray
6769,2,172157307405000,c2_006769.gray
6775,0,172157321758000,c0_006775.gray
6775,2,172157321741000,c2_006775.gray
6783,0,172157340752000,c0_006783.gray
6783,2,172157340738000,c2_006783.gray
6789,0,172157355091000,c0_006789.gray
6789,2,172157355076000,c2_006789.gray
6797,0,172157374087000,c0_006797.gray
6797,2,172157374071000,c2_006797.gray
6803,0,172157388428000,c0_006803.gray
6803,2,172157388411000,c2_006803.gray
6811,0,172157407423000,c0_006811.gray
6811,2,172157407406000,c2_006811.gray
6816,0,172157421778000,c0_006816.gray
6816,2,172157421751000,c2_006816.gray
6822,0,172157440794000,c0_006822.gray
6822,2,172157440756000,c2_006822.gray
6824,0,172157455262000,c0_006824.gray
6824,2,172157455225000,c2_006824.gray
6828,0,172157474130000,c0_006828.gray
6828,2,172157474090000,c2_006828.gray
6830,0,172157488466000,c0_006830.gray
6830,2,172157488438000,c2_006830.gray
6834,0,172157507460000,c0_006834.gray
6834,2,172157507425000,c2_006834.gray
6837,0,172157521788000,c0_006837.gray
6837,2,172157521758000,c2_006837.gray
6841,0,172157540777000,c0_006841.gray
6841,2,172157540751000,c2_006841.gray
6843,0,172157555128000,c0_006843.gray
6843,2,172157555095000,c2_006843.gray
6847,0,172157574116000,c0_006847.gray
6847,2,172157574088000,c2_006847.gray
6849,0,172157588456000,c0_006849.gray
6849,2,172157588425000,c2_006849.gray
6852,2,172157607420000,c2_006852.gray
6853,0,172157607448000,c0_006853.gray
6854,0,172157621797000,c0_006854.gray
6854,2,172157621760000,c2_006854.gray
6858,0,172157640788000,c0_006858.gray
6858,2,172157640754000,c2_006858.gray
6860,0,172157655135000,c0_006860.gray
6860,2,172157655096000,c2_006860.gray
6864,0,172157674128000,c0_006864.gray
6864,2,172157674089000,c2_006864.gray
6868,0,172157688431000,c0_006868.gray
6868,2,172157688414000,c2_006868.gray
6876,0,172157707455000,c0_006876.gray
6876,2,172157707420000,c2_006876.gray
6879,0,172157721799000,c0_006879.gray
6879,2,172157721760000,c2_006879.gray
6883,0,172157740792000,c0_006883.gray
6883,2,172157740755000,c2_006883.gray
6885,0,172157755171000,c0_006885.gray
6885,2,172157755137000,c2_006885.gray
6890,0,172157774125000,c0_006890.gray
6890,2,172157774089000,c2_006890.gray
6892,0,172157788462000,c0_006892.gray
6892,2,172157788425000,c2_006892.gray
6897,0,172157807458000,c0_006897.gray
6897,2,172157807421000,c2_006897.gray
6899,0,172157821799000,c0_006899.gray
6899,2,172157821761000,c2_006899.gray
6903,0,172157840810000,c0_006903.gray
6903,2,172157840778000,c2_006903.gray
6906,0,172157855131000,c0_006906.gray
6906,2,172157855095000,c2_006906.gray
6910,0,172157874109000,c0_006910.gray
6910,2,172157874084000,c2_006910.gray
6912,0,172157888464000,c0_006912.gray
6912,2,172157888427000,c2_006912.gray
