#host_mono_ns,slot,pos_x,pos_y,pos_z,quat_x,quat_y,quat_z,quat_w
6897569613357,20,-0.194395617,0.115350552,-0.437151313,0.0876487717,0.977930069,-0.0390124843,0.185603008
6897952929502,0,-0.197241753,0.10711915,-0.353404313,-0.0620563328,0.984155178,-0.0834011212,-0.143637717
6897986262784,0,-0.197241753,0.10711915,-0.353404313,-0.0620563328,0.984155178,-0.0834011212,-0.143637717
6897986288669,1,-0.19807753,0.106538601,-0.345388561,-0.0859069601,0.980612576,-0.107538134,-0.139479414
6898019605648,1,-0.19807753,0.106538601,-0.345388561,-0.0859069601,0.980612576,-0.107538134,-0.139479414
6898019640232,2,-0.198622376,0.107780181,-0.340271443,-0.108839653,0.97072047,-0.163740307,-0.138002828
6898052944034,2,-0.198622376,0.107780181,-0.340271443,-0.108839653,0.97072047,-0.163740307,-0.138002828
6898052971273,3,-0.200410381,0.110107601,-0.336552799,-0.130615875,0.964747965,-0.191506088,-0.124604404
6898086266065,3,-0.200410381,0.110107601,-0.336552799,-0.130615875,0.964747965,-0.191506088,-0.124604404
6898086294815,4,-0.200177237,0.114226691,-0.331501305,-0.138985261,0.966912091,-0.185050741,-0.107332647
6898119599086,4,-0.200177237,0.114226691,-0.331501305,-0.138985261,0.966912091,-0.185050741,-0.107332647
6898119625492,5,-0.196314812,0.121525161,-0.326931477,-0.134333104,0.969121575,-0.179509267,-0.102637134
6898152924607,5,-0.196314812,0.121525161,-0.326931477,-0.134333104,0.969121575,-0.179509267,-0.102637134
6898152950596,6,-0.189564884,0.130848363,-0.325384766,-0.127084643,0.966436625,-0.189305097,-0.118377753
6898186271013,6,-0.189564884,0.130848363,-0.325384766,-0.127084643,0.966436625,-0.189305097,-0.118377753
6898186299346,7,-0.182249695,0.139939323,-0.326802343,-0.119048521,0.959857225,-0.212669879,-0.138827443
6898219592575,7,-0.182249695,0.139939323,-0.326802343,-0.119048521,0.959857225,-0.212669879,-0.138827443
6898219621013,8,-0.175054923,0.147587582,-0.328494281,-0.106349699,0.954338908,-0.229730487,-0.158590183
6898252941273,9,-0.168471798,0.15367572,-0.329116583,-0.0925658941,0.94990015,-0.235232055,-0.183812752
6898286266482,10,-0.162931412,0.158059359,-0.328993231,-0.0756214634,0.947300196,-0.235142961,-0.203989014
6898319597263,11,-0.15912731,0.160108343,-0.329100192,-0.0648378134,0.943062842,-0.232403904,-0.228947461
6898352936013,12,-0.157465234,0.160150364,-0.329875529,-0.0628272295,0.936458409,-0.23081018,-0.256563842
6898386300179,13,-0.15787448,0.158463731,-0.331315488,-0.0630209595,0.930288017,-0.233773097,-0.275577068
6898419595440,14,-0.15991284,0.155268669,-0.332852572,-0.0685092136,0.925513208,-0.237098888,-0.287255913
6898452939190,15,-0.164443582,0.152421117,-0.334615439,-0.0852643773,0.925360143,-0.248042583,-0.273703277
6898486272992,16,-0.170097888,0.150118813,-0.336938292,-0.107588038,0.924899697,-0.261458069,-0.254214585
6898519619242,17,-0.175248817,0.148651034,-0.340609938,-0.121874318,0.921188772,-0.279908121,-0.241266072
6898569745596,18,-0.18004179,0.14787218,-0.344792545,-0.130913943,0.91790539,-0.30176568,-0.221920535
6898602938461,19,-0.184070274,0.14725484,-0.349014372,-0.128693283,0.918301165,-0.320681304,-0.193195447
6898636265908,20,-0.187285617,0.146200791,-0.351476669,-0.124177106,0.921256006,-0.327320069,-0.169496179
6899036327419,0,-0.207061306,0.136378646,-0.340890735,-0.193760276,0.921150208,-0.291579306,-0.170061156
6899069607210,1,-0.205929622,0.137235686,-0.338591516,-0.187245518,0.92219758,-0.288638711,-0.176574022
6899102949242,2,-0.204391778,0.138725057,-0.337030351,-0.174182579,0.921097219,-0.296246558,-0.182970911
6899136270075,3,-0.202180222,0.140732959,-0.335872442,-0.154987887,0.918050051,-0.312531322,-0.188379869
6899169605856,4,-0.198679224,0.142490029,-0.332396388,-0.143925384,0.912100017,-0.319536626,-0.212733224
6899202947679,5,-0.195650473,0.142903149,-0.327235341,-0.140079007,0.909204543,-0.316776097,-0.231036648
6899236268669,6,-0.194365978,0.141489178,-0.320696682,-0.135736316,0.917144179,-0.304607093,-0.218258291
6899269590596,7,-0.195014641,0.138521969,-0.312765807,-0.136224642,0.930697501,-0.28149128,-0.189756781
6899303009137,8,-0.196208999,0.13553147,-0.307249755,-0.128317818,0.938902617,-0.277691275,-0.157746464
6899336259033,9,-0.196771249,0.133726776,-0.305135757,-0.1065249,0.942804456,-0.290317774,-0.12445008
6899386260804,10,-0.196615562,0.132613838,-0.304181904,-0.0907053873,0.944402635,-0.298084319,-0.104985543
6899419596064,11,-0.195625514,0.132128328,-0.303150177,-0.0857154205,0.947620451,-0.289648116,-0.103789754
6899452942991,12,-0.19398962,0.132972524,-0.303734958,-0.0823566169,0.949638009,-0.280974209,-0.111617878
6899486275648,13,-0.192839414,0.134991482,-0.304506779,-0.0899737999,0.950634956,-0.269633651,-0.124481328
6899519597002,14,-0.192185119,0.136741534,-0.303632766,-0.106804401,0.952295899,-0.247602299,-0.142893016
6899552940700,15,-0.192083091,0.137993634,-0.302493125,-0.120382518,0.95451802,-0.224713475,-0.154619709
6899586267523,16,-0.191919148,0.138736248,-0.301807344,-0.130376235,0.953760147,-0.210131764,-0.170845672
6899619610908,17,-0.191350251,0.139451951,-0.303438574,-0.134236693,0.949445486,-0.212384656,-0.188219428
6899652937366,18,-0.190905571,0.141882181,-0.308817327,-0.129237846,0.942862034,-0.239565894,-0.192137733
6899686262887,19,-0.189812168,0.14587684,-0.318278164,-0.120180666,0.929947078,-0.286291093,-0.19695802
6899719598981,20,-0.187774196,0.150080919,-0.330455184,-0.113775007,0.908366859,-0.335999101,-0.221426025
6900119593616,0,-0.20399034,0.153497413,-0.355591923,-0.120604612,0.89889425,-0.372834116,-0.196056977
6900152919710,1,-0.205115318,0.153143987,-0.355278999,-0.124131277,0.895415306,-0.375183225,-0.205086306
6900186281064,2,-0.205034897,0.153419599,-0.356201649,-0.124466881,0.891361296,-0.380149513,-0.213235393
6900219608772,3,-0.204294622,0.153937653,-0.357987195,-0.119634211,0.887810647,-0.387295514,-0.217903972
6900252942991,4,-0.203686804,0.154396862,-0.359797269,-0.115332514,0.886814415,-0.392401099,-0.215127945
6900286267522,5,-0.203226939,0.15467228,-0.360880077,-0.112491958,0.888768792,-0.392072797,-0.20908016
6900336263356,6,-0.202562973,0.154835224,-0.361231983,-0.111095957,0.889428139,-0.388895363,-0.212921709
6900369618824,7,-0.2021797,0.154878959,-0.361676902,-0.111701481,0.887107015,-0.390269846,-0.219666421
6900402930543,8,-0.202114031,0.154792681,-0.36191684,-0.112399787,0.885887086,-0.392306179,-0.220604211
6900436381168,9,-0.202025577,0.15464513,-0.361383945,-0.112741172,0.886850893,-0.390205711,-0.22028257
6900469603720,10,-0.201755285,0.154527411,-0.360517889,-0.113214239,0.887805879,-0.387285292,-0.221344545
6900502924814,11,-0.201184317,0.154475197,-0.359761238,-0.113443807,0.887904584,-0.385292947,-0.224288538
6900536267001,12,-0.200526804,0.154486388,-0.359124213,-0.113801077,0.888047695,-0.383755088,-0.226169407
6900569604918,13,-0.19972074,0.15458037,-0.35843879,-0.114015296,0.888661027,-0.381167471,-0.228020817
6900602931585,14,-0.198708549,0.154785663,-0.357899696,-0.113638125,0.888553858,-0.378817558,-0.232498765
6900636280856,15,-0.197697163,0.155082852,-0.357685417,-0.114627808,0.887062371,-0.378430635,-0.238266811
6900669593564,16,-0.196714193,0.15544109,-0.357696027,-0.1161419,0.885252237,-0.37859714,-0.243933871
6900702925647,17,-0.195828989,0.155826285,-0.3579759,-0.116894893,0.883906424,-0.378386527,-0.248734221
6900736263303,18,-0.195095509,0.156225994,-0.358570695,-0.115430936,0.883172274,-0.379238307,-0.250720382
6900769611481,19,-0.194620982,0.156520844,-0.359147817,-0.114369787,0.882517695,-0.379889816,-0.252518833
6900802931637,20,-0.194437578,0.156743705,-0.359630197,-0.114238881,0.881828904,-0.379926026,-0.254918486
6901219591324,0,-0.196262702,0.156728178,-0.362624288,-0.117334306,0.877174973,-0.387634456,-0.257946163
6901253034553,1,-0.196568757,0.156643301,-0.362720281,-0.117806077,0.877044618,-0.387824297,-0.257889003
6901286263460,2,-0.196831599,0.156569049,-0.362793237,-0.117927104,0.876810312,-0.388376832,-0.257799
6901319952470,3,-0.197062626,0.156516537,-0.362821758,-0.118721135,0.876416981,-0.389012963,-0.257812977
6901352918564,4,-0.197126105,0.156500369,-0.362749189,-0.119053617,0.876554728,-0.389087588,-0.257077664
6901386259918,5,-0.196976006,0.156524301,-0.362666339,-0.118936054,0.876684248,-0.388790905,-0.257139176
6901419590855,6,-0.196720004,0.156555429,-0.362676352,-0.118519291,0.876366317,-0.389211297,-0.257778555
6901452934032,7,-0.1965826,0.156561196,-0.362654746,-0.118517086,0.876262546,-0.389336169,-0.25794372
6901486271584,8,-0.196638256,0.15652217,-0.362533718,-0.11840798,0.876609087,-0.388915449,-0.25745061
6901519595230,9,-0.196960732,0.156434461,-0.362445593,-0.119461723,0.876088142,-0.38927871,-0.258187026
6901552924657,10,-0.197446451,0.156292468,-0.362467766,-0.120701447,0.875357568,-0.390349448,-0.258471668
6901586261584,11,-0.197870359,0.156168953,-0.362609565,-0.121114075,0.875156462,-0.391106009,-0.257815123
6901619596793,12,-0.198246285,0.156044632,-0.362878799,-0.12113861,0.875185788,-0.391757905,-0.25671187
6901652948564,13,-0.198465198,0.155986473,-0.363184541,-0.121275052,0.874914467,-0.392330199,-0.256698281
6901686261584,14,-0.19857575,0.155967221,-0.363536298,-0.121018074,0.874706089,-0.393176973,-0.256233871
6901719615647,15,-0.198644012,0.155952156,-0.36378473,-0.121352226,0.873966634,-0.394110113,-0.257163763
6901752937470,16,-0.198682576,0.155926004,-0.363934934,-0.121681586,0.873152614,-0.395176828,-0.258134514
6901786257574,17,-0.198707834,0.155851543,-0.363888532,-0.12157768,0.873448789,-0.395465076,-0.256736249
6901819683199,18,-0.198713079,0.155743942,-0.36363095,-0.121199876,0.874348044,-0.394655913,-0.255093694
6901852929345,19,-0.198812619,0.155617923,-0.363431871,-0.12168733,0.87427175,-0.39470467,-0.25504759
6901886331949,20,-0.198968619,0.155524045,-0.363359004,-0.122573182,0.873795629,-0.395252079,-0.255407155
6902302927834,0,-0.199065417,0.155218273,-0.362400442,-0.122919932,0.874920726,-0.394076258,-0.25319618
6902336275438,1,-0.199048221,0.155235827,-0.362496316,-0.123049468,0.874743819,-0.394246906,-0.253478616
6902369662261,2,-0.199094236,0.155236751,-0.362544,-0.123270683,0.874402165,-0.394452423,-0.254229248
6902402933720,3,-0.199255675,0.155147642,-0.362540841,-0.123780034,0.874390304,-0.394725263,-0.253598243
6902436275178,4,-0.199388266,0.155046374,-0.362404704,-0.123873107,0.87450254,-0.394351691,-0.253746927
6902469605594,5,-0.199502736,0.154924631,-0.362196833,-0.124099754,0.875524282,-0.393899143,-0.250798702
6902502939397,6,-0.199350491,0.15486683,-0.361814708,-0.123624824,0.876504421,-0.392438382,-0.249898091
6902536281740,7,-0.199159235,0.15481326,-0.361371517,-0.122991882,0.877639949,-0.391128957,-0.248272479
6902569767990,8,-0.198917121,0.15478532,-0.360956311,-0.122518532,0.878015161,-0.389964163,-0.249011233
6902602929136,9,-0.198821411,0.154738262,-0.360571891,-0.122750029,0.878596961,-0.389144152,-0.248126343
6902636270022,10,-0.198739886,0.154667854,-0.360220224,-0.122834243,0.878681898,-0.388389945,-0.248964146
6902669594865,11,-0.198804319,0.154595941,-0.360063046,-0.123951964,0.878256142,-0.388273269,-0.250091821
6902702927105,12,-0.198897168,0.154592156,-0.360165954,-0.124579817,0.877927601,-0.388840377,-0.250052273
6902736262053,13,-0.198902979,0.154622033,-0.360308617,-0.124540195,0.877772331,-0.388983518,-0.250394255
6902769943042,14,-0.198847324,0.154689074,-0.360532135,-0.124517828,0.877394557,-0.389440238,-0.251018673
6902802938199,15,-0.198702991,0.154751584,-0.360719442,-0.124727018,0.876829445,-0.38994962,-0.252096325
6902836502313,16,-0.198488384,0.154826671,-0.36079064,-0.12512663,0.87572211,-0.390333414,-0.255135059
6902869591115,17,-0.19844155,0.154834732,-0.360844105,-0.125572592,0.875660241,-0.390402913,-0.25502193
6902902925542,18,-0.198474422,0.15483281,-0.360897839,-0.125365317,0.875613213,-0.390401065,-0.255288243
6902936264553,19,-0.198577464,0.154817745,-0.360998422,-0.125876114,0.875097573,-0.390782446,-0.256219625
6902986278719,20,-0.198585778,0.154814497,-0.361091763,-0.126056865,0.874717534,-0.390831351,-0.257351488
6903386260542,0,-0.199934572,0.154696286,-0.362481952,-0.127881065,0.874235988,-0.392013282,-0.256287813
6903419598407,1,-0.200216457,0.154709235,-0.362728357,-0.128218308,0.874154806,-0.392484665,-0.255674124
6903452993719,2,-0.20038259,0.154737145,-0.362880617,-0.128338933,0.874150634,-0.3926166,-0.255425066
6903486271532,3,-0.200485677,0.154799581,-0.363097578,-0.128417283,0.873886168,-0.393144041,-0.255479395
6903519603615,4,-0.200519517,0.154838517,-0.363262415,-0.128419146,0.873612344,-0.393689662,-0.255574673
6903552926688,5,-0.200524315,0.154850617,-0.36327225,-0.128357455,0.873671651,-0.393633872,-0.255488962
6903586257729,6,-0.200564355,0.154840842,-0.36318323,-0.128330246,0.87374264,-0.393385738,-0.255641967
6903619596271,7,-0.200710744,0.154831514,-0.363152087,-0.128885016,0.873380661,-0.393595427,-0.256276309
6903652940959,8,-0.200928301,0.154836491,-0.363198131,-0.129401311,0.873171091,-0.393982887,-0.256134808
6903686409032,9,-0.201115191,0.15484482,-0.363307714,-0.129980251,0.872922421,-0.394156784,-0.256421626
6903719597157,10,-0.201217309,0.154834419,-0.363511235,-0.129833221,0.872834206,-0.394674778,-0.255999118
6903752931167,11,-0.20133853,0.154808387,-0.363651484,-0.130158365,0.872493446,-0.395060778,-0.256400049
6903786278406,12,-0.201454028,0.154787138,-0.363719523,-0.130321637,0.872453332,-0.395336628,-0.256028116
6903836275698,13,-0.201463521,0.154758349,-0.363707155,-0.130284995,0.872441411,-0.395359665,-0.256051898
6903869596584,14,-0.201507494,0.154716551,-0.363692284,-0.130657196,0.87227875,-0.395583212,-0.256071121
6903902929240,15,-0.201495215,0.154676542,-0.363649249,-0.131012052,0.872092485,-0.395698398,-0.256346017
6903936270906,16,-0.201493874,0.15470615,-0.363742858,-0.131040573,0.8718943,-0.396055996,-0.256453395
6903969593667,17,-0.201505005,0.154734075,-0.363882542,-0.130764246,0.871955335,-0.396374553,-0.255894244
6904002929292,18,-0.201716453,0.154701829,-0.364046156,-0.130974233,0.872022867,-0.396948189,-0.254664451
6904036265698,19,-0.202057689,0.154617444,-0.364159942,-0.131494462,0.872092485,-0.397479922,-0.253325105
6904069599865,20,-0.202270314,0.154555261,-0.36420384,-0.132073179,0.872011662,-0.397669166,-0.253004998
6904469590958,0,-0.20232667,0.154676422,-0.365183264,-0.132926762,0.870905161,-0.399586171,-0.253348738
6904502936896,1,-0.202270165,0.154727802,-0.365303546,-0.132858008,0.870903969,-0.399708837,-0.253195226
6904536264448,2,-0.202257425,0.154751047,-0.365283579,-0.132879153,0.870981276,-0.399423301,-0.253368884
6904569621427,3,-0.202289015,0.154724047,-0.365221143,-0.132876247,0.871109843,-0.399202406,-0.253276557
6904602926375,4,-0.202391028,0.154672235,-0.365220219,-0.132888317,0.871332765,-0.399128526,-0.252618849
6904652940333,5,-0.202479199,0.154614404,-0.365165204,-0.133185491,0.871328115,-0.398969084,-0.25273031
6904686259187,6,-0.202551425,0.154613927,-0.365222126,-0.133248225,0.871333957,-0.399079978,-0.252501965
6904702933614,7,-0.202579409,0.154674813,-0.365387052,-0.133177266,0.87106216,-0.399377197,-0.253006756
6904736261219,8,-0.202636048,0.154711202,-0.365561366,-0.133232325,0.870830417,-0.399891287,-0.252963424
6904769594448,9,-0.202643603,0.154732168,-0.365635723,-0.13332805,0.87053442,-0.399973631,-0.253800213
6904819842729,10,-0.2027307,0.154710978,-0.365704328,-0.133345082,0.870487511,-0.400114983,-0.253729373
6904852972833,11,-0.20277451,0.154659346,-0.365609229,-0.133566722,0.870550036,-0.399970353,-0.253626138
6904886271791,12,-0.202772751,0.154591173,-0.365445167,-0.133499935,0.870773017,-0.399584979,-0.253503501
6904919593979,13,-0.202763319,0.15454793,-0.36535126,-0.133507982,0.870771527,-0.399462163,-0.253697664
6904952930698,14,-0.202725396,0.154539227,-0.365368128,-0.133645877,0.870752811,-0.399627566,-0.253428668
6904986256323,15,-0.202579886,0.154560715,-0.365403742,-0.133150473,0.870832145,-0.39961648,-0.25343433
6905019678041,16,-0.202499583,0.154575542,-0.365421683,-0.132896364,0.870933533,-0.399616212,-0.253219694
6905053001166,17,-0.202550933,0.154535413,-0.365451127,-0.133105472,0.870635986,-0.400023788,-0.253489435
6905086276739,18,-0.202610508,0.154488131,-0.36538589,-0.133151561,0.870693922,-0.399914235,-0.253439099
6905119615646,19,-0.202647522,0.154443935,-0.365242571,-0.133035004,0.870918572,-0.399488956,-0.253399104
6905152927364,20,-0.202732801,0.154421285,-0.36513862,-0.133409247,0.87088728,-0.399322033,-0.253572851
6905552930906,0,-0.202617541,0.154219538,-0.364536256,-0.133334517,0.870690286,-0.399758905,-0.253600448
6905586271479,1,-0.202672318,0.154125258,-0.364345461,-0.133531705,0.870785892,-0.399497241,-0.25358063
6905636272208,2,-0.202656209,0.154058814,-0.364135206,-0.133165434,0.870986819,-0.39923048,-0.253503412
6905669613406,3,-0.20264262,0.153999671,-0.36394918,-0.133275494,0.871173561,-0.399050564,-0.253086746
6905702926947,4,-0.202589229,0.153950632,-0.363778591,-0.133255839,0.871183276,-0.398868054,-0.253351212
6905736263302,5,-0.202593967,0.153924793,-0.363678426,-0.133289322,0.871038675,-0.398955196,-0.253693432
6905769608197,6,-0.202596992,0.15391171,-0.363628626,-0.133300141,0.870991111,-0.399104625,-0.253615946
6905802933770,7,-0.202574417,0.153888285,-0.363545775,-0.133136436,0.871136725,-0.399077952,-0.253243566
6905836286739,8,-0.202556029,0.153838962,-0.363389075,-0.133129284,0.871290505,-0.398895949,-0.253004968
6905869594916,9,-0.202486455,0.153778598,-0.36318782,-0.133109063,0.871501565,-0.398608238,-0.252741933
6905902927989,10,-0.202415586,0.153699502,-0.362937272,-0.133075565,0.871887922,-0.398072332,-0.252271265
6905936274604,11,-0.202421412,0.153619245,-0.362732172,-0.133144975,0.872363508,-0.397533357,-0.251438946
6905969598406,12,-0.202475965,0.153569892,-0.362627417,-0.133457705,0.872224212,-0.397441626,-0.251901001
6906002933197,13,-0.202511773,0.153588086,-0.36267361,-0.133736789,0.871730566,-0.397916079,-0.252711415
6906036495072,14,-0.202483639,0.153599322,-0.362716913,-0.133607626,0.871789575,-0.397898704,-0.25260368
6906069589291,15,-0.202435449,0.153594702,-0.362742156,-0.133405715,0.871889293,-0.397842258,-0.252454996
6906102947572,16,-0.202405751,0.153594062,-0.3627505,-0.133400813,0.871670425,-0.398114115,-0.25278461
6906136263354,17,-0.202405676,0.153581277,-0.362674892,-0.133394614,0.871728361,-0.398091346,-0.252623916
6906169675228,18,-0.202377543,0.153546512,-0.362524152,-0.133418232,0.872115195,-0.397666723,-0.251944184
6906202933510,19,-0.202316612,0.153551638,-0.362371564,-0.133316696,0.872442186,-0.397191584,-0.251615047
6906236343249,20,-0.202269465,0.15357174,-0.362293243,-0.133240759,0.872700095,-0.397002041,-0.251059353
6906652942520,0,-0.202079728,0.15369536,-0.362738281,-0.133174062,0.872072399,-0.397580713,-0.252356976
6906686283510,1,-0.202122301,0.153693408,-0.362736285,-0.133025244,0.872142434,-0.397684962,-0.252028912
6906719632832,2,-0.202163056,0.153672948,-0.362689137,-0.133192077,0.872276783,-0.397298932,-0.252084494
6906752925124,3,-0.202230364,0.153683707,-0.362787664,-0.133177236,0.872376025,-0.397388041,-0.251607984
6906786261999,4,-0.202284232,0.153696373,-0.362951845,-0.133635581,0.871913612,-0.397771716,-0.252360493
6906819594135,5,-0.202263698,0.153713301,-0.36308217,-0.133591577,0.872037947,-0.397717088,-0.252040148
6906852936374,6,-0.202228814,0.15372932,-0.363159925,-0.133313194,0.872055292,-0.397582293,-0.252340049
6906886260541,7,-0.20232594,0.153714433,-0.363234073,-0.13370584,0.871830106,-0.39791286,-0.252389312
6906919691166,8,-0.202389553,0.153695419,-0.363222361,-0.133690029,0.871938705,-0.39781484,-0.25217697
6906952921843,9,-0.202445313,0.153683409,-0.363166779,-0.133629635,0.872291684,-0.397306472,-0.251789421
6906986263822,10,-0.202486172,0.153709695,-0.363262743,-0.133810416,0.872108996,-0.397506058,-0.25201115
6907019598457,11,-0.202485472,0.153726578,-0.363376439,-0.1338671,0.87185055,-0.397828043,-0.252366811
6907052932572,12,-0.202481031,0.153825939,-0.363532066,-0.13373217,0.871932864,-0.397848725,-0.252121449
6907086272155,13,-0.202479839,0.153889164,-0.363690197,-0.133811474,0.871834457,-0.397932529,-0.252287328
6907119600489,14,-0.202456132,0.153935015,-0.363790154,-0.133578241,0.871711016,-0.398190916,-0.252429783
6907152929551,15,-0.202483758,0.153934851,-0.363782734,-0.133754939,0.871860743,-0.39804408,-0.25205031
6907186263093,16,-0.202496439,0.153921753,-0.363751143,-0.133686393,0.872145355,-0.397750288,-0.251565278
6907219591686,17,-0.20252049,0.153904945,-0.363706887,-0.133679911,0.872297943,-0.397560596,-0.251339555
6907252981322,18,-0.202547044,0.153881863,-0.363740712,-0.133950502,0.872178733,-0.397529006,-0.251659006
6907286264030,19,-0.202551946,0.153891414,-0.363797635,-0.133829132,0.872431517,-0.397609591,-0.250718266
6907319604134,20,-0.202490419,0.153920293,-0.363913685,-0.133394033,0.872857511,-0.397376209,-0.249835789
6907736268822,0,-0.202285454,0.154113069,-0.364326745,-0.133412376,0.872971535,-0.397685975,-0.248933032
6907769596061,1,-0.202245817,0.154164806,-0.364410251,-0.133439586,0.87283963,-0.39782232,-0.249163106
6907802928770,2,-0.202180967,0.154276937,-0.364609331,-0.13343519,0.872478783,-0.398276627,-0.249702886
6907836617780,3,-0.202104047,0.154435769,-0.364867985,-0.133134171,0.872225165,-0.398719728,-0.25004217
6907869598874,4,-0.202025935,0.154578015,-0.365078092,-0.133033872,0.872109294,-0.398856372,-0.250281692
6907902925749,5,-0.20195502,0.15469721,-0.365203798,-0.132824242,0.872158945,-0.398841321,-0.250244141
6907936281217,6,-0.201938614,0.15474005,-0.365227193,-0.133005485,0.872234166,-0.398574352,-0.250310957
6907969603665,7,-0.201880366,0.154795006,-0.365197241,-0.133069858,0.872356594,-0.398286641,-0.250308186
6908002942103,8,-0.201752603,0.154842526,-0.365173608,-0.13277483,0.872383714,-0.397950023,-0.250904977
6908036274551,9,-0.201736093,0.154848561,-0.36524421,-0.13301599,0.872229815,-0.398139745,-0.251011223
6908069594238,10,-0.201725483,0.154838085,-0.365305156,-0.132950857,0.872160256,-0.398289323,-0.251050055
6908102930228,11,-0.201771319,0.154796705,-0.365309954,-0.133014798,0.872149885,-0.398255885,-0.251105338
6908136266217,12,-0.20183441,0.154773802,-0.365363628,-0.133095652,0.871958852,-0.398537517,-0.251279116
6908169606582,13,-0.201843858,0.154736444,-0.365390569,-0.132922634,0.871796906,-0.398704708,-0.251666933
6908202929342,14,-0.201911956,0.154671744,-0.365312546,-0.133009613,0.871946216,-0.398620963,-0.251236051
6908236734030,15,-0.201890275,0.154606119,-0.365163207,-0.132789329,0.872212172,-0.398178846,-0.251130402
6908286274238,16,-0.201908559,0.154539376,-0.365069717,-0.132806465,0.87215507,-0.398102462,-0.251440704
6908319597467,17,-0.202055961,0.154467493,-0.365025103,-0.133259997,0.871941388,-0.398249567,-0.251708776
6908352921894,18,-0.202179998,0.154425681,-0.365028024,-0.133219108,0.87195009,-0.398421466,-0.251428008
6908386264446,19,-0.202240303,0.154377222,-0.365002036,-0.13355653,0.872122467,-0.39814353,-0.251091152
6908419608561,20,-0.202217326,0.154354677,-0.364976853,-0.133849874,0.87197578,-0.398096293,-0.251518905
6908820319238,0,-0.20189546,0.154308051,-0.364396691,-0.133340597,0.872656524,-0.397546351,-0.25029546
6908853306425,1,-0.201879382,0.15435791,-0.36441499,-0.133144841,0.87280947,-0.397413731,-0.250076771
6908886273561,2,-0.201881319,0.154388532,-0.364477634,-0.133243144,0.872596979,-0.397588193,-0.250488311
6908919598457,3,-0.201869085,0.154418841,-0.364544362,-0.133327767,0.872545719,-0.397789568,-0.250302047
6908952927675,4,-0.201830119,0.154438481,-0.364572853,-0.133213654,0.87258482,-0.397814959,-0.250186145
6908986262832,5,-0.201821044,0.154434234,-0.36452511,-0.133033067,0.872813582,-0.397674263,-0.24970758
6909019596998,6,-0.201781601,0.154412225,-0.364418566,-0.132901132,0.872888982,-0.397415638,-0.249925941
6909052955175,7,-0.201828495,0.154382452,-0.364392608,-0.133076936,0.87285924,-0.397482395,-0.249829963
6909086274967,8,-0.201899096,0.154360235,-0.364378721,-0.133211911,0.873014271,-0.397232056,-0.249614432
6909136264863,9,-0.201945767,0.154388726,-0.364447713,-0.133254722,0.873023033,-0.397309691,-0.249437317
6909169633873,10,-0.201965004,0.154438898,-0.364539176,-0.133357286,0.872904122,-0.397367656,-0.249706209
6909202930019,11,-0.201946348,0.154499397,-0.364655316,-0.133663565,0.872759759,-0.397484154,-0.249861658
6909236341269,12,-0.201834992,0.154586598,-0.364750355,-0.133226231,0.872761488,-0.39748618,-0.25008586
6909269596842,13,-0.201727614,0.154642627,-0.364748001,-0.133162886,0.872723341,-0.39738059,-0.250420272
6909302929186,14,-0.201629579,0.15469946,-0.364758164,-0.133030906,0.872843146,-0.397297472,-0.250204504
6909327429394,15,-0.201628253,0.154703915,-0.364737809,-0.132874191,0.873098433,-0.39707166,-0.249755159
6909369606686,16,-0.20172435,0.154655933,-0.364702195,-0.13326247,0.87295717,-0.397064418,-0.250053436
6909402933040,17,-0.20186691,0.154600009,-0.36469996,-0.133363962,0.873041987,-0.397201657,-0.249484584
6909436291425,18,-0.201941684,0.154587179,-0.36467585,-0.133890614,0.872755051,-0.397307128,-0.250038028
6909469641373,19,-0.201884508,0.154619426,-0.364666581,-0.133666247,0.872819602,-0.397276223,-0.249981686
6909502929654,20,-0.201802984,0.154643998,-0.364637583,-0.133600384,0.872849941,-0.39719525,-0.250039697
6909902953456,0,-0.202095628,0.154837132,-0.364406526,-0.133865505,0.873549998,-0.396734834,-0.248177126
6909936269602,1,-0.202235892,0.154810265,-0.364476502,-0.134236544,0.873410702,-0.396597207,-0.248686388
6909969607883,2,-0.20234479,0.154726341,-0.364407957,-0.134427771,0.873610854,-0.396498621,-0.248036399
6910002932415,3,-0.202444285,0.154546857,-0.364054114,-0.134877533,0.873835921,-0.39593327,-0.247902632
6910036277571,4,-0.202551827,0.154363975,-0.363526672,-0.135687694,0.874207139,-0.395044953,-0.247568548
6910069592935,5,-0.202449933,0.154266581,-0.363054603,-0.135926187,0.87458998,-0.394150168,-0.247511894
6910119603039,6,-0.202201232,0.154271618,-0.362793058,-0.135851786,0.874790967,-0.393508881,-0.247862518
6910152930123,7,-0.20196119,0.154345796,-0.362842172,-0.135469243,0.874621987,-0.393618643,-0.248493165
6910186275019,8,-0.201862857,0.154424399,-0.363123119,-0.135267094,0.874223769,-0.394213289,-0.249061197
6910219596842,9,-0.201852918,0.154485554,-0.363451004,-0.135348886,0.873683393,-0.394986868,-0.249686569
6910252932258,10,-0.201856703,0.154536605,-0.363770604,-0.135063589,0.873428702,-0.395666748,-0.249655738
6910286296164,11,-0.201848224,0.154541209,-0.363852292,-0.135122627,0.87324816,-0.395927787,-0.249841481
6910319597362,12,-0.201798439,0.154526532,-0.363726109,-0.134944245,0.873465121,-0.395691305,-0.249553874
6910352923716,13,-0.201733246,0.154485658,-0.363484234,-0.135196537,0.873555362,-0.395181417,-0.249909043
6910386263560,14,-0.201674893,0.154433146,-0.363262355,-0.135172158,0.873770475,-0.394757003,-0.24984096
6910419591789,15,-0.201667741,0.154404864,-0.363128603,-0.134913996,0.874039888,-0.394298345,-0.249762446
6910452945279,16,-0.201848522,0.154331177,-0.363138199,-0.135124192,0.87399292,-0.394465119,-0.249549687
6910486261581,17,-0.202212885,0.154209211,-0.363222837,-0.135320634,0.874124229,-0.394774348,-0.248492196
6910519606685,18,-0.20284383,0.154025599,-0.363326073,-0.135432765,0.874741197,-0.394923776,-0.246010229
6910552927310,19,-0.204302683,0.153625518,-0.363375872,-0.13777338,0.87504667,-0.394666165,-0.244029596
6910586312518,20,-0.208209321,0.152635813,-0.36365518,-0.147815764,0.874379277,-0.396436721,-0.237590611
6911002929289,0,-0.158066601,0.140725866,-0.527007222,-0.0890742838,-0.674471259,0.719758451,0.138210148
6911036274133,1,-0.131189868,0.149256051,-0.516688764,-0.146215692,-0.697966814,0.691456437,0.115547761
6911069592518,2,-0.104601093,0.154626131,-0.503619552,-0.206175447,-0.714603305,0.66160953,0.095429033
6911102924185,3,-0.0787136331,0.156031728,-0.490130693,-0.269448936,-0.721558988,0.634037733,0.0688918754
6911136262675,4,-0.0521102101,0.153341815,-0.476328194,-0.337933779,-0.718862534,0.605483174,0.049270045
6911169611841,5,-0.0253825728,0.148007467,-0.462069213,0.407825708,0.714447081,-0.566239059,-0.0511551909
6911202934549,6,-0.00184864574,0.141060397,-0.450731099,0.467480123,0.711682975,-0.520245671,-0.0656818599
6911236347310,7,0.0162391793,0.132977769,-0.447935283,0.504785657,0.700167835,-0.497731537,-0.0849691555
6911269593143,8,0.0291792993,0.123620853,-0.454152733,0.527586937,0.673568785,-0.506202757,-0.108239718
6911302931164,9,0.0363679267,0.115592539,-0.46480459,0.53948772,0.643450856,-0.526879132,-0.131614581
6911336275331,10,0.0366587155,0.112568326,-0.474714935,-0.536352098,-0.625120997,0.545472801,0.154950246
6911369613508,11,0.0272939522,0.120044298,-0.479983389,-0.503551364,-0.633624613,0.5574283,0.185012341
6911402930174,12,0.00569204707,0.138810292,-0.475645512,0.43027395,0.678252399,-0.556358933,-0.212844297
6911436797726,13,-0.0257825702,0.159719229,-0.459577262,0.33338815,0.74285984,-0.53620553,-0.22247526
6911469598924,14,-0.0621612631,0.173852071,-0.434853345,0.229650304,0.80289942,-0.499236256,-0.231033444
6911502925904,15,-0.101286598,0.178791448,-0.406520367,0.125571355,0.852463722,-0.458584189,-0.217342913
6911536274654,16,-0.140903801,0.174059689,-0.378797621,0.0299860202,0.888625741,-0.420553416,-0.180499181
6911569605487,17,-0.177472293,0.161816359,-0.353695542,-0.061435394,0.910264254,-0.380316287,-0.151671365
6911602931060,18,-0.208573759,0.145273015,-0.332911372,-0.134626076,0.921473324,-0.344910234,-0.117472164
6911636313716,19,-0.233578086,0.127135456,-0.316019595,-0.189960167,0.931401789,-0.30019334,-0.0793083981
6911669592935,20,-0.25185746,0.110090606,-0.301818758,-0.241350725,0.940376699,-0.23503381,-0.0469108857
6912086265487,0,-0.00705947587,0.154258445,-0.471287936,0.354208976,0.7356475,-0.435655206,-0.378897458
6912119598664,1,-8.47841584e-05,0.148575544,-0.479607165,0.378661364,0.717619419,-0.432848603,-0.392784953
6912152924185,2,-0.00218260009,0.147767663,-0.482016116,0.378470659,0.717155099,-0.42117691,-0.406273961
6912186266216,3,-0.0136649515,0.152443334,-0.480521381,0.349245906,0.725392818,-0.421257794,-0.417581588
6912219594549,4,-0.0360685512,0.162370846,-0.474427283,0.28992039,0.748593867,-0.429228812,-0.413903415
6912252925851,5,-0.0700696036,0.17386505,-0.463807076,0.194837242,0.775521934,-0.446857005,-0.401152104
6912286308976,6,-0.112940006,0.179953709,-0.448560566,0.0742670894,0.792181492,-0.469893306,-0.382273674
6912319700539,7,-0.158482283,0.176513985,-0.430378437,-0.0526199602,0.804660916,-0.481906652,-0.342808932
6912352923664,8,-0.20034343,0.163805157,-0.413766116,-0.145658344,0.817975044,-0.487398237,-0.268595397
6912386258559,9,-0.233420938,0.147771657,-0.401623249,-0.205109268,0.825670302,-0.489706695,-0.190751255
6912419601997,10,-0.256183416,0.133509591,-0.39305976,-0.227863252,0.834846437,-0.478192657,-0.14980495
6912452974132,11,-0.269797921,0.123889901,-0.386791974,-0.252518296,0.83482945,-0.471398294,-0.130682632
6912486269132,12,-0.272869915,0.120581076,-0.378320485,-0.273324668,0.83852756,-0.44679606,-0.150127947
6912519616580,13,-0.266376019,0.123059861,-0.369475663,-0.275110185,0.862332642,-0.391653359,-0.165240511
6912552937205,14,-0.250732303,0.131005913,-0.363631725,-0.232087255,0.88746208,-0.356220245,-0.177914798
6912586275903,15,-0.228892744,0.140725821,-0.358848631,-0.168892458,0.907761335,-0.331075072,-0.194509491
6912619592309,16,-0.204951331,0.148524195,-0.3530792,-0.115965717,0.923724234,-0.300053895,-0.207974046
6912652947518,17,-0.180251628,0.153529257,-0.346572042,-0.0724161714,0.930450261,-0.270623088,-0.236180693
6912686268507,18,-0.156711668,0.155733883,-0.339916468,-0.0297772456,0.935403407,-0.234611601,-0.262851924
6912719594601,19,-0.136726603,0.155378282,-0.332867265,0.00212625717,0.939020216,-0.196361527,-0.282274187
6912769626268,20,-0.119929053,0.151960269,-0.325068682,0.0176612362,0.935827553,-0.147649765,-0.319553494
6913169605903,0,-0.184745058,0.14427498,-0.491435498,0.0272612181,0.778150916,-0.481373399,-0.40251416
6913202939445,1,-0.17474471,0.136031479,-0.517939389,0.0889929011,0.748272896,-0.537737787,-0.378161371
6913236281215,2,-0.162782207,0.130754843,-0.535044611,0.134950384,0.734349191,-0.5635131,-0.353514731
6913269592986,3,-0.150646806,0.130263254,-0.542774796,0.162459224,0.741301298,-0.563209951,-0.32691583
6913302925799,4,-0.137426704,0.132183164,-0.543905914,0.183821633,0.761091352,-0.551155627,-0.288404316
6913336267153,5,-0.122632466,0.134422734,-0.541545987,0.205432788,0.777319431,-0.538614213,-0.251925886
6913369610330,6,-0.105274156,0.137830496,-0.536410689,0.229470626,0.78391999,-0.525698721,-0.237599537
6913402928507,7,-0.0858663246,0.143273801,-0.525809348,0.262151986,0.794295847,-0.493752152,-0.237863913
6913436272257,8,-0.0679461733,0.150646731,-0.508247972,0.29334569,0.813206494,-0.441240877,-0.24072808
6913469594497,9,-0.0560847819,0.158705622,-0.482959777,0.304951042,0.837927282,-0.366733849,-0.265309334
6913502942778,10,-0.0541168861,0.164588034,-0.451521456,0.287810385,0.86990267,-0.285007119,-0.281434715
6913536268038,11,-0.061650753,0.166848063,-0.417134106,0.247250006,0.89925915,-0.209902093,-0.293498725
6913586261788,12,-0.0747980922,0.16328904,-0.381383717,0.185774729,0.917565346,-0.132363811,-0.325639963
6913619595538,13,-0.0909728631,0.153799355,-0.34739098,0.131281435,0.931717277,-0.0561183095,-0.33394441
6913652947621,14,-0.109210685,0.140666157,-0.31698963,0.0830735117,0.943710685,0.0138419792,-0.3198708
6913686476007,15,-0.127908155,0.125218451,-0.29082036,0.0301568285,0.951137245,0.0737389699,-0.298313737
6913719642257,16,-0.145243034,0.107911959,-0.269685268,-0.0208839588,0.95446223,0.131176293,-0.267130136
6913752927101,17,-0.159874573,0.0913489461,-0.255044609,-0.0562200397,0.953799546,0.18640013,-0.228824571
6913786275330,18,-0.170862466,0.0797848701,-0.247373015,-0.0709891841,0.951733828,0.22650218,-0.194576606
6913819595642,19,-0.178035185,0.0772087052,-0.246868193,-0.0817588046,0.952291429,0.23457624,-0.177286655
6913852929340,20,-0.182102814,0.0864715874,-0.254151583,-0.0928186923,0.960019112,0.193618774,-0.17960988
6914252926111,0,-0.209436014,0.0909691751,-0.574446499,-0.0607728139,-0.559466362,0.76027745,0.324472308
6914286263142,1,-0.219571829,0.0850553289,-0.575166941,-0.0374603346,-0.525509119,0.778022408,0.342225194
6914319596736,2,-0.227994099,0.0831349939,-0.571665645,-0.0191257466,-0.497158915,0.782376647,0.374638438
6914352925277,3,-0.233571559,0.0867512748,-0.564409256,-0.00336129428,-0.479663163,0.773315728,0.414601892
6914402925798,4,-0.235212937,0.0961837396,-0.553727567,0.015214704,-0.482224405,0.751270711,0.450355947
6914436268402,5,-0.231634319,0.111043997,-0.539352298,0.0312173609,-0.50385201,0.713739932,0.485524446
6914469595746,6,-0.223016798,0.129138097,-0.519753814,0.0467769429,-0.549095035,0.658811092,0.512127459
6914502925121,7,-0.210257336,0.146625802,-0.493513197,0.0643933192,-0.609940231,0.586737335,0.52873975
6914536269496,8,-0.19502233,0.158996195,-0.461555749,0.0813908353,-0.682089865,0.502671599,0.5248335
6914569604027,9,-0.180548117,0.164504394,-0.427555323,-0.0937688351,0.755426109,-0.412527859,-0.500359416
6914602940173,10,-0.167668387,0.16453743,-0.395175129,-0.0989574865,0.811843634,-0.330311716,-0.471180946
6914636275382,11,-0.156068042,0.160783529,-0.365550309,-0.0931472182,0.852294385,-0.257369012,-0.445734262
6914669591736,12,-0.146107882,0.153630972,-0.338699639,-0.0915045589,0.879909217,-0.183246106,-0.428727865
6914702929652,13,-0.138097361,0.143828377,-0.315636307,-0.0894955397,0.900042117,-0.108265229,-0.412544936
6914736259079,14,-0.131825522,0.132908359,-0.296968937,-0.080009684,0.914785445,-0.0403461605,-0.393875927
6914769636111,15,-0.127538994,0.121862687,-0.283123016,-0.0698173642,0.920927346,0.0253417548,-0.382591337
6914802936631,16,-0.125861511,0.112460107,-0.274431646,-0.0680550784,0.919878542,0.0832398161,-0.377177745
6914836308506,17,-0.126999035,0.107279666,-0.271154255,-0.0685286894,0.916779876,0.119620219,-0.374845892
6914869591996,18,-0.131676123,0.10861624,-0.273234338,-0.0718897581,0.919136643,0.118688986,-0.368690491
6914902925225,19,-0.139833242,0.116477929,-0.281220526,-0.0838387907,0.924846232,0.0803087875,-0.362189144
6914936277152,20,-0.150568485,0.128520638,-0.296626925,-0.0991476029,0.92613703,0.0150802638,-0.363610417
6915336566996,0,-0.201737195,0.108670853,-0.566336811,-0.0936431587,-0.543192446,0.664821923,0.504167378
6915386711996,1,-0.205631375,0.108725667,-0.564947486,-0.083672069,-0.524414718,0.668488264,0.520683825
6915419595017,2,-0.207644731,0.114573888,-0.557918549,-0.0610448681,-0.516313374,0.662717283,0.538980365
6915452956475,3,-0.206128687,0.126198068,-0.544026196,-0.0247158557,-0.541751564,0.642055809,0.5419029
6915486324912,4,-0.199561819,0.140580162,-0.523820221,0.00886345841,-0.595494986,0.603527308,0.530152798
6915519624183,5,-0.187192842,0.153942093,-0.49883464,0.0244013239,-0.65848583,0.543015718,0.520514131
6915552924860,6,-0.171233132,0.163357273,-0.471476942,-0.019262597,0.731307685,-0.472725779,-0.491272211
6915586256371,7,-0.154528514,0.168277875,-0.443801045,0.00311605143,0.800401807,-0.397954106,-0.448307693
6915619607829,8,-0.138603106,0.168781072,-0.416576833,0.0338343419,0.853698552,-0.315924466,-0.412608534
6915653002464,9,-0.125130042,0.164363027,-0.390072316,0.0651737303,0.895026803,-0.219884217,-0.382531434
6915686312308,10,-0.116144568,0.155625075,-0.36612162,0.0953335539,0.924550533,-0.112314731,-0.351430237
6915719592829,11,-0.112988219,0.144620985,-0.346686512,0.113774568,0.940017939,-0.00841872487,-0.321482182
6915752928975,12,-0.115633376,0.135221139,-0.332701832,0.11610987,0.947440624,0.0667341575,-0.29055348
6915786282308,13,-0.12319348,0.13093999,-0.324728996,0.0983965099,0.955538869,0.0951138288,-0.261183709
6915819596214,14,-0.134326145,0.130996034,-0.32221067,0.0767608583,0.967276454,0.0941773355,-0.222743616
6915852938402,15,-0.146268427,0.132191584,-0.323961765,0.0546403192,0.978250504,0.0859738737,-0.180690065
6915886269756,16,-0.156349793,0.133503169,-0.3287808,0.0362781025,0.985645235,0.0773743242,-0.145604402
6915919598454,17,-0.163330525,0.135036841,-0.336277306,0.025438061,0.989736319,0.0697888061,-0.122083679
6915952921944,18,-0.167394593,0.138215944,-0.347256958,0.0129987793,0.991726756,0.0503123067,-0.117378466
6915986274496,19,-0.169094339,0.143429115,-0.3613379,0.00766891427,0.992232203,0.0117505686,-0.123605587
6916019601943,20,-0.168672472,0.148261964,-0.376484275,0.0130678378,0.990537167,-0.0272663422,-0.133872569
6916436273558,0,-0.168021321,0.161023498,-0.481271297,0.0702035353,0.965346754,-0.181668729,-0.173705474
6916469597985,1,-0.171128988,0.16915825,-0.481399029,0.0539036095,0.962109864,-0.186542362,-0.191418335
6916502942829,2,-0.174230576,0.181229115,-0.48228845,0.0323243923,0.95759517,-0.194590256,-0.210003033
6916536259495,3,-0.175910413,0.196012065,-0.484902143,0.0198231656,0.953864157,-0.199117199,-0.223836064
6916569605225,4,-0.176626459,0.213914439,-0.49091053,0.010742873,0.949496448,-0.20246926,-0.23947303
6916602931318,5,-0.177722648,0.235491112,-0.502162158,-0.00297072763,0.943026662,-0.214958802,-0.253938168
6916636299704,6,-0.177983433,0.262425482,-0.518754303,-0.0106282691,0.939040542,-0.24211292,-0.243867323
6916669595329,7,-0.174513429,0.293769389,-0.537348747,-0.00223884312,0.934671879,-0.270629704,-0.230527788
6916702962412,8,-0.166630536,0.327042818,-0.555862665,0.0136209605,0.924587369,-0.297127843,-0.23804976
6916736294495,9,-0.155854061,0.359031767,-0.574700654,0.0400565639,0.908818364,-0.326795161,-0.256221622
6916769605693,10,-0.145409629,0.38613072,-0.595156848,0.0675239414,0.882136405,-0.36272651,-0.292754859
6916802937412,11,-0.139858678,0.405414879,-0.618828475,0.0842529014,0.827737927,-0.429553807,-0.351048321
6916836345016,12,-0.141896218,0.414522618,-0.64004159,0.0878150016,0.751222193,-0.516739488,-0.401165783
6916869594027,13,-0.150566921,0.414066851,-0.652549744,-0.0663522333,-0.666389883,0.608888924,0.425177842
6916902955693,14,-0.161154285,0.405232549,-0.65367204,-0.0344938263,-0.577058256,0.680409849,0.450395852
6916936265745,14,-0.161154285,0.405232549,-0.65367204,-0.0344938263,-0.577058256,0.680409849,0.450395852
6916936289026,15,-0.171507418,0.39020732,-0.644781768,0.00257536885,-0.493493676,0.739915311,0.457146257
6916969894808,15,-0.171507418,0.39020732,-0.644781768,0.00257536885,-0.493493676,0.739915311,0.457146257
6916969913766,16,-0.181207597,0.373266757,-0.628542006,0.0559102036,-0.415267885,0.788150012,0.450828373
6917002940745,16,-0.181207597,0.373266757,-0.628542006,0.0559102036,-0.415267885,0.788150012,0.450828373
6917002965797,17,-0.188513234,0.355024725,-0.606622994,0.0953965336,-0.355844021,0.806025743,0.463246167
6917052929026,17,-0.188513234,0.355024725,-0.606622994,0.0953965336,-0.355844021,0.806025743,0.463246167
6917052945120,18,-0.195062965,0.334157586,-0.583035946,0.12689808,-0.304897487,0.821880102,0.464163184
6917086449808,18,-0.195062965,0.334157586,-0.583035946,0.12689808,-0.304897487,0.821880102,0.464163184
6917086540797,19,-0.201649025,0.310839027,-0.558205426,0.161733687,-0.262963355,0.834771276,0.45590502
6917119600849,19,-0.201649025,0.310839027,-0.558205426,0.161733687,-0.262963355,0.834771276,0.45590502
6917119625953,20,-0.208092377,0.285376757,-0.533849239,0.195249379,-0.210980639,0.850003302,0.441428691
6917152928766,20,-0.208092377,0.285376757,-0.533849239,0.195249379,-0.210980639,0.850003302,0.441428691
6917519642360,0,-0.117823951,0.36723277,-0.495953619,0.134566814,-0.262581289,0.68754518,0.66349417
6917552921735,0,-0.117823951,0.36723277,-0.495953619,0.134566814,-0.262581289,0.68754518,0.66349417
6917552945016,1,-0.108234994,0.375610411,-0.494481802,0.127110481,-0.285338044,0.674546957,0.668888271
6917586256943,1,-0.108234994,0.375610411,-0.494481802,0.127110481,-0.285338044,0.674546957,0.668888271
6917586282724,2,-0.100339673,0.381483525,-0.488858014,0.12471123,-0.308756948,0.657942474,0.675446451
6917619594026,2,-0.100339673,0.381483525,-0.488858014,0.12471123,-0.308756948,0.657942474,0.675446451
6917619619235,3,-0.0938341916,0.385077924,-0.479948074,0.128549278,-0.33321774,0.643109918,0.677385151
6917652934287,3,-0.0938341916,0.385077924,-0.479948074,0.128549278,-0.33321774,0.643109918,0.677385151
6917652962307,4,-0.0868521407,0.387627393,-0.46696949,0.133761495,-0.361347705,0.628260732,0.675887644
6917686263557,4,-0.0868521407,0.387627393,-0.46696949,0.133761495,-0.361347705,0.628260732,0.675887644
6917686290224,5,-0.0780812502,0.390352607,-0.449373007,0.139707834,-0.398102015,0.602457225,0.677526236
6917719642516,5,-0.0780812502,0.390352607,-0.449373007,0.139707834,-0.398102015,0.602457225,0.677526236
6917719697412,6,-0.0663842261,0.392486542,-0.427615136,0.14276357,-0.438214004,0.564178526,0.68504715
6917752925537,6,-0.0663842261,0.392486542,-0.427615136,0.14276357,-0.438214004,0.564178526,0.68504715
6917752950172,7,-0.0520392582,0.392327845,-0.401530564,0.139218241,-0.489004046,0.510839641,0.693207204
6917786256891,7,-0.0520392582,0.392327845,-0.401530564,0.139218241,-0.489004046,0.510839641,0.693207204
6917786283089,8,-0.0379277691,0.389683068,-0.373390883,0.138401359,-0.533121288,0.454022318,0.700350285
6917819606370,8,-0.0379277691,0.389683068,-0.373390883,0.138401359,-0.533121288,0.454022318,0.700350285
6917819634287,9,-0.0260221045,0.386620194,-0.34677276,0.140399918,-0.573055267,0.404270291,0.698899925
6917853064026,9,-0.0260221045,0.386620194,-0.34677276,0.140399918,-0.573055267,0.404270291,0.698899925
6917853093922,10,-0.0163236521,0.384686708,-0.324047446,0.13347429,-0.610412717,0.367319107,0.688953996
6917886264078,10,-0.0163236521,0.384686708,-0.324047446,0.13347429,-0.610412717,0.367319107,0.688953996
6917886289651,11,-0.0096158646,0.384678721,-0.305049896,0.126242533,-0.641627371,0.331433743,0.680094659
6917919599078,11,-0.0096158646,0.384678721,-0.305049896,0.126242533,-0.641627371,0.331433743,0.680094659
6917919630224,12,-0.00708001386,0.385698885,-0.291601002,0.128488809,-0.653179109,0.300704092,0.68295294
6917952921214,12,-0.00708001386,0.385698885,-0.291601002,0.128488809,-0.653179109,0.300704092,0.68295294
6917952943193,13,-0.00978450477,0.386316031,-0.284617186,0.131849959,-0.661234677,0.29321894,0.677795649
6918002929807,13,-0.00978450477,0.386316031,-0.284617186,0.131849959,-0.661234677,0.29321894,0.677795649
6918002955589,14,-0.0177158676,0.386128187,-0.284385234,0.132954255,-0.669730961,0.308290958,0.662374735
6918040062411,15,-0.029825734,0.385347158,-0.290620804,0.139341697,-0.672154605,0.33822915,0.64373374
6918069592880,16,-0.0433932506,0.38390103,-0.303935736,0.144579306,-0.658937454,0.377699971,0.634224713
6918102930589,17,-0.0564415492,0.381383151,-0.323701113,0.135803461,-0.630995035,0.421906739,0.6367082
6918136262880,18,-0.0696930662,0.377372175,-0.346610606,0.123817228,-0.599482536,0.464955896,0.639613926
6918169610901,19,-0.0839613602,0.370572776,-0.371764928,0.11221341,-0.567864537,0.510647953,0.635748923
6918202936161,20,-0.0991653427,0.358921468,-0.399372995,0.0916860104,-0.525045753,0.568265975,0.626892686
6918602936474,0,-0.184202999,0.056082949,-0.469162315,0.232681915,0.463674188,0.85413444,0.0363282189
6918636306005,1,-0.188065529,0.0525026992,-0.458786398,0.273143709,0.430393308,0.858751118,0.0519676544
6918669593974,2,-0.188642144,0.0550500751,-0.448950559,0.322229505,0.431414664,0.839847445,0.068598561
6918702926161,3,-0.186477259,0.0575703159,-0.440879554,0.312988877,0.469870806,0.825224996,0.0162215475
6918736260380,4,-0.182083532,0.063242808,-0.434464902,0.319397539,0.486167401,0.813262761,-0.0151708508
6918769598192,5,-0.17678681,0.0692962185,-0.430163264,0.311713308,0.495430946,0.808128536,-0.0656598732
6918802932099,6,-0.171706423,0.0747495592,-0.427537769,0.313348264,0.49060002,0.806319594,-0.104753278
6918836639130,7,-0.167479187,0.0784661546,-0.426135421,0.312519729,0.482519805,0.805055976,-0.146256417
6918886279703,8,-0.164659366,0.0799589753,-0.425320059,0.31408757,0.467194945,0.805583358,-0.184697866
6918919639547,9,-0.163701624,0.078956008,-0.424700499,0.317997456,0.450062811,0.805400014,-0.218293145
6918952932984,10,-0.16510877,0.0759949908,-0.423767388,0.324938595,0.433873683,0.803706586,-0.245406315
6918986261422,11,-0.169220507,0.0716556609,-0.421697199,0.342504174,0.426813275,0.797046125,-0.255418777
6919019593765,12,-0.175733522,0.0653608516,-0.418426424,0.374921054,0.425957382,0.785971344,-0.245445624
6919052928661,13,-0.184189439,0.0567884818,-0.414258242,0.417140335,0.420014083,0.774152219,-0.224210814
6919086270640,14,-0.193836138,0.0456629992,-0.410026222,0.46325314,0.409618944,0.760644853,-0.197555661
6919119599599,15,-0.20381774,0.0325284079,-0.405519605,0.509693205,0.399601758,0.743132651,-0.168181852
6919152919755,16,-0.213374957,0.0199541431,-0.401328236,0.550030887,0.389736742,0.72447902,-0.143879846
6919186263453,17,-0.221948311,0.00830536522,-0.398457259,0.579055786,0.378343523,0.709969878,-0.132262453
6919219594182,18,-0.228861228,-0.000417688716,-0.397732198,0.59672147,0.366586626,0.701019049,-0.134573504
6919252946526,19,-0.233535901,-0.00621158862,-0.397906929,0.610655665,0.359227628,0.691347122,-0.141754314
6919286267515,20,-0.235692054,-0.0076962919,-0.398793876,0.6247226,0.36020726,0.676550627,-0.149169952
6919686269286,0,-0.218692213,-0.0137956617,-0.454679638,0.694264233,0.386071205,0.507309973,-0.334040135
6919736264234,1,-0.220909387,-0.0168397669,-0.459421694,0.709111214,0.336756438,0.513449132,-0.346592516
6919769604390,2,-0.224634692,-0.0146252038,-0.463824719,0.741053998,0.331709594,0.480358303,-0.33175841
6919802931265,3,-0.229334265,-0.0125037441,-0.468405962,0.758534193,0.301108032,0.468403727,-0.338463783
6919836269546,4,-0.234302983,-0.00911946315,-0.472871184,0.775320053,0.261895686,0.459432095,-0.345270306
6919869595327,5,-0.238930017,-0.00434868596,-0.476917416,0.786822855,0.23092626,0.446728915,-0.35779345
6919902926369,6,-0.242826268,0.000775133609,-0.480282903,0.796289444,0.205464303,0.432005256,-0.370241851
6919936276629,7,-0.245300025,0.0067674187,-0.482195705,0.805541396,0.184749559,0.415012777,-0.380440593
6919969862879,8,-0.24615404,0.0134863118,-0.482586652,0.814930499,0.173943162,0.392061174,-0.389769286
6920002929650,9,-0.245439067,0.0206879117,-0.481466621,0.824764848,0.166008353,0.366756707,-0.397106677
6920036970015,10,-0.243360698,0.027602125,-0.47901994,0.834554613,0.163374141,0.338230133,-0.403023452
6920069592723,11,-0.240371197,0.0325650983,-0.475614399,0.843354404,0.166287541,0.30604285,-0.409193784
6920102929754,12,-0.236768618,0.0351485685,-0.471425682,0.853801668,0.166128874,0.274004608,-0.410299122
6920136444234,13,-0.232722744,0.0351543128,-0.466730565,0.867513716,0.168165579,0.237210348,-0.403573483
6920169965275,14,-0.228410363,0.0335620195,-0.461836815,0.876677096,0.175952345,0.197938278,-0.401619822
6920202931942,15,-0.22445704,0.0337821431,-0.457001597,0.880860448,0.181204215,0.163572565,-0.405578494
6920236265223,16,-0.221171096,0.0366389751,-0.452373683,0.891326249,0.171234891,0.137607619,-0.396585703
6920269602098,17,-0.218341216,0.0380471423,-0.448058426,0.900623798,0.159840003,0.113012806,-0.388015479
6920302928400,18,-0.215969652,0.0363207087,-0.444095969,0.903684258,0.148637772,0.0922649503,-0.390830904
6920336260692,19,-0.214021698,0.032104671,-0.440612823,0.903948069,0.129853874,0.0804702267,-0.399425089
6920371362463,20,-0.212315232,0.0283441134,-0.437648714,0.908112764,0.100509837,0.0753801465,-0.399433047
6920786262202,0,-0.167388752,0.0221244805,-0.447464108,-0.890016913,-0.0271023456,0.168966889,0.422593862
6920819604962,1,-0.164577514,0.023988558,-0.449419469,-0.882185102,-0.0251853485,0.184838399,0.432377011
6920852936681,2,-0.16260989,0.0253739078,-0.451280951,-0.874804199,-0.0267538279,0.202495858,0.439314574
6920886263712,3,-0.16163449,0.0259349681,-0.452833176,-0.870111406,-0.0308346134,0.221384332,0.439254284
6920919606473,4,-0.161890775,0.0258217603,-0.453682274,-0.86295408,-0.0200467817,0.223998263,0.452474535
6920952925848,5,-0.163164049,0.0254742093,-0.453536689,-0.851624846,0.00517202169,0.210944116,0.479803026
6920986265015,6,-0.164620429,0.0223067496,-0.452452987,-0.844172537,0.0314175747,0.197705328,0.497290969
6921019596890,7,-0.165590823,0.0180185176,-0.450179964,-0.844151199,0.0541861057,0.189771369,0.498457104
6921052986160,8,-0.165278494,0.0157930851,-0.446031511,-0.852024853,0.0696108714,0.190879598,0.482465476
6921086268244,9,-0.163325444,0.0175270066,-0.440959156,-0.859800339,0.0726102069,0.201881289,0.463373572
6921119656160,10,-0.159908697,0.022896504,-0.434870809,-0.860106587,0.06946183,0.213838637,0.457891673
6921152934598,11,-0.155565634,0.0286343843,-0.428231537,-0.855633259,0.0604446754,0.228052616,0.460684419
6921186256369,12,-0.150604755,0.0361225605,-0.421114206,-0.85158658,0.037710093,0.253907591,0.45706588
6921219607462,13,-0.145956889,0.04643251,-0.413412035,-0.851278245,0.0027888862,0.291573167,0.436236918
6921252933035,14,-0.143013626,0.0591534637,-0.405131102,0.854501724,0.0280736554,-0.32637623,-0.403134197
6921286273035,15,-0.142900169,0.0729957372,-0.396543264,0.859075546,0.0433314145,-0.346966296,-0.373799443
6921319607723,16,-0.146112084,0.0875633135,-0.387715459,0.86244905,0.0452289805,-0.355030477,-0.357895732
6921352917775,17,-0.152781799,0.102513246,-0.379478842,0.863601983,0.0424378924,-0.358514577,-0.351934582
6921386273087,18,-0.162824735,0.117367089,-0.372070044,0.864539385,0.039245896,-0.360978007,-0.347456962
6921419598296,19,-0.175919071,0.131131977,-0.365363806,0.868744373,0.0304395724,-0.357018203,-0.34189859
6921452955691,20,-0.191673428,0.142919421,-0.359472543,0.877873242,0.00705922581,-0.337330699,-0.339848191
6921869597150,0,-0.257637411,0.265203148,-0.391300678,-0.849634051,0.129014358,0.122730896,0.496401429
6921902926785,1,-0.239744872,0.267014474,-0.395612895,-0.849083483,0.0932140797,0.145731688,0.499129921
6921936259650,2,-0.219740719,0.268508255,-0.398553848,-0.850513041,0.0607204735,0.167230248,0.494949102
6921969606733,3,-0.198396444,0.270320326,-0.400100738,-0.852343202,0.0248179138,0.191798016,0.485910177
6922002944181,4,-0.176785454,0.272944152,-0.400344938,-0.851780117,-0.018517632,0.22173281,0.474301904
6922036263243,5,-0.156323239,0.276835799,-0.39915958,-0.848015428,-0.0654875487,0.253562719,0.460746258
6922069587983,6,-0.138200089,0.280855209,-0.396539301,-0.843762159,-0.106418476,0.279693723,0.445546806
6922102923920,7,-0.123362556,0.284384638,-0.392525285,-0.843167543,-0.134578735,0.294698179,0.429080516
6922136268452,8,-0.11253231,0.287121326,-0.387284338,0.84709698,0.152526796,-0.300427318,-0.410981417
6922169616212,9,-0.106229745,0.289084643,-0.381139338,0.852630198,0.166198879,-0.301704139,-0.392904878
6922202956577,10,-0.104797423,0.290121555,-0.374654531,0.857258022,0.178290635,-0.301056474,-0.377738148
6922236272045,11,-0.108219281,0.289554477,-0.368007958,0.861840367,0.185696289,-0.295765609,-0.367791742
6922269591577,12,-0.116352387,0.286813557,-0.361362189,0.869690955,0.181637257,-0.279104918,-0.364343196
6922302941472,13,-0.129095301,0.282098234,-0.35497129,0.882956028,0.161081225,-0.245389313,-0.366368145
6922336263139,14,-0.146213844,0.276611894,-0.349239022,0.899692535,0.125545338,-0.194992468,-0.369823813
6922386289024,15,-0.166934699,0.272237927,-0.344641298,0.914556146,0.0853828713,-0.13731128,-0.370732367
6922419596472,16,-0.189995795,0.270182371,-0.34181574,0.923752248,0.0511677526,-0.082626313,-0.37045449
6922452937306,17,-0.213757113,0.270503908,-0.340928286,0.927125812,0.022392679,-0.0301017854,-0.372867554
6922486263035,18,-0.236763597,0.273456872,-0.341841042,0.925979674,-0.00915212277,0.0277128797,-0.376443684
6922519727410,19,-0.257466376,0.27895543,-0.344389468,0.921763718,-0.046000801,0.0907400846,-0.374168128
6922552929962,20,-0.274099588,0.28662625,-0.348371416,0.916203916,-0.0793425217,0.148904249,-0.363459289
6922952923608,0,-0.107925214,0.334828347,-0.408372134,-0.779646695,-0.366105139,-0.262825221,0.434788436
6922986260430,1,-0.089085564,0.346111298,-0.410317868,-0.751594543,-0.416269213,-0.261300445,0.439940572
6923019601472,2,-0.0758195817,0.35716638,-0.412059128,-0.717028558,-0.463922024,-0.260336041,0.450412661
6923052940691,3,-0.0684477985,0.366066545,-0.413621604,-0.679015875,-0.503989697,-0.262697756,0.464673787
6923086264753,4,-0.0668322891,0.371153414,-0.415105015,-0.646706998,-0.530194521,-0.273043394,0.475511432
6923119595222,5,-0.0706605837,0.371326536,-0.41645959,-0.628118634,-0.539476275,-0.294889808,0.476940572
6923152931472,6,-0.0798870027,0.366430759,-0.4176341,-0.626023233,-0.530488491,-0.329856455,0.466767192
6923186263764,7,-0.0947710052,0.357391834,-0.418705285,-0.637255728,-0.502766788,-0.377193362,0.445932537
6923219604857,8,-0.11520882,0.345727742,-0.419810146,0.653517246,0.460341275,0.432279855,-0.417295188
6923253115691,9,-0.140986323,0.334549725,-0.421066821,0.667971313,0.410279632,0.489133954,-0.382404208
6923286264805,10,-0.170923516,0.326876849,-0.422297418,0.678819001,0.361972779,0.541006088,-0.339842439
6923336264232,11,-0.203061655,0.324339837,-0.423045188,0.688136697,0.319457829,0.584312737,-0.288085431
6923369651316,12,-0.234925076,0.326775879,-0.423506379,0.695102572,0.279257923,0.62108767,-0.230429098
6923402948503,13,-0.264325112,0.333018482,-0.423834741,0.696148455,0.238642201,0.654815733,-0.172173098
6923436359389,14,-0.289535314,0.341413409,-0.424050599,0.689993083,0.201877519,0.685238183,-0.116634764
6923469588868,15,-0.309331983,0.350263923,-0.42404148,0.679052889,0.177139655,0.7093696,-0.0656009093
6923502925951,16,-0.32330814,0.357753366,-0.423796266,0.666186571,0.169206664,0.726052403,-0.0203088857
6923536260899,17,-0.331812769,0.361717075,-0.423087746,0.651320994,0.177474707,0.73754245,0.0177441575
6923569610222,18,-0.335087955,0.3614645,-0.422245979,0.631166101,0.20091249,0.747809291,0.0452190563
6923602943555,19,-0.333203554,0.356874794,-0.421703517,0.601085603,0.237788707,0.760761142,0.0582674779
6923636264180,20,-0.326200992,0.348356634,-0.421428889,0.557455122,0.284041524,0.778165817,0.0549741648
6924036270534,0,-0.150957212,0.322513312,-0.42408216,-0.170985296,0.399619192,0.88963753,-0.140048698
6924069604284,1,-0.160702437,0.319207191,-0.423722684,-0.18762815,0.394539148,0.893533647,-0.103596181
6924102925899,2,-0.175669596,0.31480664,-0.4235093,-0.191142559,0.395633459,0.896977127,-0.0486896224
6924136259753,3,-0.195152819,0.310989141,-0.423547775,-0.18490091,0.403207272,0.895967424,0.0218619332
6924186260117,4,-0.217708945,0.309384704,-0.423902035,-0.175665826,0.414012372,0.88774246,0.0982269943
6924219593555,5,-0.24121514,0.310938001,-0.424616724,-0.168601081,0.422651678,0.874011934,0.170418084
6924252933711,6,-0.263992548,0.315146208,-0.425831586,-0.163845614,0.425805151,0.857926786,0.236233324
6924286410274,7,-0.284323841,0.321184605,-0.427153528,-0.160480767,0.425346971,0.839548171,0.297463894
6924319602253,8,-0.300863296,0.328035802,-0.428371787,-0.160420388,0.426254302,0.817401528,0.352742612
6924352923347,9,-0.312901646,0.334049344,-0.429365307,-0.16716218,0.43108958,0.792553484,0.397589624
6924386260534,10,-0.320272863,0.337659746,-0.430114448,-0.183346868,0.43771556,0.769039154,0.428214669
6924419594701,11,-0.323158801,0.337572902,-0.430610657,-0.20923081,0.441560268,0.750992298,0.444136858
6924452931940,12,-0.321755141,0.333371997,-0.430894047,-0.243922353,0.438744456,0.740575612,0.446713477
6924486265899,13,-0.315730959,0.326076388,-0.430900872,-0.286044151,0.427399248,0.737496912,0.437729269
6924519591003,14,-0.30474773,0.317342937,-0.430469304,-0.332799733,0.408830047,0.738343298,0.420656055
6924552923451,15,-0.289008975,0.308711648,-0.429443747,-0.381079376,0.386756778,0.738561869,0.399654984
6924586264805,16,-0.269244432,0.301364034,-0.427740693,-0.429623932,0.362620324,0.736433029,0.376292616
6924619596576,17,-0.246602818,0.295895755,-0.425395638,-0.477761716,0.333339125,0.733610928,0.349919736
6924652941732,18,-0.222468078,0.292756528,-0.422533512,-0.524093568,0.296316534,0.731335759,0.320422351
6924686267721,19,-0.198196024,0.291970134,-0.418970525,-0.56792295,0.254088819,0.727584183,0.289004683
6924719597201,20,-0.175318033,0.293212205,-0.414803267,-0.609418094,0.212168485,0.718816459,0.258644521
6925136260690,0,-0.219210908,0.284545302,-0.416163653,0.884216309,-0.0846460089,-0.222849205,-0.401665002
6925169641055,1,-0.241429672,0.28874892,-0.425909817,-0.884283721,0.103149749,0.155860201,0.427913517
6925202934805,2,-0.261615694,0.29384461,-0.436415523,-0.880222678,0.117843702,0.0940178111,0.449979514
6925236278555,3,-0.278914481,0.298632711,-0.447123557,-0.872944653,0.12746729,0.0382960588,0.469311297
6925269595690,4,-0.292716414,0.302417755,-0.457488477,-0.863528371,0.131837219,-0.0111357532,0.486635059
6925302927930,5,-0.302504867,0.304864526,-0.466947943,-0.853432834,0.130752832,-0.0538432486,0.501654267
6925336264961,6,-0.307926804,0.305524468,-0.474722892,-0.844616473,0.123061292,-0.0883529857,0.513490677
6925369597357,7,-0.308880597,0.30437538,-0.480446219,-0.838826656,0.107086681,-0.113253631,0.521608949
6925402934596,8,-0.305666387,0.301266998,-0.483826518,-0.836624622,0.0820567608,-0.128425926,0.526148915
6925436290638,9,-0.298579067,0.296520174,-0.484490246,-0.837445617,0.0490969494,-0.135166049,0.527261317
6925469593086,10,-0.287972689,0.291105986,-0.482064605,-0.840107381,0.0114891818,-0.136048481,0.52495563
6925502929492,11,-0.274494022,0.286016852,-0.476374179,-0.844062328,-0.0272538308,-0.133263126,0.518706977
6925536262461,12,-0.258757561,0.28273508,-0.467432827,-0.850348592,-0.0663422048,-0.126457438,0.506472588
6925569608138,13,-0.242019683,0.281856716,-0.455816984,-0.859266102,-0.10622146,-0.114930511,0.487000793
6925602941002,14,-0.225037068,0.282923907,-0.442148715,-0.869454324,-0.144991457,-0.100392684,0.461462855
6925636301627,15,-0.208838552,0.285447061,-0.427288204,-0.879431069,-0.17866385,-0.0867031887,0.432623088
6925669608971,16,-0.194154352,0.288865358,-0.412125558,0.888854265,0.204942361,0.0765402615,-0.40258953
6925702926211,17,-0.181469381,0.292862475,-0.397508144,0.897881389,0.225556493,0.0689398199,-0.371726453
6925736298659,18,-0.171103612,0.297302037,-0.384271383,0.90597558,0.244008288,0.0611987151,-0.340474606
6925769708711,19,-0.163536668,0.302114308,-0.373494685,0.912025869,0.262015283,0.0522004552,-0.311178356
6925802931836,20,-0.158978254,0.306587696,-0.365651995,0.915256917,0.278709799,0.0437105149,-0.287602127
6926219589492,0,-0.278145313,0.289886475,-0.4835006,-0.808733463,-0.0741182044,-0.357168376,0.46139729
6926252928294,1,-0.286412567,0.293325514,-0.493793666,-0.791651964,-0.0561659783,-0.376908422,0.477569491
6926286278137,2,-0.291960716,0.295582652,-0.500363529,-0.777374566,-0.0445797183,-0.39035213,0.491250098
6926319605533,3,-0.294786125,0.29598707,-0.502992213,-0.76880455,-0.0382732861,-0.396866381,0.499971807
6926352923867,4,-0.29483822,0.294364154,-0.501478255,-0.768416703,-0.0382214412,-0.395055145,0.502002299
6926386257929,5,-0.292083442,0.290881902,-0.495720565,-0.776725113,-0.046827808,-0.383666068,0.49729827
6926419593085,6,-0.286439836,0.286561936,-0.485550553,-0.792489111,-0.0656805784,-0.362012565,0.486409307
6926453013502,7,-0.278162777,0.282441765,-0.47140184,-0.812576115,-0.092154637,-0.331743777,0.470291048
6926486281523,8,-0.267833591,0.279232562,-0.454072922,-0.834269762,-0.120698288,-0.295952529,0.449263841
6926519615950,9,-0.255978882,0.277803242,-0.434629828,-0.85677129,-0.14703019,-0.25669235,0.422414631
6926552923710,10,-0.243271902,0.278584719,-0.414285868,0.879562259,0.169876814,0.214570686,-0.389193475
6926586326419,11,-0.230382398,0.281956434,-0.39444527,0.900941133,0.189472914,0.170085639,-0.351391464
6926619599023,12,-0.217994586,0.287668109,-0.376523197,0.918600142,0.205348179,0.125478879,-0.313466012
6926652937512,13,-0.206731036,0.294632226,-0.361580342,0.931509256,0.216221869,0.0841697678,-0.280096471
6926686265325,14,-0.197096482,0.301494271,-0.350313842,0.940392613,0.221920773,0.0477889292,-0.253237188
6926719595429,15,-0.189427197,0.307365328,-0.343078762,0.946452916,0.223354757,0.0159295835,-0.232563406
6926752921835,16,-0.183905289,0.311373144,-0.340090811,0.950330198,0.221598446,-0.0121052535,-0.218220249
6926786271835,17,-0.180721641,0.312908441,-0.341334403,0.952094615,0.216975257,-0.0359144397,-0.212479904
6926819852304,18,-0.180032492,0.311620742,-0.346736252,0.95152247,0.209167749,-0.0542775318,-0.218878448
6926869611471,19,-0.182025611,0.30770272,-0.356253624,0.948168159,0.197507143,-0.0660079122,-0.240022913
6926902936939,20,-0.186751857,0.301849753,-0.369648546,0.941554964,0.181266665,-0.0708918422,-0.274938136
6927302927148,0,-0.298962414,0.297715247,-0.513328969,-0.750124574,0.101819634,0.134614781,0.639394045
6927336262877,1,-0.296634078,0.291267931,-0.502279162,-0.759161115,0.107190609,0.173681214,0.618077219
6927369619752,2,-0.291324407,0.2840783,-0.487037927,-0.775079727,0.112526365,0.218398705,0.582143664
6927402934752,3,-0.283217371,0.27764225,-0.468340129,-0.794201136,0.121398486,0.264894396,0.533233464
6927436268345,4,-0.272664934,0.273101807,-0.447181523,-0.811509311,0.134888068,0.309374779,0.477016926
6927469594804,5,-0.260259211,0.271054834,-0.424989909,0.823511481,-0.150900319,-0.351228178,-0.419161946
6927502941002,6,-0.246727467,0.271748424,-0.40333721,0.829354584,-0.166930944,-0.391945571,-0.361501932
6927536271106,7,-0.232929438,0.275032967,-0.383709878,0.829749823,-0.182512462,-0.432088673,-0.302495927
6927569598137,8,-0.219703972,0.280010134,-0.367089629,0.825089276,-0.199270651,-0.469567388,-0.242951304
6927602956054,9,-0.207943305,0.285709232,-0.354513168,0.815166473,-0.218941078,-0.502225399,-0.187984109
6927636283345,10,-0.198282897,0.290830702,-0.346441686,0.799429059,-0.241247013,-0.53108722,-0.143733919
6927669595064,11,-0.191056177,0.294037849,-0.343012571,0.776971877,-0.264160454,-0.560074925,-0.113358051
6927719598293,12,-0.186554074,0.294721395,-0.34426403,0.746858954,-0.285109013,-0.592999101,-0.0962630361
6927752932929,13,-0.185117468,0.29278186,-0.350076586,0.708768725,-0.302601993,-0.630944788,-0.0893735141
6927786298554,14,-0.186925054,0.288323075,-0.359915704,0.663630784,-0.317140847,-0.671549022,-0.0896536633
6927819593449,15,-0.192403063,0.282173753,-0.373735934,-0.612251282,0.330400974,0.711653531,0.0976361111
6927852943970,16,-0.201770335,0.275518745,-0.391002297,-0.553428888,0.342630863,0.750223339,0.116127267
6927886269439,17,-0.214972973,0.270052999,-0.411039203,-0.484301507,0.350221217,0.78838408,0.14576596
6927919604022,18,-0.23135218,0.267171621,-0.432574153,-0.404764742,0.347787738,0.826095998,0.18103753
6927952925481,19,-0.249668404,0.267493308,-0.454037368,-0.320869952,0.334390879,0.860303402,0.212375224
6927986262251,20,-0.268558323,0.270902872,-0.473885775,-0.240336001,0.314739347,0.888052583,0.233538777
6928386269283,0,-0.299167782,0.268927872,-0.423071951,0.248352334,0.425772607,0.86954695,0.0304446425
6928419595064,1,-0.281748086,0.267478377,-0.402812481,0.256718725,0.475469738,0.841400564,-0.00831312593
6928452939022,2,-0.263421446,0.269115657,-0.384245574,0.263136774,0.521654665,0.810136497,-0.0481078252
6928486271210,3,-0.245477259,0.273423493,-0.368395627,0.274140507,0.560150743,0.777521431,-0.0808614939
6928519614126,4,-0.228948608,0.279388607,-0.356069028,0.289730072,0.591090024,0.74522531,-0.106340401
6928552935585,5,-0.21456486,0.285589397,-0.347789466,0.305689275,0.615740001,0.71432358,-0.13099654
6928602932928,6,-0.202833012,0.290747404,-0.343761057,0.320358425,0.63332063,0.686304986,-0.158937037
6928636265376,7,-0.194184095,0.293795943,-0.343838722,0.336891979,0.641123831,0.663621545,-0.187271163
6928669588866,8,-0.188977897,0.294027627,-0.34770456,0.359961808,0.636786044,0.648648739,-0.210204154
6928702923814,9,-0.18751505,0.291293383,-0.35516566,0.391903967,0.619035184,0.642367303,-0.22487995
6928736262199,10,-0.189933807,0.285789996,-0.365610361,0.430713624,0.587912798,0.643511295,-0.233960539
6928769629334,11,-0.196044371,0.278947771,-0.379147977,0.470968723,0.544859469,0.64963752,-0.243490711
6928802932668,12,-0.205877826,0.272223681,-0.395254195,0.50748843,0.493526459,0.657644868,-0.25766328
6928836265949,13,-0.218997896,0.266914725,-0.412917495,0.539727747,0.438011378,0.66456753,-0.27420795
6928869588345,14,-0.234691069,0.264026225,-0.430870801,0.570792973,0.379945278,0.668568373,-0.287842542
6928902932668,15,-0.25195092,0.263870507,-0.447956026,0.601382613,0.319274873,0.6692698,-0.297456622
6928936264439,16,-0.269598395,0.266151488,-0.463090569,0.627839804,0.25746572,0.667288601,-0.307008982
6928969596886,17,-0.286448181,0.270171613,-0.475279659,0.647617519,0.198803574,0.662607133,-0.31940636
6929002933293,18,-0.301501572,0.275001705,-0.48391971,0.663536608,0.148351535,0.65328294,-0.333065122
6929036280793,19,-0.313983351,0.27955687,-0.48849076,0.681268692,0.109237298,0.636611462,-0.344479352
6929069609439,20,-0.323377669,0.282891601,-0.488937229,0.704006433,0.0816930607,0.611393213,-0.351993591
6929487252772,0,-0.20294039,0.277715951,-0.37143445,0.938730597,0.193620205,-0.0463739298,-0.281328082
6929519617772,1,-0.19126232,0.279517412,-0.372616768,0.935694516,0.194633663,-0.088150613,-0.280754209
6929552922042,2,-0.182581827,0.279259622,-0.37671268,0.930791616,0.187056646,-0.117283881,-0.291343987
6929586262824,3,-0.17728053,0.27755183,-0.383581161,0.924513996,0.17198281,-0.135615095,-0.311936378
6929619596938,4,-0.175470859,0.275420427,-0.392953068,0.916277945,0.154601321,-0.149737015,-0.337804705
6929652938397,5,-0.177036986,0.273290575,-0.404317439,0.905322194,0.140362009,-0.165647358,-0.365035921
6929686276470,6,-0.181944117,0.271312505,-0.417001545,0.891630769,0.128128678,-0.181966156,-0.394291669
6929719605845,7,-0.19000636,0.2695494,-0.430117816,-0.876273811,-0.110953778,0.192034021,0.427734017
6929752931313,8,-0.200875834,0.268087924,-0.442817032,-0.860848606,-0.0840443894,0.192347556,0.463550061
6929786264438,9,-0.213918045,0.267300546,-0.454302102,-0.846742749,-0.0504321456,0.186733857,0.495594412
6929819612667,10,-0.228170469,0.267593563,-0.463826507,-0.834890723,-0.0185194761,0.182556733,0.518929243
6929852929959,11,-0.2427641,0.268735617,-0.470958382,-0.825291157,0.00637049414,0.18372108,0.533948004
6929886280949,12,-0.257108837,0.270285159,-0.475412905,-0.817485213,0.0269313306,0.187814951,0.543799758
6929919600636,13,-0.270747989,0.271778643,-0.477073342,-0.811733723,0.0494436622,0.190327957,0.549926341
6929952935688,14,-0.283193827,0.272760212,-0.475938022,-0.809265494,0.0764545724,0.1901014,0.550550222
6929986265167,15,-0.293909013,0.273026019,-0.472232252,-0.811321318,0.104373641,0.190532342,0.542734981
6930019595844,16,-0.302428395,0.272504985,-0.466420919,-0.81779176,0.127521709,0.195918411,0.525900066
6930052931574,17,-0.308404386,0.271379381,-0.459025085,-0.826789439,0.143593594,0.207232848,0.502846539
6930086279751,18,-0.311643302,0.270062923,-0.450418711,-0.835634947,0.15503338,0.221255586,0.478251904
6930119608501,19,-0.312187225,0.268709838,-0.441280931,-0.842833817,0.165622547,0.233883277,0.455520511
6930152926521,20,-0.310043186,0.267395586,-0.432198703,-0.848740339,0.176111102,0.244607016,0.434502155
6930569609334,0,-0.192848325,0.277392954,-0.450002372,0.783295453,-0.0469658822,-0.49100858,-0.378355652
6930602951625,1,-0.189475134,0.278198093,-0.457638294,0.769070327,-0.0314548984,-0.504971325,-0.390570581
6930636275584,2,-0.188729078,0.278261542,-0.464036345,0.757389605,-0.0185018126,-0.515113473,-0.40084514
6930669591730,3,-0.190734223,0.277425319,-0.46879074,0.749175131,-0.00868584868,-0.521193743,-0.40867871
6930702928136,4,-0.195605963,0.275620729,-0.471575618,0.744717896,-0.00344612612,-0.522507131,-0.415174216
6930736261573,5,-0.203319892,0.272717237,-0.472248733,0.744052052,-0.0045591048,-0.518023431,-0.421921194
6930769600636,6,-0.213734061,0.268790722,-0.470582873,0.747546971,-0.0138107259,-0.506542206,-0.429415613
6930802938865,7,-0.226712748,0.264312088,-0.466619223,-0.755721092,0.0322594494,0.487002313,0.436662018
6930836273240,8,-0.241838008,0.259954214,-0.460532159,-0.768277705,0.0594393015,0.459258378,0.441925436
6930869685896,9,-0.258485168,0.256555021,-0.452602625,-0.783470631,0.0934062079,0.424207807,0.444406062
6930902947302,10,-0.275784016,0.255223393,-0.443287224,-0.798907399,0.131022736,0.383677334,0.444265366
6930936261313,11,-0.292594582,0.25656274,-0.433345467,-0.812891364,0.167968154,0.340961605,0.441292971
6930969621365,12,-0.307654619,0.260382503,-0.423434913,-0.825322926,0.200861171,0.299414635,0.43456614
6931002930792,13,-0.319981247,0.265918106,-0.414323092,-0.836921275,0.228223071,0.26112479,0.423427522
6931036266782,14,-0.328878909,0.27214241,-0.406644374,0.847994328,-0.249428034,-0.227174133,-0.408758134
6931069587146,15,-0.334038287,0.277539819,-0.400674999,0.858125806,-0.263710409,-0.198162064,-0.393457383
6931102931261,16,-0.335442632,0.280743271,-0.396592706,0.867011905,-0.269622594,-0.175279692,-0.380619258
6931136288917,17,-0.333054334,0.281061292,-0.394574195,0.87484026,-0.265133798,-0.160867751,-0.372129232
6931169604438,18,-0.32654044,0.27907297,-0.394866616,0.881835639,-0.247881576,-0.157775596,-0.368819028
6931202937094,19,-0.315652758,0.276191652,-0.397834808,0.887528181,-0.217635036,-0.166256934,-0.370523095
6931236274854,20,-0.300919294,0.273322493,-0.403371006,0.890983522,-0.178786039,-0.181418151,-0.3758609
6931652927823,0,-0.171786875,0.300577521,-0.487048239,-0.819884539,-0.198017597,0.162280649,0.512097001
6931686274594,1,-0.18314819,0.29595983,-0.482392818,-0.834915578,-0.175555289,0.112506568,0.509351194
6931719590792,2,-0.197820365,0.291102231,-0.475455135,-0.853811622,-0.143642843,0.0540724285,0.497442037
6931752922458,3,-0.214927018,0.287736237,-0.466519475,-0.872846186,-0.110641919,-0.00719463499,0.475232661
6931786259229,4,-0.233115554,0.286920786,-0.456215411,-0.888904333,-0.0847616643,-0.0652500689,0.445428938
6931819597875,5,-0.250998378,0.288745493,-0.445340008,0.901141107,0.0677178055,0.118542731,-0.411468804
6931853161208,6,-0.267518371,0.292683333,-0.434625745,0.910097241,0.055593092,0.169467866,-0.374049574
6931886262562,7,-0.281678647,0.298130274,-0.424778879,0.91610992,0.045314651,0.219592541,-0.332367748
6931919596677,8,-0.292706102,0.304308534,-0.416330576,0.918909669,0.039198488,0.26690951,-0.287798256
6931952950010,9,-0.29995665,0.310182393,-0.409762383,0.918059468,0.0427372232,0.308306694,-0.245534748
6931986307510,10,-0.303123623,0.314840168,-0.405490935,0.913099051,0.0599055625,0.343064457,-0.212057054
6932019592458,11,-0.302268445,0.317319334,-0.403543741,0.903466582,0.0907875746,0.372871906,-0.190977156
6932052928239,12,-0.297546834,0.317277551,-0.403797358,0.888180435,0.132271364,0.400409281,-0.182516262
6932086264385,13,-0.289354146,0.314969242,-0.406408817,0.866320372,0.178991631,0.428398818,-0.184188783
6932136259125,14,-0.278093368,0.311051309,-0.411405802,0.83733964,0.225730762,0.458839148,-0.193324983
6932169606052,15,-0.264099777,0.306407481,-0.418659151,0.80060178,0.269907534,0.492334187,-0.209269643
6932202999073,16,-0.247969866,0.302218109,-0.427993506,0.754927039,0.311585426,0.527826905,-0.233234718
6932236284281,17,-0.230606124,0.2993007,-0.438923061,0.699967265,0.350281239,0.563266695,-0.264725447
6932269595375,18,-0.213174105,0.298403025,-0.45071277,0.638368547,0.382285565,0.597373307,-0.299146235
6932302930219,19,-0.19696711,0.299742341,-0.462460488,0.575796604,0.403117478,0.630170524,-0.32990858
6932336261416,20,-0.183145121,0.302846372,-0.473376244,0.517110527,0.411402732,0.662327528,-0.353081733
6932736268708,0,-0.280305147,0.310167611,-0.441271186,0.322853625,0.443022192,0.835786402,0.0309507437
6932769600323,1,-0.295269191,0.316484332,-0.432457536,0.319923252,0.455757141,0.826203585,0.0855699182
6932802934333,2,-0.306782424,0.32297501,-0.425532132,0.308862329,0.468739927,0.817239761,0.130407542
6932836271625,3,-0.314418793,0.328621775,-0.420852274,0.289103955,0.482245117,0.810551047,0.16390714
6932869604177,4,-0.318044573,0.332382768,-0.418495238,0.261710972,0.495719939,0.806730449,0.186962888
6932902926364,5,-0.317739189,0.333574891,-0.418438643,0.227387086,0.507905602,0.806331158,0.200392276
6932936432354,6,-0.313643515,0.331917703,-0.420639485,0.186046019,0.51688832,0.810283363,0.204093635
6932969616937,7,-0.305817604,0.327730894,-0.425129086,0.137146533,0.520123065,0.819542289,0.197517648
6933002976416,8,-0.294564307,0.32163915,-0.431923628,0.0807920471,0.515044093,0.833884895,0.181212991
6933036262510,9,-0.280222267,0.315026611,-0.440955848,0.0186050627,0.499648333,0.85154593,0.157717958
6933086272249,10,-0.263505071,0.309398562,-0.451882571,-0.0457657166,0.473818868,0.869432032,0.132246315
6933119596364,11,-0.24557659,0.305940747,-0.464102596,-0.108309023,0.439757049,0.884716809,0.110268131
6933152918395,12,-0.227757409,0.305070519,-0.476812392,-0.166480646,0.399968088,0.896307886,0.0945618376
6933186259906,13,-0.211199149,0.306666404,-0.489075601,-0.219799891,0.355905294,0.904321194,0.084985666
6933219598031,14,-0.196985841,0.310160518,-0.500257611,-0.268304735,0.309264004,0.908728421,0.0811235532
6933252965843,15,-0.1859065,0.314650834,-0.509682834,-0.311808228,0.263923585,0.908841491,0.0844223127
6933286268343,16,-0.178449735,0.31906116,-0.516901016,-0.350956619,0.225107893,0.903759658,0.0968215317
6933319649385,17,-0.174630672,0.322129935,-0.521785319,-0.386995792,0.196265414,0.893070221,0.118910722
6933352917145,18,-0.174390391,0.323097557,-0.524273038,-0.421137303,0.178236976,0.876644671,0.149562851
6933386253968,19,-0.177610591,0.321766078,-0.524351656,-0.454239845,0.169636637,0.854511321,0.186279297
6933419602510,20,-0.184044644,0.318511516,-0.521974921,-0.486972034,0.168644667,0.826603472,0.22615011
6933819595687,0,-0.301941723,0.306446463,-0.426188707,0.838483274,-0.284073383,-0.263597578,-0.383098423
6933853077666,1,-0.296106637,0.304813147,-0.4267658,0.853633702,-0.258310318,-0.243458107,-0.381200045
6933886293030,2,-0.286867052,0.301876575,-0.429595232,0.865930259,-0.226399809,-0.228933081,-0.382749945
6933936262926,3,-0.27461648,0.298077792,-0.434566826,0.875408053,-0.187509552,-0.221331492,-0.386669517
6933969603864,4,-0.259688288,0.294105321,-0.44136095,0.881778419,-0.140106365,-0.222514749,-0.391566396
6934002929489,5,-0.242948204,0.29078868,-0.449704349,0.884166121,-0.0853372514,-0.231068477,-0.396957397
6934036263551,6,-0.22558707,0.288804978,-0.459121943,0.882013619,-0.0277154651,-0.242136732,-0.403303355
6934069588916,7,-0.208941594,0.288641691,-0.469009489,0.876068771,0.0274349116,-0.250721544,-0.410961717
6934102925895,8,-0.194277003,0.290448159,-0.478767961,-0.868107498,-0.0770924762,0.254603446,0.419074267
6934136279905,9,-0.182710126,0.293832451,-0.488008201,-0.859767497,-0.119952098,0.253165275,0.426987976
6934169603916,10,-0.174919367,0.297733307,-0.496515304,-0.852338791,-0.154495552,0.245421082,0.435222059
6934202927926,11,-0.171230093,0.301203191,-0.503994644,-0.847152889,-0.178512171,0.229770333,0.444602072
6934236615062,12,-0.171714127,0.303570002,-0.510300279,-0.845445275,-0.190889567,0.205500469,0.454481006
6934269590062,13,-0.176210999,0.304391325,-0.51541096,-0.847752988,-0.193457499,0.174068347,0.46215722
6934302925634,14,-0.184432253,0.30354777,-0.519357741,-0.853695929,-0.188604876,0.13728869,0.465599895
6934336259645,15,-0.196078643,0.301469386,-0.522121131,-0.862176538,-0.176307946,0.0950118974,0.465338469
6934369604905,16,-0.210874528,0.299237728,-0.523892701,-0.871430874,-0.155525595,0.0461535603,0.462914526
6934402933343,17,-0.228021055,0.297361612,-0.524782777,-0.879469752,-0.128887087,-0.00736460648,0.45811227
6934436287249,18,-0.246474668,0.296223462,-0.524944663,-0.885566354,-0.102846719,-0.0600634217,0.448984623
6934469591989,19,-0.265066385,0.295874357,-0.52451241,-0.890182436,-0.0829114169,-0.107111,0.435003638
6934502925270,20,-0.28286466,0.295833439,-0.523639739,-0.893341422,-0.069224678,-0.148610115,0.418406546
6934919595738,0,-0.300121933,0.256665885,-0.501561999,0.818163097,0.193117201,0.421074122,-0.340604573
6934952921363,1,-0.285193056,0.258053124,-0.49775961,0.805073798,0.228241801,0.423215717,-0.347347468
6934986271988,2,-0.26940918,0.260511547,-0.493509293,0.790420175,0.258128196,0.427347153,-0.354936928
6935019610374,3,-0.253456891,0.263689935,-0.488972455,0.778804481,0.276361912,0.435260236,-0.357262075
6935052929332,4,-0.237625852,0.267510355,-0.484045357,0.771771371,0.286485761,0.444476932,-0.35317862
6935086263238,5,-0.222193062,0.271922499,-0.478759438,0.766475797,0.297390491,0.451158911,-0.347173452
6935119608030,6,-0.207336336,0.277030677,-0.473371565,0.759561956,0.315794557,0.452665031,-0.344142139
6935152923967,7,-0.193421915,0.283132106,-0.468075037,0.750368834,0.340255439,0.449915618,-0.344599485
6935186262770,8,-0.180858165,0.289649695,-0.463022172,0.741669655,0.362721294,0.446803093,-0.344566971
6935219593030,9,-0.169951811,0.295829684,-0.458389461,0.73646009,0.376992196,0.44665727,-0.340588778
6935252933863,10,-0.16094701,0.301422626,-0.454508394,0.734514892,0.383080572,0.44995454,-0.333583653
6935286266103,11,-0.153711274,0.305698186,-0.451422185,0.732547224,0.38636902,0.454414457,-0.328025937
6935319626676,12,-0.148081452,0.30759871,-0.449076116,0.727858067,0.392295629,0.457370073,-0.327321589
6935352931051,13,-0.143964812,0.306355923,-0.447434843,0.720278084,0.401880264,0.45807758,-0.33144626
6935386260269,14,-0.141552761,0.301996648,-0.446448892,0.711515784,0.411811769,0.458110541,-0.338069588
6935419608863,15,-0.14119716,0.295193791,-0.446123809,0.704059243,0.416475087,0.460555553,-0.344583333
6935452945738,16,-0.143271938,0.286878169,-0.446611971,0.699572861,0.411894023,0.467714429,-0.349548697
6935486263551,17,-0.148037314,0.278450459,-0.44767043,0.698057771,0.39918977,0.478629708,-0.352528632
6935519596363,18,-0.155523196,0.270927966,-0.449088365,0.698840559,0.384847283,0.488883734,-0.352855682
6935552930634,19,-0.165533856,0.265081227,-0.450639397,0.701933861,0.374394178,0.494783759,-0.349724084
6935586274801,20,-0.177813262,0.261331379,-0.452217013,0.707456946,0.36712566,0.496789277,-0.343400419
6936002947561,0,-0.299055368,0.24505344,-0.47009927,0.786521196,0.175324872,0.512245953,-0.297068447
6936036307613,1,-0.291427284,0.242848486,-0.468840986,0.783628285,0.197521657,0.495414436,-0.318553716
6936069591675,2,-0.281387359,0.24260284,-0.46663487,0.782332599,0.210180804,0.480876088,-0.335466683
6936102927352,3,-0.269549638,0.243889272,-0.463411748,0.783064544,0.213413686,0.468985677,-0.348305881
6936136348290,4,-0.25629133,0.246395335,-0.459256858,0.785119236,0.214709014,0.456346631,-0.359493464
6936169606311,5,-0.241904363,0.249947116,-0.453964353,0.788440406,0.221234068,0.438915074,-0.369825304
6936202928915,6,-0.226740882,0.254493505,-0.447631031,0.793881655,0.233803257,0.415454209,-0.377472788
6936236293134,7,-0.211292192,0.25983876,-0.440452904,0.80227083,0.24630332,0.388917953,-0.380051315
6936269598811,8,-0.19593364,0.265511364,-0.432708472,0.813925028,0.250679463,0.364284515,-0.376805782
6936302930530,9,-0.180794239,0.270947546,-0.424690008,0.828304529,0.245387048,0.343048811,-0.368801236
6936336268550,10,-0.165856913,0.276219219,-0.416781127,0.844075382,0.237448156,0.320980668,-0.357947737
6936369604227,11,-0.151058197,0.281342685,-0.409469813,0.859317541,0.236842677,0.291579098,-0.34707424
6936402924592,12,-0.136440381,0.285827219,-0.403054446,0.871610701,0.24823676,0.252120316,-0.339276671
6936436280582,13,-0.12250375,0.288862705,-0.397958487,0.87895143,0.267520338,0.206560686,-0.336466849
6936469598550,14,-0.109858446,0.289368331,-0.394323558,0.881303608,0.286377817,0.162284523,-0.33905071
6936502924644,15,-0.0989715904,0.286563307,-0.392124534,0.880444705,0.298642546,0.124696888,-0.346526325
6936536261779,16,-0.0902097151,0.280134946,-0.391265035,0.878253818,0.303217441,0.0944079831,-0.357514352
6936586263238,17,-0.0841927603,0.270860434,-0.391723067,0.87572515,0.302755833,0.0684538484,-0.369808674
6936619593238,18,-0.0816499665,0.260246396,-0.39349255,0.873029768,0.300724268,0.0432238616,-0.381465077
6936652935269,19,-0.0833528042,0.249303192,-0.396591902,0.870247066,0.297603399,0.0182549395,-0.392133951
6936686279175,20,-0.0900362879,0.239237919,-0.400736928,0.868897557,0.286107063,6.3977408e-05,-0.403930396
6937086258706,0,-0.264329761,0.256589115,-0.422090352,-0.859623194,0.202936888,-0.00504376041,0.468870103
6937119592560,1,-0.256967902,0.247946188,-0.419660091,-0.859922886,0.183688655,0.0484408103,0.473755777
6937152924227,2,-0.243883386,0.24104692,-0.416826457,-0.861531258,0.159214452,0.11135444,0.469057441
6937186289540,3,-0.226061374,0.237407088,-0.413802147,-0.862824738,0.138088554,0.176166639,0.453244179
6937219636467,4,-0.205203161,0.236419722,-0.411034524,-0.860883653,0.122540489,0.237911671,0.432736874
6937252948237,5,-0.182746887,0.237415493,-0.408914506,0.854111195,-0.108492136,-0.298622042,-0.411762536
6937286265946,6,-0.15984489,0.240200892,-0.407494396,0.842655778,-0.0918365642,-0.362077981,-0.38781029
6937319608029,7,-0.13787885,0.244118944,-0.407004744,0.827781618,-0.0734085068,-0.427483737,-0.355874121
6937352924175,8,-0.118083186,0.248182863,-0.407387167,0.811058164,-0.0587842278,-0.488927484,-0.315719754
6937386259748,9,-0.101478495,0.251630664,-0.408598036,0.793449879,-0.0532899462,-0.5411309,-0.273449808
6937436269904,10,-0.0888617784,0.254063338,-0.410676211,0.774002194,-0.0574690327,-0.584494114,-0.236610442
6937469586102,11,-0.080805175,0.255181581,-0.41367206,0.750331938,-0.0677646473,-0.623525679,-0.208867595
6937502926935,12,-0.0777752176,0.254724562,-0.417548478,0.721483827,-0.0812003836,-0.661005855,-0.189575553
6937536265060,13,-0.0800122544,0.252704442,-0.422034532,-0.689578891,0.0987072363,0.695282996,0.176972687
6937569603654,14,-0.0873458311,0.248671368,-0.426716238,-0.657769501,0.12309821,0.723280609,0.170444429
6937602933758,15,-0.0995400473,0.242793545,-0.43141371,-0.626631618,0.155983001,0.744048297,0.17144753
6937636268602,16,-0.116700254,0.236625791,-0.43606627,-0.592757821,0.196660802,0.75908941,0.183700651
6937669588550,17,-0.138803631,0.232720092,-0.440594554,-0.549871981,0.240745664,0.771448016,0.211069345
6937702931623,18,-0.164824665,0.232980147,-0.444690168,-0.495037138,0.282257944,0.782082677,0.252220839
6937736259904,19,-0.192541406,0.237348616,-0.447946668,-0.432936877,0.31868422,0.788392603,0.299070507
6937769594956,20,-0.219668657,0.24545449,-0.450195014,-0.370082617,0.350638956,0.788721085,0.343526125
6938169631154,0,-0.21349892,0.239388153,-0.401944578,-0.146733209,0.455814302,0.869372368,0.122042492
6938202967925,1,-0.189555615,0.236446664,-0.39757809,-0.164408743,0.463981956,0.868520439,0.0579895452
6938236275477,2,-0.167380124,0.234908208,-0.394889116,-0.174912184,0.466396332,0.867109537,0.00111525471
6938269591102,3,-0.148423657,0.234493867,-0.394062012,-0.176080152,0.464873821,0.866513431,-0.0451949313
6938302931570,4,-0.133799776,0.234799996,-0.395171165,-0.170014292,0.463508427,0.865795434,-0.0815683156
6938336380529,5,-0.124003008,0.234710336,-0.398088813,-0.159269631,0.464179486,0.864281654,-0.110398322
6938386261675,6,-0.119363464,0.233807638,-0.402571678,-0.142123744,0.46542418,0.863722563,-0.131013423
6938419603654,7,-0.120160446,0.231841698,-0.408416688,-0.114592381,0.464443147,0.866720617,-0.141267702
6938453135581,8,-0.126210049,0.228502348,-0.41530171,-0.0753539577,0.459773153,0.87353909,-0.140925258
6938486262612,9,-0.137069225,0.223796964,-0.422760546,-0.0258886088,0.452222556,0.881844759,-0.13105087
6938519599227,10,-0.152365014,0.21882534,-0.430342317,0.0327805467,0.442995101,0.888941288,-0.111642808
6938552924539,11,-0.171360746,0.215058953,-0.437552899,0.0993136391,0.430991918,0.892917097,-0.0841537565
6938586257299,12,-0.192694873,0.213529721,-0.443928719,0.169380382,0.412380099,0.893473387,-0.0543893017
6938619593237,13,-0.214700595,0.215074837,-0.44921273,0.236181065,0.384406745,0.891936958,-0.0299732126
6938652928810,14,-0.235760763,0.21965836,-0.452888787,0.294740051,0.349750668,0.889143169,-0.0150725264
6938686261154,15,-0.254615188,0.226661354,-0.454533428,0.345381707,0.315294683,0.883875549,-0.00805061497
6938719602872,16,-0.270399541,0.234982699,-0.45386079,0.390594542,0.287054121,0.874642432,-0.00603522826
6938752935008,17,-0.282679409,0.243066594,-0.450922847,0.430725813,0.267717481,0.861815453,-0.00876148418
6938786261935,18,-0.291276455,0.249723464,-0.445952803,0.464340329,0.257736415,0.847143948,-0.0175241884
6938819592768,19,-0.296289235,0.254121393,-0.439282477,0.491029829,0.256438792,0.831900001,-0.0327300504
6938852928966,20,-0.297929376,0.255625755,-0.431065232,0.512821913,0.262714744,0.815622509,-0.0524835028
6939269591258,0,-0.177967876,0.241756648,-0.373346329,0.643032372,0.527100325,0.477176219,-0.284565479
6939302925528,1,-0.178044975,0.240281612,-0.385547161,0.645537913,0.516676843,0.470422238,-0.308267355
6939336259018,2,-0.182317287,0.23797746,-0.400194705,0.650070906,0.496344894,0.470645517,-0.330971807
6939369601205,3,-0.190585315,0.234301388,-0.416564435,0.655019879,0.466531843,0.47715354,-0.354431242
6939402932768,4,-0.202463105,0.229007348,-0.433810622,0.660404742,0.426099628,0.489756554,-0.377416462
6939436297872,5,-0.217826784,0.223291084,-0.451055974,0.66896528,0.371739894,0.50856024,-0.394539475
6939469598966,6,-0.236203745,0.219177678,-0.467116028,0.682626665,0.302695572,0.531325161,-0.400112212
6939502925476,7,-0.256346673,0.21838899,-0.48040539,0.697306275,0.227841765,0.552562177,-0.395635128
6939536262351,8,-0.276277304,0.221290126,-0.490023941,0.706927299,0.162476003,0.567784727,-0.389199018
6939569598237,9,-0.294239372,0.226590291,-0.495181441,0.71179384,0.115192808,0.575842738,-0.385337859
6939602931362,10,-0.309185088,0.232704744,-0.495721579,0.717816114,0.0832561031,0.576701701,-0.381082147
6939636350007,11,-0.320663244,0.238028362,-0.491951764,0.729661703,0.0596574992,0.570554018,-0.372159749
6939669591830,12,-0.32841149,0.241487548,-0.484332085,0.747322679,0.0420506075,0.557812691,-0.358588338
6939702926466,13,-0.332113057,0.242633626,-0.473348975,0.768500745,0.0336093567,0.538655221,-0.343696922
6939736262039,14,-0.331460923,0.241399333,-0.459506512,0.791609585,0.0385438614,0.512454033,-0.330544293
6939769612716,15,-0.326285005,0.238205984,-0.443517804,0.816241086,0.0588337779,0.477709234,-0.319504231
6939802931518,16,-0.316553891,0.234144568,-0.426175684,0.841332853,0.0921374485,0.434015989,-0.308706701
6939836270580,17,-0.302681744,0.230585024,-0.408510536,0.864014685,0.131330669,0.385081291,-0.2965523
6939869630893,18,-0.285512835,0.228291333,-0.391692191,0.881493866,0.16876632,0.337434769,-0.28394407
6939902932507,19,-0.266100705,0.227594689,-0.376827806,0.893177271,0.202038273,0.294603974,-0.273172855
6939936311934,20,-0.245574653,0.228744715,-0.364923835,0.900054216,0.233694211,0.254883587,-0.26518631
6940352917715,0,-0.186575845,0.224381179,-0.456309438,-0.792822242,-0.231021225,-0.245997593,0.507491171
6940386382872,1,-0.203926384,0.223743141,-0.465452224,-0.788801253,-0.19259502,-0.275000304,0.514853954
6940419590268,2,-0.222312301,0.224348709,-0.471044809,-0.786930084,-0.156551808,-0.301398426,0.515161633
6940452936726,3,-0.240671858,0.225708097,-0.472858131,-0.788934112,-0.119564123,-0.326096147,0.506901085
6940486346049,4,-0.257961571,0.227506191,-0.470847428,-0.796107054,-0.0814945176,-0.347950965,0.488367051
6940519604486,5,-0.273109943,0.229275182,-0.465060472,-0.807671487,-0.0476635173,-0.36415261,0.461289346
6940552925684,6,-0.285172522,0.230501503,-0.455950797,-0.821927249,-0.0250392761,-0.372297764,0.430352151
6940586258965,7,-0.293412447,0.230986163,-0.444119543,0.837749243,0.0176049024,0.371393263,-0.399916649
6940619602611,8,-0.297441572,0.230613515,-0.430278718,0.854487836,0.0239100568,0.362308264,-0.371499002
6940652936778,9,-0.29722628,0.22963804,-0.415254563,0.871513247,0.0392757431,0.347070903,-0.344185859
6940686264330,10,-0.292739928,0.228521764,-0.39988187,0.887821138,0.0591628067,0.328180671,-0.317129016
6940719592247,11,-0.284360379,0.227474391,-0.385127008,0.9019382,0.0818529651,0.307716757,-0.291749895
6940752922455,12,-0.272512645,0.226687282,-0.371888906,0.91245091,0.109447822,0.285816491,-0.271594197
6940786261934,13,-0.257802248,0.22632575,-0.361003309,0.91827774,0.144046739,0.261936605,-0.25962618
6940819598080,14,-0.241139114,0.226438195,-0.353109926,0.918745577,0.184368134,0.237185866,-0.256237745
6940852924955,15,-0.223570287,0.226790845,-0.34847033,0.913990855,0.225490153,0.215288088,-0.259665102
6940886269382,16,-0.206279621,0.22716178,-0.347415447,0.905120134,0.261736572,0.200837836,-0.268170893
6940919595371,17,-0.189954922,0.22689724,-0.34950754,0.893509865,0.289830059,0.196444422,-0.281155229
6940952975319,18,-0.175254196,0.225712582,-0.354581267,0.879701495,0.309648603,0.201828822,-0.299179196
6940986307559,19,-0.162586764,0.223472476,-0.362285107,0.863485277,0.32289055,0.21462971,-0.322597176
6941036274590,20,-0.152170435,0.220013976,-0.37211892,0.845120132,0.330170631,0.233173847,-0.349841774
6941436270371,0,-0.128915563,0.179272592,-0.448602676,0.709892213,0.254858375,0.536334813,-0.378741652
6941469592923,1,-0.125257716,0.175234035,-0.441936076,0.696611166,0.28885904,0.539540529,-0.374418736
6941502932038,2,-0.122202501,0.171519876,-0.433489263,0.685703814,0.320651978,0.541681767,-0.365476996
6941536259798,3,-0.120221958,0.168329626,-0.423668146,0.67706877,0.347298265,0.544704497,-0.352503628
6941569593757,4,-0.119736023,0.16579996,-0.413051993,0.669590592,0.369606942,0.548951626,-0.33718133
6941602941309,5,-0.121018447,0.164132163,-0.402160376,0.662674785,0.389731586,0.55354774,-0.320244133
6941636268027,6,-0.124204904,0.163641289,-0.391501039,0.656377554,0.408286214,0.558150172,-0.301561326
6941669590944,7,-0.129330352,0.16412729,-0.381559372,0.6499542,0.424091905,0.56384784,-0.282455623
6941702927715,8,-0.136243984,0.164624363,-0.37272197,0.642205775,0.435876995,0.572121024,-0.265066981
6941736259746,9,-0.144747108,0.164290205,-0.3652623,0.633199692,0.442644209,0.583792388,-0.249621198
6941769597507,10,-0.154671803,0.163216904,-0.359407932,0.624329925,0.443101138,0.5992347,-0.234075427
6941802930215,11,-0.165757388,0.161728472,-0.355294615,0.616110146,0.437688947,0.617779613,-0.21722126
6941836267246,12,-0.177679598,0.15993309,-0.352945924,0.606531382,0.42934534,0.638144493,-0.201379985
6941886272350,13,-0.190011472,0.157792851,-0.352213562,0.593189895,0.421182573,0.659368575,-0.189642012
6941919604329,14,-0.202439353,0.154777825,-0.35289827,0.575928569,0.413814843,0.68111378,-0.182064682
6941952937923,15,-0.214779079,0.14941287,-0.354614317,0.556330502,0.40603888,0.703244567,-0.176283509
6941986258809,16,-0.226938292,0.140289247,-0.35686633,0.535726786,0.397104979,0.725450158,-0.170371637
6942019601829,17,-0.238798887,0.128366202,-0.359297514,0.515012324,0.387083888,0.747184694,-0.163228139
6942052935267,18,-0.250084996,0.115163639,-0.361584693,0.496150315,0.376825541,0.767188251,-0.152510941
6942086265006,19,-0.260622978,0.101869084,-0.363595366,0.481072724,0.367843837,0.784021735,-0.136271223
6942119593496,20,-0.270096272,0.088985838,-0.365111828,0.468419999,0.362262726,0.797359169,-0.116476372
6942519601829,0,-0.213329703,0.0159061532,-0.360299826,0.224711075,0.466943413,0.854384363,0.038679827
6942552929694,1,-0.193708494,0.0186076872,-0.363830388,0.188948676,0.475468278,0.858554602,0.0333519913
6942586260996,2,-0.173061296,0.0224989038,-0.368673384,0.149316773,0.4802396,0.864019215,0.0233500525
6942619594850,3,-0.154944122,0.0284072589,-0.375438958,0.0960473716,0.474243134,0.873946726,0.0456671454
6942652933965,4,-0.147626325,0.0395409949,-0.387719542,0.00616573868,0.439982027,0.880961955,0.17402263
6942702932194,5,-0.138418868,0.049768053,-0.401272833,-0.142460838,0.417949408,0.864348352,0.240676418
6942736259954,6,-0.126404718,0.0578805059,-0.413592875,-0.330444694,0.386661768,0.824198008,0.248991236
6942769603808,7,-0.113379918,0.0708145872,-0.424432725,-0.502900422,0.311807066,0.765976787,0.251290828
6942802929590,8,-0.101294607,0.0883247554,-0.433910191,-0.616477549,0.218729779,0.689145863,0.311754256
6942836271673,9,-0.0903202742,0.10635151,-0.441421449,0.683998883,-0.14722757,-0.578410029,-0.419417918
6942869592089,10,-0.0800998956,0.125056416,-0.445909888,-0.732685149,0.108571723,0.429158211,0.51692158
6942902973027,11,-0.0703511909,0.144619629,-0.447225511,-0.786087215,0.0671749413,0.278355449,0.547788918
6942936266204,12,-0.060951326,0.163958147,-0.44584927,-0.839445174,-0.0100410152,0.152399048,0.521541476
6942969595319,13,-0.0528041385,0.184261963,-0.442302912,-0.872040689,-0.115156054,0.043830961,0.473669648
6943002935006,14,-0.0474423058,0.205532193,-0.437308341,-0.864884257,-0.2099538,-0.0775827095,0.449305594
6943036294069,15,-0.0451239124,0.225134999,-0.431918859,-0.816911817,-0.271030515,-0.224460796,0.456962675
6943069604069,16,-0.0454771444,0.243649468,-0.426413834,-0.74374038,-0.307241499,-0.374761939,0.46044153
6943102925475,17,-0.0480660796,0.261865705,-0.42018348,0.667924285,0.351639837,0.498237401,-0.426598251
6943136261725,18,-0.0526886806,0.278355002,-0.413261354,0.591255963,0.419080049,0.587104082,-0.3606897
6943169612350,19,-0.060122285,0.29261443,-0.406722277,0.500696599,0.497006416,0.648452342,-0.286001921
6943203028600,20,-0.0701742619,0.303518862,-0.401696473,0.386728436,0.55841583,0.697337985,-0.228763178
6943602938027,0,-0.329079628,0.275181353,-0.473680705,-0.685571134,0.297862947,0.448265433,0.490232557
6943636384902,1,-0.347955853,0.280213356,-0.484670788,-0.72189188,0.289926559,0.348442286,0.522879243
6943686229277,2,-0.362038255,0.285519361,-0.494797021,-0.747588992,0.258157521,0.26513207,0.551516414
6943719596152,3,-0.371597737,0.289494216,-0.503234208,-0.766291142,0.218610734,0.188633338,0.573955297
6943753003860,4,-0.377415478,0.290616065,-0.509513915,-0.782186508,0.189659879,0.109857261,0.583219349
6943786264745,5,-0.379990786,0.287822425,-0.513701618,-0.798665643,0.173547164,0.0305984784,0.575394034
6943819590006,6,-0.378645688,0.281888247,-0.515459239,-0.818799376,0.158590019,-0.0397370234,0.550306976
6943852953652,7,-0.372430831,0.274706423,-0.514648974,-0.841706038,0.126623899,-0.0919010788,0.516770303
6943886268391,8,-0.361134619,0.267310828,-0.511276066,-0.859581649,0.0689282194,-0.126909629,0.490165561
6943919595787,9,-0.345890224,0.260373354,-0.505604327,-0.864336729,-0.00474523986,-0.155078486,0.478382885
6943952927610,10,-0.328080326,0.254361331,-0.497716248,-0.857343674,-0.0765359998,-0.184684962,0.474336952
6943986258027,11,-0.308827311,0.249955162,-0.487651169,-0.850032985,-0.137258932,-0.213557512,0.461516052
6944019611204,12,-0.289148271,0.247759283,-0.475849956,-0.849630475,-0.192518711,-0.234387249,0.431424648
6944052958912,13,-0.270078599,0.247919887,-0.463070244,0.848847449,0.250209183,0.245824769,-0.395504177
6944086280631,14,-0.252861023,0.250092298,-0.450549513,0.83638674,0.309885651,0.254012495,-0.374039829
6944119639120,15,-0.238470823,0.253219724,-0.438957423,0.811019242,0.364386916,0.265384734,-0.372881919
6944152924068,16,-0.227662712,0.256668031,-0.428567588,0.782924533,0.406590223,0.281822443,-0.377213091
6944186263287,17,-0.220807582,0.259728938,-0.419526339,0.763671637,0.435602844,0.301806688,-0.368739128
6944219598131,18,-0.217854887,0.261387229,-0.411897093,0.754951119,0.454344749,0.323818177,-0.344617784
6944252942245,19,-0.218830064,0.261264384,-0.406222343,0.74972564,0.464100093,0.348619103,-0.317784965
6944286645631,20,-0.223419026,0.2590864,-0.402993441,0.739916384,0.466096014,0.377927452,-0.30405435
6944702924953,0,-0.377987355,0.238640666,-0.469718069,0.679713309,0.206868708,0.675608635,-0.196845561
6944736271308,1,-0.379482001,0.238819823,-0.473324537,0.670490444,0.201362759,0.682988286,-0.208380863
6944769603391,2,-0.377486497,0.238162786,-0.475145578,0.665249407,0.206702709,0.682378173,-0.221533731
6944802990318,3,-0.372255981,0.236969233,-0.474987239,0.669665933,0.220067427,0.671184063,-0.229411975
6944836272714,4,-0.364022344,0.235777453,-0.473119318,0.67988956,0.236013144,0.653577268,-0.234274819
6944869590266,5,-0.353118777,0.234731674,-0.469965339,0.68658042,0.250508815,0.636914968,-0.245340556
6944902930474,6,-0.339913368,0.234162375,-0.465605825,0.685238063,0.263948768,0.623643875,-0.268045008
6944936261464,7,-0.325071037,0.234727636,-0.460056663,0.681623638,0.279345959,0.608129621,-0.295860529
6944969619276,8,-0.309247136,0.236519381,-0.453086436,0.685830593,0.297395706,0.584195077,-0.316082716
6945002999068,9,-0.293054223,0.239146397,-0.444940239,0.701240718,0.314419597,0.55216223,-0.323293477
6945036265526,10,-0.276973575,0.241971716,-0.436229706,0.722059727,0.326799929,0.516661346,-0.323871344
6945069593339,11,-0.261456639,0.244920671,-0.427518576,0.740647554,0.3352516,0.481096089,-0.328015417
6945102936724,12,-0.246885195,0.248319358,-0.419175655,0.754565656,0.344442815,0.443760633,-0.339214265
6945136318443,13,-0.23380518,0.252873242,-0.411557645,0.767743528,0.357723951,0.400040388,-0.35010159
6945169596620,14,-0.222866371,0.258832514,-0.40509057,0.78517729,0.370942712,0.350094408,-0.351186603
6945203066568,15,-0.214581698,0.265565872,-0.399997801,0.807373881,0.373961926,0.301439941,-0.342686206
6945236276464,16,-0.209270954,0.272526979,-0.396804273,0.83071661,0.35928455,0.262418121,-0.334606141
6945269594901,17,-0.206843391,0.279013366,-0.39569971,0.851549208,0.328502744,0.234157935,-0.334843159
6945302926464,18,-0.206853896,0.284638464,-0.396541357,0.869282961,0.289022237,0.210368082,-0.341406673
6945336261984,19,-0.208787739,0.289804041,-0.399184644,0.885256708,0.247619569,0.183783606,-0.348179132
6945386263703,20,-0.212024331,0.293700993,-0.403351665,0.899744987,0.208373532,0.150460929,-0.352705181
6945786259693,0,-0.278611869,0.24984479,-0.45753929,-0.725469351,0.155037895,0.457838416,0.489940286
6945819598911,1,-0.281988978,0.254751861,-0.45205754,-0.698317409,0.204517514,0.50041765,0.469156265
6945852929849,2,-0.283964008,0.259392709,-0.444975376,-0.670003593,0.257209867,0.53967303,0.440103769
6945886263495,3,-0.28424561,0.263779938,-0.437229127,0.633835256,-0.299926698,-0.583795786,-0.409242362
6945919599797,4,-0.282986403,0.267037064,-0.429373354,-0.587522268,0.330179751,0.633511543,0.380081713
6945952931411,5,-0.280388504,0.268150538,-0.421607018,-0.534211814,0.355132312,0.682662129,0.349958897
6945986271620,6,-0.27652967,0.266796827,-0.414068997,-0.479771018,0.383712977,0.724172235,0.313302875
6946019593234,7,-0.271399647,0.264104128,-0.407186747,-0.427924812,0.419193715,0.755192101,0.266161382
6946052927765,8,-0.265143037,0.261861563,-0.401772797,-0.374632299,0.453290433,0.780750751,0.211203009
6946086269224,9,-0.258277714,0.260639727,-0.398458898,-0.310645759,0.474022031,0.808699489,0.157503694
6946119607661,10,-0.251854062,0.259736538,-0.397588044,-0.232480571,0.480184406,0.838605165,0.110077575
6946152928026,11,-0.246197239,0.258823216,-0.398744375,-0.14536649,0.480495006,0.862300754,0.0665620118
6946186257609,12,-0.241495222,0.257958055,-0.401494265,-0.0581415631,0.484557539,0.872556388,0.0216532853
6946219595994,13,-0.237835392,0.256677419,-0.405558437,0.0251292158,0.492895216,0.869290531,-0.0275101531
6946252939536,14,-0.235527754,0.254756391,-0.410906553,0.108079679,0.496374309,0.857727528,-0.0789607987
6946286279536,15,-0.234947145,0.252257466,-0.417193532,0.196483299,0.485213876,0.84227097,-0.128613636
6946336267922,16,-0.236267731,0.249110132,-0.424140662,0.291320324,0.45763281,0.821798444,-0.174218163
6946369621619,17,-0.239346713,0.245764658,-0.431086123,0.388095647,0.420297474,0.791163146,-0.216316208
6946402932192,18,-0.243962541,0.243153661,-0.437454283,0.480529249,0.383654237,0.745632827,-0.25677368
6946436265474,19,-0.249708429,0.241733357,-0.442865252,0.564782619,0.352585524,0.684581518,-0.296735942
6946469603182,20,-0.256278932,0.241480991,-0.447207361,0.640212417,0.320864767,0.612088859,-0.335441649
6946869600161,0,-0.301155388,0.228992894,-0.422187567,0.634256244,-0.320017099,-0.622217059,-0.328867823
6946902924067,1,-0.299138933,0.22610572,-0.419191211,-0.540597856,0.35635677,0.709267378,0.278753579
6946936258911,2,-0.29691565,0.222472742,-0.41664809,-0.435483128,0.395259142,0.775749207,0.228774682
6946969600734,3,-0.294391036,0.218506083,-0.414693087,-0.322532743,0.434703201,0.821744561,0.178161949
6947002933807,4,-0.291775435,0.215075612,-0.413820177,-0.204515532,0.466376245,0.851843119,0.122596599
6947036269327,5,-0.289197892,0.212918118,-0.414247751,-0.0833934471,0.482580632,0.869906485,0.0585166588
6947069591255,6,-0.28690207,0.212223604,-0.415999353,0.0400503799,0.482638448,0.874827802,-0.011508544
6947102931202,7,-0.285355419,0.212873578,-0.418913245,0.16617988,0.471876055,0.862165451,-0.0799246356
6947152919432,8,-0.284721136,0.213992178,-0.422581583,0.293959916,0.455538034,0.82838434,-0.140897244
6947186260109,9,-0.284685194,0.2153963,-0.42667973,0.418679446,0.433864743,0.773663521,-0.194714352
6947219590317,10,-0.285244763,0.217026502,-0.431320697,0.53206116,0.403245121,0.702238977,-0.247315004
6947252935213,11,-0.286571831,0.21870859,-0.436607599,0.627630353,0.360379159,0.619714141,-0.30358097
6947286329952,12,-0.288795114,0.220394447,-0.442095011,0.705316424,0.305629045,0.528287888,-0.360598862
6947319591307,13,-0.291932881,0.222511992,-0.447127402,0.769493341,0.242874756,0.425820023,-0.409352094
6947352940682,14,-0.295674235,0.225404263,-0.451141059,-0.822249889,-0.177398592,-0.309739977,0.4432787
6947386270838,15,-0.299622089,0.228991866,-0.454000175,-0.859665751,-0.112447053,-0.181800708,0.463981688
6947419596775,16,-0.303735197,0.23323901,-0.455747306,-0.875810027,-0.0476284623,-0.0486612394,0.47782886
6947452928442,17,-0.308052242,0.237982363,-0.456484199,-0.868523896,0.0182377156,0.0828325823,0.488336354
6947486267609,18,-0.311953038,0.242857262,-0.455678254,-0.840636671,0.0854013339,0.209218368,0.492203474
6947519602713,19,-0.315260559,0.247819811,-0.45343855,-0.796634555,0.15336369,0.328931838,0.483380586
6947552921202,20,-0.317586839,0.252325714,-0.449780077,-0.7387411,0.220433637,0.440727562,0.459815025
6947952919535,0,-0.225699589,0.254097104,-0.40402025,0.558025718,0.392181158,0.695637286,-0.225588262
6948002969588,1,-0.212300643,0.254139423,-0.405975401,0.636733532,0.362474829,0.616816938,-0.287609607
6948036266723,2,-0.199584767,0.255032986,-0.408396542,0.706564426,0.328059554,0.527276874,-0.339297384
6948069597244,3,-0.187789425,0.256536692,-0.410937548,0.766446769,0.28723976,0.430400878,-0.380536169
6948102929848,4,-0.177012801,0.257839143,-0.413313568,0.813559353,0.242144108,0.328423351,-0.414277107
6948136258858,5,-0.167502955,0.258568555,-0.415635765,-0.846956015,-0.195354015,-0.222718358,0.441473514
6948169609327,6,-0.159169301,0.25854829,-0.417467386,-0.867605627,-0.147524104,-0.114992626,0.460731834
6948202929431,7,-0.151945964,0.257633239,-0.418545574,-0.876777709,-0.0972563624,-0.0082080923,0.470887125
6948236268077,8,-0.145648107,0.255140334,-0.418776989,-0.874803066,-0.0438512713,0.0947936475,0.473086506
6948269592973,9,-0.140078276,0.250783354,-0.418109983,-0.861616075,0.0112369144,0.19267647,0.46943289
6948302956775,10,-0.135006368,0.244376868,-0.416539401,-0.837035,0.0644029453,0.286258191,0.461823523
6948336259952,11,-0.130224913,0.235515445,-0.414093435,-0.801202357,0.110882521,0.377670437,0.450715959
6948369632348,12,-0.125651389,0.224009186,-0.410737187,-0.755228281,0.146982655,0.468520999,0.434182435
6948403015733,13,-0.12138892,0.210995361,-0.406496763,0.702335835,-0.173260897,-0.557131529,-0.407810599
6948436333858,14,-0.117663786,0.197552517,-0.40101698,-0.64835602,0.198004708,0.636185586,0.368370086
6948469632452,15,-0.114655189,0.184844449,-0.394103676,-0.597949684,0.233293235,0.69653666,0.320729047
6948502925837,16,-0.112593897,0.174595147,-0.386039972,-0.54763943,0.281391084,0.737415612,0.277719915
6948536263389,17,-0.111719824,0.168170303,-0.377573222,-0.488096178,0.328772664,0.769384325,0.248431861
6948569628441,18,-0.111834481,0.166222036,-0.36948511,-0.417652905,0.362294197,0.80116719,0.228998095
6948602938389,19,-0.112440996,0.167237446,-0.361737877,-0.345749199,0.38558358,0.829557359,0.208847672
6948636263129,20,-0.113108888,0.169000357,-0.354353189,-0.280256689,0.41046533,0.847861409,0.184676677
6949052924066,0,-0.0878661647,0.171568498,-0.35069117,0.227761939,0.424219161,0.873356938,-0.0735545978
6949086264743,1,-0.0852274522,0.171733797,-0.355185658,0.235068843,0.415894002,0.8729918,-0.0982858613
6949119595577,2,-0.0834800005,0.170807898,-0.359052181,0.244071901,0.413206577,0.86989969,-0.113858558
6949152934066,3,-0.0828430504,0.169459447,-0.362063348,0.256980211,0.412414193,0.8658849,-0.118823558
6949186260420,4,-0.0833228827,0.168388784,-0.36418879,0.269994408,0.409169316,0.863558531,-0.11811094
6949219597868,5,-0.0848817676,0.16818805,-0.365368664,0.276528746,0.402669698,0.864454627,-0.118773773
6949252933597,6,-0.0873856023,0.168940455,-0.365535289,0.27416116,0.396765828,0.867424011,-0.122425787
6949286267920,7,-0.0907941461,0.170170084,-0.364527375,0.267214328,0.396160007,0.869696438,-0.123619884
6949319596410,8,-0.0952099934,0.171543583,-0.362260699,0.261709571,0.4022834,0.869609356,-0.115998909
6949352945577,9,-0.100567132,0.172808185,-0.358926475,0.259357363,0.41251719,0.867698431,-0.0982991308
6949386262972,10,-0.10659349,0.173850656,-0.354897887,0.256669998,0.422697037,0.865928233,-0.074940145
6949419595785,11,-0.112952977,0.174752876,-0.350597829,0.24803035,0.430574179,0.866216779,-0.0524913259
6949452993597,12,-0.119321816,0.175429016,-0.346331507,0.230476543,0.437045306,0.868734121,-0.0342494585
6949486601254,13,-0.12557064,0.175778925,-0.342200816,0.205816269,0.444445103,0.871658444,-0.0178824272
6949519602295,14,-0.131643414,0.175838336,-0.338392019,0.177865744,0.454136074,0.872996449,0.0011882165
6949552919952,15,-0.137441799,0.175872982,-0.335095018,0.148857683,0.464998394,0.872341275,0.0252691116
6949586272816,16,-0.142765626,0.176116556,-0.332640827,0.117295727,0.474078149,0.871095061,0.0518166237
6949619591983,17,-0.147338912,0.176554322,-0.331326425,0.0797616467,0.478809983,0.870998085,0.0757719278
6949652930889,18,-0.150966212,0.177255198,-0.331223339,0.0348549783,0.478632033,0.872155666,0.0950845033
6949686275681,19,-0.153592125,0.17839466,-0.332366586,-0.0154115111,0.474874735,0.872678995,0.11264009
6949719599014,20,-0.155225068,0.179775074,-0.334573954,-0.0676518604,0.469414055,0.870247483,0.133202672
6950136260055,0,-0.114821143,0.203875571,-0.382623464,0.740815639,-0.107704028,-0.525002658,-0.404924959
6950169603910,1,-0.112109788,0.21274209,-0.380655915,0.786748767,-0.0556699149,-0.456162006,-0.41212067
6950202972920,2,-0.111426458,0.221353978,-0.377270281,-0.82673496,0.0139349708,0.370382965,0.42323938
6950236265889,3,-0.112969615,0.229838744,-0.372833461,-0.859414339,-0.017838994,0.268302321,0.434859365
6950269591305,4,-0.116658457,0.238860562,-0.367764771,-0.884019613,-0.046467755,0.156911492,0.437868506
6950302957347,5,-0.122084305,0.248521969,-0.362580329,-0.900244713,-0.0796646401,0.0450859182,0.425652713
6950336349899,6,-0.128736913,0.258299559,-0.3578839,0.906768799,0.120583467,0.0624123402,-0.399167448
6950369868649,7,-0.136206448,0.266762525,-0.354016155,0.90051657,0.16758886,0.166045517,-0.365257114
6950402962243,8,-0.144294009,0.272426426,-0.351296604,0.878501177,0.217017829,0.268162608,-0.330496311
6950436261045,9,-0.152720362,0.274403602,-0.350005895,0.83912009,0.265258074,0.369981825,-0.297706395
6950469601149,10,-0.161231026,0.272295475,-0.350276649,0.782284737,0.311072171,0.469293594,-0.266511142
6950502923857,11,-0.169556245,0.26625219,-0.35215205,0.709012568,0.354554385,0.562218964,-0.235589132
6950536259482,12,-0.177461907,0.256884605,-0.355569988,0.621421456,0.393849134,0.646151125,-0.202994987
6950569597347,13,-0.18489939,0.24503611,-0.360414386,0.522646666,0.424224228,0.720559597,-0.16633743
6950602937972,14,-0.191822737,0.231420219,-0.36657396,0.415680051,0.440966219,0.785709918,-0.124172449
6950636288545,15,-0.198129714,0.215995207,-0.373502851,0.302112758,0.442334265,0.840892434,-0.0772540793
6950686355420,16,-0.203742638,0.199061021,-0.380856872,0.182422891,0.430200607,0.883690715,-0.0272043068
6950719602034,17,-0.208651245,0.182054117,-0.387983829,0.057290487,0.408516943,0.910611868,0.0248552207
6950752921149,18,-0.21303387,0.165573195,-0.394150883,-0.0715352595,0.383085251,0.917551398,0.0789164901
6950786261878,19,-0.217198566,0.149260387,-0.398905903,-0.200169817,0.356610149,0.90242821,0.135589764
6950819593389,20,-0.221613809,0.133743957,-0.401845336,-0.321963787,0.327394396,0.86631161,0.196612388
6951219589899,0,-0.325518966,0.231857955,-0.350792289,0.786691129,0.224606797,0.545757234,-0.181157097
6951252929534,1,-0.328718662,0.247854695,-0.352715582,0.69934994,0.289698333,0.643367827,-0.114290684
6951286262763,2,-0.329700023,0.258250594,-0.356343389,0.592683136,0.357237577,0.72015959,-0.0497809537
6951319592399,3,-0.32845208,0.262416452,-0.361431301,0.47002089,0.421206415,0.775579214,0.0119332224
6951352927451,4,-0.324932128,0.260365337,-0.367777675,0.335168064,0.473261207,0.811607182,0.0705689639
6951386263284,5,-0.319237739,0.251924485,-0.375213116,0.192691937,0.505016029,0.831840992,0.125972927
6951419593909,6,-0.31113258,0.237690955,-0.383695036,0.0469351038,0.508641005,0.841094077,0.177882552
6951452933388,7,-0.300569147,0.218693227,-0.392724484,-0.0984390154,0.480577976,0.841611743,0.225929722
6951486270159,8,-0.287153065,0.196525961,-0.401800871,-0.240911037,0.425077736,0.829890311,0.26935631
6951519599065,9,-0.271037012,0.173247129,-0.410157681,-0.379876971,0.358628601,0.795275092,0.307597965
6951569611982,10,-0.252981037,0.150030419,-0.4164882,-0.514523685,0.298107773,0.728076875,0.341029555
6951602930263,11,-0.234404236,0.128609031,-0.420824319,-0.636189163,0.239344552,0.632516861,0.371348858
6951636269742,12,-0.216187268,0.110705718,-0.423638254,0.730305314,-0.162567824,-0.527275443,-0.402748555
6951669608336,13,-0.199075833,0.0969314128,-0.424520999,-0.791217029,0.0633608997,0.422955692,0.437114924
6951702936044,14,-0.184224188,0.0881517157,-0.422433078,-0.827312469,-0.0336102806,0.306908458,0.469288379
6951736314638,15,-0.17294763,0.0827004537,-0.417811424,-0.850262582,-0.103341438,0.165233999,0.488949686
6951769602190,16,-0.165602893,0.0797693282,-0.4111996,-0.861026227,-0.148860738,0.00471041072,0.486263484
6951802978492,17,-0.16175513,0.080626294,-0.403343976,-0.852802336,-0.189481154,-0.156469211,0.46080634
6951836273701,18,-0.16041559,0.0855916813,-0.394907802,-0.818683624,-0.240737557,-0.303739488,0.423727393
6951869603701,19,-0.160928711,0.0935965478,-0.386448205,0.757413864,0.300666839,0.434363663,-0.383734137
6951902938649,20,-0.162882492,0.103473723,-0.378408611,0.675542533,0.356693029,0.550066233,-0.337401181
6952302928544,0,-0.211128235,0.121134035,-0.345843136,0.704697669,-0.246426061,-0.586316049,-0.314497858
6952336267971,1,-0.216953382,0.113857672,-0.347794294,0.774623036,-0.185358658,-0.497903347,-0.343064934
6952369607971,2,-0.22376664,0.107037008,-0.350653917,0.82553941,-0.121479265,-0.403879225,-0.374978691
6952402936669,3,-0.231608629,0.100501969,-0.35395664,0.858373106,-0.0577381514,-0.305414379,-0.408147037
6952452939378,4,-0.240631744,0.095076941,-0.357510418,-0.877351463,-0.0019308168,0.202968076,0.434804142
6952486268752,5,-0.250911832,0.0918146521,-0.361045271,-0.887146771,-0.0543793999,0.0976086631,0.447756648
6952519596461,6,-0.262419373,0.0912417173,-0.364298552,-0.888346195,-0.0983242244,-0.00990119763,0.448414326
6952552920471,7,-0.274965376,0.0932469741,-0.367193639,-0.877728164,-0.134091675,-0.119249798,0.444288433
6952586261148,8,-0.288069367,0.0971841663,-0.369711787,-0.854009867,-0.164277017,-0.227304578,0.438192755
6952619595055,9,-0.301255435,0.102744631,-0.371792376,-0.821602523,-0.192499146,-0.327762365,0.424835503
6952652940940,10,-0.31427002,0.109430142,-0.372819245,0.78763622,0.219939739,0.416285872,-0.39744404
6952686264742,11,-0.326938093,0.117103912,-0.372837603,0.755845487,0.243421867,0.493727982,-0.354508191
6952719597346,12,-0.338905901,0.125528887,-0.372003347,0.723861456,0.259590268,0.563792229,-0.301290333
6952752934534,13,-0.349608451,0.13456136,-0.370605588,0.686879098,0.269552171,0.628703833,-0.245500058
6952786264065,14,-0.358403623,0.143809423,-0.368850678,0.643197298,0.279480517,0.686660171,-0.191535234
6952819593179,15,-0.364716232,0.153045118,-0.366759747,0.595773101,0.295729607,0.733636796,-0.139195725
6952852937919,16,-0.368213505,0.16191268,-0.36426416,0.548381686,0.320452422,0.767479241,-0.0869678631
6952886348336,17,-0.3688142,0.169837102,-0.361754656,0.501382411,0.350674987,0.7901631,-0.0358471274
6952919759690,18,-0.366558999,0.175638989,-0.359432608,0.45235765,0.380490869,0.806521773,0.011042024
6952952927554,19,-0.361720651,0.177879333,-0.357555419,0.399013042,0.405486494,0.82084775,0.0507769473
6952986310211,20,-0.354509622,0.175559402,-0.356255203,0.340029895,0.424647629,0.835132301,0.0812901184
6953402928388,0,-0.137098983,0.099311851,-0.369251579,-0.261268765,0.350876331,0.884802461,0.160464972
6953436272294,1,-0.116744995,0.112045899,-0.368298113,-0.286585301,0.340427488,0.882363379,0.15301244
6953469608908,2,-0.0980781168,0.125928447,-0.366467923,-0.313679516,0.33411938,0.877975643,0.138304502
6953502925835,3,-0.0816089436,0.140560493,-0.363920003,-0.338458449,0.330633909,0.872685134,0.120614253
6953536260210,4,-0.0679130182,0.155368581,-0.360916883,-0.356069088,0.329962552,0.867822468,0.105942048
6953569612710,5,-0.0573361106,0.170253307,-0.357678801,-0.365321606,0.334724009,0.863105118,0.0977217183
6953602942450,6,-0.0500058085,0.184870169,-0.354496002,-0.368392199,0.347440869,0.857020676,0.095329091
6953636264794,7,-0.0458939075,0.199461311,-0.351705849,-0.367043436,0.368056089,0.848831654,0.0964293927
6953669589950,8,-0.0448939279,0.214315921,-0.349771172,-0.36024797,0.391824603,0.840813637,0.0986272469
6953703324169,9,-0.0467171744,0.229229301,-0.349115521,-0.345363975,0.412145764,0.837085485,0.100734875
6953736295679,10,-0.0510148518,0.243960395,-0.349976867,-0.321295887,0.425897032,0.839589834,0.102320977
6953769620679,11,-0.0573005043,0.257658005,-0.352204978,-0.289883345,0.434304327,0.84667474,0.102417141
6953802928179,12,-0.0650682747,0.26886031,-0.35556829,-0.254280001,0.440089881,0.855485499,0.0990312174
6953836286356,13,-0.0739999935,0.276773959,-0.3598364,-0.216949448,0.445033371,0.864120185,0.0904133096
6953869591512,14,-0.0840303227,0.281535178,-0.364914209,-0.178095922,0.449256122,0.872112811,0.076615952
6953902931773,15,-0.0952493697,0.284015417,-0.370768487,-0.136191085,0.451009274,0.880113423,0.0586769208
6953936275835,16,-0.107712626,0.284666598,-0.377241671,-0.0890597552,0.448346168,0.88857913,0.0384861119
6953969990262,17,-0.121327832,0.283107519,-0.384035081,-0.0359127969,0.441081762,0.896581769,0.0172698814
6954002937242,18,-0.135908246,0.278870434,-0.390913188,0.0209570229,0.430717707,0.902220249,-0.0064564147
6954036276044,19,-0.151390597,0.271515578,-0.397495955,0.0785689577,0.419188678,0.90382731,-0.0346984826
6954069595471,20,-0.167677,0.26071918,-0.403562993,0.135501504,0.407496393,0.900552332,-0.0677607059
6954486271668,0,-0.342276186,0.0564791262,-0.374219626,0.902151406,0.0619197972,0.26034528,-0.33839196
6954519594273,1,-0.340244979,0.0534726605,-0.369125932,0.91623193,0.0138570135,0.163181394,-0.365648538
6954552938387,2,-0.335007459,0.052894298,-0.365407079,0.91676259,-0.0296910014,0.0603718981,-0.393725842
6954586256043,3,-0.327090591,0.0544927157,-0.362920344,0.906543791,-0.0754257143,-0.0444411077,-0.412933767
6954619596148,4,-0.316931367,0.0576756969,-0.361455232,-0.885640681,0.129775077,0.14401643,0.421969473
6954652966304,5,-0.304283082,0.0623790771,-0.360883296,-0.851996601,0.188358217,0.238432676,0.426348299
6954686267762,6,-0.28909862,0.068468295,-0.361351848,-0.803426743,0.238031596,0.336190879,0.429909497
6954719598491,7,-0.27139309,0.0759266615,-0.362589151,0.73960799,-0.271066874,-0.441701829,-0.429420829
6954752919220,8,-0.251715451,0.0839489251,-0.364112467,0.663700819,-0.292908013,-0.547971904,-0.416452765
6954786260418,9,-0.230589345,0.0916503817,-0.365339667,-0.581560016,0.316022098,0.643035471,0.385257542
6954819590418,10,-0.208275571,0.0982762128,-0.365944356,-0.496620625,0.346248329,0.720970213,0.33716765
6954852931095,11,-0.185073704,0.103062101,-0.366351992,-0.407282323,0.377208412,0.784547389,0.27626133
6954886267606,12,-0.160860136,0.106086016,-0.366164893,-0.312011778,0.398493111,0.838456571,0.202095136
6954919641304,13,-0.136384532,0.108080819,-0.365866214,-0.214774683,0.405374587,0.881937921,0.108299643
6954952928335,14,-0.112564497,0.109761,-0.365629017,-0.123621576,0.405355096,0.905732393,-0.00733085582
6954986316564,15,-0.0909861624,0.112104259,-0.36541599,-0.040961571,0.412550449,0.900390267,-0.131991163
6955019594585,16,-0.073772192,0.115685418,-0.364927799,0.0428559966,0.436410457,0.865356386,-0.242626384
6955052935783,17,-0.0623717308,0.119889908,-0.364004135,0.138788357,0.473764926,0.807049394,-0.323968887
6955086265262,18,-0.0574358106,0.123879485,-0.362725317,0.245980859,0.511020958,0.731471777,-0.378549933
6955136262814,19,-0.0585741624,0.126261532,-0.361773908,0.353973746,0.534362495,0.642470181,-0.419989705
6955169630106,20,-0.0654049218,0.125764996,-0.361276716,0.455418646,0.537822604,0.543146491,-0.456434637
6955569606668,0,-0.436019987,0.209570721,-0.368525803,-0.322007835,0.530083358,0.552086651,0.557245791
6955602952033,1,-0.445445418,0.229548141,-0.369368106,-0.170442581,0.517694771,0.618170738,0.566397786
6955636282137,2,-0.449232548,0.241995856,-0.369354814,-0.0245867148,0.491934031,0.674646676,0.54977107
6955669596980,3,-0.447874278,0.245802969,-0.368845701,0.110463955,0.461112231,0.721260667,0.504931986
6955702927970,4,-0.44120422,0.240904868,-0.368479997,0.229482993,0.427996904,0.760797858,0.430514574
6955736260678,5,-0.428481638,0.228323847,-0.36899361,0.327781796,0.391502887,0.795494437,0.32630232
6955769802032,6,-0.40826875,0.210915551,-0.371157706,0.404630065,0.350034714,0.821582556,0.196856037
6955802934168,7,-0.379573852,0.19328025,-0.374984652,0.472013593,0.310856014,0.822867632,0.0588268824
6955836267397,8,-0.342802614,0.17965509,-0.379420578,0.545577228,0.295395017,0.781210065,-0.0692682341
6955869590314,9,-0.299471885,0.172766283,-0.383828104,0.617961407,0.316237271,0.695378482,-0.185920551
6955902926564,10,-0.252856612,0.174760252,-0.389004618,0.666205406,0.354792655,0.583242655,-0.30020085
6955952941147,11,-0.207615152,0.185280681,-0.395081073,0.691569209,0.378177434,0.463913053,-0.404349566
6955986274376,12,-0.166875392,0.202126503,-0.400755197,-0.716420829,-0.382200688,-0.340095371,0.474340498
6956019597814,13,-0.132405773,0.222073868,-0.405795097,-0.748968542,-0.384752601,-0.20647268,0.498377919
6956052952032,14,-0.104435757,0.242478654,-0.410194993,-0.77973479,-0.391009361,-0.0647168383,0.484703094
6956086271095,15,-0.0833124891,0.261018813,-0.414302498,-0.798835814,-0.38880381,0.0743118078,0.45295772
6956119597814,16,-0.068702817,0.275311857,-0.418204248,0.806367636,0.365205765,-0.198495731,-0.420708269
6956152947449,17,-0.0598521158,0.283729643,-0.421571583,0.809194028,0.315262794,-0.301144987,-0.393860549
6956186272449,18,-0.0563130751,0.28600347,-0.424012393,0.813839674,0.238831714,-0.379561871,-0.369536459
6956219600418,19,-0.0579324253,0.283021063,-0.425138086,0.820935547,0.140078858,-0.434957117,-0.342425197
6956252927657,20,-0.0651226491,0.277574509,-0.42516619,0.822867155,0.02837044,-0.47391811,-0.312228143
6956652953438,0,-0.230044082,0.330599338,-0.438057959,0.0339962579,0.466386288,0.877288163,0.108136952
6956686272865,1,-0.232639745,0.327723503,-0.440286428,0.100336447,0.486600041,0.865831256,0.0590694584
6956719599168,2,-0.234565675,0.320850194,-0.443285555,0.173273444,0.490760386,0.853702784,0.0179479942
6956752923178,3,-0.235987619,0.309433937,-0.447081894,0.247044995,0.476228684,0.843587697,-0.0231252089
6956786262605,4,-0.236956373,0.295645386,-0.451789021,0.311220258,0.445447892,0.836066663,-0.0755689815
6956819601251,5,-0.237739965,0.281466275,-0.457126558,0.360085249,0.413831443,0.824114323,-0.141130149
6956852931407,6,-0.23899138,0.268134594,-0.46227318,0.40210858,0.398263276,0.798365414,-0.205688342
6956902936147,7,-0.241354644,0.255778641,-0.466414154,0.451705307,0.397435129,0.757762551,-0.252593696
6956936265105,8,-0.245160833,0.243534029,-0.469652802,0.51248616,0.393313527,0.710222661,-0.279725254
6956969670938,9,-0.250335366,0.231164977,-0.472087473,0.572546244,0.371032149,0.665645778,-0.302393228
6957002929167,10,-0.25692293,0.219148114,-0.473652393,0.615094125,0.334960967,0.627958596,-0.339305699
6957036284792,11,-0.264824659,0.207373515,-0.47375071,0.639812648,0.306004971,0.588230669,-0.388568401
6957069618074,12,-0.273918271,0.19489862,-0.471762389,0.66230911,0.298530817,0.535314381,-0.430888057
6957102931042,13,-0.28450039,0.181583658,-0.467611313,-0.695744395,-0.309093535,-0.467247576,0.449533761
6957136260209,14,-0.296934873,0.16752775,-0.461493343,-0.741509795,-0.315584123,-0.394038975,0.441931218
6957169602344,15,-0.31157732,0.153432608,-0.453974068,0.788544953,0.292037964,0.334297478,-0.425624073
6957202933334,16,-0.328410566,0.140072346,-0.445564091,0.822978318,0.239516065,0.295401394,-0.421991378
6957236281928,17,-0.346605986,0.128920332,-0.436164677,-0.844941318,-0.188015252,-0.25920698,0.428411275
6957269592709,18,-0.365040451,0.120790839,-0.425733566,-0.866697252,-0.161043793,-0.204088569,0.42573303
6957302926094,19,-0.383385062,0.115027368,-0.414849252,0.892705798,0.147541463,0.134019047,-0.404161811
6957336265938,20,-0.401936322,0.109787844,-0.404263824,0.915794134,0.119207315,0.0751540363,-0.376115143
6957752924219,0,-0.42441836,0.144112274,-0.410299927,-0.834642947,0.175070375,0.263695091,0.450762063
6957786282188,1,-0.403574616,0.154668123,-0.419415504,-0.817565739,0.176156089,0.283034801,0.46951738
6957819592657,2,-0.380788624,0.164499238,-0.428605735,-0.799884439,0.175025821,0.299877465,0.48951444
6957852932865,3,-0.35579434,0.173037827,-0.437014908,-0.783748031,0.160505563,0.324948281,0.504366517
6957886265000,4,-0.328931957,0.180250406,-0.444117457,-0.770249188,0.131664619,0.359098464,0.510322332
6957919672292,5,-0.300890952,0.18668361,-0.449282348,-0.759813309,0.0992023498,0.39354676,0.507901132
6957952935625,6,-0.272459418,0.191753849,-0.452179044,-0.752750814,0.0764380544,0.418126941,0.502686083
6957986259688,7,-0.244126782,0.194652975,-0.452828377,-0.749274075,0.0668806359,0.430564791,0.49872762
6958019589584,8,-0.216329411,0.195570946,-0.451429814,-0.749418736,0.0632877126,0.436216354,0.494046062
6958052942605,9,-0.189063743,0.194402367,-0.447844207,-0.752971292,0.0534878001,0.443673998,0.483039021
6958086288855,10,-0.162603542,0.191258311,-0.442162871,-0.759538531,0.0295723174,0.45835191,0.460586816
6958119592448,11,-0.13776888,0.186543018,-0.434452713,0.768285573,0.00570514938,-0.477855742,-0.425862193
6958152993855,12,-0.115800798,0.180908516,-0.424749076,0.779183865,0.0385128893,-0.491862684,-0.386601031
6958186263438,13,-0.0976943076,0.174266532,-0.41335991,0.793223143,0.0557017736,-0.49099502,-0.355834574
6958219591719,14,-0.0836838186,0.165820375,-0.400815189,0.809664667,0.0579845756,-0.475993574,-0.338394761
6958252939427,15,-0.0737902373,0.155214995,-0.387868285,0.826149762,0.0547263622,-0.453775257,-0.329499066
6958286310573,16,-0.0682858825,0.143552259,-0.375032634,0.841087282,0.0553102382,-0.431404352,-0.321563751
6958319596198,17,-0.0677607805,0.13221243,-0.362735808,0.855679214,0.059968859,-0.408470869,-0.312039077
6958352923021,18,-0.0722551346,0.121409297,-0.351407677,0.872294426,0.058825653,-0.375655353,-0.307449281
6958386264219,19,-0.0815008432,0.111326769,-0.341495037,0.889984727,0.0458066277,-0.326728165,-0.314766079
6958419596979,20,-0.0948447287,0.102708645,-0.333582968,0.904639959,0.0257547889,-0.266134501,-0.33186692
6958836265781,0,-0.253999531,0.0980238616,-0.387497842,0.826309383,0.160823882,0.341149449,-0.418288827
6958869603229,1,-0.258934706,0.0968861729,-0.39494437,0.800064564,0.152038351,0.407280475,-0.413404942
6958902928333,2,-0.262234986,0.0962670669,-0.400397897,0.776058912,0.146981299,0.467277378,-0.397216469
6958936265417,3,-0.263596207,0.095896028,-0.403468847,0.750998855,0.153902739,0.519698739,-0.377131045
6958969622708,4,-0.262815684,0.0956860557,-0.403838247,0.721638024,0.170409396,0.567770541,-0.357541353
6959002934427,5,-0.259971231,0.095718421,-0.401383609,0.688617766,0.189357743,0.613669932,-0.336687446
6959036263073,6,-0.255193263,0.0956487209,-0.396101236,0.655373871,0.209373653,0.655745447,-0.310878873
6959069593437,7,-0.248639375,0.0953915939,-0.387978047,0.622931004,0.236865759,0.690850079,-0.280317217
6959102949427,8,-0.240567163,0.0956502482,-0.377103418,0.588454127,0.277859181,0.717481613,-0.248467669
6959136264062,9,-0.231335461,0.0967589244,-0.364252985,0.548223615,0.329738855,0.736862302,-0.218533903
6959169991198,10,-0.221551865,0.0988939777,-0.350173026,0.501392066,0.383772373,0.751589775,-0.190886259
6959203011250,11,-0.211683065,0.101470873,-0.335570544,0.45042491,0.43307662,0.763424933,-0.163537115
6959236331667,12,-0.20225139,0.103710897,-0.321451545,0.398062229,0.476667851,0.77221024,-0.134259447
6959269597031,13,-0.19352901,0.105634108,-0.308716178,0.344294637,0.517043471,0.77682358,-0.103307091
6959302926823,14,-0.185723349,0.107684262,-0.298345089,0.285126299,0.556387544,0.776725352,-0.0763783455
6959336272083,15,-0.179003254,0.109736905,-0.291269422,0.215590805,0.592848063,0.773379505,-0.0627371371
6959369629167,16,-0.173703626,0.111238904,-0.288133442,0.13752082,0.618691087,0.77080375,-0.0645826682
6959402933906,17,-0.17043753,0.112257756,-0.289354295,0.0597801842,0.625591993,0.774414718,-0.0730947554
6959436520417,18,-0.169888601,0.112578347,-0.295138299,-0.00999949779,0.613090515,0.78623116,-0.0765543208
6959469590937,19,-0.172432303,0.111881576,-0.305220127,-0.0705229193,0.587548912,0.803140461,-0.0691245049
6959502942500,20,-0.178204685,0.11021468,-0.31927669,-0.124003738,0.555855513,0.82043463,-0.0503460467
6959919594427,0,-0.310243994,0.157628715,-0.524729252,-0.439353079,0.187711447,0.637426615,0.604500294
6959952963593,1,-0.307617038,0.15229246,-0.521146953,-0.489815116,0.189253822,0.583484352,0.619524121
6959986282552,2,-0.301647544,0.144189715,-0.512303352,-0.552053869,0.189595878,0.528960347,0.616028368
6960019595364,3,-0.292063683,0.135215744,-0.497846365,-0.622826993,0.181764916,0.475008339,0.594487309
6960052926250,4,-0.279299587,0.126670882,-0.478384018,-0.695416451,0.164212748,0.419731706,0.559692264
6960086272604,5,-0.264075309,0.119930208,-0.454634309,-0.764241099,0.139699712,0.359966636,0.516569018
6960119601145,6,-0.247322351,0.116355851,-0.428088158,-0.82648921,0.108094372,0.296137094,0.466405392
6960152927552,7,-0.229853973,0.116711736,-0.400570065,0.879860938,-0.0641934201,-0.233876079,-0.408688068
6960186260364,8,-0.212541491,0.121155843,-0.374000758,0.920948267,-0.00547591643,-0.177771166,-0.346729994
6960219592239,9,-0.196441025,0.129198149,-0.35008958,0.946945488,0.0636575148,-0.125991777,-0.288735211
6960252962864,10,-0.182521552,0.139459565,-0.330119848,0.957627416,0.136332214,-0.0729355067,-0.242989123
6960286264270,11,-0.171538517,0.150241941,-0.31516996,0.954517543,0.208128661,-0.0150142806,-0.212963104
6960319600468,12,-0.163479194,0.159795091,-0.305230677,0.939250052,0.277216464,0.0479509048,-0.196624249
6960352925572,13,-0.158369958,0.1669866,-0.300353318,0.912662983,0.342125624,0.11550837,-0.191452742
6960402939531,14,-0.156111345,0.1709342,-0.300366938,0.875043869,0.400746942,0.187930718,-0.195913628
6960436282083,15,-0.156552553,0.17122744,-0.305102944,0.826675475,0.448922336,0.267624974,-0.208454385
6960469595885,16,-0.159517154,0.168019116,-0.314395547,0.768637121,0.481118113,0.356945813,-0.224303454
6960502928385,17,-0.164898112,0.162249818,-0.32811901,0.703006506,0.492786974,0.455792427,-0.234938517
6960536260520,18,-0.172657654,0.155569449,-0.346208841,0.632009387,0.482679427,0.560350597,-0.23149927
6960569605520,19,-0.182317004,0.150117502,-0.367997855,0.555427253,0.455243826,0.663190067,-0.210790396
6960602939426,20,-0.192966506,0.147990569,-0.392381817,0.470253825,0.418738991,0.75652808,-0.176590785
6961002940103,0,-0.232407361,0.151451886,-0.460035354,-0.717536271,0.102238104,0.475514621,0.498572856
6961036298228,1,-0.231248394,0.14474389,-0.435660779,-0.805467665,0.0686626583,0.347334564,0.475253612
6961069591458,2,-0.231464997,0.142428666,-0.40872395,-0.876192749,0.0322506092,0.204532802,0.435215443
6961102964114,3,-0.232967868,0.145189017,-0.381692588,0.921661615,0.0162585471,-0.0585397556,-0.383208334
6961136258905,4,-0.235127002,0.151625514,-0.356750995,0.939377725,0.085423097,0.0752905682,-0.323424995
6961169594895,5,-0.237688124,0.15890044,-0.335302919,0.930297315,0.17269671,0.191494316,-0.260869086
6961202929583,6,-0.240551561,0.163834408,-0.316952974,0.894929707,0.269277602,0.29322052,-0.201524496
6961252949999,7,-0.243825302,0.165441081,-0.302681625,0.832499266,0.366123199,0.386538714,-0.153253436
6961286263905,8,-0.24738197,0.165821806,-0.294149548,0.741291285,0.451092333,0.4810628,-0.12482582
6961302928957,9,-0.250846416,0.16618906,-0.292176843,0.6265046,0.511856735,0.578059256,-0.106499664
6961352925728,10,-0.253796309,0.166061446,-0.295981228,0.499870837,0.546126783,0.667719185,-0.0776254684
6961386271197,11,-0.25592649,0.164415851,-0.304314494,0.367942423,0.558872223,0.742439389,-0.032618776
6961419605780,12,-0.256832182,0.160091534,-0.316294968,0.22961016,0.554334283,0.799758792,0.0194556247
6961453165103,13,-0.256159067,0.153577045,-0.33133772,0.0811896548,0.530666411,0.841123879,0.0656661168
6961486272343,14,-0.253565013,0.148096725,-0.348738432,-0.0753923357,0.478594482,0.868948638,0.100953542
6961519603489,15,-0.249729946,0.147238314,-0.367217153,-0.22248587,0.398565322,0.878079355,0.143604904
6961552920468,16,-0.245674446,0.150675505,-0.384829402,-0.344876528,0.315319389,0.858012855,0.213184997
6961586401614,17,-0.241720036,0.155472368,-0.400182128,-0.44665882,0.250565678,0.803385437,0.303783774
6961619590468,18,-0.237808317,0.160008237,-0.41255635,-0.536967874,0.20282571,0.7179389,0.393815875
6961652930728,19,-0.233978748,0.164553568,-0.421298951,-0.61866504,0.151527852,0.616722703,0.462542921
6961686410311,20,-0.230475932,0.168458641,-0.42619729,-0.687439322,0.0815897137,0.512983859,0.50756073
6962086268436,0,-0.279565573,0.141572818,-0.287004083,0.494262487,0.433443576,0.753528059,-0.00517135952
6962119596509,1,-0.27854383,0.140076429,-0.278126806,0.397128165,0.496862382,0.770169735,0.0474930219
6962152927134,2,-0.2745938,0.137503073,-0.27230525,0.292561978,0.545153439,0.780694246,0.0879298151
6962202932134,3,-0.267920762,0.133226335,-0.269710362,0.189265713,0.566044927,0.792419732,0.125867292
6962236377186,4,-0.258549333,0.126775339,-0.27028954,0.0881913975,0.562095463,0.806415558,0.16113621
6962269597551,5,-0.246317372,0.118438222,-0.273771286,-0.0165054202,0.543641329,0.818667054,0.184298277
6962302927343,6,-0.231355309,0.108466752,-0.279600412,-0.128772333,0.51977396,0.822896361,0.189984947
6962336269322,7,-0.214221701,0.0980678052,-0.287429124,-0.243146956,0.489123851,0.81702286,0.184691861
6962369620676,8,-0.196075305,0.0887146965,-0.297083586,-0.344811976,0.443412662,0.806361377,0.185124964
6962402932759,9,-0.17810595,0.0812854841,-0.308351696,-0.421502501,0.3796812,0.797709882,0.204540312
6962436474530,10,-0.161103606,0.076570496,-0.320468217,-0.475185126,0.305640936,0.789710224,0.239040673
6962462304686,11,-0.145513192,0.0744764432,-0.33208558,-0.520757735,0.235417485,0.77389884,0.272892892
6962502927447,12,-0.131747767,0.0738085359,-0.342021704,-0.56855756,0.176489487,0.746450484,0.297330528
6962536262499,13,-0.120499268,0.0740054324,-0.349628389,-0.61414355,0.126289397,0.711315095,0.317662537
