#t[ns],wx,wy,wz,ax,ay,az
43443398582999,-3.11589821,-0.769120856,-3.13294244,-5.60003768,-1.01753571,0.256179578
43443399571236,-3.13081191,-0.749946096,-3.10204977,-5.55215365,-1.13245739,0.316034619
43443400559473,-3.14466035,-0.730771337,-3.0711571,-5.50666382,-1.23780226,0.354341846
43443401548693,-3.15744352,-0.712661841,-3.04026443,-5.4755392,-1.34793553,0.354341846
43443402536930,-3.16916143,-0.694552412,-3.00724124,-5.46596239,-1.46525142,0.430956299
43443403525167,-3.1819446,-0.678573446,-2.97421804,-5.45159718,-1.57777889,0.507570752
43443404513405,-3.19366251,-0.663659744,-2.93906431,-5.41089575,-1.70706578,0.497993945
43443405501642,-3.20538042,-0.647680777,-2.90391059,-5.40610735,-1.86747729,0.51954176
43443406489879,-3.21603307,-0.632767075,-2.87088739,-5.42047256,-2.04464822,0.574608398
43443407479099,-3.22775097,-0.617853373,-2.83786419,-5.39413634,-2.20266553,0.588973608
43443408467336,-3.24053415,-0.602939671,-2.80377573,-5.3318871,-2.3056162,0.572214197
43443409455573,-3.25331732,-0.588025969,-2.76968753,-5.32709869,-2.37983645,0.550666382
43443410443810,-3.2629047,-0.573112267,-2.73453381,-5.31273348,-2.48996973,0.54827218
43443411432048,-3.27355735,-0.558198531,-2.70151061,-5.26724365,-2.62404502,0.608127222
43443412420285,-3.28314473,-0.545415358,-2.66635688,-5.20499441,-2.72938989,0.615309827
43443413409505,-3.29166684,-0.532632185,-2.63120316,-5.12598575,-2.79882174,0.536301172
43443414397742,-3.29912369,-0.515587954,-2.59285364,-5.11640895,-2.8826188,0.488417139
43443415385979,-3.30658054,-0.497478458,-2.55343885,-5.08767853,-3.0286651,0.481234534
43443416374216,-3.31297213,-0.481499492,-2.51508933,-5.06852491,-3.19865342,0.423773694
43443417362454,-3.31936372,-0.467651054,-2.47780508,-5.09007273,-3.34709392,0.390254871
43443418351673,-3.32362477,-0.452737352,-2.44265135,-5.10683214,-3.4596214,0.361524451
43443419339910,-3.32682057,-0.436758385,-2.4053671,-5.14992777,-3.57454308,0.332794031
43443420328148,-3.33108163,-0.420779419,-2.36808284,-5.14513937,-3.70382997,0.320823022
43443421316385,-3.33427742,-0.403735188,-2.33186385,-5.10204374,-3.78044442,0.265756384
43443422304622,-3.33321215,-0.387756221,-2.29564486,-5.11401475,-3.85227047,0.210689746
43443423292859,-3.33321215,-0.372842519,-2.25942587,-5.15471617,-3.95761534,0.181959326
43443424282079,-3.33321215,-0.356863553,-2.22320674,-5.17386979,-4.04859501,0.1436521
43443425270316,-3.33108163,-0.339819355,-2.18805302,-5.14992777,-4.00549938,0.0981622681
43443426258554,-3.3289511,-0.32170986,-2.15396456,-5.11640895,-3.93127913,0.00957680664
43443427246791,-3.32362477,-0.304665629,-2.11774557,-5.15950458,-4.00549938,0.00478840332
43443428235028,-3.31723319,-0.288686662,-2.08046131,-5.25287844,-4.16591089,0.112527478
43443429223265,-3.30871107,-0.271642415,-2.04424232,-5.37019432,-4.31674559,0.160411511
43443430212485,-3.30231949,-0.255663448,-2.01228439,-5.46596239,-4.4699745,0.107739075
43443431200722,-3.29805843,-0.239684481,-1.98245698,-5.45399138,-4.55616576,0.0359130249
43443432188959,-3.29486263,-0.224770779,-1.95262958,-5.50187542,-4.65672223,0.0167594116
43443433177197,-3.28953631,-0.210922342,-1.92386744,-5.59285508,-4.77164391,-0.0263362183
43443434165434,-3.28314473,-0.19600864,-1.89830109,-5.69580575,-4.86022937,-0.119710083
43443435153671,-3.27462261,-0.182160202,-1.87380001,-5.7676318,-4.97993945,-0.208295544
43443436142891,-3.26396997,-0.169377045,-1.84929893,-5.7652376,-5.06134231,-0.239420166
43443437131128,-3.25118679,-0.159789665,-1.82586311,-5.76044919,-5.15711038,-0.294486804
43443438119365,-3.23733835,-0.149137021,-1.80136203,-5.74368978,-5.30315668,-0.366312854
43443439107602,-3.22242465,-0.138484368,-1.77792621,-5.81551583,-5.44920298,-0.486022937
43443440095840,-3.20964148,-0.127831724,-1.75449039,-5.81791003,-5.56173046,-0.588973608
43443441084077,-3.19366251,-0.116113815,-1.73211984,-5.77960281,-5.70777676,-0.612915625
43443442073297,-3.17555302,-0.104395906,-1.71081455,-5.73650718,-5.78439121,-0.567425793
43443443061534,-3.15850879,-0.0916127332,-1.688444,-5.66707533,-5.81791003,-0.545877979
43443444049771,-3.14252982,-0.0766990394,-1.66607344,-5.6191913,-5.9064955,-0.579396802
43443445038008,-3.12442032,-0.0649811264,-1.64263763,-5.59764348,-6.00465776,-0.600944617
43443446026246,-3.10737609,-0.0521979532,-1.61707128,-5.6263739,-6.13633885,-0.545877979
43443447014483,-3.09139713,-0.0404800486,-1.5925702,-5.67425793,-6.32308658,-0.495599744
43443448003702,-3.07541816,-0.0276968733,-1.56913438,-5.69580575,-6.46913289,-0.50517655
43443448991940,-3.06050446,-0.0138484366,-1.54569856,-5.65989272,-6.55053574,-0.572214197
43443449980177,-3.04559076,-0.00319579305,-1.52119748,-5.53300004,-6.52419952,-0.718260498
43443450968414,-3.02854653,0.00852211497,-1.4966964,-5.46117399,-6.50983431,-0.830787976
43443451956651,-3.0083065,0.0202400243,-1.46899952,-5.4755392,-6.67503423,-0.821211169
43443452944889,-2.98806648,0.0330231954,-1.43810686,-5.47075079,-6.80910952,-0.715866296
43443453934108,-2.96889172,0.0447411022,-1.40614892,-5.41807836,-6.80910952,-0.553060583
43443454922346,-2.95291275,0.0553937465,-1.37738692,-5.41807836,-6.84981095,-0.538695374
43443455910583,-2.93693378,0.0671116553,-1.3507553,-5.44202037,-6.98388624,-0.567425793
43443456898820,-2.92202008,0.0777643038,-1.32305843,-5.44202037,-7.09401952,-0.49081134
43443457887057,-2.90604112,0.0862864193,-1.29536155,-5.51863483,-7.18499918,-0.488417139
43443458875295,-2.89006215,0.093743262,-1.26872994,-5.49469281,-7.23767162,-0.502782349
43443459864514,-2.87514845,0.102265378,-1.24103307,-5.4803276,-7.32865128,-0.50517655
43443460852751,-2.85916948,0.108656964,-1.21227093,-5.53539424,-7.47469758,-0.497993945
43443461840989,-2.84212525,0.113983286,-1.18563932,-5.58567247,-7.59919607,-0.541089575
43443462829226,-2.82401575,0.120374873,-1.16007297,-5.60243188,-7.66623372,-0.574608398
43443463817463,-2.80910205,0.12676646,-1.13557189,-5.59285508,-7.71651195,-0.565031592
43443464805700,-2.79525388,0.132092782,-1.11107074,-5.58327827,-7.76918439,-0.565031592
43443465794920,-2.78034018,0.137419104,-1.08763492,-5.59764348,-7.80509741,-0.60573302
43443466783157,-2.76649174,0.142745434,-1.06419911,-5.60961449,-7.83861624,-0.656011255
43443467771395,-2.74944751,0.149137021,-1.04076329,-5.64073911,-7.87931766,-0.699106885
43443468759632,-2.73240328,0.154463343,-1.01839273,-5.70777676,-7.94635531,-0.656011255
43443469747869,-2.71535905,0.156593872,-0.996022181,-5.72214197,-7.95114371,-0.596156213
43443470736106,-2.69831482,0.156593872,-0.972586364,-5.71735356,-7.91523069,-0.617704028
43443471725326,-2.67914006,0.156593872,-0.948085281,-5.69819995,-7.9367785,-0.572214197
43443472713563,-2.65890003,0.156593872,-0.924649464,-5.69580575,-7.99902775,-0.543483777
43443473701800,-2.63866001,0.154463343,-0.902278911,-5.69101735,-7.96311472,-0.574608398
43443474690038,-2.61628945,0.153398079,-0.879908358,-5.67904634,-7.91523069,-0.629675037
43443475678275,-2.59498417,0.152332814,-0.857537804,-5.66468113,-7.87931766,-0.639251843
43443476666512,-2.57367888,0.152332814,-0.833036722,-5.67904634,-7.80030901,-0.588973608
43443477655732,-2.55024306,0.15126755,-0.807470376,-5.74129558,-7.73087716,-0.536301172
43443478643969,-2.52574198,0.147006492,-0.781904029,-5.78678541,-7.70454094,-0.418985291
43443479632206,-2.5012409,0.139549633,-0.757402947,-5.83945785,-7.69735834,-0.318428821
43443480620444,-2.47673981,0.133158046,-0.732901865,-5.89213029,-7.65186851,-0.258573779
43443481608681,-2.45223873,0.125701195,-0.708400783,-5.9184665,-7.58483086,-0.193930334
43443482596918,-2.42773765,0.116113815,-0.683899768,-5.95198533,-7.57046565,-0.201112939
43443483586138,-2.40323657,0.106526435,-0.659398686,-5.93283171,-7.56088884,-0.196324536
43443484574375,-2.37980075,0.0958737909,-0.634897604,-5.94719692,-7.56328304,-0.148440503
43443485562612,-2.35636493,0.0852211549,-0.611461786,-6.00705197,-7.60877288,-0.107739075
43443486550849,-2.33399438,0.0735032461,-0.589091233,-6.03099398,-7.60159027,-0.0359130249
43443487539087,-2.31162383,0.0617853331,-0.567785944,-6.03338818,-7.58004246,-0.0119710083
43443488527324,-2.29031854,0.0500674243,-0.547545887,-6.07887802,-7.57525405,-0.0167594116
43443489516543,-2.26688272,0.0383495197,-0.527305863,-6.16267507,-7.62313809,0.0215478149
43443490504781,-2.2434469,0.0255663444,-0.506000574,-6.2033765,-7.63271489,0.0646434448
43443491493018,-2.21894569,0.0106526444,-0.487891078,-6.23450112,-7.58243666,0.0670376465
43443492481255,-2.19657513,-0.00319579305,-0.469781583,-6.24886633,-7.58483086,0.0718260498
43443493469492,-2.17420458,-0.0181094954,-0.449541559,-6.29196196,-7.63271489,0.0574608398
43443494457730,-2.1497035,-0.0330231954,-0.430366799,-6.33266339,-7.6494743,0.00957680664
43443495446949,-2.12520242,-0.0500674243,-0.411192039,-6.32069238,-7.58004246,-0.0814028564
43443496435187,-2.09963607,-0.0660463909,-0.392017279,-6.26801995,-7.46512078,-0.220266553
43443497423424,-2.07193919,-0.0788295683,-0.37071199,-6.25126053,-7.42681355,-0.287304199
43443498411661,-2.04317706,-0.0894822043,-0.347276206,-6.28717356,-7.47948599,-0.232237561
43443499399898,-2.01228439,-0.102265378,-0.323840389,-6.351817,-7.51300481,-0.112527478
43443500388136,-1.98352225,-0.116113815,-0.3025351,-6.38294163,-7.51061061,-0.0287304199
43443501377355,-1.95689064,-0.133158046,-0.282295076,-6.38054742,-7.52258162,-0.0167594116
43443502365592,-1.93345482,-0.149137021,-0.262055035,-6.38294163,-7.54412943,-0.0239420166
43443503353830,-1.90895374,-0.166181252,-0.240749746,-6.36618221,-7.57525405,-0.0215478149
43443504342067,-1.88445265,-0.184290731,-0.219444457,-6.32308658,-7.60637867,-0.0191536133
43443505330304,-1.85888631,-0.202400226,-0.198139168,-6.27280835,-7.60398447,-0.0119710083
43443506318541,-1.83438523,-0.219444457,-0.175768615,-6.24407793,-7.60159027,-0.0598550415
43443507307761,-1.81094941,-0.234358159,-0.153398079,-6.1985881,-7.61116708,-0.110133276
43443508295998,-1.78751359,-0.248206597,-0.132092782,-6.15788667,-7.62792649,-0.102950671
43443509284236,-1.76301251,-0.258859241,-0.109722229,-6.15788667,-7.6446859,-0.153228906
43443510272473,-1.73851143,-0.27057715,-0.0884169399,-6.15788667,-7.67820472,-0.244208569
43443511260710,-1.71507561,-0.284425604,-0.0671116553,-6.12436785,-7.70454094,-0.311246216
43443512248947,-1.69163979,-0.295078249,-0.046871631,-6.09803163,-7.72848296,-0.371101257
43443513238167,-1.66926924,-0.305730893,-0.0266316088,-6.09563743,-7.76918439,-0.426167896
43443514226404,-1.64476816,-0.315318273,-0.0063915861,-6.08606062,-7.79791481,-0.509964954
43443515214641,-1.61920181,-0.323840389,0.0138484366,-6.07648381,-7.82903943,-0.596156213
43443516202879,-1.59470073,-0.333427768,0.0330231954,-6.07408961,-7.87213506,-0.658405457
43443517191116,-1.56806912,-0.341949884,0.0521979532,-6.03338818,-7.89368287,-0.77811554
43443518180336,-1.54356803,-0.349406735,0.0713727172,-6.01662877,-7.89128867,-0.873883606
43443519168573,-1.51800169,-0.356863553,0.0894822043,-6.00944617,-7.86734666,-0.924161841
43443520156810,-1.49137008,-0.362189875,0.1075917,-5.94719692,-7.83622203,-1.02471831
43443521145047,-1.46473847,-0.366450933,0.12676646,-5.89931289,-7.86255825,-1.11330377
43443522133285,-1.44023738,-0.368581462,0.145941228,-5.9160723,-7.90804808,-1.16118781
43443523121522,-1.41467104,-0.37071199,0.165115988,-5.89691869,-7.92241329,-1.23780226
43443524110741,-1.39123535,-0.371777255,0.184290731,-5.85861146,-7.91523069,-1.33596453
43443525098979,-1.36673427,-0.371777255,0.202400226,-5.80593903,-7.88650027,-1.40060797
43443526087216,-1.34223319,-0.371777255,0.218379193,-5.7724202,-7.86734666,-1.4389152
43443527075453,-1.31879737,-0.37071199,0.235423424,-5.75326659,-7.87931766,-1.53228906
43443528063690,-1.29429629,-0.368581462,0.252467655,-5.71735356,-7.86495245,-1.61608612
43443529051928,-1.26979521,-0.366450933,0.268446621,-5.68144054,-7.85537565,-1.67115276
43443530041147,-1.24529413,-0.362189875,0.285490869,-5.66468113,-7.86255825,-1.78128604
43443531029385,-1.22398884,-0.356863553,0.3025351,-5.63355651,-7.83861624,-1.84592948
43443532017622,-1.20268355,-0.350471966,0.318514066,-5.53778844,-7.80509741,-1.89381351
43443533005859,-1.180313,-0.341949884,0.334493033,-5.50426962,-7.7835496,-1.98718738
43443533994096,-1.16007297,-0.333427768,0.351537231,-5.4755392,-7.71172355,-1.99915839
43443534982334,-1.13876768,-0.325970917,0.369646726,-5.43483777,-7.63032069,-2.05661923
43443535971553,-1.11746239,-0.316383538,0.386690957,-5.41568416,-7.59919607,-2.19069452
43443536959790,-1.0972223,-0.303600364,0.404800452,-5.38695374,-7.59919607,-2.27688578
43443537948028,-1.07804754,-0.289751927,0.422909948,-5.36301172,-7.56328304,-2.36068284
43443538936265,-1.05780752,-0.275903472,0.439954179,-5.3318871,-7.51300481,-2.47560452
43443539924502,-1.03756749,-0.26098977,0.45699841,-5.29357987,-7.46990918,-2.60728561
43443540912739,-1.01626221,-0.248206597,0.47617317,-5.27682046,-7.43399615,-2.66474645
43443541901959,-0.996022181,-0.234358159,0.495347929,-5.27442626,-7.41244834,-2.70544788
43443542890196,-0.974716892,-0.219444457,0.514522689,-5.25287844,-7.3549875,-2.76290872
43443543878433,-0.953411604,-0.202400226,0.535827978,-5.21696542,-7.30949767,-2.80600435
43443544866671,-0.932106315,-0.18642126,0.555002738,-5.17865819,-7.28555565,-2.8778304
43443545854908,-0.911866291,-0.17044231,0.57630806,-5.13795676,-7.25921943,-2.93289703
43443546843145,-0.890561002,-0.154463343,0.598678613,-5.08289012,-7.19457599,-2.90416661
43443547832365,-0.869255713,-0.138484368,0.619983902,-5.0541597,-7.13950935,-2.90656082
43443548820602,-0.850080953,-0.118244344,0.64128919,-5.0469771,-7.12035574,-2.96162745
43443549808839,-0.830906194,-0.0990695842,0.663659744,-5.02782349,-7.09162532,-3.00472308
43443550797077,-0.812796698,-0.0798948327,0.684965032,-5.02782349,-7.08683691,-3.09091434
43443551785314,-0.793621938,-0.0607200687,0.70520499,-5.00148727,-7.09641372,-3.1675288
43443552773551,-0.77231665,-0.0404800486,0.727575543,-4.99430466,-7.0628949,-3.22259543
43443553762771,-0.752076625,-0.0202400243,0.749946096,-5.02064088,-7.04613549,-3.28245048
43443554751008,-0.732901865,0.00106526437,0.771251385,-5.01585248,-7.03655868,-3.3111809
43443555739245,-0.715857634,0.0213052887,0.793621938,-5.00388147,-7.01979927,-3.30878669
43443556727482,-0.696682941,0.0426105774,0.812796698,-4.97993945,-7.01261666,-3.30639249
43443557715720,-0.676442917,0.063915862,0.830906194,-4.95599744,-6.98867465,-3.30399829
43443558703957,-0.655137628,0.0841558904,0.850080953,-4.91290181,-6.94318481,-3.3183635
43443559693177,-0.635962868,0.105461171,0.870320978,-4.85783517,-6.9168486,-3.32554611
43443560681414,-0.616788108,0.127831724,0.892691531,-4.82192214,-6.90248339,-3.3111809
43443561669651,-0.597613349,0.15126755,0.912931555,-4.78361492,-6.88093557,-3.29681569
43443562657888,-0.579503853,0.172572839,0.933171579,-4.73573088,-6.84981095,-3.27047947
43443563646126,-0.560329093,0.193878111,0.952346339,-4.70939467,-6.82108053,-3.24414325
43443564634363,-0.5411543,0.214118135,0.974716892,-4.69263525,-6.79713851,-3.26808527
43443565623582,-0.52197954,0.234358159,0.996022181,-4.65193383,-6.7755907,-3.30878669
43443566611820,-0.502804781,0.256728712,1.01732747,-4.59686719,-6.75164868,-3.28484468
43443567600057,-0.48576055,0.280164547,1.03969802,-4.54180055,-6.67742843,-3.24653745
43443568588294,-0.468716319,0.301469835,1.06100331,-4.49152231,-6.59123717,-3.23696064
43443569576531,-0.452737352,0.322775124,1.08337386,-4.44603248,-6.54095894,-3.22259543
43443570564769,-0.436758385,0.344080413,1.10680968,-4.40293685,-6.47870969,-3.19147081
43443571553988,-0.419714155,0.366450933,1.12811504,-4.34308181,-6.38773003,-3.1747114
43443572542226,-0.402669924,0.387756221,1.15048559,-4.30716879,-6.31590398,-3.15795199
43443573530463,-0.386690957,0.410126775,1.17392141,-4.27364996,-6.27999095,-3.10767375
43443574518700,-0.371777255,0.431432063,1.19842249,-4.23055433,-6.19379969,-3.06697233
43443575506937,-0.356863553,0.453802616,1.22398884,-4.15393988,-6.11718524,-3.06697233
43443576495175,-0.343015148,0.47617317,1.24848992,-4.10366165,-6.10521423,-3.05739552
43443577484394,-0.329166711,0.498543723,1.27086047,-4.09408484,-6.03099398,-3.04542451
43443578472631,-0.315318273,0.520914276,1.29536155,-4.07014282,-5.94001432,-3.10527955
43443579460869,-0.301469835,0.5411543,1.3209279,-4.06296022,-5.90410129,-3.13400997
43443580449106,-0.287621398,0.561394358,1.34542898,-4.0414124,-5.84664045,-3.09330854
43443581437343,-0.273772943,0.581634382,1.36993006,-3.99113417,-5.76044919,-3.09330854
43443582425580,-0.263120299,0.602939671,1.39443115,-3.94803854,-5.69101735,-3.11246216
43443583414800,-0.250337126,0.623179695,1.4189321,-3.92888492,-5.6239797,-3.09570275
43443584403037,-0.237553953,0.643419719,1.44343318,-3.93367333,-5.58088407,-3.04542451
43443585391275,-0.224770779,0.663659744,1.46899952,-3.92170232,-5.52821163,-2.99514628
43443586379512,-0.213052871,0.686030297,1.49350061,-3.86902988,-5.45399138,-2.96162745
43443587367749,-0.203465491,0.706270255,1.51906695,-3.83551106,-5.40131895,-2.92332023
43443588355986,-0.194943375,0.726510279,1.54143751,-3.80917484,-5.29597407,-2.89458981
43443589345206,-0.185355995,0.746750303,1.56487332,-3.76368501,-5.188235,-2.885013
43443590333443,-0.175768615,0.766990327,1.58724388,-3.74213719,-5.15232197,-2.84909998
43443591321680,-0.168311781,0.787230352,1.60961443,-3.73016619,-5.09964954,-2.83712897
43443592309918,-0.161920194,0.807470376,1.63411551,-3.69185896,-5.01345828,-2.84670577
43443593298155,-0.153398079,0.8277104,1.65755133,-3.63200392,-4.94881483,-2.82276376
43443594286392,-0.145941228,0.847950425,1.67992188,-3.5984851,-4.88895979,-2.80839855
43443595275612,-0.140614906,0.867125184,1.70229244,-3.56736047,-4.82671055,-2.81318695
43443596263849,-0.134223311,0.887365209,1.72572825,-3.53384165,-4.77643231,-2.84431157
43443597252086,-0.129962253,0.907605233,1.74703354,-3.52905325,-4.70700046,-2.85628258
43443598240324,-0.124635931,0.928910522,1.7694041,-3.49314022,-4.67827004,-2.85149418
43443599228561,-0.118244344,0.949150546,1.79283991,-3.44525619,-4.64953962,-2.87543619
43443600216798,-0.110787493,0.96939057,1.81627573,-3.41652577,-4.58489618,-2.90416661
43443601206018,-0.104395906,0.989630594,1.83758102,-3.38300695,-4.52264694,-2.95444485
43443602194255,-0.0990695842,1.00987062,1.85888631,-3.3207577,-4.49391652,-3.01190569
43443603182492,-0.093743262,1.03011064,1.88125686,-3.29681569,-4.43645568,-3.05739552
43443604170729,-0.0873516838,1.05035067,1.90362741,-3.29202728,-4.37181223,-3.12922157
43443605158967,-0.0820253616,1.07165596,1.92706323,-3.25850846,-4.35984122,-3.22738384
43443606148186,-0.0777643038,1.09083072,1.94943378,-3.22498964,-4.321534,-3.29681569
43443607136423,-0.0724379817,1.112136,1.97073907,-3.21541283,-4.24252534,-3.36385333
43443608124661,-0.0671116553,1.13557189,1.99310963,-3.21780703,-4.1826703,-3.4596214
43443609112898,-0.0596548043,1.15794244,2.01548018,-3.19865342,-4.17309349,-3.54820686
43443610101135,-0.0532632176,1.17924773,2.0357202,-3.1723172,-4.13478627,-3.64158073
43443611089372,-0.0458063666,1.20161828,2.05702549,-3.13400997,-4.08929644,-3.73495459
43443612078592,-0.0394147841,1.2250541,2.07939605,-3.11964476,-4.0342298,-3.82114585
43443613066829,-0.0330231954,1.25168571,2.1017666,-3.14119258,-3.99831677,-3.90733711
43443614055067,-0.0255663444,1.27831732,2.12200662,-3.11725056,-4.00071097,-4.00310518
43443615043304,-0.0170442299,1.30388367,2.14224665,-3.09330854,-3.96958635,-4.10845005
43443616031541,-0.00745685053,1.33051528,2.16355194,-3.09091434,-3.90494291,-4.22097753
43443617019778,0.00106526437,1.35821216,2.18379196,-3.10049115,-3.85227047,-4.34068761
43443618008998,0.0106526444,1.3869743,2.20403198,-3.09330854,-3.82114585,-4.42209047
43443618997235,0.0202400243,1.41680157,2.22320674,-3.09570275,-3.76368501,-4.50109912
43443619985472,0.0287621377,1.44769424,2.24557743,-3.11725056,-3.70861837,-4.58489618
43443620973710,0.0362189908,1.4785869,2.26688272,-3.10527955,-3.64876333,-4.68784685
43443621961947,0.0436758419,1.50734904,2.28818801,-3.11246216,-3.57454308,-4.80037433
43443622950184,0.0511326888,1.53824171,2.3094933,-3.14598098,-3.50989963,-4.9009308
43443623939404,0.0596548043,1.57126491,2.33079859,-3.1794998,-3.42370837,-5.00388147
43443624927641,0.0692421842,1.60535337,2.35103861,-3.20104762,-3.35906493,-5.11640895
43443625915878,0.0777643038,1.63837657,2.3723439,-3.23217224,-3.29681569,-5.23133063
43443626904116,0.0862864193,1.6703345,2.39471445,-3.28484468,-3.19386501,-5.3390697
43443627892353,0.0948085265,1.70442296,2.41601974,-3.3183635,-3.11006796,-5.44680878
43443628880590,0.104395906,1.73957669,2.43732503,-3.34469972,-3.04781871,-5.55694205
43443629869810,0.113983286,1.77579568,2.45863032,-3.41173737,-2.99035787,-5.66707533
43443630858047,0.123570666,1.81307994,2.48206614,-3.45243879,-2.95205065,-5.7676318
43443631846284,0.134223311,1.84929893,2.50443669,-3.50032283,-2.91374342,-5.86579407
43443632834521,0.144875963,1.88658318,2.52787251,-3.54581266,-2.83952317,-5.96635054
43443633822759,0.154463343,1.92280217,2.55130832,-3.57454308,-2.77009132,-6.06451281
43443634810996,0.165115988,1.96008643,2.57154835,-3.62003291,-2.72938989,-6.14591566
43443635800216,0.17683388,1.99843595,2.5939189,-3.67988795,-2.66474645,-6.2081649
43443636788453,0.18642126,2.03678547,2.61735472,-3.7565024,-2.5929204,-6.26562574
43443637776690,0.197073904,2.07406972,2.63866001,-3.80199224,-2.55940157,-6.33745179
43443638764927,0.208791813,2.11135398,2.6599653,-3.84987627,-2.52348855,-6.39970104
43443639753165,0.218379193,2.14757297,2.68233585,-3.91930812,-2.46842191,-6.45716188
43443640741402,0.227966573,2.18698775,2.7047064,-3.97437476,-2.41574948,-6.50983431
43443641730621,0.238619217,2.22427201,2.72707696,-4.02465299,-2.35110603,-6.58405457
43443642718859,0.248206597,2.26262166,2.74731698,-4.07253702,-2.28885679,-6.64630381
43443643707096,0.258859241,2.30097118,2.76862227,-4.11084425,-2.21942494,-6.67024583
43443644695333,0.27057715,2.34038597,2.79099282,-4.15154568,-2.1619641,-6.68939944
43443645683570,0.282295076,2.37980075,2.81336311,-4.19942971,-2.12605107,-6.71334146
43443646671808,0.290817191,2.41708501,2.8346684,-4.24491954,-2.09253225,-6.75883129
43443647661027,0.300404571,2.453304,2.85703895,-4.26407316,-2.04225402,-6.80671532
43443648649265,0.311057215,2.49058825,2.87834424,-4.29280358,-1.99197578,-6.82826313
43443649637502,0.320644595,2.52787251,2.897519,-4.3287166,-1.97521637,-6.81629213
43443650625739,0.332362504,2.56622203,2.91775902,-4.34308181,-1.93451494,-6.81629213
43443651613976,0.343015148,2.60350628,2.93799905,-4.37420643,-1.89381351,-6.82586893
43443652602214,0.354733024,2.63972527,2.95930434,-4.39096584,-1.88902511,-6.82347473
43443653591433,0.366450933,2.67594426,2.98060963,-4.38857164,-1.88423671,-6.81150372
43443654579670,0.378168842,2.71109799,2.99978439,-4.40533105,-1.88663091,-6.79713851
43443655567908,0.392017279,2.74625172,3.01789388,-4.42448467,-1.90339032,-6.78756171
43443656556145,0.404800452,2.78140544,3.03706864,-4.45560929,-1.92014973,-6.79235011
43443657544382,0.416518361,2.8165589,3.05411287,-4.46279189,-1.95366855,-6.77080229
43443658532619,0.429301534,2.85064736,3.07009184,-4.4675803,-1.98718738,-6.73010087
43443659521839,0.443149972,2.8826053,3.08500554,-4.52025273,-2.0135236,-6.70615885
43443660510076,0.458063674,2.91349797,3.09991924,-4.55137736,-2.06380183,-6.69897625
43443661498313,0.471912112,2.9454559,3.11376768,-4.57531937,-2.09253225,-6.71812986
43443662486551,0.48576055,2.97741383,3.12655085,-4.6112324,-2.08774385,-6.74207187
43443663474788,0.498543723,3.00937177,3.1372035,-4.60165559,-2.08295544,-6.79235011
43443664463025,0.51239216,3.04026443,3.14892141,-4.6208092,-2.09253225,-6.84023414
43443665452245,0.525175334,3.0711571,3.16063932,-4.69502946,-2.09013805,-6.87135876
43443666440482,0.537958507,3.1041803,3.16916143,-4.74051929,-2.09492645,-6.9168486
43443667428719,0.55074168,3.13613823,3.17768355,-4.76924971,-2.09013805,-6.9288196
43443668416957,0.564590151,3.16916143,3.1851404,-4.79558593,-2.03985981,-6.94318481
43443669405194,0.578438589,3.20218463,3.19472778,-4.81713374,-2.018312,-6.96712683
43443670393431,0.591221762,3.23414256,3.20324989,-4.83149895,-1.99436998,-6.96952103
43443671382651,0.602939671,3.26610049,3.21177201,-4.85065256,-1.91536133,-6.99106885
43443672370888,0.612527051,3.29805843,3.21922886,-4.91529601,-1.86508309,-6.95994423
43443673359125,0.623179695,3.33001636,3.22562045,-4.99669886,-1.82198746,-6.9168486
43443674347362,0.633832339,3.36197429,3.2330773,-5.08289012,-1.77410343,-6.93121381
43443675335600,0.643419719,3.3918017,3.23946888,-5.14035096,-1.78128604,-6.90727179
43443676323837,0.654072364,3.41949857,3.24479521,-5.12837996,-1.67354696,-6.97670364
43443677313057,0.666855537,3.44932598,3.25012153,-5.14274517,-1.53707747,-7.08444271
43443678301294,0.67963871,3.48128391,3.25331732,-5.20260021,-1.46525142,-7.0628949
43443679289531,0.692421883,3.51111131,3.25651311,-5.26963785,-1.40539637,-6.96952103
43443680277768,0.704139726,3.53774293,3.25864364,-5.26484945,-1.3024457,-6.85699355
43443681266006,0.719053428,3.56330927,3.2629047,-5.21696542,-0.988805286,-6.97430944
43443682254243,0.73396713,3.59313668,3.26716576,-5.25766685,-0.73501991,-7.13950935
43443683243462,0.742489245,3.62615987,3.27249208,-5.29836827,-0.703895288,-7.02698187
43443684231700,0.747815568,3.65705254,3.27888367,-5.3294929,-0.670376465,-6.85220515
43443685219937,0.752076625,3.68794521,3.28527525,-5.35582911,-0.524330164,-6.85459935
43443686208174,0.754207154,3.71777262,3.29166684,-5.37258853,-0.359130249,-6.96712683
43443687196411,0.755272419,3.74546949,3.30125422,-5.4803276,-0.320823022,-6.98628044
43443688185631,0.757402947,3.77316637,3.3108416,-5.6263739,-0.237025964,-6.85938776
43443689173868,0.758468212,3.79766745,3.32255951,-5.75805499,-0.0550666382,-6.67264003
43443690162106,0.757402947,3.81897274,3.33427742,-5.86339987,0.0957680664,-6.61996759
43443691150343,0.752076625,3.83921276,3.34493006,-5.9184665,0.313640417,-6.68221683
43443692138580,0.742489245,3.85838752,3.35664797,-5.96635054,0.524330164,-6.73967767
43443693126817,0.73396713,3.87756228,3.37049641,-5.97832155,0.651222852,-6.79713851
43443694116037,0.725445014,3.89673704,3.38754064,-6.0573302,0.761356128,-6.94318481
43443695104274,0.719053428,3.91484654,3.40245434,-6.21055911,0.847547388,-7.11077893
43443696092511,0.712661841,3.93295603,3.41736804,-6.32787499,0.984016882,-7.19218179
43443697080749,0.706270255,3.95106553,3.43121648,-6.39491263,1.16358201,-7.206547
43443698068986,0.703074461,3.96917502,3.44506492,-6.44997927,1.48679923,-7.37653531
43443699057223,0.700943932,3.99048031,3.45784809,-6.52659373,1.83874688,-7.67341632
43443700046443,0.694552412,4.01391613,3.47382706,-6.58166036,2.01112939,-7.7931264
43443701034680,0.684965032,4.03735195,3.49193655,-6.60320818,2.19787712,-7.87452926
43443702022917,0.674312388,4.06078776,3.51217658,-6.6271502,2.42293208,-8.02296976
43443703011155,0.662594479,4.08528885,3.5356124,-6.64390961,2.60489141,-8.16422766
43443703999392,0.65087657,4.11192046,3.56011348,-6.636727,2.66474645,-8.12831464
43443704987629,0.640223926,4.1406826,3.58567983,-6.72291826,2.67911166,-8.06367119
43443705976849,0.628506017,4.16518368,3.61124617,-6.88572397,2.7437551,-8.04691178
43443706965086,0.617853373,4.1854237,3.63361672,-6.95755002,2.79403334,-7.99184514
43443707953323,0.606135464,4.2035332,3.65705254,-7.01501086,2.82994636,-7.98945094
43443708941560,0.592287026,4.22270796,3.6794231,-7.08683691,2.83473477,-8.05170018
43443709929798,0.578438589,4.24188272,3.70072838,-7.03655868,2.84670577,-8.02775817
43443710918035,0.564590151,4.25999221,3.72309894,-6.94318481,2.85388838,-7.99184514
43443711907254,0.551806945,4.27597118,3.74653476,-6.93839641,2.81797535,-8.15943926
43443712895492,0.5411543,4.29514594,3.76997057,-6.98388624,2.82276376,-8.37731161
43443713883729,0.529436391,4.31219017,3.7902106,-6.99106885,2.83712897,-8.47068547
43443714871966,0.517718483,4.33029967,3.80938536,-6.98867465,2.81079275,-8.5137811
43443715860203,0.507065838,4.35160495,3.82856012,-7.08683691,2.76530292,-8.5089927
43443716848441,0.496413194,4.37291024,3.84666961,-7.24485422,2.70784208,-8.5018101
43443717837660,0.487891078,4.38888921,3.86264858,-7.33822809,2.65038124,-8.52096371
43443718825898,0.480434227,4.40167238,3.87756228,-7.38371792,2.51630594,-8.56405934
43443719814135,0.472977376,4.4101945,3.89141072,-7.48188019,2.26970317,-8.60954917
43443720802372,0.464455261,4.41978188,3.90206336,-7.32146868,2.3056162,-8.91600698
43443721790609,0.460194203,4.43363032,3.91378127,-7.17542238,2.54503636,-9.3756937
43443722778847,0.455933145,4.45280508,3.92869497,-7.24724843,2.5953146,-9.63666168
43443723768066,0.449541559,4.47411063,3.94254341,-7.20175859,2.63122762,-9.79228479
43443724756303,0.444215237,4.49648118,3.95639185,-7.34301649,2.5929204,-9.78270798
43443725744541,0.441019443,4.51565594,3.97130555,-7.52018741,2.4492683,-9.64863269
43443726732778,0.445280501,4.53270018,3.98302346,-7.57046565,2.64798704,-9.78989059
43443727721015,0.452737352,4.55080967,3.99261084,-7.61356128,2.99993468,-10.2423947
43443728709252,0.45699841,4.5710497,4.00006769,-7.67341632,3.03824191,-10.4530844
43443729698472,0.455933145,4.59555078,4.00965507,-7.69735834,2.93768544,-10.4866033
43443730686709,0.453802616,4.62218239,4.01924245,-7.72369456,2.92571443,-10.6541974
43443731674947,0.450606823,4.64987926,4.02882983,-7.74045397,3.09570275,-10.9989624
43443732663184,0.446345765,4.67970667,4.03735195,-7.74763657,3.1723172,-11.1474029
43443733651421,0.439954179,4.70953407,4.04693933,-7.87452926,3.08373174,-11.0707885
43443734639658,0.434627857,4.73829621,4.05865723,-7.98466254,3.07894333,-11.0899421
43443735628878,0.42823627,4.76705835,4.07144041,-8.0756422,3.11964476,-10.994174
43443736617115,0.422909948,4.79368996,4.08209305,-8.19056388,3.05260712,-10.8241857
43443737605352,0.415453097,4.81819104,4.0927457,-8.27436094,2.95444485,-10.7978495
43443738593590,0.406930981,4.83949633,4.10233308,-8.29351455,2.97359846,-10.8816465
43443739581827,0.398408866,4.85867109,4.11085519,-8.3629464,2.90177241,-11.0444523
43443740570064,0.38988675,4.88210691,4.11831204,-8.5137811,2.75333191,-11.279084
43443741559284,0.381364635,4.90980379,4.12470363,-8.6598274,2.74854351,-11.5089274
43443742547521,0.369646726,4.93963119,4.12896469,-8.76277808,2.77727393,-11.6717331
43443743535758,0.356863553,4.96945859,4.13109522,-8.84896934,2.78685073,-11.7914432
43443744523996,0.347276206,5.00035126,4.13216048,-9.02135186,2.79163914,-11.8512982
43443745512233,0.336623562,5.0323092,4.13322575,-9.15782135,2.84909998,-11.9015765
43443746500470,0.322775124,5.06320186,4.13535627,-9.31823286,2.86346519,-12.0332575
43443747489690,0.308926686,5.08983348,4.13535627,-9.49779799,2.82755216,-12.1314198
43443748477927,0.296143513,5.11539982,4.13535627,-9.56962404,2.8802246,-12.3061965
43443749466164,0.28336034,5.14203143,4.1374868,-9.67018051,2.92571443,-12.4713964
43443750454401,0.269511886,5.16972831,4.13961733,-9.83777462,2.94007964,-12.4498486
43443751442639,0.252467655,5.19742518,4.14281313,-10.0029745,2.97359846,-12.4881559
43443752430876,0.235423424,5.22192627,4.14600892,-10.163386,3.11006796,-12.6389906
43443753420096,0.219444457,5.24429682,4.14920471,-10.3668932,3.19625922,-12.7299702
43443754408333,0.202400226,5.26347158,4.15453103,-10.5320931,3.18189401,-12.6940572
43443755396570,0.184290731,5.27945054,4.16092262,-10.6206786,3.25850846,-12.6844804
43443756384807,0.165115988,5.29329898,4.16837947,-10.9295306,3.00472308,-12.7299702
43443757373045,0.148071757,5.3018211,4.17477106,-11.2096522,2.34152922,-12.2654951
43443758361282,0.144875963,5.2986253,4.17370579,-11.2096522,2.50194073,-12.0476228
43443759350501,0.15126755,5.29329898,4.16731421,-11.2886608,3.10049115,-12.4833675
43443760338739,0.152332814,5.29116845,4.16305315,-11.3126028,3.25850846,-12.4522428
43443761326976,0.14168017,5.29542951,4.16411841,-11.3676695,3.18428821,-12.2391589
43443762315213,0.11717908,5.29969057,4.16731421,-11.4251303,3.15076938,-12.2559183
43443763303450,0.0905474687,5.3018211,4.17051,-11.2742956,3.33033451,-12.4761849
43443764291688,0.0660463909,5.30608216,4.17477106,-11.1114899,3.39018955,-12.691663
43443765280907,0.0447411022,5.31353901,4.18435844,-10.9391074,3.44046779,-12.6772978
43443766269144,0.0223705511,5.32525692,4.19714161,-10.8098205,3.6008793,-12.4761849
43443767257382,-0.00319579305,5.34123588,4.21312058,-10.8648871,3.71340677,-12.2750719
43443768245619,-0.031957931,5.35828011,4.22909954,-11.0899421,3.62960972,-12.3038023
43443769233856,-0.063915862,5.37319382,4.24507851,-11.2383826,3.49074602,-12.5025211
43443770223076,-0.0958737909,5.38384646,4.25999221,-11.3341507,3.47638081,-12.8688339
43443771211313,-0.124635931,5.39343384,4.27597118,-11.504139,3.35906493,-13.0819179
43443772199550,-0.150202285,5.40621701,4.29195015,-11.6669447,3.08133754,-13.1728975
43443773187788,-0.17044231,5.41793492,4.30366806,-11.8082026,2.91134922,-13.2710598
43443774176025,-0.188551789,5.4275223,4.31325544,-11.9063649,2.81558115,-13.3261264
43443775164262,-0.20559602,5.43391389,4.32284282,-12.0548054,2.65038124,-13.321338
43443776153482,-0.220509722,5.44030547,4.3292344,-12.2487357,2.42532628,-13.1393787
43443777141719,-0.233292895,5.44350127,4.33349546,-12.394782,2.19069452,-12.9957266
43443778129956,-0.247141333,5.44137074,4.33456072,-12.4761849,2.0135236,-12.9382658
43443779118193,-0.257793977,5.43391389,4.3324302,-12.5360399,1.80043965,-12.9478426
43443780106431,-0.265250828,5.42326124,4.3292344,-12.6485674,1.50595284,-13.0412164
43443781094668,-0.271642415,5.40941281,4.32390808,-12.7467296,1.16597621,-13.0962831
43443782083888,-0.276968737,5.39662963,4.31325544,-12.8113731,0.849941589,-13.1154367
43443783072125,-0.276968737,5.38384646,4.299407,-12.8688339,0.56263739,-13.1058599
43443784060362,-0.274838208,5.37319382,4.28236277,-12.8640455,0.308852014,-13.0172744
43443785048599,-0.271642415,5.36041064,4.26212274,-12.8712281,-0.0287304199,-12.964602
43443786036837,-0.267381357,5.349758,4.2365564,-12.8879875,-0.402225879,-12.9813614
43443787025074,-0.262055035,5.34017062,4.20779426,-12.7994021,-0.651222852,-13.0076976
43443788014293,-0.254598184,5.33058324,4.17583632,-12.5887123,-0.746990918,-12.9861498
43443789002531,-0.245010804,5.32206112,4.14387839,-12.3971762,-0.636857642,-12.8257383
43443789990768,-0.236488688,5.31566954,4.11405099,-12.3852052,-0.553060583,-12.4977327
43443790979005,-0.23222763,5.31034321,4.08422358,-12.5073095,-0.732625708,-12.097901
43443791967242,-0.23222763,5.30075583,4.05333091,-12.6365964,-0.976834277,-11.8536924
43443792955480,-0.233292895,5.2837116,4.02137298,-12.703634,-1.1540052,-11.789049
43443793944699,-0.233292895,5.26347158,3.98515399,-12.7323644,-1.39342537,-11.8058084
43443794932937,-0.233292895,5.24323155,3.94680447,-12.7587006,-1.68312377,-11.9159417
43443795921174,-0.231162366,5.22405679,3.90312863,-12.7227876,-1.98000477,-12.0763532
43443796909411,-0.226901308,5.20807783,3.85625699,-12.6270196,-2.23139595,-12.3061965
43443797897648,-0.220509722,5.19529465,3.80725483,-12.4929443,-2.46123931,-12.4211182
43443798885886,-0.209857077,5.18357675,3.75505687,-12.358869,-2.52827695,-12.2966197
43443799875105,-0.19600864,5.17398937,3.70179365,-12.3325328,-2.4444799,-12.1266314
43443800863342,-0.181094937,5.16546725,3.64959569,-12.3923878,-2.52348855,-11.9015765
43443801851580,-0.17044231,5.15268408,3.60059353,-12.4402718,-2.70544788,-11.587936
43443802839817,-0.16085493,5.13137879,3.5505261,-12.454637,-2.84431157,-11.4107651
43443803828054,-0.149137021,5.10474718,3.49726288,-12.4642138,-2.97838687,-11.3365449
43443804816291,-0.135288575,5.07598504,3.44293439,-12.4330892,-3.15555779,-11.1665565
43443805805511,-0.121440137,5.04509237,3.38967117,-12.3085907,-3.30878669,-11.1665565
43443806793748,-0.1075917,5.01526496,3.33427742,-12.1505734,-3.26808527,-11.3245739
43443807781986,-0.0916127332,4.98543756,3.27888367,-12.08593,-3.27526787,-11.2479594
43443808770223,-0.075633775,4.95667542,3.22562045,-12.0524112,-3.39737216,-11.0372697
43443809758460,-0.0607200687,4.92791328,3.17342249,-12.0931126,-3.44525619,-10.8505219
43443810746697,-0.046871631,4.89702061,3.12122453,-12.1721212,-3.44046779,-10.7308118
43443811735917,-0.0340884599,4.86399741,3.06689605,-12.133814,-3.37821854,-10.709264
43443812724154,-0.0234358155,4.8256479,3.01363282,-12.0380459,-3.28005627,-10.6948988
43443813712391,-0.0127831722,4.78623311,2.96250013,-12.0164981,-3.12443317,-10.7739075
43443814700629,-0.00213052874,4.75001412,2.91456323,-12.0907184,-2.95923325,-11.0013566
43443815688866,0.00745685053,4.71486039,2.87088739,-12.2104285,-2.81079275,-11.0779711
43443816677103,0.0138484366,4.67970667,2.82827681,-12.2726777,-2.55940157,-10.9079828
43443817666323,0.0159789655,4.64348768,2.78779703,-12.3133791,-2.23139595,-10.7379944
43443818654560,0.0138484366,4.60726869,2.74944751,-12.4378776,-1.98718738,-10.4818149
43443819642797,0.00745685053,4.56465811,2.71322852,-12.5240689,-1.79804545,-10.2376063
43443820631035,-0.00213052874,4.51672121,2.67807479,-12.454637,-1.69509478,-10.2950671
43443821619272,-0.0127831722,4.46771878,2.64611686,-12.3109849,-1.50355864,-10.424354
43443822607509,-0.0234358155,4.42297767,2.61948525,-12.2247937,-1.16597621,-10.4315366
43443823596729,-0.0351537264,4.38249762,2.59817996,-12.2391589,-0.761356128,-10.4602671
43443824584966,-0.0543284821,4.3441481,2.58220099,-12.2990139,-0.397437476,-10.4052004
43443825573203,-0.0766990394,4.30792911,2.56941782,-12.4163298,-0.217872351,-10.3740758
43443826561440,-0.102265378,4.26957959,2.55983044,-12.5623761,-0.00718260498,-10.2615483
43443827549678,-0.127831724,4.22377322,2.55237359,-12.6605384,0.210689746,-9.99579193
43443828537915,-0.15126755,4.17370579,2.54704727,-12.7754601,0.392649072,-9.86650504
43443829527134,-0.175768615,4.1225731,2.54491674,-12.9071411,0.538695374,-9.78270798
43443830515372,-0.20559602,4.06930988,2.54704727,-13.048399,0.574608398,-9.74679496
43443831503609,-0.234358159,4.01391613,2.54811253,-13.1944453,0.54827218,-9.84256302
43443832491846,-0.263120299,3.96065291,2.54811253,-13.297396,0.524330164,-9.86171664
43443833480083,-0.289751927,3.90419389,2.545982,-13.3069728,0.526724365,-9.70848773
43443834468321,-0.314253009,3.84453908,2.54491674,-13.2902134,0.524330164,-9.63666168
43443835457540,-0.337688826,3.7870148,2.54278621,-13.2662714,0.486022937,-9.61271967
43443836445778,-0.361124611,3.72949052,2.53959042,-13.237541,0.414196887,-9.56962404
43443837434015,-0.383495164,3.67196624,2.53745989,-13.2279642,0.292092603,-9.60314286
43443838422252,-0.405865717,3.61444197,2.53213356,-13.2112048,0.189141931,-9.56962404
43443839410489,-0.42823627,3.55904821,2.52574198,-13.237541,0.0550666382,-9.46906757
43443840398727,-0.44741103,3.50365446,2.51935039,-13.3428859,-0.165199915,-9.42597194
43443841387946,-0.465520525,3.44506492,2.50976301,-13.3883757,-0.387860669,-9.29668505
43443842376183,-0.484695285,3.38327958,2.49911037,-13.3309148,-0.600944617,-9.16739816
43443843364421,-0.501739516,3.32149425,2.48526193,-13.2830308,-0.837970581,-9.15303295
43443844352658,-0.515587954,3.25970891,2.46928296,-13.2638772,-1.17076461,-9.15063875
43443845340895,-0.527305863,3.19898884,2.44904294,-13.1728975,-1.46046301,-9.14345614
43443846330115,-0.540089036,3.14039929,2.42347659,-13.0148802,-1.60411511,-9.21528219
43443847318352,-0.548611151,3.08394028,2.39577972,-12.6653268,-1.70227738,-9.33978068
43443848306589,-0.55074168,3.02961179,2.36914811,-12.4091472,-1.8818425,-9.44751975
43443849294827,-0.546480622,2.97634857,2.34464702,-12.4450602,-2.13802208,-9.44273135
43443850283064,-0.542219565,2.92308535,2.31908068,-12.4522428,-2.37265385,-9.40921252
43443851271301,-0.539023771,2.86982212,2.29244907,-12.3804168,-2.5953146,-9.41400093
43443852260521,-0.532632185,2.81762417,2.2615564,-12.2702835,-2.77248552,-9.47146177
43443853248758,-0.523044805,2.76542648,2.22853307,-12.2367647,-3.00472308,-9.60553706
43443854236995,-0.510261632,2.71429378,2.19337934,-12.169727,-3.25850846,-9.61271967
43443855225232,-0.494282665,2.66529162,2.15609509,-12.1673328,-3.454833,-9.6653921
43443856213470,-0.477238434,2.61735472,2.11774557,-12.2104285,-3.69185896,-9.65342109
43443857201707,-0.461259468,2.57154835,2.07513499,-12.0188923,-3.82832845,-9.57920084
43443858190927,-0.443149972,2.52787251,2.03145915,-11.7938374,-3.86424148,-9.73482395
43443859179164,-0.420779419,2.48526193,1.98458751,-11.6765215,-3.96479795,-9.85453403
43443860167401,-0.396278337,2.44691241,1.93878114,-11.5927244,-4.09169064,-9.83298622
43443861155638,-0.371777255,2.40749763,1.89190951,-11.5017448,-4.18985291,-9.82580361
43443862143876,-0.348341471,2.37127863,1.84397261,-11.3293623,-4.19703551,-9.98382092
43443863132113,-0.322775124,2.34038597,1.79603571,-11.1689507,-4.24013114,-10.0819832
43443864121332,-0.297208778,2.31268909,1.74703354,-11.0133276,-4.27604417,-10.0867716
43443865109570,-0.272707679,2.28179642,1.70016191,-10.8816465,-4.25689055,-10.1442324
43443866097807,-0.246076068,2.25196902,1.65435554,-10.8002437,-4.30238038,-10.0604354
43443867086044,-0.218379193,2.22214148,1.60961443,-10.6829278,-4.35505282,-10.0053687
43443868074281,-0.190682317,2.19550987,1.56487332,-10.5727945,-4.35984122,-10.0532528
43443869062519,-0.164050723,2.16887826,1.51906695,-10.400412,-4.30716879,-10.0724064
43443870051738,-0.136353839,2.14224665,1.47539111,-10.2328179,-4.30477458,-10.1466266
43443871039976,-0.109722229,2.1166803,1.4338458,-10.1681745,-4.31195719,-10.2088759
43443872028213,-0.0809600971,2.09324448,1.39123535,-10.0364934,-4.25689055,-10.1825397
43443873016450,-0.0532632176,2.07087393,1.34969004,-9.83059202,-4.13239207,-10.163386
43443874004687,-0.0245010799,2.04956864,1.31027526,-9.69172832,-3.99113417,-10.1059252
43443874992925,0.00213052874,2.02613282,1.27405627,-9.63426748,-3.91451971,-10.0005803
43443875982144,0.0276968733,2.00163174,1.24209833,-9.54807622,-3.81396324,-10.0029745
43443876970381,0.0511326888,1.97713066,1.2101404,-9.44991395,-3.69185896,-10.0149455
43443877958619,0.075633775,1.95476011,1.17818247,-9.43076034,-3.53863005,-9.97184991
43443878946856,0.0990695842,1.93025902,1.14942033,-9.39484731,-3.3183635,-10.0005803
43443879935093,0.122505402,1.90362741,1.12491924,-9.26556042,-3.08612594,-9.96706151
43443880923330,0.145941228,1.8769958,1.10254862,-9.18176337,-2.77248552,-9.7994674
43443881912550,0.165115988,1.84823366,1.08443913,-9.12190833,-2.43490309,-9.62708488
43443882900787,0.184290731,1.81521047,1.07059069,-9.04050547,-2.11168586,-9.54089362
43443883889024,0.199204433,1.77899148,1.06206858,-8.95910261,-1.76692083,-9.5121632
43443884877262,0.209857077,1.74170722,1.05780752,-8.84896934,-1.41018478,-9.44273135
43443885865499,0.219444457,1.70442296,1.05887278,-8.7986911,-1.02950671,-9.39724152
43443886853736,0.229031837,1.66607344,1.06632963,-8.81066211,-0.732625708,-9.41400093
43443887842956,0.236488688,1.6255934,1.07698228,-8.85136354,-0.497993945,-9.45949076
43443888831193,0.239684481,1.58511335,1.08976545,-8.90164177,-0.196324536,-9.45949076
43443889819430,0.239684481,1.54356803,1.10467915,-8.92558379,0.146046301,-9.41400093
43443890807668,0.236488688,1.50308799,1.12278872,-9.00219824,0.4333505,-9.3804821
43443891795905,0.23222763,1.46047741,1.144094,-9.14345614,0.639251843,-9.31583866
43443892784142,0.226901308,1.4189321,1.16646456,-9.28471404,0.787692346,-9.25119521
43443893773362,0.218379193,1.37525639,1.18990038,-9.43554874,0.897825623,-9.18894597
43443894761599,0.206661284,1.33051528,1.21333619,-9.54328782,1.0079589,-9.19612858
43443895749836,0.192812846,1.28683944,1.23677201,-9.57920084,1.1563994,-9.32302126
43443896738073,0.17683388,1.24529413,1.26020783,-9.68693992,1.27850369,-9.3685111
43443897726311,0.159789665,1.20800987,1.28364365,-9.83059202,1.30962831,-9.29668505
43443898714548,0.14168017,1.16966035,1.30707946,-9.90002386,1.32159932,-9.27034883
43443899703768,0.121440137,1.13131083,1.32945002,-10.0221281,1.26174427,-9.31105026
43443900692005,0.101200113,1.09296124,1.34969004,-10.1969049,1.09893856,-9.27992563
43443901680242,0.0820253616,1.05354646,1.3688648,-10.3094323,0.991199487,-9.22007059
43443902668479,0.063915862,1.01413168,1.38590903,-10.3549222,0.952892261,-9.18894597
43443903656717,0.0458063666,0.974716892,1.40082273,-10.3860468,0.852335791,-9.14106194
43443904644954,0.0276968733,0.938497902,1.41467104,-10.4028062,0.672770667,-9.14345614
43443905634173,0.0106526444,0.902278911,1.42638895,-10.4913917,0.450109912,-9.2296474
43443906622411,-0.0063915861,0.868190449,1.43597633,-10.6158902,0.210689746,-9.33499227
43443907610648,-0.0213052887,0.835167251,1.44556371,-10.7020814,-0.0167594116,-9.35893429
43443908598885,-0.0362189908,0.800013525,1.45195529,-10.733206,-0.210689746,-9.34935748
43443909587122,-0.0479368955,0.764859798,1.45515109,-10.7020814,-0.335188232,-9.39005891
43443910575360,-0.0575242754,0.730771337,1.45621635,-10.6805336,-0.481234534,-9.40921252
43443911564579,-0.0671116553,0.697748206,1.45621635,-10.7140524,-0.675164868,-9.45230815
43443912552817,-0.075633775,0.665790273,1.45621635,-10.7834843,-0.842758984,-9.54328782
43443913541054,-0.083090626,0.634897604,1.45621635,-10.8002437,-0.943315454,-9.60074866
43443914529291,-0.0884169399,0.602939671,1.45408582,-10.8146089,-1.05584293,-9.60074866
43443915517528,-0.0916127332,0.572047002,1.45195529,-10.8361567,-1.18034142,-9.63187328
43443916506748,-0.093743262,0.542219565,1.44662897,-10.8624929,-1.27371528,-9.67736311
43443917494985,-0.0969390554,0.51239216,1.44130265,-10.9415016,-1.37906016,-9.69172832
43443918483222,-0.0990695842,0.482564756,1.4338458,-11.0013566,-1.49158763,-9.72045874
43443919471460,-0.100134849,0.454867881,1.42532368,-11.0851537,-1.61369192,-9.71327614
43443920459697,-0.0990695842,0.42823627,1.4157363,-11.1761333,-1.71424839,-9.73003555
43443921447934,-0.0980043198,0.402669924,1.40295313,-11.2168348,-1.79804545,-9.8090442
43443922437154,-0.0969390554,0.374973048,1.38803956,-11.2623246,-1.8746599,-9.82819781
43443923425391,-0.0969390554,0.348341471,1.37312586,-11.3126028,-1.91296713,-9.81862101
43443924413628,-0.0948085265,0.323840389,1.35714689,-11.3652753,-1.95606276,-9.80665
43443925401866,-0.093743262,0.300404571,1.34116792,-11.4490723,-2.0207062,-9.76355437
43443926390103,-0.0905474687,0.276968737,1.32412369,-11.4897738,-2.08295544,-9.68215151
43443927378340,-0.0884169399,0.249271861,1.30707946,-11.5615998,-2.14281049,-9.58638345
43443928367560,-0.0862864193,0.219444457,1.29003523,-11.6358201,-2.20266553,-9.54807622
43443929355797,-0.083090626,0.189617053,1.26979521,-11.6334259,-2.23618435,-9.52652841
43443930344034,-0.0788295683,0.159789665,1.24955518,-11.6621563,-2.25294376,-9.50498059
43443931332271,-0.075633775,0.131027517,1.22931516,-11.7315881,-2.32237561,-9.48822118
43443932320509,-0.0713727172,0.101200113,1.20800987,-11.872846,-2.41574948,-9.44273135
43443933308746,-0.0703074528,0.0681769197,1.18670458,-11.9949503,-2.49475813,-9.29429084
43443934297965,-0.0703074528,0.0340884599,1.1622035,-12.1122662,-2.58813199,-9.15303295
43443935286203,-0.0692421842,-0.00213052874,1.13557189,-12.1912749,-2.67671746,-9.0836011
43443936274440,-0.0671116553,-0.0404800486,1.10680968,-12.2080343,-2.70544788,-9.02853446
43443937262677,-0.0649811264,-0.0809600971,1.07698228,-12.2271879,-2.69587107,-9.00219824
43443938250915,-0.0617853331,-0.120374873,1.04715487,-12.1840922,-2.70305367,-8.96389102
43443939239152,-0.0607200687,-0.16085493,1.01839273,-12.1242372,-2.72460149,-9.02135186
43443940228371,-0.0564590109,-0.203465491,0.98856533,-12.157756,-2.79163914,-9.02853446
43443941216609,-0.0521979532,-0.246076068,0.958737926,-12.2128227,-2.8802246,-8.98304463
43443942204846,-0.0479368955,-0.288686662,0.929975786,-12.1601502,-2.90416661,-9.05965908
43443943193083,-0.0436758419,-0.329166711,0.899083117,-12.1074778,-2.885013,-9.13866774
43443944181320,-0.0394147841,-0.367516197,0.869255713,-12.109872,-2.89937821,-9.16500396
43443945169558,-0.0362189908,-0.405865717,0.839428309,-12.1122662,-2.92332023,-9.12669673
43443946158777,-0.031957931,-0.445280501,0.809600905,-12.1505734,-2.91613762,-9.06923589
43443947147014,-0.0276968733,-0.484695285,0.779773501,-12.1936691,-2.92810863,-8.98543883
43443948135252,-0.0245010799,-0.524110069,0.749946096,-12.1912749,-2.92332023,-8.95431421
43443949123489,-0.0213052887,-0.563524887,0.720118692,-12.1601502,-2.91134922,-8.97107362
43443950111726,-0.0202400243,-0.604004935,0.690291355,-12.1409966,-2.90895502,-8.97825623
43443951099963,-0.0191747598,-0.644484984,0.661529215,-12.1002952,-2.86107098,-9.02614026
43443952089183,-0.0181094954,-0.683899768,0.633832339,-12.0715648,-2.81797535,-9.01656345
43443953077420,-0.0159789655,-0.722249221,0.608265993,-12.0691706,-2.76769712,-8.96867942
43443954065658,-0.0127831722,-0.761664005,0.582699647,-12.0284691,-2.72220729,-8.95431421
43443955053895,-0.00958737992,-0.801078789,0.558198531,-12.0380459,-2.71502468,-8.91840118
43443956042132,-0.00745685053,-0.841558838,0.533697449,-12.0452286,-2.64798704,-8.89206497
43443957030369,-0.00532632218,-0.882038886,0.510261632,-12.0260749,-2.55940157,-8.88488236
43443958019589,-0.00213052874,-0.924649464,0.488956343,-12.0404401,-2.50912334,-8.84896934
43443959007826,0.00213052874,-0.96939057,0.469781583,-12.0811416,-2.4588451,-8.81545051
43443959996063,0.00532632218,-1.01413168,0.451672088,-12.1146604,-2.43011469,-8.81305631
43443960984301,0.0106526444,-1.05674225,0.431432063,-12.1314198,-2.40617267,-8.80587371
43443961972538,0.0170442299,-1.1004181,0.411192039,-12.1481792,-2.34871183,-8.78193169
43443962960775,0.0245010799,-1.14622453,0.393082544,-12.181698,-2.3056162,-8.72447085
43443963949995,0.031957931,-1.1952267,0.376038313,-12.2032459,-2.27688578,-8.69095203
43443964938232,0.0383495197,-1.24422886,0.361124611,-12.2271879,-2.26730897,-8.67898102
43443965926469,0.0458063666,-1.2911005,0.344080413,-12.2535241,-2.23618435,-8.63349119
43443966914707,0.0543284821,-1.34010266,0.327036182,-12.2367647,-2.20266553,-8.62630858
43443967902944,0.0628505976,-1.38803956,0.309991951,-12.2726777,-2.20266553,-8.61912598
43443968891181,0.0713727172,-1.43704159,0.295078249,-12.3492922,-2.19308872,-8.56405934
43443969880401,0.0809600971,-1.48604376,0.278034001,-12.3804168,-2.1643583,-8.49702169
43443970868638,0.0916127332,-1.53611118,0.26098977,-12.3756284,-2.10929166,-8.43716665
43443971856875,0.101200113,-1.58511335,0.242880275,-12.3660516,-2.07337864,-8.38688842
43443972845112,0.111852757,-1.63518078,0.225836044,-12.4163298,-2.07337864,-8.30309136
43443973833350,0.122505402,-1.68737873,0.210922342,-12.4713964,-2.05661923,-8.2216885
43443974821587,0.134223311,-1.73957669,0.19600864,-12.4857617,-2.03746561,-8.18816968
43443975810807,0.144875963,-1.79177465,0.178964409,-12.5408283,-2.018312,-8.13789144
43443976799044,0.154463343,-1.84397261,0.162985459,-12.6102601,-2.00394679,-8.06606539
43443977787281,0.164050723,-1.89830109,0.147006492,-12.6749036,-2.0135236,-7.97747993
43443978775518,0.174703368,-1.95369484,0.131027517,-12.7132108,-1.98958158,-7.88650027
43443979763756,0.18642126,-2.00802333,0.113983286,-12.7299702,-1.93930334,-7.82185682
43443980751993,0.197073904,-2.06235181,0.0958737909,-12.7730659,-1.94409175,-7.73327136
43443981741212,0.207726548,-2.11774557,0.0777643038,-12.8377093,-1.96803376,-7.6494743
43443982729450,0.217313928,-2.17420458,0.0617853331,-12.8760165,-1.94648595,-7.55370624
43443983717687,0.229031837,-2.23172886,0.0458063666,-12.8975643,-1.92014973,-7.44117876
43443984705924,0.239684481,-2.28925327,0.0276968733,-12.94066,-1.91057292,-7.41005414
43443985694161,0.250337126,-2.34890808,0.00958737992,-12.976573,-1.91296713,-7.3549875
43443986682399,0.262055035,-2.41069342,-0.00532632218,-13.0172744,-1.90099612,-7.22330641
43443987671618,0.273772943,-2.47247876,-0.0213052887,-13.0627643,-1.8794483,-7.16584557
43443988659856,0.285490869,-2.53319883,-0.0372842553,-13.0938889,-1.8818425,-7.13232675
43443989648093,0.297208778,-2.59604943,-0.0553937465,-13.1178309,-1.90339032,-7.04374128
43443990636330,0.308926686,-2.65890003,-0.0735032461,-13.1058599,-1.85550629,-6.95755002
43443991624567,0.320644595,-2.7228159,-0.0905474687,-13.000515,-1.67115276,-6.7755907
43443992613787,0.33129724,-2.78673176,-0.106526435,-12.7994021,-1.448492,-6.44997927
43443993602024,0.337688826,-2.85171263,-0.119309609,-12.679692,-1.40779058,-6.31590398
43443994590261,0.345145677,-2.91456323,-0.128896988,-12.7946137,-1.50355864,-6.52898793
43443995578499,0.353667759,-2.97741383,-0.138484368,-13.0292454,-1.63045133,-6.65588062
43443996566736,0.360059346,-3.03919917,-0.150202285,-13.2064164,-1.74776721,-6.65348641
43443997554973,0.367516197,-3.10311504,-0.164050723,-13.3835873,-1.82438167,-6.75404288
43443998544193,0.379234106,-3.16596564,-0.181094937,-13.6014596,-1.96563956,-6.95276162
43443999532430,0.38988675,-3.22562045,-0.202400226,-13.7786306,-2.09732065,-7.05810649
43444000520667,0.400539395,-3.28314473,-0.224770779,-13.8959464,-2.09013805,-6.98388624
43444001508904,0.412257303,-3.34173427,-0.247141333,-13.9318595,-2.00155259,-6.97430944
43444002497142,0.426105741,-3.40245434,-0.268446621,-13.9988971,-1.98479318,-6.96952103
43444003485379,0.439954179,-3.46743547,-0.287621398,-14.1545202,-2.07577284,-6.9288196
43444004474599,0.452737352,-3.5356124,-0.307861422,-14.2622593,-2.14520469,-6.91206019
43444005462836,0.467651054,-3.60378932,-0.328101446,-14.2790187,-2.14041628,-6.97430944
43444006451073,0.483630021,-3.67090098,-0.347276206,-14.2933839,-2.10210906,-7.10838473
43444007439310,0.498543723,-3.73481685,-0.366450933,-14.3316911,-2.07337864,-7.15387456
43444008427548,0.511326896,-3.79979798,-0.384560428,-14.3245085,-2.0207062,-7.10120212
43444009415785,0.525175334,-3.86477911,-0.402669924,-14.2718361,-1.92014973,-7.13472095
43444010405004,0.537958507,-3.92869497,-0.419714155,-14.2454999,-1.86029469,-7.17063397
43444011393242,0.548611151,-3.99048031,-0.434627857,-14.2454999,-1.83156427,-7.08444271
43444012381479,0.558198531,-4.05120038,-0.446345765,-14.2191637,-1.74537301,-7.07965431
43444013369716,0.567785944,-4.11192046,-0.455933145,-14.1784622,-1.63763394,-7.09641372
43444014357953,0.578438589,-4.17051,-0.46658579,-14.1808564,-1.5897499,-7.02458767
43444015346191,0.586960704,-4.22909954,-0.47617317,-14.1688854,-1.51792385,-6.95276162
43444016335410,0.593352291,-4.28768909,-0.483630021,-14.0850884,-1.37427175,-6.89530078
43444017323648,0.597613349,-4.34840916,-0.488956343,-14.0946652,-1.33596453,-6.87135876
43444018311885,0.599743877,-4.40699871,-0.493217401,-14.2478941,-1.42215579,-6.97191523
43444019300122,0.604004935,-4.46132719,-0.496413194,-14.425065,-1.53228906,-7.11317313
43444020288359,0.607200729,-4.51565594,-0.500674252,-14.5854765,-1.60650931,-7.14669196
43444021276597,0.609331257,-4.5710497,-0.508131103,-14.7147634,-1.5897499,-7.16584557
43444022265816,0.613592315,-4.62537818,-0.516653218,-14.8584155,-1.55383688,-7.23527742
43444023254053,0.617853373,-4.68077193,-0.525175334,-14.9877024,-1.55623108,-7.30231506
43444024242291,0.623179695,-4.73616568,-0.532632185,-15.0858647,-1.5897499,-7.33104548
43444025230528,0.627440753,-4.7926247,-0.5411543,-15.1816327,-1.5897499,-7.37174691
43444026218765,0.631701811,-4.84695318,-0.548611151,-15.2414878,-1.57059629,-7.43878456
43444027207002,0.637028133,-4.90234693,-0.556068002,-15.2606414,-1.56820209,-7.47230338
43444028196222,0.643419719,-4.95561016,-0.562459622,-15.3085254,-1.56820209,-7.46751498
43444029184459,0.648746042,-5.00780811,-0.569916473,-15.3827457,-1.56341368,-7.46272657
43444030172697,0.653007099,-5.06107134,-0.577373324,-15.4138703,-1.53707747,-7.44357296
43444031160934,0.655137628,-5.11539982,-0.583764911,-15.4617543,-1.47961663,-7.41244834
43444032149171,0.657268157,-5.16653251,-0.589091233,-15.4713311,-1.40539637,-7.42441935
43444033137408,0.658333421,-5.21766521,-0.596548084,-15.4545717,-1.36708915,-7.40765994
43444034126628,0.658333421,-5.2687979,-0.601874406,-15.4713311,-1.33835873,-7.3597759
43444035114865,0.658333421,-5.31780006,-0.607200729,-15.4569659,-1.3048399,-7.34062229
43444036103102,0.658333421,-5.36573696,-0.612527051,-15.4904847,-1.3000515,-7.32625708
43444037091340,0.657268157,-5.41367386,-0.617853373,-15.5216094,-1.2928689,-7.30470927
43444038079577,0.655137628,-5.4605455,-0.622114431,-15.5718876,-1.28808049,-7.30710347
43444039067814,0.655137628,-5.50528661,-0.626375488,-15.6796267,-1.31920511,-7.34062229
43444040057034,0.653007099,-5.55215824,-0.632767075,-15.7466643,-1.32878192,-7.32146868
43444041045271,0.65087657,-5.59902988,-0.640223926,-15.7179339,-1.24977327,-7.2113354
43444042033508,0.646615513,-5.64483571,-0.648746042,-15.7011745,-1.19710083,-7.13711515
43444043021746,0.645550248,-5.68957682,-0.656202893,-15.7538469,-1.19470663,-7.0628949
43444044009983,0.643419719,-5.73431793,-0.664725008,-15.8160962,-1.20907184,-7.13472095
43444044998220,0.640223926,-5.77799377,-0.673247124,-15.9549599,-1.32638772,-7.36935271
43444045987440,0.638093397,-5.82166961,-0.683899768,-16.1201598,-1.4437036,-7.42920775
43444046975677,0.637028133,-5.86534545,-0.696682941,-16.2207162,-1.46046301,-7.44836136
43444047963914,0.637028133,-5.90902129,-0.712661841,-16.3093017,-1.49398184,-7.54412943
43444048952151,0.638093397,-5.95163187,-0.727575543,-16.3667625,-1.50595284,-7.63271489
43444049940389,0.639158662,-5.99424245,-0.74355451,-16.3907046,-1.48201083,-7.68299313
43444050928626,0.64128919,-6.03791829,-0.759533476,-16.431406,-1.48440503,-7.7811554
43444051917845,0.646615513,-6.08052887,-0.775512443,-16.431406,-1.49637604,-7.9295959
43444052906083,0.653007099,-6.12313945,-0.790426145,-16.4625306,-1.5873557,-8.09958422
43444053894320,0.661529215,-6.16575002,-0.807470376,-16.5439335,-1.67594116,-8.29830295
43444054882557,0.672181859,-6.20729534,-0.825579871,-16.6037885,-1.67594116,-8.3605522
43444055870794,0.682834503,-6.24777538,-0.843689367,-16.6037885,-1.65918175,-8.3629464
43444056859032,0.694552412,-6.2893207,-0.860733598,-16.6013943,-1.70467158,-8.38928262
43444057848251,0.707335519,-6.33086601,-0.876712564,-16.6085769,-1.74058461,-8.46589707
43444058836489,0.719053428,-6.37241132,-0.893756795,-16.5870291,-1.70467158,-8.61673177
43444059824726,0.732901865,-6.41395664,-0.909735762,-16.5535103,-1.70467158,-8.68855782
43444060812963,0.745685039,-6.45337142,-0.925714728,-16.5128089,-1.71903679,-8.70052883
43444061801200,0.758468212,-6.49172094,-0.941693695,-16.5056262,-1.7310078,-8.75798967
43444062790420,0.774447178,-6.53113572,-0.956607397,-16.4745016,-1.71664259,-8.82981572
43444063778657,0.790426145,-6.57055051,-0.971521099,-16.4122524,-1.66636436,-8.84178673
43444064766894,0.805339847,-6.60996529,-0.985369537,-16.3476089,-1.63284553,-8.7962969
43444065755132,0.81812302,-6.64831481,-0.999217974,-16.2638119,-1.5873557,-8.81066211
43444066743369,0.830906194,-6.68559907,-1.01200115,-16.1800148,-1.55144268,-8.91361278
43444067731606,0.843689367,-6.71968753,-1.02478432,-16.1177656,-1.55623108,-9.02853446
43444068720826,0.855407276,-6.75164546,-1.03650223,-16.0890352,-1.51792385,-9.05965908
43444069709063,0.86605992,-6.78466866,-1.05035067,-16.0291801,-1.43412679,-9.15063875
43444070697300,0.877777829,-6.81662659,-1.06313384,-15.9549599,-1.39103116,-9.25598362
43444071685538,0.889495738,-6.84751926,-1.07378648,-15.8879222,-1.34314713,-9.28471404
43444072673775,0.901213646,-6.87734667,-1.08443913,-15.7921542,-1.21146604,-9.31583866
43444073662012,0.911866291,-6.90610881,-1.09615704,-15.6844151,-1.09654436,-9.29189664
43444074651232,0.921453671,-6.93274042,-1.10680968,-15.6341368,-1.06063134,-9.31583866
43444075639469,0.931041051,-6.95617623,-1.1153318,-15.6030122,-1.0151415,-9.42597194
43444076627706,0.939563166,-6.97961205,-1.12385398,-15.576676,-1.0079589,-9.45949076
43444077615943,0.944889488,-7.00304787,-1.1323761,-15.5311862,-0.988805286,-9.35654009
43444078604181,0.949150546,-7.02541842,-1.14089821,-15.4306297,-0.902614026,-9.30386765
43444079592418,0.952346339,-7.04565845,-1.15048559,-15.3803515,-0.869095203,-9.3685111
43444080581638,0.954476868,-7.06483321,-1.15900771,-15.3683805,-0.890643018,-9.47625017
43444081569875,0.955542133,-7.08187744,-1.16752982,-15.327679,-0.924161841,-9.52892261
43444082558112,0.956607397,-7.0978564,-1.17605194,-15.2702182,-0.905008228,-9.48103857
43444083546349,0.958737926,-7.11277011,-1.18457405,-15.1768443,-0.849941589,-9.48343278
43444084534587,0.95980319,-7.12448802,-1.19416143,-15.0762879,-0.794874951,-9.56962404
43444085522824,0.960868455,-7.1340754,-1.20481408,-15.0092502,-0.718260498,-9.57441244
43444086512043,0.961933719,-7.14366278,-1.21227093,-14.9278474,-0.63446344,-9.5241342
43444087500281,0.962998984,-7.15111963,-1.21972778,-14.8655981,-0.567425793,-9.45949076
43444088488518,0.964064248,-7.15857648,-1.22931516,-14.8464445,-0.521935962,-9.35654009
43444089476755,0.961933719,-7.16603333,-1.23464148,-14.7841953,-0.440533105,-9.23922421
43444090464992,0.95980319,-7.17349018,-1.24209833,-14.733917,-0.354341846,-9.13387933
43444091453230,0.957672661,-7.18094703,-1.24848992,-14.7650416,-0.337582434,-9.06205328
43444092442449,0.955542133,-7.19053441,-1.25488151,-14.8512329,-0.344765039,-9.02135186
43444093430687,0.952346339,-7.19905653,-1.26233836,-14.8679923,-0.301669409,-8.96389102
43444094418924,0.949150546,-7.20864391,-1.27086047,-14.7985605,-0.179565125,-8.91840118
43444095407161,0.943824224,-7.21716602,-1.27938259,-14.7650416,-0.0502782349,-8.90643018
43444096395398,0.939563166,-7.2267534,-1.2879047,-14.686033,0.0430956299,-8.73883606
43444097383636,0.934236844,-7.23634078,-1.29429629,-14.5519577,0.146046301,-8.57603035
43444098372855,0.926779993,-7.24592816,-1.29962261,-14.4921026,0.237025964,-8.64546219
43444099361092,0.918257877,-7.25338501,-1.30494893,-14.5639287,0.237025964,-8.68855782
43444100349330,0.907605233,-7.2597766,-1.30814473,-14.6142069,0.220266553,-8.63588539
43444101337567,0.896952589,-7.26829871,-1.31134052,-14.5687171,0.260967981,-8.61912598
43444102325804,0.888430473,-7.27575557,-1.31560158,-14.5543519,0.253785376,-8.64067379
43444103314041,0.880973622,-7.28001662,-1.31773211,-14.5543519,0.215478149,-8.69813463
43444104303261,0.8756473,-7.28534295,-1.31986264,-14.5208331,0.284909998,-8.73165345
43444105291498,0.872451507,-7.29173453,-1.32305843,-14.4657664,0.392649072,-8.73404766
43444106279735,0.868190449,-7.29599559,-1.32412369,-14.3843636,0.488417139,-8.72207665
43444107267973,0.86605992,-7.29812612,-1.32305843,-14.3676042,0.557848987,-8.63588539
43444108256210,0.863929391,-7.30238718,-1.31879737,-14.4514012,0.584185205,-8.5018101
43444109244447,0.860733598,-7.30877876,-1.31240579,-14.5304099,0.584185205,-8.38210001
43444110233667,0.85647254,-7.31730088,-1.30920999,-14.6237837,0.538695374,-8.32942758
43444111221904,0.853276747,-7.32795352,-1.30707946,-14.6333605,0.51954176,-8.42998405
43444112210141,0.84688516,-7.33860617,-1.30494893,-14.5735055,0.497993945,-8.63349119
43444113198379,0.842624102,-7.34499775,-1.30281841,-14.5016795,0.517147559,-8.76517228
43444114186616,0.841558838,-7.34712828,-1.30068788,-14.437036,0.581791003,-8.86812295
43444115174853,0.842624102,-7.34499775,-1.29749208,-14.4777374,0.59136781,-8.9375548
43444116164073,0.843689367,-7.34180196,-1.29642682,-14.4897084,0.622492432,-8.97825623
43444117152310,0.843689367,-7.34180196,-1.29323103,-14.4154882,0.69192428,-9.05487068
43444118140547,0.84688516,-7.3407367,-1.2879047,-14.3245085,0.756567725,-9.16979236
43444119128784,0.852211482,-7.3375409,-1.28151312,-14.2215579,0.811634363,-9.26316622
43444120117022,0.85647254,-7.33327985,-1.27192574,-14.1257898,0.835576379,-9.30386765
43444121105259,0.860733598,-7.32795352,-1.26020783,-13.9797435,0.730231506,-9.30626185
43444122094479,0.868190449,-7.32156194,-1.24635939,-13.9869261,0.588973608,-9.30865605
43444123082716,0.8756473,-7.31517035,-1.23251095,-14.0443869,0.603338818,-9.21767639
43444124070953,0.879908358,-7.31090929,-1.21866251,-14.0180507,0.7206547,-9.0812069
43444125059190,0.882038886,-7.30984403,-1.20587934,-14.0659348,0.74938512,-9.02374606
43444126047428,0.886299944,-7.30984403,-1.19309617,-14.0826942,0.64882865,-8.96628522
43444127035665,0.889495738,-7.30984403,-1.180313,-14.0898768,0.514753357,-8.91600698
43444128024884,0.892691531,-7.31090929,-1.16966035,-14.0348101,0.404620081,-8.98304463
43444129013122,0.896952589,-7.30877876,-1.16326876,-13.9486189,0.366312854,-9.04768807
43444130001359,0.901213646,-7.30451771,-1.15794244,-13.867216,0.385466467,-8.99501564
43444130989596,0.905474704,-7.30025665,-1.15474665,-13.7499001,0.373495459,-9.00938085
43444131977833,0.908670497,-7.29386506,-1.15048559,-13.6254016,0.313640417,-9.04289967
43444132966071,0.911866291,-7.28534295,-1.14515927,-13.5368162,0.253785376,-9.16500396
43444133955290,0.916127348,-7.2746903,-1.14089821,-13.4769611,0.193930334,-9.35893429
43444134943528,0.920388406,-7.2597766,-1.13663715,-13.4242887,0.148440503,-9.46188496
43444135931765,0.925714728,-7.23953657,-1.13450662,-13.3620395,0.189141931,-9.46188496
43444136920002,0.933171579,-7.21823129,-1.1323761,-13.309367,0.299275208,-9.38527051
43444137908239,0.941693695,-7.196926,-1.13024557,-13.3069728,0.361524451,-9.42357773
43444138897459,0.952346339,-7.17668597,-1.12704977,-13.2878192,0.383072266,-9.3756937
43444139885696,0.961933719,-7.15857648,-1.12278872,-13.2471178,0.399831677,-9.18415757
43444140873933,0.972586364,-7.14259751,-1.11852766,-13.2399352,0.399831677,-9.16979236
43444141862171,0.982173743,-7.12555328,-1.11320127,-13.2806366,0.359130249,-9.17218656
43444142850408,0.989630594,-7.10957431,-1.10787495,-13.3309148,0.320823022,-9.09557211
43444143838645,0.997087446,-7.09572588,-1.10254862,-13.3404917,0.339976636,-9.02135186
43444144827865,1.00347903,-7.08187744,-1.09828757,-13.3452801,0.313640417,-8.95670841
43444145816102,1.01200115,-7.06696374,-1.09615704,-13.4003467,0.296881006,-9.00698665
43444146804339,1.01839273,-7.0531153,-1.09402651,-13.2686656,0.342370837,-9.02853446
43444147792577,1.02478432,-7.0382016,-1.08976545,-13.1752917,0.426167896,-9.04050547
43444148780814,1.03330644,-7.02115737,-1.08337386,-13.297396,0.371101257,-8.92558379
43444149769051,1.04289382,-7.0051784,-1.07698228,-13.3931641,0.325611426,-8.655039
43444150758271,1.0492854,-6.99346049,-1.07272122,-13.3955583,0.380678064,-8.60715497
43444151746508,1.0524812,-6.98280785,-1.06952543,-13.3117612,0.316034619,-8.54011732
43444152734745,1.05674225,-6.97002467,-1.0673949,-13.2878192,0.208295544,-8.34618699
43444153722982,1.05887278,-6.95937203,-1.06526437,-13.2447236,0.0574608398,-8.30309136
43444154711220,1.05993805,-6.94978465,-1.06526437,-13.1417729,0.0167594116,-8.44434926
43444155699457,1.06206858,-6.939132,-1.06526437,-13.0531875,0.0694318481,-8.48026228
43444156688676,1.06526437,-6.92315304,-1.06526437,-12.9669962,0.0837970581,-8.48744489
43444157676914,1.07059069,-6.90610881,-1.06526437,-12.8688339,0.124498486,-8.655039
43444158665151,1.07911281,-6.88693405,-1.06419911,-12.7898253,0.201112939,-8.68616362
43444159653388,1.08763492,-6.86562876,-1.06206858,-12.8089789,0.186747729,-8.54490573
43444160641626,1.09509177,-6.8432582,-1.05887278,-12.9023527,0.0885854614,-8.34858119
43444161629863,1.1004181,-6.82088765,-1.05674225,-13.0172744,0.00239420166,-8.14267985
43444162619082,1.10467915,-6.80277816,-1.05674225,-13.1226193,-0.0191536133,-8.00621035
43444163607320,1.10787495,-6.79106025,-1.05887278,-13.1705033,0.0311246216,-7.9248075
43444164595557,1.11107074,-6.78147287,-1.05887278,-13.201628,0.0670376465,-7.9367785
43444165583794,1.11107074,-6.77188549,-1.05887278,-13.1609265,0.11492168,-7.91762489
43444166572031,1.10787495,-6.76123284,-1.06100331,-13.1034657,0.153228906,-7.81706842
43444167560269,1.10361389,-6.74844967,-1.06419911,-13.0388222,0.196324536,-7.7907322
43444168549488,1.1004181,-6.73460123,-1.06632963,-12.964602,0.253785376,-7.83143363
43444169537725,1.09828757,-6.72075279,-1.0673949,-12.9095354,0.265756384,-7.86016405
43444170525963,1.09296124,-6.70690436,-1.0673949,-12.8209499,0.265756384,-7.81946262
43444171514200,1.08656966,-6.68986013,-1.0673949,-12.7060282,0.296881006,-7.81467422
43444172502437,1.08017807,-6.6696201,-1.0673949,-12.5958949,0.335188232,-7.82185682
43444173490674,1.07485175,-6.64831481,-1.06526437,-12.5120979,0.332794031,-7.76918439
43444174479894,1.06846016,-6.62807479,-1.06100331,-12.3660516,0.344765039,-7.73327136
43444175468131,1.06206858,-6.60783476,-1.05674225,-12.145785,0.509964954,-7.81706842
43444176456369,1.05674225,-6.58439895,-1.04822014,-11.8943938,0.59136781,-7.76918439
43444177444606,1.05141593,-6.5588326,-1.03117591,-12.0548054,0.565031592,-7.29513246
43444178432843,1.04182855,-6.53752731,-1.00880535,-12.5216747,0.407014282,-6.58644877
43444179421080,1.02691485,-6.52474414,-0.987500066,-13.0316396,-0.0790086548,-6.11957944
43444180410300,1.0045443,-6.5290052,-0.976847421,-13.0819179,-0.509964954,-6.24407793
43444181398537,0.982173743,-6.5407231,-0.976847421,-12.6126543,-0.64882865,-6.98149204
43444182386774,0.971521099,-6.53965784,-0.981108479,-12.0428344,-0.545877979,-7.82425103
43444183375012,0.977912686,-6.51835255,-0.982173743,-11.6262433,-0.555454785,-8.35097539
43444184363249,0.98856533,-6.48213356,-0.97897795,-11.480197,-0.627280835,-8.51617531
43444185351486,1.00241377,-6.43845772,-0.972586364,-11.4371013,-0.584185205,-8.43477245
43444186340706,1.019458,-6.39265135,-0.965129512,-11.5687824,-0.646434448,-8.35336959
43444187328943,1.03969802,-6.35430183,-0.958737926,-11.6334259,-0.63446344,-8.25520732
43444188317180,1.06100331,-6.32447442,-0.953411604,-11.51611,-0.474051929,-8.16183346
43444189305418,1.0823086,-6.29997334,-0.948085281,-11.2814782,-0.330399829,-8.06367119
43444190293655,1.10574442,-6.27334173,-0.942758959,-11.1378261,-0.270544788,-7.95114371
43444191281892,1.12704977,-6.24457959,-0.936367373,-11.1043073,-0.244208569,-7.77636699
43444192271112,1.14302874,-6.21581745,-0.927845257,-11.0803653,-0.181959326,-7.46751498
43444193259349,1.15581191,-6.18812058,-0.920388406,-11.006145,-0.11492168,-7.08683691
43444194247586,1.16752982,-6.16255423,-0.91399682,-10.8960118,-0.00239420166,-6.79713851
43444195235823,1.17924773,-6.14018368,-0.907605233,-10.7571481,0.0766144531,-6.58884297
43444196224061,1.18883511,-6.12207418,-0.899083117,-10.5847655,0.110133276,-6.37575902
43444197212298,1.19735723,-6.10716048,-0.889495738,-10.3932294,0.124498486,-6.22013591
43444198201518,1.20374881,-6.09224678,-0.879908358,-10.2400005,0.0885854614,-6.10760844
43444199189755,1.20800987,-6.07413728,-0.871386242,-10.1609918,0.0454898315,-5.97832155
43444200177992,1.21227093,-6.05602779,-0.864994655,-10.0580412,0.01436521,-5.86579407
43444201166229,1.21333619,-6.03685303,-0.859668333,-9.91678328,-0.0119710083,-5.79396802
43444202154467,1.21440146,-6.0198088,-0.851146218,-9.80665,-0.0335188232,-5.75087239
43444203142704,1.21759725,-5.99956877,-0.842624102,-9.71327614,-0.0957680664,-5.72453617
43444204131923,1.22398884,-5.97932875,-0.834101987,-9.6606037,-0.150834705,-5.70777676
43444205120161,1.23038042,-5.95908872,-0.8277104,-9.6629979,-0.153228906,-5.60243188
43444206108398,1.23464148,-5.9388487,-0.820253549,-9.63666168,-0.153228906,-5.43004937
43444207096635,1.23783727,-5.9207392,-0.811731434,-9.56483563,-0.0311246216,-5.32231029
43444208084872,1.2399678,-5.90369497,-0.801078789,-9.42597194,-0.0718260498,-5.15471617
43444209073110,1.24103307,-5.88984653,-0.787230352,-9.35414589,-0.251391174,-5.12119735
43444210062329,1.2399678,-5.8759981,-0.77231665,-9.28710824,-0.196324536,-5.24569584
43444211050567,1.23890254,-5.8578886,-0.757402947,-9.01656345,0.220266553,-5.43244357
43444212038804,1.23677201,-5.83551805,-0.737162923,-8.71728824,0.560243188,-5.27442626
43444213027041,1.23677201,-5.81208223,-0.70520499,-9.0883895,0.632069238,-4.43166727
43444214015278,1.22824989,-5.79610326,-0.664725008,-9.93114849,0.457292517,-3.38540115
43444215004498,1.20694461,-5.795038,-0.627440753,-10.6278612,-0.375889661,-2.77487972
43444215992735,1.17392141,-5.81101697,-0.6050702,-10.7308118,-1.12766898,-2.87064779
43444216980972,1.144094,-5.83658331,-0.598678613,-10.2400005,-1.32159932,-3.43567938
43444217969210,1.1323761,-5.84830122,-0.599743877,-9.86171664,-1.56341368,-4.02465299
43444218957447,1.13450662,-5.83658331,-0.602939671,-9.58398925,-1.91775553,-4.1754877
43444219945684,1.14089821,-5.81421276,-0.608265993,-9.31105026,-2.10689746,-4.20182391
43444220934904,1.15261612,-5.78651588,-0.616788108,-9.02853446,-2.10450326,-4.29519778
43444221923141,1.17179088,-5.75242742,-0.626375488,-8.84178673,-2.04464822,-4.3239282
43444222911378,1.19629196,-5.71514317,-0.630636546,-8.73165345,-1.97282217,-4.20661232
43444223899615,1.22292357,-5.6810547,-0.633832339,-8.6478564,-1.78846864,-4.01986459
43444224887853,1.24955518,-5.64803151,-0.634897604,-8.64306799,-1.59693251,-3.98873997
43444225876090,1.27405627,-5.6182041,-0.632767075,-8.74841287,-1.57538469,-3.95043274
43444226865310,1.29536155,-5.59050776,-0.633832339,-8.91121858,-1.66875856,-3.68467635
43444227853547,1.31240579,-5.56600668,-0.637028133,-9.01656345,-1.66397015,-3.28484468
43444228841784,1.32625422,-5.54363613,-0.64128919,-9.10275471,-1.48201083,-2.93768544
43444229830021,1.3390374,-5.52552663,-0.645550248,-9.14345614,-1.32159932,-2.71502468
43444230818259,1.34969004,-5.51274346,-0.65087657,-9.11233152,-1.27610948,-2.56658418
43444231806496,1.35608163,-5.50422134,-0.655137628,-8.99262144,-1.23780226,-2.40617267
43444232795715,1.36353848,-5.49996028,-0.659398686,-8.85136354,-1.17076461,-2.32237561
43444233783953,1.37206059,-5.49569923,-0.663659744,-8.74362446,-1.09893856,-2.28885679
43444234772190,1.38164797,-5.4903729,-0.664725008,-8.66940421,-0.881066211,-2.19787712
43444235760427,1.38803956,-5.48504658,-0.662594479,-8.66461581,-0.809240161,-1.94409175
43444236748664,1.38910482,-5.48291605,-0.658333421,-8.81784471,-1.04147772,-1.65678755
43444237736902,1.38590903,-5.48504658,-0.658333421,-8.88009396,-1.14442839,-1.57299049
43444238726121,1.3837785,-5.48930764,-0.663659744,-8.75798967,-1.23540806,-1.7310078
43444239714359,1.38271324,-5.49143817,-0.668986066,-8.6526448,-1.34554133,-1.91296713
43444240702596,1.38271324,-5.4903729,-0.673247124,-8.55448253,-1.39103116,-1.96803376
43444241690833,1.38590903,-5.48611185,-0.676442917,-8.46589707,-1.50834705,-1.99915839
43444242679070,1.39017009,-5.47865499,-0.680703975,-8.38928262,-1.60411511,-2.00634099
43444243667308,1.39336588,-5.47013288,-0.683899768,-8.31985077,-1.62566293,-2.06140763
43444244656527,1.39975747,-5.45841497,-0.688160826,-8.2216885,-1.63045133,-2.18111771
43444245644764,1.40827945,-5.44456653,-0.694552412,-8.09958422,-1.5921441,-2.27688578
43444246633002,1.41786683,-5.4275223,-0.699878734,-7.95114371,-1.53707747,-2.33674082
43444247621239,1.42638895,-5.40941281,-0.703074461,-7.77876119,-1.45806881,-2.42053788
43444248609476,1.43491106,-5.38704225,-0.70520499,-7.65905111,-1.36708915,-2.4468741
43444249597713,1.44343318,-5.36360644,-0.706270255,-7.65905111,-1.33596453,-2.38223065
43444250586933,1.45195529,-5.34123588,-0.706270255,-7.69256993,-1.27371528,-2.26252057
43444251575170,1.45728162,-5.31993059,-0.704139726,-7.70214674,-1.17794722,-2.09732065
43444252563408,1.45941214,-5.2986253,-0.700943932,-7.69256993,-1.05105453,-1.93930334
43444253551645,1.45834688,-5.28158107,-0.696682941,-7.69017573,-0.943315454,-1.76452662
43444254539882,1.45515109,-5.26773264,-0.691356619,-7.67341632,-0.873883606,-1.60411511
43444255528119,1.45195529,-5.25707999,-0.684965032,-7.61116708,-0.799663354,-1.50116444
43444256517339,1.44662897,-5.24536208,-0.677508181,-7.53215842,-0.73501991,-1.47482822
43444257505576,1.44023738,-5.23257891,-0.668986066,-7.42681355,-0.672770667,-1.4437036
43444258493813,1.43278053,-5.21873047,-0.66046395,-7.3501991,-0.64882865,-1.40779058
43444259482051,1.42532368,-5.20381677,-0.651941835,-7.29034406,-0.632069238,-1.39581957
43444260470288,1.4189321,-5.18996833,-0.642354455,-7.11556733,-0.584185205,-1.34793553
43444261458525,1.41040998,-5.17185884,-0.632767075,-6.97191523,-0.557848987,-1.31202251
43444262447745,1.39975747,-5.15268408,-0.62424496,-6.91445439,-0.555454785,-1.3000515
43444263435982,1.38910482,-5.13137879,-0.61465758,-6.83544574,-0.53390697,-1.28089789
43444264424219,1.38058271,-5.10687771,-0.606135464,-6.76122549,-0.541089575,-1.24019646
43444265412457,1.37099533,-5.08237662,-0.598678613,-6.67742843,-0.560243188,-1.24498486
43444266400694,1.36140795,-5.05787554,-0.592287026,-6.59602557,-0.579396802,-1.29047469
43444267388931,1.35182057,-5.0323092,-0.584830175,-6.54574734,-0.603338818,-1.27610948
43444268378151,1.34010266,-5.00461232,-0.577373324,-6.50265171,-0.636857642,-1.24259066
43444269366388,1.33158055,-4.97798071,-0.570981738,-6.44040247,-0.665588062,-1.25935007
43444270354625,1.32518896,-4.9513491,-0.563524887,-6.38533583,-0.651222852,-1.27850369
43444271342862,1.31986264,-4.92258696,-0.557133267,-6.31590398,-0.627280835,-1.28808049
43444272331100,1.31560158,-4.89275955,-0.55074168,-6.23928953,-0.63446344,-1.28808049
43444273319337,1.30920999,-4.86399741,-0.543284829,-6.22253011,-0.658405457,-1.26413848
43444274308556,1.30281841,-4.83523528,-0.536893242,-6.17464608,-0.641646045,-1.22343705
43444275296794,1.29749208,-4.80647314,-0.532632185,-6.08845482,-0.646434448,-1.17076461
43444276285031,1.29323103,-4.777711,-0.526240598,-6.0597244,-0.670376465,-1.08696755
43444277273268,1.2879047,-4.74894886,-0.518783747,-6.01423457,-0.660799658,-1.00077629
43444278261505,1.28470891,-4.72125198,-0.511326896,-5.94719692,-0.687135876,-0.943315454
43444279249743,1.28151312,-4.69462037,-0.504935309,-5.9088897,-0.746990918,-0.871489404
43444280238962,1.27938259,-4.66798876,-0.498543723,-5.83706365,-0.758961926,-0.780509741
43444281227200,1.27512153,-4.64135715,-0.492152136,-5.74608398,-0.761356128,-0.718260498
43444282215437,1.27192574,-4.61685607,-0.484695285,-5.66468113,-0.782903943,-0.67755907
43444283203674,1.27086047,-4.59342025,-0.478303698,-5.59285508,-0.809240161,-0.627280835
43444284191911,1.27192574,-4.56891917,-0.470846847,-5.53539424,-0.849941589,-0.555454785
43444285180149,1.272991,-4.54441808,-0.463389996,-5.47075079,-0.873883606,-0.488417139
43444286169368,1.272991,-4.519917,-0.45699841,-5.39174214,-0.888248816,-0.430956299
43444287157605,1.27405627,-4.49541592,-0.451672088,-5.31991609,-0.893037219,-0.318428821
43444288145843,1.27405627,-4.46878431,-0.445280501,-5.26963785,-0.905008228,-0.205901343
43444289134080,1.27405627,-4.4432177,-0.438888914,-5.21457122,-0.905008228,-0.107739075
43444290122317,1.27405627,-4.41552082,-0.432497328,-5.14513937,-0.916979236,0.0311246216
43444291111537,1.27192574,-4.38995447,-0.427171006,-5.07331332,-0.926556042,0.162805713
43444292099774,1.27086047,-4.36332286,-0.422909948,-4.97754525,-0.895431421,0.260967981
43444293088011,1.26766468,-4.33882178,-0.417583626,-4.9081134,-0.902614026,0.337582434
43444294076249,1.26446889,-4.31538596,-0.412257303,-4.85544097,-0.912190833,0.452504114
43444295064486,1.26233836,-4.29301541,-0.405865717,-4.78600912,-0.888248816,0.596156213
43444296052723,1.25914256,-4.27064486,-0.39947413,-4.67587584,-0.845153186,0.699106885
43444297041943,1.25701203,-4.24614378,-0.392017279,-4.56095416,-0.802057556,0.761356128
43444298030180,1.25594677,-4.22483849,-0.384560428,-4.4723687,-0.76375033,0.837970581
43444299018417,1.25594677,-4.20672899,-0.376038313,-4.37899484,-0.70628949,0.928950244
43444300006654,1.25594677,-4.18648897,-0.367516197,-4.30956299,-0.644040247,0.991199487
43444300994892,1.25488151,-4.16518368,-0.358994082,-4.24491954,-0.59136781,1.05584293
43444301983129,1.25488151,-4.14387839,-0.348341471,-4.1826703,-0.555454785,1.13963999
43444302972349,1.25275098,-4.12470363,-0.338754091,-4.10845005,-0.536301172,1.21864865
43444303960586,1.25168571,-4.10552887,-0.330231975,-4.04859501,-0.536301172,1.2928689
43444304948823,1.24848992,-4.08635411,-0.320644595,-4.00310518,-0.512359155,1.38145436
43444305937060,1.24529413,-4.06504882,-0.313187744,-3.95761534,-0.464475122,1.48440503
43444306925298,1.24209833,-4.04267827,-0.305730893,-3.87621249,-0.409408484,1.57538469
43444307913535,1.23890254,-4.02030772,-0.297208778,-3.78283862,-0.395043274,1.65439335
43444308902754,1.23357622,-3.99900243,-0.288686662,-3.72777198,-0.385466467,1.70945999
43444309890992,1.22931516,-3.97769714,-0.282295076,-3.66312854,-0.339976636,1.74537301
43444310879229,1.2250541,-3.95745711,-0.276968737,-3.58890829,-0.282515796,1.77410343
43444311867466,1.2250541,-3.93721709,-0.269511886,-3.52426484,-0.232237561,1.80043965
43444312855703,1.22398884,-3.91697706,-0.263120299,-3.46919821,-0.191536133,1.85550629
43444313843941,1.22185831,-3.89460651,-0.256728712,-3.41891997,-0.160411511,1.88902511
43444314833160,1.21866251,-3.87330122,-0.249271861,-3.39737216,-0.146046301,1.90817872
43444315821398,1.21546672,-3.85199593,-0.242880275,-3.35427653,-0.136469495,1.94409175
43444316809635,1.21333619,-3.82962538,-0.235423424,-3.30639249,-0.126892688,1.98239897
43444317797872,1.21333619,-3.80725483,-0.227966573,-3.27526787,-0.11492168,2.0159178
43444318786109,1.21333619,-3.78594954,-0.221574986,-3.23456644,-0.117315881,2.0135236
43444319774347,1.21120566,-3.76464425,-0.215183399,-3.21301863,-0.12928689,2.03028301
43444320763566,1.2101404,-3.74014317,-0.209857077,-3.20823022,-0.122104285,2.07337864
43444321751803,1.20800987,-3.71564209,-0.204530755,-3.18668241,-0.124498486,2.08534965
43444322740041,1.20694461,-3.69220627,-0.199204433,-3.1723172,-0.160411511,2.10689746
43444323728278,1.20694461,-3.66770519,-0.194943375,-3.16513459,-0.167594116,2.14759889
43444324716515,1.20587934,-3.64426937,-0.190682317,-3.13161577,-0.160411511,2.18111771
43444325704752,1.20587934,-3.62189882,-0.18642126,-3.08612594,-0.181959326,2.21942494
43444326693972,1.20694461,-3.59952826,-0.182160202,-3.06457812,-0.198718738,2.26012637
43444327682209,1.20481408,-3.57715771,-0.178964409,-3.07176073,-0.213083948,2.33195242
43444328670446,1.20268355,-3.55265663,-0.175768615,-3.07894333,-0.239420166,2.42293208
43444329658684,1.20055302,-3.52922081,-0.172572839,-3.04781871,-0.256179578,2.51391174
43444330646921,1.19842249,-3.50685026,-0.171507574,-2.99993468,-0.270544788,2.64080443
43444331635158,1.1952267,-3.48341444,-0.169377045,-2.99514628,-0.268150586,2.7413609
43444332624378,1.18990038,-3.45997862,-0.167246516,-2.99514628,-0.292092603,2.83712897
43444333612615,1.18244352,-3.4397386,-0.165115988,-2.96402166,-0.335188232,2.93289703
43444334600852,1.17605194,-3.42056384,-0.162985459,-2.93050283,-0.363918652,3.00951149
43444335589090,1.16966035,-3.40032381,-0.161920194,-2.92092603,-0.366312854,3.08133754
43444336577327,1.16326876,-3.37795326,-0.16085493,-2.89219561,-0.385466467,3.13879838
43444337565564,1.15581191,-3.35558271,-0.16085493,-2.85628258,-0.4333505,3.21780703
43444338554784,1.1472898,-3.33321215,-0.158724401,-2.82515796,-0.459686719,3.30399829
43444339543021,1.13983295,-3.31297213,-0.156593872,-2.80361014,-0.478840332,3.39018955
43444340531258,1.13024557,-3.29273211,-0.154463343,-2.76769712,-0.493205542,3.4596214
43444341519495,1.11959292,-3.27249208,-0.15126755,-2.69587107,-0.483628735,3.49553442
43444342507733,1.11000548,-3.25118679,-0.148071757,-2.62404502,-0.488417139,3.54820686
43444343495970,1.10148336,-3.22881624,-0.143810699,-2.57855519,-0.478840332,3.6008793
43444344485190,1.09189598,-3.20644569,-0.140614906,-2.54503636,-0.47644613,3.62003291
43444345473427,1.0823086,-3.18407513,-0.138484368,-2.48039292,-0.517147559,3.64158073
43444346461664,1.07272122,-3.16170458,-0.133158046,-2.42053788,-0.512359155,3.68946476
43444347449901,1.06419911,-3.13826876,-0.127831724,-2.38941326,-0.507570752,3.73734879
43444348438139,1.05461173,-3.11483294,-0.121440137,-2.34392343,-0.502782349,3.78044442
43444349426376,1.04502435,-3.09033186,-0.116113815,-2.27209738,-0.49081134,3.81156904
43444350415595,1.03650223,-3.06689605,-0.109722229,-2.24097275,-0.517147559,3.84029946
43444351403833,1.02691485,-3.04239496,-0.102265378,-2.25054956,-0.526724365,3.87621249
43444352392070,1.01732747,-3.01682862,-0.0948085265,-2.22181914,-0.512359155,3.90733711
43444353380307,1.00880535,-2.99445806,-0.0873516838,-2.18351191,-0.512359155,3.93127913
43444354368544,1.0013485,-2.97208751,-0.0809600971,-2.1643583,-0.538695374,3.95761534
43444355356782,0.992826388,-2.94865169,-0.0766990394,-2.14520469,-0.538695374,3.97916316
43444356346001,0.984304272,-2.92628114,-0.0724379817,-2.10929166,-0.509964954,4.00310518
43444357334239,0.976847421,-2.90284532,-0.0671116553,-2.07098444,-0.481234534,4.0318356
43444358322476,0.970455835,-2.8794095,-0.0628505976,-2.04943662,-0.488417139,4.06535442
43444359310713,0.964064248,-2.85597369,-0.0585895398,-2.0135236,-0.497993945,4.12999786
43444360298950,0.956607397,-2.8346684,-0.0553937465,-1.96324536,-0.469263525,4.15633408
43444361287188,0.95021581,-2.81229784,-0.0521979532,-1.92254393,-0.466869324,4.19703551
43444362276407,0.945954753,-2.78886229,-0.0490021599,-1.8794483,-0.442927307,4.28322677
43444363264644,0.939563166,-2.767557,-0.0458063666,-1.84114108,-0.409408484,4.35984122
43444364252882,0.933171579,-2.74625172,-0.0447411022,-1.79804545,-0.392649072,4.41490786
43444365241119,0.926779993,-2.72707696,-0.041545313,-1.7262194,-0.349553442,4.43884988
43444366229356,0.919323142,-2.70577167,-0.0383495197,-1.69509478,-0.318428821,4.49870492
43444367218576,0.91399682,-2.68446638,-0.0351537264,-1.65918175,-0.299275208,4.56334836
43444368206813,0.907605233,-2.66316109,-0.031957931,-1.59453831,-0.263362183,4.59207878
43444369195050,0.900148382,-2.6418558,-0.0308926666,-1.54904847,-0.241814368,4.63517441
43444370183288,0.89482206,-2.62161578,-0.0287621377,-1.50116444,-0.237025964,4.67108744
43444371171525,0.888430473,-2.60244102,-0.0255663444,-1.47243402,-0.210689746,4.70700046
43444372159762,0.879908358,-2.58113573,-0.0234358155,-1.40779058,-0.165199915,4.73812509
43444373148982,0.873516771,-2.5608957,-0.0213052887,-1.32399352,-0.119710083,4.75009609
43444374137219,0.86605992,-2.53959042,-0.0191747598,-1.3048399,-0.107739075,4.78840332
43444375125456,0.859668333,-2.51721986,-0.0170442299,-1.26892688,-0.0981622681,4.81952794
43444376113693,0.853276747,-2.49484931,-0.0149137011,-1.20667764,-0.0526724365,4.84346996
43444377101931,0.845819896,-2.47354402,-0.0127831722,-1.16837041,-0.00957680664,4.88656559
43444378090168,0.839428309,-2.45223873,-0.0106526444,-1.13963999,0.0215478149,4.92247861
43444379079387,0.833036722,-2.43199871,-0.00958737992,-1.09893856,0.0478840332,4.96796844
43444380067625,0.825579871,-2.41282395,-0.00745685053,-1.07260234,0.0694318481,5.02782349
43444381055862,0.81812302,-2.39364919,-0.00532632218,-1.03668932,0.0861912598,5.07091912
43444382044099,0.809600905,-2.37447443,-0.00319579305,-1.0127473,0.122104285,5.12359155
43444383032337,0.802144054,-2.35316914,-0.00213052874,-0.972045874,0.153228906,5.1858408
43444384020574,0.793621938,-2.33292911,0.00106526437,-0.909796631,0.160411511,5.24569584
43444385009793,0.785099823,-2.31481962,0.00319579305,-0.878672009,0.189141931,5.29357987
43444385998031,0.778708236,-2.29777539,0.00532632218,-0.823605371,0.217872351,5.3366755
43444386986268,0.770186121,-2.27860063,0.00745685053,-0.775721338,0.256179578,5.36301172
43444387974505,0.76272927,-2.26049113,0.0106526444,-0.711077893,0.299275208,5.37019432
43444388962742,0.755272419,-2.24238164,0.0138484366,-0.624886633,0.301669409,5.37737693
43444389950980,0.746750303,-2.22320674,0.0181094954,-0.565031592,0.308852014,5.41328995
43444390940199,0.738228188,-2.20296672,0.0223705511,-0.514753357,0.335188232,5.43244357
43444391928436,0.730771337,-2.18379196,0.0266316088,-0.46208092,0.351947644,5.43723197
43444392916674,0.725445014,-2.16355194,0.0308926666,-0.418985291,0.361524451,5.485116
43444393904911,0.719053428,-2.14331191,0.0351537264,-0.385466467,0.359130249,5.50426962
43444394893148,0.713727106,-2.12413715,0.041545313,-0.325611426,0.371101257,5.49948121
43444395881385,0.707335519,-2.10496239,0.0479368955,-0.296881006,0.371101257,5.50666382
43444396870605,0.700943932,-2.0836571,0.0532632176,-0.280121594,0.339976636,5.54018264
43444397858842,0.695617677,-2.06235181,0.0596548043,-0.244208569,0.308852014,5.54257684
43444398847080,0.690291355,-2.04211179,0.063915862,-0.294486804,0.237025964,5.44441458
43444399835317,0.684965032,-2.02187177,0.0671116553,-0.344765039,0.160411511,5.44202037
43444400823554,0.677508181,-1.99843595,0.0703074528,-0.349553442,0.122104285,5.50905802
43444401811791,0.672181859,-1.9760654,0.0713727172,-0.378283862,0.0957680664,5.52821163
43444402801011,0.665790273,-1.95369484,0.0724379817,-0.387860669,0.0933738647,5.55694205
43444403789248,0.661529215,-1.93132429,0.0745685105,-0.366312854,0.102950671,5.61679709
43444404777485,0.655137628,-1.910019,0.075633775,-0.328005627,0.124498486,5.68862314
43444405765723,0.647680777,-1.88977898,0.0766990394,-0.287304199,0.126892688,5.73171877
43444406753960,0.640223926,-1.86953895,0.0788295683,-0.282515796,0.107739075,5.7652376
43444407742197,0.632767075,-1.85036419,0.0809600971,-0.282515796,0.11492168,5.79636222
43444408731417,0.625310224,-1.83118943,0.0820253616,-0.253785376,0.0981622681,5.80833323
43444409719654,0.619983902,-1.81094941,0.0820253616,-0.227449158,0.10055647,5.82988104
43444410707891,0.615722844,-1.79070938,0.0820253616,-0.15801731,0.122104285,5.87297667
43444411696129,0.611461786,-1.77046936,0.083090626,-0.0742202515,0.117315881,5.86579407
43444412684366,0.6050702,-1.74916407,0.0841558904,-0.0502782349,0.105344873,5.87776508
43444413672603,0.598678613,-1.72785878,0.0862864193,-0.0263362183,0.0933738647,5.9184665
43444414661823,0.593352291,-1.70655349,0.0884169399,0.00478840332,0.10055647,5.94719692
43444415650060,0.589091233,-1.68418294,0.0926779976,0.0335188232,0.131681091,5.97592734
43444416638297,0.584830175,-1.66287765,0.0948085265,0.0670376465,0.12928689,5.99508096
43444417626534,0.580569118,-1.64157236,0.0969390554,0.0694318481,0.107739075,5.99986936
43444418614772,0.57630806,-1.61920181,0.0990695842,0.0885854614,0.122104285,5.99747516
43444419603009,0.570981738,-1.59576599,0.102265378,0.105344873,0.122104285,5.97113894
43444420592229,0.565655416,-1.57339544,0.105461171,0.0885854614,0.102950671,5.96874474
43444421580466,0.560329093,-1.55102489,0.108656964,0.0909796631,0.0837970581,5.99508096
43444422568703,0.555002738,-1.52865433,0.111852757,0.0885854614,0.0598550415,6.01184037
43444423556940,0.55074168,-1.50521851,0.115048551,0.10055647,0.0742202515,6.04057079
43444424545178,0.546480622,-1.48284796,0.11717908,0.102950671,0.0861912598,6.08127222
43444425533415,0.540089036,-1.46047741,0.119309609,0.0861912598,0.0598550415,6.13873306
43444426522634,0.534762714,-1.43810686,0.120374873,0.0814028564,0.0454898315,6.2033765
43444427510872,0.529436391,-1.41467104,0.121440137,0.0646434448,0.0526724365,6.25604894
43444428499109,0.52197954,-1.39123535,0.122505402,0.0646434448,0.0622492432,6.29914457
43444429487346,0.514522689,-1.36993006,0.123570666,0.102950671,0.0622492432,6.32308658
43444430475583,0.508131103,-1.34969004,0.123570666,0.126892688,0.0622492432,6.33745179
43444431463821,0.502804781,-1.32838475,0.124635931,0.122104285,0.0694318481,6.37097062
43444432453040,0.498543723,-1.30707946,0.125701195,0.112527478,0.0646434448,6.42124885
43444433441278,0.492152136,-1.28470891,0.125701195,0.131681091,0.0383072266,6.46913289
43444434429515,0.483630021,-1.26446889,0.124635931,0.15801731,0.00718260498,6.4858923
43444435417752,0.475107905,-1.24422886,0.124635931,0.162805713,0.0287304199,6.50983431
43444436405989,0.467651054,-1.2250541,0.124635931,0.169988318,0.0502782349,6.54095894
43444437394227,0.461259468,-1.20587934,0.124635931,0.177170923,0.0430956299,6.56490095
43444438383446,0.455933145,-1.18776985,0.123570666,0.181959326,0.0215478149,6.56250675
43444439371683,0.449541559,-1.16752982,0.121440137,0.112527478,-0.0790086548,6.45476768
43444440359921,0.444215237,-1.1472898,0.120374873,0.0718260498,-0.131681091,6.41406625
43444441348158,0.438888914,-1.12704977,0.119309609,0.1436521,-0.110133276,6.44519087
43444442336395,0.433562592,-1.10680968,0.116113815,0.196324536,-0.112527478,6.44758507
43444443324632,0.429301534,-1.08443913,0.111852757,0.253785376,-0.0742202515,6.4930749
43444444313852,0.425040477,-1.06206858,0.110787493,0.299275208,-0.0383072266,6.52898793
43444445302089,0.421844683,-1.04182855,0.110787493,0.339976636,-0.0311246216,6.55771835
43444446290326,0.417583626,-1.02158853,0.110787493,0.421379492,-0.01436521,6.59123717
43444447278564,0.412257303,-1.00028324,0.109722229,0.471657727,-0.0550666382,6.59602557
43444448266801,0.406930981,-0.97897795,0.108656964,0.464475122,-0.10055647,6.57926616
43444449256021,0.402669924,-0.956607397,0.108656964,0.47644613,-0.0814028564,6.6295444
43444450244258,0.39947413,-0.934236844,0.108656964,0.497993945,-0.0550666382,6.65827482
43444451232495,0.397343601,-0.912931555,0.1075917,0.497993945,-0.0383072266,6.66785162
43444452220732,0.393082544,-0.892691531,0.105461171,0.531512769,-0.0287304199,6.71094725
43444453208970,0.388821486,-0.872451507,0.103330642,0.598550415,0.00957680664,6.7803791
43444454197207,0.383495164,-0.853276747,0.102265378,0.651222852,0.0454898315,6.83305154
43444455186426,0.377103577,-0.834101987,0.100134849,0.672770667,0.0287304199,6.83305154
43444456174664,0.372842519,-0.815992491,0.0990695842,0.70628949,0.0263362183,6.87135876
43444457162901,0.368581462,-0.797882996,0.0980043198,0.758961926,0.0359130249,6.84502255
43444458151138,0.363255139,-0.777642972,0.0969390554,0.828393774,0.0526724365,6.84502255
43444459139375,0.358994082,-0.756337683,0.0948085265,0.933738647,0.0837970581,6.96233843
43444460127613,0.354733024,-0.735032394,0.0916127332,1.04626613,0.12928689,7.0700775
43444461116832,0.350471966,-0.71479237,0.0916127332,1.11809218,0.165199915,7.15148036
43444462105070,0.346210942,-0.694552412,0.0926779976,1.18991823,0.210689746,7.2113354
43444463093307,0.34088462,-0.674312388,0.0926779976,1.29047469,0.248996973,7.22809481
43444464081544,0.335558297,-0.657268157,0.0926779976,1.36948335,0.248996973,7.2137296
43444465069781,0.330231975,-0.640223926,0.0926779976,1.42454999,0.265756384,7.2161238
43444466058019,0.322775124,-0.619983902,0.0958737909,1.49637604,0.306457812,7.24006582
43444467047238,0.315318273,-0.599743877,0.0980043198,1.59693251,0.328005627,7.23048901
43444468035475,0.309991951,-0.577373324,0.0980043198,1.66157595,0.337582434,7.2113354
43444469023713,0.303600364,-0.555002738,0.0990695842,1.68551797,0.361524451,7.22330641
43444470011950,0.296143513,-0.534762714,0.101200113,1.76931503,0.385466467,7.19457599
43444471000187,0.289751927,-0.514522689,0.103330642,1.85311208,0.414196887,7.10838473
43444471988424,0.284425604,-0.492152136,0.105461171,1.89620771,0.395043274,7.05810649
43444472977644,0.279099266,-0.467651054,0.106526435,1.95845696,0.359130249,7.04134708
43444473965881,0.272707679,-0.441019443,0.106526435,2.04704242,0.368707056,7.00543406
43444474954119,0.265250828,-0.413322568,0.106526435,2.10689746,0.383072266,6.95755002
43444475942356,0.257793977,-0.383495164,0.106526435,2.15238729,0.368707056,6.9288196
43444476930593,0.250337126,-0.354733024,0.106526435,2.20266553,0.332794031,6.9288196
43444477918830,0.24181501,-0.325970917,0.1075917,2.26970317,0.342370837,6.91445439
43444478908050,0.234358159,-0.296143513,0.109722229,2.37504805,0.368707056,6.86657036
43444479896287,0.227966573,-0.265250828,0.111852757,2.42053788,0.385466467,6.78756171
43444480884524,0.220509722,-0.234358159,0.113983286,2.41096107,0.383072266,6.73967767
43444481872762,0.214118135,-0.203465491,0.115048551,2.4588451,0.375889661,6.67264003
43444482860999,0.208791813,-0.172572839,0.11717908,2.51151754,0.383072266,6.59363137
43444483849236,0.20559602,-0.14168017,0.120374873,2.54264216,0.385466467,6.52659373
43444484838456,0.202400226,-0.111852757,0.125701195,2.56658418,0.416591089,6.43082566
43444485826693,0.198139168,-0.0809600971,0.128896988,2.60728561,0.474051929,6.38294163
43444486814930,0.193878111,-0.0479368955,0.131027517,2.64319863,0.526724365,6.30872137
43444487803168,0.189617053,-0.0127831722,0.133158046,2.63841023,0.541089575,6.21295331
43444488791405,0.18642126,0.0213052887,0.136353839,2.65277544,0.54827218,6.16985768
43444489779642,0.184290731,0.0553937465,0.140614906,2.67911166,0.574608398,6.08366642
43444490768862,0.183225466,0.0873516838,0.143810699,2.69826527,0.593762012,5.9184665
43444491757099,0.180029673,0.122505402,0.147006492,2.70544788,0.600944617,5.72693037
43444492745336,0.17683388,0.16085493,0.148071757,2.74854351,0.608127222,5.63595071
43444493733573,0.174703368,0.201334962,0.152332814,2.81079275,0.651222852,5.60722029
43444494721811,0.173638103,0.242880275,0.156593872,2.82515796,0.689530078,5.49948121
43444495710048,0.174703368,0.286556133,0.159789665,2.79882174,0.67755907,5.45399138
43444496699267,0.173638103,0.329166711,0.161920194,2.80600435,0.7206547,5.51384642
43444497687505,0.171507574,0.371777255,0.165115988,2.86107098,0.799663354,5.53539424
43444498675742,0.17044231,0.416518361,0.168311781,2.91613762,0.890643018,5.51863483
43444499663979,0.169377045,0.461259468,0.172572839,2.93050283,0.948103857,5.56412466
43444500652216,0.166181252,0.502804781,0.178964409,2.91134922,0.955286462,5.57130726
43444501640454,0.162985459,0.544350094,0.185355995,2.93050283,0.988805286,5.49229861
43444502629673,0.161920194,0.58589544,0.191747582,2.93289703,0.986411084,5.52821163
43444503617911,0.159789665,0.627440753,0.197073904,2.90177241,1.0031705,5.58327827
43444504606148,0.155528608,0.67005133,0.202400226,2.86346519,1.0031705,5.36540592
43444505594385,0.152332814,0.71479237,0.206661284,2.79403334,0.952892261,5.26245525
43444506582622,0.149137021,0.760598741,0.210922342,2.7413609,0.964863269,5.35822332
43444507570860,0.144875963,0.805339847,0.211987606,2.7437551,1.05823713,5.31512769
43444508560079,0.14168017,0.849015689,0.214118135,2.70784208,1.13724579,5.27921466
43444509548316,0.137419104,0.893756795,0.216248664,2.62883342,1.14442839,5.3414639
43444510536554,0.131027517,0.938497902,0.219444457,2.58334359,1.12527478,5.38695374
43444511524791,0.12676646,0.980043215,0.22264025,2.55461317,1.151611,5.34864651
43444512513028,0.121440137,1.019458,0.224770779,2.53306536,1.24019646,5.23372483
43444513502248,0.116113815,1.05993805,0.227966573,2.51391174,1.25216747,5.12598575
43444514490485,0.109722229,1.10254862,0.231162366,2.50433494,1.16118781,5.13077416
43444515478722,0.104395906,1.14622453,0.235423424,2.48518132,1.08217915,5.15950458
43444516466960,0.100134849,1.18776985,0.238619217,2.49236393,1.07260234,5.11162054
43444517455197,0.0958737909,1.22931516,0.240749746,2.49236393,1.06063134,5.03261189
43444518443434,0.0926779976,1.27192574,0.243945539,2.47081611,1.0079589,4.99669886
43444519432654,0.0884169399,1.31560158,0.246076068,2.46602771,0.976834277,5.01345828
43444520420891,0.0841558904,1.35927742,0.248206597,2.43969149,0.981622681,5.02303508
43444521409128,0.0798948327,1.40188786,0.25140239,2.41574948,0.957680664,4.99430466
43444522397365,0.0745685105,1.44449844,0.254598184,2.38223065,0.921767639,4.97275685
43444523385603,0.0681769197,1.48710902,0.258859241,2.34871183,0.924161841,4.95360323
43444524373840,0.0628505976,1.5265238,0.263120299,2.3056162,0.933738647,4.96318004
43444525363060,0.0575242754,1.56806912,0.267381357,2.25773217,0.924161841,4.99191046
43444526351297,0.0543284821,1.61067969,0.271642415,2.22900175,0.912190833,4.99430466
43444527339534,0.0490021599,1.65222501,0.276968737,2.23139595,0.940921252,4.98712206
43444528327771,0.0436758419,1.69270506,0.281229811,2.20266553,0.962469067,4.93684382
43444529316009,0.0383495197,1.7331851,0.287621398,2.10929166,0.938527051,4.91529601
43444530304246,0.0330231954,1.77046936,0.295078249,2.0207062,0.948103857,4.94163223
43444531293465,0.0276968733,1.80988414,0.300404571,1.92733234,0.967257471,4.93205542
43444532281703,0.0202400243,1.8471684,0.304665629,1.86029469,0.914585034,4.94881483
43444533269940,0.0117179078,1.88551792,0.308926686,1.82677587,0.859518396,4.91769021
43444534258177,0.00532632218,1.92173691,0.311057215,1.81959326,0.847547388,4.7548845
43444535246414,0,1.96115169,0.314253009,1.81959326,0.849941589,4.63038601
43444536234652,-0.00532632218,2.00269701,0.318514066,1.79086284,0.823605371,4.618415
43444537223871,-0.0106526444,2.04317706,0.32170986,1.78128604,0.811634363,4.59926139
43444538212109,-0.0149137011,2.0868529,0.325970917,1.75016141,0.821211169,4.57771357
43444539200346,-0.0191747598,2.12839821,0.33129724,1.66875856,0.770932935,4.6088382
43444540188583,-0.0234358155,2.16994352,0.336623562,1.61129772,0.742202515,4.63517441
43444541176820,-0.0276968733,2.20935831,0.34088462,1.57538469,0.758961926,4.65672223
43444542165058,-0.0308926666,2.24877322,0.345145677,1.52510646,0.746990918,4.70221206
43444543154277,-0.0351537264,2.28712274,0.350471966,1.46764562,0.713472095,4.71657727
43444544142514,-0.0394147841,2.32547226,0.354733024,1.38384856,0.67755907,4.69502946
43444545130752,-0.0426105774,2.36488705,0.358994082,1.29047469,0.667982263,4.70700046
43444546118989,-0.0458063666,2.4021713,0.363255139,1.21625444,0.658405457,4.69981786
43444547107226,-0.0490021599,2.43839029,0.367516197,1.12048638,0.639251843,4.68545265
43444548095463,-0.0521979532,2.47247876,0.372842519,0.986411084,0.689530078,4.73094248
43444549084683,-0.0553937465,2.50763248,0.377103577,0.823605371,0.708683691,4.79798013
43444550072920,-0.0607200687,2.53852515,0.379234106,0.73501991,0.667982263,4.84825836
43444551061157,-0.0660463909,2.56728729,0.378168842,0.727837305,0.665588062,4.79558593
43444552049395,-0.0703074528,2.5971147,0.378168842,0.723048901,0.69192428,4.67827004
43444553037632,-0.075633775,2.62907263,0.379234106,0.70628949,0.651222852,4.64475122
43444554025869,-0.0788295683,2.66316109,0.38029937,0.660799658,0.579396802,4.68545265
43444555015089,-0.0820253616,2.69618429,0.383495164,0.632069238,0.572214197,4.66629904
43444556003326,-0.0862864193,2.73240328,0.385625693,0.622492432,0.56263739,4.60644399
43444556991563,-0.0884169399,2.76862227,0.386690957,0.555454785,0.507570752,4.58968458
43444557979801,-0.0894822043,2.80377573,0.38988675,0.474051929,0.457292517,4.60404979
43444558968038,-0.0916127332,2.83786419,0.392017279,0.402225879,0.409408484,4.66629904
43444559956275,-0.093743262,2.87088739,0.394147808,0.335188232,0.383072266,4.74530769
43444560945495,-0.0948085265,2.90497585,0.397343601,0.253785376,0.366312854,4.77403811
43444561933732,-0.0980043198,2.93799905,0.400539395,0.17238252,0.342370837,4.79558593
43444562921969,-0.101200113,2.96889172,0.402669924,0.0837970581,0.313640417,4.85065256
43444563910206,-0.104395906,2.99978439,0.404800452,-0.0287304199,0.313640417,4.89135399
43444564898444,-0.106526435,3.02854653,0.404800452,-0.150834705,0.361524451,4.9057192
43444565886681,-0.108656964,3.05411287,0.404800452,-0.313640417,0.361524451,4.96078584
43444566875901,-0.112918022,3.07861395,0.402669924,-0.430956299,0.320823022,5.03500609
43444567864138,-0.118244344,3.10098451,0.398408866,-0.50517655,0.296881006,5.0445829
43444568852375,-0.122505402,3.12335506,0.393082544,-0.569819995,0.299275208,4.99430466
43444569840612,-0.127831724,3.14572561,0.387756221,-0.598550415,0.244208569,4.95839164
43444570828850,-0.132092782,3.16809617,0.382429899,-0.608127222,0.146046301,4.94642063
43444571817087,-0.135288575,3.19366251,0.376038313,-0.538695374,0.0837970581,4.88895979
43444572806306,-0.138484368,3.22135939,0.368581462,-0.46208092,0.0239420166,4.80516273
43444573794544,-0.138484368,3.25118679,0.363255139,-0.452504114,-0.0574608398,4.75009609
43444574782781,-0.136353839,3.2810142,0.360059346,-0.445321509,-0.155623108,4.72615408
43444575771018,-0.134223311,3.31297213,0.356863553,-0.452504114,-0.237025964,4.72615408
43444576759255,-0.132092782,3.3438648,0.353667759,-0.474051929,-0.311246216,4.74770189
43444577747493,-0.128896988,3.37582273,0.351537231,-0.53390697,-0.399831677,4.80037433
43444578736712,-0.125701195,3.4067154,0.349406735,-0.63446344,-0.474051929,4.84586416
43444579724950,-0.122505402,3.4397386,0.347276206,-0.713472095,-0.538695374,4.87220038
43444580713187,-0.118244344,3.46850074,0.344080413,-0.773327136,-0.632069238,4.8961424
43444581701424,-0.112918022,3.49619761,0.341949884,-0.857124194,-0.756567725,4.89135399
43444582689661,-0.1075917,3.52282922,0.338754091,-0.964863269,-0.847547388,4.8961424
43444583677899,-0.102265378,3.54839557,0.336623562,-1.05823713,-0.907402429,4.92008441
43444584667118,-0.0958737909,3.57076612,0.332362504,-1.1540052,-0.972045874,4.91290181
43444585655355,-0.0873516838,3.59313668,0.327036182,-1.24019646,-1.02711251,4.9081134
43444586643593,-0.0809600971,3.61550723,0.320644595,-1.31441671,-1.05823713,4.92247861
43444587631830,-0.0745685105,3.63574725,0.314253009,-1.40300217,-1.11090957,4.93205542
43444588620067,-0.0681769197,3.65705254,0.307861422,-1.48919343,-1.17315881,4.95599744
43444589609287,-0.0617853331,3.67835783,0.300404571,-1.59932671,-1.22343705,4.99191046
43444590597524,-0.0585895398,3.69859786,0.29294772,-1.71903679,-1.25935007,4.98472786
43444591585761,-0.0543284821,3.71670735,0.285490869,-1.83395847,-1.28329209,4.98472786
43444592573999,-0.0511326888,3.73162105,0.275903472,-1.95366855,-1.31441671,4.97515105
43444593562236,-0.0490021599,3.74546949,0.265250828,-2.11168586,-1.13724579,4.97754525
43444594550473,-0.0479368955,3.7571874,0.254598184,-2.32955822,-1.02950671,4.9105076
43444595539693,-0.0500674243,3.76570952,0.24181501,-2.43729729,-1.17794722,4.79319172
43444596527930,-0.0521979532,3.77316637,0.225836044,-2.23379015,-1.27132108,4.48194551
43444597516167,-0.0500674243,3.7870148,0.208791813,-2.06380183,-1.27610948,3.98395156
43444598504404,-0.0458063666,3.81151589,0.191747582,-2.03746561,-1.36948335,3.84029946
43444599492642,-0.0404800486,3.84027803,0.180029673,-2.03746561,-1.54186587,3.92409652
43444600480879,-0.0330231954,3.87117069,0.169377045,-1.99915839,-1.51792385,3.79241543
43444601470098,-0.0234358155,3.90206336,0.16085493,-1.95366855,-1.42454999,3.57933148
43444602458336,-0.00958737992,3.93295603,0.153398079,-2.03507141,-1.46046301,3.54581266
43444603446573,0.00319579305,3.96171817,0.149137021,-2.1595699,-1.49398184,3.58172568
43444604434810,0.0149137011,3.98728452,0.145941228,-2.26012637,-1.45567461,3.66312854
43444605423048,0.0223705511,4.01391613,0.139549633,-2.36547124,-1.41018478,3.77326182
43444606411285,0.0330231954,4.041613,0.134223311,-2.54982477,-1.40779058,3.78523282
43444607400504,0.0436758419,4.06504882,0.131027517,-2.72460149,-1.4413094,3.73495459
43444608388742,0.0511326888,4.08528885,0.128896988,-2.84431157,-1.46285721,3.72777198
43444609376979,0.0585895398,4.10339834,0.124635931,-2.92571443,-1.47243402,3.73734879
43444610365216,0.0660463909,4.12150784,0.120374873,-3.05500132,-1.448492,3.72058938
43444611353453,0.075633775,4.13855207,0.116113815,-3.18428821,-1.37666595,3.65115753
43444612341691,0.0841558904,4.1555963,0.110787493,-3.26808527,-1.31920511,3.6104561
43444613330910,0.0905474687,4.17157527,0.104395906,-3.36864174,-1.2928689,3.64158073
43444614319147,0.0980043198,4.1886195,0.0980043198,-3.50271703,-1.25216747,3.66073434
43444615307385,0.103330642,4.20566373,0.0916127332,-3.63918652,-1.19231243,3.62003291
43444616295622,0.106526435,4.21951216,0.0852211549,-3.7469256,-1.13963999,3.58651409
43444617283859,0.109722229,4.2333606,0.0766990394,-3.82832845,-1.08936176,3.6032735
43444618272096,0.113983286,4.2482743,0.0681769197,-3.90733711,-1.06541974,3.58172568
43444619261316,0.11717908,4.26212274,0.0617853331,-3.97916316,-1.05344873,3.50989963
43444620249553,0.120374873,4.27810171,0.0553937465,-4.04620081,-1.01992991,3.42849678
43444621237791,0.123570666,4.29301541,0.0490021599,-4.11084425,-0.964863269,3.35667073
43444622226028,0.125701195,4.30579858,0.041545313,-4.15154568,-0.900219824,3.3135751
43444623214265,0.129962253,4.32071229,0.0330231954,-4.19224711,-0.854729993,3.27047947
43444624202502,0.134223311,4.34095231,0.0245010799,-4.25210215,-0.828393774,3.20344182
43444625191722,0.138484368,4.36119233,0.0170442299,-4.30238038,-0.766144531,3.1675288
43444626179959,0.14168017,4.37930183,0.00852211497,-4.37899484,-0.694318481,3.18907661
43444627168196,0.142745434,4.39634606,0,-4.45321509,-0.644040247,3.25611426
43444628156434,0.144875963,4.41445556,-0.00745685053,-4.51307013,-0.610521423,3.32794031
43444629144671,0.147006492,4.42936926,-0.0149137011,-4.58250198,-0.560243188,3.38300695
43444630132908,0.150202285,4.4432177,-0.0213052887,-4.6112324,-0.509964954,3.41413157
43444631122128,0.152332814,4.45600087,-0.0276968733,-4.65672223,-0.536301172,3.42370837
43444632110365,0.153398079,4.46665351,-0.0330231954,-4.73333668,-0.543483777,3.44046779
43444633098602,0.155528608,4.47837169,-0.0372842553,-4.79558593,-0.550666382,3.44286199
43444634086840,0.156593872,4.48902433,-0.0426105774,-4.87459458,-0.59136781,3.43328518
43444635075077,0.158724401,4.49967698,-0.0479368955,-4.93684382,-0.615309827,3.41891997
43444636063314,0.16085493,4.51139489,-0.0543284821,-4.94881483,-0.610521423,3.38779535
43444637052534,0.16085493,4.52204753,-0.0607200687,-4.93923802,-0.579396802,3.36145913
43444638040771,0.16085493,4.53376544,-0.0692421842,-4.93923802,-0.553060583,3.36385333
43444639029008,0.16085493,4.54548335,-0.0766990394,-4.93444962,-0.524330164,3.34948812
43444640017245,0.16085493,4.55720126,-0.0841558904,-4.92726702,-0.497993945,3.29681569
43444641005483,0.161920194,4.56998443,-0.0905474687,-4.93205542,-0.47644613,3.29920989
43444641993720,0.162985459,4.5827676,-0.0969390554,-4.94642063,-0.442927307,3.29202728
43444642982940,0.164050723,4.59448551,-0.103330642,-4.95839164,-0.407014282,3.24414325
43444643971177,0.165115988,4.60620342,-0.109722229,-4.96078584,-0.411802686,3.19865342
43444644959414,0.167246516,4.61792133,-0.115048551,-4.96078584,-0.409408484,3.14358678
43444645947651,0.167246516,4.62963924,-0.120374873,-4.93923802,-0.395043274,3.07894333
43444646935889,0.169377045,4.64242241,-0.125701195,-4.8985366,-0.395043274,3.0310593
43444647924126,0.171507574,4.65627085,-0.129962253,-4.87459458,-0.368707056,2.97359846
43444648913345,0.173638103,4.67011929,-0.134223311,-4.85783517,-0.351947644,2.91374342
43444649901583,0.175768615,4.68503299,-0.140614906,-4.80516273,-0.330399829,2.89219561
43444650889820,0.174703368,4.69994669,-0.145941228,-4.7596729,-0.292092603,2.86825359
43444651878057,0.175768615,4.71379513,-0.150202285,-4.73094248,-0.268150586,2.84909998
43444652866294,0.177899144,4.72870883,-0.154463343,-4.71418307,-0.215478149,2.82036956
43444653854532,0.178964409,4.74362253,-0.157659137,-4.71418307,-0.174776721,2.79882174
43444654843751,0.178964409,4.75747097,-0.16085493,-4.70221206,-0.136469495,2.78924493
43444655831989,0.180029673,4.77238467,-0.162985459,-4.67827004,-0.0311246216,2.75812031
43444656820226,0.178964409,4.78516785,-0.165115988,-4.65672223,0.0790086548,2.70784208
43444657808463,0.175768615,4.79901628,-0.165115988,-4.65193383,0.146046301,2.62643922
43444658796700,0.172572839,4.81286472,-0.165115988,-4.67587584,0.227449158,2.52827695
43444659784938,0.166181252,4.82884369,-0.161920194,-4.68305845,0.351947644,2.46123931
43444660774157,0.16085493,4.84588792,-0.158724401,-4.69742366,0.44771571,2.34871183
43444661762394,0.154463343,4.86399741,-0.157659137,-4.71657727,0.512359155,2.23618435
43444662750632,0.147006492,4.88104165,-0.156593872,-4.74530769,0.600944617,2.1595699
43444663738869,0.139549633,4.89808588,-0.154463343,-4.80037433,0.703895288,2.05901343
43444664727106,0.131027517,4.91726064,-0.15126755,-4.87459458,0.799663354,1.95845696
43444665716326,0.122505402,4.9364354,-0.145941228,-4.92966122,0.902614026,1.8698715
43444666704563,0.111852757,4.95667542,-0.14168017,-4.94163223,1.02950671,1.76692083
43444667692800,0.100134849,4.97904597,-0.135288575,-5.01345828,1.13724579,1.66397015
43444668681037,0.0873516838,4.999286,-0.129962253,-5.09725533,1.23061965,1.5897499
43444669669275,0.0745685105,5.01952602,-0.125701195,-5.16429298,1.34554133,1.49877024
43444670657512,0.0617853331,5.04083131,-0.121440137,-5.25287844,1.41497318,1.36230074
43444671646732,0.046871631,5.06107134,-0.116113815,-5.34625231,1.48440503,1.19231243
43444672634969,0.031957931,5.08131136,-0.109722229,-5.43483777,1.5873557,1.03429512
43444673623206,0.0181094954,5.10261665,-0.103330642,-5.57848987,1.65439335,0.914585034
43444674611443,0.00319579305,5.12392194,-0.0990695842,-5.67904634,1.71903679,0.79248075
43444675599681,-0.0117179078,5.14842302,-0.093743262,-5.72453617,1.78607444,0.653617053
43444676587918,-0.0266316088,5.1729241,-0.0873516838,-5.85142886,1.83635267,0.531512769
43444677577137,-0.041545313,5.19635992,-0.0788295683,-5.96874474,1.89381351,0.407014282
43444678565375,-0.0564590109,5.21979574,-0.0713727172,-6.054936,1.94409175,0.282515796
43444679553612,-0.0703074528,5.24216629,-0.063915862,-6.15549247,1.98000477,0.148440503
43444680541849,-0.0841558904,5.26453684,-0.0564590109,-6.26323154,1.99915839,-0.00957680664
43444681530086,-0.0969390554,5.28903792,-0.0500674243,-6.339846,2.00873519,-0.138863696
43444682518324,-0.108656964,5.31353901,-0.0404800486,-6.42124885,2.0254946,-0.225054956
43444683507543,-0.120374873,5.33804009,-0.0298274021,-6.50025751,2.08295544,-0.301669409
43444684495781,-0.131027517,5.3646717,-0.0191747598,-6.57208356,2.12605107,-0.371101257
43444685484018,-0.143810699,5.39023805,-0.00958737992,-6.66066902,2.12365687,-0.430956299
43444686472255,-0.155528608,5.41473913,0.00106526437,-6.79953271,2.09971486,-0.47644613
43444687460492,-0.165115988,5.44030547,0.0117179078,-6.91206019,2.06859023,-0.486022937
43444688448730,-0.174703368,5.46480656,0.0223705511,-6.98867465,1.99436998,-0.512359155
43444689437949,-0.183225466,5.48824237,0.0330231954,-7.10838473,1.78846864,-0.572214197
43444690426186,-0.190682317,5.51167819,0.0404800486,-7.18499918,1.52271226,-0.596156213
43444691414424,-0.19600864,5.53298348,0.0458063666,-7.20175859,1.47482822,-0.66319386
43444692402661,-0.19600864,5.55535403,0.0500674243,-7.28794985,1.54186587,-0.711077893
43444693390898,-0.19600864,5.57985512,0.0553937465,-7.39808313,1.53707747,-0.730231506
43444694379135,-0.194943375,5.60329093,0.0628505976,-7.46990918,1.50355864,-0.737414111
43444695368355,-0.19600864,5.62459569,0.0703074528,-7.56088884,1.47722242,-0.782903943
43444696356592,-0.19600864,5.64483571,0.0777643038,-7.61356128,1.53707747,-0.866701001
43444697344830,-0.19600864,5.666141,0.0862864193,-7.67341632,1.56820209,-0.818816968
43444698333067,-0.194943375,5.6842505,0.0969390554,-7.75721338,1.5801731,-0.761356128
43444699321304,-0.193878111,5.69809894,0.108656964,-7.82664523,1.61608612,-0.900219824
43444700309541,-0.188551789,5.70875158,0.123570666,-7.97987413,1.54665427,-1.22104285
43444701298761,-0.178964409,5.72153475,0.138484368,-8.18338127,1.39581957,-1.3024457
43444702286998,-0.173638103,5.73431793,0.152332814,-8.32463917,1.34554133,-1.20907184
43444703275235,-0.171507574,5.74603584,0.165115988,-8.41083043,1.39103116,-1.26413848
43444704263473,-0.169377045,5.75988427,0.17683388,-8.5137811,1.39581957,-1.33117612
43444705251710,-0.167246516,5.77586324,0.189617053,-8.66701001,1.38863696,-1.25216747
43444706239947,-0.168311781,5.78864641,0.204530755,-8.77235488,1.40060797,-1.12766898
43444707229167,-0.171507574,5.80036432,0.218379193,-8.89685337,1.40779058,-1.05823713
43444708217404,-0.174703368,5.81101697,0.231162366,-9.02853446,1.38384856,-1.0079589
43444709205641,-0.178964409,5.81953908,0.245010804,-9.14345614,1.26892688,-1.01992991
43444710193879,-0.183225466,5.82699593,0.257793977,-9.21528219,1.11330377,-1.04387192
43444711182116,-0.187486524,5.83338752,0.27057715,-9.2272532,1.0055647,-0.993593689
43444712170353,-0.189617053,5.83764858,0.282295076,-9.2272532,1.0055647,-0.790086548
43444713159573,-0.190682317,5.84190963,0.291882455,-9.2320416,0.984016882,-0.679953271
43444714147810,-0.191747582,5.84723596,0.300404571,-9.27753143,0.871489404,-0.675164868
43444715136047,-0.192812846,5.85256228,0.308926686,-9.36372269,0.766144531,-0.636857642
43444716124284,-0.193878111,5.85682334,0.317448802,-9.46906757,0.617704028,-0.60573302
43444717112522,-0.193878111,5.85895387,0.322775124,-9.55047042,0.495599744,-0.56263739
43444718100759,-0.193878111,5.85895387,0.327036182,-9.63187328,0.4333505,-0.553060583
43444719089978,-0.193878111,5.85682334,0.33129724,-9.72524714,0.320823022,-0.53390697
43444720078216,-0.191747582,5.85469281,0.335558297,-9.80665,0.169988318,-0.495599744
43444721066453,-0.190682317,5.85256228,0.336623562,-9.87847605,0.0383072266,-0.46208092
43444722054690,-0.190682317,5.85256228,0.335558297,-9.93114849,-0.0430956299,-0.495599744
43444723042928,-0.189617053,5.84830122,0.334493033,-9.97184991,-0.11492168,-0.471657727
43444724031165,-0.185355995,5.8429749,0.334493033,-10.0460702,-0.196324536,-0.411802686
43444725020384,-0.182160202,5.83764858,0.332362504,-10.1178962,-0.287304199,-0.423773694
43444726008622,-0.181094937,5.83125699,0.330231975,-10.1131078,-0.313640417,-0.531512769
43444726996859,-0.181094937,5.82699593,0.327036182,-10.1083194,-0.337582434,-0.708683691
43444727985096,-0.177899144,5.8248654,0.324905653,-10.1849339,-0.409408484,-0.828393774
43444728973333,-0.173638103,5.82060435,0.322775124,-10.2950671,-0.481234534,-0.924161841
43444729962553,-0.166181252,5.81527802,0.320644595,-10.3860468,-0.529118567,-0.948103857
43444730950790,-0.158724401,5.80888644,0.317448802,-10.4674497,-0.53390697,-0.991199487
43444731939027,-0.154463343,5.80249485,0.315318273,-10.5344873,-0.536301172,-1.10133276
43444732927265,-0.147006492,5.79716853,0.311057215,-10.625467,-0.53390697,-1.21625444
43444733915502,-0.142745434,5.78971168,0.307861422,-10.7810901,-0.509964954,-1.29047469
43444734903739,-0.138484368,5.78332009,0.306796158,-10.8912234,-0.457292517,-1.31681091
43444735892959,-0.136353839,5.77586324,0.303600364,-11.0013566,-0.421379492,-1.37666595
43444736881196,-0.136353839,5.76734112,0.300404571,-11.1330377,-0.366312854,-1.38863696
43444737869433,-0.138484368,5.75988427,0.298274042,-11.2359884,-0.304063611,-1.36948335
43444738857671,-0.138484368,5.75136216,0.296143513,-11.3652753,-0.275333191,-1.39821377
43444739845908,-0.140614906,5.74177478,0.29294772,-11.4849854,-0.268150586,-1.45088621
43444740834145,-0.144875963,5.73112213,0.289751927,-11.5807534,-0.232237561,-1.48201083
43444741823365,-0.15126755,5.71940422,0.286556133,-11.6765215,-0.15801731,-1.49158763
43444742811602,-0.158724401,5.70662105,0.282295076,-11.7267997,-0.0718260498,-1.45567461
43444743799839,-0.165115988,5.69596841,0.278034001,-11.824962,-0.00957680664,-1.4413094
43444744788076,-0.172572839,5.68638103,0.275903472,-11.9183359,0.0215478149,-1.47722242
43444745776314,-0.182160202,5.67572838,0.274838208,-11.9734025,0.0550666382,-1.42933839
43444746764551,-0.192812846,5.66294521,0.273772943,-12.0452286,0.0383072266,-1.41018478
43444747753771,-0.203465491,5.64909677,0.272707679,-12.097901,0.0407014282,-1.43173259
43444748742008,-0.213052871,5.63524833,0.272707679,-12.1864865,0.0670376465,-1.4413094
43444749730245,-0.22264025,5.62033463,0.272707679,-12.2343705,0.117315881,-1.47482822
43444750718482,-0.23222763,5.60648673,0.273772943,-12.2439473,0.124498486,-1.46764562
43444751706720,-0.240749746,5.59263829,0.274838208,-12.2295821,-0.177170923,-1.45567461
43444752694957,-0.249271861,5.57772459,0.275903472,-12.2176111,-0.545877979,-1.39342537
43444753684176,-0.25140239,5.56174562,0.271642415,-12.0667764,-0.512359155,-1.48201083
43444754672414,-0.248206597,5.54576665,0.268446621,-12.08593,-0.316034619,-1.52750066
43444755660651,-0.245010804,5.53085295,0.267381357,-12.1888807,-0.318428821,-1.33835873
43444756648888,-0.247141333,5.51593925,0.268446621,-12.1553618,-0.339976636,-1.21625444
43444757637125,-0.25140239,5.49889502,0.271642415,-12.157756,-0.186747729,-1.28568629
43444758625363,-0.254598184,5.48078552,0.275903472,-12.1146604,-0.00478840332,-1.37906016
43444759614582,-0.253532919,5.46267603,0.28336034,-12.2008517,0.0287304199,-1.32878192
43444760602820,-0.253532919,5.44350127,0.29294772,-12.3085907,0.0383072266,-1.23301385
43444761591057,-0.255663448,5.42326124,0.3025351,-12.3421096,0.1436521,-1.1492168
43444762579294,-0.259924506,5.40089069,0.313187744,-12.4139356,0.222660754,-1.18512982
43444763567531,-0.263120299,5.37638961,0.324905653,-12.4953385,0.258573779,-1.27132108
43444764555769,-0.265250828,5.35082326,0.338754091,-12.5097037,0.280121594,-1.3000515
43444765544988,-0.27057715,5.32312639,0.352602495,-12.5216747,0.328005627,-1.31441671
43444766533225,-0.274838208,5.29649478,0.365385668,-12.5384341,0.404620081,-1.37906016
43444767521463,-0.276968737,5.27412422,0.379234106,-12.5719529,0.445321509,-1.42454999
43444768509700,-0.279099266,5.25068841,0.394147808,-12.6270196,0.481234534,-1.43412679
43444769497937,-0.284425604,5.22512206,0.411192039,-12.6844804,0.507570752,-1.48919343
43444770486174,-0.288686662,5.20062098,0.427171006,-12.7467296,0.517147559,-1.53947167
43444771475394,-0.294012984,5.17718516,0.441019443,-12.8041905,0.466869324,-1.5873557
43444772463631,-0.299339307,5.15481461,0.451672088,-12.8520745,0.421379492,-1.67354696
43444773451869,-0.303600364,5.13244405,0.462324732,-12.8736223,0.438138904,-1.71664259
43444774440106,-0.307861422,5.11220403,0.472977376,-12.916718,0.469263525,-1.7238252
43444775428343,-0.31212248,5.091964,0.484695285,-12.9909382,0.553060583,-1.7357962
43444776416580,-0.317448802,5.07065872,0.494282665,-13.0507932,0.56263739,-1.70945999
43444777405800,-0.324905653,5.05041869,0.502804781,-13.0867063,0.435744702,-1.64242234
43444778394037,-0.332362504,5.0291134,0.511326896,-13.1441671,0.263362183,-1.57059629
43444779382274,-0.339819355,5.00674285,0.517718483,-13.2279642,0.0933738647,-1.52750066
43444780370512,-0.345145677,4.9843723,0.523044805,-13.2662714,-0.0694318481,-1.51552965
43444781358749,-0.348341471,4.96093648,0.524110069,-13.2710598,-0.222660754,-1.49398184
43444782346986,-0.350471966,4.93750066,0.52197954,-13.2686656,-0.356736047,-1.50355864
43444783336206,-0.352602495,4.91406484,0.516653218,-13.2471178,-0.500388147,-1.52271226
43444784324443,-0.353667759,4.89169429,0.511326896,-13.1968396,-0.632069238,-1.51313545
43444785312680,-0.352602495,4.86932374,0.504935309,-13.1202251,-0.701501086,-1.53707747
43444786300917,-0.348341471,4.84588792,0.497478458,-13.0531875,-0.754173523,-1.57299049
43444787289155,-0.344080413,4.8256479,0.490021607,-13.0029092,-0.825999573,-1.59932671
43444788277392,-0.339819355,4.80434261,0.480434227,-13.000515,-0.897825623,-1.60650931
43444789266612,-0.333427768,4.78410258,0.471912112,-13.0100918,-0.972045874,-1.5849615
43444790254849,-0.327036182,4.76492782,0.463389996,-12.9669962,-1.07499655,-1.56580789
43444791243086,-0.320644595,4.7446878,0.454867881,-12.9622078,-1.19470663,-1.5825673
43444792231323,-0.313187744,4.72551304,0.444215237,-12.964602,-1.26653268,-1.5897499
43444793219561,-0.304665629,4.70420775,0.433562592,-12.9478426,-1.32399352,-1.59932671
43444794208780,-0.295078249,4.68290246,0.422909948,-12.964602,-1.33835873,-1.61848032
43444795197017,-0.285490869,4.65946664,0.40906151,-12.9957266,-1.37906016,-1.60411511
43444796185255,-0.273772943,4.63603083,0.394147808,-13.024457,-1.47243402,-1.59693251
43444797173492,-0.263120299,4.61259501,0.38029937,-13.0675527,-1.55383688,-1.64002814
43444798161729,-0.253532919,4.58809393,0.366450933,-13.0891005,-1.62566293,-1.69509478
43444799149966,-0.240749746,4.56252758,0.349406735,-13.0986773,-1.71903679,-1.733402
43444800139186,-0.226901308,4.5380265,0.333427768,-13.1441671,-1.80762225,-1.82438167
43444801127423,-0.211987606,4.51352542,0.317448802,-13.1776859,-1.83874688,-1.89860192
43444802115661,-0.199204433,4.4900896,0.298274042,-13.213599,-1.8818425,-1.89381351
43444803103898,-0.18642126,4.46558825,0.281229811,-13.2806366,-1.92972654,-1.8794483
43444804092135,-0.173638103,4.43895664,0.264185563,-13.3380974,-1.94409175,-1.8818425
43444805080372,-0.16085493,4.4101945,0.248206597,-13.3907699,-1.93451494,-1.89620771
43444806069592,-0.150202285,4.37930183,0.231162366,-13.4099235,-1.95366855,-1.91536133
43444807057829,-0.14168017,4.34947443,0.213052871,-13.4195003,-1.96324536,-1.92493813
43444808046066,-0.129962253,4.32071229,0.197073904,-13.4482307,-1.90817872,-1.92254393
43444809034304,-0.121440137,4.29195015,0.182160202,-13.4817495,-1.84832368,-1.95845696
43444810022541,-0.115048551,4.26318801,0.17044231,-13.4266829,-1.74058461,-1.8818425
43444811010778,-0.110787493,4.2333606,0.157659137,-13.3045786,-1.52989486,-1.61608612
43444811999998,-0.110787493,4.20246793,0.147006492,-13.249512,-1.42215579,-1.49398184
43444812988235,-0.112918022,4.17264053,0.140614906,-13.297396,-1.45328041,-1.59932671
43444813976472,-0.116113815,4.14281313,0.134223311,-13.3883757,-1.53707747,-1.7286136
43444814964710,-0.118244344,4.11298572,0.128896988,-13.4649901,-1.57538469,-1.83635267
43444815952947,-0.118244344,4.08315832,0.122505402,-13.5439988,-1.54186587,-1.92733234
43444816941184,-0.11717908,4.05226565,0.116113815,-13.6469495,-1.5849615,-2.0231004
43444817930404,-0.115048551,4.02243824,0.108656964,-13.7522943,-1.63763394,-2.10210906
43444818918641,-0.112918022,3.99154558,0.100134849,-13.8025726,-1.63763394,-2.15478149
43444819906878,-0.110787493,3.96171817,0.093743262,-13.8360914,-1.62087452,-2.21703074
43444820895115,-0.1075917,3.92976024,0.0873516838,-13.8600334,-1.60411511,-2.26012637
43444821883353,-0.104395906,3.89886757,0.0809600971,-13.9007348,-1.55862528,-2.3080104
43444822871590,-0.0990695842,3.86904017,0.0745685105,-13.9103116,-1.45567461,-2.31998141
43444823860810,-0.0958737909,3.83708223,0.0671116553,-13.79539,-1.33357032,-2.09971486
43444824849047,-0.0948085265,3.80086324,0.0628505976,-13.5607582,-1.16837041,-1.79565125
43444825837284,-0.0916127332,3.76038319,0.0628505976,-13.5056916,-1.12048638,-2.34631763
43444826825521,-0.083090626,3.72096841,0.0681769197,-13.6637089,-1.34554133,-2.885013
43444827813759,-0.0713727172,3.68368415,0.0724379817,-13.6900451,-1.52989486,-2.73178409
43444828801996,-0.063915862,3.64746516,0.0745685105,-13.5248452,-1.4437036,-2.71981309
43444829791215,-0.0564590109,3.61550723,0.0735032461,-13.3428859,-1.27132108,-3.07894333
43444830779453,-0.0458063666,3.59207141,0.0745685105,-13.333309,-1.24977327,-3.3111809
43444831767690,-0.0362189908,3.57076612,0.0766990394,-13.4482307,-1.37427175,-3.14358678
43444832755927,-0.0308926666,3.54733031,0.075633775,-13.546393,-1.45088621,-3.10049115
43444833744164,-0.0276968733,3.52495975,0.0713727172,-13.6325843,-1.42694419,-3.1723172
43444834732402,-0.0245010799,3.50685026,0.063915862,-13.7331407,-1.40060797,-3.13161577
43444835721621,-0.0234358155,3.4876755,0.0553937465,-13.783419,-1.37187755,-3.05260712
43444836709858,-0.0255663444,3.46743547,0.046871631,-13.7379291,-1.27850369,-3.01669409
43444837698096,-0.0287621377,3.44932598,0.0383495197,-13.7163813,-1.18512982,-2.85628258
43444838686333,-0.0287621377,3.43121648,0.0276968733,-13.7020161,-1.12527478,-2.71023628
43444839674570,-0.0287621377,3.40991119,0.0170442299,-13.6828625,-1.0079589,-2.71502468
43444840662807,-0.0308926666,3.38754064,0.00745685053,-13.6517379,-0.885854614,-2.71741888
43444841652027,-0.031957931,3.36303956,-0.00213052874,-13.6110364,-0.864306799,-2.5977088
43444842640264,-0.0308926666,3.33747321,-0.0106526444,-13.558364,-0.833182178,-2.49475813
43444843628502,-0.0308926666,3.30977634,-0.0170442299,-13.4338655,-0.70628949,-2.49236393
43444844616739,-0.0298274021,3.28207946,-0.0245010799,-13.3021844,-0.600944617,-2.54024796
43444845604976,-0.0287621377,3.25331732,-0.0308926666,-13.1896569,-0.56263739,-2.57137258
43444846593213,-0.0266316088,3.22348992,-0.0351537264,-13.0723411,-0.531512769,-2.5953146
43444847582433,-0.0223705511,3.19579304,-0.0362189908,-12.9215064,-0.44771571,-2.64559283
43444848570670,-0.0149137011,3.16809617,-0.0372842553,-12.7371528,-0.339976636,-2.68629426
43444849558907,-0.00852211497,3.14039929,-0.0383495197,-12.5935007,-0.277727393,-2.67911166
43444850547145,-0.00213052874,3.11483294,-0.0362189908,-12.4929443,-0.215478149,-2.64559283
43444851535382,0.00532632218,3.08820133,-0.0340884599,-12.3684458,-0.155623108,-2.65756384
43444852523619,0.0117179078,3.06050446,-0.031957931,-12.2247937,-0.122104285,-2.72220729
43444853512839,0.0191747598,3.03387285,-0.0276968733,-12.08593,-0.0837970581,-2.76290872
43444854501076,0.0255663444,3.00724124,-0.0223705511,-11.9662199,-0.0550666382,-2.80361014
43444855489313,0.0330231954,2.98167489,-0.0159789655,-11.8417214,-0.0454898315,-2.86346519
43444856477551,0.0404800486,2.95823907,-0.00958737992,-11.7267997,-0.0383072266,-2.93050283
43444857465788,0.0479368955,2.93586852,-0.00319579305,-11.6070896,-0.0430956299,-3.05739552
43444858454025,0.0521979532,2.9156285,0.00213052874,-11.5065332,-0.0454898315,-3.18428821
43444859443245,0.0553937465,2.897519,0.0063915861,-11.4227361,-0.0430956299,-3.28723888
43444860431482,0.0607200687,2.88047477,0.0127831722,-11.3245739,-0.0430956299,-3.37103594
43444861419719,0.0671116553,2.8644958,0.0202400243,-11.2359884,-0.0335188232,-3.454833
43444862407956,0.0745685105,2.8495821,0.0255663444,-11.1857102,-0.0454898315,-3.5984851
43444863396194,0.0820253616,2.83679893,0.0308926666,-11.1330377,-0.0646434448,-3.72058938
43444864385413,0.0884169399,2.82295049,0.0372842553,-11.0875479,-0.0550666382,-3.81635745
43444865373651,0.0948085265,2.80910205,0.0447411022,-11.0875479,-0.0622492432,-3.95043274
43444866361888,0.101200113,2.79631914,0.0511326888,-11.0612117,-0.107739075,-4.08690223
43444867350125,0.1075917,2.78353597,0.0564590109,-11.0252986,-0.1436521,-4.23055433
43444868338362,0.116113815,2.7707528,0.0617853331,-11.0085392,-0.1436521,-4.38617744
43444869326600,0.125701195,2.75690436,0.0671116553,-11.0133276,-0.15801731,-4.58010778
43444870315819,0.137419104,2.74625172,0.0735032461,-11.0157218,-0.225054956,-4.73573088
43444871304056,0.150202285,2.73559907,0.0777643038,-11.0133276,-0.265756384,-4.85544097
43444872292294,0.162985459,2.72494643,0.0798948327,-11.0276928,-0.287304199,-5.0445829
43444873280531,0.17683388,2.71642431,0.0809600971,-11.1019131,-0.368707056,-5.25766685
43444874268768,0.190682317,2.70896746,0.0820253616,-11.1569797,-0.435744702,-5.46835659
43444875257005,0.20559602,2.70257587,0.0809600971,-11.2096522,-0.493205542,-5.63595071
43444876246225,0.221574986,2.69511902,0.0798948327,-11.2862666,-0.565031592,-5.74608398
43444877234462,0.238619217,2.68766217,0.0777643038,-11.3556985,-0.600944617,-5.86100566
43444878222700,0.254598184,2.68127059,0.0745685105,-11.3987941,-0.629675037,-5.94959113
43444879210937,0.27057715,2.674879,0.0713727172,-11.3940057,-0.636857642,-6.01184037
43444880199174,0.286556133,2.66742215,0.0671116553,-11.4179477,-0.624886633,-6.08366642
43444881187411,0.300404571,2.66316109,0.0617853331,-11.4418897,-0.62009823,-6.12197365
43444882176631,0.314253009,2.66103056,0.0564590109,-11.468226,-0.627280835,-6.15070406
43444883164868,0.325970917,2.65890003,0.0500674243,-11.4849854,-0.651222852,-6.2057707
43444884153105,0.335558297,2.6567695,0.0436758419,-11.4873796,-0.67755907,-6.25365474
43444885141343,0.347276206,2.65357371,0.0372842553,-11.5017448,-0.703895288,-6.26801995
43444886129580,0.356863553,2.65144318,0.0287621377,-11.5208984,-0.689530078,-6.28238516
43444887117817,0.363255139,2.64931265,0.0213052887,-11.5496288,-0.632069238,-6.27999095
43444888107037,0.367516197,2.64718212,0.0149137011,-11.5304752,-0.608127222,-6.24886633
43444889095274,0.372842519,2.64505159,0.00852211497,-11.4969564,-0.624886633,-6.22492432
43444890083511,0.377103577,2.64079054,0.00213052874,-11.504139,-0.627280835,-6.24407793
43444891071748,0.381364635,2.63866001,-0.00213052874,-11.5328694,-0.615309827,-6.25126053
43444892059986,0.383495164,2.63652948,-0.00426105748,-11.5424462,-0.60573302,-6.23689532
43444893048223,0.383495164,2.63439895,-0.00745685053,-11.5232926,-0.615309827,-6.23450112
43444894037443,0.384560428,2.63226842,-0.0117179078,-11.5017448,-0.598550415,-6.2009823
43444895025680,0.385625693,2.62907263,-0.0159789655,-11.4562549,-0.56263739,-6.15309827
43444896013917,0.385625693,2.62374631,-0.0181094954,-11.4371013,-0.529118567,-6.12436785
43444897002154,0.385625693,2.62055051,-0.0202400243,-11.3916115,-0.466869324,-6.10760844
43444897990392,0.384560428,2.61628945,-0.0202400243,-11.291055,-0.397437476,-6.0573302
43444898978629,0.382429899,2.61096313,-0.0191747598,-11.1043073,-0.232237561,-5.79636222
43444899967848,0.377103577,2.59924522,-0.0159789655,-10.7619365,0.0359130249,-5.12119735
43444900956086,0.37071199,2.57687467,-0.00852211497,-10.5823713,0.174776721,-5.85861146
43444901944323,0.378168842,2.55769991,0.0063915861,-10.7643307,-0.148440503,-6.83305154
43444902932560,0.38988675,2.54811253,0.0223705511,-10.9295306,-0.581791003,-6.60799658
43444903920797,0.390952015,2.54172094,0.031957931,-10.9079828,-0.715866296,-6.74446608
43444904909035,0.38988675,2.54385147,0.0351537264,-10.8313683,-0.670376465,-7.2137296
43444905898254,0.394147808,2.55556938,0.0351537264,-10.8217915,-0.593762012,-7.38371792
43444906886492,0.394147808,2.56728729,0.0351537264,-10.8840407,-0.644040247,-7.0676833
43444907874729,0.388821486,2.57580941,0.0340884599,-10.8888292,-0.67755907,-6.80910952
43444908862966,0.382429899,2.58752732,0.031957931,-10.9031944,-0.62009823,-6.75404288
43444909851203,0.377103577,2.60031049,0.0276968733,-11.0276928,-0.63446344,-6.76122549
43444910839441,0.366450933,2.6088326,0.0213052887,-11.0372697,-0.656011255,-6.79713851
43444911828660,0.351537231,2.61628945,0.0149137011,-10.8960118,-0.550666382,-6.86896456
43444912816897,0.338754091,2.62800736,0.00745685053,-10.8241857,-0.457292517,-6.69658204
43444913805135,0.329166711,2.64079054,-0.00106526437,-10.8146089,-0.411802686,-6.47870969
43444914793372,0.318514066,2.65037792,-0.0106526444,-10.7739075,-0.268150586,-6.45237347
43444915781609,0.303600364,2.65783477,-0.0181094954,-10.6589858,-0.146046301,-6.43561406
43444916769846,0.288686662,2.66529162,-0.0255663444,-10.5608235,-0.10055647,-6.28717356
43444917759066,0.274838208,2.66848741,-0.031957931,-10.4985743,-0.0766144531,-6.23689532
43444918747303,0.263120299,2.67061794,-0.0383495197,-10.3932294,-0.01436521,-6.37815322
43444919735541,0.253532919,2.67274847,-0.0447411022,-10.3190092,0.0622492432,-6.46195028
43444920723778,0.245010804,2.67381373,-0.0500674243,-10.3214034,0.0478840332,-6.40927784
43444921712015,0.236488688,2.674879,-0.0543284821,-10.2711251,0.0335188232,-6.32787499
43444922701235,0.230097102,2.67381373,-0.0607200687,-10.127473,0.10055647,-6.35660541
43444923689472,0.224770779,2.67168321,-0.0660463909,-9.9574847,0.198718738,-6.4858923
43444924677709,0.220509722,2.66955268,-0.0692421842,-9.79707319,0.253785376,-6.54095894
43444925665946,0.216248664,2.67061794,-0.0703074528,-9.67257471,0.301669409,-6.50744011
43444926654184,0.211987606,2.67274847,-0.0724379817,-9.55525883,0.380678064,-6.54095894
43444927642421,0.206661284,2.674879,-0.0724379817,-9.3780879,0.478840332,-6.58884297
43444928631641,0.201334962,2.67914006,-0.0724379817,-9.19612858,0.565031592,-6.58644877
43444929619878,0.194943375,2.68446638,-0.0703074528,-9.04289967,0.598550415,-6.57208356
43444930608115,0.188551789,2.6897927,-0.0681769197,-8.89924757,0.63446344,-6.55532415
43444931596352,0.181094937,2.69511902,-0.0649811264,-8.67898102,0.782903943,-6.23689532
43444932584590,0.169377045,2.69724955,-0.0585895398,-8.30309136,1.05584293,-5.9136781
43444933572827,0.156593872,2.69511902,-0.046871631,-8.14267985,1.19470663,-6.62236179
43444934562046,0.153398079,2.69618429,-0.0308926666,-8.25760153,0.957680664,-7.19218179
43444935550284,0.152332814,2.70364114,-0.0159789655,-8.39885942,0.62009823,-7.09401952
43444936538521,0.144875963,2.71109799,-0.00532632218,-8.40843623,0.553060583,-7.31907448
43444937526758,0.136353839,2.72601169,0.00106526437,-8.31745657,0.658405457,-7.71172355
43444938514995,0.131027517,2.7526433,0.00532632218,-8.35576379,0.67755907,-7.84101044
43444939503233,0.121440137,2.77607912,0.00852211497,-8.47068547,0.651222852,-7.58004246
43444940492452,0.108656964,2.79525388,0.0138484366,-8.54969413,0.687135876,-7.3525933
43444941480689,0.0969390554,2.81442837,0.0191747598,-8.6502506,0.7206547,-7.27597885
43444942468927,0.0862864193,2.83253787,0.0223705511,-8.84657513,0.66319386,-7.3478049
43444943457164,0.0724379817,2.84851684,0.0245010799,-8.96149681,0.5770026,-7.58243666
43444944445401,0.0575242754,2.86023474,0.0266316088,-9.03092866,0.521935962,-7.73327136
43444945433639,0.046871631,2.87301792,0.0266316088,-9.19373438,0.409408484,-7.72130035
43444946422858,0.0426105774,2.88686636,0.0255663444,-9.38766471,0.339976636,-7.80030901
43444947411095,0.0383495197,2.897519,0.0234358155,-9.47385597,0.383072266,-8.02536396
43444948399333,0.0340884599,2.90497585,0.0223705511,-9.50498059,0.378283862,-8.12592043
43444949387570,0.031957931,2.91136744,0.0223705511,-9.54089362,0.292092603,-8.06845959
43444950375807,0.0340884599,2.91775902,0.0223705511,-9.55047042,0.227449158,-8.11394943
43444951364044,0.0383495197,2.92415061,0.0223705511,-9.56244143,0.248996973,-8.27914934
43444952353264,0.041545313,2.9305422,0.0234358155,-9.60793126,0.234631763,-8.34858119
43444953341501,0.046871631,2.93799905,0.0245010799,-9.65342109,0.155623108,-8.28633195
43444954329738,0.0564590109,2.94332537,0.0255663444,-9.70848773,0.0837970581,-8.21211169
43444955317976,0.063915862,2.94971696,0.0276968733,-9.73961235,0.0837970581,-8.23365951
43444956306213,0.0703074528,2.95397801,0.0287621377,-9.70609353,0.0885854614,-8.28393774
43444957294450,0.0766990394,2.95823907,0.0308926666,-9.71327614,0.0430956299,-8.26717833
43444958283670,0.083090626,2.96676119,0.0340884599,-9.76116017,0.0167594116,-8.20253489
43444959271907,0.0884169399,2.9752833,0.0351537264,-9.78749639,-0.0215478149,-8.15704506
43444960260144,0.093743262,2.98274015,0.0362189908,-9.84735143,-0.0646434448,-8.13310304
43444961248382,0.0980043198,2.98913174,0.0383495197,-9.9503021,-0.0933738647,-8.073248
43444962236619,0.103330642,2.9933928,0.0404800486,-10.031705,-0.155623108,-8.01818136
43444963224856,0.108656964,2.99765386,0.0426105774,-10.1322614,-0.239420166,-7.9319901
43444964214076,0.111852757,3.00084965,0.0436758419,-10.1849339,-0.270544788,-7.86016405
43444965202313,0.112918022,3.00404544,0.0426105774,-10.1945107,-0.277727393,-7.83861624
43444966190550,0.115048551,3.00617597,0.041545313,-10.2232411,-0.280121594,-7.79552061
43444967178787,0.116113815,3.00724124,0.0404800486,-10.2830961,-0.301669409,-7.74763657
43444968167025,0.115048551,3.0083065,0.0404800486,-10.3237976,-0.304063611,-7.70693514
43444969155262,0.115048551,3.01043703,0.0394147841,-10.340557,-0.260967981,-7.67102212
43444970144482,0.113983286,3.01256756,0.0394147841,-10.3860468,-0.263362183,-7.6422917
43444971132719,0.112918022,3.01363282,0.0394147841,-10.4075946,-0.287304199,-7.57525405
43444972120956,0.111852757,3.01363282,0.0394147841,-10.4506902,-0.306457812,-7.5010338
43444973109193,0.110787493,3.01363282,0.0383495197,-10.5201221,-0.313640417,-7.46990918
43444974097431,0.108656964,3.01256756,0.0372842553,-10.5368815,-0.323217224,-7.40765994
43444975085668,0.106526435,3.01256756,0.0372842553,-10.5680061,-0.332794031,-7.33343969
43444976074887,0.103330642,3.00937177,0.0372842553,-10.6326496,-0.349553442,-7.28555565
43444977063125,0.101200113,3.00617597,0.0372842553,-10.6709568,-0.390254871,-7.23767162
43444978051362,0.0980043198,3.00298018,0.0351537264,-10.6757452,-0.430956299,-7.21851801
43444979039599,0.093743262,2.99871912,0.031957931,-10.6565916,-0.46208092,-7.21851801
43444980027836,0.0905474687,2.99232753,0.0298274021,-10.6302554,-0.497993945,-7.19936439
43444981016074,0.0862864193,2.98593595,0.0276968733,-10.6326496,-0.569819995,-7.19218179
43444982005293,0.0809600971,2.98167489,0.0223705511,-10.637438,-0.667982263,-7.18260498
43444982993531,0.0777643038,2.9784791,0.0159789655,-10.6206786,-0.754173523,-7.18021078
43444983981768,0.075633775,2.97634857,0.00958737992,-10.5608235,-0.895431421,-7.22809481
43444984970005,0.075633775,2.97315277,0.00213052874,-10.4195656,-0.940921252,-7.42202515
43444985958242,0.0788295683,2.97315277,-0.00745685053,-10.2615483,-0.814028564,-7.503428
43444986947462,0.0841558904,2.9752833,-0.0149137011,-10.1562034,-0.660799658,-7.42681355
43444987935699,0.0884169399,2.97954436,-0.0170442299,-10.2591541,-0.581791003,-7.26879624
43444988923936,0.0916127332,2.9784791,-0.0191747598,-10.4267482,-0.598550415,-7.01740507
43444989912174,0.0905474687,2.97315277,-0.0213052887,-10.4650555,-0.579396802,-6.86657036
43444990900411,0.0852211549,2.96250013,-0.0234358155,-10.4746323,-0.509964954,-6.83783994
43444991888648,0.0798948327,2.95078222,-0.0234358155,-10.4602671,-0.495599744,-6.84741675
43444992877868,0.0724379817,2.93693378,-0.0245010799,-10.388441,-0.538695374,-6.88093557
43444993866105,0.063915862,2.92415061,-0.0255663444,-10.2854903,-0.538695374,-7.00543406
43444994854342,0.0564590109,2.91349797,-0.0266316088,-10.1753571,-0.517147559,-7.13472095
43444995842580,0.0521979532,2.90710638,-0.0276968733,-10.1011368,-0.486022937,-7.19697019
43444996830817,0.0490021599,2.90284532,-0.0266316088,-10.031705,-0.423773694,-7.13472095
43444997819054,0.0458063666,2.897519,-0.0245010799,-9.99100353,-0.344765039,-7.05331809
43444998808274,0.0426105774,2.89325794,-0.0213052887,-10.0173397,-0.287304199,-7.01979927
43444999796511,0.0372842553,2.88686636,-0.0170442299,-10.0269166,-0.220266553,-6.99585725
43445000784748,0.0330231954,2.87834424,-0.0138484366,-10.0460702,-0.179565125,-6.95276162
43445001772985,0.0276968733,2.86875686,-0.0117179078,-10.0771948,-0.167594116,-6.9240312
43445002761223,0.0234358155,2.85597369,-0.0106526444,-10.0771948,-0.15801731,-6.88572397
43445003749460,0.0202400243,2.84425578,-0.00958737992,-10.0484644,-0.177170923,-6.87854137
43445004738679,0.0159789655,2.83360313,-0.00745685053,-10.0221281,-0.186747729,-6.93360801
43445005726917,0.0117179078,2.82188522,-0.00532632218,-10.0245224,-0.229843359,-6.99585725
43445006715154,0.00958737992,2.80910205,-0.00426105748,-10.0412818,-0.292092603,-7.07486591
43445007703391,0.00958737992,2.79738441,-0.00532632218,-10.067618,-0.328005627,-7.14669196
43445008691628,0.00958737992,2.78673176,-0.00745685053,-10.1609918,-0.426167896,-7.33343969
43445009679866,0.0117179078,2.77820965,-0.0117179078,-10.3621048,-0.682347473,-7.53934103
43445010669085,0.0149137011,2.77288333,-0.0181094954,-10.4722381,-0.842758984,-7.44117876
43445011657323,0.0181094954,2.76542648,-0.0298274021,-10.4650555,-0.861912598,-7.46033237
43445012645560,0.0202400243,2.75796962,-0.0426105774,-10.5153337,-0.931344446,-7.55610044
43445013633797,0.0234358155,2.75370857,-0.0553937465,-10.5919481,-0.974440076,-7.53934103
43445014622034,0.0276968733,2.74518645,-0.0681769197,-10.637438,-1.04626613,-7.47948599
43445015610272,0.031957931,2.73346854,-0.0820253616,-10.649409,-1.09415016,-7.45793817
43445016599491,0.0351537264,2.71962011,-0.093743262,-10.6206786,-1.09415016,-7.47709178
43445017587728,0.0404800486,2.7047064,-0.104395906,-10.6039192,-1.14442839,-7.55610044
43445018575966,0.0447411022,2.69085797,-0.116113815,-10.5296989,-1.14442839,-7.67341632
43445019564203,0.0490021599,2.67700953,-0.127831724,-10.4554786,-1.11330377,-7.69256993
43445020552440,0.0553937465,2.66635688,-0.138484368,-10.4075946,-1.07739075,-7.77397279
43445021540677,0.0628505976,2.65463897,-0.144875963,-10.328586,-1.06302554,-7.80749161
43445022529897,0.0703074528,2.6418558,-0.150202285,-10.2974613,-1.03668932,-7.90325968
43445023518134,0.0777643038,2.62907263,-0.155528608,-10.2471831,-0.967257471,-7.97987413
43445024506372,0.0852211549,2.61841998,-0.159789665,-10.2304237,-0.936132849,-8.02057556
43445025494609,0.0926779976,2.60776734,-0.162985459,-10.1921165,-0.847547388,-8.073248
43445026482846,0.101200113,2.59498417,-0.165115988,-10.1442324,-0.744596716,-8.13789144
43445027471083,0.111852757,2.58326626,-0.167246516,-10.1442324,-0.67755907,-8.2192943
43445028460303,0.122505402,2.57048308,-0.168311781,-10.1609918,-0.632069238,-8.25520732
43445029448540,0.133158046,2.55663465,-0.166181252,-10.1705687,-0.593762012,-8.29112035
43445030436777,0.142745434,2.54172094,-0.161920194,-10.1681745,-0.507570752,-8.35576379
43445031425015,0.152332814,2.53000304,-0.158724401,-10.2040875,-0.44771571,-8.43716665
43445032413252,0.161920194,2.52041566,-0.156593872,-10.2376063,-0.421379492,-8.53772312
43445033401489,0.169377045,2.50976301,-0.156593872,-10.2878845,-0.430956299,-8.61673177
43445034390709,0.177899144,2.49911037,-0.155528608,-10.352528,-0.4333505,-8.66940421
43445035378946,0.187486524,2.48952299,-0.152332814,-10.4075946,-0.409408484,-8.71010564
43445036367183,0.19600864,2.48100087,-0.150202285,-10.4937859,-0.402225879,-8.75080707
43445037355421,0.204530755,2.47354402,-0.150202285,-10.5560351,-0.387860669,-8.76038387
43445038343658,0.211987606,2.46608717,-0.15126755,-10.5943423,-0.361524451,-8.74362446
43445039331895,0.218379193,2.45756505,-0.152332814,-10.6470148,-0.318428821,-8.75320127
43445040321115,0.225836044,2.4501082,-0.152332814,-10.733206,-0.313640417,-8.74362446
43445041309352,0.23222763,2.44158609,-0.15126755,-10.8146089,-0.323217224,-8.71010564
43445042297589,0.236488688,2.43306397,-0.15126755,-10.9031944,-0.316034619,-8.68376942
43445043285826,0.240749746,2.42454186,-0.152332814,-10.9726262,-0.325611426,-8.66701001
43445044274064,0.243945539,2.41601974,-0.153398079,-10.9774146,-0.354341846,-8.62391438
43445045263283,0.247141333,2.40749763,-0.152332814,-11.0276928,-0.339976636,-8.57603035
43445046251521,0.249271861,2.39684498,-0.152332814,-11.0923363,-0.311246216,-8.52335791
43445047239758,0.252467655,2.38406181,-0.150202285,-11.1114899,-0.328005627,-8.47307968
43445048227995,0.254598184,2.37127863,-0.148071757,-11.1162783,-0.294486804,-8.39646522
43445049216232,0.254598184,2.35849546,-0.144875963,-11.1521913,-0.227449158,-8.30548556
43445050204470,0.255663448,2.34571229,-0.139549633,-11.1737391,-0.196324536,-8.24802472
43445051193689,0.254598184,2.32973332,-0.133158046,-11.1689507,-0.186747729,-8.20971749
43445052181926,0.252467655,2.31162383,-0.12676646,-11.1881044,-0.181959326,-8.15465085
43445053170164,0.25140239,2.29244907,-0.122505402,-11.2120464,-0.15801731,-8.10437262
43445054158401,0.249271861,2.27540484,-0.116113815,-11.2479594,-0.124498486,-8.073248
43445055146638,0.246076068,2.2583606,-0.108656964,-11.2623246,-0.0957680664,-8.03733497
43445056134875,0.242880275,2.24025111,-0.100134849,-11.2886608,-0.0622492432,-7.99902775
43445057124095,0.238619217,2.22001095,-0.0916127332,-11.3485159,-0.0430956299,-7.94874951
43445058112332,0.235423424,2.19870566,-0.0820253616,-11.3868231,-0.0383072266,-7.90086548
43445059100569,0.231162366,2.17740037,-0.0735032461,-11.4227361,0,-7.82185682
43445060088807,0.224770779,2.15396456,-0.0649811264,-11.4897738,0.0215478149,-7.74284817
43445061077044,0.218379193,2.13052874,-0.0575242754,-11.5687824,-0.00239420166,-7.65426271
43445062065281,0.211987606,2.10709292,-0.0511326888,-11.6214549,-0.00718260498,-7.58722506
43445063054501,0.206661284,2.08152657,-0.0447411022,-11.6860983,0.0311246216,-7.54652363
43445064042738,0.201334962,2.05596023,-0.0383495197,-11.7507417,0.0550666382,-7.47948599
43445065030975,0.193878111,2.02932862,-0.031957931,-11.7986258,0.0574608398,-7.41005414
43445066019213,0.18642126,2.00269701,-0.0276968733,-11.8680576,0.0430956299,-7.34062229
43445067007450,0.178964409,1.97393487,-0.0234358155,-11.9446721,0.0526724365,-7.26640204
43445067995687,0.17044231,1.94517273,-0.0223705511,-11.9997387,0.0574608398,-7.17302817
43445068984907,0.16085493,1.91534532,-0.0213052887,-12.0715648,0.0191536133,-7.08204851
43445069973144,0.15126755,1.88338739,-0.0191747598,-12.1625444,-0.0119710083,-7.01740507
43445070961381,0.142745434,1.84929893,-0.0191747598,-12.2271879,-0.0359130249,-6.95036742
43445071949618,0.134223311,1.81521047,-0.0213052887,-12.2271879,-0.0766144531,-6.86896456
43445072937856,0.125701195,1.781122,-0.0234358155,-12.2415531,-0.124498486,-6.84023414
43445073926093,0.11717908,1.74596828,-0.0245010799,-12.2942255,-0.15801731,-6.80432112
43445074915313,0.106526435,1.70868402,-0.0255663444,-12.334927,-0.155623108,-6.7827733
43445075903550,0.0980043198,1.67246503,-0.0266316088,-12.3492922,-0.169988318,-6.76122549
43445076891787,0.0894822043,1.63518078,-0.0298274021,-12.3660516,-0.232237561,-6.72052406
43445077880024,0.0798948327,1.59683126,-0.0340884599,-12.3875994,-0.268150586,-6.72052406
43445078868262,0.0724379817,1.56167753,-0.0394147841,-12.3516864,-0.275333191,-6.71094725
43445079856499,0.063915862,1.52545854,-0.0426105774,-12.3756284,-0.316034619,-6.72052406
43445080845718,0.0543284821,1.48923955,-0.0458063666,-12.4450602,-0.375889661,-6.76840809
43445081833956,0.046871631,1.45195529,-0.0490021599,-12.4737906,-0.392649072,-6.79713851
43445082822193,0.0383495197,1.4157363,-0.0532632176,-12.5073095,-0.416591089,-6.79474431
43445083810430,0.0308926666,1.37632165,-0.0585895398,-12.5623761,-0.464475122,-6.79713851
43445084798667,0.0255663444,1.3358416,-0.0628505976,-12.5958949,-0.509964954,-6.82586893
43445085786905,0.0202400243,1.29749208,-0.0671116553,-12.6126543,-0.54827218,-6.88572397
43445086776124,0.0138484366,1.25594677,-0.0713727172,-12.6629326,-0.598550415,-6.9192428
43445087764362,0.00852211497,1.21546672,-0.075633775,-12.739547,-0.64882865,-6.94079061
43445088752599,0.00426105748,1.17498667,-0.0788295683,-12.8305267,-0.675164868,-6.98628044
43445089740836,0.00106526437,1.13344136,-0.083090626,-12.94066,-0.73501991,-6.96952103
43445090729073,-0.00213052874,1.08976545,-0.0884169399,-13.0627643,-0.790086548,-6.94557902
43445091717311,-0.0063915861,1.04502435,-0.0926779976,-13.1345903,-0.852335791,-6.96712683
43445092706530,-0.0117179078,0.999217974,-0.0980043198,-13.2088106,-0.912190833,-7.01261666
43445093694767,-0.0149137011,0.952346339,-0.103330642,-13.321338,-0.950498059,-7.05331809
43445094683005,-0.0170442299,0.907605233,-0.108656964,-13.3883757,-1.08217915,-7.04613549
43445095671242,-0.0191747598,0.861798862,-0.115048551,-13.4602017,-1.31202251,-7.00543406
43445096659479,-0.0181094954,0.813861963,-0.123570666,-13.5511814,-1.51552965,-7.02219347
43445097647716,-0.0159789655,0.766990327,-0.134223311,-13.6373727,-1.62326873,-7.0628949
43445098636936,-0.0138484366,0.720118692,-0.147006492,-13.6517379,-1.67354696,-7.13232675
43445099625173,-0.0117179078,0.671116595,-0.158724401,-13.6732857,-1.67115276,-7.24724843
43445100613411,-0.00958737992,0.622114431,-0.169377045,-13.7522943,-1.62326873,-7.34062229
43445101601648,-0.00532632218,0.575242795,-0.180029673,-13.8480624,-1.66636436,-7.37892952
43445102589885,0.00106526437,0.528371127,-0.189617053,-13.9653783,-1.76692083,-7.3597759
43445103579105,0.00745685053,0.482564756,-0.199204433,-14.0659348,-1.77170923,-7.37892952
43445104567342,0.0149137011,0.435693121,-0.209857077,-14.1353666,-1.69988318,-7.45554397
43445105555579,0.0213052887,0.386690957,-0.218379193,-14.1976158,-1.61608612,-7.54891783
43445106543816,0.0266316088,0.338754091,-0.225836044,-14.2885955,-1.54186587,-7.58483086
43445107532054,0.0330231954,0.290817191,-0.233292895,-14.389152,-1.50834705,-7.55610044
43445108520291,0.0383495197,0.242880275,-0.238619217,-14.5160447,-1.51074125,-7.50821641
43445109509510,0.0436758419,0.191747582,-0.246076068,-14.6166011,-1.54426007,-7.44596716
43445110497748,0.046871631,0.138484368,-0.254598184,-14.6525142,-2.13802208,-7.43878456
43445111485985,0.0521979532,0.0841558904,-0.267381357,-14.5878707,-2.53306536,-7.53215842
43445112474222,0.0660463909,0.0340884599,-0.286556133,-14.3125375,-2.46842191,-7.47230338
43445113462459,0.0852211549,-0.0106526444,-0.307861422,-14.2550767,-2.4516625,-7.66623372
43445114450697,0.102265378,-0.0532632176,-0.325970917,-14.2981723,-2.41335527,-7.73805977
43445115439916,0.118244344,-0.0958737909,-0.341949884,-14.140155,-2.34152922,-7.54412943
43445116428154,0.133158046,-0.138484368,-0.357928817,-14.1712796,-2.12844528,-7.49145699
43445117416391,0.145941228,-0.178964409,-0.371777255,-14.3077491,-1.99436998,-7.36695851
43445118404628,0.156593872,-0.224770779,-0.383495164,-14.4083056,-1.89141931,-7.26161364
43445119392865,0.164050723,-0.273772943,-0.394147808,-14.4106998,-1.71903679,-7.23767162
43445120381103,0.17044231,-0.324905653,-0.401604659,-14.460978,-1.51313545,-7.15626876
43445121370322,0.17683388,-0.374973048,-0.407996246,-14.5567461,-1.34314713,-7.01740507
43445122358559,0.178964409,-0.42823627,-0.414387832,-14.6261779,-1.16597621,-6.93839641
43445123346797,0.177899144,-0.482564756,-0.41864889,-14.6573026,-1.01753571,-6.87375297
43445124335034,0.174703368,-0.5411543,-0.422909948,-14.6836388,-0.888248816,-6.86417616
43445125323271,0.17044231,-0.598678613,-0.427171006,-14.709975,-0.756567725,-6.88572397
43445126311508,0.162985459,-0.656202893,-0.430366799,-14.6836388,-0.603338818,-6.90248339
43445127300728,0.155528608,-0.712661841,-0.432497328,-14.674062,-0.471657727,-6.90966599
43445128288965,0.145941228,-0.768055592,-0.434627857,-14.686033,-0.371101257,-6.96473263
43445129277203,0.136353839,-0.823449342,-0.434627857,-14.6956098,-0.253785376,-6.99346305
43445130265440,0.125701195,-0.877777829,-0.432497328,-14.6788504,-0.136469495,-6.99825145
43445131253677,0.112918022,-0.931041051,-0.431432063,-14.6908214,-0.0263362183,-7.00543406
43445132241914,0.0990695842,-0.985369537,-0.429301534,-14.7363112,0.122104285,-7.03177028
43445133231134,0.083090626,-1.04076329,-0.42823627,-14.7434938,0.275333191,-7.04374128
43445134219371,0.0671116553,-1.0972223,-0.426105741,-14.7434938,0.282515796,-6.96952103
43445135207608,0.0500674243,-1.15368138,-0.423975212,-14.8153199,0.0957680664,-6.80910952
43445136195846,0.0351537264,-1.2101404,-0.421844683,-14.8967227,-0.148440503,-6.68221683
43445137184083,0.0202400243,-1.26872994,-0.425040477,-15.1026241,-0.507570752,-6.7755907
43445138172320,0.00532632218,-1.32838475,-0.434627857,-15.2414878,-0.773327136,-6.82826313
43445139161540,-0.00745685053,-1.3869743,-0.449541559,-15.1122009,-0.758961926,-6.73010087
43445140149777,-0.0202400243,-1.44343318,-0.465520525,-15.0355864,-0.711077893,-6.7827733
43445141138014,-0.0308926666,-1.49776166,-0.480434227,-14.9853082,-0.667982263,-6.86178196
43445142126252,-0.041545313,-1.54995962,-0.492152136,-14.9398184,-0.682347473,-6.85220515
43445143114489,-0.0543284821,-1.60215758,-0.502804781,-14.9158763,-0.73501991,-6.79713851
43445144102726,-0.0681769197,-1.65648606,-0.513457425,-14.8560213,-0.790086548,-6.69418784
43445145091946,-0.0788295683,-1.71081455,-0.523044805,-14.7913779,-0.854729993,-6.61757339
43445146080183,-0.0884169399,-1.7662083,-0.53156692,-14.7315228,-0.907402429,-6.60081398
43445147068420,-0.0990695842,-1.82373258,-0.5411543,-14.6788504,-0.943315454,-6.58405457
43445148056657,-0.109722229,-1.8801916,-0.549676416,-14.5974475,-0.962469067,-6.56490095
43445149044895,-0.121440137,-1.93558535,-0.557133267,-14.5208331,-1.00077629,-6.50983431
43445150033132,-0.132092782,-1.99204436,-0.565655416,-14.4466128,-1.02711251,-6.50504591
43445151022352,-0.140614906,-2.04850338,-0.572047002,-14.3221143,-1.0079589,-6.54814154
43445152010589,-0.15126755,-2.10389713,-0.57630806,-14.2071927,-0.986411084,-6.56968936
43445152998826,-0.16085493,-2.15929088,-0.579503853,-14.1066362,-1.00077629,-6.60320818
43445153987063,-0.17044231,-2.21468463,-0.581634382,-14.0156565,-0.995987891,-6.64869801
43445154975301,-0.180029673,-2.26794798,-0.583764911,-13.9510131,-0.957680664,-6.75164868
43445155963538,-0.188551789,-2.32014594,-0.586960704,-13.879187,-0.924161841,-6.83783994
43445156952757,-0.198139168,-2.36595231,-0.589091233,-13.8169378,-0.902614026,-6.85699355
43445157940995,-0.206661284,-2.41175868,-0.590156498,-13.7666595,-0.883460413,-6.90487759
43445158929232,-0.214118135,-2.45863032,-0.591221762,-13.7546885,-0.852335791,-7.03177028
43445159917469,-0.220509722,-2.50550195,-0.593352291,-13.7259581,-0.823605371,-7.10599053
43445160905706,-0.226901308,-2.55237359,-0.59548282,-13.6517379,-0.782903943,-7.09641372
43445161894926,-0.23222763,-2.59817996,-0.596548084,-13.5966712,-0.672770667,-7.16105717
43445162883163,-0.235423424,-2.64398633,-0.597613349,-13.6038538,-0.60573302,-7.28076725
43445163871400,-0.238619217,-2.6897927,-0.597613349,-13.6254016,-0.612915625,-7.37653531
43445164859638,-0.240749746,-2.73559907,-0.596548084,-13.618219,-0.567425793,-7.47948599
43445165847875,-0.24181501,-2.77927491,-0.597613349,-13.6086422,-0.565031592,-7.63510909
43445166836112,-0.240749746,-2.82188522,-0.598678613,-13.5966712,-0.588973608,-7.76200178
43445167825332,-0.238619217,-2.86343054,-0.600809142,-13.594277,-0.615309827,-7.82664523
43445168813569,-0.236488688,-2.90604112,-0.604004935,-13.6014596,-0.675164868,-7.87931766
43445169801806,-0.23222763,-2.94865169,-0.608265993,-13.5918828,-0.718260498,-7.91283649
43445170790044,-0.224770779,-2.98806648,-0.61465758,-13.606248,-0.797269153,-7.96550892
43445171778281,-0.219444457,-3.026416,-0.621049166,-13.6158248,-0.881066211,-8.00621035
43445172766518,-0.214118135,-3.06370025,-0.627440753,-13.5799118,-0.938527051,-8.03733497
43445173755738,-0.207726548,-3.09991924,-0.635962868,-13.5511814,-0.995987891,-8.09000741
43445174743975,-0.199204433,-3.13507297,-0.645550248,-13.546393,-1.04626613,-8.12352623
43445175732212,-0.189617053,-3.16916143,-0.656202893,-13.5152684,-1.04387192,-8.15225665
43445176720449,-0.178964409,-3.20431516,-0.666855537,-13.4003467,-1.0079589,-8.12592043
43445177708687,-0.173638103,-3.23840362,-0.676442917,-13.249512,-0.926556042,-7.88410607
43445178696924,-0.168311781,-3.26929629,-0.686030297,-13.2040222,-0.979228479,-7.788338
43445179686144,-0.164050723,-3.29699316,-0.695617677,-13.2447236,-1.09893856,-7.96311472
43445180674381,-0.158724401,-3.32682057,-0.704139726,-13.3165496,-1.16837041,-8.12113203
43445181662618,-0.150202285,-3.35984376,-0.712661841,-13.3572511,-1.27850369,-8.24802472
43445182650855,-0.139549633,-3.3918017,-0.722249221,-13.4123177,-1.37906016,-8.33661018
43445183639093,-0.127831724,-3.42269437,-0.731836601,-13.5248452,-1.51313545,-8.44195505
43445184627330,-0.113983286,-3.4546523,-0.740358716,-13.582306,-1.60411511,-8.61433757
43445185616549,-0.0969390554,-3.48874076,-0.749946096,-13.5535756,-1.64721074,-8.7962969
43445186604787,-0.0798948327,-3.52389449,-0.758468212,-13.4817495,-1.63045133,-8.85854614
43445187593024,-0.0617853331,-3.55585242,-0.765925063,-13.3883757,-1.56580789,-8.84896934
43445188581261,-0.0436758419,-3.58567983,-0.773381914,-13.2758482,-1.52750066,-8.84896934
43445189569498,-0.0266316088,-3.61550723,-0.778708236,-13.1992338,-1.52031805,-8.82023892
43445190557736,-0.00958737992,-3.6432041,-0.782969294,-13.1393787,-1.48919343,-8.76756648
43445191546955,0.0063915861,-3.66770519,-0.785099823,-13.1154367,-1.48201083,-8.72686505
43445192535193,0.0202400243,-3.69007574,-0.788295616,-13.1321961,-1.50834705,-8.69334623
43445193523430,0.0340884599,-3.71351156,-0.792556674,-13.1585323,-1.48201083,-8.66940421
43445194511667,0.046871631,-3.73588211,-0.800013525,-13.1776859,-1.46046301,-8.58560715
43445195499904,0.0575242754,-3.75825266,-0.806405111,-13.1082541,-1.39342537,-8.3677348
43445196488142,0.0660463909,-3.77742742,-0.809600905,-13.0914947,-1.31920511,-8.2145059
43445197477361,0.0745685105,-3.79553692,-0.812796698,-13.1537439,-1.34554133,-8.15465085
43445198465598,0.0809600971,-3.81364641,-0.817057756,-13.249512,-1.38384856,-8.16422766
43445199453836,0.0862864193,-3.8381475,-0.821318814,-13.3835873,-1.40060797,-8.24323632
43445200442073,0.093743262,-3.86264858,-0.824514607,-13.486538,-1.42933839,-8.29351455
43445201430310,0.104395906,-3.88928019,-0.825579871,-13.6397669,-1.50116444,-8.29590875
43445202418547,0.116113815,-3.92017286,-0.828775665,-13.7666595,-1.52510646,-8.23844791
43445203407767,0.128896988,-3.95319606,-0.833036722,-13.7738422,-1.45567461,-8.31027396
43445204396004,0.144875963,-3.98621925,-0.836232516,-13.7738422,-1.34793553,-8.43716665
43445205384242,0.162985459,-4.02030772,-0.838363045,-13.7522943,-1.23540806,-8.47068547
43445206372479,0.183225466,-4.05546144,-0.840493573,-13.7259581,-1.1587936,-8.46350287
43445207360716,0.200269697,-4.08741937,-0.840493573,-13.7020161,-1.09415016,-8.41083043
43445208348953,0.215183399,-4.11405099,-0.842624102,-13.6613147,-1.0103531,-8.39646522
43445209338173,0.227966573,-4.13855207,-0.844754631,-13.6541321,-0.945709656,-8.40604203
43445210326410,0.237553953,-4.16092262,-0.849015689,-13.6349785,-0.924161841,-8.33900438
43445211314647,0.247141333,-4.18329317,-0.852211482,-13.6589205,-0.885854614,-8.23605371
43445212302885,0.254598184,-4.20459846,-0.854342011,-13.7068045,-0.809240161,-8.12113203
43445213291122,0.259924506,-4.22270796,-0.85647254,-13.6972277,-0.727837305,-7.9367785
43445214279359,0.264185563,-4.23975219,-0.859668333,-13.6469495,-0.639251843,-7.70693514
43445215268579,0.267381357,-4.25786168,-0.862864127,-13.6732857,-0.64882865,-7.57525405
43445216256816,0.269511886,-4.27703644,-0.86605992,-13.7738422,-0.696712683,-7.56088884
43445217245053,0.271642415,-4.29727647,-0.870320978,-13.867216,-0.67755907,-7.58004246
43445218233291,0.272707679,-4.31858176,-0.873516771,-13.9462247,-0.696712683,-7.55849464
43445219221528,0.274838208,-4.3441481,-0.874582035,-14.0443869,-0.679953271,-7.46751498
43445220210747,0.280164547,-4.37291024,-0.8756473,-14.1664912,-0.682347473,-7.41963094
43445221198985,0.288686662,-4.40593344,-0.8756473,-14.20001,-0.665588062,-7.47948599
43445222187222,0.297208778,-4.4400219,-0.8756473,-14.1712796,-0.572214197,-7.57285985
43445223175459,0.305730893,-4.47304537,-0.874582035,-14.1449434,-0.507570752,-7.59440767
43445224163696,0.314253009,-4.50606856,-0.874582035,-14.1210014,-0.452504114,-7.56328304
43445225151934,0.32170986,-4.53376544,-0.873516771,-14.1425492,-0.395043274,-7.47709178
43445226141153,0.328101446,-4.55933179,-0.872451507,-14.1617028,-0.306457812,-7.36695851
43445227129390,0.332362504,-4.58383287,-0.871386242,-14.152126,-0.246602771,-7.31907448
43445228117628,0.335558297,-4.60833395,-0.868190449,-14.176068,-0.217872351,-7.24485422
43445229105865,0.336623562,-4.6339003,-0.86605992,-14.2287405,-0.189141931,-7.14908616
43445230094102,0.336623562,-4.65840138,-0.864994655,-14.2862013,-0.167594116,-7.10359633
43445231082339,0.335558297,-4.6818372,-0.863929391,-14.3340853,-0.15801731,-7.08204851
43445232071559,0.332362504,-4.70633828,-0.862864127,-14.4035172,-0.169988318,-7.04852969
43445233059796,0.327036182,-4.72870883,-0.862864127,-14.4777374,-0.15801731,-6.98149204
43445234048034,0.32170986,-4.75107938,-0.863929391,-14.5304099,-0.15801731,-6.9168486
43445235036271,0.318514066,-4.77558047,-0.864994655,-14.5902649,-0.165199915,-6.85699355
43445236024508,0.314253009,-4.80008155,-0.86605992,-14.6668794,-0.191536133,-6.81868633
43445237012745,0.311057215,-4.82671316,-0.86605992,-14.7434938,-0.234631763,-6.7827733
43445238001965,0.305730893,-4.85334477,-0.868190449,-14.7794068,-0.258573779,-6.73728347
43445238990202,0.300404571,-4.88104165,-0.870320978,-14.7889837,-0.265756384,-6.71094725
43445239978439,0.296143513,-4.90873852,-0.871386242,-14.8177141,-0.296881006,-6.70137045
43445240966677,0.294012984,-4.9364354,-0.873516771,-14.8703865,-0.330399829,-6.70615885
43445241954914,0.289751927,-4.9662628,-0.8756473,-14.9134821,-0.318428821,-6.67264003
43445242943151,0.286556133,-4.9960902,-0.876712564,-14.9446068,-0.337582434,-6.66545742
43445243932371,0.28336034,-5.02591761,-0.878843093,-14.9781256,-0.361524451,-6.67264003
43445244920608,0.280164547,-5.05467975,-0.883104151,-14.982914,-0.383072266,-6.66066902
43445245908845,0.279099266,-5.08131136,-0.886299944,-14.970943,-0.407014282,-6.65348641
43445246897083,0.276968737,-5.1100735,-0.889495738,-14.9661546,-0.416591089,-6.65827482
43445247885320,0.273772943,-5.13883564,-0.892691531,-14.9685488,-0.426167896,-6.68461104
43445248873557,0.271642415,-5.16653251,-0.893756795,-14.970943,-0.409408484,-6.68461104
43445249862777,0.27057715,-5.19422939,-0.896952589,-14.9517894,-0.418985291,-6.69179364
43445250851014,0.267381357,-5.220861,-0.900148382,-14.9374242,-0.454898315,-6.71094725
43445251839251,0.266316092,-5.24855788,-0.902278911,-14.9374242,-0.493205542,-6.72531246
43445252827488,0.266316092,-5.27518949,-0.903344175,-14.9015111,-0.7206547,-6.71334146
43445253815726,0.268446621,-5.3018211,-0.906539968,-14.8991169,-0.938527051,-6.58644877
43445254803963,0.272707679,-5.32951797,-0.911866291,-14.8536271,-0.945709656,-6.50983431
43445255793183,0.279099266,-5.35614958,-0.918257877,-14.8201083,-0.869095203,-6.58166036
43445256781420,0.28336034,-5.38384646,-0.923584199,-14.7003982,-0.768538733,-6.47152709
43445257769657,0.285490869,-5.4126086,-0.927845257,-14.5711113,-0.730231506,-6.30153877
43445258757894,0.288686662,-5.43924021,-0.928910522,-14.5998417,-0.751779321,-6.28238516
43445259746132,0.291882455,-5.46267603,-0.932106315,-14.6357547,-0.804451758,-6.33745179
43445260734369,0.298274042,-5.48930764,-0.935302108,-14.698004,-0.835576379,-6.43561406
43445261723588,0.304665629,-5.51806978,-0.936367373,-14.7434938,-0.842758984,-6.52180532
43445262711826,0.31212248,-5.54789718,-0.938497902,-14.8248967,-0.852335791,-6.59123717
43445263700063,0.319579331,-5.57772459,-0.94062843,-14.8919343,-0.890643018,-6.6319386
43445264688300,0.329166711,-5.60648673,-0.943824224,-14.9086937,-0.900219824,-6.69658204
43445265676537,0.338754091,-5.63524833,-0.948085281,-14.8823575,-0.835576379,-6.75404288
43445266664775,0.348341471,-5.66401047,-0.951281075,-14.8081373,-0.766144531,-6.75164868
43445267653994,0.357928817,-5.69170735,-0.953411604,-14.7482822,-0.730231506,-6.67742843
43445268642232,0.366450933,-5.71833896,-0.956607397,-14.7147634,-0.667982263,-6.60081398
43445269630469,0.373907784,-5.74284004,-0.958737926,-14.686033,-0.600944617,-6.58405457
43445270618706,0.379234106,-5.7652106,-0.95980319,-14.674062,-0.567425793,-6.58166036
43445271606943,0.384560428,-5.78758115,-0.95980319,-14.6668794,-0.545877979,-6.51701692
43445272595181,0.387756221,-5.8099517,-0.960868455,-14.6573026,-0.555454785,-6.41406625
43445273584400,0.393082544,-5.83232225,-0.961933719,-14.6549084,-0.538695374,-6.30632717
43445274572637,0.397343601,-5.85362754,-0.962998984,-14.6477258,-0.507570752,-6.23450112
43445275560875,0.398408866,-5.8759981,-0.965129512,-14.6022359,-0.658405457,-6.16985768
43445276549112,0.39947413,-5.89836865,-0.967260041,-14.5878707,-0.873883606,-6.02620558
43445277537349,0.403735188,-5.9207392,-0.973651628,-14.5040737,-0.79248075,-6.00944617
43445278526569,0.40906151,-5.94417502,-0.981108479,-14.5280157,-0.60573302,-6.03578239
43445279514806,0.413322568,-5.96654557,-0.986434801,-14.472949,-0.521935962,-5.94001432
43445280503043,0.415453097,-5.98785086,-0.98856533,-14.3987288,-0.450109912,-5.87058247
43445281491280,0.416518361,-6.00915615,-0.98856533,-14.4801316,-0.371101257,-5.85142886
43445282479518,0.416518361,-6.03046144,-0.986434801,-14.4968911,-0.442927307,-5.79636222
43445283467755,0.414387832,-6.05496252,-0.984304272,-14.5328041,-0.553060583,-5.73411298
43445284456975,0.415453097,-6.0794636,-0.984304272,-14.4466128,-0.586579407,-5.71974777
43445285445212,0.417583626,-6.10289942,-0.985369537,-14.3676042,-0.617704028,-5.75087239
43445286433449,0.419714155,-6.12526997,-0.984304272,-14.2478941,-0.952892261,-5.74129558
43445287421686,0.423975212,-6.14764053,-0.985369537,-14.1425492,-1.31441671,-5.61679709
43445288409924,0.432497328,-6.17001108,-0.991761123,-13.8959464,-1.20428344,-5.66946953
43445289398161,0.441019443,-6.18918584,-0.997087446,-13.8217262,-0.955286462,-5.87058247
43445290387380,0.446345765,-6.20516481,-0.999217974,-13.6565263,-0.830787976,-5.9184665
43445291375618,0.452737352,-6.21794798,-0.997087446,-13.4602017,-0.768538733,-5.88494768
43445292363855,0.460194203,-6.22860062,-0.992826388,-13.5080858,-0.593762012,-5.88015928
43445293352092,0.467651054,-6.24031853,-0.987500066,-13.4913264,-0.488417139,-5.84903466
43445294340329,0.471912112,-6.25203644,-0.977912686,-13.4673843,-0.4333505,-5.76044919
43445295328567,0.475107905,-6.26268909,-0.968325306,-13.4242887,-0.292092603,-5.72453617
43445296317786,0.477238434,-6.27334173,-0.956607397,-13.4482307,-0.110133276,-5.72453617
43445297306024,0.479368963,-6.2861249,-0.942758959,-13.3883757,0.0383072266,-5.69101735
43445298294261,0.482564756,-6.30103861,-0.928910522,-13.4099235,0.124498486,-5.68622894
43445299282498,0.482564756,-6.31595231,-0.911866291,-13.4195003,0.256179578,-5.66707533
43445300270735,0.480434227,-6.33086601,-0.89482206,-13.4195003,0.397437476,-5.64313331
43445301258973,0.478303698,-6.34471445,-0.8756473,-13.4362597,0.46208092,-5.65271012
43445302248192,0.47617317,-6.35749762,-0.85647254,-13.4554133,0.541089575,-5.66707533
43445303236429,0.472977376,-6.37241132,-0.835167251,-13.4889322,0.622492432,-5.68144054
43445304224667,0.469781583,-6.38625976,-0.812796698,-13.4889322,0.675164868,-5.70059415
43445305212904,0.46658579,-6.39797767,-0.791491409,-13.5248452,0.718260498,-5.71256516
43445306201141,0.461259468,-6.41182611,-0.77231665,-13.582306,0.766144531,-5.72693037
43445307189378,0.454867881,-6.42460928,-0.752076625,-13.6373727,0.79248075,-5.77960281
43445308178598,0.44741103,-6.43419666,-0.731836601,-13.6732857,0.711077893,-5.79875642
43445309166835,0.441019443,-6.44165351,-0.712661841,-13.6972277,0.567425793,-5.770026
43445310155073,0.434627857,-6.45124089,-0.696682941,-13.7187755,0.426167896,-5.73890138
43445311143310,0.427171006,-6.45976301,-0.683899768,-13.6780741,0.311246216,-5.7724202
43445312131547,0.421844683,-6.46615459,-0.673247124,-13.6158248,0.246602771,-5.84424625
43445313119784,0.41864889,-6.47041565,-0.664725008,-13.5631524,0.181959326,-5.92325491
43445314109004,0.414387832,-6.47254618,-0.656202893,-13.5272394,0.138863696,-5.98550415
43445315097241,0.411192039,-6.47254618,-0.647680777,-13.4793553,0.15801731,-5.99029255
43445316085478,0.40906151,-6.47041565,-0.635962868,-13.4314713,0.15801731,-5.99986936
43445317073716,0.40906151,-6.46828512,-0.623179695,-13.3955583,0.15801731,-6.01662877
43445318061953,0.406930981,-6.46615459,-0.611461786,-13.3620395,0.181959326,-6.00944617
43445319050190,0.405865717,-6.46402407,-0.600809142,-13.3596453,0.229843359,-5.92564911
43445320039410,0.405865717,-6.46402407,-0.586960704,-13.4027409,0.248996973,-5.92564911
43445321027647,0.405865717,-6.46402407,-0.570981738,-13.4218945,0.237025964,-5.94719692
43445322015884,0.405865717,-6.46402407,-0.552872209,-13.3883757,0.213083948,-5.94240852
43445323004122,0.405865717,-6.46615459,-0.535827978,-13.3069728,0.201112939,-5.94719692
43445323992359,0.406930981,-6.46828512,-0.518783747,-13.2159932,0.191536133,-5.90170709
43445324980596,0.410126775,-6.47041565,-0.499608987,-13.1609265,0.146046301,-5.9184665
43445325969816,0.414387832,-6.47254618,-0.479368963,-13.1058599,0.0790086548,-5.94001432
43445326958053,0.419714155,-6.47361145,-0.459128939,-13.0675527,0.00239420166,-5.95916793
43445327946290,0.422909948,-6.47254618,-0.438888914,-13.0220628,-0.0550666382,-5.95198533
43445328934527,0.426105741,-6.47041565,-0.420779419,-12.9789672,-0.126892688,-5.9184665
43445329922765,0.42823627,-6.46721986,-0.402669924,-12.9191122,-0.227449158,-5.9112839
43445330911002,0.432497328,-6.46402407,-0.385625693,-12.8448919,-0.342370837,-5.95437953
43445331900221,0.43782365,-6.45976301,-0.368581462,-12.7610948,-0.397437476,-5.98071575
43445332888459,0.443149972,-6.45337142,-0.352602495,-12.6581442,-0.421379492,-5.96874474
43445333876696,0.449541559,-6.44271878,-0.335558297,-12.5599819,-0.46208092,-5.96395634
43445334864933,0.455933145,-6.43206613,-0.320644595,-12.4929443,-0.497993945,-5.9184665
43445335853170,0.462324732,-6.41928296,-0.305730893,-12.454637,-0.526724365,-5.85142886
43445336842390,0.469781583,-6.40649979,-0.291882455,-12.3804168,-0.524330164,-5.77720861
43445337830627,0.479368963,-6.39478188,-0.278034001,-12.3205617,-0.51954176,-5.72453617
43445338818865,0.488956343,-6.38306397,-0.264185563,-12.2870429,-0.512359155,-5.68622894
43445339807102,0.499608987,-6.37347659,-0.250337126,-12.2247937,-0.469263525,-5.63834491
43445340795339,0.509196367,-6.36282394,-0.236488688,-12.1649386,-0.44771571,-5.59285508
43445341783576,0.516653218,-6.3521713,-0.22264025,-12.1026894,-0.46208092,-5.54497104
43445342772796,0.524110069,-6.34258392,-0.207726548,-12.0715648,-0.478840332,-5.52102903
43445343761033,0.533697449,-6.33299654,-0.192812846,-12.061988,-0.495599744,-5.52102903
43445344749270,0.542219565,-6.32127863,-0.180029673,-12.050017,-0.545877979,-5.34864651
43445345737508,0.549676416,-6.31062599,-0.168311781,-12.0524112,-0.531512769,-5.15711038
43445346725745,0.556068002,-6.30316914,-0.156593872,-11.9518547,-0.452504114,-5.10922634
43445347713982,0.564590151,-6.29890808,-0.143810699,-11.8297504,-0.450109912,-5.09007273
43445348703202,0.57630806,-6.29464702,-0.129962253,-11.7842606,-0.493205542,-5.07091912
43445349691439,0.584830175,-6.2893207,-0.11717908,-11.7315881,-0.536301172,-5.03021769
43445350679676,0.592287026,-6.27973332,-0.105461171,-11.6693389,-0.545877979,-5.07331332
43445351667914,0.600809142,-6.26908067,-0.0958737909,-11.6118781,-0.560243188,-5.13077416
43445352656151,0.610396522,-6.25523224,-0.0862864193,-11.5544172,-0.588973608,-5.05655391
43445353644388,0.619983902,-6.24351433,-0.0766990394,-11.4897738,-0.598550415,-4.91290181
43445354633608,0.628506017,-6.22966589,-0.0671116553,-11.4371013,-0.569819995,-4.79798013
43445355621845,0.638093397,-6.21794798,-0.0596548043,-11.3987941,-0.51954176,-4.70221206
43445356610082,0.645550248,-6.20729534,-0.0532632176,-11.3676695,-0.514753357,-4.60404979
43445357598319,0.651941835,-6.19877322,-0.046871631,-11.3102086,-0.529118567,-4.52982954
43445358586557,0.657268157,-6.19025111,-0.0404800486,-11.2120464,-0.524330164,-4.50109912
43445359574794,0.664725008,-6.17959846,-0.0340884599,-11.0947305,-0.53390697,-4.48673391
43445360564014,0.674312388,-6.16788055,-0.0276968733,-10.9726262,-0.524330164,-4.41969626
43445361552251,0.682834503,-6.15509738,-0.0213052887,-10.8816465,-0.478840332,-4.3263224
43445362540488,0.690291355,-6.14018368,-0.0127831722,-10.8241857,-0.469263525,-4.21140072
43445363528725,0.696682941,-6.12526997,-0.00532632218,-10.7523597,-0.471657727,-4.06296022
43445364516963,0.703074461,-6.10929101,0.00106526437,-10.6230728,-0.423773694,-3.90494291
43445365505200,0.70520499,-6.09331204,0.00958737992,-10.6063134,-0.404620081,-3.7445314
43445366494419,0.706270255,-6.07626781,0.0191747598,-10.637438,-0.423773694,-3.57933148
43445367482657,0.70520499,-6.05922358,0.0255663444,-10.6350438,-0.464475122,-3.35667073
43445368470894,0.702009197,-6.04324461,0.0308926666,-10.601525,-0.464475122,-3.24893165
43445369459131,0.700943932,-6.03046144,0.0362189908,-10.6206786,-0.47644613,-3.30878669
43445370447368,0.699878734,-6.01554774,0.0394147841,-10.6063134,-0.529118567,-3.07415493
43445371435606,0.695617677,-5.99956877,0.041545313,-10.4985743,-0.509964954,-2.8778304
43445372424825,0.690291355,-5.9867856,0.0426105774,-10.3860468,-0.445321509,-2.98556947
43445373413063,0.688160826,-5.97613295,0.0490021599,-10.2519715,-0.397437476,-3.04542451
43445374401300,0.688160826,-5.96334978,0.0575242754,-10.2088759,-0.445321509,-2.96402166
43445375389537,0.688160826,-5.94950134,0.0671116553,-10.1370498,-0.47644613,-2.91853182
43445376377774,0.687095561,-5.93352238,0.0766990394,-10.0628296,-0.466869324,-2.99754048
43445377366012,0.684965032,-5.91434762,0.0852211549,-10.0101571,-0.474051929,-2.97359846
43445378355231,0.681769239,-5.89410759,0.0916127332,-9.98142672,-0.483628735,-2.90177241
43445379343468,0.678573446,-5.87493283,0.0990695842,-9.99100353,-0.49081134,-2.78924493
43445380331706,0.675377652,-5.85682334,0.1075917,-10.0221281,-0.526724365,-2.62404502
43445381319943,0.673247124,-5.8429749,0.115048551,-10.0460702,-0.586579407,-2.54503636
43445382308180,0.672181859,-5.83125699,0.122505402,-9.96706151,-0.598550415,-2.56897838
43445383296417,0.672181859,-5.81847382,0.128896988,-9.82819781,-0.593762012,-2.67432325
43445384285637,0.673247124,-5.80356011,0.134223311,-9.70369933,-0.584185205,-2.69587107
43445385273874,0.675377652,-5.78438536,0.14168017,-9.63905588,-0.617704028,-2.5929204
43445386262111,0.676442917,-5.76414533,0.15126755,-9.59596025,-0.665588062,-2.53545956
43445387250349,0.674312388,-5.74390531,0.159789665,-9.56483563,-0.70628949,-2.50912334
43445388238586,0.673247124,-5.72473055,0.168311781,-9.57201824,-0.787692346,-2.40377847
43445389226823,0.674312388,-5.70555579,0.17683388,-9.57201824,-0.895431421,-2.26012637
43445390216043,0.675377652,-5.68531576,0.185355995,-9.54568202,-0.950498059,-2.20505973
43445391204280,0.675377652,-5.666141,0.192812846,-9.50737479,-0.931344446,-2.14281049
43445392192517,0.674312388,-5.64590098,0.200269697,-9.50737479,-0.938527051,-2.06619603
43445393180755,0.672181859,-5.62672622,0.206661284,-9.53849941,-0.955286462,-1.91775553
43445394168992,0.67005133,-5.60968199,0.213052871,-9.56722983,-0.957680664,-1.7310078
43445395158211,0.668986066,-5.59583408,0.219444457,-9.60314286,-1.03668932,-1.5849615
43445396146449,0.666855537,-5.58518144,0.225836044,-9.57201824,-1.11090957,-1.52750066
43445397134686,0.666855537,-5.57772459,0.229031837,-9.44273135,-1.10612117,-1.62566293
43445398122923,0.667920801,-5.56707194,0.231162366,-9.30386765,-1.03190092,-1.70945999
43445399111160,0.67005133,-5.55322351,0.234358159,-9.09557211,-0.885854614,-1.71903679
43445400099398,0.67005133,-5.53404875,0.239684481,-9.03811127,-0.881066211,-1.63763394
43445401088617,0.667920801,-5.5084824,0.246076068,-9.01656345,-0.938527051,-1.23301385
43445402076855,0.661529215,-5.48717711,0.25140239,-8.95670841,-0.924161841,-0.955286462
43445403065092,0.653007099,-5.46906761,0.257793977,-8.88488236,-0.854729993,-0.955286462
43445404053329,0.65087657,-5.45521918,0.268446621,-8.82263312,-0.893037219,-0.837970581
43445405041566,0.649811306,-5.44456653,0.280164547,-8.82502732,-1.151611,-0.608127222
43445406029804,0.647680777,-5.43817495,0.290817191,-8.70531724,-1.26413848,-0.495599744
43445407019023,0.648746042,-5.42965283,0.300404571,-8.62391438,-1.18512982,-0.660799658
43445408007260,0.649811306,-5.41793492,0.307861422,-8.57842455,-1.20188923,-0.782903943
43445408995498,0.647680777,-5.40515175,0.315318273,-8.60236656,-1.30962831,-0.7206547
43445409983735,0.643419719,-5.39023805,0.32170986,-8.67898102,-1.37906016,-0.64882865
43445410971972,0.639158662,-5.37425908,0.327036182,-8.71249984,-1.40300217,-0.610521423
43445411960209,0.639158662,-5.35828011,0.328101446,-8.67658682,-1.41976158,-0.62009823
43445412949429,0.638093397,-5.34230115,0.328101446,-8.55208833,-1.42694419,-0.699106885
43445413937666,0.633832339,-5.32525692,0.327036182,-8.38210001,-1.36948335,-0.761356128
43445414925904,0.630636546,-5.30288636,0.327036182,-8.24563052,-1.25216747,-0.737414111
43445415914141,0.627440753,-5.27625475,0.329166711,-8.17619867,-1.20667764,-0.63446344
43445416902378,0.623179695,-5.24962314,0.333427768,-8.13070884,-1.27371528,-0.579396802
43445417890615,0.617853373,-5.22405679,0.338754091,-8.09719001,-1.33357032,-0.529118567
43445418879835,0.612527051,-5.20062098,0.344080413,-8.09240161,-1.35990654,-0.407014282
43445419868072,0.607200729,-5.17825042,0.350471966,-8.09240161,-1.39821377,-0.282515796
43445420856309,0.604004935,-5.15694513,0.355798288,-8.09958422,-1.42933839,-0.253785376
43445421844547,0.600809142,-5.13670511,0.358994082,-8.09240161,-1.46764562,-0.241814368
43445422832784,0.597613349,-5.11753035,0.362189875,-8.0804306,-1.53707747,-0.191536133
43445423821021,0.59548282,-5.09835559,0.366450933,-8.10437262,-1.62087452,-0.162805713
43445424810241,0.59548282,-5.07918083,0.369646726,-8.11394943,-1.66875856,-0.0957680664
43445425798478,0.59548282,-5.06107134,0.37071199,-8.09958422,-1.63763394,0.0359130249
43445426786715,0.593352291,-5.04509237,0.37071199,-8.23844791,-1.65678755,0.0933738647
43445427774953,0.588025969,-5.03017867,0.368581462,-8.35336959,-1.78128604,0.569819995
43445428763190,0.578438589,-5.01952602,0.363255139,-8.35336959,-1.84832368,0.854729993
43445429751427,0.572047002,-5.0141997,0.355798288,-8.26717833,-1.81001646,0.524330164
43445430740647,0.569916473,-5.00993864,0.347276206,-8.06127699,-1.7262194,0.320823022
43445431728884,0.568851209,-5.00461232,0.341949884,-7.9248075,-1.73819041,0.385466467
43445432717121,0.567785944,-4.99502494,0.338754091,-7.76918439,-1.79804545,0.469263525
43445433705358,0.567785944,-4.98330703,0.337688826,-7.6422917,-1.82438167,0.354341846
43445434693596,0.568851209,-4.96945859,0.335558297,-7.56328304,-1.88663091,0.289698401
43445435681833,0.570981738,-4.95561016,0.334493033,-7.43639036,-1.97761057,0.361524451
43445436671052,0.573112267,-4.94282698,0.333427768,-7.34062229,-2.05422502,0.407014282
43445437659290,0.575242795,-4.92684802,0.333427768,-7.25921943,-2.08534965,0.529118567
43445438647527,0.578438589,-4.90873852,0.330231975,-7.19936439,-2.14041628,0.694318481
43445439635764,0.580569118,-4.89169429,0.327036182,-7.14669196,-2.19308872,0.675164868
43445440624002,0.582699647,-4.87571532,0.325970917,-7.03177028,-2.24336696,0.739808313
43445441612239,0.583764911,-4.86080162,0.323840389,-6.86657036,-2.25773217,0.883460413
43445442601458,0.58589544,-4.84375739,0.320644595,-6.81868633,-2.24815536,0.861912598
43445443589696,0.588025969,-4.82351737,0.315318273,-6.72291826,-2.24097275,1.07499655
43445444577933,0.586960704,-4.80327734,0.311057215,-6.64151541,-2.20745393,1.3000515
43445445566170,0.584830175,-4.78729838,0.305730893,-6.65827482,-2.14281049,1.34314713
43445446554407,0.58589544,-4.7745152,0.301469835,-6.6295444,-2.08534965,1.49398184
43445447542645,0.588025969,-4.76492782,0.297208778,-6.70615885,-2.09253225,1.71903679
43445448531864,0.588025969,-4.7596015,0.291882455,-6.68939944,-2.06859023,1.78128604
43445449520101,0.590156498,-4.75640571,0.285490869,-6.50744011,-1.92014973,1.55144268
43445450508339,0.593352291,-4.75001412,0.279099266,-6.26562574,-1.75016141,1.40300217
43445451496576,0.598678613,-4.73936148,0.274838208,-6.0501476,-1.69509478,1.42694419
43445452484813,0.602939671,-4.72444777,0.272707679,-5.93043751,-1.66875856,1.45088621
43445453474033,0.6050702,-4.70740354,0.27057715,-5.84903466,-1.62805713,1.4389152
43445454462270,0.606135464,-4.68503299,0.268446621,-5.74129558,-1.59932671,1.51074125
43445455450507,0.609331257,-4.66266244,0.267381357,-5.6239797,-1.55144268,1.50116444
43445456438745,0.613592315,-4.63922662,0.266316092,-5.46356819,-1.48440503,1.50116444
43445457426982,0.61465758,-4.61366027,0.265250828,-5.30076248,-1.40300217,1.60172091
43445458415219,0.615722844,-4.58702866,0.266316092,-5.16429298,-1.2976573,1.70227738
43445459404439,0.616788108,-4.56039705,0.267381357,-5.06852491,-1.22583125,1.76692083
43445460392676,0.617853373,-4.53163491,0.269511886,-4.98472786,-1.19949503,1.7262194
43445461380913,0.621049166,-4.50287277,0.271642415,-4.9105076,-1.16118781,1.73819041
43445462369150,0.62424496,-4.4751759,0.274838208,-4.85783517,-1.09654436,1.8698715
43445463357388,0.62424496,-4.44641349,0.278034001,-4.85544097,-1.01753571,1.95366855
43445464345625,0.623179695,-4.41658609,0.278034001,-4.97275685,-0.938527051,2.03267721
43445465334845,0.619983902,-4.38782395,0.276968737,-5.09007273,-0.914585034,2.1619641
43445466323082,0.613592315,-4.36119233,0.272707679,-5.14753357,-0.897825623,2.29364519
43445467311319,0.606135464,-4.33669125,0.266316092,-5.12598575,-0.845153186,2.35828864
43445468299556,0.598678613,-4.31325544,0.258859241,-4.99430466,-0.768538733,2.25773217
43445469287794,0.592287026,-4.28555856,0.250337126,-4.79798013,-0.66319386,2.08295544
43445470276031,0.58589544,-4.25573116,0.245010804,-4.63996282,-0.588973608,2.1619641
43445471265250,0.578438589,-4.22483849,0.24181501,-4.56574257,-0.610521423,2.34152922
43445472253488,0.572047002,-4.19394582,0.240749746,-4.63517441,-0.773327136,2.40138427
43445473241725,0.567785944,-4.16305315,0.237553953,-4.60404979,-0.828393774,2.41574948
43445474229962,0.563524887,-4.13429101,0.234358159,-4.44603248,-0.756567725,2.33434662
43445475218199,0.558198531,-4.10446361,0.231162366,-4.38857164,-0.79248075,2.29364519
43445476206437,0.553937473,-4.07250567,0.229031837,-4.38138904,-0.859518396,2.44208569
43445477195656,0.549676416,-4.03735195,0.226901308,-4.37181223,-0.902614026,2.55461317
43445478183894,0.544350094,-4.00113296,0.221574986,-4.34308181,-0.900219824,2.62643922
43445479172131,0.539023771,-3.96810976,0.216248664,-4.39814845,-0.919373438,2.67911166
43445480160368,0.533697449,-3.93828235,0.211987606,-4.54658895,-1.01992991,2.75093771
43445481148605,0.529436391,-3.91271601,0.207726548,-4.66629904,-1.11090957,2.93050283
43445482136843,0.526240598,-3.89141072,0.200269697,-4.67108744,-1.1563994,3.04063611
43445483126062,0.523044805,-3.87330122,0.190682317,-4.55855996,-1.14442839,2.99754048
43445484114299,0.517718483,-3.85412646,0.178964409,-4.42448467,-1.10612117,2.85628258
43445485102537,0.515587954,-3.83175591,0.169377045,-4.31913979,-1.1563994,2.83712897
43445486090774,0.513457425,-3.8051243,0.161920194,-4.21618912,-1.18273562,2.90656082
43445487079011,0.511326896,-3.77849269,0.154463343,-4.13239207,-1.1587936,2.94486804
43445488067248,0.507065838,-3.75399161,0.149137021,-4.10126744,-1.23540806,2.97838687
43445489056468,0.502804781,-3.72842526,0.145941228,-4.09887324,-1.36230074,3.04781871
43445490044705,0.500674252,-3.70392418,0.142745434,-4.08929644,-1.42694419,3.10049115
43445491032943,0.500674252,-3.68048836,0.138484368,-4.01028778,-1.39342537,3.11485636
43445492021180,0.500674252,-3.65598728,0.134223311,-3.92888492,-1.39342537,3.22020123
43445493009417,0.500674252,-3.63255146,0.131027517,-3.95522114,-1.43173259,3.34230552
43445493997654,0.498543723,-3.61018091,0.12676646,-4.06296022,-1.47961663,3.39018955
43445494986874,0.494282665,-3.59100615,0.122505402,-4.12520946,-1.56580789,3.56736047
43445495975111,0.491086872,-3.57609245,0.11717908,-4.11802686,-1.63523973,3.71101257
43445496963348,0.488956343,-3.56330927,0.108656964,-4.06774862,-1.65678755,3.57214888
43445497951586,0.488956343,-3.5505261,0.0969390554,-3.91451971,-1.66157595,3.38540115
43445498939823,0.490021607,-3.53454713,0.0862864193,-3.78283862,-1.69748898,3.29442148
43445499928060,0.493217401,-3.51537237,0.075633775,-3.70382997,-1.71424839,3.29920989
43445500917280,0.495347929,-3.49300182,0.0671116553,-3.6032735,-1.68312377,3.33512291
43445501905517,0.496413194,-3.46850074,0.0596548043,-3.48835182,-1.66636436,3.33751711
43445502893754,0.498543723,-3.44399966,0.0532632176,-3.41652577,-1.67594116,3.32554611
43445503881991,0.500674252,-3.41949857,0.0479368955,-3.38061274,-1.56341368,3.34709392
43445504870229,0.501739516,-3.39712802,0.041545313,-3.37582434,-1.46285721,3.55538947
43445505858466,0.503870045,-3.37582273,0.0362189908,-3.47638081,-1.51313545,3.93606753
43445506847686,0.504935309,-3.35771324,0.0287621377,-3.53144745,-1.41257898,4.0414124
43445507835923,0.503870045,-3.3438648,0.0202400243,-3.49553442,-1.27371528,3.94325013
43445508824160,0.500674252,-3.33427742,0.0117179078,-3.43567938,-1.32399352,4.01028778
43445509812397,0.498543723,-3.32362477,0.00532632218,-3.34709392,-1.40060797,4.05817181
43445510800635,0.498543723,-3.31190687,-0.00319579305,-3.23217224,-1.41018478,3.91930812
43445511789854,0.498543723,-3.29699316,-0.0117179078,-3.06936653,-1.39342537,3.81875165
43445512778091,0.496413194,-3.2810142,-0.0191747598,-2.94486804,-1.4389152,3.82593425
43445513766329,0.496413194,-3.26396997,-0.0234358155,-2.85388838,-1.46525142,3.69425316
43445514754566,0.495347929,-3.24266468,-0.0276968733,-2.81558115,-1.49637604,3.76368501
43445515742803,0.491086872,-3.21922886,-0.0330231954,-2.79403334,-1.49158763,4.04859501
43445516731040,0.484695285,-3.19685831,-0.0394147841,-2.77009132,-1.42454999,4.1874587
43445517720260,0.477238434,-3.17768355,-0.0458063666,-2.71981309,-1.37187755,4.24491954
43445518708497,0.471912112,-3.16170458,-0.0511326888,-2.68150586,-1.39342537,4.3287166
43445519696735,0.46658579,-3.14998667,-0.0564590109,-2.63841023,-1.38863696,4.17309349
43445520684972,0.45699841,-3.13613823,-0.0607200687,-2.57376678,-1.30723411,4.14436307
43445521673209,0.449541559,-3.12015927,-0.0649811264,-2.55461317,-1.41736738,4.48433971
43445522661446,0.44741103,-3.10631083,-0.0703074528,-2.64559283,-1.65439335,4.65432803
43445523650666,0.44741103,-3.09565818,-0.0788295683,-2.54503636,-1.67354696,4.6136266
43445524638903,0.445280501,-3.08500554,-0.0873516838,-2.25294376,-1.5849615,4.48194551
43445525627140,0.443149972,-3.07222237,-0.0926779976,-2.09732065,-1.50595284,4.38857164
43445526615378,0.439954179,-3.0562434,-0.0969390554,-2.08056124,-1.41497318,4.35505282
43445527603615,0.434627857,-3.03706864,-0.0990695842,-2.14041628,-1.4437036,4.52504114
43445528591852,0.42823627,-3.01789388,-0.102265378,-2.1691467,-1.49158763,4.82431635
43445529581072,0.419714155,-3.00298018,-0.105461171,-2.14041628,-1.47961663,4.89135399
43445530569309,0.414387832,-2.99019701,-0.113983286,-1.99436998,-1.43173259,4.73094248
43445531557546,0.410126775,-2.97421804,-0.122505402,-1.8794483,-1.38624276,4.58489618
43445532545784,0.406930981,-2.95504328,-0.127831724,-1.77410343,-1.34793553,4.56334836
43445533534021,0.405865717,-2.93373799,-0.129962253,-1.61848032,-1.27850369,4.62320341
43445534522258,0.402669924,-2.91030217,-0.132092782,-1.64002814,-1.23540806,4.55855996
43445535511478,0.39947413,-2.8826053,-0.134223311,-1.62087452,-1.29047469,4.86022937
43445536499715,0.392017279,-2.85703895,-0.138484368,-1.5849615,-1.2928689,5.23851323
43445537487952,0.382429899,-2.83892946,-0.143810699,-1.62805713,-1.17315881,5.15950458
43445538476189,0.376038313,-2.82188522,-0.149137021,-1.56580789,-1.08217915,5.11162054
43445539464427,0.37071199,-2.80590626,-0.152332814,-1.55144268,-1.11809218,5.23133063
43445540452664,0.367516197,-2.79418862,-0.154463343,-1.51313545,-1.1563994,5.26245525
43445541441884,0.365385668,-2.78140544,-0.156593872,-1.47961663,-1.14442839,5.10204374
43445542430121,0.363255139,-2.76649174,-0.159789665,-1.45328041,-1.10851537,4.95839164
43445543418358,0.361124611,-2.75051277,-0.162985459,-1.38624276,-1.0055647,4.76685551
43445544406595,0.358994082,-2.72920749,-0.166181252,-1.35032974,-0.981622681,4.59926139
43445545394833,0.358994082,-2.70577167,-0.169377045,-1.33835873,-1.03668932,4.66869324
43445546383070,0.360059346,-2.68233585,-0.173638103,-1.32638772,-1.0103531,4.68066425
43445547372289,0.362189875,-2.66103056,-0.178964409,-1.28808049,-1.0031705,4.49391652
43445548360527,0.364320404,-2.63759474,-0.18642126,-1.20428344,-1.03190092,4.50349332
43445549348764,0.366450933,-2.61096313,-0.194943375,-1.08217915,-1.05105453,4.618415
43445550337001,0.37071199,-2.58433152,-0.201334962,-0.964863269,-0.986411084,4.69742366
43445551325238,0.374973048,-2.55876518,-0.207726548,-0.802057556,-0.895431421,4.83149895
43445552313476,0.377103577,-2.5310683,-0.213052871,-0.682347473,-0.859518396,5.00148727
43445553302695,0.374973048,-2.5012409,-0.215183399,-0.639251843,-0.739808313,5.02542928
43445554290932,0.369646726,-2.47247876,-0.217313928,-0.51954176,-0.63446344,5.01106407
43445555279170,0.363255139,-2.44371662,-0.219444457,-0.47644613,-0.588973608,5.14992777
43445556267407,0.357928817,-2.41495448,-0.219444457,-0.543483777,-0.579396802,5.27682046
43445557255644,0.349406735,-2.38832287,-0.219444457,-0.500388147,-0.514753357,5.25287844
43445558243882,0.339819355,-2.36275652,-0.218379193,-0.632069238,-0.560243188,5.13316836
43445559233101,0.329166711,-2.33505964,-0.219444457,-0.644040247,-0.667982263,5.36780012
43445560221338,0.317448802,-2.31055856,-0.22264025,-0.560243188,-0.627280835,5.45877979
43445561209576,0.305730893,-2.28818801,-0.223705515,-0.368707056,-0.531512769,5.24569584
43445562197813,0.299339307,-2.26262166,-0.224770779,-0.220266553,-0.469263525,5.25287844
43445563186050,0.29294772,-2.24025111,-0.223705515,-0.344765039,-0.514753357,5.40610735
43445564175270,0.282295076,-2.21894569,-0.221574986,-0.198718738,-0.495599744,5.43723197
43445565163507,0.272707679,-2.19337934,-0.221574986,-0.0790086548,-0.430956299,5.28879147
43445566151744,0.264185563,-2.16568247,-0.221574986,-0.0885854614,-0.478840332,5.21457122
43445567139981,0.257793977,-2.13905085,-0.220509722,-0.138863696,-0.536301172,5.15232197
43445568128219,0.249271861,-2.11454977,-0.219444457,-0.117315881,-0.512359155,5.10683214
43445569116456,0.240749746,-2.08898343,-0.217313928,-0.0670376465,-0.497993945,5.14513937
43445570105676,0.235423424,-2.06448234,-0.214118135,-0.0837970581,-0.521935962,5.13316836
43445571093913,0.233292895,-2.04211179,-0.210922342,-0.0694318481,-0.541089575,5.05894811
43445572082150,0.234358159,-2.01974124,-0.208791813,0,-0.517147559,4.99669886
43445573070387,0.235423424,-1.99950121,-0.20559602,0.0766144531,-0.521935962,4.9105076
43445574058625,0.235423424,-1.97926119,-0.202400226,0.141257898,-0.536301172,4.80276853
43445575046862,0.235423424,-1.95582537,-0.199204433,0.196324536,-0.550666382,4.73812509
43445576036081,0.234358159,-1.93025902,-0.194943375,0.227449158,-0.584185205,4.71897147
43445577024319,0.236488688,-1.90469268,-0.189617053,0.272938989,-0.565031592,4.72854828
43445578012556,0.240749746,-1.88125686,-0.184290731,0.296881006,-0.507570752,4.70700046
43445579000793,0.243945539,-1.85675578,-0.182160202,0.316034619,-0.481234534,4.67587584
43445579989030,0.247141333,-1.83331996,-0.180029673,0.335188232,-0.47644613,4.72375988
43445580977268,0.249271861,-1.80988414,-0.175768615,0.339976636,-0.500388147,4.78840332
43445581966487,0.25140239,-1.78751359,-0.171507574,0.349553442,-0.538695374,4.86022937
43445582954725,0.254598184,-1.76407777,-0.168311781,0.392649072,-0.550666382,4.96078584
43445583942962,0.254598184,-1.74170722,-0.164050723,0.452504114,-0.545877979,4.98712206
43445584931199,0.254598184,-1.71933667,-0.159789665,0.50517655,-0.529118567,4.98712206
43445585919436,0.255663448,-1.69590085,-0.158724401,0.56263739,-0.545877979,5.09725533
43445586907674,0.255663448,-1.6735303,-0.158724401,0.63446344,-0.593762012,5.18105239
43445587896893,0.254598184,-1.65009448,-0.157659137,0.670376465,-0.59136781,5.21457122
43445588885130,0.254598184,-1.62665866,-0.155528608,0.675164868,-0.567425793,5.27682046
43445589873368,0.25140239,-1.60215758,-0.154463343,0.69192428,-0.565031592,5.3294929
43445590861605,0.248206597,-1.5776565,-0.155528608,0.701501086,-0.581791003,5.37258853
43445591849842,0.243945539,-1.55315541,-0.155528608,0.69192428,-0.593762012,5.45159718
43445592838079,0.239684481,-1.52865433,-0.155528608,0.689530078,-0.5770026,5.49708701
43445593827299,0.235423424,-1.50521851,-0.157659137,0.730231506,-0.545877979,5.50426962
43445594815536,0.23222763,-1.48284796,-0.161920194,0.797269153,-0.497993945,5.53300004
43445595803774,0.225836044,-1.46154267,-0.162985459,0.869095203,-0.459686719,5.59046088
43445596792011,0.221574986,-1.44023738,-0.161920194,0.902614026,-0.445321509,5.61440289
43445597780248,0.218379193,-1.41786683,-0.158724401,0.964863269,-0.440533105,5.66468113
43445598768485,0.214118135,-1.39443115,-0.156593872,1.01992991,-0.438138904,5.73650718
43445599757705,0.209857077,-1.37099533,-0.155528608,1.06302554,-0.435744702,5.73890138
43445600745942,0.20559602,-1.3507553,-0.154463343,1.11569797,-0.418985291,5.72453617
43445601734179,0.202400226,-1.33158055,-0.152332814,1.1468226,-0.409408484,5.72214197
43445602722417,0.200269697,-1.31027526,-0.15126755,1.20667764,-0.426167896,5.73650718
43445603710654,0.198139168,-1.2879047,-0.149137021,1.25935007,-0.442927307,5.71735356
43445604698891,0.198139168,-1.26659941,-0.145941228,1.28568629,-0.46208092,5.69341155
43445605688111,0.197073904,-1.24422886,-0.142745434,1.32159932,-0.46208092,5.69580575
43445606676348,0.194943375,-1.22079304,-0.140614906,1.35751234,-0.469263525,5.66468113
43445607664585,0.192812846,-1.19735723,-0.139549633,1.41257898,-0.464475122,5.59285508
43445608652823,0.192812846,-1.17392141,-0.138484368,1.46046301,-0.418985291,5.58567247
43445609641060,0.190682317,-1.15155086,-0.135288575,1.51074125,-0.421379492,5.6311623
43445610629297,0.188551789,-1.12811504,-0.133158046,1.5873557,-0.430956299,5.61200869
43445611618517,0.189617053,-1.10361389,-0.128896988,1.62326873,-0.395043274,5.56173046
43445612606754,0.190682317,-1.07911281,-0.123570666,1.64721074,-0.378283862,5.53778844
43445613594991,0.191747582,-1.05567699,-0.120374873,1.67594116,-0.392649072,5.52821163
43445614583228,0.192812846,-1.03224117,-0.116113815,1.71185419,-0.385466467,5.52342323
43445615571466,0.194943375,-1.00560956,-0.113983286,1.75973822,-0.404620081,5.53060583
43445616559703,0.19600864,-0.977912686,-0.112918022,1.77170923,-0.395043274,5.53060583
43445617548922,0.197073904,-0.952346339,-0.110787493,1.80762225,-0.361524451,5.49469281
43445618537160,0.197073904,-0.925714728,-0.1075917,1.86268889,-0.342370837,5.50905802
43445619525397,0.197073904,-0.898017853,-0.105461171,1.86508309,-0.320823022,5.53300004
43445620513634,0.198139168,-0.871386242,-0.102265378,1.88423671,-0.328005627,5.485116
43445621501871,0.200269697,-0.844754631,-0.0980043198,1.93451494,-0.320823022,5.4803276
43445622491091,0.200269697,-0.815992491,-0.0969390554,1.98000477,-0.294486804,5.48990441
43445623479328,0.200269697,-0.787230352,-0.0969390554,2.02788881,-0.270544788,5.42765516
43445624467566,0.199204433,-0.758468212,-0.0948085265,2.07337864,-0.248996973,5.34864651
43445625455803,0.198139168,-0.727575543,-0.0926779976,2.12605107,-0.237025964,5.32709869
43445626444040,0.19600864,-0.697748206,-0.0894822043,2.18830032,-0.220266553,5.35822332
43445627432277,0.194943375,-0.666855537,-0.0862864193,2.25054956,-0.191536133,5.34864651
43445628421497,0.19600864,-0.634897604,-0.083090626,2.3080104,-0.153228906,5.27442626
43445629409734,0.19600864,-0.602939671,-0.0809600971,2.33195242,-0.141257898,5.20260021
43445630397971,0.19600864,-0.569916473,-0.0788295683,2.27688578,-0.162805713,5.12837996
43445631386209,0.194943375,-0.537958507,-0.0766990394,2.24097275,-0.167594116,5.08528433
43445632374446,0.193878111,-0.506000574,-0.0745685105,2.3080104,-0.105344873,5.08049592
43445633362683,0.192812846,-0.472977376,-0.0713727172,2.43969149,0.0119710083,5.03261189
43445634351903,0.192812846,-0.438888914,-0.0649811264,2.57855519,0.1436521,4.97754525
43445635340140,0.192812846,-0.404800452,-0.0596548043,2.65516964,0.241814368,5.00866987
43445636328377,0.190682317,-0.37071199,-0.0511326888,2.70065947,0.272938989,5.05655391
43445637316615,0.190682317,-0.338754091,-0.0426105774,2.71502468,0.316034619,5.06134231
43445638304852,0.188551789,-0.305730893,-0.0340884599,2.71741888,0.344765039,5.0445829
43445639293089,0.185355995,-0.272707679,-0.0245010799,2.75333191,0.323217224,5.01585248
43445640282309,0.181094937,-0.240749746,-0.0170442299,2.75333191,0.318428821,5.0421887
43445641270546,0.177899144,-0.207726548,-0.00958737992,2.7365725,0.395043274,5.07570752
43445642258783,0.172572839,-0.174703368,-0.00213052874,2.75333191,0.483628735,5.03261189
43445643247020,0.167246516,-0.14168017,0.0063915861,2.78924493,0.497993945,5.0541597
43445644235258,0.162985459,-0.1075917,0.0149137011,2.81318695,0.545877979,5.13316836
43445645223495,0.157659137,-0.0713727172,0.0223705511,2.81318695,0.646434448,5.09964954
43445646212715,0.15126755,-0.0372842553,0.0308926666,2.82036956,0.70628949,5.03500609
43445647200952,0.142745434,-0.00532632218,0.0404800486,2.84431157,0.689530078,5.01106407
43445648189189,0.136353839,0.0287621377,0.0511326888,2.82515796,0.672770667,4.98712206
43445649177426,0.128896988,0.0649811264,0.0607200687,2.75093771,0.644040247,5.01106407
43445650165664,0.121440137,0.0990695842,0.0692421842,2.72699569,0.603338818,5.0445829
43445651153901,0.115048551,0.133158046,0.0766990394,2.71263048,0.627280835,5.06613071
43445652143120,0.109722229,0.168311781,0.083090626,2.69108267,0.708683691,5.03021769
43445653131358,0.103330642,0.204530755,0.0916127332,2.66474645,0.73501991,4.98951626
43445654119595,0.0948085265,0.238619217,0.101200113,2.65038124,0.701501086,4.97993945
43445655107832,0.0862864193,0.273772943,0.108656964,2.63601603,0.732625708,4.93205542
43445656096069,0.0788295683,0.308926686,0.11717908,2.56897838,0.699106885,4.94163223
43445657084307,0.0724379817,0.345145677,0.124635931,2.55221897,0.557848987,4.94163223
43445658073526,0.0671116553,0.38029937,0.131027517,2.53067115,0.44771571,4.94402643
43445659061764,0.0628505976,0.415453097,0.136353839,2.49715233,0.407014282,4.95839164
43445660050001,0.0585895398,0.449541559,0.139549633,2.49236393,0.414196887,4.9057192
43445661038238,0.0543284821,0.484695285,0.142745434,2.49954653,0.44771571,4.85544097
43445662026475,0.0511326888,0.519849011,0.147006492,2.50672914,0.493205542,4.83149895
43445663014713,0.0479368955,0.557133267,0.153398079,2.49475813,0.4333505,4.83389315
43445664003932,0.0436758419,0.593352291,0.158724401,2.46842191,0.263362183,4.85065256
43445664992169,0.0394147841,0.629571282,0.161920194,2.40856687,0.0957680664,4.88656559
43445665980407,0.0383495197,0.666855537,0.165115988,2.34392343,0.0167594116,4.8961424
43445666968644,0.0372842553,0.702009197,0.167246516,2.3104046,0.0430956299,4.85783517
43445667956881,0.0351537264,0.73396713,0.167246516,2.29603939,0.0814028564,4.83868156
43445668945118,0.0330231954,0.769120856,0.168311781,2.27688578,0.134075293,4.81952794
43445669934338,0.0298274021,0.806405111,0.172572839,2.24576116,0.0814028564,4.82910475
43445670922575,0.0276968733,0.841558838,0.17683388,2.20745393,-0.0478840332,4.84346996
43445671910812,0.0255663444,0.8756473,0.177899144,2.1595699,-0.0670376465,4.86741198
43445672899050,0.0255663444,0.908670497,0.180029673,2.13802208,0.00478840332,4.83149895
43445673887287,0.0255663444,0.941693695,0.182160202,2.10210906,-0.0215478149,4.7524903
43445674875524,0.0234358155,0.976847421,0.18642126,2.08295544,-0.134075293,4.72854828
43445675864744,0.0213052887,1.01200115,0.188551789,2.07816704,-0.205901343,4.78361492
43445676852981,0.0223705511,1.04608961,0.188551789,2.0135236,-0.263362183,4.86262357
43445677841218,0.0245010799,1.07911281,0.188551789,1.97282217,-0.287304199,4.85544097
43445678829456,0.0255663444,1.112136,0.187486524,1.98479318,-0.225054956,4.83149895
43445679817693,0.0266316088,1.144094,0.187486524,1.97761057,-0.165199915,4.74530769
43445680806912,0.0266316088,1.17605194,0.187486524,1.94169755,-0.215478149,4.68784685
43445681795150,0.0266316088,1.2101404,0.189617053,1.91296713,-0.289698401,4.74291349
43445682783387,0.0298274021,1.2431636,0.190682317,1.89141931,-0.294486804,4.7548845
43445683771624,0.0330231954,1.27618679,0.190682317,1.86508309,-0.268150586,4.69742366
43445684759861,0.0340884599,1.30707946,0.189617053,1.81719906,-0.253785376,4.64714542
43445685748099,0.0340884599,1.34116792,0.188551789,1.78846864,-0.234631763,4.57053097
43445686737318,0.0351537264,1.37632165,0.187486524,1.81480486,-0.181959326,4.48433971
43445687725556,0.0383495197,1.41147524,0.187486524,1.83156427,-0.153228906,4.4723687
43445688713793,0.0404800486,1.44662897,0.189617053,1.79086284,-0.184353528,4.50828173
43445689702030,0.041545313,1.4817827,0.190682317,1.73819041,-0.213083948,4.54898315
43445690690267,0.0426105774,1.51693642,0.191747582,1.69030637,-0.213083948,4.52264694
43445691678505,0.0436758419,1.55209015,0.192812846,1.64721074,-0.179565125,4.4675803
43445692667724,0.046871631,1.58830914,0.192812846,1.61369192,-0.138863696,4.40054265
43445693655961,0.0479368955,1.62452813,0.193878111,1.59453831,-0.0814028564,4.34308181
43445694644199,0.0479368955,1.66181239,0.19600864,1.54426007,-0.119710083,4.36941803
43445695632436,0.0490021599,1.69803138,0.197073904,1.48201083,-0.181959326,4.43166727
43445696620673,0.0500674243,1.7331851,0.19600864,1.43173259,-0.189141931,4.49631072
43445697608910,0.0532632176,1.7662083,0.194943375,1.39342537,-0.177170923,4.48912811
43445698598130,0.0564590109,1.7992315,0.194943375,1.36948335,-0.136469495,4.42448467
43445699586367,0.0596548043,1.83331996,0.194943375,1.35511814,-0.11492168,4.38857164
43445700574605,0.0628505976,1.86634316,0.193878111,1.34314713,-0.148440503,4.40533105
43445701562842,0.063915862,1.89936636,0.193878111,1.27610948,-0.260967981,4.4675803
43445702551079,0.0671116553,1.93345482,0.193878111,1.20188923,-0.330399829,4.54898315
43445703539316,0.0703074528,1.96754328,0.190682317,1.1492168,-0.337582434,4.59207878
43445704528536,0.0735032461,1.99843595,0.18642126,1.11090957,-0.371101257,4.58489618
43445705516773,0.075633775,2.02932862,0.181094937,1.11090957,-0.390254871,4.58010778
43445706505010,0.0788295683,2.06022129,0.174703368,1.10133276,-0.404620081,4.58729038
43445707493248,0.083090626,2.09217922,0.169377045,1.08217915,-0.402225879,4.58729038
43445708481485,0.0873516838,2.12413715,0.165115988,1.07260234,-0.383072266,4.55616576
43445709469722,0.0894822043,2.15609509,0.16085493,1.03668932,-0.378283862,4.53222374
43445710458942,0.0905474687,2.18698775,0.156593872,0.998382092,-0.383072266,4.54180055
43445711447179,0.093743262,2.21894569,0.152332814,0.955286462,-0.411802686,4.50828173
43445712435416,0.0990695842,2.25303428,0.148071757,0.931344446,-0.421379492,4.42687887
43445713423654,0.103330642,2.28712274,0.143810699,0.926556042,-0.395043274,4.39814845
43445714411891,0.106526435,2.32121121,0.139549633,0.873883606,-0.416591089,4.41011946
43445715400128,0.108656964,2.35529967,0.136353839,0.816422766,-0.428562097,4.41969626
43445716389348,0.111852757,2.38938813,0.134223311,0.768538733,-0.421379492,4.40054265
43445717377585,0.115048551,2.42454186,0.131027517,0.7206547,-0.421379492,4.34308181
43445718365822,0.119309609,2.45756505,0.127831724,0.699106885,-0.392649072,4.30238038
43445719354059,0.123570666,2.49058825,0.125701195,0.651222852,-0.375889661,4.25210215
43445720342297,0.12676646,2.52467671,0.123570666,0.588973608,-0.342370837,4.19464131
43445721330534,0.129962253,2.55876518,0.122505402,0.536301172,-0.311246216,4.17069929
43445722319753,0.132092782,2.59285364,0.121440137,0.469263525,-0.299275208,4.14915148
43445723307991,0.136353839,2.62587683,0.118244344,0.404620081,-0.289698401,4.14436307
43445724296228,0.139549633,2.66103056,0.118244344,0.344765039,-0.284909998,4.13957467
43445725284465,0.143810699,2.69405376,0.118244344,0.289698401,-0.289698401,4.12042106
43445726272702,0.148071757,2.72707696,0.119309609,0.227449158,-0.270544788,4.10366165
43445727260940,0.152332814,2.76010015,0.120374873,0.119710083,-0.213083948,4.10366165
43445728250159,0.153398079,2.79312335,0.120374873,0.01436521,-0.146046301,4.15633408
43445729238397,0.155528608,2.82401575,0.119309609,-0.0909796631,-0.112527478,4.22097753
43445730226634,0.156593872,2.85171263,0.11717908,-0.191536133,-0.105344873,4.20661232
43445731214871,0.156593872,2.87621371,0.115048551,-0.196324536,-0.0646434448,4.05817181
43445732203108,0.155528608,2.90391059,0.113983286,-0.119710083,-0.0407014282,3.85466467
43445733192328,0.155528608,2.93693378,0.112918022,-0.0766144531,-0.0263362183,3.72058938
43445734180565,0.157659137,2.9752833,0.112918022,-0.0837970581,-0.00478840332,3.64397493
43445735168802,0.16085493,3.01256756,0.115048551,-0.10055647,-0.0239420166,3.58651409
43445736157040,0.164050723,3.04878655,0.118244344,-0.148440503,-0.0191536133,3.56736047
43445737145277,0.168311781,3.08500554,0.122505402,-0.220266553,-0.0191536133,3.56496627
43445738133514,0.172572839,3.1222898,0.12676646,-0.316034619,-0.01436521,3.6104561
43445739122734,0.175768615,3.15957405,0.129962253,-0.428562097,-0.0191536133,3.65834014
43445740110971,0.180029673,3.19366251,0.134223311,-0.521935962,-0.0598550415,3.65115753
43445741099208,0.185355995,3.22775097,0.138484368,-0.596156213,-0.0861912598,3.66312854
43445742087446,0.190682317,3.26183944,0.14168017,-0.646434448,-0.0957680664,3.66791694
43445743075683,0.194943375,3.2959279,0.144875963,-0.701501086,-0.124498486,3.67509955
43445744063920,0.200269697,3.3289511,0.148071757,-0.77811554,-0.160411511,3.66791694
43445745053140,0.20559602,3.36090903,0.150202285,-0.835576379,-0.184353528,3.65355173
43445746041377,0.210922342,3.3918017,0.154463343,-0.902614026,-0.213083948,3.65834014
43445747029614,0.215183399,3.42375963,0.156593872,-0.962469067,-0.239420166,3.64397493
43445748017851,0.219444457,3.45571756,0.156593872,-1.01992991,-0.229843359,3.67031115
43445749006089,0.22264025,3.48554497,0.156593872,-1.1492168,-0.198718738,3.78044442
43445749994326,0.226901308,3.51430711,0.157659137,-1.38624276,-0.134075293,3.99352837
43445750983546,0.225836044,3.54093872,0.156593872,-1.61848032,0.0407014282,4.15633408
43445751971783,0.217313928,3.56224401,0.152332814,-1.71185419,0.545877979,3.82832845
43445752960020,0.203465491,3.58141877,0.148071757,-1.66875856,0.928950244,3.35906493
43445753948257,0.188551789,3.60485459,0.148071757,-1.59453831,0.926556042,3.12922157
43445754936495,0.177899144,3.63361672,0.150202285,-1.63045133,0.821211169,2.99275208
43445755924732,0.173638103,3.66663992,0.152332814,-1.70706578,0.66319386,2.92332023
43445756913951,0.167246516,3.70072838,0.153398079,-1.61608612,0.644040247,2.75333191
43445757902189,0.159789665,3.73481685,0.15126755,-1.48919343,0.636857642,2.61207401
43445758890426,0.156593872,3.76997057,0.150202285,-1.51313545,0.512359155,2.57376678
43445759878663,0.156593872,3.80832009,0.152332814,-1.52750066,0.363918652,2.53067115
43445760866900,0.158724401,3.84666961,0.154463343,-1.43412679,0.232237561,2.49475813
43445761855138,0.16085493,3.88501913,0.155528608,-1.36948335,0.138863696,2.48278712
43445762844357,0.164050723,3.92336865,0.158724401,-1.39821377,0.0335188232,2.4468741
43445763832595,0.169377045,3.96278344,0.16085493,-1.436521,-0.0933738647,2.43490309
43445764820832,0.172572839,4.00219822,0.164050723,-1.37427175,-0.169988318,2.35589443
43445765809069,0.174703368,4.04054774,0.166181252,-1.27132108,-0.253785376,2.11408007
43445766797306,0.178964409,4.08422358,0.17044231,-1.23540806,-0.316034619,1.99915839
43445767785544,0.18642126,4.13002995,0.175768615,-1.28808049,-0.356736047,2.06859023
43445768774763,0.193878111,4.17583632,0.180029673,-1.56341368,-0.328005627,2.35350023
43445769763000,0.200269697,4.21631637,0.181094937,-1.96563956,-0.402225879,2.87543619
43445770751238,0.201334962,4.24720904,0.181094937,-2.3056162,-0.428562097,3.0262709
43445771739475,0.194943375,4.26744906,0.175768615,-2.34392343,-0.234631763,2.69347687
43445772727712,0.184290731,4.28768909,0.168311781,-2.10689746,-0.134075293,2.3127988
43445773715949,0.175768615,4.31645123,0.161920194,-2.03507141,-0.169988318,2.10450326
43445774705169,0.17044231,4.35267022,0.157659137,-2.1595699,-0.256179578,1.8818425
43445775693406,0.165115988,4.3952808,0.155528608,-2.11408007,-0.268150586,1.56101948
43445776681643,0.158724401,4.4400219,0.15126755,-1.97042797,-0.280121594,1.33117612
43445777669881,0.156593872,4.4868938,0.149137021,-2.06619603,-0.287304199,1.18034142
43445778658118,0.159789665,4.53696123,0.149137021,-2.24097275,-0.258573779,1.11330377
43445779646355,0.162985459,4.58915919,0.150202285,-2.28885679,-0.220266553,1.09175596
43445780635575,0.164050723,4.63922662,0.150202285,-2.32716401,-0.227449158,1.08217915
43445781623812,0.168311781,4.68929405,0.15126755,-2.4492683,-0.335188232,1.08217915
43445782612049,0.174703368,4.74042674,0.152332814,-2.57616099,-0.440533105,1.08936176
43445783600287,0.180029673,4.7894289,0.152332814,-2.65756384,-0.574608398,1.08217915
43445784588524,0.185355995,4.8373658,0.15126755,-2.73178409,-0.682347473,1.04147772
43445785577743,0.191747582,4.88636797,0.150202285,-2.83952317,-0.73501991,0.993593689
43445786565981,0.199204433,4.93537013,0.148071757,-2.94486804,-0.790086548,0.950498059
43445787554218,0.20559602,4.9843723,0.147006492,-3.0262709,-0.814028564,0.957680664
43445788542455,0.210922342,5.03443972,0.145941228,-3.14598098,-0.806845959,1.03908352
43445789530692,0.217313928,5.08557242,0.144875963,-3.3183635,-0.751779321,1.1563994
43445790518930,0.223705515,5.13350932,0.144875963,-3.56017787,-0.727837305,1.31681091
43445791508149,0.224770779,5.17611989,0.142745434,-3.8881835,-0.711077893,1.67354696
43445792496387,0.22264025,5.21020836,0.138484368,-4.27604417,-0.732625708,2.14520469
43445793484624,0.213052871,5.23470944,0.129962253,-4.52504114,-0.653617053,2.05901343
43445794472861,0.199204433,5.25494946,0.11717908,-4.4699745,-0.474051929,1.56341368
43445795461098,0.18642126,5.27732002,0.105461171,-4.25928475,-0.418985291,1.18991823
43445796449336,0.178964409,5.30821268,0.0969390554,-4.19464131,-0.4333505,0.888248816
43445797438555,0.173638103,5.34762747,0.0916127332,-4.30956299,-0.500388147,0.696712683
43445798426792,0.165115988,5.39236858,0.0862864193,-4.31913979,-0.488417139,0.531512769
43445799415030,0.155528608,5.44030547,0.0798948327,-4.24731375,-0.268150586,0.280121594
43445800403267,0.149137021,5.4903729,0.075633775,-4.35984122,0.0311246216,-0.0191536133
43445801391504,0.140614906,5.54257086,0.0745685105,-4.56334836,0.155623108,-0.169988318
43445802379741,0.131027517,5.59370355,0.0766990394,-4.62320341,0.0981622681,-0.239420166
43445803368961,0.124635931,5.64483571,0.0788295683,-4.66629904,-0.0694318481,-0.351947644
43445804357198,0.124635931,5.69809894,0.0809600971,-4.7644613,-0.284909998,-0.418985291
43445805345436,0.12676646,5.74923163,0.0820253616,-4.81473954,-0.469263525,-0.435744702
43445806333673,0.129962253,5.79716853,0.0820253616,-4.87938298,-0.59136781,-0.414196887
43445807321910,0.134223311,5.84404016,0.083090626,-4.95599744,-0.636857642,-0.402225879
43445808310147,0.140614906,5.89197706,0.083090626,-5.03261189,-0.701501086,-0.426167896
43445809299367,0.147006492,5.93991396,0.0852211549,-5.10443794,-0.775721338,-0.483628735
43445810287604,0.152332814,5.9867856,0.0873516838,-5.13556256,-0.830787976,-0.486022937
43445811275841,0.159789665,6.0315267,0.0905474687,-5.24330164,-0.895431421,-0.404620081
43445812264079,0.168311781,6.07307202,0.0948085265,-5.38934794,-0.967257471,-0.292092603
43445813252316,0.175768615,6.11355207,0.0980043198,-5.54497104,-1.07499655,-0.177170923
43445814240553,0.183225466,6.15190159,0.0990695842,-5.74368978,-1.18512982,0.0287304199
43445815229773,0.188551789,6.18492478,0.0969390554,-5.99508096,-1.27850369,0.258573779
43445816218010,0.190682317,6.21155639,0.0926779976,-6.18901129,-1.32399352,0.301669409
43445817206247,0.189617053,6.23286168,0.0862864193,-6.18422289,-1.25935007,0.0622492432
43445818194485,0.187486524,6.25523224,0.0809600971,-6.10521423,-1.16837041,-0.296881006
43445819182722,0.187486524,6.28292911,0.0788295683,-6.08845482,-1.1492168,-0.478840332
43445820170959,0.188551789,6.31488704,0.0798948327,-6.16028087,-1.16118781,-0.579396802
43445821160179,0.191747582,6.34897551,0.0788295683,-6.19379969,-1.12766898,-0.742202515
43445822148416,0.19600864,6.38625976,0.0788295683,-6.16506927,-1.04866033,-0.936132849
43445823136653,0.198139168,6.42354402,0.0777643038,-6.21295331,-0.998382092,-1.10612117
43445824124890,0.202400226,6.46402407,0.0820253616,-6.29435616,-0.986411084,-1.24259066
43445825113128,0.206661284,6.50663464,0.0884169399,-6.36139381,-0.981622681,-1.36469495
43445826101365,0.211987606,6.54924522,0.0958737909,-6.47631549,-1.00077629,-1.4437036
43445827090584,0.218379193,6.58759474,0.102265378,-6.6343328,-1.02232411,-1.48201083
43445828078822,0.226901308,6.62594426,0.108656964,-6.78756171,-1.02711251,-1.50834705
43445829067059,0.236488688,6.66216325,0.112918022,-6.9264254,-1.02711251,-1.56101948
43445830055296,0.246076068,6.69838224,0.118244344,-7.04374128,-1.03429512,-1.62326873
43445831043534,0.256728712,6.73460123,0.122505402,-7.12514414,-1.03190092,-1.71185419
43445832031771,0.267381357,6.76868969,0.127831724,-7.23767162,-1.0127473,-1.83156427
43445833020990,0.280164547,6.79958236,0.132092782,-7.34541069,-0.984016882,-1.8794483
43445834009228,0.29294772,6.83047503,0.139549633,-7.47709178,-0.952892261,-1.88902511
43445834997465,0.304665629,6.86030244,0.147006492,-7.62553229,-0.924161841,-1.90578452
43445835985702,0.317448802,6.8911951,0.154463343,-7.73566556,-0.919373438,-1.86508309
43445836973939,0.33129724,6.91889198,0.159789665,-7.85776985,-0.931344446,-1.80522805
43445837963159,0.345145677,6.94445833,0.166181252,-8.01099875,-0.936132849,-1.75016141
43445838951396,0.357928817,6.96682888,0.171507574,-8.15225665,-0.928950244,-1.67594116
43445839939633,0.367516197,6.98813417,0.175768615,-8.25999573,-0.955286462,-1.57538469
43445840927871,0.374973048,7.00624366,0.181094937,-8.42519564,-0.799663354,-1.62566293
43445841916108,0.379234106,7.02435316,0.18642126,-8.49941589,-0.696712683,-1.57299049
43445842904345,0.381364635,7.03926686,0.191747582,-8.57363615,-0.739808313,-1.54426007
43445843893565,0.382429899,7.05205003,0.198139168,-8.72447085,-0.656011255,-1.7357962
43445844881802,0.382429899,7.06696374,0.203465491,-8.81545051,-0.60573302,-1.81959326
43445845870039,0.382429899,7.08400797,0.208791813,-8.92079539,-0.565031592,-1.92254393
43445846858277,0.38029937,7.1010522,0.214118135,-9.02614026,-0.538695374,-1.99676418
43445847846514,0.378168842,7.11809643,0.218379193,-9.16021555,-0.500388147,-2.10450326
43445848834751,0.374973048,7.13727119,0.223705515,-9.24401261,-0.426167896,-2.31998141
43445849823971,0.371777255,7.15644595,0.230097102,-9.29668505,-0.414196887,-2.52348855
43445850812208,0.371777255,7.17455544,0.237553953,-9.40921252,-0.421379492,-2.61446821
43445851800445,0.372842519,7.19479547,0.243945539,-9.53131681,-0.395043274,-2.61446821
43445852788682,0.373907784,7.21397023,0.250337126,-9.64623849,-0.344765039,-2.64798704
43445853776920,0.373907784,7.23101446,0.255663448,-9.73961235,-0.260967981,-2.71502468
43445854765157,0.373907784,7.24912395,0.258859241,-9.84016882,-0.225054956,-2.77009132
43445855754377,0.373907784,7.26723345,0.262055035,-9.98860933,-0.205901343,-2.81318695
43445856742614,0.376038313,7.28321242,0.265250828,-10.1418382,-0.181959326,-2.83712897
43445857730851,0.38029937,7.29706085,0.27057715,-10.2759135,-0.148440503,-2.83952317
43445858719088,0.385625693,7.31090929,0.275903472,-10.4052004,-0.107739075,-2.82036956
43445859707326,0.390952015,7.3226272,0.281229811,-10.4937859,-0.0598550415,-2.78445653
43445860695563,0.396278337,7.33114932,0.285490869,-10.5680061,-0.00957680664,-2.75333191
43445861684782,0.402669924,7.3407367,0.288686662,-10.649409,0.0191536133,-2.68390006
43445862673020,0.40906151,7.35138934,0.290817191,-10.7571481,0.0957680664,-2.5953146
43445863661257,0.415453097,7.35991146,0.294012984,-10.8744639,0.134075293,-2.58573779
43445864649494,0.420779419,7.36630304,0.297208778,-10.994174,0.107739075,-2.55221897
43445865637731,0.425040477,7.3705641,0.299339307,-11.1641623,0.0646434448,-2.47560452
43445866625969,0.431432063,7.37162936,0.299339307,-11.3461217,0.0263362183,-2.35828864
43445867615188,0.435693121,7.3705641,0.297208778,-11.5208984,0.117315881,-2.25533796
43445868603426,0.43782365,7.36949884,0.294012984,-11.6860983,0.196324536,-2.26491477
43445869591663,0.435693121,7.36736831,0.290817191,-11.8393272,0.193930334,-2.26252057
43445870579900,0.433562592,7.36417251,0.286556133,-11.9805851,0.215478149,-2.18830032
43445871568137,0.430366799,7.35991146,0.281229811,-12.109872,0.275333191,-2.14999309
43445872556375,0.42823627,7.35351987,0.275903472,-12.2080343,0.332794031,-2.20027133
43445873545594,0.426105741,7.34606302,0.271642415,-12.2990139,0.316034619,-2.3080104
43445874533831,0.426105741,7.3375409,0.267381357,-12.4905501,0.213083948,-2.34631763
43445875522069,0.425040477,7.33008405,0.264185563,-12.7084224,0.0766144531,-2.24097275
43445876510306,0.422909948,7.32049667,0.257793977,-12.8640455,-0.0694318481,-2.17154091
43445877498543,0.420779419,7.30877876,0.249271861,-12.9789672,-0.162805713,-2.23618435
43445878486780,0.419714155,7.29812612,0.237553953,-13.0507932,-0.155623108,-2.3104046
43445879476000,0.420779419,7.28853874,0.224770779,-13.1345903,-0.15801731,-2.27449158
43445880464237,0.420779419,7.28001662,0.213052871,-13.2207816,-0.196324536,-2.20266553
43445881452475,0.420779419,7.26936398,0.201334962,-13.309367,-0.260967981,-2.12844528
43445882440712,0.420779419,7.25871133,0.189617053,-13.4195003,-0.284909998,-2.06859023
43445883428949,0.420779419,7.24699343,0.17683388,-13.4673843,-0.272938989,-2.0159178
43445884417186,0.420779419,7.23527552,0.164050723,-13.486538,-0.277727393,-1.90339032
43445885406406,0.419714155,7.22355761,0.153398079,-13.51048,-0.248996973,-1.70467158
43445886394643,0.41864889,7.21077443,0.142745434,-13.5392104,-0.198718738,-1.50595284
43445887382880,0.416518361,7.19479547,0.131027517,-13.582306,-0.167594116,-1.37906016
43445888371118,0.412257303,7.17775124,0.119309609,-13.6421611,-0.165199915,-1.21625444
43445889359355,0.404800452,7.15964174,0.108656964,-13.6661031,-0.179565125,-1.0103531
43445890348574,0.397343601,7.13727119,0.0990695842,-13.6086422,-0.208295544,-0.833182178
43445891336812,0.392017279,7.11063958,0.0894822043,-13.5320278,-0.277727393,-0.828393774
43445892325049,0.387756221,7.08081217,0.0820253616,-13.534422,-0.435744702,-0.986411084
43445893313286,0.387756221,7.04991951,0.0735032461,-13.5847002,-0.615309827,-0.991199487
43445894301523,0.388821486,7.01796157,0.0649811264,-13.5272394,-0.744596716,-0.871489404
43445895289761,0.388821486,6.98387311,0.0553937465,-13.4386539,-0.857124194,-0.876277808
43445896278980,0.390952015,6.95191518,0.046871631,-13.3764047,-0.895431421,-0.964863269
43445897267218,0.394147808,6.9242183,0.0372842553,-13.2997902,-0.940921252,-1.0031705
43445898255455,0.395213072,6.89545616,0.0266316088,-13.2231758,-1.02471831,-0.964863269
43445899243692,0.397343601,6.86775929,0.0159789655,-13.1728975,-1.05344873,-0.948103857
43445900231929,0.400539395,6.84112768,0.0063915861,-13.1657149,-1.08696755,-0.948103857
43445901220167,0.402669924,6.81449606,-0.00319579305,-13.1681091,-1.13724579,-0.943315454
43445902209386,0.405865717,6.78466866,-0.0106526444,-13.1609265,-1.18512982,-0.926556042
43445903197623,0.406930981,6.75484126,-0.0191747598,-13.1250135,-1.13724579,-0.869095203
43445904185861,0.406930981,6.72288332,-0.0276968733,-13.1298019,-0.998382092,-0.790086548
43445905174098,0.406930981,6.68986013,-0.0351537264,-13.1417729,-0.890643018,-0.766144531
43445906162335,0.406930981,6.6547064,-0.0394147841,-13.1010715,-0.773327136,-0.775721338
43445907150572,0.404800452,6.61635688,-0.0436758419,-13.0340338,-0.60573302,-0.74938512
43445908139792,0.39947413,6.57907262,-0.0458063666,-12.9669962,-0.445321509,-0.723048901
43445909128029,0.393082544,6.53965784,-0.0447411022,-12.8855933,-0.263362183,-0.790086548
43445910116267,0.386690957,6.495982,-0.041545313,-12.8209499,-0.0766144531,-1.06302554
43445911104504,0.381364635,6.45337142,-0.0340884599,-12.8281325,0.0239420166,-1.19470663
43445912092741,0.374973048,6.40863031,-0.0255663444,-12.9550252,-0.00957680664,-0.859518396
43445913080978,0.365385668,6.35856289,-0.0202400243,-13.1393787,-0.0646434448,-0.49081134
43445914070198,0.350471966,6.30636493,-0.0202400243,-13.2088106,0.136469495,-0.909796631
43445915058435,0.330231975,6.25523224,-0.0234358155,-13.1058599,0.502782349,-1.86747729
43445916046672,0.305730893,6.21368692,-0.0255663444,-12.8664397,0.730231506,-2.4516625
43445917034910,0.282295076,6.18385952,-0.0234358155,-12.8233441,0.833182178,-2.63841023
43445918023147,0.262055035,6.16361949,-0.0181094954,-12.9310832,0.988805286,-2.80600435
43445919011384,0.240749746,6.14551,-0.0127831722,-12.9119296,1.19231243,-3.04542451
43445920000604,0.218379193,6.12633524,-0.00745685053,-12.8975643,1.3024457,-3.22977804
43445920988841,0.19600864,6.10822574,0,-12.9310832,1.32878192,-3.35906493
43445921977078,0.175768615,6.08692045,0.00958737992,-12.9215064,1.14203419,-3.52665905
43445922965316,0.158724401,6.0645499,0.0202400243,-12.8353151,0.926556042,-3.68467635
43445923953553,0.144875963,6.04324461,0.0298274021,-12.6294138,1.03429512,-3.92649072
43445924941790,0.133158046,6.02620038,0.0383495197,-12.5336457,1.23780226,-4.26407316
43445925931010,0.123570666,6.01341721,0.0511326888,-12.5025211,1.32878192,-4.38378324
43445926919247,0.112918022,6.0016993,0.0671116553,-12.4139356,1.31202251,-4.31913979
43445927907484,0.103330642,5.98998139,0.0862864193,-12.3421096,1.39581957,-4.3287166
43445928895721,0.0948085265,5.97932875,0.109722229,-12.2008517,1.55623108,-4.41730206
43445929883959,0.0862864193,5.96654557,0.134223311,-12.0955068,1.65199915,-4.42209047
43445930872196,0.0777643038,5.94950134,0.161920194,-12.0308633,1.69988318,-4.44603248
43445931861416,0.0724379817,5.92926132,0.192812846,-12.0571996,1.67354696,-4.7572787
43445932849653,0.0703074528,5.91008656,0.225836044,-12.2415531,1.61608612,-4.97993945
43445933837890,0.0692421842,5.89304233,0.256728712,-12.3660516,1.57059629,-4.97754525
43445934826127,0.0649811264,5.87812863,0.286556133,-12.4115414,1.55623108,-4.99909307
43445935814365,0.0585895398,5.86534545,0.314253009,-12.4761849,1.53707747,-5.08289012
43445936803584,0.0511326888,5.85469281,0.338754091,-12.5240689,1.56580789,-5.15232197
43445937791821,0.041545313,5.84510543,0.362189875,-12.5839239,1.63523973,-5.13077416
43445938780059,0.031957931,5.83445278,0.383495164,-12.6054717,1.71185419,-5.14753357
43445939768296,0.0202400243,5.82593067,0.405865717,-12.619837,1.83156427,-5.15950458
43445940756533,0.0063915861,5.81953908,0.429301534,-12.65575,1.89141931,-5.10443794
43445941744770,-0.00745685053,5.81208223,0.453802616,-12.7132108,1.77410343,-5.0493713
43445942733990,-0.0202400243,5.80142959,0.474042641,-13.0268512,1.11330377,-4.51307013
43445943722227,-0.0298274021,5.77799377,0.486825814,-13.4051351,0.739808313,-3.66791694
43445944710464,-0.0362189908,5.74390531,0.487891078,-13.3668279,1.08217915,-3.59369669
43445945698702,-0.0511326888,5.70449052,0.482564756,-13.1202251,1.57299049,-4.6208092
43445946686939,-0.0713727172,5.66720627,0.480434227,-12.7802485,1.70467158,-5.13316836
43445947675176,-0.0841558904,5.64270519,0.484695285,-12.7419412,1.47482822,-4.76685551
43445948664396,-0.0905474687,5.62779148,0.490021607,-12.8760165,1.52031805,-4.92726702
43445949652633,-0.103330642,5.61287778,0.493217401,-12.6772978,1.59453831,-5.34864651
43445950640870,-0.118244344,5.59689935,0.496413194,-12.4378776,1.63523973,-5.61679709
43445951629108,-0.129962253,5.58837723,0.500674252,-12.4043588,1.69509478,-5.82748684
43445952617345,-0.138484368,5.58305091,0.509196367,-12.4857617,1.67594116,-5.97592734
43445953605582,-0.148071757,5.57452879,0.517718483,-12.382811,1.55862528,-6.01662877
43445954594802,-0.156593872,5.56387615,0.524110069,-12.2128227,1.35990654,-6.25126053
43445955583039,-0.16085493,5.55535403,0.529436391,-12.050017,1.32878192,-6.70137045
43445956571276,-0.16085493,5.55002771,0.535827978,-11.8919996,1.3048399,-6.86896456
43445957559513,-0.158724401,5.54576665,0.547545887,-11.836933,1.09654436,-6.77080229
43445958547751,-0.15126755,5.54470139,0.561394358,-11.896788,0.948103857,-6.74207187
43445959535988,-0.139549633,5.54470139,0.574177531,-11.9470663,0.883460413,-6.94557902
43445960525208,-0.12676646,5.54044033,0.58589544,-11.8752402,0.723048901,-7.18499918
43445961513445,-0.118244344,5.53404875,0.598678613,-11.8225678,0.464475122,-7.19936439
43445962501682,-0.106526435,5.52872242,0.612527051,-11.8153852,0.263362183,-7.17302817
43445963489919,-0.0905474687,5.5233961,0.626375488,-11.8632692,0.0646434448,-7.22809481
43445964478157,-0.0745685105,5.51913504,0.637028133,-11.9374895,-0.179565125,-7.24964263
43445965466394,-0.0585895398,5.51274346,0.645550248,-11.9686141,-0.442927307,-7.14429775
43445966455613,-0.0426105774,5.50422134,0.651941835,-12.0595938,-0.701501086,-7.02937607
43445967443851,-0.0266316088,5.49250343,0.655137628,-12.1194488,-0.943315454,-7.00782826
43445968432088,-0.0106526444,5.47972026,0.655137628,-12.1170546,-1.08696755,-7.02219347
43445969420325,0.00532632218,5.46480656,0.653007099,-12.1242372,-1.17076461,-7.0605007
43445970408562,0.0223705511,5.45095812,0.649811306,-12.1745154,-1.31920511,-7.01261666
43445971396800,0.0394147841,5.43817495,0.645550248,-12.2511299,-1.47961663,-6.84023414
43445972386019,0.0543284821,5.42539177,0.638093397,-12.3157733,-1.55144268,-6.71094725
43445973374257,0.0671116553,5.40941281,0.628506017,-12.3684458,-1.5801731,-6.67264003
43445974362494,0.0798948327,5.39130331,0.618918637,-12.3564748,-1.60650931,-6.6319386
43445975350731,0.0873516838,5.37212855,0.607200729,-12.2319763,-1.54904847,-6.46673868
43445976338968,0.0916127332,5.35508432,0.592287026,-12.1002952,-1.4389152,-6.28238516
43445977327206,0.0916127332,5.34017062,0.577373324,-12.0667764,-1.42215579,-6.25604894
43445978316425,0.0894822043,5.32845271,0.562459622,-12.109872,-1.46525142,-6.351817
43445979304662,0.0884169399,5.31460427,0.547545887,-12.1745154,-1.49877024,-6.45716188
43445980292900,0.0862864193,5.2986253,0.532632185,-12.1745154,-1.52750066,-6.49786331
43445981281137,0.0820253616,5.27838528,0.517718483,-12.2056401,-1.53707747,-6.55532415
43445982269374,0.0766990394,5.25814526,0.500674252,-12.2559183,-1.52510646,-6.70615885
43445983258594,0.0724379817,5.24003576,0.482564756,-12.2678893,-1.48440503,-6.84262834
43445984246831,0.0671116553,5.22192627,0.465520525,-12.2415531,-1.50116444,-6.89769498
43445985235068,0.0628505976,5.20168624,0.449541559,-12.1769096,-1.45567461,-6.91206019
43445986223306,0.0575242754,5.18357675,0.433562592,-12.1266314,-1.33835873,-6.93360801
43445987211543,0.0500674243,5.16333672,0.419714155,-12.0571996,-1.24977327,-6.98388624
43445988199780,0.0404800486,5.14416196,0.406930981,-11.9470663,-1.1468226,-7.01501086
43445989189000,0.0298274021,5.12711773,0.395213072,-11.8345388,-1.05344873,-7.04613549
43445990177237,0.0191747598,5.10794297,0.386690957,-11.7411649,-0.928950244,-7.08683691
43445991165474,0.0063915861,5.08983348,0.38029937,-11.6382143,-0.809240161,-7.09641372
43445992153711,-0.00852211497,5.07491977,0.373907784,-11.5256868,-0.696712683,-7.09401952
43445993141949,-0.0266316088,5.05681028,0.37071199,-11.3844289,-0.550666382,-7.08923112
43445994130186,-0.046871631,5.03763552,0.37071199,-11.2719014,-0.44771571,-7.11077893
43445995119405,-0.0671116553,5.01846076,0.372842519,-11.1689507,-0.416591089,-7.13232675
43445996107643,-0.0884169399,5.00035126,0.374973048,-11.0229044,-0.450109912,-7.16345137
43445997095880,-0.110787493,4.9843723,0.379234106,-10.8768581,-0.474051929,-7.24006582
43445998084117,-0.135288575,4.97052386,0.382429899,-10.6661684,-0.332794031,-7.43639036
43445999072354,-0.158724401,4.95987121,0.387756221,-10.4578729,-0.198718738,-7.61834968
43446000060592,-0.183225466,4.9513491,0.395213072,-10.2783077,-0.141257898,-7.72608876
43446001049811,-0.20559602,4.94602278,0.404800452,-10.0724064,-0.01436521,-7.84101044
43446002038049,-0.227966573,4.94495751,0.41864889,-9.97663832,0.134075293,-7.96072052
43446003026286,-0.249271861,4.94176172,0.433562592,-9.94311949,0.263362183,-8.03733497
43446004014523,-0.271642415,4.93856593,0.451672088,-9.88565865,0.337582434,-8.0804306
43446005002760,-0.296143513,4.9364354,0.469781583,-9.78749639,0.459686719,-8.2169001
43446005990998,-0.318514066,4.9364354,0.490021607,-9.67496891,0.612915625,-8.41322463
43446006980217,-0.339819355,4.9364354,0.51239216,-9.60553706,0.679953271,-8.61194337
43446007968454,-0.358994082,4.9364354,0.536893242,-9.59117185,0.742202515,-8.72925925
43446008956692,-0.379234106,4.93856593,0.563524887,-9.60314286,0.768538733,-8.7962969
43446009944929,-0.397343601,4.93963119,0.589091233,-9.63426748,0.74938512,-8.90164177
43446010933166,-0.413322568,4.93856593,0.61465758,-9.67736311,0.660799658,-9.02853446
43446011921403,-0.426105741,4.93856593,0.638093397,-9.6677863,0.521935962,-9.07402429
43446012910623,-0.436758385,4.93750066,0.66046395,-9.56483563,0.553060583,-9.24161841
43446013898860,-0.446345765,4.93750066,0.67963871,-9.44991395,0.62009823,-9.42597194
43446014887098,-0.453802616,4.93750066,0.700943932,-9.38527051,0.545877979,-9.42597194
43446015875335,-0.459128939,4.93963119,0.721183957,-9.38766471,0.452504114,-9.46427916
43446016863572,-0.463389996,4.94389225,0.740358716,-9.50737479,0.402225879,-9.54328782
43446017851809,-0.467651054,4.94495751,0.758468212,-9.59596025,0.371101257,-9.55765303
43446018841029,-0.469781583,4.94495751,0.77231665,-9.57441244,0.383072266,-9.63187328
43446019829266,-0.471912112,4.94495751,0.785099823,-9.67975731,0.454898315,-9.88326445
43446020817503,-0.474042641,4.94602278,0.79894826,-9.8114384,0.481234534,-10.0771948
43446021805741,-0.47617317,4.94495751,0.810666169,-9.88326445,0.390254871,-10.2040875
43446022793978,-0.475107905,4.94389225,0.822384078,-10.0101571,0.359130249,-10.3597106
43446023782215,-0.472977376,4.94495751,0.831971458,-10.1178962,0.383072266,-10.5273047
43446024771435,-0.472977376,4.94602278,0.838363045,-10.1969049,0.347159241,-10.7619365
43446025759672,-0.472977376,4.94921857,0.843689367,-10.3333744,0.371101257,-10.9654436
43446026747909,-0.471912112,4.9513491,0.849015689,-10.4889975,0.339976636,-11.1234609
43446027736147,-0.470846847,4.95241436,0.854342011,-10.6350438,0.227449158,-11.3221797
43446028724384,-0.467651054,4.95454489,0.857537804,-10.8074263,0.0814028564,-11.4897738
43446029713603,-0.462324732,4.95454489,0.857537804,-10.9869914,-0.1436521,-11.6166665
43446030701841,-0.45699841,4.95347963,0.854342011,-11.0803653,-0.313640417,-11.7435591
43446031690078,-0.44741103,4.9513491,0.845819896,-11.1497971,-0.418985291,-11.8943938
43446032678315,-0.434627857,4.95028383,0.836232516,-11.2264116,-0.509964954,-12.0883242
43446033666552,-0.41864889,4.94921857,0.825579871,-11.219229,-0.572214197,-12.2654951
43446034654790,-0.39947413,4.95028383,0.810666169,-11.2264116,-0.641646045,-12.3684458
43446035644009,-0.379234106,4.95347963,0.797882996,-11.1928928,-0.636857642,-12.3516864
43446036632247,-0.357928817,4.95880595,0.782969294,-11.1737391,-0.593762012,-12.3373212
43446037620484,-0.334493033,4.96413227,0.766990327,-11.243171,-0.639251843,-12.3612632
43446038608721,-0.309991951,4.97052386,0.751011361,-11.3987941,-0.754173523,-12.3492922
43446039596958,-0.286556133,4.97371965,0.73396713,-11.4969564,-0.902614026,-12.3540806
43446040585196,-0.263120299,4.97265439,0.715857634,-11.5089274,-1.05823713,-12.2439473
43446041574415,-0.237553953,4.97052386,0.694552412,-11.5903302,-1.28329209,-12.1601502
43446042562652,-0.209857077,4.96519754,0.673247124,-11.6597621,-1.53707747,-12.133814
43446043550890,-0.181094937,4.95987121,0.648746042,-11.6741273,-1.74297881,-12.08593
43446044539127,-0.15126755,4.95454489,0.623179695,-11.6190607,-1.91775553,-12.1290256
43446045527364,-0.121440137,4.95028383,0.594417555,-11.5568114,-2.04943662,-12.1146604
43446046515601,-0.0873516838,4.94389225,0.565655416,-11.5065332,-2.14999309,-12.073959
43446047504821,-0.0532632176,4.93750066,0.537958507,-11.4562549,-2.19787712,-11.9949503
43446048493058,-0.0191747598,4.93110907,0.510261632,-11.3724579,-2.22900175,-11.8321446
43446049481295,0.0138484366,4.92258696,0.483630021,-11.2934492,-2.27209738,-11.7028577
43446050469533,0.0447411022,4.91406484,0.45699841,-11.2742956,-2.29603939,-11.6023012
43446051457770,0.075633775,4.9034122,0.432497328,-11.219229,-2.29125099,-11.4730144
43446052446007,0.104395906,4.89275955,0.40906151,-11.1330377,-2.23139595,-11.3078144
43446053435227,0.131027517,4.87997638,0.386690957,-11.0420581,-2.1595699,-11.1330377
43446054423464,0.155528608,4.86612794,0.365385668,-11.0109334,-2.12844528,-11.0324813
43446055411701,0.177899144,4.85014898,0.344080413,-10.9893856,-2.07577284,-10.9319248
43446056399939,0.198139168,4.83417001,0.323840389,-10.9654436,-2.00155259,-10.8217915
43446057388176,0.214118135,4.81819104,0.305730893,-10.9199538,-1.8794483,-10.6829278
43446058376413,0.227966573,4.80114681,0.290817191,-10.8888292,-1.72143099,-10.5680061
43446059365633,0.239684481,4.78410258,0.275903472,-10.8672813,-1.62326873,-10.5344873
43446060353870,0.250337126,4.76705835,0.26098977,-10.8217915,-1.51313545,-10.4554786
43446061342107,0.258859241,4.75001412,0.248206597,-10.8026379,-1.37666595,-10.37647
43446062330344,0.264185563,4.73190462,0.239684481,-10.7786959,-1.23061965,-10.3190092
43446063318582,0.267381357,4.7116646,0.233292895,-10.7595423,-1.07020814,-10.2208469
43446064306819,0.268446621,4.69142458,0.227966573,-10.7834843,-0.952892261,-10.1250788
43446065296039,0.266316092,4.67011929,0.224770779,-10.7930611,-0.861912598,-10.0293108
43446066284276,0.263120299,4.64774873,0.22264025,-10.7667249,-0.682347473,-9.93354269
43446067272513,0.256728712,4.62431292,0.22264025,-10.6877162,-0.438138904,-9.75637177
43446068260750,0.245010804,4.6008771,0.223705515,-10.6278612,-0.296881006,-9.56244143
43446069248988,0.231162366,4.57957181,0.227966573,-10.6518032,-0.201112939,-9.49061538
43446070237225,0.215183399,4.55826652,0.235423424,-10.6757452,-0.0790086548,-9.48103857
43446071226444,0.200269697,4.53376544,0.243945539,-10.6948988,-0.0215478149,-9.50976899
43446072214682,0.184290731,4.50713383,0.253532919,-10.7571481,-0.0478840332,-9.47146177
43446073202919,0.169377045,4.47837169,0.263120299,-10.8433393,-0.0598550415,-9.45470236
43446074191156,0.154463343,4.44960928,0.273772943,-10.898406,-0.00718260498,-9.44512555
43446075179393,0.138484368,4.41978188,0.282295076,-10.9319248,0.0119710083,-9.44512555
43446076168613,0.121440137,4.38995447,0.294012984,-10.934319,0.0335188232,-9.52652841
43446077156850,0.106526435,4.35906181,0.305730893,-10.982203,0.01436521,-9.53610521
43446078145088,0.0905474687,4.33136493,0.318514066,-11.0612117,-0.0574608398,-9.45470236
43446079133325,0.0735032461,4.30366806,0.328101446,-11.0660001,-0.0311246216,-9.44991395
43446080121562,0.0564590109,4.27597118,0.337688826,-11.0324813,0.0598550415,-9.46667336
43446081109799,0.0404800486,4.2482743,0.347276206,-11.0276928,0.0694318481,-9.41400093
43446082099019,0.0245010799,4.21951216,0.360059346,-11.0324813,0.0478840332,-9.35893429
43446083087256,0.00745685053,4.19181529,0.371777255,-11.0396639,-0.0790086548,-9.29429084
43446084075493,-0.00852211497,4.16518368,0.38029937,-11.0157218,-0.246602771,-9.22007059
43446085063731,-0.0213052887,4.1374868,0.386690957,-10.9271364,-0.217872351,-9.28471404
43446086051968,-0.0330231954,4.11298572,0.393082544,-10.8553103,-0.213083948,-9.50498059
43446087040205,-0.0436758419,4.09061517,0.398408866,-10.7523597,-0.359130249,-9.60314286
43446088029425,-0.0543284821,4.07357094,0.404800452,-10.6206786,-0.373495459,-9.73003555
43446089017662,-0.0596548043,4.06185303,0.411192039,-10.6637742,-0.507570752,-9.76116017
43446090005899,-0.0617853331,4.05226565,0.414387832,-10.8193973,-0.723048901,-9.58159504
43446090994137,-0.0628505976,4.04267827,0.413322568,-10.8744639,-0.696712683,-9.42836614
43446091982374,-0.0628505976,4.02776457,0.40906151,-10.8888292,-0.478840332,-9.53849941
43446092970611,-0.063915862,4.01072034,0.404800452,-10.8600987,-0.138863696,-9.57441244
43446093959831,-0.0671116553,3.99474137,0.402669924,-10.9008002,0.01436521,-9.34217488
43446094948068,-0.0671116553,3.98089293,0.404800452,-11.2120464,0.00478840332,-9.32541547
43446095936305,-0.0692421842,3.96491396,0.405865717,-11.5328694,0.0359130249,-9.3780879
43446096924542,-0.0724379817,3.94041288,0.404800452,-11.7052519,0.141257898,-9.46906757
43446097912780,-0.0735032461,3.90952021,0.403735188,-11.8177794,0.203507141,-9.63187328
43446098901017,-0.0692421842,3.87649702,0.403735188,-12.0141039,0.189141931,-9.84735143
43446099890236,-0.063915862,3.84134329,0.404800452,-12.1960633,0.184353528,-10.0724064
43446100878474,-0.0575242754,3.8051243,0.404800452,-12.3253501,0.148440503,-10.2304237
43446101866711,-0.0511326888,3.76997057,0.402669924,-12.4642138,0.131681091,-10.3668932
43446102854948,-0.0426105774,3.73588211,0.397343601,-12.5863181,0.177170923,-10.4770265
43446103843186,-0.0330231954,3.70179365,0.38988675,-12.715605,0.15801731,-10.5153337
43446104831423,-0.0234358155,3.66663992,0.382429899,-12.8664397,0.0909796631,-10.4770265
43446105820642,-0.0138484366,3.6314862,0.371777255,-13.0148802,0.0407014282,-10.4722381
43446106808880,-0.00426105748,3.59633247,0.360059346,-13.0843121,-0.0478840332,-10.5081511
43446107797117,0.00532632218,3.55904821,0.346210942,-13.1417729,-0.260967981,-10.5560351
43446108785354,0.0170442299,3.52176396,0.329166711,-13.0891005,-0.526724365,-10.5536409
43446109773591,0.0340884599,3.4844797,0.308926686,-12.9789672,-0.723048901,-10.5416699
43446110761829,0.0532632176,3.44719545,0.285490869,-12.8903817,-0.897825623,-10.5201221
43446111751048,0.0735032461,3.41310699,0.258859241,-12.7826427,-1.04866033,-10.4530844
43446112739285,0.0969390554,3.38221432,0.231162366,-12.6940572,-1.16358201,-10.4052004
43446113727523,0.121440137,3.35238691,0.202400226,-12.6174427,-1.26413848,-10.352528
43446114715760,0.143810699,3.32255951,0.173638103,-12.5695587,-1.31441671,-10.2591541
43446115703997,0.166181252,3.29273211,0.144875963,-12.5336457,-1.3048399,-10.1825397
43446116692234,0.189617053,3.26077417,0.118244344,-12.5408283,-1.26892688,-10.1729629
43446117681454,0.211987606,3.22775097,0.0905474687,-12.5623761,-1.24977327,-10.1059252
43446118669691,0.234358159,3.19366251,0.063915862,-12.5743471,-1.23780226,-10.0293108
43446119657929,0.253532919,3.15744352,0.0394147841,-12.5791355,-1.19949503,-10.0700122
43446120646166,0.273772943,3.12015927,0.0181094954,-12.5839239,-1.1587936,-10.0652238
43446121634403,0.294012984,3.07967922,-0.00213052874,-12.5695587,-1.09415016,-9.97663832
43446122623623,0.31212248,3.03600338,-0.0213052887,-12.4809733,-0.986411084,-9.99818613
43446123611860,0.330231975,2.99126227,-0.0394147841,-12.37084,-0.897825623,-10.043676
43446124600097,0.347276206,2.94652116,-0.0553937465,-12.2894371,-0.833182178,-10.0580412
43446125588334,0.364320404,2.90391059,-0.0681769197,-12.2032459,-0.742202515,-10.1059252
43446126576572,0.38029937,2.86130001,-0.0798948327,-12.1505734,-0.639251843,-10.1609918
43446127564809,0.397343601,2.82081996,-0.0894822043,-12.1050836,-0.593762012,-10.1992991
43446128554029,0.412257303,2.78034018,-0.0969390554,-12.0452286,-0.550666382,-10.1777513
43446129542266,0.425040477,2.73879487,-0.106526435,-12.0141039,-0.46208092,-10.1370498
43446130530503,0.43782365,2.69831482,-0.115048551,-11.9901619,-0.337582434,-10.1226846
43446131518740,0.449541559,2.6567695,-0.121440137,-11.9566431,-0.203507141,-10.0748006
43446132506978,0.460194203,2.61628945,-0.125701195,-11.9590373,-0.0742202515,-10.0340992
43446133495215,0.468716319,2.57580941,-0.128896988,-11.9566431,0.0766144531,-10.0029745
43446134484434,0.474042641,2.53639462,-0.131027517,-11.9159417,0.253785376,-9.86889924
43446135472672,0.475107905,2.49697984,-0.132092782,-11.8872112,0.464475122,-9.72524714
43446136460909,0.47617317,2.45543453,-0.132092782,-11.8512982,0.737414111,-9.61032546
43446137449146,0.472977376,2.41175868,-0.128896988,-11.7579244,1.08217915,-9.21528219
43446138437383,0.463389996,2.36914811,-0.123570666,-11.7986258,1.20428344,-8.88009396
43446139425621,0.44741103,2.32760279,-0.118244344,-11.9063649,1.23061965,-8.92797799
43446140414840,0.432497328,2.28179642,-0.111852757,-12.0021329,1.35990654,-9.10036051
43446141403078,0.41864889,2.23172886,-0.103330642,-12.0883242,1.42694419,-9.13387933
43446142391315,0.406930981,2.17740037,-0.0905474687,-12.1170546,1.48201083,-9.07163009
43446143379552,0.397343601,2.12094136,-0.0766990394,-12.2032459,1.30723411,-9.2344358
43446144367789,0.393082544,2.06661287,-0.0660463909,-12.2271879,1.18512982,-9.40681832
43446145356027,0.388821486,2.01548018,-0.0596548043,-12.1529676,1.34793553,-9.42118353
43446146345246,0.382429899,1.96647802,-0.0553937465,-12.0715648,1.59453831,-9.55765303
43446147333483,0.376038313,1.91960638,-0.0500674243,-12.061988,1.78607444,-9.56483563
43446148321721,0.366450933,1.87593054,-0.0404800486,-12.0571996,1.82677587,-9.31583866
43446149309958,0.355798288,1.83118943,-0.0287621377,-12.0715648,1.88663091,-9.27034883
43446150298195,0.343015148,1.78538306,-0.0170442299,-12.0667764,1.98479318,-9.26556042
43446151286432,0.329166711,1.73851143,-0.00532632218,-12.0212865,2.04943662,-9.16260975
43446152275652,0.315318273,1.69057453,0.00852211497,-11.9925561,2.09013805,-9.11233152
43446153263889,0.3025351,1.64476816,0.0223705511,-11.9734025,2.12126267,-9.0907837
43446154252127,0.285490869,1.59896179,0.0372842553,-11.9590373,2.10450326,-9.00698665
43446155240364,0.267381357,1.55315541,0.0511326888,-11.9087591,2.02788881,-8.95192001
43446156228601,0.250337126,1.51054484,0.0649811264,-11.8943938,1.88663091,-8.9375548
43446157216838,0.233292895,1.46793426,0.0777643038,-11.9063649,1.77410343,-8.91840118
43446158206058,0.217313928,1.42638895,0.0905474687,-11.896788,1.66157595,-8.92558379
43446159194295,0.204530755,1.38484377,0.100134849,-11.9350953,1.52750066,-8.84896934
43446160182532,0.192812846,1.34329845,0.1075917,-11.9925561,1.42215579,-8.75798967
43446161170770,0.182160202,1.30068788,0.113983286,-11.9734025,1.34554133,-8.64546219
43446162159007,0.171507574,1.2580773,0.120374873,-11.9638257,1.31202251,-8.42998405
43446163147244,0.161920194,1.21759725,0.125701195,-12.0164981,1.16118781,-8.27436094
43446164136464,0.153398079,1.17605194,0.127831724,-12.1386024,0.995987891,-8.33900438
43446165124701,0.149137021,1.1291803,0.129962253,-12.2535241,0.933738647,-8.47786808
43446166112938,0.148071757,1.07804754,0.133158046,-12.2966197,0.914585034,-8.52814631
43446167101175,0.150202285,1.02265379,0.137419104,-12.3492922,0.893037219,-8.54251152
43446168089413,0.155528608,0.967260041,0.14168017,-12.466608,0.823605371,-8.62152018
43446169078632,0.161920194,0.912931555,0.143810699,-12.5695587,0.770932935,-8.82023892
43446170066870,0.166181252,0.860733598,0.145941228,-12.6102601,0.746990918,-9.00219824
43446171055107,0.17044231,0.810666169,0.147006492,-12.691663,0.730231506,-9.05247648
43446172043344,0.17683388,0.760598741,0.145941228,-12.8209499,0.711077893,-8.97346782
43446173031581,0.183225466,0.710531312,0.142745434,-12.9502368,0.670376465,-8.87530555
43446174019819,0.18642126,0.659398686,0.139549633,-13.036428,0.636857642,-8.85854614
43446175009038,0.188551789,0.606135464,0.134223311,-13.0795237,0.660799658,-8.89206497
43446175997275,0.192812846,0.552872209,0.127831724,-13.0962831,0.667982263,-8.87051715
43446176985513,0.199204433,0.500674252,0.122505402,-13.0723411,0.615309827,-8.85375774
43446177973750,0.204530755,0.44741103,0.11717908,-13.0675527,0.450109912,-8.88009396
43446178961987,0.208791813,0.395213072,0.108656964,-13.0795237,0.392649072,-8.95192001
43446179950224,0.214118135,0.343015148,0.0980043198,-13.0723411,0.50517655,-8.9375548
43446180939444,0.219444457,0.29294772,0.0884169399,-13.1298019,0.56263739,-8.8034795
43446181927681,0.223705515,0.239684481,0.0809600971,-13.22557,0.579396802,-8.69574043
43446182915919,0.226901308,0.18642126,0.075633775,-13.3165496,0.5770026,-8.6526448
43446183904156,0.229031837,0.131027517,0.0703074528,-13.3524627,0.588973608,-8.70292303
43446184892393,0.23222763,0.0745685105,0.0649811264,-13.3692221,0.596156213,-8.71728824
43446185880630,0.23222763,0.0181094954,0.0596548043,-13.3907699,0.63446344,-8.54251152
43446186869850,0.230097102,-0.0372842553,0.0553937465,-13.4434423,0.603338818,-8.37970581
43446187858087,0.227966573,-0.0894822043,0.0500674243,-13.5368162,0.541089575,-8.31266816
43446188846324,0.225836044,-0.142745434,0.0447411022,-13.6589205,0.526724365,-8.28872615
43446189834562,0.225836044,-0.199204433,0.0404800486,-13.7666595,0.524330164,-8.29351455
43446190822799,0.226901308,-0.263120299,0.0362189908,-13.8121494,0.593762012,-8.26238993
43446191811036,0.231162366,-0.33129724,0.0351537264,-13.9390421,0.62009823,-8.25520732
43446192800256,0.235423424,-0.401604659,0.0362189908,-14.0755116,0.598550415,-8.18816968
43446193788493,0.239684481,-0.472977376,0.0362189908,-14.1066362,0.596156213,-8.19056388
43446194776730,0.24181501,-0.543284829,0.0362189908,-14.092271,0.598550415,-8.26478413
43446195764968,0.242880275,-0.610396522,0.0351537264,-14.1066362,0.593762012,-8.25760153
43446196753205,0.242880275,-0.674312388,0.0351537264,-14.1904332,0.517147559,-8.19056388
43446197741442,0.243945539,-0.738228188,0.0340884599,-14.3005665,0.306457812,-8.0780364
43446198730662,0.242880275,-0.803209318,0.0298274021,-14.3939404,0.117315881,-8.02775817
43446199718899,0.240749746,-0.869255713,0.0213052887,-14.4322476,0.177170923,-8.03494077
43446200707136,0.240749746,-0.934236844,0.0127831722,-14.4322476,0.359130249,-8.00860455
43446201695373,0.240749746,-0.999217974,0.00532632218,-14.4968911,0.457292517,-7.91762489
43446202683611,0.236488688,-1.06419911,0.00213052874,-14.5256215,0.509964954,-7.63271489
43446203671848,0.227966573,-1.13131083,0,-14.4992853,0.624886633,-7.28316145
43446204661068,0.217313928,-1.19735723,-0.00106526437,-14.5399867,0.651222852,-7.11556733
43446205649305,0.203465491,-1.26553415,-0.00213052874,-14.6166011,0.545877979,-7.12753834
43446206637542,0.190682317,-1.3358416,-0.00532632218,-14.7315228,0.397437476,-7.13950935
43446207625779,0.178964409,-1.40934472,-0.00958737992,-14.8248967,0.272938989,-7.13472095
43446208614017,0.167246516,-1.48284796,-0.0138484366,-14.9254531,0.189141931,-7.15387456
43446209602254,0.159789665,-1.55528594,-0.0191747598,-15.1169893,-0.117315881,-7.22809481
43446210591473,0.155528608,-1.62985445,-0.0276968733,-15.1912095,-0.399831677,-7.12993254
43446211579711,0.154463343,-1.70548823,-0.041545313,-15.1529023,-0.347159241,-7.08923112
43446212567948,0.154463343,-1.78005674,-0.0564590109,-15.1912095,-0.246602771,-7.24485422
43446213556185,0.154463343,-1.85355999,-0.0703074528,-15.231911,-0.232237561,-7.16584557
43446214544422,0.153398079,-1.9281285,-0.083090626,-15.1792385,-0.239420166,-7.03895288
43446215533642,0.148071757,-2.00163174,-0.0948085265,-15.1576907,-0.186747729,-7.0676833
43446216521879,0.139549633,-2.07406972,-0.104395906,-15.1361429,-0.229843359,-7.02458767
43446217510116,0.127831724,-2.14437718,-0.115048551,-15.0762879,-0.328005627,-6.83544574
43446218498354,0.116113815,-2.21361936,-0.12676646,-14.9877024,-0.112527478,-6.74207187
43446219486591,0.102265378,-2.28179642,-0.138484368,-14.982914,0.160411511,-6.66545742
43446220474828,0.0862864193,-2.35103861,-0.144875963,-15.0499516,0.234631763,-6.59841978
43446221464048,0.0649811264,-2.41921553,-0.149137021,-15.0236154,0.296881006,-6.57687196
43446222452285,0.0436758419,-2.48739246,-0.152332814,-15.05474,0.351947644,-6.6295444
43446223440522,0.0234358155,-2.55450412,-0.153398079,-15.1313545,0.375889661,-6.75404288
43446224428760,0.00426105748,-2.62161578,-0.153398079,-15.2750066,0.296881006,-6.7827733
43446225416997,-0.0159789655,-2.69192323,-0.153398079,-15.3635921,0.15801731,-6.78756171
43446226405234,-0.0351537264,-2.76223068,-0.156593872,-15.3348616,-0.0239420166,-6.85699355
43446227394454,-0.0500674243,-2.83040734,-0.16085493,-15.351621,-0.280121594,-6.85938776
43446228382691,-0.0617853331,-2.89858426,-0.168311781,-15.2989486,-0.325611426,-6.90487759
43446229370928,-0.0692421842,-2.96250013,-0.17683388,-15.279795,-0.167594116,-7.03416448
43446230359165,-0.075633775,-3.02428547,-0.18642126,-15.2343052,-0.0335188232,-7.13232675
43446231347403,-0.0841558904,-3.08500554,-0.192812846,-15.2055747,-0.0502782349,-7.14908616
43446232335640,-0.0926779976,-3.14466035,-0.199204433,-15.2390936,0.0454898315,-7.11077893
43446233324860,-0.103330642,-3.20111936,-0.20559602,-15.2103631,0.284909998,-7.14908616
43446234313097,-0.113983286,-3.25651311,-0.207726548,-15.2821892,0.397437476,-7.17542238
43446235301334,-0.124635931,-3.3108416,-0.209857077,-15.4306297,0.457292517,-7.13950935
43446236289571,-0.136353839,-3.36730062,-0.211987606,-15.5024557,0.565031592,-7.206547
43446237277809,-0.149137021,-3.42589016,-0.213052871,-15.5216094,0.696712683,-7.32386288
43446238266046,-0.164050723,-3.48341444,-0.214118135,-15.6054064,0.806845959,-7.38850632
43446239255265,-0.177899144,-3.54200398,-0.213052871,-15.7490585,0.900219824,-7.41005414
43446240243503,-0.191747582,-3.59952826,-0.210922342,-15.8663744,0.945709656,-7.41244834
43446241231740,-0.206661284,-3.65598728,-0.208791813,-15.8951048,0.864306799,-7.37653531
43446242219977,-0.220509722,-3.71244629,-0.209857077,-15.9286236,0.708683691,-7.32386288
43446243208214,-0.233292895,-3.76997057,-0.213052871,-15.9741135,0.586579407,-7.37892952
43446244196452,-0.242880275,-3.82962538,-0.218379193,-15.9932671,0.459686719,-7.45314977
43446245185671,-0.250337126,-3.88928019,-0.224770779,-16.0028439,0.373495459,-7.46512078
43446246173909,-0.255663448,-3.948935,-0.23222763,-16.0028439,0.356736047,-7.43639036
43446247162146,-0.256728712,-4.00752454,-0.24181501,-15.9956613,0.318428821,-7.44357296
43446248150383,-0.255663448,-4.06504882,-0.25140239,-15.9717193,0.275333191,-7.47709178
43446249138620,-0.255663448,-4.1225731,-0.26098977,-15.933412,0.174776721,-7.58243666
43446250126858,-0.252467655,-4.18009738,-0.272707679,-15.849615,0.0861912598,-7.6494743
43446251116077,-0.243945539,-4.23442587,-0.285490869,-15.7801831,0.205901343,-7.66862792
43446252104314,-0.231162366,-4.28662382,-0.298274042,-15.8544034,0.287304199,-7.60877288
43446253092552,-0.218379193,-4.33775652,-0.309991951,-15.9812961,0.270544788,-7.46512078
43446254080789,-0.210922342,-4.39421553,-0.322775124,-15.9765077,0.294486804,-7.42441935
43446255069026,-0.206661284,-4.45173981,-0.333427768,-15.9573541,0.390254871,-7.43639036
43446256058246,-0.203465491,-4.51032962,-0.343015148,-15.9812961,0.421379492,-7.503428
43446257046483,-0.202400226,-4.56998443,-0.351537231,-16.0076323,0.354341846,-7.55370624
43446258034720,-0.204530755,-4.62857397,-0.357928817,-16.0435453,0.351947644,-7.54652363
43446259022958,-0.204530755,-4.68503299,-0.365385668,-16.0794583,0.361524451,-7.54173523
43446260011195,-0.203465491,-4.7446878,-0.371777255,-16.1010062,0.380678064,-7.56807145
43446260999432,-0.204530755,-4.80434261,-0.376038313,-16.1034004,0.344765039,-7.58722506
43446261988652,-0.207726548,-4.86293215,-0.381364635,-16.0890352,0.272938989,-7.57525405
43446262976889,-0.208791813,-4.92152169,-0.386690957,-16.0650931,0.193930334,-7.60637867
43446263965126,-0.208791813,-4.98011124,-0.390952015,-16.0555163,0.0526724365,-7.72369456
43446264953363,-0.207726548,-5.03870078,-0.396278337,-16.0028439,-0.0718260498,-7.80988582
43446265941601,-0.20559602,-5.09622506,-0.401604659,-15.9142584,-0.193930334,-7.84101044
43446266929838,-0.200269697,-5.15268408,-0.40906151,-15.8041252,-0.332794031,-7.90804808
43446267919057,-0.190682317,-5.20488203,-0.41864889,-15.6604731,-0.383072266,-7.90804808
43446268907295,-0.177899144,-5.25707999,-0.427171006,-15.4785137,-0.335188232,-7.81706842
43446269895532,-0.167246516,-5.30501689,-0.435693121,-15.2630356,-0.337582434,-7.73087716
43446270883769,-0.155528608,-5.35082326,-0.444215237,-15.1385371,-0.442927307,-7.73087716
43446271872007,-0.142745434,-5.3944991,-0.454867881,-15.1241719,-0.543483777,-7.84101044
43446272860244,-0.127831724,-5.43924021,-0.464455261,-15.1122009,-0.569819995,-7.9319901
43446273849463,-0.109722229,-5.48611185,-0.472977376,-15.1409313,-0.569819995,-7.97747993
43446274837701,-0.0916127332,-5.53298348,-0.481499492,-15.1936037,-0.615309827,-8.0780364
43446275825938,-0.0735032461,-5.57665932,-0.488956343,-15.1959979,-0.675164868,-8.29351455
43446276814175,-0.0532632176,-5.61926937,-0.497478458,-15.2175458,-0.687135876,-8.53054052
43446277802412,-0.0340884599,-5.66081468,-0.507065838,-15.2582472,-0.67755907,-8.70052883
43446278790650,-0.0127831722,-5.6991642,-0.516653218,-15.3109196,-0.70628949,-8.90403597
43446279779869,0.00852211497,-5.73751372,-0.527305863,-15.3731689,-0.70628949,-9.14106194
43446280768106,0.0308926666,-5.77479798,-0.537958507,-15.3899283,-0.66319386,-9.23683
43446281756344,0.0553937465,-5.81208223,-0.547545887,-15.3181022,-0.5770026,-9.23922421
43446282744581,0.0788295683,-5.84830122,-0.558198531,-15.1816327,-0.493205542,-9.27034883
43446283732818,0.102265378,-5.88452021,-0.567785944,-15.0714995,-0.478840332,-9.27753143
43446284721055,0.12676646,-5.91967394,-0.577373324,-14.9877024,-0.452504114,-9.29907925
43446285710275,0.149137021,-5.9537624,-0.586960704,-14.9039053,-0.421379492,-9.3709053
43446286698512,0.17044231,-5.98465507,-0.59548282,-14.8416561,-0.438138904,-9.44273135
43446287686750,0.191747582,-6.01448247,-0.6050702,-14.7985605,-0.435744702,-9.5241342
43446288674987,0.215183399,-6.04324461,-0.612527051,-14.7387054,-0.450109912,-9.59596025
43446289663224,0.238619217,-6.07094149,-0.618918637,-14.6956098,-0.486022937,-9.71567034
43446290651461,0.262055035,-6.0975731,-0.627440753,-14.6812446,-0.517147559,-9.8090442
43446291640681,0.287621398,-6.12313945,-0.637028133,-14.6573026,-0.521935962,-9.84256302
43446292628918,0.31212248,-6.14657526,-0.646615513,-14.6261779,-0.493205542,-9.93114849
43446293617155,0.336623562,-6.16788055,-0.656202893,-14.5806881,-0.493205542,-10.0245224
43446294605393,0.362189875,-6.18705531,-0.664725008,-14.5543519,-0.483628735,-10.0771948
43446295593630,0.386690957,-6.20729534,-0.672181859,-14.5208331,-0.428562097,-10.09156
43446296581867,0.412257303,-6.22966589,-0.680703975,-14.437036,-0.337582434,-10.1059252
43446297571087,0.435693121,-6.25310171,-0.68922609,-14.3699984,-0.232237561,-10.0987426
43446298559324,0.460194203,-6.27653752,-0.695617677,-14.2885955,-0.15801731,-10.0221281
43446299547561,0.484695285,-6.29997334,-0.700943932,-14.1952216,-0.0574608398,-9.91438907
43446300535799,0.507065838,-6.32340916,-0.703074461,-14.0874826,0.102950671,-9.85932244
43446301524036,0.529436391,-6.34897551,-0.704139726,-13.9462247,0.244208569,-9.80665
43446302513255,0.55074168,-6.37454185,-0.703074461,-13.819332,0.313640417,-9.67975731
43446303501493,0.569916473,-6.39797767,-0.699878734,-13.7475059,0.349553442,-9.58877765
43446304489730,0.586960704,-6.42354402,-0.696682941,-13.6637089,0.418985291,-9.52174
43446305477967,0.604004935,-6.44911036,-0.690291355,-13.5679408,0.512359155,-9.45230815
43446306466204,0.619983902,-6.47467671,-0.683899768,-13.498509,0.565031592,-9.41639513
43446307454442,0.635962868,-6.50024306,-0.675377652,-13.3979525,0.569819995,-9.42357773
43446308443661,0.648746042,-6.52367887,-0.666855537,-13.2997902,0.608127222,-9.41878933
43446309431899,0.661529215,-6.5439189,-0.656202893,-13.2351468,0.653617053,-9.41400093
43446310420136,0.674312388,-6.56522419,-0.645550248,-13.1992338,0.672770667,-9.40681832
43446311408373,0.684965032,-6.58866,-0.633832339,-13.1657149,0.670376465,-9.35175168
43446312396610,0.695617677,-6.60996529,-0.622114431,-13.1369845,0.679953271,-9.34696328
43446313384848,0.703074461,-6.63127058,-0.610396522,-13.0867063,0.699106885,-9.39484731
43446314374067,0.711596577,-6.64831481,-0.599743877,-13.0172744,0.69192428,-9.40202992
43446315362304,0.720118692,-6.66642431,-0.586960704,-12.9550252,0.718260498,-9.42836614
43446316350542,0.727575543,-6.6845338,-0.573112267,-12.9119296,0.785298145,-9.49779799
43446317338779,0.73396713,-6.7026433,-0.558198531,-12.8831991,0.768538733,-9.5145574
43446318327016,0.739293452,-6.71968753,-0.545415358,-12.8089789,0.737414111,-9.54089362
43446319315253,0.742489245,-6.73460123,-0.53156692,-12.7299702,0.77811554,-9.60553706
43446320304473,0.746750303,-6.74738441,-0.517718483,-12.6725094,0.77811554,-9.6558153
43446321292710,0.752076625,-6.75803705,-0.503870045,-12.5647703,0.799663354,-9.62947908
43446322280948,0.757402947,-6.76975496,-0.488956343,-12.3157733,1.0031705,-9.38766471
43446323269185,0.757402947,-6.77934234,-0.474042641,-12.0955068,1.13963999,-9.21528219
43446324257422,0.755272419,-6.7836034,-0.458063674,-11.9949503,1.08936176,-9.20570538
43446325245659,0.752076625,-6.78786445,-0.442084708,-12.0284691,1.00077629,-9.17218656
43446326234879,0.747815568,-6.7953213,-0.427171006,-12.0284691,0.931344446,-9.29189664
43446327223116,0.744619774,-6.80277816,-0.412257303,-12.0212865,0.859518396,-9.55286462
43446328211353,0.746750303,-6.80597395,-0.398408866,-12.2367647,0.656011255,-9.75397756
43446329199591,0.752076625,-6.80916974,-0.385625693,-12.3852052,0.450109912,-9.9526963
43446330187828,0.756337683,-6.81236554,-0.374973048,-12.3397154,0.354341846,-10.2447889
43446331176065,0.76272927,-6.81449606,-0.365385668,-12.3277443,0.299275208,-10.4339308
43446332165285,0.771251385,-6.81236554,-0.357928817,-12.3636574,0.244208569,-10.3956236
43446333153522,0.776577707,-6.80810448,-0.352602495,-12.3540806,0.191536133,-10.364499
43446334141759,0.782969294,-6.80277816,-0.349406735,-12.2990139,0.160411511,-10.5201221
43446335129996,0.789360881,-6.7953213,-0.348341471,-12.2846487,0.10055647,-10.5967365
43446336118234,0.795752467,-6.78573392,-0.346210942,-12.2990139,0.0598550415,-10.5704003
43446337106471,0.801078789,-6.77614654,-0.344080413,-12.1912749,0.0814028564,-10.6230728
43446338095691,0.807470376,-6.76655917,-0.343015148,-12.0404401,0.0383072266,-10.5656119
43446339083928,0.812796698,-6.75377599,-0.345145677,-12.0045271,-0.368707056,-10.328586
43446340072165,0.820253549,-6.73886229,-0.348341471,-11.9662199,-0.739808313,-10.1322614
43446341060402,0.826645136,-6.72288332,-0.354733024,-11.8704518,-0.646434448,-9.96945571
43446342048640,0.830906194,-6.70477383,-0.362189875,-11.9039707,-0.313640417,-10.1131078
43446343036877,0.828775665,-6.6877296,-0.368581462,-11.8943938,-0.107739075,-10.328586
43446344026096,0.825579871,-6.67068537,-0.37071199,-11.8680576,-0.275333191,-10.3237976
43446345014334,0.824514607,-6.65257587,-0.371777255,-11.9327011,-0.67755907,-10.2711251
43446346002571,0.828775665,-6.63340111,-0.378168842,-11.9590373,-0.907402429,-10.3501338
43446346990808,0.835167251,-6.61316109,-0.387756221,-12.0452286,-0.924161841,-10.5201221
43446347979045,0.840493573,-6.58759474,-0.398408866,-12.0691706,-0.835576379,-10.5991307
43446348968265,0.844754631,-6.56096313,-0.40906151,-12.0715648,-0.679953271,-10.6877162
43446349956502,0.847950425,-6.53433152,-0.41864889,-12.181698,-0.754173523,-10.7523597
43446350944740,0.852211482,-6.50769991,-0.427171006,-12.2176111,-0.945709656,-10.613496
43446351932977,0.860733598,-6.48213356,-0.43782365,-12.1864865,-0.907402429,-10.4506902
43446352921214,0.867125184,-6.45763248,-0.449541559,-12.1912749,-0.770932935,-10.3477396
43446353909451,0.871386242,-6.4331314,-0.461259468,-12.1194488,-0.821211169,-10.1418382
43446354898671,0.874582035,-6.41076084,-0.472977376,-11.9781909,-0.809240161,-9.9455137
43446355886908,0.877777829,-6.38732503,-0.48576055,-11.9470663,-0.701501086,-9.88565865
43446356875145,0.877777829,-6.36495447,-0.495347929,-11.9087591,-0.639251843,-9.87129344
43446357863383,0.8756473,-6.34364918,-0.503870045,-11.812991,-0.529118567,-9.68693992
43446358851620,0.873516771,-6.32021337,-0.510261632,-11.8034142,-0.497993945,-9.5241342
43446359839857,0.871386242,-6.29677755,-0.517718483,-11.8441156,-0.689530078,-9.31105026
43446360829077,0.870320978,-6.27760279,-0.526240598,-11.7986258,-0.756567725,-9.05247648
43446361817314,0.868190449,-6.25736276,-0.536893242,-11.7315881,-0.66319386,-8.99740984
43446362805551,0.862864127,-6.23605748,-0.548611151,-11.6621563,-0.615309827,-8.99262144
43446363793789,0.855407276,-6.21475219,-0.560329093,-11.5831476,-0.565031592,-8.92558379
43446364782026,0.84688516,-6.19131637,-0.572047002,-11.5256868,-0.53390697,-8.90164177
43446365770263,0.838363045,-6.16681529,-0.582699647,-11.4730144,-0.514753357,-8.85375774
43446366759483,0.830906194,-6.14124894,-0.593352291,-11.4299187,-0.488417139,-8.71968245
43446367747720,0.823449342,-6.11674786,-0.604004935,-11.4251303,-0.445321509,-8.59518396
43446368735957,0.814927227,-6.09437731,-0.615722844,-11.4371013,-0.421379492,-8.49223329
43446369724194,0.804274583,-6.07520255,-0.627440753,-11.3796405,-0.373495459,-8.37970581
43446370712432,0.793621938,-6.05496252,-0.638093397,-11.3317565,-0.330399829,-8.30309136
43446371700669,0.785099823,-6.0347225,-0.648746042,-11.3054202,-0.301669409,-8.25760153
43446372689889,0.775512443,-6.01554774,-0.659398686,-11.2599304,-0.263362183,-8.14746825
43446373678126,0.763794534,-5.99850351,-0.672181859,-11.1904986,-0.272938989,-7.98945094
43446374666363,0.752076625,-5.98145928,-0.683899768,-11.1067015,-0.227449158,-7.86495245
43446375654600,0.740358716,-5.96334978,-0.695617677,-11.0205102,-0.102950671,-7.7931264
43446376642838,0.728640808,-5.94630555,-0.709466048,-10.9247422,-0.0957680664,-7.72608876
43446377631075,0.71479237,-5.92926132,-0.725445014,-10.8361567,-0.138863696,-7.60398447
43446378620294,0.699878734,-5.91115182,-0.740358716,-10.7547539,-0.11492168,-7.51779321
43446379608532,0.683899768,-5.88984653,-0.754207154,-10.6829278,0.0526724365,-7.62313809
43446380596769,0.667920801,-5.86534545,-0.769120856,-10.5919481,0.201112939,-7.61595548
43446381585006,0.654072364,-5.8429749,-0.782969294,-10.5249105,0.191536133,-7.37414111
43446382573243,0.638093397,-5.82273487,-0.796817732,-10.5847655,0.136469495,-7.25443103
43446383561481,0.62424496,-5.80356011,-0.812796698,-10.5847655,0.167594116,-7.2113354
43446384550700,0.609331257,-5.78545062,-0.829840929,-10.4842091,0.256179578,-7.18021078
43446385538937,0.59548282,-5.7652106,-0.84688516,-10.3932294,0.301669409,-7.19697019
43446386527175,0.580569118,-5.74497057,-0.863929391,-10.3261918,0.342370837,-7.21851801
43446387515412,0.564590151,-5.72473055,-0.880973622,-10.2471831,0.289698401,-7.12035574
43446388503649,0.549676416,-5.70235999,-0.898017853,-10.1585976,0.256179578,-6.97430944
43446389491886,0.535827978,-5.67998944,-0.916127348,-10.1298672,0.292092603,-6.96473263
43446390481106,0.523044805,-5.65761889,-0.932106315,-10.0532528,0.325611426,-6.98388624
43446391469343,0.509196367,-5.63418307,-0.95021581,-9.92396588,0.363918652,-6.99106885
43446392457581,0.493217401,-5.60968199,-0.968325306,-9.7994674,0.4333505,-6.96952103
43446393445818,0.478303698,-5.58518144,-0.984304272,-9.69891093,0.51954176,-6.93839641
43446394434055,0.462324732,-5.55854983,-0.997087446,-9.61990227,0.569819995,-6.93600221
43446395423275,0.44741103,-5.53191822,-1.01093588,-9.53610521,0.581791003,-6.86657036
43446396411512,0.431432063,-5.50315608,-1.02158853,-9.44512555,0.612915625,-6.79953271
43446397399749,0.415453097,-5.47439394,-1.03224117,-9.3732995,0.679953271,-6.80671532
43446398387986,0.401604659,-5.44456653,-1.04289382,-9.28231984,0.699106885,-6.73967767
43446399376224,0.38988675,-5.41580439,-1.05354646,-9.16500396,0.701501086,-6.71573566
43446400364461,0.379234106,-5.38491172,-1.06313384,-9.05487068,0.359130249,-6.67503423
43446401353681,0.37071199,-5.35401906,-1.07378648,-8.89685337,-0.119710083,-6.22731852
43446402341918,0.37071199,-5.32206112,-1.08656966,-8.71489404,-0.0766144531,-6.06930121
43446403330155,0.369646726,-5.29010319,-1.1004181,-8.6574332,0.213083948,-6.31111558
43446404318392,0.363255139,-5.25814526,-1.11000548,-8.48505068,0.493205542,-6.36857642
43446405306630,0.353667759,-5.22299153,-1.11426653,-8.30548556,0.560243188,-6.36618221
43446406294867,0.344080413,-5.18357675,-1.1153318,-8.30787976,0.392649072,-6.29435616
43446407284086,0.337688826,-5.14203143,-1.1153318,-8.23844791,0.390254871,-6.23210692
43446408272324,0.333427768,-5.09942086,-1.1153318,-8.24084211,0.529118567,-6.27759675
43446409260561,0.329166711,-5.05681028,-1.1153318,-8.2240827,0.603338818,-6.24647213
43446410248798,0.324905653,-5.01633023,-1.11426653,-8.15225665,0.56263739,-6.04296499
43446411237035,0.322775124,-4.97691545,-1.11000548,-8.14507405,0.59136781,-5.9160723
43446412225273,0.322775124,-4.93537013,-1.10574442,-8.14507405,0.727837305,-5.89691869
43446413214492,0.322775124,-4.89382482,-1.10254862,-8.11155522,0.672770667,-5.81551583
43446414202730,0.32170986,-4.8554753,-1.09828757,-8.0804306,0.395043274,-5.60961449
43446415190967,0.322775124,-4.81819104,-1.09509177,-8.0708538,0.282515796,-5.40850155
43446416179204,0.327036182,-4.78090679,-1.09402651,-7.96072052,0.569819995,-5.37498273
43446417167441,0.330231975,-4.74042674,-1.09189598,-7.85058724,0.936132849,-5.6287681
43446418155679,0.329166711,-4.6967509,-1.08550439,-7.76200178,1.09893856,-5.68622894
43446419144898,0.329166711,-4.64987926,-1.07378648,-7.72369456,1.18512982,-5.60482609
43446420133135,0.33129724,-4.59981183,-1.05780752,-7.7907322,1.24259066,-5.69101735
43446421121373,0.333427768,-4.54974441,-1.04076329,-7.71890615,1.22583125,-5.57848987
43446422109610,0.337688826,-4.50180751,-1.02478432,-7.66144531,1.20667764,-5.37498273
43446423097847,0.346210942,-4.45387034,-1.00987062,-7.73566556,1.2976573,-5.23611903
43446424086084,0.356863553,-4.4101945,-0.994956917,-7.77157859,1.448492,-4.93684382
43446425075304,0.364320404,-4.36971445,-0.977912686,-7.83861624,1.55623108,-4.53940635
43446426063541,0.367516197,-4.33456072,-0.960868455,-7.99663354,1.67833536,-4.31435139
43446427051779,0.367516197,-4.30366806,-0.943824224,-8.11873783,1.76213242,-4.0390182
43446428040016,0.361124611,-4.27810171,-0.925714728,-8.2240827,1.77410343,-3.73016619
43446429028253,0.350471966,-4.25786168,-0.908670497,-8.27914934,1.77410343,-3.6056677
43446430016490,0.337688826,-4.23975219,-0.891626266,-8.25760153,1.75734402,-3.56496627
43446431005710,0.323840389,-4.22164269,-0.8756473,-8.20732329,1.68791217,-3.57933148
43446431993947,0.313187744,-4.20246793,-0.858603069,-8.09719001,1.61129772,-3.6104561
43446432982184,0.303600364,-4.18009738,-0.841558838,-8.04212338,1.52750066,-3.51229384
43446433970422,0.295078249,-4.15772683,-0.823449342,-7.99663354,1.46525142,-3.43567938
43446434958659,0.285490869,-4.13322575,-0.806405111,-7.95114371,1.42215579,-3.45004459
43446435947878,0.278034001,-4.10978993,-0.789360881,-7.95832632,1.34075293,-3.40934316
43446436936116,0.27057715,-4.08528885,-0.773381914,-7.95353792,1.22822545,-3.30160409
43446437924353,0.262055035,-4.06291829,-0.757402947,-7.90565388,1.10372697,-3.20104762
43446438912590,0.25140239,-4.03948248,-0.742489245,-7.89847128,1.00077629,-3.169923
43446439900827,0.240749746,-4.01391613,-0.728640808,-7.89368287,0.900219824,-3.13400997
43446440889065,0.231162366,-3.98834978,-0.71479237,-7.91044229,0.766144531,-2.99514628
43446441878284,0.22264025,-3.9638487,-0.70520499,-7.9367785,0.639251843,-2.85388838
43446442866522,0.215183399,-3.93934762,-0.697748206,-7.89368287,0.569819995,-2.7413609
43446443854759,0.210922342,-3.9159118,-0.690291355,-7.83382783,0.531512769,-2.67192905
43446444842996,0.206661284,-3.89354125,-0.683899768,-7.75242498,0.49081134,-2.69108267
43446445831233,0.202400226,-3.87010543,-0.675377652,-7.67820472,0.44771571,-2.66235225
43446446819471,0.19600864,-3.84666961,-0.668986066,-7.61834968,0.452504114,-2.55461317
43446447808690,0.190682317,-3.82110327,-0.662594479,-7.60637867,0.440533105,-2.41574948
43446448796927,0.182160202,-3.79553692,-0.657268157,-7.63271489,0.390254871,-2.26730897
43446449785165,0.172572839,-3.76997057,-0.653007099,-7.62553229,0.344765039,-2.13323368
43446450773402,0.161920194,-3.74546949,-0.65087657,-7.57764825,0.318428821,-2.0135236
43446451761639,0.152332814,-3.72096841,-0.648746042,-7.58243666,0.332794031,-1.93451494
43446452749876,0.143810699,-3.69646733,-0.646615513,-7.59201346,0.313640417,-1.82198746
43446453739096,0.134223311,-3.67303151,-0.644484984,-7.58483086,0.287304199,-1.66636436
43446454727333,0.124635931,-3.65172622,-0.643419719,-7.56807145,0.258573779,-1.54186587
43446455715571,0.112918022,-3.63255146,-0.643419719,-7.53934103,0.165199915,-1.41497318
43446456703808,0.102265378,-3.61444197,-0.643419719,-7.54652363,0.10055647,-1.33357032
43446457692045,0.0905474687,-3.59526721,-0.645550248,-7.50821641,0.107739075,-1.27850369
43446458680282,0.0777643038,-3.57609245,-0.649811306,-7.47230338,0.117315881,-1.24977327
43446459669502,0.0660463909,-3.55478716,-0.655137628,-7.45554397,0.165199915,-1.18273562
43446460657739,0.0553937465,-3.5324166,-0.659398686,-7.45314977,0.205901343,-1.04866033
43446461645976,0.0404800486,-3.51004605,-0.663659744,-7.45554397,0.217872351,-0.981622681
43446462634214,0.0223705511,-3.4876755,-0.665790273,-7.44117876,0.246602771,-0.909796631
43446463622451,0.00426105748,-3.46850074,-0.67005133,-7.46512078,0.234631763,-0.823605371
43446464610688,-0.0127831722,-3.45039124,-0.673247124,-7.43160195,0.205901343,-0.859518396
43446465599908,-0.0287621377,-3.43121648,-0.675377652,-7.24724843,0.363918652,-1.21864865
43446466588145,-0.0436758419,-3.40565014,-0.674312388,-7.09162532,0.536301172,-1.59932671
43446467576382,-0.0585895398,-3.3736922,-0.67005133,-6.98149204,0.509964954,-1.56820209
43446468564620,-0.0681769197,-3.33747321,-0.662594479,-7.01740507,0.402225879,-1.39821377
43446469552857,-0.0724379817,-3.30338475,-0.654072364,-7.15866296,0.359130249,-1.1587936
43446470541094,-0.0735032461,-3.27355735,-0.647680777,-7.31668027,0.316034619,-0.672770667
43446471530314,-0.0735032461,-3.25118679,-0.64128919,-7.6494743,0.146046301,-0.0909796631
43446472518551,-0.0766990394,-3.23840362,-0.638093397,-7.94156691,0.0359130249,0.335188232
43446473506788,-0.0852211549,-3.23627309,-0.64128919,-8.03254657,0.0718260498,0.495599744
43446474495025,-0.0980043198,-3.23840362,-0.645550248,-8.00621035,0.179565125,0.550666382
43446475483263,-0.115048551,-3.23627309,-0.651941835,-8.01099875,0.229843359,0.541089575
43446476471500,-0.138484368,-3.2298815,-0.658333421,-8.04930598,0.198718738,0.464475122
43446477460720,-0.165115988,-3.22029412,-0.664725008,-8.03733497,0.165199915,0.385466467
43446478448957,-0.193878111,-3.20644569,-0.671116595,-8.04451758,0.1436521,0.311246216
43446479437194,-0.220509722,-3.18940146,-0.677508181,-8.0708538,0.126892688,0.265756384
43446480425431,-0.243945539,-3.17235722,-0.684965032,-8.05648859,0.0909796631,0.263362183
43446481413669,-0.262055035,-3.15744352,-0.693487148,-8.06606539,-0.0167594116,0.270544788
43446482402888,-0.278034001,-3.14359508,-0.703074461,-8.0708538,-0.1436521,0.272938989
43446483391125,-0.289751927,-3.13081191,-0.713727106,-8.11634363,-0.227449158,0.241814368
43446484379363,-0.3025351,-3.11483294,-0.726510279,-8.13070884,-0.282515796,0.208295544
43446485367600,-0.314253009,-3.09885398,-0.740358716,-8.11394943,-0.306457812,0.287304199
43446486355837,-0.325970917,-3.07967922,-0.754207154,-8.17141027,-0.306457812,0.469263525
43446487344074,-0.335558297,-3.06263499,-0.770186121,-8.23126531,-0.284909998,0.627280835
43446488333294,-0.346210942,-3.04985181,-0.786165087,-8.25999573,-0.222660754,0.70628949
43446489321531,-0.356863553,-3.03813391,-0.79894826,-8.25041892,-0.177170923,0.835576379
43446490309768,-0.367516197,-3.02748126,-0.811731434,-8.25281312,-0.162805713,0.969651672
43446491298006,-0.379234106,-3.01789388,-0.823449342,-8.2264769,-0.148440503,0.995987891
43446492286243,-0.390952015,-3.0083065,-0.836232516,-8.15943926,-0.0909796631,0.914585034
43446493274480,-0.403735188,-2.99871912,-0.847950425,-8.10676682,-0.0981622681,0.890643018
43446494263700,-0.415453097,-2.98700121,-0.858603069,-8.04451758,-0.189141931,0.972045874
43446495251937,-0.427171006,-2.97208751,-0.870320978,-7.95353792,-0.122104285,0.905008228
43446496240174,-0.438888914,-2.95291275,-0.880973622,-7.85776985,-0.0311246216,0.938527051
43446497228412,-0.450606823,-2.93160746,-0.890561002,-7.88410607,-0.0335188232,1.24977327
43446498216649,-0.461259468,-2.9124327,-0.898017853,-8.0756422,-0.0454898315,1.56580789
43446499204886,-0.472977376,-2.90071479,-0.90440944,-8.20971749,-0.0550666382,1.82198746
43446500194106,-0.486825814,-2.89432321,-0.912931555,-8.23365951,-0.0407014282,2.0135236
43446501182343,-0.500674252,-2.89006215,-0.923584199,-8.24802472,-0.0191536133,2.10929166
43446502170580,-0.514522689,-2.88793162,-0.935302108,-8.2240827,0.0335188232,2.04943662
43446503158817,-0.530501656,-2.88473583,-0.944889488,-8.10676682,0.177170923,1.93690914
43446504147055,-0.55074168,-2.8794095,-0.953411604,-7.98226833,0.313640417,1.82677587
43446505135292,-0.570981738,-2.86982212,-0.958737926,-7.86734666,0.323217224,1.71185419
43446506124512,-0.591221762,-2.85384316,-0.964064248,-7.75721338,0.306457812,1.68791217
43446507112749,-0.609331257,-2.8346684,-0.966194777,-7.66862792,0.330399829,1.7357962
43446508100986,-0.629571282,-2.8165589,-0.966194777,-7.54412943,0.318428821,1.75016141
43446509089223,-0.649811306,-2.79844967,-0.964064248,-7.45554397,0.280121594,1.78128604
43446510077461,-0.67005133,-2.78034018,-0.962998984,-7.44117876,0.189141931,1.86268889
43446511065698,-0.68922609,-2.76223068,-0.961933719,-7.42920775,0.0119710083,2.01112939
43446512054917,-0.70520499,-2.74625172,-0.961933719,-7.40765994,-0.0622492432,2.10450326
43446513043155,-0.717988163,-2.73133801,-0.964064248,-7.39808313,-0.01436521,2.18351191
43446514031392,-0.731836601,-2.71748958,-0.966194777,-7.3478049,0.0239420166,2.31519301
43446515019629,-0.745685039,-2.70577167,-0.966194777,-7.28555565,0.0694318481,2.36547124
43446516007866,-0.760598741,-2.69405376,-0.965129512,-7.23048901,0.17238252,2.41814368
43446516996104,-0.774447178,-2.68233585,-0.960868455,-7.14669196,0.260967981,2.48757552
43446517985323,-0.789360881,-2.67168321,-0.956607397,-7.05331809,0.306457812,2.50194073
43446518973561,-0.806405111,-2.6599653,-0.95021581,-6.99346305,0.337582434,2.52827695
43446519961798,-0.826645136,-2.64718212,-0.944889488,-6.98149204,0.342370837,2.58573779
43446520950035,-0.84688516,-2.63013789,-0.936367373,-6.94079061,0.356736047,2.65756384
43446521938272,-0.86605992,-2.6120284,-0.927845257,-6.90727179,0.373495459,2.7365725
43446522927492,-0.887365209,-2.59498417,-0.919323142,-6.921637,0.397437476,2.81318695
43446523915729,-0.908670497,-2.5790052,-0.910801026,-6.94318481,0.428562097,2.92571443
43446524903966,-0.929975786,-2.56515676,-0.901213646,-6.96233843,0.426167896,3.03824191
43446525892204,-0.952346339,-2.55130832,-0.891626266,-7.04613549,0.402225879,3.14837518
43446526880441,-0.972586364,-2.54065568,-0.884169415,-7.14429775,0.387860669,3.25611426
43446527868678,-0.992826388,-2.53213356,-0.8756473,-7.18739338,0.368707056,3.33991132
43446528857898,-1.01413168,-2.52574198,-0.86605992,-7.23767162,0.342370837,3.40455476
43446529846135,-1.03543697,-2.52148092,-0.857537804,-7.27837305,0.330399829,3.48356342
43446530834372,-1.05567699,-2.51508933,-0.849015689,-7.27597885,0.323217224,3.58172568
43446531822610,-1.07485175,-2.50976301,-0.841558838,-7.30710347,0.306457812,3.68228215
43446532810847,-1.09402651,-2.50550195,-0.835167251,-7.3478049,0.306457812,3.7541082
43446533799084,-1.1153318,-2.50230616,-0.828775665,-7.43399615,0.268150586,3.77326182
43446534788304,-1.13557189,-2.50017563,-0.822384078,-7.47709178,0.229843359,3.84029946
43446535776541,-1.15155086,-2.5012409,-0.815992491,-7.46272657,0.256179578,3.87381829
43446536764778,-1.16752982,-2.50443669,-0.807470376,-7.45554397,0.258573779,3.93367333
43446537753015,-1.18563932,-2.50550195,-0.79894826,-7.47948599,0.213083948,4.15872828
43446538741253,-1.20800987,-2.50656722,-0.791491409,-7.47230338,0.201112939,4.30477458
43446539729490,-1.23251095,-2.50869775,-0.787230352,-7.41723674,0.215478149,4.321534
43446540718709,-1.25594677,-2.50869775,-0.782969294,-7.41005414,0.193930334,4.29280358
43446541706947,-1.27831732,-2.50869775,-0.776577707,-7.37174691,0.131681091,4.28562097
43446542695184,-1.30175314,-2.50763248,-0.77231665,-7.40047733,0.0646434448,4.29519778
43446543683421,-1.32625422,-2.50550195,-0.770186121,-7.47709178,0.0167594116,4.333505
43446544671659,-1.34755951,-2.50443669,-0.769120856,-7.4986396,0,4.36223542
43446545659896,-1.3688648,-2.50550195,-0.766990327,-7.46990918,0.01436521,4.31913979
43446546649115,-1.3869743,-2.50550195,-0.765925063,-7.40765994,0.0478840332,4.33589921
43446547637353,-1.40295313,-2.50763248,-0.763794534,-7.40047733,0.01436521,4.43406147
43446548625590,-1.41999736,-2.51082828,-0.760598741,-7.40047733,-0.0526724365,4.49631072
43446549613827,-1.43917212,-2.5129588,-0.758468212,-7.38371792,-0.0263362183,4.4651861
43446550602064,-1.45941214,-2.5129588,-0.757402947,-7.3597759,0.00478840332,4.40533105
43446551590302,-1.47752164,-2.5129588,-0.757402947,-7.3597759,0.0119710083,4.34308181
43446552579521,-1.49563114,-2.51402407,-0.758468212,-7.3549875,0.0263362183,4.23294854
43446553567758,-1.51267537,-2.5129588,-0.760598741,-7.37174691,0.00478840332,4.11563265
43446554555996,-1.5297196,-2.50976301,-0.76272927,-7.4962454,-0.0598550415,4.09169064
43446555544233,-1.5446333,-2.50976301,-0.764859798,-7.56088884,-0.0335188232,3.99831677
43446556532470,-1.559547,-2.51402407,-0.766990327,-7.49145699,0.0311246216,3.92409652
43446557520707,-1.57233017,-2.5161546,-0.768055592,-7.46033237,0.0167594116,4.0318356
43446558509927,-1.58404808,-2.51721986,-0.770186121,-7.48906279,0.00957680664,4.13718047
43446559498164,-1.59896179,-2.51828513,-0.773381914,-7.45075557,0.0670376465,4.12760366
43446560486402,-1.61494075,-2.51828513,-0.777642972,-7.43399615,0.0742202515,4.09169064
43446561474639,-1.63091972,-2.51828513,-0.780838765,-7.42441935,0.0119710083,4.10605585
43446562462876,-1.64796395,-2.52041566,-0.785099823,-7.41005414,-0.0766144531,4.09408484
43446563451113,-1.66713871,-2.52361145,-0.790426145,-7.45314977,-0.1436521,4.05338341
43446564440333,-1.68418294,-2.52574198,-0.79894826,-7.43639036,-0.126892688,3.96000955
43446565428570,-1.69909664,-2.52893777,-0.806405111,-7.31907448,-0.107739075,3.90494291
43446566416807,-1.71507561,-2.53213356,-0.812796698,-7.17063397,-0.148440503,3.95761534
43446567405045,-1.73425037,-2.53213356,-0.819188285,-7.00064565,-0.160411511,3.88100089
43446568393282,-1.75555566,-2.52893777,-0.825579871,-6.76601389,-0.0933738647,3.64876333
43446569382502,-1.77473042,-2.52041566,-0.828775665,-6.56011255,-0.0287304199,3.40216056
43446570370739,-1.78964412,-2.50443669,-0.829840929,-6.57447776,-0.126892688,3.454833
43446571358976,-1.80242729,-2.49165352,-0.830906194,-6.7851675,-0.330399829,3.83311686
43446572347213,-1.8141452,-2.48526193,-0.831971458,-6.98388624,-0.486022937,4.08450803
43446573335451,-1.82692837,-2.48632719,-0.836232516,-7.05331809,-0.588973608,4.0438066
43446574323688,-1.83971155,-2.49271878,-0.842624102,-7.01740507,-0.636857642,3.96958635
43446575312907,-1.85036419,-2.5012409,-0.850080953,-6.921637,-0.672770667,4.036624
43446576301145,-1.86101684,-2.50763248,-0.857537804,-6.85220515,-0.694318481,4.08211383
43446577289382,-1.87486527,-2.51082828,-0.86605992,-6.68700524,-0.687135876,3.99352837
43446578277619,-1.88764845,-2.5129588,-0.874582035,-6.4954691,-0.624886633,3.73256039
43446579265856,-1.90149689,-2.51082828,-0.879908358,-6.41646045,-0.658405457,3.52905325
43446580254094,-1.91641059,-2.50443669,-0.884169415,-6.35421121,-0.799663354,3.44525619
43446581243313,-1.93132429,-2.49697984,-0.886299944,-6.24168373,-0.811634363,3.30160409
43446582231551,-1.94410746,-2.48952299,-0.889495738,-6.12197365,-0.754173523,3.08612594
43446583219788,-1.95369484,-2.47780508,-0.891626266,-6.08606062,-0.780509741,3.01429989
43446584208025,-1.96115169,-2.46608717,-0.892691531,-6.15309827,-0.873883606,3.21301863
43446585196262,-1.96967381,-2.45756505,-0.89482206,-6.26083734,-0.955286462,3.47638081
43446586184500,-1.98032645,-2.45436926,-0.89482206,-6.26323154,-0.964863269,3.58172568
43446587173719,-1.99204436,-2.45223873,-0.898017853,-6.21295331,-0.936132849,3.51468804
43446588161956,-2.00269701,-2.4501082,-0.902278911,-6.21774171,-0.931344446,3.38779535
43446589150194,-2.01441492,-2.44797767,-0.906539968,-6.1961939,-0.931344446,3.29920989
43446590138431,-2.02719809,-2.44478188,-0.910801026,-6.10521423,-0.912190833,3.23217224
43446591126668,-2.03998126,-2.44265135,-0.91399682,-6.02620558,-0.928950244,3.12203896
43446592114905,-2.04956864,-2.43732503,-0.916127348,-6.01902297,-0.967257471,3.04542451
43446593104125,-2.06022129,-2.42986818,-0.917192613,-5.93522592,-0.993593689,3.01908829
43446594092362,-2.07300446,-2.42241133,-0.919323142,-5.7724202,-0.979228479,2.90416661
43446595080600,-2.0836571,-2.41388921,-0.919323142,-5.68862314,-0.972045874,2.79882174
43446596068837,-2.09324448,-2.40430183,-0.920388406,-5.65271012,-1.05823713,2.81797535
43446597057074,-2.10389713,-2.39364919,-0.920388406,-5.66228693,-1.12288058,2.83952317
43446598045311,-2.11348451,-2.38299654,-0.920388406,-5.71495936,-1.1540052,2.85867678
43446599034531,-2.12307189,-2.3723439,-0.921453671,-5.78199701,-1.19710083,2.91613762
43446600022768,-2.13265927,-2.36169125,-0.924649464,-5.79396802,-1.22583125,2.95205065
43446601011005,-2.14437718,-2.3542344,-0.927845257,-5.74129558,-1.24737906,2.8898014
43446601999243,-2.15716035,-2.34571229,-0.931041051,-5.66946953,-1.21625444,2.76290872
43446602987480,-2.16781299,-2.33612491,-0.933171579,-5.6215855,-1.18512982,2.69108267
43446603975717,-2.17740037,-2.32653753,-0.934236844,-5.57848987,-1.21864865,2.64559283
43446604964937,-2.18805302,-2.31481962,-0.935302108,-5.52102903,-1.24019646,2.5977088
43446605953174,-2.19870566,-2.30203645,-0.936367373,-5.49229861,-1.24259066,2.55940157
43446606941411,-2.20829304,-2.28499222,-0.937432637,-5.45638558,-1.28568629,2.49715233
43446607929648,-2.21788042,-2.26901325,-0.939563166,-5.40131895,-1.28329209,2.43490309
43446608917886,-2.22959833,-2.25303428,-0.939563166,-5.35582911,-1.25456167,2.36068284
43446609906123,-2.23918584,-2.23492479,-0.939563166,-5.34625231,-1.26653268,2.32955822
43446610895343,-2.24877322,-2.21468463,-0.939563166,-5.3294929,-1.24977327,2.3127988
43446611883580,-2.2583606,-2.19550987,-0.94062843,-5.29357987,-1.20667764,2.27209738
43446612871817,-2.26901325,-2.17526985,-0.941693695,-5.25287844,-1.18752402,2.19069452
43446613860054,-2.27966589,-2.15396456,-0.941693695,-5.21457122,-1.16118781,2.10210906
43446614848292,-2.28818801,-2.13052874,-0.94062843,-5.15950458,-1.17315881,2.14759889
43446615837511,-2.29777539,-2.10709292,-0.939563166,-5.17626399,-1.18034142,2.28885679
43446616825748,-2.30523224,-2.08472237,-0.938497902,-5.27921466,-1.14203419,2.29603939
43446617813986,-2.31481962,-2.06661287,-0.938497902,-5.3390697,-1.17315881,2.28406838
43446618802223,-2.32547226,-2.05063391,-0.937432637,-5.35582911,-1.21864865,2.33195242
43446619790460,-2.33612491,-2.03358968,-0.936367373,-5.32470449,-1.20667764,2.25773217
43446620778697,-2.34571229,-2.01654544,-0.935302108,-5.24809004,-1.18273562,2.10929166
43446621767917,-2.35529967,-1.99843595,-0.935302108,-5.18105239,-1.18273562,2.0231004
43446622756154,-2.36382178,-1.98032645,-0.936367373,-5.16668718,-1.19949503,1.95845696
43446623744392,-2.3723439,-1.95902116,-0.937432637,-5.15471617,-1.22822545,1.84114108
43446624732629,-2.38086601,-1.93558535,-0.938497902,-5.10683214,-1.24977327,1.7262194
43446625720866,-2.38938813,-1.91214953,-0.939563166,-5.06852491,-1.27610948,1.63284553
43446626709103,-2.39684498,-1.88764845,-0.939563166,-5.02303508,-1.27610948,1.65439335
43446627698323,-2.40323657,-1.8620821,-0.938497902,-4.8961424,-1.22822545,1.77649763
43446628686560,-2.41069342,-1.83864628,-0.937432637,-4.77403811,-1.17076461,1.8818425
43446629674797,-2.41815027,-1.81627573,-0.936367373,-4.69502946,-1.1587936,1.93690914
43446630663035,-2.42454186,-1.79177465,-0.934236844,-4.63996282,-1.19949503,1.93690914
43446631651272,-2.43306397,-1.76833883,-0.931041051,-4.63517441,-1.27132108,1.91775553
43446632639509,-2.44265135,-1.74383775,-0.927845257,-4.57531937,-1.31920511,1.8794483
43446633628729,-2.4501082,-1.7182714,-0.924649464,-4.45082089,-1.32638772,1.79086284
43446634616966,-2.45756505,-1.69163979,-0.922518935,-4.37420643,-1.36230074,1.75494982
43446635605203,-2.46395664,-1.66500818,-0.920388406,-4.28322677,-1.39103116,1.77649763
43446636593441,-2.47034823,-1.63837657,-0.918257877,-4.16591089,-1.36948335,1.76452662
43446637581678,-2.47460928,-1.60961443,-0.91399682,-4.07971963,-1.39103116,1.733402
43446638569915,-2.47887034,-1.57872176,-0.908670497,-4.01986459,-1.40539637,1.76452662
43446639559135,-2.48206614,-1.54889436,-0.90440944,-3.94803854,-1.38384856,1.85550629
43446640547372,-2.48952299,-1.51906695,-0.900148382,-3.80438644,-1.31681091,2.05183082
43446641535609,-2.4980451,-1.49137008,-0.89482206,-3.62721552,-1.13963999,2.600103
43446642523846,-2.50976301,-1.4636732,-0.887365209,-3.43807358,-1.08457335,2.77009132
43446643512084,-2.51721986,-1.43491106,-0.878843093,-3.42849678,-1.17076461,2.57376678
43446644500321,-2.52361145,-1.40614892,-0.868190449,-3.50750543,-1.21864865,2.63841023
43446645489541,-2.5310683,-1.37951744,-0.860733598,-3.47398661,-1.27610948,2.63362183
43446646477778,-2.53852515,-1.35288583,-0.853276747,-3.42131417,-1.33596453,2.4444799
43446647466015,-2.54172094,-1.32625422,-0.845819896,-3.44525619,-1.40300217,2.18351191
43446648454252,-2.54065568,-1.30068788,-0.83729778,-3.51708224,-1.51792385,1.99197578
43446649442490,-2.53745989,-1.272991,-0.828775665,-3.53144745,-1.57777889,1.89620771
43446650430727,-2.53426409,-1.24529413,-0.821318814,-3.58411989,-1.61129772,1.80762225
43446651419946,-2.53000304,-1.21866251,-0.817057756,-3.64397493,-1.71903679,1.67594116
43446652408184,-2.52361145,-1.19096564,-0.812796698,-3.64397493,-1.82677587,1.60650931
43446653396421,-2.51721986,-1.1622035,-0.809600905,-3.62960972,-1.89141931,1.60411511
43446654384658,-2.50976301,-1.13131083,-0.806405111,-3.6008793,-1.8818425,1.68791217
43446655372895,-2.50337142,-1.09935283,-0.803209318,-3.56736047,-1.84114108,1.83156427
43446656362115,-2.4980451,-1.06952543,-0.800013525,-3.50989963,-1.83395847,1.97521637
43446657350352,-2.49484931,-1.03969802,-0.796817732,-3.43807358,-1.84114108,2.14999309
43446658338589,-2.49484931,-1.01093588,-0.793621938,-3.36864174,-1.83395847,2.33674082
43446659326827,-2.4980451,-0.982173743,-0.788295616,-3.30399829,-1.81959326,2.50672914
43446660315064,-2.50230616,-0.953411604,-0.784034558,-3.24653745,-1.82438167,2.61925662
43446661303301,-2.50443669,-0.925714728,-0.777642972,-3.20823022,-1.83156427,2.70305367
43446662292521,-2.50869775,-0.898017853,-0.770186121,-3.20344182,-1.86268889,2.76530292
43446663280758,-2.51402407,-0.871386242,-0.76272927,-3.20104762,-1.91536133,2.78685073
43446664268995,-2.52041566,-0.844754631,-0.755272419,-3.18907661,-1.96563956,2.81558115
43446665257233,-2.52467671,-0.81812302,-0.748880832,-3.1794998,-1.99676418,2.79403334
43446666245470,-2.52787251,-0.792556674,-0.742489245,-3.20583602,-2.06619603,2.80839855
43446667233707,-2.5310683,-0.766990327,-0.737162923,-3.23456644,-2.12844528,2.85867678
43446668222927,-2.53213356,-0.741423981,-0.731836601,-3.24174905,-2.18590612,2.85628258
43446669211164,-2.53426409,-0.719053428,-0.725445014,-3.23456644,-2.24576116,2.84431157
43446670199401,-2.53532936,-0.696682941,-0.719053428,-3.24653745,-2.28646259,2.84909998
43446671187638,-2.53639462,-0.674312388,-0.715857634,-3.27526787,-2.33674082,2.84909998
43446672175876,-2.53745989,-0.653007099,-0.711596577,-3.29442148,-2.38462485,2.84431157
43446673164113,-2.53852515,-0.631701811,-0.707335519,-3.29442148,-2.43011469,2.86346519
43446674153333,-2.53745989,-0.611461786,-0.703074461,-3.30399829,-2.47560452,2.85867678
43446675141570,-2.53745989,-0.591221762,-0.69881347,-3.3183635,-2.49715233,2.83234056
43446676129807,-2.53745989,-0.569916473,-0.695617677,-3.33272871,-2.50433494,2.80121594
43446677118044,-2.53639462,-0.549676416,-0.690291355,-3.35667073,-2.55940157,2.80361014
43446678106282,-2.53639462,-0.529436391,-0.686030297,-3.35188232,-2.63841023,2.75333191
43446679094519,-2.53532936,-0.509196367,-0.683899768,-3.30399829,-2.67432325,2.7461493
43446680083738,-2.53319883,-0.486825814,-0.678573446,-3.29920989,-2.67911166,2.75333191
43446681071976,-2.53000304,-0.464455261,-0.675377652,-3.3207577,-2.7389667,2.70544788
43446682060213,-2.52787251,-0.443149972,-0.672181859,-3.28484468,-2.82994636,2.66953485
43446683048450,-2.52680724,-0.420779419,-0.67005133,-3.22020123,-2.84670577,2.6024972
43446684036687,-2.52574198,-0.397343601,-0.666855537,-3.19386501,-2.85149418,2.57855519
43446685024925,-2.52254618,-0.372842519,-0.664725008,-3.20823022,-2.91613762,2.53306536
43446686014144,-2.51935039,-0.348341471,-0.661529215,-3.18428821,-2.97359846,2.48518132
43446687002382,-2.5161546,-0.323840389,-0.658333421,-3.18428821,-3.01190569,2.47321031
43446687990619,-2.51082828,-0.298274042,-0.657268157,-3.19386501,-3.05978972,2.48518132
43446688978856,-2.50443669,-0.273772943,-0.657268157,-3.18668241,-3.14837518,2.52827695
43446689967093,-2.49911037,-0.249271861,-0.655137628,-3.19625922,-3.21301863,2.54503636
43446690955331,-2.49378404,-0.225836044,-0.65087657,-3.20344182,-3.22738384,2.50194073
43446691944550,-2.48845772,-0.201334962,-0.646615513,-3.1747114,-3.29202728,2.47799872
43446692932787,-2.4831314,-0.177899144,-0.643419719,-3.15316359,-3.37582434,2.46842191
43446693921025,-2.47673981,-0.153398079,-0.640223926,-3.18189401,-3.43807358,2.44208569
43446694909262,-2.47034823,-0.129962253,-0.637028133,-3.21541283,-3.48595762,2.4540567
43446695897499,-2.46289138,-0.105461171,-0.633832339,-3.23696064,-3.52187064,2.4444799
43446696885736,-2.45649979,-0.083090626,-0.631701811,-3.24414325,-3.59369669,2.43490309
43446697874956,-2.44904294,-0.0607200687,-0.631701811,-3.27287367,-3.67270535,2.4588451
43446698863193,-2.44158609,-0.0394147841,-0.631701811,-3.30399829,-3.74213719,2.4540567
43446699851431,-2.43412924,-0.0181094954,-0.631701811,-3.32794031,-3.79241543,2.47799872
43446700839668,-2.42667239,0.00426105748,-0.632767075,-3.35906493,-3.84029946,2.54743057
43446701827905,-2.41921553,0.0276968733,-0.632767075,-3.35188232,-3.91212551,2.57137258
43446702817125,-2.41069342,0.0511326888,-0.631701811,-3.34709392,-3.93367333,2.54982477
43446703805362,-2.4021713,0.0735032461,-0.629571282,-3.33991132,-3.92649072,2.52588275
43446704793599,-2.39364919,0.0958737909,-0.627440753,-3.37103594,-3.96719215,2.50433494
43446705781836,-2.38299654,0.118244344,-0.627440753,-3.41652577,-4.0438066,2.49715233
43446706770074,-2.3723439,0.140614906,-0.627440753,-3.44525619,-4.10366165,2.49236393
43446707758311,-2.36382178,0.162985459,-0.628506017,-3.50511123,-4.14675728,2.50194073
43446708747530,-2.3542344,0.187486524,-0.629571282,-3.55060106,-4.1874587,2.54264216
43446709735768,-2.34464702,0.210922342,-0.631701811,-3.61524451,-4.26646736,2.54982477
43446710724005,-2.33612491,0.233292895,-0.633832339,-3.67270535,-4.3311108,2.56658418
43446711712242,-2.32653753,0.254598184,-0.635962868,-3.70143577,-4.34547601,2.60967981
43446712700479,-2.31695015,0.273772943,-0.637028133,-3.7493198,-4.38138904,2.64559283
43446713688717,-2.30842803,0.295078249,-0.635962868,-3.80678064,-4.40533105,2.68868846
43446714677936,-2.29884065,0.315318273,-0.638093397,-3.87381829,-4.43884988,2.72938989
43446715666174,-2.28925327,0.334493033,-0.640223926,-3.93846173,-4.45800349,2.7461493
43446716654411,-2.27966589,0.352602495,-0.640223926,-3.97916316,-4.49152231,2.75333191
43446717642648,-2.27114378,0.369646726,-0.638093397,-4.01747039,-4.52982954,2.77966813
43446718630885,-2.26262166,0.386690957,-0.637028133,-4.07971963,-4.55137736,2.82515796
43446719619123,-2.25409955,0.401604659,-0.637028133,-4.17309349,-4.57531937,2.885013
43446720608342,-2.24451217,0.415453097,-0.635962868,-4.22576593,-4.56334836,2.92810863
43446721596579,-2.23492479,0.429301534,-0.634897604,-4.23773694,-4.58729038,2.97120426
43446722584817,-2.22640254,0.443149972,-0.632767075,-4.31195719,-4.60165559,3.0310593
43446723573054,-2.21788042,0.455933145,-0.631701811,-4.40293685,-4.60165559,3.10288535
43446724561291,-2.21148884,0.468716319,-0.630636546,-4.45082089,-4.6136266,3.15555779
43446725549528,-2.20509725,0.479368963,-0.629571282,-4.51546433,-4.618415,3.18428821
43446726538748,-2.19870566,0.490021607,-0.627440753,-4.58729038,-4.65911643,3.22020123
43446727526985,-2.19231408,0.500674252,-0.626375488,-4.63996282,-4.68066425,3.30878669
43446728515223,-2.18698775,0.510261632,-0.625310224,-4.68784685,-4.66629904,3.39258375
43446729503460,-2.18166143,0.518783747,-0.625310224,-4.76685551,-4.65193383,3.4596214
43446730491697,-2.17846564,0.527305863,-0.625310224,-4.82671055,-4.65432803,3.50032283
43446731479934,-2.17420458,0.534762714,-0.62424496,-4.87938298,-4.70460626,3.54820686
43446732469154,-2.17100879,0.540089036,-0.625310224,-4.93205542,-4.73812509,3.65355173
43446733457391,-2.16887826,0.546480622,-0.625310224,-4.93684382,-4.72854828,3.72537778
43446734445628,-2.16674773,0.552872209,-0.62424496,-4.98472786,-4.71657727,3.78283862
43446735433866,-2.16248667,0.557133267,-0.62424496,-5.05655391,-4.71418307,3.85705887
43446736422103,-2.16142141,0.561394358,-0.62424496,-5.10204374,-4.70939467,3.94085593
43446737410340,-2.16035614,0.564590151,-0.626375488,-5.13077416,-4.68784685,3.99113417
43446738399560,-2.15929088,0.567785944,-0.629571282,-5.14992777,-4.68545265,4.04620081
43446739387797,-2.16142141,0.567785944,-0.631701811,-5.20738861,-4.69981786,4.11323845
43446740376034,-2.16248667,0.56672068,-0.631701811,-5.25766685,-4.67587584,4.13239207
43446741364272,-2.16248667,0.56672068,-0.633832339,-5.26963785,-4.618415,4.12760366
43446742352509,-2.16355194,0.568851209,-0.638093397,-5.31033928,-4.6136266,4.13957467
43446743340746,-2.16568247,0.568851209,-0.64128919,-5.31991609,-4.62799181,4.15154568
43446744329966,-2.16781299,0.567785944,-0.642354455,-5.31752189,-4.618415,4.12042106
43446745318203,-2.16994352,0.567785944,-0.643419719,-5.3366755,-4.59207878,4.09647904
43446746306440,-2.17207405,0.56672068,-0.646615513,-5.35822332,-4.59207878,4.14436307
43446747294677,-2.17420458,0.56672068,-0.648746042,-5.39653054,-4.63517441,4.14436307
43446748282915,-2.17740037,0.565655416,-0.653007099,-5.40850155,-4.63517441,4.10845005
43446749272134,-2.18059617,0.564590151,-0.657268157,-5.38934794,-4.6112324,4.08211383
43446750260372,-2.18379196,0.562459622,-0.661529215,-5.42286676,-4.59207878,4.08211383
43446751248609,-2.18698775,0.561394358,-0.663659744,-5.45638558,-4.60404979,4.07732543
43446752236846,-2.19124881,0.559263829,-0.667920801,-5.45399138,-4.60165559,4.00789358
43446753225083,-2.19550987,0.558198531,-0.673247124,-5.45877979,-4.55377156,3.94564434
43446754213321,-2.19870566,0.559263829,-0.676442917,-5.45638558,-4.54658895,3.93367333
43446755202540,-2.20190146,0.559263829,-0.67963871,-5.46596239,-4.57053097,3.95522114
43446756190777,-2.20616251,0.558198531,-0.683899768,-5.46835659,-4.56334836,3.92649072
43446757179015,-2.20935831,0.557133267,-0.687095561,-5.44202037,-4.52743534,3.85705887
43446758167252,-2.21148884,0.558198531,-0.68922609,-5.42286676,-4.50828173,3.84508787
43446759155489,-2.21468463,0.557133267,-0.692421883,-5.44202037,-4.48433971,3.8929719
43446760143726,-2.22001095,0.557133267,-0.696682941,-5.46596239,-4.49152231,3.9001545
43446761132946,-2.22533727,0.556068002,-0.699878734,-5.45159718,-4.52264694,3.85945308
43446762121183,-2.22853307,0.555002738,-0.703074461,-5.42047256,-4.45560929,3.87860669
43446763109420,-2.23279412,0.552872209,-0.70520499,-5.53539424,-4.43166727,3.94803854
43446764097658,-2.23812058,0.547545887,-0.706270255,-5.58327827,-4.42687887,3.77805022
43446765085895,-2.24238164,0.544350094,-0.709466048,-5.55454785,-4.42448467,3.54581266
43446766074132,-2.24238164,0.545415358,-0.713727106,-5.68383474,-4.56574257,3.55299526
43446767063352,-2.2466427,0.545415358,-0.717988163,-5.65749852,-4.59207878,3.59609089
43446768051589,-2.25303428,0.544350094,-0.722249221,-5.54975945,-4.42927307,3.466804
43446769039826,-2.25729534,0.546480622,-0.72437975,-5.59764348,-4.35265862,3.44046779
43446770028064,-2.2583606,0.551806945,-0.725445014,-5.66468113,-4.28322677,3.47638081
43446771016301,-2.26475219,0.556068002,-0.725445014,-5.6263739,-4.15393988,3.34230552
43446772004538,-2.27007851,0.557133267,-0.721183957,-5.59285508,-4.16591089,3.33272871
43446772993758,-2.27220904,0.559263829,-0.71479237,-5.71017096,-4.23055433,3.43807358
43446773981995,-2.27220904,0.561394358,-0.706270255,-5.9112839,-4.30716879,3.51708224
43446774970232,-2.27540484,0.558198531,-0.699878734,-5.97353314,-4.41730206,3.51468804
43446775958469,-2.28286169,0.551806945,-0.694552412,-5.87776508,-4.43166727,3.4620156
43446776946707,-2.2913838,0.547545887,-0.688160826,-5.81551583,-4.30477458,3.63679232
43446777934944,-2.29884065,0.5411543,-0.680703975,-5.68622894,-4.07014282,4.46039769
43446778924164,-2.31481962,0.528371127,-0.672181859,-5.53539424,-4.0318356,4.49391652
43446779912401,-2.32547226,0.518783747,-0.661529215,-5.70777676,-4.30238038,3.82114585
43446780900638,-2.33505964,0.513457425,-0.651941835,-6.08606062,-4.63278021,3.67988795
43446781888875,-2.34890808,0.508131103,-0.646615513,-6.24168373,-4.85304677,3.466804
43446782877113,-2.36488705,0.502804781,-0.649811306,-6.15309827,-4.91290181,3.09091434
43446783865350,-2.37447443,0.503870045,-0.656202893,-6.22971272,-5.01345828,2.66474645
43446784854569,-2.37660496,0.510261632,-0.661529215,-6.52898793,-5.26963785,2.43729729
43446785842807,-2.37873549,0.514522689,-0.668986066,-6.68221683,-5.4827218,2.34392343
43446786831044,-2.38193128,0.516653218,-0.67963871,-6.68700524,-5.53778844,2.17154091
43446787819281,-2.38193128,0.516653218,-0.691356619,-6.76601389,-5.65271012,2.018312
43446788807518,-2.38086601,0.516653218,-0.703074461,-6.89290658,-5.86818827,2.00873519
43446789796738,-2.37873549,0.516653218,-0.716922899,-6.93121381,-5.99747516,2.02788881
43446790784975,-2.37660496,0.513457425,-0.729706072,-6.9168486,-6.04057079,2.03746561
43446791773213,-2.37340916,0.509196367,-0.744619774,-6.94318481,-6.08606062,2.09492645
43446792761450,-2.36808284,0.506000574,-0.759533476,-7.00782826,-6.22971272,2.09013805
43446793749687,-2.36701758,0.503870045,-0.774447178,-7.02458767,-6.35660541,1.99676418
43446794737924,-2.36488705,0.500674252,-0.788295616,-7.05331809,-6.40448944,1.94169755
43446795727144,-2.36275652,0.497478458,-0.802144054,-7.0700775,-6.46673868,1.8794483
43446796715381,-2.35956073,0.494282665,-0.81812302,-7.03655868,-6.54814154,1.7262194
43446797703618,-2.35529967,0.495347929,-0.835167251,-7.02698187,-6.56490095,1.53228906
43446798691856,-2.35103861,0.498543723,-0.851146218,-7.02219347,-6.53856473,1.42215579
43446799680093,-2.34677755,0.502804781,-0.864994655,-7.03416448,-6.58644877,1.39103116
43446800668330,-2.34038597,0.509196367,-0.877777829,-7.0652891,-6.66545742,1.32399352
43446801657550,-2.33505964,0.515587954,-0.891626266,-7.12274994,-6.71573566,1.24498486
43446802645787,-2.33079859,0.519849011,-0.906539968,-7.14669196,-6.69897625,1.19949503
43446803634024,-2.32760279,0.526240598,-0.920388406,-7.14908616,-6.65348641,1.23780226
43446804622262,-2.32227647,0.53156692,-0.934236844,-7.19936439,-6.6319386,1.30723411
43446805610499,-2.31801541,0.535827978,-0.945954753,-7.22809481,-6.64630381,1.3048399
43446806598736,-2.31375436,0.537958507,-0.956607397,-7.25203683,-6.67982263,1.27610948
43446807587956,-2.31055856,0.5411543,-0.967260041,-7.31668027,-6.70855305,1.28568629
43446808576193,-2.30842803,0.544350094,-0.97897795,-7.34062229,-6.76122549,1.30723411
43446809564430,-2.3062975,0.547545887,-0.989630594,-7.32865128,-6.75883129,1.28808049
43446810552667,-2.30523224,0.551806945,-1.0013485,-7.38371792,-6.75643708,1.24977327
43446811540905,-2.30416698,0.556068002,-1.01093588,-7.42202515,-6.79235011,1.22583125
43446812529142,-2.30416698,0.559263829,-1.02052326,-7.42681355,-6.80671532,1.18752402
43446813518361,-2.3062975,0.563524887,-1.03011064,-7.45793817,-6.83305154,1.16597621
43446814506599,-2.30736277,0.567785944,-1.04182855,-7.4986396,-6.88093557,1.1540052
43446815494836,-2.3062975,0.573112267,-1.05354646,-7.55610044,-6.90727179,1.13245739
43446816483073,-2.3062975,0.579503853,-1.06419911,-7.57764825,-6.9168486,1.13724579
43446817471311,-2.30736277,0.586960704,-1.07591701,-7.58961926,-6.95755002,1.11090957
43446818459548,-2.30523224,0.594417555,-1.08870019,-7.6375033,-6.98867465,1.06302554
43446819448767,-2.30416698,0.601874406,-1.10148336,-7.70214674,-7.00303986,1.06063134
43446820437005,-2.30203645,0.610396522,-1.11426653,-7.75003077,-7.04134708,1.05584293
43446821425242,-2.29990592,0.617853373,-1.12598451,-7.84579884,-7.09401952,1.04387192
43446822413479,-2.29990592,0.62424496,-1.13876768,-7.9272017,-7.12035574,1.05105453
43446823401716,-2.29990592,0.629571282,-1.15261612,-7.94874951,-7.16584557,1.07020814
43446824389954,-2.29884065,0.634897604,-1.16752982,-8.04691178,-7.19936439,1.05105453
43446825379173,-2.29777539,0.640223926,-1.18137826,-8.08761321,-7.19218179,1.02232411
43446826367410,-2.29777539,0.646615513,-1.1952267,-8.13310304,-7.18260498,1.06541974
43446827355648,-2.29990592,0.651941835,-1.2101404,-8.19774648,-7.19457599,1.12766898
43446828343885,-2.30203645,0.655137628,-1.22292357,-8.2192943,-7.23048901,1.12527478
43446829332122,-2.30310171,0.656202893,-1.23677201,-8.29830295,-7.27119044,1.11569797
43446830320359,-2.30310171,0.656202893,-1.25062045,-8.32703337,-7.29034406,1.18512982
43446831309579,-2.30416698,0.655137628,-1.26446889,-8.31266816,-7.27119044,1.21386024
43446832297816,-2.30416698,0.655137628,-1.27831732,-8.33900438,-7.29752666,1.21625444
43446833286054,-2.30203645,0.656202893,-1.29216576,-8.43237825,-7.36456431,1.27132108
43446834274291,-2.30203645,0.655137628,-1.30388367,-8.48983909,-7.38850632,1.32399352
43446835262528,-2.30416698,0.651941835,-1.31773211,-8.47547388,-7.39090052,1.35032974
43446836251748,-2.30736277,0.648746042,-1.33158055,-8.49941589,-7.41484254,1.35511814
43446837239985,-2.30842803,0.647680777,-1.34436372,-8.54251152,-7.44117876,1.35511814
43446838228222,-2.3094933,0.645550248,-1.35714689,-8.57603035,-7.45075557,1.34314713
43446839216459,-2.31055856,0.642354455,-1.37206059,-8.61673177,-7.47230338,1.37666595
43446840204697,-2.31162383,0.638093397,-1.38590903,-8.61433757,-7.5010338,1.42694419
43446841192934,-2.31162383,0.633832339,-1.3986922,-8.67419261,-7.51061061,1.41018478
43446842182154,-2.31375436,0.628506017,-1.41040998,-8.76277808,-7.53694683,1.37187755
43446843170391,-2.31588488,0.623179695,-1.42425842,-8.77474908,-7.53934103,1.35990654
43446844158628,-2.31481962,0.619983902,-1.43810686,-8.7986911,-7.53215842,1.34793553
43446845146865,-2.31481962,0.615722844,-1.45195529,-8.83699833,-7.52737002,1.32399352
43446846135103,-2.31375436,0.611461786,-1.46473847,-8.87291135,-7.51539901,1.2928689
43446847123340,-2.31375436,0.6050702,-1.47752164,-8.91840118,-7.53215842,1.3048399
43446848112559,-2.31481962,0.598678613,-1.49137008,-8.96628522,-7.54652363,1.31681091
43446849100797,-2.31481962,0.592287026,-1.50521851,-8.96867942,-7.52976422,1.3024457
43446850089034,-2.31268909,0.586960704,-1.51906695,-8.94952581,-7.48427439,1.33835873
43446851077271,-2.31162383,0.578438589,-1.53291539,-8.84657513,-7.30710347,1.70227738
43446852065508,-2.31268909,0.565655416,-1.54569856,-8.67419261,-7.04134708,2.36786544
43446853053746,-2.32014594,0.549676416,-1.55635121,-8.52096371,-6.98149204,2.35828864
43446854042965,-2.324407,0.539023771,-1.56487332,-8.63827959,-7.14908616,1.98239897
43446855031203,-2.32653753,0.529436391,-1.57233017,-8.84178673,-7.32146868,1.92493813
43446856019440,-2.32973332,0.516653218,-1.58298282,-8.87051715,-7.40526573,1.74776721
43446857007677,-2.32973332,0.504935309,-1.59576599,-8.83220992,-7.39090052,1.45088621
43446857995914,-2.324407,0.498543723,-1.60961443,-8.92079539,-7.41963094,1.14203419
43446858984152,-2.31588488,0.493217401,-1.62346287,-9.0812069,-7.56088884,0.976834277
43446859973371,-2.30736277,0.486825814,-1.63944183,-9.07163009,-7.6375033,0.979228479
43446860961608,-2.29884065,0.482564756,-1.65755133,-9.04050547,-7.62074388,0.864306799
43446861949846,-2.28712274,0.477238434,-1.67672609,-9.06444749,-7.67581052,0.802057556
43446862938083,-2.27327431,0.470846847,-1.69483558,-9.12430253,-7.80030901,0.931344446
43446863926320,-2.26262166,0.463389996,-1.71401034,-9.11951412,-7.85537565,1.06063134
43446864914557,-2.25303428,0.452737352,-1.7331851,-9.05726488,-7.87213506,1.22583125
43446865903777,-2.24238164,0.439954179,-1.75022934,-9.04289967,-7.92001909,1.47482822
43446866892014,-2.23172886,0.425040477,-1.76727357,-8.99740984,-7.94635531,1.68072957
43446867880252,-2.22427201,0.405865717,-1.7843178,-8.84896934,-7.88889447,1.73819041
43446868868489,-2.22001095,0.386690957,-1.7992315,-8.70292303,-7.82664523,1.7310078
43446869856726,-2.21468463,0.369646726,-1.81201467,-8.56884774,-7.85058724,1.71185419
43446870844963,-2.20935831,0.354733024,-1.82479785,-8.46110867,-7.88889447,1.61848032
43446871834183,-2.20403198,0.341949884,-1.83438523,-8.370129,-7.91523069,1.45806881
43446872822420,-2.19870566,0.329166711,-1.84503787,-8.30787976,-7.98945094,1.38863696
43446873810657,-2.19231408,0.319579331,-1.85569051,-8.27914934,-8.01339296,1.42215579
43446874798895,-2.18698775,0.313187744,-1.86421263,-8.20732329,-7.99423934,1.51792385
43446875787132,-2.18166143,0.306796158,-1.87273475,-8.14746825,-7.95832632,1.57777889
43446876776351,-2.17846564,0.299339307,-1.88232213,-8.13789144,-7.94156691,1.54904847
43446877764589,-2.17526985,0.289751927,-1.89190951,-8.12352623,-7.98466254,1.5825673
43446878752826,-2.17207405,0.279099266,-1.90043162,-8.14986245,-8.02536396,1.66875856
43446879741063,-2.17100879,0.269511886,-1.90682321,-7.95114371,-8.02775817,1.65678755
43446880729300,-2.16674773,0.258859241,-1.91321479,-7.91523069,-8.0756422,1.42454999
43446881717538,-2.15929088,0.248206597,-1.91960638,-8.04691178,-8.11155522,1.35272394
43446882706757,-2.15289929,0.237553953,-1.9249327,-7.88650027,-8.12113203,1.53707747
43446883694995,-2.14650771,0.226901308,-1.92919376,-7.79791481,-8.18338127,1.56101948
43446884683232,-2.14011612,0.215183399,-1.93345482,-7.73566556,-8.24084211,1.39821377
43446885671469,-2.13372453,0.20559602,-1.93771588,-7.6494743,-8.29112035,1.26174427
43446886659706,-2.12413715,0.194943375,-1.94197693,-7.59680187,-8.32224497,1.21386024
43446887647944,-2.11454977,0.187486524,-1.94410746,-7.48427439,-8.33661018,1.1492168
43446888637163,-2.10496239,0.180029673,-1.94623799,-7.39568893,-8.3653406,1.09654436
43446889625400,-2.09537501,0.173638103,-1.94623799,-7.3573817,-8.41561884,1.02711251
43446890613638,-2.0836571,0.168311781,-1.94730326,-7.29752666,-8.44434926,0.960074866
43446891601875,-2.07193919,0.16085493,-1.94836852,-7.28076725,-8.5018101,0.921767639
43446892590112,-2.05809076,0.153398079,-1.94730326,-7.26400784,-8.59997236,0.811634363
43446893578349,-2.04317706,0.148071757,-1.94730326,-7.24246002,-8.66940421,0.70628949
43446894567569,-2.02932862,0.143810699,-1.94730326,-7.20175859,-8.71968245,0.629675037
43446895555806,-2.01548018,0.140614906,-1.94730326,-7.14669196,-8.77235488,0.553060583
43446896544044,-1.99950121,0.136353839,-1.94730326,-7.13950935,-8.80826791,0.531512769
43446897532281,-1.98458751,0.134223311,-1.94730326,-7.07965431,-8.82981572,0.536301172
43446898520518,-1.96967381,0.133158046,-1.94623799,-6.86178196,-8.655039,0.928950244
43446899508755,-1.9579559,0.127831724,-1.9430422,-6.62236179,-8.42519564,1.42694419
43446900497975,-1.95049905,0.120374873,-1.93665061,-6.50744011,-8.48983909,1.36230074
43446901486212,-1.9398464,0.116113815,-1.92919376,-6.65348641,-8.69334623,1.16358201
43446902474449,-1.92919376,0.112918022,-1.92173691,-6.83305154,-8.8010853,1.13485159
43446903462687,-1.91960638,0.105461171,-1.91534532,-6.84502255,-8.82981572,1.0079589
43446904450924,-1.90895374,0.0969390554,-1.910019,-6.86417616,-8.92079539,0.775721338
43446905439161,-1.89404003,0.0916127332,-1.90575794,-6.9168486,-9.07163009,0.555454785
43446906428381,-1.87593054,0.0873516838,-1.90362741,-7.02219347,-9.22246479,0.404620081
43446907416618,-1.85675578,0.083090626,-1.90149689,-7.04134708,-9.31583866,0.366312854
43446908404855,-1.83971155,0.0798948327,-1.90149689,-7.01022246,-9.33738647,0.213083948
43446909393093,-1.82266732,0.0745685105,-1.90256215,-7.01261666,-9.35893429,-0.0622492432
43446910381330,-1.80349256,0.0713727172,-1.90149689,-6.99825145,-9.42597194,-0.141257898
43446911369567,-1.78218727,0.0713727172,-1.90043162,-7.02458767,-9.49061538,-0.0694318481
43446912358787,-1.76088198,0.0692421842,-1.89723583,-7.0676833,-9.50976899,-0.0622492432
43446913347024,-1.73851143,0.0660463909,-1.8951053,-7.08683691,-9.50737479,-0.0119710083
43446914335261,-1.71720614,0.0617853331,-1.89617056,-7.10359633,-9.49540378,0.0933738647
43446915323498,-1.69590085,0.0553937465,-1.89617056,-7.16105717,-9.52174,0.203507141
43446916311736,-1.67459556,0.0447411022,-1.8951053,-7.2041528,-9.55525883,0.328005627
43446917299973,-1.65435554,0.031957931,-1.8951053,-7.2137296,-9.62229647,0.399831677
43446918289193,-1.63837657,0.0213052887,-1.8951053,-7.19218179,-9.68454572,0.368707056
43446919277430,-1.62133234,0.0117179078,-1.89617056,-7.17302817,-9.69891093,0.332794031
43446920265667,-1.60215758,0.00106526437,-1.89830109,-7.19218179,-9.76594857,0.354341846
43446921253904,-1.58085229,-0.00958737992,-1.90256215,-7.16823977,-9.82101521,0.375889661
43446922242142,-1.559547,-0.0181094954,-1.90895374,-7.13711515,-9.8114384,0.330399829
43446923231361,-1.53930698,-0.0266316088,-1.91321479,-7.09401952,-9.77552538,0.258573779
43446924219598,-1.52013222,-0.0362189908,-1.91428006,-7.03177028,-9.76834277,0.258573779
43446925207836,-1.50202272,-0.0447411022,-1.91534532,-7.00064565,-9.77791958,0.318428821
43446926196073,-1.48284796,-0.0521979532,-1.91747585,-6.97191523,-9.73721815,0.426167896
43446927184310,-1.46260794,-0.0617853331,-1.92067165,-6.96952103,-9.70369933,0.507570752
43446928172547,-1.44343318,-0.0745685105,-1.92280217,-6.94797322,-9.70130513,0.598550415
43446929161767,-1.42532368,-0.0873516838,-1.92280217,-6.86657036,-9.67257471,0.641646045
43446930150004,-1.40934472,-0.100134849,-1.92067165,-6.7851675,-9.61032546,0.581791003
43446931138241,-1.39443115,-0.111852757,-1.91747585,-6.72770667,-9.58159504,0.588973608
43446932126479,-1.37738692,-0.121440137,-1.91321479,-6.70615885,-9.60074866,0.670376465
43446933114716,-1.35927742,-0.132092782,-1.90788847,-6.69658204,-9.59835446,0.708683691
43446934102953,-1.34223319,-0.144875963,-1.90362741,-6.64630381,-9.56962404,0.679953271
43446935092173,-1.32838475,-0.156593872,-1.89830109,-6.53856473,-9.50498059,0.588973608
43446936080410,-1.31134052,-0.166181252,-1.89297477,-6.46195028,-9.47385597,0.581791003
43446937068647,-1.29216576,-0.17683388,-1.88445265,-6.41646045,-9.49300958,0.682347473
43446938056885,-1.27405627,-0.18642126,-1.87593054,-6.36618221,-9.47146177,0.725443103
43446939045122,-1.25488151,-0.19600864,-1.86634316,-6.32548079,-9.39963572,0.656011255
43446940033359,-1.23677201,-0.206661284,-1.85675578,-6.27280835,-9.35654009,0.651222852
43446941022579,-1.21866251,-0.218379193,-1.84397261,-6.27520255,-9.36132849,0.833182178
43446942010816,-1.20055302,-0.23222763,-1.83118943,-6.26323154,-9.32302126,0.890643018
43446942999053,-1.18137826,-0.245010804,-1.81734099,-6.2009823,-9.30147345,0.830787976
43446943987290,-1.16326876,-0.258859241,-1.80349256,-6.22013591,-9.35414589,0.878672009
43446944975528,-1.14622453,-0.273772943,-1.79070938,-6.21295331,-9.3780879,0.933738647
43446945963765,-1.13131083,-0.289751927,-1.77792621,-6.18422289,-9.3756937,0.938527051
43446946952985,-1.11639706,-0.305730893,-1.7662083,-6.13873306,-9.39005891,0.902614026
43446947941222,-1.09935283,-0.32170986,-1.75235986,-6.07169541,-9.43076034,0.835576379
43446948929459,-1.08337386,-0.335558297,-1.7363809,-6.10521423,-9.54089362,0.806845959
43446949917696,-1.06846016,-0.349406735,-1.71933667,-6.12915625,-9.67736311,0.849941589
43446950905934,-1.05141593,-0.364320404,-1.70548823,-6.16028087,-9.75637177,0.854729993
43446951894171,-1.03756749,-0.379234106,-1.69163979,-6.16985768,-9.83059202,0.799663354
43446952883390,-1.02265379,-0.394147808,-1.67992188,-6.10282003,-9.89762966,0.773327136
43446953871628,-1.00774009,-0.40906151,-1.66926924,-6.01184037,-9.86411084,0.632069238
43446954859865,-0.992826388,-0.422909948,-1.65755133,-5.89691869,-9.86889924,0.440533105
43446955848102,-0.975782157,-0.435693121,-1.64263763,-5.79875642,-9.90481227,0.320823022
43446956836339,-0.956607397,-0.446345765,-1.62665866,-5.72214197,-9.93114849,0.232237561
43446957824577,-0.939563166,-0.458063674,-1.61067969,-5.61440289,-9.99339773,0.126892688
43446958813796,-0.920388406,-0.467651054,-1.59363546,-5.52102903,-10.0293108,-0.0167594116
43446959802034,-0.898017853,-0.47617317,-1.57552597,-5.44441458,-10.067618,-0.162805713
43446960790271,-0.871386242,-0.482564756,-1.55635121,-5.32709869,-10.1298672,-0.251391174
43446961778508,-0.844754631,-0.488956343,-1.53717645,-5.26245525,-10.2040875,-0.289698401
43446962766745,-0.817057756,-0.493217401,-1.51800169,-5.24090743,-10.2759135,-0.306457812
43446963755965,-0.789360881,-0.498543723,-1.49882693,-5.14753357,-10.2902787,-0.196324536
43446964744202,-0.76272927,-0.508131103,-1.47965217,-4.9105076,-10.127473,0.421379492
43446965732439,-0.739293452,-0.518783747,-1.45728162,-4.63756862,-10.0460702,0.567425793
43446966720677,-0.71479237,-0.527305863,-1.43278053,-4.65193383,-10.2136643,0.0909796631
43446967708914,-0.686030297,-0.533697449,-1.40934472,-4.82192214,-10.4028062,0.00718260498
43446968697151,-0.66046395,-0.5411543,-1.38590903,-4.80276853,-10.5392757,-0.0502782349
43446969686371,-0.634897604,-0.548611151,-1.36460374,-4.7548845,-10.5967365,-0.292092603
43446970674608,-0.606135464,-0.552872209,-1.34436372,-4.74530769,-10.6637742,-0.56263739
43446971662845,-0.572047002,-0.555002738,-1.32305843,-4.84825836,-10.8337625,-0.723048901
43446972651083,-0.537958507,-0.556068002,-1.30494893,-4.91769021,-10.994174,-0.828393774
43446973639320,-0.506000574,-0.557133267,-1.28896997,-4.86022937,-11.0276928,-0.885854614
43446974627557,-0.474042641,-0.557133267,-1.272991,-4.88417139,-11.0444523,-0.890643018
43446975616777,-0.442084708,-0.558198531,-1.25594677,-4.86262357,-11.0995189,-0.888248816
43446976605014,-0.411192039,-0.559263829,-1.2399678,-4.78600912,-11.1354319,-0.830787976
43446977593251,-0.379234106,-0.561394358,-1.22398884,-4.72375988,-11.2024696,-0.696712683
43446978581488,-0.348341471,-0.564590151,-1.20800987,-4.68305845,-11.3006318,-0.567425793
43446979569726,-0.317448802,-0.569916473,-1.18990038,-4.63038601,-11.3533043,-0.474051929
43446980557963,-0.289751927,-0.575242795,-1.17179088,-4.53940635,-11.4035825,-0.411802686
43446981547182,-0.264185563,-0.581634382,-1.15261612,-4.49391652,-11.4586491,-0.313640417
43446982535420,-0.238619217,-0.586960704,-1.13450662,-4.40772526,-11.4897738,-0.225054956
43446983523657,-0.214118135,-0.594417555,-1.11639706,-4.31195719,-11.5113216,-0.102950671
43446984511894,-0.191747582,-0.600809142,-1.0972223,-4.27364996,-11.540052,-0.0814028564
43446985500131,-0.168311781,-0.6050702,-1.07698228,-4.15393988,-11.6358201,-0.234631763
43446986488369,-0.143810699,-0.607200729,-1.05674225,-4.13718047,-11.80102,-0.306457812
43446987477588,-0.119309609,-0.610396522,-1.03756749,-4.14915148,-11.8991823,-0.311246216
43446988465826,-0.093743262,-0.616788108,-1.02052326,-4.09408484,-11.9518547,-0.361524451
43446989454063,-0.0671116553,-0.62424496,-1.00241377,-4.07253702,-12.0667764,-0.387860669
43446990442300,-0.0362189908,-0.628506017,-0.983239008,-4.0342298,-12.169727,-0.359130249
43446991430537,-0.00745685053,-0.632767075,-0.962998984,-4.00549938,-12.2104285,-0.481234534
43446992418775,0.0202400243,-0.638093397,-0.943824224,-3.92888492,-12.2870429,-0.66319386
43446993407994,0.0511326888,-0.643419719,-0.924649464,-3.8905777,-12.4283008,-0.703895288
43446994396231,0.0852211549,-0.649811306,-0.90440944,-3.86663568,-12.5097037,-0.76375033
43446995384469,0.120374873,-0.655137628,-0.884169415,-3.81635745,-12.6174427,-0.835576379
43446996372706,0.156593872,-0.658333421,-0.863929391,-3.79241543,-12.7419412,-0.878672009
43446997360943,0.193878111,-0.663659744,-0.843689367,-3.7445314,-12.7778543,-0.933738647
43446998349180,0.230097102,-0.668986066,-0.824514607,-3.66552274,-12.8257383,-0.916979236
43446999338400,0.267381357,-0.674312388,-0.803209318,-3.62482131,-12.8424977,-0.940921252
43447000326637,0.305730893,-0.676442917,-0.782969294,-3.55778367,-12.8472861,-0.955286462
43447001314875,0.344080413,-0.677508181,-0.76272927,-3.48356342,-12.8808049,-0.964863269
43447002303112,0.381364635,-0.677508181,-0.741423981,-3.466804,-12.8975643,-0.979228479
43447003291349,0.41864889,-0.676442917,-0.719053428,-3.45004459,-12.9310832,-0.916979236
43447004279586,0.455933145,-0.675377652,-0.696682941,-3.42370837,-12.9143238,-0.950498059
43447005268806,0.494282665,-0.674312388,-0.674312388,-3.41173737,-12.8951701,-0.967257471
43447006257043,0.53156692,-0.673247124,-0.65087657,-3.44765039,-12.9071411,-0.979228479
43447007245280,0.569916473,-0.673247124,-0.628506017,-3.45004459,-12.9071411,-0.993593689
43447008233518,0.609331257,-0.673247124,-0.607200729,-3.4572272,-12.8760165,-0.936132849
43447009221755,0.646615513,-0.673247124,-0.583764911,-3.47159241,-12.8377093,-0.936132849
43447010210975,0.682834503,-0.672181859,-0.560329093,-3.49553442,-12.8209499,-0.926556042
43447011199212,0.719053428,-0.67005133,-0.537958507,-3.51708224,-12.7826427,-0.909796631
43447012187449,0.757402947,-0.668986066,-0.515587954,-3.49553442,-12.7491238,-0.873883606
43447013175686,0.794687203,-0.667920801,-0.491086872,-3.50511123,-12.7203934,-0.849941589
43447014163924,0.833036722,-0.668986066,-0.468716319,-3.56257207,-12.7108166,-0.854729993
43447015152161,0.870320978,-0.671116595,-0.446345765,-3.5984851,-12.679692,-0.842758984
43447016141380,0.907605233,-0.674312388,-0.423975212,-3.57693728,-12.667721,-0.833182178
43447017129618,0.945954753,-0.676442917,-0.401604659,-3.61524451,-12.6701152,-0.840364783
43447018117855,0.983239008,-0.678573446,-0.38029937,-3.65115753,-12.6413848,-0.859518396
43447019106092,1.02158853,-0.67963871,-0.358994082,-3.64876333,-12.6605384,-0.878672009
43447020094329,1.05993805,-0.678573446,-0.337688826,-3.64876333,-12.6701152,-0.890643018
43447021082567,1.09828757,-0.676442917,-0.316383538,-3.65594594,-12.65575,-0.890643018
43447022071786,1.13663715,-0.675377652,-0.295078249,-3.68707056,-12.6581442,-0.905008228
43447023060024,1.17498667,-0.675377652,-0.274838208,-3.68946476,-12.6270196,-0.900219824
43447024048261,1.21333619,-0.675377652,-0.256728712,-3.67749375,-12.5863181,-0.864306799
43447025036498,1.25168571,-0.673247124,-0.238619217,-3.66552274,-12.5935007,-0.835576379
43447026024735,1.28896997,-0.671116595,-0.219444457,-3.66073434,-12.5815297,-0.790086548
43447027012973,1.32731949,-0.67005133,-0.199204433,-3.63679232,-12.5575877,-0.746990918
43447028002192,1.36566901,-0.667920801,-0.177899144,-3.63679232,-12.5408283,-0.744596716
43447028990429,1.40401839,-0.666855537,-0.158724401,-3.63439812,-12.5073095,-0.727837305
43447029978667,1.44130265,-0.664725008,-0.138484368,-3.63918652,-12.5240689,-0.675164868
43447030966904,1.47965217,-0.663659744,-0.118244344,-3.65355173,-12.5456167,-0.641646045
43447031955141,1.51800169,-0.663659744,-0.0969390554,-3.64158073,-12.5456167,-0.598550415
43447032943378,1.55741647,-0.663659744,-0.075633775,-3.66552274,-12.5408283,-0.5770026
43447033932598,1.59789652,-0.663659744,-0.0564590109,-3.68467635,-12.5432225,-0.54827218
43447034920835,1.63731131,-0.664725008,-0.0362189908,-3.71580098,-12.5623761,-0.442927307
43447035909072,1.67459556,-0.666855537,-0.0159789655,-3.73256039,-12.5384341,-0.397437476
43447036897310,1.71187982,-0.667920801,0.00426105748,-3.7445314,-12.5360399,-0.361524451
43447037885547,1.74916407,-0.67005133,0.0245010799,-3.77326182,-12.5408283,-0.311246216
43447038873784,1.78538306,-0.672181859,0.0458063666,-3.78762703,-12.5240689,-0.256179578
43447039863004,1.82266732,-0.674312388,0.0671116553,-3.82593425,-12.5240689,-0.193930334
43447040851241,1.85888631,-0.675377652,0.0873516838,-3.81156904,-12.5216747,-0.179565125
43447041839478,1.8951053,-0.677508181,0.108656964,-3.76368501,-12.5216747,-0.153228906
43447042827716,1.93025902,-0.67963871,0.127831724,-3.78283862,-12.5120979,-0.126892688
43447043815953,1.96541275,-0.681769239,0.147006492,-3.78762703,-12.4785791,-0.102950671
43447044804190,2.00056648,-0.684965032,0.166181252,-3.79720383,-12.4594254,-0.0742202515
43447045793410,2.03785073,-0.686030297,0.18642126,-3.82832845,-12.442666,-0.0478840332
43447046781647,2.07406972,-0.688160826,0.208791813,-3.85705887,-12.4163298,-0.0191536133
43447047769884,2.10815819,-0.691356619,0.229031837,-3.88339509,-12.3971762,-0.00239420166
43447048758121,2.14331191,-0.693487148,0.248206597,-3.88339509,-12.4091472,0.00239420166
43447049746359,2.17740037,-0.696682941,0.266316092,-3.8905777,-12.4283008,0.0167594116
43447050735578,2.2125541,-0.700943932,0.285490869,-3.93127913,-12.4402718,0.0502782349
43447051723816,2.24877322,-0.70520499,0.303600364,-3.95043274,-12.4498486,0.0502782349
43447052712053,2.28499222,-0.708400783,0.32170986,-3.95043274,-12.4139356,0.0502782349
43447053700290,2.32014594,-0.710531312,0.338754091,-3.96719215,-12.4163298,0.0885854614
43447054688527,2.35529967,-0.715857634,0.355798288,-3.98873997,-12.430695,0.12928689
43447055676765,2.39045339,-0.720118692,0.371777255,-3.99592257,-12.3971762,0.174776721
43447056665984,2.42560712,-0.72437975,0.387756221,-3.98873997,-12.3612632,0.198718738
43447057654221,2.46182611,-0.727575543,0.402669924,-4.00071097,-12.3133791,0.239420166
43447058642459,2.49591457,-0.729706072,0.417583626,-4.01986459,-12.2702835,0.354341846
43447059630696,2.52893777,-0.73396713,0.433562592,-4.00310518,-12.2319763,0.363918652
43447060618933,2.56196097,-0.737162923,0.44741103,-4.01747039,-12.1840922,0.284909998
43447061607170,2.59604943,-0.738228188,0.460194203,-4.11802686,-12.1888807,0.306457812
43447062596390,2.63120316,-0.738228188,0.472977376,-4.22816013,-12.2104285,0.359130249
43447063584627,2.66422635,-0.739293452,0.484695285,-4.28322677,-12.1625444,0.378283862
43447064572865,2.69618429,-0.741423981,0.496413194,-4.35744702,-12.1386024,0.380678064
43447065561102,2.72814222,-0.741423981,0.506000574,-4.44363828,-12.1314198,0.442927307
43447066549339,2.76116542,-0.74355451,0.516653218,-4.49391652,-12.109872,0.553060583
43447067537576,2.79205809,-0.746750303,0.526240598,-4.55855996,-12.0667764,0.639251843
43447068526796,2.82081996,-0.751011361,0.536893242,-4.63517441,-12.0141039,0.689530078
43447069515033,2.85064736,-0.756337683,0.548611151,-4.7548845,-12.0021329,0.730231506
43447070503270,2.88047477,-0.76272927,0.558198531,-4.88656559,-12.0188923,0.79248075
43447071491508,2.90923691,-0.771251385,0.567785944,-5.00388147,-11.9973445,0.859518396
43447072479745,2.93693378,-0.778708236,0.57630806,-5.06134231,-11.9470663,0.948103857
43447073467982,2.96676119,-0.787230352,0.583764911,-5.09007273,-11.9255185,1.02232411
43447074457202,2.99445806,-0.796817732,0.590156498,-5.13795676,-11.8896054,1.07739075
43447075445439,3.02215494,-0.806405111,0.597613349,-5.1858408,-11.7986258,1.17794722
43447076433676,3.04772129,-0.81812302,0.606135464,-5.24330164,-11.7291939,1.22104285
43447077421914,3.07328763,-0.829840929,0.613592315,-5.27682046,-11.7076461,1.23061965
43447078410151,3.09991924,-0.839428309,0.621049166,-5.34385811,-11.6813099,1.30962831
43447079398388,3.12655085,-0.847950425,0.628506017,-5.40850155,-11.6501853,1.40300217
43447080387608,3.15105194,-0.858603069,0.635962868,-5.42286676,-11.5807534,1.49158763
43447081375845,3.17555302,-0.868190449,0.64128919,-5.47075079,-11.5137158,1.54904847
43447082364082,3.2000541,-0.878843093,0.645550248,-5.55215365,-11.4658318,1.5873557
43447083352319,3.22562045,-0.889495738,0.65087657,-5.57130726,-11.4323129,1.5801731
43447084340557,3.25012153,-0.901213646,0.656202893,-5.54497104,-11.3724579,1.56341368
43447085328794,3.27568787,-0.912931555,0.66046395,-5.55215365,-11.2814782,1.60890352
43447086318013,3.30231949,-0.923584199,0.663659744,-5.58327827,-11.1617681,1.65678755
43447087306251,3.3289511,-0.934236844,0.668986066,-5.6215855,-11.0588175,1.71664259
43447088294488,3.35451744,-0.945954753,0.674312388,-5.68144054,-11.006145,1.80762225
43447089282725,3.38114905,-0.957672661,0.678573446,-5.73411298,-10.9415016,1.8722657
43447090270963,3.4067154,-0.970455835,0.67963871,-5.78439121,-10.8577045,1.96563956
43447091260182,3.43228175,-0.984304272,0.682834503,-5.82748684,-10.7858785,2.06859023
43447092248419,3.45678283,-0.999217974,0.684965032,-5.83945785,-10.7260234,2.14520469
43447093236657,3.48021865,-1.01413168,0.687095561,-5.84664045,-10.6661684,2.21703074
43447094224894,3.5025892,-1.02798011,0.68922609,-5.84185205,-10.5871597,2.26491477
43447095213131,3.52389449,-1.04076329,0.690291355,-5.87058247,-10.4842091,2.32237561
43447096201368,3.54306925,-1.05461173,0.690291355,-5.87297667,-10.4291424,2.39659586
43447097190588,3.56224401,-1.06846016,0.691356619,-5.83945785,-10.4219598,2.52109435
43447098178825,3.5803535,-1.08017807,0.691356619,-5.87537087,-10.3836526,2.66474645
43447099167062,3.598463,-1.09402651,0.691356619,-5.88734188,-10.3309802,2.78445653
43447100155300,3.61550723,-1.10787495,0.691356619,-5.86100566,-10.3094323,2.89219561
43447101143537,3.63255146,-1.12278872,0.68922609,-5.86100566,-10.2783077,2.99754048
43447102131774,3.64853043,-1.13983295,0.687095561,-5.83706365,-10.2495773,3.09330854
43447103120994,3.66344413,-1.15687718,0.686030297,-5.81551583,-10.2160585,3.19147081
43447104109231,3.67729257,-1.17285614,0.683899768,-5.82988104,-10.1418382,3.24174905
43447105097468,3.68901048,-1.18776985,0.67963871,-5.85142886,-10.09156,3.27526787
43447106085706,3.70072838,-1.20374881,0.678573446,-5.85382306,-10.0748006,3.35188232
43447107073943,3.7092505,-1.21972778,0.676442917,-5.82748684,-10.0125513,3.39976636
43447108062180,3.71777262,-1.23570675,0.674312388,-5.80354482,-9.92157168,3.42849678
43447109051400,3.72736,-1.25062045,0.672181859,-5.78917961,-9.84256302,3.44765039
43447110039637,3.73588211,-1.26553415,0.67005133,-5.77720861,-9.78270798,3.4644098
43447111027874,3.74333896,-1.28044785,0.67005133,-5.7628434,-9.71567034,3.49792863
43447112016111,3.74866528,-1.29429629,0.67005133,-5.78199701,-9.63426748,3.54820686
43447113004349,3.75505687,-1.30920999,0.671116595,-5.80115062,-9.58159504,3.61524451
43447113992586,3.76038319,-1.32412369,0.672181859,-5.79396802,-9.53131681,3.67270535
43447114981806,3.76570952,-1.34010266,0.673247124,-5.80115062,-9.47864437,3.71101257
43447115970043,3.76890531,-1.35714689,0.673247124,-5.81551583,-9.43076034,3.76847341
43447116958280,3.7721011,-1.37419112,0.674312388,-5.83466945,-9.38527051,3.82593425
43447117946517,3.77423163,-1.39230062,0.675377652,-5.83945785,-9.35893429,3.85705887
43447118934755,3.77742742,-1.41040998,0.677508181,-5.82748684,-9.33259807,3.86902988
43447119922992,3.78062322,-1.43171527,0.678573446,-5.81791003,-9.30626185,3.85705887
43447120912211,3.78381901,-1.45089003,0.67963871,-5.81072743,-9.30386765,3.84269366
43447121900449,3.7870148,-1.47006479,0.681769239,-5.79396802,-9.28471404,3.84029946
43447122888686,3.78808007,-1.49030481,0.684965032,-5.7748144,-9.24640681,3.80917484
43447123876923,3.78914533,-1.50841431,0.687095561,-5.74608398,-9.2296474,3.7565024
43447124865160,3.7902106,-1.52545854,0.688160826,-5.71495936,-9.19852278,3.72058938
43447125853398,3.79127586,-1.54037224,0.688160826,-5.70538256,-9.18415757,3.71819518
43447126842617,3.79553692,-1.55528594,0.688160826,-5.67904634,-9.19852278,3.73495459
43447127830855,3.79873271,-1.57019965,0.690291355,-5.65271012,-9.16739816,3.70143577
43447128819092,3.80192851,-1.58511335,0.690291355,-5.6239797,-9.15542715,3.65115753
43447129807329,3.80405903,-1.60002705,0.691356619,-5.59764348,-9.16739816,3.59609089
43447130795566,3.80405903,-1.61387549,0.692421883,-5.58567247,-9.15303295,3.55538947
43447131783804,3.80725483,-1.6255934,0.693487148,-5.57848987,-9.16260975,3.55299526
43447132773023,3.81151589,-1.63624604,0.693487148,-5.58088407,-9.13148513,3.51947644
43447133761260,3.81577694,-1.64902921,0.692421883,-5.56651886,-9.09557211,3.4620156
43447134749498,3.82110327,-1.66074712,0.691356619,-5.60243188,-9.10754312,3.41413157
43447135737735,3.82536432,-1.6735303,0.688160826,-5.66468113,-9.14106194,3.39976636
43447136725972,3.83069065,-1.68418294,0.687095561,-5.68862314,-9.15782135,3.38540115
43447137715192,3.83708223,-1.69590085,0.686030297,-5.68144054,-9.14585034,3.38300695
43447138703429,3.84560435,-1.70868402,0.684965032,-5.67904634,-9.15063875,3.40455476
43447139691666,3.85412646,-1.72253246,0.681769239,-5.71256516,-9.18176337,3.39018955
43447140679904,3.86051805,-1.73851143,0.677508181,-5.75326659,-9.20570538,3.41173737
43447141668141,3.86690964,-1.75449039,0.673247124,-5.75566079,-9.20331118,3.466804
43447142656378,3.87223596,-1.7694041,0.668986066,-5.74608398,-9.16260975,3.49792863
43447143645598,3.88075807,-1.78644833,0.664725008,-5.74847819,-9.13387933,3.51947644
43447144633835,3.88821493,-1.80455782,0.66046395,-5.72693037,-9.14824454,3.54581266
43447145622072,3.89354125,-1.82160205,0.655137628,-5.69819995,-9.12909093,3.58411989
43447146610309,3.9009981,-1.83864628,0.649811306,-5.65510432,-9.05247648,3.6080619
43447147598547,3.90632442,-1.85569051,0.644484984,-5.6191913,-9.00938085,3.62242711
43447148586784,3.91271601,-1.87166948,0.640223926,-5.58567247,-8.98065043,3.66552274
43447149576003,3.91804233,-1.88871371,0.634897604,-5.54018264,-8.92079539,3.69664736
43447150564241,3.92230339,-1.90469268,0.629571282,-5.49948121,-8.86812295,3.71101257
43447151552478,3.92656444,-1.91960638,0.625310224,-5.42765516,-8.81066211,3.7469256
43447152540715,3.93189077,-1.93452008,0.619983902,-5.3390697,-8.76277808,3.78762703
43447153528952,3.9340213,-1.95049905,0.615722844,-5.26724365,-8.68855782,3.82114585
43447154517190,3.93615182,-1.96541275,0.611461786,-5.20738861,-8.60476077,3.87142408
43447155506409,3.93721709,-1.97926119,0.608265993,-5.13556256,-8.57124194,3.95043274
43447156494647,3.93828235,-1.99204436,0.6050702,-5.06134231,-8.54251152,4.01986459
43447157482884,3.93934762,-2.0058928,0.602939671,-4.99669886,-8.45632026,4.06535442
43447158471121,3.94041288,-2.01974124,0.600809142,-4.92008441,-8.38928262,4.08690223
43447159459358,3.94041288,-2.03358968,0.597613349,-4.83868156,-8.37252321,4.12760366
43447160447596,3.94147815,-2.04850338,0.594417555,-4.77643231,-8.3653406,4.21858333
43447161436815,3.94360868,-2.06448234,0.589091233,-4.72854828,-8.33661018,4.26886156
43447162425052,3.94467394,-2.08046131,0.584830175,-4.64953962,-8.27436094,4.23055433
43447163413290,3.94360868,-2.09644028,0.579503853,-4.52264694,-8.20492909,4.14436307
43447164401527,3.94360868,-2.11241924,0.574177531,-4.39814845,-8.12113203,4.06296022
43447165389764,3.94467394,-2.12626768,0.572047002,-4.27843837,-8.0780364,4.01028778
43447166378001,3.94786973,-2.13798559,0.570981738,-4.1754877,-8.02775817,3.97198055
43447167367221,3.95213079,-2.14863823,0.567785944,-4.09887324,-7.95114371,3.91930812
43447168355458,3.95532658,-2.15929088,0.563524887,-4.0318356,-7.94874951,3.85466467
43447169343696,3.96065291,-2.16781299,0.560329093,-3.93846173,-7.9343843,3.78762703
43447170331933,3.96597923,-2.17633511,0.558198531,-3.83311686,-7.88410607,3.72777198
43447171320170,3.97237082,-2.1827267,0.556068002,-3.73974299,-7.87452926,3.66312854
43447172309390,3.9787624,-2.18805302,0.553937473,-3.61285031,-7.84819304,3.6104561
43447173297627,3.98515399,-2.19231408,0.551806945,-3.49792863,-7.76439598,3.55299526
43447174285864,3.98834978,-2.19550987,0.549676416,-3.38061274,-7.67820472,3.49314022
43447175274101,3.9936761,-2.1976404,0.55074168,-3.21301863,-7.62313809,3.33512291
43447176262339,4.00219822,-2.20083619,0.552872209,-3.10049115,-7.63271489,3.07654913
43447177250576,4.01285086,-2.19870566,0.553937473,-3.08133754,-7.65186851,2.97120426
43447178239796,4.02456877,-2.19657513,0.555002738,-3.05500132,-7.61834968,3.00711729
43447179228033,4.03522142,-2.19337934,0.556068002,-2.95444485,-7.5058222,3.04542451
43447180216270,4.04587406,-2.18911828,0.558198531,-2.85388838,-7.41484254,3.05739552
43447181204507,4.05759197,-2.18485723,0.561394358,-2.81079275,-7.39329473,3.07176073
43447182192745,4.06717935,-2.18059617,0.565655416,-2.77966813,-7.37174691,3.12922157
43447183180982,4.0746362,-2.17633511,0.567785944,-2.73178409,-7.3549875,3.21062443
43447184170201,4.08422358,-2.17313932,0.568851209,-2.63122762,-7.28794985,3.3135751
43447185158439,4.09487623,-2.16994352,0.569916473,-2.52827695,-7.21851801,3.37821854
43447186146676,4.10233308,-2.16781299,0.570981738,-2.43729729,-7.206547,3.43089098
43447187134913,4.10978993,-2.16355194,0.573112267,-2.35589443,-7.18499918,3.52665905
43447188123150,4.11405099,-2.15929088,0.57630806,-2.3080104,-7.14669196,3.57214888
43447189111388,4.11937731,-2.15502982,0.580569118,-2.17872351,-7.04852969,3.63200392
43447190100607,4.12470363,-2.15076876,0.584830175,-2.05183082,-6.96952103,3.71340677
43447191088845,4.12896469,-2.14650771,0.589091233,-1.98718738,-6.96473263,3.79480963
43447192077082,4.13109522,-2.14224665,0.593352291,-1.91296713,-6.93600221,3.87621249
43447193065319,4.13216048,-2.13692033,0.596548084,-1.82438167,-6.93839641,3.92170232
43447194053556,4.13322575,-2.131594,0.600809142,-1.7286136,-6.93839641,3.90733711
43447195041794,4.13322575,-2.12413715,0.6050702,-1.65918175,-6.90487759,3.90733711
43447196031013,4.13429101,-2.1166803,0.608265993,-1.56820209,-6.87854137,3.95043274
43447197019250,4.13535627,-2.10815819,0.611461786,-1.46764562,-6.87854137,3.91691392
43447198007488,4.13642154,-2.09750554,0.61465758,-1.37427175,-6.87375297,3.87621249
43447198995725,4.13855207,-2.08578763,0.617853373,-1.29047469,-6.82108053,3.8953661
43447199983962,4.1374868,-2.07406972,0.621049166,-1.20188923,-6.75883129,3.90254871
43447200972199,4.1374868,-2.06128655,0.625310224,-1.10851537,-6.71334146,3.88339509
43447201961419,4.1374868,-2.04743811,0.628506017,-1.04147772,-6.68939944,3.87381829
43447202949656,4.13642154,-2.03252441,0.632767075,-0.984016882,-6.65827482,3.90494291
43447203937893,4.13535627,-2.01761071,0.637028133,-0.926556042,-6.59841978,4.01747039
43447204926131,4.13429101,-2.00163174,0.640223926,-0.847547388,-6.55771835,4.09408484
43447205914368,4.13429101,-1.98671804,0.643419719,-0.785298145,-6.51462272,4.13239207
43447206902605,4.13535627,-1.97393487,0.647680777,-0.737414111,-6.44997927,4.20182391
43447207891825,4.13642154,-1.96221696,0.651941835,-0.64882865,-6.41646045,4.30477458
43447208880062,4.13535627,-1.95049905,0.656202893,-0.550666382,-6.38294163,4.39575425
43447209868299,4.1374868,-1.9398464,0.66046395,-0.466869324,-6.32787499,4.36462963
43447210856537,4.1406826,-1.92919376,0.664725008,-0.378283862,-6.27280835,4.36702383
43447211844774,4.14281313,-1.91747585,0.67005133,-0.251391174,-6.21055911,4.39814845
43447212833011,4.14600892,-1.90682321,0.675377652,-0.1436521,-6.16746348,4.37899484
43447213822231,4.14920471,-1.8951053,0.682834503,-0.0526724365,-6.13633885,4.333505
43447214810468,4.15346577,-1.88125686,0.690291355,0.0670376465,-6.04057079,4.36941803
43447215798705,4.15772683,-1.86634316,0.697748206,0.186747729,-5.92086071,4.46039769
43447216786942,4.15985736,-1.85036419,0.70520499,0.268150586,-5.85142886,4.48912811
43447217775180,4.16198789,-1.83545049,0.713727106,0.320823022,-5.81072743,4.50828173
43447218764399,4.16518368,-1.81947152,0.72437975,0.397437476,-5.74847819,4.60644399
43447219752637,4.16731421,-1.80242729,0.73396713,0.488417139,-5.66228693,4.63517441
43447220740874,4.16944474,-1.78538306,0.744619774,0.5770026,-5.60961449,4.6112324
43447221729111,4.17264053,-1.7694041,0.75314189,0.656011255,-5.52102903,4.62799181
43447222717348,4.17477106,-1.75342513,0.761664005,0.718260498,-5.45638558,4.6208092
43447223705586,4.17583632,-1.73531563,0.771251385,0.797269153,-5.42526096,4.6160208
43447224694805,4.17477106,-1.71720614,0.781904029,0.885854614,-5.36061752,4.68545265
43447225683042,4.17370579,-1.69803138,0.792556674,0.893037219,-5.31752189,4.79319172
43447226671280,4.17370579,-1.67779135,0.803209318,0.902614026,-5.28400306,4.79798013
43447227659517,4.17370579,-1.65755133,0.813861963,0.972045874,-5.20978281,4.82910475
43447228647754,4.17264053,-1.63837657,0.822384078,1.03908352,-5.14753357,4.88417139
43447229635991,4.17051,-1.61813655,0.830906194,1.11090957,-5.11401475,4.88417139
43447230625211,4.16731421,-1.59576599,0.840493573,1.20428344,-5.02782349,4.9009308
43447231613448,4.16305315,-1.5744607,0.853276747,1.3000515,-4.93444962,4.94642063
43447232601686,4.15772683,-1.55422068,0.86605992,1.35511814,-4.85544097,4.98233365
43447233589923,4.15133524,-1.53185013,0.879908358,1.40779058,-4.76924971,5.00148727
43447234578160,4.14494365,-1.50947957,0.89482206,1.47243402,-4.68545265,4.98951626
43447235566397,4.13855207,-1.48604376,0.910801026,1.54665427,-4.6136266,4.99430466
43447236555617,4.13216048,-1.46154267,0.925714728,1.60172091,-4.54419475,4.99909307
43447237543854,4.12470363,-1.43917212,0.939563166,1.62566293,-4.49870492,4.97515105
43447238532091,4.11831204,-1.41467104,0.954476868,1.67354696,-4.4675803,4.97993945
43447239520329,4.11405099,-1.39017009,0.970455835,1.74537301,-4.40293685,4.99669886
43447240508566,4.10872466,-1.36566901,0.98856533,1.78846864,-4.3263224,4.98233365
43447241496803,4.10339834,-1.34223319,1.00880535,1.81480486,-4.25689055,4.98951626
43447242486023,4.09700675,-1.31986264,1.02904538,1.84832368,-4.1874587,4.97754525
43447243474260,4.09061517,-1.29749208,1.05141593,1.86747729,-4.09887324,4.92966122
43447244462497,4.08635411,-1.272991,1.07165596,1.8770541,-3.99831677,4.87459458
43447245450735,4.08209305,-1.24742465,1.09402651,1.90578452,-3.9001545,4.81234534
43447246438972,4.07889726,-1.22292357,1.11639706,1.94169755,-3.80438644,4.77403811
43447247427209,4.0746362,-1.19735723,1.13876768,1.97282217,-3.7469256,4.74051929
43447248416429,4.06930988,-1.17179088,1.16113824,1.96563956,-3.69664736,4.68305845
43447249404666,4.06504882,-1.14515927,1.18350879,1.94648595,-3.5984851,4.65432803
43447250392903,4.06398356,-1.11959292,1.20800987,1.94648595,-3.51468804,4.63038601
43447251381140,4.06078776,-1.09189598,1.23144569,1.92254393,-3.44286199,4.55616576
43447252369378,4.05652671,-1.06313384,1.25488151,1.90578452,-3.36145913,4.48194551
43447253357615,4.05439618,-1.03543697,1.27725206,1.88902511,-3.29681569,4.43884988
43447254346834,4.05226565,-1.00880535,1.30068788,1.86747729,-3.21780703,4.42209047
43447255335072,4.04906986,-0.981108479,1.32518896,1.84592948,-3.14358678,4.39096584
43447256323309,4.0448088,-0.952346339,1.34862478,1.82677587,-3.06457812,4.36941803
43447257311546,4.041613,-0.922518935,1.37206059,1.81480486,-2.99275208,4.34308181
43447258299784,4.03948248,-0.893756795,1.39549641,1.81480486,-2.93529124,4.28801517
43447259289003,4.03735195,-0.86605992,1.41999736,1.77649763,-2.8898014,4.24252534
43447260277240,4.03309089,-0.83729778,1.44343318,1.74537301,-2.84909998,4.20900652
43447261265478,4.03202562,-0.80853564,1.46580373,1.75494982,-2.79163914,4.16830509
43447262253715,4.03202562,-0.779773501,1.48923955,1.75255562,-2.7413609,4.11802686
43447263241952,4.03202562,-0.748880832,1.51054484,1.74058461,-2.69347687,4.07014282
43447264230189,4.03202562,-0.71479237,1.53078486,1.7238252,-2.66235225,4.06056602
43447265219409,4.03202562,-0.681769239,1.55315541,1.7286136,-2.62883342,4.05817181
43447266207646,4.03202562,-0.647680777,1.57552597,1.7286136,-2.6024972,4.04859501
43447267195883,4.03309089,-0.613592315,1.59576599,1.71424839,-2.57376678,4.036624
43447268184121,4.03415615,-0.582699647,1.61600602,1.69270057,-2.55700737,4.0342298
43447269172358,4.03522142,-0.55074168,1.63624604,1.67115276,-2.55221897,4.05098921
43447270160595,4.03735195,-0.517718483,1.6554208,1.67115276,-2.51630594,4.02704719
43447271149815,4.03948248,-0.483630021,1.67459556,1.67594116,-2.4588451,4.01028778
43447272138052,4.04267827,-0.450606823,1.69483558,1.68551797,-2.40856687,4.01747039
43447273126289,4.04587406,-0.41864889,1.71614087,1.70227738,-2.37983645,3.99831677
43447274114527,4.04800459,-0.386690957,1.7363809,1.67594116,-2.34152922,3.97437476
43447275102764,4.05120038,-0.353667759,1.75342513,1.66397015,-2.32716401,3.97676896
43447276091001,4.05439618,-0.319579331,1.77046936,1.65439335,-2.31758721,3.97198055
43447277080221,4.05759197,-0.285490869,1.78964412,1.64242234,-2.24336696,3.97676896
43447278068458,4.06185303,-0.25140239,1.80775361,1.68551797,-2.1643583,3.97916316
43447279056695,4.06717935,-0.217313928,1.82586311,1.71664259,-2.12126267,3.97198055
43447280044932,4.07250567,-0.184290731,1.84503787,1.733402,-2.06619603,3.99592257
43447281033170,4.07783199,-0.150202285,1.86421263,1.74537301,-1.98479318,3.99592257
43447282021407,4.08422358,-0.11717908,1.88338739,1.75255562,-1.92014973,3.99831677
43447283010627,4.09168043,-0.0862864193,1.90149689,1.74058461,-1.89141931,4.00789358
43447283998864,4.09913728,-0.0532632176,1.91960638,1.74297881,-1.82438167,3.98873997
43447284987101,4.1076594,-0.0202400243,1.9398464,1.79086284,-1.7310078,4.036624
43447285975338,4.11618151,0.0138484366,1.96008643,1.82917007,-1.64721074,4.06296022
43447286963576,4.12470363,0.046871631,1.97926119,1.84353528,-1.56580789,4.02465299
43447287951813,4.13429101,0.0809600971,1.99843595,1.82677587,-1.49158763,4.00310518
43447288941032,4.14281313,0.11717908,2.01654544,1.84114108,-1.41257898,4.07493123
43447289929270,4.15133524,0.15126755,2.03358968,1.86747729,-1.35272394,4.15393988
43447290917507,4.15985736,0.185355995,2.05169917,1.85550629,-1.30723411,4.21140072
43447291905744,4.16837947,0.220509722,2.06980867,1.82438167,-1.24737906,4.29998618
43447292893981,4.17477106,0.254598184,2.08898343,1.81719906,-1.1468226,4.35984122
43447293882219,4.18009738,0.289751927,2.10602766,1.8746599,-1.0055647,4.4771571
43447294871438,4.1854237,0.322775124,2.12307189,1.89141931,-0.895431421,4.58729038
43447295859676,4.19181529,0.356863553,2.14118138,1.89860192,-0.811634363,4.6088382
43447296847913,4.19607635,0.392017279,2.15929088,1.92254393,-0.725443103,4.60165559
43447297836150,4.19927214,0.42823627,2.17633511,1.88663091,-0.682347473,4.59207878
43447298824387,4.20140267,0.465520525,2.19231408,1.90099612,-0.63446344,4.66390483
43447299813607,4.20246793,0.500674252,2.20722778,1.92972654,-0.502782349,4.71418307
43447300801844,4.20140267,0.539023771,2.22214148,1.95366855,-0.366312854,4.71418307
43447301790081,4.2035332,0.579503853,2.23705532,1.94648595,-0.323217224,4.69742366
43447302778319,4.20566373,0.622114431,2.25196902,1.90578452,-0.311246216,4.67587584
43447303766556,4.20459846,0.663659744,2.26794798,1.88663091,-0.287304199,4.73094248
43447304754793,4.20246793,0.706270255,2.28392695,1.85550629,-0.232237561,4.77643231
43447305744013,4.20140267,0.747815568,2.30097118,1.83395847,-0.131681091,4.79798013
43447306732250,4.2003374,0.789360881,2.31481962,1.85550629,-0.0430956299,4.81234534
43447307720487,4.19820688,0.829840929,2.32760279,1.86029469,0.0598550415,4.77643231
43447308708725,4.19714161,0.869255713,2.3393207,1.83395847,0.131681091,4.7524903
43447309696962,4.19607635,0.910801026,2.35210387,1.78368024,0.138863696,4.73333668
43447310685199,4.19501108,0.952346339,2.36595231,1.5897499,0.10055647,4.82192214
43447311674419,4.19075003,0.996022181,2.37767022,1.55623108,0.1436521,4.85304677
43447312662656,4.1854237,1.04076329,2.38619234,1.63045133,0.179565125,4.87938298
43447313650893,4.18009738,1.08443913,2.39577972,1.5897499,0.193930334,4.97515105
43447314639130,4.17477106,1.12491924,2.4053671,1.61369192,0.318428821,4.93923802
43447315627368,4.16518368,1.16433403,2.41495448,1.60650931,0.409408484,4.94881483
43447316615605,4.15772683,1.20268355,2.42560712,1.64002814,0.521935962,4.92008441
43447317604824,4.15240051,1.24209833,2.43839029,1.62326873,0.624886633,4.85065256
43447318593062,4.14707418,1.28151312,2.45223873,1.49398184,0.624886633,4.73573088
43447319581299,4.14281313,1.32305843,2.4650219,1.39581957,0.646434448,4.49152231
43447320569536,4.13961733,1.36673427,2.47460928,1.33357032,0.744596716,4.36702383
43447321557773,4.13535627,1.40934472,2.4831314,1.38145436,0.885854614,4.36941803
43447322546011,4.13429101,1.45089003,2.49271878,1.40779058,0.995987891,4.3287166
43447323535230,4.13322575,1.49350061,2.50337142,1.34554133,1.06781394,4.23773694
43447324523468,4.13109522,1.53824171,2.51402407,1.31681091,1.20667764,4.23534274
43447325511705,4.12789942,1.58404808,2.52361145,1.29047469,1.36230074,4.30716879
43447326499942,4.12363837,1.63091972,2.53213356,1.24019646,1.50595284,4.24731375
43447327488179,4.12044257,1.67992188,2.54065568,1.13485159,1.59453831,4.02465299
43447328476417,4.11937731,1.72998931,2.54811253,0.914585034,1.5801731,3.69425316
43447329465636,4.11831204,1.78005674,2.55343885,0.809240161,1.63284553,3.67988795
43447330453873,4.11724678,1.83012417,2.55983044,0.854729993,1.82438167,3.77086761
43447331442111,4.11405099,1.88338739,2.56622203,0.818816968,1.99197578,3.61285031
43447332430348,4.11298572,1.93878114,2.57154835,0.727837305,2.12844528,3.61285031
43447333418585,4.11085519,1.99204436,2.57580941,0.725443103,2.34871183,3.77565602
43447334407805,4.10552887,2.04104653,2.58113573,0.751779321,2.52109435,3.86902988
43447335396042,4.10020255,2.09430975,2.58539679,0.670376465,2.5953146,3.84748207
43447382839289,3.44719545,4.12789942,2.39577972,-2.46602771,4.7572787,2.67671746
43447383827526,3.42802069,4.16305315,2.39045339,-2.49475813,4.7620671,2.61446821
43447384815763,3.40884593,4.19820688,2.38299654,-2.50912334,4.84586416,2.47799872
43447385804001,3.39286696,4.2365564,2.37660496,-2.41574948,4.99909307,2.43969149
43447386793220,3.37475747,4.27597118,2.37340916,-2.42532628,5.02542928,2.36547124
43447387781458,3.3587785,4.3143207,2.37127863,-2.49236393,4.97515105,2.3008278
43447388769695,3.34279953,4.35373548,2.36808284,-2.50912334,4.97036265,2.29843359
43447389757932,3.32682057,4.39315027,2.36488705,-2.51151754,5.03740029,2.24576116
43447390746169,3.30871107,4.43256505,2.36169125,-2.53067115,5.11880315,2.1691467
43447391734407,3.29166684,4.47304537,2.35849546,-2.5929204,5.17386979,2.10929166
43447392723626,3.27462261,4.51459068,2.35529967,-2.65756384,5.21935962,2.03746561
43447393711863,3.25864364,4.5529402,2.35316914,-2.70065947,5.28400306,1.98958158
43447394700101,3.24159941,4.59128972,2.34997335,-2.77727393,5.3318871,2.02788881
43447395688338,3.22668571,4.62857397,2.34677755,-2.89219561,5.31752189,2.12605107
43447396676575,3.21177201,4.66266244,2.34358176,-3.01190569,5.26484945,2.19069452
43447397664812,3.19792357,4.6967509,2.33825544,-3.15555779,5.26724365,2.33195242
43447398654032,3.18300987,4.7265783,2.33186385,-3.33512291,5.28160886,2.43250889
43447399642269,3.1670309,4.75214465,2.324407,-3.50511123,5.26724365,2.48757552
43447400630507,3.14998667,4.77664573,2.31801541,-3.65115753,5.22654222,2.5929204
43447401618744,3.13294244,4.79795102,2.3094933,-3.76607921,5.14753357,2.67432325
43447402606981,3.11589821,4.81712578,2.29884065,-3.85227047,5.10443794,2.69108267
43447403595218,3.09778871,4.83417001,2.28605748,-3.92409652,5.12837996,2.65277544
43447404584438,3.07754869,4.85121424,2.27220904,-3.98873997,5.15950458,2.61925662
43447405572675,3.05943919,4.86932374,2.25942587,-4.05577761,5.14992777,2.54982477
43447406560912,3.04346023,4.8884985,2.24451217,-4.12281526,5.13556256,2.47081611
43447407549150,3.02428547,4.91086905,2.2306636,-4.16591089,5.12598575,2.34871183
43447408537387,3.00724124,4.9364354,2.21681516,-4.24491954,5.11880315,2.24097275
43447409525624,2.99019701,4.96306701,2.20296672,-4.35744702,5.10922634,2.14041628
43447410514844,2.96995698,4.99076388,2.18698775,-4.49870492,5.09486113,2.11168586
43447411503081,2.94865169,5.01739549,2.16994352,-4.64235702,5.06134231,2.20027133
43447412491318,2.92947693,5.04296184,2.15183403,-4.78361492,4.96078584,2.28406838
43447413479556,2.91030217,5.06959345,2.1347898,-4.92726702,4.88895979,2.34152922
43447414467793,2.89112741,5.09409453,2.1166803,-5.0445829,4.89374819,2.40617267
43447415457012,2.87088739,5.11646509,2.09750554,-5.1930234,4.86501777,2.48278712
43447416445250,2.84745157,5.13563985,2.07620025,-5.34625231,4.86741198,2.51151754
43447417433487,2.82508102,5.15161881,2.05702549,-5.49708701,4.84346996,2.49236393
43447418421724,2.80164547,5.16653251,2.03785073,-5.6287681,4.76924971,2.49475813
43447419409961,2.77927491,5.18251148,2.01867597,-5.73890138,4.71657727,2.52588275
43447420398199,2.75690436,5.19849045,1.99737068,-5.86818827,4.63996282,2.52588275
43447421387418,2.73666434,5.21446941,1.97500013,-5.98071575,4.52743534,2.51870015
43447422375655,2.71642431,5.22831785,1.95156431,-6.09084902,4.41490786,2.51151754
43447423363893,2.69724955,5.24110103,1.92706323,-6.23210692,4.3239282,2.51151754
43447424352130,2.67700953,5.25281893,1.90256215,-6.33745179,4.27843837,2.49954653
43447425340367,2.65890003,5.26347158,1.8769958,-6.42364305,4.27843837,2.51391174
43447426328604,2.64079054,5.27518949,1.85142946,-6.51701692,4.24970795,2.51870015
43447427317824,2.62268104,5.28584213,1.82692837,-6.6319386,4.22816013,2.4564509
43447428306061,2.60563681,5.29542951,1.80242729,-6.76122549,4.1802761,2.37744225
43447429294299,2.58859258,5.30608216,1.77686095,-6.83783994,4.12281526,2.39420166
43447430282536,2.57261361,5.31780006,1.7512946,-6.87854137,4.13957467,2.40856687
43447431270773,2.55556938,5.32632218,1.72572825,-6.93360801,4.17069929,2.34152922
43447432259010,2.54172094,5.3348443,1.70122717,-7.01501086,4.13478627,2.32716401
43447433248230,2.52787251,5.34549694,1.67779135,-7.12993254,4.05577761,2.28167418
43447434236467,2.51402407,5.35295379,1.65329027,-7.21851801,3.97437476,2.24336696
43447435224704,2.5012409,5.35828011,1.62772393,-7.25443103,3.93606753,2.25054956
43447436212942,2.48952299,5.3646717,1.60322284,-7.28076725,3.92888492,2.20266553
43447437201179,2.48100087,5.37212855,1.57872176,-7.30710347,3.90733711,2.07816704
43447438189416,2.47141349,5.38171593,1.55422068,-7.30949767,3.87142408,2.0254946
43447439178636,2.46182611,5.39130331,1.5297196,-7.29034406,3.83311686,2.02788881
43447440166873,2.45223873,5.39982543,1.50628378,-7.24006582,3.86184728,1.91536133
43447441155110,2.44478188,5.40941281,1.48284796,-7.13711515,3.92409652,1.71664259
43447442143348,2.43732503,5.42219598,1.46154267,-7.10359633,3.92409652,1.46525142
43447443131585,2.43306397,5.43710968,1.44236791,-7.04613549,3.85466467,1.35511814
43447444119822,2.42986818,5.45521918,1.42319315,-6.95515582,3.80438644,1.11330377
43447445109042,2.42667239,5.47652447,1.40401839,-6.79235011,3.96479795,1.05105453
43447446097279,2.42667239,5.49889502,1.3869743,-6.73488927,4.12042106,1.02950671
43447447085516,2.42560712,5.52446137,1.37312586,-6.89530078,4.02465299,0.684741675
43447448073753,2.42134606,5.54789718,1.35927742,-6.67982263,4.0390182,0.77811554
43447449061991,2.41708501,5.571333,1.34436372,-6.37097062,4.27364996,0.713472095
43447450051210,2.41601974,5.60009514,1.33264581,-6.33745179,4.69502946,0.306457812
43447451039448,2.41601974,5.63098728,1.32412369,-6.36139381,4.85544097,0.239420166
43447452027685,2.41069342,5.66081468,1.31773211,-6.23210692,4.88895979,0.263362183
43447453015922,2.4021713,5.69064208,1.31240579,-6.16985768,5.17147559,0.10055647
43447454004159,2.39045339,5.72046949,1.31027526,-6.1961939,5.40850155,0.0239420166
43447454992397,2.37873549,5.75136216,1.31240579,-6.10760844,5.57370146,0.0454898315
43447455981616,2.36488705,5.78332009,1.31666684,-6.15309827,5.65510432,-0.0478840332
43447456969853,2.35210387,5.81314749,1.32199317,-6.28238516,5.72693037,-0.208295544
43447457958091,2.3393207,5.8429749,1.32838475,-6.40209524,5.79636222,-0.320823022
43447458946328,2.32866806,5.87067177,1.33371107,-6.50983431,5.97113894,-0.304063611
43447459934565,2.31588488,5.89410759,1.3390374,-6.69418784,6.11479104,-0.217872351
43447460922802,2.30416698,5.91541288,1.34436372,-6.87854137,6.17464608,-0.134075293
43447461912022,2.29351433,5.93139185,1.3507553,-6.98388624,6.21534751,-0.0909796631
43447462900259,2.28073116,5.94310976,1.35501636,-7.04134708,6.27759675,-0.117315881
43447463888497,2.26901325,5.95269714,1.35927742,-7.08444271,6.351817,-0.196324536
43447464876734,2.2583606,5.96228452,1.36460374,-7.17302817,6.38773003,-0.301669409
43447465864971,2.24877322,5.96974137,1.36993006,-7.22809481,6.4834981,-0.49081134
43447466853208,2.23918584,5.97719822,1.37419112,-7.20175859,6.59123717,-0.672770667
43447467842428,2.2306636,5.9835898,1.37845218,-7.19218179,6.68939944,-0.727837305
43447468830665,2.22214148,5.99424245,1.38590903,-7.26879624,6.71812986,-0.842758984
43447469818902,2.21361936,6.00809089,1.39336588,-7.36935271,6.70137045,-0.952892261
43447470807140,2.20403198,6.02513512,1.3986922,-7.44357296,6.71812986,-1.06541974
43447471795377,2.19231408,6.04217935,1.40082273,-7.4986396,6.7851675,-1.21625444
43447472783614,2.18059617,6.06348464,1.40295313,-7.61595548,6.82586893,-1.24737906
43447473772834,2.16674773,6.08372466,1.40295313,-7.69256993,6.91445439,-1.21386024
43447474761071,2.15076876,6.10609521,1.40188786,-7.73087716,7.00543406,-1.151611
43447475749308,2.1347898,6.1274005,1.40188786,-7.87931766,7.02698187,-1.08457335
43447476737545,2.11561504,6.14551,1.40082273,-8.00860455,7.07965431,-1.05823713
43447477725783,2.09537501,6.16361949,1.39975747,-8.15704506,7.08204851,-1.01992991
43447478714020,2.07406972,6.18066373,1.39656168,-8.25999573,7.10359633,-0.976834277
43447479703240,2.05169917,6.19664269,1.39336588,-8.30309136,7.17781658,-1.03908352
43447480691477,2.03252441,6.21155639,1.39123535,-8.42519564,7.13950935,-0.974440076
43447481679714,2.01228439,6.22540483,1.38910482,-8.52096371,7.0652891,-0.955286462
43447482667951,1.9909791,6.23712274,1.38590903,-8.57603035,7.09880792,-1.06063134
43447483656189,1.96967381,6.24884065,1.38271324,-8.69574043,7.13711515,-1.10372697
43447484645408,1.94943378,6.25842803,1.37951744,-8.81066211,7.10599053,-1.10133276
43447485633645,1.92919376,6.26588488,1.37525639,-8.90403597,7.02219347,-1.13006318
43447486621883,1.90895374,6.27227647,1.36993006,-8.99022723,6.99346305,-1.18034142
43447487610120,1.89084424,6.27866805,1.36460374,-9.0788127,6.97909784,-1.19231243
43447488598357,1.87380001,6.28399438,1.36034268,-9.15782135,6.88811818,-1.25935007
43447489586594,1.85888631,6.28825543,1.35501636,-9.19612858,6.84262834,-1.35751234
43447490575814,1.84503787,6.29251649,1.34862478,-9.29668505,6.84023414,-1.46046301
43447491564051,1.83118943,6.29677755,1.34223319,-9.38527051,6.83305154,-1.52510646
43447492552289,1.81627573,6.30103861,1.33264581,-9.42118353,6.80910952,-1.5849615
43447493540526,1.80242729,6.3042344,1.32518896,-9.44751975,6.79474431,-1.65678755
43447494528763,1.78857885,6.30743019,1.31666684,-9.48582698,6.76601389,-1.7238252
43447495517000,1.77792621,6.31275652,1.30920999,-9.52652841,6.74446608,-1.74058461
43447496506220,1.76727357,6.31701757,1.30175314,-9.57201824,6.76601389,-1.70706578
43447497494457,1.75449039,6.32021337,1.29429629,-9.6629979,6.74446608,-1.63045133
43447498482694,1.74170722,6.32340916,1.28683944,-9.71567034,6.75164868,-1.54665427
43447499470932,1.72679352,6.32340916,1.27938259,-9.76594857,6.74686028,-1.47722242
43447500459169,1.71187982,6.32021337,1.27192574,-9.83059202,6.72531246,-1.39821377
43447501447406,1.69803138,6.31701757,1.26340362,-9.87368765,6.75164868,-1.32399352
43447502436626,1.68311768,6.31169125,1.25594677,-9.91199487,6.70376465,-1.28089789
43447503424863,1.66926924,6.30529966,1.25062045,-9.9455137,6.6295444,-1.27132108
43447504413100,1.65648606,6.30103861,1.24422886,-9.9479079,6.61278499,-1.28808049
43447505401338,1.64263763,6.29571228,1.23783727,-9.9479079,6.64869801,-1.32638772
43447506389575,1.62772393,6.29038596,1.23144569,-9.99100353,6.70376465,-1.31441671
43447507377812,1.61387549,6.28399438,1.2250541,-10.0388876,6.71573566,-1.24977327
43447508367032,1.59789652,6.27547226,1.22185831,-10.0508586,6.70376465,-1.21625444
43447509355269,1.58298282,6.26908067,1.21653199,-10.0652238,6.66066902,-1.20428344
43447510343506,1.56806912,6.26375435,1.21227093,-10.1178962,6.59123717,-1.20667764
43447511331743,1.55422068,6.2562975,1.20907513,-10.151415,6.50983431,-1.21864865
43447512319981,1.54250277,6.24777538,1.20481408,-10.1921165,6.38533583,-1.18273562
43447513308218,1.53291539,6.238188,1.19948775,-10.2328179,6.23689532,-1.1492168
43447514297438,1.52226275,6.22860062,1.19416143,-10.2543657,6.11479104,-1.13245739
43447515285675,1.51374063,6.21688272,1.18776985,-10.2998555,6.00944617,-1.11809218
43447516273912,1.50415325,6.20516481,1.18137826,-10.3309802,5.86818827,-1.09415016
43447517262149,1.49563114,6.1934469,1.17392141,-10.3357686,5.78678541,-1.04387192
43447518250387,1.48923955,6.18172899,1.16539929,-10.4028062,5.770026,-1.02471831
43447519238624,1.48284796,6.16894582,1.15687718,-10.4818149,5.70298835,-1.0103531
43447520227843,1.47539111,6.15509738,1.14835506,-10.5105453,5.6215855,-0.995987891
43447521216081,1.466869,6.14018368,1.14089821,-10.5201221,5.60243188,-0.969651672
43447522204318,1.45834688,6.12526997,1.13344136,-10.5895539,5.59764348,-0.967257471
43447523192555,1.44982476,6.11035627,1.12491924,-10.6637742,5.56173046,-0.967257471
43447524180792,1.44130265,6.09437731,1.11639706,-10.7260234,5.53300004,-0.969651672
43447525170012,1.43171527,6.07839834,1.11000548,-10.8026379,5.54257684,-1.0055647
43447526158249,1.42106262,6.06135411,1.10361389,-10.8529161,5.57130726,-1.04147772
43447527146486,1.41254051,6.04430988,1.0972223,-10.898406,5.58327827,-1.08936176
43447528134724,1.40295313,6.02726565,1.09189598,-10.9869914,5.60243188,-1.14442839
43447529122961,1.39230062,6.00915615,1.08870019,-11.0468465,5.65031592,-1.21625444
43447530111198,1.38164797,5.99211192,1.08550439,-11.1067015,5.66946953,-1.25695587
43447531100418,1.36993006,5.97400242,1.0823086,-11.2000754,5.64313331,-1.2976573
43447532088655,1.36034268,5.95695819,1.08017807,-11.2623246,5.63595071,-1.34793553
43447533076892,1.35288583,5.9388487,1.07911281,-11.3078144,5.57130726,-1.36230074
43447534065130,1.34649425,5.91967394,1.07804754,-11.3293623,5.3366755,-1.32878192
43447535053367,1.34223319,5.89730339,1.07698228,-11.279084,5.28160886,-1.39342537
43447536041604,1.34116792,5.87706336,1.07485175,-11.195287,5.32231029,-1.49158763
43447537030824,1.34116792,5.85682334,1.07378648,-11.1881044,5.27442626,-1.57538469
43447538019061,1.34436372,5.83658331,1.07485175,-11.1976812,5.31033928,-1.59453831
43447539007298,1.34862478,5.81634329,1.07698228,-11.3173912,5.38455953,-1.55623108
43447539995535,1.35182057,5.79397273,1.08124334,-11.4059767,5.46835659,-1.55383688
43447540983773,1.35288583,5.77053692,1.08763492,-11.4562549,5.41328995,-1.48440503
43447541972010,1.35608163,5.74497057,1.09402651,-11.5448404,5.45159718,-1.42694419
43447542961230,1.35608163,5.7140779,1.10148336,-11.5951186,5.58088407,-1.39821377
43447543949467,1.35714689,5.67998944,1.10894021,-11.6789157,5.58088407,-1.35990654
43447544937704,1.36034268,5.64483571,1.11426653,-11.7339823,5.6311623,-1.42215579
43447545925941,1.36353848,5.60755146,1.12065819,-11.8034142,5.78199701,-1.66157595
43447546914179,1.36460374,5.571333,1.12811504,-11.9087591,5.89452449,-1.85790049
43447547902416,1.36460374,5.53724454,1.13557189,-11.9829793,5.9160723,-1.94409175
43447548891635,1.36353848,5.50422134,1.14302874,-11.9901619,5.92804331,-2.00155259
43447549879873,1.36353848,5.47332867,1.15155086,-11.9805851,6.01184037,-2.04704242
43447550868110,1.36460374,5.4456318,1.15900771,-12.0308633,6.02381138,-2.11408007
43447551856347,1.36460374,5.41793492,1.16646456,-12.050017,6.00226356,-2.08774385
43447552844584,1.36460374,5.38917278,1.17498667,-12.073959,6.10282003,-1.96563956
43447553832822,1.36673427,5.36041064,1.18244352,-12.1936691,6.14112726,-1.92254393
43447554822041,1.36779954,5.33058324,1.18990038,-12.2511299,6.21055911,-1.83874688
43447555810279,1.3688648,5.2986253,1.19842249,-12.2942255,6.30872137,-1.75973822
43447556798516,1.36779954,5.26560211,1.20481408,-12.3852052,6.31350978,-1.7286136
43447557786753,1.36673427,5.23044838,1.2101404,-12.4594254,6.3494228,-1.64481654
43447558774990,1.36673427,5.19316413,1.21440146,-12.5216747,6.39012423,-1.60411511
43447559764210,1.36779954,5.15694513,1.21866251,-12.5887123,6.43800826,-1.56101948
43447560752447,1.36779954,5.11859562,1.22185831,-12.6222312,6.54095894,-1.43412679
43447561740684,1.36779954,5.07811557,1.22292357,-12.643779,6.64390961,-1.26653268
43447562728922,1.36353848,5.03550499,1.22292357,-12.6844804,6.70376465,-1.18034142
43447563717159,1.35927742,4.99076388,1.22292357,-12.727576,6.68939944,-1.07260234
43447564705396,1.35714689,4.94389225,1.22185831,-12.7251818,6.61996759,-0.936132849
43447565694616,1.35714689,4.89595535,1.22079304,-12.7203934,6.49786331,-0.885854614
43447566682853,1.35608163,4.84588792,1.21759725,-12.7946137,6.31111558,-0.835576379
43447567671090,1.3539511,4.79582049,1.2101404,-12.8065847,6.14112726,-0.739808313
43447568659328,1.35182057,4.74362253,1.19948775,-12.7658833,5.98310995,-0.653617053
43447569647565,1.34969004,4.69248984,1.18563932,-12.7563064,5.79636222,-0.627280835
43447570635802,1.34969004,4.64561821,1.16859509,-12.7299702,5.64073911,-0.63446344
43447571625022,1.34755951,4.59981183,1.14942033,-12.6749036,5.55454785,-0.617704028
43447572613259,1.34542898,4.55400546,1.12811504,-12.6030775,5.49229861,-0.581791003
43447573601496,1.34329845,4.51032962,1.10467915,-12.5144921,5.40371315,-0.545877979
43447574589733,1.34329845,4.46665351,1.08124334,-12.430695,5.28879147,-0.495599744
43447575577971,1.34329845,4.42084714,1.05780752,-12.3540806,5.17865819,-0.399831677
43447576566208,1.34436372,4.37291024,1.03224117,-12.2439473,5.14513937,-0.325611426
43447577555427,1.34649425,4.32284282,1.00774009,-12.0907184,5.21217701,-0.342370837
43447578543665,1.34862478,4.27384065,0.983239008,-11.9446721,5.26724365,-0.414196887
43447579531902,1.35182057,4.22483849,0.95980319,-11.7818664,5.25527264,-0.474051929
43447580520139,1.35288583,4.17796685,0.939563166,-11.5951186,5.28160886,-0.56263739
43447581508377,1.3539511,4.13322575,0.922518935,-11.4442839,5.3390697,-0.732625708
43447582496614,1.35608163,4.0895499,0.908670497,-11.3245739,5.32231029,-0.864306799
43447583485833,1.35927742,4.04906986,0.895887324,-11.2024696,5.29118567,-0.940921252
43447584474071,1.36460374,4.00858981,0.88523468,-11.1330377,5.30076248,-1.0079589
43447585462308,1.36993006,3.96810976,0.876712564,-11.1067015,5.28160886,-1.02950671
43447586450545,1.37632165,3.92656444,0.867125184,-11.0540291,5.28639727,-1.05584293
43447587438782,1.38484377,3.88501913,0.85647254,-10.9798088,5.31512769,-1.11809218
43447588427020,1.39123535,3.84240855,0.849015689,-10.8960118,5.3390697,-1.17555302
43447589416239,1.39656168,3.79979798,0.842624102,-10.8002437,5.3318871,-1.22822545
43447590404476,1.40188786,3.75612214,0.835167251,-10.7308118,5.31033928,-1.28089789
43447591392714,1.40827945,3.71351156,0.828775665,-10.6589858,5.32470449,-1.33357032
43447592380951,1.41360577,3.67196624,0.820253549,-10.5608235,5.30315668,-1.37666595
43447593369188,1.41999736,3.63042093,0.812796698,-10.4578729,5.29836827,-1.41976158
43447594358408,1.42532368,3.58887562,0.806405111,-10.388441,5.30315668,-1.4460978
43447595346645,1.43065,3.54839557,0.801078789,-10.3333744,5.30315668,-1.48440503
43447596334882,1.43597633,3.50685026,0.795752467,-10.2471831,5.29836827,-1.56580789
43447597323120,1.44130265,3.46637021,0.789360881,-10.1657802,5.25287844,-1.66157595
43447598311357,1.44662897,3.4248249,0.782969294,-10.0771948,5.23372483,-1.77410343
43447599299594,1.45089003,3.38541011,0.775512443,-10.0245224,5.23372483,-1.89381351
43447600288814,1.45302056,3.34919112,0.768055592,-10.0197339,5.24569584,-2.02788881
43447601277051,1.45621635,3.31403739,0.757402947,-9.99579193,5.30076248,-2.15238729
43447602265288,1.45941214,3.27994893,0.745685039,-9.93833109,5.36540592,-2.22660754
43447603253525,1.46473847,3.24479521,0.736097659,-9.89523546,5.45877979,-2.3104046
43447604241763,1.46580373,3.20964148,0.726510279,-9.84974563,5.57609567,-2.35350023
43447605230000,1.46473847,3.17661828,0.717988163,-9.78989059,5.73171877,-2.40138427
43447606219220,1.46154267,3.14359508,0.710531312,-9.74200656,5.86818827,-2.48518132
43447607207457,1.45941214,3.11057189,0.703074461,-9.6653921,5.98789835,-2.55221897
43447608195694,1.45515109,3.07648342,0.695617677,-9.59835446,6.12197365,-2.65277544
43447609183931,1.44982476,3.04452549,0.68922609,-9.55286462,6.22731852,-2.7437551
43447610172169,1.44449844,3.01363282,0.684965032,-9.50498059,6.32787499,-2.82515796
43447611160406,1.43704159,2.98274015,0.682834503,-9.44751975,6.40209524,-2.93289703
43447612149625,1.42851948,2.95397801,0.67963871,-9.39005891,6.47392129,-3.08852014
43447613137863,1.41786683,2.92521588,0.676442917,-9.33020387,6.52659373,-3.1771056
43447614126100,1.40614892,2.89645374,0.674312388,-9.24401261,6.53138213,-3.24414325
43447615114337,1.39336588,2.86875686,0.672181859,-9.14585034,6.53856473,-3.32794031
43447616102574,1.38164797,2.84319051,0.668986066,-9.06684169,6.56250675,-3.38061274
43447617090812,1.36993006,2.81868943,0.666855537,-8.97825623,6.60560238,-3.44046779
43447618080031,1.35714689,2.79418862,0.665790273,-8.88727656,6.64390961,-3.48595762
43447619068269,1.34649425,2.76968753,0.665790273,-8.78193169,6.67503423,-3.58890829
43447620056506,1.3358416,2.74625172,0.666855537,-8.6574332,6.73010087,-3.74213719
43447621044743,1.32731949,2.72494643,0.668986066,-8.54969413,6.76601389,-3.93367333
43447622032980,1.3209279,2.7047064,0.673247124,-8.48505068,6.76601389,-4.09408484
43447623021218,1.31453631,2.68766217,0.676442917,-8.45153186,6.79474431,-4.24731375
43447624010437,1.30920999,2.66955268,0.678573446,-8.38688842,6.84023414,-4.40054265
43447624998674,1.30388367,2.65463897,0.681769239,-8.34858119,6.85938776,-4.4747629
43447625986912,1.29855735,2.6418558,0.686030297,-8.31266816,6.90008918,-4.53461794
43447626975149,1.29429629,2.63013789,0.68922609,-8.27914934,6.95515582,-4.60404979
43447627963386,1.29216576,2.61735472,0.693487148,-8.23844791,7.00064565,-4.63278021
43447628951623,1.29003523,2.60563681,0.697748206,-8.21211169,7.04374128,-4.64475122
43447629940843,1.2879047,2.59285364,0.702009197,-8.19535228,7.13232675,-4.67348164
43447630929080,1.28470891,2.58007046,0.70520499,-8.14507405,7.25921943,-4.73812509
43447631917318,1.28044785,2.56835256,0.709466048,-8.10197842,7.3621701,-4.84825836
43447632905555,1.27512153,2.55983044,0.71479237,-8.0756422,7.44357296,-4.94881483
43447633893792,1.26872994,2.55024306,0.722249221,-8.073248,7.54412943,-5.01585248
43447634883012,1.26020783,2.54172094,0.728640808,-8.06127699,7.60877288,-5.02303508
43447635871249,1.25168571,2.53319883,0.735032394,-8.06127699,7.65426271,-4.99430466
43447636859486,1.2431636,2.52361145,0.744619774,-8.06606539,7.70932935,-4.99669886
43447637847723,1.23464148,2.51508933,0.75314189,-8.10197842,7.72369456,-5.06134231
43447638835961,1.22292357,2.50656722,0.759533476,-8.13310304,7.72608876,-5.11401475
43447639824198,1.21333619,2.49591457,0.764859798,-8.13070884,7.71651195,-5.14992777
43447640813417,1.20694461,2.4831314,0.771251385,-8.14986245,7.69256993,-5.21696542
43447641801655,1.20055302,2.47141349,0.777642972,-8.10676682,7.70214674,-5.24090743
43447642789892,1.1952267,2.45863032,0.784034558,-8.04451758,7.71172355,-5.24330164
43447643778129,1.18990038,2.44584715,0.789360881,-8.00142195,7.67820472,-5.27682046
43447644766366,1.18563932,2.43306397,0.793621938,-7.9367785,7.6494743,-5.27921466
43447645754604,1.18563932,2.4202808,0.796817732,-7.88171187,7.58483086,-5.27442626
43447646743823,1.18670458,2.40643236,0.801078789,-7.80988582,7.49145699,-5.30794508
43447647732061,1.18883511,2.39151866,0.805339847,-7.788338,7.34062229,-5.34385811
43447648720298,1.19096564,2.37660496,0.806405111,-7.82185682,7.16823977,-5.31033928
43447649708535,1.19416143,2.36382178,0.805339847,-7.77157859,7.15626876,-5.30076248
43447650696772,1.19735723,2.35316914,0.802144054,-7.66623372,7.27597885,-5.39892474
43447651685010,1.19948775,2.34251649,0.79894826,-7.58483086,7.3597759,-5.52102903
43447652674229,1.20055302,2.33292911,0.797882996,-7.50821641,7.3621701,-5.56651886
43447653662466,1.20268355,2.32547226,0.795752467,-7.44357296,7.39568893,-5.55694205
43447654650704,1.20268355,2.31908068,0.795752467,-7.39329473,7.44117876,-5.57130726
43447655638941,1.20055302,2.31268909,0.795752467,-7.36695851,7.44836136,-5.56651886
43447656627178,1.19948775,2.3062975,0.796817732,-7.37174691,7.44596716,-5.61679709
43447657615415,1.19842249,2.29990592,0.797882996,-7.3501991,7.41963094,-5.69819995
43447658604635,1.19735723,2.29351433,0.797882996,-7.29992086,7.3573817,-5.68383474
43447659592872,1.19629196,2.28605748,0.797882996,-7.25682523,7.30470927,-5.64552751
43447660581110,1.19629196,2.27860063,0.796817732,-7.2137296,7.29034406,-5.71495936
43447661569347,1.19629196,2.27007851,0.794687203,-7.16105717,7.26400784,-5.84424625
43447662557584,1.19735723,2.26368693,0.793621938,-7.09880792,7.22330641,-5.9112839
43447663545821,1.19735723,2.2583606,0.791491409,-7.05571229,7.17063397,-5.96156213
43447664535041,1.19948775,2.25409955,0.789360881,-7.00303986,7.15148036,-6.03099398
43447665523278,1.20161828,2.24983849,0.785099823,-6.90248339,7.16345137,-6.08127222
43447666511515,1.20268355,2.2466427,0.781904029,-6.82586893,7.13232675,-6.14591566
43447667499753,1.20481408,2.24451217,0.779773501,-6.78995591,7.08683691,-6.21774171
43447668487990,1.2101404,2.24557743,0.777642972,-6.72770667,7.0605007,-6.27520255
43447669477210,1.21440146,2.2466427,0.775512443,-6.65348641,7.04134708,-6.30872137
43447670465447,1.21866251,2.24770796,0.771251385,-6.61517919,7.00064565,-6.3422402
43447671453684,1.22185831,2.24983849,0.768055592,-6.55532415,6.95755002,-6.351817
43447672441921,1.2250541,2.25196902,0.766990327,-6.47631549,6.93121381,-6.32308658
43447673430159,1.22931516,2.25303428,0.764859798,-6.42603726,6.87375297,-6.29914457
43447674418396,1.23357622,2.25409955,0.76272927,-6.36139381,6.80432112,-6.30393297
43447675407615,1.23783727,2.25516481,0.759533476,-6.33505759,6.75643708,-6.29196196
43447676395853,1.24209833,2.2583606,0.756337683,-6.32308658,6.70855305,-6.22971272
43447677384090,1.2431636,2.26049113,0.755272419,-6.26562574,6.60560238,-6.16506927
43447678372327,1.24422886,2.26262166,0.752076625,-6.22013591,6.52180532,-6.0573302
43447679360564,1.24635939,2.26262166,0.746750303,-6.19140549,6.56250675,-5.96635054
43447680348802,1.24742465,2.26262166,0.741423981,-6.16746348,6.64630381,-5.99029255
43447681338021,1.24422886,2.26049113,0.737162923,-6.08127222,6.73010087,-6.06451281
43447682326259,1.23890254,2.25942587,0.73396713,-5.99747516,6.7731965,-6.08366642
43447683314496,1.23357622,2.26049113,0.732901865,-5.98789835,6.7851675,-6.08366642
43447684302733,1.22718463,2.26262166,0.736097659,-5.99747516,6.83065734,-6.09563743
43447685290970,1.21972778,2.26262166,0.738228188,-6.01902297,6.82347473,-6.10282003
43447686279208,1.20907513,2.26368693,0.741423981,-6.07408961,6.76361969,-6.12197365
43447687268427,1.19629196,2.26475219,0.74355451,-6.13155045,6.69897625,-6.10042583
43447688256664,1.18350879,2.26581746,0.74355451,-6.17943448,6.6319386,-6.06930121
43447689244902,1.17179088,2.26475219,0.742489245,-6.21534751,6.58884297,-6.03578239
43447690233139,1.16007297,2.26475219,0.741423981,-6.21295331,6.58884297,-6.03338818
43447691221376,1.14622453,2.26368693,0.740358716,-6.16985768,6.60560238,-6.10760844
43447692209613,1.13024557,2.2615564,0.740358716,-6.11718524,6.58884297,-6.16746348
43447693198833,1.11639706,2.2615564,0.740358716,-6.07887802,6.57687196,-6.16746348
43447694187070,1.10361389,2.26262166,0.738228188,-6.04775339,6.55771835,-6.17225188
43447695175307,1.09296124,2.26475219,0.736097659,-6.04775339,6.51462272,-6.1985881
43447696163545,1.08017807,2.26475219,0.73396713,-6.0501476,6.47870969,-6.19140549
43447697151782,1.06419911,2.26581746,0.730771337,-6.0525418,6.42843146,-6.18661709
43447698140019,1.0492854,2.26688272,0.727575543,-6.09563743,6.37336482,-6.18422289
43447699129239,1.03543697,2.26901325,0.723314485,-6.15549247,6.3422402,-6.18182869
43447700117476,1.02265379,2.27007851,0.720118692,-6.2057707,6.29675037,-6.21774171
43447701105713,1.00774009,2.27007851,0.713727106,-6.28238516,6.22731852,-6.1961939
43447702093951,0.991761123,2.26794798,0.706270255,-6.339846,6.15070406,-6.13394465
43447703082188,0.977912686,2.26368693,0.696682941,-6.33026919,6.10760844,-6.14112726
43447704071407,0.962998984,2.25942587,0.68922609,-6.33745179,6.10282003,-6.17225188
43447705059645,0.948085281,2.25729534,0.67963871,-6.35899961,6.06690701,-6.24407793
43447706047882,0.934236844,2.25303428,0.671116595,-6.37336482,6.02620558,-6.29196196
43447707036119,0.919323142,2.24770796,0.663659744,-6.351817,6.03099398,-6.29196196
43447708024356,0.90440944,2.24451217,0.655137628,-6.30872137,6.03817659,-6.339846
43447709012594,0.888430473,2.2434469,0.645550248,-6.30632717,6.00705197,-6.42364305
43447710001813,0.872451507,2.24238164,0.635962868,-6.3422402,5.93762012,-6.4882865
43447710990051,0.85647254,2.24025111,0.626375488,-6.35899961,5.88494768,-6.51701692
43447711978288,0.839428309,2.23918584,0.617853373,-6.39730684,5.85382306,-6.54335314
43447712966525,0.823449342,2.23812058,0.610396522,-6.45716188,5.80354482,-6.61039078
43447713954762,0.807470376,2.23812058,0.601874406,-6.45237347,5.78439121,-6.72770667
43447714943000,0.791491409,2.23599005,0.592287026,-6.44997927,5.75566079,-6.75404288
43447715932219,0.776577707,2.23385939,0.583764911,-6.46913289,5.70538256,-6.75404288
43447716920456,0.761664005,2.23279412,0.574177531,-6.46195028,5.68622894,-6.7803791
43447717908694,0.747815568,2.23279412,0.564590151,-6.41646045,5.70777676,-6.69897625
43447718896931,0.731836601,2.23279412,0.553937473,-6.3470286,5.72214197,-6.636727
43447719885168,0.715857634,2.2306636,0.545415358,-6.38533583,5.64313331,-6.7851675
43447720873405,0.702009197,2.23172886,0.535827978,-6.54814154,5.4803276,-6.94557902
43447721862625,0.688160826,2.23279412,0.525175334,-6.66545742,5.3342813,-7.02937607
43447722850862,0.675377652,2.23385939,0.513457425,-6.72052406,5.25766685,-7.13711515
43447723839100,0.662594479,2.23385939,0.498543723,-6.77080229,5.1954176,-7.22809481
43447724827337,0.654072364,2.23385939,0.483630021,-6.82826313,5.18344659,-7.29992086
43447725815574,0.647680777,2.23172886,0.465520525,-6.84741675,5.24090743,-7.37892952
43447726803811,0.640223926,2.2306636,0.449541559,-6.82586893,5.31752189,-7.47948599
43447727793031,0.630636546,2.22853307,0.435693121,-6.82108053,5.38216533,-7.52497582
43447728781268,0.622114431,2.2274678,0.425040477,-6.84502255,5.42286676,-7.56567725
43447729769505,0.611461786,2.22533727,0.415453097,-6.86178196,5.46356819,-7.6375033
43447730757743,0.600809142,2.22320674,0.405865717,-6.85699355,5.52821163,-7.73087716
43447731745980,0.589091233,2.22214148,0.397343601,-6.88332977,5.55694205,-7.86016405
43447732734217,0.578438589,2.22107622,0.388821486,-6.97909784,5.54018264,-7.97747993
43447733723437,0.568851209,2.22214148,0.382429899,-7.0724717,5.53060583,-8.06367119
43447734711674,0.559263829,2.22533727,0.377103577,-7.17781658,5.49469281,-8.10916102
43447735699911,0.548611151,2.2274678,0.369646726,-7.29513246,5.45877979,-8.13549724
43447736688149,0.536893242,2.22853307,0.360059346,-7.37174691,5.43483777,-8.2216885
43447737676386,0.526240598,2.2306636,0.349406735,-7.42441935,5.40371315,-8.33182178
43447738665605,0.517718483,2.23279412,0.337688826,-7.47230338,5.38455953,-8.42998405
43447739653843,0.511326896,2.23492479,0.328101446,-7.55610044,5.35582911,-8.49941589
43447740642080,0.506000574,2.23812058,0.317448802,-7.6446859,5.30794508,-8.5018101
43447741630317,0.499608987,2.24131637,0.304665629,-7.70693514,5.32709869,-8.5113869
43447742618554,0.494282665,2.24557743,0.290817191,-7.75960758,5.34864651,-8.52814631
43447743606792,0.490021607,2.24877322,0.274838208,-7.7931264,5.35343491,-8.47068547
43447744596011,0.484695285,2.25090375,0.259924506,-7.90086548,5.28400306,-8.40364783
43447745584248,0.479368963,2.25516481,0.243945539,-7.99184514,5.20499441,-8.32703337
43447746572486,0.471912112,2.25623008,0.227966573,-8.00142195,5.25287844,-8.34139858
43447747560723,0.46658579,2.25409955,0.210922342,-8.00381615,5.26484945,-8.46589707
43447748548960,0.465520525,2.24983849,0.194943375,-8.01578716,5.24330164,-8.45632026
43447749537197,0.464455261,2.2434469,0.178964409,-8.04451758,5.24569584,-8.33421598
43447750526417,0.460194203,2.23599005,0.162985459,-8.03494077,5.21935962,-8.28633195
43447751514654,0.453802616,2.23279412,0.143810699,-8.03733497,5.20978281,-8.34858119
43447752502892,0.446345765,2.23279412,0.124635931,-8.00142195,5.27203206,-8.25281312
43447753491129,0.434627857,2.23172886,0.106526435,-7.96790312,5.23611903,-8.31266816
43447754479366,0.425040477,2.23492479,0.0852211549,-8.08521901,5.09725533,-8.47068547
43447755467603,0.417583626,2.24025111,0.0628505976,-8.25281312,4.97036265,-8.44195505
43447756456823,0.40906151,2.24557743,0.0383495197,-8.31985077,4.85304677,-8.53293472
43447757445060,0.39947413,2.25090375,0.0117179078,-8.39167682,4.73812509,-8.68855782
43447758433297,0.38988675,2.25623008,-0.0181094954,-8.52096371,4.63038601,-8.72207665
43447759421535,0.379234106,2.2615564,-0.0500674243,-8.57124194,4.60165559,-8.70292303
43447760409772,0.368581462,2.26475219,-0.0841558904,-8.59997236,4.58250198,-8.83220992
43447761398009,0.360059346,2.26901325,-0.11717908,-8.71010564,4.42448467,-9.01656345
43447762387229,0.353667759,2.27540484,-0.149137021,-8.8010853,4.28322677,-9.02614026
43447763375466,0.347276206,2.27966589,-0.183225466,-8.85136354,4.27364996,-9.02614026
43447764363703,0.339819355,2.28392695,-0.221574986,-8.87769976,4.31195719,-9.24161841
43447765351941,0.332362504,2.28925327,-0.258859241,-8.86572875,4.29280358,-9.43076034
43447766340178,0.323840389,2.29671012,-0.29294772,-8.89445917,4.22337173,-9.49061538
43447767328415,0.313187744,2.30416698,-0.324905653,-8.9375548,4.15872828,-9.58877765
43447768317635,0.303600364,2.31375436,-0.355798288,-8.9447374,4.0438066,-9.73721815
43447769305872,0.295078249,2.32121121,-0.386690957,-8.95670841,3.99831677,-9.82819781
43447770294109,0.288686662,2.32866806,-0.415453097,-8.97346782,4.0318356,-9.82819781
43447771282346,0.282295076,2.33505964,-0.443149972,-8.98543883,4.05577761,-9.7994674
43447772270584,0.274838208,2.34038597,-0.467651054,-8.99262144,4.05098921,-9.74918916
43447773259803,0.266316092,2.34251649,-0.492152136,-9.00459244,3.95761534,-9.67975731
43447774248041,0.257793977,2.34571229,-0.516653218,-8.98304463,3.85945308,-9.63905588
43447775236278,0.250337126,2.34997335,-0.540089036,-8.93037219,3.83551106,-9.63426748
43447776224515,0.24181501,2.35529967,-0.561394358,-8.9351606,3.81156904,-9.67257471
43447777212752,0.233292895,2.35849546,-0.583764911,-8.939949,3.74213719,-9.68693992
43447778200990,0.224770779,2.36169125,-0.604004935,-8.89924757,3.71819518,-9.70369933
43447779190209,0.216248664,2.36595231,-0.623179695,-8.90882438,3.71101257,-9.71567034
43447780178446,0.208791813,2.36914811,-0.643419719,-8.95670841,3.65594594,-9.69172832
43447781166684,0.201334962,2.37127863,-0.664725008,-8.939949,3.63200392,-9.67496891
43447782154921,0.19600864,2.37127863,-0.684965032,-8.9471316,3.65355173,-9.6582095
43447783143158,0.191747582,2.37340916,-0.706270255,-8.99740984,3.68228215,-9.64623849
43447784131395,0.185355995,2.37553969,-0.726510279,-9.01177505,3.68467635,-9.64384429
43447785120615,0.181094937,2.37660496,-0.747815568,-9.05008228,3.68946476,-9.65342109
43447786108852,0.17683388,2.37660496,-0.769120856,-9.09557211,3.70861837,-9.63666168
43447787097090,0.172572839,2.37553969,-0.790426145,-9.12190833,3.73974299,-9.63426748
43447788085327,0.167246516,2.3723439,-0.809600905,-9.13866774,3.79480963,-9.6582095
43447789073564,0.164050723,2.36808284,-0.829840929,-9.15303295,3.85945308,-9.67257471
43447790061801,0.159789665,2.36488705,-0.849015689,-9.16979236,3.90973131,-9.6582095
43447791051021,0.156593872,2.36169125,-0.868190449,-9.17218656,3.91930812,-9.62947908
43447792039258,0.154463343,2.3574302,-0.888430473,-9.17936917,3.94325013,-9.64863269
43447793027495,0.15126755,2.35316914,-0.906539968,-9.17936917,3.98395156,-9.6606037
43447794015733,0.147006492,2.34890808,-0.926779993,-9.17697496,3.97916316,-9.62229647
43447795003970,0.144875963,2.34464702,-0.947020017,-9.16021555,3.98395156,-9.61511387
43447795992207,0.142745434,2.3393207,-0.967260041,-9.11472572,4.05577761,-9.63666168
43447796981427,0.14168017,2.33399438,-0.986434801,-9.10275471,4.13478627,-9.64145009
43447797969664,0.138484368,2.32760279,-1.00560956,-9.12669673,4.15393988,-9.62708488
43447798957901,0.133158046,2.32227647,-1.02371906,-9.14345614,4.19464131,-9.54328782
43447799946138,0.129962253,2.31481962,-1.04289382,-9.12430253,4.25928475,-9.41400093
43447800934376,0.12676646,2.3062975,-1.06313384,-9.09317791,4.28322677,-9.23922421
43447801922613,0.122505402,2.29564486,-1.08337386,-9.01656345,4.43645568,-8.87291135
43447802911833,0.11717908,2.28179642,-1.10361389,-8.82263312,4.71657727,-8.63827959
43447803900070,0.108656964,2.26475219,-1.12172345,-8.68137522,4.8985366,-8.86094034
43447804888307,0.101200113,2.24983849,-1.13557189,-8.67658682,4.92487281,-9.02374606
43447805876544,0.0926779976,2.23492479,-1.14622453,-8.67658682,4.92247861,-9.03811127
43447806864782,0.083090626,2.22107622,-1.15794244,-8.655039,4.98712206,-9.17218656
43447807854001,0.0745685105,2.21042357,-1.17072562,-8.66940421,5.06373651,-9.3804821
43447808842238,0.0692421842,2.20083619,-1.18350879,-8.73165345,5.05655391,-9.60553706
43447809830476,0.0649811264,2.19124881,-1.1952267,-8.82263312,5.00148727,-9.79467899
43447810818713,0.0617853331,2.18059617,-1.20481408,-8.89206497,4.95599744,-9.99579193
43447811806950,0.0607200687,2.16994352,-1.21653199,-8.99022723,4.86501777,-10.1801455
43447812795187,0.0617853331,2.16142141,-1.22931516,-9.10514891,4.77164391,-10.2926729
43447813784407,0.0660463909,2.15289929,-1.24209833,-9.14824454,4.72854828,-10.5033627
43447814772644,0.0713727172,2.14331191,-1.25701203,-9.17458076,4.66390483,-10.7739075
43447815760882,0.0777643038,2.13585506,-1.272991,-9.2320416,4.58729038,-10.9031944
43447816749119,0.0862864193,2.13052874,-1.29003523,-9.31583866,4.54898315,-11.0037508
43447817737356,0.093743262,2.12520242,-1.30707946,-9.33259807,4.55855996,-11.1450087
43447818725593,0.100134849,2.12307189,-1.32412369,-9.27753143,4.618415,-11.1450087
43447819714813,0.105461171,2.12094136,-1.34010266,-9.22007059,4.67587584,-11.018116
43447820703050,0.110787493,2.12094136,-1.35714689,-9.19373438,4.71418307,-10.9247422
43447821691287,0.116113815,2.12094136,-1.37525639,-9.16500396,4.78361492,-10.8361567
43447822679525,0.118244344,2.12094136,-1.39123535,-9.14585034,4.82671055,-10.7619365
43447823667762,0.120374873,2.11774557,-1.40614892,-9.12190833,4.81234534,-10.7020814
43447824655999,0.122505402,2.11348451,-1.42212789,-9.10993732,4.81234534,-10.6302554
43447825645219,0.124635931,2.10815819,-1.43810686,-9.13866774,4.77643231,-10.5392757
43447826633456,0.12676646,2.1017666,-1.45621635,-9.11951412,4.7572787,-10.4866033
43447827621693,0.128896988,2.09324448,-1.47432585,-9.06444749,4.84586416,-10.5273047
43447828609931,0.131027517,2.08472237,-1.49243534,-9.00938085,4.94163223,-10.5775829
43447829598168,0.129962253,2.07726552,-1.51054484,-8.97586202,4.93923802,-10.5033627
43447830586405,0.128896988,2.0687434,-1.52865433,-8.95910261,4.98712206,-10.4554786
43447831575625,0.127831724,2.06022129,-1.5446333,-8.89206497,5.15471617,-10.5584293
43447832563862,0.125701195,2.05063391,-1.55848174,-8.77235488,5.29836827,-10.6829278
43447833552099,0.122505402,2.04211179,-1.57019965,-8.68855782,5.36780012,-10.7667249
43447834540336,0.121440137,2.03465494,-1.57872176,-8.66940421,5.44680878,-10.7930611
43447835528574,0.119309609,2.02826335,-1.58511335,-8.67179841,5.54736525,-10.8193973
43447836516811,0.115048551,2.01867597,-1.58830914,-8.6502506,5.61440289,-10.8720697
43447837506031,0.110787493,2.00908859,-1.58937441,-8.59518396,5.71974777,-10.8217915
43447838494268,0.106526435,1.99950121,-1.59150493,-8.48026228,5.88494768,-10.6757452
43447839482505,0.0969390554,1.9877833,-1.59043967,-8.34618699,6.11000264,-10.3429512
43447840470742,0.0862864193,1.97393487,-1.58617861,-8.25281312,6.24407793,-10.2687309
43447841458980,0.075633775,1.96008643,-1.5776565,-8.26238993,6.1961939,-10.4506902
43447842448199,0.0671116553,1.94730326,-1.56806912,-8.30787976,6.14830986,-10.4147772
43447843436436,0.0553937465,1.93238955,-1.55848174,-8.33661018,6.0597244,-10.5344873
43447844424674,0.0426105774,1.91747585,-1.54995962,-8.33900438,5.96395634,-10.6829278
43447845412911,0.0330231954,1.90469268,-1.54250277,-8.42519564,5.86579407,-10.7954553
43447846401148,0.0276968733,1.89190951,-1.53504592,-8.56884774,5.69580575,-11.0372697
43447847389385,0.0245010799,1.87593054,-1.5297196,-8.66940421,5.55454785,-11.1689507
43447848378605,0.0223705511,1.85888631,-1.5265238,-8.7915085,5.46835659,-11.2335942
43447849366842,0.0223705511,1.84184208,-1.5265238,-8.86333455,5.40131895,-11.2814782
43447850355079,0.0213052887,1.82479785,-1.52758907,-8.92797799,5.31033928,-11.4035825
43447851343317,0.0202400243,1.80775361,-1.5297196,-8.92318959,5.26963785,-11.6860983
43447852331554,0.0213052887,1.79070938,-1.53291539,-8.87530555,5.29597407,-11.9111533
43447853319791,0.0223705511,1.77899148,-1.53717645,-8.88248816,5.22175382,-12.1194488
43447854309011,0.0223705511,1.77259989,-1.54250277,-8.90643018,5.11162054,-12.346898
43447855297248,0.0191747598,1.77259989,-1.54889436,-8.87769976,5.12359155,-12.5839239
43447856285485,0.0127831722,1.77579568,-1.55741647,-8.80587371,5.15471617,-12.7706717
43447857273723,0.00213052874,1.7843178,-1.56700385,-8.77474908,4.82192214,-12.8520745
43447858261960,-0.00745685053,1.79816623,-1.57978703,-8.81305631,4.37181223,-12.8065847
43447859250197,-0.0138484366,1.81201467,-1.59789652,-8.64546219,4.36941803,-12.8161615
43447860239417,-0.0159789655,1.82692837,-1.61600602,-8.66701001,4.52982954,-12.8784107
43447861227654,-0.0191747598,1.84290734,-1.63411551,-8.68376942,4.65193383,-12.7012398
43447862215891,-0.0266316088,1.85462525,-1.64902921,-8.54011732,4.70939467,-12.4330892
43447863204128,-0.0362189908,1.86314737,-1.66287765,-8.42758984,4.94642063,-12.4019646
43447864192366,-0.046871631,1.86953895,-1.6735303,-8.24563052,5.26006105,-12.3540806
43447865180603,-0.0585895398,1.87486527,-1.68098715,-8.31027396,5.24090743,-12.2008517
43447866169823,-0.0671116553,1.88125686,-1.68631347,-8.37731161,5.27203206,-12.2271879
43447867158060,-0.0745685105,1.88445265,-1.69057453,-8.5065985,5.41089575,-12.4354834
43447868146297,-0.0820253616,1.88232213,-1.69163979,-8.55208833,5.49948121,-12.6030775
43447869134534,-0.0862864193,1.87593054,-1.69163979,-8.55208833,5.58567247,-12.6653268
43447870122772,-0.0894822043,1.86953895,-1.69163979,-8.63349119,5.69101735,-12.7491238
43447871111991,-0.0905474687,1.86314737,-1.69057453,-8.66940421,5.84903466,-12.8520745
43447872100228,-0.0894822043,1.85462525,-1.68737873,-8.69334623,5.97113894,-13.0268512
43447873088466,-0.0873516838,1.84397261,-1.68205241,-8.73404766,6.08606062,-13.1920511
43447874076703,-0.0852211549,1.83331996,-1.67779135,-8.78432589,6.16985768,-13.4362597
43447875064940,-0.083090626,1.82266732,-1.6735303,-8.84178673,6.1985881,-13.7690537
43447876053177,-0.0788295683,1.8141452,-1.66926924,-8.91600698,6.1985881,-13.9941087
43447877042397,-0.0745685105,1.80881888,-1.66394292,-8.96867942,6.25844314,-14.0970594
43447878030634,-0.0692421842,1.80668835,-1.65861659,-9.02135186,6.37575902,-14.2335289
43447879018872,-0.0649811264,1.80455782,-1.65435554,-9.04768807,6.35660541,-14.4083056
43447880007109,-0.0617853331,1.80562309,-1.65115974,-9.12909093,6.22013591,-14.5064679
43447880995346,-0.0575242754,1.80775361,-1.65009448,-9.19134017,6.02141718,-14.6213895
43447881983583,-0.0500674243,1.81094941,-1.65222501,-9.12909093,5.88255348,-14.6596968
43447882972803,-0.0436758419,1.81627573,-1.65648606,-8.98783303,5.89691869,-14.6333605
43447883961040,-0.0372842553,1.82479785,-1.66287765,-8.7915085,5.97592734,-14.5830823
43447884949277,-0.031957931,1.83651575,-1.66713871,-8.74123026,5.92804331,-14.6046301
43447885937515,-0.0276968733,1.85249472,-1.6703345,-8.81784471,5.76044919,-14.7243402
43447886925752,-0.0213052887,1.86847369,-1.67459556,-8.95431421,5.60482609,-14.8057431
43447887913989,-0.0138484366,1.88125686,-1.67779135,-9.05008228,5.4827218,-14.8368677
43447888903209,-0.00426105748,1.88977898,-1.68418294,-9.0788127,5.43004937,-14.638149
43447889891446,0.00852211497,1.8951053,-1.69057453,-9.11472572,5.34385811,-14.4274592
43447890879683,0.0213052887,1.89830109,-1.69590085,-9.12190833,5.25048424,-14.4106998
43447891867921,0.0340884599,1.89936636,-1.70016191,-9.15063875,5.09007273,-14.3987288
43447892856158,0.0490021599,1.89723583,-1.70442296,-9.16021555,4.9009308,-14.2933839
43447893844395,0.0628505976,1.89297477,-1.71081455,-9.13387933,4.80276853,-14.2095869
43447894833615,0.0788295683,1.88551792,-1.71614087,-9.10036051,4.73094248,-14.164097
43447895821852,0.0969390554,1.8801916,-1.7214672,-9.05487068,4.64714542,-14.0994536
43447896810089,0.116113815,1.87380001,-1.72572825,-9.01656345,4.56095416,-14.0204449
43447897798326,0.134223311,1.8620821,-1.72998931,-8.98065043,4.52743534,-13.9701667
43447898786564,0.152332814,1.85142946,-1.73531563,-8.97107362,4.39575425,-14.0204449
43447899774801,0.17044231,1.84290734,-1.73957669,-8.99501564,4.25449635,-14.0946652
43447900764020,0.188551789,1.83651575,-1.74703354,-9.04289967,4.17309349,-14.1593086
43447901752258,0.206661284,1.83118943,-1.75662092,-9.12190833,4.0390182,-14.2622593
43447902740495,0.224770779,1.82586311,-1.76833883,-9.18655177,3.90254871,-14.2143753
43447903728732,0.243945539,1.81947152,-1.78218727,-9.32062706,3.72537778,-14.0108681
43447904716970,0.26098977,1.81094941,-1.79816623,-9.48103857,3.61763871,-13.8720044
43447905706189,0.276968737,1.80029676,-1.81734099,-9.53610521,3.70143577,-13.6373727
43447906694426,0.287621398,1.78644833,-1.83864628,-9.61750807,3.68467635,-13.9127058
43447907682664,0.299339307,1.77259989,-1.8620821,-9.6558153,3.6080619,-14.2407115
43447908670901,0.313187744,1.75981672,-1.88658318,-9.69172832,3.65355173,-14.104242
43447909659138,0.325970917,1.74809881,-1.91214953,-9.68693992,3.72058938,-14.0467811
43447910647375,0.336623562,1.73851143,-1.93878114,-9.63426748,3.84748207,-14.0084739
43447911636595,0.343015148,1.73105458,-1.96434749,-9.61990227,3.95522114,-13.9198885
43447912624832,0.347276206,1.7214672,-1.98991383,-9.60793126,4.02465299,-13.903129
43447913613069,0.351537231,1.71187982,-2.01548018,-9.60314286,4.08211383,-13.9534073
43447914601307,0.354733024,1.70122717,-2.038916,-9.58638345,4.14915148,-13.9103116
43447915589544,0.356863553,1.69163979,-2.06235181,-9.55765303,4.27604417,-13.8767928
43447916577781,0.360059346,1.68311768,-2.08472237,-9.46906757,4.43645568,-13.8624276
43447917567001,0.358994082,1.6735303,-2.10602766,-9.30147345,4.58729038,-13.867216
43447918555238,0.356863553,1.66394292,-2.12520242,-9.13387933,4.67108744,-13.8480624
43447919543475,0.357928817,1.6554208,-2.14118138,-9.0812069,4.73573088,-13.7786306
43447920531713,0.358994082,1.64796395,-2.15502982,-8.96628522,4.83628735,-13.7762364
43447921519950,0.357928817,1.63944183,-2.16781299,-8.81066211,4.87698878,-13.7427175
43447922508187,0.355798288,1.63198498,-2.1795309,-8.72925925,4.86741198,-13.7091987
43447923497407,0.353667759,1.6255934,-2.18698775,-8.69095203,4.88656559,-13.7331407
43447924485644,0.351537231,1.62026707,-2.19337934,-8.61194337,4.91290181,-13.7020161
43447925473881,0.346210942,1.61387549,-2.19870566,-8.47068547,5.00388147,-13.6996219
43447926462118,0.341949884,1.6074839,-2.20296672,-8.31745657,5.11401475,-13.7546885
43447927450356,0.338754091,1.60428811,-2.20509725,-8.24563052,5.10683214,-13.855245
43447928438593,0.338754091,1.60535337,-2.20509725,-8.24323632,4.99909307,-13.9749551
43447929427813,0.338754091,1.60535337,-2.20509725,-8.2192943,4.94881483,-14.0132623
43447930416050,0.336623562,1.6074839,-2.20616251,-8.16662186,4.98712206,-14.0659348
43447931404287,0.332362504,1.61174496,-2.20722778,-8.16422766,4.95360323,-14.3053549
43447932392524,0.330231975,1.61920181,-2.20829304,-8.24084211,4.80755693,-14.36521
43447933380762,0.33129724,1.62772393,-2.21042357,-8.30548556,4.69502946,-14.2526825
43447934368999,0.330231975,1.63518078,-2.21361936,-8.27436094,4.70460626,-14.1617028
43447935358218,0.33129724,1.6405071,-2.21681516,-8.23365951,4.7572787,-14.1353666
43447936346456,0.334493033,1.64263763,-2.21894569,-8.21211169,4.78122072,-14.2263463
43447937334693,0.337688826,1.64263763,-2.21894569,-8.20014069,4.71178887,-14.3388737
43447938322930,0.343015148,1.64263763,-2.21788042,-8.21211169,4.62799181,-14.4083056
43447939311167,0.349406735,1.64370289,-2.21681516,-8.24802472,4.56574257,-14.2383173
43447940300387,0.354733024,1.64689868,-2.21894569,-8.31266816,4.57531937,-14.3269027
43447941288624,0.361124611,1.64902921,-2.22320674,-8.37970581,4.66629904,-14.5758997
43447942276862,0.366450933,1.64902921,-2.22640254,-8.43716665,4.65432803,-14.6022359
43447943265099,0.37071199,1.64583342,-2.22959833,-8.35097539,4.59207878,-14.5423809
43447944253336,0.379234106,1.64370289,-2.23172886,-8.26957253,4.49870492,-14.638149
43447945241573,0.394147808,1.64263763,-2.23492479,-8.28872615,4.34547601,-14.970943
43447946230793,0.412257303,1.64263763,-2.23812058,-8.33661018,4.1802761,-15.1074125
43447947219030,0.430366799,1.64157236,-2.2434469,-8.31985077,4.11563265,-15.0236154
43447948207267,0.450606823,1.63944183,-2.24877322,-8.21211169,4.10366165,-15.0355864
43447949195505,0.47617317,1.63944183,-2.25409955,-8.25760153,3.8881835,-15.3228906
43447950183742,0.508131103,1.64263763,-2.26262166,-8.43237825,3.63918652,-15.5096384
43447951171979,0.540089036,1.64476816,-2.27433957,-8.54251152,3.56975468,-15.4713311
43447952161199,0.569916473,1.64370289,-2.28712274,-8.51856951,3.6056677,-15.4162645
43447953149436,0.604004935,1.6405071,-2.30203645,-8.47547388,3.66312854,-15.2726124
43447954137673,0.637028133,1.63944183,-2.31695015,-8.42758984,3.76129081,-14.9781256
43447955125911,0.666855537,1.63731131,-2.32973332,-8.34379279,3.8953661,-14.8871459
43447956114148,0.696682941,1.63305025,-2.34038597,-8.30309136,4.01028778,-14.93503
43447957102385,0.72437975,1.62878919,-2.34890808,-8.34858119,4.02944139,-14.8847517
43447958091605,0.748880832,1.62346287,-2.35849546,-8.30069716,4.08450803,-14.8153199
43447959079842,0.770186121,1.61600602,-2.36701758,-8.12831464,4.29519778,-14.7602532
43447960068079,0.790426145,1.61067969,-2.37340916,-7.98705674,4.43645568,-14.65012
43447961056316,0.811731434,1.60428811,-2.37553969,-7.85776985,4.4699745,-14.4394302
43447962044554,0.833036722,1.59789652,-2.37660496,-7.67820472,4.52982954,-14.3843636
43447963032791,0.852211482,1.59150493,-2.37447443,-7.51061061,4.66151063,-14.4274592
43447964022010,0.870320978,1.58830914,-2.36914811,-7.32865128,4.74530769,-14.3388737
43447965010248,0.888430473,1.58511335,-2.36382178,-7.14429775,4.73333668,-14.2766245
43447965998485,0.906539968,1.58298282,-2.35636493,-6.99346305,4.72854828,-14.2957781
43447966986722,0.923584199,1.58191755,-2.34571229,-6.81389792,4.7572787,-14.0970594
43447967974959,0.941693695,1.57978703,-2.33399438,-6.70137045,4.70700046,-14.0491753
43447968963197,0.958737926,1.57872176,-2.32014594,-6.59841978,4.65672223,-14.0276275
43447969952416,0.973651628,1.5776565,-2.3094933,-6.4930749,4.68545265,-13.8217262
43447970940654,0.989630594,1.5776565,-2.29777539,-6.39491263,4.64475122,-13.7068045
43447971928891,1.00560956,1.5776565,-2.28712274,-6.36857642,4.56095416,-13.6421611
43447972917128,1.02052326,1.57978703,-2.27753536,-6.40209524,4.45800349,-13.6134306
43447973905365,1.03330644,1.57978703,-2.27007851,-6.40688364,4.39575425,-13.4578075
43447974894585,1.04395908,1.57872176,-2.26262166,-6.39970104,4.38617744,-13.3141554
43447975882822,1.05567699,1.57659123,-2.25623008,-6.35899961,4.39096584,-13.1441671
43447976871059,1.06846016,1.57339544,-2.25409955,-6.35660541,4.38378324,-12.9669962
43447977859297,1.08017807,1.56806912,-2.25196902,-6.32548079,4.39096584,-12.7682775
43447978847534,1.09083072,1.56061227,-2.24983849,-6.25365474,4.43884988,-12.4881559
43447979835771,1.10148336,1.55315541,-2.25090375,-6.14352146,4.43166727,-12.3325328
43447980824991,1.11107074,1.54569856,-2.25303428,-6.03817659,4.3311108,-12.2535241
43447981813228,1.12172345,1.53504592,-2.25409955,-6.00705197,4.36941803,-12.1984575
43447982801465,1.13557189,1.52226275,-2.25729534,-6.00705197,4.52025273,-12.109872
43447983789703,1.15048559,1.50521851,-2.2615564,-5.98789835,4.6112324,-12.0308633
43447984777940,1.16326876,1.48923955,-2.26581746,-5.82748684,4.74051929,-12.0667764
43447985766177,1.17392141,1.47965217,-2.27007851,-5.65989272,4.7620671,-12.1433908
43447986755397,1.18244352,1.47432585,-2.27114378,-5.54257684,4.76685551,-12.145785
43447987743634,1.1920309,1.47113005,-2.27114378,-5.41807836,4.84825836,-12.0164981
43447988731871,1.19842249,1.47006479,-2.26901325,-5.3294929,4.96318004,-11.9686141
43447989720108,1.20161828,1.47006479,-2.26688272,-5.21457122,5.06134231,-11.9303069
43447990708346,1.20481408,1.47113005,-2.26262166,-5.07810172,4.97036265,-11.80102
43447991696583,1.20907513,1.47113005,-2.25729534,-5.00388147,4.81473954,-11.7220113
43447992685803,1.21440146,1.46899952,-2.24983849,-4.96557424,4.92966122,-11.5328694
43447993674040,1.22185831,1.46473847,-2.2434469,-4.94402643,5.10683214,-11.1378261
43447994662277,1.22931516,1.45941214,-2.23599005,-4.8985366,5.20978281,-10.8098205
43447995650514,1.23357622,1.45089003,-2.22640254,-4.75009609,5.30555088,-10.6422264
43447996638752,1.23251095,1.43917212,-2.21574989,-4.57771357,5.3342813,-10.3094323
43447997626989,1.23251095,1.42638895,-2.20190146,-4.49391652,5.37258853,-9.88087025
43447998616208,1.23251095,1.40827945,-2.1827267,-4.45082089,5.39892474,-9.63666168
43447999604446,1.22824989,1.38803956,-2.16142141,-4.25928475,5.43723197,-9.6677863
43448000592683,1.22292357,1.36353848,-2.13692033,-4.01986459,5.46596239,-9.78510219
43448001580920,1.21866251,1.34010266,-2.10922345,-3.94325013,5.35822332,-9.6677863
43448002569157,1.21972778,1.31986264,-2.08046131,-3.90973131,5.23611903,-9.41878933
43448003558377,1.21972778,1.29855735,-2.05276444,-3.91212551,5.17386979,-9.21288799
43448004546614,1.21866251,1.27618679,-2.02506756,-3.85227047,5.14513937,-9.05487068
43448005534852,1.21759725,1.25275098,-1.99843595,-3.61285031,5.31512769,-8.71249984
43448006523089,1.21546672,1.23038042,-1.97180434,-3.37582434,5.46835659,-8.59997236
43448007511326,1.21653199,1.20800987,-1.94197693,-3.35188232,5.31752189,-8.81305631
43448008499563,1.22185831,1.18670458,-1.90895374,-3.34709392,5.17147559,-8.7915085
43448009488783,1.22718463,1.16433403,-1.87593054,-3.21780703,5.09964954,-8.78911429
43448010477020,1.23357622,1.14196348,-1.84503787,-3.06457812,5.01345828,-8.88727656
43448011465257,1.24422886,1.12065819,-1.81307994,-3.04303031,4.92966122,-8.9447374
43448012453495,1.25914256,1.10361389,-1.78218727,-3.0286651,4.78840332,-9.01895765
43448013441732,1.27405627,1.09083072,-1.75235986,-3.01669409,4.73333668,-9.05247648
43448014429969,1.28683944,1.0823086,-1.72466299,-3.09809695,4.71418307,-8.91361278
43448015419189,1.30175314,1.07804754,-1.69909664,-3.00472308,4.66869324,-8.77953749
43448016407426,1.31560158,1.07591701,-1.67566082,-2.82515796,4.66390483,-8.82742152
43448017395663,1.33051528,1.07698228,-1.65435554,-2.7461493,4.62799181,-8.74841287
43448018383900,1.34755951,1.07804754,-1.63091972,-2.72699569,4.60404979,-8.47786808
43448019372138,1.36460374,1.07591701,-1.60854917,-2.70544788,4.64235702,-8.15704506
43448020360375,1.37951744,1.07272122,-1.58511335,-2.72220729,4.66151063,-7.76200178
43448021349595,1.39549641,1.06632963,-1.56487332,-2.79642754,4.64953962,-7.32625708
43448022337832,1.41360577,1.05887278,-1.54569856,-2.84431157,4.6136266,-6.98149204
43448023326069,1.42851948,1.04608961,-1.52865433,-2.68390006,4.67827004,-6.76840809
43448024314306,1.44343318,1.02798011,-1.50947957,-2.61207401,4.75009609,-6.45237347
43448025302544,1.46047741,1.0045443,-1.48923955,-2.56897838,4.75009609,-6.02620558
43448026290781,1.47432585,0.980043215,-1.46793426,-2.47321031,4.79319172,-5.71017096
43448027280000,1.48710902,0.954476868,-1.44662897,-2.46123931,4.81713374,-5.55933625
43448028268238,1.49776166,0.928910522,-1.42638895,-2.3080104,4.85783517,-5.46117399
43448029256475,1.50841431,0.906539968,-1.40614892,-2.21224233,4.93444962,-5.27682046
43448030244712,1.51906695,0.884169415,-1.38590903,-2.17632931,4.97515105,-4.94402643
43448031232949,1.5297196,0.858603069,-1.36460374,-2.22900175,4.99430466,-4.55855996
43448032221187,1.53611118,0.831971458,-1.34329845,-2.27688578,5.01345828,-4.26167896
43448033210406,1.54037224,0.805339847,-1.32305843,-2.27209738,5.01824668,-4.14436307
43448034198644,1.54250277,0.779773501,-1.30388367,-2.26730897,4.98712206,-4.1802761
43448035186881,1.54250277,0.755272419,-1.28577417,-2.20745393,4.99909307,-4.13957467
43448036175118,1.54143751,0.727575543,-1.26659941,-2.33674082,5.02303508,-3.95522114
43448037163355,1.54037224,0.699878734,-1.24955518,-2.37744225,5.02782349,-3.78283862
43448038152575,1.53824171,0.674312388,-1.23251095,-2.39899006,5.0445829,-3.65834014
43448039140812,1.53717645,0.646615513,-1.21653199,-2.56897838,4.99909307,-3.46919821
43448040129049,1.53185013,0.621049166,-1.20161828,-2.51391174,4.93923802,-3.36385333
43448041117287,1.52439327,0.59548282,-1.18670458,-2.52827695,4.96318004,-3.20823022
43448042105524,1.51587116,0.570981738,-1.17285614,-2.58094939,4.98472786,-3.10767375
43448043093761,1.50947957,0.545415358,-1.15687718,-2.52109435,4.98233365,-3.07176073
43448044082981,1.50308799,0.518783747,-1.14089821,-2.57855519,5.06373651,-2.65516964
43448045071218,1.49350061,0.486825814,-1.12385398,-2.56418998,5.12837996,-2.26252057
43448046059455,1.48284796,0.453802616,-1.10574442,-2.55461317,5.06373651,-2.29603939
43448047047693,1.47432585,0.421844683,-1.08656966,-2.72699569,4.93205542,-2.34871183
43448048035930,1.46899952,0.388821486,-1.0673949,-2.85149418,4.77643231,-2.26012637
43448081641890,1.16007297,-0.76272927,-0.741423981,-4.30477458,2.94965645,-0.66319386
43448082630128,1.14622453,-0.796817732,-0.74355451,-4.27125576,2.95205065,-0.529118567
43448083618365,1.13131083,-0.829840929,-0.745685039,-4.23055433,2.94965645,-0.397437476
43448084607585,1.1153318,-0.863929391,-0.744619774,-4.09169064,3.09570275,0.0311246216
43448085595822,1.09828757,-0.90440944,-0.742489245,-3.88100089,3.21541283,0.335188232
43448086584059,1.08337386,-0.948085281,-0.736097659,-3.82832845,3.13161577,0.169988318
43448087572296,1.07378648,-0.98856533,-0.725445014,-3.8953661,2.96162745,-0.11492168
43448088560534,1.0673949,-1.02904538,-0.715857634,-3.94564434,2.82755216,-0.402225879
43448089548771,1.06419911,-1.06952543,-0.70520499,-3.9001545,2.69347687,-0.574608398
43448090537990,1.06526437,-1.10680968,-0.692421883,-3.83551106,2.55940157,-0.711077893
43448091526228,1.07165596,-1.13983295,-0.677508181,-3.83311686,2.4540567,-0.845153186
43448092514465,1.07804754,-1.16966035,-0.663659744,-3.86663568,2.28406838,-0.916979236
43448093502702,1.08443913,-1.19948775,-0.65087657,-3.88100089,2.1595699,-0.873883606
43448094490939,1.09189598,-1.22611937,-0.639158662,-3.93606753,2.10210906,-0.7206547
43448095479177,1.09828757,-1.25168571,-0.627440753,-4.09408484,1.96803376,-0.44771571
43448096468396,1.10361389,-1.27938259,-0.616788108,-4.27843837,1.86268889,-0.0454898315
43448097456634,1.10574442,-1.30920999,-0.606135464,-4.73094248,1.733402,0.53390697
43448098444871,1.10787495,-1.3390374,-0.598678613,-5.46835659,1.48679923,1.66397015
43448099433108,1.09935283,-1.37845218,-0.59548282,-6.1961939,1.25935007,3.08852014
43448100421345,1.07591701,-1.42745421,-0.59548282,-6.70376465,0.967257471,4.34547601
43448101409583,1.04395908,-1.48497849,-0.599743877,-7.47469758,0.608127222,5.83227524
43448102398802,1.00774009,-1.54995962,-0.608265993,-8.31027396,0.397437476,7.0700775
43448103387039,0.962998984,-1.62346287,-0.623179695,-8.70292303,0.174776721,7.74524237
43448104375277,0.906539968,-1.69803138,-0.639158662,-9.29189664,-0.105344873,8.20492909
43448105363514,0.847950425,-1.77473042,-0.656202893,-10.09156,-0.356736047,8.67658682
43448106351751,0.792556674,-1.85142946,-0.678573446,-10.8840407,-0.737414111,9.48103857
43448107340971,0.736097659,-1.93238955,-0.707335519,-11.5711766,-0.847547388,10.3381628
43448108329208,0.673247124,-2.02187177,-0.739293452,-11.9398837,-0.699106885,11.1641623
43448109317445,0.606135464,-2.1166803,-0.771251385,-12.5623761,-0.837970581,11.9614315
43448110305683,0.5411543,-2.22001095,-0.801078789,-13.3979525,-1.01992991,12.5120979
43448111293920,0.469781583,-2.32973332,-0.833036722,-13.7283523,-1.07499655,12.5695587
43448112282157,0.39947413,-2.44265135,-0.864994655,-14.1018478,-1.17076461,12.2846487
43448113271377,0.335558297,-2.55450412,-0.898017853,-14.7171576,-1.20907184,12.0117097
43448114259614,0.274838208,-2.66635688,-0.932106315,-15.1122009,-1.32399352,11.9470663
43448115247851,0.217313928,-2.78247071,-0.967260041,-15.4833021,-1.38384856,11.9135475
43448116236088,0.164050723,-2.89964953,-1.0045443,-15.825673,-1.22583125,11.5496288
43448117224326,0.115048551,-3.01682862,-1.04182855,-15.9980555,-0.981622681,11.1043073
43448118212563,0.0692421842,-3.13187718,-1.07698228,-16.146496,-0.761356128,10.7260234
43448119201782,0.0255663444,-3.24479521,-1.10894021,-16.2278989,-0.586579407,10.1969049
43448120190020,-0.0117179078,-3.35664797,-1.13983295,-16.2350815,-0.339976636,9.38527051
43448121178257,-0.0404800486,-3.46743547,-1.16966035,-16.218322,-0.0742202515,8.58081875
43448122166494,-0.0617853331,-3.57502718,-1.19948775,-15.9860845,0.356736047,7.80749161
43448123154731,-0.0777643038,-3.6762273,-1.22718463,-15.636531,0.881066211,6.96233843
43448124142969,-0.0894822043,-3.76997057,-1.25062045,-15.3635921,1.23301385,5.98310995
43448125132188,-0.0948085265,-3.86051805,-1.26872994,-15.0140386,1.56341368,4.86262357
43448126120426,-0.0916127332,-3.9457392,-1.28364365,-14.5663229,1.93212074,3.70143577
43448127108663,-0.0788295683,-4.02456877,-1.29323103,-14.0826942,2.3056162,2.52348855
43448128096900,-0.0607200687,-4.09594149,-1.29749208,-13.5487872,2.64559283,1.42454999
43448129085137,-0.0351537264,-4.15985736,-1.29749208,-13.0962831,2.91613762,0.387860669
43448130073375,-0.0063915861,-4.2184469,-1.29642682,-12.5575877,3.1747114,-0.567425793
43448131062594,0.0266316088,-4.26957959,-1.2911005,-11.8991823,3.43089098,-1.45328041
43448132050831,0.063915862,-4.31645123,-1.28257838,-11.3317565,3.58172568,-2.36307704
43448133039069,0.103330642,-4.35693128,-1.27192574,-10.8361567,3.65115753,-3.27047947
43448134027306,0.140614906,-4.38888921,-1.26020783,-10.4435076,3.73495459,-4.01747039
43448135015543,0.175768615,-4.41552082,-1.24742465,-10.0508586,3.79241543,-4.55616576
43448136003780,0.207726548,-4.43895664,-1.23357622,-9.58877765,3.82354005,-5.08528433
43448136993000,0.236488688,-4.45706613,-1.21866251,-9.17697496,3.90733711,-5.99508096
43448137981237,0.265250828,-4.46984957,-1.20161828,-8.74601866,3.96240375,-7.02698187
43448138969475,0.294012984,-4.47624116,-1.18137826,-8.25999573,3.83311686,-7.77397279
43448139957712,0.324905653,-4.47304537,-1.16007297,-7.9367785,3.57214888,-8.14986245
43448140945949,0.357928817,-4.46558825,-1.14196348,-7.81946262,3.28723888,-8.20253489
43448141935169,0.388821486,-4.45600087,-1.12811504,-7.65665691,3.19147081,-8.27196674
43448142923406,0.412257303,-4.45067455,-1.11746239,-7.3621701,3.3159693,-8.47068547
43448143911643,0.434627857,-4.44960928,-1.10574442,-7.09880792,3.34469972,-8.60476077
43448144899880,0.453802616,-4.44747875,-1.09189598,-6.95276162,3.22498964,-8.60476077
43448145888118,0.468716319,-4.44641349,-1.07698228,-6.84981095,3.21541283,-8.75080707
43448146876355,0.479368963,-4.44854402,-1.06313384,-6.60799658,3.22498964,-8.89206497
43448147865575,0.486825814,-4.45067455,-1.0524812,-6.3422402,3.28963308,-8.77474908
43448148853812,0.488956343,-4.45067455,-1.04076329,-6.14352146,3.57214888,-8.71249984
43448149842049,0.481499492,-4.44854402,-1.02691485,-5.9064955,3.76607921,-8.82023892
43448150830286,0.462324732,-4.44534823,-1.00987062,-5.65271012,3.65594594,-8.95431421
43448151818524,0.442084708,-4.44108717,-0.992826388,-5.39413634,3.40694896,-8.87530555
43448152806761,0.421844683,-4.43363032,-0.980043215,-5.14513937,3.3159693,-8.73883606
43448153795980,0.39947413,-4.42404294,-0.968325306,-4.95360323,3.3231519,-8.7962969
43448154784218,0.373907784,-4.41552082,-0.957672661,-4.79079752,3.25850846,-8.75080707
43448155772455,0.344080413,-4.40486818,-0.948085281,-4.58489618,3.21541283,-8.67898102
43448156760692,0.309991951,-4.38995447,-0.941693695,-4.35505282,3.18907661,-8.75559547
43448157748929,0.272707679,-4.37184498,-0.934236844,-4.14436307,3.169923,-8.87291135
43448158737167,0.234358159,-4.35160495,-0.927845257,-3.90254871,3.10527955,-8.96389102
43448159726386,0.193878111,-4.3292344,-0.920388406,-3.67031115,2.95205065,-8.93276639
43448160714624,0.153398079,-4.30366806,-0.91399682,-3.50989963,2.73178409,-8.88488236
43448161702861,0.111852757,-4.27384065,-0.912931555,-3.33272871,2.50194073,-9.00219824
43448162691098,0.0692421842,-4.24081745,-0.915062084,-3.07654913,2.36068284,-9.21049379
43448163679335,0.0266316088,-4.20566373,-0.919323142,-2.78445653,2.3080104,-9.43554874
43448164667573,-0.0138484366,-4.16624894,-0.923584199,-2.51151754,2.27688578,-9.64384429
43448165656792,-0.0521979532,-4.12044257,-0.924649464,-2.29603939,2.19069452,-9.74200656
43448166645029,-0.0894822043,-4.07144041,-0.926779993,-2.11647427,2.18111771,-9.88805286
43448167633267,-0.128896988,-4.02137298,-0.928910522,-1.91775553,2.18830032,-9.97424412
43448168621504,-0.166181252,-3.96917502,-0.931041051,-1.70945999,2.24097275,-9.96706151
43448169609741,-0.197073904,-3.91910759,-0.931041051,-1.55144268,2.36307704,-10.0484644
43448170598961,-0.22264025,-3.87117069,-0.925714728,-1.4437036,2.40856687,-10.0628296
43448171587198,-0.243945539,-3.82642959,-0.916127348,-1.31681091,2.35350023,-9.9574847
43448172575435,-0.259924506,-3.78594954,-0.905474704,-1.22583125,2.27927998,-10.055647
43448173563672,-0.272707679,-3.74653476,-0.891626266,-1.09415016,2.27688578,-10.3142208
43448174551910,-0.280164547,-3.70818524,-0.874582035,-0.902614026,2.21703074,-10.5392757
43448175540147,-0.282295076,-3.66557466,-0.85647254,-0.730231506,2.08056124,-10.7691191
43448176529367,-0.279099266,-3.62083355,-0.838363045,-0.612915625,1.97521637,-10.9989624
43448177517604,-0.272707679,-3.57289665,-0.81812302,-0.481234534,1.90578452,-11.183316
43448178505841,-0.262055035,-3.52069869,-0.796817732,-0.316034619,1.81959326,-11.2934492
43448179494078,-0.249271861,-3.46637021,-0.774447178,-0.208295544,1.68072957,-11.3533043
43448180482316,-0.234358159,-3.41097646,-0.752076625,-0.124498486,1.53707747,-11.3916115
43448181470553,-0.217313928,-3.35345218,-0.727575543,-0.102950671,1.39342537,-11.3700637
43448182459772,-0.201334962,-3.29379737,-0.699878734,-0.153228906,1.20188923,-11.2719014
43448183448010,-0.187486524,-3.23520783,-0.673247124,-0.248996973,1.01992991,-11.1378261
43448184436247,-0.175768615,-3.17874881,-0.647680777,-0.380678064,0.873883606,-10.9175596
43448185424484,-0.165115988,-3.12548559,-0.623179695,-0.596156213,0.732625708,-10.6470148
43448186412721,-0.156593872,-3.07648342,-0.597613349,-0.830787976,0.524330164,-10.3381628
43448187400959,-0.150202285,-3.03174232,-0.575242795,-1.04147772,0.301669409,-10.0532528
43448188390178,-0.148071757,-2.99232753,-0.553937473,-1.27371528,0.17238252,-9.87608185
43448189378416,-0.147006492,-2.95717381,-0.535827978,-1.46046301,0.0622492432,-9.76116017
43448190366653,-0.150202285,-2.92415061,-0.517718483,-1.5897499,-0.0790086548,-9.67257471
43448191354890,-0.153398079,-2.89325794,-0.500674252,-1.71185419,-0.220266553,-9.61511387
43448192343127,-0.156593872,-2.86130001,-0.486825814,-1.82198746,-0.313640417,-9.60553706
43448193331365,-0.16085493,-2.82721155,-0.472977376,-1.90339032,-0.363918652,-9.62229647
43448194320584,-0.167246516,-2.79205809,-0.461259468,-1.98958158,-0.378283862,-9.60793126
43448195308821,-0.171507574,-2.75370857,-0.450606823,-2.10450326,-0.373495459,-9.61990227
43448196297059,-0.174703368,-2.71748958,-0.441019443,-2.17393511,-0.347159241,-9.64863269
43448197285296,-0.175768615,-2.68127059,-0.432497328,-2.23857855,-0.320823022,-9.62469067
43448198273533,-0.174703368,-2.64505159,-0.421844683,-2.35110603,-0.304063611,-9.59596025
43448199261770,-0.173638103,-2.6088326,-0.413322568,-2.4564509,-0.248996973,-9.55525883
43448200250990,-0.171507574,-2.57367888,-0.407996246,-2.47560452,-0.153228906,-9.44512555
43448201239227,-0.167246516,-2.53745989,-0.403735188,-2.4564509,-0.0502782349,-9.33259807
43448202227465,-0.162985459,-2.50230616,-0.400539395,-2.54024796,-0.00239420166,-9.3732995
43448203215702,-0.154463343,-2.46715243,-0.397343601,-2.66953485,0.150834705,-9.67257471
43448204203939,-0.143810699,-2.42986818,-0.393082544,-2.75093771,0.454898315,-10.2112701
43448205193159,-0.131027517,-2.39258392,-0.382429899,-2.6024972,0.73501991,-10.6278612
43448206181396,-0.111852757,-2.35210387,-0.364320404,-2.40377847,1.02950671,-10.8098205
43448207169633,-0.0862864193,-2.30523224,-0.341949884,-2.4564509,1.22104285,-10.9055886
43448208157870,-0.0671116553,-2.25516481,-0.320644595,-2.46363351,1.24259066,-11.0037508
43448209146108,-0.0617853331,-2.20403198,-0.306796158,-2.20984813,1.3024457,-11.2120464
43448210134345,-0.063915862,-2.14863823,-0.298274042,-1.94648595,1.42694419,-11.3102086
43448211123565,-0.0628505976,-2.08472237,-0.290817191,-1.84592948,1.45567461,-11.1426145
43448212111802,-0.0575242754,-2.01654544,-0.281229811,-1.79804545,1.4437036,-10.7691191
43448213100039,-0.0543284821,-1.94943378,-0.27057715,-1.68072957,1.48440503,-10.3094323
43448214088276,-0.0543284821,-1.88764845,-0.258859241,-1.53707747,1.51792385,-9.89284126
43448215076514,-0.0532632176,-1.8322547,-0.246076068,-1.41497318,1.5801731,-9.57441244
43448216064751,-0.0532632176,-1.78005674,-0.23222763,-1.3000515,1.62805713,-9.28710824
43448217053970,-0.0553937465,-1.72892405,-0.216248664,-1.12527478,1.71185419,-9.02614026
43448218042208,-0.0553937465,-1.67779135,-0.19600864,-0.888248816,1.90339032,-8.98543883
43448219030445,-0.0500674243,-1.6255934,-0.173638103,-0.727837305,2.00155259,-9.19373438
43448220018682,-0.041545313,-1.57126491,-0.147006492,-0.608127222,1.98239897,-9.44033715
43448221006919,-0.0340884599,-1.51374063,-0.11717908,-0.464475122,1.99915839,-9.69651672
43448221995157,-0.0245010799,-1.45195529,-0.0852211549,-0.397437476,2.0231004,-10.0053687
43448222984376,-0.00958737992,-1.3837785,-0.0521979532,-0.442927307,2.00634099,-10.3118266
43448223972613,0.0063915861,-1.30920999,-0.0181094954,-0.53390697,1.92972654,-10.4842091
43448224960851,0.0234358155,-1.23251095,0.0149137011,-0.574608398,1.84353528,-10.3908352
43448225949088,0.0404800486,-1.15474665,0.0458063666,-0.63446344,1.82198746,-10.2184527
43448226937325,0.0585895398,-1.07591701,0.0766990394,-0.737414111,1.80283385,-10.0532528
43448227925563,0.0777643038,-1.0013485,0.106526435,-0.861912598,1.79325704,-9.90002386
43448228914782,0.0958737909,-0.932106315,0.136353839,-1.0127473,1.86268889,-9.75158336
43448229903019,0.115048551,-0.86605992,0.165115988,-1.18512982,1.8746599,-9.56244143
43448230891257,0.131027517,-0.802144054,0.194943375,-1.39103116,1.81001646,-9.43076034
43448231879494,0.148071757,-0.740358716,0.225836044,-1.51792385,1.79565125,-9.44273135
43448232867731,0.164050723,-0.680703975,0.255663448,-1.53947167,1.81719906,-9.56483563
43448233855968,0.18642126,-0.619983902,0.289751927,-1.64242234,1.93212074,-9.58877765
43448234845188,0.217313928,-0.559263829,0.329166711,-2.0254946,1.96803376,-9.40921252
43448235833425,0.247141333,-0.500674252,0.367516197,-2.51630594,1.78607444,-9.15542715
43448236821662,0.269511886,-0.450606823,0.402669924,-2.85867678,1.70706578,-9.06923589
43448237809900,0.286556133,-0.40906151,0.431432063,-3.01190569,1.79325704,-9.10993732
43448238798137,0.305730893,-0.37071199,0.455933145,-3.14837518,1.89620771,-9.18655177
43448239787357,0.330231975,-0.33129724,0.481499492,-3.37582434,1.94169755,-9.21288799
43448240775594,0.355798288,-0.29294772,0.508131103,-3.66312854,1.92014973,-9.10754312
43448241763831,0.379234106,-0.255663448,0.534762714,-3.96719215,1.8746599,-8.92079539
43448242752068,0.39947413,-0.22264025,0.558198531,-4.30477458,1.77649763,-8.66461581
43448243740306,0.41864889,-0.194943375,0.577373324,-4.68545265,1.63284553,-8.41801304
43448244728543,0.435693121,-0.172572839,0.590156498,-4.96557424,1.46525142,-8.23605371
43448245717762,0.454867881,-0.153398079,0.602939671,-5.15232197,1.34554133,-8.15943926
43448246706000,0.47617317,-0.136353839,0.613592315,-5.31512769,1.28568629,-8.11873783
43448247694237,0.500674252,-0.120374873,0.622114431,-5.42047256,1.2976573,-8.10197842
43448248682474,0.523044805,-0.105461171,0.630636546,-5.46356819,1.39821377,-8.11394943
43448249670711,0.544350094,-0.0905474687,0.639158662,-5.52342323,1.43173259,-8.09479581
43448250658949,0.565655416,-0.075633775,0.647680777,-5.60003768,1.39581957,-7.95114371
43448251648168,0.589091233,-0.0596548043,0.656202893,-5.71735356,1.40060797,-7.80030901
43448252636406,0.615722844,-0.0447411022,0.664725008,-5.80833323,1.46046301,-7.72608876
43448253624643,0.639158662,-0.031957931,0.676442917,-5.87537087,1.4389152,-7.55849464
43448254612880,0.659398686,-0.0202400243,0.688160826,-5.97113894,1.39342537,-7.32625708
43448255601117,0.67963871,-0.0106526444,0.699878734,-6.00465776,1.4437036,-7.14190355
43448256589355,0.697748206,-0.00426105748,0.712661841,-6.03817659,1.52271226,-7.08683691
43448257578574,0.71479237,0.00106526437,0.727575543,-6.08127222,1.55623108,-6.99346305
43448258566811,0.731836601,0.00532632218,0.74355451,-6.13155045,1.51792385,-6.81389792
43448259555049,0.746750303,0.00852211497,0.760598741,-6.23450112,1.52031805,-6.71573566
43448260543286,0.760598741,0.0117179078,0.776577707,-6.26562574,1.5873557,-6.79713851
43448261531523,0.77231665,0.0159789655,0.792556674,-6.29914457,1.53707747,-6.79713851
43448262519760,0.784034558,0.0223705511,0.809600905,-6.42603726,1.47722242,-6.7755907
43448263508980,0.795752467,0.031957931,0.824514607,-6.51222852,1.51313545,-6.90966599
43448264497217,0.805339847,0.0426105774,0.839428309,-6.60320818,1.46525142,-6.94557902
43448265485455,0.815992491,0.0543284821,0.853276747,-6.81389792,1.436521,-6.95515582
43448266473692,0.826645136,0.063915862,0.86605992,-6.95755002,1.49158763,-7.04852969
43448267461929,0.836232516,0.0724379817,0.877777829,-6.98628044,1.46764562,-7.14908616
43448268451149,0.845819896,0.0841558904,0.889495738,-6.96712683,1.33596453,-7.32386288
43448269439386,0.861798862,0.100134849,0.902278911,-6.921637,1.49877024,-7.44357296
43448270427623,0.886299944,0.120374873,0.920388406,-7.24006582,1.66875856,-7.13472095
43448271415860,0.911866291,0.138484368,0.939563166,-7.9248075,1.52750066,-6.58405457
43448272404098,0.929975786,0.143810699,0.952346339,-8.53772312,1.27850369,-6.1961939
43448273392335,0.937432637,0.134223311,0.952346339,-8.72925925,1.19231243,-6.22013591
43448274381554,0.939563166,0.120374873,0.944889488,-8.66701001,1.30962831,-6.44040247
43448275369792,0.949150546,0.1075917,0.937432637,-8.78672009,1.33357032,-6.54335314
43448276358029,0.962998984,0.0990695842,0.933171579,-8.95192001,1.35511814,-6.4858923
43448277346266,0.971521099,0.0916127332,0.927845257,-9.0836011,1.41018478,-6.35899961
43448278334504,0.975782157,0.083090626,0.920388406,-9.2296474,1.42694419,-6.27759675
43448279322741,0.977912686,0.0735032461,0.911866291,-9.33499227,1.41257898,-6.26801995
43448280311960,0.980043215,0.063915862,0.901213646,-9.3804821,1.40779058,-6.351817
43448281300198,0.982173743,0.0553937465,0.889495738,-9.26316622,1.448492,-6.4834981
43448282288435,0.986434801,0.0500674243,0.880973622,-9.21528219,1.4437036,-6.56011255
43448283276672,0.993891652,0.046871631,0.8756473,-9.26077202,1.41257898,-6.58884297
43448284264909,0.999217974,0.0436758419,0.871386242,-9.30386765,1.36708915,-6.51222852
43448285253147,1.00347903,0.0383495197,0.867125184,-9.39484731,1.28568629,-6.35660541
43448286242366,1.00560956,0.0340884599,0.862864127,-9.38766471,1.23540806,-6.22731852
43448287230603,1.01093588,0.0330231954,0.858603069,-9.44512555,1.13006318,-6.01662877
43448288218841,1.01839273,0.0287621377,0.855407276,-9.57920084,1.04866033,-5.87537087
43448289207078,1.02371906,0.0191747598,0.851146218,-9.62469067,1.07020814,-5.78678541
43448290195315,1.02691485,0.0063915861,0.84688516,-9.68454572,1.06063134,-5.60961449
43448291183552,1.02904538,-0.0063915861,0.841558838,-9.79467899,1.02471831,-5.51145222
43448292172772,1.02904538,-0.0191747598,0.835167251,-9.89044706,1.0055647,-5.49229861
43448293161009,1.03011064,-0.031957931,0.828775665,-9.96466731,1.0079589,-5.40131895
43448294149247,1.02904538,-0.046871631,0.821318814,-10.0724064,1.07978495,-5.39174214
43448295137484,1.02691485,-0.0607200687,0.812796698,-10.1945107,1.11569797,-5.40850155
43448296125721,1.02478432,-0.0745685105,0.803209318,-10.316615,1.16597621,-5.36061752
43448297113958,1.02371906,-0.0873516838,0.793621938,-10.4267482,1.24019646,-5.27442626
43448298103178,1.02158853,-0.100134849,0.784034558,-10.5344873,1.24737906,-5.13795676
43448299091415,1.01839273,-0.113983286,0.774447178,-10.6996872,1.26174427,-5.03261189
43448300079652,1.01519694,-0.127831724,0.763794534,-10.8361567,1.28808049,-4.95120903
43448301067890,1.01093588,-0.143810699,0.752076625,-10.9558668,1.28329209,-4.83628735
43448302056127,1.00774009,-0.161920194,0.740358716,-11.0899421,1.29047469,-4.67827004
43448303045347,1.00560956,-0.182160202,0.727575543,-11.2527478,1.25935007,-4.49391652
43448304033584,1.00347903,-0.203465491,0.712661841,-11.4275245,1.21386024,-4.34547601
43448305021821,1.00241377,-0.224770779,0.697748206,-11.575965,1.18034142,-4.14196887
43448306010058,1.0013485,-0.249271861,0.67963871,-11.7004635,1.10612117,-3.82114585
43448306998296,1.0013485,-0.275903472,0.662594479,-11.8536924,1.03908352,-3.57933148
43448307986533,0.997087446,-0.304665629,0.642354455,-12.0236807,0.897825623,-3.36385333
43448308975752,0.989630594,-0.336623562,0.621049166,-12.1529676,0.689530078,-3.05021292
43448309963990,0.981108479,-0.37071199,0.597613349,-12.3229559,0.541089575,-2.69587107
43448310952227,0.972586364,-0.407996246,0.574177531,-12.5168863,0.538695374,-2.4540567
43448311940464,0.960868455,-0.44741103,0.548611151,-12.6844804,0.59136781,-2.25533796
43448312928701,0.945954753,-0.487891078,0.523044805,-12.8616513,0.550666382,-1.98718738
43448313916939,0.926779993,-0.529436391,0.497478458,-13.0292454,0.545877979,-1.78128604
43448314906158,0.903344175,-0.574177531,0.470846847,-13.1776859,0.574608398,-1.5897499
43448315894396,0.879908358,-0.621049166,0.444215237,-13.3764047,0.514753357,-1.39581957
43448316882633,0.855407276,-0.668986066,0.416518361,-13.5631524,0.495599744,-1.23780226
43448317870870,0.830906194,-0.719053428,0.385625693,-13.6828625,0.529118567,-1.04387192
43448318859107,0.80853564,-0.773381914,0.352602495,-13.79539,0.514753357,-0.727837305
43448319847345,0.789360881,-0.830906194,0.320644595,-13.9318595,0.502782349,-0.478840332
43448320836564,0.770186121,-0.887365209,0.287621398,-14.0467811,0.5770026,-0.471657727
43448321824801,0.745685039,-0.943824224,0.254598184,-14.0324159,0.627280835,-0.507570752
43448322813039,0.716922899,-0.999217974,0.220509722,-13.9462247,0.639251843,-0.514753357
43448323801276,0.688160826,-1.05461173,0.185355995,-13.8959464,0.699106885,-0.579396802
43448324789513,0.661529215,-1.10467915,0.152332814,-13.8528508,0.758961926,-0.667982263
43448325777750,0.633832339,-1.15048559,0.120374873,-13.79539,0.828393774,-0.739808313
43448326766970,0.602939671,-1.19416143,0.0894822043,-13.7163813,0.893037219,-0.780509741
43448327755207,0.572047002,-1.23677201,0.0585895398,-13.6876509,0.909796631,-0.768538733
43448328743445,0.5411543,-1.27831732,0.0287621377,-13.6469495,0.883460413,-0.780509741
43448329731682,0.508131103,-1.32199317,0,-13.5152684,0.667982263,-1.10133276
43448330719919,0.479368963,-1.36247321,-0.0255663444,-13.237541,0.746990918,-1.35032974
43448331708156,0.461259468,-1.39656168,-0.0458063666,-13.0651585,0.995987891,-1.20428344
43448332697376,0.448476294,-1.42638895,-0.0617853331,-13.2590888,0.881066211,-1.04387192
43448333685613,0.422909948,-1.4636732,-0.0809600971,-13.3835873,0.624886633,-1.02711251
43448334673850,0.386690957,-1.50841431,-0.110787493,-13.1585323,0.53390697,-1.20428344
43448335662088,0.349406735,-1.55635121,-0.145941228,-12.8424977,0.641646045,-1.55144268
43448336650325,0.318514066,-1.60002705,-0.177899144,-12.6174427,0.624886633,-1.88902511
43448337639544,0.288686662,-1.63837657,-0.206661284,-12.418724,0.593762012,-2.09253225
43448338627782,0.258859241,-1.67672609,-0.234358159,-12.2247937,0.627280835,-2.25294376
43448339616019,0.226901308,-1.71401034,-0.262055035,-12.1074778,0.641646045,-2.53306536
43448340604256,0.192812846,-1.7512946,-0.287621398,-11.9638257,0.598550415,-2.90177241
43448341592493,0.157659137,-1.78857885,-0.315318273,-11.8177794,0.569819995,-3.4572272
43448342580731,0.123570666,-1.82160205,-0.343015148,-11.4562549,0.579396802,-4.05817181
43448343569950,0.0948085265,-1.84610313,-0.369646726,-11.0085392,0.521935962,-4.45321509
43448344558188,0.075633775,-1.86421263,-0.393082544,-10.7499655,0.521935962,-4.91529601
43448345546425,0.0575242754,-1.87912633,-0.414387832,-10.5009685,0.495599744,-5.24809004
43448346534662,0.0372842553,-1.89084424,-0.434627857,-10.2064817,0.395043274,-5.45877979
43448347522899,0.0149137011,-1.90043162,-0.453802616,-9.92636008,0.375889661,-5.78199701
43448348511137,-0.0063915861,-1.90469268,-0.469781583,-9.70369933,0.325611426,-6.09803163
43448349500356,-0.0276968733,-1.90575794,-0.483630021,-9.47625017,0.258573779,-6.35421121
43448350488593,-0.0479368955,-1.90469268,-0.494282665,-9.24880101,0.227449158,-6.61278499
43448351476831,-0.0681769197,-1.90256215,-0.504935309,-9.05965908,0.196324536,-6.93600221
43448352465068,-0.0873516838,-1.89936636,-0.516653218,-8.93037219,0.15801731,-7.2089412
43448353453305,-0.105461171,-1.8951053,-0.528371127,-8.76996068,0.155623108,-7.36695851
43448354441542,-0.123570666,-1.89190951,-0.540089036,-8.57603035,0.181959326,-7.503428
43448355430762,-0.138484368,-1.88658318,-0.549676416,-8.40604203,0.268150586,-7.62553229
43448356418999,-0.15126755,-1.88125686,-0.558198531,-8.31266816,0.351947644,-7.67581052
43448357407237,-0.165115988,-1.87806107,-0.565655416,-8.19056388,0.395043274,-7.71651195
43448358395474,-0.178964409,-1.87486527,-0.573112267,-8.02296976,0.411802686,-7.80270321
43448359383711,-0.189617053,-1.87273475,-0.581634382,-7.91044229,0.416591089,-7.92241329
43448360371948,-0.200269697,-1.87060422,-0.588025969,-7.80270321,0.459686719,-8.06845959
43448361361168,-0.208791813,-1.86634316,-0.59548282,-7.71411775,0.493205542,-8.19774648
43448362349405,-0.214118135,-1.8620821,-0.602939671,-7.63032069,0.555454785,-8.25999573
43448363337642,-0.219444457,-1.85569051,-0.610396522,-7.54412943,0.593762012,-8.30787976
43448364325880,-0.224770779,-1.84823366,-0.617853373,-7.49145699,0.610521423,-8.31985077
43448365314117,-0.227966573,-1.83864628,-0.626375488,-7.46990918,0.703895288,-8.33900438
43448366303337,-0.230097102,-1.83012417,-0.634897604,-7.45793817,0.790086548,-8.34139858
43448367291574,-0.23222763,-1.82160205,-0.642354455,-7.42681355,0.821211169,-8.28154354
43448368279811,-0.23222763,-1.81201467,-0.648746042,-7.43160195,0.7206547,-8.3629464
43448369268048,-0.230097102,-1.80136203,-0.651941835,-7.23767162,0.845153186,-8.38449421
43448370256286,-0.216248664,-1.78644833,-0.65087657,-7.12753834,1.21625444,-8.08521901
43448371244523,-0.200269697,-1.77046936,-0.646615513,-7.6470801,1.25456167,-7.56328304
43448372233742,-0.19600864,-1.76088198,-0.645550248,-8.25760153,0.948103857,-7.01501086
43448373221980,-0.207726548,-1.76727357,-0.653007099,-8.40843623,0.821211169,-6.81389792
43448374210217,-0.224770779,-1.781122,-0.668986066,-8.2240827,1.11809218,-6.94318481
43448375198454,-0.235423424,-1.79603571,-0.686030297,-8.0828248,1.436521,-7.07726011
43448376186691,-0.238619217,-1.80775361,-0.69881347,-8.01578716,1.51792385,-6.94557902
43448377174929,-0.237553953,-1.81947152,-0.708400783,-7.92001909,1.68072957,-6.96712683
43448378164148,-0.239684481,-1.82692837,-0.719053428,-7.85537565,1.94648595,-7.26879624
43448379152386,-0.246076068,-1.8290589,-0.729706072,-7.7931264,2.00873519,-7.26640204
43448380140623,-0.253532919,-1.82586311,-0.738228188,-7.67341632,2.04225402,-7.11796154
43448381128860,-0.26098977,-1.82053679,-0.744619774,-7.52976422,2.17872351,-7.16823977
43448382117097,-0.267381357,-1.8141452,-0.749946096,-7.42681355,2.27449158,-7.24724843
43448383105335,-0.273772943,-1.80562309,-0.755272419,-7.3501991,2.25294376,-7.18260498
43448384094554,-0.282295076,-1.79603571,-0.756337683,-7.31428607,2.22660754,-7.0628949
43448385082791,-0.29294772,-1.78538306,-0.756337683,-7.28076725,2.26012637,-6.96712683
43448386071029,-0.303600364,-1.77473042,-0.754207154,-7.26879624,2.25054956,-6.82108053
43448387059266,-0.314253009,-1.76194724,-0.752076625,-7.24724843,2.1691467,-6.68461104
43448388047503,-0.325970917,-1.75022934,-0.748880832,-7.21851801,2.12844528,-6.72770667
43448389035740,-0.334493033,-1.74064196,-0.745685039,-7.2137296,2.12844528,-6.72531246
43448390024960,-0.34088462,-1.73211984,-0.741423981,-7.2137296,2.04225402,-6.53377633
43448391013197,-0.344080413,-1.72359772,-0.735032394,-7.24964263,1.95845696,-6.28238516
43448392001434,-0.347276206,-1.7182714,-0.729706072,-7.3549875,1.94169755,-6.07648381
43448392989672,-0.349406735,-1.71401034,-0.72437975,-7.47469758,1.94409175,-5.97592734
43448393977909,-0.352602495,-1.71294508,-0.720118692,-7.55849464,1.8722657,-5.88015928
43448394967129,-0.356863553,-1.71187982,-0.716922899,-7.58483086,1.77889183,-5.65510432
43448395955366,-0.362189875,-1.71081455,-0.713727106,-7.59201346,1.79565125,-5.54018264
43448396943603,-0.367516197,-1.71081455,-0.710531312,-7.66623372,1.84114108,-5.63355651
43448397931840,-0.373907784,-1.71081455,-0.709466048,-7.788338,1.90578452,-5.77720861
43448398920078,-0.376038313,-1.70974929,-0.708400783,-7.83861624,1.97282217,-5.84424625
43448399908315,-0.379234106,-1.70655349,-0.706270255,-7.7907322,2.05901343,-5.83466945
43448400897534,-0.381364635,-1.70122717,-0.70520499,-7.75242498,2.13083948,-5.88494768
43448401885772,-0.383495164,-1.69483558,-0.70520499,-7.75242498,2.19548292,-5.95677373
43448402874009,-0.383495164,-1.68418294,-0.70520499,-7.73805977,2.3056162,-5.96874474
43448403862246,-0.385625693,-1.6735303,-0.706270255,-7.72130035,2.38462485,-5.93283171
43448404850483,-0.387756221,-1.66500818,-0.707335519,-7.71651195,2.42053788,-5.87058247
43448405838721,-0.38988675,-1.6554208,-0.708400783,-7.69017573,2.47081611,-5.83227524
43448406827940,-0.392017279,-1.64476816,-0.708400783,-7.6422917,2.53067115,-5.89452449
43448407816178,-0.394147808,-1.63624604,-0.708400783,-7.59919607,2.55461317,-5.94240852
43448408804415,-0.396278337,-1.62665866,-0.709466048,-7.56567725,2.53785376,-5.89931289
43448409792652,-0.400539395,-1.61600602,-0.710531312,-7.50821641,2.52109435,-5.81791003
43448410780889,-0.404800452,-1.60428811,-0.710531312,-7.44117876,2.53306536,-5.77720861
43448411769127,-0.40906151,-1.59363546,-0.711596577,-7.3621701,2.52827695,-5.84903466
43448412758346,-0.414387832,-1.58298282,-0.711596577,-7.26161364,2.39180746,-5.88734188
43448413746583,-0.419714155,-1.57233017,-0.710531312,-7.19697019,2.12844528,-5.74368978
43448414734821,-0.425040477,-1.55848174,-0.711596577,-7.14908616,1.99197578,-5.57130726
43448415723058,-0.432497328,-1.54676383,-0.715857634,-7.0605007,2.04464822,-5.52581743
43448416711295,-0.439954179,-1.53398065,-0.716922899,-7.03416448,2.10450326,-5.60243188
43448417699532,-0.449541559,-1.52226275,-0.717988163,-7.03895288,2.11886847,-5.63834491
43448418688752,-0.461259468,-1.5116101,-0.716922899,-6.96473263,2.10929166,-5.60722029
43448419676989,-0.472977376,-1.49989219,-0.71479237,-6.83544574,2.20266553,-5.66468113
43448420665227,-0.482564756,-1.48923955,-0.709466048,-6.74686028,2.29843359,-5.76044919
43448421653464,-0.486825814,-1.47965217,-0.702009197,-6.67742843,2.33913502,-5.7724202
43448422641701,-0.491086872,-1.47113005,-0.692421883,-6.50504591,2.40856687,-5.74847819
43448423630921,-0.496413194,-1.4636732,-0.680703975,-6.23210692,2.43729729,-5.69101735
43448424619158,-0.501739516,-1.45408582,-0.667920801,-5.99268676,2.39659586,-5.54497104
43448425607395,-0.507065838,-1.44023738,-0.655137628,-5.770026,2.32955822,-5.4827218
43448426595632,-0.515587954,-1.42532368,-0.642354455,-5.50905802,2.1667525,-5.56891306
43448427583870,-0.524110069,-1.40508366,-0.626375488,-5.03021769,2.13323368,-5.63834491
43448428572107,-0.526240598,-1.36993006,-0.606135464,-4.58010778,2.26970317,-5.50666382
43448429561327,-0.529436391,-1.31986264,-0.582699647,-4.6136266,2.14520469,-5.16189878
43448430549564,-0.540089036,-1.26446889,-0.561394358,-4.71418307,1.73819041,-4.60644399
43448431537801,-0.562459622,-1.21333619,-0.549676416,-4.63038601,1.47243402,-4.01747039
43448432526038,-0.590156498,-1.16539929,-0.543284829,-4.51546433,1.50116444,-3.63679232
43448433514276,-0.618918637,-1.11746239,-0.539023771,-4.57531937,1.42694419,-3.169923
43448434502513,-0.651941835,-1.06952543,-0.533697449,-4.74291349,1.24019646,-2.58094939
43448435491732,-0.694552412,-1.02478432,-0.528371127,-4.80516273,1.14442839,-2.33195242
43448436479970,-0.738228188,-0.986434801,-0.527305863,-4.83868156,1.14442839,-2.47560452
43448437468207,-0.776577707,-0.949150546,-0.527305863,-4.83628735,1.17315881,-2.69347687
43448438456444,-0.809600905,-0.912931555,-0.525175334,-4.79079752,1.17315881,-2.86825359
43448439444681,-0.834101987,-0.876712564,-0.520914276,-4.70939467,1.24259066,-3.01429989
43448440432919,-0.852211482,-0.839428309,-0.515587954,-4.65193383,1.39342537,-3.15076938
43448441422138,-0.862864127,-0.804274583,-0.507065838,-4.63278021,1.49877024,-3.29442148
43448442410375,-0.868190449,-0.773381914,-0.497478458,-4.63278021,1.5921441,-3.4620156
43448443398613,-0.872451507,-0.745685039,-0.48576055,-4.59447299,1.77170923,-3.58172568
43448444386850,-0.8756473,-0.721183957,-0.472977376,-4.52743534,1.90817872,-3.70382997
43448445375087,-0.874582035,-0.695617677,-0.458063674,-4.34787021,2.06619603,-3.63679232
43448446363325,-0.872451507,-0.672181859,-0.441019443,-4.24970795,2.14759889,-3.67509955
43448447352544,-0.869255713,-0.65087657,-0.422909948,-4.39096584,1.98479318,-4.21140072
43448448340781,-0.861798862,-0.628506017,-0.406930981,-4.53701215,1.8818425,-4.84346996
43448449329019,-0.854342011,-0.604004935,-0.396278337,-4.64953962,1.79086284,-5.49469281
43448450317256,-0.845819896,-0.57630806,-0.387756221,-4.68066425,1.55623108,-6.01662877
43448451305493,-0.835167251,-0.546480622,-0.381364635,-4.72375988,1.34554133,-6.25126053
43448452294713,-0.823449342,-0.515587954,-0.377103577,-4.77882651,1.33596453,-6.41406625
43448453282950,-0.811731434,-0.484695285,-0.374973048,-4.74770189,1.34554133,-6.64869801
43448454271187,-0.805339847,-0.450606823,-0.373907784,-4.65432803,1.19231243,-6.96473263
43448455259424,-0.802144054,-0.415453097,-0.371777255,-4.60165559,1.04626613,-7.29992086
43448456247662,-0.797882996,-0.377103577,-0.368581462,-4.54180055,0.897825623,-7.66623372
43448457235899,-0.785099823,-0.336623562,-0.364320404,-4.39336005,1.0127473,-8.03015237
43448458225119,-0.765925063,-0.29294772,-0.355798288,-4.37899484,1.12766898,-7.98705674
43448459213356,-0.747815568,-0.248206597,-0.343015148,-4.66869324,0.940921252,-7.70932935
43448460201593,-0.739293452,-0.210922342,-0.333427768,-4.92247861,0.837970581,-7.71411775
43448461189830,-0.74355451,-0.182160202,-0.325970917,-4.94642063,0.809240161,-7.95353792
43448462178068,-0.748880832,-0.158724401,-0.320644595,-4.93444962,0.799663354,-8.25999573
43448463166305,-0.749946096,-0.136353839,-0.314253009,-4.99909307,0.737414111,-8.47307968
43448464155524,-0.749946096,-0.113983286,-0.303600364,-5.05655391,0.60573302,-8.63109698
43448465143762,-0.747815568,-0.0905474687,-0.290817191,-5.03740029,0.464475122,-8.82502732
43448466131999,-0.742489245,-0.0649811264,-0.280164547,-5.0421887,0.313640417,-8.98783303
43448467120236,-0.73396713,-0.0383495197,-0.269511886,-5.08289012,0.11492168,-9.07641849
43448468108473,-0.719053428,-0.00958737992,-0.26098977,-5.0493713,-0.0383072266,-9.12669673
43448469096711,-0.69881347,0.0245010799,-0.254598184,-4.96796844,-0.1436521,-9.13148513
43448470085930,-0.673247124,0.0617853331,-0.246076068,-4.94402643,-0.265756384,-9.05965908
43448471074168,-0.643419719,0.101200113,-0.236488688,-4.97993945,-0.361524451,-8.92797799
43448472062405,-0.612527051,0.137419104,-0.226901308,-5.03740029,-0.471657727,-8.70531724
43448473050642,-0.582699647,0.171507574,-0.215183399,-5.13316836,-0.581791003,-8.33421598
43448474038879,-0.552872209,0.204530755,-0.206661284,-5.29118567,-0.651222852,-7.94156691
43448475027117,-0.523044805,0.236488688,-0.198139168,-5.44680878,-0.667982263,-7.63271489
43448476016336,-0.493217401,0.265250828,-0.189617053,-5.58327827,-0.658405457,-7.39329473
43448477004573,-0.467651054,0.290817191,-0.180029673,-5.72932457,-0.670376465,-7.12274994
43448477992811,-0.444215237,0.313187744,-0.169377045,-5.92564911,-0.689530078,-6.76122549
43448478981048,-0.421844683,0.330231975,-0.16085493,-6.14591566,-0.715866296,-6.42843146
43448479969285,-0.400539395,0.345145677,-0.154463343,-6.36378801,-0.751779321,-6.16028087
43448480958505,-0.381364635,0.357928817,-0.147006492,-6.54574734,-0.744596716,-5.9112839
43448481946742,-0.367516197,0.367516197,-0.14168017,-6.72052406,-0.73501991,-5.63595071
43448482934979,-0.354733024,0.373907784,-0.136353839,-6.88572397,-0.730231506,-5.42526096
43448483923217,-0.343015148,0.377103577,-0.131027517,-7.02219347,-0.715866296,-5.25766685
43448484911454,-0.332362504,0.38029937,-0.124635931,-7.15626876,-0.718260498,-5.10683214
43448485899691,-0.322775124,0.381364635,-0.119309609,-7.26879624,-0.670376465,-4.97515105
43448486888911,-0.31212248,0.381364635,-0.115048551,-7.37892952,-0.615309827,-4.80755693
43448487877148,-0.3025351,0.378168842,-0.110787493,-7.47230338,-0.63446344,-4.62559761
43448488865385,-0.294012984,0.372842519,-0.106526435,-7.56567725,-0.653617053,-4.49870492
43448489853622,-0.284425604,0.367516197,-0.104395906,-7.59680187,-0.644040247,-4.43884988
43448490841860,-0.276968737,0.358994082,-0.104395906,-7.59201346,-0.641646045,-4.37181223
43448491830097,-0.269511886,0.352602495,-0.103330642,-7.61116708,-0.64882865,-4.28801517
43448492819316,-0.263120299,0.345145677,-0.102265378,-7.6446859,-0.639251843,-4.1754877
43448493807554,-0.254598184,0.337688826,-0.102265378,-7.68299313,-0.64882865,-4.11802686
43448494795791,-0.247141333,0.330231975,-0.101200113,-7.69017573,-0.679953271,-4.10366165
43448495784028,-0.24181501,0.322775124,-0.101200113,-7.67341632,-0.670376465,-4.06296022
43448496772266,-0.234358159,0.313187744,-0.100134849,-7.65905111,-0.675164868,-4.05338341
43448497760503,-0.225836044,0.303600364,-0.100134849,-7.63510909,-0.708683691,-4.06774862
43448498749722,-0.220509722,0.294012984,-0.100134849,-7.57285985,-0.758961926,-4.06535442
43448499737960,-0.215183399,0.284425604,-0.100134849,-7.54412943,-0.790086548,-4.09169064
43448500726197,-0.207726548,0.274838208,-0.102265378,-7.52976422,-0.785298145,-4.15633408
43448501714434,-0.201334962,0.266316092,-0.104395906,-7.46512078,-0.816422766,-4.24731375
43448502702671,-0.19600864,0.258859241,-0.105461171,-7.41244834,-0.859518396,-4.30238038
43448503690909,-0.187486524,0.253532919,-0.106526435,-7.39090052,-0.866701001,-4.34308181
43448504680128,-0.178964409,0.247141333,-0.1075917,-7.3501991,-0.876277808,-4.4675803
43448505668365,-0.169377045,0.24181501,-0.108656964,-7.29992086,-0.873883606,-4.57053097
43448506656603,-0.16085493,0.237553953,-0.1075917,-7.23048901,-0.909796631,-4.63756862
43448507644840,-0.15126755,0.23222763,-0.106526435,-7.2089412,-0.976834277,-4.72136567
43448508633077,-0.140614906,0.230097102,-0.106526435,-7.20175859,-0.998382092,-4.79079752
43448509622297,-0.128896988,0.227966573,-0.104395906,-7.14908616,-1.03668932,-4.85783517
43448510610534,-0.118244344,0.225836044,-0.102265378,-7.14908616,-1.08457335,-4.95120903
43448511598771,-0.105461171,0.224770779,-0.100134849,-7.18021078,-1.14442839,-5.03261189
43448512587009,-0.093743262,0.223705515,-0.0980043198,-7.19936439,-1.21146604,-5.0517655
43448513575246,-0.0820253616,0.223705515,-0.0958737909,-7.24485422,-1.26174427,-5.09246693
43448514563483,-0.0703074528,0.22264025,-0.0958737909,-7.26640204,-1.33117612,-5.14753357
43448515552703,-0.0596548043,0.220509722,-0.093743262,-7.28076725,-1.39821377,-5.20020601
43448516540940,-0.0490021599,0.221574986,-0.0926779976,-7.31428607,-1.43412679,-5.24330164
43448517529177,-0.0383495197,0.223705515,-0.0958737909,-7.3501991,-1.47961663,-5.31033928
43448518517414,-0.0298274021,0.227966573,-0.100134849,-7.39568893,-1.55144268,-5.35582911
43448519505652,-0.0202400243,0.23222763,-0.102265378,-7.46272657,-1.62326873,-5.30794508
43448520493889,-0.0106526444,0.233292895,-0.104395906,-7.52018741,-1.67354696,-5.30315668
43448521483109,-0.00213052874,0.233292895,-0.108656964,-7.55131204,-1.67833536,-5.3318871
43448522471346,0.0063915861,0.23222763,-0.113983286,-7.60637867,-1.68551797,-5.32231029
43448523459583,0.0170442299,0.231162366,-0.120374873,-7.66623372,-1.68551797,-5.30076248
43448524447820,0.0255663444,0.225836044,-0.12676646,-7.71172355,-1.65918175,-5.31033928
43448525436058,0.0362189908,0.220509722,-0.133158046,-7.75481918,-1.64481654,-5.28639727
43448526424295,0.046871631,0.215183399,-0.140614906,-7.7931264,-1.64960494,-5.26245525
43448527413514,0.0575242754,0.209857077,-0.148071757,-7.79791481,-1.62087452,-5.28160886
43448528401752,0.0660463909,0.202400226,-0.155528608,-7.7835496,-1.5873557,-5.28400306
43448529389989,0.075633775,0.193878111,-0.16085493,-7.76439598,-1.57059629,-5.28160886
43448530378226,0.0841558904,0.184290731,-0.166181252,-7.76918439,-1.53707747,-5.24809004
43448531366463,0.0948085265,0.173638103,-0.171507574,-7.80509741,-1.49877024,-5.20738861
43448532354701,0.103330642,0.164050723,-0.17683388,-7.83143363,-1.46285721,-5.20260021
43448533343920,0.111852757,0.154463343,-0.182160202,-7.81467422,-1.45328041,-5.23851323
43448534332158,0.122505402,0.142745434,-0.187486524,-7.80030901,-1.45088621,-5.27682046
43448535320395,0.132092782,0.133158046,-0.192812846,-7.80988582,-1.40539637,-5.28879147
43448536308632,0.140614906,0.123570666,-0.19600864,-7.80030901,-1.35511814,-5.29357987
43448537296869,0.149137021,0.115048551,-0.199204433,-7.77876119,-1.34075293,-5.28400306
43448538286089,0.158724401,0.106526435,-0.203465491,-7.77876119,-1.32878192,-5.28879147
43448539274326,0.168311781,0.0969390554,-0.207726548,-7.75721338,-1.35990654,-5.25287844
43448540262563,0.177899144,0.0884169399,-0.211987606,-7.73566556,-1.36708915,-5.22893643
43448541250801,0.188551789,0.0777643038,-0.215183399,-7.76439598,-1.34554133,-5.26245525
43448542239038,0.199204433,0.0681769197,-0.218379193,-7.83382783,-1.448492,-5.30315668
43448543227275,0.209857077,0.0596548043,-0.223705515,-7.9272017,-1.74537301,-5.22414802
43448544216495,0.220509722,0.0490021599,-0.23222763,-7.97029733,-1.98479318,-5.11880315
43448545204732,0.236488688,0.0383495197,-0.242880275,-7.94156691,-1.92254393,-5.18105239
43448546192969,0.253532919,0.0298274021,-0.257793977,-7.95832632,-1.7286136,-5.32231029
43448547181207,0.267381357,0.0245010799,-0.269511886,-8.02057556,-1.67115276,-5.38934794
43448548169444,0.278034001,0.0191747598,-0.278034001,-8.05170018,-1.66397015,-5.30555088
43448549157681,0.285490869,0.0138484366,-0.286556133,-8.09240161,-1.57777889,-5.29597407
43448550146901,0.29294772,0.0106526444,-0.296143513,-8.15225665,-1.52750066,-5.35822332
43448551135138,0.298274042,0.00745685053,-0.303600364,-8.23365951,-1.50116444,-5.39892474
43448552123375,0.303600364,0.00426105748,-0.31212248,-8.30787976,-1.41018478,-5.46596239
43448553111612,0.307861422,0,-0.318514066,-8.3653406,-1.32638772,-5.485116
43448554099850,0.31212248,-0.00213052874,-0.324905653,-8.45153186,-1.25456167,-5.49469281
43448555088087,0.314253009,-0.00319579305,-0.33129724,-8.48744489,-1.08936176,-5.52581743
43448556077306,0.316383538,-0.00532632218,-0.337688826,-8.45392606,-0.967257471,-5.56173046
43448557065544,0.316383538,-0.00745685053,-0.341949884,-8.43477245,-0.866701001,-5.58327827
43448558053781,0.318514066,-0.00852211497,-0.344080413,-8.39167682,-0.76375033,-5.60961449
43448559042018,0.320644595,-0.00745685053,-0.345145677,-8.44434926,-0.713472095,-5.66946953
43448560030255,0.325970917,-0.00426105748,-0.346210942,-8.49702169,-0.644040247,-5.71495936
43448561018493,0.330231975,-0.00213052874,-0.346210942,-8.48744489,-0.610521423,-5.66707533
43448562007712,0.333427768,0,-0.344080413,-8.53772312,-0.593762012,-5.60243188
43448562995950,0.337688826,0.00213052874,-0.341949884,-8.61673177,-0.572214197,-5.64792172
43448563984187,0.341949884,0.00532632218,-0.339819355,-8.68376942,-0.574608398,-5.65749852
43448564972424,0.346210942,0.0106526444,-0.337688826,-8.72686505,-0.593762012,-5.53300004
43448565960661,0.351537231,0.0159789655,-0.337688826,-8.7915085,-0.622492432,-5.41807836
43448566949881,0.355798288,0.0213052887,-0.336623562,-8.88727656,-0.588973608,-5.3366755
43448567938118,0.358994082,0.0255663444,-0.335558297,-8.96867942,-0.54827218,-5.26724365
43448568926355,0.361124611,0.0298274021,-0.335558297,-8.98783303,-0.531512769,-5.22414802
43448569914593,0.363255139,0.0340884599,-0.336623562,-9.00938085,-0.483628735,-5.16668718
43448570902830,0.365385668,0.0383495197,-0.337688826,-9.07163009,-0.438138904,-5.08049592
43448571891067,0.366450933,0.0426105774,-0.336623562,-9.13627354,-0.375889661,-5.00148727
43448572880287,0.366450933,0.046871631,-0.335558297,-9.20331118,-0.270544788,-4.94642063
43448573868524,0.365385668,0.0500674243,-0.334493033,-9.27513723,-0.169988318,-4.97036265
43448574856761,0.364320404,0.0532632176,-0.333427768,-9.34935748,-0.10055647,-5.01824668
43448575844999,0.363255139,0.0564590109,-0.333427768,-9.40681832,-0.0311246216,-4.99909307
43448576833236,0.362189875,0.0596548043,-0.33129724,-9.41160673,0.0766144531,-4.95839164
43448577821473,0.361124611,0.0628505976,-0.328101446,-9.41400093,0.210689746,-4.96796844
43448578810693,0.360059346,0.063915862,-0.323840389,-9.48582698,0.349553442,-4.98712206
43448579798930,0.357928817,0.0649811264,-0.318514066,-9.56962404,0.471657727,-4.93444962
43448580787167,0.354733024,0.063915862,-0.311057215,-9.56004723,0.545877979,-4.88895979
43448581775404,0.352602495,0.0628505976,-0.3025351,-9.54089362,0.667982263,-4.98472786
43448582763642,0.351537231,0.0649811264,-0.295078249,-9.58159504,0.799663354,-5.14753357
43448583751879,0.351537231,0.0692421842,-0.285490869,-9.67257471,0.854729993,-5.22654222
43448584741099,0.349406735,0.0735032461,-0.274838208,-9.73003555,0.895431421,-5.1954176
43448585729336,0.345145677,0.0766990394,-0.266316092,-9.70369933,1.02471831,-5.18344659
43448586717573,0.344080413,0.0809600971,-0.257793977,-9.69412252,1.12766898,-5.22893643
43448587705810,0.34088462,0.0873516838,-0.248206597,-9.72764135,1.14442839,-5.20978281
43448588694048,0.339819355,0.093743262,-0.238619217,-9.80665,1.16358201,-5.17626399
43448589682285,0.338754091,0.0990695842,-0.229031837,-9.89044706,1.16118781,-5.16189878
43448590671504,0.336623562,0.105461171,-0.219444457,-9.91199487,1.19470663,-5.09246693
43448591659742,0.332362504,0.110787493,-0.209857077,-9.93593689,1.24019646,-5.02303508
43448592647979,0.328101446,0.11717908,-0.200269697,-10.0101571,1.26413848,-5.09246693
43448593636216,0.323840389,0.122505402,-0.190682317,-10.067618,1.29047469,-5.17386979
43448594624453,0.320644595,0.128896988,-0.182160202,-10.055647,1.29047469,-5.13077416
43448595612691,0.316383538,0.132092782,-0.172572839,-10.0987426,1.26174427,-5.00388147
43448596601910,0.313187744,0.134223311,-0.162985459,-10.1945107,1.27371528,-4.97754525
43448597590148,0.311057215,0.137419104,-0.153398079,-10.2423947,1.27132108,-4.94163223
43448598578385,0.307861422,0.139549633,-0.145941228,-10.2112701,1.30723411,-4.87459458
43448599566622,0.301469835,0.140614906,-0.138484368,-10.151415,1.38145436,-4.87459458
43448600554859,0.297208778,0.143810699,-0.128896988,-10.1657802,1.40060797,-4.8985366
43448601544079,0.296143513,0.147006492,-0.118244344,-10.2184527,1.39342537,-4.87938298
43448602532316,0.294012984,0.147006492,-0.108656964,-10.2423947,1.34075293,-4.82192214
43448603520553,0.289751927,0.144875963,-0.0990695842,-10.2352121,1.32399352,-4.83868156
43448604508791,0.286556133,0.144875963,-0.0894822043,-10.2567599,1.32159932,-4.86022937
43448605497028,0.28336034,0.144875963,-0.0798948327,-10.2783077,1.33117612,-4.88656559
43448606485265,0.280164547,0.144875963,-0.0713727172,-10.2854903,1.38145436,-4.8985366
43448607474485,0.275903472,0.143810699,-0.0617853331,-10.3190092,1.40300217,-4.92487281
43448608462722,0.271642415,0.143810699,-0.0521979532,-10.3214034,1.4460978,-5.03979449
43448609450959,0.268446621,0.142745434,-0.0426105774,-10.3190092,1.50116444,-5.08528433
43448610439196,0.265250828,0.140614906,-0.031957931,-10.2950671,1.52031805,-5.06373651
43448611427434,0.259924506,0.139549633,-0.0202400243,-10.2830961,1.54186587,-5.0469771
43448612415671,0.256728712,0.138484368,-0.00852211497,-10.2998555,1.61369192,-5.0517655
43448613404891,0.253532919,0.138484368,0.00426105748,-10.3046439,1.65678755,-5.11640895
43448614393128,0.250337126,0.137419104,0.0181094954,-10.3309802,1.62087452,-5.14035096
43448615381365,0.247141333,0.134223311,0.031957931,-10.3740758,1.61608612,-5.11401475
43448616369602,0.242880275,0.134223311,0.0447411022,-10.3980178,1.66397015,-5.13077416
43448617357840,0.237553953,0.133158046,0.0575242754,-10.3668932,1.71424839,-5.188235
43448618346077,0.23222763,0.132092782,0.0703074528,-10.3573164,1.68072957,-5.11162054
43448619335296,0.227966573,0.128896988,0.0820253616,-10.4506902,1.63045133,-5.00148727
43448620323534,0.225836044,0.125701195,0.0958737909,-10.4889975,1.67594116,-5.01345828
43448621311771,0.224770779,0.121440137,0.108656964,-10.4794207,1.68551797,-5.00627567
43448622300008,0.22264025,0.119309609,0.121440137,-10.5249105,1.59453831,-4.95120903
43448623288245,0.219444457,0.116113815,0.133158046,-10.5847655,1.56341368,-4.91769021
43448624276483,0.216248664,0.111852757,0.144875963,-10.649409,1.54904847,-4.84346996
43448625265702,0.211987606,0.108656964,0.157659137,-10.697293,1.53228906,-4.73573088
43448626253940,0.208791813,0.104395906,0.167246516,-10.7715133,1.54186587,-4.65432803
43448627242177,0.20559602,0.0990695842,0.175768615,-10.8170031,1.53468326,-4.6112324
43448628230414,0.202400226,0.0905474687,0.18642126,-10.8553103,1.54665427,-4.57771357
43448629218651,0.199204433,0.0820253616,0.19600864,-10.9175596,1.55144268,-4.53940635
43448630207871,0.197073904,0.0735032461,0.20559602,-10.9510784,1.54426007,-4.41969626
43448631196108,0.193878111,0.063915862,0.217313928,-10.970232,1.53947167,-4.30477458
43448632184345,0.191747582,0.0532632176,0.229031837,-10.9917798,1.53468326,-4.25928475
43448633172583,0.189617053,0.041545313,0.235423424,-11.0612117,1.52750066,-4.26167896
43448634160820,0.18642126,0.0308926666,0.243945539,-11.1162783,1.51313545,-4.23055433
43448635149057,0.182160202,0.0191747598,0.254598184,-11.0923363,1.52031805,-4.1850645
43448636138277,0.177899144,0.00852211497,0.264185563,-11.1067015,1.56101948,-4.1850645
43448637126514,0.174703368,-0.00426105748,0.272707679,-11.1282493,1.56101948,-4.09408484
43448638114751,0.171507574,-0.0191747598,0.281229811,-11.0971247,1.53947167,-4.05338341
43448639102989,0.169377045,-0.0330231954,0.291882455,-11.0803653,1.57538469,-4.09169064
43448640091226,0.166181252,-0.0447411022,0.301469835,-11.1114899,1.5825673,-4.07732543
43448641079463,0.161920194,-0.0564590109,0.311057215,-11.0995189,1.54904847,-4.0318356
43448642068683,0.156593872,-0.0692421842,0.319579331,-11.0420581,1.54426007,-4.01747039
43448643056920,0.152332814,-0.0820253616,0.329166711,-11.0324813,1.52750066,-4.06056602
43448644045157,0.148071757,-0.0948085265,0.337688826,-11.0252986,1.52750066,-4.07971963
43448645033394,0.143810699,-0.108656964,0.347276206,-11.018116,1.51792385,-4.07971963
43448646021632,0.137419104,-0.119309609,0.355798288,-11.0133276,1.48440503,-4.11563265
43448647009869,0.133158046,-0.129962253,0.364320404,-10.9845972,1.48201083,-4.13957467
43448647999089,0.128896988,-0.139549633,0.373907784,-10.94629,1.45088621,-4.12520946
43448648987326,0.124635931,-0.149137021,0.384560428,-10.8864349,1.4389152,-4.14675728
43448649975563,0.120374873,-0.158724401,0.394147808,-10.8217915,1.43412679,-4.1778819
43448650963800,0.11717908,-0.168311781,0.402669924,-10.8050321,1.38384856,-4.1802761
43448651952038,0.115048551,-0.175768615,0.410126775,-10.7643307,1.33117612,-4.21379492
43448652940275,0.112918022,-0.183225466,0.416518361,-10.7236292,1.27132108,-4.23773694
43448653929494,0.109722229,-0.190682317,0.425040477,-10.7379944,1.21625444,-4.25210215
43448654917732,0.104395906,-0.199204433,0.432497328,-10.6829278,1.16358201,-4.28801517
43448655905969,0.100134849,-0.206661284,0.438888914,-10.6350438,1.08217915,-4.33589921
43448656894206,0.0990695842,-0.211987606,0.445280501,-10.6302554,1.0055647,-4.39336005
43448657882443,0.0969390554,-0.218379193,0.450606823,-10.5799771,0.936132849,-4.49870492
43448658870681,0.0926779976,-0.223705515,0.45699841,-10.5201221,0.833182178,-4.4723687
43448659859900,0.0894822043,-0.230097102,0.462324732,-10.4913917,0.811634363,-4.46279189
43448660848137,0.0894822043,-0.235423424,0.46658579,-10.4650555,0.797269153,-4.52264694
43448661836375,0.0884169399,-0.240749746,0.470846847,-10.4315366,0.730231506,-4.54658895
43448662824612,0.0852211549,-0.246076068,0.477238434,-10.4315366,0.66319386,-4.57531937
43448663812849,0.083090626,-0.252467655,0.482564756,-10.4435076,0.596156213,-4.56574257
43448664802069,0.083090626,-0.258859241,0.488956343,-10.4219598,0.529118567,-4.57292517
43448665790306,0.0841558904,-0.266316092,0.493217401,-10.3716816,0.483628735,-4.58010778
43448666778543,0.083090626,-0.276968737,0.497478458,-10.3453454,0.442927307,-4.6088382
43448667766781,0.083090626,-0.285490869,0.500674252,-10.328586,0.397437476,-4.67108744
43448668755018,0.083090626,-0.291882455,0.506000574,-10.2974613,0.378283862,-4.74770189
43448669743255,0.0841558904,-0.299339307,0.511326896,-10.2974613,0.308852014,-4.81713374
43448670732475,0.0862864193,-0.305730893,0.513457425,-10.2998555,0.253785376,-4.88417139
43448671720712,0.0884169399,-0.313187744,0.515587954,-10.2807019,0.220266553,-4.91529601
43448672708949,0.0894822043,-0.320644595,0.518783747,-10.2807019,0.181959326,-4.92487281
43448673697186,0.0905474687,-0.327036182,0.52197954,-10.3094323,0.169988318,-4.95839164
43448674685424,0.0916127332,-0.334493033,0.525175334,-10.3261918,0.169988318,-5.09007273
43448675673661,0.0948085265,-0.34088462,0.528371127,-10.3214034,0.181959326,-5.24330164
43448676662881,0.0980043198,-0.347276206,0.530501656,-10.2974613,0.225054956,-5.29597407
43448677651118,0.103330642,-0.353667759,0.53156692,-10.2974613,0.318428821,-5.34385811
43448678639355,0.110787493,-0.361124611,0.533697449,-10.3214034,0.392649072,-5.43723197
43448679627592,0.119309609,-0.367516197,0.534762714,-10.2926729,0.445321509,-5.49708701
43448680615830,0.127831724,-0.373907784,0.537958507,-10.2495773,0.50517655,-5.53539424
43448681604067,0.134223311,-0.379234106,0.542219565,-10.2256353,0.517147559,-5.57848987
43448682593286,0.145941228,-0.383495164,0.545415358,-10.2352121,0.478840332,-5.58088407
43448683581524,0.156593872,-0.387756221,0.548611151,-10.2615483,0.4333505,-5.58567247
43448684569761,0.168311781,-0.392017279,0.549676416,-10.2759135,0.404620081,-5.60961449
43448685557998,0.177899144,-0.396278337,0.552872209,-10.2950671,0.368707056,-5.57609567
43448686546235,0.18642126,-0.400539395,0.556068002,-10.3118266,0.311246216,-5.58806667
43448687534473,0.193878111,-0.406930981,0.559263829,-10.328586,0.253785376,-5.61200869
43448688523692,0.201334962,-0.414387832,0.561394358,-10.3190092,0.217872351,-5.58567247
43448689511930,0.207726548,-0.421844683,0.562459622,-10.2735193,0.193930334,-5.61679709
43448690500167,0.216248664,-0.427171006,0.564590151,-10.2639425,0.112527478,-5.6287681
43448691488404,0.224770779,-0.433562592,0.565655416,-10.2735193,0.00718260498,-5.60722029
43448692476641,0.233292895,-0.438888914,0.56672068,-10.2423947,-0.0909796631,-5.60482609
43448693465861,0.242880275,-0.444215237,0.56672068,-10.1897223,-0.292092603,-5.64552751
43448694454098,0.254598184,-0.448476294,0.565655416,-10.0819832,-0.392649072,-5.69580575
43448695442335,0.269511886,-0.452737352,0.564590151,-10.0029745,-0.318428821,-5.59764348
43448696430573,0.285490869,-0.453802616,0.565655416,-10.1250788,-0.222660754,-5.48990441
43448697418810,0.296143513,-0.458063674,0.564590151,-10.3022497,-0.189141931,-5.39174214
43448698407047,0.300404571,-0.46658579,0.560329093,-10.340557,-0.229843359,-5.1954176
43448699396267,0.300404571,-0.480434227,0.555002738,-10.3142208,-0.136469495,-5.11640895
43448700384504,0.297208778,-0.495347929,0.55074168,-10.2567599,0.0239420166,-5.18344659
43448701372741,0.294012984,-0.508131103,0.546480622,-10.1849339,0.126892688,-5.32709869
43448702360979,0.287621398,-0.518783747,0.545415358,-10.1131078,0.253785376,-5.49708701
43448703349216,0.281229811,-0.526240598,0.545415358,-10.0819832,0.328005627,-5.6311623
43448704337453,0.279099266,-0.53156692,0.545415358,-10.0819832,0.306457812,-5.68862314
43448705326673,0.280164547,-0.535827978,0.544350094,-10.0508586,0.277727393,-5.64792172
43448706314910,0.282295076,-0.537958507,0.542219565,-10.0340992,0.232237561,-5.58567247
43448707303147,0.284425604,-0.540089036,0.539023771,-10.0005803,0.203507141,-5.54736525
43448708291384,0.285490869,-0.543284829,0.534762714,-9.96227311,0.1436521,-5.49469281
43448709279622,0.285490869,-0.547545887,0.53156692,-9.93593689,0.0287304199,-5.37498273
43448710267859,0.284425604,-0.551806945,0.528371127,-9.94072529,-0.0766144531,-5.24809004
43448711257078,0.284425604,-0.557133267,0.523044805,-9.96466731,-0.177170923,-5.1858408
43448712245316,0.284425604,-0.564590151,0.516653218,-9.96945571,-0.260967981,-5.14513937
43448713233553,0.284425604,-0.572047002,0.509196367,-9.97184991,-0.339976636,-5.10922634
43448714221790,0.282295076,-0.581634382,0.501739516,-9.91678328,-0.363918652,-5.07810172
43448715210027,0.281229811,-0.590156498,0.493217401,-9.83538042,-0.351947644,-5.08049592
43448716198265,0.282295076,-0.597613349,0.482564756,-9.76594857,-0.328005627,-5.10922634
43448717187484,0.282295076,-0.6050702,0.471912112,-9.68933412,-0.311246216,-5.08767853
43448718175722,0.282295076,-0.612527051,0.463389996,-9.67975731,-0.270544788,-5.11640895
43448719163959,0.282295076,-0.619983902,0.454867881,-9.64384429,-0.17238252,-5.20260021
43448720152196,0.284425604,-0.627440753,0.446345765,-9.54089362,-0.141257898,-5.1858408
43448721140433,0.288686662,-0.632767075,0.438888914,-9.5169516,-0.102950671,-5.14035096
43448722129653,0.294012984,-0.638093397,0.431432063,-9.53610521,-0.0502782349,-5.12598575
43448723117890,0.294012984,-0.643419719,0.421844683,-9.5241342,-0.0766144531,-5.09246693
43448724106127,0.288686662,-0.65087657,0.413322568,-9.45230815,-0.0694318481,-5.09486113
43448725094365,0.282295076,-0.659398686,0.403735188,-9.40681832,-0.102950671,-5.15471617
43448726082602,0.275903472,-0.665790273,0.394147808,-9.3685111,-0.179565125,-5.20499441
43448727070839,0.27057715,-0.671116595,0.385625693,-9.30626185,-0.193930334,-5.24330164
43448728060059,0.266316092,-0.676442917,0.376038313,-9.27992563,-0.165199915,-5.34385811
43448729048296,0.26098977,-0.680703975,0.366450933,-9.24640681,-0.122104285,-5.49708701
43448730036533,0.254598184,-0.683899768,0.358994082,-9.18894597,-0.131681091,-5.57848987
43448731024771,0.249271861,-0.688160826,0.349406735,-9.12909093,-0.160411511,-5.60243188
43448732013008,0.246076068,-0.690291355,0.34088462,-9.0883895,-0.150834705,-5.66228693
43448733001245,0.245010804,-0.691356619,0.332362504,-9.05965908,-0.155623108,-5.72214197
43448733990465,0.243945539,-0.692421883,0.324905653,-8.99501564,-0.186747729,-5.75805499
43448734978702,0.242880275,-0.694552412,0.316383538,-8.9423432,-0.220266553,-5.770026
43448735966939,0.243945539,-0.696682941,0.306796158,-8.90882438,-0.284909998,-5.76044919
43448736955176,0.246076068,-0.696682941,0.298274042,-8.88009396,-0.378283862,-5.7628434
43448737943414,0.246076068,-0.696682941,0.288686662,-8.89445917,-0.493205542,-5.73890138
43448738931651,0.247141333,-0.69881347,0.278034001,-8.90643018,-0.636857642,-5.67904634
43448739920871,0.249271861,-0.702009197,0.266316092,-8.91121858,-0.727837305,-5.58327827
43448740909108,0.252467655,-0.707335519,0.253532919,-8.91121858,-0.70628949,-5.4827218
43448741897345,0.257793977,-0.711596577,0.239684481,-8.84418093,-0.624886633,-5.48990441
43448742885582,0.263120299,-0.71479237,0.224770779,-8.77714329,-0.481234534,-5.60243188
43448743873820,0.266316092,-0.717988163,0.210922342,-8.72686505,-0.339976636,-5.61679709
43448744862057,0.269511886,-0.721183957,0.200269697,-8.6598274,-0.265756384,-5.485116
43448745851276,0.272707679,-0.722249221,0.192812846,-8.67658682,-0.191536133,-5.46596239
43448746839514,0.273772943,-0.722249221,0.18642126,-8.76277808,-0.124498486,-5.53300004
43448747827751,0.268446621,-0.720118692,0.178964409,-8.76996068,-0.131681091,-5.50666382
43448748815988,0.257793977,-0.720118692,0.173638103,-8.73165345,-0.1436521,-5.4779334
43448749804225,0.246076068,-0.719053428,0.167246516,-8.73883606,-0.134075293,-5.51145222
43448750793445,0.237553953,-0.720118692,0.159789665,-8.77474908,-0.153228906,-5.54018264
43448751781682,0.230097102,-0.721183957,0.155528608,-8.78432589,-0.210689746,-5.54018264
43448752769920,0.223705515,-0.722249221,0.15126755,-8.7962969,-0.246602771,-5.57130726
43448753758157,0.218379193,-0.722249221,0.144875963,-8.84178673,-0.229843359,-5.60961449
43448754746394,0.210922342,-0.721183957,0.138484368,-8.82502732,-0.284909998,-5.64313331
43448755734631,0.20559602,-0.717988163,0.128896988,-8.80587371,-0.366312854,-5.65989272
43448756723851,0.20559602,-0.713727106,0.120374873,-8.81066211,-0.354341846,-5.65510432
43448757712088,0.20559602,-0.707335519,0.111852757,-8.82742152,-0.344765039,-5.60003768
43448758700325,0.203465491,-0.704139726,0.103330642,-8.87530555,-0.373495459,-5.47075079
43448759688563,0.202400226,-0.703074461,0.093743262,-8.92318959,-0.378283862,-5.31512769
43448760676800,0.201334962,-0.703074461,0.0862864193,-8.9471316,-0.366312854,-5.17147559
43448761665037,0.201334962,-0.702009197,0.0777643038,-8.98783303,-0.332794031,-5.08049592
43448762654257,0.202400226,-0.703074461,0.0671116553,-9.01895765,-0.296881006,-5.0469771
43448763642494,0.201334962,-0.70520499,0.0564590109,-9.02135186,-0.268150586,-5.02064088
43448764630731,0.198139168,-0.707335519,0.0479368955,-9.02374606,-0.213083948,-4.9057192
43448765618968,0.194943375,-0.710531312,0.0394147841,-9.00938085,-0.136469495,-4.80755693
43448766607206,0.189617053,-0.713727106,0.0308926666,-9.02853446,-0.124498486,-4.80516273
43448767595443,0.18642126,-0.716922899,0.0245010799,-9.09317791,-0.112527478,-4.86741198
43448768584663,0.184290731,-0.719053428,0.0181094954,-9.16021555,-0.10055647,-4.9105076
43448769572900,0.182160202,-0.721183957,0.0117179078,-9.16260975,-0.0478840332,-4.84346996
43448770561137,0.180029673,-0.725445014,0.00532632218,-9.14106194,0.0383072266,-4.82671055
43448771549374,0.17683388,-0.727575543,-0.00319579305,-9.11472572,0.0550666382,-4.84586416
43448772537612,0.174703368,-0.729706072,-0.0106526444,-9.0907837,0.0742202515,-4.83868156
43448773525849,0.171507574,-0.73396713,-0.0159789655,-9.0859953,0.105344873,-4.85783517
43448774515068,0.168311781,-0.738228188,-0.0202400243,-9.12430253,0.0335188232,-4.97993945
43448775503306,0.168311781,-0.741423981,-0.0245010799,-9.20091698,-0.0550666382,-5.22654222
43448776491543,0.17044231,-0.74355451,-0.0308926666,-9.27992563,-0.0670376465,-5.43962617
43448777479780,0.175768615,-0.745685039,-0.0394147841,-9.224859,-0.0957680664,-5.36301172
43448778468017,0.18642126,-0.746750303,-0.0479368955,-9.17218656,-0.0742202515,-5.1906292
43448779457237,0.198139168,-0.747815568,-0.0564590109,-9.23683,-0.0454898315,-5.20020601
43448780445474,0.203465491,-0.747815568,-0.063915862,-9.26077202,-0.0933738647,-5.13316836
43448781433712,0.201334962,-0.747815568,-0.0692421842,-9.21767639,-0.1436521,-5.0421887
43448782421949,0.198139168,-0.749946096,-0.075633775,-9.13866774,-0.1436521,-5.08049592
43448783410186,0.198139168,-0.751011361,-0.0820253616,-9.07402429,-0.222660754,-5.20260021
43448784398423,0.197073904,-0.752076625,-0.0873516838,-8.87051715,-0.335188232,-5.3414639
43448785387643,0.199204433,-0.749946096,-0.0916127332,-8.64546219,-0.201112939,-5.49948121
43448786375880,0.204530755,-0.741423981,-0.093743262,-8.70292303,0.0598550415,-5.50666382
43448787364117,0.208791813,-0.729706072,-0.093743262,-8.96389102,0.162805713,-5.18105239
43448788352355,0.208791813,-0.725445014,-0.0926779976,-9.15782135,0.1436521,-4.79319172
43448789340592,0.20559602,-0.729706072,-0.093743262,-9.21528219,0.191536133,-4.67827004
43448790328829,0.203465491,-0.741423981,-0.0980043198,-9.17936917,0.320823022,-4.81952794
43448791318049,0.200269697,-0.752076625,-0.101200113,-9.0836011,0.421379492,-4.98472786
43448792306286,0.198139168,-0.760598741,-0.102265378,-8.98065043,0.526724365,-5.12598575
43448793294523,0.198139168,-0.76272927,-0.103330642,-8.9447374,0.63446344,-5.22414802
43448794282761,0.199204433,-0.760598741,-0.103330642,-8.95670841,0.646434448,-5.22414802
43448795270998,0.201334962,-0.756337683,-0.103330642,-8.96149681,0.62009823,-5.17386979
43448796259235,0.204530755,-0.754207154,-0.104395906,-8.94952581,0.641646045,-5.09964954
43448797248455,0.209857077,-0.749946096,-0.105461171,-8.91361278,0.651222852,-5.00388147
43448798236692,0.214118135,-0.745685039,-0.106526435,-8.88488236,0.646434448,-4.9081134
43448799224929,0.218379193,-0.744619774,-0.1075917,-8.86812295,0.644040247,-4.85065256
43448800213166,0.221574986,-0.74355451,-0.108656964,-8.84896934,0.632069238,-4.78361492
43448801201404,0.223705515,-0.744619774,-0.1075917,-8.82263312,0.603338818,-4.69024105
43448802189641,0.223705515,-0.745685039,-0.106526435,-8.7915085,0.557848987,-4.65672223
43448803178861,0.223705515,-0.746750303,-0.106526435,-8.74362446,0.531512769,-4.70700046
43448804167098,0.223705515,-0.744619774,-0.106526435,-8.69574043,0.543483777,-4.79079752
43448805155335,0.224770779,-0.74355451,-0.105461171,-8.6574332,0.560243188,-4.85783517
43448806143572,0.226901308,-0.742489245,-0.103330642,-8.61912598,0.615309827,-4.89374819
43448807131810,0.229031837,-0.740358716,-0.100134849,-8.58800135,0.665588062,-4.91290181
43448808121029,0.23222763,-0.737162923,-0.0958737909,-8.56645354,0.694318481,-4.92966122
43448809109266,0.235423424,-0.736097659,-0.0916127332,-8.58800135,0.794874951,-4.95599744
43448810097504,0.24181501,-0.736097659,-0.0884169399,-8.52096371,0.840364783,-4.78840332
43448811085741,0.253532919,-0.73396713,-0.0852211549,-8.49941589,0.852335791,-4.63996282
43448812073978,0.265250828,-0.73396713,-0.083090626,-8.57124194,0.888248816,-4.72615408
43448813062215,0.267381357,-0.732901865,-0.0798948327,-8.54729993,0.845153186,-4.67108744
43448814051435,0.266316092,-0.732901865,-0.075633775,-8.43477245,0.797269153,-4.57053097
43448815039672,0.267381357,-0.731836601,-0.0713727172,-8.3653406,0.797269153,-4.59207878
43448816027909,0.269511886,-0.729706072,-0.0671116553,-8.358158,0.809240161,-4.64953962
43448817016147,0.269511886,-0.728640808,-0.063915862,-8.31266816,0.818816968,-4.69981786
43448818004384,0.268446621,-0.727575543,-0.0596548043,-8.31985077,0.845153186,-4.7548845
43448818992621,0.264185563,-0.72437975,-0.0553937465,-8.37731161,0.861912598,-4.7596729
43448819981841,0.262055035,-0.717988163,-0.0532632176,-8.37731161,0.878672009,-4.71897147
43448820970078,0.26098977,-0.710531312,-0.0511326888,-8.32463917,0.905008228,-4.69502946
43448821958315,0.26098977,-0.70520499,-0.0479368955,-8.32703337,0.919373438,-4.69263525
43448822946553,0.262055035,-0.700943932,-0.0447411022,-8.370129,0.924161841,-4.68066425
43448823934790,0.263120299,-0.697748206,-0.041545313,-8.39646522,0.905008228,-4.58010778
43448824923027,0.265250828,-0.694552412,-0.0372842553,-8.40125363,0.909796631,-4.48912811
43448825912247,0.267381357,-0.691356619,-0.0351537264,-8.42280144,0.905008228,-4.42448467
43448826900484,0.27057715,-0.690291355,-0.0340884599,-8.42758984,0.869095203,-4.38617744
43448827888721,0.271642415,-0.68922609,-0.0330231954,-8.40604203,0.883460413,-4.38378324
43448828876958,0.271642415,-0.687095561,-0.0330231954,-8.40604203,0.876277808,-4.28083257
43448829865196,0.269511886,-0.683899768,-0.031957931,-8.42280144,0.773327136,-4.18985291
43448830853433,0.267381357,-0.680703975,-0.0308926666,-8.45392606,0.718260498,-4.23294854
43448831842653,0.268446621,-0.676442917,-0.0308926666,-8.54251152,0.727837305,-4.3287166
43448832830890,0.269511886,-0.672181859,-0.0308926666,-8.62152018,0.761356128,-4.35505282
43448833819127,0.269511886,-0.671116595,-0.031957931,-8.62152018,0.835576379,-4.24970795
43448834807364,0.27057715,-0.67005133,-0.0330231954,-8.62391438,0.873883606,-4.13718047
43448835795602,0.27057715,-0.668986066,-0.031957931,-8.60236656,0.905008228,-4.05817181
43448836784821,0.269511886,-0.668986066,-0.0308926666,-8.55687673,0.955286462,-3.98873997
43448837773058,0.269511886,-0.67005133,-0.0308926666,-8.51617531,0.957680664,-3.96240375
43448838761296,0.269511886,-0.668986066,-0.0287621377,-8.46110867,0.940921252,-3.96000955
43448839749533,0.269511886,-0.667920801,-0.0255663444,-8.43477245,0.945709656,-3.93127913
43448840737770,0.27057715,-0.666855537,-0.0223705511,-8.44434926,0.933738647,-3.90973131
43448841726007,0.27057715,-0.666855537,-0.0191747598,-8.45153186,0.905008228,-3.88578929
43448842715227,0.269511886,-0.667920801,-0.0170442299,-8.47068547,0.933738647,-3.84269366
43448843703464,0.268446621,-0.667920801,-0.0159789655,-8.48744489,0.938527051,-3.82114585
43448844691702,0.268446621,-0.666855537,-0.0159789655,-8.47547388,0.893037219,-3.82114585
43448845679939,0.268446621,-0.665790273,-0.0138484366,-8.46589707,0.895431421,-3.85945308
43448846668176,0.269511886,-0.664725008,-0.0127831722,-8.46110867,0.878672009,-3.87621249
43448847656413,0.269511886,-0.663659744,-0.0106526444,-8.45871447,0.857124194,-3.85466467
43448848645633,0.269511886,-0.662594479,-0.00852211497,-8.47547388,0.854729993,-3.81396324
43448849633870,0.269511886,-0.66046395,-0.00532632218,-8.48505068,0.845153186,-3.7565024
43448850622107,0.268446621,-0.659398686,-0.00319579305,-8.49462749,0.866701001,-3.73974299
43448851610345,0.268446621,-0.658333421,-0.00319579305,-8.5137811,0.859518396,-3.73734879
43448852598582,0.268446621,-0.658333421,-0.00213052874,-8.51856951,0.842758984,-3.73256039
43448853586819,0.267381357,-0.658333421,0,-8.49941589,0.842758984,-3.7493198
43448854576039,0.267381357,-0.658333421,0.00213052874,-8.49941589,0.847547388,-3.76368501
43448855564276,0.268446621,-0.658333421,0.00426105748,-8.54490573,0.828393774,-3.751714
43448856552513,0.269511886,-0.659398686,0.00532632218,-8.57124194,0.809240161,-3.70382997
43448857540751,0.268446621,-0.659398686,0.00532632218,-8.58081875,0.806845959,-3.65594594
43448858528988,0.266316092,-0.659398686,0.00532632218,-8.60476077,0.761356128,-3.6056677
43448859518207,0.263120299,-0.659398686,0.0063915861,-8.63827959,0.746990918,-3.57214888
43448860506445,0.263120299,-0.659398686,0.0063915861,-8.655039,0.756567725,-3.6008793
43448861494682,0.262055035,-0.66046395,0.0063915861,-8.64306799,0.751779321,-3.6056677
43448862482919,0.26098977,-0.66046395,0.0063915861,-8.64067379,0.761356128,-3.57693728
43448863471156,0.259924506,-0.66046395,0.0063915861,-8.6598274,0.773327136,-3.54581266
43448864459394,0.259924506,-0.661529215,0.0063915861,-8.66222161,0.794874951,-3.49792863
43448865448613,0.259924506,-0.661529215,0.0063915861,-8.67898102,0.782903943,-3.44046779
43448866436850,0.26098977,-0.662594479,0.00852211497,-8.69095203,0.754173523,-3.43567938
43448867425088,0.259924506,-0.665790273,0.00745685053,-8.66222161,0.773327136,-3.43567938
43448868413325,0.259924506,-0.667920801,0.0063915861,-8.64306799,0.814028564,-3.43328518
43448869401562,0.258859241,-0.668986066,0.00532632218,-8.61194337,0.830787976,-3.44525619
43448870389800,0.258859241,-0.668986066,0.0063915861,-8.58560715,0.811634363,-3.42370837
43448871379019,0.256728712,-0.668986066,0.00745685053,-8.57842455,0.758961926,-3.40216056
43448872367256,0.255663448,-0.668986066,0.00852211497,-8.58081875,0.715866296,-3.37582434
43448873355494,0.254598184,-0.668986066,0.0106526444,-8.57603035,0.70628949,-3.39018955
43448874343731,0.254598184,-0.667920801,0.0117179078,-8.57124194,0.69192428,-3.41173737
43448875331968,0.255663448,-0.665790273,0.0117179078,-8.55448253,0.694318481,-3.42849678
43448876320205,0.255663448,-0.663659744,0.0117179078,-8.56166514,0.665588062,-3.42131417
43448877309425,0.255663448,-0.664725008,0.0127831722,-8.57842455,0.644040247,-3.36145913
43448878297662,0.257793977,-0.666855537,0.0127831722,-8.56166514,0.703895288,-3.35667073
43448879285899,0.259924506,-0.667920801,0.0127831722,-8.47786808,0.761356128,-3.40455476
43448880274137,0.26098977,-0.668986066,0.0117179078,-8.39646522,0.814028564,-3.50271703
43448881262374,0.258859241,-0.667920801,0.0117179078,-8.3653406,0.969651672,-3.57454308
43448882250611,0.258859241,-0.665790273,0.0138484366,-8.26717833,1.04387192,-3.47638081
43448883239831,0.263120299,-0.661529215,0.0181094954,-8.2169001,0.995987891,-3.35188232
43448884228068,0.267381357,-0.657268157,0.0191747598,-8.28154354,0.950498059,-3.34469972
43448885216305,0.267381357,-0.653007099,0.0202400243,-8.27914934,0.845153186,-3.33033451
43448886204543,0.26098977,-0.65087657,0.0202400243,-8.2145059,0.77811554,-3.29202728
43448887192780,0.254598184,-0.647680777,0.0213052887,-8.20971749,0.727837305,-3.3183635
43448888181999,0.248206597,-0.644484984,0.0234358155,-8.18338127,0.682347473,-3.37582434
43448889170237,0.243945539,-0.640223926,0.0255663444,-8.16422766,0.64882865,-3.41891997
43448890158474,0.238619217,-0.633832339,0.0276968733,-8.17619867,0.639251843,-3.52187064
43448891146711,0.233292895,-0.627440753,0.0298274021,-8.13310304,0.675164868,-3.59369669
43448892134948,0.229031837,-0.622114431,0.0298274021,-8.0804306,0.696712683,-3.57214888
43448893123186,0.225836044,-0.616788108,0.0308926666,-8.06606539,0.7206547,-3.56975468
43448894112405,0.224770779,-0.611461786,0.031957931,-8.03972917,0.770932935,-3.6080619
43448895100643,0.224770779,-0.606135464,0.0340884599,-8.03015237,0.809240161,-3.63439812
43448896088880,0.226901308,-0.601874406,0.0372842553,-8.02536396,0.825999573,-3.6008793
43448897077117,0.227966573,-0.597613349,0.0404800486,-8.01339296,0.869095203,-3.55299526
43448898065354,0.229031837,-0.593352291,0.0426105774,-8.01578716,0.881066211,-3.51229384
43448899053592,0.227966573,-0.588025969,0.0436758419,-8.01099875,0.849941589,-3.50271703
43448900042811,0.225836044,-0.581634382,0.0436758419,-8.00381615,0.859518396,-3.50750543
43448901031048,0.22264025,-0.574177531,0.0447411022,-8.00142195,0.895431421,-3.47398661
43448902019286,0.218379193,-0.56672068,0.0447411022,-7.99184514,0.907402429,-3.44286199
43448903007523,0.215183399,-0.560329093,0.0458063666,-7.98945094,0.907402429,-3.40455476
43448903995760,0.211987606,-0.552872209,0.046871631,-8.01099875,0.912190833,-3.36624753
43448904983997,0.210922342,-0.547545887,0.0479368955,-8.01339296,0.914585034,-3.34230552
43448905973217,0.208791813,-0.543284829,0.0479368955,-8.02775817,0.897825623,-3.30160409
43448906961454,0.203465491,-0.539023771,0.0500674243,-8.04451758,0.871489404,-3.26090266
43448907949692,0.199204433,-0.532632185,0.0532632176,-8.02057556,0.852335791,-3.26329686
43448908937929,0.197073904,-0.526240598,0.0564590109,-8.01578716,0.857124194,-3.28963308
43448909926166,0.19600864,-0.519849011,0.0585895398,-8.04930598,0.828393774,-3.28723888
43448910914403,0.193878111,-0.513457425,0.0607200687,-8.05648859,0.766144531,-3.25850846
43448911903623,0.192812846,-0.509196367,0.0628505976,-8.073248,0.758961926,-3.24653745
43448912891860,0.190682317,-0.504935309,0.0649811264,-8.09719001,0.751779321,-3.26090266
43448913880097,0.188551789,-0.499608987,0.0671116553,-8.0828248,0.718260498,-3.24414325
43448914868335,0.188551789,-0.495347929,0.0681769197,-8.10676682,0.696712683,-3.22977804
43448915856572,0.18642126,-0.491086872,0.0703074528,-8.13549724,0.703895288,-3.23935485
43448916845791,0.184290731,-0.48576055,0.0713727172,-8.14267985,0.723048901,-3.21780703
43448917834029,0.183225466,-0.480434227,0.0745685105,-8.16422766,0.701501086,-3.19625922
43448918822266,0.181094937,-0.475107905,0.0766990394,-8.19295808,0.639251843,-3.23696064
43448919810503,0.17683388,-0.470846847,0.0798948327,-8.2192943,0.60573302,-3.27526787
43448920798741,0.174703368,-0.465520525,0.0809600971,-8.22887111,0.639251843,-3.28245048
43448921786978,0.172572839,-0.460194203,0.0820253616,-8.25041892,0.67755907,-3.28005627
43448922776197,0.171507574,-0.455933145,0.0841558904,-8.26478413,0.679953271,-3.26329686
43448923764435,0.17044231,-0.452737352,0.0862864193,-8.27436094,0.679953271,-3.23456644
43448924752672,0.17044231,-0.450606823,0.0873516838,-8.30069716,0.67755907,-3.20583602
43448925740909,0.169377045,-0.446345765,0.0894822043,-8.29590875,0.67755907,-3.21780703
43448926729146,0.168311781,-0.442084708,0.0916127332,-8.28872615,0.684741675,-3.22738384
43448927717384,0.167246516,-0.438888914,0.0948085265,-8.31266816,0.672770667,-3.22498964
43448928706603,0.167246516,-0.435693121,0.0969390554,-8.35576379,0.64882865,-3.22259543
43448929694840,0.167246516,-0.431432063,0.0990695842,-8.39646522,0.632069238,-3.19865342
43448930683078,0.165115988,-0.42823627,0.101200113,-8.42519564,0.579396802,-3.19386501
43448931671315,0.161920194,-0.425040477,0.103330642,-8.44913766,0.56263739,-3.20104762
43448932659552,0.16085493,-0.421844683,0.103330642,-8.47307968,0.574608398,-3.1794998
43448933647789,0.16085493,-0.417583626,0.103330642,-8.5137811,0.572214197,-3.14119258
43448934637009,0.159789665,-0.412257303,0.104395906,-8.54490573,0.588973608,-3.14837518
43448935625246,0.159789665,-0.407996246,0.1075917,-8.57363615,0.567425793,-3.1794998
43448936613484,0.157659137,-0.404800452,0.108656964,-8.59997236,0.557848987,-3.14837518
43448937601721,0.156593872,-0.402669924,0.109722229,-8.61433757,0.54827218,-3.12682737
43448938589958,0.156593872,-0.401604659,0.110787493,-8.64546219,0.51954176,-3.11964476
43448939578195,0.156593872,-0.397343601,0.111852757,-8.68616362,0.536301172,-3.10288535
43448940567415,0.155528608,-0.393082544,0.112918022,-8.71489404,0.526724365,-3.08133754
43448941555652,0.154463343,-0.38988675,0.113983286,-8.76517228,0.483628735,-3.05978972
43448942543889,0.153398079,-0.387756221,0.116113815,-8.7986911,0.507570752,-3.06457812
43448943532127,0.15126755,-0.387756221,0.11717908,-8.81784471,0.524330164,-3.05500132
43448944520364,0.150202285,-0.385625693,0.11717908,-8.82981572,0.474051929,-3.04303031
43448945509584,0.150202285,-0.383495164,0.118244344,-8.82263312,0.44771571,-3.05500132
43448946497821,0.149137021,-0.381364635,0.118244344,-8.84657513,0.440533105,-3.05260712
43448947486058,0.148071757,-0.38029937,0.119309609,-8.86333455,0.416591089,-3.04542451
43448948474295,0.148071757,-0.378168842,0.119309609,-8.85854614,0.409408484,-3.01429989
43448949462533,0.149137021,-0.376038313,0.120374873,-8.89924757,0.407014282,-2.99035787
43448950450770,0.149137021,-0.372842519,0.120374873,-8.9375548,0.409408484,-2.99754048
43448951439989,0.149137021,-0.371777255,0.121440137,-8.9423432,0.416591089,-2.99035787
43449271682888,-0.208791813,-0.0362189908,-0.17683388,-9.58638345,0.612915625,-2.23857855
43449272672108,-0.210922342,-0.0340884599,-0.177899144,-9.56722983,0.615309827,-2.25294376
43449273660345,-0.213052871,-0.031957931,-0.17683388,-9.54568202,0.598550415,-2.27927998
43449274648582,-0.214118135,-0.031957931,-0.175768615,-9.52892261,0.593762012,-2.28885679
43449275636820,-0.216248664,-0.0298274021,-0.174703368,-9.5169516,0.593762012,-2.29364519
43449276625057,-0.218379193,-0.0287621377,-0.174703368,-9.5121632,0.598550415,-2.29843359
43449277613294,-0.219444457,-0.0255663444,-0.173638103,-9.49540378,0.593762012,-2.29843359
43449278602514,-0.220509722,-0.0223705511,-0.172572839,-9.47864437,0.557848987,-2.303222
43449279590751,-0.223705515,-0.0213052887,-0.172572839,-9.46188496,0.560243188,-2.3104046
43449280578988,-0.224770779,-0.0202400243,-0.172572839,-9.47625017,0.581791003,-2.32476981
43449281567226,-0.225836044,-0.0159789655,-0.17044231,-9.48582698,0.572214197,-2.34392343
43449282555463,-0.226901308,-0.0117179078,-0.169377045,-9.46427916,0.569819995,-2.35110603
43449283544682,-0.229031837,-0.00852211497,-0.168311781,-9.43794294,0.557848987,-2.35350023
43449284532920,-0.231162366,-0.00745685053,-0.166181252,-9.42357773,0.54827218,-2.33674082
43449285521157,-0.23222763,-0.00532632218,-0.164050723,-9.45709656,0.553060583,-2.31519301
43449286509394,-0.234358159,-0.00213052874,-0.164050723,-9.47864437,0.569819995,-2.303222
43449287497631,-0.235423424,0,-0.162985459,-9.47385597,0.574608398,-2.27209738
43449288485869,-0.236488688,0.00106526437,-0.162985459,-9.48103857,0.543483777,-2.26252057
43449289475088,-0.237553953,0.00213052874,-0.162985459,-9.48103857,0.529118567,-2.25773217
43449290463325,-0.237553953,0.00319579305,-0.16085493,-9.50976899,0.543483777,-2.22421334
43449291451563,-0.239684481,0.0063915861,-0.159789665,-9.50498059,0.56263739,-2.20027133
43449292439800,-0.24181501,0.00958737992,-0.158724401,-9.49540378,0.543483777,-2.19069452
43449293428037,-0.242880275,0.0106526444,-0.158724401,-9.56244143,0.493205542,-2.17393511
43449294416275,-0.242880275,0.0127831722,-0.157659137,-9.58877765,0.474051929,-2.13562788
43449295405494,-0.245010804,0.0149137011,-0.155528608,-9.57441244,0.464475122,-2.08774385
43449296393731,-0.247141333,0.0149137011,-0.155528608,-9.60314286,0.428562097,-2.05661923
43449297381969,-0.248206597,0.0159789655,-0.155528608,-9.64863269,0.387860669,-2.0159178
43449298370206,-0.249271861,0.0159789655,-0.155528608,-9.6558153,0.371101257,-1.95845696
43449299358443,-0.250337126,0.0159789655,-0.155528608,-9.67496891,0.354341846,-1.92493813
43449300346680,-0.252467655,0.0149137011,-0.154463343,-9.71806454,0.323217224,-1.91536133
43449301335900,-0.253532919,0.0138484366,-0.153398079,-9.73482395,0.296881006,-1.90099612
43449302324137,-0.255663448,0.0127831722,-0.152332814,-9.74440076,0.268150586,-1.8818425
43449303312374,-0.256728712,0.0106526444,-0.153398079,-9.78510219,0.220266553,-1.86268889
43449304300612,-0.256728712,0.00852211497,-0.154463343,-9.83059202,0.17238252,-1.84592948
43449305288849,-0.257793977,0.00532632218,-0.154463343,-9.85932244,0.167594116,-1.83156427
43449306277086,-0.259924506,0.00106526437,-0.154463343,-9.88087025,0.174776721,-1.84832368
43449307266306,-0.26098977,-0.00213052874,-0.154463343,-9.91438907,0.162805713,-1.86029469
43449308254543,-0.262055035,-0.00426105748,-0.156593872,-9.96706151,0.146046301,-1.86268889
43449309242780,-0.262055035,-0.00745685053,-0.157659137,-9.99818613,0.141257898,-1.86508309
43449310231018,-0.264185563,-0.0117179078,-0.158724401,-10.0173397,0.134075293,-1.88423671
43449311219255,-0.267381357,-0.0181094954,-0.159789665,-10.0508586,0.0933738647,-1.91775553
43449312208474,-0.268446621,-0.0234358155,-0.159789665,-10.0963484,0.0335188232,-1.91296713
43449313196712,-0.269511886,-0.0276968733,-0.16085493,-10.1250788,0,-1.92254393
43449314184949,-0.269511886,-0.031957931,-0.161920194,-10.1346556,-0.0191536133,-1.96324536
43449315173186,-0.269511886,-0.0351537264,-0.164050723,-10.1753571,-0.0239420166,-1.98958158
43449316161423,-0.269511886,-0.0394147841,-0.165115988,-10.2136643,-0.0167594116,-2.01112939
43449317149661,-0.268446621,-0.0436758419,-0.167246516,-10.2328179,-0.0383072266,-2.05183082
43449318138880,-0.266316092,-0.0500674243,-0.17044231,-10.2519715,-0.0694318481,-2.06380183
43449319127118,-0.265250828,-0.0553937465,-0.171507574,-10.2663367,-0.0670376465,-2.04225402
43449320115355,-0.265250828,-0.0585895398,-0.173638103,-10.3261918,-0.0694318481,-2.05183082
43449321103592,-0.264185563,-0.063915862,-0.17683388,-10.3549222,-0.0718260498,-2.08534965
43449322091829,-0.263120299,-0.0692421842,-0.180029673,-10.3309802,-0.0957680664,-2.09253225
43449323080067,-0.26098977,-0.0724379817,-0.182160202,-10.3621048,-0.107739075,-2.09013805
43449324069286,-0.258859241,-0.0766990394,-0.18642126,-10.3716816,-0.0718260498,-2.11408007
43449325057523,-0.258859241,-0.0820253616,-0.189617053,-10.364499,-0.0837970581,-2.14999309
43449326045761,-0.258859241,-0.0884169399,-0.191747582,-10.3740758,-0.10055647,-2.1595699
43449327033998,-0.258859241,-0.093743262,-0.193878111,-10.400412,-0.0814028564,-2.14041628
43449328022235,-0.257793977,-0.0990695842,-0.19600864,-10.4052004,-0.0550666382,-2.1619641
43449329010472,-0.255663448,-0.103330642,-0.200269697,-10.400412,-0.0407014282,-2.20745393
43449329999692,-0.254598184,-0.106526435,-0.204530755,-10.4219598,-0.0383072266,-2.22660754
43449330987929,-0.253532919,-0.108656964,-0.206661284,-10.3860468,-0.0383072266,-2.23618435
43449331976167,-0.253532919,-0.112918022,-0.208791813,-10.3597106,-0.0215478149,-2.22421334
43449332964404,-0.253532919,-0.11717908,-0.211987606,-10.3477396,0.0215478149,-2.24097275
43449333952641,-0.254598184,-0.122505402,-0.214118135,-10.3237976,0.0502782349,-2.26730897
43449334940878,-0.254598184,-0.12676646,-0.214118135,-10.316615,0.0766144531,-2.27927998
43449335930098,-0.253532919,-0.127831724,-0.216248664,-10.2807019,0.10055647,-2.29364519
43449336918335,-0.252467655,-0.128896988,-0.219444457,-10.2280295,0.119710083,-2.3056162
43449337906572,-0.252467655,-0.129962253,-0.220509722,-10.1921165,0.131681091,-2.31998141
43449338894810,-0.25140239,-0.131027517,-0.221574986,-10.1705687,0.155623108,-2.28885679
43449339883047,-0.25140239,-0.132092782,-0.223705515,-10.1562034,0.198718738,-2.29603939
43449340872266,-0.25140239,-0.132092782,-0.224770779,-10.1466266,0.196324536,-2.33434662
43449341860504,-0.249271861,-0.132092782,-0.223705515,-10.1011368,0.196324536,-2.35110603
43449342848741,-0.248206597,-0.133158046,-0.223705515,-10.0388876,0.208295544,-2.34871183
43449343836978,-0.247141333,-0.134223311,-0.223705515,-10.0029745,0.220266553,-2.32476981
43449344825216,-0.246076068,-0.135288575,-0.223705515,-9.9503021,0.282515796,-2.29843359
43449345813453,-0.247141333,-0.134223311,-0.22264025,-9.89044706,0.313640417,-2.29603939
43449346802672,-0.246076068,-0.133158046,-0.22264025,-9.85932244,0.311246216,-2.3080104
43449347790910,-0.245010804,-0.132092782,-0.22264025,-9.82340941,0.332794031,-2.303222
43449348779147,-0.243945539,-0.131027517,-0.221574986,-9.78749639,0.363918652,-2.29843359
43449349767384,-0.243945539,-0.129962253,-0.219444457,-9.73721815,0.414196887,-2.29125099
43449350755621,-0.242880275,-0.128896988,-0.217313928,-9.68454572,0.430956299,-2.303222
43449351743859,-0.242880275,-0.127831724,-0.215183399,-9.65342109,0.426167896,-2.32237561
43449352733078,-0.242880275,-0.12676646,-0.214118135,-9.62469067,0.474051929,-2.31998141
43449353721315,-0.242880275,-0.124635931,-0.213052871,-9.56004723,0.514753357,-2.3104046
43449354709553,-0.242880275,-0.121440137,-0.210922342,-9.49061538,0.500388147,-2.31998141
43449355697790,-0.242880275,-0.119309609,-0.206661284,-9.44751975,0.502782349,-2.31519301
43449356686027,-0.245010804,-0.118244344,-0.203465491,-9.41878933,0.521935962,-2.28406838
43449357674264,-0.247141333,-0.116113815,-0.199204433,-9.41400093,0.53390697,-2.28406838
43449358663484,-0.249271861,-0.113983286,-0.194943375,-9.38287631,0.536301172,-2.3080104
43449359651721,-0.25140239,-0.110787493,-0.191747582,-9.33020387,0.521935962,-2.3080104
43449360639959,-0.252467655,-0.108656964,-0.188551789,-9.29668505,0.521935962,-2.29364519
43449361628196,-0.254598184,-0.105461171,-0.185355995,-9.30386765,0.521935962,-2.29843359
43449362616433,-0.256728712,-0.102265378,-0.182160202,-9.31344446,0.521935962,-2.31519301
43449363604670,-0.258859241,-0.0990695842,-0.177899144,-9.29429084,0.536301172,-2.31519301
43449364593890,-0.262055035,-0.0980043198,-0.173638103,-9.27513723,0.529118567,-2.32476981
43449365582127,-0.264185563,-0.0958737909,-0.17044231,-9.27274303,0.517147559,-2.33434662
43449366570364,-0.265250828,-0.093743262,-0.167246516,-9.30386765,0.543483777,-2.33674082
43449367558602,-0.267381357,-0.0905474687,-0.164050723,-9.31583866,0.51954176,-2.32476981
43449368546839,-0.269511886,-0.0873516838,-0.16085493,-9.32780967,0.452504114,-2.29364519
43449369536059,-0.269511886,-0.0841558904,-0.156593872,-9.3685111,0.4333505,-2.28167418
43449370524296,-0.27057715,-0.0820253616,-0.153398079,-9.3732995,0.428562097,-2.29603939
43449371512533,-0.271642415,-0.0798948327,-0.152332814,-9.3756937,0.414196887,-2.28646259
43449372500770,-0.272707679,-0.0788295683,-0.15126755,-9.38527051,0.404620081,-2.24097275
43449373489008,-0.273772943,-0.0777643038,-0.150202285,-9.38766471,0.399831677,-2.23379015
43449374477245,-0.274838208,-0.0766990394,-0.147006492,-9.40921252,0.347159241,-2.23139595
43449375466464,-0.275903472,-0.0745685105,-0.143810699,-9.44033715,0.284909998,-2.21224233
43449376454702,-0.276968737,-0.0724379817,-0.142745434,-9.46427916,0.234631763,-2.22181914
43449377442939,-0.276968737,-0.0713727172,-0.142745434,-9.48582698,0.220266553,-2.21942494
43449378431176,-0.275903472,-0.0703074528,-0.142745434,-9.48103857,0.222660754,-2.20505973
43449379419413,-0.275903472,-0.0703074528,-0.14168017,-9.50737479,0.181959326,-2.19308872
43449380407651,-0.276968737,-0.0681769197,-0.14168017,-9.54328782,0.155623108,-2.1643583
43449381396870,-0.279099266,-0.0660463909,-0.139549633,-9.56483563,0.126892688,-2.1571757
43449382385108,-0.279099266,-0.063915862,-0.139549633,-9.58638345,0.0981622681,-2.15238729
43449383373345,-0.280164547,-0.0628505976,-0.139549633,-9.61750807,0.110133276,-2.13323368
43449384361582,-0.280164547,-0.0617853331,-0.139549633,-9.6558153,0.102950671,-2.10929166
43449385349819,-0.280164547,-0.0607200687,-0.139549633,-9.68215151,0.0694318481,-2.08295544
43449386338057,-0.280164547,-0.0596548043,-0.139549633,-9.70130513,0.0383072266,-2.08774385
43449387327276,-0.279099266,-0.0596548043,-0.140614906,-9.69651672,0.0239420166,-2.08295544
43449388315513,-0.280164547,-0.0596548043,-0.142745434,-9.69412252,0.01436521,-2.07337864
43449389303751,-0.281229811,-0.0596548043,-0.144875963,-9.71088193,-0.0119710083,-2.09013805
43449390291988,-0.28336034,-0.0585895398,-0.144875963,-9.56722983,0.102950671,-2.10689746
43449391280225,-0.28336034,-0.0564590109,-0.145941228,-9.31105026,0.296881006,-2.12126267
43449392269445,-0.284425604,-0.0511326888,-0.145941228,-9.03571707,0.514753357,-2.07577284
43449393257682,-0.287621398,-0.0426105774,-0.147006492,-8.6478564,0.926556042,-1.99197578
43449394245919,-0.294012984,-0.0308926666,-0.145941228,-8.16422766,1.48679923,-1.89620771
43449395234157,-0.303600364,-0.0170442299,-0.144875963,-7.74763657,1.98000477,-1.80762225
43449396222394,-0.317448802,-0.00106526437,-0.142745434,-7.69975254,2.12365687,-1.68791217
43449397210631,-0.333427768,0.0149137011,-0.138484368,-8.04930598,1.81959326,-1.47722242
43449398199851,-0.350471966,0.0255663444,-0.134223311,-8.55208833,1.17076461,-1.43173259
43449399188088,-0.362189875,0.0308926666,-0.132092782,-8.98304463,0.543483777,-1.52271226
43449400176325,-0.368581462,0.0287621377,-0.129962253,-9.27992563,0.126892688,-1.69270057
43449401164562,-0.369646726,0.0223705511,-0.12676646,-9.41639513,-0.126892688,-1.93930334
43449402152800,-0.367516197,0.0159789655,-0.122505402,-9.42836614,-0.232237561,-2.11408007
43449403141037,-0.362189875,0.0106526444,-0.116113815,-9.41400093,-0.280121594,-2.25533796
43449404130256,-0.355798288,0.00745685053,-0.110787493,-9.34217488,-0.244208569,-2.32476981
43449405118494,-0.349406735,0.0063915861,-0.106526435,-9.29907925,-0.177170923,-2.39659586
43449406106731,-0.343015148,0.00532632218,-0.101200113,-9.28471404,-0.11492168,-2.47081611
43449407094968,-0.339819355,0.00426105748,-0.0958737909,-9.25598362,-0.0119710083,-2.44208569
43449408083205,-0.336623562,0.00319579305,-0.0916127332,-9.17218656,0.105344873,-2.42293208
43449409071443,-0.335558297,0.00532632218,-0.0873516838,-9.0907837,0.201112939,-2.46363351
43449410060662,-0.334493033,0.00745685053,-0.0862864193,-9.12669673,0.268150586,-2.49715233
43449411048900,-0.334493033,0.0106526444,-0.0852211549,-9.13627354,0.318428821,-2.46363351
43449459480384,-0.28336034,0.162985459,-0.104395906,-9.30147345,-0.138863696,-2.61686241
43449460468621,-0.280164547,0.165115988,-0.103330642,-9.31344446,-0.193930334,-2.66235225
43449461457841,-0.276968737,0.168311781,-0.102265378,-9.32302126,-0.208295544,-2.70065947
43449462446078,-0.273772943,0.169377045,-0.101200113,-9.29907925,-0.225054956,-2.70544788
43449463434315,-0.269511886,0.171507574,-0.101200113,-9.31105026,-0.248996973,-2.72460149
43449464422552,-0.265250828,0.175768615,-0.102265378,-9.35175168,-0.263362183,-2.71741888
43449465410790,-0.26098977,0.177899144,-0.101200113,-9.35654009,-0.280121594,-2.71981309
43449466399027,-0.256728712,0.178964409,-0.100134849,-9.3709053,-0.320823022,-2.72699569
43449467388246,-0.252467655,0.178964409,-0.100134849,-9.36611689,-0.371101257,-2.71741888
43449468376484,-0.248206597,0.182160202,-0.101200113,-9.35414589,-0.371101257,-2.75093771
43449469364721,-0.243945539,0.185355995,-0.104395906,-9.33499227,-0.373495459,-2.75333191
43449470352958,-0.239684481,0.18642126,-0.106526435,-9.31344446,-0.402225879,-2.75093771
43449471341195,-0.233292895,0.189617053,-0.109722229,-9.29189664,-0.411802686,-2.76769712
43449472329433,-0.227966573,0.193878111,-0.108656964,-9.28471404,-0.438138904,-2.76530292
43449473318652,-0.22264025,0.197073904,-0.108656964,-9.28950244,-0.44771571,-2.76290872
43449474306890,-0.219444457,0.200269697,-0.108656964,-9.26795463,-0.438138904,-2.76290872
43449475295127,-0.216248664,0.202400226,-0.108656964,-9.25598362,-0.454898315,-2.75333191
43449476283364,-0.211987606,0.20559602,-0.110787493,-9.23922421,-0.46208092,-2.77966813
43449477271601,-0.206661284,0.208791813,-0.111852757,-9.2320416,-0.466869324,-2.78685073
43449478260821,-0.202400226,0.211987606,-0.113983286,-9.25598362,-0.500388147,-2.77727393
43449479249058,-0.198139168,0.214118135,-0.113983286,-9.26316622,-0.521935962,-2.79403334
43449480237295,-0.193878111,0.216248664,-0.112918022,-9.24401261,-0.53390697,-2.78685073
43449481225533,-0.189617053,0.220509722,-0.113983286,-9.24161841,-0.543483777,-2.78685073
43449482213770,-0.184290731,0.223705515,-0.11717908,-9.24401261,-0.560243188,-2.79882174
43449483202007,-0.178964409,0.225836044,-0.119309609,-9.20809958,-0.565031592,-2.79403334
43449484191227,-0.173638103,0.226901308,-0.119309609,-9.26316622,-0.538695374,-2.71981309
43449485179464,-0.17044231,0.227966573,-0.119309609,-9.3804821,-0.512359155,-2.61207401
43449486167701,-0.168311781,0.229031837,-0.118244344,-9.54089362,-0.466869324,-2.44208569
43449487155939,-0.165115988,0.229031837,-0.119309609,-9.9574847,-0.344765039,-2.05183082
43449488144176,-0.16085493,0.225836044,-0.124635931,-10.4387192,-0.126892688,-1.50834705
43449489132413,-0.159789665,0.218379193,-0.129962253,-10.8672813,0.203507141,-1.10612117
43449490121633,-0.16085493,0.206661284,-0.135288575,-11.3317565,0.555454785,-0.919373438
43449491109870,-0.162985459,0.192812846,-0.139549633,-11.7124345,0.816422766,-0.847547388
43449492098107,-0.166181252,0.177899144,-0.145941228,-11.9063649,0.943315454,-0.943315454
43449493086344,-0.169377045,0.164050723,-0.153398079,-11.8058084,0.835576379,-1.1468226
43449494074582,-0.175768615,0.152332814,-0.16085493,-11.4418897,0.521935962,-1.47722242
43449495062819,-0.185355995,0.143810699,-0.167246516,-10.9534726,0.0670376465,-1.88902511
43449496052039,-0.192812846,0.137419104,-0.174703368,-10.4387192,-0.311246216,-2.29364519
43449497040276,-0.194943375,0.137419104,-0.181094937,-10.0580412,-0.593762012,-2.65756384
43449498028513,-0.190682317,0.138484368,-0.187486524,-9.82340941,-0.876277808,-2.93529124
43449499016750,-0.18642126,0.14168017,-0.191747582,-9.64384429,-0.955286462,-3.1675288
43449500004988,-0.184290731,0.147006492,-0.197073904,-9.57680664,-0.952892261,-3.35906493
43449500993225,-0.180029673,0.155528608,-0.201334962,-9.59835446,-0.883460413,-3.47638081
43449501982444,-0.174703368,0.164050723,-0.206661284,-9.68933412,-0.70628949,-3.50989963
43449502970682,-0.168311781,0.167246516,-0.209857077,-9.75876597,-0.457292517,-3.55299526
43449503958919,-0.161920194,0.169377045,-0.211987606,-9.86411084,-0.196324536,-3.50750543
43449504947156,-0.155528608,0.17044231,-0.211987606,-10.0197339,-0.0981622681,-3.38540115
43449505935393,-0.150202285,0.169377045,-0.213052871,-10.055647,0.0311246216,-3.40216056
43449506924613,-0.143810699,0.169377045,-0.213052871,-10.0340992,0.210689746,-3.4620156
43449507912850,-0.135288575,0.167246516,-0.214118135,-10.0005803,0.280121594,-3.48116921
43449508901087,-0.12676646,0.164050723,-0.215183399,-10.0029745,0.244208569,-3.47638081
43449509889325,-0.119309609,0.159789665,-0.215183399,-9.91199487,0.220266553,-3.41891997
43449510877562,-0.112918022,0.157659137,-0.215183399,-9.78031378,0.225054956,-3.39976636
43449511865799,-0.105461171,0.157659137,-0.215183399,-9.67975731,0.138863696,-3.40455476
43449512855019,-0.0990695842,0.157659137,-0.214118135,-9.56962404,0.0359130249,-3.40934316
43449513843256,-0.0926779976,0.154463343,-0.213052871,-9.45470236,-0.0191536133,-3.39018955
43449514831493,-0.0852211549,0.150202285,-0.211987606,-9.32541547,-0.0790086548,-3.3183635
43449515819731,-0.0788295683,0.148071757,-0.210922342,-9.21049379,-0.167594116,-3.26808527
43449516807968,-0.075633775,0.149137021,-0.207726548,-9.0859953,-0.220266553,-3.30160409
43449517796205,-0.0724379817,0.15126755,-0.204530755,-8.9447374,-0.191536133,-3.34230552
43449518785425,-0.0671116553,0.155528608,-0.200269697,-8.87769976,-0.165199915,-3.32794031
43449519773662,-0.0607200687,0.159789665,-0.19600864,-8.87051715,-0.201112939,-3.24653745
43449520761899,-0.0553937465,0.162985459,-0.190682317,-8.84657513,-0.215478149,-3.16034619
43449521750136,-0.0521979532,0.164050723,-0.185355995,-8.83699833,-0.179565125,-3.12682737
43449522738374,-0.0490021599,0.165115988,-0.178964409,-8.82981572,-0.138863696,-3.09091434
43449523726611,-0.0458063666,0.166181252,-0.173638103,-8.76996068,-0.102950671,-3.03824191
43449524715831,-0.0404800486,0.169377045,-0.167246516,-8.73644186,-0.0837970581,-3.0214825
43449525704068,-0.0383495197,0.171507574,-0.161920194,-8.76756648,-0.0646434448,-2.99754048
43449526692305,-0.0372842553,0.172572839,-0.157659137,-8.75798967,-0.0191536133,-3.00711729
43449527680542,-0.0340884599,0.172572839,-0.153398079,-8.72686505,0.0335188232,-2.98556947
43449528668780,-0.0287621377,0.175768615,-0.150202285,-8.76038387,0.0646434448,-2.94486804
43449529657017,-0.0255663444,0.180029673,-0.145941228,-8.78193169,0.0718260498,-2.87304199
43449530646236,-0.0234358155,0.183225466,-0.14168017,-8.7986911,0.0574608398,-2.7413609
43449531634474,-0.0202400243,0.184290731,-0.135288575,-8.83460413,0.0407014282,-2.7389667
43449532622711,-0.0159789655,0.184290731,-0.129962253,-8.80826791,0.0550666382,-2.75093771
43449533610948,-0.0117179078,0.184290731,-0.125701195,-8.7986911,0.0383072266,-2.7461493
43449534599185,-0.00852211497,0.18642126,-0.123570666,-8.8010853,-0.0335188232,-2.66953485
43449535588405,-0.00745685053,0.187486524,-0.120374873,-8.80826791,-0.0526724365,-2.58334359
43449536576642,-0.0063915861,0.188551789,-0.116113815,-8.82263312,-0.0454898315,-2.56897838
43449537564880,-0.00532632218,0.189617053,-0.111852757,-8.86094034,-0.136469495,-2.54743057
43449538553117,-0.00426105748,0.189617053,-0.105461171,-8.87530555,-0.208295544,-2.50912334
43449539541354,-0.00319579305,0.190682317,-0.101200113,-8.85136354,-0.225054956,-2.54024796
43449540529591,-0.00319579305,0.192812846,-0.0958737909,-8.82981572,-0.208295544,-2.63362183
43449541518811,-0.00213052874,0.193878111,-0.0905474687,-8.85136354,-0.196324536,-2.67192905
43449542507048,0.00213052874,0.194943375,-0.0862864193,-8.91361278,-0.260967981,-2.63122762
43449543495285,0.0063915861,0.194943375,-0.0809600971,-8.96628522,-0.292092603,-2.62404502
43449544483523,0.00958737992,0.194943375,-0.075633775,-9.04529387,-0.328005627,-2.65516964
43449545471760,0.0117179078,0.194943375,-0.0724379817,-9.0788127,-0.356736047,-2.69347687
43449546459997,0.0138484366,0.194943375,-0.0681769197,-9.06923589,-0.311246216,-2.78206233
43449547449217,0.0170442299,0.198139168,-0.063915862,-9.0812069,-0.330399829,-2.83952317
43449548437454,0.0213052887,0.201334962,-0.0596548043,-9.17697496,-0.409408484,-2.91374342
43449549425691,0.0255663444,0.203465491,-0.0575242754,-9.24880101,-0.442927307,-2.96881006
43449550413929,0.0298274021,0.204530755,-0.0553937465,-9.224859,-0.464475122,-3.01429989
43449551402166,0.0340884599,0.204530755,-0.0532632176,-9.21049379,-0.44771571,-3.11246216
43449552390403,0.0404800486,0.207726548,-0.0500674243,-9.27274303,-0.457292517,-3.13400997
43449553379623,0.0447411022,0.209857077,-0.046871631,-9.32062706,-0.497993945,-3.13400997
43449554367860,0.0511326888,0.210922342,-0.0436758419,-9.30386765,-0.509964954,-3.19865342
43449555356097,0.0575242754,0.214118135,-0.041545313,-9.33978068,-0.553060583,-3.26808527
43449556344334,0.0660463909,0.217313928,-0.0394147841,-9.36132849,-0.632069238,-3.33751711
43449557332572,0.0735032461,0.218379193,-0.0372842553,-9.35414589,-0.670376465,-3.39976636
43449558321791,0.0809600971,0.218379193,-0.0362189908,-9.30865605,-0.667982263,-3.45004459
43449559310028,0.0905474687,0.219444457,-0.0330231954,-9.23922421,-0.689530078,-3.51708224
43449560298266,0.100134849,0.221574986,-0.0298274021,-9.16979236,-0.696712683,-3.61285031
43449561286503,0.108656964,0.22264025,-0.0276968733,-9.0883895,-0.689530078,-3.70622417
43449562274740,0.118244344,0.225836044,-0.0245010799,-9.02374606,-0.715866296,-3.74213719
43449563262978,0.128896988,0.230097102,-0.0223705511,-8.98304463,-0.761356128,-3.7469256
43449564252197,0.139549633,0.235423424,-0.0191747598,-8.97825623,-0.785298145,-3.76607921
43449565240434,0.149137021,0.239684481,-0.0159789655,-8.99740984,-0.794874951,-3.76847341
43449566228672,0.158724401,0.245010804,-0.0127831722,-8.99262144,-0.842758984,-3.66073434
43449567216909,0.165115988,0.250337126,-0.00958737992,-8.98065043,-0.873883606,-3.56975468
43449568205146,0.171507574,0.255663448,-0.00745685053,-9.01895765,-0.912190833,-3.56975468
43449569193383,0.178964409,0.26098977,-0.00532632218,-9.0859953,-0.948103857,-3.54820686
43449570182603,0.18642126,0.265250828,-0.00319579305,-9.17458076,-0.964863269,-3.50271703
43449571170840,0.192812846,0.269511886,-0.00106526437,-9.24401261,-1.0055647,-3.38779535
43449572159077,0.197073904,0.275903472,-0.00106526437,-9.25837782,-0.972045874,-3.27526787
43449573147315,0.201334962,0.282295076,-0.00106526437,-9.27034883,-0.924161841,-3.23696064
43449574135552,0.20559602,0.286556133,-0.00106526437,-9.34696328,-0.943315454,-3.1675288
43449575123789,0.210922342,0.289751927,-0.00106526437,-9.43794294,-0.957680664,-3.04781871
43449576113009,0.215183399,0.294012984,-0.00106526437,-9.46427916,-0.948103857,-2.94965645
43449577101246,0.218379193,0.297208778,-0.00213052874,-9.47625017,-0.936132849,-2.8826188
43449578089483,0.220509722,0.300404571,-0.00426105748,-9.50498059,-0.893037219,-2.82276376
43449579077721,0.22264025,0.303600364,-0.00426105748,-9.55525883,-0.854729993,-2.75812031
43449580065958,0.224770779,0.305730893,-0.00532632218,-9.60074866,-0.852335791,-2.76290872
43449581054195,0.226901308,0.307861422,-0.0063915861,-9.59596025,-0.835576379,-2.76290872
43449582043415,0.227966573,0.311057215,-0.00852211497,-9.61032546,-0.859518396,-2.7437551
43449583031652,0.230097102,0.31212248,-0.0106526444,-9.64145009,-0.866701001,-2.77009132
43449584019889,0.23222763,0.313187744,-0.0138484366,-9.62947908,-0.842758984,-2.77487972
43449585008126,0.235423424,0.313187744,-0.0170442299,-9.57680664,-0.797269153,-2.79882174
43449585996364,0.236488688,0.314253009,-0.0181094954,-9.55525883,-0.787692346,-2.82276376
43449586985583,0.237553953,0.317448802,-0.0191747598,-9.56962404,-0.833182178,-2.81797535
43449587973821,0.240749746,0.318514066,-0.0191747598,-9.53371101,-0.825999573,-2.81797535
43449588962058,0.243945539,0.318514066,-0.0170442299,-9.46188496,-0.821211169,-2.86585939
43449589950295,0.246076068,0.317448802,-0.0159789655,-9.42597194,-0.825999573,-2.92571443
43449590938532,0.249271861,0.316383538,-0.0127831722,-9.45230815,-0.847547388,-2.96881006
43449591926770,0.252467655,0.316383538,-0.0117179078,-9.46188496,-0.883460413,-2.99754048
43449592915989,0.256728712,0.316383538,-0.00958737992,-9.46427916,-0.912190833,-3.01190569
43449593904226,0.259924506,0.316383538,-0.00852211497,-9.45230815,-0.914585034,-3.05500132
43449594892464,0.263120299,0.314253009,-0.0063915861,-9.42836614,-0.902614026,-3.09330854
43449595880701,0.268446621,0.311057215,-0.00319579305,-9.40921252,-0.914585034,-3.11964476
43449596868938,0.274838208,0.308926686,0.00106526437,-9.33020387,-0.948103857,-3.15316359
43449597857175,0.280164547,0.307861422,0.00319579305,-9.31344446,-0.984016882,-3.18907661
43449598846395,0.287621398,0.304665629,0.00532632218,-9.33499227,-0.979228479,-3.11964476
43449599834632,0.298274042,0.301469835,0.00532632218,-9.24640681,-1.02232411,-3.00951149
43449600822870,0.309991951,0.300404571,0.00532632218,-9.25119521,-0.940921252,-3.12682737
43449601811107,0.318514066,0.299339307,0.00745685053,-9.22246479,-0.881066211,-3.21780703
43449602799344,0.32170986,0.298274042,0.0106526444,-9.12190833,-0.960074866,-3.1723172
43449603787581,0.323840389,0.297208778,0.0149137011,-9.09796631,-0.945709656,-3.19147081
43449604776801,0.328101446,0.296143513,0.0191747598,-9.11233152,-0.948103857,-3.23696064
43449605765038,0.334493033,0.296143513,0.0234358155,-9.0788127,-0.986411084,-3.25850846
43449606753275,0.338754091,0.295078249,0.0276968733,-9.03092866,-1.01992991,-3.25850846
43449607741513,0.341949884,0.296143513,0.0308926666,-9.04768807,-1.02232411,-3.30399829
43449608729750,0.346210942,0.297208778,0.0362189908,-9.03332286,-1.0151415,-3.33512291
43449609717987,0.348341471,0.297208778,0.041545313,-9.01895765,-1.05584293,-3.34230552
43449610707207,0.351537231,0.297208778,0.0458063666,-8.98543883,-1.06302554,-3.39497795
43449611695444,0.355798288,0.300404571,0.0511326888,-9.01656345,-1.03190092,-3.47159241
43449612683681,0.362189875,0.3025351,0.0564590109,-9.03092866,-1.04866033,-3.49314022
43449613671919,0.367516197,0.303600364,0.0628505976,-9.01416925,-1.08936176,-3.4644098
43449614660156,0.371777255,0.306796158,0.0681769197,-9.01656345,-1.05823713,-3.39258375
43449615649375,0.378168842,0.311057215,0.0724379817,-8.97825623,-0.995987891,-3.34709392
43449616637613,0.383495164,0.315318273,0.0777643038,-8.95670841,-1.0079589,-3.34230552
43449617625850,0.38988675,0.317448802,0.0841558904,-8.97586202,-1.04626613,-3.33512291
43449618614087,0.395213072,0.318514066,0.0894822043,-9.04529387,-1.07020814,-3.35906493
43449619602324,0.39947413,0.319579331,0.093743262,-9.11472572,-1.05584293,-3.38300695
43449620590562,0.405865717,0.32170986,0.0980043198,-9.12909093,-0.991199487,-3.33991132
43449621579781,0.417583626,0.322775124,0.101200113,-9.16500396,-0.952892261,-3.28245048
43449622568018,0.430366799,0.324905653,0.102265378,-9.26316622,-0.924161841,-3.32794031
43449623556256,0.443149972,0.325970917,0.104395906,-9.30147345,-0.876277808,-3.39976636
43449624544493,0.450606823,0.323840389,0.109722229,-9.27753143,-0.849941589,-3.42370837
43449625532730,0.458063674,0.320644595,0.115048551,-9.25598362,-0.833182178,-3.454833
43449626520967,0.464455261,0.320644595,0.119309609,-9.28231984,-0.821211169,-3.51708224
43449627510187,0.470846847,0.319579331,0.123570666,-9.32062706,-0.828393774,-3.52426484
43449628498424,0.477238434,0.319579331,0.128896988,-9.30626185,-0.854729993,-3.50989963
43449629486662,0.484695285,0.320644595,0.134223311,-9.29189664,-0.845153186,-3.56257207
43449630474899,0.491086872,0.319579331,0.140614906,-9.31583866,-0.833182178,-3.6032735
43449631463136,0.497478458,0.316383538,0.148071757,-9.36372269,-0.859518396,-3.59130249
43449632451373,0.503870045,0.31212248,0.154463343,-9.39005891,-0.842758984,-3.58651409
43449633440593,0.511326896,0.309991951,0.161920194,-9.40681832,-0.742202515,-3.64636913
43449634428830,0.518783747,0.307861422,0.168311781,-9.43076034,-0.689530078,-3.76129081
43449635417067,0.527305863,0.304665629,0.174703368,-9.41639513,-0.658405457,-3.72537778
43449636405305,0.539023771,0.300404571,0.181094937,-9.42597194,-0.627280835,-3.63918652
43449637393542,0.551806945,0.295078249,0.187486524,-9.50976899,-0.624886633,-3.69425316
43449638381779,0.561394358,0.291882455,0.192812846,-9.54568202,-0.651222852,-3.69904156
43449639370999,0.569916473,0.288686662,0.198139168,-9.52174,-0.670376465,-3.66312854
43449640359236,0.577373324,0.286556133,0.20559602,-9.55765303,-0.684741675,-3.69185896
43449641347473,0.584830175,0.282295076,0.211987606,-9.63666168,-0.718260498,-3.73495459
43449642335711,0.590156498,0.278034001,0.218379193,-9.62469067,-0.730231506,-3.76607921
43449643323948,0.597613349,0.274838208,0.223705515,-9.63426748,-0.69192428,-3.79241543
43449644313167,0.6050702,0.271642415,0.229031837,-9.68693992,-0.651222852,-3.80199224
43449645301405,0.612527051,0.267381357,0.235423424,-9.67496891,-0.651222852,-3.81635745
43449646289642,0.617853373,0.26098977,0.24181501,-9.67975731,-0.64882865,-3.84508787
43449647277879,0.62424496,0.256728712,0.248206597,-9.68215151,-0.656011255,-3.82354005
43449648266116,0.631701811,0.253532919,0.252467655,-9.71327614,-0.622492432,-3.83551106
43449649254354,0.638093397,0.25140239,0.257793977,-9.74200656,-0.612915625,-3.79959803
43449650243573,0.645550248,0.249271861,0.262055035,-9.71806454,-0.656011255,-3.70622417
43449651231811,0.651941835,0.249271861,0.265250828,-9.69651672,-0.67755907,-3.69904156
43449652220048,0.657268157,0.249271861,0.269511886,-9.68693992,-0.679953271,-3.70382997
43449653208285,0.66046395,0.249271861,0.274838208,-9.6677863,-0.670376465,-3.68228215
43449654196522,0.66046395,0.25140239,0.279099266,-9.63187328,-0.653617053,-3.64636913
43449655184760,0.658333421,0.253532919,0.281229811,-9.61271967,-0.641646045,-3.65355173
43449656173979,0.658333421,0.254598184,0.285490869,-9.61990227,-0.636857642,-3.67509955
43449657162216,0.659398686,0.255663448,0.289751927,-9.64623849,-0.641646045,-3.67509955
43449658150454,0.661529215,0.256728712,0.294012984,-9.61750807,-0.641646045,-3.69185896
43449659138691,0.661529215,0.258859241,0.296143513,-9.58877765,-0.632069238,-3.72777198
43449660126928,0.662594479,0.262055035,0.298274042,-9.57441244,-0.653617053,-3.76368501
43449661115165,0.664725008,0.263120299,0.301469835,-9.54568202,-0.67755907,-3.79480963
43449662104385,0.667920801,0.262055035,0.306796158,-9.56004723,-0.679953271,-3.84987627
43449663092622,0.673247124,0.26098977,0.309991951,-9.58877765,-0.7206547,-3.8953661
43449664080860,0.678573446,0.258859241,0.314253009,-9.58159504,-0.787692346,-3.91691392
43449665069097,0.686030297,0.257793977,0.318514066,-9.56722983,-0.821211169,-3.94085593
43449666057334,0.692421883,0.254598184,0.322775124,-9.54328782,-0.849941589,-3.92409652
43449667045571,0.699878734,0.252467655,0.325970917,-9.5241342,-0.833182178,-3.91930812
43449668034791,0.708400783,0.252467655,0.330231975,-9.5169516,-0.833182178,-3.8953661
43449669023028,0.716922899,0.253532919,0.335558297,-9.47146177,-0.916979236,-3.79959803
43449670011265,0.725445014,0.252467655,0.34088462,-9.47625017,-0.972045874,-3.67988795
43449670999503,0.730771337,0.252467655,0.346210942,-9.55047042,-0.960074866,-3.58890829
43449671987740,0.732901865,0.25140239,0.350471966,-9.58877765,-0.902614026,-3.56257207
43449672976959,0.735032394,0.248206597,0.355798288,-9.58638345,-0.845153186,-3.56736047
43449673965197,0.737162923,0.246076068,0.361124611,-9.60314286,-0.768538733,-3.6104561
43449674953434,0.739293452,0.242880275,0.365385668,-9.59356605,-0.679953271,-3.66073434
43449675941671,0.739293452,0.240749746,0.368581462,-9.61032546,-0.617704028,-3.66791694
43449676929908,0.738228188,0.236488688,0.371777255,-9.6606037,-0.572214197,-3.68946476
43449677918146,0.737162923,0.234358159,0.374973048,-9.68693992,-0.550666382,-3.69664736
43449678907365,0.737162923,0.233292895,0.379234106,-9.68454572,-0.550666382,-3.67031115
43449679895603,0.737162923,0.23222763,0.382429899,-9.6582095,-0.567425793,-3.68467635
43449680883840,0.736097659,0.23222763,0.385625693,-9.65342109,-0.612915625,-3.69425316
43449681872077,0.738228188,0.23222763,0.38988675,-9.69172832,-0.651222852,-3.67509955
43449682860314,0.740358716,0.23222763,0.394147808,-9.71327614,-0.608127222,-3.66312854
43449683848552,0.742489245,0.23222763,0.398408866,-9.70609353,-0.557848987,-3.58411989
43449684837771,0.746750303,0.229031837,0.400539395,-9.74200656,-0.567425793,-3.52426484
43449685826008,0.75314189,0.223705515,0.402669924,-9.8042558,-0.56263739,-3.53384165
43449686814246,0.756337683,0.219444457,0.405865717,-9.86889924,-0.593762012,-3.47877501
43449687802483,0.759533476,0.215183399,0.406930981,-9.91678328,-0.646434448,-3.40934316
43449688790720,0.76272927,0.210922342,0.40906151,-9.97184991,-0.656011255,-3.36385333
43449689778957,0.765925063,0.204530755,0.410126775,-9.97424412,-0.672770667,-3.33512291
43449690768177,0.769120856,0.19600864,0.412257303,-9.9574847,-0.696712683,-3.33991132
43449691756414,0.770186121,0.190682317,0.412257303,-10.0029745,-0.684741675,-3.36624753
43449692744652,0.770186121,0.185355995,0.413322568,-10.0245224,-0.660799658,-3.39258375
43449693732889,0.768055592,0.178964409,0.413322568,-10.0293108,-0.672770667,-3.39976636
43449694721126,0.766990327,0.173638103,0.413322568,-10.0293108,-0.684741675,-3.41413157
43449695709363,0.768055592,0.168311781,0.413322568,-10.031705,-0.69192428,-3.39976636
43449696698583,0.769120856,0.162985459,0.414387832,-10.0604354,-0.684741675,-3.28005627
43449697686820,0.768055592,0.154463343,0.414387832,-10.1083194,-0.708683691,-3.11964476
43449698675057,0.765925063,0.143810699,0.415453097,-10.1538092,-0.746990918,-2.91853182
43449699663295,0.76272927,0.131027517,0.415453097,-10.1992991,-0.825999573,-2.51391174
43449700651532,0.758468212,0.113983286,0.414387832,-10.1585976,-0.909796631,-2.19308872
43449701640752,0.754207154,0.0969390554,0.413322568,-10.0364934,-0.883460413,-2.33913502
43449702628989,0.756337683,0.083090626,0.414387832,-10.0005803,-0.957680664,-2.52588275
43449703617226,0.758468212,0.0681769197,0.414387832,-9.98382092,-1.08457335,-2.63841023
43449704605463,0.760598741,0.0543284821,0.415453097,-9.89284126,-1.08696755,-2.74854351
43449705593701,0.76272927,0.0447411022,0.417583626,-9.69891093,-1.01992991,-2.99514628
43449706581938,0.768055592,0.0404800486,0.41864889,-9.50498059,-0.907402429,-3.79959803
43449707571157,0.782969294,0.0458063666,0.420779419,-9.45470236,-0.936132849,-4.36462963
43449708559395,0.795752467,0.0532632176,0.423975212,-9.5169516,-1.06063134,-4.29759198
43449709547632,0.804274583,0.0575242754,0.427171006,-9.56722983,-1.0031705,-4.26407316
43449710535869,0.812796698,0.0617853331,0.429301534,-9.63187328,-0.888248816,-4.37899484
43449711524106,0.824514607,0.0671116553,0.430366799,-9.8018616,-0.866701001,-4.45321509
43449712512344,0.834101987,0.0681769197,0.430366799,-9.96466731,-0.866701001,-4.39336005
43449713501563,0.838363045,0.0628505976,0.42823627,-9.98142672,-0.780509741,-4.39096584
43449714489801,0.843689367,0.0564590109,0.425040477,-9.93354269,-0.694318481,-4.45560929
43449715478038,0.854342011,0.0511326888,0.423975212,-9.95987891,-0.737414111,-4.44603248
43449716466275,0.863929391,0.0447411022,0.423975212,-9.9503021,-0.773327136,-4.43645568
43449717454512,0.870320978,0.0394147841,0.421844683,-9.78749639,-0.73501991,-4.4723687
43449718442750,0.876712564,0.0351537264,0.419714155,-9.6558153,-0.703895288,-4.54180055
43449719431969,0.888430473,0.0351537264,0.41864889,-9.60074866,-0.670376465,-4.70221206
43449720420206,0.899083117,0.0383495197,0.419714155,-9.52174,-0.653617053,-4.9105076
43449721408444,0.907605233,0.0404800486,0.421844683,-9.43554874,-0.646434448,-5.03979449
43449722396681,0.916127348,0.0458063666,0.426105741,-9.40442412,-0.64882865,-5.07810172
43449723384918,0.926779993,0.0521979532,0.431432063,-9.41878933,-0.665588062,-5.06373651
43449724373155,0.937432637,0.0596548043,0.435693121,-9.45709656,-0.689530078,-4.98233365
43449725362375,0.948085281,0.0649811264,0.439954179,-9.49779799,-0.708683691,-4.9057192
43449726350612,0.956607397,0.0692421842,0.445280501,-9.5121632,-0.723048901,-4.85065256
43449727338849,0.965129512,0.0735032461,0.448476294,-9.52652841,-0.770932935,-4.7548845
43449728327087,0.974716892,0.0766990394,0.451672088,-9.5169516,-0.794874951,-4.70460626
43449729315324,0.985369537,0.0777643038,0.45699841,-9.49779799,-0.811634363,-4.66390483
43449730304544,0.996022181,0.0788295683,0.462324732,-9.5121632,-0.811634363,-4.52025273
43449731292781,1.00347903,0.075633775,0.467651054,-9.54568202,-0.790086548,-4.33829341
43449732281018,1.01093588,0.0735032461,0.470846847,-9.55765303,-0.797269153,-4.24970795
43449733269255,1.01732747,0.0713727172,0.475107905,-9.56483563,-0.797269153,-4.12281526
43449734257493,1.02265379,0.0692421842,0.478303698,-9.60553706,-0.775721338,-3.94803854
43449735245730,1.02691485,0.063915862,0.480434227,-9.65102689,-0.77811554,-3.90254871
43449736234949,1.03224117,0.0575242754,0.482564756,-9.65342109,-0.794874951,-3.88100089
43449737223187,1.03650223,0.0532632176,0.483630021,-9.6677863,-0.797269153,-3.81156904
43449738211424,1.03863276,0.0490021599,0.484695285,-9.67975731,-0.744596716,-3.70861837
43449739199661,1.04182855,0.046871631,0.484695285,-9.65342109,-0.670376465,-3.66791694
43449740187898,1.04822014,0.0436758419,0.48576055,-9.62708488,-0.629675037,-3.63918652
43449741176136,1.05354646,0.0404800486,0.487891078,-9.54089362,-0.574608398,-3.53144745
43449742165355,1.05567699,0.0362189908,0.488956343,-9.44991395,-0.495599744,-3.45243879
43449743153593,1.05567699,0.0330231954,0.491086872,-9.45230815,-0.497993945,-3.45243879
43449744141830,1.05674225,0.0308926666,0.493217401,-9.50737479,-0.569819995,-3.54820686
43449745130067,1.05780752,0.0287621377,0.495347929,-9.62469067,-0.5770026,-3.67509955
43449746118304,1.06100331,0.0266316088,0.496413194,-9.70609353,-0.541089575,-3.72777198
43449747106542,1.06526437,0.0234358155,0.495347929,-9.73721815,-0.526724365,-3.77805022
43449748095761,1.07059069,0.0202400243,0.492152136,-9.8018616,-0.478840332,-3.90494291
43449749083998,1.07698228,0.0181094954,0.487891078,-9.83777462,-0.469263525,-3.90254871
43449750072236,1.08550439,0.0159789655,0.484695285,-9.87129344,-0.529118567,-3.8881835
43449751060473,1.09296124,0.0138484366,0.480434227,-9.86889924,-0.488417139,-3.94564434
43449752048710,1.0972223,0.0117179078,0.47617317,-9.82580361,-0.452504114,-3.95282694
43449753036947,1.09935283,0.00958737992,0.470846847,-9.78989059,-0.50517655,-3.94085593
43449754026167,1.10254862,0.0063915861,0.468716319,-9.76355437,-0.493205542,-3.95282694
43449755014404,1.10467915,0.00319579305,0.46658579,-9.77791958,-0.469263525,-3.98873997
43449756002642,1.10467915,0.00106526437,0.464455261,-9.78270798,-0.507570752,-4.00071097
43449756990879,1.10467915,-0.00106526437,0.460194203,-9.74918916,-0.541089575,-4.01028778
43449757979116,1.10574442,-0.00213052874,0.458063674,-9.75158336,-0.538695374,-3.99113417
43449758968336,1.10467915,-0.00319579305,0.455933145,-9.76834277,-0.502782349,-3.96479795
43449759956573,1.10467915,-0.00532632218,0.453802616,-9.74200656,-0.46208092,-3.95522114
43449760944810,1.10680968,-0.00745685053,0.452737352,-9.76355437,-0.4333505,-3.94085593
43449761933047,1.11000548,-0.00852211497,0.452737352,-9.82340941,-0.421379492,-3.92170232
43449762921285,1.11320127,-0.00958737992,0.451672088,-9.89044706,-0.421379492,-3.87860669
43449763909522,1.11639706,-0.0106526444,0.449541559,-9.92396588,-0.423773694,-3.79959803
43449764898742,1.11959292,-0.0149137011,0.44741103,-9.94311949,-0.418985291,-3.7469256
43449765886979,1.12172345,-0.0202400243,0.444215237,-9.99579193,-0.399831677,-3.72537778
43449766875216,1.12491924,-0.0287621377,0.441019443,-10.0460702,-0.395043274,-3.68946476
43449767863453,1.12704977,-0.0351537264,0.43782365,-10.0867716,-0.399831677,-3.65115753
43449768851691,1.1291803,-0.041545313,0.433562592,-10.0843774,-0.378283862,-3.64158073
43449769839928,1.1323761,-0.046871631,0.429301534,-10.079589,-0.342370837,-3.66073434
43449770829147,1.13344136,-0.0521979532,0.425040477,-10.0939542,-0.313640417,-3.63679232
43449771817385,1.13557189,-0.0596548043,0.421844683,-10.1202904,-0.289698401,-3.57214888
43449772805622,1.13983295,-0.0671116553,0.416518361,-10.1442324,-0.299275208,-3.52905325
43449773793859,1.144094,-0.0724379817,0.412257303,-10.1705687,-0.325611426,-3.52665905
43449774782096,1.14515927,-0.0788295683,0.40906151,-10.1849339,-0.320823022,-3.53384165
43449775770334,1.14622453,-0.0873516838,0.405865717,-10.1322614,-0.277727393,-3.52187064
43449776759553,1.14622453,-0.0958737909,0.402669924,-10.067618,-0.246602771,-3.56257207
43449777747790,1.1472898,-0.102265378,0.39947413,-10.0460702,-0.239420166,-3.59609089
43449778736028,1.14835506,-0.1075917,0.396278337,-10.055647,-0.237025964,-3.62482131
43449779724265,1.14835506,-0.112918022,0.392017279,-10.0484644,-0.232237561,-3.66791694
43449780712502,1.14622453,-0.11717908,0.388821486,-10.0293108,-0.237025964,-3.69425316
43449781700739,1.14622453,-0.122505402,0.385625693,-9.96466731,-0.196324536,-3.77086761
43449782689959,1.14515927,-0.125701195,0.383495164,-9.87847605,-0.177170923,-3.84987627
43449783678196,1.14515927,-0.129962253,0.382429899,-9.84495723,-0.169988318,-3.90973131
43449784666434,1.14622453,-0.132092782,0.381364635,-9.84256302,-0.131681091,-3.96719215
43449785654671,1.1472898,-0.135288575,0.38029937,-9.8090442,-0.148440503,-4.0342298
43449786642908,1.1472898,-0.138484368,0.378168842,-9.75397756,-0.141257898,-4.10605585
43449787632128,1.14835506,-0.136353839,0.377103577,-9.73003555,-0.134075293,-4.15633408
43449788620365,1.15048559,-0.135288575,0.376038313,-9.72045874,-0.17238252,-4.1778819
43449789608602,1.15261612,-0.136353839,0.376038313,-9.71327614,-0.181959326,-4.22576593
43449790596839,1.15687718,-0.138484368,0.374973048,-9.68454572,-0.160411511,-4.26646736
43449791585077,1.16113824,-0.142745434,0.373907784,-9.67018051,-0.193930334,-4.24252534
43449792573314,1.16539929,-0.144875963,0.371777255,-9.68933412,-0.208295544,-4.24013114
43449793562534,1.16966035,-0.145941228,0.368581462,-9.68215151,-0.210689746,-4.26407316
43449794550771,1.17285614,-0.149137021,0.367516197,-9.67257471,-0.213083948,-4.29759198
43449795539008,1.17818247,-0.150202285,0.366450933,-9.6558153,-0.150834705,-4.3311108
43449796527245,1.18457405,-0.152332814,0.365385668,-9.59835446,-0.0981622681,-4.3239282
43449797515483,1.19309617,-0.154463343,0.364320404,-9.58398925,-0.117315881,-4.23773694
43449798503720,1.20055302,-0.157659137,0.363255139,-9.60553706,-0.193930334,-4.19224711
43449799492939,1.20800987,-0.16085493,0.361124611,-9.61032546,-0.220266553,-4.1754877
43449800481177,1.21227093,-0.164050723,0.357928817,-9.59835446,-0.193930334,-4.12042106
43449801469414,1.21546672,-0.168311781,0.353667759,-9.55765303,-0.189141931,-4.12520946
43449802457651,1.21653199,-0.17044231,0.350471966,-9.48582698,-0.155623108,-4.13957467
43449803445888,1.21972778,-0.17044231,0.348341471,-9.43315454,-0.102950671,-4.12520946
43449804434126,1.22398884,-0.169377045,0.346210942,-9.43076034,-0.107739075,-4.10366165
43449805423345,1.22718463,-0.17044231,0.345145677,-9.40921252,-0.119710083,-4.08690223
43449806411583,1.22931516,-0.172572839,0.343015148,-9.35175168,-0.0957680664,-4.06535442
43449807399820,1.23038042,-0.173638103,0.341949884,-9.29668505,-0.0574608398,-4.06535442
43449808388057,1.23144569,-0.172572839,0.34088462,-9.224859,-0.00239420166,-4.10845005
43449809376294,1.23251095,-0.17044231,0.338754091,-9.17936917,0.0550666382,-4.14915148
43449810364532,1.23357622,-0.168311781,0.337688826,-9.21528219,0.0550666382,-4.12520946
43449811353751,1.23783727,-0.167246516,0.337688826,-9.25598362,0.0670376465,-4.06056602
43449812341988,1.24103307,-0.166181252,0.337688826,-9.28231984,0.122104285,-4.00071097
43449813330226,1.2431636,-0.167246516,0.337688826,-9.27274303,0.160411511,-3.96000955
43449814318463,1.24529413,-0.167246516,0.335558297,-9.26556042,0.189141931,-3.90973131
43449815306700,1.24635939,-0.166181252,0.332362504,-9.27753143,0.201112939,-3.83790526
43449816295920,1.24635939,-0.166181252,0.328101446,-9.30147345,0.239420166,-3.76847341
43449817284157,1.24529413,-0.167246516,0.325970917,-9.32062706,0.323217224,-3.751714
43449818272394,1.24422886,-0.169377045,0.323840389,-9.26077202,0.397437476,-3.7541082
43449819260632,1.2431636,-0.169377045,0.320644595,-9.24401261,0.397437476,-3.68946476
43449820248869,1.2431636,-0.168311781,0.318514066,-9.29907925,0.407014282,-3.63679232
43449821237106,1.24103307,-0.168311781,0.315318273,-9.34696328,0.466869324,-3.59369669
43449822226326,1.23783727,-0.168311781,0.309991951,-9.32780967,0.524330164,-3.51468804
43449823214563,1.23464148,-0.169377045,0.305730893,-9.29189664,0.557848987,-3.47159241
43449824202800,1.23144569,-0.169377045,0.303600364,-9.24401261,0.603338818,-3.50271703
43449825191037,1.22718463,-0.169377045,0.301469835,-9.16979236,0.653617053,-3.51468804
43449826179275,1.22185831,-0.168311781,0.299339307,-9.14585034,0.679953271,-3.466804
43449827167512,1.21546672,-0.167246516,0.296143513,-9.10514891,0.737414111,-3.44286199
43449828156731,1.20907513,-0.164050723,0.294012984,-9.03571707,0.809240161,-3.40694896
43449829144969,1.20268355,-0.159789665,0.29294772,-8.98304463,0.866701001,-3.34230552
43449830133206,1.1952267,-0.157659137,0.29294772,-8.98065043,0.914585034,-3.30399829
43449831121443,1.18883511,-0.155528608,0.29294772,-8.99980404,0.972045874,-3.28963308
43449832109680,1.180313,-0.154463343,0.290817191,-8.99262144,1.04626613,-3.27526787
43449833097918,1.17285614,-0.155528608,0.289751927,-8.98065043,1.10372697,-3.26569106
43449834087137,1.16433403,-0.153398079,0.289751927,-8.9471316,1.16597621,-3.25611426
43449835075375,1.15581191,-0.150202285,0.289751927,-8.89206497,1.23061965,-3.27287367
43449836063612,1.1472898,-0.148071757,0.291882455,-8.85375774,1.26413848,-3.29202728
43449837051849,1.13983295,-0.147006492,0.294012984,-8.87051715,1.29047469,-3.29202728
43449838040086,1.1323761,-0.144875963,0.296143513,-8.89924757,1.31441671,-3.29442148
43449839028324,1.12385398,-0.143810699,0.298274042,-8.9375548,1.31681091,-3.27287367
43449840017543,1.11746239,-0.143810699,0.299339307,-8.99980404,1.31681091,-3.26569106
43449841005780,1.11107074,-0.144875963,0.301469835,-9.04050547,1.31202251,-3.28245048
43449841994018,1.10467915,-0.147006492,0.303600364,-9.09557211,1.26892688,-3.29202728
43449842982255,1.0972223,-0.150202285,0.305730893,-9.16739816,1.26653268,-3.29442148
43449843970492,1.09083072,-0.15126755,0.305730893,-9.23683,1.24259066,-3.28484468
43449844959712,1.08443913,-0.154463343,0.304665629,-9.28710824,1.18034142,-3.26808527
43449845947949,1.07911281,-0.159789665,0.3025351,-9.29429084,1.18273562,-3.26329686
43449846936186,1.07378648,-0.164050723,0.301469835,-9.32780967,1.17555302,-3.29681569
43449847924424,1.0673949,-0.167246516,0.299339307,-9.33499227,1.16358201,-3.33272871
43449848912661,1.06100331,-0.168311781,0.298274042,-9.32302126,1.12527478,-3.33033451
43449849900898,1.05461173,-0.168311781,0.297208778,-9.36132849,1.06781394,-3.3135751
43449850890118,1.0492854,-0.169377045,0.295078249,-9.36132849,1.0151415,-3.30639249
43449851878355,1.04608961,-0.17044231,0.294012984,-9.35414589,0.976834277,-3.3159693
43449852866592,1.04289382,-0.171507574,0.29294772,-9.36611689,0.955286462,-3.33751711
43449853854829,1.04076329,-0.171507574,0.290817191,-9.34935748,0.902614026,-3.32794031
43449854843067,1.03863276,-0.172572839,0.288686662,-9.33020387,0.825999573,-3.29202728
43449855831304,1.03543697,-0.173638103,0.285490869,-9.34456908,0.782903943,-3.28963308
43449856820524,1.03011064,-0.175768615,0.281229811,-9.3709053,0.739808313,-3.29442148
43449857808761,1.02691485,-0.175768615,0.279099266,-9.35654009,0.636857642,-3.29442148
43449858796998,1.02371906,-0.174703368,0.275903472,-9.36132849,0.536301172,-3.26090266
43449859785235,1.02158853,-0.174703368,0.269511886,-9.28950244,0.502782349,-3.28005627
43449860773473,1.02158853,-0.175768615,0.26098977,-9.21288799,0.517147559,-3.35906493
43449861761710,1.02265379,-0.175768615,0.254598184,-9.21288799,0.550666382,-3.40455476
43449862750929,1.02052326,-0.173638103,0.250337126,-9.19373438,0.567425793,-3.40694896
43449863739167,1.01732747,-0.17044231,0.246076068,-9.20331118,0.572214197,-3.40934316
43449864727404,1.01413168,-0.165115988,0.243945539,-9.20809958,0.588973608,-3.42131417
43449865715641,1.01093588,-0.159789665,0.24181501,-9.21288799,0.636857642,-3.41173737
43449866703878,1.00560956,-0.155528608,0.239684481,-9.26077202,0.696712683,-3.42370837
43449867692116,1.00028324,-0.152332814,0.237553953,-9.32541547,0.730231506,-3.42131417
43449868681335,0.994956917,-0.149137021,0.235423424,-9.35175168,0.76375033,-3.40455476
43449869669573,0.989630594,-0.145941228,0.233292895,-9.39005891,0.821211169,-3.40216056
43449870657810,0.983239008,-0.143810699,0.23222763,-9.44033715,0.871489404,-3.40216056
43449871646047,0.976847421,-0.142745434,0.231162366,-9.49300958,0.849941589,-3.38061274
43449872634284,0.970455835,-0.139549633,0.231162366,-9.56962404,0.852335791,-3.34230552
43449873623504,0.962998984,-0.138484368,0.230097102,-9.60314286,0.893037219,-3.3231519
43449874611741,0.956607397,-0.135288575,0.231162366,-9.63426748,0.914585034,-3.3231519
43449875599978,0.949150546,-0.134223311,0.231162366,-9.68933412,0.921767639,-3.30399829
43449876588216,0.942758959,-0.132092782,0.230097102,-9.73482395,0.912190833,-3.26569106
43449877576453,0.937432637,-0.129962253,0.226901308,-9.76116017,0.883460413,-3.24414325
43449878564690,0.931041051,-0.129962253,0.225836044,-9.79228479,0.854729993,-3.22498964
43449879553910,0.924649464,-0.131027517,0.223705515,-9.84974563,0.854729993,-3.19147081
43449880542147,0.918257877,-0.132092782,0.22264025,-9.90002386,0.866701001,-3.13640417
43449881530384,0.912931555,-0.131027517,0.220509722,-9.92157168,0.859518396,-3.09809695
43449882518621,0.908670497,-0.132092782,0.217313928,-9.94072529,0.828393774,-3.07894333
43449883506859,0.903344175,-0.132092782,0.215183399,-9.96945571,0.802057556,-3.03584771
43449884495096,0.896952589,-0.134223311,0.210922342,-10.0005803,0.794874951,-2.98556947
43449885484316,0.891626266,-0.138484368,0.207726548,-10.0005803,0.775721338,-2.94007964
43449886472553,0.886299944,-0.139549633,0.20559602,-10.0029745,0.739808313,-2.91374342
43449887460790,0.879908358,-0.14168017,0.201334962,-10.0053687,0.723048901,-2.89698401
43449888449027,0.873516771,-0.143810699,0.198139168,-9.98621512,0.737414111,-2.84909998
43449889437265,0.867125184,-0.145941228,0.192812846,-9.9574847,0.742202515,-2.80361014
43449890425502,0.860733598,-0.149137021,0.189617053,-9.9503021,0.715866296,-2.78445653
43449891414721,0.854342011,-0.15126755,0.185355995,-9.97184991,0.718260498,-2.76290872
43449892402959,0.847950425,-0.153398079,0.180029673,-9.95987891,0.758961926,-2.72938989
43449893391196,0.840493573,-0.157659137,0.17683388,-9.93833109,0.775721338,-2.71502468
43449894379433,0.835167251,-0.16085493,0.173638103,-9.93114849,0.766144531,-2.70065947
43449895367670,0.829840929,-0.164050723,0.17044231,-9.93593689,0.73501991,-2.66714065
43449896355908,0.824514607,-0.166181252,0.167246516,-9.9550905,0.727837305,-2.61446821
43449897345127,0.81812302,-0.169377045,0.162985459,-9.93114849,0.711077893,-2.55221897
43449898333365,0.811731434,-0.173638103,0.157659137,-9.91199487,0.689530078,-2.54743057
43449899321602,0.806405111,-0.177899144,0.153398079,-9.91678328,0.737414111,-2.5977088
43449900309839,0.800013525,-0.182160202,0.149137021,-9.90720647,0.74938512,-2.56179578
43449901298076,0.793621938,-0.18642126,0.144875963,-9.88805286,0.660799658,-2.43490309
43449902287296,0.786165087,-0.191747582,0.142745434,-9.81622681,0.641646045,-2.4516625
43449903275533,0.777642972,-0.194943375,0.139549633,-9.75158336,0.744596716,-2.57376678
43449904263770,0.765925063,-0.19600864,0.138484368,-9.75158336,0.79248075,-2.62643922
43449905252008,0.754207154,-0.198139168,0.137419104,-9.78749639,0.76375033,-2.64080443
43449906240245,0.74355451,-0.199204433,0.134223311,-9.7994674,0.790086548,-2.68150586
43449907228482,0.732901865,-0.200269697,0.132092782,-9.77073698,0.816422766,-2.74854351
43449908217702,0.722249221,-0.202400226,0.131027517,-9.73482395,0.79248075,-2.82994636
43449909205939,0.713727106,-0.203465491,0.128896988,-9.71806454,0.74938512,-2.85867678
43449910194176,0.704139726,-0.203465491,0.127831724,-9.73242975,0.703895288,-2.86346519
43449911182414,0.695617677,-0.201334962,0.12676646,-9.74200656,0.699106885,-2.91613762
43449912170651,0.687095561,-0.199204433,0.12676646,-9.73961235,0.684741675,-2.97359846
43449913158888,0.678573446,-0.197073904,0.125701195,-9.72524714,0.636857642,-3.0310593
43449914148108,0.67005133,-0.193878111,0.124635931,-9.64145009,0.610521423,-3.04063611
43449915136345,0.662594479,-0.190682317,0.123570666,-9.55525883,0.624886633,-3.14119258
43449916124582,0.656202893,-0.184290731,0.125701195,-9.48822118,0.430956299,-3.10049115
43449917112819,0.648746042,-0.17683388,0.131027517,-9.22246479,0.284909998,-3.05500132
43449918101057,0.64128919,-0.168311781,0.139549633,-8.95910261,0.258573779,-3.22020123
43449919089294,0.634897604,-0.157659137,0.152332814,-9.15063875,0.15801731,-3.39976636
43449920078514,0.631701811,-0.147006492,0.165115988,-9.55765303,0.122104285,-3.30160409
43449921066751,0.628506017,-0.140614906,0.17683388,-9.78989059,0.208295544,-3.16034619
43449922054988,0.627440753,-0.139549633,0.188551789,-9.88087025,0.289698401,-3.34709392
43449923043225,0.628506017,-0.14168017,0.203465491,-9.96227311,0.102950671,-3.1675288
43449924031463,0.633832339,-0.142745434,0.219444457,-10.139444,-0.0694318481,-2.97599266
43449925019700,0.640223926,-0.143810699,0.233292895,-10.4147772,-0.0694318481,-2.96402166
43449926008919,0.642354455,-0.147006492,0.243945539,-10.5153337,-0.0383072266,-2.94007964
43449926997157,0.638093397,-0.153398079,0.25140239,-10.4506902,0.0335188232,-2.94007964
43449927985394,0.634897604,-0.159789665,0.257793977,-10.5105453,-0.00718260498,-2.87304199
43449928973631,0.633832339,-0.162985459,0.263120299,-10.5704003,-0.0981622681,-2.81558115
43449929961868,0.631701811,-0.166181252,0.269511886,-10.6422264,-0.0837970581,-2.7389667
43449930951088,0.627440753,-0.173638103,0.274838208,-10.7116582,-0.0287304199,-2.79163914
43449931939325,0.621049166,-0.181094937,0.279099266,-10.6422264,0.0622492432,-2.84670577
43449932927562,0.615722844,-0.187486524,0.282295076,-10.637438,0.117315881,-2.89937821
43449933915800,0.608265993,-0.192812846,0.285490869,-10.5919481,0.107739075,-2.97838687
43449934904037,0.600809142,-0.19600864,0.287621398,-10.436325,0.0790086548,-2.95205065
43449935892274,0.593352291,-0.198139168,0.291882455,-10.4339308,0.0790086548,-2.8778304
43449936881494,0.58589544,-0.199204433,0.296143513,-10.5536409,0.0574608398,-2.82276376
43449937869731,0.578438589,-0.20559602,0.301469835,-10.6398322,0.0502782349,-2.77966813
43449938857968,0.570981738,-0.215183399,0.304665629,-10.6901104,0.102950671,-2.78924493
43449939846206,0.564590151,-0.224770779,0.306796158,-10.6829278,0.146046301,-2.81318695
43449940834443,0.559263829,-0.235423424,0.308926686,-10.6350438,0.15801731,-2.82276376
43449941822680,0.555002738,-0.246076068,0.308926686,-10.5727945,0.227449158,-2.80600435
43449942811900,0.549676416,-0.256728712,0.308926686,-10.4650555,0.287304199,-2.75572611
43449943800137,0.544350094,-0.264185563,0.308926686,-10.364499,0.287304199,-2.70065947
43449944788374,0.537958507,-0.271642415,0.309991951,-10.2687309,0.335188232,-2.64798704
43449945776611,0.529436391,-0.279099266,0.31212248,-10.1490208,0.359130249,-2.62883342
43449946764849,0.523044805,-0.286556133,0.314253009,-9.98142672,0.392649072,-2.62883342
43449947753086,0.518783747,-0.29294772,0.318514066,-9.82819781,0.426167896,-2.63122762
43449948742306,0.513457425,-0.298274042,0.322775124,-9.71327614,0.426167896,-2.66235225
43449949730543,0.509196367,-0.300404571,0.328101446,-9.58877765,0.411802686,-2.70305367
43449950718780,0.504935309,-0.303600364,0.334493033,-9.46188496,0.402225879,-2.69587107
43449951707017,0.500674252,-0.307861422,0.341949884,-9.36132849,0.426167896,-2.68390006
43449952695255,0.497478458,-0.311057215,0.350471966,-9.30386765,0.416591089,-2.71502468
43449953683492,0.496413194,-0.315318273,0.360059346,-9.21528219,0.385466467,-2.72938989
43449954672711,0.494282665,-0.318514066,0.368581462,-9.14345614,0.387860669,-2.7365725
43449955660949,0.494282665,-0.319579331,0.377103577,-9.10036051,0.383072266,-2.80121594
43449956649186,0.494282665,-0.320644595,0.386690957,-9.07641849,0.311246216,-2.8802246
43449957637423,0.496413194,-0.322775124,0.397343601,-9.06444749,0.239420166,-2.92810863
43449958625660,0.499608987,-0.324905653,0.405865717,-9.04289967,0.229843359,-2.96402166
43449959614880,0.501739516,-0.327036182,0.413322568,-9.06205328,0.210689746,-2.97599266
43449960603117,0.504935309,-0.325970917,0.41864889,-9.0812069,0.179565125,-2.97359846
43449961591355,0.507065838,-0.323840389,0.426105741,-9.0883895,0.174776721,-2.95923325
43449962579592,0.511326896,-0.32170986,0.432497328,-9.12190833,0.160411511,-2.97120426
43449963567829,0.515587954,-0.32170986,0.43782365,-9.16021555,0.11492168,-2.97120426
43449964556066,0.518783747,-0.322775124,0.441019443,-9.20091698,0.0861912598,-2.96162745
43449965545286,0.52197954,-0.320644595,0.443149972,-9.2272532,0.0933738647,-2.97599266
43449966533523,0.526240598,-0.318514066,0.445280501,-9.23683,0.136469495,-2.97359846
43449967521760,0.530501656,-0.316383538,0.448476294,-9.28710824,0.110133276,-2.94965645
43449968509998,0.534762714,-0.316383538,0.450606823,-9.30386765,0.0742202515,-2.94007964
43449969498235,0.540089036,-0.316383538,0.450606823,-9.27513723,0.0766144531,-2.96881006
43449970486472,0.544350094,-0.316383538,0.449541559,-9.27753143,0.0622492432,-2.94726224
43449971475692,0.547545887,-0.314253009,0.448476294,-9.28471404,0.0502782349,-2.94007964
43449972463929,0.55074168,-0.313187744,0.449541559,-9.29668505,0.00718260498,-2.95683905
43449973452166,0.552872209,-0.313187744,0.449541559,-9.29907925,0.0167594116,-2.95205065
43449974440404,0.555002738,-0.31212248,0.448476294,-9.28231984,0.0311246216,-2.96162745
43449975428641,0.556068002,-0.308926686,0.446345765,-9.26556042,0.0167594116,-2.98556947
43449976416878,0.557133267,-0.303600364,0.444215237,-9.25358942,0.0287304199,-3.0262709
43449977406098,0.559263829,-0.299339307,0.443149972,-9.24640681,0.0478840332,-3.0238767
43449978394335,0.560329093,-0.297208778,0.441019443,-9.24640681,0.0454898315,-3.00951149
43449979382572,0.560329093,-0.295078249,0.439954179,-9.26556042,0.0766144531,-3.00472308
43449980370809,0.560329093,-0.29294772,0.436758385,-9.29668505,0.1436521,-2.99754048
43449981359047,0.561394358,-0.288686662,0.433562592,-9.28231984,0.148440503,-3.0262709
43449982347284,0.561394358,-0.28336034,0.431432063,-9.26077202,0.150834705,-3.0262709
43449983336503,0.560329093,-0.280164547,0.429301534,-9.28710824,0.186747729,-2.97838687
43449984324741,0.559263829,-0.276968737,0.426105741,-9.31344446,0.196324536,-2.95683905
43449985312978,0.559263829,-0.274838208,0.420779419,-9.33020387,0.227449158,-2.96162745
43449986301215,0.558198531,-0.273772943,0.41864889,-9.33978068,0.246602771,-2.94726224
43449987289453,0.556068002,-0.273772943,0.416518361,-9.33738647,0.265756384,-2.92810863
43449988278672,0.555002738,-0.271642415,0.414387832,-9.33020387,0.296881006,-2.89937821
43449989266909,0.552872209,-0.27057715,0.411192039,-9.33259807,0.306457812,-2.87543619
43449990255147,0.55074168,-0.269511886,0.406930981,-9.36132849,0.330399829,-2.83712897
43449991243384,0.548611151,-0.268446621,0.402669924,-9.3756937,0.339976636,-2.78445653
43449992231621,0.546480622,-0.268446621,0.398408866,-9.36611689,0.349553442,-2.76290872
43449993219858,0.543284829,-0.269511886,0.395213072,-9.36132849,0.359130249,-2.75812031
43449994209078,0.540089036,-0.27057715,0.393082544,-9.3780879,0.356736047,-2.7389667
43449995197315,0.535827978,-0.269511886,0.38988675,-9.3780879,0.375889661,-2.69587107
43449996185552,0.532632185,-0.268446621,0.385625693,-9.3780879,0.428562097,-2.67192905
43449997173790,0.527305863,-0.266316092,0.381364635,-9.40202992,0.474051929,-2.67192905
43449998162027,0.523044805,-0.265250828,0.377103577,-9.39484731,0.517147559,-2.65995804
43449999150264,0.518783747,-0.265250828,0.373907784,-9.3780879,0.545877979,-2.63362183
43450000139484,0.514522689,-0.264185563,0.369646726,-9.39005891,0.541089575,-2.5953146
43450001127721,0.511326896,-0.264185563,0.364320404,-9.40921252,0.553060583,-2.5905262
43450002115958,0.507065838,-0.263120299,0.358994082,-9.40442412,0.579396802,-2.5905262
43450003104196,0.500674252,-0.262055035,0.353667759,-9.39005891,0.62009823,-2.58813199
43450004092433,0.495347929,-0.26098977,0.349406735,-9.3709053,0.64882865,-2.58573779
43450005080670,0.492152136,-0.26098977,0.344080413,-9.35893429,0.644040247,-2.57137258
43450006069890,0.487891078,-0.258859241,0.339819355,-9.35175168,0.629675037,-2.57137258
43450007058127,0.482564756,-0.257793977,0.334493033,-9.29189664,0.641646045,-2.5905262
43450008046364,0.477238434,-0.255663448,0.328101446,-8.76756648,0.653617053,-2.78685073
43450009034601,0.474042641,-0.249271861,0.325970917,-8.05170018,0.54827218,-3.11964476
43450010022839,0.472977376,-0.235423424,0.328101446,-8.10916102,0.320823022,-3.05500132
43450011011076,0.469781583,-0.219444457,0.332362504,-8.62152018,0.282515796,-2.79882174
43450012000296,0.467651054,-0.210922342,0.332362504,-8.84178673,0.426167896,-2.84431157
43450012988533,0.46658579,-0.209857077,0.330231975,-8.88488236,0.423773694,-2.91134922
43450013976770,0.46658579,-0.207726548,0.325970917,-9.00698665,0.409408484,-2.86825359
43450014965007,0.468716319,-0.203465491,0.320644595,-9.15063875,0.517147559,-2.83473477
43450015953245,0.469781583,-0.202400226,0.313187744,-9.20809958,0.651222852,-2.77487972
43450016942464,0.468716319,-0.202400226,0.304665629,-9.21528219,0.727837305,-2.65038124
43450017930701,0.46658579,-0.200269697,0.295078249,-9.21288799,0.782903943,-2.55221897
43450018918939,0.465520525,-0.198139168,0.286556133,-9.2344358,0.842758984,-2.51630594
43450019907176,0.461259468,-0.198139168,0.278034001,-9.29429084,0.864306799,-2.47560452
43450020895413,0.454867881,-0.198139168,0.267381357,-9.34217488,0.909796631,-2.44208569
43450021883650,0.449541559,-0.198139168,0.256728712,-9.36132849,1.02232411,-2.48757552
43450022872870,0.445280501,-0.19600864,0.246076068,-9.32780967,1.09893856,-2.50194073
43450023861107,0.441019443,-0.194943375,0.236488688,-9.27274303,1.11809218,-2.41335527
43450024849345,0.435693121,-0.193878111,0.225836044,-9.26556042,1.1563994,-2.27449158
43450025837582,0.42823627,-0.190682317,0.214118135,-9.31583866,1.22822545,-2.1667525
43450026825819,0.41864889,-0.188551789,0.201334962,-9.34456908,1.2928689,-2.10450326
43450027814056,0.40906151,-0.188551789,0.188551789,-9.27753143,1.34314713,-2.07577284
43450028803276,0.400539395,-0.189617053,0.17683388,-9.18894597,1.41497318,-2.08534965
43450029791513,0.393082544,-0.189617053,0.166181252,-9.10036051,1.46764562,-2.11647427
43450030779750,0.385625693,-0.187486524,0.156593872,-9.00459244,1.50595284,-2.13562788
43450031767988,0.377103577,-0.185355995,0.148071757,-8.97107362,1.52750066,-2.07337864
43450032756225,0.368581462,-0.182160202,0.140614906,-9.00698665,1.56101948,-2.0135236
43450033744462,0.357928817,-0.178964409,0.132092782,-9.00698665,1.61129772,-1.99197578
43450034733682,0.346210942,-0.17683388,0.121440137,-8.97825623,1.66636436,-1.99676418
43450035721919,0.335558297,-0.175768615,0.111852757,-8.97107362,1.7310078,-2.03746561
43450036710156,0.323840389,-0.174703368,0.102265378,-8.92318959,1.76452662,-2.06859023
43450037698394,0.31212248,-0.172572839,0.093743262,-8.88488236,1.78368024,-2.05183082
43450038686631,0.3025351,-0.169377045,0.0852211549,-8.86572875,1.82917007,-2.0207062
43450039674868,0.294012984,-0.166181252,0.0777643038,-8.84896934,1.88902511,-2.05901343
43450040664088,0.285490869,-0.164050723,0.0713727172,-8.82502732,1.92254393,-2.07098444
43450041652325,0.274838208,-0.162985459,0.063915862,-8.76756648,1.92014973,-2.07098444
43450042640562,0.266316092,-0.162985459,0.0575242754,-8.69574043,1.94648595,-2.08295544
43450043628799,0.258859241,-0.16085493,0.0511326888,-8.67419261,1.98000477,-2.10929166
43450044617037,0.249271861,-0.156593872,0.0458063666,-8.67179841,1.96324536,-2.12605107
43450045605274,0.240749746,-0.153398079,0.0404800486,-8.63109698,1.93690914,-2.12844528
43450046594493,0.233292895,-0.149137021,0.0351537264,-8.66461581,1.94169755,-2.15478149
43450047582731,0.226901308,-0.145941228,0.0287621377,-8.68855782,1.94648595,-2.14281049
43450048570968,0.219444457,-0.144875963,0.0223705511,-8.6598274,1.92254393,-2.13083948
43450049559205,0.210922342,-0.14168017,0.0170442299,-8.6598274,1.89860192,-2.15238729
43450050547442,0.203465491,-0.139549633,0.0127831722,-8.68855782,1.88902511,-2.18830032
43450051536662,0.19600864,-0.136353839,0.00532632218,-8.72925925,1.89860192,-2.20505973
43450052524899,0.191747582,-0.133158046,-0.00106526437,-8.74841287,1.90578452,-2.23379015
43450053513137,0.185355995,-0.128896988,-0.00745685053,-8.78193169,1.90099612,-2.26970317
43450054501374,0.178964409,-0.124635931,-0.0127831722,-8.83699833,1.88663091,-2.29364519
43450055489611,0.173638103,-0.122505402,-0.0202400243,-8.87530555,1.84353528,-2.32237561
43450056477848,0.168311781,-0.119309609,-0.0287621377,-8.9447374,1.81719906,-2.35110603
43450057467068,0.162985459,-0.116113815,-0.0362189908,-9.01416925,1.80283385,-2.39420166
43450058455305,0.157659137,-0.111852757,-0.0447411022,-9.02374606,1.79086284,-2.43490309
43450059443542,0.153398079,-0.1075917,-0.0543284821,-9.05965908,1.78128604,-2.4564509
43450060431780,0.149137021,-0.103330642,-0.063915862,-9.07402429,1.78128604,-2.4540567
43450061420017,0.145941228,-0.0990695842,-0.0735032461,-9.04050547,1.80283385,-2.46363351
43450062408254,0.140614906,-0.0948085265,-0.083090626,-9.00938085,1.83156427,-2.48996973
43450063397474,0.136353839,-0.0916127332,-0.0948085265,-9.01416925,1.85790049,-2.48757552
43450064385711,0.133158046,-0.0873516838,-0.105461171,-9.02614026,1.86268889,-2.47081611
43450065373948,0.127831724,-0.0809600971,-0.113983286,-9.01177505,1.89860192,-2.4540567
43450066362186,0.121440137,-0.0766990394,-0.122505402,-9.01416925,1.92014973,-2.42772048
43450067350423,0.11717908,-0.0713727172,-0.131027517,-9.03811127,1.92972654,-2.40856687
43450068338660,0.112918022,-0.0649811264,-0.140614906,-9.05487068,1.95366855,-2.42532628
43450069327880,0.1075917,-0.0607200687,-0.150202285,-9.05965908,1.98000477,-2.43729729
43450070316117,0.102265378,-0.0564590109,-0.16085493,-9.02614026,2.018312,-2.41096107
43450071304354,0.0980043198,-0.0521979532,-0.17044231,-9.02614026,2.04464822,-2.41574948
43450072292591,0.093743262,-0.0490021599,-0.177899144,-9.0788127,2.06859023,-2.4444799
43450073280829,0.0894822043,-0.0426105774,-0.185355995,-9.09557211,2.08774385,-2.44208569
43450074269066,0.0841558904,-0.0383495197,-0.192812846,-9.0883895,2.13562788,-2.44208569
43450075258286,0.0788295683,-0.0330231954,-0.202400226,-9.06684169,2.17393511,-2.4540567
43450076246523,0.075633775,-0.0287621377,-0.211987606,-9.07641849,2.18590612,-2.4516625
43450077234760,0.0692421842,-0.0245010799,-0.218379193,-9.09557211,2.21224233,-2.43250889
43450078222997,0.0649811264,-0.0202400243,-0.224770779,-9.09796631,2.21942494,-2.38223065
43450079211235,0.0617853331,-0.0170442299,-0.230097102,-9.11711992,2.26012637,-2.36786544
43450080200454,0.0575242754,-0.0138484366,-0.236488688,-9.14106194,2.27449158,-2.39180746
43450081188691,0.0532632176,-0.00958737992,-0.242880275,-9.18655177,2.27927998,-2.37025964
43450082176929,0.0490021599,-0.00532632218,-0.25140239,-9.21528219,2.32716401,-2.31758721
43450083165166,0.0426105774,-0.00213052874,-0.258859241,-9.22007059,2.34152922,-2.27449158
43450084153403,0.0362189908,0,-0.264185563,-9.25358942,2.36547124,-2.26970317
43450085141640,0.0308926666,0.00213052874,-0.27057715,-9.22246479,2.41814368,-2.23857855
43450086130860,0.0255663444,0.00426105748,-0.278034001,-9.19612858,2.47560452,-2.20505973
43450087119097,0.0213052887,0.00745685053,-0.284425604,-9.20091698,2.49475813,-2.18830032
43450088107335,0.0159789655,0.0117179078,-0.289751927,-9.17458076,2.52588275,-2.14281049
43450089095572,0.00958737992,0.0149137011,-0.296143513,-9.19373438,2.56658418,-2.09492645
43450090083809,0.00106526437,0.0170442299,-0.301469835,-9.20091698,2.57376678,-2.07816704
43450091072046,-0.0063915861,0.0170442299,-0.305730893,-9.16739816,2.60728561,-2.09013805
43450092061266,-0.0117179078,0.0191747598,-0.309991951,-9.15063875,2.65516964,-2.05183082
43450093049503,-0.0181094954,0.0234358155,-0.316383538,-9.14106194,2.68868846,-2.018312
43450094037740,-0.0255663444,0.0266316088,-0.320644595,-9.13387933,2.72699569,-2.03267721
43450095025978,-0.0330231954,0.0276968733,-0.325970917,-9.12909093,2.71502468,-2.03267721
43450096014215,-0.0436758419,0.0287621377,-0.330231975,-9.13627354,2.72938989,-2.02788881
43450097002452,-0.0543284821,0.0308926666,-0.334493033,-9.13387933,2.78685073,-2.00155259
43450097991672,-0.0649811264,0.0351537264,-0.339819355,-9.12909093,2.77248552,-1.98239897
43450098979909,-0.0735032461,0.0394147841,-0.345145677,-9.15782135,2.75333191,-1.98958158
43450099968146,-0.0820253616,0.0436758419,-0.350471966,-9.15782135,2.75812031,-2.0135236
43450100956383,-0.0926779976,0.0458063666,-0.354733024,-9.14106194,2.78206233,-2.03507141
43450101944621,-0.103330642,0.0479368955,-0.360059346,-9.13627354,2.82755216,-2.04464822
43450102932858,-0.113983286,0.0511326888,-0.365385668,-9.12669673,2.84431157,-2.05901343
43450103922078,-0.122505402,0.0543284821,-0.369646726,-9.11951412,2.82276376,-2.07577284
43450104910315,-0.133158046,0.0575242754,-0.374973048,-9.13148513,2.82036956,-2.09971486
43450105898552,-0.143810699,0.0596548043,-0.379234106,-9.15782135,2.81079275,-2.13083948
43450106886789,-0.154463343,0.0617853331,-0.383495164,-9.16500396,2.79163914,-2.1619641
43450107875027,-0.165115988,0.0628505976,-0.387756221,-9.17458076,2.80361014,-2.19787712
43450108864246,-0.17683388,0.0660463909,-0.393082544,-9.21049379,2.78685073,-2.22900175
43450109852483,-0.187486524,0.0692421842,-0.398408866,-9.18894597,2.77248552,-2.25294376
43450110840721,-0.197073904,0.0724379817,-0.402669924,-9.17458076,2.79163914,-2.25773217
43450111828958,-0.207726548,0.075633775,-0.404800452,-9.18894597,2.77966813,-2.25533796
43450112817195,-0.218379193,0.0788295683,-0.407996246,-9.20331118,2.7461493,-2.28646259
43450113805432,-0.230097102,0.0809600971,-0.411192039,-9.25837782,2.7365725,-2.29603939
43450114794652,-0.24181501,0.0852211549,-0.415453097,-9.27992563,2.72460149,-2.29843359
43450115782889,-0.253532919,0.0873516838,-0.420779419,-9.27034883,2.70305367,-2.31758721
43450116771127,-0.265250828,0.0905474687,-0.425040477,-9.28471404,2.71263048,-2.3104046
43450117759364,-0.276968737,0.0948085265,-0.42823627,-9.27992563,2.71502468,-2.3056162
43450118747601,-0.288686662,0.100134849,-0.431432063,-9.28231984,2.70065947,-2.303222
43450119735838,-0.300404571,0.104395906,-0.435693121,-9.31344446,2.68868846,-2.28406838
43450120725058,-0.313187744,0.108656964,-0.438888914,-9.29668505,2.65516964,-2.28167418
43450121713295,-0.324905653,0.112918022,-0.442084708,-9.31344446,2.61686241,-2.31519301
43450122701532,-0.336623562,0.11717908,-0.44741103,-9.32062706,2.61207401,-2.32476981
43450123689770,-0.350471966,0.122505402,-0.452737352,-9.31344446,2.5953146,-2.3056162
43450124678007,-0.364320404,0.127831724,-0.45699841,-9.32780967,2.58334359,-2.32716401
43450125666244,-0.378168842,0.133158046,-0.462324732,-9.32302126,2.58813199,-2.34871183
43450126655464,-0.38988675,0.137419104,-0.46658579,-9.33259807,2.55700737,-2.36307704
43450127643701,-0.401604659,0.142745434,-0.470846847,-9.35654009,2.53067115,-2.37744225
43450128631938,-0.415453097,0.148071757,-0.47617317,-9.3756937,2.52348855,-2.36307704
43450129620176,-0.430366799,0.152332814,-0.481499492,-9.3709053,2.49715233,-2.37265385
43450130608413,-0.443149972,0.157659137,-0.487891078,-9.39484731,2.4492683,-2.41335527
43450131596650,-0.455933145,0.161920194,-0.494282665,-9.40442412,2.42293208,-2.42293208
43450132585870,-0.468716319,0.166181252,-0.499608987,-9.3804821,2.42053788,-2.39180746
43450133574107,-0.480434227,0.171507574,-0.506000574,-9.36611689,2.39180746,-2.38701906
43450134562344,-0.494282665,0.175768615,-0.511326896,-9.36132849,2.33434662,-2.40138427
43450135550581,-0.507065838,0.180029673,-0.517718483,-9.39005891,2.303222,-2.39420166
43450136538819,-0.519849011,0.184290731,-0.525175334,-9.40202992,2.28646259,-2.39180746
43450137528038,-0.53156692,0.188551789,-0.532632185,-9.40442412,2.25054956,-2.37504805
43450138516276,-0.544350094,0.191747582,-0.539023771,-9.42357773,2.21942494,-2.35589443
43450139504513,-0.556068002,0.194943375,-0.546480622,-9.41639513,2.22181914,-2.34631763
43450140492750,-0.569916473,0.199204433,-0.552872209,-9.40202992,2.21942494,-2.34871183
43450141480987,-0.583764911,0.204530755,-0.558198531,-9.39005891,2.18351191,-2.37025964
43450142469225,-0.59548282,0.208791813,-0.563524887,-9.39724152,2.14041628,-2.36786544
43450143458444,-0.609331257,0.213052871,-0.569916473,-9.38766471,2.12605107,-2.33195242
43450144446681,-0.623179695,0.217313928,-0.578438589,-9.39005891,2.12365687,-2.34152922
43450145434919,-0.637028133,0.221574986,-0.586960704,-9.40681832,2.09971486,-2.37983645
43450146423156,-0.649811306,0.224770779,-0.593352291,-9.40681832,2.07816704,-2.40856687
43450147411393,-0.66046395,0.229031837,-0.599743877,-9.39005891,2.07816704,-2.43490309
43450148399630,-0.67005133,0.234358159,-0.6050702,-9.3732995,2.08056124,-2.4468741
43450149388850,-0.683899768,0.238619217,-0.612527051,-9.35414589,2.05183082,-2.46842191
43450150377087,-0.695617677,0.243945539,-0.618918637,-9.33259807,2.00873519,-2.49236393
43450151365324,-0.708400783,0.250337126,-0.626375488,-9.34456908,1.99436998,-2.51630594
43450152353562,-0.720118692,0.256728712,-0.632767075,-9.31823286,1.98958158,-2.55461317
43450153341799,-0.731836601,0.262055035,-0.638093397,-9.25837782,1.98479318,-2.57376678
43450154330036,-0.74355451,0.266316092,-0.642354455,-9.2320416,1.97042797,-2.5977088
43450155319256,-0.756337683,0.271642415,-0.648746042,-9.21528219,1.97042797,-2.600103
43450156307493,-0.766990327,0.276968737,-0.655137628,-9.20809958,1.97521637,-2.600103
43450157295730,-0.778708236,0.282295076,-0.659398686,-9.20570538,1.95845696,-2.6024972
43450158283968,-0.790426145,0.287621398,-0.661529215,-9.14824454,1.94888015,-2.60728561
43450159272205,-0.801078789,0.29294772,-0.663659744,-9.12669673,1.94888015,-2.63122762
43450160260442,-0.812796698,0.299339307,-0.667920801,-9.11711992,1.95606276,-2.64080443
43450161249662,-0.824514607,0.303600364,-0.672181859,-9.10275471,1.94888015,-2.64798704
43450162237899,-0.835167251,0.307861422,-0.673247124,-9.11472572,1.95845696,-2.64319863
43450163226136,-0.845819896,0.311057215,-0.675377652,-9.0883895,1.97761057,-2.66474645
43450164214373,-0.85647254,0.313187744,-0.677508181,-9.0859953,1.96803376,-2.67671746
43450165202611,-0.867125184,0.317448802,-0.680703975,-9.0883895,1.95127435,-2.66474645
43450166191830,-0.879908358,0.32170986,-0.681769239,-9.05965908,1.94409175,-2.66474645
43450167180068,-0.891626266,0.324905653,-0.680703975,-9.04768807,1.90817872,-2.65277544
43450168168305,-0.902278911,0.327036182,-0.680703975,-9.06205328,1.8818425,-2.64080443
43450169156542,-0.91399682,0.330231975,-0.680703975,-9.0859953,1.8746599,-2.65516964
43450170144779,-0.923584199,0.332362504,-0.67963871,-9.0836011,1.8818425,-2.63601603
43450171133017,-0.933171579,0.335558297,-0.678573446,-9.09796631,1.8746599,-2.60728561
43450172122236,-0.943824224,0.338754091,-0.678573446,-9.0907837,1.86268889,-2.5953146
43450173110473,-0.954476868,0.343015148,-0.677508181,-9.0883895,1.85550629,-2.58573779
43450174098711,-0.966194777,0.346210942,-0.676442917,-9.11233152,1.81480486,-2.56897838
43450175086948,-0.976847421,0.346210942,-0.675377652,-9.11233152,1.76931503,-2.56418998
43450176075185,-0.98856533,0.347276206,-0.674312388,-9.10754312,1.74058461,-2.58573779
43450177063422,-1.00028324,0.349406735,-0.674312388,-9.11951412,1.7238252,-2.60967981
43450178052642,-1.01093588,0.351537231,-0.674312388,-9.16260975,1.67594116,-2.61446821
43450179040879,-1.02052326,0.352602495,-0.672181859,-9.17936917,1.64481654,-2.61207401
43450180029117,-1.03011064,0.354733024,-0.672181859,-9.17936917,1.63045133,-2.62165082
43450181017354,-1.04076329,0.356863553,-0.671116595,-9.17697496,1.59693251,-2.63362183
43450182005591,-1.05035067,0.358994082,-0.67005133,-9.17697496,1.55144268,-2.65995804
43450182993828,-1.05993805,0.361124611,-0.667920801,-9.18415757,1.51074125,-2.70065947
43450183983048,-1.06846016,0.363255139,-0.665790273,-9.18894597,1.46764562,-2.73178409
43450184971285,-1.07804754,0.363255139,-0.663659744,-9.20809958,1.40300217,-2.75333191
43450185959522,-1.08656966,0.364320404,-0.661529215,-9.21528219,1.35990654,-2.78445653
43450186947760,-1.09402651,0.365385668,-0.661529215,-9.19612858,1.30962831,-2.79163914
43450187935997,-1.10254862,0.367516197,-0.66046395,-9.18655177,1.23780226,-2.81079275
43450188924234,-1.11107074,0.367516197,-0.659398686,-9.20091698,1.22583125,-2.85867678
43450189913454,-1.11746239,0.368581462,-0.657268157,-9.19852278,1.17555302,-2.90177241
43450190901691,-1.12385398,0.37071199,-0.655137628,-9.17697496,1.08696755,-2.93289703
43450191889928,-1.13024557,0.371777255,-0.654072364,-9.17936917,1.06063134,-2.94965645
43450192878166,-1.13663715,0.373907784,-0.651941835,-9.15542715,0.993593689,-2.99993468
43450193866403,-1.144094,0.377103577,-0.65087657,-9.10754312,0.864306799,-3.06218392
43450194855622,-1.15155086,0.379234106,-0.649811306,-9.07641849,0.701501086,-3.12443317
43450195843860,-1.15687718,0.382429899,-0.648746042,-8.99980404,0.481234534,-3.19386501
43450196832097,-1.15794244,0.386690957,-0.647680777,-8.9375548,0.277727393,-3.22977804
43450197820334,-1.16007297,0.392017279,-0.649811306,-8.92797799,0.10055647,-3.26808527
43450198808571,-1.1622035,0.397343601,-0.653007099,-8.89445917,-0.0742202515,-3.30399829
43450199796809,-1.16433403,0.402669924,-0.657268157,-8.86812295,-0.220266553,-3.3183635
43450200786028,-1.16646456,0.406930981,-0.662594479,-8.90643018,-0.313640417,-3.30878669
43450201774265,-1.16859509,0.410126775,-0.668986066,-8.97825623,-0.414196887,-3.28723888
43450202762503,-1.17072562,0.414387832,-0.675377652,-8.99501564,-0.507570752,-3.29202728
43450203750740,-1.17285614,0.416518361,-0.683899768,-9.01895765,-0.555454785,-3.29681569
43450204738977,-1.17498667,0.41864889,-0.690291355,-9.03811127,-0.644040247,-3.29681569
43450205727214,-1.1771172,0.41864889,-0.699878734,-9.02853446,-0.70628949,-3.3207577
43450206716434,-1.180313,0.419714155,-0.708400783,-9.03811127,-0.727837305,-3.37582434
43450207704671,-1.18350879,0.421844683,-0.716922899,-9.04050547,-0.682347473,-3.42849678
43450208692909,-1.18563932,0.425040477,-0.725445014,-9.10993732,-0.507570752,-3.48835182
43450209681146,-1.18563932,0.426105741,-0.732901865,-9.14585034,-0.313640417,-3.50271703
43450210669383,-1.18776985,0.430366799,-0.740358716,-9.19134017,-0.0550666382,-3.51708224
43450211657620,-1.18990038,0.435693121,-0.746750303,-9.24401261,0.234631763,-3.50989963
43450212646840,-1.1920309,0.439954179,-0.751011361,-9.28950244,0.469263525,-3.47398661
43450213635077,-1.19416143,0.442084708,-0.752076625,-9.34217488,0.665588062,-3.39976636
43450214623314,-1.1952267,0.443149972,-0.755272419,-9.33020387,0.797269153,-3.26329686
43450215611552,-1.19735723,0.444215237,-0.756337683,-9.30626185,0.888248816,-3.16034619
43450216599789,-1.19842249,0.446345765,-0.757402947,-9.28710824,0.921767639,-3.06936653
43450217588026,-1.20161828,0.448476294,-0.757402947,-9.26077202,0.924161841,-2.96881006
43450218577246,-1.20800987,0.450606823,-0.756337683,-9.2272532,0.907402429,-2.8826188
43450219565483,-1.21653199,0.452737352,-0.756337683,-9.20809958,0.816422766,-2.80361014
43450220553720,-1.2250541,0.454867881,-0.755272419,-9.19373438,0.768538733,-2.75333191
43450221541958,-1.23251095,0.455933145,-0.754207154,-9.18655177,0.708683691,-2.71263048
43450222530195,-1.2399678,0.45699841,-0.755272419,-9.17458076,0.60573302,-2.65516964
43450223519414,-1.24955518,0.459128939,-0.755272419,-9.18655177,0.531512769,-2.64319863
43450224507652,-1.25914256,0.460194203,-0.754207154,-9.19612858,0.483628735,-2.65277544
43450225495889,-1.26659941,0.461259468,-0.755272419,-9.21528219,0.509964954,-2.70065947
43450226484126,-1.27405627,0.462324732,-0.756337683,-9.24880101,0.486022937,-2.71502468
43450227472363,-1.28151312,0.463389996,-0.757402947,-9.26556042,0.478840332,-2.78445653
43450228460601,-1.28896997,0.462324732,-0.758468212,-9.29429084,0.507570752,-2.87543619
43450229449820,-1.29642682,0.462324732,-0.759533476,-9.32780967,0.509964954,-2.8874072
43450230438058,-1.30388367,0.462324732,-0.760598741,-9.36132849,0.557848987,-2.94247384
43450231426295,-1.30814473,0.461259468,-0.76272927,-9.39484731,0.59136781,-2.95205065
43450232414532,-1.31347105,0.461259468,-0.765925063,-9.41160673,0.651222852,-2.96162745
43450233402769,-1.31773211,0.460194203,-0.768055592,-9.40921252,0.701501086,-2.99514628
43450234391007,-1.31986264,0.461259468,-0.769120856,-9.40442412,0.687135876,-2.99754048
43450235380226,-1.32305843,0.460194203,-0.769120856,-9.40921252,0.727837305,-3.01429989
43450236368463,-1.32838475,0.460194203,-0.769120856,-9.40202992,0.751779321,-2.98796367
43450237356701,-1.33158055,0.459128939,-0.770186121,-9.3685111,0.711077893,-2.95683905
43450238344938,-1.33371107,0.45699841,-0.771251385,-9.35175168,0.69192428,-2.97120426
43450239333175,-1.33797213,0.455933145,-0.771251385,-9.35414589,0.66319386,-2.99514628
43450240321412,-1.34223319,0.454867881,-0.770186121,-9.48343278,0.538695374,-2.86346519
43450241310632,-1.34649425,0.452737352,-0.769120856,-9.8114384,0.356736047,-2.55940157
43450242298869,-1.34542898,0.446345765,-0.764859798,-10.4459018,-0.0263362183,-1.90817872
43450243287107,-1.33797213,0.430366799,-0.758468212,-11.3197854,-0.799663354,-1.18034142
43450244275344,-1.32731949,0.403735188,-0.748880832,-12.1793038,-1.7286136,-0.998382092
43450245263581,-1.31666684,0.369646726,-0.737162923,-12.7874311,-2.52588275,-1.49877024
43450246251818,-1.30707946,0.339819355,-0.722249221,-12.8544687,-2.86107098,-2.66714065
43450247241038,-1.29749208,0.319579331,-0.702009197,-12.3540806,-2.63601603,-3.73495459
43450248229275,-1.28470891,0.311057215,-0.677508181,-11.7220113,-2.1667525,-4.00549938
43450249217512,-1.26659941,0.309991951,-0.655137628,-11.291055,-1.71664259,-3.73016619
43450250205750,-1.24422886,0.306796158,-0.637028133,-10.9486842,-1.21625444,-3.62482131
43450251193987,-1.22931516,0.299339307,-0.623179695,-10.7260234,-0.830787976,-3.86902988
43450252183206,-1.22079304,0.290817191,-0.609331257,-10.601525,-0.636857642,-4.16351669
43450253171444,-1.21972778,0.287621398,-0.592287026,-10.6206786,-0.474051929,-4.38378324
43450254159681,-1.21972778,0.288686662,-0.572047002,-10.7978495,-0.414196887,-4.4699745
43450255147918,-1.22079304,0.288686662,-0.548611151,-10.9965682,-0.483628735,-4.36462963
43450256136155,-1.22398884,0.285490869,-0.523044805,-11.1234609,-0.641646045,-4.17309349
43450257124393,-1.22931516,0.282295076,-0.498543723,-11.1378261,-0.76375033,-4.13478627
43450258113612,-1.23677201,0.274838208,-0.475107905,-11.1138841,-0.802057556,-4.15872828
43450259101850,-1.24529413,0.266316092,-0.454867881,-11.0779711,-0.842758984,-4.08929644
43450260090087,-1.25381624,0.255663448,-0.435693121,-11.018116,-0.883460413,-3.97198055
43450261078324,-1.26233836,0.245010804,-0.417583626,-10.9127712,-0.866701001,-3.92409652
43450262066561,-1.27086047,0.234358159,-0.400539395,-10.7595423,-0.878672009,-3.94803854
43450263054799,-1.28044785,0.221574986,-0.383495164,-10.6230728,-0.916979236,-3.97437476
43450264044018,-1.28896997,0.210922342,-0.366450933,-10.4818149,-0.924161841,-4.00071097
43450265032255,-1.29749208,0.203465491,-0.351537231,-10.3261918,-0.957680664,-4.07014282
43450266020493,-1.30494893,0.198139168,-0.338754091,-10.2160585,-1.02471831,-4.16112249
43450267008730,-1.31240579,0.190682317,-0.328101446,-10.1178962,-1.07260234,-4.23294854
43450267996967,-1.3209279,0.180029673,-0.318514066,-9.97184991,-1.07020814,-4.3311108
43450268985204,-1.33051528,0.169377045,-0.31212248,-9.78031378,-1.00077629,-4.41490786
43450269974424,-1.33797213,0.162985459,-0.304665629,-9.63905588,-0.936132849,-4.41969626
43450270962661,-1.34329845,0.159789665,-0.297208778,-9.54807622,-0.912190833,-4.31435139
43450271950899,-1.34755951,0.156593872,-0.289751927,-9.46188496,-0.871489404,-4.12999786
43450272939136,-1.34969004,0.153398079,-0.284425604,-9.39245311,-0.847547388,-3.95761534
43450273927373,-1.34969004,0.150202285,-0.278034001,-9.35175168,-0.854729993,-3.78523282
43450274915610,-1.34755951,0.148071757,-0.271642415,-9.31823286,-0.821211169,-3.62960972
43450275904830,-1.34329845,0.145941228,-0.265250828,-9.27034883,-0.818816968,-3.49314022
43450276893067,-1.33371107,0.143810699,-0.258859241,-9.29668505,-0.842758984,-3.30399829
43450277881304,-1.32199317,0.140614906,-0.253532919,-9.35414589,-0.873883606,-3.09330854
43450278869542,-1.31134052,0.139549633,-0.248206597,-9.41160673,-0.909796631,-2.92092603
43450279857779,-1.29642682,0.137419104,-0.245010804,-9.47864437,-0.950498059,-2.76530292
43450280846999,-1.27831732,0.134223311,-0.242880275,-9.53371101,-0.979228479,-2.62883342
43450281835236,-1.25914256,0.131027517,-0.239684481,-9.55765303,-0.991199487,-2.49236393
43450282823473,-1.2399678,0.12676646,-0.237553953,-9.58877765,-1.03190092,-2.38941326
43450283811710,-1.22079304,0.121440137,-0.237553953,-9.65342109,-1.03908352,-2.33674082
43450284799948,-1.20161828,0.11717908,-0.238619217,-9.70130513,-1.02950671,-2.26012637
43450285788185,-1.18137826,0.109722229,-0.239684481,-9.73721815,-1.06541974,-2.22900175
43450286777404,-1.16007297,0.102265378,-0.240749746,-9.80665,-1.13724579,-2.24097275
43450287765642,-1.14196348,0.0948085265,-0.242880275,-9.84974563,-1.19231243,-2.24815536
43450288753879,-1.12278872,0.0862864193,-0.245010804,-9.86411084,-1.22343705,-2.32476981
43450289742116,-1.10361389,0.0766990394,-0.249271861,-9.89523546,-1.26174427,-2.38701906
43450290730353,-1.08443913,0.0671116553,-0.253532919,-9.88087025,-1.28329209,-2.37504805
43450291718591,-1.06632963,0.0575242754,-0.258859241,-9.83059202,-1.28568629,-2.39420166
43450292707810,-1.0492854,0.046871631,-0.265250828,-9.76594857,-1.25695587,-2.4564509
43450293696048,-1.0343717,0.0351537264,-0.271642415,-9.68693992,-1.20188923,-2.52827695
43450294684285,-1.02052326,0.0245010799,-0.278034001,-9.59356605,-1.12288058,-2.58573779
43450295672522,-1.00987062,0.0149137011,-0.285490869,-9.45709656,-1.04387192,-2.62643922
43450296660759,-1.0013485,0.0063915861,-0.290817191,-9.29907925,-1.02232411,-2.74854351
43450297648997,-0.993891652,0,-0.295078249,-9.17458076,-0.974440076,-2.8802246
43450298638216,-0.98856533,-0.00426105748,-0.298274042,-9.10036051,-0.916979236,-2.95444485
43450299626453,-0.983239008,-0.00852211497,-0.301469835,-9.03092866,-0.881066211,-3.06936653
43450300614691,-0.980043215,-0.0117179078,-0.305730893,-8.95431421,-0.859518396,-3.19386501
43450301602928,-0.977912686,-0.0138484366,-0.307861422,-8.92318959,-0.849941589,-3.30639249
43450302591165,-0.976847421,-0.0127831722,-0.309991951,-8.88488236,-0.802057556,-3.39737216
43450303580385,-0.976847421,-0.00958737992,-0.313187744,-8.76756648,-0.74938512,-3.51708224
43450304568622,-0.977912686,-0.0063915861,-0.314253009,-8.71249984,-0.70628949,-3.67031115
43450305556859,-0.977912686,-0.00319579305,-0.315318273,-8.72925925,-0.67755907,-3.77565602
43450306545096,-0.980043215,0,-0.317448802,-8.64067379,-0.679953271,-3.82354005
43450307533334,-0.983239008,0.0063915861,-0.318514066,-8.63109698,-0.66319386,-3.90733711
43450308521571,-0.986434801,0.0138484366,-0.319579331,-8.68137522,-0.608127222,-3.96479795
43450309510791,-0.989630594,0.0223705511,-0.322775124,-8.67179841,-0.59136781,-3.96719215
43450310499028,-0.996022181,0.0308926666,-0.325970917,-8.6502506,-0.56263739,-4.01268198
43450311487265,-1.0013485,0.0383495197,-0.327036182,-8.61433757,-0.567425793,-4.00789358
43450312475502,-1.00667483,0.046871631,-0.328101446,-8.63349119,-0.574608398,-3.96719215
43450313463740,-1.01306641,0.0564590109,-0.329166711,-8.66940421,-0.553060583,-3.95282694
43450314451977,-1.02052326,0.0649811264,-0.330231975,-8.70052883,-0.553060583,-3.92170232
43450315441196,-1.02691485,0.0735032461,-0.333427768,-8.70531724,-0.53390697,-3.86424148
43450316429434,-1.03330644,0.0820253616,-0.334493033,-8.73644186,-0.538695374,-3.83551106
43450317417671,-1.03969802,0.0894822043,-0.335558297,-8.7939027,-0.555454785,-3.80678064
43450318405908,-1.04822014,0.0958737909,-0.337688826,-8.84418093,-0.572214197,-3.77086761
43450319394145,-1.05780752,0.101200113,-0.34088462,-8.89206497,-0.560243188,-3.74213719
43450320382383,-1.06632963,0.105461171,-0.344080413,-8.9375548,-0.567425793,-3.70622417
43450321371602,-1.07378648,0.109722229,-0.345145677,-9.00459244,-0.603338818,-3.62721552
43450322359840,-1.07911281,0.113983286,-0.346210942,-9.05487068,-0.615309827,-3.57693728
43450323348077,-1.08443913,0.115048551,-0.348341471,-9.10036051,-0.60573302,-3.55538947
43450324336314,-1.09083072,0.115048551,-0.351537231,-9.13148513,-0.639251843,-3.52426484
43450325324551,-1.09615704,0.116113815,-0.352602495,-9.16500396,-0.699106885,-3.50989963
43450326312789,-1.10148336,0.11717908,-0.352602495,-9.19134017,-0.708683691,-3.49553442
43450327302008,-1.10574442,0.116113815,-0.351537231,-9.18415757,-0.73501991,-3.54341846
43450328290245,-1.11000548,0.115048551,-0.349406735,-9.17697496,-0.775721338,-3.58411989
43450329278483,-1.11107074,0.113983286,-0.346210942,-9.19373438,-0.768538733,-3.57933148
43450330266720,-1.11000548,0.113983286,-0.344080413,-9.24640681,-0.790086548,-3.6104561
43450331254957,-1.10787495,0.112918022,-0.341949884,-9.27513723,-0.818816968,-3.64158073
43450332244177,-1.10467915,0.112918022,-0.339819355,-9.29907925,-0.842758984,-3.63200392
43450333232414,-1.10148336,0.115048551,-0.335558297,-9.34456908,-0.854729993,-3.63439812
43450334220651,-1.0972223,0.115048551,-0.333427768,-9.35893429,-0.852335791,-3.63918652
43450335208889,-1.09296124,0.112918022,-0.330231975,-9.38287631,-0.861912598,-3.61763871
43450336197126,-1.08763492,0.111852757,-0.325970917,-9.42836614,-0.849941589,-3.58651409
43450337185363,-1.08124334,0.110787493,-0.32170986,-9.47625017,-0.861912598,-3.56257207
43450338174583,-1.07378648,0.110787493,-0.317448802,-9.50019219,-0.893037219,-3.54581266
43450339162820,-1.06632963,0.109722229,-0.314253009,-9.50498059,-0.905008228,-3.54820686
43450340151057,-1.05780752,0.1075917,-0.31212248,-9.53371101,-0.909796631,-3.54341846
43450341139294,-1.05035067,0.105461171,-0.308926686,-9.53610521,-0.907402429,-3.51229384
43450342127532,-1.04289382,0.103330642,-0.306796158,-9.52652841,-0.890643018,-3.48595762
43450343115769,-1.03543697,0.102265378,-0.303600364,-9.54089362,-0.893037219,-3.466804
43450344104989,-1.02691485,0.101200113,-0.301469835,-9.56962404,-0.893037219,-3.47398661
43450345093226,-1.019458,0.102265378,-0.300404571,-9.58877765,-0.873883606,-3.4620156
43450346081463,-1.01093588,0.101200113,-0.298274042,-9.54328782,-0.828393774,-3.43807358
43450347069700,-1.00347903,0.100134849,-0.295078249,-9.52174,-0.76375033,-3.44046779
43450348057938,-0.996022181,0.101200113,-0.29294772,-9.54568202,-0.73501991,-3.42610258
43450349046175,-0.989630594,0.103330642,-0.291882455,-9.52174,-0.715866296,-3.43807358
43450350035394,-0.983239008,0.101200113,-0.290817191,-9.48582698,-0.66319386,-3.44046779
43450351023632,-0.976847421,0.0990695842,-0.288686662,-9.43794294,-0.617704028,-3.38540115
43450352011869,-0.971521099,0.0980043198,-0.284425604,-9.3732995,-0.600944617,-3.35427653
43450353000106,-0.966194777,0.0980043198,-0.282295076,-9.35175168,-0.5770026,-3.34948812
43450353988343,-0.960868455,0.0980043198,-0.279099266,-9.35893429,-0.553060583,-3.34948812
43450354976581,-0.956607397,0.0980043198,-0.275903472,-9.35175168,-0.545877979,-3.35906493
43450355965800,-0.952346339,0.0980043198,-0.273772943,-9.31583866,-0.538695374,-3.33991132
43450356954037,-0.949150546,0.0990695842,-0.27057715,-9.27513723,-0.509964954,-3.33751711
43450357942275,-0.947020017,0.100134849,-0.267381357,-9.26556042,-0.507570752,-3.37103594
43450358930512,-0.942758959,0.101200113,-0.265250828,-9.27992563,-0.521935962,-3.39976636
43450359918749,-0.938497902,0.102265378,-0.264185563,-9.28231984,-0.471657727,-3.41173737
43450360907969,-0.935302108,0.102265378,-0.26098977,-9.28231984,-0.454898315,-3.42370837
43450361896206,-0.934236844,0.101200113,-0.258859241,-9.30147345,-0.459686719,-3.4572272
43450362884443,-0.933171579,0.103330642,-0.255663448,-9.29668505,-0.445321509,-3.48835182
43450363872681,-0.929975786,0.104395906,-0.252467655,-9.28471404,-0.418985291,-3.48835182
43450364860918,-0.925714728,0.104395906,-0.25140239,-9.27753143,-0.397437476,-3.49553442
43450365849155,-0.922518935,0.104395906,-0.249271861,-9.27513723,-0.414196887,-3.51708224
43450366838375,-0.920388406,0.104395906,-0.248206597,-9.29668505,-0.423773694,-3.51708224
43450367826612,-0.918257877,0.104395906,-0.246076068,-9.31583866,-0.423773694,-3.49792863
43450368814849,-0.915062084,0.105461171,-0.242880275,-9.32062706,-0.399831677,-3.48116921
43450369803086,-0.910801026,0.105461171,-0.240749746,-9.31105026,-0.392649072,-3.48356342
43450370791324,-0.907605233,0.105461171,-0.237553953,-9.31105026,-0.402225879,-3.47398661
43450371779561,-0.905474704,0.106526435,-0.235423424,-9.30147345,-0.409408484,-3.454833
43450372768781,-0.903344175,0.106526435,-0.23222763,-9.32541547,-0.416591089,-3.44525619
43450373757018,-0.900148382,0.104395906,-0.229031837,-9.36372269,-0.409408484,-3.43567938
43450374745255,-0.896952589,0.102265378,-0.226901308,-9.36132849,-0.404620081,-3.42610258
43450375733492,-0.89482206,0.100134849,-0.223705515,-9.38766471,-0.421379492,-3.43807358
43450376721730,-0.891626266,0.0990695842,-0.220509722,-9.44512555,-0.44771571,-3.454833
43450377709967,-0.888430473,0.0969390554,-0.217313928,-9.45709656,-0.442927307,-3.43807358
43450378699186,-0.88523468,0.0948085265,-0.214118135,-9.46188496,-0.454898315,-3.42849678
43450379687424,-0.882038886,0.0926779976,-0.209857077,-9.50976899,-0.47644613,-3.42131417
43450380675661,-0.878843093,0.0916127332,-0.206661284,-9.52174,-0.47644613,-3.41173737
43450381663898,-0.876712564,0.0905474687,-0.204530755,-9.52174,-0.49081134,-3.40455476
43450382652135,-0.873516771,0.0884169399,-0.202400226,-9.53371101,-0.517147559,-3.38540115
43450383640373,-0.870320978,0.0862864193,-0.200269697,-9.52652841,-0.543483777,-3.38061274
