#seq,cam,ts_ns,file
0,0,87854683185000,c0_000000.gray
0,2,87854683196000,c2_000000.gray
1,0,87854702183000,c0_000001.gray
1,2,87854702196000,c2_000001.gray
2,0,87854716586000,c0_000002.gray
2,2,87854716645000,c2_000002.gray
3,0,87854735522000,c0_000003.gray
3,2,87854735534000,c2_000003.gray
4,0,87854749856000,c0_000004.gray
4,2,87854749869000,c2_000004.gray
5,0,87854768857000,c0_000005.gray
5,2,87854768870000,c2_000005.gray
6,0,87854783192000,c0_000006.gray
6,2,87854783209000,c2_000006.gray
7,0,87854802186000,c0_000007.gray
7,2,87854802201000,c2_000007.gray
13,0,87854983186000,c0_000013.gray
13,2,87854983200000,c2_000013.gray
20,0,87855002260000,c0_000020.gray
20,2,87855002314000,c2_000020.gray
25,0,87855016524000,c0_000025.gray
25,2,87855016538000,c2_000025.gray
32,0,87855035519000,c0_000032.gray
32,2,87855035534000,c2_000032.gray
37,0,87855049858000,c0_000037.gray
37,2,87855049870000,c2_000037.gray
43,0,87855068859000,c0_000043.gray
43,2,87855068877000,c2_000043.gray
48,0,87855083193000,c0_000048.gray
48,2,87855083205000,c2_000048.gray
56,0,87855102190000,c0_000056.gray
56,2,87855102208000,c2_000056.gray
62,0,87855116528000,c0_000062.gray
62,2,87855116545000,c2_000062.gray
70,0,87855135523000,c0_000070.gray
70,2,87855135539000,c2_000070.gray
76,0,87855149860000,c0_000076.gray
76,2,87855149878000,c2_000076.gray
84,0,87855168853000,c0_000084.gray
84,2,87855168869000,c2_000084.gray
89,2,87855183197000,c2_000089.gray
90,0,87855183187000,c0_000090.gray
98,0,87855202185000,c0_000098.gray
98,2,87855202199000,c2_000098.gray
103,0,87855216523000,c0_000103.gray
103,2,87855216537000,c2_000103.gray
111,0,87855235519000,c0_000111.gray
111,2,87855235533000,c2_000111.gray
117,0,87855249855000,c0_000117.gray
117,2,87855249870000,c2_000117.gray
125,0,87855268852000,c0_000125.gray
125,2,87855268870000,c2_000125.gray
131,0,87855283188000,c0_000131.gray
131,2,87855283197000,c2_000131.gray
139,0,87855302186000,c0_000139.gray
139,2,87855302199000,c2_000139.gray
144,0,87855316523000,c0_000144.gray
144,2,87855316535000,c2_000144.gray
152,0,87855335558000,c0_000152.gray
152,2,87855335649000,c2_000152.gray
155,0,87855349871000,c0_000155.gray
155,2,87855349893000,c2_000155.gray
163,0,87855368859000,c0_000163.gray
163,2,87855368874000,c2_000163.gray
169,0,87855383257000,c0_000169.gray
169,2,87855383306000,c2_000169.gray
176,0,87855402190000,c0_000176.gray
176,2,87855402205000,c2_000176.gray
182,0,87855416527000,c0_000182.gray
182,2,87855416540000,c2_000182.gray
190,0,87855435525000,c0_000190.gray
190,2,87855435541000,c2_000190.gray
196,0,87855449861000,c0_000196.gray
196,2,87855449874000,c2_000196.gray
204,0,87855468861000,c0_000204.gray
204,2,87855468875000,c2_000204.gray
209,0,87855483195000,c0_000209.gray
209,2,87855483211000,c2_000209.gray
217,0,87855502187000,c0_000217.gray
217,2,87855502201000,c2_000217.gray
223,0,87855516522000,c0_000223.gray
223,2,87855516534000,c2_000223.gray
231,0,87855535521000,c0_000231.gray
231,2,87855535534000,c2_000231.gray
237,0,87855549860000,c0_000237.gray
237,2,87855549875000,c2_000237.gray
245,0,87855568855000,c0_000245.gray
245,2,87855568869000,c2_000245.gray
251,0,87855583192000,c0_000251.gray
251,2,87855583206000,c2_000251.gray
259,0,87855602188000,c0_000259.gray
259,2,87855602201000,c2_000259.gray
265,0,87855616524000,c0_000265.gray
265,2,87855616539000,c2_000265.gray
273,0,87855635521000,c0_000273.gray
273,2,87855635535000,c2_000273.gray
278,0,87855649859000,c0_000278.gray
278,2,87855649873000,c2_000278.gray
286,0,87855668854000,c0_000286.gray
286,2,87855668868000,c2_000286.gray
291,0,87855683242000,c0_000291.gray
291,2,87855683272000,c2_000291.gray
298,0,87855702223000,c0_000298.gray
298,2,87855702266000,c2_000298.gray
304,0,87855716572000,c0_000304.gray
304,2,87855716617000,c2_000304.gray
311,0,87855735552000,c0_000311.gray
311,2,87855735652000,c2_000311.gray
316,0,87855749865000,c0_000316.gray
316,2,87855749882000,c2_000316.gray
324,0,87855768860000,c0_000324.gray
324,2,87855768873000,c2_000324.gray
330,0,87855783199000,c0_000330.gray
330,2,87855783218000,c2_000330.gray
337,0,87855802196000,c0_000337.gray
337,2,87855802214000,c2_000337.gray
343,0,87855816531000,c0_000343.gray
343,2,87855816547000,c2_000343.gray
351,0,87855835523000,c0_000351.gray
351,2,87855835537000,c2_000351.gray
357,0,87855849858000,c0_000357.gray
357,2,87855849870000,c2_000357.gray
365,0,87855868857000,c0_000365.gray
365,2,87855868869000,c2_000365.gray
371,0,87855883192000,c0_000371.gray
371,2,87855883206000,c2_000371.gray
379,0,87855902189000,c0_000379.gray
379,2,87855902203000,c2_000379.gray
385,0,87855916526000,c0_000385.gray
385,2,87855916540000,c2_000385.gray
393,0,87855935522000,c0_000393.gray
393,2,87855935534000,c2_000393.gray
398,0,87855949859000,c0_000398.gray
398,2,87855949871000,c2_000398.gray
406,0,87855968857000,c0_000406.gray
406,2,87855968871000,c2_000406.gray
412,0,87855983236000,c0_000412.gray
412,2,87855983248000,c2_000412.gray
420,0,87856002189000,c0_000420.gray
420,2,87856002202000,c2_000420.gray
424,0,87856016569000,c0_000424.gray
424,2,87856016606000,c2_000424.gray
430,0,87856035523000,c0_000430.gray
430,2,87856035535000,c2_000430.gray
436,0,87856049864000,c0_000436.gray
436,2,87856049878000,c2_000436.gray
444,0,87856068910000,c0_000444.gray
444,2,87856068965000,c2_000444.gray
447,0,87856083198000,c0_000447.gray
447,2,87856083212000,c2_000447.gray
455,0,87856102198000,c0_000455.gray
455,2,87856102215000,c2_000455.gray
460,0,87856116534000,c0_000460.gray
460,2,87856116552000,c2_000460.gray
468,0,87856135531000,c0_000468.gray
468,2,87856135548000,c2_000468.gray
474,0,87856149866000,c0_000474.gray
474,2,87856149882000,c2_000474.gray
482,0,87856168859000,c0_000482.gray
482,2,87856168873000,c2_000482.gray
487,0,87856183194000,c0_000487.gray
487,2,87856183209000,c2_000487.gray
496,0,87856202191000,c0_000496.gray
496,2,87856202204000,c2_000496.gray
501,0,87856216529000,c0_000501.gray
501,2,87856216543000,c2_000501.gray
509,0,87856235523000,c0_000509.gray
509,2,87856235538000,c2_000509.gray
515,0,87856249861000,c0_000515.gray
515,2,87856249875000,c2_000515.gray
523,0,87856268901000,c0_000523.gray
523,2,87856268914000,c2_000523.gray
529,0,87856283196000,c0_000529.gray
529,2,87856283210000,c2_000529.gray
537,0,87856302191000,c0_000537.gray
537,2,87856302206000,c2_000537.gray
542,0,87856316529000,c0_000542.gray
542,2,87856316545000,c2_000542.gray
550,0,87856335525000,c0_000550.gray
550,2,87856335539000,c2_000550.gray
556,0,87856349861000,c0_000556.gray
556,2,87856349875000,c2_000556.gray
563,0,87856368859000,c0_000563.gray
563,2,87856368873000,c2_000563.gray
569,0,87856383197000,c0_000569.gray
569,2,87856383207000,c2_000569.gray
577,0,87856402192000,c0_000577.gray
577,2,87856402204000,c2_000577.gray
583,0,87856416551000,c0_000583.gray
583,2,87856416655000,c2_000583.gray
590,0,87856435533000,c0_000590.gray
590,2,87856435551000,c2_000590.gray
596,0,87856449875000,c0_000596.gray
596,2,87856449892000,c2_000596.gray
604,0,87856468867000,c0_000604.gray
604,2,87856468885000,c2_000604.gray
609,0,87856483201000,c0_000609.gray
609,2,87856483212000,c2_000609.gray
617,0,87856502199000,c0_000617.gray
617,2,87856502215000,c2_000617.gray
623,0,87856516529000,c0_000623.gray
623,2,87856516541000,c2_000623.gray
631,0,87856535527000,c0_000631.gray
631,2,87856535539000,c2_000631.gray
637,0,87856549861000,c0_000637.gray
637,2,87856549871000,c2_000637.gray
645,0,87856568861000,c0_000645.gray
645,2,87856568876000,c2_000645.gray
651,0,87856583196000,c0_000651.gray
651,2,87856583209000,c2_000651.gray
659,0,87856602215000,c0_000659.gray
659,2,87856602228000,c2_000659.gray
664,0,87856616529000,c0_000664.gray
664,2,87856616542000,c2_000664.gray
672,0,87856635540000,c0_000672.gray
672,2,87856635553000,c2_000672.gray
678,0,87856649956000,c0_000678.gray
678,2,87856649968000,c2_000678.gray
686,0,87856668862000,c0_000686.gray
686,2,87856668878000,c2_000686.gray
691,0,87856683198000,c0_000691.gray
691,2,87856683212000,c2_000691.gray
698,0,87856702238000,c0_000698.gray
698,2,87856702300000,c2_000698.gray
703,0,87856716531000,c0_000703.gray
703,2,87856716544000,c2_000703.gray
711,0,87856735528000,c0_000711.gray
711,2,87856735542000,c2_000711.gray
715,0,87856749899000,c0_000715.gray
715,2,87856749947000,c2_000715.gray
721,0,87856768866000,c0_000721.gray
721,2,87856768879000,c2_000721.gray
727,0,87856783203000,c0_000727.gray
727,2,87856783221000,c2_000727.gray
734,0,87856802202000,c0_000734.gray
734,2,87856802218000,c2_000734.gray
740,0,87856816537000,c0_000740.gray
740,2,87856816554000,c2_000740.gray
748,0,87856835533000,c0_000748.gray
748,2,87856835551000,c2_000748.gray
754,0,87856849865000,c0_000754.gray
754,2,87856849880000,c2_000754.gray
762,0,87856868863000,c0_000762.gray
762,2,87856868877000,c2_000762.gray
768,0,87856883199000,c0_000768.gray
768,2,87856883214000,c2_000768.gray
776,0,87856902194000,c0_000776.gray
776,2,87856902208000,c2_000776.gray
782,0,87856916547000,c0_000782.gray
782,2,87856916560000,c2_000782.gray
790,0,87856935528000,c0_000790.gray
790,2,87856935540000,c2_000790.gray
795,0,87856949866000,c0_000795.gray
795,2,87856949878000,c2_000795.gray
803,0,87856968864000,c0_000803.gray
803,2,87856968879000,c2_000803.gray
807,0,87856983202000,c0_000807.gray
807,2,87856983217000,c2_000807.gray
815,0,87857002196000,c0_000815.gray
815,2,87857002210000,c2_000815.gray
821,0,87857016532000,c0_000821.gray
821,2,87857016544000,c2_000821.gray
829,0,87857035572000,c0_000829.gray
829,2,87857035588000,c2_000829.gray
832,0,87857049869000,c0_000832.gray
832,2,87857049885000,c2_000832.gray
840,0,87857068865000,c0_000840.gray
840,2,87857068877000,c2_000840.gray
845,0,87857083260000,c0_000845.gray
845,2,87857083321000,c2_000845.gray
852,0,87857102202000,c0_000852.gray
852,2,87857102217000,c2_000852.gray
858,0,87857116539000,c0_000858.gray
858,2,87857116551000,c2_000858.gray
866,0,87857135537000,c0_000866.gray
866,2,87857135553000,c2_000866.gray
871,0,87857149872000,c0_000871.gray
871,2,87857149884000,c2_000871.gray
879,0,87857168867000,c0_000879.gray
879,2,87857168883000,c2_000879.gray
885,0,87857183205000,c0_000885.gray
885,2,87857183221000,c2_000885.gray
893,0,87857202197000,c0_000893.gray
893,2,87857202212000,c2_000893.gray
899,0,87857216534000,c0_000899.gray
899,2,87857216546000,c2_000899.gray
907,0,87857235530000,c0_000907.gray
907,2,87857235542000,c2_000907.gray
913,0,87857249867000,c0_000913.gray
913,2,87857249881000,c2_000913.gray
921,0,87857268865000,c0_000921.gray
921,2,87857268877000,c2_000921.gray
927,0,87857283233000,c0_000927.gray
927,2,87857283264000,c2_000927.gray
935,0,87857302198000,c0_000935.gray
935,2,87857302212000,c2_000935.gray
940,0,87857316534000,c0_000940.gray
940,2,87857316549000,c2_000940.gray
948,0,87857335532000,c0_000948.gray
948,2,87857335546000,c2_000948.gray
954,0,87857349868000,c0_000954.gray
954,2,87857349882000,c2_000954.gray
962,0,87857368874000,c0_000962.gray
962,2,87857368887000,c2_000962.gray
966,0,87857383264000,c0_000966.gray
966,2,87857383335000,c2_000966.gray
972,0,87857402198000,c0_000972.gray
972,2,87857402217000,c2_000972.gray
978,0,87857416539000,c0_000978.gray
978,2,87857416555000,c2_000978.gray
984,0,87857435536000,c0_000984.gray
984,2,87857435552000,c2_000984.gray
989,0,87857449875000,c0_000989.gray
989,2,87857449894000,c2_000989.gray
997,0,87857468871000,c0_000997.gray
997,2,87857468883000,c2_000997.gray
1003,0,87857483209000,c0_001003.gray
1003,2,87857483226000,c2_001003.gray
1011,0,87857502206000,c0_001011.gray
1011,2,87857502224000,c2_001011.gray
1017,0,87857516540000,c0_001017.gray
1017,2,87857516557000,c2_001017.gray
1024,0,87857535532000,c0_001024.gray
1024,2,87857535544000,c2_001024.gray
1030,0,87857549869000,c0_001030.gray
1030,2,87857549882000,c2_001030.gray
1038,0,87857568867000,c0_001038.gray
1038,2,87857568881000,c2_001038.gray
1044,0,87857583203000,c0_001044.gray
1044,2,87857583217000,c2_001044.gray
1052,0,87857602198000,c0_001052.gray
1052,2,87857602212000,c2_001052.gray
1058,0,87857616534000,c0_001058.gray
1058,2,87857616548000,c2_001058.gray
1066,0,87857635533000,c0_001066.gray
1066,2,87857635546000,c2_001066.gray
1072,0,87857649870000,c0_001072.gray
1072,2,87857649884000,c2_001072.gray
1080,0,87857668864000,c0_001080.gray
1080,2,87857668873000,c2_001080.gray
1085,0,87857683204000,c0_001085.gray
1085,2,87857683219000,c2_001085.gray
1093,0,87857702198000,c0_001093.gray
1093,2,87857702213000,c2_001093.gray
1098,0,87857716537000,c0_001098.gray
1098,2,87857716551000,c2_001098.gray
1104,0,87857735533000,c0_001104.gray
1104,2,87857735547000,c2_001104.gray
1110,0,87857749873000,c0_001110.gray
1110,2,87857749889000,c2_001110.gray
1117,0,87857768866000,c0_001117.gray
1117,2,87857768880000,c2_001117.gray
1123,0,87857783209000,c0_001123.gray
1123,2,87857783227000,c2_001123.gray
1131,0,87857802206000,c0_001131.gray
1131,2,87857802218000,c2_001131.gray
1137,0,87857816544000,c0_001137.gray
1137,2,87857816560000,c2_001137.gray
1144,0,87857835537000,c0_001144.gray
1144,2,87857835550000,c2_001144.gray
1150,0,87857849874000,c0_001150.gray
1150,2,87857849888000,c2_001150.gray
1158,0,87857868872000,c0_001158.gray
1158,2,87857868889000,c2_001158.gray
1164,0,87857883207000,c0_001164.gray
1164,2,87857883223000,c2_001164.gray
1172,0,87857902204000,c0_001172.gray
1172,2,87857902219000,c2_001172.gray
1178,0,87857916538000,c0_001178.gray
1178,2,87857916551000,c2_001178.gray
1186,0,87857935534000,c0_001186.gray
1186,2,87857935547000,c2_001186.gray
1192,0,87857949871000,c0_001192.gray
1192,2,87857949884000,c2_001192.gray
1200,0,87857968867000,c0_001200.gray
1200,2,87857968881000,c2_001200.gray
1205,0,87857983206000,c0_001205.gray
1205,2,87857983221000,c2_001205.gray
1213,0,87858002212000,c0_001213.gray
1213,2,87858002227000,c2_001213.gray
1219,0,87858016538000,c0_001219.gray
1219,2,87858016555000,c2_001219.gray
1227,0,87858035536000,c0_001227.gray
1227,2,87858035551000,c2_001227.gray
1233,0,87858049872000,c0_001233.gray
1233,2,87858049885000,c2_001233.gray
1240,0,87858068868000,c0_001240.gray
1240,2,87858068883000,c2_001240.gray
1246,0,87858083210000,c0_001246.gray
1246,2,87858083226000,c2_001246.gray
1252,0,87858102204000,c0_001252.gray
1252,2,87858102219000,c2_001252.gray
1257,0,87858116545000,c0_001257.gray
1257,2,87858116563000,c2_001257.gray
1265,0,87858135548000,c0_001265.gray
1265,2,87858135559000,c2_001265.gray
1270,0,87858149876000,c0_001270.gray
1270,2,87858149888000,c2_001270.gray
1278,0,87858168874000,c0_001278.gray
1278,2,87858168889000,c2_001278.gray
1284,0,87858183210000,c0_001284.gray
1284,2,87858183226000,c2_001284.gray
1292,0,87858202208000,c0_001292.gray
1292,2,87858202225000,c2_001292.gray
1298,0,87858216539000,c0_001298.gray
1298,2,87858216553000,c2_001298.gray
1306,0,87858235538000,c0_001306.gray
1306,2,87858235552000,c2_001306.gray
1312,0,87858249873000,c0_001312.gray
1312,2,87858249887000,c2_001312.gray
1320,0,87858268869000,c0_001320.gray
1320,2,87858268883000,c2_001320.gray
1326,0,87858283209000,c0_001326.gray
1326,2,87858283226000,c2_001326.gray
1334,0,87858302244000,c0_001334.gray
1334,2,87858302308000,c2_001334.gray
1339,0,87858316541000,c0_001339.gray
1339,2,87858316554000,c2_001339.gray
1347,0,87858335536000,c0_001347.gray
1347,2,87858335551000,c2_001347.gray
1353,0,87858349873000,c0_001353.gray
1353,2,87858349891000,c2_001353.gray
1361,0,87858368869000,c0_001361.gray
1361,2,87858368882000,c2_001361.gray
1367,0,87858383208000,c0_001367.gray
1367,2,87858383222000,c2_001367.gray
1374,0,87858402204000,c0_001374.gray
1374,2,87858402217000,c2_001374.gray
1380,0,87858416541000,c0_001380.gray
1380,2,87858416555000,c2_001380.gray
1387,0,87858435583000,c0_001387.gray
1387,2,87858435672000,c2_001387.gray
1390,0,87858449878000,c0_001390.gray
1390,2,87858449891000,c2_001390.gray
1398,0,87858468877000,c0_001398.gray
1398,2,87858468889000,c2_001398.gray
1404,0,87858483216000,c0_001404.gray
1404,2,87858483236000,c2_001404.gray
1411,0,87858502212000,c0_001411.gray
1411,2,87858502230000,c2_001411.gray
1417,0,87858516547000,c0_001417.gray
1417,2,87858516564000,c2_001417.gray
1425,0,87858535544000,c0_001425.gray
1425,2,87858535561000,c2_001425.gray
1431,0,87858549888000,c0_001431.gray
1431,2,87858549874000,c2_001431.gray
1439,0,87858568887000,c0_001439.gray
1439,2,87858568872000,c2_001439.gray
1445,0,87858583226000,c0_001445.gray
1445,2,87858583211000,c2_001445.gray
1453,0,87858602219000,c0_001453.gray
1453,2,87858602205000,c2_001453.gray
1459,0,87858616549000,c0_001459.gray
1459,2,87858616540000,c2_001459.gray
1466,0,87858635552000,c0_001466.gray
1466,2,87858635539000,c2_001466.gray
1472,0,87858649888000,c0_001472.gray
1472,2,87858649874000,c2_001472.gray
1480,0,87858668885000,c0_001480.gray
1480,2,87858668873000,c2_001480.gray
1486,0,87858683248000,c0_001486.gray
1486,2,87858683235000,c2_001486.gray
1493,0,87858702217000,c0_001493.gray
1493,2,87858702205000,c2_001493.gray
1499,0,87858716556000,c0_001499.gray
1499,2,87858716542000,c2_001499.gray
1505,0,87858735632000,c0_001505.gray
1505,2,87858735613000,c2_001505.gray
1510,0,87858749912000,c0_001510.gray
1510,2,87858749898000,c2_001510.gray
1518,0,87858768888000,c0_001518.gray
1518,2,87858768874000,c2_001518.gray
1523,0,87858783223000,c0_001523.gray
1523,2,87858783212000,c2_001523.gray
1529,0,87858802229000,c0_001529.gray
1529,2,87858802212000,c2_001529.gray
1535,0,87858816560000,c0_001535.gray
1535,2,87858816547000,c2_001535.gray
1542,2,87858835545000,c2_001542.gray
1543,0,87858835558000,c0_001543.gray
1548,0,87858849899000,c0_001548.gray
1548,2,87858849882000,c2_001548.gray
1556,0,87858868895000,c0_001556.gray
1556,2,87858868878000,c2_001556.gray
1562,0,87858883229000,c0_001562.gray
1562,2,87858883213000,c2_001562.gray
1570,0,87858902224000,c0_001570.gray
1570,2,87858902207000,c2_001570.gray
1575,0,87858916556000,c0_001575.gray
1575,2,87858916541000,c2_001575.gray
1583,0,87858935556000,c0_001583.gray
1583,2,87858935540000,c2_001583.gray
1589,0,87858949888000,c0_001589.gray
1589,2,87858949875000,c2_001589.gray
1597,0,87858968889000,c0_001597.gray
1597,2,87858968875000,c2_001597.gray
1603,0,87858983224000,c0_001603.gray
1603,2,87858983210000,c2_001603.gray
1611,0,87859002222000,c0_001611.gray
1611,2,87859002208000,c2_001611.gray
1617,0,87859016561000,c0_001617.gray
1617,2,87859016546000,c2_001617.gray
1624,0,87859035558000,c0_001624.gray
1624,2,87859035544000,c2_001624.gray
1630,0,87859049891000,c0_001630.gray
1630,2,87859049877000,c2_001630.gray
1638,0,87859068891000,c0_001638.gray
1638,2,87859068876000,c2_001638.gray
1639,0,87859083231000,c0_001639.gray
1639,2,87859083215000,c2_001639.gray
1643,0,87859102228000,c0_001643.gray
1643,2,87859102213000,c2_001643.gray
1649,0,87859116558000,c0_001649.gray
1649,2,87859116545000,c2_001649.gray
1656,0,87859135562000,c0_001656.gray
1656,2,87859135549000,c2_001656.gray
1662,0,87859149894000,c0_001662.gray
1662,2,87859149881000,c2_001662.gray
1670,0,87859168896000,c0_001670.gray
1670,2,87859168882000,c2_001670.gray
1675,2,87859183218000,c2_001675.gray
1676,0,87859183235000,c0_001676.gray
1683,0,87859202231000,c0_001683.gray
1683,2,87859202214000,c2_001683.gray
1689,0,87859216568000,c0_001689.gray
1689,2,87859216551000,c2_001689.gray
1697,0,87859235554000,c0_001697.gray
1697,2,87859235542000,c2_001697.gray
1703,0,87859249892000,c0_001703.gray
1703,2,87859249879000,c2_001703.gray
1711,0,87859268889000,c0_001711.gray
1711,2,87859268876000,c2_001711.gray
1717,0,87859283236000,c0_001717.gray
1717,2,87859283223000,c2_001717.gray
1725,0,87859302224000,c0_001725.gray
1725,2,87859302210000,c2_001725.gray
1731,0,87859316569000,c0_001731.gray
1731,2,87859316550000,c2_001731.gray
1738,0,87859335563000,c0_001738.gray
1738,2,87859335547000,c2_001738.gray
1744,0,87859349902000,c0_001744.gray
1744,2,87859349882000,c2_001744.gray
1752,0,87859368900000,c0_001752.gray
1752,2,87859368881000,c2_001752.gray
1757,0,87859383230000,c0_001757.gray
1757,2,87859383215000,c2_001757.gray
1765,0,87859402244000,c0_001765.gray
1765,2,87859402211000,c2_001765.gray
1769,2,87859416549000,c2_001769.gray
1770,0,87859416565000,c0_001770.gray
1776,0,87859435560000,c0_001776.gray
1776,2,87859435545000,c2_001776.gray
1781,0,87859449897000,c0_001781.gray
1781,2,87859449882000,c2_001781.gray
1788,0,87859468891000,c0_001788.gray
1788,2,87859468880000,c2_001788.gray
1794,0,87859483229000,c0_001794.gray
1794,2,87859483217000,c2_001794.gray
1802,0,87859502236000,c0_001802.gray
1802,2,87859502218000,c2_001802.gray
1807,0,87859516563000,c0_001807.gray
1807,2,87859516551000,c2_001807.gray
1815,0,87859535557000,c0_001815.gray
1815,2,87859535546000,c2_001815.gray
1821,0,87859549896000,c0_001821.gray
1821,2,87859549884000,c2_001821.gray
1829,0,87859568894000,c0_001829.gray
1829,2,87859568880000,c2_001829.gray
1835,0,87859583227000,c0_001835.gray
1835,2,87859583214000,c2_001835.gray
1843,0,87859602225000,c0_001843.gray
1843,2,87859602211000,c2_001843.gray
1849,0,87859616564000,c0_001849.gray
1849,2,87859616549000,c2_001849.gray
1857,0,87859635558000,c0_001857.gray
1857,2,87859635544000,c2_001857.gray
1863,0,87859649895000,c0_001863.gray
1863,2,87859649881000,c2_001863.gray
1871,0,87859668893000,c0_001871.gray
1871,2,87859668879000,c2_001871.gray
1876,0,87859683230000,c0_001876.gray
1876,2,87859683216000,c2_001876.gray
1884,0,87859702239000,c0_001884.gray
1884,2,87859702225000,c2_001884.gray
1889,2,87859716548000,c2_001889.gray
1890,0,87859716564000,c0_001890.gray
1897,0,87859735558000,c0_001897.gray
1897,2,87859735545000,c2_001897.gray
1902,0,87859749893000,c0_001902.gray
1902,2,87859749881000,c2_001902.gray
1907,0,87859768894000,c0_001907.gray
1907,2,87859768880000,c2_001907.gray
1913,0,87859783236000,c0_001913.gray
1913,2,87859783219000,c2_001913.gray
1921,0,87859802310000,c0_001921.gray
1921,2,87859802246000,c2_001921.gray
1925,0,87859816572000,c0_001925.gray
1925,2,87859816555000,c2_001925.gray
1933,0,87859835569000,c0_001933.gray
1933,2,87859835552000,c2_001933.gray
1938,0,87859849905000,c0_001938.gray
1938,2,87859849888000,c2_001938.gray
1946,0,87859868903000,c0_001946.gray
1946,2,87859868886000,c2_001946.gray
1952,0,87859883240000,c0_001952.gray
1952,2,87859883222000,c2_001952.gray
1960,0,87859902234000,c0_001960.gray
1960,2,87859902218000,c2_001960.gray
1965,0,87859916567000,c0_001965.gray
1965,2,87859916554000,c2_001965.gray
1973,0,87859935558000,c0_001973.gray
1973,2,87859935545000,c2_001973.gray
1979,0,87859949895000,c0_001979.gray
1979,2,87859949881000,c2_001979.gray
1987,0,87859968894000,c0_001987.gray
1987,2,87859968880000,c2_001987.gray
1993,0,87859983230000,c0_001993.gray
1993,2,87859983216000,c2_001993.gray
2001,0,87860002226000,c0_002001.gray
2001,2,87860002213000,c2_002001.gray
2007,0,87860016565000,c0_002007.gray
2007,2,87860016551000,c2_002007.gray
2015,0,87860035558000,c0_002015.gray
2015,2,87860035546000,c2_002015.gray
2020,0,87860049899000,c0_002020.gray
2020,2,87860049884000,c2_002020.gray
2028,0,87860068895000,c0_002028.gray
2028,2,87860068881000,c2_002028.gray
2034,0,87860083231000,c0_002034.gray
2034,2,87860083217000,c2_002034.gray
2042,0,87860102303000,c0_002042.gray
2042,2,87860102214000,c2_002042.gray
2047,0,87860116565000,c0_002047.gray
2047,2,87860116552000,c2_002047.gray
2055,0,87860135560000,c0_002055.gray
2055,2,87860135547000,c2_002055.gray
2060,0,87860149999000,c0_002060.gray
2060,2,87860149960000,c2_002060.gray
2068,0,87860168902000,c0_002068.gray
2068,2,87860168885000,c2_002068.gray
2074,0,87860183238000,c0_002074.gray
2074,2,87860183222000,c2_002074.gray
2081,0,87860202238000,c0_002081.gray
2081,2,87860202221000,c2_002081.gray
2087,0,87860216574000,c0_002087.gray
2087,2,87860216557000,c2_002087.gray
2095,0,87860235571000,c0_002095.gray
2095,2,87860235554000,c2_002095.gray
2101,0,87860249899000,c0_002101.gray
2101,2,87860249884000,c2_002101.gray
2109,0,87860268896000,c0_002109.gray
2109,2,87860268881000,c2_002109.gray
2115,0,87860283233000,c0_002115.gray
2115,2,87860283219000,c2_002115.gray
2123,0,87860302228000,c0_002123.gray
2123,2,87860302215000,c2_002123.gray
2128,0,87860316567000,c0_002128.gray
2128,2,87860316554000,c2_002128.gray
2136,0,87860335562000,c0_002136.gray
2136,2,87860335548000,c2_002136.gray
2142,0,87860349898000,c0_002142.gray
2142,2,87860349884000,c2_002142.gray
2150,0,87860368897000,c0_002150.gray
2150,2,87860368884000,c2_002150.gray
2156,0,87860383234000,c0_002156.gray
2156,2,87860383219000,c2_002156.gray
2163,0,87860402229000,c0_002163.gray
2163,2,87860402215000,c2_002163.gray
2169,0,87860416567000,c0_002169.gray
2169,2,87860416553000,c2_002169.gray
2176,0,87860435662000,c0_002176.gray
2176,2,87860435573000,c2_002176.gray
2181,0,87860449902000,c0_002181.gray
2181,2,87860449887000,c2_002181.gray
2188,0,87860468898000,c0_002188.gray
2188,2,87860468884000,c2_002188.gray
2193,0,87860483354000,c0_002193.gray
2193,2,87860483320000,c2_002193.gray
2198,0,87860502236000,c0_002198.gray
2198,2,87860502221000,c2_002198.gray
2204,0,87860516569000,c0_002204.gray
2204,2,87860516556000,c2_002204.gray
2212,0,87860535571000,c0_002212.gray
2212,2,87860535554000,c2_002212.gray
2218,0,87860549913000,c0_002218.gray
2218,2,87860549895000,c2_002218.gray
2226,0,87860568907000,c0_002226.gray
2226,2,87860568889000,c2_002226.gray
2231,0,87860583241000,c0_002231.gray
2231,2,87860583225000,c2_002231.gray
2239,0,87860602234000,c0_002239.gray
2239,2,87860602219000,c2_002239.gray
2245,0,87860616568000,c0_002245.gray
2245,2,87860616554000,c2_002245.gray
2253,0,87860635564000,c0_002253.gray
2253,2,87860635550000,c2_002253.gray
2259,0,87860649900000,c0_002259.gray
2259,2,87860649886000,c2_002259.gray
2267,0,87860668893000,c0_002267.gray
2267,2,87860668882000,c2_002267.gray
2273,0,87860683234000,c0_002273.gray
2273,2,87860683220000,c2_002273.gray
2281,0,87860702231000,c0_002281.gray
2281,2,87860702217000,c2_002281.gray
2286,0,87860716570000,c0_002286.gray
2286,2,87860716555000,c2_002286.gray
2294,0,87860735595000,c0_002294.gray
2294,2,87860735583000,c2_002294.gray
2300,0,87860749901000,c0_002300.gray
2300,2,87860749887000,c2_002300.gray
2307,0,87860768903000,c0_002307.gray
2307,2,87860768888000,c2_002307.gray
2312,0,87860783239000,c0_002312.gray
2312,2,87860783224000,c2_002312.gray
2320,0,87860802236000,c0_002320.gray
2320,2,87860802221000,c2_002320.gray
2326,0,87860816569000,c0_002326.gray
2326,2,87860816555000,c2_002326.gray
2333,0,87860835564000,c0_002333.gray
2333,2,87860835553000,c2_002333.gray
2338,2,87860849892000,c2_002338.gray
2339,0,87860849903000,c0_002339.gray
2346,2,87860868889000,c2_002346.gray
2347,0,87860868911000,c0_002347.gray
2352,0,87860883238000,c0_002352.gray
2352,2,87860883227000,c2_002352.gray
2360,0,87860902238000,c0_002360.gray
2360,2,87860902222000,c2_002360.gray
2366,0,87860916576000,c0_002366.gray
2366,2,87860916559000,c2_002366.gray
2374,0,87860935569000,c0_002374.gray
2374,2,87860935554000,c2_002374.gray
2379,0,87860949899000,c0_002379.gray
2379,2,87860949887000,c2_002379.gray
2388,0,87860968893000,c0_002388.gray
2388,2,87860968885000,c2_002388.gray
2393,0,87860983235000,c0_002393.gray
2393,2,87860983222000,c2_002393.gray
2402,0,87861002234000,c0_002402.gray
2402,2,87861002220000,c2_002402.gray
2407,0,87861016572000,c0_002407.gray
2407,2,87861016558000,c2_002407.gray
2415,0,87861035569000,c0_002415.gray
2415,2,87861035555000,c2_002415.gray
2421,0,87861049904000,c0_002421.gray
2421,2,87861049890000,c2_002421.gray
2429,0,87861068963000,c0_002429.gray
2429,2,87861068921000,c2_002429.gray
2434,0,87861083236000,c0_002434.gray
2434,2,87861083222000,c2_002434.gray
2442,0,87861102236000,c0_002442.gray
2442,2,87861102219000,c2_002442.gray
2447,0,87861116573000,c0_002447.gray
2447,2,87861116558000,c2_002447.gray
2455,0,87861135573000,c0_002455.gray
2455,2,87861135557000,c2_002455.gray
2460,0,87861149903000,c0_002460.gray
2460,2,87861149890000,c2_002460.gray
2468,0,87861168906000,c0_002468.gray
2468,2,87861168890000,c2_002468.gray
2474,0,87861183248000,c0_002474.gray
2474,2,87861183231000,c2_002474.gray
2482,0,87861202236000,c0_002482.gray
2482,2,87861202224000,c2_002482.gray
2487,0,87861216573000,c0_002487.gray
2487,2,87861216561000,c2_002487.gray
2495,0,87861235575000,c0_002495.gray
2495,2,87861235558000,c2_002495.gray
2501,0,87861249913000,c0_002501.gray
2501,2,87861249896000,c2_002501.gray
2509,0,87861268901000,c0_002509.gray
2509,2,87861268887000,c2_002509.gray
2514,0,87861283240000,c0_002514.gray
2514,2,87861283226000,c2_002514.gray
2522,0,87861302234000,c0_002522.gray
2522,2,87861302221000,c2_002522.gray
2528,0,87861316569000,c0_002528.gray
2528,2,87861316557000,c2_002528.gray
2536,0,87861335570000,c0_002536.gray
2536,2,87861335556000,c2_002536.gray
2542,0,87861349905000,c0_002542.gray
2542,2,87861349891000,c2_002542.gray
2550,0,87861368903000,c0_002550.gray
2550,2,87861368888000,c2_002550.gray
2555,0,87861383237000,c0_002555.gray
2555,2,87861383225000,c2_002555.gray
2563,0,87861402238000,c0_002563.gray
2563,2,87861402225000,c2_002563.gray
2568,0,87861416621000,c0_002568.gray
2568,2,87861416606000,c2_002568.gray
2576,0,87861435596000,c0_002576.gray
2576,2,87861435584000,c2_002576.gray
2581,0,87861450012000,c0_002581.gray
2581,2,87861449939000,c2_002581.gray
2586,0,87861468904000,c0_002586.gray
2586,2,87861468890000,c2_002586.gray
2592,0,87861483245000,c0_002592.gray
2592,2,87861483229000,c2_002592.gray
2599,2,87861502274000,c2_002599.gray
2600,0,87861502333000,c0_002600.gray
2603,0,87861516581000,c0_002603.gray
2603,2,87861516564000,c2_002603.gray
2611,0,87861535579000,c0_002611.gray
2611,2,87861535561000,c2_002611.gray
2617,0,87861549916000,c0_002617.gray
2617,2,87861549898000,c2_002617.gray
2625,0,87861568915000,c0_002625.gray
2625,2,87861568896000,c2_002625.gray
2630,0,87861583247000,c0_002630.gray
2630,2,87861583231000,c2_002630.gray
2638,0,87861602242000,c0_002638.gray
2638,2,87861602227000,c2_002638.gray
2644,0,87861616572000,c0_002644.gray
2644,2,87861616558000,c2_002644.gray
2652,0,87861635570000,c0_002652.gray
2652,2,87861635556000,c2_002652.gray
2658,0,87861649906000,c0_002658.gray
2658,2,87861649892000,c2_002658.gray
2666,0,87861668901000,c0_002666.gray
2666,2,87861668889000,c2_002666.gray
2672,0,87861683240000,c0_002672.gray
2672,2,87861683227000,c2_002672.gray
2680,0,87861702306000,c0_002680.gray
2680,2,87861702292000,c2_002680.gray
2685,0,87861716576000,c0_002685.gray
2685,2,87861716561000,c2_002685.gray
2693,0,87861735572000,c0_002693.gray
2693,2,87861735558000,c2_002693.gray
2699,0,87861749907000,c0_002699.gray
2699,2,87861749894000,c2_002699.gray
2706,0,87861768902000,c0_002706.gray
2706,2,87861768890000,c2_002706.gray
2712,0,87861783240000,c0_002712.gray
2712,2,87861783226000,c2_002712.gray
2719,0,87861802237000,c0_002719.gray
2719,2,87861802224000,c2_002719.gray
2725,0,87861816580000,c0_002725.gray
2725,2,87861816565000,c2_002725.gray
2733,0,87861835572000,c0_002733.gray
2733,2,87861835558000,c2_002733.gray
2738,0,87861850012000,c0_002738.gray
2738,2,87861849934000,c2_002738.gray
2746,0,87861868918000,c0_002746.gray
2746,2,87861868900000,c2_002746.gray
2751,0,87861883247000,c0_002751.gray
2751,2,87861883232000,c2_002751.gray
2759,0,87861902240000,c0_002759.gray
2759,2,87861902229000,c2_002759.gray
2765,0,87861916583000,c0_002765.gray
2765,2,87861916565000,c2_002765.gray
2773,0,87861935581000,c0_002773.gray
2773,2,87861935564000,c2_002773.gray
2779,0,87861949908000,c0_002779.gray
2779,2,87861949894000,c2_002779.gray
2787,0,87861968906000,c0_002787.gray
2787,2,87861968892000,c2_002787.gray
2792,0,87861983241000,c0_002792.gray
2792,2,87861983228000,c2_002792.gray
2800,2,87862002225000,c2_002800.gray
2801,0,87862002238000,c0_002801.gray
2806,0,87862016573000,c0_002806.gray
2806,2,87862016560000,c2_002806.gray
2814,0,87862035598000,c0_002814.gray
2814,2,87862035559000,c2_002814.gray
2820,0,87862049906000,c0_002820.gray
2820,2,87862049894000,c2_002820.gray
2828,0,87862068907000,c0_002828.gray
2828,2,87862068894000,c2_002828.gray
2834,0,87862083243000,c0_002834.gray
2834,2,87862083230000,c2_002834.gray
2841,0,87862102238000,c0_002841.gray
2841,2,87862102225000,c2_002841.gray
2847,0,87862116581000,c0_002847.gray
2847,2,87862116563000,c2_002847.gray
2854,0,87862135587000,c0_002854.gray
2854,2,87862135576000,c2_002854.gray
2858,0,87862150006000,c0_002858.gray
2858,2,87862149941000,c2_002858.gray
2866,0,87862168907000,c0_002866.gray
2866,2,87862168894000,c2_002866.gray
2871,0,87862183256000,c0_002871.gray
2871,2,87862183245000,c2_002871.gray
2876,0,87862202248000,c0_002876.gray
2876,2,87862202232000,c2_002876.gray
2882,0,87862216585000,c0_002882.gray
2882,2,87862216568000,c2_002882.gray
2890,0,87862235600000,c0_002890.gray
2890,2,87862235587000,c2_002890.gray
2896,0,87862249920000,c0_002896.gray
2896,2,87862249902000,c2_002896.gray
2904,0,87862268914000,c0_002904.gray
2904,2,87862268897000,c2_002904.gray
2909,0,87862283250000,c0_002909.gray
2909,2,87862283235000,c2_002909.gray
2917,0,87862302247000,c0_002917.gray
2917,2,87862302229000,c2_002917.gray
2923,0,87862316577000,c0_002923.gray
2923,2,87862316563000,c2_002923.gray
2931,0,87862335582000,c0_002931.gray
2931,2,87862335570000,c2_002931.gray
2937,0,87862349910000,c0_002937.gray
2937,2,87862349896000,c2_002937.gray
2945,0,87862368907000,c0_002945.gray
2945,2,87862368893000,c2_002945.gray
2951,0,87862383269000,c0_002951.gray
2951,2,87862383256000,c2_002951.gray
2959,0,87862402242000,c0_002959.gray
2959,2,87862402227000,c2_002959.gray
2964,0,87862416575000,c0_002964.gray
2964,2,87862416563000,c2_002964.gray
2972,0,87862435575000,c0_002972.gray
2972,2,87862435559000,c2_002972.gray
2978,0,87862449902000,c0_002978.gray
2978,2,87862449893000,c2_002978.gray
2986,0,87862468906000,c0_002986.gray
2986,2,87862468894000,c2_002986.gray
2989,0,87862483241000,c0_002989.gray
2989,2,87862483231000,c2_002989.gray
2997,0,87862502247000,c0_002997.gray
2997,2,87862502232000,c2_002997.gray
3003,0,87862516578000,c0_003003.gray
3003,2,87862516564000,c2_003003.gray
3009,0,87862535588000,c0_003009.gray
3009,2,87862535568000,c2_003009.gray
3015,0,87862549916000,c0_003015.gray
3015,2,87862549903000,c2_003015.gray
3023,0,87862568912000,c0_003023.gray
3023,2,87862568899000,c2_003023.gray
3028,0,87862583260000,c0_003028.gray
3028,2,87862583243000,c2_003028.gray
3036,0,87862602243000,c0_003036.gray
3036,2,87862602232000,c2_003036.gray
3042,0,87862616581000,c0_003042.gray
3042,2,87862616569000,c2_003042.gray
3050,0,87862635574000,c0_003050.gray
3050,2,87862635562000,c2_003050.gray
3056,0,87862649909000,c0_003056.gray
3056,2,87862649897000,c2_003056.gray
3064,0,87862668907000,c0_003064.gray
3064,2,87862668895000,c2_003064.gray
3070,0,87862683244000,c0_003070.gray
3070,2,87862683232000,c2_003070.gray
3078,0,87862702240000,c0_003078.gray
3078,2,87862702228000,c2_003078.gray
3084,0,87862716577000,c0_003084.gray
3084,2,87862716565000,c2_003084.gray
3091,0,87862735590000,c0_003091.gray
3091,2,87862735580000,c2_003091.gray
3097,0,87862749910000,c0_003097.gray
3097,2,87862749898000,c2_003097.gray
3105,0,87862768907000,c0_003105.gray
3105,2,87862768895000,c2_003105.gray
3110,0,87862783244000,c0_003110.gray
3110,2,87862783231000,c2_003110.gray
3118,0,87862802242000,c0_003118.gray
3118,2,87862802229000,c2_003118.gray
3124,0,87862816653000,c0_003124.gray
3124,2,87862816607000,c2_003124.gray
3130,0,87862835573000,c0_003130.gray
3130,2,87862835564000,c2_003130.gray
3136,0,87862849914000,c0_003136.gray
3136,2,87862849900000,c2_003136.gray
3143,0,87862869025000,c0_003143.gray
3143,2,87862868997000,c2_003143.gray
3148,0,87862883255000,c0_003148.gray
3148,2,87862883237000,c2_003148.gray
3156,0,87862902246000,c0_003156.gray
3156,2,87862902234000,c2_003156.gray
3161,0,87862916584000,c0_003161.gray
3161,2,87862916571000,c2_003161.gray
3169,0,87862935586000,c0_003169.gray
3169,2,87862935570000,c2_003169.gray
3175,0,87862949924000,c0_003175.gray
3175,2,87862949907000,c2_003175.gray
3183,0,87862968913000,c0_003183.gray
3183,2,87862968899000,c2_003183.gray
3188,0,87862983247000,c0_003188.gray
3188,2,87862983234000,c2_003188.gray
3197,0,87863002242000,c0_003197.gray
3197,2,87863002230000,c2_003197.gray
3202,0,87863016581000,c0_003202.gray
3202,2,87863016567000,c2_003202.gray
3210,2,87863035564000,c2_003210.gray
3211,0,87863035577000,c0_003211.gray
3216,0,87863049916000,c0_003216.gray
3216,2,87863049904000,c2_003216.gray
3224,0,87863068912000,c0_003224.gray
3224,2,87863068899000,c2_003224.gray
3230,0,87863083253000,c0_003230.gray
3230,2,87863083237000,c2_003230.gray
3237,0,87863102248000,c0_003237.gray
3237,2,87863102234000,c2_003237.gray
3243,0,87863116584000,c0_003243.gray
3243,2,87863116569000,c2_003243.gray
3250,0,87863135575000,c0_003250.gray
3250,2,87863135564000,c2_003250.gray
3255,0,87863150014000,c0_003255.gray
3255,2,87863149934000,c2_003255.gray
3261,0,87863168912000,c0_003261.gray
3261,2,87863168899000,c2_003261.gray
3266,0,87863183253000,c0_003266.gray
3266,2,87863183238000,c2_003266.gray
3274,0,87863202388000,c0_003274.gray
3274,2,87863202287000,c2_003274.gray
3278,0,87863216586000,c0_003278.gray
3278,2,87863216572000,c2_003278.gray
3286,0,87863235587000,c0_003286.gray
3286,2,87863235570000,c2_003286.gray
3292,0,87863249928000,c0_003292.gray
3292,2,87863249910000,c2_003292.gray
3300,0,87863268922000,c0_003300.gray
3300,2,87863268905000,c2_003300.gray
3305,2,87863283246000,c2_003305.gray
3306,0,87863283257000,c0_003306.gray
3313,0,87863302255000,c0_003313.gray
3313,2,87863302238000,c2_003313.gray
3319,0,87863316583000,c0_003319.gray
3319,2,87863316570000,c2_003319.gray
3327,0,87863335578000,c0_003327.gray
3327,2,87863335566000,c2_003327.gray
3333,0,87863349917000,c0_003333.gray
3333,2,87863349904000,c2_003333.gray
3341,0,87863368912000,c0_003341.gray
3341,2,87863368900000,c2_003341.gray
3347,0,87863383250000,c0_003347.gray
3347,2,87863383236000,c2_003347.gray
3355,0,87863402310000,c0_003355.gray
3355,2,87863402288000,c2_003355.gray
3360,0,87863416583000,c0_003360.gray
3360,2,87863416569000,c2_003360.gray
3368,0,87863435577000,c0_003368.gray
3368,2,87863435566000,c2_003368.gray
3374,0,87863449931000,c0_003374.gray
3374,2,87863449915000,c2_003374.gray
3382,0,87863468913000,c0_003382.gray
3382,2,87863468900000,c2_003382.gray
3388,0,87863483249000,c0_003388.gray
3388,2,87863483236000,c2_003388.gray
3395,0,87863502247000,c0_003395.gray
3395,2,87863502233000,c2_003395.gray
3401,0,87863516594000,c0_003401.gray
3401,2,87863516578000,c2_003401.gray
3409,0,87863535580000,c0_003409.gray
3409,2,87863535566000,c2_003409.gray
3414,0,87863549924000,c0_003414.gray
3414,2,87863549911000,c2_003414.gray
3421,0,87863568925000,c0_003421.gray
3421,2,87863568908000,c2_003421.gray
3427,0,87863583258000,c0_003427.gray
3427,2,87863583242000,c2_003427.gray
3435,0,87863602251000,c0_003435.gray
3435,2,87863602239000,c2_003435.gray
3441,0,87863616588000,c0_003441.gray
3441,2,87863616575000,c2_003441.gray
3449,0,87863635587000,c0_003449.gray
3449,2,87863635571000,c2_003449.gray
3454,0,87863649921000,c0_003454.gray
3454,2,87863649905000,c2_003454.gray
3462,0,87863668915000,c0_003462.gray
3462,2,87863668901000,c2_003462.gray
3468,0,87863683250000,c0_003468.gray
3468,2,87863683238000,c2_003468.gray
3476,0,87863702249000,c0_003476.gray
3476,2,87863702235000,c2_003476.gray
3482,0,87863716583000,c0_003482.gray
3482,2,87863716571000,c2_003482.gray
3490,0,87863735582000,c0_003490.gray
3490,2,87863735569000,c2_003490.gray
3496,0,87863749921000,c0_003496.gray
3496,2,87863749906000,c2_003496.gray
3504,0,87863768924000,c0_003504.gray
3504,2,87863768906000,c2_003504.gray
3509,0,87863783264000,c0_003509.gray
3509,2,87863783246000,c2_003509.gray
3517,0,87863802250000,c0_003517.gray
3517,2,87863802240000,c2_003517.gray
3523,0,87863816594000,c0_003523.gray
3523,2,87863816577000,c2_003523.gray
3530,0,87863835702000,c0_003530.gray
3530,2,87863835638000,c2_003530.gray
3535,0,87863849923000,c0_003535.gray
3535,2,87863849908000,c2_003535.gray
3543,0,87863869028000,c0_003543.gray
3543,2,87863868964000,c2_003543.gray
3548,0,87863883365000,c0_003548.gray
3548,2,87863883280000,c2_003548.gray
3554,0,87863902274000,c0_003554.gray
3554,2,87863902257000,c2_003554.gray
3560,0,87863916588000,c0_003560.gray
3560,2,87863916577000,c2_003560.gray
3568,0,87863935584000,c0_003568.gray
3568,2,87863935573000,c2_003568.gray
3573,0,87863949921000,c0_003573.gray
3573,2,87863949908000,c2_003573.gray
3581,0,87863968921000,c0_003581.gray
3581,2,87863968910000,c2_003581.gray
3587,0,87863983259000,c0_003587.gray
3587,2,87863983243000,c2_003587.gray
3595,0,87864002246000,c0_003595.gray
3595,2,87864002236000,c2_003595.gray
3601,0,87864016587000,c0_003601.gray
3601,2,87864016573000,c2_003601.gray
3609,0,87864035583000,c0_003609.gray
3609,2,87864035571000,c2_003609.gray
3615,0,87864049921000,c0_003615.gray
3615,2,87864049905000,c2_003615.gray
3623,0,87864068915000,c0_003623.gray
3623,2,87864068903000,c2_003623.gray
3628,0,87864083259000,c0_003628.gray
3628,2,87864083243000,c2_003628.gray
3636,0,87864102253000,c0_003636.gray
3636,2,87864102238000,c2_003636.gray
3642,0,87864116595000,c0_003642.gray
3642,2,87864116579000,c2_003642.gray
3650,0,87864135583000,c0_003650.gray
3650,2,87864135569000,c2_003650.gray
3655,0,87864149922000,c0_003655.gray
3655,2,87864149908000,c2_003655.gray
3663,0,87864169027000,c0_003663.gray
3663,2,87864168938000,c2_003663.gray
3667,0,87864183260000,c0_003667.gray
3667,2,87864183243000,c2_003667.gray
3675,0,87864202258000,c0_003675.gray
3675,2,87864202243000,c2_003675.gray
3681,0,87864216596000,c0_003681.gray
3681,2,87864216579000,c2_003681.gray
3687,0,87864235748000,c0_003687.gray
3687,2,87864235667000,c2_003687.gray
3692,0,87864249924000,c0_003692.gray
3692,2,87864249912000,c2_003692.gray
3700,0,87864268921000,c0_003700.gray
3700,2,87864268909000,c2_003700.gray
3706,0,87864283263000,c0_003706.gray
3706,2,87864283247000,c2_003706.gray
3714,0,87864302259000,c0_003714.gray
3714,2,87864302242000,c2_003714.gray
3719,0,87864316595000,c0_003719.gray
3719,2,87864316579000,c2_003719.gray
3727,0,87864335587000,c0_003727.gray
3727,2,87864335573000,c2_003727.gray
3733,0,87864349922000,c0_003733.gray
3733,2,87864349907000,c2_003733.gray
3741,0,87864368917000,c0_003741.gray
3741,2,87864368905000,c2_003741.gray
3747,0,87864383253000,c0_003747.gray
3747,2,87864383241000,c2_003747.gray
3755,0,87864402257000,c0_003755.gray
3755,2,87864402241000,c2_003755.gray
3761,0,87864416668000,c0_003761.gray
3761,2,87864416627000,c2_003761.gray
3768,0,87864435586000,c0_003768.gray
3768,2,87864435573000,c2_003768.gray
3774,0,87864449922000,c0_003774.gray
3774,2,87864449908000,c2_003774.gray
3782,0,87864468919000,c0_003782.gray
3782,2,87864468906000,c2_003782.gray
3787,0,87864483257000,c0_003787.gray
3787,2,87864483243000,c2_003787.gray
3795,0,87864502254000,c0_003795.gray
3795,2,87864502240000,c2_003795.gray
3800,2,87864516612000,c2_003800.gray
3801,0,87864516665000,c0_003801.gray
3808,0,87864535586000,c0_003808.gray
3808,2,87864535573000,c2_003808.gray
3814,0,87864549922000,c0_003814.gray
3814,2,87864549909000,c2_003814.gray
3821,0,87864569040000,c0_003821.gray
3821,2,87864568985000,c2_003821.gray
3825,0,87864583265000,c0_003825.gray
3825,2,87864583248000,c2_003825.gray
3833,0,87864602257000,c0_003833.gray
3833,2,87864602244000,c2_003833.gray
3839,0,87864616593000,c0_003839.gray
3839,2,87864616580000,c2_003839.gray
3847,0,87864635590000,c0_003847.gray
3847,2,87864635578000,c2_003847.gray
3852,0,87864649931000,c0_003852.gray
3852,2,87864649914000,c2_003852.gray
3860,0,87864668925000,c0_003860.gray
3860,2,87864668909000,c2_003860.gray
3866,0,87864683258000,c0_003866.gray
3866,2,87864683244000,c2_003866.gray
3874,0,87864702253000,c0_003874.gray
3874,2,87864702240000,c2_003874.gray
3880,0,87864716590000,c0_003880.gray
3880,2,87864716577000,c2_003880.gray
3888,0,87864735586000,c0_003888.gray
3888,2,87864735574000,c2_003888.gray
3894,0,87864749925000,c0_003894.gray
3894,2,87864749910000,c2_003894.gray
3902,0,87864768978000,c0_003902.gray
3902,2,87864768943000,c2_003902.gray
3907,0,87864783258000,c0_003907.gray
3907,2,87864783245000,c2_003907.gray
3915,0,87864802256000,c0_003915.gray
3915,2,87864802243000,c2_003915.gray
3921,0,87864816591000,c0_003921.gray
3921,2,87864816577000,c2_003921.gray
3929,0,87864835588000,c0_003929.gray
3929,2,87864835574000,c2_003929.gray
3934,0,87864849924000,c0_003934.gray
3934,2,87864849910000,c2_003934.gray
3942,0,87864868924000,c0_003942.gray
3942,2,87864868909000,c2_003942.gray
3947,0,87864883281000,c0_003947.gray
3947,2,87864883265000,c2_003947.gray
3955,0,87864902332000,c0_003955.gray
3955,2,87864902266000,c2_003955.gray
3959,0,87864916600000,c0_003959.gray
3959,2,87864916583000,c2_003959.gray
3967,0,87864935593000,c0_003967.gray
3967,2,87864935580000,c2_003967.gray
3972,0,87864949929000,c0_003972.gray
3972,2,87864949917000,c2_003972.gray
3980,0,87864968932000,c0_003980.gray
3980,2,87864968915000,c2_003980.gray
3986,0,87864983268000,c0_003986.gray
3986,2,87864983251000,c2_003986.gray
3994,0,87865002263000,c0_003994.gray
3994,2,87865002248000,c2_003994.gray
3999,0,87865016595000,c0_003999.gray
3999,2,87865016580000,c2_003999.gray
4008,0,87865035586000,c0_004008.gray
4008,2,87865035575000,c2_004008.gray
4013,0,87865049924000,c0_004013.gray
4013,2,87865049911000,c2_004013.gray
4021,2,87865068910000,c2_004021.gray
4022,0,87865068922000,c0_004022.gray
4027,0,87865083262000,c0_004027.gray
4027,2,87865083250000,c2_004027.gray
4035,0,87865102255000,c0_004035.gray
4035,2,87865102241000,c2_004035.gray
4041,0,87865116593000,c0_004041.gray
4041,2,87865116579000,c2_004041.gray
4049,0,87865135591000,c0_004049.gray
4049,2,87865135576000,c2_004049.gray
4054,0,87865149925000,c0_004054.gray
4054,2,87865149913000,c2_004054.gray
4062,0,87865168924000,c0_004062.gray
4062,2,87865168910000,c2_004062.gray
4068,0,87865183342000,c0_004068.gray
4068,2,87865183305000,c2_004068.gray
4075,0,87865202344000,c0_004075.gray
4075,2,87865202270000,c2_004075.gray
4081,0,87865216594000,c0_004081.gray
4081,2,87865216580000,c2_004081.gray
4088,0,87865235592000,c0_004088.gray
4088,2,87865235577000,c2_004088.gray
4094,0,87865249994000,c0_004094.gray
4094,2,87865249960000,c2_004094.gray
4101,0,87865268927000,c0_004101.gray
4101,2,87865268915000,c2_004101.gray
4107,0,87865283268000,c0_004107.gray
4107,2,87865283251000,c2_004107.gray
4115,0,87865302262000,c0_004115.gray
4115,2,87865302250000,c2_004115.gray
4121,0,87865316600000,c0_004121.gray
4121,2,87865316585000,c2_004121.gray
4129,0,87865335598000,c0_004129.gray
4129,2,87865335582000,c2_004129.gray
4134,0,87865349927000,c0_004134.gray
4134,2,87865349914000,c2_004134.gray
4142,0,87865368926000,c0_004142.gray
4142,2,87865368913000,c2_004142.gray
4148,0,87865383261000,c0_004148.gray
4148,2,87865383248000,c2_004148.gray
4156,0,87865402259000,c0_004156.gray
4156,2,87865402245000,c2_004156.gray
4162,0,87865416595000,c0_004162.gray
4162,2,87865416582000,c2_004162.gray
4170,0,87865435592000,c0_004170.gray
4170,2,87865435578000,c2_004170.gray
4175,0,87865449930000,c0_004175.gray
4175,2,87865449916000,c2_004175.gray
4183,0,87865468925000,c0_004183.gray
4183,2,87865468911000,c2_004183.gray
4189,0,87865483257000,c0_004189.gray
4189,2,87865483245000,c2_004189.gray
4197,0,87865502256000,c0_004197.gray
4197,2,87865502244000,c2_004197.gray
4202,0,87865516597000,c0_004202.gray
4202,2,87865516583000,c2_004202.gray
4210,0,87865535592000,c0_004210.gray
4210,2,87865535578000,c2_004210.gray
4215,0,87865549926000,c0_004215.gray
4215,2,87865549916000,c2_004215.gray
4223,0,87865568993000,c0_004223.gray
4223,2,87865568958000,c2_004223.gray
4228,0,87865583355000,c0_004228.gray
4228,2,87865583308000,c2_004228.gray
4235,0,87865602271000,c0_004235.gray
4235,2,87865602252000,c2_004235.gray
4240,2,87865616586000,c2_004240.gray
4241,0,87865616598000,c0_004241.gray
4248,0,87865635601000,c0_004248.gray
4248,2,87865635585000,c2_004248.gray
4254,0,87865649940000,c0_004254.gray
4254,2,87865649923000,c2_004254.gray
4262,0,87865668935000,c0_004262.gray
4262,2,87865668918000,c2_004262.gray
4268,0,87865683268000,c0_004268.gray
4268,2,87865683254000,c2_004268.gray
4276,0,87865702259000,c0_004276.gray
4276,2,87865702246000,c2_004276.gray
4282,0,87865716600000,c0_004282.gray
4282,2,87865716585000,c2_004282.gray
4290,0,87865735591000,c0_004290.gray
4290,2,87865735578000,c2_004290.gray
4295,0,87865749930000,c0_004295.gray
4295,2,87865749915000,c2_004295.gray
4303,0,87865768926000,c0_004303.gray
4303,2,87865768912000,c2_004303.gray
4309,0,87865783260000,c0_004309.gray
4309,2,87865783248000,c2_004309.gray
4317,0,87865802259000,c0_004317.gray
4317,2,87865802246000,c2_004317.gray
4322,0,87865816597000,c0_004322.gray
4322,2,87865816583000,c2_004322.gray
4330,0,87865835591000,c0_004330.gray
4330,2,87865835579000,c2_004330.gray
4336,0,87865849933000,c0_004336.gray
4336,2,87865849921000,c2_004336.gray
4344,0,87865868927000,c0_004344.gray
4344,2,87865868914000,c2_004344.gray
4348,0,87865883270000,c0_004348.gray
4348,2,87865883255000,c2_004348.gray
4356,0,87865902266000,c0_004356.gray
4356,2,87865902251000,c2_004356.gray
4361,0,87865916595000,c0_004361.gray
4361,2,87865916584000,c2_004361.gray
4368,0,87865935602000,c0_004368.gray
4368,2,87865935586000,c2_004368.gray
4374,0,87865949941000,c0_004374.gray
4374,2,87865949924000,c2_004374.gray
4382,0,87865968940000,c0_004382.gray
4382,2,87865968923000,c2_004382.gray
4387,2,87865983264000,c2_004387.gray
4388,0,87865983276000,c0_004388.gray
4395,0,87866002264000,c0_004395.gray
4395,2,87866002251000,c2_004395.gray
4401,0,87866016602000,c0_004401.gray
4401,2,87866016589000,c2_004401.gray
4409,0,87866035593000,c0_004409.gray
4409,2,87866035581000,c2_004409.gray
4415,0,87866049941000,c0_004415.gray
4415,2,87866049924000,c2_004415.gray
4423,0,87866068940000,c0_004423.gray
4423,2,87866068925000,c2_004423.gray
4429,0,87866083259000,c0_004429.gray
4429,2,87866083250000,c2_004429.gray
4437,0,87866102265000,c0_004437.gray
4437,2,87866102249000,c2_004437.gray
4442,0,87866116601000,c0_004442.gray
4442,2,87866116585000,c2_004442.gray
4450,0,87866135597000,c0_004450.gray
4450,2,87866135582000,c2_004450.gray
4456,0,87866149931000,c0_004456.gray
4456,2,87866149916000,c2_004456.gray
4464,0,87866168930000,c0_004464.gray
4464,2,87866168916000,c2_004464.gray
4469,0,87866183366000,c0_004469.gray
4469,2,87866183275000,c2_004469.gray
4477,0,87866202263000,c0_004477.gray
4477,2,87866202249000,c2_004477.gray
4482,0,87866216600000,c0_004482.gray
4482,2,87866216587000,c2_004482.gray
4490,0,87866235594000,c0_004490.gray
4490,2,87866235584000,c2_004490.gray
4496,0,87866249933000,c0_004496.gray
4496,2,87866249919000,c2_004496.gray
4503,0,87866269037000,c0_004503.gray
4503,2,87866268944000,c2_004503.gray
4506,0,87866283274000,c0_004506.gray
4506,2,87866283258000,c2_004506.gray
4514,0,87866302267000,c0_004514.gray
4514,2,87866302254000,c2_004514.gray
4520,0,87866316606000,c0_004520.gray
4520,2,87866316592000,c2_004520.gray
4527,0,87866335607000,c0_004527.gray
4527,2,87866335590000,c2_004527.gray
4533,0,87866349940000,c0_004533.gray
4533,2,87866349924000,c2_004533.gray
4541,0,87866368934000,c0_004541.gray
4541,2,87866368919000,c2_004541.gray
4547,0,87866383269000,c0_004547.gray
4547,2,87866383254000,c2_004547.gray
4555,0,87866402263000,c0_004555.gray
4555,2,87866402250000,c2_004555.gray
4561,0,87866416601000,c0_004561.gray
4561,2,87866416587000,c2_004561.gray
4569,0,87866435598000,c0_004569.gray
4569,2,87866435584000,c2_004569.gray
4575,0,87866449938000,c0_004575.gray
4575,2,87866449928000,c2_004575.gray
4583,0,87866468937000,c0_004583.gray
4583,2,87866468918000,c2_004583.gray
4588,0,87866483271000,c0_004588.gray
4588,2,87866483256000,c2_004588.gray
4596,0,87866502266000,c0_004596.gray
4596,2,87866502251000,c2_004596.gray
4602,0,87866516610000,c0_004602.gray
4602,2,87866516592000,c2_004602.gray
4609,0,87866535598000,c0_004609.gray
4609,2,87866535584000,c2_004609.gray
4615,0,87866549934000,c0_004615.gray
4615,2,87866549920000,c2_004615.gray
4620,0,87866568934000,c0_004620.gray
4620,2,87866568919000,c2_004620.gray
4626,0,87866583274000,c0_004626.gray
4626,2,87866583259000,c2_004626.gray
4633,0,87866602263000,c0_004633.gray
4633,2,87866602252000,c2_004633.gray
4637,0,87866616606000,c0_004637.gray
4637,2,87866616591000,c2_004637.gray
4645,0,87866635607000,c0_004645.gray
4645,2,87866635590000,c2_004645.gray
4651,0,87866649938000,c0_004651.gray
4651,2,87866649925000,c2_004651.gray
4658,0,87866668937000,c0_004658.gray
4658,2,87866668923000,c2_004658.gray
4664,0,87866683269000,c0_004664.gray
4664,2,87866683257000,c2_004664.gray
4672,0,87866702273000,c0_004672.gray
4672,2,87866702257000,c2_004672.gray
4678,0,87866716602000,c0_004678.gray
4678,2,87866716590000,c2_004678.gray
4686,0,87866735600000,c0_004686.gray
4686,2,87866735586000,c2_004686.gray
4692,0,87866749935000,c0_004692.gray
4692,2,87866749923000,c2_004692.gray
4700,0,87866768936000,c0_004700.gray
4700,2,87866768922000,c2_004700.gray
4706,0,87866783273000,c0_004706.gray
4706,2,87866783257000,c2_004706.gray
4713,0,87866802266000,c0_004713.gray
4713,2,87866802252000,c2_004713.gray
4719,0,87866816605000,c0_004719.gray
4719,2,87866816591000,c2_004719.gray
4727,0,87866835600000,c0_004727.gray
4727,2,87866835586000,c2_004727.gray
4732,0,87866849937000,c0_004732.gray
4732,2,87866849923000,c2_004732.gray
4740,0,87866868932000,c0_004740.gray
4740,2,87866868922000,c2_004740.gray
4744,0,87866883371000,c0_004744.gray
4744,2,87866883290000,c2_004744.gray
4750,0,87866902267000,c0_004750.gray
4750,2,87866902253000,c2_004750.gray
4755,0,87866916609000,c0_004755.gray
4755,2,87866916594000,c2_004755.gray
4763,0,87866935608000,c0_004763.gray
4763,2,87866935592000,c2_004763.gray
4768,0,87866949943000,c0_004768.gray
4768,2,87866949927000,c2_004768.gray
4774,0,87866968935000,c0_004774.gray
4774,2,87866968923000,c2_004774.gray
4780,0,87866983276000,c0_004780.gray
4780,2,87866983262000,c2_004780.gray
4788,0,87867002276000,c0_004788.gray
4788,2,87867002259000,c2_004788.gray
4794,0,87867016607000,c0_004794.gray
4794,2,87867016594000,c2_004794.gray
4802,0,87867035605000,c0_004802.gray
4802,2,87867035592000,c2_004802.gray
4807,0,87867049937000,c0_004807.gray
4807,2,87867049923000,c2_004807.gray
4815,0,87867068934000,c0_004815.gray
4815,2,87867068921000,c2_004815.gray
4821,0,87867083268000,c0_004821.gray
4821,2,87867083256000,c2_004821.gray
4829,0,87867102267000,c0_004829.gray
4829,2,87867102254000,c2_004829.gray
4835,0,87867116601000,c0_004835.gray
4835,2,87867116589000,c2_004835.gray
4843,0,87867135601000,c0_004843.gray
4843,2,87867135588000,c2_004843.gray
4849,0,87867149937000,c0_004849.gray
4849,2,87867149923000,c2_004849.gray
4857,0,87867168927000,c0_004857.gray
4857,2,87867168918000,c2_004857.gray
4862,0,87867183270000,c0_004862.gray
4862,2,87867183256000,c2_004862.gray
4870,0,87867202269000,c0_004870.gray
4870,2,87867202255000,c2_004870.gray
4875,0,87867216606000,c0_004875.gray
4875,2,87867216592000,c2_004875.gray
4881,0,87867235625000,c0_004881.gray
4881,2,87867235612000,c2_004881.gray
4886,0,87867249946000,c0_004886.gray
4886,2,87867249928000,c2_004886.gray
4894,0,87867268948000,c0_004894.gray
4894,2,87867268930000,c2_004894.gray
4900,0,87867283360000,c0_004900.gray
4900,2,87867283313000,c2_004900.gray
4905,0,87867302333000,c0_004905.gray
4905,2,87867302316000,c2_004905.gray
4911,0,87867316615000,c0_004911.gray
4911,2,87867316598000,c2_004911.gray
4919,0,87867335614000,c0_004919.gray
4919,2,87867335596000,c2_004919.gray
4925,0,87867349942000,c0_004925.gray
4925,2,87867349930000,c2_004925.gray
4933,0,87867368938000,c0_004933.gray
4933,2,87867368926000,c2_004933.gray
4938,0,87867383280000,c0_004938.gray
4938,2,87867383264000,c2_004938.gray
4946,0,87867402269000,c0_004946.gray
4946,2,87867402255000,c2_004946.gray
4952,0,87867416608000,c0_004952.gray
4952,2,87867416594000,c2_004952.gray
4960,0,87867435610000,c0_004960.gray
4960,2,87867435594000,c2_004960.gray
4966,0,87867449941000,c0_004966.gray
4966,2,87867449926000,c2_004966.gray
4974,0,87867468936000,c0_004974.gray
4974,2,87867468922000,c2_004974.gray
4979,0,87867483274000,c0_004979.gray
4979,2,87867483260000,c2_004979.gray
4987,0,87867502269000,c0_004987.gray
4987,2,87867502256000,c2_004987.gray
4993,0,87867516606000,c0_004993.gray
4993,2,87867516592000,c2_004993.gray
5001,0,87867535603000,c0_005001.gray
5001,2,87867535589000,c2_005001.gray
5006,0,87867549938000,c0_005006.gray
5006,2,87867549924000,c2_005006.gray
5013,0,87867568937000,c0_005013.gray
5013,2,87867568925000,c2_005013.gray
5019,0,87867583284000,c0_005019.gray
5019,2,87867583265000,c2_005019.gray
5027,0,87867602271000,c0_005027.gray
5027,2,87867602257000,c2_005027.gray
5033,0,87867616739000,c0_005033.gray
5033,2,87867616661000,c2_005033.gray
5040,0,87867635607000,c0_005040.gray
5040,2,87867635595000,c2_005040.gray
5046,0,87867649943000,c0_005046.gray
5046,2,87867649930000,c2_005046.gray
5054,0,87867668940000,c0_005054.gray
5054,2,87867668927000,c2_005054.gray
5060,0,87867683283000,c0_005060.gray
5060,2,87867683266000,c2_005060.gray
5068,0,87867702303000,c0_005068.gray
5068,2,87867702283000,c2_005068.gray
5073,0,87867716625000,c0_005073.gray
5073,2,87867716605000,c2_005073.gray
5081,0,87867735606000,c0_005081.gray
5081,2,87867735591000,c2_005081.gray
5087,0,87867749938000,c0_005087.gray
5087,2,87867749925000,c2_005087.gray
5095,0,87867768936000,c0_005095.gray
5095,2,87867768923000,c2_005095.gray
5101,0,87867783274000,c0_005101.gray
5101,2,87867783262000,c2_005101.gray
5109,0,87867802280000,c0_005109.gray
5109,2,87867802266000,c2_005109.gray
5114,0,87867816608000,c0_005114.gray
5114,2,87867816594000,c2_005114.gray
5122,0,87867835603000,c0_005122.gray
5122,2,87867835591000,c2_005122.gray
5128,0,87867849942000,c0_005128.gray
5128,2,87867849928000,c2_005128.gray
5136,0,87867869100000,c0_005136.gray
5136,2,87867869012000,c2_005136.gray
5141,0,87867883323000,c0_005141.gray
5141,2,87867883285000,c2_005141.gray
5149,0,87867902334000,c0_005149.gray
5149,2,87867902302000,c2_005149.gray
5154,0,87867916609000,c0_005154.gray
5154,2,87867916595000,c2_005154.gray
5162,0,87867935604000,c0_005162.gray
5162,2,87867935591000,c2_005162.gray
5168,0,87867949954000,c0_005168.gray
5168,2,87867949935000,c2_005168.gray
5175,0,87867969035000,c0_005175.gray
5175,2,87867968994000,c2_005175.gray
5179,0,87867983284000,c0_005179.gray
5179,2,87867983267000,c2_005179.gray
5187,0,87868002281000,c0_005187.gray
5187,2,87868002265000,c2_005187.gray
5193,0,87868016617000,c0_005193.gray
5193,2,87868016602000,c2_005193.gray
5201,0,87868035616000,c0_005201.gray
5201,2,87868035599000,c2_005201.gray
5207,0,87868049949000,c0_005207.gray
5207,2,87868049933000,c2_005207.gray
5215,0,87868068942000,c0_005215.gray
5215,2,87868068928000,c2_005215.gray
5220,0,87868083277000,c0_005220.gray
5220,2,87868083264000,c2_005220.gray
5228,0,87868102275000,c0_005228.gray
5228,2,87868102261000,c2_005228.gray
5234,0,87868116609000,c0_005234.gray
5234,2,87868116596000,c2_005234.gray
5242,0,87868135608000,c0_005242.gray
5242,2,87868135594000,c2_005242.gray
5248,0,87868149944000,c0_005248.gray
5248,2,87868149929000,c2_005248.gray
5256,0,87868168938000,c0_005256.gray
5256,2,87868168925000,c2_005256.gray
5262,0,87868183279000,c0_005262.gray
5262,2,87868183263000,c2_005262.gray
5269,0,87868202350000,c0_005269.gray
5269,2,87868202308000,c2_005269.gray
5275,0,87868216651000,c0_005275.gray
5275,2,87868216636000,c2_005275.gray
5282,0,87868235621000,c0_005282.gray
5282,2,87868235611000,c2_005282.gray
5286,0,87868249950000,c0_005286.gray
5286,2,87868249934000,c2_005286.gray
5294,0,87868268943000,c0_005294.gray
5294,2,87868268928000,c2_005294.gray
5300,0,87868283291000,c0_005300.gray
5300,2,87868283271000,c2_005300.gray
5307,0,87868302283000,c0_005307.gray
5307,2,87868302266000,c2_005307.gray
5311,0,87868316612000,c0_005311.gray
5311,2,87868316600000,c2_005311.gray
5319,0,87868335610000,c0_005319.gray
5319,2,87868335598000,c2_005319.gray
5324,0,87868349955000,c0_005324.gray
5324,2,87868349936000,c2_005324.gray
5332,0,87868368953000,c0_005332.gray
5332,2,87868368935000,c2_005332.gray
5338,0,87868383288000,c0_005338.gray
5338,2,87868383271000,c2_005338.gray
5346,0,87868402284000,c0_005346.gray
5346,2,87868402267000,c2_005346.gray
5351,0,87868416611000,c0_005351.gray
5351,2,87868416599000,c2_005351.gray
5360,0,87868435608000,c0_005360.gray
5360,2,87868435595000,c2_005360.gray
5365,0,87868449943000,c0_005365.gray
5365,2,87868449930000,c2_005365.gray
5373,0,87868468942000,c0_005373.gray
5373,2,87868468928000,c2_005373.gray
5379,0,87868483326000,c0_005379.gray
5379,2,87868483312000,c2_005379.gray
5387,0,87868502276000,c0_005387.gray
5387,2,87868502261000,c2_005387.gray
5393,0,87868516613000,c0_005393.gray
5393,2,87868516597000,c2_005393.gray
5401,0,87868535608000,c0_005401.gray
5401,2,87868535596000,c2_005401.gray
5406,0,87868549942000,c0_005406.gray
5406,2,87868549931000,c2_005406.gray
5414,0,87868568941000,c0_005414.gray
5414,2,87868568929000,c2_005414.gray
5417,0,87868583282000,c0_005417.gray
5417,2,87868583267000,c2_005417.gray
5425,0,87868602282000,c0_005425.gray
5425,2,87868602266000,c2_005425.gray
5431,0,87868616613000,c0_005431.gray
5431,2,87868616600000,c2_005431.gray
5439,0,87868635612000,c0_005439.gray
5439,2,87868635601000,c2_005439.gray
5444,0,87868650013000,c0_005444.gray
5444,2,87868649983000,c2_005444.gray
5452,0,87868668945000,c0_005452.gray
5452,2,87868668933000,c2_005452.gray
5457,0,87868683287000,c0_005457.gray
5457,2,87868683271000,c2_005457.gray
5465,0,87868702276000,c0_005465.gray
5465,2,87868702266000,c2_005465.gray
5471,0,87868716615000,c0_005471.gray
5471,2,87868716603000,c2_005471.gray
5479,0,87868735613000,c0_005479.gray
5479,2,87868735600000,c2_005479.gray
5485,0,87868749948000,c0_005485.gray
5485,2,87868749934000,c2_005485.gray
5493,0,87868768945000,c0_005493.gray
5493,2,87868768931000,c2_005493.gray
5499,0,87868783283000,c0_005499.gray
5499,2,87868783268000,c2_005499.gray
5507,0,87868802277000,c0_005507.gray
5507,2,87868802263000,c2_005507.gray
5513,0,87868816614000,c0_005513.gray
5513,2,87868816601000,c2_005513.gray
5520,0,87868835611000,c0_005520.gray
5520,2,87868835597000,c2_005520.gray
5526,0,87868849946000,c0_005526.gray
5526,2,87868849932000,c2_005526.gray
5534,0,87868868943000,c0_005534.gray
5534,2,87868868930000,c2_005534.gray
5540,0,87868883283000,c0_005540.gray
5540,2,87868883268000,c2_005540.gray
5548,0,87868902326000,c0_005548.gray
5548,2,87868902311000,c2_005548.gray
5550,2,87868916605000,c2_005550.gray
5551,0,87868916623000,c0_005551.gray
5558,0,87868935622000,c0_005558.gray
5558,2,87868935604000,c2_005558.gray
5564,0,87868949947000,c0_005564.gray
5564,2,87868949934000,c2_005564.gray
5572,0,87868968955000,c0_005572.gray
5572,2,87868968937000,c2_005572.gray
5577,2,87868983322000,c2_005577.gray
5578,0,87868983357000,c0_005578.gray
5585,0,87869002281000,c0_005585.gray
5585,2,87869002268000,c2_005585.gray
5590,0,87869016614000,c0_005590.gray
5590,2,87869016603000,c2_005590.gray
5598,0,87869035612000,c0_005598.gray
5598,2,87869035598000,c2_005598.gray
5604,0,87869049952000,c0_005604.gray
5604,2,87869049940000,c2_005604.gray
5612,0,87869068956000,c0_005612.gray
5612,2,87869068939000,c2_005612.gray
5617,0,87869083289000,c0_005617.gray
5617,2,87869083273000,c2_005617.gray
5625,0,87869102279000,c0_005625.gray
5625,2,87869102266000,c2_005625.gray
5631,0,87869116617000,c0_005631.gray
5631,2,87869116603000,c2_005631.gray
5639,0,87869135614000,c0_005639.gray
5639,2,87869135600000,c2_005639.gray
5645,0,87869149947000,c0_005645.gray
5645,2,87869149935000,c2_005645.gray
5653,0,87869168948000,c0_005653.gray
5653,2,87869168934000,c2_005653.gray
5658,0,87869183285000,c0_005658.gray
5658,2,87869183270000,c2_005658.gray
5666,0,87869202278000,c0_005666.gray
5666,2,87869202265000,c2_005666.gray
5672,0,87869216618000,c0_005672.gray
5672,2,87869216603000,c2_005672.gray
5680,0,87869235635000,c0_005680.gray
5680,2,87869235600000,c2_005680.gray
5684,0,87869250006000,c0_005684.gray
5684,2,87869249989000,c2_005684.gray
5692,0,87869269025000,c0_005692.gray
5692,2,87869268996000,c2_005692.gray
5697,0,87869283286000,c0_005697.gray
5697,2,87869283271000,c2_005697.gray
5705,0,87869302290000,c0_005705.gray
5705,2,87869302273000,c2_005705.gray
5711,0,87869316716000,c0_005711.gray
5711,2,87869316687000,c2_005711.gray
5718,0,87869335623000,c0_005718.gray
5718,2,87869335607000,c2_005718.gray
5724,0,87869350013000,c0_005724.gray
5724,2,87869349961000,c2_005724.gray
5732,0,87869368948000,c0_005732.gray
5732,2,87869368933000,c2_005732.gray
5737,0,87869383294000,c0_005737.gray
5737,2,87869383276000,c2_005737.gray
5745,0,87869402287000,c0_005745.gray
5745,2,87869402272000,c2_005745.gray
5751,0,87869416626000,c0_005751.gray
5751,2,87869416609000,c2_005751.gray
5759,0,87869435615000,c0_005759.gray
5759,2,87869435601000,c2_005759.gray
5765,0,87869449950000,c0_005765.gray
5765,2,87869449935000,c2_005765.gray
5773,0,87869468948000,c0_005773.gray
5773,2,87869468934000,c2_005773.gray
5779,0,87869483281000,c0_005779.gray
5779,2,87869483269000,c2_005779.gray
5787,0,87869502282000,c0_005787.gray
5787,2,87869502268000,c2_005787.gray
5792,0,87869516619000,c0_005792.gray
5792,2,87869516604000,c2_005792.gray
5800,2,87869535601000,c2_005800.gray
5801,0,87869535616000,c0_005801.gray
5806,0,87869549969000,c0_005806.gray
5806,2,87869549959000,c2_005806.gray
5814,0,87869568953000,c0_005814.gray
5814,2,87869568938000,c2_005814.gray
5819,0,87869583288000,c0_005819.gray
5819,2,87869583273000,c2_005819.gray
5826,0,87869602284000,c0_005826.gray
5826,2,87869602269000,c2_005826.gray
5832,0,87869616624000,c0_005832.gray
5832,2,87869616608000,c2_005832.gray
5839,0,87869635617000,c0_005839.gray
5839,2,87869635605000,c2_005839.gray
5845,0,87869650004000,c0_005845.gray
5845,2,87869649971000,c2_005845.gray
5846,0,87869669011000,c0_005846.gray
5846,2,87869668977000,c2_005846.gray
5847,0,87869683294000,c0_005847.gray
5847,2,87869683277000,c2_005847.gray
5848,0,87869702282000,c0_005848.gray
5848,2,87869702269000,c2_005848.gray
5849,0,87869716617000,c0_005849.gray
5849,2,87869716606000,c2_005849.gray
5850,0,87869735623000,c0_005850.gray
5850,2,87869735607000,c2_005850.gray
5857,0,87869749961000,c0_005857.gray
5857,2,87869749943000,c2_005857.gray
5865,0,87869768955000,c0_005865.gray
5865,2,87869768941000,c2_005865.gray
5871,0,87869783288000,c0_005871.gray
5871,2,87869783273000,c2_005871.gray
5879,0,87869802281000,c0_005879.gray
5879,2,87869802267000,c2_005879.gray
5885,0,87869816622000,c0_005885.gray
5885,2,87869816607000,c2_005885.gray
5893,0,87869835666000,c0_005893.gray
5893,2,87869835602000,c2_005893.gray
5898,0,87869849957000,c0_005898.gray
5898,2,87869849943000,c2_005898.gray
5906,0,87869868955000,c0_005906.gray
5906,2,87869868939000,c2_005906.gray
5912,0,87869883290000,c0_005912.gray
5912,2,87869883275000,c2_005912.gray
5920,0,87869902401000,c0_005920.gray
5920,2,87869902311000,c2_005920.gray
5925,0,87869916688000,c0_005925.gray
5925,2,87869916631000,c2_005925.gray
5931,0,87869935618000,c0_005931.gray
5931,2,87869935605000,c2_005931.gray
5937,0,87869949961000,c0_005937.gray
5937,2,87869949944000,c2_005937.gray
5945,0,87869968963000,c0_005945.gray
5945,2,87869968946000,c2_005945.gray
5950,0,87869983290000,c0_005950.gray
5950,2,87869983278000,c2_005950.gray
5958,0,87870002315000,c0_005958.gray
5958,2,87870002303000,c2_005958.gray
5962,2,87870016613000,c2_005962.gray
5963,0,87870016626000,c0_005963.gray
5970,0,87870035616000,c0_005970.gray
5970,2,87870035604000,c2_005970.gray
5976,0,87870049965000,c0_005976.gray
5976,2,87870049947000,c2_005976.gray
5984,0,87870068965000,c0_005984.gray
5984,2,87870068945000,c2_005984.gray
5990,0,87870083295000,c0_005990.gray
5990,2,87870083280000,c2_005990.gray
5997,0,87870102294000,c0_005997.gray
5997,2,87870102278000,c2_005997.gray
6003,0,87870116621000,c0_006003.gray
6003,2,87870116608000,c2_006003.gray
6011,0,87870135616000,c0_006011.gray
6011,2,87870135604000,c2_006011.gray
6017,0,87870149954000,c0_006017.gray
6017,2,87870149941000,c2_006017.gray
6025,0,87870168951000,c0_006025.gray
6025,2,87870168938000,c2_006025.gray
6030,0,87870183292000,c0_006030.gray
6030,2,87870183278000,c2_006030.gray
6038,0,87870202283000,c0_006038.gray
6038,2,87870202271000,c2_006038.gray
6044,0,87870216621000,c0_006044.gray
6044,2,87870216608000,c2_006044.gray
6052,0,87870235677000,c0_006052.gray
6052,2,87870235633000,c2_006052.gray
6057,0,87870250018000,c0_006057.gray
6057,2,87870249998000,c2_006057.gray
6061,0,87870268952000,c0_006061.gray
6061,2,87870268940000,c2_006061.gray
6067,0,87870283295000,c0_006067.gray
6067,2,87870283279000,c2_006067.gray
6075,0,87870302291000,c0_006075.gray
6075,2,87870302278000,c2_006075.gray
6081,0,87870316625000,c0_006081.gray
6081,2,87870316613000,c2_006081.gray
6089,0,87870335630000,c0_006089.gray
6089,2,87870335612000,c2_006089.gray
6092,0,87870349966000,c0_006092.gray
6092,2,87870349949000,c2_006092.gray
6100,0,87870368959000,c0_006100.gray
6100,2,87870368944000,c2_006100.gray
6105,0,87870383286000,c0_006105.gray
6105,2,87870383276000,c2_006105.gray
6113,0,87870402293000,c0_006113.gray
6113,2,87870402279000,c2_006113.gray
6119,0,87870416629000,c0_006119.gray
6119,2,87870416612000,c2_006119.gray
6127,0,87870435630000,c0_006127.gray
6127,2,87870435612000,c2_006127.gray
6133,0,87870449958000,c0_006133.gray
6133,2,87870449943000,c2_006133.gray
6141,0,87870468955000,c0_006141.gray
6141,2,87870468940000,c2_006141.gray
6147,0,87870483289000,c0_006147.gray
6147,2,87870483275000,c2_006147.gray
6155,0,87870502287000,c0_006155.gray
6155,2,87870502273000,c2_006155.gray
6160,0,87870516622000,c0_006160.gray
6160,2,87870516610000,c2_006160.gray
6168,0,87870535621000,c0_006168.gray
6168,2,87870535607000,c2_006168.gray
6174,0,87870549957000,c0_006174.gray
6174,2,87870549943000,c2_006174.gray
6182,0,87870568952000,c0_006182.gray
6182,2,87870568940000,c2_006182.gray
6188,0,87870583293000,c0_006188.gray
6188,2,87870583279000,c2_006188.gray
6194,0,87870602286000,c0_006194.gray
6194,2,87870602273000,c2_006194.gray
6200,0,87870616624000,c0_006200.gray
6200,2,87870616610000,c2_006200.gray
6207,0,87870635623000,c0_006207.gray
6207,2,87870635609000,c2_006207.gray
6213,0,87870649965000,c0_006213.gray
6213,2,87870649949000,c2_006213.gray
6221,0,87870669149000,c0_006221.gray
6221,2,87870669094000,c2_006221.gray
6226,0,87870683381000,c0_006226.gray
6226,2,87870683338000,c2_006226.gray
6233,0,87870702297000,c0_006233.gray
6233,2,87870702281000,c2_006233.gray
6238,0,87870716626000,c0_006238.gray
6238,2,87870716611000,c2_006238.gray
6246,0,87870735630000,c0_006246.gray
6246,2,87870735614000,c2_006246.gray
6252,0,87870749969000,c0_006252.gray
6252,2,87870749951000,c2_006252.gray
6260,0,87870768965000,c0_006260.gray
6260,2,87870768947000,c2_006260.gray
6266,0,87870783300000,c0_006266.gray
6266,2,87870783284000,c2_006266.gray
6274,0,87870802291000,c0_006274.gray
6274,2,87870802277000,c2_006274.gray
6279,0,87870816627000,c0_006279.gray
6279,2,87870816612000,c2_006279.gray
6287,0,87870835635000,c0_006287.gray
6287,2,87870835622000,c2_006287.gray
6293,0,87870850019000,c0_006293.gray
6293,2,87870849996000,c2_006293.gray
6301,0,87870868956000,c0_006301.gray
6301,2,87870868943000,c2_006301.gray
6306,0,87870883294000,c0_006306.gray
6306,2,87870883279000,c2_006306.gray
6314,0,87870902289000,c0_006314.gray
6314,2,87870902275000,c2_006314.gray
6320,0,87870916748000,c0_006320.gray
6320,2,87870916656000,c2_006320.gray
6327,0,87870935736000,c0_006327.gray
6327,2,87870935681000,c2_006327.gray
6332,0,87870949965000,c0_006332.gray
6332,2,87870949951000,c2_006332.gray
6339,2,87870968943000,c2_006339.gray
6340,0,87870968955000,c0_006340.gray
6345,0,87870983307000,c0_006345.gray
6345,2,87870983288000,c2_006345.gray
6353,0,87871002299000,c0_006353.gray
6353,2,87871002283000,c2_006353.gray
6359,0,87871016633000,c0_006359.gray
6359,2,87871016617000,c2_006359.gray
6365,0,87871035623000,c0_006365.gray
6365,2,87871035610000,c2_006365.gray
6371,0,87871049966000,c0_006371.gray
6371,2,87871049950000,c2_006371.gray
6379,0,87871068971000,c0_006379.gray
6379,2,87871068951000,c2_006379.gray
6385,0,87871083295000,c0_006385.gray
6385,2,87871083283000,c2_006385.gray
6392,2,87871102282000,c2_006392.gray
6393,0,87871102299000,c0_006393.gray
6398,0,87871116638000,c0_006398.gray
6398,2,87871116622000,c2_006398.gray
6406,0,87871135625000,c0_006406.gray
6406,2,87871135611000,c2_006406.gray
6412,0,87871149962000,c0_006412.gray
6412,2,87871149947000,c2_006412.gray
6420,0,87871168961000,c0_006420.gray
6420,2,87871168946000,c2_006420.gray
6426,0,87871183296000,c0_006426.gray
6426,2,87871183281000,c2_006426.gray
6434,0,87871202292000,c0_006434.gray
6434,2,87871202278000,c2_006434.gray
6439,0,87871216627000,c0_006439.gray
6439,2,87871216613000,c2_006439.gray
6447,0,87871235632000,c0_006447.gray
6447,2,87871235614000,c2_006447.gray
6452,0,87871250127000,c0_006452.gray
6452,2,87871250033000,c2_006452.gray
6459,0,87871268963000,c0_006459.gray
6459,2,87871268946000,c2_006459.gray
6465,0,87871283458000,c0_006465.gray
6465,2,87871283357000,c2_006465.gray
6472,0,87871302294000,c0_006472.gray
6472,2,87871302279000,c2_006472.gray
6478,0,87871316638000,c0_006478.gray
6478,2,87871316619000,c2_006478.gray
6486,0,87871335633000,c0_006486.gray
6486,2,87871335618000,c2_006486.gray
6491,0,87871349968000,c0_006491.gray
6491,2,87871349953000,c2_006491.gray
6499,0,87871368964000,c0_006499.gray
6499,2,87871368947000,c2_006499.gray
6504,0,87871383286000,c0_006504.gray
6504,2,87871383301000,c2_006504.gray
6512,0,87871402280000,c0_006512.gray
6512,2,87871402295000,c2_006512.gray
6518,0,87871416619000,c0_006518.gray
6518,2,87871416638000,c2_006518.gray
6526,0,87871435616000,c0_006526.gray
6526,2,87871435632000,c2_006526.gray
6532,0,87871449952000,c0_006532.gray
6532,2,87871449968000,c2_006532.gray
6540,0,87871468945000,c0_006540.gray
6540,2,87871468960000,c2_006540.gray
6546,0,87871483282000,c0_006546.gray
6546,2,87871483296000,c2_006546.gray
6554,0,87871502330000,c0_006554.gray
6554,2,87871502394000,c2_006554.gray
6560,0,87871516663000,c0_006560.gray
6560,2,87871516676000,c2_006560.gray
6568,0,87871535613000,c0_006568.gray
6568,2,87871535628000,c2_006568.gray
6574,0,87871549954000,c0_006574.gray
6574,2,87871549972000,c2_006574.gray
6582,0,87871568946000,c0_006582.gray
6582,2,87871568960000,c2_006582.gray
6587,0,87871583314000,c0_006587.gray
6587,2,87871583326000,c2_006587.gray
6595,0,87871602280000,c0_006595.gray
6595,2,87871602293000,c2_006595.gray
6600,0,87871616622000,c0_006600.gray
6600,2,87871616646000,c2_006600.gray
6608,0,87871635611000,c0_006608.gray
6608,2,87871635629000,c2_006608.gray
6614,0,87871649953000,c0_006614.gray
6614,2,87871649965000,c2_006614.gray
6622,0,87871668954000,c0_006622.gray
6622,2,87871668971000,c2_006622.gray
6627,0,87871683288000,c0_006627.gray
6627,2,87871683303000,c2_006627.gray
6635,0,87871702337000,c0_006635.gray
6635,2,87871702354000,c2_006635.gray
6638,0,87871716657000,c0_006638.gray
6638,2,87871716695000,c2_006638.gray
6646,0,87871735616000,c0_006646.gray
6646,2,87871735631000,c2_006646.gray
6652,0,87871749957000,c0_006652.gray
6652,2,87871749977000,c2_006652.gray
6660,0,87871768954000,c0_006660.gray
6660,2,87871768971000,c2_006660.gray
6665,0,87871783289000,c0_006665.gray
6665,2,87871783304000,c2_006665.gray
6673,0,87871802287000,c0_006673.gray
6673,2,87871802303000,c2_006673.gray
6679,0,87871816617000,c0_006679.gray
6679,2,87871816630000,c2_006679.gray
6687,0,87871835615000,c0_006687.gray
6687,2,87871835629000,c2_006687.gray
6693,0,87871850001000,c0_006693.gray
6693,2,87871850018000,c2_006693.gray
6700,0,87871868949000,c0_006700.gray
6700,2,87871868962000,c2_006700.gray
6706,0,87871883284000,c0_006706.gray
6706,2,87871883300000,c2_006706.gray
6714,0,87871902302000,c0_006714.gray
6714,2,87871902377000,c2_006714.gray
6720,0,87871916618000,c0_006720.gray
6720,2,87871916630000,c2_006720.gray
6726,0,87871935669000,c0_006726.gray
6726,2,87871935758000,c2_006726.gray
6731,0,87871949952000,c0_006731.gray
6731,2,87871949967000,c2_006731.gray
6739,0,87871968953000,c0_006739.gray
6739,2,87871968969000,c2_006739.gray
6745,0,87871983299000,c0_006745.gray
6745,2,87871983308000,c2_006745.gray
6752,0,87872002290000,c0_006752.gray
6752,2,87872002317000,c2_006752.gray
6758,0,87872016623000,c0_006758.gray
6758,2,87872016640000,c2_006758.gray
6766,0,87872035621000,c0_006766.gray
6766,2,87872035634000,c2_006766.gray
6771,0,87872049993000,c0_006771.gray
6771,2,87872050015000,c2_006771.gray
6779,0,87872068952000,c0_006779.gray
6779,2,87872068969000,c2_006779.gray
6784,0,87872083285000,c0_006784.gray
6784,2,87872083299000,c2_006784.gray
6793,0,87872102287000,c0_006793.gray
6793,2,87872102299000,c2_006793.gray
6798,0,87872116624000,c0_006798.gray
6798,2,87872116641000,c2_006798.gray
6806,0,87872135622000,c0_006806.gray
6806,2,87872135640000,c2_006806.gray
6812,0,87872149953000,c0_006812.gray
6812,2,87872149967000,c2_006812.gray
6820,0,87872168949000,c0_006820.gray
6820,2,87872168963000,c2_006820.gray
6826,0,87872183286000,c0_006826.gray
6826,2,87872183299000,c2_006826.gray
6833,0,87872202284000,c0_006833.gray
6833,2,87872202299000,c2_006833.gray
6839,0,87872216619000,c0_006839.gray
6839,2,87872216633000,c2_006839.gray
6847,0,87872235617000,c0_006847.gray
6847,2,87872235630000,c2_006847.gray
6853,0,87872249953000,c0_006853.gray
6853,2,87872249967000,c2_006853.gray
6860,0,87872268950000,c0_006860.gray
6860,2,87872268964000,c2_006860.gray
6864,0,87872283333000,c0_006864.gray
6864,2,87872283348000,c2_006864.gray
6872,0,87872302288000,c0_006872.gray
6872,2,87872302305000,c2_006872.gray
6877,0,87872316621000,c0_006877.gray
6877,2,87872316636000,c2_006877.gray
6885,0,87872335624000,c0_006885.gray
6885,2,87872335642000,c2_006885.gray
6891,0,87872349959000,c0_006891.gray
6891,2,87872349976000,c2_006891.gray
6899,0,87872369016000,c0_006899.gray
6899,2,87872369038000,c2_006899.gray
6903,0,87872383332000,c0_006903.gray
6903,2,87872383407000,c2_006903.gray
6909,0,87872402284000,c0_006909.gray
6909,2,87872402298000,c2_006909.gray
6915,0,87872416622000,c0_006915.gray
6915,2,87872416636000,c2_006915.gray
6923,0,87872435623000,c0_006923.gray
6923,2,87872435639000,c2_006923.gray
6928,0,87872449958000,c0_006928.gray
6928,2,87872449972000,c2_006928.gray
6936,0,87872468956000,c0_006936.gray
6936,2,87872468968000,c2_006936.gray
6942,0,87872483293000,c0_006942.gray
6942,2,87872483308000,c2_006942.gray
6950,0,87872502285000,c0_006950.gray
6950,2,87872502296000,c2_006950.gray
6956,0,87872516624000,c0_006956.gray
6956,2,87872516637000,c2_006956.gray
6964,0,87872535623000,c0_006964.gray
6964,2,87872535741000,c2_006964.gray
6970,0,87872549956000,c0_006970.gray
6970,2,87872549971000,c2_006970.gray
6977,0,87872568964000,c0_006977.gray
6977,2,87872568977000,c2_006977.gray
6983,0,87872583291000,c0_006983.gray
6983,2,87872583307000,c2_006983.gray
6991,0,87872602286000,c0_006991.gray
6991,2,87872602300000,c2_006991.gray
6996,0,87872616622000,c0_006996.gray
6996,2,87872616636000,c2_006996.gray
7004,0,87872635685000,c0_007004.gray
7004,2,87872635701000,c2_007004.gray
7009,0,87872649956000,c0_007009.gray
7009,2,87872649971000,c2_007009.gray
7017,0,87872668957000,c0_007017.gray
7017,2,87872668968000,c2_007017.gray
7023,0,87872683294000,c0_007023.gray
7023,2,87872683310000,c2_007023.gray
7031,0,87872702289000,c0_007031.gray
7031,2,87872702305000,c2_007031.gray
7035,0,87872716646000,c0_007035.gray
7035,2,87872716735000,c2_007035.gray
7040,0,87872735619000,c0_007040.gray
7040,2,87872735633000,c2_007040.gray
7046,0,87872749960000,c0_007046.gray
7046,2,87872749975000,c2_007046.gray
7054,0,87872768965000,c0_007054.gray
7054,2,87872768982000,c2_007054.gray
7060,0,87872783295000,c0_007060.gray
7060,2,87872783312000,c2_007060.gray
7068,0,87872802292000,c0_007068.gray
7068,2,87872802308000,c2_007068.gray
7074,0,87872816623000,c0_007074.gray
7074,2,87872816638000,c2_007074.gray
7082,0,87872835618000,c0_007082.gray
7082,2,87872835634000,c2_007082.gray
7088,0,87872849955000,c0_007088.gray
7088,2,87872849968000,c2_007088.gray
7095,0,87872868952000,c0_007095.gray
7095,2,87872868961000,c2_007095.gray
7101,0,87872883290000,c0_007101.gray
7101,2,87872883304000,c2_007101.gray
7109,0,87872902286000,c0_007109.gray
7109,2,87872902301000,c2_007109.gray
7115,0,87872916623000,c0_007115.gray
7115,2,87872916635000,c2_007115.gray
7123,0,87872935678000,c0_007123.gray
7123,2,87872935737000,c2_007123.gray
7127,0,87872949960000,c0_007127.gray
7127,2,87872949976000,c2_007127.gray
7135,0,87872968957000,c0_007135.gray
7135,2,87872968972000,c2_007135.gray
7141,0,87872983297000,c0_007141.gray
7141,2,87872983308000,c2_007141.gray
7148,0,87873002295000,c0_007148.gray
7148,2,87873002313000,c2_007148.gray
7154,0,87873016630000,c0_007154.gray
7154,2,87873016647000,c2_007154.gray
7162,0,87873035626000,c0_007162.gray
7162,2,87873035643000,c2_007162.gray
7167,0,87873050003000,c0_007167.gray
7167,2,87873050021000,c2_007167.gray
7175,0,87873068960000,c0_007175.gray
7175,2,87873068977000,c2_007175.gray
7181,0,87873083292000,c0_007181.gray
7181,2,87873083305000,c2_007181.gray
7189,0,87873102294000,c0_007189.gray
7189,2,87873102311000,c2_007189.gray
7194,0,87873116627000,c0_007194.gray
7194,2,87873116639000,c2_007194.gray
7203,0,87873135625000,c0_007203.gray
7203,2,87873135637000,c2_007203.gray
7208,0,87873149958000,c0_007208.gray
7208,2,87873149972000,c2_007208.gray
7216,0,87873168956000,c0_007216.gray
7216,2,87873168971000,c2_007216.gray
7222,0,87873183291000,c0_007222.gray
7222,2,87873183305000,c2_007222.gray
7230,0,87873202289000,c0_007230.gray
7230,2,87873202303000,c2_007230.gray
7236,0,87873216625000,c0_007236.gray
7236,2,87873216640000,c2_007236.gray
7244,0,87873235623000,c0_007244.gray
7244,2,87873235636000,c2_007244.gray
7249,0,87873249958000,c0_007249.gray
7249,2,87873249970000,c2_007249.gray
7257,0,87873269022000,c0_007257.gray
7257,2,87873269041000,c2_007257.gray
7261,0,87873283306000,c0_007261.gray
7261,2,87873283320000,c2_007261.gray
7269,0,87873302364000,c0_007269.gray
7269,2,87873302404000,c2_007269.gray
7274,0,87873316628000,c0_007274.gray
7274,2,87873316639000,c2_007274.gray
7282,0,87873335627000,c0_007282.gray
7282,2,87873335640000,c2_007282.gray
7288,0,87873349959000,c0_007288.gray
7288,2,87873349970000,c2_007288.gray
7296,0,87873368960000,c0_007296.gray
7296,2,87873369039000,c2_007296.gray
7301,0,87873383309000,c0_007301.gray
7301,2,87873383323000,c2_007301.gray
7308,0,87873402291000,c0_007308.gray
7308,2,87873402312000,c2_007308.gray
7314,0,87873416627000,c0_007314.gray
7314,2,87873416640000,c2_007314.gray
7322,0,87873435628000,c0_007322.gray
7322,2,87873435641000,c2_007322.gray
7328,0,87873449965000,c0_007328.gray
7328,2,87873449983000,c2_007328.gray
7336,0,87873468964000,c0_007336.gray
7336,2,87873468986000,c2_007336.gray
7342,0,87873483298000,c0_007342.gray
7342,2,87873483315000,c2_007342.gray
7350,0,87873502290000,c0_007350.gray
7350,2,87873502303000,c2_007350.gray
7355,0,87873516630000,c0_007355.gray
7355,2,87873516648000,c2_007355.gray
7363,0,87873535624000,c0_007363.gray
7363,2,87873535637000,c2_007363.gray
7369,0,87873549960000,c0_007369.gray
7369,2,87873549974000,c2_007369.gray
7377,0,87873568958000,c0_007377.gray
7377,2,87873568973000,c2_007377.gray
7383,0,87873583294000,c0_007383.gray
7383,2,87873583308000,c2_007383.gray
7389,0,87873602317000,c0_007389.gray
7389,2,87873602330000,c2_007389.gray
7394,0,87873616628000,c0_007394.gray
7394,2,87873616643000,c2_007394.gray
7402,0,87873635625000,c0_007402.gray
7402,2,87873635639000,c2_007402.gray
7408,0,87873649967000,c0_007408.gray
7408,2,87873649985000,c2_007408.gray
7415,0,87873668963000,c0_007415.gray
7415,2,87873668975000,c2_007415.gray
7421,0,87873683297000,c0_007421.gray
7421,2,87873683309000,c2_007421.gray
7429,0,87873702296000,c0_007429.gray
7429,2,87873702310000,c2_007429.gray
7435,0,87873716629000,c0_007435.gray
7435,2,87873716643000,c2_007435.gray
7441,0,87873735626000,c0_007441.gray
7441,2,87873735640000,c2_007441.gray
7447,0,87873749964000,c0_007447.gray
7447,2,87873749978000,c2_007447.gray
7455,0,87873768965000,c0_007455.gray
7455,2,87873768983000,c2_007455.gray
7460,0,87873783302000,c0_007460.gray
7460,2,87873783320000,c2_007460.gray
7468,0,87873802298000,c0_007468.gray
7468,2,87873802313000,c2_007468.gray
7474,0,87873816634000,c0_007474.gray
7474,2,87873816652000,c2_007474.gray
7482,0,87873835624000,c0_007482.gray
7482,2,87873835638000,c2_007482.gray
7488,0,87873849995000,c0_007488.gray
7488,2,87873850009000,c2_007488.gray
7495,0,87873868960000,c0_007495.gray
7495,2,87873868973000,c2_007495.gray
7501,0,87873883294000,c0_007501.gray
7501,2,87873883308000,c2_007501.gray
7509,0,87873902311000,c0_007509.gray
7509,2,87873902409000,c2_007509.gray
7515,0,87873916629000,c0_007515.gray
7515,2,87873916643000,c2_007515.gray
7522,0,87873935698000,c0_007522.gray
7522,2,87873935760000,c2_007522.gray
7527,0,87873949963000,c0_007527.gray
7527,2,87873949973000,c2_007527.gray
7535,0,87873968961000,c0_007535.gray
7535,2,87873968976000,c2_007535.gray
7541,0,87873983304000,c0_007541.gray
7541,2,87873983321000,c2_007541.gray
7548,0,87874002304000,c0_007548.gray
7548,2,87874002315000,c2_007548.gray
7554,0,87874016636000,c0_007554.gray
7554,2,87874016652000,c2_007554.gray
7562,0,87874035627000,c0_007562.gray
7562,2,87874035639000,c2_007562.gray
7568,0,87874049975000,c0_007568.gray
7568,2,87874050018000,c2_007568.gray
7575,0,87874068960000,c0_007575.gray
7575,2,87874068973000,c2_007575.gray
7581,0,87874083300000,c0_007581.gray
7581,2,87874083317000,c2_007581.gray
7589,0,87874102294000,c0_007589.gray
7589,2,87874102304000,c2_007589.gray
7594,0,87874116632000,c0_007594.gray
7594,2,87874116643000,c2_007594.gray
7602,0,87874135632000,c0_007602.gray
7602,2,87874135648000,c2_007602.gray
7608,0,87874149965000,c0_007608.gray
7608,2,87874149980000,c2_007608.gray
7616,0,87874168964000,c0_007616.gray
7616,2,87874168980000,c2_007616.gray
7622,0,87874183299000,c0_007622.gray
7622,2,87874183339000,c2_007622.gray
7630,0,87874202296000,c0_007630.gray
7630,2,87874202311000,c2_007630.gray
7635,0,87874216632000,c0_007635.gray
7635,2,87874216647000,c2_007635.gray
7643,0,87874235628000,c0_007643.gray
7643,2,87874235641000,c2_007643.gray
7649,0,87874249964000,c0_007649.gray
7649,2,87874249978000,c2_007649.gray
7656,0,87874268988000,c0_007656.gray
7656,2,87874269078000,c2_007656.gray
7662,0,87874283302000,c0_007662.gray
7662,2,87874283317000,c2_007662.gray
7670,0,87874302300000,c0_007670.gray
7670,2,87874302318000,c2_007670.gray
7675,0,87874316636000,c0_007675.gray
7675,2,87874316648000,c2_007675.gray
7683,0,87874335662000,c0_007683.gray
7683,2,87874335680000,c2_007683.gray
7689,0,87874349968000,c0_007689.gray
7689,2,87874349984000,c2_007689.gray
7697,0,87874368966000,c0_007697.gray
7697,2,87874368981000,c2_007697.gray
7701,0,87874383329000,c0_007701.gray
7701,2,87874383344000,c2_007701.gray
7708,0,87874402294000,c0_007708.gray
7708,2,87874402307000,c2_007708.gray
7713,0,87874416635000,c0_007713.gray
7713,2,87874416649000,c2_007713.gray
7721,0,87874435646000,c0_007721.gray
7721,2,87874435659000,c2_007721.gray
7727,0,87874449969000,c0_007727.gray
7727,2,87874449981000,c2_007727.gray
7735,0,87874468966000,c0_007735.gray
7735,2,87874468979000,c2_007735.gray
7741,0,87874483304000,c0_007741.gray
7741,2,87874483319000,c2_007741.gray
7749,0,87874502296000,c0_007749.gray
7749,2,87874502307000,c2_007749.gray
7754,0,87874516632000,c0_007754.gray
7754,2,87874516647000,c2_007754.gray
7762,0,87874535629000,c0_007762.gray
7762,2,87874535641000,c2_007762.gray
7768,0,87874549965000,c0_007768.gray
7768,2,87874549977000,c2_007768.gray
7776,0,87874568963000,c0_007776.gray
7776,2,87874568976000,c2_007776.gray
7782,0,87874583300000,c0_007782.gray
7782,2,87874583315000,c2_007782.gray
7788,0,87874602295000,c0_007788.gray
7788,2,87874602309000,c2_007788.gray
7794,0,87874616636000,c0_007794.gray
7794,2,87874616652000,c2_007794.gray
7802,0,87874635637000,c0_007802.gray
7802,2,87874635655000,c2_007802.gray
7807,0,87874649974000,c0_007807.gray
7807,2,87874649993000,c2_007807.gray
7815,0,87874668967000,c0_007815.gray
7815,2,87874668980000,c2_007815.gray
7820,0,87874683321000,c0_007820.gray
7820,2,87874683336000,c2_007820.gray
7828,0,87874702297000,c0_007828.gray
7828,2,87874702308000,c2_007828.gray
7834,0,87874716633000,c0_007834.gray
7834,2,87874716645000,c2_007834.gray
7841,0,87874735631000,c0_007841.gray
7841,2,87874735647000,c2_007841.gray
7847,0,87874749971000,c0_007847.gray
7847,2,87874749987000,c2_007847.gray
7855,0,87874768979000,c0_007855.gray
7855,2,87874768993000,c2_007855.gray
7861,0,87874783306000,c0_007861.gray
7861,2,87874783324000,c2_007861.gray
7869,0,87874802304000,c0_007869.gray
7869,2,87874802320000,c2_007869.gray
7874,2,87874816656000,c2_007874.gray
7875,0,87874816639000,c0_007875.gray
7882,0,87874835634000,c0_007882.gray
7882,2,87874835650000,c2_007882.gray
7888,0,87874849967000,c0_007888.gray
7888,2,87874849979000,c2_007888.gray
7896,0,87874868966000,c0_007896.gray
7896,2,87874868980000,c2_007896.gray
7902,0,87874883302000,c0_007902.gray
7902,2,87874883318000,c2_007902.gray
7910,0,87874902298000,c0_007910.gray
7910,2,87874902310000,c2_007910.gray
7916,0,87874916634000,c0_007916.gray
7916,2,87874916648000,c2_007916.gray
7923,0,87874935631000,c0_007923.gray
7923,2,87874935645000,c2_007923.gray
7929,0,87874949971000,c0_007929.gray
7929,2,87874949985000,c2_007929.gray
7937,0,87874968968000,c0_007937.gray
7937,2,87874968981000,c2_007937.gray
7943,0,87874983423000,c0_007943.gray
7943,2,87874983485000,c2_007943.gray
7950,0,87875002304000,c0_007950.gray
7950,2,87875002316000,c2_007950.gray
7956,0,87875016641000,c0_007956.gray
7956,2,87875016656000,c2_007956.gray
7964,0,87875035666000,c0_007964.gray
7964,2,87875035679000,c2_007964.gray
7969,0,87875049968000,c0_007969.gray
7969,2,87875049979000,c2_007969.gray
7977,0,87875069013000,c0_007977.gray
7977,2,87875069074000,c2_007977.gray
7981,0,87875083323000,c0_007981.gray
7981,2,87875083336000,c2_007981.gray
7989,0,87875102304000,c0_007989.gray
7989,2,87875102316000,c2_007989.gray
7995,0,87875116641000,c0_007995.gray
7995,2,87875116658000,c2_007995.gray
8003,0,87875135639000,c0_008003.gray
8003,2,87875135655000,c2_008003.gray
8009,0,87875149975000,c0_008009.gray
8009,2,87875149989000,c2_008009.gray
8017,0,87875168967000,c0_008017.gray
8017,2,87875168981000,c2_008017.gray
8022,0,87875183304000,c0_008022.gray
8022,2,87875183318000,c2_008022.gray
8030,0,87875202299000,c0_008030.gray
8030,2,87875202313000,c2_008030.gray
8036,0,87875216636000,c0_008036.gray
8036,2,87875216649000,c2_008036.gray
8044,0,87875235634000,c0_008044.gray
8044,2,87875235646000,c2_008044.gray
8050,0,87875249970000,c0_008050.gray
8050,2,87875250008000,c2_008050.gray
8057,0,87875268967000,c0_008057.gray
8057,2,87875268982000,c2_008057.gray
8063,0,87875283306000,c0_008063.gray
8063,2,87875283320000,c2_008063.gray
8071,0,87875302300000,c0_008071.gray
8071,2,87875302314000,c2_008071.gray
8077,0,87875316642000,c0_008077.gray
8077,2,87875316654000,c2_008077.gray
8084,0,87875335651000,c0_008084.gray
8084,2,87875335668000,c2_008084.gray
8090,0,87875349974000,c0_008090.gray
8090,2,87875349993000,c2_008090.gray
8098,0,87875368970000,c0_008098.gray
8098,2,87875368987000,c2_008098.gray
8104,0,87875383304000,c0_008104.gray
8104,2,87875383317000,c2_008104.gray
8112,0,87875402300000,c0_008112.gray
8112,2,87875402314000,c2_008112.gray
8117,0,87875416693000,c0_008117.gray
8117,2,87875416748000,c2_008117.gray
8125,0,87875435639000,c0_008125.gray
8125,2,87875435654000,c2_008125.gray
8130,0,87875449971000,c0_008130.gray
8130,2,87875449984000,c2_008130.gray
8138,0,87875468974000,c0_008138.gray
8138,2,87875468991000,c2_008138.gray
8144,0,87875483310000,c0_008144.gray
8144,2,87875483323000,c2_008144.gray
8152,0,87875502309000,c0_008152.gray
8152,2,87875502327000,c2_008152.gray
8158,0,87875516646000,c0_008158.gray
8158,2,87875516656000,c2_008158.gray
8165,0,87875535639000,c0_008165.gray
8165,2,87875535652000,c2_008165.gray
8171,0,87875549973000,c0_008171.gray
8171,2,87875549987000,c2_008171.gray
8179,0,87875568969000,c0_008179.gray
8179,2,87875568983000,c2_008179.gray
8185,0,87875583356000,c0_008185.gray
8185,2,87875583405000,c2_008185.gray
8192,0,87875602301000,c0_008192.gray
8192,2,87875602303000,c2_008192.gray
8198,0,87875616643000,c0_008198.gray
8198,2,87875616640000,c2_008198.gray
8206,0,87875635636000,c0_008206.gray
8206,2,87875635637000,c2_008206.gray
8211,0,87875649975000,c0_008211.gray
8211,2,87875649976000,c2_008211.gray
8219,0,87875669020000,c0_008219.gray
8219,2,87875669035000,c2_008219.gray
8225,0,87875683310000,c0_008225.gray
8225,2,87875683309000,c2_008225.gray
8232,0,87875702305000,c0_008232.gray
8232,2,87875702304000,c2_008232.gray
8238,0,87875716640000,c0_008238.gray
8238,2,87875716641000,c2_008238.gray
8246,0,87875735638000,c0_008246.gray
8246,2,87875735638000,c2_008246.gray
8251,0,87875750048000,c0_008251.gray
8251,2,87875750013000,c2_008251.gray
8257,0,87875768972000,c0_008257.gray
8257,2,87875768973000,c2_008257.gray
8262,2,87875783308000,c2_008262.gray
8263,0,87875783327000,c0_008263.gray
8270,2,87875802306000,c2_008270.gray
8271,0,87875802308000,c0_008271.gray
8276,0,87875816653000,c0_008276.gray
8276,2,87875816642000,c2_008276.gray
8284,0,87875835643000,c0_008284.gray
8284,2,87875835641000,c2_008284.gray
8290,0,87875849970000,c0_008290.gray
8290,2,87875849971000,c2_008290.gray
8298,0,87875868968000,c0_008298.gray
8298,2,87875868970000,c2_008298.gray
8303,0,87875883308000,c0_008303.gray
8303,2,87875883310000,c2_008303.gray
8311,0,87875902304000,c0_008311.gray
8311,2,87875902305000,c2_008311.gray
8317,0,87875916641000,c0_008317.gray
8317,2,87875916642000,c2_008317.gray
8325,0,87875935708000,c0_008325.gray
8325,2,87875935637000,c2_008325.gray
8328,0,87875949976000,c0_008328.gray
8328,2,87875949977000,c2_008328.gray
8336,0,87875968975000,c0_008336.gray
8336,2,87875968976000,c2_008336.gray
8342,0,87875983312000,c0_008342.gray
8342,2,87875983313000,c2_008342.gray
8350,0,87876002315000,c0_008350.gray
8350,2,87876002316000,c2_008350.gray
8355,0,87876016645000,c0_008355.gray
8355,2,87876016646000,c2_008355.gray
8363,0,87876035644000,c0_008363.gray
8363,2,87876035642000,c2_008363.gray
8369,0,87876049976000,c0_008369.gray
8369,2,87876049975000,c2_008369.gray
8377,0,87876068972000,c0_008377.gray
8377,2,87876068973000,c2_008377.gray
8381,0,87876083309000,c0_008381.gray
8381,2,87876083308000,c2_008381.gray
8387,0,87876102308000,c0_008387.gray
8387,2,87876102307000,c2_008387.gray
8393,0,87876116643000,c0_008393.gray
8393,2,87876116644000,c2_008393.gray
8401,0,87876135644000,c0_008401.gray
8401,2,87876135645000,c2_008401.gray
8406,0,87876149981000,c0_008406.gray
8406,2,87876149980000,c2_008406.gray
8414,0,87876168978000,c0_008414.gray
8414,2,87876168979000,c2_008414.gray
8420,0,87876183313000,c0_008420.gray
8420,2,87876183314000,c2_008420.gray
8427,0,87876202364000,c0_008427.gray
8427,2,87876202354000,c2_008427.gray
8433,0,87876216642000,c0_008433.gray
8433,2,87876216643000,c2_008433.gray
8441,0,87876235639000,c0_008441.gray
8441,2,87876235640000,c2_008441.gray
8446,0,87876249975000,c0_008446.gray
8446,2,87876249976000,c2_008446.gray
8454,0,87876269022000,c0_008454.gray
8454,2,87876269021000,c2_008454.gray
8459,0,87876283373000,c0_008459.gray
8459,2,87876283358000,c2_008459.gray
8466,0,87876302307000,c0_008466.gray
8466,2,87876302308000,c2_008466.gray
8472,0,87876316644000,c0_008472.gray
8472,2,87876316645000,c2_008472.gray
8480,0,87876335644000,c0_008480.gray
8480,2,87876335645000,c2_008480.gray
8485,0,87876349984000,c0_008485.gray
8485,2,87876349983000,c2_008485.gray
8493,0,87876368978000,c0_008493.gray
8493,2,87876368978000,c2_008493.gray
8498,0,87876383316000,c0_008498.gray
8498,2,87876383314000,c2_008498.gray
8506,0,87876402306000,c0_008506.gray
8506,2,87876402308000,c2_008506.gray
8512,0,87876416693000,c0_008512.gray
8512,2,87876416693000,c2_008512.gray
8517,0,87876435641000,c0_008517.gray
8517,2,87876435643000,c2_008517.gray
8523,0,87876449977000,c0_008523.gray
8523,2,87876449979000,c2_008523.gray
8531,0,87876468978000,c0_008531.gray
8531,2,87876468978000,c2_008531.gray
8537,0,87876483315000,c0_008537.gray
8537,2,87876483316000,c2_008537.gray
8545,0,87876502311000,c0_008545.gray
8545,2,87876502312000,c2_008545.gray
8551,0,87876516645000,c0_008551.gray
8551,2,87876516646000,c2_008551.gray
8559,0,87876535641000,c0_008559.gray
8559,2,87876535642000,c2_008559.gray
8564,0,87876549977000,c0_008564.gray
8564,2,87876549978000,c2_008564.gray
8572,0,87876568974000,c0_008572.gray
8572,2,87876568975000,c2_008572.gray
8578,0,87876583315000,c0_008578.gray
8578,2,87876583316000,c2_008578.gray
8586,0,87876602309000,c0_008586.gray
8586,2,87876602310000,c2_008586.gray
8592,0,87876616700000,c0_008592.gray
8592,2,87876616712000,c2_008592.gray
8597,0,87876635642000,c0_008597.gray
8597,2,87876635643000,c2_008597.gray
8603,0,87876649982000,c0_008603.gray
8603,2,87876649981000,c2_008603.gray
8611,0,87876668981000,c0_008611.gray
8611,2,87876668982000,c2_008611.gray
8616,0,87876683321000,c0_008616.gray
8616,2,87876683322000,c2_008616.gray
8624,0,87876702312000,c0_008624.gray
8624,2,87876702313000,c2_008624.gray
8630,0,87876716650000,c0_008630.gray
8630,2,87876716651000,c2_008630.gray
8638,0,87876735665000,c0_008638.gray
8638,2,87876735641000,c2_008638.gray
8643,0,87876749979000,c0_008643.gray
8643,2,87876749980000,c2_008643.gray
8650,0,87876768977000,c0_008650.gray
8650,2,87876768978000,c2_008650.gray
8656,0,87876783317000,c0_008656.gray
8656,2,87876783318000,c2_008656.gray
8664,0,87876802315000,c0_008664.gray
8664,2,87876802314000,c2_008664.gray
8670,0,87876816651000,c0_008670.gray
8670,2,87876816652000,c2_008670.gray
8678,0,87876835649000,c0_008678.gray
8678,2,87876835647000,c2_008678.gray
8684,0,87876849983000,c0_008684.gray
8684,2,87876849984000,c2_008684.gray
8692,0,87876868981000,c0_008692.gray
8692,2,87876868982000,c2_008692.gray
8697,0,87876883344000,c0_008697.gray
8697,2,87876883342000,c2_008697.gray
8705,0,87876902310000,c0_008705.gray
8705,2,87876902311000,c2_008705.gray
8711,0,87876916646000,c0_008711.gray
8711,2,87876916647000,c2_008711.gray
8718,0,87876935643000,c0_008718.gray
8718,2,87876935645000,c2_008718.gray
8724,0,87876950007000,c0_008724.gray
8724,2,87876950010000,c2_008724.gray
8731,0,87876968977000,c0_008731.gray
8731,2,87876968978000,c2_008731.gray
8737,0,87876983314000,c0_008737.gray
8737,2,87876983315000,c2_008737.gray
8745,0,87877002309000,c0_008745.gray
8745,2,87877002313000,c2_008745.gray
8751,0,87877016650000,c0_008751.gray
8751,2,87877016649000,c2_008751.gray
8758,0,87877035650000,c0_008758.gray
8758,2,87877035649000,c2_008758.gray
8764,0,87877049985000,c0_008764.gray
8764,2,87877049986000,c2_008764.gray
8772,0,87877068981000,c0_008772.gray
8772,2,87877068982000,c2_008772.gray
8777,0,87877083315000,c0_008777.gray
8777,2,87877083314000,c2_008777.gray
8785,0,87877102377000,c0_008785.gray
8785,2,87877102388000,c2_008785.gray
8790,0,87877116646000,c0_008790.gray
8790,2,87877116647000,c2_008790.gray
8797,0,87877135645000,c0_008797.gray
8797,2,87877135646000,c2_008797.gray
8803,0,87877149980000,c0_008803.gray
8803,2,87877149981000,c2_008803.gray
8811,0,87877168981000,c0_008811.gray
8811,2,87877168982000,c2_008811.gray
8817,0,87877183319000,c0_008817.gray
8817,2,87877183318000,c2_008817.gray
8825,0,87877202314000,c0_008825.gray
8825,2,87877202315000,c2_008825.gray
8830,0,87877216654000,c0_008830.gray
8830,2,87877216655000,c2_008830.gray
8838,0,87877235652000,c0_008838.gray
8838,2,87877235653000,c2_008838.gray
8844,0,87877249983000,c0_008844.gray
8844,2,87877249984000,c2_008844.gray
8851,0,87877268985000,c0_008851.gray
8851,2,87877268980000,c2_008851.gray
8857,0,87877283315000,c0_008857.gray
8857,2,87877283316000,c2_008857.gray
8865,0,87877302356000,c0_008865.gray
8865,2,87877302360000,c2_008865.gray
8870,0,87877316647000,c0_008870.gray
8870,2,87877316648000,c2_008870.gray
8878,0,87877335653000,c0_008878.gray
8878,2,87877335652000,c2_008878.gray
8884,0,87877349984000,c0_008884.gray
8884,2,87877349983000,c2_008884.gray
8885,0,87877368983000,c0_008885.gray
8885,2,87877368981000,c2_008885.gray
8889,0,87877383319000,c0_008889.gray
8889,2,87877383320000,c2_008889.gray
8897,0,87877402316000,c0_008897.gray
8897,2,87877402318000,c2_008897.gray
8903,0,87877416860000,c0_008903.gray
8903,2,87877416651000,c2_008903.gray
8910,0,87877435646000,c0_008910.gray
8910,2,87877435648000,c2_008910.gray
8916,0,87877449983000,c0_008916.gray
8916,2,87877449984000,c2_008916.gray
8924,0,87877468979000,c0_008924.gray
8924,2,87877468980000,c2_008924.gray
8930,0,87877483316000,c0_008930.gray
8930,2,87877483315000,c2_008930.gray
8938,0,87877502314000,c0_008938.gray
8938,2,87877502315000,c2_008938.gray
8944,0,87877516669000,c0_008944.gray
8944,2,87877516679000,c2_008944.gray
8949,0,87877535649000,c0_008949.gray
8949,2,87877535648000,c2_008949.gray
8955,0,87877549986000,c0_008955.gray
8955,2,87877549987000,c2_008955.gray
8963,0,87877568986000,c0_008963.gray
8963,2,87877568987000,c2_008963.gray
8968,0,87877583319000,c0_008968.gray
8968,2,87877583320000,c2_008968.gray
8976,0,87877602315000,c0_008976.gray
8976,2,87877602316000,c2_008976.gray
8982,0,87877616656000,c0_008982.gray
8982,2,87877616657000,c2_008982.gray
8990,0,87877635648000,c0_008990.gray
8990,2,87877635647000,c2_008990.gray
8995,0,87877649986000,c0_008995.gray
8995,2,87877649985000,c2_008995.gray
9003,0,87877668981000,c0_009003.gray
9003,2,87877668982000,c2_009003.gray
9009,0,87877683316000,c0_009009.gray
9009,2,87877683318000,c2_009009.gray
9015,0,87877702314000,c0_009015.gray
9015,2,87877702315000,c2_009015.gray
9021,0,87877716654000,c0_009021.gray
9021,2,87877716655000,c2_009021.gray
9029,0,87877735655000,c0_009029.gray
9029,2,87877735654000,c2_009029.gray
9034,0,87877749988000,c0_009034.gray
9034,2,87877749989000,c2_009034.gray
9042,0,87877768985000,c0_009042.gray
9042,2,87877768986000,c2_009042.gray
9048,0,87877783323000,c0_009048.gray
9048,2,87877783324000,c2_009048.gray
9056,0,87877802314000,c0_009056.gray
9056,2,87877802315000,c2_009056.gray
9061,0,87877816652000,c0_009061.gray
9061,2,87877816654000,c2_009061.gray
9070,0,87877835648000,c0_009070.gray
9070,2,87877835646000,c2_009070.gray
9075,0,87877849984000,c0_009075.gray
9075,2,87877849985000,c2_009075.gray
9082,0,87877869038000,c0_009082.gray
9082,2,87877869019000,c2_009082.gray
9088,0,87877883360000,c0_009088.gray
9088,2,87877883378000,c2_009088.gray
9096,0,87877902315000,c0_009096.gray
9096,2,87877902316000,c2_009096.gray
9101,0,87877916653000,c0_009101.gray
9101,2,87877916655000,c2_009101.gray
9109,0,87877935652000,c0_009109.gray
9109,2,87877935653000,c2_009109.gray
9115,0,87877950042000,c0_009115.gray
9115,2,87877950014000,c2_009115.gray
9123,0,87877968981000,c0_009123.gray
9123,2,87877968990000,c2_009123.gray
9128,0,87877983319000,c0_009128.gray
9128,2,87877983321000,c2_009128.gray
9136,0,87878002321000,c0_009136.gray
9136,2,87878002313000,c2_009136.gray
9142,0,87878016655000,c0_009142.gray
9142,2,87878016649000,c2_009142.gray
9150,0,87878035648000,c0_009150.gray
9150,2,87878035650000,c2_009150.gray
9153,0,87878049988000,c0_009153.gray
9153,2,87878049989000,c2_009153.gray
9161,0,87878068986000,c0_009161.gray
9161,2,87878068987000,c2_009161.gray
9167,0,87878083319000,c0_009167.gray
9167,2,87878083320000,c2_009167.gray
9175,0,87878102322000,c0_009175.gray
9175,2,87878102324000,c2_009175.gray
9180,0,87878116710000,c0_009180.gray
9180,2,87878116711000,c2_009180.gray
9188,0,87878135656000,c0_009188.gray
9188,2,87878135657000,c2_009188.gray
9193,0,87878149986000,c0_009193.gray
9193,2,87878149987000,c2_009193.gray
9201,0,87878168984000,c0_009201.gray
9201,2,87878168985000,c2_009201.gray
9207,0,87878183319000,c0_009207.gray
9207,2,87878183320000,c2_009207.gray
9215,0,87878202317000,c0_009215.gray
9215,2,87878202318000,c2_009215.gray
9221,0,87878216680000,c0_009221.gray
9221,2,87878216686000,c2_009221.gray
9228,0,87878235652000,c0_009228.gray
9228,2,87878235651000,c2_009228.gray
9234,0,87878249991000,c0_009234.gray
9234,2,87878249990000,c2_009234.gray
9242,0,87878268989000,c0_009242.gray
9242,2,87878268988000,c2_009242.gray
9248,0,87878283327000,c0_009248.gray
9248,2,87878283326000,c2_009248.gray
9256,0,87878302322000,c0_009256.gray
9256,2,87878302323000,c2_009256.gray
9262,0,87878316659000,c0_009262.gray
9262,2,87878316655000,c2_009262.gray
9269,0,87878335655000,c0_009269.gray
9269,2,87878335651000,c2_009269.gray
9275,0,87878349987000,c0_009275.gray
9275,2,87878349988000,c2_009275.gray
9283,0,87878368984000,c0_009283.gray
9283,2,87878368985000,c2_009283.gray
9289,0,87878383320000,c0_009289.gray
9289,2,87878383319000,c2_009289.gray
9296,0,87878402322000,c0_009296.gray
9296,2,87878402321000,c2_009296.gray
9302,0,87878416654000,c0_009302.gray
9302,2,87878416655000,c2_009302.gray
9310,0,87878435656000,c0_009310.gray
9310,2,87878435655000,c2_009310.gray
9316,0,87878449993000,c0_009316.gray
9316,2,87878449992000,c2_009316.gray
9324,0,87878468992000,c0_009324.gray
9324,2,87878468991000,c2_009324.gray
9329,0,87878483326000,c0_009329.gray
9329,2,87878483327000,c2_009329.gray
9337,0,87878502318000,c0_009337.gray
9337,2,87878502319000,c2_009337.gray
9343,0,87878516654000,c0_009343.gray
9343,2,87878516655000,c2_009343.gray
9351,0,87878535652000,c0_009351.gray
9351,2,87878535653000,c2_009351.gray
9356,2,87878549986000,c2_009356.gray
9357,0,87878549988000,c0_009357.gray
9364,0,87878568986000,c0_009364.gray
9364,2,87878568987000,c2_009364.gray
9370,0,87878583324000,c0_009370.gray
9370,2,87878583325000,c2_009370.gray
9378,0,87878602319000,c0_009378.gray
9378,2,87878602318000,c2_009378.gray
9383,0,87878616660000,c0_009383.gray
9383,2,87878616661000,c2_009383.gray
9391,0,87878635674000,c0_009391.gray
9391,2,87878635673000,c2_009391.gray
9396,2,87878649996000,c2_009396.gray
9397,0,87878649994000,c0_009397.gray
9404,0,87878668984000,c0_009404.gray
9404,2,87878668987000,c2_009404.gray
9410,0,87878683325000,c0_009410.gray
9410,2,87878683326000,c2_009410.gray
9418,0,87878702320000,c0_009418.gray
9418,2,87878702321000,c2_009418.gray
9424,0,87878716657000,c0_009424.gray
9424,2,87878716659000,c2_009424.gray
9431,0,87878735686000,c0_009431.gray
9431,2,87878735681000,c2_009431.gray
9437,0,87878749995000,c0_009437.gray
9437,2,87878749996000,c2_009437.gray
9445,0,87878768992000,c0_009445.gray
9445,2,87878768994000,c2_009445.gray
9450,0,87878783393000,c0_009450.gray
9450,2,87878783326000,c2_009450.gray
9458,0,87878802325000,c0_009458.gray
9458,2,87878802325000,c2_009458.gray
9462,0,87878816678000,c0_009462.gray
9462,2,87878816674000,c2_009462.gray
9470,0,87878835656000,c0_009470.gray
9470,2,87878835655000,c2_009470.gray
9476,0,87878849990000,c0_009476.gray
9476,2,87878849991000,c2_009476.gray
9484,0,87878868992000,c0_009484.gray
9484,2,87878868992000,c2_009484.gray
9490,0,87878883325000,c0_009490.gray
9490,2,87878883327000,c2_009490.gray
9498,0,87878902322000,c0_009498.gray
9498,2,87878902319000,c2_009498.gray
9504,0,87878916657000,c0_009504.gray
9504,2,87878916658000,c2_009504.gray
9512,0,87878935654000,c0_009512.gray
9512,2,87878935655000,c2_009512.gray
9517,2,87878949991000,c2_009517.gray
9518,0,87878950016000,c0_009518.gray
9525,0,87878968990000,c0_009525.gray
9525,2,87878968991000,c2_009525.gray
9531,0,87878983533000,c0_009531.gray
9531,2,87878983328000,c2_009531.gray
9537,0,87879002360000,c0_009537.gray
9537,2,87879002350000,c2_009537.gray
9542,0,87879016665000,c0_009542.gray
9542,2,87879016664000,c2_009542.gray
9549,2,87879035655000,c2_009549.gray
9550,0,87879035657000,c0_009550.gray
9555,0,87879049999000,c0_009555.gray
9555,2,87879049997000,c2_009555.gray
9563,0,87879068993000,c0_009563.gray
9563,2,87879068994000,c2_009563.gray
9569,0,87879083329000,c0_009569.gray
9569,2,87879083330000,c2_009569.gray
9577,0,87879102326000,c0_009577.gray
9577,2,87879102328000,c2_009577.gray
9583,0,87879116658000,c0_009583.gray
9583,2,87879116657000,c2_009583.gray
9590,0,87879135656000,c0_009590.gray
9590,2,87879135657000,c2_009590.gray
9596,0,87879149993000,c0_009596.gray
9596,2,87879149994000,c2_009596.gray
9602,0,87879168990000,c0_009602.gray
9602,2,87879168991000,c2_009602.gray
9608,0,87879183331000,c0_009608.gray
9608,2,87879183330000,c2_009608.gray
9616,0,87879202326000,c0_009616.gray
9616,2,87879202327000,c2_009616.gray
9622,0,87879216663000,c0_009622.gray
9622,2,87879216664000,c2_009622.gray
9630,0,87879235661000,c0_009630.gray
9630,2,87879235667000,c2_009630.gray
9635,0,87879249993000,c0_009635.gray
9635,2,87879249994000,c2_009635.gray
9643,0,87879268990000,c0_009643.gray
9643,2,87879268991000,c2_009643.gray
9649,0,87879283327000,c0_009649.gray
9649,2,87879283328000,c2_009649.gray
9657,0,87879302323000,c0_009657.gray
9657,2,87879302324000,c2_009657.gray
9662,2,87879316658000,c2_009662.gray
9663,0,87879316659000,c0_009663.gray
9671,0,87879335656000,c0_009671.gray
9671,2,87879335657000,c2_009671.gray
9675,0,87879349994000,c0_009675.gray
9675,2,87879350004000,c2_009675.gray
9680,0,87879368990000,c0_009680.gray
9680,2,87879368991000,c2_009680.gray
9686,0,87879383330000,c0_009686.gray
9686,2,87879383331000,c2_009686.gray
9694,0,87879402331000,c0_009694.gray
9694,2,87879402332000,c2_009694.gray
9699,0,87879416669000,c0_009699.gray
9699,2,87879416665000,c2_009699.gray
9707,0,87879435665000,c0_009707.gray
9707,2,87879435666000,c2_009707.gray
9713,0,87879450001000,c0_009713.gray
9713,2,87879450007000,c2_009713.gray
9721,0,87879468994000,c0_009721.gray
9721,2,87879468993000,c2_009721.gray
9727,0,87879483329000,c0_009727.gray
9727,2,87879483328000,c2_009727.gray
9734,0,87879502327000,c0_009734.gray
9734,2,87879502328000,c2_009734.gray
9740,0,87879516665000,c0_009740.gray
9740,2,87879516665000,c2_009740.gray
9748,0,87879535660000,c0_009748.gray
9748,2,87879535659000,c2_009748.gray
9753,0,87879549998000,c0_009753.gray
9753,2,87879550000000,c2_009753.gray
9761,0,87879568997000,c0_009761.gray
9761,2,87879568998000,c2_009761.gray
9767,0,87879583334000,c0_009767.gray
9767,2,87879583335000,c2_009767.gray
9775,0,87879602369000,c0_009775.gray
9775,2,87879602389000,c2_009775.gray
9780,0,87879616663000,c0_009780.gray
9780,2,87879616662000,c2_009780.gray
9788,0,87879635656000,c0_009788.gray
9788,2,87879635657000,c2_009788.gray
9794,0,87879649994000,c0_009794.gray
9794,2,87879650002000,c2_009794.gray
9802,0,87879668991000,c0_009802.gray
9802,2,87879668992000,c2_009802.gray
9808,0,87879683328000,c0_009808.gray
9808,2,87879683329000,c2_009808.gray
9816,0,87879702352000,c0_009816.gray
9816,2,87879702356000,c2_009816.gray
9820,0,87879716662000,c0_009820.gray
9820,2,87879716663000,c2_009820.gray
9828,0,87879735659000,c0_009828.gray
9828,2,87879735661000,c2_009828.gray
9834,0,87879749996000,c0_009834.gray
9834,2,87879749995000,c2_009834.gray
9841,0,87879769000000,c0_009841.gray
9841,2,87879769001000,c2_009841.gray
9847,0,87879783333000,c0_009847.gray
9847,2,87879783334000,c2_009847.gray
9855,0,87879802332000,c0_009855.gray
9855,2,87879802334000,c2_009855.gray
9861,0,87879816707000,c0_009861.gray
9861,2,87879816709000,c2_009861.gray
9868,0,87879835660000,c0_009868.gray
9868,2,87879835661000,c2_009868.gray
9874,0,87879849998000,c0_009874.gray
9874,2,87879849999000,c2_009874.gray
9882,0,87879868995000,c0_009882.gray
9882,2,87879868994000,c2_009882.gray
9887,0,87879883336000,c0_009887.gray
9887,2,87879883337000,c2_009887.gray
9895,0,87879902332000,c0_009895.gray
9895,2,87879902331000,c2_009895.gray
9901,0,87879916668000,c0_009901.gray
9901,2,87879916669000,c2_009901.gray
