# timestamp tx ty tz qx qy qz qw
33347.202974464 0.009120902 0.007148352 0.001456787 0.544128584 -0.456530634 -0.444895542 0.545501440
33347.243030610 -0.001589783 0.006181068 0.000492888 0.545650104 -0.451662589 -0.432987270 0.557484434
33347.282934621 -0.044443165 -0.009218951 0.000473609 0.542332820 -0.447133245 -0.424312118 0.570881949
33347.322987694 -0.041972215 -0.002485541 0.005487334 0.543632680 -0.438597787 -0.422963133 0.577232777
33347.363025766 -0.060401880 -0.017283824 0.020293263 0.532083461 -0.427472375 -0.426750463 0.593328409
33347.402940714 -0.046278031 -0.004959982 0.035315309 0.517435098 -0.423922187 -0.424474315 0.610223282
33347.442988631 -0.036955703 0.009461666 0.053804499 0.506944197 -0.429940463 -0.418222997 0.619070517
33347.482947068 -0.040771518 0.031984252 0.083350793 0.501902690 -0.440307017 -0.411714459 0.620253678
33347.523013787 -0.027101967 0.041022332 0.114478791 0.499465076 -0.459403532 -0.386304729 0.624701279
33347.562980246 -0.017363858 0.056942486 0.151613592 0.495234320 -0.484687472 -0.352551129 0.628910744
33347.602990975 0.026064343 0.081872608 0.188457336 0.503592017 -0.508532327 -0.306907734 0.627373570
33347.642993110 0.084501511 0.106919522 0.220874935 0.517824175 -0.522414799 -0.256388165 0.627061408
33347.682925037 0.120341078 0.142419413 0.248036788 0.535135573 -0.518800534 -0.210619825 0.632546610
33347.722940037 0.154477484 0.178297378 0.267090340 0.544032921 -0.505783659 -0.179631015 0.644937028
33347.762940350 0.204012391 0.209870320 0.274183156 0.545362748 -0.478559723 -0.155727150 0.670305244
33347.802978006 0.247984210 0.244342446 0.272453471 0.548351170 -0.440872954 -0.145827061 0.695468547
33347.842976756 0.295909510 0.273103861 0.263689225 0.554930846 -0.410550681 -0.150245719 0.707761343
33347.882933422 0.337085992 0.295558113 0.255980016 0.560792975 -0.388515774 -0.153176459 0.714915174
33347.922937329 0.380510024 0.311209861 0.249901591 0.559832892 -0.376798758 -0.159577861 0.720516992
33347.962945975 0.408787928 0.320119425 0.245036784 0.550750213 -0.369320229 -0.170630029 0.728808729
33348.003061235 0.435532013 0.326486929 0.238772909 0.545940647 -0.360842253 -0.184297291 0.733332248
33348.043001704 0.458103199 0.330502671 0.233151940 0.546979301 -0.347825321 -0.211679147 0.731452752
33348.082998422 0.479575636 0.332524718 0.226892982 0.544950528 -0.336333834 -0.262219716 0.721906708
33348.122990662 0.493570284 0.332646596 0.220616488 0.534337787 -0.327268156 -0.321078390 0.710131925
33348.162971860 0.505041670 0.331053036 0.215727510 0.508880149 -0.324222929 -0.393046473 0.693855140
33348.202938266 0.507708578 0.328015304 0.214552703 0.462199860 -0.324192672 -0.481430552 0.670443901
33348.242947277 0.502972994 0.329686693 0.217630831 0.404007989 -0.320101664 -0.566693659 0.642783607
33348.282936391 0.496667974 0.332249799 0.228872044 0.348284671 -0.312331827 -0.633202896 0.616604176
33348.323035922 0.487255199 0.339218962 0.239718848 0.291736564 -0.309004641 -0.692741900 0.582678787
33348.363003579 0.474840475 0.347454073 0.250561996 0.233334420 -0.314835885 -0.744585541 0.540394102
33348.403002901 0.460202644 0.356535641 0.259543053 0.176245080 -0.323514155 -0.787348624 0.494326215
33348.442955870 0.446814132 0.369454366 0.265367868 0.133741208 -0.335513464 -0.820018998 0.443973928
33348.483048214 0.437172833 0.382094738 0.267170847 0.116142011 -0.352924909 -0.837090266 0.401540693
33348.522950870 0.428498856 0.393051223 0.262790270 0.118384595 -0.376602542 -0.841974349 0.367742857
33348.562951756 0.423317044 0.400048850 0.257536550 0.130390871 -0.412456852 -0.832580472 0.345958557
33348.602952120 0.417073626 0.408272738 0.251444283 0.137578238 -0.451643314 -0.824565155 0.311741642
33348.642956651 0.408992535 0.415824046 0.247125539 0.131082125 -0.482465415 -0.813970732 0.295797646
33348.682951703 0.402508453 0.422886334 0.243225579 0.118546491 -0.489871083 -0.815809579 0.283597925
33348.722998891 0.399896202 0.428045049 0.239879862 0.100273726 -0.469641677 -0.826614304 0.293412112
33348.763006443 0.403009318 0.430931070 0.237890800 0.098058501 -0.434469743 -0.839336830 0.311663696
33348.803332328 0.407024503 0.434131630 0.236875363 0.097475048 -0.389899101 -0.852032140 0.335437831
33348.842953630 0.409573317 0.435168006 0.235587768 0.098745267 -0.346689578 -0.863001373 0.353955278
33348.882965141 0.410541603 0.434219979 0.234826552 0.097631846 -0.312693603 -0.872070936 0.363569822
33348.922960818 0.408549529 0.433026219 0.235395289 0.083540629 -0.286252404 -0.881507525 0.366094262
33348.962980557 0.406386932 0.429528922 0.237910689 0.064748942 -0.273666941 -0.881152714 0.380110346
33349.002953266 0.403865730 0.424445685 0.240661275 0.046851361 -0.265338636 -0.876481528 0.398974297
33349.042959360 0.402847814 0.422696515 0.247299740 0.002114558 -0.256151572 -0.880863024 0.398073150
33349.083013266 0.392798322 0.423006792 0.252353209 -0.034844842 -0.253694647 -0.880811805 0.398240414
33349.122975193 0.390052055 0.419176838 0.255919805 -0.060880330 -0.248732741 -0.880078525 0.399859224
33349.162982797 0.399831064 0.411029181 0.250341780 -0.072283672 -0.238686347 -0.877842218 0.408897223
33349.202959047 0.400300674 0.406386373 0.254437920 -0.084404982 -0.237082867 -0.873695958 0.416320652
33349.242964776 0.400771037 0.402161106 0.261259078 -0.100396070 -0.238527278 -0.869247704 0.421228911
33349.282980297 0.404780550 0.398356334 0.266824398 -0.116417497 -0.241104923 -0.865945264 0.422438378
33349.323036391 0.405785677 0.396033355 0.268321362 -0.119397242 -0.241363347 -0.864574686 0.424262473
33349.363003057 0.407551581 0.394007756 0.268764823 -0.117846915 -0.242506467 -0.864055746 0.425100443
33349.402975505 0.410092909 0.392518572 0.268387911 -0.115915474 -0.241824083 -0.865234239 0.423620618
33349.442994620 0.412874809 0.391645014 0.266986689 -0.117126158 -0.238011162 -0.868071642 0.419623373
33349.482966964 0.415652746 0.390041174 0.268673727 -0.122520840 -0.227585185 -0.867859241 0.424280526
33349.522958109 0.420471709 0.387687383 0.271965426 -0.127022003 -0.206896399 -0.867027783 0.435111612
33349.563027536 0.424695885 0.385894282 0.275023126 -0.130947875 -0.189038024 -0.867972567 0.440160087
33349.602967120 0.431031953 0.383621063 0.278239943 -0.136234982 -0.180097626 -0.868687160 0.440893971
33349.642964672 0.434541127 0.382035761 0.280303237 -0.145686504 -0.180672658 -0.867554105 0.439866694
33349.682988005 0.439721701 0.379355656 0.282102781 -0.155906328 -0.183950508 -0.864795312 0.440436710
33349.722979203 0.445704388 0.375809944 0.283360638 -0.162181320 -0.187554751 -0.861444916 0.443207730
33349.763010349 0.452195695 0.371503321 0.283289378 -0.162424134 -0.189863678 -0.859389278 0.446116860
33349.802967120 0.458978043 0.367348186 0.282410085 -0.160421441 -0.187216042 -0.859847205 0.447077062
33349.843003422 0.466158115 0.363796746 0.281470148 -0.160364541 -0.178770846 -0.862188285 0.446044347
33349.882999099 0.473854588 0.359725721 0.279605710 -0.158827405 -0.172126430 -0.865122161 0.443520005
33349.923077068 0.482964842 0.355062555 0.275064023 -0.148695601 -0.175405518 -0.868872431 0.438387068
33349.962974932 0.494502765 0.347685997 0.268256419 -0.134866979 -0.198111241 -0.871283523 0.428284784
33350.002994411 0.509894302 0.334892829 0.260739226 -0.114699923 -0.241743802 -0.872910927 0.407958791
33350.042978786 0.528775522 0.315868095 0.253248313 -0.083682366 -0.305975652 -0.869122930 0.379475289
33350.083178370 0.549323133 0.288419527 0.247921438 -0.044985966 -0.385052311 -0.853949911 0.347103055
33350.122968578 0.571043857 0.253903536 0.249228296 -0.002720797 -0.467720672 -0.823985644 0.319808737
33350.162967797 0.590986971 0.218793691 0.257355368 0.034653378 -0.543079763 -0.786659588 0.291599393
33350.202991547 0.607149931 0.190644816 0.268620533 0.063169455 -0.591350290 -0.760154044 0.261687379
33350.242978422 0.617146927 0.170826788 0.279676124 0.075868737 -0.607547861 -0.751508639 0.245691467
33350.282982067 0.620245354 0.157361417 0.287595055 0.073966735 -0.591699479 -0.761444892 0.254209215
33350.322994880 0.617205507 0.148416999 0.290767496 0.059337087 -0.557484063 -0.781910557 0.272592204
33350.363021026 0.610004235 0.142474992 0.288527692 0.038206235 -0.517427718 -0.803120925 0.292925965
33350.402992536 0.600176130 0.139522956 0.279884472 0.018569090 -0.481661163 -0.820350880 0.307704640
33350.442972432 0.588059882 0.139490163 0.265145187 0.003977072 -0.456004566 -0.835018733 0.307876167
33350.482975505 0.576946016 0.142863061 0.244813094 -0.004010294 -0.440644925 -0.847513194 0.295867123
33350.523010244 0.568627175 0.147203598 0.220259252 -0.004130617 -0.433506585 -0.858179302 0.274924105
33350.562987276 0.556159483 0.152000394 0.196909012 -0.001490985 -0.431499015 -0.866913996 0.249532565
33350.603001130 0.541704724 0.156579828 0.175711779 -0.004387839 -0.433950381 -0.872714380 0.223690466
33350.643032484 0.526702299 0.154372059 0.160288052 -0.008504964 -0.437788802 -0.876133279 0.201641036
33350.683003786 0.514011382 0.147023311 0.151619629 -0.014117144 -0.448244042 -0.876373287 0.175635552
33350.722990505 0.503024624 0.131574791 0.151695466 -0.025646663 -0.467559186 -0.870137935 0.153592413
33350.762986546 0.493834658 0.106513409 0.161125432 -0.044840327 -0.487285203 -0.859992093 0.144762135
33350.802988942 0.486598585 0.074317089 0.178268612 -0.070809578 -0.500302844 -0.849544113 0.151518539
33350.843003786 0.481949652 0.035868868 0.200385539 -0.103771131 -0.501769131 -0.841359735 0.171968275
33350.882987588 0.480461737 -0.007533832 0.223024914 -0.140839771 -0.493340700 -0.834246603 0.202019105
33350.922989307 0.484353683 -0.053648744 0.241637843 -0.174656306 -0.482539896 -0.826353739 0.231926544
33350.963001286 0.494362620 -0.099411989 0.252747698 -0.201095272 -0.477225437 -0.817544997 0.251866535
33351.003017119 0.510194591 -0.146605284 0.254470613 -0.210613781 -0.476135152 -0.808076668 0.275588917
33351.043009046 0.534075218 -0.192421300 0.247206578 -0.204964332 -0.473858816 -0.798670611 0.309148346
33351.083068161 0.565356935 -0.235617448 0.231652654 -0.181901113 -0.468555950 -0.790459904 0.350057776
33351.123011807 0.602783040 -0.273535427 0.210852761 -0.147501816 -0.459437360 -0.783066076 0.392387623
33351.163043682 0.645443237 -0.308611564 0.188539532 -0.107434618 -0.451284019 -0.770624498 0.436965010
33351.203000036 0.691129007 -0.339108670 0.168378903 -0.063053174 -0.447044888 -0.753141843 0.478489844
33351.243055452 0.737124297 -0.363670535 0.154922877 -0.020877718 -0.445508608 -0.731975541 0.515070877
33351.283050921 0.778842981 -0.384645496 0.152528811 0.004126754 -0.448594363 -0.704971391 0.549328139
33351.323078630 0.812564581 -0.402647765 0.160363596 0.010779507 -0.451076909 -0.677111626 0.581320282
33351.363050973 0.838126962 -0.419178785 0.175479836 0.001763981 -0.453680397 -0.651776810 0.607748283
33351.403054932 0.856314484 -0.435895878 0.194441010 -0.010369603 -0.475555007 -0.630833847 0.613015958
33351.443051286 0.869378484 -0.452527580 0.212593261 -0.009983952 -0.520272360 -0.616830714 0.590539468
33351.483057223 0.878268995 -0.471654220 0.227601288 0.002134603 -0.578647062 -0.608680710 0.542835900
33351.523043942 0.882227477 -0.492031481 0.237364641 0.015363592 -0.638450246 -0.607948751 0.471745228
33351.563039723 0.882484112 -0.514405606 0.240301060 0.025556543 -0.676634891 -0.617993753 0.399494441
33351.603088473 0.878602947 -0.537856780 0.236934426 0.024217692 -0.697971031 -0.635740892 0.328760494
33351.643024671 0.874595309 -0.564540642 0.228791775 0.013653510 -0.707972212 -0.654194445 0.265741521
33351.683059515 0.871134054 -0.594264237 0.213931167 0.006141249 -0.710580096 -0.672864834 0.205648067
33351.723046859 0.870146667 -0.623621454 0.193055200 0.001500607 -0.712456847 -0.687922982 0.138437568
33351.763011494 0.871669864 -0.655643566 0.169372465 -0.001258794 -0.715918135 -0.694248783 0.074015306
33351.803084411 0.879357372 -0.689177630 0.145889671 -0.001706013 -0.715597830 -0.698234759 0.019622855
33351.843382588 0.886644659 -0.723425239 0.122399977 0.004148328 0.708851951 0.705150409 0.016571170
33351.883001911 0.897469101 -0.753570502 0.100296457 0.010863297 0.699891432 0.713550447 0.029660277
33351.923070296 0.910702551 -0.784563693 0.079701425 0.016809872 0.685854139 0.727201040 0.022364610
33351.963068369 0.925880946 -0.814047147 0.061714339 0.019965799 0.664263513 0.747231695 0.000382623
33352.002994306 0.938776630 -0.843567768 0.043949812 -0.020178417 -0.638570295 -0.768383527 0.037517530
33352.043004463 0.952873382 -0.882743462 0.033455919 -0.007733276 -0.612170891 -0.785705932 0.088618199
33352.083006702 0.964654006 -0.921302142 0.027741595 0.005230712 -0.584561552 -0.796506042 0.154397397
33352.123013681 0.971275529 -0.960993712 0.027553077 0.012519408 -0.540377255 -0.807897853 0.234812150
33352.163006910 0.971978909 -0.999223479 0.033368884 -0.001861423 -0.489071612 -0.810347347 0.322711435
33352.203002692 0.968307267 -1.036667932 0.042263614 -0.032209411 -0.440623049 -0.806397618 0.393111643
33352.243011442 0.963655022 -1.071926243 0.051560068 -0.062169265 -0.409226383 -0.798757251 0.436641275
33352.283013108 0.961748440 -1.108058535 0.059224127 -0.083434521 -0.396654494 -0.791493598 0.457429532
33352.322997171 0.958557643 -1.143271853 0.065106744 -0.098666454 -0.395242602 -0.785850070 0.465282585
33352.363004723 0.953895780 -1.178846170 0.069551351 -0.111985384 -0.393232452 -0.782940452 0.468862198
33352.403031025 0.952735018 -1.212054964 0.073017797 -0.125357746 -0.391587907 -0.780733874 0.470530515
33352.443014619 0.951836690 -1.242517260 0.075160382 -0.132862544 -0.395060612 -0.778653329 0.469013487
33352.483073056 0.955207288 -1.269739638 0.074692143 -0.134071447 -0.407460149 -0.777364762 0.460114226
33352.523028889 0.961363134 -1.290756800 0.073068540 -0.132398892 -0.433323845 -0.776872747 0.437229589
33352.563021025 0.972010666 -1.313362201 0.067857487 -0.125038133 -0.473372359 -0.774732945 0.400091164
33352.603097796 0.986203477 -1.334148927 0.061557730 -0.115438659 -0.520611995 -0.770762201 0.348658423
33352.643018056 1.001071176 -1.355557430 0.055405363 -0.103019400 -0.560556348 -0.765360100 0.298977426
33352.683012379 1.015220572 -1.378250528 0.049351404 -0.092784506 -0.587405691 -0.763691782 0.251237839
33352.723114566 1.030077114 -1.394530364 0.043983349 -0.087685154 -0.604027759 -0.764089911 0.208874095
33352.763031077 1.038145408 -1.418431288 0.039037132 -0.088933794 -0.618276689 -0.764303307 0.160203529
33352.803021806 1.041994976 -1.443385022 0.032189281 -0.092570572 -0.634597699 -0.761233087 0.096128231
33352.843086233 1.040894117 -1.474983673 0.025896025 -0.096021904 -0.646292209 -0.756168192 0.035997780
33352.883134775 1.034247192 -1.507239051 0.020702209 0.105336779 0.649276928 0.753133401 0.011563510
33352.923021962 1.018889031 -1.539925772 0.015218753 0.124228254 0.645217346 0.752868465 0.038091882
33352.963010764 0.996999959 -1.569082715 0.009040570 0.147103006 0.633964104 0.757582297 0.050192467
33353.003075921 0.972747824 -1.607038477 0.009091716 0.171390989 0.621597674 0.762518615 0.052979447
33353.043279983 0.937928488 -1.637408223 0.009276625 0.197294763 0.607721595 0.767655415 0.049541933
33353.083019931 0.898846605 -1.658834433 0.016702831 0.224135004 0.584346760 0.778852290 0.041127538
33353.123010973 0.856847226 -1.682934387 0.020445181 0.248331539 0.551959937 0.795583366 0.026810108
33353.163056702 0.816526508 -1.699608046 0.030029308 0.266652229 0.513402800 0.815662593 0.002947542
33353.203038420 0.780910233 -1.727485860 0.044077394 -0.280543325 -0.466669752 -0.837917401 0.037539515
33353.243010868 0.745666589 -1.753866628 0.057806792 -0.290788403 -0.410992145 -0.859475719 0.088481924
33353.283023004 0.713486387 -1.782632165 0.069979504 -0.295958787 -0.351477202 -0.876768769 0.141946109
33353.323023993 0.688196275 -1.832121806 0.076354710 -0.296357031 -0.298495452 -0.886188141 0.194277005
33353.363098212 0.662433334 -1.860314406 0.082112107 -0.293867133 -0.262022281 -0.887711097 0.238653389
33353.403028108 0.645972302 -1.907121278 0.077953535 -0.284302145 -0.245295382 -0.886009393 0.272010702
33353.443079566 0.632038573 -1.954503904 0.067230987 -0.268266323 -0.244392121 -0.882814127 0.298236296
33353.483164931 0.622013089 -1.999353409 0.053241310 -0.246053408 -0.253911636 -0.879121233 0.319581693
33353.523050556 0.617401467 -2.041418864 0.038650812 -0.215606509 -0.268841720 -0.878073811 0.332000521
33353.563090608 0.616433838 -2.078895375 0.024752693 -0.185551085 -0.285256297 -0.878533466 0.335229159
33353.603023108 0.601471042 -2.115927970 0.013556849 -0.159063496 -0.304209304 -0.878659799 0.331831978
33353.643086337 0.599072567 -2.143765055 0.003599607 -0.134475601 -0.324596379 -0.878411468 0.323954930
33353.683089410 0.591751166 -2.173282210 -0.006557093 -0.113492477 -0.346145963 -0.878652318 0.308662492
33353.723083941 0.580774706 -2.200024555 -0.018385884 -0.099976822 -0.378439562 -0.876476524 0.280315958
33353.763028316 0.567182339 -2.232459767 -0.030104721 -0.086145684 -0.423214071 -0.870004257 0.237826334
33353.803117170 0.551918139 -2.260715024 -0.045017932 -0.074510100 -0.468612146 -0.861629336 0.180127147
33353.843150451 0.534454344 -2.289713035 -0.059175972 -0.068270737 -0.501360198 -0.853801283 0.122476230
33353.883026649 0.507689329 -2.318782924 -0.073590211 -0.068512990 -0.526640785 -0.844625121 0.067556337
33353.923031754 0.475096535 -2.346022009 -0.089435717 -0.075198881 -0.544487042 -0.835141069 0.020454428
33353.963033368 0.431597640 -2.368939384 -0.099561575 0.088630935 0.546735411 0.832377914 0.019286150
33354.003091753 0.382259008 -2.385114839 -0.103373020 0.110493275 0.537544719 0.834581904 0.048062009
33354.043068108 0.328388966 -2.399521601 -0.100418961 0.138578732 0.524056276 0.837291154 0.071445627
33354.083045295 0.271799574 -2.413734818 -0.092080891 0.168863202 0.511136287 0.837856137 0.090675290
33354.123044983 0.215130583 -2.426801205 -0.083222975 0.195886904 0.499738220 0.836922626 0.107007248
33354.189487899 0.124812587 -2.450585372 -0.066961484 0.228737511 0.485720873 0.834283745 0.125399432
33354.229805451 0.070802801 -2.470649866 -0.058088597 0.249642560 0.478677862 0.832518986 0.124331148
33354.269494201 0.022289363 -2.494228067 -0.051755419 0.262503694 0.471528810 0.833496587 0.118472915
33354.309535295 -0.025995005 -2.530517550 -0.053121654 0.265501637 0.467951776 0.836216819 0.106167071
33354.349487951 -0.070651420 -2.575008843 -0.057129980 0.258396942 0.466701913 0.841966769 0.080698847
33354.389498368 -0.112151060 -2.618293663 -0.059403981 0.233384558 0.458410458 0.857123700 0.027027082
33354.429528107 -0.149811269 -2.665384831 -0.061238135 -0.199198954 -0.437156596 -0.875659179 0.049344591
33354.469562066 -0.180446087 -2.715655588 -0.061532638 -0.161318640 -0.411154685 -0.886460563 0.138259872
33354.509489878 -0.205226371 -2.767185336 -0.060423039 -0.120913059 -0.391999735 -0.884950105 0.220407692
33354.549521649 -0.223759610 -2.814880478 -0.058212703 -0.091442500 -0.385720773 -0.873854460 0.281489142
33354.589493003 -0.237533908 -2.859094712 -0.054791520 -0.073375467 -0.398802350 -0.857487324 0.316683148
33354.629519878 -0.251426145 -2.899806028 -0.048714844 -0.059516352 -0.426577257 -0.839081734 0.332312340
33354.669509774 -0.268640653 -2.936823132 -0.045831717 -0.047130289 -0.452890359 -0.824340257 0.336351302
33354.709517430 -0.282909390 -2.970474781 -0.044679218 -0.034889499 -0.474181184 -0.811901116 0.338749916
33354.749502222 -0.300058545 -3.002461865 -0.042577125 -0.024312890 -0.491051840 -0.802420093 0.338229166
33354.789607691 -0.320018401 -3.030978763 -0.040692229 -0.018377350 -0.502938686 -0.797734731 0.332165996
33354.829518732 -0.351590737 -3.061000144 -0.039277810 -0.019220015 -0.514665563 -0.794511960 0.321715240
33354.869519670 -0.394814311 -3.093551247 -0.040459265 -0.023893777 -0.527086107 -0.792593669 0.305621659
33354.909535086 -0.443207945 -3.121080250 -0.042586927 -0.033276785 -0.539765497 -0.792881951 0.280863089
33354.949536701 -0.502109935 -3.145979375 -0.042853320 -0.044239943 -0.551597419 -0.794742074 0.249335418
33354.989544670 -0.571599242 -3.171012780 -0.043149900 -0.061030810 -0.559438434 -0.798903316 0.212267217
33355.029546389 -0.638956648 -3.183856429 -0.037503298 -0.087720919 -0.563508772 -0.803137596 0.172432326
33355.069506180 -0.713142913 -3.190366379 -0.021162334 -0.121550891 -0.564067255 -0.806145861 0.131081517
33355.109562534 -0.785533068 -3.188689905 -0.006650731 -0.158042284 -0.558762070 -0.808621100 0.094548936
33355.149521597 -0.858566149 -3.189031063 0.008513385 -0.195096102 -0.547288033 -0.811590465 0.061108396
33355.189522482 -0.933437445 -3.192400443 0.020869793 -0.230791960 -0.535286360 -0.812038819 0.028223034
33355.229510920 -0.996479385 -3.184148153 0.030711323 0.260112527 0.528355702 0.808196588 0.000027150
33355.269531597 -1.055776574 -3.177871403 0.034741830 0.283628058 0.522625085 0.803613896 0.024956986
33355.309592222 -1.108534140 -3.173343929 0.033948237 0.301324315 0.515923447 0.800682348 0.043982166
33355.349191388 -1.157254637 -3.175158777 0.029533997 0.312947006 0.508895491 0.799994172 0.055667546
33355.388979982 -1.194486479 -3.176952512 0.024883224 0.313507614 0.503746510 0.803325072 0.051198230
33355.428681701 -1.226726897 -3.187130052 0.019387878 0.293091302 0.497888158 0.815889714 0.022996639
33355.468608472 -1.253046720 -3.203443749 0.013683159 -0.254430021 -0.492838401 -0.832041505 0.009088938
33355.508608107 -1.278179211 -3.229618857 0.009607042 -0.224659200 -0.500058545 -0.835809099 0.029880516
33355.549467586 -1.296242917 -3.248052074 0.007762631 -0.198655421 -0.517653452 -0.831205817 0.040838920
33355.589593055 -1.308809583 -3.267426991 0.004701602 -0.168488887 -0.533267670 -0.827703874 0.046296701
33355.629539670 -1.322829199 -3.285719148 0.003736337 -0.144086367 -0.543225661 -0.825013711 0.059138625
33355.669570399 -1.335812569 -3.302750852 0.002355203 -0.126149341 -0.545181461 -0.824818846 0.080854123
33355.709521336 -1.349045912 -3.321044911 -0.003330609 -0.107579909 -0.541753757 -0.827003441 0.104855802
33355.749543940 -1.366342384 -3.335373774 -0.006816796 -0.096133165 -0.540528977 -0.826176876 0.126564647
33355.789522847 -1.392279189 -3.352700149 -0.012111227 -0.089685401 -0.540850746 -0.823614262 0.145246505
33355.829533836 -1.415626703 -3.373168233 -0.020793305 -0.084705143 -0.538627184 -0.822367304 0.162535572
33355.869533472 -1.445633929 -3.390678785 -0.027739214 -0.084989530 -0.534887207 -0.821487526 0.178411606
33355.909531597 -1.482323427 -3.408741638 -0.032202947 -0.087181044 -0.527426367 -0.822155507 0.195655862
33355.949549149 -1.527803500 -3.430176057 -0.033676613 -0.086002067 -0.517281980 -0.824058018 0.214362731
33355.989559044 -1.569756105 -3.446243509 -0.028490960 -0.091865744 -0.512424285 -0.822480907 0.229144483
33356.029564461 -1.610966269 -3.461776029 -0.014982434 -0.107765220 -0.506774515 -0.818171948 0.249320901
33356.069590815 -1.650325458 -3.476729165 0.004987111 -0.121805152 -0.490068355 -0.814979610 0.284261760
33356.109541544 -1.687550419 -3.492072674 0.029715283 -0.137362631 -0.460344243 -0.812043273 0.331361447
33356.149325086 -1.720671712 -3.507290892 0.056048863 -0.157716111 -0.427142478 -0.807335078 0.375346512
33356.188717794 -1.746309585 -3.522151133 0.076626056 -0.174699591 -0.406488650 -0.798747664 0.407736679
33356.228369930 -1.767145185 -3.537427497 0.089513026 -0.183451488 -0.406588238 -0.788705133 0.423055280
33356.268039305 -1.782965677 -3.553304972 0.093618867 -0.181059677 -0.425993538 -0.777232705 0.426211475
33356.307607013 -1.795862109 -3.571255100 0.088324309 -0.165215571 -0.454894171 -0.764655150 0.425532149
33356.347398836 -1.800557089 -3.588392143 0.076938950 -0.136428028 -0.482903167 -0.751057893 0.429073381
33356.387395711 -1.800079462 -3.604173470 0.061536062 -0.098315785 -0.502071894 -0.737204240 0.441347626
33356.428057273 -1.802664889 -3.619469274 0.043546980 -0.056147441 -0.509724197 -0.722696078 0.463399489
33356.468156596 -1.798827617 -3.627769504 0.027708530 -0.010710191 -0.508355611 -0.707535658 0.490767926
33356.508583367 -1.802856421 -3.632311589 0.015780567 0.041151726 -0.504358859 -0.693592869 0.512696410
33356.548584305 -1.799010468 -3.628081423 0.006894145 0.091820942 -0.501557063 -0.681570520 0.524853364
33356.589106075 -1.800839719 -3.621747061 0.003190748 0.137370971 -0.497092511 -0.671936634 0.531534957
33356.629547273 -1.804473996 -3.611267797 0.004458298 0.173263773 -0.487590659 -0.666285970 0.536933907
33356.669635138 -1.814574029 -3.600343886 0.009962700 0.198366241 -0.475984939 -0.663451729 0.542144792
33356.709537638 -1.820774370 -3.588006940 0.014575863 0.217167725 -0.464442640 -0.661380633 0.547454904
33356.749535971 -1.829893521 -3.580305509 0.016887363 0.231718694 -0.457118983 -0.660042880 0.549265036
33356.789538836 -1.840099916 -3.577139233 0.017694284 0.242090809 -0.453356217 -0.657185716 0.551332129
33356.829541127 -1.851420678 -3.575618785 0.018021105 0.245943754 -0.448608980 -0.655124187 0.555944199
33356.869538471 -1.865127898 -3.576992038 0.017720056 0.242393729 -0.443423849 -0.655663491 0.561004418
33356.909543940 -1.878857002 -3.582809862 0.015166188 0.234472227 -0.440566876 -0.659067527 0.562630960
33356.949551648 -1.891648701 -3.589997118 0.012839020 0.225351842 -0.441735689 -0.663974305 0.559664409
33356.989577534 -1.902828920 -3.598596710 0.011113417 0.215858231 -0.442960354 -0.670107532 0.555110119
33357.029541179 -1.911794876 -3.608642520 0.010990253 0.203930650 -0.443647097 -0.676012870 0.551902295
33357.069535190 -1.917828122 -3.621403473 0.010777920 0.187773855 -0.444966246 -0.680495046 0.551064888
33357.109566388 -1.921678071 -3.632546206 0.011122572 0.172194990 -0.445914175 -0.686820893 0.547527620
33357.149580763 -1.918317106 -3.644788472 0.012484243 0.161762295 -0.455503130 -0.690548386 0.538045337
33357.189584252 -1.909014496 -3.655905375 0.019090406 0.150439871 -0.475623071 -0.683177912 0.533308991
33357.229583940 -1.894873078 -3.662239245 0.030050262 0.135887430 -0.489012460 -0.670335765 0.541342205
33357.269575033 -1.874356855 -3.662929304 0.040760386 0.122368278 -0.489441356 -0.655069934 0.562455816
33357.309610554 -1.847294408 -3.657602724 0.051185251 0.110940232 -0.486832781 -0.635399165 0.589028021
33357.349309773 -1.813731830 -3.647660106 0.058908403 0.103376204 -0.485407250 -0.612208195 0.615543896
33357.389225450 -1.772953499 -3.634045874 0.062360270 0.104729830 -0.482578862 -0.587698248 0.640905667
33357.429265450 -1.727869546 -3.617465538 0.061320033 0.113540287 -0.478164548 -0.563810830 0.663765483
33357.469227065 -1.681185200 -3.599043101 0.057150504 0.126132330 -0.471161094 -0.543202468 0.683395155
33357.509493106 -1.633777192 -3.580630778 0.050591620 0.140357152 -0.457916341 -0.523430776 0.704721731
33357.549613783 -1.585669005 -3.563606856 0.040867353 0.156872253 -0.438432110 -0.505427140 0.726437738
33357.589589460 -1.538003280 -3.547583694 0.032369768 0.175324854 -0.423333067 -0.491670593 0.740479803
33357.629607169 -1.491408677 -3.533931269 0.025968119 0.189703994 -0.416524612 -0.478161085 0.749587633
33357.669605971 -1.445562327 -3.521659845 0.020654577 0.205447797 -0.410279540 -0.465976922 0.756523238
33357.709739460 -1.399641443 -3.509661572 0.017789231 0.226535034 -0.407420600 -0.456546573 0.757796516
33357.749564356 -1.354262992 -3.497333766 0.017806316 0.247780684 -0.410466163 -0.445437062 0.756113805
33357.789586752 -1.305786997 -3.484926138 0.021282648 0.266223008 -0.412961121 -0.424893845 0.760298391
33357.829550137 -1.253078649 -3.471426278 0.026559704 0.277454017 -0.406074488 -0.387827149 0.779559415
33357.869553262 -1.196541820 -3.456344898 0.034027496 0.275321445 -0.390259406 -0.332263576 0.813324421
33357.909557429 -1.139762862 -3.437819420 0.041885883 0.262772512 -0.373014578 -0.265069593 0.849440311
33357.949583679 -1.085005798 -3.416752960 0.050001622 0.247326274 -0.360127548 -0.200173441 0.876965482
33357.989547533 -1.035319251 -3.393764467 0.056080874 0.240077037 -0.355823667 -0.149190506 0.890783210
33358.029553106 -0.991061972 -3.368989818 0.058975499 0.254478357 -0.358305923 -0.115658941 0.890775303
33358.069564773 -0.951064715 -3.344581127 0.060683010 0.295147305 -0.361377066 -0.098164349 0.879009923
33358.109543471 -0.917564055 -3.321157522 0.062830124 0.351571821 -0.370219864 -0.104874755 0.853425915
33358.149552741 -0.888175657 -3.300533858 0.066662967 0.413840603 -0.384388621 -0.135302649 0.814048240
33358.189603210 -0.858894789 -3.281414840 0.072701124 0.472041390 -0.398007150 -0.171214215 0.767758378
33358.229626700 -0.827434841 -3.264722928 0.081854322 0.518078229 -0.406678087 -0.198296945 0.725869274
33358.269584669 -0.795536903 -3.249978573 0.091906956 0.547029198 -0.404842431 -0.211191429 0.701612317
33358.309559200 -0.762052122 -3.239440675 0.102646376 0.560880844 -0.401586598 -0.211066901 0.692525557
33358.349596752 -0.726154525 -3.234887496 0.112246221 0.563026777 -0.403805378 -0.204612769 0.691430170
33358.389567481 -0.687331457 -3.235539701 0.117938913 0.558564845 -0.406197458 -0.196992522 0.695846884
33358.429562377 -0.644374412 -3.241762099 0.119414136 0.549751795 -0.410409076 -0.194454603 0.701088270
33358.469578575 -0.595859212 -3.253711472 0.116536694 0.539156296 -0.418237572 -0.196562397 0.704095906
33358.509584460 -0.542265597 -3.271869473 0.110444895 0.523788363 -0.429745283 -0.204848473 0.706400627
33358.549593939 -0.486019716 -3.293082909 0.101808881 0.499778625 -0.445318508 -0.222207006 0.708898299
33358.589636700 -0.426444577 -3.322554142 0.089561496 0.471777435 -0.459780992 -0.241007125 0.712701240
33358.629561648 -0.367657754 -3.352326814 0.078431586 0.452288430 -0.469133087 -0.271573897 0.708235089
33358.669572741 -0.312026502 -3.388728526 0.069472605 0.436929023 -0.484890180 -0.311217616 0.690737387
33358.709586595 -0.256707911 -3.423610664 0.067078787 0.419022418 -0.502451719 -0.342846599 0.674105847
33358.749577273 -0.205857503 -3.463921380 0.070486119 0.394705138 -0.517267146 -0.362473228 0.667274840
33358.789587429 -0.154931363 -3.502964983 0.079654342 0.364073214 -0.532002968 -0.369718160 0.669127805
33358.829277012 -0.103669881 -3.538710770 0.091113613 0.333391350 -0.546637368 -0.370359989 0.672957113
33358.869066804 -0.051438214 -3.570376351 0.100176614 0.309951569 -0.556787156 -0.368730073 0.676724627
33358.908933158 0.001219555 -3.597187778 0.105191479 0.297221355 -0.564525718 -0.365347677 0.677857842
33358.948718314 0.053051251 -3.619507342 0.106172742 0.296885732 -0.568744608 -0.362281673 0.676121604
33358.988551231 0.104685587 -3.637115474 0.103334954 0.303212356 -0.568627115 -0.360895593 0.674151202
33359.028798887 0.158483352 -3.650364723 0.097470230 0.312283233 -0.558989010 -0.358363092 0.679401475
33359.068628991 0.209077261 -3.660925347 0.090145577 0.321563600 -0.537945586 -0.357979359 0.692143176
33359.108457272 0.255555513 -3.670823522 0.086214597 0.328928864 -0.522479272 -0.357937076 0.700501436
33359.148437949 0.301387423 -3.680362271 0.085417002 0.334401425 -0.516553164 -0.353622688 0.704485280
33359.188406335 0.346533907 -3.692324696 0.086881741 0.334527182 -0.507481520 -0.348172818 0.713673427
33359.228221543 0.391455561 -3.704527967 0.088187577 0.329403517 -0.499142562 -0.341696115 0.724978476
33359.268171804 0.439892237 -3.719194705 0.087870754 0.324630172 -0.497134311 -0.335173430 0.731526828
33359.308036126 0.492761250 -3.734820618 0.085539300 0.322059910 -0.496049542 -0.332698459 0.734522976
33359.347873470 0.551476402 -3.759113618 0.083898979 0.319194452 -0.496924421 -0.334455137 0.734384629
33359.388130449 0.606923905 -3.783593186 0.079277120 0.313606366 -0.501474219 -0.337804646 0.732163011
33359.428145449 0.661205590 -3.808957055 0.071931413 0.303813359 -0.502910314 -0.343067755 0.732859587
33359.467872481 0.717373103 -3.838440129 0.063335621 0.291540399 -0.498712183 -0.351071959 0.736911687
33359.507825970 0.771539045 -3.870459837 0.055441643 0.283329186 -0.492869191 -0.364843191 0.737356073
33359.547685606 0.822417414 -3.902931152 0.050694803 0.279420470 -0.494826773 -0.384457397 0.727504760
33359.587695345 0.870479426 -3.935248414 0.052440046 0.277180115 -0.501355955 -0.402717570 0.713885109
33359.627541699 0.918081125 -3.967529543 0.063108474 0.265590676 -0.509042630 -0.411494972 0.707819950
33359.667714616 0.968039293 -3.999992345 0.079853734 0.239138757 -0.514972940 -0.408114426 0.714883306
33359.707462897 1.021765994 -4.029488793 0.097586267 0.208869127 -0.519942554 -0.400579946 0.724961471
33359.747103730 1.070464971 -4.055896595 0.111847511 0.189816314 -0.526991507 -0.393837569 0.728794681
33359.786967949 1.128648870 -4.080242146 0.119939471 0.189250938 -0.540070199 -0.389559559 0.721631217
33359.827242220 1.188665382 -4.101915253 0.120282577 0.202447706 -0.557512273 -0.391725751 0.703381780
33359.867045189 1.245343471 -4.120469879 0.114215695 0.226489213 -0.570234371 -0.398078367 0.681959685
33359.906663522 1.304370456 -4.134211589 0.103430448 0.261368514 -0.575195373 -0.405171849 0.660812043
33359.946896543 1.362848469 -4.142575814 0.093742555 0.310948690 -0.573849828 -0.415789275 0.633345534
33359.986721543 1.419482181 -4.146068287 0.090860929 0.351250949 -0.573528127 -0.421818643 0.608076714
33360.026369564 1.474376444 -4.143508900 0.094934587 0.370953085 -0.562882189 -0.412138509 0.612943145
33360.066575866 1.528939017 -4.140712104 0.102747490 0.373966655 -0.542837403 -0.393859285 0.640586730
33360.106612064 1.584550199 -4.135445045 0.110399294 0.375617040 -0.528544772 -0.373939721 0.663114884
33360.146407897 1.638863274 -4.131670772 0.116928479 0.386006776 -0.523094667 -0.361089830 0.668569273
33360.186352272 1.690528693 -4.124375393 0.119052955 0.402485275 -0.522607858 -0.356950334 0.661417485
33360.226272376 1.743323443 -4.123119741 0.118830713 0.417935883 -0.528677986 -0.360334955 0.644971244
33360.266176178 1.799553877 -4.125585665 0.117841955 0.427395398 -0.542390507 -0.373248429 0.619541219
33360.306133522 1.848831409 -4.136571728 0.114121505 0.433786720 -0.562121355 -0.398700194 0.580419520
33360.346066803 1.893786208 -4.149701499 0.109192764 0.434793642 -0.582469730 -0.430277229 0.535298990
33360.385990918 1.930591088 -4.163031601 0.103959841 0.432809807 -0.591329648 -0.460925492 0.500552304
33360.426395293 1.968519269 -4.182667462 0.099623991 0.420865057 -0.593263189 -0.493115152 0.477230384
33360.466374095 2.004915286 -4.209621275 0.098752978 0.405491052 -0.596808526 -0.515957680 0.461718813
33360.506206699 2.036642267 -4.241925689 0.102134343 0.387432158 -0.605552913 -0.534888767 0.443954952
33360.546038418 2.058675769 -4.279741098 0.107283052 0.359546673 -0.622035953 -0.553285921 0.421511747
33360.586308522 2.077322927 -4.319829293 0.111698540 0.323964439 -0.645145081 -0.573346121 0.387439147
33360.626270136 2.090775663 -4.358591546 0.111868393 0.288938721 -0.668115759 -0.601136259 0.329804406
33360.666308001 2.108007955 -4.395891625 0.109172017 0.264935042 -0.689425602 -0.622713896 0.258319893
33360.706191386 2.124651154 -4.433234051 0.106805942 0.242383252 -0.712197804 -0.632174938 0.185417086
33360.746032584 2.143851595 -4.469305369 0.104675492 0.216310770 -0.727746558 -0.637895635 0.129165620
33360.786386907 2.164068926 -4.506209287 0.105990699 0.190425871 -0.734541844 -0.642316562 0.107776163
33360.826233365 2.180977826 -4.547537245 0.112603233 0.167813640 -0.736134100 -0.644050500 0.123061458
33360.866311543 2.204414677 -4.587326497 0.123332571 0.148495925 -0.729074440 -0.645257621 0.173326348
33360.906154251 2.230589338 -4.625232921 0.136259898 0.125446051 -0.716026524 -0.645089218 0.235434081
33360.946044407 2.260771537 -4.661021941 0.149646691 0.110751145 -0.704172749 -0.637700974 0.291911615
33360.986316438 2.293548227 -4.694797498 0.161592060 0.107840826 -0.696958312 -0.628435072 0.328159758
33361.026102272 2.327824600 -4.722455497 0.170169056 0.110291971 -0.696073956 -0.619361223 0.345989023
33361.066325188 2.364832193 -4.750198681 0.175909304 0.120825826 -0.693722764 -0.612528952 0.359107407
33361.106322584 2.402077996 -4.776851267 0.178204665 0.132214329 -0.688470919 -0.609905866 0.369515899
33361.146108938 2.441773791 -4.801331549 0.177586396 0.138326590 -0.684165703 -0.610229776 0.374703439
33361.186208053 2.485068050 -4.827351903 0.174702772 0.147673047 -0.680721459 -0.610819809 0.376444056
33361.226330188 2.534326167 -4.854334195 0.171187454 0.163571447 -0.678768505 -0.608371387 0.377361834
33361.266289251 2.585515123 -4.884165227 0.166870607 0.179619186 -0.680020919 -0.604641088 0.373788246
33361.306214772 2.634869256 -4.919237814 0.161395857 0.195522506 -0.682280261 -0.603860905 0.362790027
33361.346106334 2.682174710 -4.952536892 0.155987916 0.211057369 -0.687493830 -0.600628731 0.349359627
33361.386267011 2.720835188 -4.991998747 0.150919757 0.218864248 -0.696135802 -0.599897468 0.328049408
33361.426280605 2.746569547 -5.033427296 0.144024004 0.222462953 -0.702329353 -0.606487304 0.299026528
33361.466076646 2.760085741 -5.074638775 0.136442342 0.219971754 -0.709848298 -0.618076993 0.256336991
33361.506116021 2.759982487 -5.116367279 0.128653936 0.204138756 -0.720379556 -0.629689629 0.207054665
33361.546213261 2.746446491 -5.158139278 0.120989141 0.180390977 -0.728209192 -0.639723629 0.167105198
33361.586201751 2.726447759 -5.197115349 0.113197597 0.148204953 -0.731218415 -0.651712976 0.136473875
33361.626213678 2.698965029 -5.236709034 0.106150482 0.110999670 -0.733693134 -0.660027804 0.117203908
33361.666187948 2.669548105 -5.277283286 0.099259202 0.077401805 -0.733291463 -0.667212234 0.105453430
33361.706177636 2.635989805 -5.319587599 0.092586809 0.047737359 -0.732713130 -0.671737397 0.098089157
33361.746110761 2.604395858 -5.363430986 0.087486175 0.017947598 -0.730646744 -0.675096952 0.100385875
33361.786073313 2.572611266 -5.403674558 0.084485503 -0.009719412 -0.725464717 -0.679431856 0.109447838
33361.826028573 2.543788165 -5.443497409 0.084736511 -0.031007416 -0.716695047 -0.684165866 0.131543980
33361.865986594 2.520896240 -5.486179615 0.089431256 -0.046981191 -0.703374692 -0.689797311 0.165034785
33361.905987740 2.505593305 -5.526015060 0.097389438 -0.058672617 -0.695319285 -0.690849017 0.189251819
33361.945981125 2.499632295 -5.567732644 0.109035921 -0.062507016 -0.696027982 -0.686278823 0.201641509
33361.986022011 2.503160746 -5.608530230 0.122879982 -0.061140321 -0.698158792 -0.681017947 0.212251545
33362.025929875 2.516573837 -5.648798177 0.136286734 -0.054939603 -0.697194089 -0.677970714 0.226401752
33362.065932063 2.539875568 -5.690652343 0.148502242 -0.041885123 -0.698116274 -0.672146596 0.243101333
33362.105861282 2.572246820 -5.731946498 0.158049443 -0.022504296 -0.702650727 -0.663037666 0.257209188
33362.145838730 2.611737825 -5.775189348 0.165638658 0.005348827 -0.708326233 -0.651293121 0.272144462
33362.186208625 2.655463048 -5.821645140 0.172015256 0.039809534 -0.714615678 -0.636739040 0.286885044
33362.226095240 2.701179932 -5.865205112 0.176750980 0.073614845 -0.720136072 -0.623164987 0.296057920
33362.265909459 2.741538208 -5.912399628 0.182050367 0.100234520 -0.725555518 -0.611009474 0.300315924
33362.305841177 2.773997940 -5.964024897 0.188175581 0.115764665 -0.731711283 -0.599237475 0.303498913
33362.345856802 2.795397928 -6.021208959 0.194809526 0.119075047 -0.735536222 -0.591436504 0.308237670
33362.385880709 2.807914656 -6.078311082 0.199657014 0.112934482 -0.735187111 -0.590081848 0.313925353
33362.425777011 2.811046837 -6.134112823 0.202593828 0.100321656 -0.734451400 -0.593718478 0.313073593
33362.465810552 2.805290387 -6.188932969 0.203662384 0.086092832 -0.735363496 -0.599658954 0.303706587
33362.505660865 2.791487294 -6.240958900 0.202212766 0.068050692 -0.735822047 -0.608698258 0.288827716
33362.545802948 2.771845050 -6.290286178 0.197051895 0.042196034 -0.732208159 -0.622351938 0.273438789
33362.585608938 2.749613447 -6.337019214 0.187374267 0.013718988 -0.724095050 -0.638679199 0.259975054
33362.625573469 2.727204374 -6.380796337 0.172789138 -0.013049617 -0.712264926 -0.656673185 0.247565566
33362.665681542 2.706055744 -6.423897172 0.153763582 -0.034002330 -0.697842893 -0.675695054 0.235149596
33362.705814511 2.689981728 -6.465232005 0.132891774 -0.044812253 -0.686108934 -0.690898564 0.223395540
33362.745825188 2.679361138 -6.505804163 0.112780254 -0.045554877 -0.678399322 -0.701992043 0.211911031
33362.786027323 2.674992514 -6.546793544 0.095058444 -0.039666152 -0.669546358 -0.712106825 0.207456359
33362.826005604 2.677387025 -6.588256913 0.081705167 -0.026623155 -0.656027362 -0.721803600 0.218903794
33362.866061802 2.688645893 -6.626622753 0.072863295 -0.011252803 -0.643056793 -0.728390255 0.236218060
33362.905922219 2.703978038 -6.670798054 0.069191658 0.005562771 -0.637537525 -0.727065182 0.254737474
33362.945876281 2.727600964 -6.712799050 0.068550338 0.029651566 -0.633357829 -0.722382258 0.275939340
33362.985815917 2.750627954 -6.761289429 0.070470189 0.053439396 -0.629610720 -0.715984569 0.296817568
33363.025743156 2.779589277 -6.803763322 0.073889877 0.073402004 -0.627777010 -0.706107860 0.319248903
33363.065696021 2.810450637 -6.845266365 0.076925926 0.091515760 -0.624476367 -0.697525110 0.339282854
33363.105637740 2.838739043 -6.891115417 0.078640969 0.107330160 -0.623455328 -0.689547058 0.352574170
33363.145567167 2.864500855 -6.940346881 0.079506047 0.118850721 -0.629112647 -0.681203715 0.355039833
33363.185944667 2.885540441 -6.995287470 0.079102238 0.124972139 -0.637289487 -0.674387101 0.351348989
33363.225879354 2.899645389 -7.055206484 0.077798429 0.122987590 -0.644443076 -0.670320029 0.346753851
33363.265841125 2.909079754 -7.116263204 0.075578969 0.112746054 -0.649712338 -0.668726160 0.343464013
33363.305818104 2.912553221 -7.178978928 0.072228320 0.105898427 -0.650397065 -0.671912267 0.338087396
33363.345822427 2.908463561 -7.240548985 0.070399388 0.097860527 -0.654471710 -0.678466499 0.319019291
33363.385913156 2.897788665 -7.300127787 0.072857871 0.083398663 -0.664183343 -0.682807412 0.292710074
33363.425974614 2.881582608 -7.356052878 0.080043290 0.065419485 -0.672707764 -0.687106792 0.266587343
33363.465574406 2.862541066 -7.407366704 0.091273385 0.041509516 -0.679949323 -0.690725154 0.242579142
33363.505690031 2.839800237 -7.457269263 0.105087071 0.010300744 -0.685771847 -0.692924029 0.222412136
33363.545800031 2.819468061 -7.503726555 0.118398102 -0.019482983 -0.686142157 -0.695999034 0.210747951
33363.585985656 2.801568925 -7.551040143 0.128823911 -0.045052653 -0.686195172 -0.697409748 0.201807054
33363.626141802 2.787383093 -7.598151759 0.135320466 -0.064713555 -0.691692113 -0.693567703 0.190625334
33363.665860760 2.777932543 -7.646211576 0.137887232 -0.073978604 -0.699047942 -0.688545071 0.178226895
33363.706057271 2.774222412 -7.694460086 0.138611250 -0.077440692 -0.705014141 -0.684017081 0.170524580
33363.746207531 2.777268579 -7.741124490 0.138531191 -0.072821400 -0.706246475 -0.682316518 0.174232974
33363.786275239 2.787129618 -7.785537682 0.137714230 -0.059787735 -0.703918608 -0.684274002 0.180812362
33363.826378104 2.802672194 -7.826211165 0.137370178 -0.041465164 -0.704302301 -0.684435099 0.183813774
33363.866353416 2.821952004 -7.863556923 0.137532521 -0.021427934 -0.705705585 -0.683427885 0.185598484
33363.906330864 2.843359291 -7.897983267 0.138191910 -0.002651933 -0.703023188 -0.684889425 0.191514593
33363.946333937 2.862105712 -7.930701032 0.139123956 0.012713864 -0.698918394 -0.686878700 0.198869525
33363.986363573 2.878528783 -7.961912565 0.141390271 0.022548415 -0.696831714 -0.687780331 0.202176527
33364.026327583 2.889320793 -7.999733752 0.144403723 0.026934313 -0.698316960 -0.686506679 0.200839602
33364.066409562 2.896365849 -8.039324288 0.149173344 0.023776488 -0.703435813 -0.683132494 0.194788941
33364.106048937 2.899087806 -8.080980729 0.156203818 0.011570855 -0.711274172 -0.677405792 0.187287371
33364.146171281 2.899097516 -8.124571440 0.164740736 -0.005828635 -0.720776723 -0.669319548 0.180161831
33364.186175760 2.895804384 -8.170076732 0.172045211 -0.025261437 -0.728996901 -0.662195253 0.171530825
33364.226278312 2.888609914 -8.216087465 0.176954453 -0.046738101 -0.734164920 -0.657499006 0.162826527
33364.266306385 2.880080160 -8.259633472 0.179433028 -0.065254004 -0.733665855 -0.658107087 0.156113388
33364.306413468 2.867669117 -8.299419879 0.180546162 -0.083384167 -0.731782050 -0.661331670 0.142065245
33364.346798000 2.851988876 -8.336591685 0.183116717 -0.104644249 -0.732807945 -0.660579513 0.125207042
33364.386568416 2.833538574 -8.368894839 0.186572972 -0.125713390 -0.730443566 -0.661997442 0.111389979
33364.426893000 2.811961979 -8.398158776 0.191295153 -0.151947586 -0.722500210 -0.667092110 0.099466043
33364.466414458 2.789422056 -8.423526282 0.196821367 -0.183734026 -0.710668810 -0.672822231 0.092205728
33364.506873989 2.767301669 -8.446062047 0.199799387 -0.212317332 -0.694760831 -0.682056921 0.083827773
33364.546473104 2.746014378 -8.468972548 0.199600542 -0.236762427 -0.681417327 -0.688731490 0.072545947
33364.586600395 2.727128290 -8.489340323 0.195981425 -0.258225569 -0.672407174 -0.691343064 0.056858735
33364.626668885 2.708831925 -8.510899521 0.189410642 -0.273006060 -0.667343439 -0.691950667 0.036396432
33364.666739614 2.690463552 -8.531382546 0.180975661 -0.286917327 -0.666131244 -0.688376002 0.009278620
33364.706833781 2.673512393 -8.547945014 0.171679657 0.297246356 0.665345872 0.684336474 0.025358706
33364.746956645 2.659092955 -8.559302111 0.163297114 0.307011604 0.659169112 0.683572714 0.062994465
33364.787101489 2.645363598 -8.564800406 0.158651120 0.326086406 0.641609211 0.687825733 0.094345306
33364.826692583 2.632273472 -8.566734674 0.157062011 0.345224402 0.618647552 0.695837461 0.117921783
33364.866699249 2.621592740 -8.566144291 0.155009352 0.359373292 0.595658516 0.703728481 0.144249765
33364.906859874 2.611666859 -8.566538750 0.151484271 0.373884642 0.575324014 0.706579091 0.173085360
33364.946834614 2.603070245 -8.562548162 0.144995423 0.389756633 0.551721072 0.709394722 0.201128700
33364.986820187 2.592613516 -8.557294747 0.133626333 0.407772947 0.525107908 0.709880810 0.232491171
33365.026768728 2.586936644 -8.545625675 0.115671126 0.422457485 0.497019089 0.710189085 0.264826664
33365.066653051 2.583384519 -8.530619035 0.092101090 0.433597606 0.464377919 0.713477884 0.295458242
33365.106542218 2.584194536 -8.512189972 0.064911577 0.440791903 0.427976592 0.719018200 0.324886693
33365.146367218 2.587842420 -8.491992729 0.038206260 0.441628422 0.395782349 0.719918603 0.360607646
33365.186610030 2.595583195 -8.468902153 0.016516160 0.443652519 0.372312869 0.708794186 0.402698861
33365.226496437 2.602246451 -8.443257121 0.006112916 0.456258185 0.354065159 0.683173467 0.446923200
33365.266490603 2.607271386 -8.413577781 0.010035083 0.478066069 0.333275084 0.650573087 0.486965307
33365.306260603 2.606188056 -8.379535682 0.028496968 0.507833821 0.305703931 0.620183675 0.513830834
33365.346185499 2.601877296 -8.340457115 0.058863257 0.542909454 0.275353766 0.593764925 0.526187079
33365.386488468 2.592317471 -8.298167132 0.098851472 0.581931456 0.249817495 0.567157610 0.526573115
33365.426288885 2.579621116 -8.254926407 0.145328844 0.625251701 0.232542128 0.535467231 0.517937557
33365.466031020 2.566051087 -8.211557979 0.195359128 0.670294114 0.219717006 0.501857168 0.500569297
33365.505782791 2.553508378 -8.170075718 0.244521657 0.707185344 0.208631797 0.473261134 0.482063856
33365.546033572 2.543880385 -8.130029116 0.287134336 0.730125611 0.198859574 0.455715932 0.468715747
33365.585833989 2.538042913 -8.091707971 0.316933864 0.739440724 0.191359164 0.446198821 0.466385783
33365.625739353 2.534623661 -8.052823801 0.331952062 0.743691022 0.183971066 0.432922303 0.475033251
33365.665718416 2.533394377 -8.011237139 0.334207843 0.749519859 0.173726758 0.416231496 0.484551686
33365.706112426 2.531310739 -7.967741858 0.323021150 0.751744754 0.167238387 0.406510397 0.491589710
33365.746001176 2.529405864 -7.927327269 0.295831831 0.744442557 0.166850767 0.399545175 0.508261501
33365.785669561 2.529058217 -7.890880871 0.256162281 0.728511994 0.170351077 0.395541084 0.532726981
33365.825714197 2.527792680 -7.857619195 0.207246081 0.707357917 0.177490422 0.395478317 0.558335766
33365.865704509 2.525481073 -7.830524906 0.153847130 0.681300954 0.193293522 0.392903540 0.586594778
33365.905701645 2.523464686 -7.808528587 0.101724201 0.657943145 0.210282413 0.382048499 0.613947122
33365.945811332 2.526180145 -7.790290963 0.056561184 0.637739647 0.221491104 0.369063902 0.638765739
33365.985816489 2.530125739 -7.775105361 0.020568074 0.616502988 0.226368295 0.357950036 0.663741842
33366.025929926 2.533933681 -7.759295290 -0.003943914 0.603063438 0.224687478 0.345278134 0.683090797
33366.066109457 2.534151037 -7.742471361 -0.017115033 0.598394129 0.218076069 0.324314407 0.699419373
33366.106149093 2.532251616 -7.720461847 -0.019328400 0.598458558 0.207211679 0.305760291 0.710929897
33366.146225968 2.526267387 -7.691529445 -0.011436037 0.605694846 0.191049379 0.294888625 0.713914971
33366.185857582 2.515739233 -7.657352630 0.005015006 0.618458233 0.172455088 0.285989374 0.711321823
33366.225830915 2.499274952 -7.618951895 0.029071852 0.636724992 0.156420176 0.275832239 0.702873096
33366.265839770 2.474875475 -7.578444366 0.059555627 0.659058491 0.143146549 0.264299620 0.689417639
33366.306202061 2.442118156 -7.538391325 0.094988976 0.682655123 0.130050861 0.254829780 0.672406529
33366.346277999 2.399973584 -7.500289549 0.131160677 0.703091903 0.123954556 0.251944351 0.653315458
33366.386074249 2.349479348 -7.465128893 0.164417676 0.721082486 0.130318623 0.244929732 0.634875210
33366.426026645 2.293198847 -7.434482275 0.194121369 0.738383654 0.145443137 0.227370953 0.618011588
33366.466028051 2.234210278 -7.408320751 0.218425513 0.749863074 0.170187042 0.208316639 0.604438516
33366.506097842 2.173768640 -7.387539969 0.237346589 0.753311983 0.203931947 0.192495329 0.594876765
33366.546210238 2.116144372 -7.371953929 0.251453990 0.750693081 0.237217760 0.175993543 0.590943234
33366.585971488 2.063866091 -7.358553408 0.261773314 0.744215044 0.267106924 0.166458395 0.589142989
33366.626113520 2.014867992 -7.346070938 0.269535137 0.733656777 0.300248029 0.167996821 0.585982870
33366.666229457 1.974507013 -7.333285555 0.276217731 0.720724893 0.335996405 0.173400275 0.581028734
33366.706437530 1.947791378 -7.317398693 0.282667842 0.712056477 0.364375248 0.174934919 0.574111510
33366.746207634 1.938513705 -7.295944282 0.288076174 0.710455738 0.377583745 0.174750529 0.567578551
33366.786399353 1.947710904 -7.269079617 0.290548655 0.714074565 0.373244855 0.179744204 0.564338386
33366.826437269 1.974047636 -7.237552957 0.288675337 0.718186595 0.352564154 0.186553306 0.570179267
33366.866466280 2.012683145 -7.202602719 0.281369965 0.718587214 0.326889918 0.190285232 0.583581124
33366.906615446 2.060047519 -7.164697506 0.269802082 0.719322896 0.300178609 0.181152379 0.599709254
33366.946412165 2.114382814 -7.123742002 0.255198206 0.722829323 0.273285766 0.159959876 0.614203140
33366.986266280 2.176604446 -7.081011442 0.238741177 0.730046879 0.244379054 0.132256261 0.624354638
33367.026438988 2.247879005 -7.039018264 0.222054251 0.736469240 0.210385657 0.102774087 0.634656143
33367.066263780 2.325219213 -7.001136313 0.206861348 0.742040011 0.165294921 0.075933572 0.645204080
33367.106191592 2.406505973 -6.966973601 0.195730008 0.749192866 0.112914524 0.049760116 0.650756706
33367.145957113 2.489060933 -6.939425118 0.189375810 0.759175400 0.060050260 0.019951309 0.647802921
33367.186193728 2.570701790 -6.920153189 0.187972424 0.769038962 0.008209039 -0.011370323 0.639048043
33367.225990342 2.645749616 -6.910188983 0.190336959 0.774335081 -0.043997802 -0.040045960 0.629972775
33367.266030759 2.711580572 -6.907520203 0.194239345 0.770330596 -0.094794953 -0.063347679 0.627368920
33367.305667894 2.766069051 -6.909225164 0.198979950 0.760474421 -0.142352546 -0.079287248 0.628592030
33367.345581957 2.808154486 -6.911704114 0.204028038 0.750237965 -0.184089192 -0.093568017 0.628091706
33367.386026592 2.837541625 -6.911869041 0.207390045 0.741129727 -0.215568443 -0.109223632 0.626360258
33367.426207634 2.855381384 -6.907616859 0.207929412 0.731874753 -0.235663949 -0.123853593 0.627281545
33367.466002738 2.866155235 -6.899402924 0.205422879 0.721146948 -0.250503953 -0.134168031 0.631817844
33367.506015967 2.871597723 -6.886629190 0.200182008 0.709235438 -0.262988193 -0.142552929 0.638358024
33367.545631748 2.870485341 -6.868291661 0.192796528 0.697524355 -0.269901725 -0.150460745 0.646509395
33367.585657842 2.866552098 -6.844556741 0.187313136 0.685138014 -0.271809418 -0.161794340 0.656146427
33367.625675134 2.859853404 -6.812196495 0.189603437 0.673992360 -0.269682348 -0.170691066 0.666235911
33367.665737998 2.854451435 -6.771278059 0.202132809 0.669184792 -0.261458090 -0.178618431 0.672255039
33367.705777113 2.853266249 -6.723254202 0.226764707 0.674874655 -0.252846590 -0.191965467 0.666154683
33367.745841696 2.859471627 -6.671688453 0.264951343 0.692130418 -0.248048934 -0.198791072 0.648004105
33367.785897477 2.869527713 -6.622867067 0.311188999 0.712125632 -0.247045128 -0.203634148 0.624803107
33367.825894196 2.883198546 -6.578142937 0.362405206 0.730155818 -0.249401546 -0.203286927 0.602781698
33367.865949769 2.898625451 -6.536668529 0.416035597 0.746229251 -0.254113888 -0.189735146 0.585293611
33367.906105186 2.913839938 -6.497576588 0.468971863 0.759599617 -0.260781525 -0.171897882 0.570484475
33367.946078988 2.925478148 -6.462214079 0.518187625 0.770203193 -0.266357073 -0.159414901 0.557160516
33367.986143519 2.933879735 -6.428498559 0.563061017 0.779688879 -0.268058696 -0.149347871 0.545825064
33368.026167581 2.939555661 -6.396870494 0.603443249 0.790733040 -0.270818982 -0.145475094 0.529372586
33368.066193050 2.943811785 -6.365906189 0.640792419 0.806608949 -0.271894026 -0.138659163 0.506190950
33368.106165029 2.945411744 -6.335364774 0.673296147 0.821784817 -0.270854015 -0.131091424 0.483862435
33368.145900915 2.943568022 -6.305090622 0.699052701 0.829863190 -0.267511752 -0.120203936 0.474674164
33368.186009300 2.938116170 -6.274411267 0.718570691 0.832120329 -0.264224974 -0.106490064 0.475836934
33368.226450394 2.928911759 -6.242354697 0.732767757 0.832039718 -0.261709920 -0.095078182 0.479768657
33368.266320758 2.915105750 -6.206340582 0.742347371 0.835565126 -0.249131160 -0.082847419 0.482598064
33368.306038311 2.895500633 -6.167841665 0.747539188 0.843082445 -0.224399359 -0.072460049 0.483328522
33368.346087686 2.872279481 -6.127664329 0.750338109 0.849600069 -0.198034838 -0.065126619 0.484479565
33368.386469561 2.845224211 -6.085107451 0.752563437 0.854701837 -0.169498402 -0.047758397 0.488338200
33368.426186748 2.813678189 -6.042186077 0.753149266 0.861078486 -0.137147398 -0.026798800 0.488892888
33368.466029821 2.777504531 -5.999718174 0.750507420 0.869311840 -0.101545005 -0.007459192 0.483663000
33368.506126435 2.737588514 -5.959511947 0.743176284 0.877568374 -0.060324435 0.011561291 0.475500839
33368.546269613 2.696556352 -5.922723118 0.729863217 0.884680368 -0.019024604 0.025730390 0.465098547
33368.586251383 2.655753918 -5.891274497 0.708552652 0.887281746 0.021758241 0.034989782 0.459383714
33368.626250029 2.616789591 -5.864393207 0.680082484 0.885359045 0.059909229 0.041660663 0.459145549
33368.666178415 2.581249168 -5.841652764 0.646422127 0.880250859 0.090682485 0.048158877 0.463266484
33368.706184873 2.550032545 -5.821937614 0.609130151 0.872559339 0.111062894 0.062494706 0.471592669
33368.746422008 2.523093654 -5.804547416 0.568289054 0.864348678 0.121301542 0.087630179 0.480112748
33368.786513519 2.501070008 -5.789021264 0.522181823 0.853902725 0.126801372 0.112615238 0.492025767
33368.826510081 2.483579986 -5.776196227 0.470436990 0.838730505 0.132485882 0.139932257 0.509310902
33368.866474039 2.471973252 -5.765344542 0.415376975 0.823407448 0.133121859 0.166449686 0.525902318
33368.906441071 2.465925423 -5.753254041 0.358782735 0.808425254 0.129565772 0.189325786 0.542048951
33368.946162112 2.465043374 -5.746628188 0.298990927 0.790938330 0.128133913 0.209285744 0.560533439
33368.986093571 2.465680918 -5.736131423 0.240937419 0.772292351 0.127283330 0.232774751 0.577216938
33369.026425394 2.470470893 -5.726168991 0.182649458 0.748844640 0.124554798 0.255758644 0.598586104
33369.066478675 2.477835593 -5.716360028 0.127077081 0.717679246 0.125636548 0.285255104 0.622721032
33369.106199404 2.490006085 -5.704625773 0.077205573 0.689589326 0.128709192 0.307004660 0.643155226
33369.146178414 2.508806860 -5.691782416 0.034862365 0.671126572 0.128596372 0.304902632 0.663390143
33369.186468935 2.533632909 -5.677677527 0.002400531 0.660537703 0.125374347 0.292178938 0.680149016
33369.226399925 2.564094593 -5.662965667 -0.019464495 0.651487811 0.114039581 0.277719726 0.696728326
33369.266196956 2.599278557 -5.647394153 -0.029311207 0.644582125 0.093627939 0.266610211 0.710398964
33369.306234039 2.638381254 -5.631379095 -0.028248860 0.643491904 0.061281518 0.250988301 0.720532871
33369.346395133 2.678363585 -5.616655095 -0.019601103 0.643454535 0.029238152 0.234938430 0.727952833
33369.386444508 2.718401371 -5.600800421 -0.005467033 0.644596416 -0.002032677 0.214414292 0.733837748
33369.426311591 2.760813333 -5.582664160 0.014948995 0.643780441 -0.032181976 0.192319822 0.739948748
33369.466331018 2.807389303 -5.557932268 0.046240204 0.652717878 -0.058835264 0.168044480 0.736382263
33369.506474977 2.859015624 -5.529635999 0.090741653 0.673510191 -0.090653815 0.142134997 0.719696847
33369.546464039 2.913842266 -5.504821733 0.148378423 0.694691871 -0.130613900 0.116499056 0.697689891
33369.586265498 2.967855157 -5.484014300 0.214443767 0.711752648 -0.165190201 0.100890177 0.675234431
33369.626320810 3.019702842 -5.467867663 0.285326510 0.731762422 -0.191622694 0.077239175 0.649491040
33369.666170341 3.067342623 -5.454559669 0.358072334 0.758139658 -0.206649612 0.051699647 0.616317567
33369.706306800 3.111548310 -5.445400590 0.429295519 0.781208073 -0.215073062 0.033981435 0.585066480
33369.746262737 3.152570309 -5.438904055 0.493228692 0.794899850 -0.216468139 0.025653237 0.566231123
33369.786553102 3.192042304 -5.434358155 0.547735919 0.802030869 -0.213461734 0.019524429 0.557493830
33369.826493831 3.230293013 -5.430758657 0.593308390 0.805430310 -0.213280580 0.015698345 0.552763034
33369.866246487 3.265951590 -5.424772633 0.632498448 0.805687934 -0.215127364 0.021725405 0.551466387
33369.906230185 3.298196627 -5.421240148 0.661797250 0.803965827 -0.218434255 0.027347217 0.552428779
33369.946455081 3.325953282 -5.417711449 0.681264797 0.799526074 -0.224567553 0.030490793 0.556235366
33369.986879195 3.348194168 -5.413250478 0.692050420 0.793426529 -0.232056603 0.034680654 0.561623831
33370.026215706 3.364837374 -5.408971156 0.693580708 0.788097797 -0.240527832 0.035938025 0.565470321
33370.066170289 3.375487612 -5.402071816 0.687548044 0.784359453 -0.248003996 0.037309512 0.567346690
33370.106230549 3.379968722 -5.395013633 0.672367176 0.782620694 -0.251984390 0.033127978 0.568252807
33370.146327164 3.378485269 -5.387993265 0.649269118 0.782765337 -0.252901322 0.023911163 0.568108796
33370.186293883 3.369387969 -5.380609665 0.619828357 0.784516992 -0.252331228 0.012284499 0.566313633
33370.226234456 3.354633531 -5.373788697 0.584451898 0.785944419 -0.251834038 0.001132588 0.564685491
33370.266258414 3.333515297 -5.367626584 0.544986307 0.787525463 -0.250441490 -0.009074551 0.563027848
33370.306289872 3.305909185 -5.361364029 0.502992015 0.789386332 -0.245393625 -0.017389688 0.562448919
33370.346331383 3.272710115 -5.355632753 0.459266714 0.789680233 -0.237920024 -0.023099370 0.565035937
33370.386330133 3.234403603 -5.350716326 0.414846472 0.785142374 -0.227615104 -0.022279484 0.575540130
33370.426334508 3.191795556 -5.344986016 0.370720964 0.778161230 -0.211086465 -0.011111415 0.591425516
33370.466329247 3.145057013 -5.339622076 0.327027710 0.771251608 -0.187571262 0.002139189 0.608262610
33370.506336487 3.094392365 -5.335023997 0.284438118 0.765827554 -0.157901778 0.010009700 0.623277620
33370.546420185 3.040706462 -5.331416623 0.244922760 0.764408940 -0.121565527 0.017452238 0.632926706
33370.586512528 2.985768200 -5.330752197 0.209629795 0.763020205 -0.085391322 0.024666417 0.640234377
33370.626577424 2.931359276 -5.333040199 0.178204969 0.758194888 -0.051097538 0.035888634 0.649031247
33370.666149195 2.879121847 -5.336560146 0.149338180 0.749818139 -0.017861443 0.055298313 0.659087114
33370.706278310 2.827312090 -5.343366550 0.121129293 0.739614293 0.021153105 0.067939526 0.669258892
33370.746422789 2.778388332 -5.352029493 0.095476600 0.730324986 0.061846028 0.075336872 0.676110079
33370.786425862 2.733987954 -5.363522701 0.071526661 0.715766869 0.104412047 0.079088104 0.685945323
33370.826384351 2.696909766 -5.376959048 0.049901678 0.698258899 0.139141768 0.085508783 0.696966518
33370.866384612 2.669418777 -5.389379026 0.032250413 0.680397333 0.162342743 0.094169085 0.708404183
33370.906373362 2.651569844 -5.399716634 0.018085102 0.663065982 0.176663807 0.106226631 0.719617472
33370.946282685 2.643423941 -5.405518041 0.008441419 0.649903706 0.181916224 0.119482192 0.728186560
33370.986220341 2.645230899 -5.405116641 0.004529626 0.642372341 0.178977981 0.128220866 0.734087234
33371.026231018 2.656322195 -5.398312490 0.006682773 0.637681941 0.169228868 0.135586387 0.739147931
33371.066559455 2.676414268 -5.384831899 0.014765422 0.634225305 0.149292453 0.143693341 0.744863913
33371.106583778 2.705133124 -5.367859138 0.031588342 0.636103925 0.119460478 0.151817613 0.747029051
33371.146537893 2.739054218 -5.348618209 0.054630629 0.642852020 0.086792020 0.154007813 0.745312029
33371.186520966 2.777413284 -5.329018316 0.081838673 0.651563733 0.052212766 0.151399960 0.741496178
33371.226529716 2.819918206 -5.311850844 0.114362571 0.662264057 0.016378782 0.143470672 0.735223926
33371.266515445 2.865589027 -5.296073058 0.152102607 0.674003169 -0.018003554 0.132640682 0.726499862
33371.306484559 2.913901181 -5.281493677 0.195488197 0.686117205 -0.053460895 0.115326594 0.716299442
33371.346423257 2.964661872 -5.267330121 0.245648557 0.702711562 -0.089889214 0.096791605 0.699104982
33371.386383778 3.017034315 -5.253565332 0.300474881 0.724913574 -0.126263519 0.077681678 0.672698588
33371.426204403 3.068767017 -5.241516847 0.355999458 0.746132934 -0.156897367 0.059383965 0.644315455
33371.466098830 3.118760784 -5.231094424 0.409460494 0.760221681 -0.180912456 0.044243461 0.622395529
33371.506041747 3.166440236 -5.221273580 0.458526959 0.766375993 -0.199175786 0.033874559 0.609794521
33371.546249455 3.211642925 -5.210080867 0.503442076 0.768625398 -0.213004574 0.030728451 0.602411663
33371.586157111 3.253787679 -5.197182514 0.543511767 0.771327498 -0.221073799 0.033780563 0.595851609
33371.625966591 3.294233554 -5.183605347 0.579581228 0.775251538 -0.232621751 0.042321947 0.585731190
33371.665995757 3.332255358 -5.170283274 0.610269593 0.779806586 -0.244148615 0.050042602 0.574272480
33371.705793257 3.366948875 -5.157334726 0.634138862 0.780247768 -0.255448060 0.060001520 0.567767141
33371.745707528 3.398021558 -5.144589754 0.650267739 0.776257243 -0.263638848 0.067832454 0.568610595
33371.786140757 3.425224188 -5.131187615 0.659533218 0.770949520 -0.272959263 0.073204280 0.570763710
33371.825996330 3.447419957 -5.117853113 0.660639177 0.765201597 -0.280731617 0.075308400 0.574443139
33371.865917111 3.464866423 -5.103691264 0.652488027 0.757247740 -0.283708548 0.075121910 0.583474094
33371.905841278 3.477942230 -5.087466480 0.635493142 0.747360705 -0.284006581 0.071976048 0.596331859
33371.945824820 3.486516595 -5.068188446 0.611071199 0.741294304 -0.281233656 0.068770149 0.605525435
33371.985799767 3.490396324 -5.047754303 0.579916346 0.744149865 -0.273386291 0.061454113 0.606402759
33372.025766070 3.488627198 -5.025912319 0.542201884 0.752036064 -0.260467252 0.048773153 0.603506213
33372.065761642 3.483119303 -5.004343373 0.499560371 0.759516632 -0.250227546 0.036631902 0.599315247
33372.105829195 3.475662171 -4.982529017 0.454166030 0.762658415 -0.244506617 0.033948482 0.597842920
33372.145781122 3.464771098 -4.962260654 0.404992302 0.761965304 -0.236049072 0.027805846 0.602425552
33372.185845549 3.452232082 -4.942072292 0.355191114 0.758010010 -0.225881304 0.027526158 0.611261623
33372.225904507 3.437966799 -4.921281007 0.306030440 0.752845186 -0.213002208 0.030399772 0.622037008
33372.266028049 3.422315731 -4.897626867 0.258908275 0.749241273 -0.191787486 0.042778188 0.632475376
33372.306091851 3.405601596 -4.873848637 0.214762036 0.744530444 -0.164607140 0.052136723 0.644872599
33372.345697840 3.388272794 -4.848488145 0.176537400 0.734426925 -0.134632643 0.077194277 0.660705825
33372.385803101 3.369938770 -4.823943149 0.142734867 0.718965763 -0.099293271 0.113731613 0.678449849
33372.425884455 3.350236579 -4.801147102 0.113694186 0.703166958 -0.058807657 0.145438606 0.693502344
33372.466002684 3.329787129 -4.778668141 0.090995333 0.693564231 -0.013541164 0.167883695 0.700428697
33372.506152840 3.311083797 -4.757163917 0.077061032 0.688988467 0.027104855 0.187911747 0.699463648
33372.546243830 3.294548016 -4.736304281 0.072225184 0.682539316 0.059686389 0.211140603 0.697135040
33372.586350444 3.282777569 -4.715221070 0.075698047 0.676281318 0.082206434 0.236545322 0.692771241
33372.626335861 3.274966428 -4.694012696 0.085020160 0.675433315 0.096403861 0.258150583 0.683998837
33372.666356121 3.269810453 -4.673138821 0.097748600 0.679337829 0.106871474 0.274122006 0.672261652
33372.706356069 3.268163112 -4.652421604 0.111202664 0.683266674 0.116081975 0.288496328 0.660637189
33372.746345809 3.269022135 -4.631530616 0.125262858 0.689585376 0.124666737 0.301378965 0.646607248
33372.786380444 3.272535906 -4.610993099 0.139418862 0.699947119 0.132872578 0.311083526 0.629003934
33372.826363257 3.278168879 -4.591442664 0.152068525 0.708706028 0.143456268 0.318897145 0.612748460
33372.866351121 3.285474980 -4.571059410 0.163482464 0.715194748 0.155949311 0.330040927 0.596027911
33372.906328882 3.295480867 -4.550394495 0.173898436 0.719841791 0.167310823 0.344159869 0.579127679
33372.946809663 3.306363334 -4.528991373 0.182116932 0.720749988 0.181484603 0.361074272 0.563212360
33372.986351330 3.317986340 -4.507295613 0.186755562 0.716140459 0.201977213 0.378191420 0.550744312
33373.026365705 3.330875887 -4.486162502 0.189814141 0.708654992 0.226570920 0.392759197 0.540568158
33373.065948048 3.345641884 -4.466079514 0.193454280 0.702109554 0.250871657 0.399110702 0.533681773
33373.106039038 3.362820105 -4.444990069 0.198676694 0.698086908 0.265999664 0.401597050 0.529753393
33373.146008048 3.381657520 -4.424500258 0.204101439 0.692754110 0.275531312 0.403347424 0.530551689
33373.185911590 3.401828403 -4.404371778 0.209404465 0.689349329 0.279690994 0.401385339 0.534284812
33373.225915809 3.422690201 -4.384643723 0.213948152 0.689146099 0.278737565 0.396915872 0.538368660
33373.266436173 3.443121592 -4.366857204 0.215844945 0.686926819 0.277960059 0.390803878 0.546023882
33373.306326225 3.462336630 -4.351179115 0.215761612 0.684201219 0.276198037 0.383247940 0.555611693
33373.345995184 3.480393191 -4.337379936 0.214538281 0.682334129 0.272216011 0.374817853 0.565535284
33373.386003934 3.496322272 -4.324789816 0.213515318 0.680359501 0.270432867 0.366551306 0.574122943
33373.426333829 3.509952440 -4.313163006 0.213765054 0.681291603 0.269233406 0.357380372 0.579339619
33373.466305236 3.521712064 -4.303239030 0.216038094 0.685542427 0.267223820 0.346219050 0.582026959
33373.505963569 3.531052527 -4.294872330 0.220157637 0.689541063 0.266517467 0.338497844 0.582169023
33373.545991121 3.538662679 -4.288315383 0.225085645 0.692020169 0.265179044 0.334418651 0.582196123
33373.586250861 3.544293194 -4.283030151 0.229862506 0.694020837 0.263315137 0.333614458 0.581120994
33373.626260288 3.547495722 -4.279449884 0.233156803 0.694984007 0.263427743 0.333846963 0.579783803
33373.666343413 3.548694315 -4.277303207 0.234419463 0.694960261 0.266189860 0.333526917 0.578733954
33373.706314038 3.548594648 -4.276224240 0.233881349 0.695220084 0.269451488 0.332376341 0.577573284
33373.745959402 3.547477964 -4.276528554 0.231615860 0.693869215 0.274038905 0.331575604 0.577499619
33373.785950808 3.545967115 -4.278403605 0.228597093 0.690267462 0.279327654 0.332093946 0.578982299
33373.826244350 3.544832031 -4.281233807 0.225904600 0.686930939 0.281839695 0.335064423 0.580020778
33373.866347267 3.543685266 -4.284419637 0.224229242 0.683620175 0.281572139 0.340956928 0.580628075
33373.906368725 3.541980212 -4.287765941 0.223168043 0.680439097 0.280167628 0.348487094 0.580573407
33373.946364298 3.539263414 -4.291328225 0.222642666 0.679074071 0.279058135 0.354433177 0.579104556
33373.985989819 3.534633728 -4.294580240 0.222548462 0.679343509 0.279936210 0.359028398 0.575523000
33374.026457631 3.528060097 -4.298817774 0.223234108 0.680661571 0.283247257 0.363369679 0.569590461
33374.066376642 3.520108074 -4.304559222 0.224823816 0.681250631 0.288231512 0.369363032 0.562486555
33374.105925808 3.511214751 -4.312104321 0.227640907 0.681544874 0.293345039 0.377037781 0.554335444
33374.146005808 3.500847264 -4.321919679 0.231321082 0.681371411 0.299284338 0.384435073 0.546233979
33374.186088829 3.488845715 -4.334091140 0.235347137 0.680222517 0.307878855 0.388825176 0.539743384
33374.226007267 3.474878610 -4.348033487 0.239852611 0.679430550 0.318230061 0.391388403 0.532840383
33374.266011746 3.459065453 -4.363910375 0.244211434 0.678820057 0.329063138 0.391376442 0.527015429
33374.305938464 3.441950744 -4.383055099 0.247490699 0.677993906 0.339292164 0.388843319 0.523455790
33374.345963777 3.423663135 -4.407246447 0.249407287 0.676489799 0.348105134 0.384480483 0.522837571
33374.386351694 3.402817132 -4.439481215 0.251606128 0.673729269 0.358497247 0.382139739 0.521092905
33374.426321537 3.379883320 -4.480153657 0.254909768 0.668111347 0.374316928 0.378339715 0.519974159
33374.466294923 3.353835535 -4.526134731 0.260227918 0.660165339 0.397305325 0.376372371 0.514464812
33374.506281642 3.324711261 -4.573584501 0.268196376 0.650935009 0.426645654 0.384193745 0.496640983
33374.546168464 3.295388530 -4.620494160 0.276189318 0.639691087 0.455490951 0.399571200 0.472933571
33374.586173933 3.267528493 -4.664434671 0.280993829 0.628520132 0.476917785 0.425350853 0.443383041
33374.625953256 3.243754852 -4.704329362 0.279293717 0.619870192 0.489752403 0.451426791 0.414870319
33374.665932371 3.225076507 -4.741957798 0.268762393 0.608264279 0.499553167 0.473326777 0.395503429
33374.705877110 3.210300731 -4.778077848 0.250465082 0.591954856 0.507972798 0.490998970 0.387908618
33374.745880496 3.198259685 -4.813981949 0.227185567 0.574553176 0.514234128 0.505062615 0.387767538
33374.785998933 3.186254780 -4.851558166 0.204236928 0.552562114 0.522967275 0.521544991 0.386226826
33374.826084714 3.173880848 -4.891162235 0.187195617 0.528151292 0.537950200 0.534075780 0.382660237
33374.866168881 3.159487655 -4.930365569 0.181178226 0.510307212 0.556603964 0.537508196 0.375317887
33374.906145287 3.143175179 -4.968608030 0.186821814 0.496876841 0.577486171 0.537422704 0.361662778
33374.946070131 3.124559504 -5.004441379 0.204148668 0.488661018 0.598549477 0.534583091 0.342300822
33374.986157266 3.103866009 -5.038434618 0.232705294 0.486183566 0.621106899 0.527087366 0.316276254
33375.026028100 3.082811522 -5.070821343 0.270503646 0.487092730 0.645550078 0.515557815 0.283206477
33375.066054714 3.061725911 -5.100576385 0.315115356 0.487953597 0.668394217 0.503851807 0.247555680
33375.105919402 3.045927896 -5.129439534 0.358575522 0.486608762 0.688999392 0.492940036 0.213311677
33375.145836433 3.034714863 -5.156919028 0.399188084 0.483210065 0.707590402 0.482026817 0.182959022
33375.186161068 3.027269287 -5.184032566 0.433972126 0.473523689 0.723876441 0.477127121 0.155331662
33375.226343881 3.023005128 -5.210600770 0.460835498 0.456836787 0.737744816 0.479047460 0.132462328
33375.266121433 3.021223551 -5.235238681 0.479895029 0.441998878 0.747854396 0.482515032 0.111937654
33375.306140183 3.022984781 -5.260228679 0.488741768 0.422033151 0.756841284 0.490606490 0.091567256
33375.346176641 3.028460270 -5.284485842 0.485521886 0.395664652 0.764832293 0.502038350 0.080240524
33375.385726120 3.036412904 -5.305959466 0.473110970 0.370012571 0.772151660 0.510930654 0.076304510
33375.425699974 3.046611430 -5.325890233 0.452565267 0.345315289 0.777722589 0.520088539 0.073571984
33375.466034818 3.057698793 -5.342967035 0.424989886 0.321797551 0.779578994 0.532205234 0.073895304
33375.506105704 3.068746230 -5.358112374 0.393363918 0.303460829 0.778010393 0.545321087 0.072362043
33375.546103099 3.080790377 -5.371004839 0.358486997 0.288997142 0.774889145 0.557516550 0.072130174
33375.586141016 3.093527702 -5.384226962 0.321380159 0.272448712 0.770499270 0.571437697 0.074575677
33375.626193881 3.107820447 -5.397498828 0.283261736 0.254089386 0.765628429 0.585812514 0.077944792
33375.665728829 3.123141452 -5.410996513 0.246602544 0.236668478 0.760937352 0.598769080 0.080236941
33375.705767110 3.140786618 -5.426045405 0.211870886 0.217977776 0.754152294 0.614126426 0.081171049
33375.746122526 3.161055552 -5.444675632 0.180935654 0.198060439 0.744983962 0.632179174 0.078233313
33375.786159714 3.181948203 -5.466706593 0.155125008 0.180556606 0.736378755 0.648308748 0.069580229
33375.825815808 3.204443547 -5.494071892 0.135017318 0.161525844 0.730671159 0.660864204 0.057337271
33375.865804453 3.229864112 -5.527833220 0.120643661 0.137776607 0.730165433 0.667824401 0.043435203
33375.905926433 3.257958037 -5.566346492 0.112754348 0.113415930 0.733993040 0.669129667 0.025622877
33375.945829506 3.288870028 -5.607347800 0.109885166 0.083817141 0.738034847 0.669508896 0.006090128
33375.985802943 3.321157428 -5.648936817 0.111354536 -0.050915421 -0.742830472 -0.667481916 0.008854446
33376.025831068 3.352430980 -5.690457018 0.117838458 -0.021304737 -0.751991379 -0.658531037 0.019797655
33376.065906433 3.381241661 -5.731149566 0.128136714 0.008125523 -0.763294127 -0.645354092 0.028881599
33376.105848203 3.405270155 -5.769125218 0.141530316 0.034952434 -0.775269370 -0.629582646 0.036897466
33376.145832630 3.422650478 -5.803201057 0.157053202 0.054409558 -0.786560938 -0.613513719 0.044299054
33376.185837943 3.432773798 -5.832962436 0.173497010 0.068338884 -0.793823148 -0.601978120 0.052886206
33376.225931641 3.434493625 -5.859882058 0.190569651 0.073456986 -0.799880170 -0.592456931 0.061567604
33376.265817891 3.426953476 -5.885451532 0.208218558 0.070837933 -0.806094807 -0.583614906 0.067725847
33376.305799349 3.412839301 -5.908895461 0.226605468 0.064481658 -0.812521412 -0.575052891 0.070464477
33376.346195078 3.390918169 -5.930521328 0.245586011 0.052663070 -0.819041149 -0.566938709 0.070559891
33376.386217005 3.360229368 -5.948676709 0.265236639 0.032506357 -0.825541057 -0.559183384 0.068842169
33376.426221693 3.323191666 -5.966574071 0.280839174 0.006408047 -0.830914932 -0.552664754 0.064038915
33376.466104922 3.280915388 -5.977891031 0.297896534 -0.024503331 -0.835328854 -0.546445379 0.054979457
33376.506108984 3.233531018 -5.984023777 0.312389473 -0.057419786 -0.839045230 -0.539573564 0.039578257
33376.546273464 3.183088335 -5.985617823 0.323682356 -0.091474010 -0.838934311 -0.536088515 0.020756447
33376.586137474 3.130000755 -5.983231398 0.332699616 -0.126990225 -0.835892672 -0.534000793 0.000276368
33376.625782995 3.075219609 -5.978097338 0.341314045 0.163964014 0.832519574 0.528643461 0.023728706
33376.665926589 3.019672569 -5.969344074 0.350106005 0.198549408 0.827384560 0.523125570 0.048503202
33376.706175547 2.964413122 -5.957842993 0.361035857 0.231964635 0.819280963 0.519494207 0.071392437
33376.746212005 2.909989643 -5.941449794 0.375818370 0.270964191 0.807538290 0.515519643 0.093272801
33376.786339818 2.857753630 -5.922732599 0.396484852 0.313068519 0.793509060 0.509822198 0.111412748
33376.826066536 2.808835023 -5.904252048 0.422680379 0.355257703 0.778614432 0.501813582 0.125437875
33376.866199818 2.763568613 -5.886090581 0.454802381 0.398288451 0.761795816 0.491982104 0.137793521
33376.906461589 2.722536606 -5.872104192 0.494084661 0.433828395 0.749716558 0.477933097 0.145938211
33376.946628255 2.683966830 -5.864813704 0.542268679 0.461304093 0.749084326 0.454070261 0.141036892
33376.986622109 2.647935469 -5.861469691 0.595484282 0.483236801 0.757222241 0.420625634 0.127164254
33377.026671068 2.615605594 -5.860788809 0.645654946 0.494432633 0.765744013 0.395168735 0.114079570
33377.066341120 2.586683471 -5.861062809 0.689510959 0.498711504 0.771276784 0.381196751 0.105394475
33377.106273828 2.559438041 -5.858356989 0.725736648 0.506736066 0.771604316 0.371051338 0.100827789
33377.146527526 2.533515524 -5.853012360 0.752439964 0.514867072 0.768343128 0.367525919 0.097393195
33377.186566432 2.509525069 -5.845699670 0.767773231 0.522055007 0.762455486 0.369313350 0.098629873
33377.226458984 2.487385805 -5.836512059 0.771673787 0.532709511 0.753306193 0.370184492 0.108230304
33377.266487943 2.466238791 -5.825655292 0.764307744 0.544481137 0.741085636 0.374136395 0.119809553
33377.306584140 2.446487885 -5.814782849 0.745458171 0.554953112 0.726658536 0.381138972 0.136848459
33377.346618463 2.427271142 -5.803842788 0.716203364 0.565852156 0.710302787 0.387169819 0.159313589
33377.386708620 2.408544763 -5.794548239 0.678216118 0.573582660 0.696077579 0.389448919 0.186570298
33377.426721276 2.391623875 -5.788091391 0.631734855 0.578075135 0.683089590 0.390025156 0.217021034
33377.466774922 2.377398090 -5.781517814 0.577266707 0.585190594 0.667151743 0.391331970 0.243556585
33377.506811640 2.365917261 -5.776314562 0.516799325 0.591440243 0.650201783 0.391742413 0.271981546
33377.546793515 2.359494939 -5.772532239 0.449589384 0.593829505 0.632051494 0.397268170 0.300092368
33377.586835703 2.354523371 -5.769687941 0.379303790 0.590309217 0.612227565 0.408961630 0.330851663
33377.626767057 2.352204354 -5.766294812 0.308750168 0.584769113 0.590732117 0.423138133 0.360603342
33377.666774817 2.352264435 -5.763329884 0.239792489 0.574501108 0.567598361 0.440973146 0.391565144
33377.706616067 2.355899547 -5.761278706 0.173679791 0.555519919 0.541566803 0.466808182 0.424491623
33377.746482369 2.363532075 -5.760653840 0.112591262 0.524763024 0.513667428 0.500367162 0.458696245
33377.786470755 2.371817668 -5.758466725 0.060097578 0.497959253 0.485314835 0.534672698 0.480240771
33377.826442526 2.379457428 -5.756223224 0.016909386 0.479649351 0.467267194 0.557197702 0.491048461
33377.866440755 2.387932187 -5.755586402 -0.018097764 0.461737546 0.460279385 0.564436151 0.506313299
33377.906331901 2.395270357 -5.754203576 -0.043423478 0.448436007 0.457064576 0.564452400 0.520951639
33377.946671171 2.403099574 -5.751346788 -0.057540276 0.441575174 0.450611557 0.564415493 0.532349267
33377.986689661 2.409297372 -5.747609285 -0.058495212 0.436190613 0.441372912 0.563626396 0.545209123
33378.026384348 2.410591516 -5.742268019 -0.045985799 0.442410443 0.431502382 0.560386684 0.551403173
33378.066421640 2.406393136 -5.736917051 -0.021909874 0.460817126 0.423865312 0.552177864 0.550531907
33378.106604505 2.397515401 -5.734586525 0.011108333 0.481974670 0.424261987 0.543096698 0.541062067
33378.146727786 2.384965174 -5.736701961 0.049921229 0.503682482 0.426919920 0.535458828 0.526618631
33378.186646276 2.371881408 -5.743975356 0.090646041 0.525307077 0.429722163 0.529793823 0.508635275
33378.226640859 2.359999309 -5.757450937 0.129980156 0.541921816 0.438069223 0.527083219 0.486414824
33378.266365807 2.348528796 -5.777325004 0.165387810 0.552209833 0.452296647 0.524725870 0.463847826
33378.306810442 2.339233337 -5.803250356 0.195676181 0.555640865 0.472770052 0.521584325 0.442381622
33378.346691275 2.332769897 -5.833121731 0.220489037 0.554367805 0.495532311 0.517825593 0.423061132
33378.386712369 2.328036426 -5.866101976 0.239995660 0.548774289 0.520039949 0.515089230 0.403841945
33378.426544557 2.325326562 -5.900608328 0.253947806 0.540424147 0.542891390 0.511024447 0.389954735
33378.466544140 2.324151466 -5.936466496 0.263525645 0.527881947 0.566150577 0.507794595 0.378098960
33378.506798307 2.323956737 -5.973434429 0.269881224 0.509869596 0.591056246 0.506502331 0.366252504
33378.546884661 2.325258069 -6.009799887 0.273918665 0.488105357 0.615075816 0.507215121 0.355200961
33378.586948411 2.328769829 -6.043957652 0.276460649 0.465817138 0.636083082 0.509521657 0.344674321
33378.626706171 2.334366388 -6.073990123 0.278771606 0.444777818 0.653034678 0.511780174 0.337341748
33378.666816067 2.340712339 -6.099719011 0.279484615 0.426234790 0.665895768 0.514346693 0.332196041
33378.706838879 2.346531853 -6.119722342 0.279617692 0.410027069 0.675311407 0.517418805 0.328800985
33378.746817629 2.350753255 -6.133381949 0.278802036 0.397770549 0.681977347 0.517278852 0.330315118
33378.786787057 2.350846666 -6.139322591 0.278535072 0.391591234 0.686638581 0.513477888 0.333952426
33378.826819452 2.346872012 -6.136688451 0.277794070 0.390235405 0.687940161 0.507701658 0.341604582
33378.866813150 2.339999895 -6.124763059 0.276392258 0.396295683 0.684578631 0.499980016 0.352592985
33378.906824088 2.331189946 -6.102481123 0.274396360 0.412874770 0.675081047 0.489260658 0.366638803
33378.946881327 2.322560179 -6.071934463 0.270864505 0.433059174 0.660094958 0.477817223 0.385259781
33378.986837681 2.315919023 -6.034556486 0.266202710 0.452762588 0.641971048 0.467257105 0.405647642
33379.026849400 2.310459282 -5.991654826 0.261532642 0.474488046 0.621413654 0.455591347 0.425608611
33379.066845025 2.306985909 -5.944624749 0.257112795 0.497402038 0.598849686 0.442240056 0.445414413
33379.106810077 2.305556223 -5.894721885 0.253537865 0.521454068 0.574424752 0.426962719 0.464569366
33379.146703671 2.306380361 -5.842887083 0.251304951 0.546437807 0.548201334 0.411038412 0.481589498
33379.186742213 2.310667548 -5.789468361 0.250198406 0.572325091 0.519166801 0.393099833 0.498379718
33379.226895546 2.318966987 -5.735357874 0.249971634 0.598618347 0.487583644 0.372008350 0.515294142
33379.266803723 2.330845892 -5.681880089 0.250069615 0.624088044 0.455337660 0.347056490 0.531726924
33379.306954765 2.346201056 -5.628861823 0.250833381 0.649608980 0.423094639 0.320543761 0.544289258
33379.346718671 2.365948310 -5.577921947 0.251786243 0.674695276 0.388358094 0.291348760 0.555949796
33379.386785181 2.390395262 -5.528542558 0.252285123 0.699290971 0.347883154 0.258421898 0.568495886
33379.426762317 2.418973082 -5.482199470 0.251671108 0.720003729 0.305407343 0.227722762 0.580054591
33379.466623098 2.450150139 -5.440588037 0.249629359 0.733543603 0.264473854 0.198325072 0.593830388
33379.506650598 2.483766766 -5.402423926 0.247663605 0.745765125 0.221903029 0.168415400 0.605169131
33379.546876952 2.518097811 -5.367868189 0.246186238 0.756278076 0.178029530 0.139483413 0.613916391
33379.586785650 2.552882045 -5.337732104 0.243992279 0.761284253 0.136260687 0.112347739 0.623904878
33379.626627108 2.587655386 -5.311730793 0.241807515 0.764031200 0.092515331 0.083875181 0.632978825
33379.666663254 2.622955788 -5.289092959 0.239656490 0.765923715 0.046006908 0.054056262 0.639000898
33379.706880129 2.658174551 -5.271680622 0.237371034 0.765239017 0.001160138 0.019215247 0.643458371
33379.746831431 2.693146476 -5.257824896 0.235263075 0.764921455 -0.041346057 -0.019156207 0.642509698
33379.786522681 2.727151591 -5.248543097 0.233470686 0.765080492 -0.085717018 -0.060575547 0.635322781
33379.826450077 2.761627817 -5.244135347 0.231454521 0.762073448 -0.130705029 -0.101934726 0.625914984
33379.866431639 2.795508476 -5.243993120 0.229263589 0.754306403 -0.173348434 -0.138029465 0.617996794
33379.906651483 2.828937764 -5.248278299 0.227574137 0.741957825 -0.215007463 -0.173204432 0.610958756
33379.946622004 2.860649672 -5.257205814 0.226437672 0.728127512 -0.254025652 -0.205753770 0.602467161
33379.986465650 2.890883499 -5.269368957 0.225769045 0.716007155 -0.288681035 -0.237198448 0.589689673
33380.026399973 2.919046978 -5.287030001 0.225301903 0.703672388 -0.323810640 -0.267138344 0.573261672
33380.066372473 2.945361569 -5.309843445 0.224667181 0.687585258 -0.359370971 -0.294097640 0.558198527
33380.106315962 2.970661344 -5.337929408 0.223798487 0.667747162 -0.391979731 -0.318195997 0.547007245
33380.146407264 2.992682830 -5.367732707 0.222009984 0.645242745 -0.424058364 -0.342763244 0.535116494
33380.186432785 3.014257589 -5.400375615 0.219475579 0.622313259 -0.454598501 -0.367903717 0.520301131
33380.226168566 3.033785403 -5.434286679 0.216300233 0.600525198 -0.480482197 -0.393477980 0.503667970
33380.266107368 3.049745776 -5.470868642 0.212168808 0.577763384 -0.505873477 -0.420448685 0.483222931
33380.306058671 3.065117370 -5.509503836 0.207116173 0.554061440 -0.530781306 -0.445416153 0.461401752
33380.346389921 3.075732451 -5.550839505 0.203353374 0.527967712 -0.555558382 -0.468530995 0.439412887
33380.386347160 3.081535704 -5.594044705 0.200239457 0.498539538 -0.581498026 -0.491201266 0.414776676
33380.426157420 3.083174515 -5.637018350 0.198041480 0.468387436 -0.607417914 -0.510914078 0.388102425
33380.466112577 3.081124889 -5.679142954 0.196522376 0.436502457 -0.633141884 -0.529479829 0.358117396
33380.506117264 3.075210922 -5.721629892 0.196254237 0.399431647 -0.661480520 -0.544520960 0.326182165
33380.546117785 3.066779489 -5.762095059 0.195641556 0.361472881 -0.686111843 -0.556459904 0.298228554
33380.586149712 3.055452958 -5.798860246 0.193366187 0.325065370 -0.701904357 -0.571957703 0.272996640
33380.626258306 3.041580772 -5.833091430 0.190039535 0.287826338 -0.714026753 -0.588689143 0.246509409
33380.666230650 3.025702637 -5.863482997 0.187012160 0.250099336 -0.725984724 -0.602639518 0.217306498
33380.706110285 3.008281010 -5.890791233 0.184746845 0.212749192 -0.736526334 -0.614167037 0.187258085
33380.746047264 2.992055235 -5.913787050 0.181620035 0.177566462 -0.745355465 -0.622512635 0.159353074
33380.786091014 2.976866405 -5.931962064 0.180383273 0.145803347 -0.752560296 -0.627983900 0.134278096
33380.825909712 2.964634523 -5.946756979 0.180843969 0.119664515 -0.756694480 -0.632071402 0.116531588
33380.865915806 2.954784213 -5.956714640 0.181582122 0.097238612 -0.758224168 -0.635899046 0.106175169
33380.905817681 2.949088023 -5.962374691 0.181543705 0.079743361 -0.759458995 -0.637862983 0.099969227
33380.945880024 2.948630373 -5.964661636 0.182083584 0.069515663 -0.761050816 -0.637714199 0.096383755
33380.985834452 2.953528452 -5.963727679 0.182899115 0.065619289 -0.761799747 -0.637054773 0.097552397
33381.025833618 2.961244657 -5.960942012 0.183345154 0.066655309 -0.759520635 -0.638921006 0.102300650
33381.066262056 2.974408681 -5.956538994 0.183195263 0.074611540 -0.755542460 -0.641415192 0.110341562
33381.106285754 2.991609039 -5.951006474 0.182957453 0.088658366 -0.752407932 -0.641472632 0.120560609
33381.146246170 3.012674121 -5.944391934 0.182515859 0.109584205 -0.748547595 -0.640218311 0.133372842
33381.186234816 3.036128534 -5.936415698 0.182302486 0.133691765 -0.745221431 -0.635862411 0.149834994
33381.226163045 3.061670647 -5.926724307 0.182454296 0.157701755 -0.743003628 -0.627498174 0.171236116
33381.266141066 3.089269587 -5.914696040 0.181883034 0.186042779 -0.737131769 -0.619201315 0.196505907
33381.306121014 3.118264935 -5.899223296 0.179679780 0.220120721 -0.726655814 -0.611157934 0.223616133
33381.346139868 3.146869610 -5.880525639 0.177716108 0.255554680 -0.715831226 -0.599260448 0.251325243
33381.386107628 3.174682201 -5.857618494 0.175905770 0.294880576 -0.701850983 -0.584658931 0.280400746
33381.426328774 3.200677018 -5.830400998 0.174872031 0.337614786 -0.684019221 -0.567106097 0.310684143
33381.466188358 3.223720265 -5.798863453 0.175205423 0.380612170 -0.664388536 -0.544390767 0.342579834
33381.506229399 3.242718527 -5.762314450 0.176373641 0.425330336 -0.638659006 -0.518382600 0.377476170
33381.546209191 3.255999631 -5.721499100 0.177263495 0.468218509 -0.607790783 -0.491409684 0.412162971
33381.586167993 3.262814091 -5.678368847 0.177789681 0.507747054 -0.575104405 -0.463144229 0.443785169
33381.626136795 3.262301055 -5.633796684 0.178200175 0.544689078 -0.540336835 -0.435361839 0.470967070
33381.666112680 3.254977344 -5.589819206 0.178307487 0.578652274 -0.504693134 -0.409446260 0.492747549
33381.706108983 3.241448879 -5.548269892 0.178532551 0.609115996 -0.471026682 -0.383151131 0.510202684
33381.746175962 3.222697208 -5.510081977 0.178910381 0.634678574 -0.438154015 -0.356542852 0.527334202
33381.786157055 3.200041957 -5.475500650 0.179413884 0.654877874 -0.406783454 -0.330053599 0.544726365
33381.826152055 3.175266406 -5.444833556 0.180106239 0.672121709 -0.379623640 -0.301811321 0.559507129
33381.866143514 3.148908815 -5.417091660 0.181945369 0.688387752 -0.355432576 -0.272782695 0.570420536
33381.906095232 3.120336556 -5.392152584 0.183536168 0.704178050 -0.331527267 -0.244064262 0.578494236
33381.946167420 3.089508337 -5.369384296 0.185536733 0.718504182 -0.308672291 -0.217504861 0.584093137
33381.986021743 3.056455762 -5.349338443 0.187613011 0.730813093 -0.285996895 -0.191970225 0.589292314
33382.026036014 3.022001960 -5.330559028 0.188907570 0.741259997 -0.259973921 -0.167028291 0.595859654
33382.066337993 2.985963389 -5.313752002 0.190175653 0.750148954 -0.233206502 -0.145650052 0.601396156
33382.106045180 2.950487712 -5.299218214 0.190615262 0.758508496 -0.208565014 -0.127438227 0.604090221
33382.146009503 2.914617583 -5.285308914 0.191495214 0.767379251 -0.183088099 -0.111578408 0.604283123
33382.186022107 2.879757401 -5.270322530 0.193524418 0.778792303 -0.158163407 -0.095654427 0.599430660
33382.226017524 2.846611086 -5.254696844 0.196894509 0.792678153 -0.132761816 -0.076726788 0.590041223
33382.266005180 2.814092163 -5.238554470 0.199491286 0.803607817 -0.100421344 -0.057412367 0.583809773
33382.305888878 2.783068517 -5.225956437 0.201250877 0.807311852 -0.067634750 -0.038310989 0.584983232
33382.345889555 2.755540725 -5.213011418 0.202898505 0.807723680 -0.042047903 -0.017635414 0.587795392
33382.385929972 2.731877418 -5.201563435 0.203841268 0.809539001 -0.020847134 -0.002191977 0.586691741
33382.426032524 2.709834713 -5.188635459 0.204160055 0.811058024 0.001605219 0.010554892 0.584868274
33382.466036274 2.689084733 -5.176195386 0.203788528 0.813044989 0.025107310 0.019018994 0.581348214
33382.506099086 2.671902438 -5.165312545 0.204524881 0.818143289 0.044236084 0.023338261 0.572835101
33382.546109555 2.655325698 -5.154601114 0.206453966 0.823456136 0.065429403 0.029055725 0.562845228
33382.586097888 2.640787719 -5.145375412 0.210801769 0.828872328 0.083794091 0.039717737 0.551698935
33382.626165909 2.627312407 -5.137893987 0.216350197 0.833684971 0.098145999 0.044759610 0.541602538
33382.666171690 2.614422817 -5.131247654 0.222015037 0.836163906 0.111988094 0.049573803 0.534631674
33382.706168045 2.602477886 -5.124065339 0.227618415 0.836642630 0.122268696 0.061746896 0.530345922
33382.746192628 2.591071792 -5.115689348 0.233085801 0.838139558 0.127645150 0.075242175 0.524945151
33382.786173982 2.579004056 -5.105762029 0.237618628 0.840154205 0.132916217 0.086633488 0.518622049
33382.826230545 2.565353988 -5.094910164 0.241041888 0.842579390 0.138403396 0.095123245 0.511718711
33382.866226065 2.550847091 -5.082930891 0.242454340 0.843397888 0.141868200 0.101118075 0.508260318
33382.905808826 2.535506097 -5.069674740 0.241779385 0.842199640 0.143652350 0.107199470 0.508499797
33382.945912107 2.518957874 -5.054700626 0.239015573 0.839657428 0.143156661 0.112134708 0.511768875
33382.986129451 2.501588341 -5.037735798 0.234588677 0.836349838 0.140562745 0.116629283 0.516873943
33383.026182992 2.483507420 -5.019193393 0.228589440 0.832682325 0.138284664 0.115773821 0.523558898
33383.066274086 2.466435128 -4.998942136 0.220952685 0.828101966 0.135079884 0.110161187 0.532789894
33383.105830492 2.450802095 -4.977646400 0.214500262 0.821971726 0.131339724 0.107695456 0.543612037
33383.146019503 2.435256739 -4.954991213 0.209953351 0.817177093 0.124354110 0.101094471 0.553658344
33383.186235336 2.421522116 -4.930976305 0.207366872 0.814373493 0.116767392 0.091566209 0.561049747
33383.225963253 2.410132380 -4.905906562 0.206368097 0.813985217 0.107632890 0.080802236 0.565078955
33383.266064763 2.400892003 -4.879832790 0.205943617 0.812846675 0.095425131 0.072395384 0.570029154
33383.305933253 2.393154454 -4.852601183 0.206016545 0.810354196 0.083493661 0.072120407 0.575459410
33383.345904971 2.386845204 -4.823749048 0.205879279 0.807969276 0.070221570 0.074074410 0.580316777
33383.386033669 2.380144321 -4.794174077 0.204582392 0.806557305 0.062309582 0.068848475 0.583817367
33383.426048253 2.374189408 -4.763526223 0.202393116 0.808756940 0.058061728 0.058069236 0.582382187
33383.466111951 2.369990378 -4.731994642 0.199192449 0.812437969 0.053731613 0.047998661 0.578578939
33383.506108878 2.366988939 -4.700961407 0.193850281 0.811415012 0.049111078 0.043942773 0.580743328
33383.546150232 2.365147244 -4.670751967 0.186773734 0.805808843 0.042874628 0.044862890 0.588915270
33383.586185805 2.363199207 -4.640790462 0.178938348 0.799623264 0.036387801 0.045145644 0.597695938
33383.626250180 2.360147694 -4.610972686 0.170582306 0.795831321 0.038026290 0.040362914 0.602973751
33383.666281794 2.355717495 -4.580911672 0.162554258 0.792202684 0.044909393 0.036469110 0.607509718
33383.706364190 2.351260080 -4.552225217 0.155644439 0.787377403 0.051253681 0.035700031 0.613298780
33383.746389659 2.346548958 -4.525278441 0.150873171 0.784980212 0.055479085 0.033752361 0.616107877
33383.786486378 2.340441317 -4.500605749 0.147490851 0.783069837 0.062854026 0.030784059 0.617983287
33383.826512367 2.333014995 -4.477953452 0.146121371 0.779882541 0.070263346 0.036071202 0.620922823
33383.866151378 2.324744568 -4.456561578 0.147115151 0.779005079 0.073879129 0.045382282 0.620993888
33383.906161221 2.313968994 -4.434635365 0.148581704 0.779009649 0.079112841 0.052471949 0.619783688
33383.946171898 2.300423359 -4.412921854 0.149422368 0.780221268 0.087947441 0.054244563 0.616909676
33383.986134815 2.284396438 -4.390751625 0.149437633 0.783357803 0.096519913 0.052530941 0.611780156
33384.026245544 2.265555759 -4.367433704 0.148683516 0.786953012 0.104233582 0.058748449 0.605300700
33384.066307627 2.244323462 -4.345452890 0.145244240 0.787653423 0.112977020 0.061766034 0.602514095
33384.106352784 2.221190206 -4.324927697 0.140771345 0.786470467 0.120592623 0.066337723 0.602097111
33384.146429034 2.196004989 -4.304475841 0.136795192 0.784572855 0.129505488 0.077176460 0.601429594
33384.186467002 2.169870002 -4.284431437 0.133406721 0.778194749 0.134992279 0.096501229 0.605704160
33384.226527940 2.142591936 -4.263883024 0.131189314 0.770563885 0.137983873 0.124163136 0.609733766
33384.266648617 2.113367205 -4.243809213 0.128706734 0.766894570 0.146591521 0.135633524 0.609907527
33384.306705440 2.083079759 -4.224479342 0.125803686 0.761946770 0.157805342 0.144200612 0.611343421
33384.346398461 2.052417405 -4.205748833 0.123916294 0.754022766 0.168446577 0.165192841 0.613014474
33384.386580596 2.019977908 -4.188053792 0.122261053 0.748813919 0.181470252 0.180509582 0.611361230
33384.426620856 1.985238032 -4.172229467 0.120241884 0.743886360 0.203238868 0.191718846 0.607100428
33384.466851586 1.950284958 -4.158061457 0.117022220 0.736297863 0.221395478 0.199993511 0.607331947
33384.506676429 1.916381483 -4.145342027 0.112675398 0.726604532 0.233539591 0.211762553 0.610460265
33384.546971690 1.881647600 -4.132867948 0.106576130 0.714773068 0.244012882 0.227610582 0.614614186
33384.587157575 1.844546041 -4.121013326 0.098859674 0.701229782 0.259259379 0.245814082 0.616957701
33384.627156117 1.805072986 -4.110649567 0.090745697 0.690120711 0.283262291 0.253349515 0.615881402
33384.667422002 1.764136201 -4.101110034 0.083233847 0.680244755 0.310103914 0.256603927 0.612582289
33384.707313825 1.724122383 -4.091848404 0.077033244 0.668799064 0.333329035 0.267953133 0.608112395
33384.747725544 1.685778684 -4.083828727 0.071977114 0.654027429 0.351627257 0.287863037 0.604765464
33384.788042315 1.650003610 -4.076971629 0.068594895 0.639556376 0.365218736 0.310604253 0.600922554
33384.828070075 1.614983925 -4.070804826 0.067450302 0.627257608 0.376559682 0.331316176 0.595802224
33384.868392627 1.581636832 -4.066384227 0.067464389 0.618999622 0.386490903 0.348578109 0.588181563
33384.908547888 1.548803354 -4.062906179 0.067720733 0.611418377 0.396556577 0.367944186 0.577518420
33384.948399554 1.516654371 -4.059485682 0.066732464 0.602913726 0.404662246 0.387241911 0.568143650
33384.988623096 1.484411370 -4.056907965 0.065215240 0.596118449 0.411375676 0.404870935 0.558115019
33385.028845700 1.452800126 -4.055390016 0.063288019 0.589863671 0.415059195 0.418446464 0.551986659
33385.069074242 1.422538723 -4.053911300 0.060694391 0.585892711 0.417116296 0.428917010 0.546602164
33385.108962523 1.391011077 -4.051964781 0.057131761 0.584765330 0.418171547 0.434913751 0.542247264
33385.149151533 1.359086953 -4.049537594 0.052518248 0.581681476 0.418670908 0.436363565 0.544011186
33385.189344294 1.328064362 -4.047183472 0.049124669 0.579010969 0.417770724 0.434182239 0.549271976
33385.229559137 1.298403832 -4.044661280 0.047829873 0.578040238 0.414827872 0.432814622 0.553587232
33385.269719814 1.267792630 -4.040378582 0.048834490 0.578862953 0.408656523 0.430122948 0.559385178
33385.309896533 1.236633537 -4.035894233 0.051238675 0.581339786 0.404251491 0.426326449 0.562912554
33385.349897471 1.204749606 -4.030712626 0.053732709 0.583831735 0.404418785 0.420151066 0.564853108
33385.389907314 1.174184000 -4.025313653 0.056212339 0.585010542 0.405142898 0.411809230 0.569240771
33385.430041169 1.144312663 -4.019352005 0.058454402 0.584201028 0.403180686 0.407111894 0.574816840
33385.469995700 1.113089347 -4.012526802 0.060543078 0.583920762 0.399042685 0.406707674 0.578264945
33385.510051429 1.080746216 -4.005855251 0.061408473 0.581995430 0.396749791 0.408509405 0.580509250
33385.550050648 1.047434024 -3.999306989 0.061099606 0.579689136 0.397229691 0.410036022 0.581411677
33385.589987106 1.012888791 -3.992576485 0.059431519 0.578938120 0.399681808 0.407049316 0.582576998
33385.629976325 0.977795911 -3.985751315 0.056768827 0.576840236 0.404972022 0.404039293 0.583099694
33385.669978668 0.941087053 -3.978235782 0.054836671 0.575593814 0.410637488 0.405316376 0.579471527
33385.710270648 0.903489517 -3.970088795 0.053793472 0.575752704 0.412609229 0.408533710 0.575641082
33385.750119033 0.866067902 -3.962428314 0.053983902 0.575060013 0.413455175 0.413559403 0.572127101
33385.790050960 0.826583635 -3.955185162 0.056281682 0.574736799 0.416393693 0.420475007 0.565238598
33385.830155543 0.786116453 -3.949700420 0.059828653 0.573937141 0.423278558 0.422532395 0.559372681
33385.869985960 0.745042746 -3.946473621 0.064707767 0.573656948 0.435551897 0.419304349 0.552626559
33385.909997262 0.704282863 -3.944377479 0.071241759 0.576453292 0.448753266 0.412130049 0.544491443
33385.949989762 0.666497820 -3.942989891 0.078193811 0.581947540 0.457198967 0.400778221 0.540076830
33385.989994085 0.632617391 -3.941050237 0.084446486 0.586213518 0.461980964 0.385929949 0.542204182
33386.030139137 0.599026044 -3.936616796 0.089447573 0.594640919 0.464754817 0.363929896 0.545857278
33386.070090075 0.568451165 -3.928354230 0.092680193 0.608740549 0.461442656 0.329091298 0.555161721
33386.110049554 0.540886231 -3.917300154 0.092926460 0.618192269 0.454656598 0.293681843 0.569979536
33386.150163512 0.514702446 -3.901221903 0.091553796 0.629538401 0.443372984 0.260591827 0.582403381
33386.190065283 0.492720850 -3.880770840 0.089163979 0.645096618 0.425210542 0.223654068 0.594159243
33386.230061429 0.474778136 -3.857154196 0.086216552 0.657830219 0.404810634 0.187788327 0.606731653
33386.269985960 0.460982508 -3.828038219 0.084096515 0.675598044 0.374193359 0.153723368 0.616373051
33386.309778564 0.452332269 -3.796890220 0.083595356 0.694803722 0.335364059 0.125437150 0.623734124
33386.349800335 0.448369487 -3.764225285 0.083216193 0.709219980 0.293332388 0.103726516 0.632616740
33386.389819554 0.447470894 -3.730839475 0.083128802 0.721966282 0.250025532 0.080447534 0.640140700
33386.429836585 0.447186351 -3.695626429 0.083502808 0.732458181 0.213508321 0.056016152 0.644035248
33386.469701220 0.451798549 -3.660340912 0.083522485 0.740384255 0.184092741 0.034641155 0.645554806
33386.509651220 0.457418431 -3.623542550 0.084848345 0.749465663 0.150262586 0.013805955 0.644617538
33386.549679710 0.469374457 -3.587894504 0.086844153 0.757132954 0.116319737 -0.002256278 0.642817484
33386.589382783 0.479091075 -3.552337158 0.088417505 0.762155135 0.085983405 -0.012656120 0.641534276
33386.629271429 0.492422449 -3.519031897 0.089766024 0.765200098 0.056265766 -0.019634546 0.641028438
33386.669184970 0.506905715 -3.488090545 0.089873878 0.767561899 0.027905461 -0.023925718 0.639919977
33386.709070439 0.518407732 -3.458719747 0.088177237 0.766258095 0.003579392 -0.025231064 0.642027347
33386.748963512 0.526613877 -3.432486522 0.084471120 0.761164295 -0.015575694 -0.026640259 0.647824522
33386.788890543 0.529458407 -3.406077084 0.081032749 0.754480226 -0.029197174 -0.021568415 0.655318180
33386.828843512 0.528366938 -3.380454906 0.077313246 0.745697996 -0.033162596 -0.008139813 0.665408509
33386.868875647 0.511464210 -3.349489436 0.075682819 0.737995663 -0.024792012 0.009591068 0.674281669
33386.908838095 0.490246051 -3.317217308 0.074434732 0.736250108 -0.010249812 0.030205019 0.675957378
33386.948836064 0.462311734 -3.284024878 0.074175398 0.738163218 0.005048498 0.050695849 0.672695702
33386.988871793 0.426932735 -3.252480905 0.073997820 0.737447636 0.025325366 0.073019996 0.670967726
33387.028864501 0.385244193 -3.223260948 0.072729028 0.732732669 0.051793540 0.092468811 0.672212603
33387.069122783 0.339199250 -3.197118897 0.070068711 0.730029398 0.079798556 0.103034724 0.670874888
33387.109427210 0.289896340 -3.173096221 0.066623767 0.730113414 0.110391379 0.105727019 0.666010468
33387.149863512 0.237354206 -3.151184230 0.062821805 0.727469398 0.146054737 0.103065927 0.662445245
33387.190097835 0.185091863 -3.131145327 0.058747550 0.723108686 0.180633502 0.099736038 0.659195032
33387.229979345 0.135068203 -3.111438316 0.054620212 0.715966121 0.212124408 0.099355077 0.657665810
33387.269983251 0.089073321 -3.089658579 0.049830069 0.706527706 0.242121993 0.102055525 0.657099849
33387.309980699 0.050642292 -3.064196735 0.045224190 0.699368087 0.264844996 0.102301521 0.655954119
33387.349981637 0.022192689 -3.035009330 0.040209872 0.693865712 0.276945999 0.100119795 0.657135690
33387.390048199 0.004764587 -3.003202106 0.034880859 0.689445191 0.278513623 0.103135824 0.660650053
33387.430166428 -0.001487463 -2.968604888 0.029268532 0.685443564 0.268435132 0.108618895 0.668065593
33387.469998147 0.002007332 -2.930204689 0.022080770 0.684053624 0.250678865 0.110755098 0.675991164
33387.510049189 0.013564110 -2.888139605 0.013784434 0.686453029 0.231188079 0.102297250 0.681813452
33387.550054449 0.036813916 -2.842527479 0.005419957 0.693228771 0.208297549 0.085798733 0.684605419
33387.589981897 0.070591417 -2.796702313 -0.001485623 0.702260230 0.175255505 0.068592656 0.686593857
33387.629988199 0.113502047 -2.754129395 -0.007259548 0.707184451 0.136845139 0.054823817 0.691489630
33387.670161064 0.159899057 -2.712721255 -0.012068430 0.710573854 0.095342671 0.039247664 0.696027438
33387.710054709 0.212379065 -2.677134095 -0.015326103 0.715120017 0.051807282 0.017546032 0.696858310
33387.750045074 0.265578173 -2.645438166 -0.016135133 0.717857101 0.009858908 -0.006974481 0.696085729
33387.790069605 0.317715077 -2.617530716 -0.014548981 0.717912189 -0.031127791 -0.027184744 0.694905850
33387.830068824 0.366294670 -2.592027268 -0.011163526 0.715398979 -0.068308579 -0.042003419 0.694099381
33387.870045438 0.407575663 -2.563413711 -0.007562366 0.710395821 -0.099744889 -0.055403088 0.694492068
33387.910079709 0.444462807 -2.538951049 -0.004952274 0.704179136 -0.124326288 -0.066102910 0.695920343
33387.950072418 0.473945050 -2.511516025 -0.003307599 0.696527967 -0.142787369 -0.078405385 0.698794071
33387.990033876 0.495277343 -2.478679489 -0.002088902 0.689958142 -0.152298616 -0.093172222 0.701485446
33388.029985438 0.512969455 -2.452283345 -0.002245454 0.686215192 -0.153645774 -0.103779949 0.703371459
33388.070000595 0.526199503 -2.420098225 0.001645544 0.682406512 -0.151440276 -0.109810906 0.706631983
33388.110072470 0.538426827 -2.382422944 0.008188060 0.679893523 -0.146354425 -0.115946688 0.709141414
33388.150294501 0.552887246 -2.341450669 0.021502070 0.680588263 -0.141087457 -0.125819935 0.707858241
33388.189997053 0.571659516 -2.301120315 0.041990834 0.685066325 -0.143364423 -0.132676929 0.701803110
33388.230190178 0.593558283 -2.257660339 0.068481177 0.689006738 -0.153478363 -0.133280879 0.695665375
33388.270083199 0.618373552 -2.216426333 0.101382345 0.689321709 -0.166642848 -0.132362964 0.692492446
33388.310084657 0.644227460 -2.175317943 0.140237965 0.691768655 -0.183031067 -0.135279124 0.685314027
33388.350099605 0.671667047 -2.135719851 0.183876143 0.700265510 -0.198299952 -0.147781326 0.669676059
33388.390090855 0.699452782 -2.095190229 0.229294302 0.714198341 -0.207757294 -0.169445464 0.646564670
33388.430174084 0.727536736 -2.056539718 0.278375942 0.730345453 -0.212497530 -0.188749180 0.621139328
33388.470080959 0.756614572 -2.018974757 0.327193661 0.743978055 -0.218173776 -0.199007464 0.599410449
33388.509865126 0.785957976 -1.984525594 0.373257848 0.751842783 -0.223703403 -0.201821456 0.586478744
33388.549700074 0.815869271 -1.949563451 0.414517635 0.757821034 -0.227904625 -0.198263058 0.578323890
33388.589584501 0.843904034 -1.917006401 0.450298731 0.764005776 -0.233557391 -0.187939868 0.571335913
33388.629524969 0.872473682 -1.881657555 0.476655297 0.769077124 -0.239374110 -0.177659674 0.565382572
33388.669170074 0.901523727 -1.848749988 0.492341567 0.771854407 -0.241710303 -0.168187006 0.563498034
33388.709104084 0.927705075 -1.821465964 0.495729422 0.773935708 -0.245401461 -0.160701412 0.561227850
33388.749099136 0.954475697 -1.795982306 0.485674666 0.774906913 -0.251216762 -0.159844487 0.557547446
33388.788925699 0.980701441 -1.767437314 0.460991944 0.772599373 -0.252532531 -0.165343480 0.558550860
33388.828828199 1.005653301 -1.745469039 0.426974976 0.767547759 -0.250182022 -0.178483075 0.562515054
33388.868920855 1.029406456 -1.726487598 0.384980569 0.761403135 -0.249722297 -0.193250235 0.566178759
33388.908754657 1.050271955 -1.710183843 0.338415641 0.757463684 -0.249616191 -0.207530382 0.566455351
33388.948936115 1.070477460 -1.693979730 0.289960258 0.754588174 -0.249963855 -0.225494464 0.563264596
33388.988983042 1.089349009 -1.679361052 0.241882787 0.749079881 -0.249673267 -0.238451033 0.565405781
33389.029076063 1.103471898 -1.669163076 0.194412472 0.736958193 -0.247704783 -0.251802895 0.576307439
33389.069193667 1.118452131 -1.656534644 0.155294583 0.720991227 -0.242938973 -0.261755867 0.593831771
33389.108899553 1.131127863 -1.646743055 0.124145350 0.704095906 -0.239845513 -0.271204952 0.610877205
33389.149076584 1.143982040 -1.638924764 0.103542247 0.687412444 -0.240994091 -0.282033879 0.624373983
33389.189449396 1.157637540 -1.630499952 0.093416617 0.674430908 -0.245676309 -0.292877000 0.631671722
33389.229710646 1.176509224 -1.618706728 0.092879479 0.667407927 -0.254490625 -0.303572927 0.630590722
33389.269808771 1.197299910 -1.606916557 0.098768096 0.664904091 -0.268650418 -0.310923056 0.623743823
33389.309795073 1.220355715 -1.594456696 0.111560408 0.662851494 -0.286706761 -0.316464961 0.615042323
33389.349806740 1.248300408 -1.581012831 0.125052310 0.658669769 -0.310668342 -0.321506068 0.605205060
33389.389791740 1.276323617 -1.571938087 0.138972339 0.651700134 -0.337835934 -0.334276275 0.591111825
33389.430049709 1.305758768 -1.565965960 0.152376478 0.644749972 -0.365152486 -0.350976622 0.572517726
33389.470106167 1.334949611 -1.563445592 0.164929869 0.638361576 -0.396754852 -0.373615461 0.543591365
33389.510150438 1.363629549 -1.565777495 0.177414576 0.632945376 -0.432018524 -0.395392325 0.506364547
33389.549980750 1.387469774 -1.573086991 0.189288986 0.627227433 -0.462043931 -0.415658937 0.469391949
33389.590053042 1.406875291 -1.585456814 0.199397548 0.615120776 -0.492772447 -0.433084192 0.437309764
33389.630058927 1.417847880 -1.603702039 0.207291785 0.593962569 -0.522915406 -0.449706380 0.414164359
33389.670072104 1.420180037 -1.627489040 0.212249371 0.565131770 -0.552349257 -0.465346762 0.398733961
33389.710088407 1.416619767 -1.652561935 0.214228771 0.530389610 -0.582089666 -0.483912603 0.381689762
33389.750052573 1.404305753 -1.681894090 0.214153694 0.494966778 -0.608430750 -0.504970374 0.360312132
33389.790065907 1.389168635 -1.712422074 0.211516505 0.462496687 -0.629792418 -0.525888988 0.336004609
33389.830063250 1.371568441 -1.745219216 0.207833302 0.429191945 -0.653683965 -0.542974569 0.306055820
33389.869775959 1.351033137 -1.778853054 0.203250996 0.392389573 -0.677112896 -0.558401905 0.275201494
33389.909579813 1.326678142 -1.812722994 0.199409439 0.354431841 -0.695421390 -0.573799954 0.248033814
33389.949278302 1.299028811 -1.846042244 0.195755049 0.315181000 -0.712597287 -0.586288087 0.221658125
33389.989397156 1.267559936 -1.878105069 0.192341933 0.274517195 -0.729315947 -0.596888312 0.190952618
33390.028838875 1.232266302 -1.907717115 0.188963468 0.234384661 -0.744178467 -0.604873645 0.159342754
33390.068521115 1.192674279 -1.933645369 0.184983082 0.192534028 -0.757537859 -0.611303691 0.123995315
33390.108559136 1.149415760 -1.955645904 0.180464456 0.147834171 -0.770297062 -0.614405141 0.085403839
33390.149076115 1.104463021 -1.972246927 0.174754202 0.105645378 -0.779157814 -0.616065984 0.047062281
33390.189153146 1.062337518 -1.983595761 0.169032411 0.065429037 -0.786152950 -0.614521910 0.006738169
33390.229478302 1.020210610 -1.988710598 0.162666270 -0.023808900 0.791058084 0.610463391 0.031538746
33390.269699240 0.979668979 -1.989672216 0.155982784 0.015794176 0.789957393 0.609953760 0.060615778
33390.309880125 0.940940627 -1.988194008 0.150040029 0.053901584 0.784930212 0.611552543 0.083562369
33390.349913198 0.904044760 -1.985111140 0.145141311 0.089627411 0.779804218 0.610440805 0.105992135
33390.389881219 0.870320892 -1.980924837 0.140506904 0.118514609 0.776775510 0.604589092 0.130560804
33390.429883302 0.832138370 -1.981832644 0.139865992 0.149343793 0.774555537 0.593208109 0.160823788
33390.469913354 0.802671313 -1.973815916 0.138032189 0.180342403 0.770440402 0.581637829 0.188668071
33390.509890437 0.776748313 -1.963784769 0.136052481 0.209643710 0.761921253 0.575844438 0.209591752
33390.549856427 0.752529765 -1.951351913 0.138271672 0.239285253 0.750447317 0.572406957 0.227863267
33390.590137469 0.731601584 -1.938691452 0.139766723 0.265967939 0.739807423 0.567138965 0.245559416
33390.630227521 0.708164362 -1.929217278 0.144677412 0.289034233 0.731016529 0.558232461 0.265425255
33390.670127156 0.694039940 -1.912877102 0.148374771 0.316543876 0.720400588 0.547976910 0.283803230
33390.710203771 0.686995545 -1.895242746 0.148685036 0.341455421 0.709337219 0.538296102 0.300809262
33390.750060125 0.686010489 -1.874821937 0.147570453 0.363388619 0.698012219 0.526699868 0.321426355
33390.790157104 0.688555261 -1.851961805 0.142605088 0.388850766 0.681428302 0.517821764 0.341044236
33390.830120958 0.695051301 -1.827750231 0.134259998 0.412025266 0.660660822 0.514259450 0.359582643
33390.870131948 0.706501859 -1.805119254 0.122716778 0.428830426 0.641989597 0.509721213 0.379655249
33390.910079812 0.715576799 -1.786204549 0.108446944 0.442773804 0.630584216 0.497006136 0.399123798
33390.950231166 0.727754258 -1.770179739 0.092762552 0.453155706 0.625187039 0.481039793 0.415200903
33390.990048719 0.734987242 -1.757165186 0.077797428 0.457428848 0.616187681 0.475543666 0.430034664
33391.030080646 0.745506854 -1.746981419 0.065848270 0.457703645 0.602101114 0.488335413 0.435327631
33391.070056635 0.756631001 -1.737437937 0.056433605 0.453648673 0.588401262 0.511133800 0.432121597
33391.110049969 0.767897523 -1.731792018 0.048354496 0.441815686 0.579535333 0.539098950 0.422267711
33391.150052104 0.776787820 -1.728419936 0.041555735 0.423357476 0.576233912 0.569718130 0.405147107
33391.190061375 0.781876564 -1.729172220 0.035179896 0.399393271 0.576888321 0.602020397 0.381125073
33391.230057156 0.785340057 -1.732085681 0.029030283 0.370584425 0.581875258 0.633661132 0.350088472
33391.270139396 0.784217089 -1.739436842 0.023286608 0.337184011 0.590499827 0.664270440 0.310421776
33391.310048354 0.782276112 -1.748013018 0.016505108 0.301944579 0.600869893 0.689497130 0.269032620
33391.350062833 0.782013177 -1.757796462 0.009286310 0.264237311 0.611313203 0.710043070 0.228721776
33391.390040385 0.781080676 -1.769565959 -0.000477274 0.222244596 0.622037074 0.727693245 0.184769474
33391.430059500 0.783871326 -1.784433762 -0.008554187 0.181998692 0.634599572 0.738232025 0.138467817
33391.470050906 0.785539566 -1.797403224 -0.016037346 0.149004156 0.650819416 0.737853249 0.099017330
33391.510077468 0.789568350 -1.805147240 -0.024518011 0.123721206 0.665149316 0.731881255 0.081358954
33391.550084708 0.794140367 -1.810090704 -0.031744868 0.107302917 0.680467696 0.721631311 0.068542322
33391.590078406 0.801599093 -1.812294231 -0.033759228 0.098896275 0.697182882 0.708321560 0.049357104
33391.630158145 0.814327033 -1.808351527 -0.036817569 0.082387270 0.708747762 0.699911030 0.031835472
33391.670053822 0.830835789 -1.799871059 -0.038067813 0.060890871 0.714450935 0.696916091 0.012654061
33391.710077833 0.848994635 -1.784138331 -0.037574716 -0.044930651 -0.714541879 -0.698144143 0.002428096
33391.749902312 0.866418394 -1.762600601 -0.041038577 -0.029738197 -0.711668784 -0.701818336 0.009705946
33391.789907052 0.884573322 -1.737080770 -0.047364242 -0.011300507 -0.706429246 -0.707593473 0.011895217
33391.830083458 0.898642450 -1.708384711 -0.059741832 0.002545545 -0.699642797 -0.714364524 0.013296767
33391.870190072 0.910706193 -1.678285530 -0.072399926 0.009901212 -0.692724037 -0.720995752 0.014159804
33391.910159916 0.921002421 -1.647293154 -0.087046596 0.022218788 -0.685635674 -0.727394620 0.017524703
33391.950137833 0.926105188 -1.615524401 -0.102640018 0.030565448 -0.677805935 -0.734432276 0.015940521
33391.990046062 0.929989976 -1.582309054 -0.119804024 0.031362657 -0.672587226 -0.739233880 0.013269408
33392.030122729 0.932960505 -1.546854163 -0.137439564 0.030513525 -0.666441785 -0.744892240 0.007734465
33392.070073458 0.934889402 -1.506835738 -0.155895480 -0.021430797 0.652809498 0.757200392 0.005295882
33392.110049447 0.933101011 -1.464196349 -0.171962137 0.003002347 0.642605505 0.765705943 0.027268298
33392.150073301 0.933916051 -1.420905270 -0.186748579 0.013376844 0.639265152 0.766967958 0.054048831
33392.190093562 0.937188691 -1.374002920 -0.200665248 0.010758971 0.628941188 0.772541512 0.086584286
33392.230329395 0.941543535 -1.324089513 -0.213546311 0.014478940 0.613108688 0.780146471 0.123529674
33392.270110124 0.947335319 -1.275235457 -0.223650558 0.020649216 0.598980080 0.780546703 0.177604387
33392.310165176 0.955226730 -1.228949331 -0.232064417 0.015054661 0.583618451 0.778443790 0.230625512
33392.350236270 0.962931228 -1.184169066 -0.238050744 0.009634647 0.567603435 0.777115389 0.271707905
33392.390093249 0.969128218 -1.140164510 -0.242858645 0.007647209 0.552042363 0.777746322 0.300501926
33392.430103978 0.975294984 -1.096492767 -0.248214121 -0.000856527 0.538081904 0.778145355 0.323970581
33392.470181530 0.980264655 -1.053556553 -0.254184984 -0.011218367 0.528333675 0.776849812 0.342406259
33392.510194968 0.982708181 -1.010432815 -0.261400505 -0.021480186 0.522483566 0.775415457 0.353949706
33392.550296114 0.984116427 -0.967323861 -0.268955270 -0.036326856 0.515725607 0.777767757 0.357469961
33392.590225645 0.981799234 -0.923462103 -0.275962454 -0.048110710 0.509115992 0.782248261 0.355772292
33392.630099760 0.974233459 -0.879151174 -0.284307864 -0.052606356 0.503013872 0.788061011 0.350955068
33392.670189812 0.964199063 -0.834370777 -0.289940152 -0.057021911 0.496919159 0.794067772 0.345363901
33392.710119916 0.949387704 -0.789547004 -0.291823193 -0.065747495 0.484556505 0.806291269 0.332831264
33392.750122416 0.927058648 -0.742864045 -0.289846893 -0.073178144 0.458862899 0.829724007 0.309269900
33392.790186114 0.894671966 -0.699706888 -0.284743961 -0.080365548 0.436833675 0.855265642 0.266905229
33392.830301374 0.853912569 -0.658893033 -0.275817814 -0.078372683 0.418301768 0.879181836 0.214291048
33392.870150072 0.806219993 -0.620319586 -0.261399321 -0.057831096 0.392483524 0.905085520 0.153076613
33392.910213874 0.758028058 -0.582027158 -0.246076798 -0.035232173 0.366209835 0.924606957 0.098747277
33392.950106634 0.711276415 -0.547477538 -0.230151166 -0.010462320 0.346810215 0.935498266 0.066754840
33392.990148978 0.666618944 -0.514394581 -0.216065066 0.021856237 0.338674549 0.939141120 0.053252343
33393.030214707 0.626092425 -0.482637689 -0.204519861 0.050355325 0.339051017 0.937672410 0.057264307
33393.069926009 0.588340239 -0.446758145 -0.194397982 0.079708034 0.330282427 0.938040752 0.068115317
33393.109504707 0.552675469 -0.409242250 -0.184832553 0.098744656 0.307631840 0.943900228 0.068297179
33393.149327311 0.518767396 -0.371950458 -0.173932522 0.099455108 0.265679216 0.957809444 0.046090176
33393.189315905 0.484347589 -0.335345069 -0.159857225 -0.089998211 -0.204781723 -0.974657245 0.002832502
33393.230105645 0.452595868 -0.303978564 -0.143712302 -0.066258202 -0.136058607 -0.986058133 0.069190058
33393.270083874 0.424920792 -0.275217019 -0.127700531 -0.046980837 -0.070101514 -0.988909654 0.122214051
33393.310153718 0.401721769 -0.251451929 -0.112264042 -0.036859724 -0.022013562 -0.986689226 0.156847491
33393.350081113 0.383318843 -0.230762621 -0.097697941 -0.027185337 0.018853874 -0.981433986 0.188925433
33393.389385488 0.368968634 -0.213016123 -0.082763755 -0.017286345 0.065415497 -0.972530827 0.222723562
33393.428862728 0.358096349 -0.196885251 -0.070514829 -0.009944302 0.104146574 -0.960408893 0.258204105
33393.468297572 0.348548206 -0.187430101 -0.059446192 -0.006751630 0.136022639 -0.947222174 0.290210975
33393.507915593 0.342936604 -0.172799723 -0.052291580 -0.005973711 0.160264944 -0.934288082 0.318410492
33393.547783822 0.338691841 -0.157626755 -0.048566078 -0.011354220 0.169271594 -0.924334031 0.341796444
33393.587526113 0.337878657 -0.140991344 -0.051233815 -0.015836481 0.152684752 -0.922782104 0.353425749
33393.627556478 0.338172538 -0.124636859 -0.060867936 -0.018411464 0.098763494 -0.929471622 0.354949707
33393.667491530 0.340931216 -0.110788754 -0.072589414 -0.029502109 0.024340703 -0.938480021 0.343208982
33393.708193145 0.350939465 -0.096092592 -0.087457184 -0.033751359 -0.070863897 -0.944500390 0.318995561
33393.749305592 0.367767946 -0.084166864 -0.099482092 -0.039828494 -0.169754843 -0.941625548 0.287990123
33393.790312520 0.385118462 -0.069981048 -0.104184274 -0.044479269 -0.261463404 -0.930126678 0.254013476
33393.830121374 0.400390295 -0.055263020 -0.104033661 -0.036903885 -0.352166000 -0.907342821 0.226597035
33393.870110384 0.421928073 -0.044208295 -0.093649238 -0.024085010 -0.436795662 -0.877894616 0.194757557
33393.910171947 0.445590232 -0.031308045 -0.076915407 -0.004642267 -0.512830148 -0.842513490 0.164786855
33393.948820697 0.465880177 -0.016647707 -0.053566686 0.013157375 -0.572583154 -0.807725301 0.139840101
33393.987889499 0.482976809 -0.000295246 -0.024135852 0.021098106 -0.621614027 -0.773683115 0.120686818
33394.027654082 0.494498336 0.015383863 0.009091650 0.024176770 -0.663679817 -0.740765188 0.101052065
33394.067560384 0.504730667 0.033105961 0.043771228 0.022533375 -0.698386665 -0.711290811 0.076247593
33394.107407884 0.511558005 0.048848945 0.081305270 0.016676724 -0.729776203 -0.681752957 0.048595117
33394.146883665 0.515204167 0.064936050 0.120948359 0.010112029 -0.762149473 -0.646799755 0.026000092
33394.186979967 0.515799184 0.080515521 0.164130411 0.005612597 -0.791160531 -0.611488978 0.010711808
33394.226715749 0.515214208 0.099568911 0.208174751 -0.003546794 -0.817221378 -0.576219046 0.010404389
33394.266466686 0.521241399 0.107251383 0.259205951 -0.022144903 -0.841630523 -0.539284500 0.018436187
33394.306748144 0.519692087 0.117534554 0.310942779 -0.042748656 -0.864418990 -0.500184327 0.027712840
33394.346495071 0.514727652 0.134889932 0.359048232 -0.061609320 -0.886258738 -0.457646448 0.036186593
33394.386390384 0.509021159 0.150796601 0.402999661 -0.080308635 -0.905868774 -0.413780271 0.041691429
33394.426357936 0.500181740 0.167508883 0.440567483 -0.099736453 -0.922564784 -0.370041987 0.044674235
33394.466357884 0.496186287 0.185197805 0.468882005 -0.117600038 -0.933311102 -0.336155197 0.045829036
33394.506260071 0.480034368 0.191175019 0.488352784 -0.131953862 -0.939093458 -0.313861591 0.046717847
33394.546235592 0.464973430 0.203085020 0.499320079 -0.146221421 -0.943722160 -0.292942885 0.046821427
33394.586629030 0.454436422 0.214792769 0.496763701 -0.158176697 -0.944448802 -0.284419115 0.045851503
33394.626569342 0.449983491 0.221933168 0.494948471 -0.170726814 -0.943171476 -0.280826841 0.049154938
33394.666385228 0.445382201 0.226193682 0.488493906 -0.181213134 -0.942683917 -0.275764917 0.049624016
33394.706331113 0.444797598 0.227756500 0.484183691 -0.179857510 -0.942958193 -0.277002250 0.041843478
33394.746285071 0.445432683 0.229902745 0.484976063 -0.187738182 -0.947246478 -0.257335902 0.035450231
33394.786300696 0.447520213 0.236352578 0.500728970 -0.197164561 -0.954019633 -0.223946860 0.028643996
33394.826187207 0.453546562 0.244999553 0.532501094 -0.192311712 -0.963871193 -0.181501042 0.032029681
33394.865988665 0.462110304 0.258413756 0.571769385 -0.184050696 -0.975157123 -0.117505815 0.037233180
33394.906208925 0.472854744 0.278591605 0.614612000 -0.174190974 -0.982979620 -0.041984603 0.040569252
33394.946061061 0.484143381 0.304793818 0.652844501 -0.160822727 -0.985243333 0.032850125 0.048502514
33394.986043925 0.492251398 0.335047408 0.683444580 -0.144644125 -0.982734419 0.100034336 0.057482782
33395.025889342 0.497902479 0.366011455 0.704483810 -0.128903039 -0.977340811 0.155866726 0.062406010
33395.065826634 0.500770312 0.396262306 0.717244115 -0.114271489 -0.970398833 0.201673453 0.067793436
33395.105834082 0.499758483 0.423576711 0.722569939 -0.103226827 -0.964090823 0.234286688 0.070589335
33395.145832415 0.496562009 0.446831925 0.722645299 -0.091744162 -0.959925485 0.254880217 0.071848089
33395.185908248 0.492247950 0.466483838 0.720177802 -0.080844120 -0.956777012 0.269535472 0.073434374
33395.225929394 0.487284942 0.481205684 0.716005209 -0.069610912 -0.956295536 0.273942962 0.074889399
33395.265952050 0.484292757 0.492412907 0.708975383 -0.057126792 -0.956901391 0.274139272 0.076966985
33395.306014342 0.478792430 0.497867909 0.701565852 -0.044972509 -0.959796001 0.266267148 0.076621902
33395.345986946 0.474268066 0.498823831 0.693604767 -0.034374184 -0.964523870 0.249241410 0.079942725
33395.385952154 0.470377823 0.494226352 0.684507064 -0.025084244 -0.971076232 0.221414578 0.085774801
33395.425982884 0.466038587 0.481584563 0.671228792 -0.016605710 -0.980621028 0.171635236 0.092994596
33395.465836894 0.462103365 0.463563243 0.653723934 -0.017654842 -0.988869700 0.100297300 0.108468768
33395.505726738 0.454650015 0.440645306 0.630350993 -0.032562448 -0.990351360 0.010958084 0.134252715
33395.545648769 0.443526136 0.415977347 0.599501803 -0.056993220 -0.980020943 -0.098623022 0.163046690
33395.586066113 0.429831354 0.393167301 0.564820652 -0.086246522 -0.954364063 -0.207495360 0.196714128
33395.625674133 0.416514944 0.372530965 0.528490840 -0.108175045 -0.919553824 -0.302879695 0.225793744
33395.666023717 0.404330026 0.353649731 0.487266639 -0.119227946 -0.877519569 -0.392779346 0.247928392
33395.705862102 0.393973044 0.337570810 0.444940431 -0.118160337 -0.834950546 -0.468284569 0.263828132
33395.746263092 0.386439115 0.322497764 0.402286388 -0.104544970 -0.799953294 -0.525862529 0.269469250
33395.786354446 0.381570716 0.308743233 0.359647184 -0.082023352 -0.771525714 -0.571082308 0.268114228
33395.826104185 0.378933770 0.297557512 0.315563626 -0.055010850 -0.742326414 -0.612153927 0.266819923
33395.866210956 0.378223029 0.287361896 0.270920553 -0.027347679 -0.719238568 -0.643000455 0.261721991
33395.906558196 0.381680601 0.279853070 0.224980987 0.010179355 -0.707155371 -0.666656955 0.235363903
33395.946323196 0.384871361 0.278020243 0.182195092 0.041412641 -0.702631270 -0.681957281 0.198817903
33395.986487883 0.390837603 0.276579496 0.143368584 0.065350410 -0.705584889 -0.687211303 0.160062216
33396.026742883 0.396620623 0.276933687 0.110027442 0.082625288 -0.710930777 -0.689953809 0.108232311
33396.066925800 0.401114048 0.284095927 0.081111134 0.096559000 -0.714316492 -0.690376606 0.061712642
33396.106572935 0.403971613 0.300039179 0.055400647 0.102550222 -0.715159992 -0.690931089 0.025374577
33396.146596008 0.404065451 0.309884905 0.037544993 0.106268736 -0.709745202 -0.696391929 0.002642825
33396.186633769 0.401456238 0.315638682 0.026656822 0.105974255 -0.699089993 -0.707124748 0.004150918
33396.226808404 0.394529840 0.317993579 0.022562545 0.098017670 -0.688810156 -0.717394066 0.035761145
33396.266899550 0.386423505 0.319303295 0.025092802 0.089513333 -0.674057879 -0.727567792 0.090985973
33396.306944498 0.378102095 0.322133925 0.031104067 0.075528446 -0.652451133 -0.734362560 0.171215076
33396.347023404 0.369728169 0.320219544 0.042161730 0.052235663 -0.623712103 -0.731151115 0.271427144
33396.387174341 0.365083256 0.312250179 0.055859943 0.029003999 -0.588671861 -0.715923048 0.374270488
33396.426947154 0.366767362 0.303577834 0.070706641 0.016091755 -0.555450738 -0.690167386 0.463556374
33396.467071321 0.375083435 0.294307192 0.082329417 0.014855977 -0.525501321 -0.657373800 0.539895683
33396.507236060 0.388627341 0.290746687 0.087995883 0.021055344 -0.495763950 -0.622332384 0.605373589
33396.547273039 0.405002045 0.287545500 0.087067320 0.034936740 -0.460098561 -0.589801257 0.662739177
33396.587290227 0.423643687 0.288120422 0.080056748 0.056336040 -0.422777135 -0.559842431 0.710395803
33396.627378248 0.444772490 0.293303418 0.069026215 0.089334777 -0.384407758 -0.532829323 0.748560543
33396.667147310 0.465693699 0.303714314 0.055655794 0.123227225 -0.349048532 -0.509052777 0.777074928
33396.707334602 0.486021590 0.316317454 0.044288373 0.154967547 -0.326357677 -0.491473875 0.792419810
33396.747559810 0.506079309 0.332298087 0.035159878 0.187940323 -0.317095587 -0.475379846 0.798838423
33396.787812623 0.524404374 0.349682058 0.026849318 0.225716640 -0.318754936 -0.468253489 0.792581831
33396.827581373 0.542693251 0.372433459 0.022868983 0.264924446 -0.334995017 -0.465626512 0.775103430
33396.867875123 0.561369030 0.394264684 0.018369067 0.310848213 -0.353994714 -0.465539621 0.749222259
33396.907795852 0.577711246 0.418198026 0.015779765 0.353308125 -0.365798414 -0.469283914 0.721898536
33396.947608300 0.591570878 0.443489446 0.014884313 0.389702361 -0.365030648 -0.469212708 0.703366284
33396.987835748 0.602691070 0.466252324 0.014353160 0.418581940 -0.359916272 -0.466397017 0.691175274
33397.027829445 0.611255067 0.488004871 0.014646167 0.442560656 -0.353998933 -0.465574902 0.679753508
33397.067821112 0.616206096 0.507571948 0.015126744 0.464369905 -0.349369513 -0.470077267 0.664325897
33397.107824810 0.615392696 0.520996789 0.015603186 0.469354090 -0.363280615 -0.491626566 0.637210524
33397.147832310 0.611638581 0.529874498 0.016070842 0.469110741 -0.387830368 -0.520001952 0.599266792
33397.187793143 0.607633814 0.537194220 0.016774826 0.472616914 -0.404523604 -0.543199544 0.563851187
33397.227485383 0.602515486 0.538412226 0.014888742 0.463960233 -0.420476635 -0.571022316 0.530917900
33397.267227258 0.598156498 0.533809471 0.014774085 0.452358519 -0.438774699 -0.587417952 0.507728947
33397.307494654 0.592644045 0.524895027 0.017358813 0.443405205 -0.449688024 -0.601612650 0.489116269
33397.347302258 0.588953465 0.512108891 0.020757266 0.434758940 -0.461249182 -0.612071656 0.472865884
33397.387114654 0.583946362 0.493860673 0.026531158 0.423365834 -0.480089677 -0.618594021 0.455649767
33397.426947466 0.578402434 0.474785637 0.033303872 0.406768361 -0.499718509 -0.627775438 0.436713765
33397.467059497 0.570220019 0.453263766 0.040346524 0.380920216 -0.524176481 -0.640847190 0.411647526
33397.506799445 0.556929383 0.429814519 0.047194457 0.343313793 -0.559398783 -0.656274931 0.372171810
33397.546664706 0.539886015 0.406347491 0.050254997 0.304626059 -0.595069331 -0.670487552 0.321779269
33397.586567414 0.519588137 0.388512370 0.052819948 0.261252470 -0.624745209 -0.688348188 0.260033349
33397.626937987 0.496192567 0.374600293 0.053599557 0.208056188 -0.653899184 -0.702921449 0.187162807
33397.666884289 0.473531082 0.364049787 0.053137357 0.165653971 -0.673667350 -0.709598205 0.123294165
33397.706619549 0.449628451 0.357646274 0.052533587 0.123480589 -0.681871273 -0.717374384 0.071959044
33397.746754497 0.423120398 0.353867252 0.054128421 0.075325943 -0.685216834 -0.723723677 0.032061384
33397.787032831 0.396016894 0.351467018 0.057599162 0.027434589 -0.687965109 -0.725225005 0.000208039
33397.826844237 0.369079257 0.351179781 0.062105384 0.019020344 0.686133538 0.726723537 0.027053580
33397.866885695 0.344265379 0.353105294 0.068514395 0.064596775 0.681701459 0.726995493 0.050871706
33397.906868872 0.320813979 0.355194099 0.076874113 0.106941574 0.679575995 0.721787916 0.075908965
33397.947018195 0.297409679 0.357617981 0.087331850 0.150870708 0.680769925 0.708723335 0.107245388
33397.986776945 0.274784532 0.360293872 0.098151838 0.191121055 0.681710280 0.692168869 0.140164525
33398.026780383 0.253960313 0.365421641 0.108003797 0.231923714 0.681385831 0.672258229 0.173186645
33398.066316841 0.235814830 0.374032845 0.115044256 0.273983964 0.678639145 0.649140438 0.207360529
33398.106375695 0.220342412 0.386427931 0.116444687 0.310228595 0.670536376 0.627693952 0.245233543
33398.146500122 0.205820023 0.399402189 0.113508315 0.340401276 0.652852651 0.615918555 0.280276152
33398.186354341 0.198650732 0.418414316 0.108330692 0.368251670 0.626036106 0.614944463 0.307103906
33398.226375591 0.191140749 0.436066452 0.104583860 0.390472073 0.597206257 0.620540865 0.325277239
33398.266113612 0.187594825 0.451798516 0.101254454 0.405898725 0.574591894 0.624985922 0.338353331
33398.306395851 0.183465732 0.462181464 0.099826995 0.419111933 0.558615213 0.626607562 0.345915011
33398.346355539 0.179122346 0.466057414 0.099375738 0.427086301 0.549906912 0.627263862 0.348912205
33398.386712934 0.175343706 0.463954507 0.099199320 0.429240585 0.547506893 0.628535669 0.347752260
33398.426796893 0.167643805 0.452682301 0.098476270 0.425932820 0.551523799 0.630994568 0.340952472
33398.466765434 0.164034483 0.436050819 0.098830426 0.415786933 0.563010762 0.635188011 0.326613377
33398.506636007 0.162819966 0.413404136 0.100011713 0.395322612 0.580469817 0.643722126 0.303968170
33398.546364080 0.163279342 0.382627895 0.100207119 0.360690372 0.600358362 0.661397386 0.268376211
33398.586462361 0.168309105 0.350107595 0.102025066 0.320678162 0.616765081 0.684617500 0.219237839
33398.626252414 0.178954500 0.316791012 0.103730908 0.276478637 0.630686304 0.706832512 0.161808993
33398.666459289 0.197280805 0.281354342 0.104073760 0.221503438 0.651233970 0.718088243 0.105734663
33398.706420903 0.223866791 0.246756813 0.104195371 0.162120970 0.681320111 0.711196842 0.060981548
33398.746118195 0.258842855 0.215051694 0.103126129 0.090120811 0.708685251 0.699545568 0.016716854
33398.786352466 0.300867792 0.189890469 0.102232553 -0.013016626 -0.725094851 -0.687667495 0.034372096
33398.826455330 0.344672551 0.175320672 0.102482766 0.049581884 -0.727974028 -0.677863579 0.089980108
33398.866891163 0.387978767 0.171239714 0.103629893 0.101803441 -0.719309036 -0.670420203 0.150888442
33398.906894601 0.429365268 0.175331342 0.105666591 0.149991896 -0.704441204 -0.660043348 0.213559828
33398.946882257 0.467357799 0.186754687 0.108605788 0.190694802 -0.688763067 -0.646435651 0.267136443
33398.986777309 0.501879131 0.203533561 0.111884750 0.229618930 -0.672255877 -0.629350576 0.315063543
33399.026625278 0.532137937 0.224859887 0.115122956 0.265630777 -0.653860332 -0.611270502 0.358127533
33399.066861736 0.557511047 0.250056308 0.118146431 0.297678321 -0.635536038 -0.592511513 0.395489151
33399.106655330 0.576390027 0.276846229 0.120378316 0.321935208 -0.619704518 -0.576321909 0.424472719
33399.146475695 0.589006701 0.304676557 0.121498501 0.340003708 -0.603934803 -0.564500768 0.448329248
33399.186679601 0.597036330 0.332578042 0.121773347 0.354219593 -0.588385534 -0.554468644 0.469995177
33399.226564809 0.600917831 0.359390302 0.120810063 0.364464908 -0.575896650 -0.546555911 0.486605605
33399.266473195 0.602979419 0.385174850 0.119217690 0.373424101 -0.565197801 -0.540817711 0.498620186
33399.306477205 0.602551023 0.409284465 0.115720233 0.381788970 -0.553160306 -0.536735813 0.510064237
33399.346514861 0.599576549 0.430728099 0.110767432 0.386624838 -0.541373120 -0.534146729 0.521654725
33399.386659288 0.594091493 0.448816090 0.105298516 0.385759023 -0.531362650 -0.535506255 0.531108992
33399.426327361 0.587375643 0.464546199 0.099709971 0.383706806 -0.521137848 -0.538870256 0.539261790
33399.466496840 0.579600531 0.477792030 0.095192775 0.379095347 -0.515259544 -0.548136477 0.538832741
33399.506906267 0.571420421 0.487320502 0.092688699 0.375345419 -0.511085444 -0.552438334 0.541035464
33399.546647778 0.564646178 0.492767782 0.092388652 0.372484600 -0.507558730 -0.554957032 0.543748150
33399.586782778 0.559459831 0.495081281 0.094854795 0.368073178 -0.509420533 -0.557558251 0.542348276
33399.626860434 0.554663938 0.493088970 0.100031806 0.361181095 -0.520668621 -0.561880493 0.531735570
33399.667104549 0.548621762 0.487083945 0.107641590 0.351924618 -0.537410204 -0.567888152 0.514628393
33399.706694549 0.541983750 0.478321609 0.116798956 0.340478415 -0.551667383 -0.575357754 0.498699310
33399.746976788 0.536941488 0.467288005 0.127732132 0.330176369 -0.562728459 -0.579123080 0.488811522
33399.786830434 0.535679816 0.453871100 0.141117512 0.322281242 -0.575989163 -0.574022047 0.484633857
33399.826687101 0.535245754 0.439174921 0.155980906 0.314129058 -0.591994179 -0.565222516 0.481029453
33399.866501632 0.532850231 0.424418397 0.170727202 0.303375639 -0.607945603 -0.559222299 0.475011353
33399.906730903 0.528951757 0.409919101 0.184801544 0.289369712 -0.622958763 -0.557277739 0.466507310
33399.946522465 0.525207433 0.395881432 0.198542511 0.276924255 -0.636092593 -0.558456156 0.454781148
33399.986233038 0.523749336 0.381543036 0.214686595 0.269312381 -0.647611430 -0.555684012 0.446414108
33400.026134444 0.523610960 0.366038096 0.235469377 0.260064653 -0.661832448 -0.549650128 0.438439191
33400.066446840 0.523644068 0.349260064 0.261902436 0.244913241 -0.680676017 -0.538565754 0.432023834
33400.106234548 0.522391538 0.332451845 0.292724422 0.224181675 -0.699409459 -0.523657007 0.431685446
33400.146032361 0.520188572 0.316577930 0.326296917 0.201772375 -0.717339192 -0.507873256 0.432177219
33400.185879600 0.517448052 0.302643982 0.361838217 0.181891164 -0.737194040 -0.492067769 0.425828443
33400.226268975 0.514248108 0.290529344 0.399900221 0.165054798 -0.760266536 -0.474358137 0.411990370
33400.266095642 0.510582800 0.280856822 0.439360755 0.150850257 -0.782887213 -0.455966036 0.395508263
33400.305923350 0.506810055 0.273476792 0.480619707 0.136525741 -0.804024371 -0.436681214 0.379756566
33400.345824027 0.501366303 0.267319213 0.522446164 0.116248050 -0.823659120 -0.416975365 0.366338082
33400.385691371 0.494019641 0.261997452 0.560674060 0.091273145 -0.839097287 -0.403631750 0.353081247
33400.425705902 0.486527035 0.257420352 0.592357051 0.069282438 -0.847784751 -0.399561576 0.341776984
33400.465655902 0.478413677 0.253231399 0.616192896 0.053640330 -0.853544920 -0.403457613 0.325277941
33400.505777673 0.470723770 0.249576853 0.632561833 0.043961778 -0.855778360 -0.413168013 0.308225493
33400.545889548 0.462310820 0.246471968 0.640907117 0.038398184 -0.854413704 -0.429145296 0.290408536
33400.585986319 0.453834544 0.244600241 0.642212099 0.033432539 -0.849682185 -0.449640900 0.273396253
33400.626138402 0.444602817 0.241622103 0.636469188 0.029212272 -0.843882283 -0.469974240 0.257164441
33400.666268454 0.435379975 0.238805373 0.623818372 0.025954612 -0.838812229 -0.487950980 0.240050503
33400.705925382 0.427521788 0.235553363 0.603257541 0.026163533 -0.832913660 -0.505863403 0.222873331
33400.746042673 0.420632648 0.232090425 0.575951824 0.029525307 -0.825641647 -0.524992651 0.204516122
33400.786199131 0.414079199 0.228636255 0.543424070 0.032034317 -0.818677385 -0.541888539 0.187344478
33400.826281892 0.407995856 0.224960438 0.505767658 0.034277410 -0.811289918 -0.557329171 0.173256812
33400.866425642 0.404277276 0.224130931 0.462265003 0.040488058 -0.802110523 -0.574008534 0.159667246
33400.906541944 0.401541764 0.222698122 0.416180694 0.047799964 -0.792447384 -0.590521099 0.145007377
33400.946226684 0.400095022 0.221015824 0.369206192 0.054356508 -0.782352035 -0.605105266 0.137179736
33400.986277621 0.400878092 0.221286270 0.319692182 0.062688248 -0.767732331 -0.623651664 0.133100914
33401.026425433 0.402318026 0.222722790 0.269698608 0.073542200 -0.746677959 -0.647136077 0.135197885
33401.066686996 0.403802323 0.225390551 0.222678451 0.084045702 -0.723622588 -0.670130090 0.142240403
33401.106486319 0.403543170 0.227178899 0.181240093 0.090418155 -0.704683989 -0.686522554 0.154699115
33401.146668038 0.403533931 0.229163364 0.143987563 0.096445482 -0.690233652 -0.697635796 0.166072487
33401.186884652 0.402800088 0.230171179 0.111428920 0.100407332 -0.681302024 -0.703397702 0.176004523
33401.226892673 0.401555720 0.232415374 0.082368013 0.104176021 -0.674004781 -0.708734792 0.180443640
33401.267064913 0.399510572 0.236490842 0.056404676 0.106376171 -0.664727456 -0.717478489 0.179014350
33401.307064496 0.396836229 0.240445892 0.035251158 0.106853469 -0.657272673 -0.723846384 0.180613903
33401.347228090 0.393389068 0.242851974 0.018826985 0.101277633 -0.652763566 -0.727794224 0.184277332
33401.386964079 0.391392595 0.244801050 0.006546200 0.101421660 -0.646120974 -0.733374142 0.185482351
33401.427072777 0.390595386 0.245059588 0.000764730 0.103973032 -0.642092237 -0.737241340 0.182708441
33401.467195329 0.389473941 0.243269128 0.003064413 0.101167833 -0.640856752 -0.740179954 0.176638979
33401.507299027 0.387272425 0.238146317 0.012924808 0.093162525 -0.642007923 -0.741504822 0.171222577
33401.547284860 0.386128164 0.230426578 0.029389344 0.086144614 -0.645299272 -0.740188477 0.168193263
33401.587284235 0.385568474 0.219697141 0.051860407 0.080321275 -0.652954927 -0.734980921 0.164321029
33401.627095850 0.384915174 0.206680418 0.079968263 0.075150436 -0.664632568 -0.725578168 0.161716679
33401.666959392 0.383800324 0.193570325 0.112837382 0.068045157 -0.677899004 -0.714120039 0.160796042
33401.707199131 0.382040079 0.182121695 0.148421099 0.060542665 -0.690278251 -0.702875301 0.160676175
33401.747042569 0.379444265 0.173382246 0.184299833 0.053039423 -0.702595849 -0.691568286 0.158994336
33401.786852464 0.375870049 0.167548481 0.218323356 0.044233572 -0.715809503 -0.680222689 0.151516467
33401.826668089 0.372656342 0.165178556 0.249252332 0.038680130 -0.728580623 -0.670257004 0.135755928
33401.866936735 0.370379875 0.165523723 0.277039507 0.039761579 -0.739786494 -0.661057758 0.118901645
33401.906819704 0.368847810 0.166981479 0.300847816 0.041729793 -0.749325699 -0.652718126 0.103579289
33401.946696579 0.367994647 0.169273154 0.320687557 0.044054878 -0.756515886 -0.645911927 0.092415718
33401.986629756 0.368697911 0.171518737 0.336007842 0.048689925 -0.761272331 -0.640705870 0.087118984
33402.026577100 0.368764164 0.172843898 0.346171523 0.053297720 -0.764368979 -0.637016510 0.084317155
33402.066513402 0.367351616 0.175012037 0.351189944 0.054533290 -0.764724518 -0.636885137 0.081239486
33402.106472360 0.362995371 0.177434675 0.351785053 0.053873506 -0.762514227 -0.639738293 0.080028838
33402.146417568 0.353552942 0.181361918 0.349378575 0.047604027 -0.761374769 -0.642063894 0.076133257
33402.186498923 0.338976579 0.187966455 0.343930260 0.036721705 -0.759540659 -0.646319322 0.063410071
33402.226388402 0.320016062 0.197124756 0.335739720 0.021585207 -0.755880109 -0.652729926 0.046075846
33402.266796423 0.295122064 0.209103182 0.326322376 -0.001377690 -0.751177199 -0.659629185 0.024904948
33402.306725329 0.266413954 0.222980363 0.316694502 -0.031522569 -0.745590246 -0.665658385 0.000653142
33402.346583454 0.235114784 0.238977243 0.306975833 0.064092462 0.738993294 0.670202131 0.024701642
33402.386480225 0.202302848 0.257104296 0.297511798 0.099110939 0.731957186 0.672187790 0.050786552
33402.426328350 0.168106888 0.278191961 0.288254208 0.135027800 0.723528439 0.672323063 0.079093558
33402.466208454 0.131556302 0.301709987 0.280541892 0.173530770 0.715873024 0.667978952 0.105910363
33402.506276110 0.094767705 0.328451643 0.274598036 0.215412111 0.709916488 0.657740236 0.130360977
33402.546296787 0.058960027 0.359139609 0.271345124 0.257620127 0.702853169 0.645003900 0.153620515
33402.586255433 0.026817396 0.393564723 0.269496317 0.296742281 0.694676811 0.631008639 0.176624583
33402.626274652 -0.000315807 0.430435681 0.268945019 0.332484176 0.684615116 0.617904534 0.197358563
33402.666796527 -0.021633339 0.467820895 0.268046275 0.363884513 0.671409934 0.610521381 0.209905704
33402.706205277 -0.036024575 0.503034262 0.264844297 0.387540815 0.656568899 0.610618122 0.214184280
33402.746299131 -0.043413695 0.536415989 0.257046108 0.404703422 0.641961865 0.612058836 0.222450187
33402.786376787 -0.045581300 0.566335580 0.245548635 0.418947364 0.625223599 0.613829374 0.238310841
33402.826533818 -0.042612408 0.591818944 0.231084239 0.426356277 0.606513499 0.621193030 0.253930934
33402.866619235 -0.036454756 0.613743381 0.215029483 0.430228195 0.586633499 0.630301432 0.271081064
33402.906620120 -0.028781739 0.629904851 0.199630812 0.432482821 0.570486556 0.636507937 0.286986663
33402.946840901 -0.020549278 0.640916958 0.186852160 0.431886540 0.560245874 0.639035290 0.302047142
33402.987232464 -0.012709296 0.647997489 0.176634501 0.430713718 0.552586874 0.639970922 0.315548188
33403.027401735 -0.007350563 0.652982150 0.170518719 0.429512291 0.545356698 0.642449460 0.324598145
33403.067860589 -0.004609266 0.654384477 0.169794259 0.426961106 0.538768684 0.646634982 0.330599031
33403.107765589 -0.004140747 0.653775329 0.177199568 0.426524597 0.537588545 0.647384791 0.331614619
33403.148023297 -0.007722789 0.648471927 0.192246718 0.430807068 0.542132733 0.640980818 0.331120764
33403.187976526 -0.013172804 0.640642761 0.214126402 0.435241209 0.546778387 0.633581694 0.331922766
33403.227749391 -0.019233362 0.631432687 0.243182331 0.437841495 0.546671074 0.634023428 0.327810699
33403.267543089 -0.026467464 0.620785211 0.279950964 0.443043347 0.545125447 0.637580226 0.316294634
33403.307263089 -0.035218484 0.607043665 0.321455233 0.450127315 0.548038842 0.636010305 0.304186982
33403.346969651 -0.043382728 0.590760873 0.366028474 0.454102253 0.558767464 0.630518116 0.289856810
33403.386592412 -0.051359491 0.572167692 0.411668595 0.457494586 0.576766013 0.619890836 0.271615577
33403.426402047 -0.058722372 0.551156339 0.456464840 0.459963590 0.601044532 0.602457441 0.253424542
33403.465969339 -0.064323324 0.528193207 0.497284550 0.454858313 0.627316637 0.586414456 0.235999655
33403.506278818 -0.067068328 0.504181071 0.533586682 0.444485496 0.651382282 0.572958928 0.223275242
33403.546161839 -0.066756102 0.480572446 0.564333996 0.431276402 0.671554541 0.564481565 0.210655469
33403.586192828 -0.064113775 0.456080315 0.589984612 0.412762048 0.689792868 0.561657713 0.195841529
33403.625998766 -0.059427721 0.430365637 0.610926768 0.391734519 0.708019565 0.560058965 0.177725403
33403.665952516 -0.051829199 0.405045066 0.627823991 0.370013616 0.726708209 0.556493370 0.159060465
33403.705935224 -0.040269478 0.378375954 0.639437663 0.342861387 0.743791121 0.556642888 0.139174468
33403.745962255 -0.025849484 0.350817463 0.647135207 0.310783934 0.760715070 0.557046829 0.120103118
33403.785994443 -0.009307837 0.323018738 0.652086529 0.281214851 0.777128076 0.554121965 0.099694578
33403.826045693 0.011269276 0.294895695 0.652680716 0.247725393 0.792539701 0.551158363 0.082081733
33403.866117672 0.036533882 0.265907599 0.650717379 0.208611709 0.808947560 0.545772412 0.064942078
33403.906402203 0.065586171 0.237155247 0.646498183 0.167484462 0.824874767 0.537667298 0.049441382
33403.946407984 0.098430955 0.210274428 0.639370328 0.125547545 0.835766159 0.533546163 0.032576566
33403.986163662 0.133411988 0.186020926 0.629847401 0.083138000 0.840720564 0.534911184 0.012125657
33404.026335328 0.170572702 0.165060581 0.617686998 -0.041072144 -0.843878026 -0.534927647 0.005947141
33404.066641630 0.210525552 0.149280167 0.602818457 0.002527199 -0.845075307 -0.534410490 0.015708788
33404.106293036 0.248683480 0.137177096 0.587210498 0.046399712 -0.842186728 -0.536533942 0.026455833
33404.146401057 0.284734989 0.129567378 0.571570207 0.083951935 -0.836698955 -0.539956849 0.036517562
33404.186421526 0.316595213 0.127164460 0.556917536 0.112418212 -0.829464851 -0.545113914 0.046915101
33404.226452359 0.344101104 0.128611736 0.544026498 0.135526413 -0.820841785 -0.551439153 0.061369494
33404.266322099 0.366597928 0.133318629 0.532193138 0.150502752 -0.812627827 -0.558338653 0.072407775
33404.306240693 0.384944088 0.139362172 0.521514470 0.158637095 -0.805570656 -0.564962042 0.081902883
33404.346553557 0.401833971 0.145960748 0.511451795 0.169318381 -0.799580756 -0.568793347 0.092065347
33404.386523974 0.416409411 0.151909180 0.501510687 0.180434232 -0.796674991 -0.568924746 0.095273711
33404.426455068 0.428620939 0.157512093 0.491041454 0.186678901 -0.796788415 -0.566319733 0.097781228
33404.466345588 0.438763509 0.162953819 0.477586598 0.190170678 -0.794750949 -0.567443173 0.101065755
33404.506302099 0.445289902 0.167813558 0.460364560 0.187744261 -0.789087473 -0.575081832 0.106648674
33404.546338765 0.449374988 0.171767809 0.441105713 0.184106170 -0.782650096 -0.583621398 0.113797231
33404.586299963 0.456135064 0.174345013 0.421412322 0.186150598 -0.776944439 -0.591448109 0.109061577
33404.626300484 0.463370117 0.175935504 0.403711399 0.191277090 -0.772572911 -0.596523585 0.103459099
33404.666389703 0.467746101 0.173220038 0.391375173 0.193933014 -0.770374954 -0.598919859 0.101031769
33404.706478661 0.469553117 0.169773748 0.383148075 0.191339679 -0.769651323 -0.601366922 0.096869982
33404.746482463 0.467091712 0.166122504 0.379235477 0.186245291 -0.768266774 -0.605373302 0.092747084
33404.786535797 0.458612076 0.162040619 0.379828555 0.173122016 -0.770625286 -0.606978265 0.087993304
33404.826592515 0.443789845 0.157685397 0.384199355 0.150406832 -0.776855464 -0.605925759 0.082020410
33404.866268609 0.425642136 0.155500704 0.388966524 0.125773861 -0.781037348 -0.607013013 0.075477136
33404.906338505 0.404862161 0.155510711 0.392575159 0.097562639 -0.784281163 -0.609134153 0.065879988
33404.946444026 0.381871153 0.157567939 0.394596078 0.062553795 -0.787926083 -0.610248443 0.053444810
33404.986582151 0.359897313 0.162285792 0.393372463 0.030499595 -0.788538043 -0.612820049 0.041582640
33405.026705380 0.340482273 0.169991415 0.387890371 0.002574077 -0.786337315 -0.617258276 0.025675335
33405.066687359 0.324386745 0.179624099 0.379368956 -0.024090932 -0.783884695 -0.620388056 0.007941788
33405.106572880 0.311525364 0.190211540 0.367311349 0.048817949 0.780126168 0.623646495 0.009220537
33405.146547880 0.301202472 0.200655050 0.351337285 0.069193632 0.772608346 0.630740732 0.021324023
33405.186487255 0.294027758 0.209282028 0.333199033 0.084877640 0.765068276 0.637724502 0.027816882
33405.226432828 0.290040843 0.215405904 0.313157250 0.095596571 0.760979533 0.640670767 0.036227249
33405.266396474 0.291777257 0.218858530 0.291267061 0.095390017 0.756951097 0.644960609 0.044176849
33405.306375953 0.297929959 0.220272376 0.269186136 0.088988215 0.750272669 0.653412875 0.047155430
33405.346334546 0.306612275 0.219247072 0.249431599 0.082814878 0.743891772 0.661975018 0.039443669
33405.386340380 0.319155197 0.216064908 0.231919804 0.069599275 0.739377006 0.669230111 0.024670692
33405.426512984 0.335674676 0.211115115 0.217238185 0.047069634 0.738942285 0.672032801 0.010984705
33405.466678140 0.354776136 0.205477807 0.206068427 -0.022599809 -0.743072642 -0.668827924 0.001226944
33405.506392776 0.374500852 0.201423273 0.197462256 0.004190496 -0.745942046 -0.665812311 0.015712115
33405.546549859 0.395377106 0.199198145 0.191508144 0.032912726 -0.745538957 -0.664684514 0.035817771
33405.587253296 0.416243430 0.198906238 0.188523882 0.057261369 -0.745008018 -0.662021860 0.058405879
33405.627172046 0.436888164 0.200733521 0.187724166 0.081513363 -0.744164052 -0.658161147 0.079995880
33405.666694338 0.456660597 0.204653438 0.188987130 0.106807185 -0.742617187 -0.653235256 0.101959004
33405.706691994 0.474927178 0.210658555 0.191604716 0.128327285 -0.741214730 -0.646389893 0.127722112
33405.746971630 0.492620490 0.219232558 0.194501078 0.148323048 -0.737215747 -0.639918572 0.158169012
33405.786802984 0.507837269 0.230422894 0.196162924 0.167801487 -0.730388800 -0.634935994 0.187699615
33405.826722515 0.520302400 0.242973992 0.196777810 0.183013113 -0.724720135 -0.628665206 0.214632209
33405.866542255 0.530344429 0.256667127 0.195698122 0.197250979 -0.717717472 -0.623100718 0.240248159
33405.906414546 0.538413425 0.271333198 0.192400269 0.213170501 -0.708322839 -0.619471556 0.262853730
33405.946674702 0.543516145 0.285726415 0.187252129 0.226173935 -0.700168910 -0.616226848 0.280843943
33405.986592254 0.546449342 0.299229297 0.180154161 0.237549658 -0.691475080 -0.615477663 0.294312113
33406.026365588 0.546034175 0.312758378 0.171660532 0.248128235 -0.680843245 -0.619274514 0.302297753
33406.066383557 0.541760534 0.323947493 0.163330517 0.254378332 -0.672607079 -0.623838431 0.306132314
33406.106484182 0.532495478 0.332693024 0.155064711 0.254436903 -0.668176228 -0.628820348 0.305593456
33406.146543661 0.516245553 0.340299661 0.144970792 0.248491022 -0.662579675 -0.641189978 0.296843054
33406.186635379 0.493891577 0.346087663 0.134461466 0.232326724 -0.657762291 -0.657574419 0.284550426
33406.226935796 0.467909697 0.349708752 0.124507775 0.210209491 -0.655191349 -0.671692096 0.274528678
33406.266559129 0.439643978 0.352664070 0.114970740 0.187118150 -0.652013875 -0.686497884 0.261888067
33406.306786109 0.408726186 0.354263254 0.106316521 0.161589958 -0.648839308 -0.700683356 0.248875618
33406.346705431 0.376051035 0.355028087 0.100067178 0.129848291 -0.646940404 -0.712408823 0.238916729
33406.386923088 0.343227802 0.356610585 0.096244033 0.095205178 -0.640103456 -0.726047682 0.232504416
33406.427062567 0.313513817 0.356965121 0.094580481 0.064463270 -0.635159040 -0.735275588 0.227568210
33406.467072879 0.286891962 0.357027170 0.092499658 0.039684787 -0.632053258 -0.742442167 0.218434032
33406.507093973 0.264508267 0.357925931 0.088456586 0.021974751 -0.627108559 -0.751265284 0.204578683
33406.547083400 0.247841885 0.357800784 0.082425562 0.011624085 -0.621232413 -0.759462405 0.192748603
33406.587090067 0.233972785 0.357520483 0.074538295 0.004361283 -0.618368615 -0.764738065 0.181043992
33406.627119233 0.222839178 0.357424520 0.064606822 -0.001336319 -0.616864019 -0.768536238 0.169791185
33406.667095379 0.215325987 0.357229698 0.054046676 -0.002266028 -0.616946792 -0.771251176 0.156662517
33406.707167202 0.211696866 0.356658155 0.044456134 0.001060670 -0.618227485 -0.772613830 0.144435177
33406.747197671 0.211028128 0.355192216 0.038039876 0.005835570 -0.622513664 -0.770138175 0.139031923
33406.787195015 0.213190406 0.355565096 0.034607337 0.010854389 -0.624012997 -0.769634435 0.134732324
33406.827203035 0.218922282 0.356554749 0.034107130 0.016124911 -0.622668748 -0.770614906 0.134819450
33406.867186890 0.228341647 0.355813782 0.037905412 0.018350092 -0.618164550 -0.773127269 0.140748315
33406.907401108 0.244007572 0.346538191 0.047509272 0.028346716 -0.615046046 -0.772012144 0.157835592
33406.946986317 0.266290269 0.327063194 0.065050798 0.045770856 -0.620579134 -0.762001624 0.179276582
33406.986968140 0.293006400 0.298660716 0.092726650 0.063034968 -0.640405483 -0.738418359 0.201607881
33407.027265535 0.323229997 0.265903206 0.128852461 0.081574916 -0.675578076 -0.699642607 0.217807297
33407.067074285 0.353609069 0.236110111 0.168513346 0.101754642 -0.710889688 -0.659518400 0.222075043
33407.106801212 0.380698623 0.210907585 0.208172965 0.119045110 -0.744482920 -0.619316479 0.219135901
33407.146870379 0.400506126 0.190546901 0.243696717 0.128472978 -0.781262088 -0.580239427 0.190909538
33407.186535327 0.411245416 0.177034604 0.268474395 0.127544680 -0.815748286 -0.549272055 0.128791684
33407.226656994 0.415951842 0.169097305 0.281356760 0.123595432 -0.841047191 -0.524447093 0.048156404
33407.266476577 0.416284064 0.165203332 0.285308951 -0.111984055 0.855492066 0.504899325 0.025876007
33407.306498348 0.412088741 0.164769003 0.285374978 -0.084928118 0.858664444 0.501495499 0.063125679
33407.346658087 0.404077377 0.165328322 0.287059334 -0.043415832 0.850843712 0.522727015 0.030602469
33407.386730744 0.392648810 0.166194010 0.294558549 -0.015859493 -0.823755296 -0.562667952 0.067679132
33407.426766785 0.381674849 0.165734299 0.310611978 -0.091898091 -0.771211169 -0.595767534 0.204570571
33407.466773296 0.377713041 0.162506727 0.333257134 -0.176154721 -0.695980158 -0.603261207 0.347357236
33407.506470327 0.382503662 0.157557067 0.357555153 -0.261582555 -0.601098978 -0.584578224 0.478040674
33407.546758764 0.396638314 0.152366107 0.377780623 -0.348692253 -0.476966411 -0.545896736 0.594065240
33407.586357566 0.416601297 0.147569097 0.388812387 -0.427419651 -0.326730891 -0.496773550 0.681010577
33407.626254858 0.438566907 0.142573680 0.389259234 -0.490247442 -0.172387632 -0.437671574 0.733746239
33407.666220379 0.457698900 0.135450048 0.378983822 -0.522597337 -0.046714280 -0.380233571 0.761664120
33407.706239910 0.468130216 0.127064667 0.362458538 -0.525286503 0.029607304 -0.347562255 0.776143013
33407.746377202 0.470990807 0.119912859 0.346292382 -0.515810083 0.049986716 -0.340967812 0.784335539
33407.786489545 0.467868833 0.113874220 0.332229865 -0.491080713 0.018547628 -0.356165695 0.794758905
33407.826593243 0.457344060 0.111067199 0.323250812 -0.462151898 -0.054805902 -0.396121457 0.791517358
33407.866645691 0.438311276 0.110617982 0.318395570 -0.426736962 -0.163922746 -0.458170368 0.762302310
33407.906452098 0.414850412 0.114367972 0.313334266 -0.382151600 -0.302508603 -0.533209858 0.691473750
33407.946357306 0.392409191 0.122916765 0.301099826 -0.322736446 -0.470654346 -0.595745923 0.565165876
33407.986378556 0.379807631 0.128646543 0.279479279 -0.242476770 -0.628775529 -0.627165674 0.390524733
33408.026491993 0.379504119 0.131316747 0.253550377 -0.149228730 -0.741235772 -0.623137718 0.199999251
33408.066562931 0.388172972 0.131329587 0.232015258 -0.073445209 -0.792830631 -0.603321729 0.045036458
33408.106549025 0.396043094 0.132989955 0.216215163 0.036418752 0.798407788 0.598973607 0.049490359
33408.146611368 0.400486995 0.135708568 0.204599794 0.024704210 0.779670943 0.621051988 0.076140333
33408.186720535 0.403154108 0.138080067 0.195963964 0.020494158 0.754763486 0.651533950 0.073590634
33408.226816993 0.405439494 0.138498563 0.190256912 0.013664486 0.739029389 0.669212610 0.076179571
33408.266916056 0.405464812 0.137248935 0.187813138 0.006533381 0.731235812 0.677400974 0.079871292
33408.306997097 0.401336214 0.135852890 0.189386928 0.009500992 0.731369251 0.676938819 0.082234938
33408.347019962 0.390551529 0.137663419 0.193372671 0.025237585 0.734253754 0.673012024 0.085377427
33408.387033504 0.378365043 0.145815727 0.199045085 0.050313595 0.733885526 0.670457391 0.096785657
33408.426930587 0.367536815 0.162465991 0.204671664 0.096796606 0.732592053 0.662098103 0.124761385
33408.466783816 0.350399776 0.190221231 0.211697555 0.161545105 0.726122234 0.646802312 0.168215484
33408.506519545 0.338370461 0.221090313 0.218832979 0.215099554 0.715022891 0.629661891 0.214476923
33408.546528191 0.322583710 0.247427719 0.221535633 0.248914862 0.707038554 0.612539955 0.250863865
33408.586295222 0.309816957 0.275862804 0.221163627 0.278406661 0.695622818 0.595171656 0.290463985
33408.626566628 0.297584806 0.306664462 0.222256199 0.314656274 0.680025531 0.574003154 0.330268203
33408.666526420 0.285772320 0.337767014 0.224649796 0.359544046 0.660251456 0.550979954 0.362239126
33408.706414337 0.277330395 0.367658113 0.228856459 0.411175667 0.640186820 0.514893255 0.394943468
33408.746409649 0.273274562 0.393982743 0.233421945 0.468671664 0.619468532 0.455642400 0.434736255
33408.786474545 0.271550234 0.411540973 0.236162204 0.505863428 0.604495583 0.398075489 0.469279433
33408.826429076 0.269538198 0.421696013 0.238369691 0.526702855 0.598496969 0.355985256 0.487503823
33408.866413087 0.267521690 0.425753824 0.238905801 0.532090531 0.596708876 0.342673074 0.493349114
33408.906408451 0.265545854 0.424698196 0.238492103 0.529401719 0.603423744 0.344646298 0.486654430
33408.946448087 0.261481342 0.419157291 0.238543029 0.518721882 0.621728909 0.352432691 0.469224861
33408.986416680 0.255810718 0.405403220 0.237614005 0.491972085 0.651067310 0.371040247 0.443174865
33409.026358972 0.248680782 0.383599141 0.237433626 0.441283539 0.700070470 0.398590393 0.395342730
33409.066314128 0.247413268 0.358605941 0.236827725 0.385657434 0.741423787 0.424810360 0.347987456
33409.106270482 0.253888330 0.332636196 0.232466971 0.315191666 0.769794180 0.461053961 0.309031357
33409.146128503 0.266103204 0.307906606 0.226492778 0.251424770 0.784071619 0.492354033 0.282143203
33409.186127045 0.280366861 0.284760989 0.221571258 0.196283035 0.794673887 0.514866813 0.254712678
33409.226169857 0.299525476 0.265253585 0.214761377 0.134575248 0.794355942 0.541510664 0.240113182
33409.266288087 0.318066229 0.250058873 0.210506786 0.087217517 0.787562749 0.571139418 0.214331021
33409.306526941 0.334269150 0.238771822 0.208975423 0.054961913 0.774083330 0.603835163 0.182091414
33409.346342514 0.348260267 0.228422979 0.211332343 0.023195993 0.749915440 0.648762065 0.127265712
33409.386655743 0.360576520 0.214946505 0.220626037 -0.009100916 0.724482498 0.687612074 0.047243197
33409.426530951 0.368465225 0.198812914 0.238308632 0.017229833 -0.709499360 -0.704375383 0.013004266
33409.466745222 0.375807571 0.176420449 0.265920258 0.017565177 -0.718709175 -0.692203113 0.063272718
33409.506910639 0.385290990 0.151395761 0.301204137 0.023248779 -0.748185476 -0.656903795 0.090307210
33409.546812774 0.395951850 0.126708256 0.342971895 0.030462454 -0.790077445 -0.604023200 0.100028216
33409.586805170 0.405978815 0.104522267 0.391021263 0.036083801 -0.838155663 -0.533888547 0.105622264
33409.626593920 0.414519954 0.090252949 0.434461342 0.043048650 -0.869903233 -0.478887952 0.109915914
33409.666916784 0.418445122 0.083865970 0.467731602 0.036634908 -0.882858742 -0.454212406 0.113619612
33409.706843243 0.417560037 0.080718556 0.488937420 0.013989581 -0.884625954 -0.449789366 0.122191403
33409.746720951 0.414410830 0.079763114 0.494374890 -0.006236444 -0.875187969 -0.467609181 0.123890195
33409.786713972 0.411605538 0.079440370 0.484754809 -0.012928043 -0.856906326 -0.500473185 0.122764024
33409.826735170 0.408689678 0.077894177 0.464176441 -0.010549204 -0.839192713 -0.530871108 0.117559226
33409.866708711 0.407342466 0.076192277 0.433329579 -0.002531984 -0.825010468 -0.556989826 0.095465442
33409.906711003 0.407505220 0.074311131 0.394726027 0.008590601 -0.812577013 -0.578807203 0.068022205
33409.946726263 0.407888671 0.071123492 0.352692697 0.014686865 -0.801407213 -0.595986257 0.048282059
33409.986808607 0.407515999 0.066431399 0.308294606 0.012745867 -0.789069490 -0.613103459 0.036208176
33410.026503711 0.408012845 0.061113961 0.265143290 0.012098924 -0.772658438 -0.634333802 0.021752739
33410.066921888 0.408136440 0.050093835 0.230744271 0.010765396 -0.762676056 -0.646613177 0.010036899
33410.106841888 0.406481271 0.033970295 0.208720639 0.010046485 -0.761488678 -0.648097499 0.001921784
33410.146879180 0.402820827 0.015114767 0.198861167 0.009799523 -0.760118358 -0.649688783 0.005342047
33410.186917201 0.395604332 -0.005805915 0.199754253 0.005977472 -0.756918911 -0.653202791 0.019082606
33410.226921472 0.383220001 -0.024346257 0.209564080 -0.008363173 -0.759249426 -0.650258982 0.025171854
33410.266964284 0.365934640 -0.035283851 0.226097623 -0.027507696 -0.764470188 -0.643873871 0.015971720
33410.306786628 0.341705384 -0.037011330 0.246698683 0.056083742 0.767676288 0.638378215 0.000992016
33410.346623190 0.310403589 -0.029590170 0.269691779 0.097978897 0.767452938 0.633259790 0.019953992
33410.386847982 0.275292889 -0.015055883 0.292543632 0.139503034 0.762744632 0.630244286 0.039391252
33410.426637097 0.239643813 0.004789544 0.313059603 0.176648857 0.757003917 0.625766990 0.064466469
33410.466701107 0.204039775 0.028750495 0.331608281 0.211829507 0.752611903 0.616137379 0.095280185
33410.506557982 0.170127170 0.056417216 0.347982376 0.246508585 0.749027662 0.601229142 0.129284950
33410.546358242 0.138236406 0.088096309 0.362874345 0.281302844 0.742913917 0.586208644 0.159081889
33410.586320117 0.109753191 0.124091546 0.376098237 0.315209935 0.730444726 0.575978857 0.187993498
33410.626155013 0.085308557 0.162738413 0.388529053 0.347551099 0.713389069 0.570914814 0.210571948
33410.666217149 0.064742463 0.203397253 0.400269790 0.376839145 0.694901705 0.565761726 0.234558199
33410.706471836 0.046491562 0.243778122 0.413350149 0.404145716 0.678071010 0.558828352 0.254159043
33410.746384596 0.030176415 0.284158344 0.426983594 0.430980218 0.662811456 0.546834566 0.275515848
33410.786309388 0.015296580 0.325870236 0.440895989 0.460026273 0.646954620 0.531636274 0.295276854
33410.826250117 0.002493533 0.369159963 0.454196904 0.489545662 0.628915396 0.515276473 0.315120018
33410.866168919 -0.007418660 0.415346039 0.465244081 0.520017567 0.607285075 0.497787754 0.336145682
33410.906136471 -0.013631017 0.464058058 0.473595998 0.554077228 0.581071880 0.476027240 0.358820237
33410.946143086 -0.014700690 0.514011491 0.476344185 0.588973067 0.549663919 0.446820082 0.389014289
33410.986307253 -0.010387587 0.564568818 0.472496774 0.621601670 0.514843189 0.410780415 0.424036915
33411.026297669 -0.001956004 0.613511158 0.462972115 0.652254596 0.479275749 0.370104573 0.455940022
33411.066395742 0.010937215 0.658803228 0.448124147 0.678555365 0.442789621 0.323865991 0.488478032
33411.106110378 0.025363526 0.698721917 0.427421857 0.691846436 0.413943154 0.290020644 0.515642900
33411.146426992 0.042066394 0.734755036 0.402222292 0.697469235 0.388181683 0.265969593 0.540473702
33411.186708034 0.061677185 0.765345909 0.373840318 0.700458784 0.356887565 0.248946341 0.565698220
33411.226494440 0.082698250 0.790333907 0.343321143 0.697222007 0.322666630 0.246550336 0.590745844
33411.266785742 0.104945113 0.809279464 0.311281327 0.689154227 0.287108942 0.252013737 0.615730446
33411.306693919 0.125393646 0.826741757 0.281181451 0.682748648 0.253899617 0.254911195 0.635932033
33411.346911159 0.143919811 0.838193796 0.253857393 0.676135153 0.229838632 0.254272541 0.652197005
33411.386954180 0.159965929 0.845803274 0.230803518 0.673919372 0.213843855 0.253283313 0.660265893
33411.427071627 0.171030770 0.849301274 0.211738742 0.675564933 0.205343964 0.251422290 0.661991472
33411.467107044 0.178470599 0.844503673 0.195198705 0.669371015 0.207329544 0.252503071 0.667232421
33411.507089909 0.181080569 0.834904696 0.182200629 0.657007233 0.212878718 0.267928778 0.671742746
33411.547233086 0.179366300 0.820549714 0.173676643 0.640945484 0.217806167 0.304021272 0.670313678
33411.587216002 0.172502011 0.801803657 0.165903031 0.615335600 0.229449941 0.356974281 0.664292245
33411.627546211 0.162624420 0.780034529 0.157524266 0.577079485 0.245569751 0.427632207 0.651003426
33411.667690534 0.153173795 0.754675341 0.150315345 0.539157795 0.254679944 0.508384925 0.621282356
33411.707974023 0.142942024 0.725131506 0.143424298 0.503810415 0.264021531 0.585064927 0.578071560
33411.748201784 0.134631348 0.687443805 0.137943295 0.466870829 0.287500710 0.648854943 0.527600450
33411.788514804 0.128247138 0.643286038 0.135420121 0.440643879 0.322168984 0.699117382 0.461817067
33411.828740586 0.126513124 0.590675098 0.136304147 0.417612260 0.363663062 0.735309367 0.390729207
33411.868731784 0.129783061 0.530095933 0.138450694 0.388051566 0.418651806 0.758320935 0.314795182
33411.908299596 0.138930579 0.462019533 0.141089698 0.352583777 0.488281602 0.762468254 0.236448555
33411.947818711 0.157519859 0.388274249 0.145308352 0.307471287 0.562888850 0.750722932 0.158217035
33411.987305533 0.189320379 0.314877123 0.148103798 0.245239512 0.623398950 0.737553945 0.085120556
33412.026589179 0.232555747 0.252271179 0.148535723 0.178209010 0.653618730 0.735003211 0.028184813
33412.066482825 0.280117193 0.201748907 0.148620010 -0.125855210 -0.658248543 -0.741747300 0.026081874
33412.106370846 0.327362884 0.160077984 0.150243572 -0.085177002 -0.651767202 -0.749301454 0.080571235
33412.146747044 0.373752326 0.122311654 0.153802649 -0.050479320 -0.648928061 -0.748072024 0.129354001
33412.186750638 0.418001260 0.088203888 0.158336034 -0.018366207 -0.655248737 -0.738124411 0.159637491
33412.227013398 0.461864840 0.054733314 0.164001164 0.020494833 -0.668529830 -0.721054835 0.180908132
33412.266891367 0.504688081 0.023537262 0.169813989 0.066441140 -0.683054586 -0.699907201 0.197868435
33412.306968867 0.542216134 -0.000823015 0.172569137 0.102930297 -0.684579200 -0.694052022 0.197606841
33412.346971002 0.571150906 -0.017469780 0.171011139 0.122182640 -0.666058928 -0.707351518 0.202708502
33412.387044179 0.593072487 -0.029805145 0.165975080 0.133196536 -0.635845088 -0.730151674 0.211750419
33412.427198137 0.611236684 -0.039732209 0.159496445 0.144943237 -0.611280483 -0.747652418 0.215275382
33412.467028242 0.625876493 -0.052795317 0.153009604 0.159637406 -0.596111821 -0.757290536 0.213723278
33412.507250637 0.637397359 -0.062717897 0.147864848 0.173637066 -0.587627872 -0.760732582 0.214078470
33412.547638971 0.646479174 -0.071866224 0.142010213 0.183201116 -0.581864843 -0.762461300 0.215692886
33412.587519908 0.652380449 -0.083578766 0.137533403 0.190033839 -0.582322522 -0.758665679 0.221842305
33412.627726523 0.656613947 -0.096828994 0.133987283 0.190509129 -0.588757914 -0.751064780 0.230156658
33412.667719179 0.660199007 -0.110591459 0.131252483 0.198063701 -0.594130093 -0.738612288 0.249463607
33412.707720377 0.663546999 -0.124012260 0.128583880 0.210316625 -0.598999656 -0.725580628 0.265516632
33412.747759804 0.665035519 -0.135721423 0.128316762 0.228147159 -0.601598461 -0.708281178 0.290458151
33412.787756002 0.672399970 -0.150828425 0.128927201 0.248831534 -0.595988051 -0.689809063 0.327176661
33412.827719439 0.677680955 -0.163190341 0.127901216 0.264993030 -0.579617419 -0.683194065 0.356466283
33412.867727929 0.681799389 -0.176404535 0.124568055 0.274182118 -0.564140899 -0.685520264 0.369636551
33412.907611158 0.684926118 -0.193366324 0.122385881 0.271764954 -0.561447279 -0.688389931 0.370189229
33412.947692356 0.690061460 -0.214181676 0.121403109 0.271793240 -0.566108589 -0.684164902 0.370901452
33412.987780585 0.696091575 -0.238142405 0.120362497 0.274678600 -0.573566728 -0.677696299 0.369189114
33413.027854700 0.700885955 -0.264582473 0.118377383 0.272230651 -0.581849095 -0.677191830 0.358822141
33413.067971158 0.706518107 -0.294353934 0.115850167 0.268476558 -0.590855256 -0.676415553 0.348241876
33413.108079023 0.713167229 -0.328090806 0.112461725 0.266455839 -0.596888039 -0.674780794 0.342632216
33413.147786939 0.720711148 -0.362683061 0.108336436 0.267638984 -0.595656525 -0.672971489 0.347378834
33413.187938241 0.728256315 -0.398381513 0.103896371 0.267243691 -0.589644670 -0.670444416 0.362497252
33413.228300637 0.737254310 -0.432178948 0.099971371 0.269009691 -0.577913933 -0.665786168 0.387786088
33413.268476991 0.745805966 -0.461713415 0.096986878 0.273555945 -0.561549070 -0.662681115 0.413138630
33413.308318189 0.755935831 -0.489027872 0.096067147 0.277611011 -0.549197210 -0.659884670 0.431122690
33413.348620898 0.766537273 -0.514075244 0.098009591 0.278279379 -0.548188780 -0.655616440 0.438425287
33413.388928762 0.777152815 -0.536783216 0.101709748 0.278510675 -0.553763913 -0.650647368 0.438674521
33413.428738918 0.787962796 -0.557587191 0.106014445 0.277367647 -0.561160649 -0.646119654 0.436686738
33413.468815377 0.798883168 -0.577172059 0.109352412 0.275354892 -0.566133337 -0.645000620 0.433182328
33413.508872408 0.809402673 -0.596866872 0.110909386 0.276455719 -0.565990118 -0.646598737 0.430276069
33413.549014439 0.819076158 -0.616271134 0.111390100 0.271673929 -0.565217861 -0.653670660 0.423599710
33413.589207877 0.830642947 -0.637268159 0.110631902 0.271617893 -0.565618447 -0.655484176 0.420285602
33413.629366627 0.845123585 -0.660119603 0.108261751 0.279159128 -0.565863392 -0.655271019 0.415317582
33413.669250064 0.860365262 -0.684195761 0.105286130 0.289448867 -0.565701397 -0.652085191 0.413504760
33413.709617512 0.880555479 -0.712475731 0.101844954 0.300607993 -0.565308005 -0.646628212 0.414648827
33413.750200324 0.903283449 -0.743214799 0.098948059 0.315009239 -0.561945736 -0.638691808 0.420783727
33413.790381939 0.927808918 -0.775665489 0.096361433 0.327027179 -0.557089940 -0.630573358 0.430210718
33413.830388658 0.952468346 -0.808920125 0.094247697 0.334592843 -0.548938939 -0.623407590 0.445058026
33413.870375637 0.975941484 -0.842674683 0.090212430 0.338363030 -0.541215122 -0.618157313 0.458779019
33413.910439960 0.995658539 -0.874803156 0.084977946 0.336246496 -0.538553271 -0.618680422 0.462745291
33413.950404439 1.011702255 -0.909604015 0.079373379 0.330013454 -0.541721003 -0.620641081 0.460905764
33413.990370012 1.023760448 -0.942805000 0.073354768 0.320628978 -0.548222123 -0.627192647 0.450864665
33414.030375585 1.032660313 -0.975559601 0.066506234 0.310237051 -0.558733114 -0.634780214 0.434309059
33414.070464803 1.039855761 -1.007626670 0.060506302 0.298420592 -0.576264938 -0.638181670 0.414231852
33414.110390585 1.046517382 -1.035564554 0.054405313 0.291735937 -0.588912744 -0.639914947 0.398222028
33414.150396366 1.051421845 -1.060462753 0.046536999 0.284891712 -0.592141789 -0.647801236 0.385432708
33414.190397928 1.054255047 -1.084647776 0.037820217 0.275812099 -0.592361978 -0.655168149 0.379196083
33414.230516001 1.055677960 -1.108312217 0.028357052 0.266793100 -0.589852731 -0.664101806 0.373983941
33414.270386574 1.054777835 -1.130785913 0.018275538 0.259017594 -0.588273776 -0.674911338 0.362406591
33414.310513762 1.053392018 -1.154411264 0.008859495 0.252026148 -0.591144447 -0.684769390 0.343688733
33414.350400324 1.050281250 -1.178808522 0.001028347 0.239831153 -0.599299288 -0.689755852 0.327960737
33414.390389855 1.044139051 -1.201792678 -0.004636849 0.216914872 -0.608972749 -0.696492878 0.311444699
33414.430415845 1.038792594 -1.224449699 -0.011036963 0.189185028 -0.618839554 -0.707420534 0.284258368
33414.470421366 1.033496435 -1.244145029 -0.017812410 0.162409664 -0.633285946 -0.716237921 0.244080423
33414.510434387 1.034842961 -1.265700196 -0.027613468 0.143968268 -0.647154533 -0.718453814 0.210447774
33414.550451314 1.043836391 -1.285421125 -0.040285543 0.139153790 -0.645858924 -0.721266497 0.208031520
33414.590429387 1.059903077 -1.305760103 -0.055530012 0.153608915 -0.626842956 -0.721218310 0.251627419
33414.630435949 1.080544405 -1.318379382 -0.071445479 0.171769295 -0.591665712 -0.721125044 0.316868530
33414.670393710 1.104028378 -1.325595785 -0.087823102 0.195759627 -0.546219346 -0.718368317 0.383757157
33414.710407303 1.125598920 -1.324582686 -0.104661696 0.218007719 -0.507697715 -0.710515446 0.435756200
33414.750405324 1.149040241 -1.324226750 -0.121207671 0.236864026 -0.474774778 -0.712874750 0.458578167
33414.790393605 1.169041971 -1.321864476 -0.137977225 0.257687920 -0.448591636 -0.720835699 0.461257384
33414.830404647 1.192123946 -1.324787786 -0.152013814 0.284840974 -0.426065526 -0.725379767 0.459519292
33414.870516678 1.213053597 -1.334130296 -0.162566034 0.308411774 -0.404674768 -0.729347425 0.457354176
33414.910434282 1.228081746 -1.348441469 -0.169496190 0.320051218 -0.394176485 -0.732551214 0.453388172
33414.950446522 1.238148795 -1.372067410 -0.172907018 0.322089686 -0.394176785 -0.735897585 0.446472441
33414.990460584 1.243080946 -1.403424252 -0.174425542 0.315871535 -0.398594351 -0.742703826 0.435590109
33415.030469334 1.243222617 -1.443630905 -0.176233954 0.301844132 -0.411483597 -0.750910654 0.419171278
33415.070437876 1.236230735 -1.486852192 -0.176989118 0.284905000 -0.433761980 -0.760950594 0.389401950
33415.110432355 1.219949460 -1.529778596 -0.175447675 0.261353353 -0.459350047 -0.778248793 0.339147128
33415.150406001 1.195610511 -1.576672683 -0.172457574 0.226118479 -0.491093745 -0.795313709 0.274177811
33415.190432095 1.163731205 -1.621587793 -0.167360948 0.180188064 -0.523796920 -0.807600452 0.202362445
33415.230416001 1.126561515 -1.660637727 -0.159551847 0.128525598 -0.548218418 -0.816903710 0.124924240
33415.270424438 1.084859584 -1.695857298 -0.150012195 0.068322581 -0.572816105 -0.815488437 0.046822464
33415.310468761 1.037795553 -1.722781193 -0.138468067 0.003565780 0.595377236 0.802746793 0.033328948
33415.350404803 0.992043352 -1.742350146 -0.127131013 0.067096223 0.607069911 0.784236847 0.109255606
33415.390409751 0.947416502 -1.757488338 -0.115282845 0.119336896 0.615294947 0.759835106 0.172688866
33415.430481105 0.903472452 -1.766642169 -0.101903271 0.173214596 0.615646320 0.734478179 0.226976026
33415.470419386 0.860790930 -1.773149257 -0.088150782 0.221481128 0.612181606 0.711513816 0.264438803
33415.510461730 0.819246101 -1.777850557 -0.075080159 0.266252467 0.606295174 0.690860539 0.290219746
33415.550457615 0.779852058 -1.780166591 -0.063302973 0.309112243 0.595729592 0.672568631 0.311780869
33415.590451001 0.742692923 -1.783618915 -0.053556593 0.348075511 0.585382368 0.653730737 0.329859129
33415.630470897 0.706499381 -1.787455238 -0.045591922 0.386090065 0.570650776 0.634867891 0.349621102
33415.670456990 0.670583728 -1.795486938 -0.038553157 0.413524447 0.561122856 0.619758370 0.360608146
33415.710459699 0.634708860 -1.809371163 -0.031896757 0.429649712 0.555280496 0.612003461 0.364028102
33415.750463761 0.598418268 -1.831121101 -0.025830498 0.433175666 0.548448876 0.621592290 0.353815909
33415.790435063 0.560509521 -1.855265271 -0.017155388 0.429295886 0.540372835 0.647555474 0.323069885
33415.830507824 0.525659038 -1.886631542 -0.008253979 0.416035224 0.529679624 0.681117408 0.287111936
33415.870459022 0.495046434 -1.926180949 -0.001256365 0.393539331 0.526497513 0.708306468 0.257350173
33415.910431261 0.467402334 -1.974625244 0.003637018 0.366663486 0.534912430 0.724302071 0.234121957
33415.950437355 0.445092387 -2.028288515 0.008146870 0.335678101 0.549457492 0.735004173 0.212568912
33415.990412407 0.428086879 -2.085841238 0.011252595 0.300404267 0.564261403 0.745468659 0.188793074
33416.030407146 0.417905430 -2.145095684 0.014775656 0.264973216 0.575668612 0.756793920 0.160180541
33416.070418449 0.409930232 -2.204826592 0.018662085 0.234494912 0.584073051 0.766237397 0.129425881
33416.110538709 0.404452384 -2.263357393 0.021122796 0.209988796 0.593277577 0.770201069 0.103521669
33416.150422615 0.398985780 -2.320804796 0.024219937 0.190728607 0.605540494 0.767758061 0.086549801
33416.190205636 0.391491580 -2.375889677 0.027942782 0.181232653 0.621686786 0.757813687 0.079866645
33416.230086469 0.384110375 -2.427036444 0.031069514 0.183667633 0.641551046 0.739676473 0.086931991
33416.269957198 0.380594289 -2.471230646 0.030075708 0.200028420 0.661368063 0.712669776 0.121172223
33416.309788917 0.377599444 -2.513462010 0.023841092 0.212247299 0.680656078 0.681276592 0.165893318
33416.349688813 0.368579947 -2.558168351 0.020618974 0.211880732 0.695220793 0.657530621 0.198565068
33416.389588917 0.360190291 -2.601897923 0.016788188 0.204288597 0.698554686 0.654105214 0.205994879
33416.429509855 0.346989187 -2.644973354 0.014478315 0.195309164 0.691459284 0.668663102 0.191384548
33416.469485740 0.335473906 -2.687187816 0.018424731 0.190359275 0.682689782 0.685607699 0.166253095
33416.509506834 0.323973929 -2.730116467 0.019520124 0.179354712 0.678726717 0.697346217 0.144465167
33416.549764490 0.316526893 -2.772198099 0.019159436 0.161270909 0.677841397 0.704244753 0.136242661
33416.589822563 0.309641151 -2.812899986 0.019530242 0.145595327 0.677792178 0.708152584 0.133864414
33416.629811365 0.302549553 -2.851234362 0.018361782 0.137657545 0.677969098 0.709767588 0.132809158
33416.669811417 0.295536065 -2.888413675 0.018010076 0.128965810 0.677744289 0.712375264 0.128654506
33416.709816365 0.289753000 -2.924272117 0.019742603 0.122406532 0.678875909 0.713435611 0.123100651
33416.749816834 0.284049479 -2.959497071 0.022756025 0.121400843 0.681296009 0.712762733 0.114310407
33416.789996625 0.278907260 -2.996413295 0.027456866 0.115658927 0.682257669 0.715081252 0.099026706
33416.830069855 0.274864671 -3.035400662 0.031373333 0.106170103 0.681677290 0.719739641 0.077581123
33416.870148188 0.272095011 -3.078004581 0.035946605 0.095690320 0.681648910 0.723893753 0.046647182
33416.910194386 0.271559093 -3.126467817 0.040110432 0.078808455 0.681280513 0.727706948 0.009417426
33416.950336052 0.276371953 -3.179833404 0.043216010 -0.052937771 -0.679666849 -0.730883911 0.032546518
33416.990435792 0.285854698 -3.232334590 0.046036522 -0.025611219 -0.677691234 -0.731684458 0.068676853
33417.030436104 0.300246925 -3.277886350 0.048342425 -0.007011864 -0.676628345 -0.730914787 0.088817178
33417.070528813 0.317747716 -3.321157096 0.051445941 0.010391444 -0.679385279 -0.726029044 0.105874868
33417.110317771 0.338716604 -3.358830007 0.055430016 0.028110999 -0.682717353 -0.719459852 0.124435963
33417.150255115 0.361670572 -3.399290980 0.059140729 0.045974854 -0.683542111 -0.713485208 0.146953576
33417.189970167 0.388435687 -3.437497347 0.062618740 0.066914206 -0.681383219 -0.707384915 0.175630239
33417.229738552 0.419246753 -3.472800564 0.063548346 0.090258211 -0.675792279 -0.702560156 0.203881041
33417.269482823 0.450581273 -3.511800638 0.061531147 0.111742304 -0.671757843 -0.696723120 0.225459426
33417.309655740 0.485249375 -3.549569970 0.059499462 0.136539961 -0.667019533 -0.688882511 0.248762273
33417.349471156 0.519733250 -3.587932536 0.056954154 0.158691369 -0.659785138 -0.682768797 0.270790309
33417.389338083 0.555588246 -3.620153996 0.055467832 0.178290817 -0.650808979 -0.673981805 0.300680201
33417.429021886 0.590706096 -3.655525329 0.054680151 0.193312329 -0.640473903 -0.662467981 0.336986197
33417.468884229 0.625033413 -3.690530920 0.053809240 0.202442079 -0.627092740 -0.651219969 0.376409952
33417.508767719 0.658716921 -3.723221974 0.052709311 0.209101949 -0.610802283 -0.641274622 0.414685187
33417.548718761 0.693197375 -3.750588467 0.048930638 0.223413947 -0.587235769 -0.636254011 0.447684256
33417.589083396 0.728218044 -3.780695156 0.044651947 0.236477699 -0.570684507 -0.630834921 0.469515487
33417.629059125 0.764593179 -3.806224851 0.040430148 0.252361952 -0.558636970 -0.620995817 0.488469423
33417.669112563 0.801735438 -3.829619171 0.036372734 0.271970553 -0.543083998 -0.610612813 0.508176920
33417.708891260 0.835837123 -3.846842251 0.033292672 0.281787115 -0.530720963 -0.606538075 0.520617754
33417.748782354 0.870395685 -3.866830644 0.031026771 0.292659141 -0.525816310 -0.600480607 0.526584159
33417.788760583 0.906603708 -3.887709943 0.028255338 0.309614976 -0.523853176 -0.594929713 0.525142889
33417.828572302 0.942100327 -3.904972490 0.025307283 0.324351165 -0.524514119 -0.591665931 0.519242415
33417.868395427 0.977450177 -3.923866147 0.022594795 0.336009764 -0.530176683 -0.586549826 0.511829488
33417.908194750 1.009396940 -3.939575771 0.020508724 0.338982563 -0.539820362 -0.590464758 0.495011281
33417.948389906 1.037119269 -3.954892956 0.018909212 0.330279847 -0.558684879 -0.601856899 0.465354383
33417.988018760 1.064717685 -3.969189135 0.017924190 0.329486457 -0.578541882 -0.600435042 0.442951154
33418.027929542 1.091311500 -3.981591434 0.016498954 0.331150995 -0.596455291 -0.598419992 0.420087630
33418.067999854 1.114276539 -3.990690637 0.014116130 0.328438080 -0.606888633 -0.606759402 0.394534716
33418.107789906 1.138731131 -3.996529075 0.011164955 0.342358420 -0.602700113 -0.609674629 0.384499847
33418.147562354 1.162653164 -4.000720557 0.009937161 0.354636916 -0.597628146 -0.610746595 0.379554809
33418.187782719 1.187103634 -4.006358793 0.011866157 0.363574577 -0.592369103 -0.605251652 0.388050011
33418.227814646 1.212550760 -4.012560707 0.014700935 0.373477417 -0.580967259 -0.596190848 0.409326442
33418.267609021 1.239191030 -4.020036121 0.017689336 0.382004356 -0.570023022 -0.583698987 0.434098975
33418.307358291 1.271126928 -4.028375405 0.021090592 0.396481455 -0.558598169 -0.560159773 0.465823540
33418.347185062 1.308512121 -4.037414228 0.023250658 0.416242727 -0.538566193 -0.525141534 0.510798216
33418.387404646 1.349735252 -4.046913794 0.022798349 0.432878140 -0.510690776 -0.488426980 0.559687888
33418.427277146 1.391136302 -4.053518441 0.018128845 0.443451165 -0.482896738 -0.456739354 0.601291084
33418.467114333 1.430209238 -4.058515025 0.009592357 0.447051667 -0.463561449 -0.439661411 0.626061845
33418.507007666 1.466901680 -4.065247765 -0.000733330 0.443458912 -0.456241696 -0.437411599 0.635498860
33418.546941312 1.503664167 -4.073580824 -0.010289015 0.437579709 -0.452998666 -0.434957140 0.643528160
33418.587147666 1.539668849 -4.080866413 -0.017813627 0.433016217 -0.441169698 -0.427359839 0.659719502
33418.626946364 1.573527547 -4.087679391 -0.023940635 0.428663064 -0.430063071 -0.425373279 0.671082190
33418.666850270 1.608956985 -4.094223517 -0.027633701 0.428661101 -0.428509745 -0.423114316 0.673500805
33418.706705062 1.645144725 -4.097844860 -0.029505879 0.436541424 -0.421802235 -0.417194662 0.676360165
33418.746574073 1.681273781 -4.098828442 -0.029118452 0.446376559 -0.408067525 -0.404905632 0.685769854
33418.786893395 1.720371390 -4.101090752 -0.027617613 0.450304637 -0.395839753 -0.381479756 0.703569342
33418.826759698 1.756649360 -4.102987526 -0.025167925 0.447869784 -0.382141504 -0.358247223 0.724596063
33418.866674750 1.791612361 -4.103721064 -0.024694237 0.449988537 -0.361966642 -0.338242487 0.743022534
33418.906544072 1.828545125 -4.103424858 -0.025776130 0.460743129 -0.339179927 -0.318247219 0.755904394
33418.946487718 1.866433817 -4.103443663 -0.027937211 0.469718556 -0.317421392 -0.297026416 0.768364136
33418.986407979 1.904323948 -4.103498076 -0.030577780 0.473159888 -0.297810800 -0.269885508 0.783958073
33419.026803656 1.940867006 -4.099579926 -0.032575399 0.478951071 -0.278194977 -0.238133777 0.797813093
33419.066741416 1.978248743 -4.095734817 -0.035053513 0.486683430 -0.263084243 -0.211172676 0.805811405
33419.106731937 2.013810261 -4.091575217 -0.038075470 0.492342513 -0.248380494 -0.190591443 0.812145850
33419.146755010 2.046069769 -4.086728262 -0.041771803 0.496550361 -0.226731636 -0.180893415 0.818112508
33419.186689177 2.077980647 -4.081432534 -0.043671226 0.502898831 -0.208427502 -0.180003354 0.819298197
33419.226686729 2.114706781 -4.075658582 -0.041511863 0.515178480 -0.204746638 -0.169857425 0.814750516
33419.266661260 2.148955675 -4.069781421 -0.038339504 0.520754344 -0.199289548 -0.156674786 0.815200344
33419.306638968 2.180170669 -4.063994825 -0.035832383 0.520729978 -0.186794540 -0.142688275 0.820724160
33419.346600479 2.212107454 -4.058748993 -0.034551659 0.522671799 -0.178721414 -0.130445049 0.823320676
33419.386616729 2.244828647 -4.055127562 -0.035680190 0.524630808 -0.175316058 -0.126488684 0.823424197
33419.426563708 2.278556479 -4.052008904 -0.039537498 0.525931366 -0.168301884 -0.123671549 0.824485307
33419.466655374 2.314832328 -4.049946151 -0.044763197 0.524861354 -0.165257954 -0.121106261 0.826161994
33419.506663708 2.355230357 -4.049283330 -0.050941819 0.520267548 -0.163288456 -0.121173466 0.829442915
33419.546688812 2.395411957 -4.048276191 -0.057838637 0.515937474 -0.159521791 -0.126787274 0.832037444
33419.586662458 2.438582938 -4.047022781 -0.063775665 0.513754675 -0.159826347 -0.136044417 0.831867531
